v 0.028383 0.003985 0.35
v 0.029885 -0.018869 0.35
v 0.031641 -0.027478 0.35
newmtl 1
Ka 0.11764705882352941 0.11764705882352941 0.17647058823529413
Kd 0.11764705882352941 0.11764705882352941 0.17647058823529413
Ks 0.058823529411764705 0.058823529411764705 0.08627450980392157
d 0.0
endmtl
v -0.061834 -0.35 0.35
v 0.013352 -0.35 0.35
v 0.013352 -0.054363 0.35
v 0.166451 0.08751 0.35
v 0.166403 0.087764 0.35
v 0.157127 0.087764 0.35
v 0.174995 -0.05016 0.35
v 0.174798 -0.051779 0.35
v 0.215108 -0.048018 0.35
v -0.252248 -0.051886 0.35
v -0.252292 -0.051779 0.35
v -0.35 -0.051779 0.35
v -0.112892 -0.054475 0.35
v -0.112982 -0.054363 0.35
v -0.128681 -0.054363 0.35
v 0.167098 0.091363 0.35
v 0.167366 0.091458 0.35
v 0.157127 0.35 0.35
v 0.166663 0.09117 0.35
v 0.25 0.3 0.35
v 0.251704 0.312941 0.35
v 0.256699 0.325 0.35
v 0.264645 0.335355 0.35
v 0.227334 0.091355 0.35
v 0.227388 0.091227 0.35
v 0.287059 0.251704 0.35
v 0.227406 0.09117 0.35
v 0.289458 0.251388 0.35
v 0.167523 0.091469 0.35
v 0.167682 0.091442 0.35
v 0.275 0.256699 0.35
v 0.275 0.343301 0.35
v 0.287059 0.348296 0.35
v 0.289458 0.35 0.35
v 0.289458 0.348612 0.35
v 0.3 0.35 0.35
v 0.16783 0.091377 0.35
v 0.167936 0.091306 0.35
v 0.168081 0.09117 0.35
v 0.264645 0.264645 0.35
v 0.256699 0.275 0.35
v 0.251704 0.287059 0.35
v 0.227244 0.091438 0.35
v 0.22727 0.091425 0.35
v 0.227299 0.091401 0.35
v 0.226911 0.091376 0.35
v 0.227048 0.091432 0.35
v 0.227149 0.091451 0.35
v 0.227203 0.091449 0.35
v 0.226659 0.09117 0.35
v 0.226755 0.091268 0.35
v 0.312941 0.251704 0.35
v 0.3 0.25 0.35
v 0.289458 0.09117 0.35
v 0.343301 0.275 0.35
v 0.35 0.09117 0.35
v 0.348296 0.287059 0.35
v 0.35 0.3 0.35
v 0.335355 0.264645 0.35
v 0.325 0.256699 0.35
v -0.069934 -0.051779 0.35
v -0.069934 -0.052973 0.35
v -0.061834 -0.054363 0.35
v -0.073194 -0.052973 0.35
v -0.113755 0.063115 0.35
v -0.113755 -0.027083 0.35
v -0.073611 -0.051779 0.35
v -0.113388 -0.038364 0.35
v -0.111805 -0.049521 0.35
v -0.111156 -0.051779 0.35
v -0.069934 0.051449 0.35
v -0.067232 0.072302 0.35
v -0.069924 0.05383 0.35
v -0.068631 0.066556 0.35
v -0.067208 0.074917 0.35
v -0.067052 0.073679 0.35
v -0.061834 0.087764 0.35
v -0.061834 -0.051779 0.35
v -0.071452 0.087024 0.35
v -0.071244 0.086416 0.35
v -0.067792 0.076699 0.35
v -0.119572 0.087764 0.35
v -0.119572 0.08942 0.35
v -0.128681 0.09117 0.35
v -0.116343 0.08942 0.35
v -0.073574 0.090665 0.35
v -0.073206 0.090369 0.35
v -0.061834 0.09117 0.35
v -0.072603 0.089558 0.35
v -0.071789 0.087764 0.35
v -0.115763 0.087764 0.35
v -0.074969 0.087764 0.35
v -0.07489 0.088678 0.35
v -0.074586 0.090388 0.35
v -0.074479 0.090621 0.35
v -0.074391 0.090743 0.35
v -0.074323 0.090802 0.35
v -0.074256 0.090837 0.35
v -0.074179 0.090857 0.35
v -0.074063 0.090858 0.35
v -0.073881 0.090816 0.35
v -0.075783 -0.02622 0.35
v -0.075783 0.071937 0.35
v -0.075449 0.082182 0.35
v -0.115075 -0.051779 0.35
v -0.122161 -0.043032 0.35
v -0.128681 -0.051779 0.35
v -0.1201 -0.035303 0.35
v -0.119572 -0.027307 0.35
v -0.110942 -0.052525 0.35
v -0.11278 -0.054363 0.35
v -0.252461 0.074274 0.35
v -0.250001 0.067435 0.35
v -0.237508 0.087764 0.35
v -0.248339 0.052792 0.35
v -0.263014 0.076198 0.35
v -0.264937 0.077424 0.35
v -0.283973 0.007801 0.35
v -0.268738 0.078928 0.35
v -0.259791 -0.044119 0.35
v -0.255892 -0.045429 0.35
v -0.258505 -0.043862 0.35
v -0.257202 -0.043703 0.35
v -0.256115 0.007884 0.35
v -0.261327 0.0019 0.35
v -0.256755 -0.035937 0.35
v -0.265133 -7.56E-4 0.35
v -0.28687 6.58E-4 0.35
v -0.29252 0.006701 0.35
v -0.247136 0.017427 0.35
v -0.247073 0.01718 0.35
v -0.248572 0.046047 0.35
v -0.292171 0.061893 0.35
v -0.294301 0.045704 0.35
v -0.274238 0.079512 0.35
v -0.253689 -0.048433 0.35
v -0.255015 -0.046379 0.35
v -0.287183 -0.048881 0.35
v -0.288482 -0.049398 0.35
v -0.285048 0.084982 0.35
v -0.281977 0.086395 0.35
v -0.35 0.087764 0.35
v -0.252835 0.058633 0.35
v -0.250938 0.046047 0.35
v -0.25597 0.024737 0.35
v -0.248349 0.052088 0.35
v -0.237508 -0.051779 0.35
v -0.248125 0.01498 0.35
v -0.250522 0.011752 0.35
v -0.250938 -0.011325 0.35
v -0.289943 0.068507 0.35
v -0.294311 0.039367 0.35
v -0.292593 0.024709 0.35
v -0.289623 0.015602 0.35
v -0.26433 -0.044343 0.35
v -0.272736 -0.045621 0.35
v -0.279864 -0.046484 0.35
v -0.298614 -0.043942 0.35
v -0.298732 -0.043541 0.35
v -0.29901 0.057947 0.35
v -0.29583 0.070779 0.35
v -0.251161 -0.027946 0.35
v -0.256157 0.067976 0.35
v -0.259504 0.072838 0.35
v -0.280963 0.078353 0.35
v -0.283294 0.076921 0.35
v -0.286976 0.073188 0.35
v -0.273683 0.079493 0.35
v -0.287015 0.011023 0.35
v -0.281944 -0.046894 0.35
v -0.283955 -0.047571 0.35
v -0.264681 0.085983 0.35
v -0.260993 0.084057 0.35
v -0.256683 0.080364 0.35
v -0.256284 0.022634 0.35
v -0.256196 0.023393 0.35
v -0.25613 0.023815 0.35
v -0.25586 0.024815 0.35
v -0.255791 0.024815 0.35
v -0.298375 -0.044412 0.35
v -0.256069 0.024165 0.35
v -0.255993 0.024675 0.35
v -0.255951 0.024767 0.35
v -0.255928 0.02479 0.35
v -0.2559 0.024804 0.35
v -0.247948 0.018514 0.35
v -0.247541 0.018063 0.35
v -0.247277 0.017702 0.35
v -0.247076 0.016968 0.35
v -0.247156 0.016659 0.35
v -0.247678 0.015671 0.35
v -0.251159 -0.036147 0.35
v -0.250938 -0.044343 0.35
v -0.250075 -0.051023 0.35
v -0.278269 0.079216 0.35
v -0.289772 -0.049936 0.35
v -0.291722 -0.051247 0.35
v -0.297986 -0.044982 0.35
v -0.298757 -0.04321 0.35
v -0.298693 -0.04286 0.35
v -0.298584 -0.042547 0.35
v -0.28399 -0.001321 0.35
v -0.300128 0.042819 0.35
v -0.292004 0.077894 0.35
v -0.288115 0.082612 0.35
v -0.262574 0.01025 0.35
v -0.259706 0.013556 0.35
v -0.277913 0.004892 0.35
v -0.298437 -0.042189 0.35
v -0.298298 -0.041967 0.35
v -0.298121 -0.0418 0.35
v -0.297891 -0.041665 0.35
v -0.277795 0.087145 0.35
v -0.275101 0.087279 0.35
v -0.269023 0.087078 0.35
v -0.258289 0.016066 0.35
v -0.256755 0.019103 0.35
v -0.256339 0.021884 0.35
v -0.2969 -0.04153 0.35
v -0.280941 -0.002451 0.35
v -0.296967 -0.041529 0.35
v -0.297606 -0.041573 0.35
v -0.295937 0.013009 0.35
v -0.297662 0.0183 0.35
v -0.299852 0.033779 0.35
v -0.281159 0.006006 0.35
v -0.255607 0.024774 0.35
v -0.255343 0.024652 0.35
v -0.254541 0.024013 0.35
v -0.268956 -0.002337 0.35
v -0.274876 -0.003133 0.35
v -0.27574 -0.003143 0.35
v -0.253111 0.022747 0.35
v -0.248572 0.019103 0.35
v -0.267345 0.006734 0.35
v -0.27574 0.004624 0.35
v -0.271085 0.00519 0.35
v -0.35 -0.054363 0.35
v -0.237508 -0.054363 0.35
v -0.25198 -0.051779 0.35
v -0.020968 0.087764 0.35
v -0.018421 0.087186 0.35
v 0.013352 0.087764 0.35
v -0.013149 0.084318 0.35
v -0.012559 -0.044268 0.35
v -0.016403 -0.047948 0.35
v 0.013352 -0.051779 0.35
v -0.020594 -0.050346 0.35
v 0.003778 -0.004537 0.35
v -1.98E-4 -0.022038 0.35
v -0.003721 -0.030757 0.35
v -0.009232 0.08074 0.35
v -0.004835 0.074165 0.35
v 0.001387 0.05862 0.35
v 0.002881 0.053021 0.35
v 0.00595 0.032836 0.35
v 0.006073 0.015843 0.35
v -0.022629 0.088142 0.35
v 0.013352 0.09117 0.35
v -0.033416 0.084965 0.35
v -0.028319 0.087348 0.35
v -0.026587 0.087764 0.35
v -0.025222 0.088093 0.35
v -0.037724 -0.047273 0.35
v -0.032387 -0.050494 0.35
v -0.028157 -0.051779 0.35
v -0.049205 0.060651 0.35
v -0.042963 0.074085 0.35
v -0.037676 0.081354 0.35
v -0.041949 -0.042981 0.35
v -0.046578 -0.03517 0.35
v -0.05259 -0.017909 0.35
v -0.05625 0.005251 0.35
v -0.05651 0.020605 0.35
v -0.054082 0.042247 0.35
v -0.027807 -0.051886 0.35
v -0.025153 -0.051747 0.35
v -0.025777 -0.051779 0.35
v 0.197209 0.0083 0.35
v 0.180812 -0.029448 0.35
v 0.211464 -0.030087 0.35
v 0.177399 -0.039671 0.35
v 0.214125 -0.038883 0.35
v 0.17598 -0.044648 0.35
v 0.227861 -0.052525 0.35
v 0.289458 -0.054363 0.35
v 0.228104 -0.051779 0.35
v 0.289458 -0.051779 0.35
v 0.228915 -0.049297 0.35
v 0.22786 0.086003 0.35
v 0.227861 0.08469 0.35
v 0.289458 0.087764 0.35
v 0.227413 0.07606 0.35
v 0.227117 0.072394 0.35
v 0.226975 0.071399 0.35
v 0.226757 0.070784 0.35
v 0.226363 0.070196 0.35
v 0.215817 0.051677 0.35
v 0.218487 0.057969 0.35
v 0.222773 0.066073 0.35
v 0.224242 0.067875 0.35
v 0.215331 0.050586 0.35
v 0.200884 0.01629 0.35
v 0.217281 -0.028361 0.35
v 0.22162 -0.03782 0.35
v 0.226998 -0.046708 0.35
v 0.227413 0.091146 0.35
v 0.227582 0.091013 0.35
v 0.227885 0.090123 0.35
v 0.227742 0.090756 0.35
v 0.22767 0.090909 0.35
v 0.227999 0.089308 0.35
v 0.227934 0.087764 0.35
v 0.226164 0.090581 0.35
v 0.226426 0.090903 0.35
v 0.226613 0.091124 0.35
v 0.177288 0.082638 0.35
v 0.178988 0.081039 0.35
v 0.224565 0.087764 0.35
v 0.176081 0.083603 0.35
v 0.168711 0.090577 0.35
v 0.17068 0.088334 0.35
v 0.17133 0.087764 0.35
v 0.179533 0.07411 0.35
v 0.181878 0.064919 0.35
v 0.218368 0.07411 0.35
v 0.183449 0.060636 0.35
v 0.185127 0.055988 0.35
v 0.197656 0.024281 0.35
v 0.179154 0.080764 0.35
v 0.179233 0.0805 0.35
v 0.223546 0.085968 0.35
v 0.179251 0.079968 0.35
v 0.179171 0.077589 0.35
v 0.166216 0.090712 0.35
v 0.166303 0.090879 0.35
v 0.157127 0.09117 0.35
v 0.166432 0.091026 0.35
v 0.166593 0.091139 0.35
v 0.166194 0.088879 0.35
v 0.16613 0.089881 0.35
v 0.166158 0.090473 0.35
v 0.171958 -0.054251 0.35
v 0.171487 -0.051779 0.35
v 0.157127 -0.051779 0.35
v 0.168506 -0.036128 0.35
v 0.173021 -0.030745 0.35
v 0.176388 -0.023585 0.35
v 0.176721 -0.022768 0.35
v 0.194204 0.016706 0.35
v 0.172406 0.071937 0.35
v 0.168091 0.083156 0.35
v 0.167034 0.085695 0.35
v -0.35 -0.35 0.35
v -0.237508 -0.35 0.35
v -0.128681 -0.35 0.35
v 0.289458 -0.35 0.35
v 0.157127 -0.35 0.35
v 0.157127 -0.054363 0.35
v 0.085057 -0.35 0.35
v 0.085057 -0.054363 0.35
v 0.085057 -0.051779 0.35
v 0.174547 -0.053835 0.35
v 0.225751 -0.051779 0.35
v -0.128681 0.087764 0.35
v -0.135201 0.029651 0.35
v -0.227957 0.029651 0.35
v -0.227957 0.038952 0.35
v -0.135201 0.038952 0.35
v 0.025794 -0.05016 0.35
v 0.025794 0.003761 0.35
v 0.039675 -0.047955 0.35
v 0.034952 -0.044114 0.35
v 0.027935 -0.050384 0.35
v 0.032698 -0.041306 0.35
v 0.030109 -0.037215 0.35
v 0.033798 -0.03265 0.35
v 0.051012 0.0083 0.35
v 0.043469 0.011336 0.35
v 0.035444 0.015551 0.35
v 0.030365 0.080012 0.35
v 0.033396 0.082867 0.35
v 0.038235 0.085589 0.35
v 0.085057 0.087764 0.35
v 0.056987 0.085278 0.35
v 0.061862 0.082001 0.35
v 0.073454 0.058437 0.35
v 0.074121 0.051673 0.35
v 0.074984 0.04023 0.35
v 0.071948 0.04023 0.35
v 0.055135 0.01629 0.35
v 0.027951 0.059314 0.35
v 0.027266 0.04865 0.35
v 0.047784 0.079065 0.35
v 0.045834 0.019742 0.35
v 0.069465 0.05571 0.35
v 0.066167 0.065983 0.35
v 0.029734 0.020098 0.35
v 0.026353 0.024367 0.35
v 0.023968 0.029691 0.35
v 0.065953 0.077571 0.35
v 0.069892 0.070836 0.35
v 0.067135 -0.007024 0.35
v 0.065491 -0.002696 0.35
v 0.063163 9.7E-4 0.35
v 0.061742 0.012903 0.35
v 0.06643 0.008948 0.35
v 0.069874 0.004157 0.35
v 0.072914 -0.028683 0.35
v 0.068762 -0.039527 0.35
v 0.065275 -0.044696 0.35
v 0.061295 -0.048326 0.35
v 0.057824 -0.050342 0.35
v 0.05439 -0.051348 0.35
v 0.050373 -0.051662 0.35
v 0.021718 0.041187 0.35
v 0.021239 0.055501 0.35
v 0.049734 -0.043703 0.35
v 0.053987 -0.043115 0.35
v 0.04492 -0.04263 0.35
v 0.056434 -0.041994 0.35
v 0.041366 -0.040771 0.35
v 0.060417 -0.038893 0.35
v 0.037192 -0.037258 0.35
v 0.061931 -0.037259 0.35
v 0.064486 -0.033216 0.35
v 0.060485 0.003568 0.35
v 0.053851 0.007134 0.35
v 0.036913 0.075516 0.35
v 0.033452 0.071876 0.35
v 0.030254 0.066287 0.35
v 0.022342 0.062892 0.35
v 0.025593 0.072471 0.35
v 0.042983 0.086953 0.35
v 0.047368 0.087279 0.35
v 0.052735 0.086819 0.35
v 0.066943 -0.02591 0.35
v 0.067954 -0.013304 0.35
v 0.071924 -4.02E-4 0.35
v 0.073875 -0.009343 0.35
v 0.074121 -0.017143 0.35
v 0.044721 -0.05049 0.35
v 0.027296 0.047773 0.35
v 0.06289 0.071435 0.35
v 0.059065 0.075444 0.35
v 0.028355 0.039125 0.35
v 0.030018 0.033482 0.35
v 0.032903 0.028713 0.35
v 0.036507 0.024976 0.35
v 0.043039 0.020963 0.35
v 0.039905 0.077442 0.35
v 0.055836 0.077546 0.35
v 0.051985 0.078793 0.35
v 0.043324 0.078601 0.35
v 0.108253 0.012846 0.35
v 0.105111 0.00403 0.35
v 0.143224 -0.002919 0.35
v 0.103463 -0.006614 0.35
v 0.14284 -0.009402 0.35
v 0.148112 0.073845 0.35
v 0.147959 0.081934 0.35
v 0.147616 0.083678 0.35
v 0.134165 -0.035525 0.35
v 0.137237 -0.03123 0.35
v 0.140139 -0.024292 0.35
v 0.143416 0.004208 0.35
v 0.116663 0.021244 0.35
v 0.110502 0.016192 0.35
v 0.134582 -0.046309 0.35
v 0.131576 -0.048214 0.35
v 0.095709 0.083677 0.35
v 0.095902 0.083854 0.35
v 0.131961 -0.037672 0.35
v 0.104805 -0.022544 0.35
v 0.108102 -0.032107 0.35
v 0.147539 0.065704 0.35
v 0.144261 0.05034 0.35
v 0.146676 0.004208 0.35
v 0.140289 0.042149 0.35
v 0.137936 0.038671 0.35
v 0.131015 0.031171 0.35
v 0.125517 0.02687 0.35
v 0.095312 0.077978 0.35
v 0.095215 0.079669 0.35
v 0.095213 0.082448 0.35
v 0.095409 0.083092 0.35
v 0.095557 0.083447 0.35
v 0.141606 0.06645 0.35
v 0.14169 0.068293 0.35
v 0.100266 0.068293 0.35
v 0.146676 -0.015864 0.35
v 0.144949 -0.028395 0.35
v 0.126835 -0.049701 0.35
v 0.121841 -0.050384 0.35
v 0.116291 -0.049315 0.35
v 0.111875 -0.047156 0.35
v 0.096399 0.049499 0.35
v 0.095183 0.080921 0.35
v 0.095152 0.081802 0.35
v 0.146046 0.085429 0.35
v 0.146456 0.085242 0.35
v 0.097475 -0.011307 0.35
v 0.097901 9.8E-4 0.35
v 0.146828 0.084954 0.35
v 0.147262 0.084425 0.35
v 0.110392 -0.036065 0.35
v 0.112338 -0.038237 0.35
v 0.11495 -0.039957 0.35
v 0.117875 -0.041033 0.35
v 0.121426 -0.04153 0.35
v 0.128266 -0.040099 0.35
v 0.125036 -0.041254 0.35
v 0.141657 -0.03683 0.35
v 0.137645 -0.043143 0.35
v 0.107875 -0.04395 0.35
v 0.107755 -0.043832 0.35
v 0.10418 -0.039221 0.35
v 0.100565 -0.031218 0.35
v 0.099475 -0.027411 0.35
v 0.099403 0.049499 0.35
v 0.10133 0.013782 0.35
v 0.104355 0.019741 0.35
v 0.147086 -0.005829 0.35
v 0.096235 0.084036 0.35
v 0.096814 0.084197 0.35
v 0.099465 0.084443 0.35
v 0.108505 0.024481 0.35
v 0.112572 0.027733 0.35
v 0.123152 0.034413 0.35
v 0.131003 0.040518 0.35
v 0.101699 0.07548 0.35
v 0.101422 0.075108 0.35
v 0.101248 0.074687 0.35
v 0.134942 0.045463 0.35
v 0.139194 0.054822 0.35
v 0.102016 0.075743 0.35
v 0.101801 0.084466 0.35
v 0.144726 0.085553 0.35
v 0.145529 0.08553 0.35
v 0.142137 0.077339 0.35
v 0.103527 0.07606 0.35
v 0.100877 0.072786 0.35
v 0.102854 0.076019 0.35
v 0.102365 0.075911 0.35
v -0.237508 0.09117 0.35
v -0.35 0.09117 0.35
v 0.085057 0.09117 0.35
v 0.35 0.087764 0.35
v 0.35 -0.051779 0.35
v 0.35 -0.054363 0.35
v 0.35 -0.35 0.35
v 0.085057 0.35 0.35
v 0.013352 0.35 0.35
v -0.061834 0.35 0.35
v -0.128681 0.35 0.35
v -0.237508 0.35 0.35
v -0.35 0.35 0.35
v 0.4 0.18 0.164
v 0.4 0.28 0.164
v 0.4 0.35 0.3
v 0.4 0.35 0.04
v 0.4 0.05 0.164
v 0.4 0.05 0.114
v 0.4 0.18 0.114
v 0.4 0.28 0.114
v 0.4 -0.35 0.04
v 0.4 -0.05 0.114
v 0.4 -0.18 0.164
v 0.4 -0.35 0.3
v 0.4 -0.05 0.164
v 0.4 -0.18 0.114
v 0.4 -0.28 0.114
v 0.4 -0.28 0.164
v -0.13 0.4 0.164
v -0.35 0.4 0.164
v -0.35 0.4 0.3
v 0.35 0.4 0.3
v 0.13 0.4 0.164
v 0.35 0.4 0.164
v -0.13 0.4 0.04
v -0.05 0.4 0.164
v 0.05 0.4 0.164
v 0.05 0.4 0.114
v 0.13 0.4 0.04
v -0.05 0.4 0.114
v 0.208284 0.201716 0.0
v 0.23 0.18 0.0
v 0.208284 0.201716 0.04
newmtl 2
Ka 0.5372549019607843 0.34901960784313724 0.33725490196078434
Kd 0.5372549019607843 0.34901960784313724 0.33725490196078434
Ks 0.3764705882352941 0.24313725490196078 0.23529411764705882
d 0.0
endmtl
v 0.23 0.18 0.04
v -0.23 -0.18 0.04
v -0.176777 0.0 0.04
v -0.13 -0.28 0.04
v -0.0 -0.176777 0.04
v -0.13 -0.4 0.04
v -0.35 -0.4 0.04
v -0.362941 -0.398296 0.04
v -0.35 -0.18 0.04
v -0.375 -0.393301 0.04
v -0.385355 -0.385355 0.04
v -0.393301 -0.375 0.04
v -0.398296 -0.362941 0.04
v -0.13 0.28 0.04
v 0.0 0.176777 0.04
v -0.23 0.18 0.04
v -0.35 0.18 0.04
v -0.393301 0.375 0.04
v -0.385355 0.385355 0.04
v 0.176777 -0.0 0.04
v 0.398296 0.362941 0.04
v 0.35 0.4 0.04
v 0.362941 0.398296 0.04
v 0.35 0.18 0.04
v -0.375 0.393301 0.04
v -0.362941 0.398296 0.04
v -0.35 0.4 0.04
v 0.214641 0.21 0.04
v 0.151716 0.258284 0.04
v 0.13 0.28 0.04
v -0.4 -0.35 0.04
v -0.4 0.35 0.04
v -0.398296 0.362941 0.04
v 0.13 -0.4 0.04
v 0.13 -0.28 0.04
v 0.23 -0.18 0.04
v 0.35 -0.18 0.04
v 0.375 0.393301 0.04
v 0.385355 0.385355 0.04
v 0.393301 0.375 0.04
v 0.208284 0.258284 0.04
v 0.16 0.264641 0.04
v 0.169647 0.268637 0.04
v 0.18 0.27 0.04
v 0.190353 0.268637 0.04
v 0.2 0.264641 0.04
v 0.214641 0.25 0.04
v 0.218637 0.240353 0.04
v 0.393301 -0.375 0.04
v 0.385355 -0.385355 0.04
v 0.22 0.23 0.04
v 0.218637 0.219647 0.04
v 0.398296 -0.362941 0.04
v 0.375 -0.393301 0.04
v 0.362941 -0.398296 0.04
v 0.35 -0.4 0.04
v 0.312941 0.348296 0.35
v 0.35 0.35 0.35
v 0.325 0.343301 0.35
v 0.335355 0.335355 0.35
v 0.343301 0.325 0.35
v 0.348296 0.312941 0.35
v -0.4 0.18 0.164
v -0.4 -0.35 0.3
v -0.4 0.35 0.3
v -0.4 -0.05 0.114
v -0.4 0.05 0.114
v -0.4 -0.05 0.164
v -0.4 0.05 0.164
v -0.4 0.18 0.114
v -0.4 0.28 0.114
v -0.4 0.28 0.164
v -0.4 -0.18 0.114
v -0.4 -0.18 0.164
v -0.4 -0.28 0.164
v -0.4 -0.28 0.114
v -0.05 -0.4 0.164
v 0.05 -0.4 0.164
v 0.35 -0.4 0.3
v -0.35 -0.4 0.3
v -0.35 -0.4 0.164
v -0.13 -0.4 0.164
v 0.35 -0.4 0.164
v 0.13 -0.4 0.164
v 0.05 -0.4 0.114
v -0.05 -0.4 0.114
v 0.180812 -0.029448 0.34
v 0.177399 -0.039671 0.34
newmtl 3
Ka 1.0 0.9490196078431372 0.8980392156862745
Kd 1.0 0.9490196078431372 0.8980392156862745
Ks 0.011764705882352941 0.00784313725490196 0.00784313725490196
d 0.0
endmtl
v 0.17598 -0.044648 0.34
v 0.174995 -0.05016 0.34
v 0.174547 -0.053835 0.34
v 0.17489 -0.051023 0.35
v 0.171958 -0.054251 0.34
v 0.168506 -0.036128 0.34
v 0.171343 -0.051023 0.35
v 0.173021 -0.030745 0.34
v 0.176388 -0.023585 0.34
v 0.176721 -0.022768 0.34
v 0.194204 0.016706 0.34
v 0.182213 -0.010367 0.35
v 0.172406 0.071937 0.34
v 0.168091 0.083156 0.34
v 0.167034 0.085695 0.34
v 0.166451 0.08751 0.34
v 0.166194 0.088879 0.34
v 0.16613 0.089881 0.34
v 0.166158 0.090473 0.34
v 0.166216 0.090712 0.34
v 0.166303 0.090879 0.34
v 0.166432 0.091026 0.34
v 0.166593 0.091139 0.34
v 0.167098 0.091363 0.34
v 0.167366 0.091458 0.34
v 0.167523 0.091469 0.34
v 0.167682 0.091442 0.34
v 0.16783 0.091377 0.34
v 0.167936 0.091306 0.34
v 0.168711 0.090577 0.34
v 0.17068 0.088334 0.34
v 0.176081 0.083603 0.34
v 0.177288 0.082638 0.34
v 0.178988 0.081039 0.34
v 0.179154 0.080764 0.34
v 0.179233 0.0805 0.34
v 0.179251 0.079968 0.34
v 0.179171 0.077589 0.34
v 0.179533 0.07411 0.34
v 0.181878 0.064919 0.34
v 0.183449 0.060636 0.34
v 0.185127 0.055988 0.34
v 0.197656 0.024281 0.34
v 0.218368 0.07411 0.34
v 0.223546 0.085968 0.34
v 0.226164 0.090581 0.34
v 0.226426 0.090903 0.34
v 0.226613 0.091124 0.34
v 0.226755 0.091268 0.34
v 0.226911 0.091376 0.34
v 0.227048 0.091432 0.34
v 0.227149 0.091451 0.34
v 0.227203 0.091449 0.34
v 0.227244 0.091438 0.34
v 0.22727 0.091425 0.34
v 0.227299 0.091401 0.34
v 0.227334 0.091355 0.34
v 0.227388 0.091227 0.34
v 0.227413 0.091146 0.34
v 0.227582 0.091013 0.34
v 0.22767 0.090909 0.34
v 0.227742 0.090756 0.34
v 0.227885 0.090123 0.34
v 0.227999 0.089308 0.34
v 0.22786 0.086003 0.34
v 0.227861 0.08469 0.34
v 0.227413 0.07606 0.34
v 0.227117 0.072394 0.34
v 0.226975 0.071399 0.34
v 0.226757 0.070784 0.34
v 0.226363 0.070196 0.34
v 0.224242 0.067875 0.34
v 0.222773 0.066073 0.34
v 0.218487 0.057969 0.34
v 0.215817 0.051677 0.34
v 0.215331 0.050586 0.34
v 0.200884 0.01629 0.34
v 0.210673 -0.010367 0.35
v 0.217281 -0.028361 0.34
v 0.22162 -0.03782 0.34
v 0.226998 -0.046708 0.34
v 0.228915 -0.049297 0.34
v 0.228351 -0.051023 0.35
v 0.227861 -0.052525 0.34
v 0.215108 -0.048018 0.34
v 0.22361 -0.051023 0.35
v 0.214125 -0.038883 0.34
v 0.211464 -0.030087 0.34
v 0.20414 -0.010367 0.35
v 0.197209 0.0083 0.34
v 0.1891 -0.010367 0.35
v 0.147086 -0.005829 0.34
v 0.146676 0.004208 0.34
v 0.1469 -0.010367 0.35
v 0.146676 -0.015864 0.34
v 0.144949 -0.028395 0.34
v 0.141657 -0.03683 0.34
v 0.137645 -0.043143 0.34
v 0.134582 -0.046309 0.34
v 0.131576 -0.048214 0.34
v 0.126835 -0.049701 0.34
v 0.121841 -0.050384 0.34
v 0.116291 -0.049315 0.34
v 0.111875 -0.047156 0.34
v 0.107875 -0.04395 0.34
v 0.107755 -0.043832 0.34
v 0.10418 -0.039221 0.34
v 0.100565 -0.031218 0.34
v 0.099475 -0.027411 0.34
v 0.097475 -0.011307 0.34
v 0.097508 -0.010367 0.35
v 0.097901 9.8E-4 0.34
v 0.10133 0.013782 0.34
v 0.104355 0.019741 0.34
v 0.108505 0.024481 0.34
v 0.112572 0.027733 0.34
v 0.123152 0.034413 0.34
v 0.131003 0.040518 0.34
v 0.134942 0.045463 0.34
v 0.139194 0.054822 0.34
v 0.141606 0.06645 0.34
v 0.14169 0.068293 0.34
v 0.142137 0.077339 0.34
v 0.103527 0.07606 0.34
v 0.102854 0.076019 0.34
v 0.102365 0.075911 0.34
v 0.102016 0.075743 0.34
v 0.101699 0.07548 0.34
v 0.101422 0.075108 0.34
v 0.101248 0.074687 0.34
v 0.100877 0.072786 0.34
v 0.100266 0.068293 0.34
v 0.099403 0.049499 0.34
v 0.096399 0.049499 0.34
v 0.095312 0.077978 0.34
v 0.095215 0.079669 0.34
v 0.095183 0.080921 0.34
v 0.095152 0.081802 0.34
v 0.095213 0.082448 0.34
v 0.095409 0.083092 0.34
v 0.095557 0.083447 0.34
v 0.095709 0.083677 0.34
v 0.095902 0.083854 0.34
v 0.096235 0.084036 0.34
v 0.096814 0.084197 0.34
v 0.099465 0.084443 0.34
v 0.101801 0.084466 0.34
v 0.144726 0.085553 0.34
v 0.145529 0.08553 0.34
v 0.146046 0.085429 0.34
v 0.146456 0.085242 0.34
v 0.146828 0.084954 0.34
v 0.147262 0.084425 0.34
v 0.147616 0.083678 0.34
v 0.147959 0.081934 0.34
v 0.148112 0.073845 0.34
v 0.147539 0.065704 0.34
v 0.144261 0.05034 0.34
v 0.140289 0.042149 0.34
v 0.137936 0.038671 0.34
v 0.131015 0.031171 0.34
v 0.125517 0.02687 0.34
v 0.116663 0.021244 0.34
v 0.110502 0.016192 0.34
v 0.108253 0.012846 0.34
v 0.105111 0.00403 0.34
v 0.103463 -0.006614 0.34
v 0.103779 -0.010367 0.35
v 0.104805 -0.022544 0.34
v 0.108102 -0.032107 0.34
v 0.110392 -0.036065 0.34
v 0.112338 -0.038237 0.34
v 0.11495 -0.039957 0.34
v 0.117875 -0.041033 0.34
v 0.121426 -0.04153 0.34
v 0.125036 -0.041254 0.34
v 0.128266 -0.040099 0.34
v 0.131961 -0.037672 0.34
v 0.134165 -0.035525 0.34
v 0.137237 -0.03123 0.34
v 0.140139 -0.024292 0.34
v 0.142665 -0.010367 0.35
v 0.14284 -0.009402 0.34
v 0.143224 -0.002919 0.34
v 0.143416 0.004208 0.34
v 0.025794 -0.05016 0.34
v 0.027935 -0.050384 0.34
v 0.025794 -0.010367 0.35
v 0.025794 0.003761 0.34
v 0.028383 0.003985 0.34
v 0.029326 -0.010367 0.35
v 0.029885 -0.018869 0.34
v 0.031641 -0.027478 0.34
v 0.033798 -0.03265 0.34
v 0.037192 -0.037258 0.34
v 0.041366 -0.040771 0.34
v 0.04492 -0.04263 0.34
v 0.049734 -0.043703 0.34
v 0.053987 -0.043115 0.34
v 0.056434 -0.041994 0.34
v 0.060417 -0.038893 0.34
v 0.061931 -0.037259 0.34
v 0.064486 -0.033216 0.34
v 0.066943 -0.02591 0.34
v 0.067954 -0.013304 0.34
v 0.067571 -0.010367 0.35
v 0.067135 -0.007024 0.34
v 0.065491 -0.002696 0.34
v 0.063163 9.7E-4 0.34
v 0.060485 0.003568 0.34
v 0.053851 0.007134 0.34
v 0.051012 0.0083 0.34
v 0.043469 0.011336 0.34
v 0.035444 0.015551 0.34
v 0.029734 0.020098 0.34
v 0.026353 0.024367 0.34
v 0.023968 0.029691 0.34
v 0.021718 0.041187 0.34
v 0.021239 0.055501 0.34
v 0.022342 0.062892 0.34
v 0.025593 0.072471 0.34
v 0.030365 0.080012 0.34
v 0.033396 0.082867 0.34
v 0.038235 0.085589 0.34
v 0.042983 0.086953 0.34
v 0.047368 0.087279 0.34
v 0.052735 0.086819 0.34
v 0.056987 0.085278 0.34
v 0.061862 0.082001 0.34
v 0.065953 0.077571 0.34
v 0.069892 0.070836 0.34
v 0.073454 0.058437 0.34
v 0.074121 0.051673 0.34
v 0.074984 0.04023 0.34
v 0.071948 0.04023 0.34
v 0.069465 0.05571 0.34
v 0.066167 0.065983 0.34
v 0.06289 0.071435 0.34
v 0.059065 0.075444 0.34
v 0.055836 0.077546 0.34
v 0.051985 0.078793 0.34
v 0.047784 0.079065 0.34
v 0.043324 0.078601 0.34
v 0.039905 0.077442 0.34
v 0.036913 0.075516 0.34
v 0.033452 0.071876 0.34
v 0.030254 0.066287 0.34
v 0.027951 0.059314 0.34
v 0.027266 0.04865 0.34
v 0.027296 0.047773 0.34
v 0.028355 0.039125 0.34
v 0.030018 0.033482 0.34
v 0.032903 0.028713 0.34
v 0.036507 0.024976 0.34
v 0.043039 0.020963 0.34
v 0.045834 0.019742 0.34
v 0.055135 0.01629 0.34
v 0.061742 0.012903 0.34
v 0.06643 0.008948 0.34
v 0.069874 0.004157 0.34
v 0.071924 -4.02E-4 0.34
v 0.073875 -0.009343 0.34
v 0.073907 -0.010367 0.35
v 0.074121 -0.017143 0.34
v 0.072914 -0.028683 0.34
v 0.068762 -0.039527 0.34
v 0.065275 -0.044696 0.34
v 0.061295 -0.048326 0.34
v 0.057824 -0.050342 0.34
v 0.0555 -0.051023 0.35
v 0.05439 -0.051348 0.34
v 0.050373 -0.051662 0.34
v 0.04729 -0.051023 0.35
v 0.044721 -0.05049 0.34
v 0.039675 -0.047955 0.34
v 0.034952 -0.044114 0.34
v 0.032698 -0.041306 0.34
v 0.030109 -0.037215 0.34
v -1.98E-4 -0.022038 0.34
v 0.003778 -0.004537 0.34
v -0.001764 -4.9E-5 0.34
v -0.045574 0.051073 0.34
v -0.039586 0.066686 0.34
v -0.042963 0.074085 0.34
v -0.037676 0.081354 0.34
v -0.03424 0.074907 0.34
v -0.031777 0.077269 0.34
v -0.033416 0.084965 0.34
v -0.028834 0.079028 0.34
v -0.028319 0.087348 0.34
v -0.025586 0.08006 0.34
v -0.025222 0.088093 0.34
v -0.022853 0.080151 0.34
v -0.022629 0.088142 0.34
v -0.018421 0.087186 0.34
v -1.92E-4 0.01629 0.34
v 0.006073 0.015843 0.34
v -6.47E-4 0.037009 0.34
v 0.00595 0.032836 0.34
v -0.004811 0.057708 0.34
v -0.021763 0.07999 0.34
v -0.019361 0.079221 0.34
v -0.013149 0.084318 0.34
v -0.015649 0.077003 0.34
v -0.009232 0.08074 0.34
v -0.012454 0.073907 0.34
v -0.004835 0.074165 0.34
v -0.009468 0.069315 0.34
v 0.001387 0.05862 0.34
v 0.002881 0.053021 0.34
v -0.05625 0.005251 0.34
v -0.050119 0.006915 0.34
v -0.05651 0.020605 0.34
v -0.049534 0.029476 0.34
v -0.054082 0.042247 0.34
v -0.049205 0.060651 0.34
v -0.005237 -0.017582 0.34
v -0.005659 -0.018927 0.34
v -0.003721 -0.030757 0.34
v -0.011494 -0.031775 0.34
v -0.012559 -0.044268 0.34
v -0.016946 -0.03914 0.34
v -0.016403 -0.047948 0.34
v -0.019865 -0.041482 0.34
v -0.020594 -0.050346 0.34
v -0.02373 -0.043239 0.34
v -0.025153 -0.051747 0.34
v -0.02736 -0.043895 0.34
v -0.027807 -0.051886 0.34
v -0.027667 -0.043855 0.34
v -0.032387 -0.050494 0.34
v -0.030335 -0.043176 0.34
v -0.037724 -0.047273 0.34
v -0.034448 -0.040776 0.34
v -0.041949 -0.042981 0.34
v -0.037746 -0.037542 0.34
v -0.046578 -0.03517 0.34
v -0.041046 -0.032135 0.34
v -0.05259 -0.017909 0.34
v -0.046062 -0.018531 0.34
v -0.049606 7.56E-4 0.34
v -0.053782 -0.010367 0.35
v -0.030647 -0.051023 0.35
v 0.002454 -0.010367 0.35
v -0.022797 -0.051023 0.35
v -0.022853 0.080151 0.35
v -0.025586 0.08006 0.35
v -0.028834 0.079028 0.35
v -0.031777 0.077269 0.35
v -0.03424 0.074907 0.35
v -0.039586 0.066686 0.35
v -0.045574 0.051073 0.35
v -0.049534 0.029476 0.35
v -0.050119 0.006915 0.35
v -0.049606 7.56E-4 0.35
v -0.046062 -0.018531 0.35
v -0.041046 -0.032135 0.35
v -0.037746 -0.037542 0.35
v -0.034448 -0.040776 0.35
v -0.030335 -0.043176 0.35
v -0.027667 -0.043855 0.35
v -0.02736 -0.043895 0.35
v -0.02373 -0.043239 0.35
v -0.019865 -0.041482 0.35
v -0.016946 -0.03914 0.35
v -0.011494 -0.031775 0.35
v -0.005659 -0.018927 0.35
v -0.005237 -0.017582 0.35
v -0.001764 -4.9E-5 0.35
v -1.92E-4 0.01629 0.35
v -6.47E-4 0.037009 0.35
v -0.004811 0.057708 0.35
v -0.009468 0.069315 0.35
v -0.012454 0.073907 0.35
v -0.015649 0.077003 0.35
v -0.019361 0.079221 0.35
v -0.021763 0.07999 0.35
v 0.3 0.35 0.34
v 0.287059 0.348296 0.34
v 0.275 0.343301 0.34
v 0.264645 0.335355 0.34
v 0.256699 0.325 0.34
v 0.251704 0.312941 0.34
v 0.25 0.3 0.34
v 0.251704 0.287059 0.34
v 0.256699 0.275 0.34
v 0.264645 0.264645 0.34
v 0.275 0.256699 0.34
v 0.287059 0.251704 0.34
v 0.3 0.25 0.34
v 0.312941 0.251704 0.34
v 0.325 0.256699 0.34
v 0.335355 0.264645 0.34
v 0.343301 0.275 0.34
v 0.348296 0.287059 0.34
v 0.35 0.3 0.34
v 0.348296 0.312941 0.34
v 0.343301 0.325 0.34
v 0.335355 0.335355 0.34
v 0.325 0.343301 0.34
v 0.312941 0.348296 0.34
v 0.3 0.3 0.34
v -0.26433 -0.044343 0.34
v -0.259791 -0.044119 0.34
v -0.272736 -0.045621 0.34
v -0.279864 -0.046484 0.34
v -0.281944 -0.046894 0.34
v -0.283955 -0.047571 0.34
v -0.287183 -0.048881 0.34
v -0.288482 -0.049398 0.34
v -0.289772 -0.049936 0.34
v -0.291389 -0.051023 0.35
v -0.291722 -0.051247 0.34
v -0.291945 -0.051023 0.35
v -0.297986 -0.044982 0.34
v -0.298375 -0.044412 0.34
v -0.298614 -0.043942 0.34
v -0.298732 -0.043541 0.34
v -0.298757 -0.04321 0.34
v -0.298693 -0.04286 0.34
v -0.298584 -0.042547 0.34
v -0.298437 -0.042189 0.34
v -0.298298 -0.041967 0.34
v -0.298121 -0.0418 0.34
v -0.297891 -0.041665 0.34
v -0.297606 -0.041573 0.34
v -0.296967 -0.041529 0.34
v -0.2969 -0.04153 0.34
v -0.256755 -0.035937 0.34
v -0.256382 -0.010367 0.35
v -0.256115 0.007884 0.34
v -0.261327 0.0019 0.34
v -0.265133 -7.56E-4 0.34
v -0.268956 -0.002337 0.34
v -0.274876 -0.003133 0.34
v -0.27574 -0.003143 0.34
v -0.280941 -0.002451 0.34
v -0.28399 -0.001321 0.34
v -0.28687 6.58E-4 0.34
v -0.29252 0.006701 0.34
v -0.295937 0.013009 0.34
v -0.297662 0.0183 0.34
v -0.299852 0.033779 0.34
v -0.300128 0.042819 0.34
v -0.29901 0.057947 0.34
v -0.29583 0.070779 0.34
v -0.292004 0.077894 0.34
v -0.288115 0.082612 0.34
v -0.285048 0.084982 0.34
v -0.281977 0.086395 0.34
v -0.277795 0.087145 0.34
v -0.275101 0.087279 0.34
v -0.269023 0.087078 0.34
v -0.264681 0.085983 0.34
v -0.260993 0.084057 0.34
v -0.256683 0.080364 0.34
v -0.252461 0.074274 0.34
v -0.250001 0.067435 0.34
v -0.248339 0.052792 0.34
v -0.248349 0.052088 0.34
v -0.248572 0.046047 0.34
v -0.250938 0.046047 0.34
v -0.252835 0.058633 0.34
v -0.256157 0.067976 0.34
v -0.259504 0.072838 0.34
v -0.263014 0.076198 0.34
v -0.264937 0.077424 0.34
v -0.268738 0.078928 0.34
v -0.273683 0.079493 0.34
v -0.274238 0.079512 0.34
v -0.278269 0.079216 0.34
v -0.280963 0.078353 0.34
v -0.283294 0.076921 0.34
v -0.286976 0.073188 0.34
v -0.289943 0.068507 0.34
v -0.292171 0.061893 0.34
v -0.294301 0.045704 0.34
v -0.294311 0.039367 0.34
v -0.292593 0.024709 0.34
v -0.289623 0.015602 0.34
v -0.287015 0.011023 0.34
v -0.283973 0.007801 0.34
v -0.281159 0.006006 0.34
v -0.277913 0.004892 0.34
v -0.27574 0.004624 0.34
v -0.271085 0.00519 0.34
v -0.267345 0.006734 0.34
v -0.262574 0.01025 0.34
v -0.259706 0.013556 0.34
v -0.258289 0.016066 0.34
v -0.256755 0.019103 0.34
v -0.256339 0.021884 0.34
v -0.256284 0.022634 0.34
v -0.256196 0.023393 0.34
v -0.25613 0.023815 0.34
v -0.256069 0.024165 0.34
v -0.255993 0.024675 0.34
v -0.25597 0.024737 0.34
v -0.255951 0.024767 0.34
v -0.255928 0.02479 0.34
v -0.2559 0.024804 0.34
v -0.25586 0.024815 0.34
v -0.255791 0.024815 0.34
v -0.255607 0.024774 0.34
v -0.255343 0.024652 0.34
v -0.254541 0.024013 0.34
v -0.253111 0.022747 0.34
v -0.248572 0.019103 0.34
v -0.247948 0.018514 0.34
v -0.247541 0.018063 0.34
v -0.247277 0.017702 0.34
v -0.247136 0.017427 0.34
v -0.247073 0.01718 0.34
v -0.247076 0.016968 0.34
v -0.247156 0.016659 0.34
v -0.247678 0.015671 0.34
v -0.248125 0.01498 0.34
v -0.250522 0.011752 0.34
v -0.25092 -0.010367 0.35
v -0.250938 -0.011325 0.34
v -0.251161 -0.027946 0.34
v -0.251159 -0.036147 0.34
v -0.250938 -0.044343 0.34
v -0.250075 -0.051023 0.34
v -0.252248 -0.051886 0.34
v -0.252608 -0.051023 0.35
v -0.253689 -0.048433 0.34
v -0.255015 -0.046379 0.34
v -0.255892 -0.045429 0.34
v -0.257202 -0.043703 0.34
v -0.258505 -0.043862 0.34
v -0.227957 0.038952 0.34
v -0.227957 0.029651 0.34
v -0.135201 0.038952 0.34
v -0.135201 0.029651 0.34
v -0.122161 -0.043032 0.34
v -0.112892 -0.054475 0.34
v -0.115688 -0.051023 0.35
v -0.1201 -0.035303 0.34
v -0.119572 -0.027307 0.34
v -0.119572 0.08942 0.34
v -0.119572 -0.010367 0.35
v -0.116343 0.08942 0.34
v -0.075783 -0.02622 0.34
v -0.081344 -0.010367 0.35
v -0.075783 0.071937 0.34
v -0.075783 -0.010367 0.35
v -0.075449 0.082182 0.34
v -0.07489 0.088678 0.34
v -0.074586 0.090388 0.34
v -0.074479 0.090621 0.34
v -0.074391 0.090743 0.34
v -0.074323 0.090802 0.34
v -0.074256 0.090837 0.34
v -0.074179 0.090857 0.34
v -0.074063 0.090858 0.34
v -0.073881 0.090816 0.34
v -0.073574 0.090665 0.34
v -0.073206 0.090369 0.34
v -0.072603 0.089558 0.34
v -0.071452 0.087024 0.34
v -0.071244 0.086416 0.34
v -0.067792 0.076699 0.34
v -0.067208 0.074917 0.34
v -0.067052 0.073679 0.34
v -0.067232 0.072302 0.34
v -0.068631 0.066556 0.34
v -0.069924 0.05383 0.34
v -0.069934 0.051449 0.34
v -0.069934 -0.052973 0.34
v -0.069934 -0.010367 0.35
v -0.069934 -0.051023 0.35
v -0.073194 -0.052973 0.34
v -0.113755 0.063115 0.34
v -0.08808 -0.010367 0.35
v -0.073875 -0.051023 0.35
v -0.113755 -0.010367 0.35
v -0.113755 -0.027083 0.34
v -0.113388 -0.038364 0.34
v -0.111805 -0.049521 0.34
v -0.111373 -0.051023 0.35
v -0.110942 -0.052525 0.34
v -0.35 -0.41 0.164
v -0.13 -0.41 0.164
v -0.35 -0.18 0.0
v -0.35 -0.41 0.0
v -0.13 -0.41 0.0
v -0.13 -0.28 0.0
v -0.23 -0.18 0.0
v 0.13 -0.41 0.164
v 0.35 -0.41 0.164
v 0.35 -0.41 0.0
v 0.35 -0.18 0.0
v 0.13 -0.28 0.0
v 0.13 -0.41 0.0
v 0.23 -0.18 0.0
v -0.0 -0.176777 0.0
v 0.024851 -0.151926 0.0
v 0.146575 -0.030202 0.0
v 0.176777 -0.0 0.0
v 0.024851 0.151926 0.0
v 0.0 0.176777 0.0
v -0.176777 0.0 0.0
v -0.146575 -0.030202 0.0
v 0.032077 0.033962 0.0
v 0.03057 0.033962 0.0
v 0.086341 0.037691 0.0
v 0.087042 0.036886 0.0
v 0.032655 -0.025232 0.0
v 0.034388 -0.027342 0.0
v 0.024851 -0.030202 0.0
v 0.05631 -0.006101 0.0
v 0.056675 0.009115 0.0
v 0.068427 -0.022524 0.0
v 0.04636 -0.028999 0.0
v 0.064295 -0.027044 0.0
v 0.043632 -0.029926 0.0
v 0.064413 -0.027273 0.0
v 0.064501 -0.027369 0.0
v 0.083417 -0.025537 0.0
v 0.075667 -0.024901 0.0
v 0.083417 0.025803 0.0
v 0.071974 -0.024321 0.0
v 0.081911 0.032157 0.0
v 0.08298 0.029905 0.0
v 0.064976 -0.025619 0.0
v 0.064636 -0.025965 0.0
v 0.055048 -0.014214 0.0
v 0.052276 -0.022361 0.0
v 0.036965 0.033086 0.0
v 0.034795 0.031123 0.0
v 0.033688 0.029636 0.0
v 0.032793 0.028026 0.0
v 0.05624 0.013229 0.0
v 0.053802 0.024208 0.0
v 0.03248 0.007084 0.0
v 0.030675 -0.005207 0.0
v 0.03057 0.007084 0.0
v 0.029064 -0.005296 0.0
v 0.06886 -0.022722 0.0
v 0.083388 0.027043 0.0
v 0.048402 -0.027732 0.0
v 0.050116 -0.025935 0.0
v 0.064344 -0.026676 0.0
v 0.064479 -0.026229 0.0
v 0.029805 -0.017068 0.0
v 0.031029 -0.021975 0.0
v 0.086042 0.026116 0.0
v 0.086115 0.031028 0.0
v 0.086848 0.035871 0.0
v 0.070654 -0.023998 0.0
v 0.069886 -0.023597 0.0
v 0.08616 -0.029511 0.0
v 0.086264 -0.02942 0.0
v 0.051337 0.029462 0.0
v 0.049202 0.032016 0.0
v 0.046504 0.034026 0.0
v 0.044995 0.034754 0.0
v 0.043536 0.035056 0.0
v 0.042145 0.035066 0.0
v 0.039227 0.034303 0.0
v 0.047792 -0.023939 0.0
v 0.046325 -0.025326 0.0
v 0.031819 -0.01478 0.0
v 0.066079 -0.024598 0.0
v 0.082612 -0.029266 0.0
v 0.084939 -0.02946 0.0
v 0.085641 -0.029622 0.0
v 0.086386 -0.029259 0.0
v 0.086528 -0.028989 0.0
v 0.086581 -0.028753 0.0
v 0.086558 -0.028161 0.0
v 0.086042 -0.019198 0.0
v 0.086249 -0.025294 0.0
v 0.086236 -0.025134 0.0
v 0.04986 -0.020979 0.0
v 0.042145 -0.026745 0.0
v 0.033217 -0.020562 0.0
v 0.034503 -0.022958 0.0
v 0.04134 0.031755 0.0
v 0.043445 0.031625 0.0
v 0.045229 0.03101 0.0
v 0.052682 0.018807 0.0
v 0.040269 0.031544 0.0
v 0.050354 0.025526 0.0
v 0.048613 0.028275 0.0
v 0.064651 -0.027468 0.0
v 0.064916 -0.027566 0.0
v 0.065124 -0.027602 0.0
v 0.072534 -0.028369 0.0
v 0.070784 -0.028182 0.0
v 0.066612 -0.027608 0.0
v 0.085889 -0.029612 0.0
v 0.086043 -0.029572 0.0
v 0.053533 0.013833 0.0
v 0.031182 -0.010532 0.0
v 0.053929 -0.002388 0.0
v 0.051437 -0.016774 0.0
v 0.045022 -0.026141 0.0
v 0.043715 -0.026578 0.0
v 0.039862 -0.026565 0.0
v 0.037686 -0.025756 0.0
v 0.035926 -0.024552 0.0
v 0.03333 0.02126 0.0
v 0.034592 0.025846 0.0
v 0.035935 0.028432 0.0
v 0.046937 0.029949 0.0
v 0.036616 -0.028926 0.0
v 0.039055 -0.029842 0.0
v 0.040743 -0.030072 0.0
v 0.037171 0.029869 0.0
v 0.038756 0.030972 0.0
v 0.078391 -0.028863 0.0
v -0.064966 0.036274 0.0
v -0.066368 0.036274 0.0
v 0.018755 -0.029436 0.0
v 0.018909 -0.029246 0.0
v 0.020527 0.030974 0.0
v 0.020634 0.031378 0.0
v 0.020658 0.032067 0.0
v 0.019771 0.032351 0.0
v 0.017862 0.032053 0.0
v 0.016151 0.031842 0.0
v -0.006675 -0.025121 0.0
v -0.006712 -0.025324 0.0
v -0.018115 0.027727 0.0
v -0.014132 -0.025549 0.0
v -0.014146 -0.025456 0.0
v 0.02064 0.032133 0.0
v 0.020609 0.03219 0.0
v 0.02055 0.032254 0.0
v -0.006579 -0.024906 0.0
v -0.006478 -0.025975 0.0
v -0.006407 -0.02603 0.0
v -0.018645 -0.030202 0.0
v -0.0147 -0.024995 0.0
v -0.015102 -0.02503 0.0
v -0.016504 -0.02503 0.0
v -0.018115 -0.02503 0.0
v 0.019039 -0.028966 0.0
v 0.019117 -0.028573 0.0
v 0.01907 -0.02776 0.0
v 0.020646 0.031657 0.0
v 0.020655 0.031857 0.0
v 0.020118 0.032394 0.0
v 0.01021 0.032157 0.0
v 0.006272 0.032858 0.0
v 0.014431 0.031844 0.0
v 0.014133 0.031844 0.0
v 0.012161 0.031878 0.0
v 0.015237 0.005771 0.0
v 0.00678 0.006875 0.0
v 0.015237 0.027921 0.0
v 0.003289 0.007584 0.0
v -8.72E-4 0.0095 0.0
v -0.003796 0.030845 0.0
v -0.002185 0.030636 0.0
v -0.039232 0.031066 0.0
v -0.040826 0.028889 0.0
v -0.01431 0.030564 0.0
v -0.01415 0.030845 0.0
v -0.003483 -0.021406 0.0
v -0.014066 0.031145 0.0
v -0.014058 0.031416 0.0
v -0.014237 -0.025238 0.0
v -0.01428 -0.025161 0.0
v -0.01433 -0.0251 0.0
v -0.014384 -0.02506 0.0
v 0.017889 -0.029781 0.0
v 0.018244 -0.029725 0.0
v 0.018521 -0.029609 0.0
v -0.014468 -0.025025 0.0
v -0.014494 -0.025018 0.0
v 0.001054 0.008377 0.0
v 3.8E-5 0.008993 0.0
v 0.002558 0.030039 0.0
v 1.86E-4 0.030328 0.0
v -0.080764 -0.023036 0.0
v -0.080736 -0.023451 0.0
v -0.080672 -0.024538 0.0
v -0.080269 -0.029057 0.0
v -0.037822 -0.025029 0.0
v -0.036112 -0.026381 0.0
v -0.051936 -0.030202 0.0
v -0.034689 -0.027077 0.0
v -0.031246 -0.027853 0.0
v -0.076138 -0.006907 0.0
v -0.077346 -0.011949 0.0
v -0.080681 -0.021454 0.0
v -0.080788 -0.021632 0.0
v -0.080836 -0.021783 0.0
v -0.08085 -0.022012 0.0
v -0.014141 -0.02564 0.0
v -0.006703 -0.025503 0.0
v -0.014176 -0.02575 0.0
v 0.020446 0.032323 0.0
v 0.020302 0.032376 0.0
v -0.00401 0.006293 0.0
v -0.004143 0.006062 0.0
v -0.00407 0.03087 0.0
v -0.004221 0.005845 0.0
v -0.004264 0.030931 0.0
v -0.004244 0.005665 0.0
v -0.004437 0.031039 0.0
v -0.028263 0.033883 0.0
v -0.030495 0.034066 0.0
v -0.033625 0.033866 0.0
v -0.035963 0.033279 0.0
v -0.03771 0.032372 0.0
v -0.041544 -0.01931 0.0
v -0.051283 -0.022468 0.0
v -0.051495 -0.021857 0.0
v -0.017441 0.028045 0.0
v -0.016802 0.028428 0.0
v 0.018419 -0.025222 0.0
v 0.01816 -0.022614 0.0
v 0.01816 -0.020704 0.0
v 0.019242 0.029174 0.0
v 0.019889 0.029978 0.0
v 0.020301 0.030522 0.0
v -0.003779 0.004951 0.0
v -0.0039 0.005022 0.0
v -0.004051 0.005159 0.0
v -0.051241 -0.023388 0.0
v -0.039536 -0.022936 0.0
v -0.051377 -0.025343 0.0
v -0.014998 0.029935 0.0
v -0.01457 0.030275 0.0
v -0.077881 -0.014331 0.0
v -0.078554 -0.016677 0.0
v -0.079255 -0.018586 0.0
v -0.079901 -0.020394 0.0
v -0.080327 -0.021027 0.0
v -0.014538 -0.026277 0.0
v -0.014366 -0.026062 0.0
v -0.014248 -0.025887 0.0
v -0.018322 -0.030001 0.0
v -0.006644 -0.025696 0.0
v -0.006543 -0.025892 0.0
v -0.001379 0.035469 0.0
v -4.7E-4 0.034872 0.0
v 2.5E-5 0.034572 0.0
v 0.002805 0.03356 0.0
v 0.015237 0.002251 0.0
v 0.015237 -0.02503 0.0
v 2.32E-4 -0.022927 0.0
v -0.003796 0.006577 0.0
v -0.051869 -0.029564 0.0
v -0.026572 -0.028461 0.0
v -0.022142 -0.028968 0.0
v -0.020498 -0.029408 0.0
v -0.006294 -0.026079 0.0
v -0.005964 -0.026136 0.0
v -0.005705 -0.026149 0.0
v 0.01816 0.027921 0.0
v 0.018056 -0.018184 0.0
v 0.018099 -0.019444 0.0
v -0.004602 0.031883 0.0
v -0.014204 0.031871 0.0
v -0.004482 0.032124 0.0
v -0.004288 0.032456 0.0
v -0.004691 0.031553 0.0
v -0.004678 0.031415 0.0
v -0.003587 0.004888 0.0
v -0.003289 0.004861 0.0
v -0.002588 -0.021913 0.0
v -0.001224 -0.022549 0.0
v -0.042298 0.025339 0.0
v -0.043933 0.015008 0.0
v -0.054599 -0.01174 0.0
v -0.044501 -7.77E-4 0.0
v -0.053499 -0.016204 0.0
v -0.043526 -0.012342 0.0
v -0.052183 -0.0206 0.0
v -0.051676 -0.02151 0.0
v -0.006302 -0.024538 0.0
v -0.004668 0.031701 0.0
v -0.014119 0.031696 0.0
v -0.004631 0.031278 0.0
v -0.004551 0.031151 0.0
v -0.020129 0.032157 0.0
v -0.022247 0.032351 0.0
v -0.026065 0.033455 0.0
v -0.016925 -0.028807 0.0
v -0.015997 -0.027849 0.0
v -0.014789 -0.026551 0.0
v 0.011016 -0.028356 0.0
v 0.01564 -0.029162 0.0
v 0.016741 -0.029569 0.0
v 0.017406 -0.029746 0.0
v -0.004222 0.005484 0.0
v -0.00416 0.005321 0.0
v -0.014342 0.032033 0.0
v -0.01449 0.032157 0.0
v -0.01631 0.031844 0.0
v -0.004198 -0.026238 0.0
v 0.003425 -0.027174 0.0
v -0.018413 0.031844 0.0
v -0.019271 0.032002 0.0
v -0.018661 -0.030212 0.0
v -0.018796 -0.030256 0.0
v -0.019025 -0.030266 0.0
v -0.052484 -0.032553 0.0
v -0.052439 -0.032536 0.0
v -0.052319 -0.032423 0.0
v -0.052216 -0.032237 0.0
v -0.019171 -0.030202 0.0
v -0.052151 -0.031999 0.0
v -0.019111 -0.030237 0.0
v -0.052387 -0.0325 0.0
v -0.019439 -0.030045 0.0
v -0.052012 -0.030931 0.0
v -0.079871 -0.032102 0.0
v -0.079822 -0.032213 0.0
v -0.079768 -0.032288 0.0
v -0.079705 -0.032341 0.0
v -0.079627 -0.032381 0.0
v -0.052715 -0.032515 0.0
v -0.052622 -0.032549 0.0
v -0.052548 -0.03256 0.0
v -0.079128 -0.032139 0.0
v -0.07902 -0.031897 0.0
v -0.053626 -0.030202 0.0
v -0.078957 -0.031683 0.0
v -0.078699 -0.030202 0.0
v -0.079397 -0.032378 0.0
v -0.079312 -0.032337 0.0
v -0.079225 -0.032266 0.0
v -0.08013 -0.030202 0.0
v -0.08006 -0.030773 0.0
v -0.080021 -0.031308 0.0
v -0.079962 -0.031685 0.0
v -0.079914 -0.031943 0.0
v -0.05303 -0.032175 0.0
v -0.052922 -0.032338 0.0
v -0.052815 -0.032448 0.0
v -0.079476 -0.032398 0.0
v -0.053286 -0.031578 0.0
v -0.053148 -0.031934 0.0
v -0.079553 -0.032398 0.0
v -0.072319 -0.003193 0.0
v -0.058626 -0.006505 0.0
v -0.078256 -0.027655 0.0
v -0.055405 -0.02151 0.0
v -0.053883 -0.029162 0.0
v -0.13 0.41 0.164
v -0.35 0.41 0.164
v -0.13 0.28 0.0
v -0.13 0.41 0.0
v -0.35 0.41 0.0
v -0.35 0.18 0.0
v -0.23 0.18 0.0
v 0.35 0.41 0.164
v 0.13 0.41 0.164
v 0.13 0.41 0.0
v 0.13 0.28 0.0
v 0.35 0.18 0.0
v 0.35 0.41 0.0
v 0.151716 0.258284 0.0
v 0.214641 0.25 0.0
v 0.208284 0.258284 0.0
v 0.2 0.264641 0.0
v 0.190353 0.268637 0.0
v 0.18 0.27 0.0
v 0.16 0.264641 0.0
v 0.169647 0.268637 0.0
v 0.214641 0.21 0.0
v 0.218637 0.219647 0.0
v 0.22 0.23 0.0
v 0.218637 0.240353 0.0
v -0.05 0.41 0.164
v -0.05 0.41 0.114
v 0.05 0.41 0.164
v 0.05 0.41 0.114
v -0.05 -0.41 0.114
v -0.05 -0.41 0.164
v 0.05 -0.41 0.114
v 0.05 -0.41 0.164
v 0.41 0.18 0.164
v 0.41 0.28 0.164
v 0.41 0.18 0.114
v 0.41 0.28 0.114
v 0.41 -0.18 0.114
v 0.41 -0.28 0.114
v 0.41 -0.18 0.164
v 0.41 -0.28 0.164
v 0.41 0.05 0.114
v 0.41 -0.05 0.114
v 0.41 0.05 0.164
v 0.41 -0.05 0.164
v -0.41 0.28 0.164
v -0.41 0.18 0.164
v -0.41 0.28 0.114
v -0.41 0.18 0.114
v -0.41 -0.28 0.114
v -0.41 -0.18 0.114
v -0.41 -0.28 0.164
v -0.41 -0.18 0.164
v -0.41 -0.05 0.114
v -0.41 0.05 0.114
v -0.41 -0.05 0.164
v -0.41 0.05 0.164
v 0.081911 0.032157 0.01
v 0.086341 0.037691 0.01
v 0.083417 0.025803 0.01
v 0.083388 0.027043 0.01
v 0.08298 0.029905 0.01
v 0.083417 -0.025537 0.01
v 0.068427 -0.022524 0.01
v 0.06886 -0.022722 0.01
v 0.069886 -0.023597 0.01
v 0.070654 -0.023998 0.01
v 0.071974 -0.024321 0.01
v 0.075667 -0.024901 0.01
v 0.064295 -0.027044 0.01
v 0.064344 -0.026676 0.01
v 0.064479 -0.026229 0.01
v 0.064636 -0.025965 0.01
v 0.064976 -0.025619 0.01
v 0.066079 -0.024598 0.01
v 0.078391 -0.028863 0.01
v 0.072534 -0.028369 0.01
v 0.070784 -0.028182 0.01
v 0.066612 -0.027608 0.01
v 0.065124 -0.027602 0.01
v 0.064916 -0.027566 0.01
v 0.064651 -0.027468 0.01
v 0.064501 -0.027369 0.01
v 0.064413 -0.027273 0.01
v 0.082612 -0.029266 0.01
v 0.084939 -0.02946 0.01
v 0.086236 -0.025134 0.01
v 0.086249 -0.025294 0.01
v 0.086558 -0.028161 0.01
v 0.086581 -0.028753 0.01
v 0.086528 -0.028989 0.01
v 0.086386 -0.029259 0.01
v 0.086264 -0.02942 0.01
v 0.08616 -0.029511 0.01
v 0.086043 -0.029572 0.01
v 0.085889 -0.029612 0.01
v 0.085641 -0.029622 0.01
v 0.086042 -0.019198 0.01
v 0.086042 0.026116 0.01
v 0.086848 0.035871 0.01
v 0.086115 0.031028 0.01
v 0.087042 0.036886 0.01
v -0.055405 -0.02151 0.01
v -0.058626 -0.006505 0.01
v -0.053883 -0.029162 0.01
v -0.053286 -0.031578 0.01
v -0.051869 -0.029564 0.01
v -0.052012 -0.030931 0.01
v -0.052151 -0.031999 0.01
v -0.052216 -0.032237 0.01
v -0.052319 -0.032423 0.01
v -0.052387 -0.0325 0.01
v -0.052439 -0.032536 0.01
v -0.052484 -0.032553 0.01
v -0.052548 -0.03256 0.01
v -0.052622 -0.032549 0.01
v -0.052715 -0.032515 0.01
v -0.052815 -0.032448 0.01
v -0.052922 -0.032338 0.01
v -0.05303 -0.032175 0.01
v -0.053148 -0.031934 0.01
v -0.051377 -0.025343 0.01
v -0.051676 -0.02151 0.01
v -0.051495 -0.021857 0.01
v -0.051283 -0.022468 0.01
v -0.051241 -0.023388 0.01
v -0.052183 -0.0206 0.01
v -0.054599 -0.01174 0.01
v -0.053499 -0.016204 0.01
v -0.064966 0.036274 0.01
v -0.066368 0.036274 0.01
v -0.076138 -0.006907 0.01
v -0.077346 -0.011949 0.01
v -0.078554 -0.016677 0.01
v -0.077881 -0.014331 0.01
v -0.079255 -0.018586 0.01
v -0.080672 -0.024538 0.01
v -0.080736 -0.023451 0.01
v -0.080764 -0.023036 0.01
v -0.08085 -0.022012 0.01
v -0.080836 -0.021783 0.01
v -0.080788 -0.021632 0.01
v -0.080681 -0.021454 0.01
v -0.080327 -0.021027 0.01
v -0.079901 -0.020394 0.01
v -0.080269 -0.029057 0.01
v -0.08006 -0.030773 0.01
v -0.078957 -0.031683 0.01
v -0.07902 -0.031897 0.01
v -0.079128 -0.032139 0.01
v -0.079225 -0.032266 0.01
v -0.079312 -0.032337 0.01
v -0.079397 -0.032378 0.01
v -0.079476 -0.032398 0.01
v -0.079553 -0.032398 0.01
v -0.079627 -0.032381 0.01
v -0.079705 -0.032341 0.01
v -0.079768 -0.032288 0.01
v -0.079822 -0.032213 0.01
v -0.079871 -0.032102 0.01
v -0.079914 -0.031943 0.01
v -0.079962 -0.031685 0.01
v -0.080021 -0.031308 0.01
v -0.078256 -0.027655 0.01
v -0.072319 -0.003193 0.01
v -0.065667 0.026609 0.01
v -0.059119 -0.002984 0.01
v -0.07211 -0.001672 0.01
v -0.069396 9.38E-4 0.01
v -0.066875 -7.77E-4 0.01
v -0.065946 -0.001265 0.01
v -0.063082 -0.002157 0.01
v -0.059119 -0.002984 0.0
v -0.065667 0.026609 0.0
v -0.066875 -7.77E-4 0.0
v -0.065946 -0.001265 0.0
v -0.063082 -0.002157 0.0
v -0.069396 9.38E-4 0.0
v -0.07211 -0.001672 0.0
v -0.014998 0.029935 0.01
v -0.016802 0.028428 0.01
v -0.01449 0.032157 0.01
v -0.014342 0.032033 0.01
v -0.014204 0.031871 0.01
v -0.014119 0.031696 0.01
v -0.014058 0.031416 0.01
v -0.014066 0.031145 0.01
v -0.01415 0.030845 0.01
v -0.01431 0.030564 0.01
v -0.01457 0.030275 0.01
v -0.01631 0.031844 0.01
v -0.018413 0.031844 0.01
v -0.020129 0.032157 0.01
v -0.019271 0.032002 0.01
v -0.022247 0.032351 0.01
v -0.026065 0.033455 0.01
v -0.030495 0.034066 0.01
v -0.028263 0.033883 0.01
v -0.044501 -7.77E-4 0.01
v -0.043933 0.015008 0.01
v -0.042298 0.025339 0.01
v -0.040826 0.028889 0.01
v -0.039232 0.031066 0.01
v -0.03771 0.032372 0.01
v -0.035963 0.033279 0.01
v -0.033625 0.033866 0.01
v -0.026572 -0.028461 0.01
v -0.031246 -0.027853 0.01
v -0.034689 -0.027077 0.01
v -0.036112 -0.026381 0.01
v -0.037822 -0.025029 0.01
v -0.039536 -0.022936 0.01
v -0.041544 -0.01931 0.01
v -0.043526 -0.012342 0.01
v -0.022142 -0.028968 0.01
v -0.019025 -0.030266 0.01
v -0.019111 -0.030237 0.01
v -0.019439 -0.030045 0.01
v -0.020498 -0.029408 0.01
v -0.015997 -0.027849 0.01
v -0.016925 -0.028807 0.01
v -0.018322 -0.030001 0.01
v -0.018661 -0.030212 0.01
v -0.018796 -0.030256 0.01
v -0.014789 -0.026551 0.01
v -0.015102 -0.02503 0.01
v -0.0147 -0.024995 0.01
v -0.014494 -0.025018 0.01
v -0.014468 -0.025025 0.01
v -0.014384 -0.02506 0.01
v -0.01433 -0.0251 0.01
v -0.01428 -0.025161 0.01
v -0.014237 -0.025238 0.01
v -0.014146 -0.025456 0.01
v -0.014132 -0.025549 0.01
v -0.014141 -0.02564 0.01
v -0.014176 -0.02575 0.01
v -0.014248 -0.025887 0.01
v -0.014366 -0.026062 0.01
v -0.014538 -0.026277 0.01
v -0.016504 -0.02503 0.01
v -0.018115 -0.02503 0.01
v -0.018115 0.027727 0.01
v -0.017441 0.028045 0.01
v -0.020934 0.028428 0.01
v -0.033829 -0.023354 0.01
v -0.035455 -0.022637 0.01
v -0.036671 -0.021673 0.01
v -0.037821 -0.0202 0.01
v -0.039918 -0.01542 0.01
v -0.020934 -0.024836 0.01
v -0.022843 0.029234 0.01
v -0.027129 0.030209 0.01
v -0.031509 0.030546 0.01
v -0.033982 0.030086 0.01
v -0.03158 -0.023923 0.01
v -0.028481 -0.024329 0.01
v -0.024051 -0.024836 0.01
v -0.022493 -0.024881 0.01
v -0.041562 -0.005238 0.01
v -0.041682 0.008083 0.01
v -0.040505 0.021768 0.01
v -0.036013 0.029322 0.01
v -0.037179 0.028502 0.01
v -0.038483 0.026975 0.01
v -0.039615 0.024806 0.01
v -0.028481 -0.024329 0.0
v -0.024051 -0.024836 0.0
v -0.041682 0.008083 0.0
v -0.041562 -0.005238 0.0
v -0.039918 -0.01542 0.0
v -0.037821 -0.0202 0.0
v -0.036671 -0.021673 0.0
v -0.035455 -0.022637 0.0
v -0.033829 -0.023354 0.0
v -0.03158 -0.023923 0.0
v -0.031509 0.030546 0.0
v -0.033982 0.030086 0.0
v -0.036013 0.029322 0.0
v -0.037179 0.028502 0.0
v -0.038483 0.026975 0.0
v -0.039615 0.024806 0.0
v -0.040505 0.021768 0.0
v -0.022843 0.029234 0.0
v -0.027129 0.030209 0.0
v -0.020934 0.028428 0.0
v -0.020934 -0.024836 0.0
v -0.022493 -0.024881 0.0
v 0.00678 0.006875 0.01
v 0.015237 0.005771 0.01
v 3.8E-5 0.008993 0.01
v 0.001054 0.008377 0.01
v 0.003289 0.007584 0.01
v -8.72E-4 0.0095 0.01
v -0.003796 0.006577 0.01
v -0.003289 0.004861 0.01
v -0.003587 0.004888 0.01
v -0.003779 0.004951 0.01
v -0.0039 0.005022 0.01
v -0.004051 0.005159 0.01
v -0.00416 0.005321 0.01
v -0.004222 0.005484 0.01
v -0.004244 0.005665 0.01
v -0.004221 0.005845 0.01
v -0.004143 0.006062 0.01
v -0.00401 0.006293 0.01
v 0.015237 0.002251 0.01
v 0.015237 -0.02503 0.01
v 2.32E-4 -0.022927 0.01
v -0.002588 -0.021913 0.01
v -0.001224 -0.022549 0.01
v -0.003483 -0.021406 0.01
v -0.006302 -0.024538 0.01
v -0.005705 -0.026149 0.01
v -0.005964 -0.026136 0.01
v -0.006294 -0.026079 0.01
v -0.006407 -0.02603 0.01
v -0.006478 -0.025975 0.01
v -0.006543 -0.025892 0.01
v -0.006644 -0.025696 0.01
v -0.006703 -0.025503 0.01
v -0.006712 -0.025324 0.01
v -0.006675 -0.025121 0.01
v -0.006579 -0.024906 0.01
v -0.004198 -0.026238 0.01
v 0.011016 -0.028356 0.01
v 0.003425 -0.027174 0.01
v 0.01564 -0.029162 0.01
v 0.01907 -0.02776 0.01
v 0.019117 -0.028573 0.01
v 0.019039 -0.028966 0.01
v 0.018909 -0.029246 0.01
v 0.018755 -0.029436 0.01
v 0.018521 -0.029609 0.01
v 0.018244 -0.029725 0.01
v 0.017889 -0.029781 0.01
v 0.017406 -0.029746 0.01
v 0.016741 -0.029569 0.01
v 0.01816 -0.022614 0.01
v 0.018419 -0.025222 0.01
v 0.01816 -0.020704 0.01
v 0.018056 -0.018184 0.01
v 0.018099 -0.019444 0.01
v 0.01816 0.027921 0.01
v 0.019771 0.032351 0.01
v 0.020118 0.032394 0.01
v 0.020302 0.032376 0.01
v 0.020446 0.032323 0.01
v 0.02055 0.032254 0.01
v 0.020609 0.03219 0.01
v 0.02064 0.032133 0.01
v 0.020658 0.032067 0.01
v 0.020655 0.031857 0.01
v 0.020646 0.031657 0.01
v 0.020634 0.031378 0.01
v 0.020527 0.030974 0.01
v 0.020301 0.030522 0.01
v 0.019889 0.029978 0.01
v 0.019242 0.029174 0.01
v 0.017862 0.032053 0.01
v 0.014431 0.031844 0.01
v 0.016151 0.031842 0.01
v 0.014133 0.031844 0.01
v 0.01021 0.032157 0.01
v 0.012161 0.031878 0.01
v 0.006272 0.032858 0.01
v -4.7E-4 0.034872 0.01
v 2.5E-5 0.034572 0.01
v 0.002805 0.03356 0.01
v -0.001379 0.035469 0.01
v -0.004288 0.032456 0.01
v -0.003796 0.030845 0.01
v -0.00407 0.03087 0.01
v -0.004264 0.030931 0.01
v -0.004437 0.031039 0.01
v -0.004551 0.031151 0.01
v -0.004631 0.031278 0.01
v -0.004678 0.031415 0.01
v -0.004691 0.031553 0.01
v -0.004668 0.031701 0.01
v -0.004602 0.031883 0.01
v -0.004482 0.032124 0.01
v -0.002185 0.030636 0.01
v 0.002558 0.030039 0.01
v 1.86E-4 0.030328 0.01
v 0.015237 0.027921 0.01
v 0.03057 0.033962 0.01
v 0.032077 0.033962 0.01
v 0.03057 0.007084 0.01
v 0.03248 0.007084 0.01
v 0.04134 0.031755 0.01
v 0.040269 0.031544 0.01
v 0.038756 0.030972 0.01
v 0.037171 0.029869 0.01
v 0.035935 0.028432 0.01
v 0.034592 0.025846 0.01
v 0.03333 0.02126 0.01
v 0.053929 -0.002388 0.01
v 0.053533 0.013833 0.01
v 0.052682 0.018807 0.01
v 0.050354 0.025526 0.01
v 0.048613 0.028275 0.01
v 0.046937 0.029949 0.01
v 0.045229 0.03101 0.01
v 0.043445 0.031625 0.01
v 0.042145 -0.026745 0.01
v 0.043715 -0.026578 0.01
v 0.045022 -0.026141 0.01
v 0.046325 -0.025326 0.01
v 0.047792 -0.023939 0.01
v 0.04986 -0.020979 0.01
v 0.051437 -0.016774 0.01
v 0.031182 -0.010532 0.01
v 0.031819 -0.01478 0.01
v 0.033217 -0.020562 0.01
v 0.034503 -0.022958 0.01
v 0.035926 -0.024552 0.01
v 0.037686 -0.025756 0.01
v 0.039862 -0.026565 0.01
v 0.030675 -0.005207 0.01
v 0.029064 -0.005296 0.01
v 0.040743 -0.030072 0.01
v 0.039055 -0.029842 0.01
v 0.036616 -0.028926 0.01
v 0.034388 -0.027342 0.01
v 0.032655 -0.025232 0.01
v 0.031029 -0.021975 0.01
v 0.029805 -0.017068 0.01
v 0.05624 0.013229 0.01
v 0.056675 0.009115 0.01
v 0.05631 -0.006101 0.01
v 0.055048 -0.014214 0.01
v 0.052276 -0.022361 0.01
v 0.050116 -0.025935 0.01
v 0.048402 -0.027732 0.01
v 0.04636 -0.028999 0.01
v 0.043632 -0.029926 0.01
v 0.042145 0.035066 0.01
v 0.043536 0.035056 0.01
v 0.044995 0.034754 0.01
v 0.046504 0.034026 0.01
v 0.049202 0.032016 0.01
v 0.051337 0.029462 0.01
v 0.053802 0.024208 0.01
v 0.033688 0.029636 0.01
v 0.034795 0.031123 0.01
v 0.036965 0.033086 0.01
v 0.039227 0.034303 0.01
v 0.032793 0.028026 0.01
v 0.398746 0.361126 0.3
v 0.398131 0.362883 0.3
v 0.395048 0.371694 0.3
v 0.393065 0.374851 0.3
v 0.389092 0.381175 0.3
v 0.385133 0.385133 0.3
v 0.381175 0.389092 0.3
v 0.374851 0.393065 0.3
v 0.371694 0.395048 0.3
v 0.362883 0.398131 0.3
v 0.361126 0.398746 0.3
v 0.393919 0.37115 0.311126
v 0.388111 0.380393 0.311126
v 0.380393 0.388111 0.311126
v 0.37115 0.393919 0.311126
v 0.360847 0.397524 0.311126
v 0.352476 0.360847 0.348746
v 0.35 0.361126 0.348746
v 0.354827 0.37115 0.345048
v 0.35 0.371694 0.345048
v 0.35 0.362883 0.348132
v 0.361126 0.35 0.348746
v 0.360847 0.352476 0.348746
v 0.362883 0.35 0.348132
v 0.37115 0.354827 0.345048
v 0.371694 0.35 0.345048
v 0.374851 0.35 0.343065
v 0.380393 0.356937 0.339092
v 0.358699 0.388111 0.331174
v 0.35 0.385133 0.335133
v 0.356937 0.380393 0.339092
v 0.35 0.381175 0.339092
v 0.35 0.374851 0.343065
v 0.381175 0.35 0.339092
v 0.385133 0.35 0.335133
v 0.388111 0.358699 0.331174
v 0.360024 0.393919 0.321694
v 0.35 0.393065 0.324851
v 0.35 0.389092 0.331174
v 0.389092 0.35 0.331174
v 0.393065 0.35 0.324851
v 0.393919 0.360024 0.321694
v 0.35 0.398131 0.312883
v 0.35 0.395048 0.321694
v 0.35 0.398746 0.311126
v 0.369546 0.390587 0.321694
v 0.366961 0.38522 0.331174
v 0.363526 0.378087 0.339092
v 0.359413 0.369546 0.345048
v 0.354827 0.360024 0.348746
v 0.378087 0.38522 0.321694
v 0.374373 0.380563 0.331174
v 0.369437 0.374373 0.339092
v 0.363526 0.366961 0.345048
v 0.356937 0.358699 0.348746
v 0.38522 0.378087 0.321694
v 0.380563 0.374373 0.331174
v 0.374373 0.369437 0.339092
v 0.366961 0.363526 0.345048
v 0.358699 0.356937 0.348746
v 0.390587 0.369546 0.321694
v 0.38522 0.366961 0.331174
v 0.378087 0.363526 0.339092
v 0.369546 0.359413 0.345048
v 0.360024 0.354827 0.348746
v 0.397524 0.360847 0.311126
v 0.395048 0.35 0.321694
v 0.398131 0.35 0.312883
v 0.398746 0.35 0.311126
v -0.361126 0.398746 0.3
v -0.362883 0.398131 0.3
v -0.371694 0.395048 0.3
v -0.374851 0.393065 0.3
v -0.381175 0.389092 0.3
v -0.385133 0.385133 0.3
v -0.389092 0.381175 0.3
v -0.393065 0.374851 0.3
v -0.395048 0.371694 0.3
v -0.398131 0.362883 0.3
v -0.398746 0.361126 0.3
v -0.35 0.361126 0.348746
v -0.35 0.362883 0.348132
v -0.35 0.398746 0.311126
v -0.35 0.398131 0.312883
v -0.35 0.395048 0.321694
v -0.35 0.393065 0.324851
v -0.35 0.389092 0.331174
v -0.35 0.385133 0.335133
v -0.35 0.381175 0.339092
v -0.35 0.374851 0.343065
v -0.35 0.371694 0.345048
v 0.398746 -0.35 0.311126
v 0.398131 -0.35 0.312883
v 0.395048 -0.35 0.321694
v 0.393065 -0.35 0.324851
v 0.389092 -0.35 0.331174
v 0.385133 -0.35 0.335133
v 0.381175 -0.35 0.339092
v 0.374851 -0.35 0.343065
v 0.371694 -0.35 0.345048
v 0.362883 -0.35 0.348132
v 0.361126 -0.35 0.348746
v 0.361126 -0.398746 0.3
v 0.362883 -0.398131 0.3
v 0.371694 -0.395048 0.3
v 0.374851 -0.393065 0.3
v 0.381175 -0.389092 0.3
v 0.385133 -0.385133 0.3
v 0.389092 -0.381175 0.3
v 0.393065 -0.374851 0.3
v 0.395048 -0.371694 0.3
v 0.398131 -0.362883 0.3
v 0.398746 -0.361126 0.3
v -0.37115 0.393919 0.311126
v -0.380393 0.388111 0.311126
v -0.388111 0.380393 0.311126
v -0.393919 0.37115 0.311126
v -0.397524 0.360847 0.311126
v -0.360847 0.352476 0.348746
v -0.361126 0.35 0.348746
v -0.37115 0.354827 0.345048
v -0.371694 0.35 0.345048
v -0.362883 0.35 0.348132
v -0.352476 0.360847 0.348746
v -0.354827 0.37115 0.345048
v -0.356937 0.380393 0.339092
v -0.388111 0.358699 0.331174
v -0.385133 0.35 0.335133
v -0.380393 0.356937 0.339092
v -0.381175 0.35 0.339092
v -0.374851 0.35 0.343065
v -0.358699 0.388111 0.331174
v -0.393919 0.360024 0.321694
v -0.393065 0.35 0.324851
v -0.389092 0.35 0.331174
v -0.360024 0.393919 0.321694
v -0.398131 0.35 0.312883
v -0.395048 0.35 0.321694
v -0.398746 0.35 0.311126
v -0.390587 0.369546 0.321694
v -0.38522 0.366961 0.331174
v -0.378087 0.363526 0.339092
v -0.369546 0.359413 0.345048
v -0.360024 0.354827 0.348746
v -0.38522 0.378087 0.321694
v -0.380563 0.374373 0.331174
v -0.374373 0.369437 0.339092
v -0.366961 0.363526 0.345048
v -0.358699 0.356937 0.348746
v -0.378087 0.38522 0.321694
v -0.374373 0.380563 0.331174
v -0.369437 0.374373 0.339092
v -0.363526 0.366961 0.345048
v -0.356937 0.358699 0.348746
v -0.369546 0.390587 0.321694
v -0.366961 0.38522 0.331174
v -0.363526 0.378087 0.339092
v -0.359413 0.369546 0.345048
v -0.354827 0.360024 0.348746
v -0.360847 0.397524 0.311126
v 0.37115 -0.393919 0.311126
v 0.380393 -0.388111 0.311126
v 0.388111 -0.380393 0.311126
v 0.393919 -0.37115 0.311126
v 0.397524 -0.360847 0.311126
v 0.360847 -0.352476 0.348746
v 0.37115 -0.354827 0.345048
v 0.35 -0.361126 0.348746
v 0.352476 -0.360847 0.348746
v 0.35 -0.362883 0.348132
v 0.354827 -0.37115 0.345048
v 0.35 -0.371694 0.345048
v 0.35 -0.374851 0.343065
v 0.356937 -0.380393 0.339092
v 0.388111 -0.358699 0.331174
v 0.380393 -0.356937 0.339092
v 0.35 -0.381175 0.339092
v 0.35 -0.385133 0.335133
v 0.358699 -0.388111 0.331174
v 0.393919 -0.360024 0.321694
v 0.35 -0.389092 0.331174
v 0.35 -0.393065 0.324851
v 0.360024 -0.393919 0.321694
v 0.390587 -0.369546 0.321694
v 0.38522 -0.366961 0.331174
v 0.378087 -0.363526 0.339092
v 0.369546 -0.359413 0.345048
v 0.360024 -0.354827 0.348746
v 0.38522 -0.378087 0.321694
v 0.380563 -0.374373 0.331174
v 0.374373 -0.369437 0.339092
v 0.366961 -0.363526 0.345048
v 0.358699 -0.356937 0.348746
v 0.378087 -0.38522 0.321694
v 0.374373 -0.380563 0.331174
v 0.369437 -0.374373 0.339092
v 0.363526 -0.366961 0.345048
v 0.356937 -0.358699 0.348746
v 0.369546 -0.390587 0.321694
v 0.366961 -0.38522 0.331174
v 0.363526 -0.378087 0.339092
v 0.359413 -0.369546 0.345048
v 0.354827 -0.360024 0.348746
v 0.360847 -0.397524 0.311126
v 0.35 -0.395048 0.321694
v 0.35 -0.398131 0.312883
v 0.35 -0.398746 0.311126
v -0.398746 -0.35 0.311126
v -0.398131 -0.35 0.312883
v -0.395048 -0.35 0.321694
v -0.393065 -0.35 0.324851
v -0.389092 -0.35 0.331174
v -0.385133 -0.35 0.335133
v -0.381175 -0.35 0.339092
v -0.374851 -0.35 0.343065
v -0.371694 -0.35 0.345048
v -0.362883 -0.35 0.348132
v -0.361126 -0.35 0.348746
v -0.35 -0.361126 0.348746
v -0.35 -0.398746 0.311126
v -0.35 -0.398131 0.312883
v -0.35 -0.395048 0.321694
v -0.35 -0.393065 0.324851
v -0.35 -0.389092 0.331174
v -0.35 -0.385133 0.335133
v -0.35 -0.381175 0.339092
v -0.35 -0.374851 0.343065
v -0.35 -0.371694 0.345048
v -0.35 -0.362883 0.348132
v -0.398131 -0.362883 0.3
v -0.395048 -0.371694 0.3
v -0.393919 -0.37115 0.311126
v -0.393065 -0.374851 0.3
v -0.389092 -0.381175 0.3
v -0.388111 -0.380393 0.311126
v -0.385133 -0.385133 0.3
v -0.381175 -0.389092 0.3
v -0.380393 -0.388111 0.311126
v -0.374851 -0.393065 0.3
v -0.371694 -0.395048 0.3
v -0.37115 -0.393919 0.311126
v -0.362883 -0.398131 0.3
v -0.361126 -0.398746 0.3
v -0.360847 -0.397524 0.311126
v -0.352476 -0.360847 0.348746
v -0.354827 -0.37115 0.345048
v -0.360847 -0.352476 0.348746
v -0.37115 -0.354827 0.345048
v -0.380393 -0.356937 0.339092
v -0.358699 -0.388111 0.331174
v -0.356937 -0.380393 0.339092
v -0.388111 -0.358699 0.331174
v -0.360024 -0.393919 0.321694
v -0.393919 -0.360024 0.321694
v -0.369546 -0.390587 0.321694
v -0.366961 -0.38522 0.331174
v -0.363526 -0.378087 0.339092
v -0.359413 -0.369546 0.345048
v -0.354827 -0.360024 0.348746
v -0.378087 -0.38522 0.321694
v -0.374373 -0.380563 0.331174
v -0.369437 -0.374373 0.339092
v -0.363526 -0.366961 0.345048
v -0.356937 -0.358699 0.348746
v -0.38522 -0.378087 0.321694
v -0.380563 -0.374373 0.331174
v -0.374373 -0.369437 0.339092
v -0.366961 -0.363526 0.345048
v -0.358699 -0.356937 0.348746
v -0.390587 -0.369546 0.321694
v -0.38522 -0.366961 0.331174
v -0.378087 -0.363526 0.339092
v -0.369546 -0.359413 0.345048
v -0.360024 -0.354827 0.348746
v -0.398746 -0.361126 0.3
v -0.397524 -0.360847 0.311126
usemtl 1
f 1// 2// 3//
f 4// 5// 6//
f 7// 8// 9//
f 10// 11// 12//
f 13// 14// 15//
f 16// 17// 18//
f 19// 20// 21//
f 19// 21// 22//
f 23// 24// 21//
f 21// 24// 25//
f 21// 25// 26//
f 27// 28// 29//
f 29// 28// 30//
f 29// 30// 31//
f 32// 33// 34//
f 26// 35// 21//
f 21// 35// 36//
f 21// 36// 37//
f 37// 36// 38//
f 37// 38// 39//
f 32// 34// 20//
f 33// 40// 34//
f 34// 40// 41//
f 34// 41// 42//
f 34// 43// 20//
f 20// 43// 44//
f 20// 44// 21//
f 21// 44// 45//
f 21// 45// 23//
f 46// 47// 29//
f 29// 47// 48//
f 29// 48// 27//
f 49// 50// 34//
f 34// 50// 51//
f 34// 51// 29//
f 29// 51// 52//
f 29// 52// 46//
f 42// 53// 34//
f 34// 53// 54//
f 34// 54// 49//
f 55// 56// 57//
f 58// 59// 60//
f 60// 59// 61//
f 58// 62// 59//
f 59// 62// 63//
f 59// 63// 55//
f 64// 65// 66//
f 66// 65// 67//
f 68// 69// 70//
f 70// 69// 71//
f 71// 72// 70//
f 70// 72// 73//
f 70// 73// 67//
f 74// 75// 76//
f 76// 75// 77//
f 78// 79// 80//
f 80// 79// 75//
f 80// 75// 81//
f 81// 75// 74//
f 82// 83// 80//
f 80// 83// 84//
f 80// 84// 78//
f 85// 86// 87//
f 87// 86// 88//
f 89// 90// 91//
f 91// 90// 92//
f 91// 92// 80//
f 80// 92// 93//
f 80// 93// 82//
f 94// 95// 88//
f 88// 95// 96//
f 88// 96// 97//
f 97// 98// 88//
f 88// 98// 99//
f 88// 99// 100//
f 100// 101// 88//
f 88// 101// 102//
f 88// 102// 87//
f 87// 102// 103//
f 87// 103// 91//
f 91// 103// 104//
f 91// 104// 89//
f 105// 106// 94//
f 94// 106// 107//
f 94// 107// 95//
f 108// 109// 110//
f 110// 109// 111//
f 110// 111// 112//
f 73// 113// 67//
f 67// 113// 114//
f 67// 114// 66//
f 66// 114// 16//
f 115// 116// 117//
f 117// 116// 118//
f 119// 120// 121//
f 121// 120// 122//
f 123// 124// 125//
f 125// 124// 126//
f 127// 128// 129//
f 129// 128// 130//
f 131// 132// 15//
f 133// 134// 135//
f 136// 137// 138//
f 14// 139// 123//
f 123// 139// 140//
f 123// 140// 124//
f 14// 141// 142//
f 143// 144// 145//
f 146// 121// 147//
f 147// 121// 148//
f 118// 149// 117//
f 117// 149// 135//
f 117// 135// 150//
f 150// 135// 134//
f 151// 152// 153//
f 136// 138// 154//
f 137// 155// 138//
f 138// 155// 156//
f 138// 156// 157//
f 123// 158// 14//
f 14// 158// 159//
f 14// 159// 160//
f 161// 162// 15//
f 163// 164// 145//
f 153// 165// 150//
f 146// 166// 121//
f 121// 166// 167//
f 121// 167// 119//
f 168// 169// 170//
f 122// 171// 121//
f 121// 171// 138//
f 121// 138// 172//
f 172// 138// 157//
f 160// 173// 14//
f 14// 173// 174//
f 14// 174// 141//
f 175// 176// 117//
f 117// 176// 177//
f 117// 177// 115//
f 178// 179// 121//
f 121// 179// 180//
f 181// 182// 135//
f 161// 15// 183//
f 180// 184// 121//
f 121// 184// 185//
f 121// 185// 148//
f 148// 186// 147//
f 147// 186// 187//
f 147// 187// 135//
f 135// 187// 188//
f 135// 188// 181//
f 189// 190// 135//
f 135// 190// 191//
f 135// 191// 133//
f 134// 192// 150//
f 150// 192// 193//
f 150// 193// 153//
f 153// 193// 194//
f 153// 194// 151//
f 165// 195// 150//
f 150// 195// 196//
f 150// 196// 197//
f 154// 138// 170//
f 170// 138// 198//
f 170// 198// 168//
f 142// 199// 14//
f 14// 199// 200//
f 14// 200// 15//
f 15// 200// 201//
f 15// 201// 183//
f 162// 202// 15//
f 15// 202// 203//
f 15// 203// 204//
f 131// 15// 205//
f 163// 145// 206//
f 164// 207// 145//
f 145// 207// 208//
f 145// 208// 143//
f 209// 210// 211//
f 204// 212// 15//
f 15// 212// 213//
f 15// 213// 205//
f 205// 213// 214//
f 205// 214// 215//
f 144// 216// 145//
f 145// 216// 217//
f 145// 217// 117//
f 117// 217// 218//
f 117// 218// 175//
f 219// 220// 121//
f 121// 220// 221//
f 121// 221// 178//
f 222// 223// 224//
f 224// 223// 205//
f 224// 205// 225//
f 225// 205// 215//
f 132// 226// 15//
f 15// 226// 227//
f 15// 227// 145//
f 145// 227// 228//
f 145// 228// 206//
f 219// 121// 210//
f 210// 121// 229//
f 210// 229// 211//
f 182// 230// 135//
f 135// 230// 231//
f 135// 231// 232//
f 130// 233// 129//
f 129// 233// 234//
f 129// 234// 222//
f 222// 234// 235//
f 222// 235// 223//
f 232// 236// 135//
f 135// 236// 237//
f 135// 237// 189//
f 209// 211// 238//
f 238// 211// 239//
f 238// 239// 240//
f 15// 241// 13//
f 13// 241// 242//
f 13// 242// 243//
f 244// 245// 246//
f 246// 245// 247//
f 248// 249// 250//
f 250// 249// 251//
f 252// 253// 250//
f 250// 253// 254//
f 250// 254// 248//
f 247// 255// 246//
f 246// 255// 256//
f 246// 256// 257//
f 257// 258// 246//
f 246// 258// 259//
f 246// 259// 260//
f 261// 262// 91//
f 263// 264// 80//
f 80// 264// 265//
f 80// 265// 91//
f 91// 265// 266//
f 91// 266// 261//
f 267// 81// 268//
f 268// 81// 269//
f 270// 271// 80//
f 80// 271// 272//
f 80// 272// 263//
f 267// 273// 81//
f 81// 273// 274//
f 81// 274// 275//
f 275// 276// 81//
f 81// 276// 277//
f 81// 277// 80//
f 80// 277// 278//
f 80// 278// 270//
f 74// 64// 81//
f 81// 64// 66//
f 81// 66// 269//
f 269// 66// 279//
f 251// 280// 250//
f 250// 280// 281//
f 250// 281// 6//
f 282// 283// 284//
f 284// 283// 285//
f 284// 285// 286//
f 286// 285// 12//
f 12// 285// 287//
f 12// 287// 10//
f 288// 289// 290//
f 290// 289// 291//
f 290// 291// 292//
f 293// 294// 295//
f 295// 294// 296//
f 296// 297// 295//
f 295// 297// 298//
f 295// 298// 291//
f 291// 298// 299//
f 291// 299// 300//
f 301// 291// 302//
f 302// 291// 300//
f 302// 300// 303//
f 303// 300// 304//
f 301// 305// 291//
f 291// 305// 306//
f 291// 306// 307//
f 307// 308// 291//
f 291// 308// 309//
f 291// 309// 292//
f 30// 310// 311//
f 312// 295// 313//
f 313// 295// 314//
f 312// 315// 295//
f 295// 315// 316//
f 295// 316// 293//
f 56// 31// 57//
f 57// 31// 30//
f 57// 30// 295//
f 295// 30// 311//
f 295// 311// 314//
f 317// 318// 42//
f 42// 318// 319//
f 42// 319// 53//
f 320// 321// 322//
f 320// 322// 323//
f 42// 324// 317//
f 317// 324// 325//
f 317// 325// 322//
f 322// 325// 326//
f 322// 326// 323//
f 327// 328// 329//
f 328// 330// 329//
f 329// 330// 331//
f 329// 331// 332//
f 321// 333// 322//
f 322// 333// 334//
f 322// 334// 335//
f 335// 334// 336//
f 335// 336// 329//
f 329// 336// 337//
f 329// 337// 327//
f 338// 339// 340//
f 340// 339// 341//
f 340// 341// 342//
f 343// 344// 340//
f 340// 344// 345//
f 340// 345// 338//
f 346// 347// 348//
f 348// 347// 349//
f 348// 349// 9//
f 9// 349// 350//
f 9// 350// 351//
f 351// 352// 9//
f 9// 352// 353//
f 9// 353// 354//
f 354// 355// 9//
f 9// 355// 356//
f 9// 356// 7//
f 241// 357// 242//
f 242// 357// 358//
f 242// 358// 18//
f 18// 358// 359//
f 18// 359// 16//
f 16// 359// 4//
f 16// 4// 66//
f 66// 4// 6//
f 66// 6// 279//
f 279// 6// 281//
f 360// 289// 361//
f 361// 289// 362//
f 361// 362// 363//
f 363// 362// 364//
f 363// 364// 5//
f 17// 108// 18//
f 18// 108// 110//
f 18// 110// 242//
f 242// 110// 150//
f 242// 150// 243//
f 243// 150// 197//
f 365// 364// 348//
f 348// 364// 362//
f 348// 362// 346//
f 346// 362// 289//
f 346// 289// 366//
f 366// 289// 288//
f 366// 288// 11//
f 11// 288// 367//
f 11// 367// 12//
f 112// 368// 110//
f 110// 368// 369//
f 110// 369// 150//
f 150// 369// 370//
f 150// 370// 117//
f 117// 370// 371//
f 117// 371// 368//
f 368// 371// 372//
f 368// 372// 369//
f 250// 373// 374//
f 375// 376// 377//
f 377// 376// 378//
f 377// 378// 379//
f 380// 381// 3//
f 3// 381// 382//
f 3// 382// 1//
f 1// 382// 383//
f 1// 383// 374//
f 384// 385// 246//
f 246// 385// 386//
f 387// 388// 389//
f 387// 390// 391//
f 392// 393// 394//
f 395// 396// 397//
f 394// 393// 398//
f 398// 393// 399//
f 398// 399// 400//
f 383// 401// 374//
f 374// 401// 402//
f 374// 402// 403//
f 389// 404// 387//
f 387// 404// 405//
f 387// 405// 390//
f 406// 407// 380//
f 380// 407// 408//
f 394// 409// 392//
f 392// 409// 410//
f 392// 410// 411//
f 412// 413// 365//
f 365// 413// 414//
f 365// 414// 415//
f 415// 416// 365//
f 365// 416// 417//
f 365// 417// 418//
f 419// 420// 246//
f 421// 422// 423//
f 423// 422// 424//
f 423// 424// 425//
f 425// 424// 426//
f 425// 426// 427//
f 427// 426// 380//
f 380// 426// 428//
f 380// 428// 429//
f 408// 430// 380//
f 380// 430// 431//
f 380// 431// 381//
f 373// 250// 377//
f 432// 433// 434//
f 420// 435// 246//
f 246// 435// 436//
f 246// 436// 384//
f 386// 437// 246//
f 246// 437// 438//
f 246// 438// 387//
f 387// 438// 439//
f 387// 439// 388//
f 429// 440// 380//
f 380// 440// 441//
f 380// 441// 406//
f 411// 442// 392//
f 392// 442// 443//
f 392// 443// 365//
f 365// 443// 444//
f 365// 444// 412//
f 5// 364// 6//
f 6// 364// 365//
f 6// 365// 250//
f 250// 365// 418//
f 250// 418// 377//
f 377// 418// 445//
f 377// 445// 375//
f 446// 400// 396//
f 396// 400// 447//
f 396// 447// 448//
f 446// 449// 400//
f 400// 449// 450//
f 400// 450// 451//
f 451// 452// 400//
f 400// 452// 453//
f 400// 453// 398//
f 403// 419// 374//
f 374// 419// 246//
f 374// 246// 250//
f 250// 246// 260//
f 250// 260// 252//
f 432// 434// 454//
f 448// 455// 396//
f 396// 455// 456//
f 396// 456// 397//
f 395// 397// 434//
f 434// 397// 457//
f 434// 457// 454//
f 458// 459// 460//
f 460// 459// 461//
f 460// 461// 462//
f 463// 9// 464//
f 464// 9// 465//
f 466// 467// 461//
f 461// 467// 468//
f 461// 468// 462//
f 469// 470// 460//
f 460// 470// 471//
f 460// 471// 458//
f 472// 473// 348//
f 387// 474// 475//
f 466// 461// 476//
f 476// 461// 477//
f 476// 477// 478//
f 479// 480// 481//
f 481// 480// 482//
f 482// 483// 481//
f 481// 483// 484//
f 481// 484// 469//
f 469// 484// 485//
f 469// 485// 470//
f 486// 487// 387//
f 488// 489// 387//
f 387// 489// 490//
f 387// 490// 474//
f 491// 492// 493//
f 494// 495// 348//
f 473// 496// 348//
f 348// 496// 497//
f 348// 497// 365//
f 365// 497// 498//
f 365// 498// 499//
f 486// 387// 500//
f 487// 501// 387//
f 387// 501// 502//
f 387// 502// 488//
f 9// 503// 504//
f 365// 505// 506//
f 504// 507// 9//
f 9// 507// 508//
f 9// 508// 465//
f 478// 509// 476//
f 476// 509// 510//
f 476// 510// 511//
f 511// 512// 476//
f 476// 512// 513//
f 476// 513// 514//
f 514// 513// 515//
f 495// 516// 348//
f 348// 516// 517//
f 348// 517// 472//
f 499// 518// 365//
f 365// 518// 519//
f 365// 519// 520//
f 520// 521// 365//
f 365// 521// 522//
f 365// 522// 505//
f 391// 392// 387//
f 387// 392// 365//
f 387// 365// 500//
f 500// 365// 506//
f 500// 506// 523//
f 523// 506// 524//
f 523// 524// 525//
f 463// 479// 9//
f 9// 479// 481//
f 9// 481// 348//
f 348// 481// 526//
f 348// 526// 494//
f 475// 527// 387//
f 387// 527// 528//
f 387// 528// 529//
f 525// 530// 523//
f 523// 530// 531//
f 523// 531// 493//
f 493// 531// 532//
f 493// 532// 533//
f 534// 535// 536//
f 533// 537// 493//
f 493// 537// 538//
f 493// 538// 491//
f 534// 536// 539//
f 529// 540// 387//
f 387// 540// 541//
f 387// 541// 9//
f 9// 541// 542//
f 9// 542// 503//
f 492// 543// 493//
f 493// 543// 544//
f 493// 544// 545//
f 545// 544// 546//
f 545// 546// 536//
f 536// 546// 547//
f 536// 547// 539//
f 112// 85// 368//
f 368// 85// 87//
f 368// 87// 117//
f 117// 87// 548//
f 117// 548// 145//
f 145// 548// 549//
f 8// 343// 9//
f 9// 343// 340//
f 9// 340// 387//
f 387// 340// 550//
f 387// 550// 246//
f 246// 550// 262//
f 246// 262// 244//
f 244// 262// 261//
f 55// 57// 59//
f 59// 57// 295//
f 59// 295// 551//
f 551// 295// 291//
f 551// 291// 552//
f 552// 291// 289//
f 552// 289// 553//
f 553// 289// 360//
f 553// 360// 554//
f 342// 22// 340//
f 340// 22// 21//
f 340// 21// 550//
f 550// 21// 555//
f 550// 555// 262//
f 262// 555// 556//
f 262// 556// 91//
f 91// 556// 557//
f 91// 557// 87//
f 87// 557// 558//
f 87// 558// 548//
f 548// 558// 559//
f 548// 559// 549//
f 549// 559// 560//
f 561// 562// 563//
f 563// 562// 564//
f 565// 566// 567//
f 562// 568// 564//
f 564// 568// 567//
f 564// 567// 569//
f 569// 567// 566//
f 569// 566// 570//
f 571// 563// 572//
f 567// 561// 565//
f 565// 561// 563//
f 565// 563// 573//
f 573// 563// 571//
f 573// 571// 570//
f 570// 571// 574//
f 570// 574// 569//
f 569// 574// 575//
f 569// 575// 572//
f 572// 575// 576//
f 572// 576// 571//
f 577// 578// 579//
f 579// 580// 581//
f 581// 580// 582//
f 583// 577// 584//
f 584// 577// 579//
f 584// 579// 585//
f 585// 579// 581//
f 585// 581// 586//
f 586// 581// 587//
f 586// 587// 588//
f 588// 587// 583//
f 588// 583// 584//
usemtl 2
f 589// 590// 591//
f 591// 590// 592//
usemtl 1
f 593// 594// 595//
f 595// 594// 596//
f 595// 596// 597//
f 598// 599// 600//
f 600// 599// 601//
f 601// 602// 600//
f 600// 602// 603//
f 600// 603// 604//
f 605// 606// 607//
f 607// 606// 594//
f 607// 594// 608//
f 608// 594// 593//
f 608// 593// 600//
f 609// 610// 608//
f 591// 592// 611//
f 612// 613// 614//
f 613// 612// 615//
f 610// 616// 608//
f 608// 616// 617//
f 608// 617// 618//
f 619// 591// 620//
f 620// 591// 611//
f 620// 611// 621//
f 621// 611// 606//
f 621// 606// 587//
f 587// 606// 605//
f 587// 605// 583//
f 604// 622// 600//
f 600// 622// 623//
f 600// 623// 608//
f 608// 623// 624//
f 608// 624// 609//
f 625// 597// 626//
f 626// 597// 596//
f 626// 596// 627//
f 627// 596// 611//
f 627// 611// 628//
f 628// 611// 592//
f 628// 592// 615//
f 614// 629// 612//
f 612// 629// 630//
f 612// 630// 631//
f 632// 633// 634//
f 634// 635// 632//
f 632// 635// 636//
f 632// 636// 637//
f 633// 632// 620//
f 620// 632// 638//
f 620// 638// 639//
f 640// 641// 628//
f 639// 642// 620//
f 620// 642// 643//
f 620// 643// 619//
f 612// 564// 615//
f 615// 564// 569//
f 615// 569// 628//
f 628// 569// 644//
f 628// 644// 640//
f 641// 645// 628//
f 628// 645// 646//
f 628// 646// 647//
f 39// 648// 649//
f 649// 648// 650//
f 649// 650// 651//
f 651// 652// 649//
f 649// 652// 653//
f 649// 653// 61//
f 654// 655// 656//
f 657// 658// 623//
f 659// 655// 660//
f 660// 655// 654//
f 660// 654// 658//
f 658// 654// 661//
f 658// 661// 623//
f 623// 661// 662//
f 623// 662// 656//
f 656// 662// 663//
f 656// 663// 654//
f 623// 622// 657//
f 657// 622// 664//
f 657// 664// 659//
f 659// 664// 665//
f 659// 665// 655//
f 655// 665// 666//
f 655// 666// 622//
f 622// 666// 667//
f 622// 667// 664//
f 668// 669// 670//
f 671// 672// 673//
f 674// 670// 675//
f 675// 670// 669//
f 675// 669// 625//
f 625// 669// 676//
f 625// 676// 597//
f 597// 676// 677//
f 597// 677// 673//
f 673// 677// 668//
f 673// 668// 671//
f 671// 668// 670//
usemtl 3
f 283// 678// 679//
f 283// 679// 285//
f 285// 679// 680//
f 285// 680// 287//
f 287// 680// 681//
f 287// 681// 10//
f 681// 682// 366//
f 366// 11// 681//
f 681// 11// 683//
f 681// 683// 10//
f 684// 346// 682//
f 682// 346// 366//
f 684// 685// 349//
f 349// 686// 684//
f 684// 686// 347//
f 684// 347// 346//
f 349// 685// 687//
f 349// 687// 350//
f 350// 687// 688//
f 350// 688// 351//
f 351// 688// 689//
f 351// 689// 352//
f 690// 353// 689//
f 689// 353// 691//
f 689// 691// 352//
f 692// 354// 690//
f 690// 354// 353//
f 693// 355// 692//
f 692// 355// 354//
f 355// 693// 694//
f 355// 694// 356//
f 356// 694// 695//
f 356// 695// 7//
f 7// 695// 8//
f 8// 695// 696//
f 8// 696// 343//
f 343// 696// 697//
f 343// 697// 344//
f 344// 697// 698//
f 344// 698// 345//
f 345// 698// 699//
f 345// 699// 338//
f 338// 699// 700//
f 338// 700// 339//
f 339// 700// 701//
f 339// 701// 341//
f 341// 701// 702//
f 341// 702// 342//
f 342// 702// 22//
f 22// 702// 703//
f 22// 703// 19//
f 19// 703// 704//
f 19// 704// 20//
f 20// 704// 705//
f 20// 705// 32//
f 32// 705// 706//
f 32// 706// 33//
f 33// 706// 707//
f 33// 707// 40//
f 40// 707// 708//
f 40// 708// 41//
f 41// 708// 42//
f 42// 708// 709//
f 42// 709// 324//
f 324// 709// 710//
f 324// 710// 325//
f 325// 710// 326//
f 326// 710// 711//
f 326// 711// 323//
f 323// 711// 712//
f 323// 712// 320//
f 320// 712// 713//
f 320// 713// 321//
f 321// 713// 714//
f 321// 714// 333//
f 333// 714// 715//
f 333// 715// 334//
f 334// 715// 716//
f 334// 716// 336//
f 336// 716// 717//
f 336// 717// 337//
f 337// 717// 718//
f 337// 718// 327//
f 327// 718// 719//
f 327// 719// 328//
f 328// 719// 720//
f 328// 720// 330//
f 330// 720// 721//
f 330// 721// 331//
f 722// 332// 721//
f 721// 332// 331//
f 723// 329// 722//
f 722// 329// 332//
f 724// 335// 723//
f 723// 335// 329//
f 335// 724// 322//
f 322// 724// 725//
f 322// 725// 317//
f 317// 725// 726//
f 317// 726// 318//
f 318// 726// 727//
f 318// 727// 319//
f 319// 727// 53//
f 53// 727// 728//
f 53// 728// 54//
f 54// 728// 729//
f 54// 729// 49//
f 49// 729// 730//
f 49// 730// 50//
f 50// 730// 731//
f 50// 731// 51//
f 51// 731// 732//
f 51// 732// 52//
f 52// 732// 733//
f 52// 733// 46//
f 46// 733// 734//
f 46// 734// 47//
f 47// 734// 735//
f 47// 735// 48//
f 48// 735// 736//
f 48// 736// 27//
f 27// 736// 737//
f 27// 737// 28//
f 738// 310// 737//
f 737// 310// 30//
f 737// 30// 28//
f 310// 738// 739//
f 310// 739// 311//
f 311// 739// 740//
f 311// 740// 314//
f 314// 740// 741//
f 314// 741// 313//
f 313// 741// 742//
f 313// 742// 312//
f 312// 742// 743//
f 312// 743// 315//
f 315// 743// 316//
f 316// 743// 744//
f 316// 744// 293//
f 293// 744// 745//
f 293// 745// 294//
f 746// 296// 745//
f 745// 296// 294//
f 296// 746// 747//
f 296// 747// 297//
f 297// 747// 748//
f 297// 748// 298//
f 298// 748// 749//
f 298// 749// 299//
f 299// 749// 750//
f 299// 750// 300//
f 300// 750// 751//
f 300// 751// 304//
f 304// 751// 752//
f 304// 752// 303//
f 303// 752// 753//
f 303// 753// 302//
f 302// 753// 754//
f 302// 754// 301//
f 301// 754// 755//
f 301// 755// 305//
f 756// 306// 755//
f 755// 306// 305//
f 306// 756// 757//
f 757// 756// 758//
f 757// 758// 307//
f 307// 758// 759//
f 307// 759// 308//
f 308// 759// 760//
f 308// 760// 309//
f 761// 292// 760//
f 760// 292// 309//
f 292// 761// 762//
f 762// 761// 763//
f 762// 763// 290//
f 290// 763// 288//
f 763// 764// 12//
f 12// 765// 763//
f 763// 765// 367//
f 763// 367// 288//
f 12// 764// 766//
f 12// 766// 286//
f 286// 766// 767//
f 286// 767// 284//
f 284// 767// 768//
f 768// 767// 769//
f 768// 769// 282//
f 678// 283// 769//
f 769// 283// 770//
f 769// 770// 282//
f 688// 687// 678//
f 717// 693// 718//
f 718// 693// 692//
f 718// 692// 719//
f 685// 684// 682//
f 769// 722// 690//
f 690// 722// 721//
f 690// 721// 692//
f 692// 721// 720//
f 692// 720// 719//
f 682// 681// 685//
f 685// 681// 680//
f 685// 680// 687//
f 687// 680// 679//
f 687// 679// 678//
f 694// 693// 711//
f 729// 728// 737//
f 737// 728// 727//
f 737// 727// 738//
f 738// 727// 726//
f 738// 726// 725//
f 711// 710// 694//
f 694// 710// 709//
f 694// 709// 708//
f 700// 699// 698//
f 703// 697// 696//
f 769// 690// 678//
f 678// 690// 689//
f 678// 689// 688//
f 763// 761// 764//
f 764// 761// 760//
f 764// 760// 766//
f 766// 760// 759//
f 766// 759// 767//
f 767// 759// 758//
f 767// 758// 769//
f 769// 758// 756//
f 769// 756// 722//
f 722// 756// 755//
f 722// 755// 723//
f 723// 755// 754//
f 723// 754// 753//
f 747// 746// 723//
f 723// 746// 745//
f 723// 745// 724//
f 753// 752// 723//
f 723// 752// 751//
f 723// 751// 750//
f 745// 744// 724//
f 724// 744// 743//
f 724// 743// 725//
f 725// 743// 742//
f 725// 742// 741//
f 735// 734// 730//
f 717// 716// 693//
f 693// 716// 715//
f 693// 715// 714//
f 714// 713// 693//
f 693// 713// 712//
f 693// 712// 711//
f 700// 698// 701//
f 741// 740// 725//
f 725// 740// 739//
f 725// 739// 738//
f 708// 707// 694//
f 694// 707// 706//
f 694// 706// 705//
f 696// 695// 703//
f 703// 695// 694//
f 703// 694// 704//
f 704// 694// 705//
f 697// 703// 698//
f 698// 703// 702//
f 698// 702// 701//
f 750// 749// 723//
f 723// 749// 748//
f 723// 748// 747//
f 729// 737// 730//
f 730// 737// 736//
f 730// 736// 735//
f 733// 732// 734//
f 734// 732// 731//
f 734// 731// 730//
f 526// 481// 771//
f 771// 481// 772//
f 526// 771// 773//
f 773// 771// 774//
f 773// 774// 494//
f 494// 774// 775//
f 494// 775// 495//
f 495// 775// 776//
f 495// 776// 516//
f 516// 776// 777//
f 516// 777// 517//
f 517// 777// 778//
f 517// 778// 472//
f 472// 778// 779//
f 472// 779// 473//
f 473// 779// 780//
f 473// 780// 496//
f 496// 780// 781//
f 496// 781// 497//
f 497// 781// 782//
f 497// 782// 498//
f 498// 782// 783//
f 498// 783// 499//
f 499// 783// 784//
f 499// 784// 518//
f 518// 784// 785//
f 518// 785// 519//
f 519// 785// 786//
f 519// 786// 520//
f 520// 786// 787//
f 520// 787// 521//
f 521// 787// 788//
f 521// 788// 522//
f 522// 788// 789//
f 522// 789// 505//
f 505// 789// 790//
f 790// 789// 791//
f 790// 791// 506//
f 506// 791// 792//
f 506// 792// 524//
f 524// 792// 793//
f 524// 793// 525//
f 525// 793// 794//
f 525// 794// 530//
f 530// 794// 795//
f 530// 795// 531//
f 796// 532// 795//
f 795// 532// 531//
f 532// 796// 797//
f 532// 797// 533//
f 533// 797// 798//
f 533// 798// 537//
f 537// 798// 799//
f 537// 799// 538//
f 538// 799// 800//
f 538// 800// 491//
f 491// 800// 801//
f 491// 801// 492//
f 802// 543// 801//
f 801// 543// 492//
f 803// 544// 802//
f 802// 544// 543//
f 544// 803// 804//
f 544// 804// 546//
f 546// 804// 805//
f 546// 805// 547//
f 547// 805// 806//
f 547// 806// 539//
f 539// 806// 807//
f 539// 807// 534//
f 534// 807// 808//
f 534// 808// 535//
f 535// 808// 809//
f 535// 809// 536//
f 536// 809// 810//
f 536// 810// 545//
f 545// 810// 811//
f 545// 811// 493//
f 812// 523// 811//
f 811// 523// 493//
f 813// 500// 812//
f 812// 500// 523//
f 814// 486// 813//
f 813// 486// 500//
f 486// 814// 815//
f 486// 815// 487//
f 487// 815// 816//
f 487// 816// 501//
f 501// 816// 817//
f 501// 817// 502//
f 502// 817// 818//
f 502// 818// 488//
f 488// 818// 819//
f 488// 819// 489//
f 489// 819// 820//
f 489// 820// 490//
f 490// 820// 821//
f 490// 821// 474//
f 474// 821// 822//
f 474// 822// 475//
f 475// 822// 823//
f 475// 823// 527//
f 527// 823// 824//
f 527// 824// 528//
f 528// 824// 825//
f 528// 825// 529//
f 529// 825// 826//
f 529// 826// 540//
f 827// 541// 826//
f 826// 541// 540//
f 541// 827// 828//
f 541// 828// 542//
f 542// 828// 829//
f 542// 829// 503//
f 503// 829// 830//
f 503// 830// 504//
f 504// 830// 831//
f 504// 831// 507//
f 507// 831// 832//
f 507// 832// 508//
f 508// 832// 833//
f 508// 833// 465//
f 465// 833// 834//
f 465// 834// 464//
f 464// 834// 835//
f 464// 835// 463//
f 463// 835// 836//
f 463// 836// 479//
f 479// 836// 837//
f 479// 837// 480//
f 480// 837// 838//
f 480// 838// 482//
f 482// 838// 839//
f 482// 839// 483//
f 483// 839// 840//
f 483// 840// 484//
f 484// 840// 841//
f 484// 841// 485//
f 842// 470// 841//
f 841// 470// 485//
f 470// 842// 843//
f 470// 843// 471//
f 471// 843// 844//
f 471// 844// 458//
f 458// 844// 845//
f 458// 845// 459//
f 459// 845// 846//
f 459// 846// 461//
f 461// 846// 847//
f 847// 846// 848//
f 847// 848// 477//
f 477// 848// 849//
f 477// 849// 478//
f 478// 849// 850//
f 478// 850// 509//
f 509// 850// 851//
f 509// 851// 510//
f 510// 851// 852//
f 510// 852// 511//
f 511// 852// 853//
f 511// 853// 512//
f 512// 853// 854//
f 512// 854// 513//
f 513// 854// 855//
f 513// 855// 515//
f 515// 855// 856//
f 515// 856// 514//
f 514// 856// 857//
f 514// 857// 476//
f 476// 857// 858//
f 476// 858// 466//
f 466// 858// 859//
f 466// 859// 467//
f 467// 859// 860//
f 467// 860// 468//
f 468// 860// 861//
f 861// 860// 862//
f 861// 862// 462//
f 462// 862// 863//
f 462// 863// 460//
f 864// 469// 863//
f 863// 469// 460//
f 864// 772// 469//
f 469// 772// 481//
f 813// 812// 814//
f 814// 812// 811//
f 814// 811// 810//
f 806// 805// 825//
f 825// 805// 826//
f 810// 809// 814//
f 814// 809// 808//
f 814// 808// 815//
f 815// 808// 807//
f 815// 807// 816//
f 816// 807// 817//
f 817// 807// 818//
f 818// 807// 806//
f 818// 806// 819//
f 825// 824// 806//
f 806// 824// 823//
f 806// 823// 822//
f 805// 804// 826//
f 826// 804// 803//
f 826// 803// 827//
f 827// 803// 802//
f 856// 778// 857//
f 857// 778// 777//
f 857// 777// 858//
f 851// 784// 852//
f 852// 784// 783//
f 852// 783// 853//
f 853// 783// 782//
f 853// 782// 854//
f 854// 782// 781//
f 854// 781// 855//
f 855// 781// 780//
f 855// 780// 856//
f 856// 780// 779//
f 856// 779// 778//
f 836// 835// 802//
f 802// 835// 834//
f 802// 834// 833//
f 802// 801// 836//
f 836// 801// 800//
f 836// 800// 837//
f 837// 800// 799//
f 837// 799// 838//
f 838// 799// 798//
f 838// 798// 839//
f 839// 798// 797//
f 839// 797// 840//
f 840// 797// 796//
f 840// 796// 841//
f 841// 796// 842//
f 822// 821// 806//
f 806// 821// 820//
f 806// 820// 819//
f 772// 864// 771//
f 771// 864// 863//
f 771// 863// 862//
f 858// 777// 859//
f 859// 777// 776//
f 859// 776// 860//
f 860// 776// 775//
f 860// 775// 862//
f 862// 775// 774//
f 862// 774// 771//
f 796// 795// 842//
f 842// 795// 794//
f 842// 794// 843//
f 843// 794// 793//
f 843// 793// 844//
f 844// 793// 792//
f 844// 792// 845//
f 845// 792// 791//
f 845// 791// 846//
f 846// 791// 789//
f 846// 789// 848//
f 848// 789// 788//
f 848// 788// 849//
f 849// 788// 787//
f 849// 787// 850//
f 850// 787// 786//
f 850// 786// 851//
f 851// 786// 785//
f 851// 785// 784//
f 833// 832// 802//
f 802// 832// 831//
f 802// 831// 830//
f 830// 829// 802//
f 802// 829// 828//
f 802// 828// 827//
f 865// 373// 866//
f 866// 373// 377//
f 373// 865// 867//
f 867// 865// 868//
f 867// 868// 374//
f 869// 1// 868//
f 868// 1// 374//
f 1// 869// 870//
f 870// 869// 871//
f 870// 871// 2//
f 2// 871// 872//
f 2// 872// 3//
f 3// 872// 873//
f 3// 873// 380//
f 380// 873// 874//
f 380// 874// 427//
f 427// 874// 875//
f 427// 875// 425//
f 425// 875// 876//
f 425// 876// 423//
f 423// 876// 877//
f 423// 877// 421//
f 421// 877// 878//
f 421// 878// 422//
f 422// 878// 879//
f 422// 879// 424//
f 424// 879// 880//
f 424// 880// 426//
f 426// 880// 881//
f 426// 881// 428//
f 428// 881// 882//
f 428// 882// 429//
f 429// 882// 883//
f 429// 883// 440//
f 440// 883// 884//
f 440// 884// 441//
f 441// 884// 885//
f 885// 884// 886//
f 885// 886// 406//
f 406// 886// 887//
f 406// 887// 407//
f 407// 887// 888//
f 407// 888// 408//
f 408// 888// 889//
f 408// 889// 430//
f 430// 889// 890//
f 430// 890// 431//
f 431// 890// 891//
f 431// 891// 381//
f 892// 382// 891//
f 891// 382// 381//
f 382// 892// 893//
f 382// 893// 383//
f 383// 893// 894//
f 383// 894// 401//
f 401// 894// 895//
f 401// 895// 402//
f 402// 895// 896//
f 402// 896// 403//
f 403// 896// 897//
f 403// 897// 419//
f 419// 897// 898//
f 419// 898// 420//
f 420// 898// 899//
f 420// 899// 435//
f 435// 899// 900//
f 435// 900// 436//
f 436// 900// 901//
f 436// 901// 384//
f 384// 901// 902//
f 384// 902// 385//
f 385// 902// 903//
f 385// 903// 386//
f 386// 903// 904//
f 386// 904// 437//
f 437// 904// 905//
f 437// 905// 438//
f 438// 905// 906//
f 438// 906// 439//
f 439// 906// 907//
f 439// 907// 388//
f 388// 907// 908//
f 388// 908// 389//
f 389// 908// 909//
f 389// 909// 404//
f 404// 909// 910//
f 404// 910// 405//
f 405// 910// 911//
f 405// 911// 390//
f 390// 911// 912//
f 390// 912// 391//
f 913// 392// 912//
f 912// 392// 391//
f 914// 393// 913//
f 913// 393// 392//
f 393// 914// 915//
f 393// 915// 399//
f 399// 915// 916//
f 399// 916// 400//
f 400// 916// 917//
f 400// 917// 447//
f 447// 917// 918//
f 447// 918// 448//
f 448// 918// 919//
f 448// 919// 455//
f 455// 919// 920//
f 455// 920// 456//
f 456// 920// 921//
f 456// 921// 397//
f 397// 921// 922//
f 397// 922// 457//
f 457// 922// 923//
f 457// 923// 454//
f 454// 923// 924//
f 454// 924// 432//
f 432// 924// 925//
f 432// 925// 433//
f 433// 925// 926//
f 433// 926// 434//
f 434// 926// 927//
f 434// 927// 395//
f 395// 927// 928//
f 395// 928// 396//
f 396// 928// 929//
f 396// 929// 446//
f 446// 929// 930//
f 446// 930// 449//
f 449// 930// 931//
f 449// 931// 450//
f 450// 931// 932//
f 450// 932// 451//
f 451// 932// 933//
f 451// 933// 452//
f 452// 933// 934//
f 452// 934// 453//
f 453// 934// 935//
f 453// 935// 398//
f 936// 394// 935//
f 935// 394// 398//
f 394// 936// 937//
f 394// 937// 409//
f 409// 937// 938//
f 409// 938// 410//
f 410// 938// 939//
f 410// 939// 411//
f 411// 939// 940//
f 411// 940// 442//
f 442// 940// 941//
f 442// 941// 443//
f 443// 941// 942//
f 942// 941// 943//
f 942// 943// 444//
f 444// 943// 944//
f 444// 944// 412//
f 412// 944// 945//
f 412// 945// 413//
f 413// 945// 946//
f 413// 946// 414//
f 414// 946// 947//
f 414// 947// 415//
f 415// 947// 948//
f 415// 948// 416//
f 416// 948// 949//
f 949// 948// 950//
f 949// 950// 417//
f 417// 950// 951//
f 417// 951// 418//
f 418// 951// 952//
f 952// 951// 953//
f 952// 953// 445//
f 445// 953// 954//
f 445// 954// 375//
f 375// 954// 955//
f 375// 955// 376//
f 376// 955// 956//
f 376// 956// 378//
f 957// 379// 956//
f 956// 379// 378//
f 957// 866// 379//
f 379// 866// 377//
f 868// 865// 957//
f 957// 865// 866//
f 874// 873// 957//
f 874// 957// 875//
f 875// 957// 876//
f 876// 957// 956//
f 876// 956// 955//
f 869// 868// 871//
f 871// 868// 957//
f 871// 957// 872//
f 872// 957// 873//
f 955// 954// 876//
f 876// 954// 953//
f 876// 953// 877//
f 889// 888// 939//
f 915// 914// 913//
f 939// 888// 940//
f 940// 888// 887//
f 940// 887// 941//
f 887// 886// 941//
f 941// 886// 884//
f 941// 884// 943//
f 943// 884// 883//
f 943// 883// 944//
f 944// 883// 945//
f 936// 890// 937//
f 937// 890// 889//
f 937// 889// 938//
f 938// 889// 939//
f 897// 930// 929//
f 953// 951// 877//
f 877// 951// 950//
f 877// 950// 878//
f 878// 950// 948//
f 878// 948// 879//
f 879// 948// 947//
f 879// 947// 880//
f 880// 947// 946//
f 880// 946// 881//
f 881// 946// 945//
f 881// 945// 882//
f 882// 945// 883//
f 897// 929// 898//
f 898// 929// 928//
f 898// 928// 899//
f 899// 928// 927//
f 899// 927// 900//
f 930// 897// 931//
f 931// 897// 896//
f 931// 896// 932//
f 932// 896// 895//
f 932// 895// 933//
f 933// 895// 894//
f 933// 894// 934//
f 934// 894// 893//
f 934// 893// 935//
f 935// 893// 892//
f 935// 892// 936//
f 936// 892// 891//
f 936// 891// 890//
f 913// 912// 915//
f 915// 912// 911//
f 915// 911// 916//
f 916// 911// 910//
f 916// 910// 917//
f 917// 910// 909//
f 917// 909// 918//
f 918// 909// 908//
f 918// 908// 919//
f 919// 908// 907//
f 919// 907// 920//
f 920// 907// 906//
f 920// 906// 921//
f 921// 906// 905//
f 921// 905// 922//
f 922// 905// 904//
f 922// 904// 923//
f 923// 904// 903//
f 923// 903// 924//
f 927// 926// 900//
f 900// 926// 925//
f 900// 925// 901//
f 901// 925// 924//
f 901// 924// 902//
f 902// 924// 903//
f 958// 959// 960//
f 961// 962// 963//
f 963// 962// 964//
f 962// 965// 964//
f 964// 965// 966//
f 964// 966// 967//
f 967// 966// 968//
f 967// 968// 969//
f 969// 968// 970//
f 969// 970// 971//
f 971// 970// 972//
f 971// 972// 973//
f 973// 972// 974//
f 960// 959// 975//
f 975// 959// 976//
f 975// 976// 977//
f 977// 976// 978//
f 977// 978// 979//
f 972// 980// 974//
f 974// 980// 981//
f 974// 981// 982//
f 982// 981// 983//
f 982// 983// 984//
f 984// 983// 985//
f 984// 985// 986//
f 986// 985// 987//
f 986// 987// 988//
f 988// 987// 979//
f 988// 979// 989//
f 989// 979// 978//
f 990// 991// 992//
f 992// 991// 993//
f 992// 993// 994//
f 994// 993// 961//
f 994// 961// 995//
f 995// 961// 963//
f 960// 996// 958//
f 958// 996// 997//
f 958// 997// 998//
f 998// 997// 999//
f 998// 999// 1000//
f 1000// 999// 1001//
f 1000// 1001// 1002//
f 1002// 1001// 1003//
f 1002// 1003// 1004//
f 1004// 1003// 1005//
f 1004// 1005// 1006//
f 1006// 1005// 1007//
f 1006// 1007// 1008//
f 1008// 1007// 1009//
f 1008// 1009// 1010//
f 1010// 1009// 1011//
f 1010// 1011// 1012//
f 1012// 1011// 1013//
f 1012// 1013// 1014//
f 1014// 1013// 1015//
f 1014// 1015// 1016//
f 1016// 1015// 1017//
f 1016// 1017// 1018//
f 1018// 1017// 1019//
f 1018// 1019// 990//
f 990// 1019// 1020//
f 990// 1020// 991//
f 992// 277// 276//
f 279// 1008// 269//
f 269// 1008// 1010//
f 1021// 275// 1018//
f 1018// 275// 274//
f 1018// 274// 1016//
f 1016// 274// 273//
f 1016// 273// 1014//
f 1014// 273// 267//
f 1014// 267// 1012//
f 1012// 267// 268//
f 1012// 268// 1010//
f 1010// 268// 1022//
f 1010// 1022// 269//
f 1021// 1018// 276//
f 276// 1018// 990//
f 276// 990// 992//
f 277// 992// 994//
f 277// 994// 278//
f 278// 994// 995//
f 278// 995// 270//
f 270// 995// 963//
f 270// 963// 271//
f 271// 963// 964//
f 271// 964// 272//
f 272// 964// 967//
f 272// 967// 263//
f 263// 967// 969//
f 263// 969// 264//
f 264// 969// 265//
f 265// 969// 971//
f 265// 971// 266//
f 266// 971// 973//
f 266// 973// 261//
f 261// 973// 244//
f 244// 973// 974//
f 244// 974// 245//
f 245// 974// 982//
f 245// 982// 247//
f 247// 982// 984//
f 247// 984// 255//
f 255// 984// 986//
f 255// 986// 256//
f 256// 986// 988//
f 256// 988// 257//
f 257// 988// 989//
f 257// 989// 258//
f 258// 989// 978//
f 258// 978// 259//
f 259// 978// 976//
f 259// 976// 260//
f 260// 976// 959//
f 253// 1023// 959//
f 959// 1023// 252//
f 959// 252// 260//
f 959// 958// 253//
f 253// 958// 998//
f 253// 998// 254//
f 254// 998// 1000//
f 254// 1000// 248//
f 248// 1000// 1002//
f 248// 1002// 249//
f 249// 1002// 1004//
f 249// 1004// 251//
f 251// 1004// 1024//
f 1024// 1004// 1006//
f 1024// 1006// 280//
f 280// 1006// 281//
f 281// 1006// 1008//
f 281// 1008// 279//
f 1025// 972// 970//
f 1025// 970// 1026//
f 1026// 970// 968//
f 1026// 968// 1027//
f 1027// 968// 966//
f 1027// 966// 1028//
f 1028// 966// 965//
f 1028// 965// 1029//
f 1029// 965// 962//
f 1029// 962// 1030//
f 1030// 962// 961//
f 1030// 961// 1031//
f 1031// 961// 993//
f 1031// 993// 1032//
f 1032// 993// 991//
f 1032// 991// 1033//
f 1033// 991// 1020//
f 1033// 1020// 1034//
f 1034// 1020// 1019//
f 1034// 1019// 1035//
f 1035// 1019// 1017//
f 1035// 1017// 1036//
f 1036// 1017// 1015//
f 1036// 1015// 1037//
f 1037// 1015// 1013//
f 1037// 1013// 1038//
f 1038// 1013// 1011//
f 1038// 1011// 1039//
f 1039// 1011// 1009//
f 1039// 1009// 1040//
f 1040// 1009// 1007//
f 1040// 1007// 1041//
f 1041// 1007// 1005//
f 1041// 1005// 1042//
f 1042// 1005// 1003//
f 1042// 1003// 1043//
f 1043// 1003// 1001//
f 1043// 1001// 1044//
f 1044// 1001// 999//
f 1044// 999// 1045//
f 1045// 999// 997//
f 1045// 997// 1046//
f 1046// 997// 996//
f 1046// 996// 1047//
f 1047// 996// 960//
f 1047// 960// 1048//
f 1048// 960// 975//
f 1048// 975// 1049//
f 1049// 975// 977//
f 1049// 977// 1050//
f 1050// 977// 979//
f 1050// 979// 1051//
f 1051// 979// 987//
f 1051// 987// 1052//
f 1052// 987// 985//
f 1052// 985// 1053//
f 1053// 985// 983//
f 1053// 983// 1054//
f 1054// 983// 981//
f 1054// 981// 1055//
f 1055// 981// 980//
f 1055// 980// 1056//
f 1056// 980// 972//
f 1056// 972// 1025//
f 1057// 38// 1058//
f 1058// 38// 36//
f 1058// 36// 1059//
f 1059// 36// 35//
f 1059// 35// 1060//
f 1060// 35// 26//
f 1060// 26// 1061//
f 1061// 26// 25//
f 1061// 25// 1062//
f 1062// 25// 24//
f 1062// 24// 1063//
f 1063// 24// 23//
f 1063// 23// 1064//
f 1064// 23// 45//
f 1064// 45// 1065//
f 1065// 45// 44//
f 1065// 44// 1066//
f 1066// 44// 43//
f 1066// 43// 1067//
f 1067// 43// 34//
f 1067// 34// 1068//
f 34// 29// 1068//
f 1068// 29// 31//
f 1068// 31// 1069//
f 1069// 31// 56//
f 1069// 56// 1070//
f 1070// 56// 55//
f 1070// 55// 1071//
f 1071// 55// 63//
f 1071// 63// 1072//
f 1072// 63// 62//
f 1072// 62// 1073//
f 1073// 62// 58//
f 1073// 58// 1074//
f 1074// 58// 60//
f 1074// 60// 1075//
f 1075// 60// 61//
f 1075// 61// 1076//
f 1076// 61// 653//
f 1076// 653// 1077//
f 1077// 653// 652//
f 1077// 652// 1078//
f 1078// 652// 651//
f 1078// 651// 1079//
f 1079// 651// 650//
f 1079// 650// 1080//
f 1080// 650// 648//
f 1080// 648// 1057//
f 1057// 648// 39//
f 1057// 39// 38//
f 1073// 1074// 1081//
f 1081// 1074// 1075//
f 1081// 1075// 1076//
f 1070// 1071// 1081//
f 1081// 1071// 1072//
f 1081// 1072// 1073//
f 1067// 1068// 1081//
f 1081// 1068// 1069//
f 1081// 1069// 1070//
f 1064// 1065// 1081//
f 1081// 1065// 1066//
f 1081// 1066// 1067//
f 1061// 1062// 1081//
f 1081// 1062// 1063//
f 1081// 1063// 1064//
f 1058// 1059// 1081//
f 1081// 1059// 1060//
f 1081// 1060// 1061//
f 1079// 1080// 1081//
f 1081// 1080// 1057//
f 1081// 1057// 1058//
f 1076// 1077// 1081//
f 1081// 1077// 1078//
f 1081// 1078// 1079//
f 1082// 158// 1083//
f 1083// 158// 123//
f 1084// 159// 1082//
f 1082// 159// 158//
f 1085// 160// 1084//
f 1084// 160// 159//
f 160// 1085// 1086//
f 160// 1086// 173//
f 173// 1086// 1087//
f 173// 1087// 174//
f 1088// 141// 1087//
f 1087// 141// 174//
f 141// 1088// 1089//
f 141// 1089// 142//
f 142// 1089// 1090//
f 142// 1090// 199//
f 199// 1090// 1091//
f 1091// 1090// 1092//
f 1091// 1092// 200//
f 200// 1092// 1093//
f 1093// 1092// 1094//
f 1093// 1094// 201//
f 201// 1094// 1095//
f 201// 1095// 183//
f 183// 1095// 1096//
f 183// 1096// 161//
f 161// 1096// 1097//
f 161// 1097// 162//
f 162// 1097// 1098//
f 162// 1098// 202//
f 202// 1098// 1099//
f 202// 1099// 203//
f 203// 1099// 1100//
f 203// 1100// 204//
f 204// 1100// 1101//
f 204// 1101// 212//
f 212// 1101// 1102//
f 212// 1102// 213//
f 213// 1102// 1103//
f 213// 1103// 214//
f 214// 1103// 1104//
f 214// 1104// 215//
f 215// 1104// 1105//
f 215// 1105// 225//
f 225// 1105// 1106//
f 225// 1106// 224//
f 224// 1106// 1107//
f 224// 1107// 222//
f 1108// 129// 1107//
f 1107// 129// 222//
f 129// 1108// 1109//
f 1109// 1108// 1110//
f 1109// 1110// 127//
f 127// 1110// 1111//
f 127// 1111// 128//
f 128// 1111// 1112//
f 128// 1112// 130//
f 130// 1112// 1113//
f 130// 1113// 233//
f 233// 1113// 1114//
f 233// 1114// 234//
f 234// 1114// 1115//
f 234// 1115// 235//
f 235// 1115// 1116//
f 235// 1116// 223//
f 223// 1116// 1117//
f 223// 1117// 205//
f 205// 1117// 1118//
f 205// 1118// 131//
f 131// 1118// 1119//
f 131// 1119// 132//
f 132// 1119// 1120//
f 132// 1120// 226//
f 226// 1120// 1121//
f 226// 1121// 227//
f 227// 1121// 1122//
f 227// 1122// 228//
f 228// 1122// 1123//
f 228// 1123// 206//
f 206// 1123// 1124//
f 206// 1124// 163//
f 163// 1124// 1125//
f 163// 1125// 164//
f 164// 1125// 1126//
f 164// 1126// 207//
f 207// 1126// 1127//
f 207// 1127// 208//
f 208// 1127// 1128//
f 208// 1128// 143//
f 143// 1128// 1129//
f 143// 1129// 144//
f 144// 1129// 1130//
f 144// 1130// 216//
f 216// 1130// 1131//
f 216// 1131// 217//
f 217// 1131// 1132//
f 217// 1132// 218//
f 218// 1132// 1133//
f 218// 1133// 175//
f 175// 1133// 1134//
f 175// 1134// 176//
f 176// 1134// 1135//
f 176// 1135// 177//
f 177// 1135// 1136//
f 177// 1136// 115//
f 115// 1136// 1137//
f 115// 1137// 116//
f 116// 1137// 1138//
f 116// 1138// 118//
f 118// 1138// 1139//
f 118// 1139// 149//
f 1140// 135// 1139//
f 1139// 135// 149//
f 1141// 147// 1140//
f 1140// 147// 135//
f 147// 1141// 1142//
f 147// 1142// 146//
f 146// 1142// 1143//
f 146// 1143// 166//
f 166// 1143// 1144//
f 166// 1144// 167//
f 167// 1144// 1145//
f 167// 1145// 119//
f 119// 1145// 1146//
f 119// 1146// 120//
f 120// 1146// 1147//
f 120// 1147// 122//
f 122// 1147// 1148//
f 122// 1148// 171//
f 171// 1148// 1149//
f 171// 1149// 138//
f 138// 1149// 1150//
f 138// 1150// 198//
f 198// 1150// 1151//
f 198// 1151// 168//
f 168// 1151// 1152//
f 168// 1152// 169//
f 169// 1152// 1153//
f 169// 1153// 170//
f 170// 1153// 1154//
f 170// 1154// 154//
f 154// 1154// 1155//
f 154// 1155// 136//
f 136// 1155// 1156//
f 136// 1156// 137//
f 137// 1156// 1157//
f 137// 1157// 155//
f 155// 1157// 1158//
f 155// 1158// 156//
f 156// 1158// 1159//
f 156// 1159// 157//
f 157// 1159// 1160//
f 157// 1160// 172//
f 172// 1160// 1161//
f 172// 1161// 121//
f 121// 1161// 1162//
f 121// 1162// 229//
f 229// 1162// 1163//
f 229// 1163// 211//
f 211// 1163// 1164//
f 211// 1164// 239//
f 239// 1164// 1165//
f 239// 1165// 240//
f 240// 1165// 1166//
f 240// 1166// 238//
f 238// 1166// 1167//
f 238// 1167// 209//
f 209// 1167// 1168//
f 209// 1168// 210//
f 210// 1168// 1169//
f 210// 1169// 219//
f 1170// 220// 1169//
f 1169// 220// 219//
f 1171// 221// 1170//
f 1170// 221// 220//
f 221// 1171// 1172//
f 221// 1172// 178//
f 178// 1172// 1173//
f 178// 1173// 179//
f 179// 1173// 1174//
f 179// 1174// 180//
f 180// 1174// 1175//
f 180// 1175// 184//
f 184// 1175// 1176//
f 184// 1176// 185//
f 185// 1176// 1177//
f 185// 1177// 148//
f 148// 1177// 1178//
f 148// 1178// 186//
f 186// 1178// 1179//
f 186// 1179// 187//
f 187// 1179// 1180//
f 187// 1180// 188//
f 188// 1180// 1181//
f 188// 1181// 181//
f 181// 1181// 1182//
f 181// 1182// 182//
f 182// 1182// 1183//
f 182// 1183// 230//
f 230// 1183// 1184//
f 230// 1184// 231//
f 231// 1184// 1185//
f 231// 1185// 232//
f 232// 1185// 1186//
f 232// 1186// 236//
f 1187// 237// 1186//
f 1186// 237// 236//
f 237// 1187// 1188//
f 237// 1188// 189//
f 189// 1188// 1189//
f 189// 1189// 190//
f 190// 1189// 1190//
f 190// 1190// 191//
f 191// 1190// 1191//
f 191// 1191// 133//
f 133// 1191// 1192//
f 133// 1192// 134//
f 134// 1192// 1193//
f 134// 1193// 192//
f 192// 1193// 1194//
f 192// 1194// 193//
f 193// 1194// 1195//
f 193// 1195// 194//
f 194// 1195// 1196//
f 194// 1196// 151//
f 1197// 152// 1196//
f 1196// 152// 151//
f 152// 1197// 1198//
f 1198// 1197// 1199//
f 1198// 1199// 153//
f 1200// 165// 1199//
f 1199// 165// 153//
f 165// 1200// 1201//
f 165// 1201// 195//
f 195// 1201// 1202//
f 195// 1202// 196//
f 1203// 197// 1202//
f 1202// 197// 196//
f 197// 1203// 243//
f 243// 1203// 1204//
f 243// 1204// 13//
f 139// 1205// 1204//
f 1204// 1205// 14//
f 1204// 14// 13//
f 1204// 1206// 139//
f 139// 1206// 1207//
f 139// 1207// 140//
f 140// 1207// 1208//
f 140// 1208// 124//
f 1209// 126// 1208//
f 1208// 126// 124//
f 126// 1209// 1210//
f 126// 1210// 125//
f 125// 1210// 1083//
f 125// 1083// 123//
f 1177// 1176// 1183//
f 1204// 1203// 1206//
f 1206// 1203// 1202//
f 1206// 1202// 1207//
f 1207// 1202// 1208//
f 1183// 1176// 1184//
f 1173// 1172// 1186//
f 1090// 1107// 1106//
f 1184// 1176// 1185//
f 1185// 1176// 1175//
f 1185// 1175// 1186//
f 1186// 1175// 1174//
f 1186// 1174// 1173//
f 1166// 1111// 1167//
f 1167// 1111// 1110//
f 1167// 1110// 1168//
f 1201// 1200// 1108//
f 1108// 1200// 1199//
f 1108// 1199// 1110//
f 1110// 1199// 1197//
f 1110// 1197// 1186//
f 1186// 1197// 1196//
f 1090// 1100// 1099//
f 1096// 1095// 1090//
f 1090// 1095// 1094//
f 1090// 1094// 1092//
f 1201// 1108// 1202//
f 1202// 1108// 1209//
f 1202// 1209// 1208//
f 1172// 1171// 1186//
f 1186// 1171// 1170//
f 1186// 1170// 1110//
f 1110// 1170// 1169//
f 1110// 1169// 1168//
f 1164// 1114// 1165//
f 1165// 1114// 1113//
f 1165// 1113// 1166//
f 1166// 1113// 1112//
f 1166// 1112// 1111//
f 1141// 1140// 1142//
f 1142// 1140// 1139//
f 1139// 1138// 1142//
f 1142// 1138// 1137//
f 1142// 1137// 1143//
f 1190// 1189// 1195//
f 1195// 1189// 1188//
f 1195// 1188// 1196//
f 1196// 1188// 1187//
f 1196// 1187// 1186//
f 1090// 1089// 1107//
f 1107// 1089// 1088//
f 1107// 1088// 1087//
f 1082// 1083// 1108//
f 1108// 1083// 1210//
f 1108// 1210// 1209//
f 1143// 1137// 1144//
f 1144// 1137// 1136//
f 1144// 1136// 1145//
f 1145// 1136// 1135//
f 1145// 1135// 1146//
f 1146// 1135// 1134//
f 1146// 1134// 1147//
f 1106// 1105// 1090//
f 1090// 1105// 1104//
f 1090// 1104// 1103//
f 1087// 1086// 1107//
f 1107// 1086// 1085//
f 1107// 1085// 1108//
f 1108// 1085// 1084//
f 1108// 1084// 1082//
f 1183// 1182// 1177//
f 1177// 1182// 1181//
f 1177// 1181// 1178//
f 1178// 1181// 1180//
f 1178// 1180// 1179//
f 1193// 1192// 1191//
f 1103// 1102// 1090//
f 1090// 1102// 1101//
f 1090// 1101// 1100//
f 1099// 1098// 1090//
f 1090// 1098// 1097//
f 1090// 1097// 1096//
f 1150// 1149// 1131//
f 1131// 1149// 1148//
f 1131// 1148// 1132//
f 1132// 1148// 1147//
f 1132// 1147// 1133//
f 1133// 1147// 1134//
f 1190// 1195// 1191//
f 1191// 1195// 1194//
f 1191// 1194// 1193//
f 1131// 1130// 1150//
f 1150// 1130// 1129//
f 1150// 1129// 1151//
f 1151// 1129// 1128//
f 1151// 1128// 1152//
f 1152// 1128// 1127//
f 1152// 1127// 1153//
f 1153// 1127// 1126//
f 1153// 1126// 1154//
f 1154// 1126// 1125//
f 1154// 1125// 1155//
f 1155// 1125// 1124//
f 1155// 1124// 1156//
f 1156// 1124// 1123//
f 1156// 1123// 1157//
f 1157// 1123// 1122//
f 1157// 1122// 1158//
f 1158// 1122// 1121//
f 1158// 1121// 1159//
f 1159// 1121// 1120//
f 1159// 1120// 1160//
f 1160// 1120// 1119//
f 1160// 1119// 1161//
f 1161// 1119// 1118//
f 1161// 1118// 1162//
f 1162// 1118// 1117//
f 1162// 1117// 1163//
f 1163// 1117// 1116//
f 1163// 1116// 1164//
f 1164// 1116// 1115//
f 1164// 1115// 1114//
f 1211// 371// 1212//
f 1212// 371// 370//
f 1213// 372// 1211//
f 1211// 372// 371//
f 1214// 369// 1213//
f 1213// 369// 372//
f 1214// 1212// 369//
f 369// 1212// 370//
f 1211// 1212// 1213//
f 1213// 1212// 1214//
f 1215// 109// 1216//
f 1216// 109// 1217//
f 1217// 108// 1216//
f 1216// 108// 17//
f 1216// 17// 16//
f 109// 1215// 1218//
f 109// 1218// 111//
f 111// 1218// 1219//
f 111// 1219// 112//
f 1220// 86// 85//
f 1220// 85// 1219//
f 1219// 85// 1221//
f 1219// 1221// 112//
f 1222// 88// 1220//
f 1220// 88// 86//
f 1223// 105// 1224//
f 1223// 1224// 1222//
f 1222// 1224// 94//
f 1222// 94// 88//
f 1225// 106// 1223//
f 1223// 106// 1226//
f 1223// 1226// 105//
f 107// 106// 1227//
f 1227// 106// 1225//
f 107// 1227// 95//
f 95// 1227// 1228//
f 95// 1228// 96//
f 96// 1228// 1229//
f 96// 1229// 97//
f 97// 1229// 1230//
f 97// 1230// 98//
f 98// 1230// 1231//
f 98// 1231// 99//
f 99// 1231// 1232//
f 99// 1232// 100//
f 100// 1232// 1233//
f 100// 1233// 101//
f 101// 1233// 1234//
f 101// 1234// 102//
f 102// 1234// 1235//
f 102// 1235// 103//
f 103// 1235// 1236//
f 103// 1236// 104//
f 104// 1236// 1237//
f 104// 1237// 89//
f 89// 1237// 1238//
f 89// 1238// 90//
f 90// 1238// 1239//
f 90// 1239// 92//
f 92// 1239// 93//
f 93// 1239// 1240//
f 93// 1240// 82//
f 82// 1240// 1241//
f 82// 1241// 83//
f 1242// 84// 1241//
f 1241// 84// 83//
f 84// 1242// 1243//
f 84// 1243// 78//
f 78// 1243// 1244//
f 78// 1244// 79//
f 79// 1244// 1245//
f 79// 1245// 75//
f 75// 1245// 1246//
f 75// 1246// 77//
f 77// 1246// 1247//
f 77// 1247// 76//
f 76// 1247// 1248//
f 76// 1248// 74//
f 1249// 65// 64//
f 74// 1248// 1250//
f 1250// 1248// 1249//
f 1250// 1249// 1251//
f 1251// 1249// 64//
f 1252// 67// 1249//
f 1249// 67// 65//
f 70// 67// 1252//
f 1253// 68// 1254//
f 1253// 1254// 1252//
f 1252// 1254// 1255//
f 1252// 1255// 70//
f 68// 1253// 1256//
f 1256// 1253// 1257//
f 1256// 1257// 69//
f 69// 1257// 1258//
f 69// 1258// 71//
f 71// 1258// 1259//
f 71// 1259// 72//
f 72// 1259// 1260//
f 1260// 1259// 1261//
f 1260// 1261// 73//
f 73// 1261// 113//
f 113// 1261// 114//
f 114// 1261// 1216//
f 114// 1216// 16//
f 1253// 1220// 1219//
f 1216// 1261// 1215//
f 1215// 1261// 1259//
f 1215// 1259// 1218//
f 1218// 1259// 1258//
f 1218// 1258// 1219//
f 1219// 1258// 1257//
f 1219// 1257// 1253//
f 1252// 1223// 1253//
f 1253// 1223// 1222//
f 1253// 1222// 1220//
f 1247// 1225// 1248//
f 1248// 1225// 1223//
f 1248// 1223// 1249//
f 1249// 1223// 1252//
f 1247// 1246// 1225//
f 1225// 1246// 1245//
f 1225// 1245// 1244//
f 1244// 1243// 1225//
f 1225// 1243// 1242//
f 1225// 1242// 1227//
f 1227// 1242// 1241//
f 1227// 1241// 1228//
f 1228// 1241// 1240//
f 1228// 1240// 1229//
f 1229// 1240// 1239//
f 1229// 1239// 1230//
f 1239// 1238// 1230//
f 1230// 1238// 1237//
f 1230// 1237// 1231//
f 1231// 1237// 1236//
f 1236// 1235// 1234//
f 1234// 1233// 1236//
f 1236// 1233// 1232//
f 1236// 1232// 1231//
usemtl 1
f 1050// 1032// 1049//
f 1049// 1032// 1033//
f 1049// 1033// 1048//
f 1048// 1033// 1034//
f 1048// 1034// 1047//
f 1031// 1032// 1025//
f 1025// 1032// 1056//
f 1034// 1035// 1047//
f 1047// 1035// 1036//
f 1047// 1036// 1037//
f 1037// 1038// 1047//
f 1047// 1038// 1039//
f 1047// 1039// 1040//
f 1041// 1045// 1040//
f 1040// 1045// 1046//
f 1040// 1046// 1047//
f 1041// 1042// 1045//
f 1045// 1042// 1043//
f 1045// 1043// 1044//
f 1050// 1051// 1032//
f 1032// 1051// 1052//
f 1032// 1052// 1053//
f 1028// 1025// 1027//
f 1027// 1025// 1026//
f 1028// 1029// 1025//
f 1025// 1029// 1030//
f 1025// 1030// 1031//
f 1053// 1054// 1032//
f 1032// 1054// 1055//
f 1032// 1055// 1056//
usemtl 2
f 672// 1262// 673//
f 673// 1262// 1263//
f 1262// 672// 598//
f 600// 1264// 598//
f 598// 1264// 1265//
f 598// 1265// 1262//
f 673// 1263// 597//
f 597// 1263// 1266//
f 597// 1266// 595//
f 595// 1266// 1267//
f 595// 1267// 593//
f 593// 1267// 1268//
f 593// 1268// 600//
f 600// 1268// 1264//
f 1266// 1263// 1265//
f 1265// 1263// 1262//
f 1267// 1266// 1268//
f 1268// 1266// 1265//
f 1268// 1265// 1264//
f 1269// 1270// 675//
f 675// 1270// 674//
f 674// 1270// 647//
f 647// 1270// 1271//
f 647// 1271// 628//
f 628// 1271// 1272//
f 1269// 675// 625//
f 626// 1273// 625//
f 625// 1273// 1274//
f 625// 1274// 1269//
f 628// 1272// 627//
f 627// 1272// 1275//
f 627// 1275// 626//
f 626// 1275// 1273//
f 1271// 1270// 1274//
f 1274// 1270// 1269//
f 1274// 1273// 1271//
f 1271// 1273// 1275//
f 1271// 1275// 1272//
f 596// 1276// 1277//
f 596// 1277// 611//
f 611// 1277// 1278//
f 611// 1278// 1279//
f 611// 1279// 606//
f 606// 1279// 1280//
f 606// 1280// 1281//
f 606// 1281// 594//
f 594// 1281// 1282//
f 1276// 596// 1283//
f 1283// 596// 594//
f 1283// 594// 1282//
f 1284// 1285// 1280//
f 1280// 1279// 1286//
f 1286// 1279// 1287//
f 1288// 1289// 1290//
f 1291// 1292// 1293//
f 1294// 1295// 1296//
f 1296// 1295// 1297//
f 1296// 1297// 1298//
f 1299// 1300// 1301//
f 1301// 1300// 1302//
f 1292// 1303// 1304//
f 1305// 1306// 1307//
f 1307// 1306// 1308//
f 1309// 1310// 1284//
f 1284// 1310// 1311//
f 1284// 1311// 1312//
f 1303// 1292// 1286//
f 1286// 1292// 1313//
f 1286// 1313// 1314//
f 1315// 1316// 1317//
f 1317// 1316// 1318//
f 1317// 1318// 1285//
f 1319// 1293// 1301//
f 1301// 1293// 1292//
f 1301// 1292// 1320//
f 1320// 1292// 1304//
f 1294// 1321// 1295//
f 1295// 1321// 1322//
f 1295// 1322// 1323//
f 1323// 1322// 1308//
f 1323// 1308// 1324//
f 1324// 1308// 1306//
f 1318// 1325// 1290//
f 1290// 1325// 1326//
f 1290// 1326// 1288//
f 1327// 1328// 1329//
f 1302// 1330// 1301//
f 1301// 1330// 1331//
f 1301// 1331// 1319//
f 1278// 1332// 1333//
f 1314// 1334// 1286//
f 1286// 1334// 1335//
f 1286// 1335// 1280//
f 1280// 1335// 1336//
f 1280// 1336// 1337//
f 1337// 1338// 1280//
f 1280// 1338// 1339//
f 1280// 1339// 1284//
f 1284// 1339// 1340//
f 1284// 1340// 1309//
f 1341// 1342// 1343//
f 1291// 1293// 1307//
f 1307// 1293// 1344//
f 1307// 1344// 1305//
f 1345// 1346// 1347//
f 1333// 1348// 1278//
f 1278// 1348// 1349//
f 1278// 1349// 1279//
f 1279// 1349// 1350//
f 1287// 1279// 1329//
f 1329// 1279// 1350//
f 1329// 1350// 1327//
f 1327// 1350// 1351//
f 1327// 1351// 1352//
f 1352// 1351// 1353//
f 1352// 1353// 1354//
f 1341// 1343// 1355//
f 1343// 1356// 1357//
f 1357// 1356// 1358//
f 1359// 1360// 1361//
f 1362// 1363// 1364//
f 1364// 1363// 1365//
f 1298// 1366// 1296//
f 1296// 1366// 1367//
f 1296// 1367// 1368//
f 1369// 1296// 1370//
f 1370// 1296// 1368//
f 1370// 1368// 1371//
f 1347// 1372// 1278//
f 1278// 1372// 1373//
f 1278// 1373// 1332//
f 1315// 1362// 1316//
f 1316// 1362// 1374//
f 1316// 1374// 1375//
f 1375// 1374// 1376//
f 1375// 1376// 1343//
f 1343// 1376// 1377//
f 1343// 1377// 1355//
f 1342// 1378// 1343//
f 1343// 1378// 1379//
f 1343// 1379// 1356//
f 1380// 1381// 1356//
f 1356// 1381// 1382//
f 1356// 1382// 1358//
f 1315// 1383// 1362//
f 1362// 1383// 1384//
f 1362// 1384// 1385//
f 1359// 1361// 1363//
f 1363// 1361// 1386//
f 1363// 1386// 1365//
f 1289// 1387// 1290//
f 1290// 1387// 1388//
f 1290// 1388// 1389//
f 1385// 1390// 1362//
f 1362// 1390// 1391//
f 1362// 1391// 1363//
f 1369// 1392// 1296//
f 1296// 1392// 1345//
f 1296// 1345// 1389//
f 1281// 1393// 1394//
f 1290// 1395// 1396//
f 1397// 1398// 1290//
f 1285// 1318// 1280//
f 1280// 1318// 1290//
f 1280// 1290// 1399//
f 1400// 1401// 1402//
f 1403// 1404// 1405//
f 1406// 1407// 1404//
f 1399// 1408// 1280//
f 1280// 1408// 1409//
f 1280// 1409// 1410//
f 1403// 1405// 1411//
f 1412// 1413// 1414//
f 1415// 1416// 1405//
f 1405// 1416// 1417//
f 1405// 1417// 1418//
f 1396// 1419// 1290//
f 1290// 1419// 1420//
f 1290// 1420// 1421//
f 1398// 1422// 1290//
f 1290// 1422// 1423//
f 1290// 1423// 1399//
f 1424// 1425// 1426//
f 1402// 1427// 1400//
f 1400// 1427// 1428//
f 1400// 1428// 1424//
f 1424// 1428// 1429//
f 1424// 1429// 1425//
f 1430// 1431// 1432//
f 1432// 1431// 1433//
f 1434// 1435// 1436//
f 1437// 1438// 1393//
f 1439// 1440// 1441//
f 1441// 1440// 1442//
f 1441// 1442// 1443//
f 1407// 1444// 1404//
f 1404// 1444// 1445//
f 1404// 1445// 1405//
f 1405// 1445// 1446//
f 1405// 1446// 1447//
f 1448// 1449// 1290//
f 1290// 1449// 1450//
f 1290// 1450// 1395//
f 1447// 1451// 1405//
f 1405// 1451// 1452//
f 1405// 1452// 1415//
f 1433// 1453// 1432//
f 1432// 1453// 1454//
f 1432// 1454// 1455//
f 1455// 1454// 1434//
f 1455// 1434// 1456//
f 1456// 1434// 1436//
f 1457// 1458// 1283//
f 1283// 1458// 1459//
f 1283// 1459// 1460//
f 1461// 1462// 1463//
f 1463// 1462// 1464//
f 1463// 1464// 1465//
f 1281// 1394// 1282//
f 1282// 1394// 1466//
f 1282// 1466// 1467//
f 1468// 1469// 1282//
f 1282// 1469// 1470//
f 1282// 1470// 1283//
f 1283// 1470// 1471//
f 1283// 1471// 1457//
f 1406// 1404// 1472//
f 1472// 1404// 1473//
f 1472// 1473// 1474//
f 1410// 1475// 1280//
f 1280// 1475// 1476//
f 1280// 1476// 1424//
f 1477// 1478// 1479//
f 1479// 1478// 1480//
f 1479// 1480// 1481//
f 1481// 1480// 1482//
f 1481// 1482// 1483//
f 1484// 1485// 1281//
f 1485// 1486// 1281//
f 1281// 1486// 1487//
f 1281// 1487// 1393//
f 1393// 1487// 1488//
f 1393// 1488// 1437//
f 1489// 1490// 1491//
f 1492// 1493// 1441//
f 1421// 1494// 1290//
f 1290// 1494// 1495//
f 1290// 1495// 1496//
f 1497// 1498// 1290//
f 1290// 1498// 1499//
f 1290// 1499// 1397//
f 1500// 1441// 1501//
f 1501// 1441// 1502//
f 1490// 1489// 1503//
f 1503// 1489// 1504//
f 1503// 1504// 1505//
f 1493// 1506// 1441//
f 1441// 1506// 1507//
f 1441// 1507// 1439//
f 1467// 1508// 1282//
f 1282// 1508// 1509//
f 1282// 1509// 1510//
f 1510// 1511// 1282//
f 1282// 1511// 1512//
f 1282// 1512// 1468//
f 1513// 1514// 1473//
f 1473// 1514// 1515//
f 1473// 1515// 1474//
f 1516// 1517// 1414//
f 1414// 1517// 1518//
f 1414// 1518// 1412//
f 1519// 1281// 1520//
f 1520// 1281// 1280//
f 1520// 1280// 1521//
f 1521// 1280// 1424//
f 1521// 1424// 1522//
f 1522// 1424// 1426//
f 1523// 1524// 1525//
f 1435// 1434// 1479//
f 1479// 1434// 1526//
f 1479// 1526// 1477//
f 1461// 1463// 1504//
f 1504// 1463// 1527//
f 1504// 1527// 1505//
f 1465// 1528// 1463//
f 1463// 1528// 1529//
f 1463// 1529// 1530//
f 1413// 1531// 1414//
f 1414// 1531// 1532//
f 1414// 1532// 1533//
f 1534// 1497// 1535//
f 1535// 1497// 1290//
f 1535// 1290// 1536//
f 1536// 1290// 1496//
f 1537// 1538// 1539//
f 1539// 1538// 1540//
f 1541// 1542// 1443//
f 1500// 1543// 1441//
f 1441// 1543// 1544//
f 1441// 1544// 1545//
f 1545// 1544// 1523//
f 1545// 1523// 1546//
f 1546// 1523// 1525//
f 1438// 1547// 1393//
f 1393// 1547// 1548//
f 1393// 1548// 1549//
f 1549// 1548// 1550//
f 1549// 1550// 1551//
f 1551// 1550// 1552//
f 1551// 1552// 1553//
f 1553// 1552// 1489//
f 1553// 1489// 1554//
f 1554// 1489// 1491//
f 1492// 1441// 1405//
f 1405// 1441// 1555//
f 1405// 1555// 1411//
f 1537// 1556// 1538//
f 1538// 1556// 1541//
f 1538// 1541// 1557//
f 1557// 1541// 1443//
f 1542// 1558// 1443//
f 1443// 1558// 1559//
f 1443// 1559// 1483//
f 1560// 1561// 1281//
f 1281// 1561// 1562//
f 1281// 1562// 1484//
f 1516// 1563// 1517//
f 1517// 1563// 1564//
f 1517// 1564// 1473//
f 1473// 1564// 1565//
f 1473// 1565// 1513//
f 1566// 1567// 1414//
f 1414// 1567// 1568//
f 1414// 1568// 1569//
f 1483// 1482// 1443//
f 1443// 1482// 1570//
f 1443// 1570// 1441//
f 1441// 1570// 1571//
f 1441// 1571// 1502//
f 1540// 1538// 1519//
f 1519// 1538// 1572//
f 1519// 1572// 1281//
f 1281// 1572// 1573//
f 1281// 1573// 1574//
f 1533// 1575// 1414//
f 1414// 1575// 1576//
f 1414// 1576// 1566//
f 1574// 1577// 1281//
f 1281// 1577// 1578//
f 1281// 1578// 1560//
f 1569// 1448// 1414//
f 1414// 1448// 1290//
f 1414// 1290// 1579//
f 1579// 1290// 1580//
f 1345// 1347// 1389//
f 1389// 1347// 1278//
f 1389// 1278// 1290//
f 1290// 1278// 1277//
f 1290// 1277// 1580//
f 1580// 1277// 1276//
f 1580// 1276// 1581//
f 1276// 1582// 1583//
f 1584// 1585// 1586//
f 1586// 1585// 1587//
f 1581// 1276// 1588//
f 1588// 1276// 1583//
f 1588// 1583// 1586//
f 1586// 1583// 1589//
f 1586// 1589// 1584//
f 1530// 1590// 1463//
f 1463// 1590// 1586//
f 1463// 1586// 1591//
f 1591// 1586// 1587//
f 1592// 1593// 1283//
f 1283// 1593// 1594//
f 1283// 1594// 1276//
f 1276// 1594// 1595//
f 1276// 1595// 1596//
f 1597// 1598// 1276//
f 1276// 1598// 1599//
f 1276// 1599// 1582//
f 1600// 1601// 1602//
f 1602// 1601// 1603//
f 1602// 1603// 1604//
f 1605// 1606// 1602//
f 1602// 1606// 1607//
f 1602// 1607// 1600//
f 1460// 1608// 1283//
f 1283// 1608// 1609//
f 1283// 1609// 1610//
f 1610// 1611// 1283//
f 1283// 1611// 1612//
f 1283// 1612// 1592//
f 1613// 1614// 1276//
f 1276// 1614// 1615//
f 1276// 1615// 1597//
f 1605// 1602// 1616//
f 1616// 1602// 1617//
f 1616// 1617// 1618//
f 1596// 1619// 1276//
f 1276// 1619// 1616//
f 1276// 1616// 1613//
f 1613// 1616// 1618//
f 1620// 1621// 1622//
f 1622// 1621// 1623//
f 1622// 1623// 1604//
f 1604// 1623// 1624//
f 1604// 1624// 1602//
f 577// 1625// 578//
f 578// 1625// 1626//
f 1625// 577// 583//
f 605// 1627// 583//
f 583// 1627// 1628//
f 583// 1628// 1625//
f 578// 1626// 618//
f 618// 1626// 1629//
f 618// 1629// 608//
f 608// 1629// 1630//
f 1629// 1626// 1628//
f 1628// 1626// 1625//
f 1630// 1631// 608//
f 608// 1631// 607//
f 1631// 1627// 607//
f 607// 1627// 605//
f 1631// 1630// 1627//
f 1627// 1630// 1629//
f 1627// 1629// 1628//
f 1632// 1633// 582//
f 582// 1633// 581//
f 581// 1633// 587//
f 587// 1633// 1634//
f 587// 1634// 621//
f 621// 1634// 1635//
f 1632// 582// 613//
f 615// 1636// 613//
f 613// 1636// 1637//
f 613// 1637// 1632//
f 1634// 1633// 1637//
f 1637// 1633// 1632//
f 620// 621// 1638//
f 1638// 621// 1635//
f 590// 1636// 592//
f 592// 1636// 615//
f 1637// 1639// 1640//
f 1640// 1641// 1637//
f 1637// 1641// 1642//
f 1637// 1642// 1634//
f 1634// 1642// 1643//
f 1638// 1635// 1644//
f 1644// 1635// 1634//
f 1644// 1634// 1645//
f 1645// 1634// 1643//
f 590// 589// 1636//
f 1636// 589// 1646//
f 1646// 1647// 1636//
f 1636// 1647// 1648//
f 1636// 1648// 1637//
f 1637// 1648// 1649//
f 1637// 1649// 1639//
f 620// 1638// 633//
f 633// 1638// 1644//
f 633// 1644// 634//
f 634// 1644// 1645//
f 634// 1645// 635//
f 635// 1645// 1643//
f 635// 1643// 636//
f 636// 1643// 1642//
f 636// 1642// 637//
f 637// 1642// 1641//
f 637// 1641// 632//
f 632// 1641// 1640//
f 632// 1640// 638//
f 638// 1640// 1639//
f 638// 1639// 639//
f 639// 1639// 1649//
f 639// 1649// 642//
f 642// 1649// 1648//
f 642// 1648// 643//
f 643// 1648// 1647//
f 643// 1647// 619//
f 619// 1647// 1646//
f 619// 1646// 591//
f 591// 1646// 589//
f 1650// 1651// 584//
f 584// 1651// 588//
f 1652// 1650// 585//
f 585// 1650// 584//
f 1653// 1652// 586//
f 586// 1652// 585//
f 1651// 1653// 588//
f 588// 1653// 586//
f 1652// 1653// 1650//
f 1650// 1653// 1651//
f 1654// 1655// 677//
f 677// 1655// 668//
f 1656// 1654// 676//
f 676// 1654// 677//
f 1657// 1656// 669//
f 669// 1656// 676//
f 1655// 1657// 668//
f 668// 1657// 669//
f 1656// 1657// 1654//
f 1654// 1657// 1655//
f 1658// 1659// 561//
f 561// 1659// 562//
f 1660// 1658// 567//
f 567// 1658// 561//
f 1661// 1660// 568//
f 568// 1660// 567//
f 1659// 1661// 562//
f 562// 1661// 568//
f 1660// 1661// 1658//
f 1658// 1661// 1659//
f 1662// 1663// 574//
f 574// 1663// 575//
f 1664// 1662// 571//
f 571// 1662// 574//
f 1665// 1664// 576//
f 576// 1664// 571//
f 1663// 1665// 575//
f 575// 1665// 576//
f 1664// 1665// 1662//
f 1662// 1665// 1663//
f 1666// 1667// 566//
f 566// 1667// 570//
f 1668// 1666// 565//
f 565// 1666// 566//
f 1669// 1668// 573//
f 573// 1668// 565//
f 1667// 1669// 570//
f 570// 1669// 573//
f 1668// 1669// 1666//
f 1666// 1669// 1667//
f 1670// 1671// 663//
f 663// 1671// 654//
f 1672// 1670// 662//
f 662// 1670// 663//
f 1673// 1672// 661//
f 661// 1672// 662//
f 1671// 1673// 654//
f 654// 1673// 661//
f 1672// 1673// 1670//
f 1670// 1673// 1671//
f 1674// 1675// 667//
f 667// 1675// 664//
f 1676// 1674// 666//
f 666// 1674// 667//
f 1677// 1676// 665//
f 665// 1676// 666//
f 1675// 1677// 664//
f 664// 1677// 665//
f 1676// 1677// 1674//
f 1674// 1677// 1675//
f 1678// 1679// 657//
f 657// 1679// 658//
f 1680// 1678// 659//
f 659// 1678// 657//
f 1681// 1680// 660//
f 660// 1680// 659//
f 1679// 1681// 658//
f 658// 1681// 660//
f 1680// 1681// 1678//
f 1678// 1681// 1679//
usemtl 3
f 1682// 1303// 1683//
f 1683// 1303// 1286//
f 1684// 1301// 1320//
f 1684// 1320// 1685//
f 1685// 1320// 1304//
f 1685// 1304// 1686//
f 1686// 1304// 1303//
f 1686// 1303// 1682//
f 1687// 1299// 1684//
f 1684// 1299// 1301//
f 1688// 1293// 1319//
f 1688// 1319// 1689//
f 1689// 1319// 1331//
f 1689// 1331// 1690//
f 1690// 1331// 1330//
f 1690// 1330// 1691//
f 1691// 1330// 1302//
f 1691// 1302// 1692//
f 1692// 1302// 1300//
f 1692// 1300// 1693//
f 1693// 1300// 1299//
f 1693// 1299// 1687//
f 1694// 1295// 1323//
f 1694// 1323// 1695//
f 1695// 1323// 1324//
f 1695// 1324// 1696//
f 1696// 1324// 1306//
f 1696// 1306// 1697//
f 1697// 1306// 1305//
f 1697// 1305// 1698//
f 1698// 1305// 1344//
f 1698// 1344// 1699//
f 1699// 1344// 1293//
f 1699// 1293// 1688//
f 1700// 1392// 1369//
f 1700// 1369// 1701//
f 1701// 1369// 1370//
f 1701// 1370// 1702//
f 1702// 1370// 1371//
f 1702// 1371// 1703//
f 1703// 1371// 1368//
f 1703// 1368// 1704//
f 1704// 1368// 1367//
f 1704// 1367// 1705//
f 1705// 1367// 1366//
f 1705// 1366// 1706//
f 1706// 1366// 1298//
f 1706// 1298// 1707//
f 1707// 1298// 1297//
f 1707// 1297// 1708//
f 1708// 1297// 1295//
f 1708// 1295// 1694//
f 1709// 1345// 1700//
f 1700// 1345// 1392//
f 1710// 1346// 1709//
f 1709// 1346// 1345//
f 1711// 1354// 1353//
f 1711// 1353// 1712//
f 1712// 1353// 1351//
f 1712// 1351// 1713//
f 1713// 1351// 1350//
f 1713// 1350// 1714//
f 1714// 1350// 1349//
f 1714// 1349// 1715//
f 1715// 1349// 1348//
f 1715// 1348// 1716//
f 1716// 1348// 1333//
f 1716// 1333// 1717//
f 1717// 1333// 1332//
f 1717// 1332// 1718//
f 1718// 1332// 1373//
f 1718// 1373// 1719//
f 1719// 1373// 1372//
f 1719// 1372// 1720//
f 1720// 1372// 1347//
f 1720// 1347// 1721//
f 1721// 1347// 1346//
f 1721// 1346// 1710//
f 1722// 1352// 1711//
f 1711// 1352// 1354//
f 1723// 1327// 1722//
f 1722// 1327// 1352//
f 1724// 1329// 1328//
f 1724// 1328// 1725//
f 1725// 1328// 1327//
f 1725// 1327// 1723//
f 1726// 1287// 1724//
f 1724// 1287// 1329//
f 1726// 1683// 1287//
f 1287// 1683// 1286//
f 1698// 1699// 1703//
f 1702// 1703// 1690//
f 1687// 1716// 1717//
f 1699// 1688// 1703//
f 1703// 1688// 1689//
f 1703// 1689// 1690//
f 1690// 1691// 1702//
f 1702// 1691// 1692//
f 1702// 1692// 1701//
f 1701// 1692// 1693//
f 1723// 1722// 1687//
f 1722// 1711// 1687//
f 1687// 1711// 1712//
f 1687// 1712// 1713//
f 1687// 1720// 1721//
f 1683// 1726// 1682//
f 1682// 1726// 1724//
f 1682// 1724// 1686//
f 1686// 1724// 1725//
f 1686// 1725// 1685//
f 1685// 1725// 1723//
f 1685// 1723// 1684//
f 1684// 1723// 1687//
f 1713// 1714// 1687//
f 1687// 1714// 1715//
f 1687// 1715// 1716//
f 1695// 1696// 1703//
f 1703// 1696// 1697//
f 1703// 1697// 1698//
f 1717// 1718// 1687//
f 1687// 1718// 1719//
f 1687// 1719// 1720//
f 1721// 1710// 1687//
f 1687// 1710// 1709//
f 1687// 1709// 1693//
f 1693// 1709// 1700//
f 1693// 1700// 1701//
f 1703// 1704// 1695//
f 1695// 1704// 1705//
f 1695// 1705// 1706//
f 1706// 1707// 1695//
f 1695// 1707// 1708//
f 1695// 1708// 1694//
f 1727// 1623// 1728//
f 1728// 1623// 1621//
f 1729// 1624// 1727//
f 1727// 1624// 1623//
f 1624// 1729// 1602//
f 1602// 1729// 1730//
f 1602// 1730// 1617//
f 1731// 1527// 1463//
f 1731// 1463// 1732//
f 1463// 1591// 1732//
f 1732// 1591// 1587//
f 1732// 1587// 1733//
f 1733// 1587// 1585//
f 1733// 1585// 1734//
f 1734// 1585// 1584//
f 1734// 1584// 1735//
f 1735// 1584// 1589//
f 1735// 1589// 1736//
f 1736// 1589// 1583//
f 1736// 1583// 1737//
f 1737// 1583// 1582//
f 1737// 1582// 1738//
f 1738// 1582// 1599//
f 1738// 1599// 1739//
f 1739// 1599// 1598//
f 1739// 1598// 1740//
f 1740// 1598// 1597//
f 1740// 1597// 1741//
f 1741// 1597// 1615//
f 1741// 1615// 1742//
f 1742// 1615// 1614//
f 1742// 1614// 1743//
f 1743// 1614// 1613//
f 1743// 1613// 1744//
f 1744// 1613// 1618//
f 1744// 1618// 1745//
f 1745// 1618// 1617//
f 1745// 1617// 1730//
f 1746// 1505// 1731//
f 1731// 1505// 1527//
f 1747// 1554// 1491//
f 1747// 1491// 1748//
f 1748// 1491// 1490//
f 1748// 1490// 1749//
f 1749// 1490// 1503//
f 1749// 1503// 1750//
f 1750// 1503// 1505//
f 1750// 1505// 1746//
f 1751// 1553// 1747//
f 1747// 1553// 1554//
f 1752// 1549// 1551//
f 1752// 1551// 1753//
f 1753// 1551// 1553//
f 1753// 1553// 1751//
f 1754// 1393// 1752//
f 1752// 1393// 1549//
f 1755// 1394// 1754//
f 1754// 1394// 1393//
f 1756// 1466// 1755//
f 1755// 1466// 1394//
f 1757// 1467// 1756//
f 1756// 1467// 1466//
f 1758// 1509// 1508//
f 1758// 1508// 1759//
f 1759// 1508// 1467//
f 1759// 1467// 1757//
f 1760// 1510// 1758//
f 1758// 1510// 1509//
f 1761// 1459// 1458//
f 1761// 1458// 1762//
f 1762// 1458// 1457//
f 1762// 1457// 1763//
f 1763// 1457// 1471//
f 1763// 1471// 1764//
f 1764// 1471// 1470//
f 1764// 1470// 1765//
f 1765// 1470// 1469//
f 1765// 1469// 1766//
f 1766// 1469// 1468//
f 1766// 1468// 1767//
f 1767// 1468// 1512//
f 1767// 1512// 1768//
f 1768// 1512// 1511//
f 1768// 1511// 1769//
f 1769// 1511// 1510//
f 1769// 1510// 1760//
f 1770// 1460// 1761//
f 1761// 1460// 1459//
f 1460// 1770// 1608//
f 1608// 1770// 1771//
f 1608// 1771// 1609//
f 1772// 1603// 1601//
f 1772// 1601// 1773//
f 1773// 1601// 1600//
f 1773// 1600// 1774//
f 1774// 1600// 1607//
f 1774// 1607// 1775//
f 1775// 1607// 1606//
f 1775// 1606// 1776//
f 1776// 1606// 1605//
f 1776// 1605// 1777//
f 1777// 1605// 1616//
f 1777// 1616// 1778//
f 1778// 1616// 1619//
f 1778// 1619// 1779//
f 1779// 1619// 1596//
f 1779// 1596// 1780//
f 1780// 1596// 1595//
f 1780// 1595// 1781//
f 1781// 1595// 1594//
f 1781// 1594// 1782//
f 1782// 1594// 1593//
f 1782// 1593// 1783//
f 1783// 1593// 1592//
f 1783// 1592// 1784//
f 1784// 1592// 1612//
f 1784// 1612// 1785//
f 1785// 1612// 1611//
f 1785// 1611// 1786//
f 1786// 1611// 1610//
f 1786// 1610// 1787//
f 1787// 1610// 1609//
f 1787// 1609// 1771//
f 1603// 1772// 1604//
f 1604// 1772// 1788//
f 1604// 1788// 1622//
f 1789// 1620// 1788//
f 1788// 1620// 1622//
f 1789// 1728// 1620//
f 1620// 1728// 1621//
f 1790// 1754// 1791//
f 1791// 1754// 1752//
f 1789// 1792// 1793//
f 1768// 1769// 1788//
f 1788// 1769// 1760//
f 1793// 1794// 1789//
f 1789// 1794// 1795//
f 1789// 1795// 1728//
f 1728// 1795// 1796//
f 1753// 1727// 1752//
f 1752// 1727// 1728//
f 1752// 1728// 1791//
f 1791// 1728// 1796//
f 1760// 1758// 1788//
f 1788// 1758// 1759//
f 1788// 1759// 1789//
f 1789// 1759// 1757//
f 1789// 1757// 1792//
f 1792// 1757// 1756//
f 1792// 1756// 1790//
f 1790// 1756// 1755//
f 1790// 1755// 1754//
f 1727// 1746// 1729//
f 1729// 1746// 1731//
f 1729// 1731// 1730//
f 1730// 1731// 1732//
f 1730// 1732// 1745//
f 1786// 1772// 1785//
f 1785// 1772// 1773//
f 1785// 1773// 1784//
f 1761// 1762// 1788//
f 1788// 1762// 1763//
f 1788// 1763// 1768//
f 1768// 1763// 1764//
f 1753// 1751// 1727//
f 1727// 1751// 1747//
f 1727// 1747// 1748//
f 1745// 1732// 1744//
f 1744// 1732// 1733//
f 1744// 1733// 1743//
f 1765// 1766// 1764//
f 1764// 1766// 1767//
f 1764// 1767// 1768//
f 1748// 1749// 1727//
f 1727// 1749// 1750//
f 1727// 1750// 1746//
f 1741// 1742// 1735//
f 1786// 1787// 1772//
f 1772// 1787// 1771//
f 1772// 1771// 1788//
f 1788// 1771// 1770//
f 1788// 1770// 1761//
f 1743// 1733// 1742//
f 1742// 1733// 1734//
f 1742// 1734// 1735//
f 1775// 1776// 1783//
f 1784// 1773// 1783//
f 1783// 1773// 1774//
f 1783// 1774// 1775//
f 1781// 1778// 1780//
f 1780// 1778// 1779//
f 1776// 1777// 1783//
f 1783// 1777// 1778//
f 1783// 1778// 1782//
f 1782// 1778// 1781//
f 1741// 1735// 1740//
f 1740// 1735// 1736//
f 1740// 1736// 1739//
f 1739// 1736// 1737//
f 1739// 1737// 1738//
f 1791// 1797// 1790//
f 1790// 1797// 1798//
f 1794// 1799// 1800//
f 1794// 1800// 1795//
f 1795// 1800// 1801//
f 1795// 1801// 1796//
f 1796// 1801// 1797//
f 1796// 1797// 1791//
f 1793// 1802// 1794//
f 1794// 1802// 1799//
f 1792// 1803// 1793//
f 1793// 1803// 1802//
f 1798// 1803// 1790//
f 1790// 1803// 1792//
f 1804// 1506// 1805//
f 1805// 1506// 1493//
f 1806// 1573// 1572//
f 1806// 1572// 1807//
f 1807// 1572// 1538//
f 1807// 1538// 1808//
f 1808// 1538// 1557//
f 1808// 1557// 1809//
f 1809// 1557// 1443//
f 1809// 1443// 1810//
f 1810// 1443// 1442//
f 1810// 1442// 1811//
f 1811// 1442// 1440//
f 1811// 1440// 1812//
f 1812// 1440// 1439//
f 1812// 1439// 1813//
f 1813// 1439// 1507//
f 1813// 1507// 1814//
f 1814// 1507// 1506//
f 1814// 1506// 1804//
f 1815// 1574// 1806//
f 1806// 1574// 1573//
f 1816// 1577// 1815//
f 1815// 1577// 1574//
f 1817// 1560// 1578//
f 1817// 1578// 1818//
f 1818// 1578// 1577//
f 1818// 1577// 1816//
f 1819// 1561// 1817//
f 1817// 1561// 1560//
f 1820// 1562// 1819//
f 1819// 1562// 1561//
f 1821// 1485// 1484//
f 1821// 1484// 1822//
f 1822// 1484// 1562//
f 1822// 1562// 1820//
f 1823// 1550// 1548//
f 1823// 1548// 1824//
f 1824// 1548// 1547//
f 1824// 1547// 1825//
f 1825// 1547// 1438//
f 1825// 1438// 1826//
f 1826// 1438// 1437//
f 1826// 1437// 1827//
f 1827// 1437// 1488//
f 1827// 1488// 1828//
f 1828// 1488// 1487//
f 1828// 1487// 1829//
f 1829// 1487// 1486//
f 1829// 1486// 1830//
f 1830// 1486// 1485//
f 1830// 1485// 1821//
f 1831// 1528// 1465//
f 1831// 1465// 1832//
f 1832// 1465// 1464//
f 1832// 1464// 1833//
f 1833// 1464// 1462//
f 1833// 1462// 1834//
f 1834// 1462// 1461//
f 1834// 1461// 1835//
f 1835// 1461// 1504//
f 1835// 1504// 1836//
f 1836// 1504// 1489//
f 1836// 1489// 1837//
f 1837// 1489// 1552//
f 1837// 1552// 1838//
f 1838// 1552// 1550//
f 1838// 1550// 1823//
f 1839// 1529// 1831//
f 1831// 1529// 1528//
f 1840// 1581// 1588//
f 1840// 1588// 1841//
f 1841// 1588// 1586//
f 1841// 1586// 1842//
f 1586// 1590// 1842//
f 1842// 1590// 1530//
f 1842// 1530// 1843//
f 1843// 1530// 1529//
f 1843// 1529// 1839//
f 1844// 1564// 1563//
f 1844// 1563// 1845//
f 1845// 1563// 1516//
f 1845// 1516// 1846//
f 1846// 1516// 1414//
f 1846// 1414// 1847//
f 1414// 1579// 1847//
f 1847// 1579// 1580//
f 1847// 1580// 1848//
f 1848// 1580// 1581//
f 1848// 1581// 1840//
f 1849// 1565// 1844//
f 1844// 1565// 1564//
f 1850// 1416// 1415//
f 1850// 1415// 1851//
f 1851// 1415// 1452//
f 1851// 1452// 1852//
f 1852// 1452// 1451//
f 1852// 1451// 1853//
f 1853// 1451// 1447//
f 1853// 1447// 1854//
f 1854// 1447// 1446//
f 1854// 1446// 1855//
f 1855// 1446// 1445//
f 1855// 1445// 1856//
f 1856// 1445// 1444//
f 1856// 1444// 1857//
f 1857// 1444// 1407//
f 1857// 1407// 1858//
f 1858// 1407// 1406//
f 1858// 1406// 1859//
f 1859// 1406// 1472//
f 1859// 1472// 1860//
f 1860// 1472// 1474//
f 1860// 1474// 1861//
f 1861// 1474// 1515//
f 1861// 1515// 1862//
f 1862// 1515// 1514//
f 1862// 1514// 1863//
f 1863// 1514// 1513//
f 1863// 1513// 1864//
f 1864// 1513// 1565//
f 1864// 1565// 1849//
f 1865// 1417// 1850//
f 1850// 1417// 1416//
f 1866// 1418// 1865//
f 1865// 1418// 1417//
f 1867// 1405// 1866//
f 1866// 1405// 1418//
f 1805// 1493// 1492//
f 1805// 1492// 1868//
f 1868// 1492// 1405//
f 1868// 1405// 1867//
f 1816// 1815// 1869//
f 1814// 1804// 1815//
f 1865// 1850// 1849//
f 1862// 1863// 1850//
f 1850// 1863// 1864//
f 1850// 1864// 1849//
f 1843// 1866// 1842//
f 1842// 1866// 1865//
f 1832// 1833// 1870//
f 1870// 1833// 1834//
f 1870// 1834// 1871//
f 1871// 1834// 1835//
f 1871// 1835// 1872//
f 1872// 1835// 1836//
f 1872// 1836// 1873//
f 1873// 1836// 1874//
f 1843// 1839// 1866//
f 1866// 1839// 1875//
f 1866// 1875// 1867//
f 1867// 1875// 1869//
f 1867// 1869// 1868//
f 1868// 1869// 1815//
f 1868// 1815// 1805//
f 1805// 1815// 1804//
f 1876// 1877// 1820//
f 1820// 1877// 1822//
f 1822// 1877// 1878//
f 1822// 1878// 1821//
f 1848// 1840// 1841//
f 1820// 1819// 1876//
f 1876// 1819// 1817//
f 1876// 1817// 1869//
f 1869// 1817// 1818//
f 1869// 1818// 1816//
f 1821// 1878// 1830//
f 1830// 1878// 1879//
f 1830// 1879// 1829//
f 1870// 1880// 1832//
f 1832// 1880// 1881//
f 1832// 1881// 1831//
f 1831// 1881// 1882//
f 1831// 1882// 1839//
f 1839// 1882// 1883//
f 1839// 1883// 1875//
f 1836// 1837// 1874//
f 1874// 1837// 1838//
f 1874// 1838// 1884//
f 1884// 1838// 1823//
f 1884// 1823// 1885//
f 1885// 1823// 1824//
f 1885// 1824// 1886//
f 1886// 1824// 1825//
f 1849// 1844// 1865//
f 1865// 1844// 1845//
f 1865// 1845// 1842//
f 1842// 1845// 1846//
f 1842// 1846// 1841//
f 1841// 1846// 1847//
f 1841// 1847// 1848//
f 1859// 1860// 1850//
f 1850// 1860// 1861//
f 1850// 1861// 1862//
f 1815// 1806// 1814//
f 1814// 1806// 1807//
f 1814// 1807// 1813//
f 1813// 1807// 1808//
f 1829// 1879// 1828//
f 1828// 1879// 1887//
f 1828// 1887// 1827//
f 1827// 1887// 1888//
f 1827// 1888// 1826//
f 1826// 1888// 1889//
f 1826// 1889// 1825//
f 1825// 1889// 1890//
f 1825// 1890// 1886//
f 1851// 1852// 1857//
f 1857// 1852// 1853//
f 1857// 1853// 1856//
f 1856// 1853// 1854//
f 1856// 1854// 1855//
f 1808// 1809// 1813//
f 1813// 1809// 1810//
f 1813// 1810// 1812//
f 1812// 1810// 1811//
f 1851// 1857// 1850//
f 1850// 1857// 1858//
f 1850// 1858// 1859//
f 1881// 1891// 1882//
f 1882// 1891// 1892//
f 1885// 1893// 1894//
f 1885// 1894// 1884//
f 1884// 1894// 1895//
f 1884// 1895// 1874//
f 1874// 1895// 1896//
f 1874// 1896// 1873//
f 1873// 1896// 1897//
f 1873// 1897// 1872//
f 1872// 1897// 1898//
f 1872// 1898// 1871//
f 1871// 1898// 1899//
f 1871// 1899// 1870//
f 1870// 1899// 1900//
f 1870// 1900// 1880//
f 1880// 1900// 1891//
f 1880// 1891// 1881//
f 1878// 1901// 1902//
f 1878// 1902// 1879//
f 1879// 1902// 1903//
f 1879// 1903// 1887//
f 1887// 1903// 1904//
f 1887// 1904// 1888//
f 1888// 1904// 1905//
f 1888// 1905// 1889//
f 1889// 1905// 1906//
f 1889// 1906// 1890//
f 1890// 1906// 1907//
f 1890// 1907// 1886//
f 1886// 1907// 1893//
f 1886// 1893// 1885//
f 1876// 1908// 1909//
f 1876// 1909// 1877//
f 1877// 1909// 1901//
f 1877// 1901// 1878//
f 1869// 1910// 1876//
f 1876// 1910// 1908//
f 1875// 1911// 1869//
f 1869// 1911// 1910//
f 1882// 1892// 1912//
f 1882// 1912// 1883//
f 1883// 1912// 1911//
f 1883// 1911// 1875//
f 1913// 1431// 1914//
f 1914// 1431// 1430//
f 1915// 1454// 1453//
f 1915// 1453// 1916//
f 1916// 1453// 1433//
f 1916// 1433// 1917//
f 1917// 1433// 1431//
f 1917// 1431// 1913//
f 1918// 1434// 1915//
f 1915// 1434// 1454//
f 1919// 1526// 1918//
f 1918// 1526// 1434//
f 1920// 1544// 1543//
f 1920// 1543// 1921//
f 1921// 1543// 1500//
f 1921// 1500// 1922//
f 1922// 1500// 1501//
f 1922// 1501// 1923//
f 1923// 1501// 1502//
f 1923// 1502// 1924//
f 1924// 1502// 1571//
f 1924// 1571// 1925//
f 1925// 1571// 1570//
f 1925// 1570// 1926//
f 1926// 1570// 1482//
f 1926// 1482// 1927//
f 1927// 1482// 1480//
f 1927// 1480// 1928//
f 1928// 1480// 1478//
f 1928// 1478// 1929//
f 1929// 1478// 1477//
f 1929// 1477// 1930//
f 1930// 1477// 1526//
f 1930// 1526// 1919//
f 1931// 1523// 1920//
f 1920// 1523// 1544//
f 1932// 1524// 1931//
f 1931// 1524// 1523//
f 1933// 1525// 1932//
f 1932// 1525// 1524//
f 1934// 1545// 1546//
f 1934// 1546// 1935//
f 1935// 1546// 1525//
f 1935// 1525// 1933//
f 1936// 1441// 1934//
f 1934// 1441// 1545//
f 1937// 1555// 1936//
f 1936// 1555// 1441//
f 1938// 1533// 1532//
f 1938// 1532// 1939//
f 1939// 1532// 1531//
f 1939// 1531// 1940//
f 1940// 1531// 1413//
f 1940// 1413// 1941//
f 1941// 1413// 1412//
f 1941// 1412// 1942//
f 1942// 1412// 1518//
f 1942// 1518// 1943//
f 1943// 1518// 1517//
f 1943// 1517// 1944//
f 1944// 1517// 1473//
f 1944// 1473// 1945//
f 1945// 1473// 1404//
f 1945// 1404// 1946//
f 1946// 1404// 1403//
f 1946// 1403// 1947//
f 1947// 1403// 1411//
f 1947// 1411// 1948//
f 1948// 1411// 1555//
f 1948// 1555// 1937//
f 1949// 1575// 1938//
f 1938// 1575// 1533//
f 1950// 1566// 1576//
f 1950// 1576// 1951//
f 1951// 1576// 1575//
f 1951// 1575// 1949//
f 1952// 1567// 1950//
f 1950// 1567// 1566//
f 1953// 1421// 1420//
f 1953// 1420// 1954//
f 1954// 1420// 1419//
f 1954// 1419// 1955//
f 1955// 1419// 1396//
f 1955// 1396// 1956//
f 1956// 1396// 1395//
f 1956// 1395// 1957//
f 1957// 1395// 1450//
f 1957// 1450// 1958//
f 1958// 1450// 1449//
f 1958// 1449// 1959//
f 1959// 1449// 1448//
f 1959// 1448// 1960//
f 1960// 1448// 1569//
f 1960// 1569// 1961//
f 1961// 1569// 1568//
f 1961// 1568// 1962//
f 1962// 1568// 1567//
f 1962// 1567// 1952//
f 1963// 1495// 1494//
f 1963// 1494// 1964//
f 1964// 1494// 1421//
f 1964// 1421// 1953//
f 1965// 1496// 1963//
f 1963// 1496// 1495//
f 1966// 1535// 1536//
f 1966// 1536// 1967//
f 1967// 1536// 1496//
f 1967// 1496// 1965//
f 1968// 1534// 1966//
f 1966// 1534// 1535//
f 1969// 1400// 1424//
f 1969// 1424// 1970//
f 1970// 1424// 1476//
f 1970// 1476// 1971//
f 1971// 1476// 1475//
f 1971// 1475// 1972//
f 1972// 1475// 1410//
f 1972// 1410// 1973//
f 1973// 1410// 1409//
f 1973// 1409// 1974//
f 1974// 1409// 1408//
f 1974// 1408// 1975//
f 1975// 1408// 1399//
f 1975// 1399// 1976//
f 1976// 1399// 1423//
f 1976// 1423// 1977//
f 1977// 1423// 1422//
f 1977// 1422// 1978//
f 1978// 1422// 1398//
f 1978// 1398// 1979//
f 1979// 1398// 1397//
f 1979// 1397// 1980//
f 1980// 1397// 1499//
f 1980// 1499// 1981//
f 1981// 1499// 1498//
f 1981// 1498// 1982//
f 1982// 1498// 1497//
f 1982// 1497// 1983//
f 1983// 1497// 1534//
f 1983// 1534// 1968//
f 1984// 1401// 1969//
f 1969// 1401// 1400//
f 1985// 1427// 1402//
f 1985// 1402// 1986//
f 1986// 1402// 1401//
f 1986// 1401// 1984//
f 1987// 1428// 1985//
f 1985// 1428// 1427//
f 1988// 1425// 1429//
f 1988// 1429// 1989//
f 1989// 1429// 1428//
f 1989// 1428// 1987//
f 1990// 1426// 1988//
f 1988// 1426// 1425//
f 1991// 1520// 1521//
f 1991// 1521// 1992//
f 1992// 1521// 1522//
f 1992// 1522// 1993//
f 1993// 1522// 1426//
f 1993// 1426// 1990//
f 1994// 1519// 1991//
f 1991// 1519// 1520//
f 1995// 1540// 1994//
f 1994// 1540// 1519//
f 1996// 1435// 1479//
f 1996// 1479// 1997//
f 1997// 1479// 1481//
f 1997// 1481// 1998//
f 1998// 1481// 1483//
f 1998// 1483// 1999//
f 1999// 1483// 1559//
f 1999// 1559// 2000//
f 2000// 1559// 1558//
f 2000// 1558// 2001//
f 2001// 1558// 1542//
f 2001// 1542// 2002//
f 2002// 1542// 1541//
f 2002// 1541// 2003//
f 2003// 1541// 1556//
f 2003// 1556// 2004//
f 2004// 1556// 1537//
f 2004// 1537// 2005//
f 2005// 1537// 1539//
f 2005// 1539// 2006//
f 2006// 1539// 1540//
f 2006// 1540// 1995//
f 2007// 1436// 1996//
f 1996// 1436// 1435//
f 2008// 1455// 1456//
f 2008// 1456// 2009//
f 2009// 1456// 1436//
f 2009// 1436// 2007//
f 2010// 1432// 2008//
f 2008// 1432// 1455//
f 2010// 1914// 1432//
f 1432// 1914// 1430//
f 1934// 1935// 1949//
f 1949// 1935// 1933//
f 1932// 1964// 1953//
f 1959// 1960// 1932//
f 1932// 1960// 1961//
f 1932// 1961// 1962//
f 1981// 1982// 2010//
f 1943// 1944// 1937//
f 1962// 1952// 1932//
f 1932// 1952// 1950//
f 1932// 1950// 1933//
f 1933// 1950// 1951//
f 1933// 1951// 1949//
f 1966// 1967// 1932//
f 1967// 1965// 1932//
f 1932// 1965// 1963//
f 1932// 1963// 1964//
f 1953// 1954// 1932//
f 1932// 1954// 1955//
f 1932// 1955// 1956//
f 1914// 1931// 1913//
f 1913// 1931// 1920//
f 1913// 1920// 1917//
f 1917// 1920// 1916//
f 2005// 2006// 1996//
f 1996// 2006// 1995//
f 1982// 1983// 2010//
f 2010// 1983// 1968//
f 2010// 1968// 1914//
f 1914// 1968// 1966//
f 1914// 1966// 1931//
f 1931// 1966// 1932//
f 1916// 1920// 1915//
f 1915// 1920// 1919//
f 1915// 1919// 1918//
f 1934// 1949// 1936//
f 1936// 1949// 1938//
f 1936// 1938// 1937//
f 1937// 1938// 1939//
f 1937// 1939// 1940//
f 1944// 1945// 1946//
f 1956// 1957// 1932//
f 1932// 1957// 1958//
f 1932// 1958// 1959//
f 1973// 1974// 2010//
f 2010// 1974// 1975//
f 1978// 1979// 2010//
f 2010// 1979// 1980//
f 2010// 1980// 1981//
f 1995// 1994// 1996//
f 1996// 1994// 1991//
f 1996// 1991// 2007//
f 2007// 1991// 1992//
f 2007// 1992// 2009//
f 2009// 1992// 1993//
f 2009// 1993// 2008//
f 2008// 1993// 1990//
f 2008// 1990// 2010//
f 2010// 1990// 1988//
f 2010// 1988// 1989//
f 1989// 1987// 2010//
f 2010// 1987// 1985//
f 2010// 1985// 1986//
f 1946// 1947// 1944//
f 1944// 1947// 1948//
f 1944// 1948// 1937//
f 1921// 1929// 1920//
f 1920// 1929// 1930//
f 1920// 1930// 1919//
f 1975// 1976// 2010//
f 2010// 1976// 1977//
f 2010// 1977// 1978//
f 1999// 2000// 2004//
f 1986// 1984// 2010//
f 2010// 1984// 1969//
f 2010// 1969// 1970//
f 1940// 1941// 1937//
f 1937// 1941// 1942//
f 1937// 1942// 1943//
f 1921// 1922// 1929//
f 1929// 1922// 1923//
f 1929// 1923// 1928//
f 1928// 1923// 1924//
f 1924// 1925// 1928//
f 1928// 1925// 1926//
f 1928// 1926// 1927//
f 1999// 2004// 1998//
f 1970// 1971// 2010//
f 2010// 1971// 1972//
f 2010// 1972// 1973//
f 2005// 1996// 2004//
f 2004// 1996// 1997//
f 2004// 1997// 1998//
f 2000// 2001// 2004//
f 2004// 2001// 2002//
f 2004// 2002// 2003//
f 2011// 1285// 2012//
f 2012// 1285// 1284//
f 2013// 1317// 2011//
f 2011// 1317// 1285//
f 2014// 1315// 2013//
f 2013// 1315// 1317//
f 2015// 1359// 1363//
f 2015// 1363// 2016//
f 2016// 1363// 1391//
f 2016// 1391// 2017//
f 2017// 1391// 1390//
f 2017// 1390// 2018//
f 2018// 1390// 1385//
f 2018// 1385// 2019//
f 2019// 1385// 1384//
f 2019// 1384// 2020//
f 2020// 1384// 1383//
f 2020// 1383// 2021//
f 2021// 1383// 1315//
f 2021// 1315// 2014//
f 2022// 1376// 1374//
f 2022// 1374// 2023//
f 2023// 1374// 1362//
f 2023// 1362// 2024//
f 2024// 1362// 1364//
f 2024// 1364// 2025//
f 2025// 1364// 1365//
f 2025// 1365// 2026//
f 2026// 1365// 1386//
f 2026// 1386// 2027//
f 2027// 1386// 1361//
f 2027// 1361// 2028//
f 2028// 1361// 1360//
f 2028// 1360// 2029//
f 2029// 1360// 1359//
f 2029// 1359// 2015//
f 2030// 1356// 1379//
f 2030// 1379// 2031//
f 2031// 1379// 1378//
f 2031// 1378// 2032//
f 2032// 1378// 1342//
f 2032// 1342// 2033//
f 2033// 1342// 1341//
f 2033// 1341// 2034//
f 2034// 1341// 1355//
f 2034// 1355// 2035//
f 2035// 1355// 1377//
f 2035// 1377// 2036//
f 2036// 1377// 1376//
f 2036// 1376// 2022//
f 2037// 1375// 1343//
f 2037// 1343// 2038//
f 2038// 1343// 1357//
f 2038// 1357// 2039//
f 2039// 1357// 1358//
f 2039// 1358// 2040//
f 2040// 1358// 1382//
f 2040// 1382// 2041//
f 2041// 1382// 1381//
f 2041// 1381// 2042//
f 2042// 1381// 1380//
f 2042// 1380// 2043//
f 2043// 1380// 1356//
f 2043// 1356// 2030//
f 2044// 1316// 2037//
f 2037// 1316// 1375//
f 2045// 1318// 2044//
f 2044// 1318// 1316//
f 2046// 1389// 1388//
f 2046// 1388// 2047//
f 2047// 1388// 1387//
f 2047// 1387// 2048//
f 2048// 1387// 1289//
f 2048// 1289// 2049//
f 2049// 1289// 1288//
f 2049// 1288// 2050//
f 2050// 1288// 1326//
f 2050// 1326// 2051//
f 2051// 1326// 1325//
f 2051// 1325// 2052//
f 2052// 1325// 1318//
f 2052// 1318// 2045//
f 2053// 1313// 1292//
f 2053// 1292// 2054//
f 2054// 1292// 1291//
f 2054// 1291// 2055//
f 2055// 1291// 1307//
f 2055// 1307// 2056//
f 2056// 1307// 1308//
f 2056// 1308// 2057//
f 2057// 1308// 1322//
f 2057// 1322// 2058//
f 2058// 1322// 1321//
f 2058// 1321// 2059//
f 2059// 1321// 1294//
f 2059// 1294// 2060//
f 2060// 1294// 1296//
f 2060// 1296// 2061//
f 2061// 1296// 1389//
f 2061// 1389// 2046//
f 2062// 1339// 1338//
f 2062// 1338// 2063//
f 2063// 1338// 1337//
f 2063// 1337// 2064//
f 2064// 1337// 1336//
f 2064// 1336// 2065//
f 2065// 1336// 1335//
f 2065// 1335// 2066//
f 2066// 1335// 1334//
f 2066// 1334// 2067//
f 2067// 1334// 1314//
f 2067// 1314// 2068//
f 2068// 1314// 1313//
f 2068// 1313// 2053//
f 2069// 1311// 1310//
f 2069// 1310// 2070//
f 2070// 1310// 1309//
f 2070// 1309// 2071//
f 2071// 1309// 1340//
f 2071// 1340// 2072//
f 2072// 1340// 1339//
f 2072// 1339// 2062//
f 2073// 1312// 2069//
f 2069// 1312// 1311//
f 2073// 2012// 1312//
f 1312// 2012// 1284//
f 2013// 2011// 2073//
f 2073// 2011// 2012//
f 2014// 2013// 2021//
f 2021// 2013// 2073//
f 2021// 2073// 2020//
f 2020// 2073// 2019//
f 2069// 2017// 2073//
f 2073// 2017// 2018//
f 2073// 2018// 2019//
f 2069// 2070// 2017//
f 2017// 2070// 2071//
f 2017// 2071// 2016//
f 2016// 2071// 2072//
f 2016// 2072// 2015//
f 2015// 2072// 2062//
f 2015// 2062// 2029//
f 2023// 2024// 2068//
f 2068// 2024// 2025//
f 2068// 2025// 2067//
f 2067// 2025// 2026//
f 2067// 2026// 2066//
f 2066// 2026// 2027//
f 2066// 2027// 2065//
f 2065// 2027// 2028//
f 2065// 2028// 2064//
f 2064// 2028// 2029//
f 2064// 2029// 2063//
f 2063// 2029// 2062//
f 2068// 2053// 2023//
f 2023// 2053// 2054//
f 2023// 2054// 2022//
f 2022// 2054// 2055//
f 2022// 2055// 2036//
f 2036// 2055// 2056//
f 2036// 2056// 2035//
f 2035// 2056// 2057//
f 2035// 2057// 2034//
f 2034// 2057// 2058//
f 2034// 2058// 2033//
f 2033// 2058// 2059//
f 2033// 2059// 2032//
f 2032// 2059// 2060//
f 2032// 2060// 2031//
f 2031// 2060// 2061//
f 2031// 2061// 2030//
f 2030// 2061// 2046//
f 2030// 2046// 2043//
f 2043// 2046// 2047//
f 2043// 2047// 2042//
f 2042// 2047// 2048//
f 2042// 2048// 2041//
f 2041// 2048// 2049//
f 2041// 2049// 2040//
f 2040// 2049// 2050//
f 2040// 2050// 2039//
f 2039// 2050// 2051//
f 2039// 2051// 2038//
f 2038// 2051// 2052//
f 2038// 2052// 2037//
f 2037// 2052// 2045//
f 2037// 2045// 2044//
usemtl 2
f 1802// 1803// 1798//
f 1798// 1797// 1801//
f 1801// 1800// 1798//
f 1798// 1800// 1799//
f 1798// 1799// 1802//
f 1909// 1908// 1893//
f 1910// 1911// 1908//
f 1908// 1911// 1912//
f 1908// 1912// 1892//
f 1909// 1893// 1901//
f 1892// 1891// 1908//
f 1908// 1891// 1900//
f 1908// 1900// 1899//
f 1901// 1893// 1902//
f 1902// 1893// 1907//
f 1902// 1907// 1906//
f 1899// 1898// 1908//
f 1908// 1898// 1897//
f 1908// 1897// 1896//
f 1906// 1905// 1902//
f 1902// 1905// 1904//
f 1902// 1904// 1903//
f 1896// 1895// 1908//
f 1908// 1895// 1894//
f 1908// 1894// 1893//
usemtl 1
f 563// 564// 2074//
f 2074// 564// 612//
f 2074// 612// 2075//
f 2075// 612// 2076//
f 2076// 612// 631//
f 2076// 631// 2077//
f 2077// 631// 2078//
f 2078// 631// 630//
f 2078// 630// 2079//
f 2079// 630// 2080//
f 2080// 630// 629//
f 2080// 629// 2081//
f 2081// 629// 2082//
f 2082// 629// 614//
f 2082// 614// 2083//
f 614// 613// 582//
f 2083// 614// 2084//
f 2084// 614// 582//
f 2084// 582// 580//
f 2075// 2076// 2085//
f 2077// 2078// 2086//
f 2079// 2080// 2087//
f 2081// 2082// 2088//
f 2083// 2084// 2089//
f 649// 2090// 2091//
f 2092// 2093// 2090//
f 2090// 2093// 2094//
f 2090// 2094// 2091//
f 649// 2095// 2096//
f 2096// 2095// 2097//
f 2096// 2097// 2098//
f 2097// 2099// 2098//
f 2098// 2099// 2100//
f 2098// 2100// 2101//
f 2102// 2103// 2104//
f 2104// 2103// 2105//
f 2104// 2105// 2092//
f 2092// 2105// 2106//
f 2092// 2106// 2093//
f 2100// 2107// 2101//
f 2101// 2107// 2108//
f 2101// 2108// 2109//
f 2110// 2111// 2102//
f 2102// 2111// 2112//
f 2102// 2112// 2103//
f 2108// 2113// 2109//
f 2109// 2113// 2114//
f 2109// 2114// 2115//
f 2089// 2116// 2110//
f 2110// 2116// 2117//
f 2110// 2117// 2111//
f 2084// 580// 2089//
f 2089// 580// 2118//
f 2089// 2118// 2116//
f 2082// 2083// 2088//
f 2088// 2083// 2089//
f 2088// 2089// 2119//
f 2119// 2089// 2110//
f 2119// 2110// 2120//
f 2120// 2110// 2102//
f 2120// 2102// 2121//
f 2121// 2102// 2104//
f 2121// 2104// 2122//
f 2122// 2104// 2092//
f 2122// 2092// 2123//
f 2123// 2092// 2090//
f 2123// 2090// 649//
f 2080// 2081// 2087//
f 2087// 2081// 2088//
f 2087// 2088// 2124//
f 2124// 2088// 2119//
f 2124// 2119// 2125//
f 2125// 2119// 2120//
f 2125// 2120// 2126//
f 2126// 2120// 2121//
f 2126// 2121// 2127//
f 2127// 2121// 2122//
f 2127// 2122// 2128//
f 2128// 2122// 2123//
f 2128// 2123// 649//
f 2078// 2079// 2086//
f 2086// 2079// 2087//
f 2086// 2087// 2129//
f 2129// 2087// 2124//
f 2129// 2124// 2130//
f 2130// 2124// 2125//
f 2130// 2125// 2131//
f 2131// 2125// 2126//
f 2131// 2126// 2132//
f 2132// 2126// 2127//
f 2132// 2127// 2133//
f 2133// 2127// 2128//
f 2133// 2128// 649//
f 2076// 2077// 2085//
f 2085// 2077// 2086//
f 2085// 2086// 2134//
f 2134// 2086// 2129//
f 2134// 2129// 2135//
f 2135// 2129// 2130//
f 2135// 2130// 2136//
f 2136// 2130// 2131//
f 2136// 2131// 2137//
f 2137// 2131// 2132//
f 2137// 2132// 2138//
f 2138// 2132// 2133//
f 2138// 2133// 649//
f 2074// 2075// 2139//
f 2139// 2075// 2085//
f 2139// 2085// 2115//
f 2115// 2085// 2134//
f 2115// 2134// 2109//
f 2109// 2134// 2135//
f 2109// 2135// 2101//
f 2101// 2135// 2136//
f 2101// 2136// 2098//
f 2098// 2136// 2137//
f 2098// 2137// 2096//
f 2096// 2137// 2138//
f 2096// 2138// 649//
f 2114// 2140// 2115//
f 2115// 2140// 2141//
f 2115// 2141// 2139//
f 2139// 2141// 2142//
f 2139// 2142// 2074//
f 2074// 2142// 563//
f 578// 618// 617//
f 579// 578// 2143//
f 2143// 578// 617//
f 2143// 617// 2144//
f 2144// 617// 2145//
f 2145// 617// 616//
f 2145// 616// 2146//
f 2146// 616// 2147//
f 2147// 616// 610//
f 2147// 610// 2148//
f 2148// 610// 2149//
f 2149// 610// 609//
f 2149// 609// 2150//
f 2150// 609// 2151//
f 2151// 609// 624//
f 2151// 624// 2152//
f 2152// 624// 2153//
f 2153// 624// 623//
f 2153// 623// 656//
f 2154// 560// 559//
f 556// 555// 2094//
f 2154// 559// 2155//
f 2155// 559// 558//
f 2155// 558// 557//
f 580// 579// 2118//
f 2118// 579// 2156//
f 2118// 2156// 2116//
f 2116// 2156// 2157//
f 2116// 2157// 2117//
f 2117// 2157// 2158//
f 2117// 2158// 2111//
f 2111// 2158// 2159//
f 2111// 2159// 2112//
f 2112// 2159// 2160//
f 2112// 2160// 2103//
f 2103// 2160// 2161//
f 2103// 2161// 2105//
f 2105// 2161// 2162//
f 2105// 2162// 2106//
f 2106// 2162// 2163//
f 2106// 2163// 2093//
f 2093// 2163// 2164//
f 2093// 2164// 2094//
f 2094// 2164// 2155//
f 2094// 2155// 556//
f 556// 2155// 557//
f 555// 21// 2094//
f 2094// 21// 37//
f 2094// 37// 2091//
f 2091// 37// 39//
f 2091// 39// 649//
f 572// 563// 2165//
f 2165// 563// 2142//
f 2165// 2142// 2166//
f 2166// 2142// 2141//
f 2166// 2141// 2167//
f 2167// 2141// 2140//
f 2167// 2140// 2168//
f 2168// 2140// 2114//
f 2168// 2114// 2169//
f 2169// 2114// 2113//
f 2169// 2113// 2170//
f 2170// 2113// 2108//
f 2170// 2108// 2171//
f 2171// 2108// 2107//
f 2171// 2107// 2172//
f 2172// 2107// 2100//
f 2172// 2100// 2173//
f 2173// 2100// 2099//
f 2173// 2099// 2174//
f 553// 554// 2175//
f 649// 61// 2095//
f 2095// 61// 59//
f 2095// 59// 2097//
f 2097// 59// 551//
f 2099// 2097// 2174//
f 2174// 2097// 551//
f 2174// 551// 2175//
f 2175// 551// 552//
f 2175// 552// 553//
f 674// 647// 646//
f 670// 674// 2176//
f 2176// 674// 646//
f 2176// 646// 2177//
f 2177// 646// 2178//
f 2178// 646// 645//
f 2178// 645// 2179//
f 2179// 645// 2180//
f 2180// 645// 641//
f 2180// 641// 2181//
f 2181// 641// 2182//
f 2182// 641// 640//
f 2182// 640// 2183//
f 2183// 640// 2184//
f 2184// 640// 644//
f 2184// 644// 2185//
f 2185// 644// 2186//
f 2186// 644// 569//
f 2186// 569// 572//
f 2144// 2145// 2187//
f 2146// 2147// 2188//
f 2148// 2149// 2189//
f 2150// 2151// 2190//
f 2152// 2153// 2191//
f 560// 2192// 2193//
f 2194// 2195// 2192//
f 2192// 2195// 2196//
f 2192// 2196// 2193//
f 560// 2154// 2197//
f 2197// 2154// 2155//
f 2197// 2155// 2198//
f 2155// 2164// 2198//
f 2198// 2164// 2163//
f 2198// 2163// 2199//
f 2200// 2201// 2202//
f 2202// 2201// 2203//
f 2202// 2203// 2194//
f 2194// 2203// 2204//
f 2194// 2204// 2195//
f 2163// 2162// 2199//
f 2199// 2162// 2161//
f 2199// 2161// 2205//
f 2206// 2207// 2200//
f 2200// 2207// 2208//
f 2200// 2208// 2201//
f 2161// 2160// 2205//
f 2205// 2160// 2159//
f 2205// 2159// 2209//
f 2191// 2210// 2206//
f 2206// 2210// 2211//
f 2206// 2211// 2207//
f 2153// 656// 2191//
f 2191// 656// 2212//
f 2191// 2212// 2210//
f 2151// 2152// 2190//
f 2190// 2152// 2191//
f 2190// 2191// 2213//
f 2213// 2191// 2206//
f 2213// 2206// 2214//
f 2214// 2206// 2200//
f 2214// 2200// 2215//
f 2215// 2200// 2202//
f 2215// 2202// 2216//
f 2216// 2202// 2194//
f 2216// 2194// 2217//
f 2217// 2194// 2192//
f 2217// 2192// 560//
f 2149// 2150// 2189//
f 2189// 2150// 2190//
f 2189// 2190// 2218//
f 2218// 2190// 2213//
f 2218// 2213// 2219//
f 2219// 2213// 2214//
f 2219// 2214// 2220//
f 2220// 2214// 2215//
f 2220// 2215// 2221//
f 2221// 2215// 2216//
f 2221// 2216// 2222//
f 2222// 2216// 2217//
f 2222// 2217// 560//
f 2147// 2148// 2188//
f 2188// 2148// 2189//
f 2188// 2189// 2223//
f 2223// 2189// 2218//
f 2223// 2218// 2224//
f 2224// 2218// 2219//
f 2224// 2219// 2225//
f 2225// 2219// 2220//
f 2225// 2220// 2226//
f 2226// 2220// 2221//
f 2226// 2221// 2227//
f 2227// 2221// 2222//
f 2227// 2222// 560//
f 2145// 2146// 2187//
f 2187// 2146// 2188//
f 2187// 2188// 2228//
f 2228// 2188// 2223//
f 2228// 2223// 2229//
f 2229// 2223// 2224//
f 2229// 2224// 2230//
f 2230// 2224// 2225//
f 2230// 2225// 2231//
f 2231// 2225// 2226//
f 2231// 2226// 2232//
f 2232// 2226// 2227//
f 2232// 2227// 560//
f 2143// 2144// 2233//
f 2233// 2144// 2187//
f 2233// 2187// 2209//
f 2209// 2187// 2228//
f 2209// 2228// 2205//
f 2205// 2228// 2229//
f 2205// 2229// 2199//
f 2199// 2229// 2230//
f 2199// 2230// 2198//
f 2198// 2230// 2231//
f 2198// 2231// 2197//
f 2197// 2231// 2232//
f 2197// 2232// 560//
f 2159// 2158// 2209//
f 2209// 2158// 2157//
f 2209// 2157// 2233//
f 2233// 2157// 2156//
f 2233// 2156// 2143//
f 2143// 2156// 579//
f 2177// 2178// 2234//
f 2179// 2180// 2235//
f 2181// 2182// 2236//
f 2183// 2184// 2237//
f 2185// 2186// 2238//
f 554// 2239// 2175//
f 2240// 2173// 2239//
f 2239// 2173// 2174//
f 2239// 2174// 2175//
f 554// 2241// 2242//
f 2242// 2241// 2243//
f 2242// 2243// 2244//
f 2243// 2245// 2244//
f 2244// 2245// 2246//
f 2244// 2246// 2247//
f 2248// 2170// 2249//
f 2249// 2170// 2171//
f 2249// 2171// 2240//
f 2240// 2171// 2172//
f 2240// 2172// 2173//
f 2246// 2250// 2247//
f 2247// 2250// 2251//
f 2247// 2251// 2252//
f 2253// 2168// 2248//
f 2248// 2168// 2169//
f 2248// 2169// 2170//
f 2251// 2254// 2252//
f 2252// 2254// 2255//
f 2252// 2255// 2256//
f 2238// 2166// 2253//
f 2253// 2166// 2167//
f 2253// 2167// 2168//
f 2186// 572// 2238//
f 2238// 572// 2165//
f 2238// 2165// 2166//
f 2184// 2185// 2237//
f 2237// 2185// 2238//
f 2237// 2238// 2257//
f 2257// 2238// 2253//
f 2257// 2253// 2258//
f 2258// 2253// 2248//
f 2258// 2248// 2259//
f 2259// 2248// 2249//
f 2259// 2249// 2260//
f 2260// 2249// 2240//
f 2260// 2240// 2261//
f 2261// 2240// 2239//
f 2261// 2239// 554//
f 2182// 2183// 2236//
f 2236// 2183// 2237//
f 2236// 2237// 2262//
f 2262// 2237// 2257//
f 2262// 2257// 2263//
f 2263// 2257// 2258//
f 2263// 2258// 2264//
f 2264// 2258// 2259//
f 2264// 2259// 2265//
f 2265// 2259// 2260//
f 2265// 2260// 2266//
f 2266// 2260// 2261//
f 2266// 2261// 554//
f 2180// 2181// 2235//
f 2235// 2181// 2236//
f 2235// 2236// 2267//
f 2267// 2236// 2262//
f 2267// 2262// 2268//
f 2268// 2262// 2263//
f 2268// 2263// 2269//
f 2269// 2263// 2264//
f 2269// 2264// 2270//
f 2270// 2264// 2265//
f 2270// 2265// 2271//
f 2271// 2265// 2266//
f 2271// 2266// 554//
f 2178// 2179// 2234//
f 2234// 2179// 2235//
f 2234// 2235// 2272//
f 2272// 2235// 2267//
f 2272// 2267// 2273//
f 2273// 2267// 2268//
f 2273// 2268// 2274//
f 2274// 2268// 2269//
f 2274// 2269// 2275//
f 2275// 2269// 2270//
f 2275// 2270// 2276//
f 2276// 2270// 2271//
f 2276// 2271// 554//
f 2176// 2177// 2277//
f 2277// 2177// 2234//
f 2277// 2234// 2256//
f 2256// 2234// 2272//
f 2256// 2272// 2252//
f 2252// 2272// 2273//
f 2252// 2273// 2247//
f 2247// 2273// 2274//
f 2247// 2274// 2244//
f 2244// 2274// 2275//
f 2244// 2275// 2242//
f 2242// 2275// 2276//
f 2242// 2276// 554//
f 2255// 2278// 2256//
f 2256// 2278// 2279//
f 2256// 2279// 2277//
f 2277// 2279// 2280//
f 2277// 2280// 2176//
f 2176// 2280// 670//
f 656// 655// 2212//
f 2212// 655// 2281//
f 2212// 2281// 2210//
f 2210// 2281// 2282//
f 2210// 2282// 2211//
f 2211// 2282// 2283//
f 2211// 2283// 2207//
f 2207// 2283// 2284//
f 2207// 2284// 2208//
f 2208// 2284// 2285//
f 2208// 2285// 2201//
f 2201// 2285// 2286//
f 2201// 2286// 2203//
f 2203// 2286// 2287//
f 2203// 2287// 2204//
f 2204// 2287// 2288//
f 2204// 2288// 2195//
f 2195// 2288// 2289//
f 2195// 2289// 2196//
f 2196// 2289// 2290//
f 2291// 357// 241//
f 560// 2193// 549//
f 549// 2193// 2196//
f 2291// 241// 2290//
f 2290// 241// 15//
f 2290// 15// 2196//
f 2196// 15// 145//
f 2196// 145// 549//
f 554// 360// 2241//
f 2241// 360// 361//
f 2241// 361// 363//
f 5// 4// 2292//
f 4// 359// 2292//
f 2292// 359// 358//
f 2292// 358// 357//
f 671// 670// 2293//
f 2293// 670// 2280//
f 2293// 2280// 2294//
f 2294// 2280// 2279//
f 2294// 2279// 2295//
f 2295// 2279// 2278//
f 2295// 2278// 2296//
f 2296// 2278// 2255//
f 2296// 2255// 2297//
f 2297// 2255// 2254//
f 2297// 2254// 2298//
f 2298// 2254// 2251//
f 2298// 2251// 2299//
f 2299// 2251// 2250//
f 2299// 2250// 2300//
f 2300// 2250// 2246//
f 2300// 2246// 2301//
f 2301// 2246// 2245//
f 2301// 2245// 2302//
f 2302// 2245// 2243//
f 2302// 2243// 2292//
f 2292// 2243// 2241//
f 2292// 2241// 5//
f 5// 2241// 363//
f 2303// 2304// 2305//
f 2306// 2307// 2308//
f 2309// 2310// 2311//
f 2312// 2313// 2314//
f 2315// 2316// 2317//
f 357// 2318// 2292//
f 2319// 2301// 2318//
f 2318// 2301// 2302//
f 2318// 2302// 2292//
f 357// 2291// 2320//
f 2320// 2291// 2290//
f 2320// 2290// 2321//
f 2290// 2289// 2321//
f 2321// 2289// 2288//
f 2321// 2288// 2322//
f 2323// 2298// 2324//
f 2324// 2298// 2299//
f 2324// 2299// 2319//
f 2319// 2299// 2300//
f 2319// 2300// 2301//
f 2288// 2287// 2322//
f 2322// 2287// 2286//
f 2322// 2286// 2325//
f 2326// 2296// 2323//
f 2323// 2296// 2297//
f 2323// 2297// 2298//
f 2286// 2285// 2325//
f 2325// 2285// 2284//
f 2325// 2284// 2327//
f 2317// 2294// 2326//
f 2326// 2294// 2295//
f 2326// 2295// 2296//
f 2316// 671// 2317//
f 2317// 671// 2293//
f 2317// 2293// 2294//
f 2313// 2315// 2314//
f 2314// 2315// 2317//
f 2314// 2317// 2328//
f 2328// 2317// 2326//
f 2328// 2326// 2329//
f 2329// 2326// 2323//
f 2329// 2323// 2330//
f 2330// 2323// 2324//
f 2330// 2324// 2331//
f 2331// 2324// 2319//
f 2331// 2319// 2332//
f 2332// 2319// 2318//
f 2332// 2318// 357//
f 2310// 2312// 2311//
f 2311// 2312// 2314//
f 2311// 2314// 2333//
f 2333// 2314// 2328//
f 2333// 2328// 2334//
f 2334// 2328// 2329//
f 2334// 2329// 2335//
f 2335// 2329// 2330//
f 2335// 2330// 2336//
f 2336// 2330// 2331//
f 2336// 2331// 2337//
f 2337// 2331// 2332//
f 2337// 2332// 357//
f 2307// 2309// 2308//
f 2308// 2309// 2311//
f 2308// 2311// 2338//
f 2338// 2311// 2333//
f 2338// 2333// 2339//
f 2339// 2333// 2334//
f 2339// 2334// 2340//
f 2340// 2334// 2335//
f 2340// 2335// 2341//
f 2341// 2335// 2336//
f 2341// 2336// 2342//
f 2342// 2336// 2337//
f 2342// 2337// 357//
f 2304// 2306// 2305//
f 2305// 2306// 2308//
f 2305// 2308// 2343//
f 2343// 2308// 2338//
f 2343// 2338// 2344//
f 2344// 2338// 2339//
f 2344// 2339// 2345//
f 2345// 2339// 2340//
f 2345// 2340// 2346//
f 2346// 2340// 2341//
f 2346// 2341// 2347//
f 2347// 2341// 2342//
f 2347// 2342// 357//
f 2348// 2303// 2349//
f 2349// 2303// 2305//
f 2349// 2305// 2327//
f 2327// 2305// 2343//
f 2327// 2343// 2325//
f 2325// 2343// 2344//
f 2325// 2344// 2322//
f 2322// 2344// 2345//
f 2322// 2345// 2321//
f 2321// 2345// 2346//
f 2321// 2346// 2320//
f 2320// 2346// 2347//
f 2320// 2347// 357//
f 2284// 2283// 2327//
f 2327// 2283// 2282//
f 2327// 2282// 2349//
f 2349// 2282// 2281//
f 2349// 2281// 2348//
f 2348// 2281// 655//
f 655// 622// 2348//
f 2348// 622// 604//
f 2348// 604// 2303//
f 2303// 604// 2304//
f 2304// 604// 603//
f 2304// 603// 2306//
f 2306// 603// 2307//
f 2307// 603// 602//
f 2307// 602// 2309//
f 2309// 602// 2310//
f 2310// 602// 601//
f 2310// 601// 2312//
f 2312// 601// 2313//
f 2313// 601// 599//
f 2313// 599// 2315//
f 599// 598// 672//
f 2315// 599// 2316//
f 2316// 599// 672//
f 2316// 672// 671//
