v 0.5 -0.071331 0.01
v 0.6 -0.071331 0.01
v 0.6 -0.095601 0.01
newmtl 1
Ka 0.25098039215686274 0.25098039215686274 0.25098039215686274
Kd 0.25098039215686274 0.25098039215686274 0.25098039215686274
Ks 0.07450980392156863 0.07450980392156863 0.07450980392156863
d 0.0
endmtl
v -0.015191 0.231196 0.01
v -0.016608 0.231228 0.01
v -0.119123 0.245862 0.01
v -0.042629 0.228585 0.01
v -0.119123 0.397082 0.01
v -0.063026 0.376845 0.01
v -0.063026 0.294223 0.01
v -0.120343 0.8 0.01
v 0.55 0.8 0.01
v 0.5 0.628669 0.01
v 0.562941 0.798296 0.01
v 0.6 0.428669 0.01
v 0.6 0.128669 0.01
v 0.5 0.428669 0.01
v 0.5 0.128669 0.01
v -0.063681 0.22154 0.01
v -0.081644 0.210219 0.01
v -0.097521 0.193879 0.01
v 0.575 0.793301 0.01
v 0.585355 0.785355 0.01
v 0.593301 0.775 0.01
v 0.598296 0.762941 0.01
v 0.6 0.75 0.01
v 0.6 0.628669 0.01
v 0.080877 0.321472 0.01
v 0.080877 0.348301 0.01
v 0.058926 -0.04926 0.01
v -0.006928 -0.04926 0.01
v 0.058926 0.02635 0.01
v -0.006928 0.021472 0.01
v -0.028879 0.021472 0.01
v -0.028879 -0.04926 0.01
v -0.097172 -0.04926 0.01
v 0.010554 0.228045 0.01
v 0.030087 0.220655 0.01
v -0.119123 0.031228 0.01
v -0.119123 -0.076089 0.01
v -0.120343 -0.095601 0.01
v 0.080877 -0.076089 0.01
v -0.109752 0.173224 0.01
v -0.11681 0.150202 0.01
v -0.119123 0.124635 0.01
v 0.07815 0.153965 0.01
v 0.080877 0.126693 0.01
v 0.080877 0.070252 0.01
v 0.07017 0.177766 0.01
v 0.057566 0.197731 0.01
v 0.046388 0.209419 0.01
v -0.119123 0.27513 0.01
v -0.119123 0.42635 0.01
v -0.097172 0.031228 0.01
v -0.119123 0.070252 0.01
v -0.6 -0.095601 0.01
v -0.6 -0.071331 0.01
v -0.5 -0.071331 0.01
v -0.5 0.128669 0.01
v -0.6 0.128669 0.01
v -0.6 0.428669 0.01
v -0.5 0.428669 0.01
v -0.5 0.628669 0.01
v -0.6 0.628669 0.01
v -0.6 0.75 0.01
v -0.55 0.8 0.01
v -0.593301 0.775 0.01
v -0.585355 0.785355 0.01
v -0.575 0.793301 0.01
v -0.598296 0.762941 0.01
v -0.562941 0.798296 0.01
v -0.6 -0.75 0.01
v -0.6 -0.571331 0.01
v -0.5 -0.571331 0.01
v -0.120343 -0.8 0.01
v -0.55 -0.8 0.01
v -0.5 -0.371331 0.01
v -0.6 -0.371331 0.01
v -0.593301 -0.775 0.01
v -0.598296 -0.762941 0.01
v -0.585355 -0.785355 0.01
v -0.575 -0.793301 0.01
v -0.562941 -0.798296 0.01
v -0.120343 -0.181882 0.01
v -0.121562 -0.170144 0.01
v -0.086806 -0.115114 0.01
v -0.108757 -0.115114 0.01
v 0.080877 0.02635 0.01
v -0.117511 -0.136432 0.01
v -0.120343 -0.156642 0.01
v -0.121468 -0.164675 0.01
v 0.6 -0.371331 0.01
v 0.5 -0.371331 0.01
v 0.061365 -0.16195 0.01
v -0.088791 -0.118698 0.01
v 0.058206 -0.137641 0.01
v 0.04856 -0.115114 0.01
v 0.075389 -0.115114 0.01
v 0.6 -0.571331 0.01
v 0.6 -0.75 0.01
v 0.55 -0.8 0.01
v 0.593301 -0.775 0.01
v 0.585355 -0.785355 0.01
v 0.575 -0.793301 0.01
v 0.059158 -0.181643 0.01
v 0.053776 -0.196534 0.01
v 0.044276 -0.210704 0.01
v 0.030877 -0.222727 0.01
v 0.015408 -0.230888 0.01
v -0.006246 -0.236179 0.01
v -0.021257 -0.237065 0.01
v -0.042893 -0.235043 0.01
v -0.060148 -0.22959 0.01
v -0.099611 -0.166447 0.01
v -0.083693 -0.212121 0.01
v -0.097509 -0.18514 0.01
v -0.092065 -0.199851 0.01
v -0.07403 -0.221266 0.01
v -0.096664 -0.139899 0.01
v 0.598296 -0.762941 0.01
v 0.562941 -0.798296 0.01
v -0.119123 -0.383406 0.01
v 0.080877 -0.383406 0.01
v 0.5 -0.571331 0.01
v 0.080877 -0.356577 0.01
v 0.026949 -0.253938 0.01
v 0.045851 -0.242478 0.01
v 0.062955 -0.225295 0.01
v 0.074265 -0.20666 0.01
v 0.081218 -0.184746 0.01
v 0.083316 -0.162179 0.01
v 0.081664 -0.138237 0.01
v -0.112236 -0.214407 0.01
v -0.101705 -0.230695 0.01
v -0.119123 -0.280967 0.01
v -0.085784 -0.245624 0.01
v -0.097172 -0.280967 0.01
v -0.066684 -0.256161 0.01
v -0.097172 -0.356577 0.01
v -0.119001 -0.194794 0.01
v -0.045458 -0.262065 0.01
v -0.022896 -0.263894 0.01
v 0.003836 -0.261373 0.01
v 0.6 -0.75 0.21
v 0.6 -0.071331 0.2
v 0.6 -0.371331 0.2
v 0.6 -0.571331 0.2
v 0.6 0.75 0.21
v 0.6 0.128669 0.2
v 0.6 0.628669 0.2
v 0.6 0.428669 0.2
v -0.6 0.75 0.21
v -0.6 -0.571331 0.2
v -0.6 -0.75 0.21
v -0.6 -0.371331 0.2
v -0.6 0.628669 0.2
v -0.6 0.428669 0.2
v -0.6 -0.071331 0.2
v -0.6 0.128669 0.2
v -0.058187 0.071319 0.61
v -0.06394 0.056306 0.61
v -0.065962 0.040364 0.61
v 0.043337 -0.162827 0.61
v 0.059801 -0.162827 0.61
v 0.065288 -0.126242 0.61
v 0.07003 -0.114051 0.61
v 0.067246 -0.122706 0.61
v 0.070319 -0.186589 0.61
v 0.066704 -0.174412 0.61
v -0.061646 -0.169653 0.61
v -0.011083 -0.184407 0.61
v -0.011083 -0.171974 0.61
v -0.065733 -0.124154 0.61
v -0.073172 -0.116468 0.61
v -0.074651 -0.157339 0.61
v -0.065236 -0.182335 0.61
v -0.065962 -0.191753 0.61
v -0.012115 -0.198594 0.61
v -0.065081 -0.20164 0.61
v -0.057758 -0.240545 0.61
v -0.066002 -0.234806 0.61
v -0.505861 -0.258864 0.61
v -0.073017 -0.226689 0.61
v -0.078129 -0.216946 0.61
v -0.002548 -0.127139 0.61
v -0.011593 -0.131926 0.61
v -0.054529 -0.157339 0.61
v -0.023652 -0.13489 0.61
v 0.013332 -0.103486 0.61
v 0.010229 -0.112421 0.61
v 0.048825 -0.126242 0.61
v 0.004699 -0.120675 0.61
v 0.00538 -0.171974 0.61
v 0.04911 -0.171153 0.61
v 0.00538 -0.183778 0.61
v 0.053426 -0.181717 0.61
v 0.006319 -0.196073 0.61
v 0.030388 -0.219518 0.61
v 0.031047 -0.219535 0.61
v -0.014485 -0.038437 0.61
v 0.00989 -0.040352 0.61
v 0.070319 -0.026547 0.61
v 0.03105 -0.046205 0.61
v 0.047795 -0.055482 0.61
v 0.0584 -0.065192 0.61
v 0.06538 -0.075494 0.61
v 0.069842 -0.087892 0.61
v -0.032006 -0.135388 0.61
v -0.045569 -0.133963 0.61
v -0.056455 -0.130151 0.61
v -0.081145 -0.075941 0.61
v -0.077895 -0.066847 0.61
v -0.505861 -0.026547 0.61
v -0.072964 -0.059251 0.61
v -0.038751 -0.225022 0.61
v -0.031979 -0.224332 0.61
v -0.026853 -0.222586 0.61
v -0.008062 -0.228559 0.61
v -0.013648 -0.235675 0.61
v 0.070319 -0.258864 0.61
v -0.019827 -0.240491 0.61
v -0.026535 -0.243507 0.61
v -0.065794 -0.052335 0.61
v -0.055022 -0.045841 0.61
v -0.038072 -0.040503 0.61
v -0.062707 -0.209327 0.61
v -0.059622 -0.214725 0.61
v -0.055528 -0.219188 0.61
v 0.070319 -0.206886 0.61
v 0.07009 -0.209306 0.61
v 0.067057 -0.218963 0.61
v 0.062579 -0.226491 0.61
v 0.05677 -0.232518 0.61
v 0.050696 -0.236414 0.61
v 0.043621 -0.238857 0.61
v 0.035706 -0.239656 0.61
v 0.026185 -0.238707 0.61
v 0.01843 -0.236131 0.61
v 0.011986 -0.232093 0.61
v -0.001623 -0.209016 0.61
v -0.001994 -0.209016 0.61
v -6.38E-4 -0.212332 0.61
v -0.004272 -0.220098 0.61
v 0.004325 -0.223228 0.61
v 0.009275 -0.22963 0.61
v -0.081721 -0.202757 0.61
v -0.082425 -0.191753 0.61
v -0.080808 -0.174006 0.61
v -0.076654 -0.161103 0.61
v -0.022335 -0.219685 0.61
v -0.018581 -0.215696 0.61
v -0.015121 -0.209524 0.61
v -0.006853 -0.057387 0.61
v -0.006853 -0.057873 0.61
v 0.009091 -0.058542 0.61
v 0.001703 -0.063374 0.61
v 0.02635 -0.063083 0.61
v 0.007506 -0.069412 0.61
v 0.037584 -0.069114 0.61
v 0.011614 -0.076549 0.61
v 0.045764 -0.076402 0.61
v 0.013878 -0.084415 0.61
v 0.050795 -0.083813 0.61
v 0.014526 -0.092229 0.61
v 0.053265 -0.114144 0.61
v 0.05477 -0.101347 0.61
v 0.053678 -0.091679 0.61
v 0.008555 -0.204507 0.61
v 0.011756 -0.21051 0.61
v 0.015092 -0.214233 0.61
v 0.018924 -0.21687 0.61
v 0.023585 -0.218633 0.61
v 0.050887 -0.209845 0.61
v 0.053175 -0.204555 0.61
v 0.03722 -0.218998 0.61
v 0.054666 -0.195864 0.61
v 0.05477 -0.192238 0.61
v -0.034032 -0.245001 0.61
v -0.037579 -0.245144 0.61
v -0.049175 -0.243771 0.61
v -0.07835 -0.107835 0.61
v -0.081531 -0.097585 0.61
v -0.082425 -0.087541 0.61
v -0.051124 -0.222213 0.61
v -0.045844 -0.224182 0.61
v 0.048989 -0.212546 0.61
v 0.042055 -0.217571 0.61
v 0.04582 -0.21548 0.61
v 0.070319 -0.092374 0.61
v 0.071234 -0.100975 0.61
v 0.505861 -0.026547 0.61
v 0.070319 -0.110916 0.61
v 0.071234 -0.197212 0.61
v 0.505861 -0.258864 0.61
v 0.070363 -0.186736 0.61
v 0.021695 0.547648 0.61
v 0.03099 0.548758 0.61
v 0.070319 0.705861 0.61
v 0.041355 0.547414 0.61
v 0.048534 0.544483 0.61
v -0.052699 0.548758 0.61
v -0.074651 0.548758 0.61
v -0.505861 0.705861 0.61
v -0.076949 0.543951 0.61
v -0.009145 0.476368 0.61
v -0.01734 0.466961 0.61
v 0.045167 0.462783 0.61
v -0.024785 0.461654 0.61
v -0.052437 0.458469 0.61
v -0.05994 0.461189 0.61
v -0.505861 0.448148 0.61
v -0.059438 0.537793 0.61
v -0.011569 0.512087 0.61
v -0.041924 0.457295 0.61
v -0.023236 0.490321 0.61
v -0.064898 0.520026 0.61
v -0.023409 0.490055 0.61
v 6.7E-5 0.531909 0.61
v 0.007219 0.540034 0.61
v 0.014097 0.544743 0.61
v 0.055047 0.539768 0.61
v 0.060636 0.533327 0.61
v 0.065482 0.524892 0.61
v -0.066304 0.465418 0.61
v -0.071722 0.471174 0.61
v -0.077109 0.480586 0.61
v 0.002522 0.496767 0.61
v 0.051055 0.474123 0.61
v 0.00991 0.510709 0.61
v 0.05412 0.486946 0.61
v 0.05477 0.49731 0.61
v 0.070319 0.448148 0.61
v 0.067118 0.462783 0.61
v -0.081261 0.495288 0.61
v -0.082425 0.511001 0.61
v -0.080436 0.530306 0.61
v 0.037449 0.528179 0.61
v 0.032962 0.528636 0.61
v 0.053821 0.507777 0.61
v -0.065962 0.508772 0.61
v -0.065122 0.49788 0.61
v -0.063064 0.490267 0.61
v 0.051308 0.515662 0.61
v 0.048013 0.521278 0.61
v 0.04466 0.524718 0.61
v 0.027238 0.527977 0.61
v 0.023102 0.526399 0.61
v 0.019381 0.523862 0.61
v 0.015348 0.519262 0.61
v -0.060094 0.484887 0.61
v -0.057151 0.481764 0.61
v -0.054177 0.479778 0.61
v 0.04148 0.526788 0.61
v -0.049498 0.478051 0.61
v -0.043582 0.477417 0.61
v -0.02878 0.483604 0.61
v -0.03816 0.478122 0.61
v -0.033871 0.479831 0.61
v 0.070319 0.505088 0.61
v 0.071234 0.495709 0.61
v 0.505861 0.448148 0.61
v 0.07052 0.479057 0.61
v 0.070319 0.478094 0.61
v 0.069616 0.512291 0.61
v 0.505861 0.705861 0.61
v 0.045684 0.4229 0.61
v 0.057339 0.411163 0.61
v 0.065576 0.396936 0.61
v 0.069908 0.381766 0.61
v 0.070319 0.376852 0.61
v 0.064203 0.333624 0.61
v 0.070319 0.289002 0.61
v 0.069249 0.347805 0.61
v 0.070319 0.357568 0.61
v -0.056575 0.312007 0.61
v -0.068281 0.32356 0.61
v -0.505861 0.289002 0.61
v -0.042793 0.303791 0.61
v 0.055432 0.320581 0.61
v 0.042904 0.309452 0.61
v 0.027925 0.301632 0.61
v -0.080479 0.386716 0.61
v -0.075632 0.400811 0.61
v -0.067816 0.413081 0.61
v -0.075881 0.336 0.61
v -0.080645 0.350384 0.61
v -0.082425 0.368347 0.61
v -0.007368 0.439002 0.61
v 0.014238 0.436964 0.61
v 0.031759 0.431339 0.61
v 0.011202 0.29738 0.61
v -0.003824 0.296319 0.61
v -0.025517 0.298331 0.61
v -0.056662 0.423856 0.61
v -0.042659 0.432166 0.61
v -0.026449 0.437236 0.61
v -0.032485 0.458526 0.61
v 0.071234 0.365917 0.61
v 0.505861 0.289002 0.61
v 0.071234 -0.417438 0.61
v 0.505861 -0.465571 0.61
v 0.070319 -0.408838 0.61
v 0.505861 -0.342095 0.61
v 0.013332 -0.41995 0.61
v 0.010229 -0.428884 0.61
v 0.048825 -0.442705 0.61
v 0.070319 -0.427379 0.61
v 0.07003 -0.430514 0.61
v 0.070319 -0.465571 0.61
v 0.067246 -0.439169 0.61
v 0.004699 -0.437138 0.61
v -0.002548 -0.443603 0.61
v -0.011593 -0.448389 0.61
v -0.045569 -0.450426 0.61
v -0.056455 -0.446615 0.61
v -0.505861 -0.465571 0.61
v -0.065733 -0.440617 0.61
v -0.073172 -0.432932 0.61
v 0.00989 -0.356815 0.61
v 0.03105 -0.362668 0.61
v 0.070319 -0.342095 0.61
v 0.047795 -0.371946 0.61
v -0.032006 -0.451852 0.61
v -0.023652 -0.451353 0.61
v 0.0584 -0.381655 0.61
v 0.06538 -0.391957 0.61
v 0.069842 -0.404355 0.61
v 0.065288 -0.442705 0.61
v -0.07835 -0.424299 0.61
v -0.081531 -0.414049 0.61
v -0.505861 -0.342095 0.61
v -0.082425 -0.404005 0.61
v -0.081145 -0.392405 0.61
v -0.077895 -0.383311 0.61
v -0.072964 -0.375715 0.61
v -0.065794 -0.368798 0.61
v -0.006853 -0.37385 0.61
v -0.006853 -0.374336 0.61
v 0.009091 -0.375005 0.61
v 0.001703 -0.379837 0.61
v 0.02635 -0.379547 0.61
v 0.007506 -0.385875 0.61
v 0.037584 -0.385577 0.61
v 0.011614 -0.393012 0.61
v 0.045764 -0.392865 0.61
v 0.013878 -0.400878 0.61
v 0.050795 -0.400277 0.61
v 0.014526 -0.408692 0.61
v 0.053265 -0.430608 0.61
v 0.05477 -0.41781 0.61
v 0.053678 -0.408142 0.61
v -0.055022 -0.362305 0.61
v -0.038072 -0.356966 0.61
v -0.014485 -0.3549 0.61
v 0.052941 0.175587 0.61
v 0.052941 0.21949 0.61
v -0.080596 0.21949 0.61
v 0.069404 0.175587 0.61
v 0.070319 0.167356 0.61
v -0.505861 0.167356 0.61
v -0.080596 0.239612 0.61
v 0.052941 0.239612 0.61
v 0.052941 0.281685 0.61
v 0.069404 0.281685 0.61
v 0.070319 0.086868 0.61
v -0.014742 0.102417 0.61
v -0.029376 0.102417 0.61
v -0.014742 0.159124 0.61
v -0.029376 0.159124 0.61
v -0.505861 0.086868 0.61
v 0.505861 0.167356 0.61
v 0.505861 0.086868 0.61
v 0.00958 0.022412 0.61
v 0.00613 0.010716 0.61
v 0.052941 -0.007339 0.61
v 2.87E-4 6.39E-4 0.61
v -0.006206 -0.005967 0.61
v -0.013552 -0.010544 0.61
v -0.033892 -0.014656 0.61
v -0.046538 -0.013267 0.61
v -0.056291 -0.009742 0.61
v -0.065419 -0.003572 0.61
v -0.072984 0.004989 0.61
v -0.076566 0.071319 0.61
v -0.078549 0.067066 0.61
v -0.081349 0.055819 0.61
v -0.012426 0.016821 0.61
v -0.010462 0.020089 0.61
v -0.007247 0.028786 0.61
v -0.005614 0.042552 0.61
v 0.010868 0.037306 0.61
v 0.052941 0.048025 0.61
v 0.010296 0.051197 0.61
v -0.065008 0.030436 0.61
v -0.040847 0.005904 0.61
v -0.035121 0.005465 0.61
v -0.027425 0.006345 0.61
v -0.005596 0.043937 0.61
v -0.005877 0.056731 0.61
v -0.006853 0.06949 0.61
v 0.069404 0.063888 0.61
v 0.069404 -0.007339 0.61
v -0.022155 -0.013447 0.61
v -0.021687 0.008479 0.61
v -0.01654 0.012078 0.61
v -0.062416 0.022561 0.61
v -0.058202 0.015868 0.61
v -0.047305 0.007701 0.61
v -0.053395 0.011195 0.61
v -0.07831 0.01511 0.61
v -0.081878 0.029835 0.61
v -0.082425 0.039564 0.61
v -0.014742 -0.329291 0.61
v -0.029376 -0.329291 0.61
v -0.014742 -0.272583 0.61
v -0.029376 -0.272583 0.61
v -0.023888 -0.518563 0.61
v -0.023888 -0.499413 0.61
v -0.080596 -0.499413 0.61
v 0.011871 -0.571136 0.61
v 0.002221 -0.567584 0.61
v -0.505861 -0.639222 0.61
v -0.00674 -0.561472 0.61
v 0.069404 -0.521707 0.61
v 0.070319 -0.639222 0.61
v 0.068176 -0.536324 0.61
v 0.064833 -0.547753 0.61
v 0.059881 -0.556573 0.61
v 0.055035 -0.562056 0.61
v 0.047521 -0.567453 0.61
v 0.039105 -0.570761 0.61
v 0.027142 -0.57252 0.61
v 0.024501 -0.572583 0.61
v -0.014691 -0.552524 0.61
v -0.020446 -0.541499 0.61
v -0.023373 -0.529662 0.61
v -0.080596 -0.479291 0.61
v 0.069404 -0.479291 0.61
v 0.505861 -0.639222 0.61
v 0.505861 -0.705861 0.61
v 0.070319 -0.705861 0.61
v -0.505861 -0.705861 0.61
v 0.55 0.8 0.21
v -0.55 0.8 0.21
v 0.55 -0.8 0.21
v -0.55 -0.8 0.21
v -0.550385 0.799999 0.210012
v -0.505861 0.755475 0.566202
v 0.505861 0.755475 0.566202
v 0.550385 0.799999 0.210012
v -0.599999 -0.750385 0.210012
v -0.555475 -0.705861 0.566202
v -0.555475 0.705861 0.566202
v -0.599999 0.750385 0.210012
v 0.599999 0.750385 0.210012
v 0.555475 0.705861 0.566202
v 0.555475 -0.705861 0.566202
v 0.599999 -0.750385 0.210012
v 0.550385 -0.799999 0.210012
v 0.505861 -0.755475 0.566202
v -0.505861 -0.755475 0.566202
v -0.550385 -0.799999 0.210012
v 0.562936 -0.798264 0.210683
v 0.563188 -0.798229 0.210696
v 0.574994 -0.793286 0.211122
v 0.575111 -0.793237 0.211126
v 0.585355 -0.785355 0.211273
v 0.593237 -0.775111 0.211126
v 0.593286 -0.774994 0.211122
v 0.598229 -0.763188 0.210696
v 0.598264 -0.762936 0.210683
v -0.598264 -0.762936 0.210683
v -0.598229 -0.763188 0.210696
v -0.593286 -0.774994 0.211122
v -0.593237 -0.775111 0.211126
v -0.585355 -0.785355 0.211273
v -0.575111 -0.793237 0.211126
v -0.574994 -0.793286 0.211122
v -0.563188 -0.798229 0.210696
v -0.562936 -0.798264 0.210683
v 0.553621 -0.71858 0.56756
v 0.553592 -0.718649 0.567565
v 0.548576 -0.73045 0.568413
v 0.548538 -0.730499 0.568414
v 0.540676 -0.740676 0.568704
v 0.530499 -0.748538 0.568414
v 0.53045 -0.748576 0.568413
v 0.518649 -0.753592 0.567565
v 0.51858 -0.753621 0.56756
v -0.505861 -0.717797 0.608545
v 0.505861 -0.717797 0.608545
v 0.505861 -0.717868 0.608537
v -0.505861 -0.717868 0.608537
v 0.505861 -0.729039 0.604284
v -0.505861 -0.729039 0.604284
v 0.505861 -0.729173 0.604233
v -0.505861 -0.729173 0.604233
v 0.505861 -0.738936 0.597463
v -0.505861 -0.738936 0.597463
v 0.505861 -0.739113 0.59734
v -0.505861 -0.739113 0.59734
v 0.505861 -0.746918 0.588477
v -0.505861 -0.746918 0.588477
v 0.505861 -0.747107 0.588262
v -0.505861 -0.747107 0.588262
v 0.505861 -0.752522 0.577848
v -0.505861 -0.752522 0.577848
v 0.505861 -0.752687 0.577529
v -0.505861 -0.752687 0.577529
v -0.51858 -0.753621 0.56756
v -0.518649 -0.753592 0.567565
v -0.53045 -0.748576 0.568413
v -0.530499 -0.748538 0.568414
v -0.540676 -0.740676 0.568704
v -0.548538 -0.730499 0.568414
v -0.548576 -0.73045 0.568413
v -0.553592 -0.718649 0.567565
v -0.553621 -0.71858 0.56756
v 0.598264 0.762936 0.210683
v 0.598229 0.763188 0.210696
v 0.593286 0.774994 0.211122
v 0.593237 0.775111 0.211126
v 0.585355 0.785355 0.211273
v 0.575111 0.793237 0.211126
v 0.574994 0.793286 0.211122
v 0.563188 0.798229 0.210696
v 0.562936 0.798264 0.210683
v 0.546918 -0.705861 0.588477
v 0.539113 -0.705861 0.59734
v 0.53798 -0.714467 0.59734
v 0.528379 -0.711895 0.604233
v 0.517459 -0.708969 0.608537
v 0.51626 -0.711865 0.608537
v 0.511865 -0.71626 0.608537
v 0.514351 -0.714351 0.608537
v 0.508969 -0.717459 0.608537
v 0.517797 -0.705861 0.608545
v 0.551092 -0.717981 0.577529
v 0.546414 -0.729274 0.577529
v 0.538972 -0.738972 0.577529
v 0.529274 -0.746414 0.577529
v 0.517981 -0.751092 0.577529
v 0.538936 -0.705861 0.597463
v 0.529173 -0.705861 0.604233
v 0.529039 -0.705861 0.604284
v 0.517868 -0.705861 0.608537
v 0.52605 -0.717517 0.604233
v 0.522345 -0.722345 0.604233
v 0.517517 -0.72605 0.604233
v 0.511895 -0.728379 0.604233
v 0.534658 -0.722487 0.59734
v 0.529374 -0.729374 0.59734
v 0.522487 -0.734658 0.59734
v 0.514467 -0.73798 0.59734
v 0.552522 -0.705861 0.577848
v 0.547107 -0.705861 0.588262
v 0.545702 -0.716536 0.588262
v 0.541581 -0.726484 0.588262
v 0.535027 -0.735027 0.588262
v 0.526484 -0.741581 0.588262
v 0.516536 -0.745702 0.588262
v 0.552687 -0.705861 0.577529
v -0.514467 -0.73798 0.59734
v -0.511895 -0.728379 0.604233
v -0.508969 -0.717459 0.608537
v -0.511865 -0.71626 0.608537
v -0.51626 -0.711865 0.608537
v -0.514351 -0.714351 0.608537
v -0.517459 -0.708969 0.608537
v -0.517981 -0.751092 0.577529
v -0.529274 -0.746414 0.577529
v -0.538972 -0.738972 0.577529
v -0.546414 -0.729274 0.577529
v -0.551092 -0.717981 0.577529
v -0.552687 -0.705861 0.577529
v -0.517797 -0.705861 0.608545
v -0.517517 -0.72605 0.604233
v -0.522345 -0.722345 0.604233
v -0.52605 -0.717517 0.604233
v -0.528379 -0.711895 0.604233
v -0.517868 -0.705861 0.608537
v -0.529039 -0.705861 0.604284
v -0.529173 -0.705861 0.604233
v -0.538936 -0.705861 0.597463
v -0.522487 -0.734658 0.59734
v -0.529374 -0.729374 0.59734
v -0.534658 -0.722487 0.59734
v -0.53798 -0.714467 0.59734
v -0.516536 -0.745702 0.588262
v -0.526484 -0.741581 0.588262
v -0.535027 -0.735027 0.588262
v -0.541581 -0.726484 0.588262
v -0.545702 -0.716536 0.588262
v -0.539113 -0.705861 0.59734
v -0.546918 -0.705861 0.588477
v -0.547107 -0.705861 0.588262
v -0.552522 -0.705861 0.577848
v -0.562936 0.798264 0.210683
v -0.563188 0.798229 0.210696
v -0.574994 0.793286 0.211122
v -0.575111 0.793237 0.211126
v -0.585355 0.785355 0.211273
v -0.593237 0.775111 0.211126
v -0.593286 0.774994 0.211122
v -0.598229 0.763188 0.210696
v -0.598264 0.762936 0.210683
v 0.51858 0.753621 0.56756
v 0.518649 0.753592 0.567565
v 0.53045 0.748576 0.568413
v 0.530499 0.748538 0.568414
v 0.540676 0.740676 0.568704
v 0.548538 0.730499 0.568414
v 0.548576 0.73045 0.568413
v 0.553592 0.718649 0.567565
v 0.553621 0.71858 0.56756
v 0.517797 0.705861 0.608545
v 0.552687 0.705861 0.577529
v 0.552522 0.705861 0.577848
v 0.547107 0.705861 0.588262
v 0.546918 0.705861 0.588477
v 0.539113 0.705861 0.59734
v 0.538936 0.705861 0.597463
v 0.529173 0.705861 0.604233
v 0.529039 0.705861 0.604284
v 0.517868 0.705861 0.608537
v -0.552687 0.705861 0.577529
v -0.552522 0.705861 0.577848
v -0.547107 0.705861 0.588262
v -0.546918 0.705861 0.588477
v -0.539113 0.705861 0.59734
v -0.538936 0.705861 0.597463
v -0.529173 0.705861 0.604233
v -0.529039 0.705861 0.604284
v -0.517868 0.705861 0.608537
v -0.517797 0.705861 0.608545
v -0.553621 0.71858 0.56756
v -0.553592 0.718649 0.567565
v -0.548576 0.73045 0.568413
v -0.548538 0.730499 0.568414
v -0.540676 0.740676 0.568704
v -0.530499 0.748538 0.568414
v -0.53045 0.748576 0.568413
v -0.518649 0.753592 0.567565
v -0.51858 0.753621 0.56756
v 0.505861 0.746918 0.588477
v 0.505861 0.739113 0.59734
v 0.514467 0.73798 0.59734
v 0.511895 0.728379 0.604233
v 0.508969 0.717459 0.608537
v 0.511865 0.71626 0.608537
v 0.51626 0.711865 0.608537
v 0.514351 0.714351 0.608537
v 0.517459 0.708969 0.608537
v 0.505861 0.717797 0.608545
v 0.517981 0.751092 0.577529
v 0.529274 0.746414 0.577529
v 0.538972 0.738972 0.577529
v 0.546414 0.729274 0.577529
v 0.551092 0.717981 0.577529
v 0.505861 0.738936 0.597463
v 0.505861 0.729173 0.604233
v 0.505861 0.729039 0.604284
v 0.505861 0.717868 0.608537
v 0.517517 0.72605 0.604233
v 0.522345 0.722345 0.604233
v 0.52605 0.717517 0.604233
v 0.528379 0.711895 0.604233
v 0.522487 0.734658 0.59734
v 0.529374 0.729374 0.59734
v 0.534658 0.722487 0.59734
v 0.53798 0.714467 0.59734
v 0.505861 0.752522 0.577848
v 0.505861 0.747107 0.588262
v 0.516536 0.745702 0.588262
v 0.526484 0.741581 0.588262
v 0.535027 0.735027 0.588262
v 0.541581 0.726484 0.588262
v 0.545702 0.716536 0.588262
v 0.505861 0.752687 0.577529
v -0.53798 0.714467 0.59734
v -0.528379 0.711895 0.604233
v -0.517459 0.708969 0.608537
v -0.51626 0.711865 0.608537
v -0.511865 0.71626 0.608537
v -0.514351 0.714351 0.608537
v -0.508969 0.717459 0.608537
v -0.551092 0.717981 0.577529
v -0.546414 0.729274 0.577529
v -0.538972 0.738972 0.577529
v -0.529274 0.746414 0.577529
v -0.517981 0.751092 0.577529
v -0.505861 0.752687 0.577529
v -0.505861 0.717797 0.608545
v -0.52605 0.717517 0.604233
v -0.522345 0.722345 0.604233
v -0.517517 0.72605 0.604233
v -0.511895 0.728379 0.604233
v -0.505861 0.717868 0.608537
v -0.505861 0.729039 0.604284
v -0.505861 0.729173 0.604233
v -0.505861 0.738936 0.597463
v -0.534658 0.722487 0.59734
v -0.529374 0.729374 0.59734
v -0.522487 0.734658 0.59734
v -0.514467 0.73798 0.59734
v -0.545702 0.716536 0.588262
v -0.541581 0.726484 0.588262
v -0.535027 0.735027 0.588262
v -0.526484 0.741581 0.588262
v -0.516536 0.745702 0.588262
v -0.505861 0.739113 0.59734
v -0.505861 0.746918 0.588477
v -0.505861 0.747107 0.588262
v -0.505861 0.752522 0.577848
v -0.074651 0.548758 0.6
v -0.052699 0.548758 0.6
newmtl 2
Ka 0.6431372549019608 0.615686274509804 0.6
Kd 0.45098039215686275 0.43137254901960786 0.4196078431372549
Ks 0.03137254901960784 0.03137254901960784 0.03137254901960784
d 0.0
endmtl
v -0.065962 0.508772 0.6
v -0.064898 0.520026 0.6
v -0.059438 0.537793 0.6
v -0.043582 0.477417 0.6
v -0.049498 0.478051 0.6
v -0.054177 0.479778 0.6
v -0.057151 0.481764 0.6
v -0.060094 0.484887 0.6
v -0.063064 0.490267 0.6
v -0.065122 0.49788 0.6
v -0.011569 0.512087 0.6
v -0.023236 0.490321 0.6
v -0.023409 0.490055 0.6
v -0.02878 0.483604 0.6
v -0.033871 0.479831 0.6
v -0.03816 0.478122 0.6
v 0.03099 0.548758 0.6
v 0.021695 0.547648 0.6
v 0.014097 0.544743 0.6
v 0.007219 0.540034 0.6
v 6.7E-5 0.531909 0.6
v 0.071234 0.495709 0.6
v 0.069616 0.512291 0.6
v 0.065482 0.524892 0.6
v 0.060636 0.533327 0.6
v 0.055047 0.539768 0.6
v 0.048534 0.544483 0.6
v 0.041355 0.547414 0.6
v 0.07052 0.479057 0.6
v 0.067118 0.462783 0.6
v 0.045167 0.462783 0.6
v 0.05477 0.49731 0.6
v 0.05412 0.486946 0.6
v 0.051055 0.474123 0.6
v 0.032962 0.528636 0.6
v 0.037449 0.528179 0.6
v 0.04148 0.526788 0.6
v 0.04466 0.524718 0.6
v 0.048013 0.521278 0.6
v 0.051308 0.515662 0.6
v 0.053821 0.507777 0.6
v 0.002522 0.496767 0.6
v 0.00991 0.510709 0.6
v 0.015348 0.519262 0.6
v 0.019381 0.523862 0.6
v 0.023102 0.526399 0.6
v 0.027238 0.527977 0.6
v -0.041924 0.457295 0.6
v -0.032485 0.458526 0.6
v -0.024785 0.461654 0.6
v -0.01734 0.466961 0.6
v -0.009145 0.476368 0.6
v -0.082425 0.511001 0.6
v -0.081261 0.495288 0.6
v -0.077109 0.480586 0.6
v -0.071722 0.471174 0.6
v -0.066304 0.465418 0.6
v -0.05994 0.461189 0.6
v -0.052437 0.458469 0.6
v -0.076949 0.543951 0.6
v -0.080436 0.530306 0.6
v -0.007368 0.439002 0.6
v -0.026449 0.437236 0.6
v -0.042659 0.432166 0.6
v -0.056662 0.423856 0.6
v -0.067816 0.413081 0.6
v -0.075632 0.400811 0.6
v -0.080479 0.386716 0.6
v -0.082425 0.368347 0.6
v 0.071234 0.365917 0.6
v 0.069908 0.381766 0.6
v 0.065576 0.396936 0.6
v 0.057339 0.411163 0.6
v 0.045684 0.4229 0.6
v 0.031759 0.431339 0.6
v 0.014238 0.436964 0.6
v -0.003824 0.296319 0.6
v 0.011202 0.29738 0.6
v 0.027925 0.301632 0.6
v 0.042904 0.309452 0.6
v 0.055432 0.320581 0.6
v 0.064203 0.333624 0.6
v 0.069249 0.347805 0.6
v -0.080645 0.350384 0.6
v -0.075881 0.336 0.6
v -0.068281 0.32356 0.6
v -0.056575 0.312007 0.6
v -0.042793 0.303791 0.6
v -0.025517 0.298331 0.6
v -0.005739 0.41888 0.6
v -0.023021 0.417263 0.6
v -0.036561 0.412989 0.6
v -0.047365 0.406567 0.6
v -0.055769 0.398482 0.6
v -0.061397 0.389659 0.6
v -0.0649 0.379196 0.6
v -0.065962 0.368289 0.6
v -0.06455 0.354804 0.6
v -0.061 0.34441 0.6
v -0.055398 0.335645 0.6
v -0.048352 0.328724 0.6
v -0.038762 0.322821 0.6
v -0.02452 0.318166 0.6
v -0.006024 0.316441 0.6
v 0.011703 0.317924 0.6
v 0.025312 0.32178 0.6
v 0.036485 0.32801 0.6
v 0.044289 0.335355 0.6
v 0.04977 0.343702 0.6
v 0.053291 0.353609 0.6
v 0.05477 0.367032 0.6
v 0.053181 0.380441 0.6
v 0.049355 0.390514 0.6
v 0.043165 0.399508 0.6
v 0.033349 0.408151 0.6
v 0.021605 0.414294 0.6
v 0.005341 0.41824 0.6
v -0.005739 0.41888 0.61
v 0.005341 0.41824 0.61
v 0.021605 0.414294 0.61
v 0.033349 0.408151 0.61
v 0.043165 0.399508 0.61
v 0.049355 0.390514 0.61
v 0.053181 0.380441 0.61
v 0.05477 0.367032 0.61
v 0.053291 0.353609 0.61
v 0.04977 0.343702 0.61
v 0.044289 0.335355 0.61
v 0.036485 0.32801 0.61
v 0.025312 0.32178 0.61
v 0.011703 0.317924 0.61
v -0.006024 0.316441 0.61
v -0.02452 0.318166 0.61
v -0.038762 0.322821 0.61
v -0.048352 0.328724 0.61
v -0.055398 0.335645 0.61
v -0.061 0.34441 0.61
v -0.06455 0.354804 0.61
v -0.065962 0.368289 0.61
v -0.0649 0.379196 0.61
v -0.061397 0.389659 0.61
v -0.055769 0.398482 0.61
v -0.047365 0.406567 0.61
v -0.036561 0.412989 0.61
v -0.023021 0.417263 0.61
v 0.069404 0.175587 0.6
v 0.052941 0.175587 0.6
v 0.052941 0.21949 0.6
v -0.080596 0.21949 0.6
v -0.080596 0.239612 0.6
v 0.052941 0.239612 0.6
v 0.052941 0.281685 0.6
v 0.069404 0.281685 0.6
v -0.014742 0.102417 0.6
v -0.029376 0.102417 0.6
v -0.029376 0.159124 0.6
v -0.014742 0.159124 0.6
v -0.033892 -0.014656 0.6
v -0.022155 -0.013447 0.6
v -0.013552 -0.010544 0.6
v -0.006206 -0.005967 0.6
v 2.87E-4 6.39E-4 0.6
v 0.00613 0.010716 0.6
v 0.00958 0.022412 0.6
v 0.010868 0.037306 0.6
v -0.082425 0.039564 0.6
v -0.081878 0.029835 0.6
v -0.07831 0.01511 0.6
v -0.072984 0.004989 0.6
v -0.065419 -0.003572 0.6
v -0.056291 -0.009742 0.6
v -0.046538 -0.013267 0.6
v -0.076566 0.071319 0.6
v -0.078549 0.067066 0.6
v -0.081349 0.055819 0.6
v -0.058187 0.071319 0.6
v -0.065962 0.040364 0.6
v -0.06394 0.056306 0.6
v -0.035121 0.005465 0.6
v -0.040847 0.005904 0.6
v -0.047305 0.007701 0.6
v -0.053395 0.011195 0.6
v -0.058202 0.015868 0.6
v -0.062416 0.022561 0.6
v -0.065008 0.030436 0.6
v -0.005596 0.043937 0.6
v -0.005614 0.042552 0.6
v -0.007247 0.028786 0.6
v -0.010462 0.020089 0.6
v -0.012426 0.016821 0.6
v -0.01654 0.012078 0.6
v -0.021687 0.008479 0.6
v -0.027425 0.006345 0.6
v -0.006853 0.06949 0.6
v -0.005877 0.056731 0.6
v 0.069404 0.063888 0.6
v 0.069404 -0.007339 0.6
v 0.052941 -0.007339 0.6
v 0.052941 0.048025 0.6
v 0.010296 0.051197 0.6
v 0.065288 -0.126242 0.6
v 0.048825 -0.126242 0.6
v 0.05477 -0.101347 0.6
v 0.053265 -0.114144 0.6
v -0.006853 -0.057387 0.6
v 0.009091 -0.058542 0.6
v 0.02635 -0.063083 0.6
v 0.037584 -0.069114 0.6
v 0.045764 -0.076402 0.6
v 0.050795 -0.083813 0.6
v 0.053678 -0.091679 0.6
v -0.006853 -0.057873 0.6
v 0.014526 -0.092229 0.6
v 0.013878 -0.084415 0.6
v 0.011614 -0.076549 0.6
v 0.007506 -0.069412 0.6
v 0.001703 -0.063374 0.6
v -0.032006 -0.135388 0.6
v -0.023652 -0.13489 0.6
v -0.011593 -0.131926 0.6
v -0.002548 -0.127139 0.6
v 0.004699 -0.120675 0.6
v 0.010229 -0.112421 0.6
v 0.013332 -0.103486 0.6
v -0.082425 -0.087541 0.6
v -0.081531 -0.097585 0.6
v -0.07835 -0.107835 0.6
v -0.073172 -0.116468 0.6
v -0.065733 -0.124154 0.6
v -0.056455 -0.130151 0.6
v -0.045569 -0.133963 0.6
v -0.014485 -0.038437 0.6
v -0.038072 -0.040503 0.6
v -0.055022 -0.045841 0.6
v -0.065794 -0.052335 0.6
v -0.072964 -0.059251 0.6
v -0.077895 -0.066847 0.6
v -0.081145 -0.075941 0.6
v 0.071234 -0.100975 0.6
v 0.069842 -0.087892 0.6
v 0.06538 -0.075494 0.6
v 0.0584 -0.065192 0.6
v 0.047795 -0.055482 0.6
v 0.03105 -0.046205 0.6
v 0.00989 -0.040352 0.6
v 0.07003 -0.114051 0.6
v 0.067246 -0.122706 0.6
v -0.03072 -0.058559 0.6
v -0.026651 -0.058794 0.6
v -0.019794 -0.060534 0.6
v -0.01418 -0.063519 0.6
v -0.008452 -0.068597 0.6
v -0.004882 -0.073893 0.6
v -0.002766 -0.079737 0.6
v -0.001937 -0.087198 0.6
v -0.002148 -0.091283 0.6
v -0.003425 -0.097377 0.6
v -0.005614 -0.102277 0.6
v -0.008797 -0.106456 0.6
v -0.012068 -0.109298 0.6
v -0.017578 -0.112363 0.6
v -0.024784 -0.114475 0.6
v -0.034035 -0.115266 0.6
v -0.041697 -0.114626 0.6
v -0.048718 -0.112615 0.6
v -0.054748 -0.109336 0.6
v -0.059753 -0.104822 0.6
v -0.063136 -0.099858 0.6
v -0.065093 -0.094625 0.6
v -0.065962 -0.087398 0.6
v -0.065486 -0.082094 0.6
v -0.063812 -0.076594 0.6
v -0.061036 -0.071821 0.6
v -0.056913 -0.067493 0.6
v -0.049545 -0.062683 0.6
v -0.041027 -0.059671 0.6
v -0.03072 -0.058559 0.61
v -0.026651 -0.058794 0.61
v -0.019794 -0.060534 0.61
v -0.01418 -0.063519 0.61
v -0.008452 -0.068597 0.61
v -0.004882 -0.073893 0.61
v -0.002766 -0.079737 0.61
v -0.001937 -0.087198 0.61
v -0.002148 -0.091283 0.61
v -0.003425 -0.097377 0.61
v -0.005614 -0.102277 0.61
v -0.008797 -0.106456 0.61
v -0.012068 -0.109298 0.61
v -0.017578 -0.112363 0.61
v -0.024784 -0.114475 0.61
v -0.034035 -0.115266 0.61
v -0.041697 -0.114626 0.61
v -0.048718 -0.112615 0.61
v -0.054748 -0.109336 0.61
v -0.059753 -0.104822 0.61
v -0.063136 -0.099858 0.61
v -0.065093 -0.094625 0.61
v -0.065962 -0.087398 0.61
v -0.065486 -0.082094 0.61
v -0.063812 -0.076594 0.61
v -0.061036 -0.071821 0.61
v -0.056913 -0.067493 0.61
v -0.049545 -0.062683 0.61
v -0.041027 -0.059671 0.61
v -0.074651 -0.157339 0.6
v -0.054529 -0.157339 0.6
v -0.065962 -0.191753 0.6
v -0.065236 -0.182335 0.6
v -0.061646 -0.169653 0.6
v -0.038751 -0.225022 0.6
v -0.045844 -0.224182 0.6
v -0.051124 -0.222213 0.6
v -0.055528 -0.219188 0.6
v -0.059622 -0.214725 0.6
v -0.062707 -0.209327 0.6
v -0.065081 -0.20164 0.6
v -0.011083 -0.184407 0.6
v -0.012115 -0.198594 0.6
v -0.015121 -0.209524 0.6
v -0.018581 -0.215696 0.6
v -0.022335 -0.219685 0.6
v -0.026853 -0.222586 0.6
v -0.031979 -0.224332 0.6
v -0.011083 -0.171974 0.6
v 0.00538 -0.171974 0.6
v 0.00538 -0.183778 0.6
v 0.031047 -0.219535 0.6
v 0.030388 -0.219518 0.6
v 0.023585 -0.218633 0.6
v 0.018924 -0.21687 0.6
v 0.015092 -0.214233 0.6
v 0.011756 -0.21051 0.6
v 0.008555 -0.204507 0.6
v 0.006319 -0.196073 0.6
v 0.05477 -0.192238 0.6
v 0.054666 -0.195864 0.6
v 0.053175 -0.204555 0.6
v 0.050887 -0.209845 0.6
v 0.048989 -0.212546 0.6
v 0.04582 -0.21548 0.6
v 0.042055 -0.217571 0.6
v 0.03722 -0.218998 0.6
v 0.043337 -0.162827 0.6
v 0.04911 -0.171153 0.6
v 0.053426 -0.181717 0.6
v 0.059801 -0.162827 0.6
v 0.066704 -0.174412 0.6
v 0.071234 -0.197212 0.6
v 0.070363 -0.186736 0.6
v 0.07009 -0.209306 0.6
v 0.067057 -0.218963 0.6
v 0.062579 -0.226491 0.6
v 0.05677 -0.232518 0.6
v 0.050696 -0.236414 0.6
v 0.043621 -0.238857 0.6
v 0.035706 -0.239656 0.6
v -0.001623 -0.209016 0.6
v -6.38E-4 -0.212332 0.6
v 0.004325 -0.223228 0.6
v 0.009275 -0.22963 0.6
v 0.011986 -0.232093 0.6
v 0.01843 -0.236131 0.6
v 0.026185 -0.238707 0.6
v -0.001994 -0.209016 0.6
v -0.037579 -0.245144 0.6
v -0.034032 -0.245001 0.6
v -0.026535 -0.243507 0.6
v -0.019827 -0.240491 0.6
v -0.013648 -0.235675 0.6
v -0.008062 -0.228559 0.6
v -0.004272 -0.220098 0.6
v -0.082425 -0.191753 0.6
v -0.081721 -0.202757 0.6
v -0.078129 -0.216946 0.6
v -0.073017 -0.226689 0.6
v -0.066002 -0.234806 0.6
v -0.057758 -0.240545 0.6
v -0.049175 -0.243771 0.6
v -0.076654 -0.161103 0.6
v -0.080808 -0.174006 0.6
v -0.014742 -0.329291 0.6
v -0.029376 -0.329291 0.6
v -0.029376 -0.272583 0.6
v -0.014742 -0.272583 0.6
v 0.065288 -0.442705 0.6
v 0.048825 -0.442705 0.6
v 0.05477 -0.41781 0.6
v 0.053265 -0.430608 0.6
v -0.006853 -0.37385 0.6
v 0.009091 -0.375005 0.6
v 0.02635 -0.379547 0.6
v 0.037584 -0.385577 0.6
v 0.045764 -0.392865 0.6
v 0.050795 -0.400277 0.6
v 0.053678 -0.408142 0.6
v -0.006853 -0.374336 0.6
v 0.014526 -0.408692 0.6
v 0.013878 -0.400878 0.6
v 0.011614 -0.393012 0.6
v 0.007506 -0.385875 0.6
v 0.001703 -0.379837 0.6
v -0.032006 -0.451852 0.6
v -0.023652 -0.451353 0.6
v -0.011593 -0.448389 0.6
v -0.002548 -0.443603 0.6
v 0.004699 -0.437138 0.6
v 0.010229 -0.428884 0.6
v 0.013332 -0.41995 0.6
v -0.082425 -0.404005 0.6
v -0.081531 -0.414049 0.6
v -0.07835 -0.424299 0.6
v -0.073172 -0.432932 0.6
v -0.065733 -0.440617 0.6
v -0.056455 -0.446615 0.6
v -0.045569 -0.450426 0.6
v -0.014485 -0.3549 0.6
v -0.038072 -0.356966 0.6
v -0.055022 -0.362305 0.6
v -0.065794 -0.368798 0.6
v -0.072964 -0.375715 0.6
v -0.077895 -0.383311 0.6
v -0.081145 -0.392405 0.6
v 0.071234 -0.417438 0.6
v 0.069842 -0.404355 0.6
v 0.06538 -0.391957 0.6
v 0.0584 -0.381655 0.6
v 0.047795 -0.371946 0.6
v 0.03105 -0.362668 0.6
v 0.00989 -0.356815 0.6
v 0.07003 -0.430514 0.6
v 0.067246 -0.439169 0.6
v -0.03072 -0.375022 0.6
v -0.026651 -0.375258 0.6
v -0.019794 -0.376997 0.6
v -0.01418 -0.379983 0.6
v -0.008452 -0.385061 0.6
v -0.004882 -0.390357 0.6
v -0.002766 -0.3962 0.6
v -0.001937 -0.403662 0.6
v -0.002148 -0.407746 0.6
v -0.003425 -0.413841 0.6
v -0.005614 -0.418741 0.6
v -0.008797 -0.422919 0.6
v -0.012068 -0.425762 0.6
v -0.017578 -0.428827 0.6
v -0.024784 -0.430938 0.6
v -0.034035 -0.43173 0.6
v -0.041697 -0.43109 0.6
v -0.048718 -0.429078 0.6
v -0.054748 -0.425799 0.6
v -0.059753 -0.421285 0.6
v -0.063136 -0.416321 0.6
v -0.065093 -0.411088 0.6
v -0.065962 -0.403862 0.6
v -0.065486 -0.398558 0.6
v -0.063812 -0.393058 0.6
v -0.061036 -0.388285 0.6
v -0.056913 -0.383957 0.6
v -0.049545 -0.379147 0.6
v -0.041027 -0.376134 0.6
v -0.03072 -0.375022 0.61
v -0.026651 -0.375258 0.61
v -0.019794 -0.376997 0.61
v -0.01418 -0.379983 0.61
v -0.008452 -0.385061 0.61
v -0.004882 -0.390357 0.61
v -0.002766 -0.3962 0.61
v -0.001937 -0.403662 0.61
v -0.002148 -0.407746 0.61
v -0.003425 -0.413841 0.61
v -0.005614 -0.418741 0.61
v -0.008797 -0.422919 0.61
v -0.012068 -0.425762 0.61
v -0.017578 -0.428827 0.61
v -0.024784 -0.430938 0.61
v -0.034035 -0.43173 0.61
v -0.041697 -0.43109 0.61
v -0.048718 -0.429078 0.61
v -0.054748 -0.425799 0.61
v -0.059753 -0.421285 0.61
v -0.063136 -0.416321 0.61
v -0.065093 -0.411088 0.61
v -0.065962 -0.403862 0.61
v -0.065486 -0.398558 0.61
v -0.063812 -0.393058 0.61
v -0.061036 -0.388285 0.61
v -0.056913 -0.383957 0.61
v -0.049545 -0.379147 0.61
v -0.041027 -0.376134 0.61
v -0.023888 -0.518563 0.6
v -0.023888 -0.499413 0.6
v -0.080596 -0.499413 0.6
v -0.080596 -0.479291 0.6
v 0.069404 -0.479291 0.6
v 0.069404 -0.521707 0.6
v 0.024501 -0.572583 0.6
v 0.027142 -0.57252 0.6
v 0.039105 -0.570761 0.6
v 0.047521 -0.567453 0.6
v 0.055035 -0.562056 0.6
v 0.059881 -0.556573 0.6
v 0.064833 -0.547753 0.6
v 0.068176 -0.536324 0.6
v -0.023373 -0.529662 0.6
v -0.020446 -0.541499 0.6
v -0.014691 -0.552524 0.6
v -0.00674 -0.561472 0.6
v 0.002221 -0.567584 0.6
v 0.011871 -0.571136 0.6
v -0.004492 -0.534955 0.6
v -0.006612 -0.527139 0.6
v -0.007425 -0.516991 0.6
v -0.007425 -0.499413 0.6
v 0.052941 -0.499413 0.6
v -0.001338 -0.540904 0.6
v 0.002959 -0.545727 0.6
v 0.008171 -0.549204 0.6
v 0.014031 -0.551357 0.6
v 0.023092 -0.552448 0.6
v 0.02373 -0.552461 0.6
v 0.031326 -0.551819 0.6
v 0.0374 -0.549987 0.6
v 0.042142 -0.547287 0.6
v 0.045772 -0.543917 0.6
v 0.048297 -0.540279 0.6
v 0.051122 -0.533504 0.6
v 0.05285 -0.522435 0.6
v 0.052941 -0.51882 0.6
v 0.052941 -0.51882 0.61
v 0.052941 -0.499413 0.61
v 0.05285 -0.522435 0.61
v 0.051122 -0.533504 0.61
v 0.048297 -0.540279 0.61
v 0.045772 -0.543917 0.61
v 0.042142 -0.547287 0.61
v 0.0374 -0.549987 0.61
v 0.031326 -0.551819 0.61
v 0.02373 -0.552461 0.61
v 0.023092 -0.552448 0.61
v 0.014031 -0.551357 0.61
v 0.008171 -0.549204 0.61
v 0.002959 -0.545727 0.61
v -0.001338 -0.540904 0.61
v -0.004492 -0.534955 0.61
v -0.006612 -0.527139 0.61
v -0.007425 -0.516991 0.61
v -0.007425 -0.499413 0.61
v 0.080877 0.348301 0.02
v -0.119123 0.42635 0.02
newmtl 3
Ka 1.0 1.0 1.0
Kd 1.0 1.0 1.0
Ks 0.8784313725490196 0.8784313725490196 0.8784313725490196
d 0.0
endmtl
v -0.119123 0.397082 0.02
v -0.063026 0.376845 0.02
v -0.063026 0.294223 0.02
v -0.119123 0.27513 0.02
v -0.119123 0.245862 0.02
v 0.080877 0.321472 0.02
v -0.041074 0.300969 0.02
v 0.042462 0.330809 0.02
v 0.049399 0.332734 0.02
v 0.056487 0.33401 0.02
v 0.056487 0.334658 0.02
v 0.04942 0.335963 0.02
v -0.041074 0.367851 0.02
v 0.042462 0.337745 0.02
v -0.041074 0.300969 0.01
v -0.041074 0.367851 0.01
v 0.042462 0.330809 0.01
v 0.049399 0.332734 0.01
v 0.056487 0.33401 0.01
v 0.056487 0.334658 0.01
v 0.04942 0.335963 0.01
v 0.042462 0.337745 0.01
v -0.119123 0.124635 0.02
v -0.119123 0.070252 0.02
v 0.080877 0.070252 0.02
v 0.080877 0.126693 0.02
v -0.016608 0.231228 0.02
v 0.007145 0.228837 0.01
v 0.007145 0.228837 0.02
v 0.026782 0.222299 0.01
v 0.026782 0.222299 0.02
v 0.043488 0.21185 0.01
v 0.043488 0.21185 0.02
v 0.058353 0.196745 0.01
v 0.058353 0.196745 0.02
v 0.070692 0.176651 0.01
v 0.070692 0.176651 0.02
v 0.078465 0.152458 0.01
v 0.078465 0.152458 0.02
v -0.116565 0.15146 0.01
v -0.116565 0.15146 0.02
v -0.109208 0.174453 0.01
v -0.109208 0.174453 0.02
v -0.096827 0.194769 0.01
v -0.096827 0.194769 0.02
v -0.080758 0.210924 0.01
v -0.080758 0.210924 0.02
v -0.06267 0.222011 0.01
v -0.06267 0.222011 0.02
v -0.041191 0.228886 0.01
v -0.041191 0.228886 0.02
v -0.017179 0.204399 0.02
v 0.002724 0.202701 0.02
v 0.018716 0.197948 0.02
v 0.030939 0.191039 0.02
v 0.041241 0.181312 0.02
v 0.050666 0.166689 0.02
v 0.056429 0.150166 0.02
v 0.058926 0.126579 0.02
v 0.058926 0.097082 0.02
v -0.097172 0.097082 0.02
v -0.097172 0.125473 0.02
v -0.095215 0.14654 0.02
v -0.08987 0.163593 0.02
v -0.081876 0.177021 0.02
v -0.070825 0.188191 0.02
v -0.056954 0.196713 0.02
v -0.041219 0.201934 0.02
v 0.058926 0.126579 0.01
v 0.058926 0.097082 0.01
v 0.056429 0.150166 0.01
v 0.050666 0.166689 0.01
v 0.041241 0.181312 0.01
v 0.030939 0.191039 0.01
v 0.018716 0.197948 0.01
v 0.002724 0.202701 0.01
v -0.017179 0.204399 0.01
v -0.041219 0.201934 0.01
v -0.056954 0.196713 0.01
v -0.070825 0.188191 0.01
v -0.081876 0.177021 0.01
v -0.08987 0.163593 0.01
v -0.095215 0.14654 0.01
v -0.097172 0.125473 0.01
v -0.097172 0.097082 0.01
v -0.097172 0.031228 0.02
v -0.119123 0.031228 0.02
v -0.119123 -0.076089 0.02
v 0.080877 -0.076089 0.02
v 0.080877 0.02635 0.02
v 0.058926 0.02635 0.02
v 0.058926 -0.04926 0.02
v -0.006928 -0.04926 0.02
v -0.006928 0.021472 0.02
v -0.028879 0.021472 0.02
v -0.028879 -0.04926 0.02
v -0.097172 -0.04926 0.02
v -0.086806 -0.115114 0.02
v -0.108757 -0.115114 0.02
v -0.117511 -0.136432 0.02
v -0.121562 -0.170144 0.02
v -0.121465 -0.164566 0.01
v -0.121465 -0.164566 0.02
v -0.120343 -0.156579 0.01
v -0.120343 -0.182529 0.01
v -0.119244 -0.193688 0.02
v -0.119244 -0.193688 0.01
v -0.112617 -0.213618 0.02
v -0.112617 -0.213618 0.01
v -0.102299 -0.229974 0.02
v -0.102299 -0.229974 0.01
v -0.086494 -0.245103 0.02
v -0.086494 -0.245103 0.01
v -0.067489 -0.255834 0.02
v -0.067489 -0.255834 0.01
v -0.046343 -0.261909 0.02
v -0.046343 -0.261909 0.01
v -0.022896 -0.263894 0.02
v 0.083316 -0.162179 0.02
v 0.080894 -0.186331 0.01
v 0.080894 -0.186331 0.02
v 0.073331 -0.208633 0.01
v 0.073331 -0.208633 0.02
v 0.059969 -0.228926 0.01
v 0.059969 -0.228926 0.02
v 0.04499 -0.243142 0.01
v 0.04499 -0.243142 0.02
v 0.025915 -0.254401 0.01
v 0.025915 -0.254401 0.02
v 0.002356 -0.26166 0.01
v 0.002356 -0.26166 0.02
v 0.075389 -0.115114 0.02
v 0.081664 -0.138237 0.02
v 0.04856 -0.115114 0.02
v 0.061365 -0.16195 0.02
v 0.058206 -0.137641 0.02
v -0.021257 -0.237065 0.02
v -0.006246 -0.236179 0.02
v 0.015408 -0.230888 0.02
v 0.030877 -0.222727 0.02
v 0.044276 -0.210704 0.02
v 0.053776 -0.196534 0.02
v 0.059158 -0.181643 0.02
v -0.099611 -0.166447 0.02
v -0.097468 -0.185313 0.01
v -0.097468 -0.185313 0.02
v -0.091974 -0.200026 0.01
v -0.091974 -0.200026 0.02
v -0.083555 -0.21228 0.01
v -0.083555 -0.21228 0.02
v -0.074085 -0.221223 0.01
v -0.074085 -0.221223 0.02
v -0.060216 -0.229559 0.01
v -0.060216 -0.229559 0.02
v -0.042893 -0.235043 0.02
v -0.088791 -0.118698 0.02
v -0.096664 -0.139899 0.02
v -0.097172 -0.280967 0.02
v -0.119123 -0.280967 0.02
v -0.119123 -0.383406 0.02
v 0.080877 -0.383406 0.02
v 0.080877 -0.356577 0.02
v -0.097172 -0.356577 0.02
v -0.5 0.428669 0.0
v -0.5 0.628669 0.0
v -0.8 0.428669 0.2
v -0.8 0.428669 0.0
v -0.8 0.628669 0.0
v -0.8 0.628669 0.2
v 0.5 0.628669 0.0
v 0.5 0.428669 0.0
v 0.8 0.428669 0.0
v 0.8 0.428669 0.2
v 0.8 0.628669 0.2
v 0.8 0.628669 0.0
v -0.5 -0.071331 0.0
v -0.5 0.128669 0.0
v -0.8 0.128669 0.0
v -0.8 0.128669 0.2
v -0.8 -0.071331 0.2
v -0.8 -0.071331 0.0
v -0.5 -0.571331 0.0
v -0.5 -0.371331 0.0
v -0.8 -0.571331 0.2
v -0.8 -0.571331 0.0
v -0.8 -0.371331 0.0
v -0.8 -0.371331 0.2
v 0.5 -0.371331 0.0
v 0.5 -0.571331 0.0
v 0.8 -0.371331 0.2
v 0.8 -0.371331 0.0
v 0.8 -0.571331 0.0
v 0.8 -0.571331 0.2
v 0.5 0.128669 0.0
v 0.5 -0.071331 0.0
v 0.8 -0.071331 0.0
v 0.8 -0.071331 0.2
v 0.8 0.128669 0.2
v 0.8 0.128669 0.0
usemtl 1
f 1// 2// 3//
f 4// 5// 6//
f 6// 5// 7//
f 8// 9// 10//
f 11// 12// 13//
f 13// 12// 14//
f 15// 16// 17//
f 17// 16// 18//
f 7// 19// 6//
f 6// 19// 20//
f 6// 20// 21//
f 14// 22// 13//
f 13// 22// 23//
f 13// 23// 24//
f 24// 25// 13//
f 13// 25// 26//
f 13// 26// 27//
f 17// 28// 13//
f 13// 28// 29//
f 13// 29// 11//
f 30// 31// 32//
f 32// 31// 33//
f 34// 35// 36//
f 4// 6// 37//
f 37// 6// 28//
f 37// 28// 38//
f 39// 40// 41//
f 41// 40// 42//
f 21// 43// 6//
f 6// 43// 44//
f 6// 44// 45//
f 46// 17// 47//
f 47// 17// 48//
f 46// 49// 17//
f 17// 49// 50//
f 17// 50// 28//
f 28// 50// 51//
f 28// 51// 38//
f 10// 52// 8//
f 8// 52// 11//
f 8// 11// 53//
f 53// 11// 29//
f 54// 39// 55//
f 55// 39// 41//
f 55// 41// 45//
f 45// 41// 11//
f 45// 11// 6//
f 6// 11// 52//
f 56// 57// 58//
f 59// 60// 61//
f 62// 63// 11//
f 63// 64// 11//
f 11// 64// 65//
f 11// 65// 66//
f 67// 68// 69//
f 65// 70// 66//
f 66// 70// 67//
f 66// 67// 71//
f 71// 67// 69//
f 72// 73// 74//
f 74// 75// 76//
f 61// 62// 59//
f 59// 62// 11//
f 59// 11// 58//
f 58// 11// 41//
f 58// 41// 56//
f 56// 41// 77//
f 56// 77// 78//
f 79// 80// 81//
f 81// 80// 72//
f 81// 72// 82//
f 74// 76// 72//
f 72// 76// 83//
f 72// 83// 82//
f 75// 74// 84//
f 84// 74// 77//
f 84// 77// 85//
f 86// 87// 41//
f 36// 54// 34//
f 34// 54// 55//
f 34// 55// 33//
f 33// 55// 48//
f 33// 48// 32//
f 32// 48// 17//
f 32// 17// 88//
f 88// 17// 18//
f 88// 18// 42//
f 42// 18// 1//
f 42// 1// 41//
f 41// 1// 3//
f 41// 3// 86//
f 87// 89// 41//
f 41// 89// 90//
f 41// 90// 77//
f 77// 90// 91//
f 77// 91// 85//
f 3// 92// 93//
f 94// 95// 96//
f 96// 95// 86//
f 96// 86// 97//
f 97// 86// 3//
f 97// 3// 98//
f 98// 3// 93//
f 99// 100// 101//
f 102// 103// 104//
f 94// 105// 95//
f 95// 105// 106//
f 95// 106// 107//
f 107// 108// 95//
f 95// 108// 109//
f 95// 109// 110//
f 110// 111// 95//
f 95// 111// 112//
f 95// 112// 113//
f 114// 115// 116//
f 116// 115// 117//
f 113// 118// 95//
f 95// 118// 115//
f 95// 115// 119//
f 119// 115// 114//
f 100// 120// 101//
f 101// 120// 102//
f 101// 102// 121//
f 121// 102// 104//
f 122// 123// 124//
f 124// 123// 125//
f 124// 125// 93//
f 126// 127// 125//
f 125// 127// 128//
f 125// 128// 129//
f 129// 130// 125//
f 125// 130// 131//
f 125// 131// 93//
f 93// 131// 132//
f 93// 132// 98//
f 133// 134// 135//
f 135// 134// 136//
f 135// 136// 137//
f 137// 136// 138//
f 137// 138// 139//
f 99// 101// 124//
f 124// 101// 75//
f 124// 75// 122//
f 122// 75// 84//
f 122// 84// 135//
f 135// 84// 140//
f 135// 140// 133//
f 138// 141// 139//
f 139// 141// 142//
f 139// 142// 125//
f 125// 142// 143//
f 125// 143// 126//
f 144// 100// 99//
f 2// 145// 3//
f 3// 145// 146//
f 3// 146// 92//
f 99// 147// 144//
f 144// 147// 146//
f 144// 146// 148//
f 148// 146// 145//
f 148// 145// 149//
f 27// 26// 150//
f 150// 26// 148//
f 150// 148// 151//
f 151// 148// 149//
f 151// 149// 15//
f 15// 149// 16//
f 152// 65// 64//
f 73// 72// 153//
f 153// 72// 154//
f 153// 154// 155//
f 64// 156// 152//
f 152// 156// 157//
f 152// 157// 154//
f 158// 57// 56//
f 61// 60// 157//
f 157// 60// 159//
f 157// 159// 154//
f 154// 159// 158//
f 154// 158// 155//
f 155// 158// 56//
f 155// 56// 78//
f 160// 161// 162//
f 163// 164// 165//
f 166// 167// 168//
f 168// 167// 165//
f 168// 165// 169//
f 169// 165// 164//
f 170// 171// 172//
f 173// 174// 175//
f 170// 176// 171//
f 171// 176// 177//
f 171// 177// 178//
f 178// 177// 179//
f 180// 181// 182//
f 182// 181// 183//
f 182// 183// 184//
f 185// 186// 187//
f 187// 186// 188//
f 189// 190// 191//
f 191// 190// 192//
f 191// 192// 193//
f 193// 192// 185//
f 193// 185// 172//
f 172// 185// 187//
f 172// 187// 170//
f 165// 191// 163//
f 163// 191// 193//
f 163// 193// 194//
f 194// 193// 195//
f 194// 195// 196//
f 196// 195// 197//
f 196// 198// 199//
f 200// 201// 202//
f 202// 201// 203//
f 202// 203// 204//
f 204// 205// 202//
f 202// 205// 206//
f 202// 206// 207//
f 188// 208// 187//
f 187// 208// 209//
f 187// 209// 175//
f 175// 209// 210//
f 175// 210// 173//
f 211// 212// 213//
f 213// 212// 214//
f 215// 216// 178//
f 178// 216// 217//
f 218// 219// 220//
f 220// 219// 221//
f 220// 221// 222//
f 214// 223// 213//
f 213// 223// 224//
f 213// 224// 225//
f 179// 226// 178//
f 178// 226// 227//
f 178// 227// 228//
f 220// 229// 230//
f 230// 231// 220//
f 220// 231// 232//
f 220// 232// 233//
f 233// 234// 220//
f 220// 234// 235//
f 220// 235// 236//
f 236// 237// 220//
f 220// 237// 238//
f 220// 238// 218//
f 218// 238// 239//
f 240// 241// 242//
f 242// 241// 243//
f 242// 243// 244//
f 244// 243// 218//
f 244// 218// 245//
f 245// 218// 239//
f 184// 246// 182//
f 182// 246// 247//
f 182// 247// 213//
f 247// 248// 213//
f 213// 248// 249//
f 213// 249// 175//
f 250// 251// 217//
f 217// 251// 252//
f 217// 252// 178//
f 253// 254// 255//
f 255// 254// 256//
f 255// 256// 257//
f 257// 256// 258//
f 257// 258// 259//
f 259// 258// 260//
f 259// 260// 261//
f 261// 260// 262//
f 261// 262// 263//
f 263// 262// 264//
f 191// 265// 189//
f 189// 265// 266//
f 189// 266// 264//
f 264// 266// 267//
f 264// 267// 263//
f 197// 268// 196//
f 196// 268// 269//
f 196// 269// 270//
f 270// 271// 196//
f 196// 271// 272//
f 196// 272// 198//
f 273// 274// 275//
f 275// 274// 276//
f 275// 276// 199//
f 199// 276// 277//
f 199// 277// 196//
f 222// 278// 220//
f 220// 278// 279//
f 220// 279// 182//
f 182// 279// 280//
f 182// 280// 180//
f 174// 281// 175//
f 175// 281// 282//
f 175// 282// 213//
f 213// 282// 283//
f 213// 283// 211//
f 228// 284// 178//
f 178// 284// 285//
f 178// 285// 215//
f 273// 275// 286//
f 286// 275// 287//
f 286// 287// 288//
f 289// 290// 291//
f 291// 290// 292//
f 293// 294// 295//
f 295// 294// 291//
f 295// 291// 168//
f 168// 291// 292//
f 168// 292// 166//
f 296// 297// 298//
f 298// 297// 299//
f 298// 299// 300//
f 301// 298// 302//
f 302// 298// 303//
f 302// 303// 304//
f 305// 306// 307//
f 307// 306// 308//
f 309// 310// 311//
f 301// 312// 313//
f 309// 311// 314//
f 313// 312// 315//
f 315// 312// 316//
f 315// 316// 317//
f 313// 318// 301//
f 301// 318// 319//
f 301// 319// 298//
f 298// 319// 320//
f 298// 320// 296//
f 300// 321// 298//
f 298// 321// 322//
f 298// 322// 323//
f 310// 324// 311//
f 311// 324// 325//
f 311// 325// 326//
f 305// 307// 327//
f 327// 307// 328//
f 327// 328// 329//
f 329// 328// 330//
f 329// 330// 331//
f 332// 333// 307//
f 326// 334// 311//
f 311// 334// 335//
f 311// 335// 303//
f 303// 335// 336//
f 303// 336// 304//
f 337// 338// 339//
f 316// 340// 317//
f 317// 340// 341//
f 317// 341// 342//
f 343// 344// 345//
f 339// 338// 331//
f 331// 338// 346//
f 331// 346// 347//
f 347// 348// 331//
f 331// 348// 349//
f 331// 349// 329//
f 342// 350// 317//
f 317// 350// 351//
f 317// 351// 352//
f 343// 345// 339//
f 339// 345// 353//
f 339// 353// 337//
f 352// 354// 317//
f 317// 354// 355//
f 317// 355// 356//
f 356// 355// 357//
f 356// 357// 358//
f 359// 360// 361//
f 361// 360// 362//
f 361// 362// 363//
f 323// 364// 298//
f 298// 364// 359//
f 298// 359// 365//
f 365// 359// 361//
f 366// 367// 332//
f 367// 368// 332//
f 332// 368// 369//
f 332// 369// 370//
f 371// 372// 373//
f 373// 372// 374//
f 375// 376// 377//
f 375// 377// 378//
f 371// 379// 372//
f 372// 379// 380//
f 372// 380// 381//
f 382// 383// 311//
f 311// 383// 384//
f 376// 385// 377//
f 377// 385// 386//
f 377// 386// 311//
f 311// 386// 387//
f 311// 387// 382//
f 388// 389// 332//
f 332// 389// 390//
f 332// 390// 366//
f 381// 391// 372//
f 372// 391// 392//
f 372// 392// 377//
f 377// 392// 393//
f 377// 393// 378//
f 384// 394// 311//
f 311// 394// 395//
f 311// 395// 396//
f 308// 397// 307//
f 307// 397// 314//
f 307// 314// 332//
f 332// 314// 311//
f 332// 311// 388//
f 388// 311// 396//
f 398// 399// 370//
f 370// 399// 361//
f 370// 361// 332//
f 332// 361// 363//
f 332// 363// 333//
f 400// 401// 402//
f 402// 401// 403//
f 404// 405// 406//
f 407// 408// 409//
f 409// 408// 410//
f 405// 411// 406//
f 406// 411// 412//
f 406// 412// 413//
f 414// 415// 416//
f 416// 415// 417//
f 416// 417// 418//
f 419// 420// 421//
f 421// 420// 422//
f 414// 416// 423//
f 423// 416// 409//
f 423// 409// 424//
f 422// 425// 421//
f 421// 425// 426//
f 421// 426// 427//
f 410// 428// 409//
f 409// 428// 406//
f 409// 406// 424//
f 424// 406// 413//
f 418// 429// 416//
f 416// 429// 430//
f 416// 430// 431//
f 431// 430// 432//
f 431// 432// 433//
f 433// 434// 431//
f 431// 434// 435//
f 431// 435// 436//
f 437// 438// 439//
f 439// 438// 440//
f 439// 440// 441//
f 441// 440// 442//
f 441// 442// 443//
f 443// 442// 444//
f 443// 444// 445//
f 445// 444// 446//
f 445// 446// 447//
f 447// 446// 448//
f 406// 449// 404//
f 404// 449// 450//
f 404// 450// 448//
f 448// 450// 451//
f 448// 451// 447//
f 436// 452// 431//
f 431// 452// 453//
f 431// 453// 454//
f 455// 456// 457//
f 372// 458// 459//
f 459// 458// 455//
f 459// 455// 460//
f 460// 455// 457//
f 460// 457// 377//
f 461// 462// 463//
f 457// 461// 377//
f 377// 461// 463//
f 377// 463// 372//
f 372// 463// 464//
f 372// 464// 458//
f 465// 466// 467//
f 466// 465// 468//
f 468// 465// 459//
f 468// 459// 469//
f 469// 459// 460//
f 469// 460// 467//
f 467// 460// 470//
f 467// 470// 465//
f 398// 374// 399//
f 399// 374// 372//
f 399// 372// 471//
f 471// 372// 459//
f 471// 459// 472//
f 472// 459// 465//
f 472// 465// 291//
f 291// 465// 202//
f 291// 202// 289//
f 289// 202// 207//
f 473// 474// 475//
f 474// 476// 475//
f 475// 476// 477//
f 475// 477// 478//
f 479// 480// 213//
f 480// 481// 213//
f 213// 481// 482//
f 213// 482// 483//
f 160// 465// 484//
f 484// 465// 470//
f 484// 470// 485//
f 485// 470// 486//
f 487// 488// 162//
f 162// 488// 489//
f 162// 489// 490//
f 473// 475// 491//
f 491// 475// 492//
f 491// 492// 493//
f 494// 495// 162//
f 162// 495// 496//
f 162// 496// 497//
f 490// 498// 162//
f 162// 498// 499//
f 162// 499// 160//
f 160// 499// 500//
f 160// 500// 465//
f 465// 500// 501//
f 465// 501// 202//
f 202// 501// 502//
f 202// 502// 475//
f 478// 503// 475//
f 475// 503// 479//
f 475// 479// 202//
f 202// 479// 213//
f 202// 213// 200//
f 200// 213// 225//
f 497// 504// 162//
f 162// 504// 505//
f 162// 505// 487//
f 494// 506// 495//
f 495// 506// 507//
f 495// 507// 508//
f 508// 507// 509//
f 483// 510// 213//
f 213// 510// 511//
f 213// 511// 470//
f 470// 511// 512//
f 470// 512// 486//
f 293// 229// 294//
f 294// 229// 220//
f 294// 220// 403//
f 403// 220// 421//
f 403// 421// 402//
f 402// 421// 427//
f 421// 513// 514//
f 513// 421// 515//
f 515// 421// 220//
f 515// 220// 516//
f 516// 220// 182//
f 516// 182// 514//
f 514// 182// 431//
f 514// 431// 421//
f 421// 431// 454//
f 421// 454// 419//
f 517// 518// 519//
f 520// 521// 522//
f 522// 521// 523//
f 409// 524// 525//
f 525// 524// 526//
f 525// 526// 527//
f 527// 528// 525//
f 525// 528// 529//
f 525// 529// 530//
f 530// 531// 525//
f 525// 531// 532//
f 525// 532// 533//
f 523// 534// 522//
f 522// 534// 535//
f 522// 535// 536//
f 536// 517// 522//
f 522// 517// 519//
f 522// 519// 416//
f 416// 519// 537//
f 416// 537// 409//
f 409// 537// 538//
f 409// 538// 524//
f 400// 407// 401//
f 401// 407// 409//
f 401// 409// 539//
f 539// 409// 525//
f 539// 525// 540//
f 540// 525// 541//
f 533// 520// 525//
f 525// 520// 522//
f 525// 522// 541//
f 541// 522// 542//
f 543// 12// 544//
f 544// 12// 11//
f 544// 11// 66//
f 101// 545// 75//
f 75// 545// 546//
f 75// 546// 76//
f 544// 547// 548//
f 544// 548// 543//
f 543// 548// 549//
f 543// 549// 550//
f 154// 551// 552//
f 154// 552// 152//
f 152// 552// 553//
f 152// 553// 554//
f 148// 555// 556//
f 148// 556// 144//
f 144// 556// 557//
f 144// 557// 558//
f 545// 559// 560//
f 545// 560// 546//
f 546// 560// 561//
f 546// 561// 562//
f 545// 101// 559//
f 559// 101// 121//
f 559// 121// 563//
f 563// 121// 564//
f 564// 121// 104//
f 564// 104// 565//
f 565// 104// 566//
f 566// 104// 103//
f 566// 103// 567//
f 567// 103// 568//
f 568// 103// 102//
f 568// 102// 569//
f 569// 102// 570//
f 570// 102// 120//
f 570// 120// 571//
f 100// 144// 120//
f 120// 144// 558//
f 120// 558// 571//
f 154// 72// 551//
f 551// 72// 80//
f 551// 80// 572//
f 572// 80// 573//
f 573// 80// 79//
f 573// 79// 574//
f 574// 79// 575//
f 575// 79// 81//
f 575// 81// 576//
f 576// 81// 577//
f 577// 81// 82//
f 577// 82// 578//
f 578// 82// 579//
f 579// 82// 83//
f 579// 83// 580//
f 76// 546// 83//
f 83// 546// 562//
f 83// 562// 580//
f 568// 569// 581//
f 581// 569// 570//
f 581// 570// 557//
f 557// 570// 571//
f 557// 571// 558//
f 581// 582// 568//
f 568// 582// 583//
f 568// 583// 567//
f 567// 583// 584//
f 584// 585// 567//
f 567// 585// 586//
f 567// 586// 566//
f 566// 586// 587//
f 566// 587// 565//
f 565// 587// 588//
f 565// 588// 564//
f 564// 588// 589//
f 564// 589// 563//
f 563// 589// 560//
f 563// 560// 559//
f 541// 542// 590//
f 540// 541// 591//
f 591// 541// 590//
f 591// 590// 592//
f 592// 590// 593//
f 592// 593// 594//
f 594// 593// 595//
f 594// 595// 596//
f 596// 595// 597//
f 596// 597// 598//
f 598// 597// 599//
f 598// 599// 600//
f 600// 599// 601//
f 600// 601// 602//
f 602// 601// 603//
f 602// 603// 604//
f 604// 603// 605//
f 604// 605// 606//
f 606// 605// 607//
f 606// 607// 608//
f 608// 607// 609//
f 608// 609// 560//
f 560// 609// 561//
f 577// 578// 610//
f 610// 578// 579//
f 610// 579// 561//
f 561// 579// 580//
f 561// 580// 562//
f 610// 611// 577//
f 577// 611// 612//
f 577// 612// 576//
f 576// 612// 613//
f 613// 614// 576//
f 576// 614// 615//
f 576// 615// 575//
f 575// 615// 616//
f 575// 616// 574//
f 574// 616// 617//
f 574// 617// 573//
f 573// 617// 618//
f 573// 618// 572//
f 572// 618// 552//
f 572// 552// 551//
f 148// 26// 555//
f 555// 26// 25//
f 555// 25// 619//
f 619// 25// 620//
f 620// 25// 24//
f 620// 24// 621//
f 621// 24// 622//
f 622// 24// 23//
f 622// 23// 623//
f 623// 23// 624//
f 624// 23// 22//
f 624// 22// 625//
f 625// 22// 626//
f 626// 22// 14//
f 626// 14// 627//
f 12// 543// 14//
f 14// 543// 550//
f 14// 550// 627//
f 628// 629// 630//
f 631// 632// 633//
f 540// 634// 635//
f 636// 634// 540//
f 633// 632// 540//
f 637// 540// 632//
f 638// 582// 581//
f 582// 638// 583//
f 583// 638// 639//
f 583// 639// 584//
f 584// 639// 640//
f 584// 640// 585//
f 585// 640// 641//
f 585// 641// 586//
f 586// 641// 587//
f 587// 641// 642//
f 587// 642// 588//
f 588// 642// 589//
f 589// 642// 608//
f 589// 608// 560//
f 591// 636// 540//
f 643// 644// 631//
f 631// 644// 645//
f 631// 645// 632//
f 632// 645// 646//
f 632// 646// 637//
f 647// 635// 648//
f 648// 635// 634//
f 648// 634// 649//
f 649// 634// 636//
f 649// 636// 650//
f 591// 592// 636//
f 636// 592// 594//
f 636// 594// 650//
f 650// 594// 596//
f 650// 596// 598//
f 630// 647// 651//
f 651// 647// 648//
f 651// 648// 652//
f 652// 648// 649//
f 652// 649// 653//
f 653// 649// 650//
f 653// 650// 654//
f 654// 650// 598//
f 655// 656// 657//
f 657// 656// 628//
f 628// 630// 657//
f 657// 630// 651//
f 657// 651// 658//
f 658// 651// 652//
f 658// 652// 659//
f 659// 652// 653//
f 659// 653// 660//
f 660// 653// 654//
f 660// 654// 661//
f 629// 643// 630//
f 630// 643// 631//
f 630// 631// 647//
f 647// 631// 633//
f 647// 633// 635//
f 635// 633// 540//
f 655// 638// 662//
f 662// 638// 581//
f 662// 581// 557//
f 598// 600// 654//
f 654// 600// 602//
f 654// 602// 661//
f 661// 602// 604//
f 661// 604// 606//
f 655// 657// 638//
f 638// 657// 658//
f 638// 658// 639//
f 639// 658// 659//
f 639// 659// 640//
f 640// 659// 660//
f 640// 660// 641//
f 641// 660// 661//
f 641// 661// 642//
f 642// 661// 606//
f 642// 606// 608//
f 603// 601// 663//
f 664// 665// 666//
f 542// 667// 668//
f 669// 667// 542//
f 666// 665// 542//
f 590// 542// 665//
f 670// 611// 610//
f 611// 670// 612//
f 612// 670// 671//
f 612// 671// 613//
f 613// 671// 672//
f 613// 672// 614//
f 614// 672// 673//
f 614// 673// 615//
f 615// 673// 616//
f 616// 673// 674//
f 616// 674// 617//
f 617// 674// 618//
f 618// 674// 675//
f 618// 675// 552//
f 676// 669// 542//
f 599// 597// 664//
f 664// 597// 595//
f 664// 595// 665//
f 665// 595// 593//
f 665// 593// 590//
f 677// 668// 678//
f 678// 668// 667//
f 678// 667// 679//
f 679// 667// 669//
f 679// 669// 680//
f 676// 681// 669//
f 669// 681// 682//
f 669// 682// 680//
f 680// 682// 683//
f 680// 683// 684//
f 663// 677// 685//
f 685// 677// 678//
f 685// 678// 686//
f 686// 678// 679//
f 686// 679// 687//
f 687// 679// 680//
f 687// 680// 688//
f 688// 680// 684//
f 607// 605// 689//
f 689// 605// 603//
f 603// 663// 689//
f 689// 663// 685//
f 689// 685// 690//
f 690// 685// 686//
f 690// 686// 691//
f 691// 686// 687//
f 691// 687// 692//
f 692// 687// 688//
f 692// 688// 693//
f 601// 599// 663//
f 663// 599// 664//
f 663// 664// 677//
f 677// 664// 666//
f 677// 666// 668//
f 668// 666// 542//
f 607// 670// 609//
f 609// 670// 610//
f 609// 610// 561//
f 684// 694// 688//
f 688// 694// 695//
f 688// 695// 693//
f 693// 695// 696//
f 693// 696// 697//
f 607// 689// 670//
f 670// 689// 690//
f 670// 690// 671//
f 671// 690// 691//
f 671// 691// 672//
f 672// 691// 692//
f 672// 692// 673//
f 673// 692// 693//
f 673// 693// 674//
f 674// 693// 697//
f 674// 697// 675//
f 544// 66// 547//
f 547// 66// 71//
f 547// 71// 698//
f 698// 71// 699//
f 699// 71// 69//
f 699// 69// 700//
f 700// 69// 701//
f 701// 69// 68//
f 701// 68// 702//
f 702// 68// 703//
f 703// 68// 67//
f 703// 67// 704//
f 704// 67// 705//
f 705// 67// 70//
f 705// 70// 706//
f 65// 152// 70//
f 70// 152// 554//
f 70// 554// 706//
f 624// 625// 707//
f 707// 625// 626//
f 707// 626// 549//
f 549// 626// 627//
f 549// 627// 550//
f 707// 708// 624//
f 624// 708// 709//
f 624// 709// 623//
f 623// 709// 710//
f 710// 711// 623//
f 623// 711// 712//
f 623// 712// 622//
f 622// 712// 713//
f 622// 713// 621//
f 621// 713// 714//
f 621// 714// 620//
f 620// 714// 715//
f 620// 715// 619//
f 619// 715// 556//
f 619// 556// 555//
f 365// 361// 716//
f 716// 361// 399//
f 716// 399// 471//
f 557// 556// 662//
f 662// 556// 717//
f 662// 717// 655//
f 655// 717// 718//
f 655// 718// 656//
f 656// 718// 719//
f 656// 719// 628//
f 628// 719// 720//
f 628// 720// 629//
f 629// 720// 721//
f 629// 721// 643//
f 643// 721// 722//
f 643// 722// 644//
f 644// 722// 723//
f 644// 723// 645//
f 645// 723// 724//
f 645// 724// 646//
f 646// 724// 725//
f 646// 725// 637//
f 637// 725// 716//
f 637// 716// 472//
f 472// 716// 471//
f 472// 291// 637//
f 637// 291// 294//
f 637// 294// 403//
f 403// 401// 637//
f 637// 401// 539//
f 637// 539// 540//
f 553// 552// 726//
f 726// 552// 675//
f 726// 675// 727//
f 727// 675// 697//
f 727// 697// 728//
f 728// 697// 696//
f 728// 696// 729//
f 729// 696// 695//
f 729// 695// 730//
f 730// 695// 694//
f 730// 694// 731//
f 731// 694// 684//
f 731// 684// 732//
f 732// 684// 683//
f 732// 683// 733//
f 733// 683// 682//
f 733// 682// 734//
f 734// 682// 681//
f 734// 681// 735//
f 735// 681// 676//
f 542// 522// 676//
f 676// 522// 416//
f 676// 416// 431//
f 431// 182// 676//
f 676// 182// 213//
f 676// 213// 735//
f 735// 213// 470//
f 735// 470// 460//
f 460// 377// 735//
f 735// 377// 311//
f 735// 311// 303//
f 703// 704// 736//
f 736// 704// 705//
f 736// 705// 553//
f 553// 705// 706//
f 553// 706// 554//
f 736// 737// 703//
f 703// 737// 738//
f 703// 738// 702//
f 702// 738// 739//
f 739// 740// 702//
f 702// 740// 741//
f 702// 741// 701//
f 701// 741// 742//
f 701// 742// 700//
f 700// 742// 743//
f 700// 743// 699//
f 699// 743// 744//
f 699// 744// 698//
f 698// 744// 548//
f 698// 548// 547//
f 745// 746// 747//
f 748// 749// 750//
f 365// 751// 752//
f 753// 751// 365//
f 750// 749// 365//
f 754// 365// 749//
f 755// 708// 707//
f 708// 755// 709//
f 709// 755// 756//
f 709// 756// 710//
f 710// 756// 757//
f 710// 757// 711//
f 711// 757// 758//
f 711// 758// 712//
f 712// 758// 713//
f 713// 758// 759//
f 713// 759// 714//
f 714// 759// 715//
f 715// 759// 717//
f 715// 717// 556//
f 716// 753// 365//
f 760// 761// 748//
f 748// 761// 762//
f 748// 762// 749//
f 749// 762// 763//
f 749// 763// 754//
f 764// 752// 765//
f 765// 752// 751//
f 765// 751// 766//
f 766// 751// 753//
f 766// 753// 767//
f 716// 725// 753//
f 753// 725// 724//
f 753// 724// 767//
f 767// 724// 723//
f 767// 723// 722//
f 747// 764// 768//
f 768// 764// 765//
f 768// 765// 769//
f 769// 765// 766//
f 769// 766// 770//
f 770// 766// 767//
f 770// 767// 771//
f 771// 767// 722//
f 772// 773// 774//
f 774// 773// 745//
f 745// 747// 774//
f 774// 747// 768//
f 774// 768// 775//
f 775// 768// 769//
f 775// 769// 776//
f 776// 769// 770//
f 776// 770// 777//
f 777// 770// 771//
f 777// 771// 778//
f 746// 760// 747//
f 747// 760// 748//
f 747// 748// 764//
f 764// 748// 750//
f 764// 750// 752//
f 752// 750// 365//
f 772// 755// 779//
f 779// 755// 707//
f 779// 707// 549//
f 722// 721// 771//
f 771// 721// 720//
f 771// 720// 778//
f 778// 720// 719//
f 778// 719// 718//
f 772// 774// 755//
f 755// 774// 775//
f 755// 775// 756//
f 756// 775// 776//
f 756// 776// 757//
f 757// 776// 777//
f 757// 777// 758//
f 758// 777// 778//
f 758// 778// 759//
f 759// 778// 718//
f 759// 718// 717//
f 729// 730// 780//
f 781// 782// 783//
f 303// 784// 785//
f 786// 784// 303//
f 783// 782// 303//
f 735// 303// 782//
f 787// 737// 736//
f 737// 787// 738//
f 738// 787// 788//
f 738// 788// 739//
f 739// 788// 789//
f 739// 789// 740//
f 740// 789// 790//
f 740// 790// 741//
f 741// 790// 742//
f 742// 790// 791//
f 742// 791// 743//
f 743// 791// 744//
f 744// 791// 792//
f 744// 792// 548//
f 793// 786// 303//
f 731// 732// 781//
f 781// 732// 733//
f 781// 733// 782//
f 782// 733// 734//
f 782// 734// 735//
f 794// 785// 795//
f 795// 785// 784//
f 795// 784// 796//
f 796// 784// 786//
f 796// 786// 797//
f 793// 798// 786//
f 786// 798// 799//
f 786// 799// 797//
f 797// 799// 800//
f 797// 800// 801//
f 780// 794// 802//
f 802// 794// 795//
f 802// 795// 803//
f 803// 795// 796//
f 803// 796// 804//
f 804// 796// 797//
f 804// 797// 805//
f 805// 797// 801//
f 727// 728// 806//
f 806// 728// 729//
f 729// 780// 806//
f 806// 780// 802//
f 806// 802// 807//
f 807// 802// 803//
f 807// 803// 808//
f 808// 803// 804//
f 808// 804// 809//
f 809// 804// 805//
f 809// 805// 810//
f 730// 731// 780//
f 780// 731// 781//
f 780// 781// 794//
f 794// 781// 783//
f 794// 783// 785//
f 785// 783// 303//
f 727// 787// 726//
f 726// 787// 736//
f 726// 736// 553//
f 801// 811// 805//
f 805// 811// 812//
f 805// 812// 810//
f 810// 812// 813//
f 810// 813// 814//
f 727// 806// 787//
f 787// 806// 807//
f 787// 807// 788//
f 788// 807// 808//
f 788// 808// 789//
f 789// 808// 809//
f 789// 809// 790//
f 790// 809// 810//
f 790// 810// 791//
f 791// 810// 814//
f 791// 814// 792//
f 298// 365// 754//
f 549// 548// 779//
f 779// 548// 792//
f 779// 792// 772//
f 772// 792// 814//
f 772// 814// 773//
f 773// 814// 813//
f 773// 813// 745//
f 745// 813// 812//
f 745// 812// 746//
f 746// 812// 811//
f 746// 811// 760//
f 760// 811// 801//
f 760// 801// 761//
f 761// 801// 800//
f 761// 800// 762//
f 762// 800// 799//
f 762// 799// 763//
f 763// 799// 798//
f 763// 798// 754//
f 754// 798// 793//
f 754// 793// 298//
f 298// 793// 303//
usemtl 2
f 815// 816// 302//
f 302// 816// 301//
f 817// 340// 316//
f 817// 316// 818//
f 818// 316// 312//
f 818// 312// 819//
f 819// 312// 301//
f 819// 301// 816//
f 820// 355// 354//
f 820// 354// 821//
f 821// 354// 352//
f 821// 352// 822//
f 822// 352// 351//
f 822// 351// 823//
f 823// 351// 350//
f 823// 350// 824//
f 824// 350// 342//
f 824// 342// 825//
f 825// 342// 341//
f 825// 341// 826//
f 826// 341// 340//
f 826// 340// 817//
f 827// 313// 315//
f 827// 315// 828//
f 828// 315// 317//
f 828// 317// 829//
f 829// 317// 356//
f 829// 356// 830//
f 830// 356// 358//
f 830// 358// 831//
f 831// 358// 357//
f 831// 357// 832//
f 832// 357// 355//
f 832// 355// 820//
f 833// 297// 296//
f 833// 296// 834//
f 834// 296// 320//
f 834// 320// 835//
f 835// 320// 319//
f 835// 319// 836//
f 836// 319// 318//
f 836// 318// 837//
f 837// 318// 313//
f 837// 313// 827//
f 838// 360// 839//
f 839// 360// 359//
f 359// 364// 839//
f 839// 364// 323//
f 839// 323// 840//
f 840// 323// 322//
f 840// 322// 841//
f 841// 322// 321//
f 841// 321// 842//
f 842// 321// 300//
f 842// 300// 843//
f 843// 300// 299//
f 843// 299// 844//
f 844// 299// 297//
f 844// 297// 833//
f 360// 838// 845//
f 846// 333// 363//
f 846// 363// 845//
f 845// 363// 362//
f 845// 362// 360//
f 846// 847// 333//
f 333// 847// 307//
f 848// 331// 330//
f 848// 330// 849//
f 849// 330// 328//
f 849// 328// 850//
f 850// 328// 307//
f 850// 307// 847//
f 851// 338// 337//
f 851// 337// 852//
f 852// 337// 353//
f 852// 353// 853//
f 853// 353// 345//
f 853// 345// 854//
f 854// 345// 344//
f 854// 344// 855//
f 855// 344// 343//
f 855// 343// 856//
f 856// 343// 339//
f 856// 339// 857//
f 857// 339// 331//
f 857// 331// 848//
f 858// 327// 329//
f 858// 329// 859//
f 859// 329// 349//
f 859// 349// 860//
f 860// 349// 348//
f 860// 348// 861//
f 861// 348// 347//
f 861// 347// 862//
f 862// 347// 346//
f 862// 346// 863//
f 863// 346// 338//
f 863// 338// 851//
f 864// 314// 397//
f 864// 397// 865//
f 865// 397// 308//
f 865// 308// 866//
f 866// 308// 306//
f 866// 306// 867//
f 867// 306// 305//
f 867// 305// 868//
f 868// 305// 327//
f 868// 327// 858//
f 869// 335// 334//
f 869// 334// 870//
f 870// 334// 326//
f 870// 326// 871//
f 871// 326// 325//
f 871// 325// 872//
f 872// 325// 324//
f 872// 324// 873//
f 873// 324// 310//
f 873// 310// 874//
f 874// 310// 309//
f 874// 309// 875//
f 875// 309// 314//
f 875// 314// 864//
f 815// 302// 304//
f 815// 304// 876//
f 876// 304// 336//
f 876// 336// 877//
f 877// 336// 335//
f 877// 335// 869//
f 816// 815// 819//
f 819// 815// 876//
f 819// 876// 818//
f 818// 876// 877//
f 818// 877// 817//
f 817// 877// 869//
f 817// 869// 826//
f 826// 869// 870//
f 826// 870// 825//
f 825// 870// 871//
f 825// 871// 824//
f 824// 871// 872//
f 824// 872// 823//
f 823// 872// 873//
f 823// 873// 822//
f 822// 873// 874//
f 822// 874// 821//
f 821// 874// 875//
f 821// 875// 820//
f 820// 875// 864//
f 820// 864// 832//
f 832// 864// 865//
f 832// 865// 831//
f 831// 865// 866//
f 831// 866// 830//
f 830// 866// 867//
f 830// 867// 829//
f 829// 867// 868//
f 829// 868// 828//
f 828// 868// 858//
f 828// 858// 827//
f 827// 858// 859//
f 827// 859// 837//
f 837// 859// 860//
f 837// 860// 836//
f 836// 860// 861//
f 836// 861// 835//
f 835// 861// 862//
f 835// 862// 834//
f 834// 862// 863//
f 834// 863// 833//
f 833// 863// 851//
f 833// 851// 844//
f 844// 851// 852//
f 844// 852// 843//
f 843// 852// 853//
f 843// 853// 842//
f 842// 853// 854//
f 842// 854// 841//
f 841// 854// 855//
f 841// 855// 840//
f 840// 855// 856//
f 840// 856// 839//
f 839// 856// 857//
f 839// 857// 838//
f 838// 857// 848//
f 838// 848// 845//
f 845// 848// 849//
f 845// 849// 846//
f 846// 849// 850//
f 846// 850// 847//
f 878// 388// 396//
f 878// 396// 879//
f 879// 396// 395//
f 879// 395// 880//
f 880// 395// 394//
f 880// 394// 881//
f 881// 394// 384//
f 881// 384// 882//
f 882// 384// 383//
f 882// 383// 883//
f 883// 383// 382//
f 883// 382// 884//
f 884// 382// 387//
f 884// 387// 885//
f 398// 370// 886//
f 886// 370// 887//
f 370// 369// 887//
f 887// 369// 368//
f 887// 368// 888//
f 888// 368// 367//
f 888// 367// 889//
f 889// 367// 366//
f 889// 366// 890//
f 890// 366// 390//
f 890// 390// 891//
f 891// 390// 389//
f 891// 389// 892//
f 892// 389// 388//
f 892// 388// 878//
f 893// 392// 391//
f 893// 391// 894//
f 894// 391// 381//
f 894// 381// 895//
f 895// 381// 380//
f 895// 380// 896//
f 896// 380// 379//
f 896// 379// 897//
f 897// 379// 371//
f 897// 371// 898//
f 898// 371// 373//
f 898// 373// 899//
f 899// 373// 886//
f 886// 373// 374//
f 886// 374// 398//
f 885// 387// 386//
f 885// 386// 900//
f 900// 386// 385//
f 900// 385// 901//
f 901// 385// 376//
f 901// 376// 902//
f 902// 376// 375//
f 902// 375// 903//
f 903// 375// 378//
f 903// 378// 904//
f 904// 378// 393//
f 904// 393// 905//
f 905// 393// 392//
f 905// 392// 893//
f 906// 878// 907//
f 907// 878// 879//
f 907// 879// 908//
f 908// 879// 880//
f 908// 880// 909//
f 909// 880// 881//
f 909// 881// 910//
f 910// 881// 882//
f 910// 882// 911//
f 911// 882// 883//
f 911// 883// 912//
f 912// 883// 884//
f 912// 884// 913//
f 913// 884// 885//
f 913// 885// 914//
f 914// 885// 900//
f 914// 900// 915//
f 915// 900// 901//
f 915// 901// 916//
f 916// 901// 902//
f 916// 902// 917//
f 917// 902// 903//
f 917// 903// 918//
f 918// 903// 904//
f 918// 904// 919//
f 919// 904// 905//
f 919// 905// 920//
f 920// 905// 893//
f 920// 893// 921//
f 921// 893// 894//
f 921// 894// 922//
f 922// 894// 895//
f 922// 895// 923//
f 923// 895// 896//
f 923// 896// 924//
f 924// 896// 897//
f 924// 897// 925//
f 925// 897// 898//
f 925// 898// 926//
f 926// 898// 899//
f 926// 899// 927//
f 927// 899// 886//
f 927// 886// 928//
f 928// 886// 887//
f 928// 887// 929//
f 929// 887// 888//
f 929// 888// 930//
f 930// 888// 889//
f 930// 889// 931//
f 931// 889// 890//
f 931// 890// 932//
f 932// 890// 891//
f 932// 891// 933//
f 933// 891// 892//
f 933// 892// 906//
f 906// 892// 878//
f 906// 934// 935//
f 906// 935// 933//
f 933// 935// 936//
f 933// 936// 932//
f 932// 936// 937//
f 932// 937// 931//
f 931// 937// 938//
f 931// 938// 930//
f 930// 938// 939//
f 930// 939// 929//
f 929// 939// 940//
f 929// 940// 928//
f 928// 940// 941//
f 928// 941// 927//
f 927// 941// 942//
f 927// 942// 926//
f 926// 942// 943//
f 926// 943// 925//
f 925// 943// 944//
f 925// 944// 924//
f 924// 944// 945//
f 924// 945// 923//
f 923// 945// 946//
f 923// 946// 922//
f 922// 946// 947//
f 922// 947// 921//
f 921// 947// 948//
f 921// 948// 920//
f 920// 948// 949//
f 920// 949// 919//
f 919// 949// 950//
f 919// 950// 918//
f 918// 950// 951//
f 918// 951// 917//
f 917// 951// 952//
f 917// 952// 916//
f 916// 952// 953//
f 916// 953// 915//
f 915// 953// 954//
f 915// 954// 914//
f 914// 954// 955//
f 914// 955// 913//
f 913// 955// 956//
f 913// 956// 912//
f 912// 956// 957//
f 912// 957// 911//
f 911// 957// 958//
f 911// 958// 910//
f 910// 958// 959//
f 910// 959// 909//
f 909// 959// 960//
f 909// 960// 908//
f 908// 960// 961//
f 908// 961// 907//
f 907// 961// 934//
f 907// 934// 906//
usemtl 1
f 947// 935// 948//
f 948// 935// 934//
f 948// 934// 949//
f 949// 934// 950//
f 939// 935// 940//
f 940// 935// 941//
f 960// 959// 956//
f 956// 959// 958//
f 956// 958// 957//
f 953// 952// 934//
f 934// 952// 951//
f 934// 951// 950//
f 939// 938// 935//
f 935// 938// 937//
f 935// 937// 936//
f 960// 956// 961//
f 961// 956// 955//
f 961// 955// 934//
f 934// 955// 954//
f 934// 954// 953//
f 947// 946// 935//
f 935// 946// 945//
f 935// 945// 944//
f 944// 943// 935//
f 935// 943// 942//
f 935// 942// 941//
usemtl 2
f 962// 963// 458//
f 458// 963// 455//
f 963// 964// 455//
f 455// 964// 456//
f 964// 965// 456//
f 456// 965// 457//
f 965// 966// 457//
f 457// 966// 461//
f 966// 967// 461//
f 461// 967// 462//
f 967// 968// 462//
f 462// 968// 463//
f 968// 969// 463//
f 463// 969// 464//
f 969// 962// 464//
f 464// 962// 458//
f 962// 969// 967//
f 967// 969// 968//
f 963// 962// 964//
f 964// 962// 967//
f 964// 967// 965//
f 965// 967// 966//
f 970// 971// 466//
f 466// 971// 467//
f 971// 972// 467//
f 467// 972// 469//
f 972// 973// 469//
f 469// 973// 468//
f 973// 970// 468//
f 468// 970// 466//
f 973// 972// 970//
f 970// 972// 971//
f 974// 479// 503//
f 974// 503// 975//
f 975// 503// 478//
f 975// 478// 976//
f 976// 478// 477//
f 976// 477// 977//
f 977// 477// 476//
f 977// 476// 978//
f 978// 476// 474//
f 978// 474// 979//
f 979// 474// 473//
f 979// 473// 980//
f 980// 473// 491//
f 980// 491// 981//
f 982// 512// 511//
f 982// 511// 983//
f 983// 511// 510//
f 983// 510// 984//
f 984// 510// 483//
f 984// 483// 985//
f 985// 483// 482//
f 985// 482// 986//
f 986// 482// 481//
f 986// 481// 987//
f 987// 481// 480//
f 987// 480// 988//
f 988// 480// 479//
f 988// 479// 974//
f 989// 484// 485//
f 989// 485// 990//
f 990// 485// 486//
f 990// 486// 991//
f 991// 486// 512//
f 991// 512// 982//
f 989// 992// 484//
f 484// 992// 160//
f 993// 162// 161//
f 993// 161// 994//
f 994// 161// 160//
f 994// 160// 992//
f 995// 496// 495//
f 995// 495// 996//
f 996// 495// 508//
f 996// 508// 997//
f 997// 508// 509//
f 997// 509// 998//
f 998// 509// 507//
f 998// 507// 999//
f 999// 507// 506//
f 999// 506// 1000//
f 1000// 506// 494//
f 1000// 494// 1001//
f 1001// 494// 162//
f 1001// 162// 993//
f 1002// 498// 490//
f 1002// 490// 1003//
f 1003// 490// 489//
f 1003// 489// 1004//
f 1004// 489// 488//
f 1004// 488// 1005//
f 1005// 488// 487//
f 1005// 487// 1006//
f 1006// 487// 505//
f 1006// 505// 1007//
f 1007// 505// 504//
f 1007// 504// 1008//
f 1008// 504// 497//
f 1008// 497// 1009//
f 1009// 497// 496//
f 1009// 496// 995//
f 1010// 500// 499//
f 1010// 499// 1011//
f 1011// 499// 498//
f 1011// 498// 1002//
f 1010// 1012// 500//
f 500// 1012// 501//
f 1012// 1013// 501//
f 501// 1013// 502//
f 1013// 1014// 502//
f 502// 1014// 475//
f 1014// 1015// 475//
f 475// 1015// 492//
f 1015// 1016// 492//
f 492// 1016// 493//
f 1016// 981// 493//
f 493// 981// 491//
f 1014// 1013// 1015//
f 1015// 1013// 1012//
f 1015// 1012// 1016//
f 1012// 1010// 1016//
f 1016// 1010// 1011//
f 1016// 1011// 981//
f 1011// 1002// 981//
f 981// 1002// 1003//
f 981// 1003// 980//
f 980// 1003// 1004//
f 980// 1004// 979//
f 979// 1004// 1005//
f 979// 1005// 978//
f 978// 1005// 1006//
f 978// 1006// 977//
f 977// 1006// 1007//
f 977// 1007// 976//
f 976// 1007// 1008//
f 976// 1008// 975//
f 975// 1008// 1009//
f 975// 1009// 974//
f 974// 1009// 995//
f 974// 995// 988//
f 988// 995// 996//
f 988// 996// 987//
f 987// 996// 997//
f 987// 997// 986//
f 986// 997// 998//
f 986// 998// 985//
f 985// 998// 999//
f 985// 999// 984//
f 984// 999// 1000//
f 984// 1000// 983//
f 983// 1000// 1001//
f 983// 1001// 982//
f 982// 1001// 993//
f 982// 993// 991//
f 991// 993// 994//
f 991// 994// 990//
f 990// 994// 992//
f 990// 992// 989//
f 1017// 1018// 165//
f 165// 1018// 191//
f 1019// 266// 265//
f 1019// 265// 1020//
f 1020// 265// 191//
f 1020// 191// 1018//
f 1021// 253// 255//
f 1021// 255// 1022//
f 1022// 255// 257//
f 1022// 257// 1023//
f 1023// 257// 259//
f 1023// 259// 1024//
f 1024// 259// 261//
f 1024// 261// 1025//
f 1025// 261// 263//
f 1025// 263// 1026//
f 1026// 263// 267//
f 1026// 267// 1027//
f 1027// 267// 266//
f 1027// 266// 1019//
f 1021// 1028// 253//
f 253// 1028// 254//
f 1029// 264// 262//
f 1029// 262// 1030//
f 1030// 262// 260//
f 1030// 260// 1031//
f 1031// 260// 258//
f 1031// 258// 1032//
f 1032// 258// 256//
f 1032// 256// 1033//
f 1033// 256// 254//
f 1033// 254// 1028//
f 1034// 208// 188//
f 1034// 188// 1035//
f 1035// 188// 186//
f 1035// 186// 1036//
f 1036// 186// 185//
f 1036// 185// 1037//
f 1037// 185// 192//
f 1037// 192// 1038//
f 1038// 192// 190//
f 1038// 190// 1039//
f 1039// 190// 189//
f 1039// 189// 1040//
f 1040// 189// 264//
f 1040// 264// 1029//
f 1041// 283// 282//
f 1041// 282// 1042//
f 1042// 282// 281//
f 1042// 281// 1043//
f 1043// 281// 174//
f 1043// 174// 1044//
f 1044// 174// 173//
f 1044// 173// 1045//
f 1045// 173// 210//
f 1045// 210// 1046//
f 1046// 210// 209//
f 1046// 209// 1047//
f 1047// 209// 208//
f 1047// 208// 1034//
f 1048// 200// 225//
f 1048// 225// 1049//
f 1049// 225// 224//
f 1049// 224// 1050//
f 1050// 224// 223//
f 1050// 223// 1051//
f 1051// 223// 214//
f 1051// 214// 1052//
f 1052// 214// 212//
f 1052// 212// 1053//
f 1053// 212// 211//
f 1053// 211// 1054//
f 1054// 211// 283//
f 1054// 283// 1041//
f 290// 289// 1055//
f 1055// 289// 1056//
f 289// 207// 1056//
f 1056// 207// 206//
f 1056// 206// 1057//
f 1057// 206// 205//
f 1057// 205// 1058//
f 1058// 205// 204//
f 1058// 204// 1059//
f 1059// 204// 203//
f 1059// 203// 1060//
f 1060// 203// 201//
f 1060// 201// 1061//
f 1061// 201// 200//
f 1061// 200// 1048//
f 290// 1055// 292//
f 292// 1055// 1062//
f 292// 1062// 166//
f 166// 1062// 1063//
f 166// 1063// 167//
f 167// 1063// 1017//
f 167// 1017// 165//
f 1048// 1021// 1022//
f 1018// 1017// 1063//
f 1048// 1049// 1021//
f 1021// 1049// 1064//
f 1021// 1064// 1028//
f 1028// 1064// 1065//
f 1018// 1063// 1020//
f 1020// 1063// 1062//
f 1020// 1062// 1019//
f 1019// 1062// 1055//
f 1019// 1055// 1027//
f 1027// 1055// 1056//
f 1027// 1056// 1026//
f 1026// 1056// 1057//
f 1026// 1057// 1025//
f 1025// 1057// 1058//
f 1025// 1058// 1024//
f 1024// 1058// 1059//
f 1024// 1059// 1023//
f 1023// 1059// 1060//
f 1023// 1060// 1022//
f 1022// 1060// 1061//
f 1022// 1061// 1048//
f 1065// 1066// 1028//
f 1028// 1066// 1067//
f 1028// 1067// 1033//
f 1033// 1067// 1068//
f 1033// 1068// 1032//
f 1032// 1068// 1069//
f 1032// 1069// 1031//
f 1031// 1069// 1070//
f 1031// 1070// 1030//
f 1030// 1070// 1071//
f 1030// 1071// 1029//
f 1029// 1071// 1072//
f 1029// 1072// 1040//
f 1040// 1072// 1073//
f 1040// 1073// 1039//
f 1039// 1073// 1074//
f 1039// 1074// 1038//
f 1038// 1074// 1075//
f 1038// 1075// 1037//
f 1037// 1075// 1076//
f 1037// 1076// 1036//
f 1036// 1076// 1077//
f 1036// 1077// 1035//
f 1035// 1077// 1078//
f 1035// 1078// 1034//
f 1034// 1078// 1079//
f 1034// 1079// 1047//
f 1047// 1079// 1080//
f 1047// 1080// 1046//
f 1046// 1080// 1081//
f 1046// 1081// 1045//
f 1045// 1081// 1082//
f 1045// 1082// 1044//
f 1044// 1082// 1083//
f 1044// 1083// 1043//
f 1043// 1083// 1084//
f 1043// 1084// 1042//
f 1042// 1084// 1085//
f 1042// 1085// 1041//
f 1041// 1085// 1086//
f 1041// 1086// 1054//
f 1054// 1086// 1087//
f 1054// 1087// 1053//
f 1053// 1087// 1088//
f 1053// 1088// 1052//
f 1052// 1088// 1089//
f 1052// 1089// 1051//
f 1051// 1089// 1090//
f 1051// 1090// 1050//
f 1050// 1090// 1091//
f 1050// 1091// 1049//
f 1049// 1091// 1092//
f 1049// 1092// 1064//
f 1064// 1093// 1094//
f 1064// 1094// 1065//
f 1065// 1094// 1095//
f 1065// 1095// 1066//
f 1066// 1095// 1096//
f 1066// 1096// 1067//
f 1067// 1096// 1097//
f 1067// 1097// 1068//
f 1068// 1097// 1098//
f 1068// 1098// 1069//
f 1069// 1098// 1099//
f 1069// 1099// 1070//
f 1070// 1099// 1100//
f 1070// 1100// 1071//
f 1071// 1100// 1101//
f 1071// 1101// 1072//
f 1072// 1101// 1102//
f 1072// 1102// 1073//
f 1073// 1102// 1103//
f 1073// 1103// 1074//
f 1074// 1103// 1104//
f 1074// 1104// 1075//
f 1075// 1104// 1105//
f 1075// 1105// 1076//
f 1076// 1105// 1106//
f 1076// 1106// 1077//
f 1077// 1106// 1107//
f 1077// 1107// 1078//
f 1078// 1107// 1108//
f 1078// 1108// 1079//
f 1079// 1108// 1109//
f 1079// 1109// 1080//
f 1080// 1109// 1110//
f 1080// 1110// 1081//
f 1081// 1110// 1111//
f 1081// 1111// 1082//
f 1082// 1111// 1112//
f 1082// 1112// 1083//
f 1083// 1112// 1113//
f 1083// 1113// 1084//
f 1084// 1113// 1114//
f 1084// 1114// 1085//
f 1085// 1114// 1115//
f 1085// 1115// 1086//
f 1086// 1115// 1116//
f 1086// 1116// 1087//
f 1087// 1116// 1117//
f 1087// 1117// 1088//
f 1088// 1117// 1118//
f 1088// 1118// 1089//
f 1089// 1118// 1119//
f 1089// 1119// 1090//
f 1090// 1119// 1120//
f 1090// 1120// 1091//
f 1091// 1120// 1121//
f 1091// 1121// 1092//
f 1092// 1121// 1093//
f 1092// 1093// 1064//
usemtl 1
f 1116// 1101// 1100//
f 1094// 1093// 1100//
f 1115// 1109// 1116//
f 1116// 1109// 1108//
f 1116// 1108// 1107//
f 1094// 1100// 1095//
f 1098// 1097// 1096//
f 1107// 1106// 1116//
f 1116// 1106// 1105//
f 1116// 1105// 1104//
f 1104// 1103// 1116//
f 1116// 1103// 1102//
f 1116// 1102// 1101//
f 1093// 1121// 1100//
f 1100// 1121// 1120//
f 1100// 1120// 1119//
f 1119// 1118// 1100//
f 1100// 1118// 1117//
f 1100// 1117// 1116//
f 1095// 1100// 1096//
f 1096// 1100// 1099//
f 1096// 1099// 1098//
f 1113// 1112// 1114//
f 1114// 1112// 1111//
f 1114// 1111// 1115//
f 1115// 1111// 1110//
f 1115// 1110// 1109//
usemtl 2
f 1122// 1123// 175//
f 175// 1123// 187//
f 1124// 177// 176//
f 1124// 176// 1125//
f 1125// 176// 170//
f 1125// 170// 1126//
f 1126// 170// 187//
f 1126// 187// 1123//
f 1127// 215// 285//
f 1127// 285// 1128//
f 1128// 285// 284//
f 1128// 284// 1129//
f 1129// 284// 228//
f 1129// 228// 1130//
f 1130// 228// 227//
f 1130// 227// 1131//
f 1131// 227// 226//
f 1131// 226// 1132//
f 1132// 226// 179//
f 1132// 179// 1133//
f 1133// 179// 177//
f 1133// 177// 1124//
f 1134// 171// 178//
f 1134// 178// 1135//
f 1135// 178// 252//
f 1135// 252// 1136//
f 1136// 252// 251//
f 1136// 251// 1137//
f 1137// 251// 250//
f 1137// 250// 1138//
f 1138// 250// 217//
f 1138// 217// 1139//
f 1139// 217// 216//
f 1139// 216// 1140//
f 1140// 216// 215//
f 1140// 215// 1127//
f 1134// 1141// 171//
f 171// 1141// 172//
f 1141// 1142// 172//
f 172// 1142// 193//
f 1142// 1143// 193//
f 193// 1143// 195//
f 1144// 199// 198//
f 1144// 198// 1145//
f 1145// 198// 272//
f 1145// 272// 1146//
f 1146// 272// 271//
f 1146// 271// 1147//
f 1147// 271// 270//
f 1147// 270// 1148//
f 1148// 270// 269//
f 1148// 269// 1149//
f 1149// 269// 268//
f 1149// 268// 1150//
f 1150// 268// 197//
f 1150// 197// 1151//
f 1151// 197// 195//
f 1151// 195// 1143//
f 1152// 277// 276//
f 1152// 276// 1153//
f 1153// 276// 274//
f 1153// 274// 1154//
f 1154// 274// 273//
f 1154// 273// 1155//
f 1155// 273// 286//
f 1155// 286// 1156//
f 1156// 286// 288//
f 1156// 288// 1157//
f 1157// 288// 287//
f 1157// 287// 1158//
f 1158// 287// 275//
f 1158// 275// 1159//
f 1159// 275// 199//
f 1159// 199// 1144//
f 1160// 163// 194//
f 1160// 194// 1161//
f 1161// 194// 196//
f 1161// 196// 1162//
f 1162// 196// 277//
f 1162// 277// 1152//
f 1160// 1163// 163//
f 163// 1163// 164//
f 164// 1163// 1164//
f 1165// 293// 295//
f 1165// 295// 1166//
f 1166// 295// 168//
f 1166// 168// 1164//
f 1164// 168// 169//
f 1164// 169// 164//
f 293// 1165// 229//
f 229// 1165// 1167//
f 229// 1167// 230//
f 230// 1167// 1168//
f 230// 1168// 231//
f 231// 1168// 1169//
f 231// 1169// 232//
f 232// 1169// 1170//
f 232// 1170// 233//
f 233// 1170// 1171//
f 233// 1171// 234//
f 234// 1171// 1172//
f 234// 1172// 235//
f 235// 1172// 1173//
f 235// 1173// 236//
f 1174// 240// 242//
f 1174// 242// 1175//
f 1175// 242// 244//
f 1175// 244// 1176//
f 1176// 244// 245//
f 1176// 245// 1177//
f 1177// 245// 239//
f 1177// 239// 1178//
f 1178// 239// 238//
f 1178// 238// 1179//
f 1179// 238// 237//
f 1179// 237// 1180//
f 1180// 237// 236//
f 1180// 236// 1173//
f 1174// 1181// 240//
f 240// 1181// 241//
f 1182// 279// 278//
f 1182// 278// 1183//
f 1183// 278// 222//
f 1183// 222// 1184//
f 1184// 222// 221//
f 1184// 221// 1185//
f 1185// 221// 219//
f 1185// 219// 1186//
f 1186// 219// 218//
f 1186// 218// 1187//
f 1187// 218// 243//
f 1187// 243// 1188//
f 1188// 243// 241//
f 1188// 241// 1181//
f 1189// 247// 246//
f 1189// 246// 1190//
f 1190// 246// 184//
f 1190// 184// 1191//
f 1191// 184// 183//
f 1191// 183// 1192//
f 1192// 183// 181//
f 1192// 181// 1193//
f 1193// 181// 180//
f 1193// 180// 1194//
f 1194// 180// 280//
f 1194// 280// 1195//
f 1195// 280// 279//
f 1195// 279// 1182//
f 1122// 175// 249//
f 1122// 249// 1196//
f 1196// 249// 248//
f 1196// 248// 1197//
f 1197// 248// 247//
f 1197// 247// 1189//
f 1142// 1141// 1143//
f 1143// 1141// 1134//
f 1143// 1134// 1151//
f 1151// 1134// 1135//
f 1123// 1122// 1126//
f 1126// 1122// 1196//
f 1126// 1196// 1125//
f 1125// 1196// 1197//
f 1125// 1197// 1124//
f 1124// 1197// 1189//
f 1124// 1189// 1133//
f 1133// 1189// 1190//
f 1133// 1190// 1132//
f 1132// 1190// 1191//
f 1132// 1191// 1131//
f 1131// 1191// 1192//
f 1131// 1192// 1130//
f 1130// 1192// 1193//
f 1130// 1193// 1129//
f 1129// 1193// 1194//
f 1129// 1194// 1128//
f 1128// 1194// 1195//
f 1128// 1195// 1127//
f 1195// 1182// 1127//
f 1127// 1182// 1183//
f 1127// 1183// 1140//
f 1140// 1183// 1184//
f 1140// 1184// 1139//
f 1139// 1184// 1185//
f 1139// 1185// 1138//
f 1138// 1185// 1186//
f 1138// 1186// 1137//
f 1137// 1186// 1187//
f 1137// 1187// 1136//
f 1136// 1187// 1188//
f 1136// 1188// 1135//
f 1135// 1188// 1181//
f 1135// 1181// 1151//
f 1151// 1181// 1174//
f 1151// 1174// 1150//
f 1150// 1174// 1175//
f 1150// 1175// 1149//
f 1149// 1175// 1176//
f 1149// 1176// 1148//
f 1148// 1176// 1177//
f 1148// 1177// 1147//
f 1147// 1177// 1178//
f 1147// 1178// 1146//
f 1146// 1178// 1179//
f 1146// 1179// 1145//
f 1145// 1179// 1180//
f 1145// 1180// 1144//
f 1144// 1180// 1173//
f 1144// 1173// 1159//
f 1159// 1173// 1172//
f 1159// 1172// 1158//
f 1158// 1172// 1171//
f 1158// 1171// 1157//
f 1157// 1171// 1170//
f 1157// 1170// 1156//
f 1156// 1170// 1169//
f 1156// 1169// 1155//
f 1155// 1169// 1168//
f 1155// 1168// 1154//
f 1154// 1168// 1167//
f 1154// 1167// 1153//
f 1153// 1167// 1165//
f 1153// 1165// 1152//
f 1152// 1165// 1166//
f 1152// 1166// 1162//
f 1162// 1166// 1164//
f 1162// 1164// 1161//
f 1161// 1164// 1163//
f 1161// 1163// 1160//
f 1198// 1199// 513//
f 513// 1199// 514//
f 1199// 1200// 514//
f 514// 1200// 516//
f 1200// 1201// 516//
f 516// 1201// 515//
f 1201// 1198// 515//
f 515// 1198// 513//
f 1201// 1200// 1198//
f 1198// 1200// 1199//
f 1202// 1203// 428//
f 428// 1203// 406//
f 1204// 450// 449//
f 1204// 449// 1205//
f 1205// 449// 406//
f 1205// 406// 1203//
f 1206// 437// 439//
f 1206// 439// 1207//
f 1207// 439// 441//
f 1207// 441// 1208//
f 1208// 441// 443//
f 1208// 443// 1209//
f 1209// 443// 445//
f 1209// 445// 1210//
f 1210// 445// 447//
f 1210// 447// 1211//
f 1211// 447// 451//
f 1211// 451// 1212//
f 1212// 451// 450//
f 1212// 450// 1204//
f 1206// 1213// 437//
f 437// 1213// 438//
f 1214// 448// 446//
f 1214// 446// 1215//
f 1215// 446// 444//
f 1215// 444// 1216//
f 1216// 444// 442//
f 1216// 442// 1217//
f 1217// 442// 440//
f 1217// 440// 1218//
f 1218// 440// 438//
f 1218// 438// 1213//
f 1219// 423// 424//
f 1219// 424// 1220//
f 1220// 424// 413//
f 1220// 413// 1221//
f 1221// 413// 412//
f 1221// 412// 1222//
f 1222// 412// 411//
f 1222// 411// 1223//
f 1223// 411// 405//
f 1223// 405// 1224//
f 1224// 405// 404//
f 1224// 404// 1225//
f 1225// 404// 448//
f 1225// 448// 1214//
f 1226// 432// 430//
f 1226// 430// 1227//
f 1227// 430// 429//
f 1227// 429// 1228//
f 1228// 429// 418//
f 1228// 418// 1229//
f 1229// 418// 417//
f 1229// 417// 1230//
f 1230// 417// 415//
f 1230// 415// 1231//
f 1231// 415// 414//
f 1231// 414// 1232//
f 1232// 414// 423//
f 1232// 423// 1219//
f 1233// 454// 453//
f 1233// 453// 1234//
f 1234// 453// 452//
f 1234// 452// 1235//
f 1235// 452// 436//
f 1235// 436// 1236//
f 1236// 436// 435//
f 1236// 435// 1237//
f 1237// 435// 434//
f 1237// 434// 1238//
f 1238// 434// 433//
f 1238// 433// 1239//
f 1239// 433// 432//
f 1239// 432// 1226//
f 400// 402// 1240//
f 1240// 402// 1241//
f 402// 427// 1241//
f 1241// 427// 426//
f 1241// 426// 1242//
f 1242// 426// 425//
f 1242// 425// 1243//
f 1243// 425// 422//
f 1243// 422// 1244//
f 1244// 422// 420//
f 1244// 420// 1245//
f 1245// 420// 419//
f 1245// 419// 1246//
f 1246// 419// 454//
f 1246// 454// 1233//
f 400// 1240// 407//
f 407// 1240// 1247//
f 407// 1247// 408//
f 408// 1247// 1248//
f 408// 1248// 410//
f 410// 1248// 1202//
f 410// 1202// 428//
f 1233// 1206// 1207//
f 1203// 1202// 1248//
f 1233// 1234// 1206//
f 1206// 1234// 1249//
f 1206// 1249// 1213//
f 1213// 1249// 1250//
f 1203// 1248// 1205//
f 1205// 1248// 1247//
f 1205// 1247// 1204//
f 1204// 1247// 1240//
f 1204// 1240// 1212//
f 1212// 1240// 1241//
f 1212// 1241// 1211//
f 1211// 1241// 1242//
f 1211// 1242// 1210//
f 1210// 1242// 1243//
f 1210// 1243// 1209//
f 1209// 1243// 1244//
f 1209// 1244// 1208//
f 1208// 1244// 1245//
f 1208// 1245// 1207//
f 1207// 1245// 1246//
f 1207// 1246// 1233//
f 1250// 1251// 1213//
f 1213// 1251// 1252//
f 1213// 1252// 1218//
f 1218// 1252// 1253//
f 1218// 1253// 1217//
f 1217// 1253// 1254//
f 1217// 1254// 1216//
f 1216// 1254// 1255//
f 1216// 1255// 1215//
f 1215// 1255// 1256//
f 1215// 1256// 1214//
f 1214// 1256// 1257//
f 1214// 1257// 1225//
f 1225// 1257// 1258//
f 1225// 1258// 1224//
f 1224// 1258// 1259//
f 1224// 1259// 1223//
f 1223// 1259// 1260//
f 1223// 1260// 1222//
f 1222// 1260// 1261//
f 1222// 1261// 1221//
f 1221// 1261// 1262//
f 1221// 1262// 1220//
f 1220// 1262// 1263//
f 1220// 1263// 1219//
f 1219// 1263// 1264//
f 1219// 1264// 1232//
f 1232// 1264// 1265//
f 1232// 1265// 1231//
f 1231// 1265// 1266//
f 1231// 1266// 1230//
f 1230// 1266// 1267//
f 1230// 1267// 1229//
f 1229// 1267// 1268//
f 1229// 1268// 1228//
f 1228// 1268// 1269//
f 1228// 1269// 1227//
f 1227// 1269// 1270//
f 1227// 1270// 1226//
f 1226// 1270// 1271//
f 1226// 1271// 1239//
f 1239// 1271// 1272//
f 1239// 1272// 1238//
f 1238// 1272// 1273//
f 1238// 1273// 1237//
f 1237// 1273// 1274//
f 1237// 1274// 1236//
f 1236// 1274// 1275//
f 1236// 1275// 1235//
f 1235// 1275// 1276//
f 1235// 1276// 1234//
f 1234// 1276// 1277//
f 1234// 1277// 1249//
f 1249// 1278// 1279//
f 1249// 1279// 1250//
f 1250// 1279// 1280//
f 1250// 1280// 1251//
f 1251// 1280// 1281//
f 1251// 1281// 1252//
f 1252// 1281// 1282//
f 1252// 1282// 1253//
f 1253// 1282// 1283//
f 1253// 1283// 1254//
f 1254// 1283// 1284//
f 1254// 1284// 1255//
f 1255// 1284// 1285//
f 1255// 1285// 1256//
f 1256// 1285// 1286//
f 1256// 1286// 1257//
f 1257// 1286// 1287//
f 1257// 1287// 1258//
f 1258// 1287// 1288//
f 1258// 1288// 1259//
f 1259// 1288// 1289//
f 1259// 1289// 1260//
f 1260// 1289// 1290//
f 1260// 1290// 1261//
f 1261// 1290// 1291//
f 1261// 1291// 1262//
f 1262// 1291// 1292//
f 1262// 1292// 1263//
f 1263// 1292// 1293//
f 1263// 1293// 1264//
f 1264// 1293// 1294//
f 1264// 1294// 1265//
f 1265// 1294// 1295//
f 1265// 1295// 1266//
f 1266// 1295// 1296//
f 1266// 1296// 1267//
f 1267// 1296// 1297//
f 1267// 1297// 1268//
f 1268// 1297// 1298//
f 1268// 1298// 1269//
f 1269// 1298// 1299//
f 1269// 1299// 1270//
f 1270// 1299// 1300//
f 1270// 1300// 1271//
f 1271// 1300// 1301//
f 1271// 1301// 1272//
f 1272// 1301// 1302//
f 1272// 1302// 1273//
f 1273// 1302// 1303//
f 1273// 1303// 1274//
f 1274// 1303// 1304//
f 1274// 1304// 1275//
f 1275// 1304// 1305//
f 1275// 1305// 1276//
f 1276// 1305// 1306//
f 1276// 1306// 1277//
f 1277// 1306// 1278//
f 1277// 1278// 1249//
usemtl 1
f 1301// 1286// 1285//
f 1279// 1278// 1285//
f 1300// 1294// 1301//
f 1301// 1294// 1293//
f 1301// 1293// 1292//
f 1279// 1285// 1280//
f 1283// 1282// 1281//
f 1292// 1291// 1301//
f 1301// 1291// 1290//
f 1301// 1290// 1289//
f 1289// 1288// 1301//
f 1301// 1288// 1287//
f 1301// 1287// 1286//
f 1278// 1306// 1285//
f 1285// 1306// 1305//
f 1285// 1305// 1304//
f 1304// 1303// 1285//
f 1285// 1303// 1302//
f 1285// 1302// 1301//
f 1280// 1285// 1281//
f 1281// 1285// 1284//
f 1281// 1284// 1283//
f 1298// 1297// 1299//
f 1299// 1297// 1296//
f 1299// 1296// 1300//
f 1300// 1296// 1295//
f 1300// 1295// 1294//
usemtl 2
f 1307// 1308// 517//
f 517// 1308// 518//
f 1308// 1309// 518//
f 518// 1309// 519//
f 1309// 1310// 519//
f 519// 1310// 537//
f 1310// 1311// 537//
f 537// 1311// 538//
f 1311// 1312// 538//
f 538// 1312// 524//
f 1313// 533// 532//
f 1313// 532// 1314//
f 1314// 532// 531//
f 1314// 531// 1315//
f 1315// 531// 530//
f 1315// 530// 1316//
f 1316// 530// 529//
f 1316// 529// 1317//
f 1317// 529// 528//
f 1317// 528// 1318//
f 1318// 528// 527//
f 1318// 527// 1319//
f 1319// 527// 526//
f 1319// 526// 1320//
f 1320// 526// 524//
f 1320// 524// 1312//
f 1307// 517// 536//
f 1307// 536// 1321//
f 1321// 536// 535//
f 1321// 535// 1322//
f 1322// 535// 534//
f 1322// 534// 1323//
f 1323// 534// 523//
f 1323// 523// 1324//
f 1324// 523// 521//
f 1324// 521// 1325//
f 1325// 521// 520//
f 1325// 520// 1326//
f 1326// 520// 533//
f 1326// 533// 1313//
f 1327// 1328// 1308//
f 1308// 1328// 1329//
f 1308// 1329// 1330//
f 1309// 1308// 1310//
f 1310// 1308// 1330//
f 1310// 1330// 1311//
f 1311// 1330// 1331//
f 1311// 1331// 1312//
f 1327// 1308// 1332//
f 1332// 1308// 1307//
f 1332// 1307// 1321//
f 1321// 1322// 1332//
f 1332// 1322// 1323//
f 1332// 1323// 1333//
f 1333// 1323// 1324//
f 1333// 1324// 1334//
f 1334// 1324// 1325//
f 1334// 1325// 1335//
f 1335// 1325// 1326//
f 1335// 1326// 1336//
f 1336// 1326// 1313//
f 1336// 1313// 1337//
f 1337// 1313// 1314//
f 1337// 1314// 1338//
f 1338// 1314// 1315//
f 1338// 1315// 1339//
f 1339// 1315// 1316//
f 1339// 1316// 1340//
f 1340// 1316// 1317//
f 1340// 1317// 1341//
f 1341// 1317// 1318//
f 1341// 1318// 1342//
f 1342// 1318// 1319//
f 1342// 1319// 1343//
f 1343// 1319// 1320//
f 1343// 1320// 1344//
f 1344// 1320// 1312//
f 1344// 1312// 1345//
f 1345// 1312// 1331//
f 1345// 1331// 1346//
f 1346// 1331// 1347//
f 1345// 1346// 1348//
f 1345// 1348// 1344//
f 1344// 1348// 1349//
f 1344// 1349// 1343//
f 1343// 1349// 1350//
f 1343// 1350// 1342//
f 1342// 1350// 1351//
f 1342// 1351// 1341//
f 1341// 1351// 1352//
f 1341// 1352// 1340//
f 1340// 1352// 1353//
f 1340// 1353// 1339//
f 1339// 1353// 1354//
f 1339// 1354// 1338//
f 1338// 1354// 1355//
f 1338// 1355// 1337//
f 1337// 1355// 1356//
f 1337// 1356// 1336//
f 1336// 1356// 1357//
f 1336// 1357// 1335//
f 1335// 1357// 1358//
f 1335// 1358// 1334//
f 1334// 1358// 1359//
f 1334// 1359// 1333//
f 1333// 1359// 1360//
f 1333// 1360// 1332//
f 1332// 1360// 1361//
f 1332// 1361// 1327//
f 1327// 1361// 1362//
f 1327// 1362// 1328//
f 1328// 1362// 1363//
f 1328// 1363// 1329//
f 1330// 1329// 1364//
f 1364// 1329// 1363//
f 1331// 1330// 1347//
f 1347// 1330// 1364//
usemtl 1
f 1347// 1364// 1346//
f 1346// 1364// 1363//
f 1363// 1362// 1346//
f 1346// 1362// 1361//
f 1346// 1361// 1360//
f 1357// 1356// 1346//
f 1346// 1356// 1355//
f 1346// 1355// 1348//
f 1348// 1355// 1354//
f 1348// 1354// 1349//
f 1349// 1354// 1350//
f 1360// 1359// 1346//
f 1346// 1359// 1358//
f 1346// 1358// 1357//
f 1350// 1354// 1351//
f 1351// 1354// 1353//
f 1351// 1353// 1352//
usemtl 3
f 1365// 1366// 29//
f 29// 1366// 53//
f 1366// 1367// 53//
f 53// 1367// 8//
f 1367// 1368// 8//
f 8// 1368// 9//
f 1368// 1369// 9//
f 9// 1369// 10//
f 1369// 1370// 10//
f 10// 1370// 52//
f 1370// 1371// 52//
f 52// 1371// 6//
f 1371// 1372// 6//
f 6// 1372// 28//
f 1372// 1365// 28//
f 28// 1365// 29//
f 1373// 1374// 1372//
f 1371// 1370// 1369//
f 1374// 1375// 1372//
f 1372// 1375// 1376//
f 1372// 1376// 1365//
f 1365// 1376// 1377//
f 1365// 1377// 1378//
f 1372// 1371// 1373//
f 1373// 1371// 1369//
f 1373// 1369// 1379//
f 1379// 1369// 1368//
f 1378// 1380// 1365//
f 1365// 1380// 1379//
f 1365// 1379// 1366//
f 1366// 1379// 1368//
f 1366// 1368// 1367//
f 1373// 1379// 1381//
f 1381// 1379// 1382//
f 1374// 1373// 1383//
f 1383// 1373// 1381//
f 1374// 1383// 1384//
f 1374// 1384// 1375//
f 1375// 1384// 1385//
f 1375// 1385// 1376//
f 1377// 1376// 1386//
f 1386// 1376// 1385//
f 1377// 1386// 1387//
f 1377// 1387// 1378//
f 1378// 1387// 1388//
f 1378// 1388// 1380//
f 1379// 1380// 1382//
f 1382// 1380// 1388//
f 1389// 1390// 45//
f 45// 1390// 55//
f 1390// 1391// 55//
f 55// 1391// 48//
f 1391// 1392// 48//
f 48// 1392// 47//
f 1393// 5// 1394//
f 1393// 1394// 1395//
f 1395// 1394// 1396//
f 1395// 1396// 1397//
f 1397// 1396// 1398//
f 1397// 1398// 1399//
f 1399// 1398// 1400//
f 1399// 1400// 1401//
f 1401// 1400// 1402//
f 1401// 1402// 1403//
f 1403// 1402// 1404//
f 1403// 1404// 1405//
f 1405// 1404// 47//
f 1405// 47// 1392//
f 1389// 45// 1406//
f 1389// 1406// 1407//
f 1407// 1406// 1408//
f 1407// 1408// 1409//
f 1409// 1408// 1410//
f 1409// 1410// 1411//
f 1411// 1410// 1412//
f 1411// 1412// 1413//
f 1413// 1412// 1414//
f 1413// 1414// 1415//
f 1415// 1414// 1416//
f 1415// 1416// 1417//
f 1417// 1416// 5//
f 1417// 5// 1393//
f 1418// 1393// 1419//
f 1419// 1393// 1395//
f 1419// 1395// 1420//
f 1420// 1395// 1397//
f 1420// 1397// 1421//
f 1421// 1397// 1399//
f 1421// 1399// 1422//
f 1422// 1399// 1401//
f 1422// 1401// 1423//
f 1423// 1401// 1403//
f 1423// 1403// 1424//
f 1424// 1403// 1405//
f 1424// 1405// 1425//
f 1425// 1405// 1392//
f 1425// 1392// 1426//
f 1426// 1392// 1391//
f 1426// 1391// 1427//
f 1427// 1391// 1390//
f 1427// 1390// 1428//
f 1428// 1390// 1389//
f 1428// 1389// 1429//
f 1429// 1389// 1407//
f 1429// 1407// 1430//
f 1430// 1407// 1409//
f 1430// 1409// 1431//
f 1431// 1409// 1411//
f 1431// 1411// 1432//
f 1432// 1411// 1413//
f 1432// 1413// 1433//
f 1433// 1413// 1415//
f 1433// 1415// 1434//
f 1434// 1415// 1417//
f 1434// 1417// 1418//
f 1418// 1417// 1393//
f 1425// 1426// 1435//
f 1435// 1426// 1436//
f 1425// 1435// 1437//
f 1425// 1437// 1424//
f 1424// 1437// 1438//
f 1424// 1438// 1423//
f 1423// 1438// 1439//
f 1423// 1439// 1422//
f 1422// 1439// 1440//
f 1422// 1440// 1421//
f 1421// 1440// 1441//
f 1421// 1441// 1420//
f 1420// 1441// 1442//
f 1420// 1442// 1419//
f 1419// 1442// 1443//
f 1419// 1443// 1418//
f 1418// 1443// 1444//
f 1418// 1444// 1434//
f 1434// 1444// 1445//
f 1434// 1445// 1433//
f 1433// 1445// 1446//
f 1433// 1446// 1432//
f 1432// 1446// 1447//
f 1432// 1447// 1431//
f 1431// 1447// 1448//
f 1431// 1448// 1430//
f 1430// 1448// 1449//
f 1430// 1449// 1429//
f 1429// 1449// 1450//
f 1429// 1450// 1428//
f 1427// 1428// 1451//
f 1451// 1428// 1450//
f 1426// 1427// 1436//
f 1436// 1427// 1451//
f 1452// 1453// 54//
f 54// 1453// 39//
f 1453// 1454// 39//
f 39// 1454// 40//
f 1454// 1455// 40//
f 40// 1455// 42//
f 1455// 1456// 42//
f 42// 1456// 88//
f 1456// 1457// 88//
f 88// 1457// 32//
f 1457// 1458// 32//
f 32// 1458// 30//
f 1458// 1459// 30//
f 30// 1459// 31//
f 1459// 1460// 31//
f 31// 1460// 33//
f 1460// 1461// 33//
f 33// 1461// 34//
f 1461// 1462// 34//
f 34// 1462// 35//
f 1462// 1463// 35//
f 35// 1463// 36//
f 1463// 1452// 36//
f 36// 1452// 54//
f 1454// 1453// 1452//
f 1452// 1463// 1454//
f 1454// 1463// 1462//
f 1454// 1462// 1455//
f 1457// 1456// 1458//
f 1458// 1456// 1455//
f 1458// 1455// 1459//
f 1459// 1455// 1462//
f 1459// 1462// 1460//
f 1460// 1462// 1461//
f 1464// 1465// 86//
f 86// 1465// 87//
f 87// 1465// 1466//
f 1467// 85// 1468//
f 1467// 1468// 1469//
f 1469// 1468// 1470//
f 1469// 1470// 1466//
f 1466// 1470// 89//
f 1466// 89// 87//
f 85// 1467// 1471//
f 1471// 1467// 1472//
f 1471// 1472// 1473//
f 1473// 1472// 1474//
f 1473// 1474// 1475//
f 1475// 1474// 1476//
f 1475// 1476// 1477//
f 1477// 1476// 1478//
f 1477// 1478// 1479//
f 1479// 1478// 1480//
f 1479// 1480// 1481//
f 1481// 1480// 1482//
f 1481// 1482// 1483//
f 1483// 1482// 1484//
f 1483// 1484// 142//
f 1485// 131// 1486//
f 1485// 1486// 1487//
f 1487// 1486// 1488//
f 1487// 1488// 1489//
f 1489// 1488// 1490//
f 1489// 1490// 1491//
f 1491// 1490// 1492//
f 1491// 1492// 1493//
f 1493// 1492// 1494//
f 1493// 1494// 1495//
f 1495// 1494// 1496//
f 1495// 1496// 1497//
f 1497// 1496// 142//
f 1497// 142// 1484//
f 1498// 98// 132//
f 1498// 132// 1499//
f 1499// 132// 131//
f 1499// 131// 1485//
f 1498// 1500// 98//
f 98// 1500// 97//
f 1501// 94// 96//
f 1501// 96// 1502//
f 1502// 96// 97//
f 1502// 97// 1500//
f 1503// 111// 110//
f 1503// 110// 1504//
f 1504// 110// 109//
f 1504// 109// 1505//
f 1505// 109// 108//
f 1505// 108// 1506//
f 1506// 108// 107//
f 1506// 107// 1507//
f 1507// 107// 106//
f 1507// 106// 1508//
f 1508// 106// 105//
f 1508// 105// 1509//
f 1509// 105// 94//
f 1509// 94// 1501//
f 1510// 114// 1511//
f 1510// 1511// 1512//
f 1512// 1511// 1513//
f 1512// 1513// 1514//
f 1514// 1513// 1515//
f 1514// 1515// 1516//
f 1516// 1515// 1517//
f 1516// 1517// 1518//
f 1518// 1517// 1519//
f 1518// 1519// 1520//
f 1520// 1519// 112//
f 1520// 112// 1521//
f 1521// 112// 111//
f 1521// 111// 1503//
f 1464// 86// 95//
f 1464// 95// 1522//
f 1522// 95// 119//
f 1522// 119// 1523//
f 1523// 119// 114//
f 1523// 114// 1510//
f 1512// 1467// 1510//
f 1510// 1467// 1469//
f 1510// 1469// 1523//
f 1523// 1469// 1466//
f 1523// 1466// 1522//
f 1522// 1466// 1465//
f 1522// 1465// 1464//
f 1500// 1498// 1502//
f 1502// 1498// 1499//
f 1502// 1499// 1501//
f 1501// 1499// 1485//
f 1501// 1485// 1509//
f 1509// 1485// 1487//
f 1509// 1487// 1508//
f 1508// 1487// 1489//
f 1508// 1489// 1507//
f 1507// 1489// 1491//
f 1507// 1491// 1506//
f 1506// 1491// 1493//
f 1506// 1493// 1505//
f 1505// 1493// 1495//
f 1505// 1495// 1504//
f 1504// 1495// 1497//
f 1504// 1497// 1503//
f 1503// 1497// 1484//
f 1503// 1484// 1521//
f 1521// 1484// 1482//
f 1521// 1482// 1520//
f 1520// 1482// 1480//
f 1520// 1480// 1518//
f 1518// 1480// 1478//
f 1518// 1478// 1516//
f 1516// 1478// 1476//
f 1516// 1476// 1514//
f 1514// 1476// 1474//
f 1514// 1474// 1512//
f 1512// 1474// 1472//
f 1512// 1472// 1467//
f 1524// 1525// 137//
f 137// 1525// 135//
f 1525// 1526// 135//
f 135// 1526// 122//
f 1526// 1527// 122//
f 122// 1527// 123//
f 1527// 1528// 123//
f 123// 1528// 125//
f 1528// 1529// 125//
f 125// 1529// 139//
f 1529// 1524// 139//
f 139// 1524// 137//
f 1528// 1527// 1529//
f 1529// 1527// 1526//
f 1529// 1526// 1524//
f 1524// 1526// 1525//
usemtl 1
f 1381// 1382// 1383//
f 1383// 1382// 1388//
f 1383// 1388// 1384//
f 1384// 1388// 1387//
f 1384// 1387// 1385//
f 1385// 1387// 1386//
f 1435// 1436// 1451//
f 1444// 1443// 1435//
f 1444// 1435// 1445//
f 1443// 1442// 1435//
f 1435// 1442// 1441//
f 1435// 1441// 1437//
f 1451// 1450// 1435//
f 1435// 1450// 1449//
f 1435// 1449// 1448//
f 1440// 1439// 1441//
f 1441// 1439// 1438//
f 1441// 1438// 1437//
f 1448// 1447// 1435//
f 1435// 1447// 1446//
f 1435// 1446// 1445//
usemtl 3
f 62// 1530// 63//
f 63// 1530// 1531//
f 1530// 62// 61//
f 157// 1532// 61//
f 61// 1532// 1533//
f 61// 1533// 1530//
f 63// 1531// 64//
f 64// 1531// 1534//
f 64// 1534// 156//
f 156// 1534// 1535//
f 1535// 1532// 156//
f 156// 1532// 157//
f 1532// 1535// 1533//
f 1533// 1535// 1534//
f 1531// 1530// 1534//
f 1534// 1530// 1533//
f 13// 1536// 17//
f 17// 1536// 1537//
f 17// 1537// 15//
f 15// 1537// 1538//
f 15// 1538// 151//
f 151// 1538// 1539//
f 1536// 13// 27//
f 150// 1540// 27//
f 27// 1540// 1541//
f 27// 1541// 1536//
f 1539// 1540// 151//
f 151// 1540// 150//
f 1540// 1539// 1541//
f 1541// 1539// 1538//
f 1541// 1538// 1536//
f 1536// 1538// 1537//
f 58// 1542// 59//
f 59// 1542// 1543//
f 59// 1543// 60//
f 60// 1543// 1544//
f 60// 1544// 159//
f 159// 1544// 1545//
f 1542// 58// 57//
f 158// 1546// 57//
f 57// 1546// 1547//
f 57// 1547// 1542//
f 159// 1545// 158//
f 158// 1545// 1546//
f 1546// 1545// 1547//
f 1547// 1545// 1544//
f 1547// 1544// 1542//
f 1542// 1544// 1543//
f 74// 1548// 77//
f 77// 1548// 1549//
f 1548// 74// 73//
f 153// 1550// 73//
f 73// 1550// 1551//
f 73// 1551// 1548//
f 77// 1549// 78//
f 78// 1549// 1552//
f 78// 1552// 155//
f 155// 1552// 1553//
f 1553// 1550// 155//
f 155// 1550// 153//
f 1550// 1553// 1551//
f 1551// 1553// 1552//
f 1549// 1548// 1552//
f 1552// 1548// 1551//
f 93// 1554// 124//
f 124// 1554// 1555//
f 1554// 93// 92//
f 146// 1556// 92//
f 92// 1556// 1557//
f 92// 1557// 1554//
f 124// 1555// 99//
f 99// 1555// 1558//
f 99// 1558// 147//
f 147// 1558// 1559//
f 147// 1559// 146//
f 146// 1559// 1556//
f 1556// 1559// 1557//
f 1557// 1559// 1558//
f 1555// 1554// 1558//
f 1558// 1554// 1557//
f 18// 1560// 1//
f 1// 1560// 1561//
f 1// 1561// 2//
f 2// 1561// 1562//
f 2// 1562// 145//
f 145// 1562// 1563//
f 1560// 18// 16//
f 149// 1564// 16//
f 16// 1564// 1565//
f 16// 1565// 1560//
f 1563// 1564// 145//
f 145// 1564// 149//
f 1564// 1563// 1565//
f 1565// 1563// 1562//
f 1565// 1562// 1560//
f 1560// 1562// 1561//
