Building 1 file(s)...
Building index.circuit.tsx...
Generating circuit JSON...
Wrote debug artifact: evidence/rev-0.0.17-alpha.0/released-router-diagnostics/phase-0.input.simple-route.json
Autorouting phase 1/1 has been running for 10.2s; enabling phase diagnostics. Re-run with --autorouter-debug for full autorouter logs from the start.
Autorouting <board#656 /> phase 1/1 long-running start: connections=82, obstacles=595, previous_traces=0, router=tscircuit, solver=AutoroutingPipelineSolver9_PreloadedTraceGraph, effort=5x, cache=miss, cache_id=0f4f0038/eb5f754f
  connections: net.GND, net.V3V3, net.NRST, net.I2C_SCL, net.I2C_SDA, net.CAN_TX, net.CAN_RX, net.CAN_H, net.CAN_L, net.BUCK_SW, net.BUCK_BST, net.VM, net.TMC_ENABLE_N, net.TMC_STEP, net.TMC_DIR, net.TMC_DIAG, net.TMC_UART_TX, net.TMC_UART_RX, net.TMC_CPO, net.TMC_CPI, net.TMC_VCP, net.TMC_5VOUT, net.TMC_VREF, net.TMC_SENSE_A, net.TMC_SENSE_B, net.MOTOR_A1, net.MOTOR_A2, net.MOTOR_B1, net.MOTOR_B2, net.VBUS_CONN, net.VBUS_PROTECTED, net.USB_DP, net.USB_DM, net.PD_CC1_CONN, net.PD_CC2_CONN, net.PD_CC1_MCU, net.PD_CC2_MCU, net.PD_GATE, net.PD_OVP_SERIES, net.PD_OVP, net.PD_DB, net.PD_FLT, net.VBUS_DIV, net.VBUS_ADC, net.SWDIO_GUARDED, net.SWCLK_GUARDED, net.NRST_GUARDED, net.SWDIO, net.SWCLK, net.SWDIO_CONN, net.SWCLK_CONN, net.NRST_CONN, net.POWER_GOOD, net.VBUS_ADC_PRE_GUARD, net.TEMP_ALERT_N, net.EXT_STEP_CONN, net.EXT_DIR_CONN, net.EXT_ENABLE_N_CONN, net.EXT_STEP, net.EXT_DIR, net.EXT_ENABLE_N, net.LIMIT1_CONN, net.LIMIT2_CONN, net.LIMIT1, net.LIMIT2, net.LED_POWER_A, net.LED_STATUS_A, net.LED_FAULT_A, net.LED_STATUS_DRIVE, net.LED_FAULT_DRIVE, net.CAN_RS, net.EFUSE_FLT_N, net.POWER_HIGH_CURRENT, net.EFUSE_EN, net.EFUSE_OVP_TOP_1, net.EFUSE_OVP_TOP_2, net.EFUSE_OVP, net.EFUSE_ILIM, net.EFUSE_ILIM_SWITCH, net.EFUSE_DVDT, net.EFUSE_RTN, net.CAN_TERM_LINK
  phase 1/1 progress: solver=AutoroutingPipelineSolver9_PreloadedTraceGraph solver_phase=portPointPathingSolver steps=20 progress=44% iterations_per_second=298340 elapsed=10.2s
  phase 1/1 progress: solver=AutoroutingPipelineSolver9_PreloadedTraceGraph solver_phase=portPointPathingSolver steps=21 progress=44% iterations_per_second=276312 elapsed=10.5s
  phase 1/1 progress: solver=AutoroutingPipelineSolver9_PreloadedTraceGraph solver_phase=highDensityRouteSolver steps=53 progress=52% iterations_per_second=840 elapsed=20.8s
  phase 1/1 progress: solver=AutoroutingPipelineSolver9_PreloadedTraceGraph solver_phase=highDensityRouteSolver steps=84 progress=52% iterations_per_second=3240 elapsed=31.0s
  phase 1/1 progress: solver=AutoroutingPipelineSolver9_PreloadedTraceGraph solver_phase=highDensityRouteSolver steps=118 progress=52% iterations_per_second=2216 elapsed=41.3s
  phase 1/1 progress: solver=AutoroutingPipelineSolver9_PreloadedTraceGraph solver_phase=highDensityRouteSolver steps=151 progress=53% iterations_per_second=2584 elapsed=51.5s
  phase 1/1 progress: solver=AutoroutingPipelineSolver9_PreloadedTraceGraph solver_phase=highDensityRouteSolver steps=184 progress=53% iterations_per_second=2992 elapsed=61.7s
  phase 1/1 progress: solver=AutoroutingPipelineSolver9_PreloadedTraceGraph solver_phase=highDensityRouteSolver steps=215 progress=53% iterations_per_second=2968 elapsed=71.9s
  phase 1/1 progress: solver=AutoroutingPipelineSolver9_PreloadedTraceGraph solver_phase=highDensityRouteSolver steps=248 progress=53% iterations_per_second=3532 elapsed=82.1s
  phase 1/1 progress: solver=AutoroutingPipelineSolver9_PreloadedTraceGraph solver_phase=highDensityRouteSolver steps=281 progress=53% iterations_per_second=9892 elapsed=92.3s
  phase 1/1 progress: solver=AutoroutingPipelineSolver9_PreloadedTraceGraph solver_phase=highDensityRouteSolver steps=314 progress=53% iterations_per_second=3672 elapsed=102.5s
  phase 1/1 progress: solver=AutoroutingPipelineSolver9_PreloadedTraceGraph solver_phase=highDensityRouteSolver steps=345 progress=53% iterations_per_second=13433 elapsed=112.8s
  phase 1/1 progress: solver=AutoroutingPipelineSolver9_PreloadedTraceGraph solver_phase=highDensityRouteSolver steps=374 progress=53% iterations_per_second=12820 elapsed=123.1s
  phase 1/1 progress: solver=AutoroutingPipelineSolver9_PreloadedTraceGraph solver_phase=highDensityRouteSolver steps=402 progress=53% iterations_per_second=3528 elapsed=133.2s
  phase 1/1 progress: solver=AutoroutingPipelineSolver9_PreloadedTraceGraph solver_phase=highDensityRouteSolver steps=435 progress=54% iterations_per_second=4856 elapsed=143.4s
  phase 1/1 progress: solver=AutoroutingPipelineSolver9_PreloadedTraceGraph solver_phase=highDensityRouteSolver steps=468 progress=54% iterations_per_second=13084 elapsed=153.6s
  phase 1/1 progress: solver=AutoroutingPipelineSolver9_PreloadedTraceGraph solver_phase=highDensityRouteSolver steps=501 progress=55% iterations_per_second=2212 elapsed=163.9s
  phase 1/1 progress: solver=AutoroutingPipelineSolver9_PreloadedTraceGraph solver_phase=highDensityRouteSolver steps=533 progress=55% iterations_per_second=1776 elapsed=174.2s
  phase 1/1 progress: solver=AutoroutingPipelineSolver9_PreloadedTraceGraph solver_phase=highDensityRouteSolver steps=564 progress=55% iterations_per_second=2408 elapsed=184.3s
  phase 1/1 progress: solver=AutoroutingPipelineSolver9_PreloadedTraceGraph solver_phase=highDensityRouteSolver steps=597 progress=55% iterations_per_second=2756 elapsed=194.3s
  phase 1/1 progress: solver=AutoroutingPipelineSolver9_PreloadedTraceGraph solver_phase=highDensityRouteSolver steps=630 progress=55% iterations_per_second=9740 elapsed=204.6s
  phase 1/1 progress: solver=AutoroutingPipelineSolver9_PreloadedTraceGraph solver_phase=highDensityRouteSolver steps=657 progress=55% iterations_per_second=3 elapsed=214.9s
  phase 1/1 progress: solver=AutoroutingPipelineSolver9_PreloadedTraceGraph solver_phase=highDensityRouteSolver steps=687 progress=56% iterations_per_second=3436 elapsed=224.9s
  phase 1/1 progress: solver=AutoroutingPipelineSolver9_PreloadedTraceGraph solver_phase=highDensityRouteSolver steps=716 progress=56% iterations_per_second=11768 elapsed=235.0s
  phase 1/1 progress: solver=AutoroutingPipelineSolver9_PreloadedTraceGraph solver_phase=highDensityForceImproveSolver steps=745 progress=56% iterations_per_second=97 elapsed=245.5s
  phase 1/1 progress: solver=AutoroutingPipelineSolver9_PreloadedTraceGraph solver_phase=highDensityForceImproveSolver steps=754 progress=56% iterations_per_second=1 elapsed=353.4s
  phase 1/1 progress: solver=AutoroutingPipelineSolver9_PreloadedTraceGraph solver_phase=highDensityForceImproveSolver steps=757 progress=56% iterations_per_second=145 elapsed=364.6s
  phase 1/1 progress: solver=AutoroutingPipelineSolver9_PreloadedTraceGraph solver_phase=highDensityRepairSolver steps=773 progress=60% iterations_per_second=65 elapsed=374.8s
  phase 1/1 progress: solver=AutoroutingPipelineSolver9_PreloadedTraceGraph solver_phase=highDensityRepairSolver steps=783 progress=60% iterations_per_second=15 elapsed=385.3s
  phase 1/1 progress: solver=AutoroutingPipelineSolver9_PreloadedTraceGraph solver_phase=traceSimplificationSolver steps=808 progress=68% iterations_per_second=33 elapsed=396.0s
  phase 1/1 progress: solver=AutoroutingPipelineSolver9_PreloadedTraceGraph solver_phase=pipeline9JointDrcRepairSolver steps=830 progress=84% iterations_per_second=0 elapsed=410.3s
  phase 1/1 progress: solver=AutoroutingPipelineSolver9_PreloadedTraceGraph solver_phase=pipeline9JointDrcRepairSolver steps=844 progress=87% iterations_per_second=1 elapsed=428.7s
  phase 1/1 progress: solver=AutoroutingPipelineSolver9_PreloadedTraceGraph solver_phase=pipeline9JointDrcRepairSolver steps=871 progress=87% iterations_per_second=2760 elapsed=438.8s
  phase 1/1 progress: solver=AutoroutingPipelineSolver9_PreloadedTraceGraph solver_phase=pipeline9JointDrcRepairSolver steps=902 progress=87% iterations_per_second=193 elapsed=449.0s
  phase 1/1 progress: solver=AutoroutingPipelineSolver9_PreloadedTraceGraph solver_phase=pipeline9JointDrcRepairSolver steps=936 progress=87% iterations_per_second=1516 elapsed=459.2s
  phase 1/1 progress: solver=AutoroutingPipelineSolver9_PreloadedTraceGraph solver_phase=pipeline9JointDrcRepairSolver steps=959 progress=87% iterations_per_second=2 elapsed=469.5s
  phase 1/1 progress: solver=AutoroutingPipelineSolver9_PreloadedTraceGraph solver_phase=effortCleanupSolver steps=982 progress=88% iterations_per_second=5524 elapsed=479.8s
  phase 1/1 progress: solver=AutoroutingPipelineSolver9_PreloadedTraceGraph solver_phase=effortCleanupSolver steps=1010 progress=88% iterations_per_second=652 elapsed=490.4s
  phase 1/1 progress: solver=AutoroutingPipelineSolver9_PreloadedTraceGraph solver_phase=effortCleanupSolver steps=1039 progress=88% iterations_per_second=3892 elapsed=500.6s
  phase 1/1 progress: solver=AutoroutingPipelineSolver9_PreloadedTraceGraph solver_phase=powerTraceExpansionSolver steps=1067 progress=96% iterations_per_second=222100 elapsed=510.7s
  phase 1/1 progress: solver=AutoroutingPipelineSolver9_PreloadedTraceGraph solver_phase=powerTraceExpansionSolver steps=1101 progress=96% iterations_per_second=267456 elapsed=520.9s
  phase 1/1 progress: solver=AutoroutingPipelineSolver9_PreloadedTraceGraph solver_phase=powerTraceExpansionSolver steps=1135 progress=96% iterations_per_second=128244 elapsed=531.1s
  phase 1/1 progress: solver=AutoroutingPipelineSolver9_PreloadedTraceGraph solver_phase=powerTraceExpansionSolver steps=1169 progress=96% iterations_per_second=123820 elapsed=541.2s
  phase 1/1 progress: solver=AutoroutingPipelineSolver9_PreloadedTraceGraph solver_phase=powerTraceExpansionSolver steps=1203 progress=96% iterations_per_second=127996 elapsed=551.4s
  phase 1/1 progress: solver=AutoroutingPipelineSolver9_PreloadedTraceGraph solver_phase=powerTraceExpansionSolver steps=1237 progress=100% iterations_per_second=38639 elapsed=561.6s
  phase 1/1 progress: solver=AutoroutingPipelineSolver9_PreloadedTraceGraph solver_phase=powerTraceExpansionSolver steps=1269 progress=100% iterations_per_second=1862 elapsed=571.7s
  phase 1/1 done: routed_traces=289, jumpers=0, errors=0, elapsed=579.8s
Wrote debug artifact: evidence/rev-0.0.17-alpha.0/released-router-diagnostics/phase-0.output.traces.json
Could not save autorouting paths for subcircuit_source_group_1: PCB port selector is not unique: .Q_ILIM > port.pin2
Wrote debug artifact: evidence/rev-0.0.17-alpha.0/released-router-diagnostics/board.meta.json
Circuit JSON written to dist/index/circuit.json
The "J" prefix is being used with a <chip />, try using it with a <connector /> or <jumper />
The "Q" prefix is being used with a <chip />, try using it with a <transistor />
The "J" prefix is being used with a <chip />, try using it with a <connector /> or <jumper />
The "J" prefix is being used with a <chip />, try using it with a <connector /> or <jumper />
The "Q" prefix is being used with a <chip />, try using it with a <transistor />
All pins on Q_PD are underspecified (no pinAttributes set)
All pins on D_VBUS are underspecified (no pinAttributes set)
All pins on J_IO are underspecified (no pinAttributes set)
All pins on J_MOTOR are underspecified (no pinAttributes set)
All pins on D_CAN are underspecified (no pinAttributes set)
All pins on Q_ILIM are underspecified (no pinAttributes set)
U4 has no pin with requires_power=true
U2 has no pin with requires_power=true
J_USB has no pin with requires_power=true
Q_PD has no pin with requires_power=true
D_USB has no pin with requires_power=true
D_VBUS has no pin with requires_power=true
J_IO has no pin with requires_power=true
J_MOTOR has no pin with requires_power=true
U9 has no pin with requires_power=true
D_IO1 has no pin with requires_power=true
D_IO2 has no pin with requires_power=true
D_CAN has no pin with requires_power=true
U10 has no pin with requires_power=true
Q_ILIM has no pin with requires_power=true
J_USB has no pin with requires_ground=true
Q_PD has no pin with requires_ground=true
D_VBUS has no pin with requires_ground=true
J_IO has no pin with requires_ground=true
J_MOTOR has no pin with requires_ground=true
D_CAN has no pin with requires_ground=true
Q_ILIM has no pin with requires_ground=true
Q_PD is missing schematic reference designator text. For a custom symbol, add name="{REFDES}" inside the symbol.
D_USB is missing schematic reference designator text. For a custom symbol, add name="{REFDES}" inside the symbol.
D_VBUS is missing schematic reference designator text. For a custom symbol, add name="{REFDES}" inside the symbol.
D_CAN is missing schematic reference designator text. For a custom symbol, add name="{REFDES}" inside the symbol.
Q_ILIM is missing schematic reference designator text. For a custom symbol, add name="{REFDES}" inside the symbol.
Port [U3.CC2c] is not connected to net [PD_CC2_CONN] by a PCB trace.
PCB trace .J_USB > .DP2 to .D_USB > .pin1 overlaps with .L1 > .pin1 to net.BUCK_SW (accidental contact)
PCB trace .J_USB > .DN1 to .D_USB > .pin2 overlaps with .L1 > .pin1 to net.BUCK_SW (accidental contact)
PCB trace .D_USB > .pin1 to .U1 > .PA12_PA10_ overlaps with pcb_via "unnamed via" (accidental contact)
PCB trace .D_USB > .pin1 to .U1 > .PA12_PA10_ overlaps with pcb_via "unnamed via" (accidental contact)
PCB trace .D_USB > .pin1 to .U1 > .PA12_PA10_ overlaps with pcb_via "unnamed via" (accidental contact)
PCB trace .D_USB > .pin1 to .U1 > .PA12_PA10_ is too close to .U1 > .PB8 to net.I2C_SCL (gap: 0.095mm)
PCB trace .D_USB > .pin1 to .U1 > .PA12_PA10_ overlaps with pcb_via "unnamed via" (accidental contact)
PCB trace .D_USB > .pin1 to .U1 > .PA12_PA10_ overlaps with pcb_via "unnamed via" (accidental contact)
PCB trace .D_USB > .pin2 to .U1 > .PA11_PA9_ overlaps with pcb_via "unnamed via" (accidental contact)
PCB trace .D_USB > .pin2 to .U1 > .PA11_PA9_ overlaps with pcb_via "unnamed via" (accidental contact)
PCB trace .D_USB > .pin2 to .U1 > .PA11_PA9_ overlaps with pcb_via "unnamed via" (accidental contact)
PCB trace .D_USB > .pin2 to .U1 > .PA11_PA9_ is too close to .U1 > .PC7 to net.LED_FAULT_DRIVE (gap: 0.076mm)
PCB trace .D_USB > .pin2 to .U1 > .PA11_PA9_ overlaps with pcb_via "unnamed via" (accidental contact)
PCB trace .J_USB > .DP1 to .J_USB > .DP2 overlaps with .L1 > .pin1 to net.BUCK_SW (accidental contact)
PCB trace .J_USB > .DP1 to .J_USB > .DP2 overlaps with pcb_via "unnamed via" (accidental contact)
PCB trace .J_USB > .DN2 to .J_USB > .DN1 is too close to .L1 > .pin1 to net.BUCK_SW (gap: 0.071mm)
PCB trace .R43 > .pin2 to net.EFUSE_RTN is too close to .R42 > .pin2 to net.EFUSE_OVP (gap: 0.070mm)
PCB trace .U10 > .MODE to net.EFUSE_RTN is too close to .U1 > .PB14 to net.POWER_HIGH_CURRENT (gap: 0.091mm)
PCB trace .U10 > .MODE to net.EFUSE_RTN overlaps with pcb_via "unnamed via" (accidental contact)
PCB trace .U10 > .dVdT to net.EFUSE_DVDT is too close to .C14 > .pin2 to net.VM (gap: 0.094mm)
PCB trace .U10 > .ILIM to net.EFUSE_ILIM overlaps with pcb_via "unnamed via" (accidental contact)
PCB trace .U10 > .ILIM to net.EFUSE_ILIM overlaps with pcb_via "unnamed via" (accidental contact)
PCB trace .R42 > .pin2 to net.EFUSE_OVP overlaps with pcb_smtpad "U10.N_C10" (accidental contact)
PCB trace .R42 > .pin2 to net.EFUSE_OVP is too close to .U10 > .IN2 to net.VBUS_PROTECTED (gap: 0.056mm)
PCB trace .R42 > .pin2 to net.EFUSE_OVP overlaps with pcb_via "unnamed via" (accidental contact)
PCB trace .R42 > .pin2 to net.EFUSE_OVP overlaps with .U10 > .UVLO to net.EFUSE_EN (accidental contact)
PCB trace .U10 > .OVP to net.EFUSE_OVP is too close to .J_USB > .GND2 to net.GND (gap: 0.063mm)
PCB trace .U10 > .OVP to net.EFUSE_OVP overlaps with .R7 > .pin1 to net.V3V3 (accidental contact)
PCB trace .U10 > .OVP to net.EFUSE_OVP overlaps with pcb_via "unnamed via" (accidental contact)
PCB trace .U10 > .OVP to net.EFUSE_OVP overlaps with pcb_via "unnamed via" (accidental contact)
PCB trace .U10 > .OVP to net.EFUSE_OVP overlaps with .U10 > .UVLO to net.EFUSE_EN (accidental contact)
PCB trace .U10 > .OVP to net.EFUSE_OVP is too close to .U10 > .IN2 to net.VBUS_PROTECTED (gap: 0.089mm)
PCB trace .U10 > .OVP to net.EFUSE_OVP overlaps with pcb_via "unnamed via" (accidental contact)
PCB trace .U10 > .OVP to net.EFUSE_OVP overlaps with pcb_via "unnamed via" (accidental contact)
PCB trace .U10 > .OVP to net.EFUSE_OVP overlaps with pcb_via "unnamed via" (accidental contact)
PCB trace .R41 > .pin2 to net.EFUSE_OVP_TOP_2 overlaps with .C3 > .pin1 to net.V3V3 (accidental contact)
PCB trace .R41 > .pin2 to net.EFUSE_OVP_TOP_2 overlaps with pcb_smtpad "C3.pin2" (accidental contact)
PCB trace .R40 > .pin2 to net.EFUSE_OVP_TOP_1 overlaps with .Q_ILIM > .G to net.POWER_HIGH_CURRENT (accidental contact)
PCB trace .U10 > .UVLO to net.EFUSE_EN overlaps with .U10 > .IN1 to net.VBUS_PROTECTED (accidental contact)
PCB trace .U10 > .UVLO to net.EFUSE_EN is too close to .J_USB > .GND2 to net.GND (gap: 0.052mm)
PCB trace .U10 > .UVLO to net.EFUSE_EN overlaps with pcb_smtpad "U10.IN2" (accidental contact)
PCB trace .U10 > .UVLO to net.EFUSE_EN is too close to .U1 > .PB12 to net.PD_DB (gap: 0.061mm)
PCB trace .U10 > .UVLO to net.EFUSE_EN overlaps with pcb_via "unnamed via" (accidental contact)
PCB trace .U10 > .UVLO to net.EFUSE_EN overlaps with .U10 > .IN2 to net.VBUS_PROTECTED (accidental contact)
PCB trace .Q_ILIM > .G to net.POWER_HIGH_CURRENT overlaps with pcb_via "unnamed via" (accidental contact)
PCB trace .U1 > .PB14 to net.POWER_HIGH_CURRENT overlaps with pcb_via "unnamed via" (accidental contact)
PCB trace .U1 > .PB14 to net.POWER_HIGH_CURRENT is too close to .U1 > .PC7 to net.LED_FAULT_DRIVE (gap: 0.075mm)
PCB trace .U1 > .PB14 to net.POWER_HIGH_CURRENT overlaps with pcb_via "unnamed via" (accidental contact)
PCB trace .U1 > .PB14 to net.POWER_HIGH_CURRENT overlaps with pcb_smtpad "C15.pin2" (accidental contact)
PCB trace .U1 > .PB14 to net.POWER_HIGH_CURRENT is too close to .U2 > .MS2_AD1 to net.GND (gap: 0.086mm)
PCB trace .U1 > .PB14 to net.POWER_HIGH_CURRENT is too close to .U2 > .MS2_AD1 to net.GND (gap: 0.091mm)
PCB trace .U10 > .N_FLT to net.EFUSE_FLT_N is too close to .R14 > .pin2 to net.PD_OVP (gap: 0.087mm)
PCB trace .U10 > .N_FLT to net.EFUSE_FLT_N overlaps with pcb_via "unnamed via" (accidental contact)
PCB trace .U10 > .N_FLT to net.EFUSE_FLT_N overlaps with .U7 > .D2 to net.SWCLK_GUARDED (accidental contact)
PCB trace .U10 > .N_FLT to net.EFUSE_FLT_N overlaps with pcb_smtpad "R18.pin1" (accidental contact)
PCB trace .U1 > .PC7 to net.LED_FAULT_DRIVE overlaps with pcb_via "unnamed via" (accidental contact)
PCB trace .U1 > .PC7 to net.LED_FAULT_DRIVE overlaps with pcb_via "unnamed via" (accidental contact)
PCB trace .U1 > .PC7 to net.LED_FAULT_DRIVE is too close to .J_IO > .pin2 to net.CAN_H (gap: 0.002mm)
PCB trace .U1 > .PC7 to net.LED_FAULT_DRIVE overlaps with pcb_via "unnamed via" (accidental contact)
PCB trace .U1 > .PC7 to net.LED_FAULT_DRIVE overlaps with pcb_via "unnamed via" (accidental contact)
PCB trace .U1 > .PC7 to net.LED_FAULT_DRIVE is too close to .U1 > .PB8 to net.I2C_SCL (gap: 0.093mm)
PCB trace .U1 > .PC6 to net.LED_STATUS_DRIVE overlaps with .U1 > .PA13 to net.SWDIO (accidental contact)
PCB trace .U1 > .PC6 to net.LED_STATUS_DRIVE overlaps with pcb_via "unnamed via" (accidental contact)
PCB trace .U1 > .PC6 to net.LED_STATUS_DRIVE overlaps with pcb_via "unnamed via" (accidental contact)
PCB trace .U1 > .PC6 to net.LED_STATUS_DRIVE overlaps with pcb_via "unnamed via" (accidental contact)
PCB trace .U1 > .PC6 to net.LED_STATUS_DRIVE overlaps with .C6 > .pin1 to net.V3V3 (accidental contact)
PCB trace .R37 > .pin2 to net.LED_FAULT_A overlaps with pcb_via "unnamed via" (accidental contact)
PCB trace .R37 > .pin2 to net.LED_FAULT_A overlaps with pcb_via "unnamed via" (accidental contact)
PCB trace .R37 > .pin2 to net.LED_FAULT_A overlaps with pcb_via "unnamed via" (accidental contact)
PCB trace .R36 > .pin2 to net.LED_STATUS_A overlaps with pcb_via "unnamed via" (accidental contact)
PCB trace .R36 > .pin2 to net.LED_STATUS_A is too close to .C6 > .pin2 to net.GND (gap: 0.077mm)
PCB trace .R35 > .pin2 to net.LED_POWER_A overlaps with .C6 > .pin1 to net.V3V3 (accidental contact)
PCB trace .R35 > .pin2 to net.LED_POWER_A overlaps with .R33 > .pin1 to net.V3V3 (accidental contact)
PCB trace .R35 > .pin2 to net.LED_POWER_A overlaps with pcb_via "unnamed via" (accidental contact)
PCB trace .R27 > .pin2 to net.LIMIT2 overlaps with pcb_via "unnamed via" (accidental contact)
PCB trace .R27 > .pin2 to net.LIMIT2 overlaps with pcb_via "unnamed via" (accidental contact)
PCB trace .U1 > .PB11 to net.LIMIT2 overlaps with .U1 > .PA6 to net.TMC_STEP (accidental contact)
PCB trace .U1 > .PB11 to net.LIMIT2 is too close to .U1 > .PB5 to net.CAN_RX (gap: 0.094mm)
PCB trace .U1 > .PB10 to net.LIMIT1 is too close to .D_IO1 > .D1_NEG to net.EXT_DIR_CONN (gap: 0.092mm)
PCB trace .U1 > .PB10 to net.LIMIT1 is too close to .D_IO1 > .D2_NEG to net.LIMIT1_CONN (gap: 0.054mm)
PCB trace .U1 > .PB10 to net.LIMIT1 is too close to .U1 > .PB2 to net.EXT_ENABLE_N (gap: 0.094mm)
PCB trace .J_IO > .pin9 to net.LIMIT2_CONN overlaps with pcb_via "unnamed via" (accidental contact)
PCB trace .D_IO2 > .D1_POS to net.LIMIT2_CONN overlaps with pcb_via "unnamed via" (accidental contact)
PCB trace .D_IO1 > .D2_NEG to net.LIMIT1_CONN overlaps with pcb_via "unnamed via" (accidental contact)
PCB trace .D_IO1 > .D2_NEG to net.LIMIT1_CONN overlaps with pcb_via "unnamed via" (accidental contact)
PCB trace .J_IO > .pin8 to net.LIMIT1_CONN overlaps with .U1 > .PB12 to net.PD_DB (accidental contact)
PCB trace .J_IO > .pin8 to net.LIMIT1_CONN overlaps with .U1 > .PA14_BOOT0 to net.SWCLK (accidental contact)
PCB trace .J_IO > .pin8 to net.LIMIT1_CONN is too close to .U1 > .PA13 to net.SWDIO (gap: 0.060mm)
PCB trace .J_IO > .pin8 to net.LIMIT1_CONN overlaps with .U1 > .PB2 to net.EXT_ENABLE_N (accidental contact)
PCB trace .U1 > .PB2 to net.EXT_ENABLE_N overlaps with pcb_via "unnamed via" (accidental contact)
PCB trace .U1 > .PB2 to net.EXT_ENABLE_N is too close to .U1 > .PA13 to net.SWDIO (gap: 0.036mm)
PCB trace .U1 > .PB2 to net.EXT_ENABLE_N overlaps with pcb_via "unnamed via" (accidental contact)
PCB trace .U1 > .PB1 to net.EXT_DIR overlaps with pcb_via "unnamed via" (accidental contact)
PCB trace .U1 > .PB0 to net.EXT_STEP overlaps with pcb_via "unnamed via" (accidental contact)
PCB trace .J_IO > .pin6 to net.EXT_DIR_CONN overlaps with pcb_via "unnamed via" (accidental contact)
PCB trace .D_IO1 > .D1_NEG to net.EXT_DIR_CONN overlaps with pcb_via "unnamed via" (accidental contact)
PCB trace .D_IO1 > .D1_NEG to net.EXT_DIR_CONN overlaps with pcb_via "unnamed via" (accidental contact)
PCB trace .D_IO1 > .D1_NEG to net.EXT_DIR_CONN overlaps with pcb_via "unnamed via" (accidental contact)
PCB trace .J_IO > .pin5 to net.EXT_STEP_CONN is too close to .U1 > .PB5 to net.CAN_RX (gap: 0.083mm)
PCB trace .D_IO1 > .D1_POS to net.EXT_STEP_CONN is too close to .U1 > .PB5 to net.CAN_RX (gap: 0.092mm)
PCB trace .D_IO1 > .D1_POS to net.EXT_STEP_CONN overlaps with pcb_via "unnamed via" (accidental contact)
PCB trace .D_IO1 > .D1_POS to net.EXT_STEP_CONN overlaps with pcb_via "unnamed via" (accidental contact)
PCB trace .D_IO1 > .D1_POS to net.EXT_STEP_CONN overlaps with pcb_via "unnamed via" (accidental contact)
PCB trace .D_IO1 > .D1_POS to net.EXT_STEP_CONN is too close to .U1 > .PA14_BOOT0 to net.SWCLK (gap: 0.088mm)
PCB trace .U9 > .ALERT to net.TEMP_ALERT_N is too close to .R10 > .pin2 to net.TMC_VREF (gap: 0.081mm)
PCB trace .U1 > .PA1 to net.TEMP_ALERT_N is too close to .U1 > .PB13 to net.PD_FLT (gap: 0.094mm)
PCB trace .U1 > .PA1 to net.TEMP_ALERT_N overlaps with pcb_via "unnamed via" (accidental contact)
PCB trace .U1 > .PA1 to net.TEMP_ALERT_N overlaps with .U9 > .V_POS to net.V3V3 (accidental contact)
PCB trace .U7 > .SEL3 to net.POWER_GOOD overlaps with pcb_smtpad "U7.N_C_2" (accidental contact)
PCB trace .U1 > .PA14_BOOT0 to net.SWCLK overlaps with .U1 > .PA13 to net.SWDIO (accidental contact)
PCB trace .U1 > .PA14_BOOT0 to net.SWCLK overlaps with pcb_via "unnamed via" (accidental contact)
PCB trace .U1 > .PA14_BOOT0 to net.SWCLK overlaps with .J_IO > .pin3 to net.CAN_L (accidental contact)
PCB trace .U1 > .PA14_BOOT0 to net.SWCLK overlaps with pcb_via "unnamed via" (accidental contact)
PCB trace .U1 > .PA13 to net.SWDIO is too close to .U1 > .PA9 to net.GND (gap: 0.074mm)
PCB trace .U1 > .PA13 to net.SWDIO overlaps with pcb_via "unnamed via" (accidental contact)
PCB trace .U1 > .PA13 to net.SWDIO overlaps with .J_IO > .pin3 to net.CAN_L (accidental contact)
PCB trace .U7 > .D3 to net.NRST_GUARDED is too close to .U7 > .D2 to net.SWCLK_GUARDED (gap: 0.092mm)
PCB trace .U7 > .D2 to net.SWCLK_GUARDED overlaps with .R14 > .pin2 to net.PD_OVP (accidental contact)
PCB trace .U7 > .D2 to net.SWCLK_GUARDED overlaps with pcb_via "unnamed via" (accidental contact)
PCB trace .C27 > .pin1 to net.VBUS_ADC overlaps with .C2 > .pin1 to net.V3V3 (accidental contact)
PCB trace .U3 > .FLT to net.PD_FLT overlaps with pcb_smtpad "U3.DB" (accidental contact)
PCB trace .U3 > .FLT to net.PD_FLT is too close to .R7 > .pin1 to net.V3V3 (gap: 0.031mm)
PCB trace .U1 > .PB13 to net.PD_FLT is too close to .U2 > .STEP to net.TMC_STEP (gap: 0.075mm)
PCB trace .U1 > .PB13 to net.PD_FLT overlaps with .C6 > .pin1 to net.V3V3 (accidental contact)
PCB trace .U1 > .PB13 to net.PD_FLT is too close to .U2 > .VS1 to net.VM (gap: 0.094mm)
PCB trace .U1 > .PB13 to net.PD_FLT is too close to .C14 > .pin2 to net.VM (gap: 0.095mm)
PCB trace .U1 > .PB13 to net.PD_FLT is too close to .R7 > .pin1 to net.V3V3 (gap: 0.081mm)
PCB trace .U1 > .PB13 to net.PD_FLT overlaps with pcb_smtpad "U3.DB" (accidental contact)
PCB trace .R14 > .pin2 to net.PD_OVP overlaps with pcb_via "unnamed via" (accidental contact)
PCB trace .R14 > .pin2 to net.PD_OVP overlaps with pcb_via "unnamed via" (accidental contact)
PCB trace .U3 > .CTRLVBUS to net.PD_OVP overlaps with pcb_via "unnamed via" (accidental contact)
PCB trace .U3 > .CTRLVBUS to net.PD_OVP is too close to .U3 > .GATE to net.PD_GATE (gap: 0.094mm)
PCB trace .U3 > .CTRLVBUS to net.PD_OVP overlaps with .U1 > .PA2 to net.TMC_UART_TX (accidental contact)
PCB trace .U3 > .CTRLVBUS to net.PD_OVP is too close to .U1 > .PA5 to net.TMC_DIAG (gap: 0.093mm)
PCB trace .U3 > .CTRLVBUS to net.PD_OVP overlaps with .U2 > .VS1 to net.VM (accidental contact)
PCB trace .U3 > .CTRLVBUS to net.PD_OVP overlaps with .C14 > .pin2 to net.VM (accidental contact)
PCB trace .U3 > .CTRLVBUS to net.PD_OVP overlaps with pcb_via "unnamed via" (accidental contact)
PCB trace .U3 > .CTRLVBUS to net.PD_OVP overlaps with .R13 > .pin2 to net.PD_OVP_SERIES (accidental contact)
PCB trace .U3 > .GATE to net.PD_GATE overlaps with .U3 > .IN_GD to net.VBUS_CONN (accidental contact)
PCB trace .U1 > .PB15 to net.PD_CC2_MCU overlaps with pcb_via "unnamed via" (accidental contact)
PCB trace .U1 > .PB15 to net.PD_CC2_MCU is too close to .U1 > .PA9 to net.GND (gap: 0.087mm)
PCB trace .U1 > .PB15 to net.PD_CC2_MCU overlaps with .J_IO > .pin2 to net.CAN_H (accidental contact)
PCB trace .U1 > .PB15 to net.PD_CC2_MCU overlaps with pcb_smtpad "U3.EP" (accidental contact)
PCB trace .U1 > .PB15 to net.PD_CC2_MCU overlaps with .L1 > .pin2 to net.V3V3 (accidental contact)
PCB trace .U1 > .PA8 to net.PD_CC1_MCU overlaps with .U1 > .PA9 to net.GND (accidental contact)
PCB trace .U1 > .PA8 to net.PD_CC1_MCU overlaps with pcb_via "unnamed via" (accidental contact)
PCB trace .U1 > .PA8 to net.PD_CC1_MCU overlaps with pcb_via "unnamed via" (accidental contact)
PCB trace .U1 > .PA8 to net.PD_CC1_MCU overlaps with pcb_via "unnamed via" (accidental contact)
PCB trace .L1 > .pin1 to net.BUCK_SW overlaps with pcb_via "unnamed via" (accidental contact)
PCB trace .L1 > .pin1 to net.BUCK_SW overlaps with pcb_via "unnamed via" (accidental contact)
PCB trace .L1 > .pin1 to net.BUCK_SW overlaps with pcb_smtpad "J_USB.SBU1" (accidental contact)
PCB trace .L1 > .pin1 to net.BUCK_SW overlaps with pcb_via "unnamed via" (accidental contact)
PCB trace .L1 > .pin1 to net.BUCK_SW overlaps with pcb_smtpad "J_USB.VBUS1" (accidental contact)
PCB trace .L1 > .pin1 to net.BUCK_SW overlaps with pcb_smtpad "J_USB.GND1" (accidental contact)
PCB trace .J_USB > .CC1 to net.PD_CC1_CONN is too close to .J_USB > .VBUS1 to net.VBUS_CONN (gap: 0.091mm)
PCB trace .J_USB > .CC1 to net.PD_CC1_CONN is too close to .J_USB > .VBUS2 to net.VBUS_CONN (gap: 0.073mm)
PCB trace .J_USB > .CC1 to net.PD_CC1_CONN overlaps with pcb_smtpad "J_USB.DP1" (accidental contact)
PCB trace .U3 > .CC1c to net.PD_CC1_CONN is too close to .U3 > .IN_GD to net.VBUS_CONN (gap: 0.090mm)
PCB trace .U3 > .CC1c to net.PD_CC1_CONN overlaps with pcb_via "unnamed via" (accidental contact)
PCB trace .U3 > .CC1c to net.PD_CC1_CONN overlaps with .Q_PD > .S3 to net.VBUS_PROTECTED (accidental contact)
PCB trace .U10 > .IN1 to net.VBUS_PROTECTED is too close to .J_USB > .GND2 to net.GND (gap: 0.087mm)
PCB trace .U10 > .IN2 to net.VBUS_PROTECTED overlaps with pcb_via "unnamed via" (accidental contact)
PCB trace .U10 > .IN2 to net.VBUS_PROTECTED overlaps with pcb_via "unnamed via" (accidental contact)
PCB trace .U10 > .IN2 to net.VBUS_PROTECTED overlaps with pcb_via "unnamed via" (accidental contact)
PCB trace .U10 > .IN2 to net.VBUS_PROTECTED overlaps with pcb_via "unnamed via" (accidental contact)
PCB trace .U10 > .IN2 to net.VBUS_PROTECTED overlaps with pcb_via "unnamed via" (accidental contact)
PCB trace .U3 > .SOURCE to net.VBUS_PROTECTED is too close to .C22 > .pin1 to net.V3V3 (gap: 0.055mm)
PCB trace .Q_PD > .S1 to net.VBUS_PROTECTED overlaps with pcb_via "unnamed via" (accidental contact)
PCB trace .Q_PD > .S1 to net.VBUS_PROTECTED overlaps with .J_USB > .GND2 to net.GND (accidental contact)
PCB trace .Q_PD > .S3 to net.VBUS_PROTECTED overlaps with pcb_via "unnamed via" (accidental contact)
PCB trace .Q_PD > .S3 to net.VBUS_PROTECTED overlaps with pcb_via "unnamed via" (accidental contact)
PCB trace .Q_PD > .S3 to net.VBUS_PROTECTED overlaps with pcb_via "unnamed via" (accidental contact)
PCB trace .Q_PD > .S3 to net.VBUS_PROTECTED is too close to .C22 > .pin1 to net.V3V3 (gap: 0.082mm)
PCB trace .R16 > .pin1 to net.VBUS_PROTECTED overlaps with pcb_via "unnamed via" (accidental contact)
PCB trace .J_USB > .VBUS2 to net.VBUS_CONN overlaps with pcb_via "unnamed via" (accidental contact)
PCB trace .U3 > .IN_GD to net.VBUS_CONN overlaps with pcb_via "unnamed via" (accidental contact)
PCB trace .U3 > .IN_GD to net.VBUS_CONN overlaps with pcb_via "unnamed via" (accidental contact)
PCB trace .U3 > .IN_GD to net.VBUS_CONN overlaps with pcb_smtpad "U3.CTRLVBUS" (accidental contact)
PCB trace .U3 > .IN_GD to net.VBUS_CONN overlaps with pcb_via "unnamed via" (accidental contact)
PCB trace .U3 > .IN_GD to net.VBUS_CONN overlaps with pcb_smtpad "U3.GATE" (accidental contact)
PCB trace .U2 > .OA2 to net.MOTOR_A2 is too close to .U2 > .DIR to net.TMC_DIR (gap: 0.080mm)
PCB trace .U2 > .OA2 to net.MOTOR_A2 overlaps with .U2 > .STEP to net.TMC_STEP (accidental contact)
PCB trace .U2 > .VREF to net.TMC_VREF is too close to .U2 > .STEP to net.TMC_STEP (gap: 0.070mm)
PCB trace .R10 > .pin2 to net.TMC_VREF overlaps with pcb_via "unnamed via" (accidental contact)
PCB trace .U2 > .VREF to net.TMC_VREF overlaps with pcb_smtpad "U2.STEP" (accidental contact)
PCB trace .U2 > .VREF to net.TMC_VREF is too close to .U2 > .STEP to net.TMC_STEP (gap: 0.084mm)
PCB trace .U2 > .5VOUT to net.TMC_5VOUT overlaps with pcb_via "unnamed via" (accidental contact)
PCB trace .U2 > .VCP to net.TMC_VCP is too close to .U2 > .ENN to net.TMC_ENABLE_N (gap: 0.092mm)
PCB trace .U2 > .VCP to net.TMC_VCP overlaps with pcb_via "unnamed via" (accidental contact)
PCB trace .U1 > .PA3 to net.TMC_UART_RX is too close to .U1 > .PA4 to net.TMC_ENABLE_N (gap: 0.086mm)
PCB trace .U1 > .PA3 to net.TMC_UART_RX overlaps with .C6 > .pin2 to net.GND (accidental contact)
PCB trace .U1 > .PA3 to net.TMC_UART_RX is too close to .U4 > .SCL to net.I2C_SCL (gap: 0.053mm)
PCB trace .U1 > .PA5 to net.TMC_DIAG overlaps with pcb_via "unnamed via" (accidental contact)
PCB trace .U1 > .PA5 to net.TMC_DIAG is too close to .U1 > .PB5 to net.CAN_RX (gap: 0.077mm)
PCB trace .U2 > .DIR to net.TMC_DIR overlaps with .U2 > .GND1 to net.GND (accidental contact)
PCB trace .U2 > .DIR to net.TMC_DIR overlaps with .U2 > .GND1 to net.GND (accidental contact)
PCB trace .U2 > .DIR to net.TMC_DIR overlaps with .U2 > .STEP to net.TMC_STEP (accidental contact)
PCB trace .U2 > .DIR to net.TMC_DIR is too close to .C6 > .pin2 to net.GND (gap: 0.088mm)
PCB trace .U1 > .PA7 to net.TMC_DIR overlaps with .C6 > .pin1 to net.V3V3 (accidental contact)
PCB trace .U2 > .STEP to net.TMC_STEP overlaps with pcb_via "unnamed via" (accidental contact)
PCB trace .U2 > .STEP to net.TMC_STEP overlaps with .U2 > .VCC_IO to net.V3V3 (accidental contact)
PCB trace .U2 > .STEP to net.TMC_STEP overlaps with pcb_via "unnamed via" (accidental contact)
PCB trace .U2 > .STEP to net.TMC_STEP overlaps with pcb_via "unnamed via" (accidental contact)
PCB trace .U2 > .STEP to net.TMC_STEP is too close to .C6 > .pin1 to net.V3V3 (gap: 0.065mm)
PCB trace .U2 > .STEP to net.TMC_STEP overlaps with pcb_via "unnamed via" (accidental contact)
PCB trace .U2 > .STEP to net.TMC_STEP overlaps with pcb_via "unnamed via" (accidental contact)
PCB trace .U2 > .STEP to net.TMC_STEP overlaps with pcb_via "unnamed via" (accidental contact)
PCB trace .U1 > .PA6 to net.TMC_STEP is too close to .U1 > .PB5 to net.CAN_RX (gap: 0.041mm)
PCB trace .U1 > .PA6 to net.TMC_STEP overlaps with pcb_via "unnamed via" (accidental contact)
PCB trace .U1 > .PA6 to net.TMC_STEP overlaps with pcb_via "unnamed via" (accidental contact)
PCB trace .U1 > .PA6 to net.TMC_STEP overlaps with pcb_via "unnamed via" (accidental contact)
PCB trace .U1 > .PA6 to net.TMC_STEP overlaps with pcb_via "unnamed via" (accidental contact)
PCB trace .U2 > .ENN to net.TMC_ENABLE_N overlaps with pcb_smtpad "U2.VCP" (accidental contact)
PCB trace .C14 > .pin2 to net.VM overlaps with pcb_via "unnamed via" (accidental contact)
PCB trace .C14 > .pin2 to net.VM overlaps with pcb_via "unnamed via" (accidental contact)
PCB trace .C14 > .pin2 to net.VM overlaps with pcb_smtpad "U10.dVdT" (accidental contact)
PCB trace .C14 > .pin2 to net.VM overlaps with pcb_smtpad "U10.N_C1" (accidental contact)
PCB trace .U2 > .VS1 to net.VM overlaps with pcb_via "unnamed via" (accidental contact)
PCB trace .C14 > .pin2 to net.VM overlaps with pcb_via "unnamed via" (accidental contact)
PCB trace .U5 > .BST to net.BUCK_BST overlaps with pcb_smtpad "U5.SW" (accidental contact)
PCB trace .U5 > .BST to net.BUCK_BST overlaps with .U5 > .GND to net.GND (accidental contact)
PCB trace .U5 > .BST to net.BUCK_BST overlaps with .U5 > .GND to net.GND (accidental contact)
PCB trace .U5 > .BST to net.BUCK_BST overlaps with pcb_via "unnamed via" (accidental contact)
PCB trace .U5 > .SW to net.BUCK_SW overlaps with pcb_via "unnamed via" (accidental contact)
PCB trace .U5 > .SW to net.BUCK_SW overlaps with .U5 > .GND to net.GND (accidental contact)
PCB trace .J_IO > .pin3 to net.CAN_L overlaps with pcb_via "unnamed via" (accidental contact)
PCB trace .J_IO > .pin3 to net.CAN_L overlaps with pcb_via "unnamed via" (accidental contact)
PCB trace .J_IO > .pin3 to net.CAN_L overlaps with pcb_via "unnamed via" (accidental contact)
PCB trace .U6 > .CANL to net.CAN_L overlaps with pcb_via "unnamed via" (accidental contact)
PCB trace .U6 > .CANL to net.CAN_L overlaps with pcb_via "unnamed via" (accidental contact)
PCB trace .U6 > .CANL to net.CAN_L overlaps with pcb_via "unnamed via" (accidental contact)
PCB trace .J_IO > .pin2 to net.CAN_H overlaps with pcb_via "unnamed via" (accidental contact)
PCB trace .J_IO > .pin2 to net.CAN_H overlaps with pcb_via "unnamed via" (accidental contact)
PCB trace .U1 > .PB5 to net.CAN_RX overlaps with pcb_via "unnamed via" (accidental contact)
PCB trace .U1 > .PB5 to net.CAN_RX overlaps with pcb_via "unnamed via" (accidental contact)
PCB trace .U1 > .PB5 to net.CAN_RX overlaps with pcb_via "unnamed via" (accidental contact)
PCB trace .U1 > .PB5 to net.CAN_RX overlaps with pcb_via "unnamed via" (accidental contact)
PCB trace .U1 > .PB6 to net.CAN_TX overlaps with pcb_via "unnamed via" (accidental contact)
PCB trace .U1 > .PB6 to net.CAN_TX overlaps with pcb_via "unnamed via" (accidental contact)
PCB trace .U1 > .PB6 to net.CAN_TX overlaps with .C7 > .pin1 to net.V3V3 (accidental contact)
PCB trace .U1 > .PB8 to net.I2C_SCL overlaps with pcb_via "unnamed via" (accidental contact)
PCB trace .C2 > .pin1 to net.V3V3 overlaps with pcb_via "unnamed via" (accidental contact)
PCB trace .C6 > .pin1 to net.V3V3 overlaps with pcb_via "unnamed via" (accidental contact)
PCB trace .C6 > .pin1 to net.V3V3 overlaps with pcb_via "unnamed via" (accidental contact)
PCB trace .U1 > .VDD to net.V3V3 overlaps with pcb_via "unnamed via" (accidental contact)
PCB trace .C4 > .pin1 to net.V3V3 overlaps with pcb_via "unnamed via" (accidental contact)
PCB trace .C7 > .pin1 to net.V3V3 overlaps with pcb_smtpad "C7.pin2" (accidental contact)
PCB trace .C7 > .pin1 to net.V3V3 overlaps with .C7 > .pin2 to net.GND (accidental contact)
PCB trace .C22 > .pin1 to net.V3V3 overlaps with pcb_via "unnamed via" (accidental contact)
PCB trace .L1 > .pin2 to net.V3V3 overlaps with pcb_via "unnamed via" (accidental contact)
PCB trace .R33 > .pin1 to net.V3V3 overlaps with pcb_via "unnamed via" (accidental contact)
PCB trace .R7 > .pin1 to net.V3V3 is too close to .J_USB > .GND2 to net.GND (gap: 0.058mm)
PCB trace .R7 > .pin1 to net.V3V3 overlaps with pcb_via "unnamed via" (accidental contact)
PCB trace .R7 > .pin1 to net.V3V3 overlaps with pcb_via "unnamed via" (accidental contact)
PCB trace .R7 > .pin1 to net.V3V3 overlaps with pcb_via "unnamed via" (accidental contact)
PCB trace .R7 > .pin1 to net.V3V3 overlaps with pcb_via "unnamed via" (accidental contact)
PCB trace .U1 > .PA9 to net.GND overlaps with pcb_via "unnamed via" (accidental contact)
PCB trace .U1 > .PA9 to net.GND overlaps with pcb_via "unnamed via" (accidental contact)
PCB trace .U1 > .PA9 to net.GND overlaps with pcb_via "unnamed via" (accidental contact)
PCB trace .U2 > .MS2_AD1 to net.GND overlaps with pcb_via "unnamed via" (accidental contact)
PCB trace .U1 > .VSS to net.GND overlaps with pcb_via "unnamed via" (accidental contact)
PCB trace .U1 > .VSS to net.GND overlaps with pcb_via "unnamed via" (accidental contact)
PCB trace .U1 > .PA9 to net.GND overlaps with pcb_via "unnamed via" (accidental contact)
PCB trace .J_USB > .SHELL3 to net.GND overlaps with pcb_via "unnamed via" (accidental contact)
PCB trace .C6 > .pin2 to net.GND overlaps with pcb_smtpad "R37.pin2" (accidental contact)
PCB trace .C6 > .pin2 to net.GND overlaps with pcb_via "unnamed via" (accidental contact)
PCB trace .U7 > .GND to net.GND overlaps with pcb_via "unnamed via" (accidental contact)
PCB trace .C16 > .pin2 to net.GND overlaps with pcb_via "unnamed via" (accidental contact)
PCB trace .U1 > .PA9 to net.GND overlaps with pcb_smtpad "U1.PA8" (accidental contact)
PCB trace .U5 > .GND to net.GND overlaps with pcb_via "unnamed via" (accidental contact)
PCB trace .LED_POWER > .cathode to net.GND overlaps with pcb_via "unnamed via" (accidental contact)
PCB trace .U5 > .GND to net.GND overlaps with pcb_via "unnamed via" (accidental contact)
PCB trace .J_USB > .GND2 to net.GND overlaps with pcb_via "unnamed via" (accidental contact)
PCB trace .J_USB > .GND2 to net.GND overlaps with pcb_via "unnamed via" (accidental contact)
Pad R13.pin1 and trace .U10 > .MODE to net.EFUSE_RTN are too close (clearance: 0.074mm, minimum: 0.1mm)
Pad U4.OUT and trace .U10 > .ILIM to net.EFUSE_ILIM are too close (clearance: 0.091mm, minimum: 0.1mm)
Pad U10.EP and trace .R42 > .pin2 to net.EFUSE_OVP are too close (clearance: 0.063mm, minimum: 0.1mm)
Pad U10.N_C9 and trace .R42 > .pin2 to net.EFUSE_OVP are too close (clearance: 0.073mm, minimum: 0.1mm)
Pad U10.N_C3 and trace .U10 > .OVP to net.EFUSE_OVP are too close (clearance: 0.05mm, minimum: 0.1mm)
Pad U10.UVLO and trace .U10 > .OVP to net.EFUSE_OVP are too close (clearance: 0.002mm, minimum: 0.1mm)
Pad U10.IN2 and trace .U10 > .OVP to net.EFUSE_OVP are too close (clearance: 0.054mm, minimum: 0.1mm)
Pad U10.IN1 and trace .U10 > .UVLO to net.EFUSE_EN are too close (clearance: 0.02mm, minimum: 0.1mm)
Pad U10.EP and trace .U10 > .UVLO to net.EFUSE_EN are too close (clearance: 0.043mm, minimum: 0.1mm)
Pad LED_STATUS.cathode and trace .R37 > .pin2 to net.LED_FAULT_A are too close (clearance: 0.067mm, minimum: 0.1mm)
Pad R25.pin1 and trace .U1 > .PB10 to net.LIMIT1 are too close (clearance: 0.029mm, minimum: 0.1mm)
Pad R24.pin1 and trace .U1 > .PB1 to net.EXT_DIR are too close (clearance: 0.087mm, minimum: 0.1mm)
Pad U7.SEL3 and trace .J_SWD > .NRST to net.NRST_CONN are too close (clearance: 0.072mm, minimum: 0.1mm)
Pad U7.SEL1 and trace .J_SWD > .SWDIO to net.SWDIO_CONN are too close (clearance: 0.084mm, minimum: 0.1mm)
Pad C10.pin1 and trace .U3 > .GATE to net.PD_GATE are too close (clearance: 0.064mm, minimum: 0.1mm)
Pad C20.pin2 and trace .U1 > .PB15 to net.PD_CC2_MCU are too close (clearance: 0.07mm, minimum: 0.1mm)
Pad J_USB.DP2 and trace .L1 > .pin1 to net.BUCK_SW are too close (clearance: 0.052mm, minimum: 0.1mm)
Pad J_USB.DN2 and trace .J_USB > .CC1 to net.PD_CC1_CONN are too close (clearance: 0.083mm, minimum: 0.1mm)
Pad C22.pin1 and trace .U3 > .SOURCE to net.VBUS_PROTECTED are too close (clearance: 0.075mm, minimum: 0.1mm)
Pad Q_PD.pin1 and trace .Q_PD > .D5 to net.VBUS_CONN are too close (clearance: 0.07mm, minimum: 0.1mm)
Pad U2.EP and trace .U2 > .OB2 to net.MOTOR_B2 are too close (clearance: 0.048mm, minimum: 0.1mm)
Pad U2.VS1 and trace .U2 > .OB2 to net.MOTOR_B2 are too close (clearance: 0.032mm, minimum: 0.1mm)
Pad U2.BRB and trace .U2 > .OB2 to net.MOTOR_B2 are too close (clearance: 0.029mm, minimum: 0.1mm)
Pad U2.EP and trace .U2 > .VREF to net.TMC_VREF are too close (clearance: 0.059mm, minimum: 0.1mm)
Pad U2.STEP and trace .U2 > .VREF to net.TMC_VREF are too close (clearance: 0.004mm, minimum: 0.1mm)
Pad U2.VCC_IO and trace .U2 > .VREF to net.TMC_VREF are too close (clearance: 0.044mm, minimum: 0.1mm)
Pad U2.EP and trace .U2 > .VREF to net.TMC_VREF are too close (clearance: 0.051mm, minimum: 0.1mm)
Pad U2.VCC_IO and trace .U2 > .VREF to net.TMC_VREF are too close (clearance: 0.028mm, minimum: 0.1mm)
Pad R10.pin1 and trace .U2 > .VREF to net.TMC_VREF are too close (clearance: 0.087mm, minimum: 0.1mm)
Pad C13.pin2 and trace .U2 > .VCP to net.TMC_VCP are too close (clearance: 0.089mm, minimum: 0.1mm)
Pad J_MOTOR.pin3 and trace .U2 > .STEP to net.TMC_STEP are too close (clearance: 0.004mm, minimum: 0.1mm)
Pad J_MOTOR.pin2 and trace .U2 > .STEP to net.TMC_STEP are too close (clearance: 0.085mm, minimum: 0.1mm)
Pad R4.pin1 and trace .U1 > .PA6 to net.TMC_STEP are too close (clearance: 0.041mm, minimum: 0.1mm)
Pad U2.EP and trace .U2 > .ENN to net.TMC_ENABLE_N are too close (clearance: 0.041mm, minimum: 0.1mm)
Pad U2.GND2 and trace .U2 > .ENN to net.TMC_ENABLE_N are too close (clearance: 0.089mm, minimum: 0.1mm)
Pad U2.CPI and trace .U2 > .ENN to net.TMC_ENABLE_N are too close (clearance: 0.092mm, minimum: 0.1mm)
Pad U2.SPREAD and trace .U2 > .ENN to net.TMC_ENABLE_N are too close (clearance: 0.028mm, minimum: 0.1mm)
Pad U10.N_FLT and trace .C14 > .pin2 to net.VM are too close (clearance: 0.02mm, minimum: 0.1mm)
Pad U10.EP and trace .C14 > .pin2 to net.VM are too close (clearance: 0.021mm, minimum: 0.1mm)
Pad U1.PC15_OSC32_OUT and trace .U1 > .VDD to net.V3V3 are too close (clearance: 0.094mm, minimum: 0.1mm)
Pad U6.R and trace .U6 > .VCC to net.V3V3 are too close (clearance: 0.047mm, minimum: 0.1mm)
Pad C22.pin2 and trace .C22 > .pin1 to net.V3V3 are too close (clearance: 0.037mm, minimum: 0.1mm)
Pad U3.CC2 and trace .L1 > .pin2 to net.V3V3 are too close (clearance: 0.09mm, minimum: 0.1mm)
Pad R32.pin2 and trace .C29 > .pin1 to net.V3V3 are too close (clearance: 0.085mm, minimum: 0.1mm)
Pad U3.FLT and trace .U3 > .VCC to net.V3V3 are too close (clearance: 0.051mm, minimum: 0.1mm)
Pad R27.pin1 and trace .U1 > .VSS to net.GND are too close (clearance: 0.034mm, minimum: 0.1mm)
Pad U9.ALERT and trace .U9 > .GND to net.GND are too close (clearance: 0.036mm, minimum: 0.1mm)
Pad C3.pin1 and trace .C1 > .pin2 to net.GND are too close (clearance: 0.08mm, minimum: 0.1mm)
Pad R11.pin1 and trace .C16 > .pin2 to net.GND are too close (clearance: 0.081mm, minimum: 0.1mm)
Pad R43.pin1 and trace .J_USB > .GND2 to net.GND are too close (clearance: 0.024mm, minimum: 0.1mm)
Pad R12.pin2 and trace .U5 > .GND to net.GND are too close (clearance: 0.094mm, minimum: 0.1mm)
Pad J_IO.pin3 and trace .J_IO > .pin1 to net.GND are too close (clearance: 0.059mm, minimum: 0.1mm)
Pad C10.pin2 and trace .U5 > .GND to net.GND are too close (clearance: 0.094mm, minimum: 0.1mm)
Pad R28.pin1 and trace .R28 > .pin2 to net.GND are too close (clearance: 0.091mm, minimum: 0.1mm)
Pad U10.IN1 and trace .J_USB > .GND2 to net.GND are too close (clearance: 0.081mm, minimum: 0.1mm)
Trace .U10 > .EP to net.EFUSE_RTN is too close to non-plated hole unnamed hole (gap: 0.156465mm, required: 0.35mm)
Trace .U10 > .N_FLT to net.EFUSE_FLT_N is too close to non-plated hole unnamed hole (gap: 0.189407mm, required: 0.35mm)
Trace .J_USB > .CC2 to net.PD_CC2_CONN is too close to non-plated hole unnamed hole (gap: 0.314662mm, required: 0.35mm)
Trace .U3 > .CC1c to net.PD_CC1_CONN is too close to non-plated hole unnamed hole (gap: 0.205391mm, required: 0.35mm)
Trace .J_USB > .VBUS1 to net.VBUS_CONN is too close to non-plated hole unnamed hole (gap: 0.247440mm, required: 0.35mm)
Trace .J_USB > .VBUS1 to net.VBUS_CONN is too close to non-plated hole unnamed hole (gap: 0.334114mm, required: 0.35mm)
Trace .J_USB > .VBUS2 to net.VBUS_CONN is too close to non-plated hole unnamed hole (gap: 0.307137mm, required: 0.35mm)
Trace .J_USB > .GND2 to net.GND is too close to non-plated hole unnamed hole (gap: 0.122062mm, required: 0.35mm)
Trace .J_USB > .GND1 to net.GND is too close to non-plated hole unnamed hole (gap: 0.166584mm, required: 0.35mm)
Via unnamed via and trace .U10 > .ILIM to net.EFUSE_ILIM are too close (clearance: 0.011mm, minimum: 0.1mm)
Via unnamed via and trace .J_USB > .GND2 to net.GND are too close (clearance: 0.074mm, minimum: 0.1mm)
Via unnamed via and trace .U1 > .PB14 to net.POWER_HIGH_CURRENT are too close (clearance: 0.063mm, minimum: 0.1mm)
Via unnamed via and trace .U3 > .CTRLVBUS to net.PD_OVP are too close (clearance: 0.021mm, minimum: 0.1mm)
Via unnamed via and trace .U10 > .ILIM to net.EFUSE_ILIM are too close (clearance: 0.092mm, minimum: 0.1mm)
Via unnamed via and trace .R41 > .pin2 to net.EFUSE_OVP_TOP_2 are too close (clearance: 0.066mm, minimum: 0.1mm)
Via unnamed via and trace .U10 > .N_FLT to net.EFUSE_FLT_N are too close (clearance: 0.013mm, minimum: 0.1mm)
Via unnamed via and trace .U7 > .D2 to net.SWCLK_GUARDED are too close (clearance: 0.015mm, minimum: 0.1mm)
Via unnamed via and trace .L1 > .pin1 to net.BUCK_SW are too close (clearance: 0.075mm, minimum: 0.1mm)
Via unnamed via and trace .R13 > .pin2 to net.PD_OVP_SERIES are too close (clearance: 0.04mm, minimum: 0.1mm)
Via unnamed via and trace .R2 > .pin1 to net.V3V3 are too close (clearance: 0.068mm, minimum: 0.1mm)
Via unnamed via and trace .R3 > .pin1 to net.V3V3 are too close (clearance: 0.068mm, minimum: 0.1mm)
Via unnamed via and trace .U3 > .CTRLVBUS to net.PD_OVP are too close (clearance: 0.085mm, minimum: 0.1mm)
Via unnamed via and trace .U10 > .UVLO to net.EFUSE_EN are too close (clearance: 0.07mm, minimum: 0.1mm)
Via unnamed via and trace .L1 > .pin2 to net.V3V3 are too close (clearance: 0.029mm, minimum: 0.1mm)
Via unnamed via and trace .U10 > .IN2 to net.VBUS_PROTECTED are too close (clearance: 0.048mm, minimum: 0.1mm)
Via unnamed via and trace .L1 > .pin2 to net.V3V3 are too close (clearance: 0.047mm, minimum: 0.1mm)
Via unnamed via and trace .U3 > .FLT to net.PD_FLT are too close (clearance: 0.049mm, minimum: 0.1mm)
Via unnamed via and trace .U1 > .PB13 to net.PD_FLT are too close (clearance: 0.063mm, minimum: 0.1mm)
Via unnamed via and trace .U10 > .IN2 to net.VBUS_PROTECTED are too close (clearance: 0.021mm, minimum: 0.1mm)
Via unnamed via and trace .R7 > .pin1 to net.V3V3 are too close (clearance: 0.067mm, minimum: 0.1mm)
Via unnamed via and trace .U3 > .VCC to net.V3V3 are too close (clearance: 0.036mm, minimum: 0.1mm)
Via unnamed via and trace .U1 > .PB14 to net.POWER_HIGH_CURRENT are too close (clearance: 0.087mm, minimum: 0.1mm)
Via unnamed via and trace .R37 > .pin2 to net.LED_FAULT_A are too close (clearance: 0.056mm, minimum: 0.1mm)
Via unnamed via and trace .U1 > .PB4 to net.EFUSE_FLT_N are too close (clearance: 0.093mm, minimum: 0.1mm)
Via unnamed via and trace .U8 > .N_RESET to net.POWER_GOOD are too close (clearance: 0.043mm, minimum: 0.1mm)
Via unnamed via and trace .U7 > .SEL3 to net.POWER_GOOD are too close (clearance: 0.043mm, minimum: 0.1mm)
Via unnamed via and trace .C27 > .pin1 to net.VBUS_ADC are too close (clearance: 0.06mm, minimum: 0.1mm)
Via unnamed via and trace .U3 > .SOURCE to net.VBUS_PROTECTED are too close (clearance: 0.052mm, minimum: 0.1mm)
Via unnamed via and trace .U10 > .MODE to net.EFUSE_RTN are too close (clearance: 0.093mm, minimum: 0.1mm)
Via unnamed via and trace .Q_ILIM > .G to net.POWER_HIGH_CURRENT are too close (clearance: 0.079mm, minimum: 0.1mm)
Via unnamed via and trace .U10 > .OVP to net.EFUSE_OVP are too close (clearance: 0.031mm, minimum: 0.1mm)
Via unnamed via and trace .U1 > .PA5 to net.TMC_DIAG are too close (clearance: 0.003mm, minimum: 0.1mm)
Via unnamed via and trace .U2 > .PDN_UART to net.TMC_UART_RX are too close (clearance: 0.076mm, minimum: 0.1mm)
Via unnamed via and trace .U1 > .PB10 to net.LIMIT1 are too close (clearance: 0.037mm, minimum: 0.1mm)
Via unnamed via and trace .U1 > .PA13 to net.SWDIO are too close (clearance: 0.065mm, minimum: 0.1mm)
Via unnamed via and trace .D_IO1 > .GND1 to net.GND are too close (clearance: 0.086mm, minimum: 0.1mm)
Via unnamed via and trace .U1 > .PA9 to net.GND are too close (clearance: 0.054mm, minimum: 0.1mm)
Via unnamed via and trace .U1 > .PA6 to net.TMC_STEP are too close (clearance: 0.093mm, minimum: 0.1mm)
Via unnamed via and trace .U2 > .PDN_UART to net.TMC_UART_RX are too close (clearance: 0.086mm, minimum: 0.1mm)
Via unnamed via and trace .R14 > .pin2 to net.PD_OVP are too close (clearance: 0.064mm, minimum: 0.1mm)
Via unnamed via and trace .U1 > .PC7 to net.LED_FAULT_DRIVE are too close (clearance: 0.068mm, minimum: 0.1mm)
Via unnamed via and trace .U1 > .PB2 to net.EXT_ENABLE_N are too close (clearance: 0.045mm, minimum: 0.1mm)
Via unnamed via and trace .U1 > .PB1 to net.EXT_DIR are too close (clearance: 0.08mm, minimum: 0.1mm)
Via unnamed via and trace .U1 > .PB0 to net.EXT_STEP are too close (clearance: 0.084mm, minimum: 0.1mm)
Via unnamed via and trace .U1 > .PA14_BOOT0 to net.SWCLK are too close (clearance: 0.066mm, minimum: 0.1mm)
Via unnamed via and trace .U1 > .PA9 to net.GND are too close (clearance: 0.039mm, minimum: 0.1mm)
Via unnamed via and trace .C6 > .pin1 to net.V3V3 are too close (clearance: 0.05mm, minimum: 0.1mm)
Via unnamed via and trace .R37 > .pin2 to net.LED_FAULT_A are too close (clearance: 0.074mm, minimum: 0.1mm)
Via unnamed via and trace .C6 > .pin1 to net.V3V3 are too close (clearance: 0.082mm, minimum: 0.1mm)
Via unnamed via and trace .U6 > .CANL to net.CAN_L are too close (clearance: 0.085mm, minimum: 0.1mm)
Via unnamed via and trace .U1 > .PB13 to net.PD_FLT are too close (clearance: 0.078mm, minimum: 0.1mm)
Via unnamed via and trace .C6 > .pin1 to net.V3V3 are too close (clearance: 0.078mm, minimum: 0.1mm)
Via unnamed via and trace .R33 > .pin1 to net.V3V3 are too close (clearance: 0.089mm, minimum: 0.1mm)
Via unnamed via and trace .U1 > .PB13 to net.PD_FLT are too close (clearance: 0.094mm, minimum: 0.1mm)
Via unnamed via and trace .U2 > .5VOUT to net.TMC_5VOUT are too close (clearance: 0.081mm, minimum: 0.1mm)
Via unnamed via and trace .U1 > .PA6 to net.TMC_STEP are too close (clearance: 0.078mm, minimum: 0.1mm)
Via unnamed via and trace .R41 > .pin2 to net.EFUSE_OVP_TOP_2 are too close (clearance: 0.087mm, minimum: 0.1mm)
Via unnamed via and trace .U1 > .PB13 to net.PD_FLT are too close (clearance: 0.062mm, minimum: 0.1mm)
Via unnamed via and trace .C6 > .pin1 to net.V3V3 are too close (clearance: 0.071mm, minimum: 0.1mm)
Via unnamed via and trace .R37 > .pin2 to net.LED_FAULT_A are too close (clearance: 0.091mm, minimum: 0.1mm)
Via unnamed via and trace .R13 > .pin2 to net.PD_OVP_SERIES are too close (clearance: 0.094mm, minimum: 0.1mm)
Via unnamed via and trace .U2 > .5VOUT to net.TMC_5VOUT are too close (clearance: 0.018mm, minimum: 0.1mm)
Via unnamed via and trace .U1 > .PB14 to net.POWER_HIGH_CURRENT are too close (clearance: 0.038mm, minimum: 0.1mm)
Via unnamed via and trace .U1 > .PB2 to net.EXT_ENABLE_N are too close (clearance: 0.001mm, minimum: 0.1mm)
Via unnamed via and trace .U1 > .PB1 to net.EXT_DIR are too close (clearance: 0.076mm, minimum: 0.1mm)
Via unnamed via and trace .J_IO > .pin5 to net.EXT_STEP_CONN are too close (clearance: 0.052mm, minimum: 0.1mm)
Via unnamed via and trace .D_IO1 > .D1_POS to net.EXT_STEP_CONN are too close (clearance: 0.06mm, minimum: 0.1mm)
Via unnamed via and trace .U1 > .PA7 to net.TMC_DIR are too close (clearance: 0.06mm, minimum: 0.1mm)
Via unnamed via and trace .U8 > .N_RESET to net.POWER_GOOD are too close (clearance: 0.078mm, minimum: 0.1mm)
Via unnamed via and trace .U1 > .PB5 to net.CAN_RX are too close (clearance: 0.078mm, minimum: 0.1mm)
Via unnamed via and trace .J_IO > .pin10 to net.GND are too close (clearance: 0.078mm, minimum: 0.1mm)
Via unnamed via and trace .U8 > .N_RESET to net.POWER_GOOD are too close (clearance: 0.078mm, minimum: 0.1mm)
Via unnamed via and trace .U1 > .PB5 to net.CAN_RX are too close (clearance: 0.078mm, minimum: 0.1mm)
Via unnamed via and trace .J_IO > .pin10 to net.GND are too close (clearance: 0.078mm, minimum: 0.1mm)
Via unnamed via and trace .U1 > .PA5 to net.TMC_DIAG are too close (clearance: 0.088mm, minimum: 0.1mm)
Via unnamed via and trace .U1 > .VDD to net.V3V3 are too close (clearance: 0.069mm, minimum: 0.1mm)
Via unnamed via and trace .U1 > .VSS to net.GND are too close (clearance: 0.092mm, minimum: 0.1mm)
Via unnamed via and trace .U1 > .PC7 to net.LED_FAULT_DRIVE are too close (clearance: 0.085mm, minimum: 0.1mm)
Via unnamed via and trace .U1 > .PB2 to net.EXT_ENABLE_N are too close (clearance: 0.046mm, minimum: 0.1mm)
Via unnamed via and trace .U1 > .PB3 to net.CAN_RS are too close (clearance: 0.079mm, minimum: 0.1mm)
Via unnamed via and trace .U1 > .PB2 to net.EXT_ENABLE_N are too close (clearance: 0.093mm, minimum: 0.1mm)
Via unnamed via and trace .U1 > .PB3 to net.CAN_RS are too close (clearance: 0.063mm, minimum: 0.1mm)
Via unnamed via and trace .U1 > .PC7 to net.LED_FAULT_DRIVE are too close (clearance: 0.071mm, minimum: 0.1mm)
Via unnamed via and trace .D_IO1 > .D1_NEG to net.EXT_DIR_CONN are too close (clearance: 0.036mm, minimum: 0.1mm)
Via unnamed via and trace .C7 > .pin2 to net.GND are too close (clearance: 0.085mm, minimum: 0.1mm)
Via unnamed via and trace .U1 > .PB6 to net.CAN_TX are too close (clearance: 0.068mm, minimum: 0.1mm)
Via unnamed via and trace .C7 > .pin2 to net.GND are too close (clearance: 0.011mm, minimum: 0.1mm)
Via unnamed via and trace .R28 > .pin2 to net.GND are too close (clearance: 0.064mm, minimum: 0.1mm)
Via unnamed via and trace .J_IO > .pin9 to net.LIMIT2_CONN are too close (clearance: 0.083mm, minimum: 0.1mm)
Via unnamed via and trace .U1 > .PB1 to net.EXT_DIR are too close (clearance: 0.084mm, minimum: 0.1mm)
Via unnamed via and trace .J_IO > .pin5 to net.EXT_STEP_CONN are too close (clearance: 0.082mm, minimum: 0.1mm)
Via unnamed via and trace .D_IO1 > .D1_POS to net.EXT_STEP_CONN are too close (clearance: 0.083mm, minimum: 0.1mm)
Via unnamed via and trace .U1 > .PA7 to net.TMC_DIR are too close (clearance: 0.077mm, minimum: 0.1mm)
Via unnamed via and trace .U1 > .PB14 to net.POWER_HIGH_CURRENT are too close (clearance: 0.084mm, minimum: 0.1mm)
Via unnamed via and trace .U1 > .PB1 to net.EXT_DIR are too close (clearance: 0.076mm, minimum: 0.1mm)
Via unnamed via and trace .J_IO > .pin6 to net.EXT_DIR_CONN are too close (clearance: 0.087mm, minimum: 0.1mm)
Via unnamed via and trace .U1 > .PB10 to net.LIMIT1 are too close (clearance: 0.089mm, minimum: 0.1mm)
Via unnamed via and trace .U1 > .PB14 to net.POWER_HIGH_CURRENT are too close (clearance: 0.06mm, minimum: 0.1mm)
Via unnamed via and trace .U1 > .PB1 to net.EXT_DIR are too close (clearance: 0.053mm, minimum: 0.1mm)
Via unnamed via and trace .U1 > .PB10 to net.LIMIT1 are too close (clearance: 0.082mm, minimum: 0.1mm)
Via unnamed via and trace .J_IO > .pin8 to net.LIMIT1_CONN are too close (clearance: 0.091mm, minimum: 0.1mm)
Via unnamed via and trace .D_IO1 > .D2_POS to net.EXT_ENABLE_N_CONN are too close (clearance: 0.087mm, minimum: 0.1mm)
Via unnamed via and trace .J_IO > .pin9 to net.LIMIT2_CONN are too close (clearance: 0.08mm, minimum: 0.1mm)
Via unnamed via and trace .U1 > .PB1 to net.EXT_DIR are too close (clearance: 0.059mm, minimum: 0.1mm)
Via unnamed via and trace .J_IO > .pin8 to net.LIMIT1_CONN are too close (clearance: 0.069mm, minimum: 0.1mm)
Via unnamed via and trace .U1 > .PA13 to net.SWDIO are too close (clearance: 0.069mm, minimum: 0.1mm)
Via unnamed via and trace .U1 > .PB10 to net.LIMIT1 are too close (clearance: 0.022mm, minimum: 0.1mm)
Via unnamed via and trace .J_IO > .pin8 to net.LIMIT1_CONN are too close (clearance: 0.085mm, minimum: 0.1mm)
Via unnamed via and trace .U1 > .PA14_BOOT0 to net.SWCLK are too close (clearance: 0.051mm, minimum: 0.1mm)
Via unnamed via and trace .U2 > .DIR to net.TMC_DIR are too close (clearance: 0.038mm, minimum: 0.1mm)
Via unnamed via and trace .U3 > .CTRLVBUS to net.PD_OVP are too close (clearance: 0.085mm, minimum: 0.1mm)
Via unnamed via and trace .U2 > .OA2 to net.MOTOR_A2 are too close (clearance: 0.06mm, minimum: 0.1mm)
Via unnamed via and trace .U1 > .PA2 to net.TMC_UART_TX are too close (clearance: 0.084mm, minimum: 0.1mm)
Via unnamed via and trace .U2 > .STEP to net.TMC_STEP are too close (clearance: 0.068mm, minimum: 0.1mm)
Via unnamed via and trace .U9 > .V_POS to net.V3V3 are too close (clearance: 0.06mm, minimum: 0.1mm)
Via unnamed via and trace .U1 > .PA2 to net.TMC_UART_TX are too close (clearance: 0.012mm, minimum: 0.1mm)
Via unnamed via and trace .U2 > .DIR to net.TMC_DIR are too close (clearance: 0.09mm, minimum: 0.1mm)
Via unnamed via and trace .U9 > .V_POS to net.V3V3 are too close (clearance: 0.079mm, minimum: 0.1mm)
Via unnamed via and trace .U7 > .SEL3 to net.POWER_GOOD are too close (clearance: 0.059mm, minimum: 0.1mm)
Via unnamed via and trace .U7 > .SEL3 to net.POWER_GOOD are too close (clearance: 0.014mm, minimum: 0.1mm)
Via unnamed via and trace .U7 > .D3 to net.NRST_GUARDED are too close (clearance: 0.034mm, minimum: 0.1mm)
Via unnamed via and trace .C2 > .pin1 to net.V3V3 are too close (clearance: 0.071mm, minimum: 0.1mm)
Via unnamed via and trace .J_SWD > .SWDIO to net.SWDIO_CONN are too close (clearance: 0.093mm, minimum: 0.1mm)
Via unnamed via and trace .U1 > .PB2 to net.EXT_ENABLE_N are too close (clearance: 0.088mm, minimum: 0.1mm)
Via unnamed via and trace .U1 > .PB14 to net.POWER_HIGH_CURRENT are too close (clearance: 0.03mm, minimum: 0.1mm)
Via unnamed via and trace .U1 > .PB10 to net.LIMIT1 are too close (clearance: 0.05mm, minimum: 0.1mm)
Via unnamed via and trace .U1 > .PB2 to net.EXT_ENABLE_N are too close (clearance: 0.095mm, minimum: 0.1mm)
Via unnamed via and trace .J_IO > .pin6 to net.EXT_DIR_CONN are too close (clearance: 0.065mm, minimum: 0.1mm)
Via unnamed via and trace .U1 > .PA14_BOOT0 to net.SWCLK are too close (clearance: 0.088mm, minimum: 0.1mm)
Via unnamed via and trace .J_IO > .pin2 to net.CAN_H are too close (clearance: 0.011mm, minimum: 0.1mm)
Via unnamed via and trace .U1 > .PA10 to net.GND are too close (clearance: 0.077mm, minimum: 0.1mm)
Via unnamed via and trace .J_SWD > .NRST to net.NRST_CONN are too close (clearance: 0.033mm, minimum: 0.1mm)
Via unnamed via and trace .U7 > .D2 to net.SWCLK_GUARDED are too close (clearance: 0.057mm, minimum: 0.1mm)
Via unnamed via and trace .C27 > .pin1 to net.VBUS_ADC are too close (clearance: 0.077mm, minimum: 0.1mm)
Via unnamed via and trace .U10 > .N_FLT to net.EFUSE_FLT_N are too close (clearance: 0.049mm, minimum: 0.1mm)
Via unnamed via and trace .C2 > .pin1 to net.V3V3 are too close (clearance: 0.062mm, minimum: 0.1mm)
Via unnamed via and trace .U1 > .VDD to net.V3V3 are too close (clearance: 0.05mm, minimum: 0.1mm)
Via unnamed via and trace .C2 > .pin1 to net.V3V3 are too close (clearance: 0.048mm, minimum: 0.1mm)
Via unnamed via and trace .C4 > .pin1 to net.V3V3 are too close (clearance: 0.09mm, minimum: 0.1mm)
Via unnamed via and trace .R41 > .pin2 to net.EFUSE_OVP_TOP_2 are too close (clearance: 0.091mm, minimum: 0.1mm)
Via unnamed via and trace .C4 > .pin1 to net.V3V3 are too close (clearance: 0.089mm, minimum: 0.1mm)
Via unnamed via and trace .J_SWD > .NRST to net.NRST_CONN are too close (clearance: 0.088mm, minimum: 0.1mm)
Via unnamed via and trace .U10 > .N_FLT to net.EFUSE_FLT_N are too close (clearance: 0.088mm, minimum: 0.1mm)
Via unnamed via and trace .R16 > .pin1 to net.VBUS_PROTECTED are too close (clearance: 0.065mm, minimum: 0.1mm)
Via unnamed via and trace .U2 > .ENN to net.TMC_ENABLE_N are too close (clearance: 0.081mm, minimum: 0.1mm)
Via unnamed via and trace .U5 > .BST to net.BUCK_BST are too close (clearance: 0.007mm, minimum: 0.1mm)
Via unnamed via and trace .C22 > .pin1 to net.V3V3 are too close (clearance: 0.071mm, minimum: 0.1mm)
Via unnamed via and trace .U5 > .FB to net.V3V3 are too close (clearance: 0.071mm, minimum: 0.1mm)
Via unnamed via and trace .U1 > .PB5 to net.CAN_RX are too close (clearance: 0.093mm, minimum: 0.1mm)
Via unnamed via and trace .U1 > .PB10 to net.LIMIT1 are too close (clearance: 0.064mm, minimum: 0.1mm)
Via unnamed via and trace .U1 > .PB10 to net.LIMIT1 are too close (clearance: 0.073mm, minimum: 0.1mm)
Via unnamed via and trace .U1 > .PB13 to net.PD_FLT are too close (clearance: 0.094mm, minimum: 0.1mm)
Via unnamed via and trace .U10 > .EP to net.EFUSE_RTN are too close (clearance: 0.089mm, minimum: 0.1mm)
Via unnamed via and trace .U1 > .PB13 to net.PD_FLT are too close (clearance: 0.087mm, minimum: 0.1mm)
Via unnamed via and trace .U3 > .CTRLVBUS to net.PD_OVP are too close (clearance: 0.022mm, minimum: 0.1mm)
Via unnamed via and trace .U3 > .CTRLVBUS to net.PD_OVP are too close (clearance: 0.039mm, minimum: 0.1mm)
Via unnamed via and trace .U1 > .PA8 to net.PD_CC1_MCU are too close (clearance: 0.077mm, minimum: 0.1mm)
Via unnamed via and trace .U3 > .CTRLVBUS to net.PD_OVP are too close (clearance: 0.091mm, minimum: 0.1mm)
Via unnamed via and trace .U10 > .N_FLT to net.EFUSE_FLT_N are too close (clearance: 0.052mm, minimum: 0.1mm)
Via unnamed via and trace .U7 > .D2 to net.SWCLK_GUARDED are too close (clearance: 0.048mm, minimum: 0.1mm)
Via unnamed via and trace .U10 > .EP to net.EFUSE_RTN are too close (clearance: 0.067mm, minimum: 0.1mm)
Via unnamed via and trace .U3 > .SOURCE to net.VBUS_PROTECTED are too close (clearance: 0.086mm, minimum: 0.1mm)
Via unnamed via and trace .U10 > .ILIM to net.EFUSE_ILIM are too close (clearance: 0.086mm, minimum: 0.1mm)
Via unnamed via and trace .U3 > .SOURCE to net.VBUS_PROTECTED are too close (clearance: 0.088mm, minimum: 0.1mm)
Via unnamed via and trace .U3 > .GATE to net.PD_GATE are too close (clearance: 0.068mm, minimum: 0.1mm)
Via unnamed via and trace .U1 > .PA8 to net.PD_CC1_MCU are too close (clearance: 0.04mm, minimum: 0.1mm)
Via unnamed via and trace .U5 > .FB to net.V3V3 are too close (clearance: 0.033mm, minimum: 0.1mm)
Via unnamed via and trace .U5 > .GND to net.GND are too close (clearance: 0.091mm, minimum: 0.1mm)
Via unnamed via and trace .U10 > .UVLO to net.EFUSE_EN are too close (clearance: 0.015mm, minimum: 0.1mm)
Via unnamed via and trace .U10 > .OVP to net.EFUSE_OVP are too close (clearance: 0.011mm, minimum: 0.1mm)
Via unnamed via and trace .U10 > .ILIM to net.EFUSE_ILIM are too close (clearance: 0.034mm, minimum: 0.1mm)
Via unnamed via and trace .U1 > .PB15 to net.PD_CC2_MCU are too close (clearance: 0.09mm, minimum: 0.1mm)
Via unnamed via and trace .U3 > .GATE to net.PD_GATE are too close (clearance: 0.083mm, minimum: 0.1mm)
Via unnamed via and trace .U1 > .PA2 to net.TMC_UART_TX are too close (clearance: 0.094mm, minimum: 0.1mm)
Via unnamed via and trace .U2 > .DIR to net.TMC_DIR are too close (clearance: 0.094mm, minimum: 0.1mm)
Via unnamed via and trace .U2 > .STEP to net.TMC_STEP are too close (clearance: 0.066mm, minimum: 0.1mm)
Via unnamed via and trace .U9 > .V_POS to net.V3V3 are too close (clearance: 0.005mm, minimum: 0.1mm)
Via unnamed via and trace .U3 > .CTRLVBUS to net.PD_OVP are too close (clearance: 0.05mm, minimum: 0.1mm)
Via unnamed via and trace .U2 > .STEP to net.TMC_STEP are too close (clearance: 0.093mm, minimum: 0.1mm)
Via unnamed via and trace .R13 > .pin2 to net.PD_OVP_SERIES are too close (clearance: 0.095mm, minimum: 0.1mm)
Via unnamed via and trace .U3 > .CTRLVBUS to net.PD_OVP are too close (clearance: 0.033mm, minimum: 0.1mm)
Via unnamed via and trace .U1 > .PA3 to net.TMC_UART_RX are too close (clearance: 0.041mm, minimum: 0.1mm)
Via unnamed via and trace .U2 > .EP to net.GND are too close (clearance: 0.089mm, minimum: 0.1mm)
Via unnamed via and trace .U2 > .STEP to net.TMC_STEP are too close (clearance: 0.057mm, minimum: 0.1mm)
Via unnamed via and trace .U2 > .STEP to net.TMC_STEP are too close (clearance: 0.088mm, minimum: 0.1mm)
Via unnamed via and trace .U1 > .PA6 to net.TMC_STEP are too close (clearance: 0.088mm, minimum: 0.1mm)
Via unnamed via and trace .U4 > .SDA to net.I2C_SDA are too close (clearance: 0.085mm, minimum: 0.1mm)
Via unnamed via and trace .U1 > .PA1 to net.TEMP_ALERT_N are too close (clearance: 0.083mm, minimum: 0.1mm)
Via unnamed via and trace .U1 > .PA3 to net.TMC_UART_RX are too close (clearance: 0.08mm, minimum: 0.1mm)
Via unnamed via and trace .U3 > .CTRLVBUS to net.PD_OVP are too close (clearance: 0.083mm, minimum: 0.1mm)
Via unnamed via and trace .U1 > .PA3 to net.TMC_UART_RX are too close (clearance: 0.088mm, minimum: 0.1mm)
Via unnamed via and trace .U1 > .PA4 to net.TMC_ENABLE_N are too close (clearance: 0.082mm, minimum: 0.1mm)
Via unnamed via and trace .U1 > .PB5 to net.CAN_RX are too close (clearance: 0.082mm, minimum: 0.1mm)
Via unnamed via and trace .R27 > .pin2 to net.LIMIT2 are too close (clearance: 0.089mm, minimum: 0.1mm)
Via unnamed via and trace .J_IO > .pin9 to net.LIMIT2_CONN are too close (clearance: 0.08mm, minimum: 0.1mm)
Via unnamed via and trace .U1 > .PB5 to net.CAN_RX are too close (clearance: 0.02mm, minimum: 0.1mm)
Via unnamed via and trace .R27 > .pin2 to net.LIMIT2 are too close (clearance: 0.06mm, minimum: 0.1mm)
Via unnamed via and trace .D_IO2 > .D1_POS to net.LIMIT2_CONN are too close (clearance: 0.088mm, minimum: 0.1mm)
Via unnamed via and trace .Q_ILIM > .D to net.EFUSE_ILIM_SWITCH are too close (clearance: 0.078mm, minimum: 0.1mm)
Via unnamed via and trace .U10 > .ILIM to net.EFUSE_ILIM are too close (clearance: 0.086mm, minimum: 0.1mm)
Via unnamed via and trace .U10 > .MODE to net.EFUSE_RTN are too close (clearance: 0.065mm, minimum: 0.1mm)
Via unnamed via and trace .U1 > .PA1 to net.TEMP_ALERT_N are too close (clearance: 0.039mm, minimum: 0.1mm)
Via unnamed via and trace .U1 > .PA3 to net.TMC_UART_RX are too close (clearance: 0.056mm, minimum: 0.1mm)
Via unnamed via and trace .U2 > .5VOUT to net.TMC_5VOUT are too close (clearance: 0.016mm, minimum: 0.1mm)
Via unnamed via and trace .U1 > .PB13 to net.PD_FLT are too close (clearance: 0.083mm, minimum: 0.1mm)
Via unnamed via and trace .U1 > .VSS to net.GND are too close (clearance: 0.094mm, minimum: 0.1mm)
Via unnamed via and trace .U3 > .FLT to net.PD_FLT are too close (clearance: 0.058mm, minimum: 0.1mm)
Via unnamed via and trace .U1 > .PB13 to net.PD_FLT are too close (clearance: 0.086mm, minimum: 0.1mm)
Via unnamed via and trace .Q_PD > .D5 to net.VBUS_CONN are too close (clearance: 0.078mm, minimum: 0.1mm)
Via unnamed via and trace .Q_ILIM > .D to net.EFUSE_ILIM_SWITCH are too close (clearance: 0.091mm, minimum: 0.1mm)
Via unnamed via and trace .R37 > .pin2 to net.LED_FAULT_A are too close (clearance: 0.087mm, minimum: 0.1mm)
Via unnamed via and trace .Q_ILIM > .D to net.EFUSE_ILIM_SWITCH are too close (clearance: 0.09mm, minimum: 0.1mm)
Via unnamed via and trace .R37 > .pin2 to net.LED_FAULT_A are too close (clearance: 0.09mm, minimum: 0.1mm)
Via unnamed via and trace .U1 > .PB12 to net.PD_DB are too close (clearance: 0.026mm, minimum: 0.1mm)
Via unnamed via and trace .U1 > .PB15 to net.PD_CC2_MCU are too close (clearance: 0.025mm, minimum: 0.1mm)
Via unnamed via and trace .U1 > .PB5 to net.CAN_RX are too close (clearance: 0.094mm, minimum: 0.1mm)
Via unnamed via and trace .U1 > .PA9 to net.GND are too close (clearance: 0.081mm, minimum: 0.1mm)
Via unnamed via and trace .U1 > .PB15 to net.PD_CC2_MCU are too close (clearance: 0.091mm, minimum: 0.1mm)
Via unnamed via and trace .U1 > .PC6 to net.LED_STATUS_DRIVE are too close (clearance: 0.067mm, minimum: 0.1mm)
Via unnamed via and trace .U1 > .PA14_BOOT0 to net.SWCLK are too close (clearance: 0.048mm, minimum: 0.1mm)
Via unnamed via and trace .J_IO > .pin2 to net.CAN_H are too close (clearance: 0.046mm, minimum: 0.1mm)
Via unnamed via and trace .D_IO1 > .D1_POS to net.EXT_STEP_CONN are too close (clearance: 0.031mm, minimum: 0.1mm)
Via unnamed via and trace .U1 > .PA14_BOOT0 to net.SWCLK are too close (clearance: 0.077mm, minimum: 0.1mm)
Via unnamed via and trace .J_IO > .pin1 to net.GND are too close (clearance: 0.088mm, minimum: 0.1mm)
Via unnamed via and trace .U1 > .PA5 to net.TMC_DIAG are too close (clearance: 0.085mm, minimum: 0.1mm)
Via unnamed via and trace .U8 > .N_RESET to net.POWER_GOOD are too close (clearance: 0.083mm, minimum: 0.1mm)
Via unnamed via and trace .D_IO2 > .GND2 to net.GND are too close (clearance: 0.077mm, minimum: 0.1mm)
Via unnamed via and trace .U1 > .VSS to net.GND are too close (clearance: 0.077mm, minimum: 0.1mm)
Via unnamed via and trace .U1 > .PB11 to net.LIMIT2 are too close (clearance: 0.05mm, minimum: 0.1mm)
Via unnamed via and trace .U1 > .PB0 to net.EXT_STEP are too close (clearance: 0.022mm, minimum: 0.1mm)
Via unnamed via and trace .J_IO > .pin6 to net.EXT_DIR_CONN are too close (clearance: 0.056mm, minimum: 0.1mm)
Via unnamed via and trace .D_IO1 > .D1_NEG to net.EXT_DIR_CONN are too close (clearance: 0.061mm, minimum: 0.1mm)
Via unnamed via and trace .U8 > .N_RESET to net.POWER_GOOD are too close (clearance: 0.094mm, minimum: 0.1mm)
Via unnamed via and trace .U1 > .PA5 to net.TMC_DIAG are too close (clearance: 0.067mm, minimum: 0.1mm)
Via unnamed via and trace .U1 > .PB14 to net.POWER_HIGH_CURRENT are too close (clearance: 0.063mm, minimum: 0.1mm)
Via unnamed via and trace .U1 > .PB3 to net.CAN_RS are too close (clearance: 0.084mm, minimum: 0.1mm)
Via unnamed via and trace .D_IO1 > .D1_NEG to net.EXT_DIR_CONN are too close (clearance: 0mm, minimum: 0.1mm)
Via unnamed via and trace .U6 > .VCC to net.V3V3 are too close (clearance: 0.04mm, minimum: 0.1mm)
Via unnamed via and trace .C7 > .pin1 to net.V3V3 are too close (clearance: 0.056mm, minimum: 0.1mm)
Via unnamed via and trace .U1 > .PB13 to net.PD_FLT are too close (clearance: 0.095mm, minimum: 0.1mm)
Via unnamed via and trace .U6 > .CANL to net.CAN_L are too close (clearance: 0.063mm, minimum: 0.1mm)
Via unnamed via and trace .R27 > .pin2 to net.LIMIT2 are too close (clearance: 0.092mm, minimum: 0.1mm)
Via unnamed via and trace .U1 > .PA6 to net.TMC_STEP are too close (clearance: 0.086mm, minimum: 0.1mm)
Via unnamed via and trace .R13 > .pin2 to net.PD_OVP_SERIES are too close (clearance: 0.056mm, minimum: 0.1mm)
Via unnamed via and trace .U2 > .STEP to net.TMC_STEP are too close (clearance: 0.088mm, minimum: 0.1mm)
Via unnamed via and trace .R27 > .pin2 to net.LIMIT2 are too close (clearance: 0.092mm, minimum: 0.1mm)
Via unnamed via and trace .U1 > .PA6 to net.TMC_STEP are too close (clearance: 0.086mm, minimum: 0.1mm)
Via unnamed via and trace .U1 > .PC7 to net.LED_FAULT_DRIVE are too close (clearance: 0.046mm, minimum: 0.1mm)
Via unnamed via and trace .C6 > .pin1 to net.V3V3 are too close (clearance: 0.077mm, minimum: 0.1mm)
Via unnamed via and trace .R36 > .pin2 to net.LED_STATUS_A are too close (clearance: 0.062mm, minimum: 0.1mm)
Via unnamed via and trace .C6 > .pin1 to net.V3V3 are too close (clearance: 0.072mm, minimum: 0.1mm)
Via unnamed via and trace .C6 > .pin1 to net.V3V3 are too close (clearance: 0.072mm, minimum: 0.1mm)
Via unnamed via and trace .C6 > .pin1 to net.V3V3 are too close (clearance: 0.072mm, minimum: 0.1mm)
Via unnamed via and trace .R41 > .pin2 to net.EFUSE_OVP_TOP_2 are too close (clearance: 0.017mm, minimum: 0.1mm)
Via unnamed via and trace .U2 > .STEP to net.TMC_STEP are too close (clearance: 0.073mm, minimum: 0.1mm)
Via unnamed via and trace .R41 > .pin2 to net.EFUSE_OVP_TOP_2 are too close (clearance: 0.073mm, minimum: 0.1mm)
Via unnamed via and trace .U7 > .D2 to net.SWCLK_GUARDED are too close (clearance: 0.051mm, minimum: 0.1mm)
Via unnamed via and trace .U2 > .VREF to net.TMC_VREF are too close (clearance: 0.08mm, minimum: 0.1mm)
Via unnamed via and trace .U10 > .OVP to net.EFUSE_OVP are too close (clearance: 0.093mm, minimum: 0.1mm)
Via unnamed via and trace .U10 > .UVLO to net.EFUSE_EN are too close (clearance: 0.051mm, minimum: 0.1mm)
Via unnamed via and trace .U3 > .FLT to net.PD_FLT are too close (clearance: 0.068mm, minimum: 0.1mm)
Via unnamed via and trace .U1 > .PB12 to net.PD_DB are too close (clearance: 0.047mm, minimum: 0.1mm)
Via unnamed via and trace .J_USB > .GND2 to net.GND are too close (clearance: 0.076mm, minimum: 0.1mm)
Via unnamed via and trace .U3 > .FLT to net.PD_FLT are too close (clearance: 0.095mm, minimum: 0.1mm)
Via unnamed via and trace .U3 > .CC1c to net.PD_CC1_CONN are too close (clearance: 0.066mm, minimum: 0.1mm)
Via unnamed via and trace .R41 > .pin2 to net.EFUSE_OVP_TOP_2 are too close (clearance: 0.012mm, minimum: 0.1mm)
Via unnamed via and trace .R36 > .pin2 to net.LED_STATUS_A are too close (clearance: 0.048mm, minimum: 0.1mm)
Via unnamed via and trace .Q_ILIM > .D to net.EFUSE_ILIM_SWITCH are too close (clearance: 0.067mm, minimum: 0.1mm)
Via unnamed via and trace .U10 > .ILIM to net.EFUSE_ILIM are too close (clearance: 0.089mm, minimum: 0.1mm)
Via unnamed via and trace .U1 > .PA5 to net.TMC_DIAG are too close (clearance: 0.079mm, minimum: 0.1mm)
Via unnamed via and trace .U10 > .OVP to net.EFUSE_OVP are too close (clearance: 0.088mm, minimum: 0.1mm)
Via unnamed via and trace .U10 > .UVLO to net.EFUSE_EN are too close (clearance: 0.05mm, minimum: 0.1mm)
Via unnamed via and trace .U3 > .FLT to net.PD_FLT are too close (clearance: 0.074mm, minimum: 0.1mm)
Via unnamed via and trace .U1 > .PB12 to net.PD_DB are too close (clearance: 0.052mm, minimum: 0.1mm)
Via unnamed via and trace .J_USB > .GND2 to net.GND are too close (clearance: 0.075mm, minimum: 0.1mm)
Via unnamed via and trace .J_IO > .pin2 to net.CAN_H are too close (clearance: 0mm, minimum: 0.1mm)
Via unnamed via and trace .R41 > .pin2 to net.EFUSE_OVP_TOP_2 are too close (clearance: 0.084mm, minimum: 0.1mm)
Via unnamed via and trace .C2 > .pin1 to net.V3V3 are too close (clearance: 0.087mm, minimum: 0.1mm)
Via unnamed via and trace .C2 > .pin1 to net.V3V3 are too close (clearance: 0.067mm, minimum: 0.1mm)
Via unnamed via and trace .U1 > .PB14 to net.POWER_HIGH_CURRENT are too close (clearance: 0.021mm, minimum: 0.1mm)
Via unnamed via and trace .U3 > .CTRLVBUS to net.PD_OVP are too close (clearance: 0.018mm, minimum: 0.1mm)
Via unnamed via and trace .U1 > .PA5 to net.TMC_DIAG are too close (clearance: 0.083mm, minimum: 0.1mm)
Via unnamed via and trace .U2 > .DIR to net.TMC_DIR are too close (clearance: 0.052mm, minimum: 0.1mm)
Via unnamed via and trace .R41 > .pin2 to net.EFUSE_OVP_TOP_2 are too close (clearance: 0.092mm, minimum: 0.1mm)
Via unnamed via and trace .U1 > .PB15 to net.PD_CC2_MCU are too close (clearance: 0.094mm, minimum: 0.1mm)
Via unnamed via and trace .U1 > .PA3 to net.TMC_UART_RX are too close (clearance: 0.089mm, minimum: 0.1mm)
Via unnamed via and trace .R36 > .pin2 to net.LED_STATUS_A are too close (clearance: 0.064mm, minimum: 0.1mm)
Via unnamed via and trace .U1 > .PB13 to net.PD_FLT are too close (clearance: 0.001mm, minimum: 0.1mm)
Via unnamed via and trace .U9 > .ALERT to net.TEMP_ALERT_N are too close (clearance: 0.016mm, minimum: 0.1mm)
Via unnamed via and trace .U3 > .CTRLVBUS to net.PD_OVP are too close (clearance: 0.037mm, minimum: 0.1mm)
Via unnamed via and trace .R10 > .pin2 to net.TMC_VREF are too close (clearance: 0.074mm, minimum: 0.1mm)
Via unnamed via and trace .U1 > .PA2 to net.TMC_UART_TX are too close (clearance: 0.044mm, minimum: 0.1mm)
Via unnamed via and trace .R43 > .pin2 to net.EFUSE_RTN are too close (clearance: 0.074mm, minimum: 0.1mm)
Via unnamed via and trace .U1 > .PA14_BOOT0 to net.SWCLK are too close (clearance: 0.063mm, minimum: 0.1mm)
Via unnamed via and trace .U1 > .PB15 to net.PD_CC2_MCU are too close (clearance: 0.09mm, minimum: 0.1mm)
Via unnamed via and trace .U1 > .PB12 to net.PD_DB are too close (clearance: 0.02mm, minimum: 0.1mm)
Via unnamed via and trace .U1 > .PC6 to net.LED_STATUS_DRIVE are too close (clearance: 0.089mm, minimum: 0.1mm)
Via unnamed via and trace .U1 > .PA13 to net.SWDIO are too close (clearance: 0.063mm, minimum: 0.1mm)
Via unnamed via and trace .Q_ILIM > .D to net.EFUSE_ILIM_SWITCH are too close (clearance: 0.091mm, minimum: 0.1mm)
Via unnamed via and trace .U10 > .UVLO to net.EFUSE_EN are too close (clearance: 0.036mm, minimum: 0.1mm)
Via unnamed via and trace .L1 > .pin1 to net.BUCK_SW are too close (clearance: 0.049mm, minimum: 0.1mm)
Via unnamed via and trace .U10 > .IN1 to net.VBUS_PROTECTED are too close (clearance: 0.094mm, minimum: 0.1mm)
Via unnamed via and trace .L1 > .pin2 to net.V3V3 are too close (clearance: 0.077mm, minimum: 0.1mm)
Via unnamed via and trace .U3 > .VCC to net.V3V3 are too close (clearance: 0.076mm, minimum: 0.1mm)
Via unnamed via and pad R48.pin1 are too close (clearance: 0mm, minimum: 0.15mm)
Via unnamed via and pad R4.pin2 are too close (clearance: 0mm, minimum: 0.15mm)
Via unnamed via and pad U10.ILIM are too close (clearance: 0.087mm, minimum: 0.15mm)
Via unnamed via and pad J_USB.GND1 are too close (clearance: 0mm, minimum: 0.15mm)
Via unnamed via and pad R3.pin1 are too close (clearance: 0mm, minimum: 0.15mm)
Via unnamed via and pad R3.pin2 are too close (clearance: 0mm, minimum: 0.15mm)
Via unnamed via and pad R14.pin1 are too close (clearance: 0.121mm, minimum: 0.15mm)
Via unnamed via and pad U10.IMON are too close (clearance: 0mm, minimum: 0.15mm)
Via unnamed via and pad R44.pin2 are too close (clearance: 0mm, minimum: 0.15mm)
Via unnamed via and pad L1.pin2 are too close (clearance: 0.124mm, minimum: 0.15mm)
Via unnamed via and pad U3.VCC are too close (clearance: 0mm, minimum: 0.15mm)
Via unnamed via and pad L1.pin2 are too close (clearance: 0mm, minimum: 0.15mm)
Via unnamed via and pad R48.pin2 are too close (clearance: 0.05mm, minimum: 0.15mm)
Via unnamed via and pad L1.pin1 are too close (clearance: 0mm, minimum: 0.15mm)
Via unnamed via and pad U3.VCC are too close (clearance: 0mm, minimum: 0.15mm)
Via unnamed via and pad C15.pin2 are too close (clearance: 0mm, minimum: 0.15mm)
Via unnamed via and pad R13.pin1 are too close (clearance: 0.1mm, minimum: 0.15mm)
Via unnamed via and pad C15.pin2 are too close (clearance: 0mm, minimum: 0.15mm)
Via unnamed via and pad R32.pin1 are too close (clearance: 0.128mm, minimum: 0.15mm)
Via unnamed via and pad C29.pin2 are too close (clearance: 0.049mm, minimum: 0.15mm)
Via unnamed via and pad U8.N_RESET are too close (clearance: 0mm, minimum: 0.15mm)
Via unnamed via and pad J_USB.SBU1 are too close (clearance: 0mm, minimum: 0.15mm)
Via unnamed via and pad J_USB.CC2 are too close (clearance: 0mm, minimum: 0.15mm)
Via unnamed via and pad R40.pin1 are too close (clearance: 0.025mm, minimum: 0.15mm)
Via unnamed via and pad L1.pin1 are too close (clearance: 0mm, minimum: 0.15mm)
Via unnamed via and pad U2.MS1_AD0 are too close (clearance: -0.004mm, minimum: 0.15mm)
Via unnamed via and pad C11.pin2 are too close (clearance: 0.139mm, minimum: 0.15mm)
Via unnamed via and pad L1.pin2 are too close (clearance: 0.086mm, minimum: 0.15mm)
Via unnamed via and pad R39.pin2 are too close (clearance: 0mm, minimum: 0.15mm)
Via unnamed via and pad D_IO1.NC2 are too close (clearance: 0mm, minimum: 0.15mm)
Via unnamed via and pad D_IO1.GND1 are too close (clearance: 0mm, minimum: 0.15mm)
Via unnamed via and pad R4.pin1 are too close (clearance: 0.094mm, minimum: 0.15mm)
Via unnamed via and pad U2.PDN_UART are too close (clearance: 0.091mm, minimum: 0.15mm)
Via unnamed via and pad U10.N_C1 are too close (clearance: 0mm, minimum: 0.15mm)
Via unnamed via and pad U10.dVdT are too close (clearance: 0.077mm, minimum: 0.15mm)
Via unnamed via and pad C33.pin1 are too close (clearance: 0mm, minimum: 0.15mm)
Via unnamed via and pad U1.PB5 are too close (clearance: 0.108mm, minimum: 0.15mm)
Via unnamed via and pad U1.PB3 are too close (clearance: 0.037mm, minimum: 0.15mm)
Via unnamed via and pad R30.pin2 are too close (clearance: 0.069mm, minimum: 0.15mm)
Via unnamed via and pad R25.pin2 are too close (clearance: 0.021mm, minimum: 0.15mm)
Via unnamed via and pad R34.pin1 are too close (clearance: 0.106mm, minimum: 0.15mm)
Via unnamed via and pad D_CAN.pin1 are too close (clearance: 0.009mm, minimum: 0.15mm)
Via unnamed via and pad U1.PC6 are too close (clearance: 0.008mm, minimum: 0.15mm)
Via unnamed via and pad U1.PA15 are too close (clearance: 0.016mm, minimum: 0.15mm)
Via unnamed via and pad R37.pin2 are too close (clearance: 0mm, minimum: 0.15mm)
Via unnamed via and pad U6.D are too close (clearance: 0.11mm, minimum: 0.15mm)
Via unnamed via and pad U4.SDA are too close (clearance: 0.134mm, minimum: 0.15mm)
Via unnamed via and pad R35.pin1 are too close (clearance: 0.024mm, minimum: 0.15mm)
Via unnamed via and pad LED_STATUS.cathode are too close (clearance: 0mm, minimum: 0.15mm)
Via unnamed via and pad R36.pin1 are too close (clearance: 0.085mm, minimum: 0.15mm)
Via unnamed via and pad LED_POWER.cathode are too close (clearance: 0.087mm, minimum: 0.15mm)
Via unnamed via and pad R13.pin2 are too close (clearance: 0mm, minimum: 0.15mm)
Via unnamed via and pad R26.pin1 are too close (clearance: 0.086mm, minimum: 0.15mm)
Via unnamed via and pad R25.pin1 are too close (clearance: 0mm, minimum: 0.15mm)
Via unnamed via and pad D_IO2.NC4 are too close (clearance: 0mm, minimum: 0.15mm)
Via unnamed via and pad D_IO2.NC4 are too close (clearance: 0mm, minimum: 0.15mm)
Via unnamed via and pad R27.pin2 are too close (clearance: 0.107mm, minimum: 0.15mm)
Via unnamed via and pad U1.PD1 are too close (clearance: 0.098mm, minimum: 0.15mm)
Via unnamed via and pad R25.pin2 are too close (clearance: 0.027mm, minimum: 0.15mm)
Via unnamed via and pad R25.pin1 are too close (clearance: 0.05mm, minimum: 0.15mm)
Via unnamed via and pad U1.PB1 are too close (clearance: -0.029mm, minimum: 0.15mm)
Via unnamed via and pad D_IO2.NC1 are too close (clearance: 0.063mm, minimum: 0.15mm)
Via unnamed via and pad D_IO2.NC1 are too close (clearance: 0.071mm, minimum: 0.15mm)
Via unnamed via and pad J_IO.pin5 are too close (clearance: 0.132mm, minimum: 0.15mm)
Via unnamed via and pad D_IO2.NC1 are too close (clearance: 0mm, minimum: 0.15mm)
Via unnamed via and pad U1.PC6 are too close (clearance: -0.083mm, minimum: 0.15mm)
Via unnamed via and pad U1.PA9 are too close (clearance: 0.055mm, minimum: 0.15mm)
Via unnamed via and pad R24.pin2 are too close (clearance: 0mm, minimum: 0.15mm)
Via unnamed via and pad U1.PA14_BOOT0 are too close (clearance: 0.038mm, minimum: 0.15mm)
Via unnamed via and pad C19.pin2 are too close (clearance: 0mm, minimum: 0.15mm)
Via unnamed via and pad U1.VDD are too close (clearance: 0.114mm, minimum: 0.15mm)
Via unnamed via and pad C31.pin2 are too close (clearance: 0.064mm, minimum: 0.15mm)
Via unnamed via and pad J_SWD.SWCLK are too close (clearance: 0.088mm, minimum: 0.15mm)
Via unnamed via and pad U7.SEL3 are too close (clearance: 0mm, minimum: 0.15mm)
Via unnamed via and pad J_USB.SHELL3 are too close (clearance: 0mm, minimum: 0.15mm)
Via unnamed via and pad J_SWD.NRST are too close (clearance: 0.043mm, minimum: 0.15mm)
Via unnamed via and pad C28.pin2 are too close (clearance: 0.021mm, minimum: 0.15mm)
Via unnamed via and pad R1.pin1 are too close (clearance: 0.017mm, minimum: 0.15mm)
Via unnamed via and pad D_IO1.NC1 are too close (clearance: 0.003mm, minimum: 0.15mm)
Via unnamed via and pad D_IO1.NC2 are too close (clearance: 0mm, minimum: 0.15mm)
Via unnamed via and pad D_CAN.pin2 are too close (clearance: 0mm, minimum: 0.15mm)
Via unnamed via and pad U7.GND are too close (clearance: 0mm, minimum: 0.15mm)
Via unnamed via and pad U7.D3 are too close (clearance: 0.043mm, minimum: 0.15mm)
Via unnamed via and pad J_SWD.VOUT are too close (clearance: 0.062mm, minimum: 0.15mm)
Via unnamed via and pad R51.pin2 are too close (clearance: 0.108mm, minimum: 0.15mm)
Via unnamed via and pad U1.PC13 are too close (clearance: 0.119mm, minimum: 0.15mm)
Via unnamed via and pad C13.pin2 are too close (clearance: 0.032mm, minimum: 0.15mm)
Via unnamed via and pad U5.SW are too close (clearance: 0.142mm, minimum: 0.15mm)
Via unnamed via and pad R12.pin1 are too close (clearance: 0mm, minimum: 0.15mm)
Via unnamed via and pad J_IO.pin4 are too close (clearance: 0mm, minimum: 0.15mm)
Via unnamed via and pad LED_POWER.cathode are too close (clearance: 0mm, minimum: 0.15mm)
Via unnamed via and pad U4.PGO are too close (clearance: -0.078mm, minimum: 0.15mm)
Via unnamed via and pad U1.PB11 are too close (clearance: 0.002mm, minimum: 0.15mm)
Via unnamed via and pad U3.EP are too close (clearance: 0.067mm, minimum: 0.15mm)
Via unnamed via and pad L1.pin1 are too close (clearance: 0.145mm, minimum: 0.15mm)
Via unnamed via and pad U3.FLT are too close (clearance: 0.115mm, minimum: 0.15mm)
Via unnamed via and pad L1.pin1 are too close (clearance: 0.095mm, minimum: 0.15mm)
Via unnamed via and pad C15.pin1 are too close (clearance: 0mm, minimum: 0.15mm)
Via unnamed via and pad U4.VDD3V3 are too close (clearance: 0mm, minimum: 0.15mm)
Via unnamed via and pad R2.pin1 are too close (clearance: 0.14mm, minimum: 0.15mm)
Via unnamed via and pad R2.pin2 are too close (clearance: 0mm, minimum: 0.15mm)
Via unnamed via and pad U4.VDD5V are too close (clearance: 0.042mm, minimum: 0.15mm)
Via unnamed via and pad U3.SOURCE are too close (clearance: 0.117mm, minimum: 0.15mm)
Via unnamed via and pad C10.pin1 are too close (clearance: 0mm, minimum: 0.15mm)
Via unnamed via and pad U3.EP are too close (clearance: 0mm, minimum: 0.15mm)
Via unnamed via and pad U3.VCC are too close (clearance: 0.026mm, minimum: 0.15mm)
Via unnamed via and pad U3.FLT are too close (clearance: 0.137mm, minimum: 0.15mm)
Via unnamed via and pad C20.pin1 are too close (clearance: 0mm, minimum: 0.15mm)
Via unnamed via and pad J_USB.SHELL3 are too close (clearance: 0.068mm, minimum: 0.15mm)
Via unnamed via and pad J_USB.DN2 are too close (clearance: 0.145mm, minimum: 0.15mm)
Via unnamed via and pad J_USB.DP1 are too close (clearance: 0mm, minimum: 0.15mm)
Via unnamed via and pad J_USB.DN1 are too close (clearance: 0mm, minimum: 0.15mm)
Via unnamed via and pad C23.pin2 are too close (clearance: 0.102mm, minimum: 0.15mm)
Via unnamed via and pad L1.pin1 are too close (clearance: 0.057mm, minimum: 0.15mm)
Via unnamed via and pad L1.pin1 are too close (clearance: 0.028mm, minimum: 0.15mm)
Via unnamed via and pad C22.pin2 are too close (clearance: 0mm, minimum: 0.15mm)
Via unnamed via and pad R22.pin2 are too close (clearance: 0mm, minimum: 0.15mm)
Via unnamed via and pad J_USB.SHELL4 are too close (clearance: 0.115mm, minimum: 0.15mm)
Via unnamed via and pad L1.pin1 are too close (clearance: 0.017mm, minimum: 0.15mm)
Via unnamed via and pad L1.pin1 are too close (clearance: 0mm, minimum: 0.15mm)
Via unnamed via and pad L1.pin1 are too close (clearance: 0mm, minimum: 0.15mm)
Via unnamed via and pad C22.pin1 are too close (clearance: 0mm, minimum: 0.15mm)
Via unnamed via and pad R39.pin2 are too close (clearance: 0.023mm, minimum: 0.15mm)
Via unnamed via and pad D_VBUS.pin1 are too close (clearance: 0.116mm, minimum: 0.15mm)
Via unnamed via and pad R39.pin1 are too close (clearance: 0.076mm, minimum: 0.15mm)
Via unnamed via and pad C12.pin1 are too close (clearance: 0.136mm, minimum: 0.15mm)
Via unnamed via and pad U3.SOURCE are too close (clearance: 0.039mm, minimum: 0.15mm)
Via unnamed via and pad R6.pin1 are too close (clearance: 0.065mm, minimum: 0.15mm)
Via unnamed via and pad U2.VS1 are too close (clearance: 0.054mm, minimum: 0.15mm)
Via unnamed via and pad R6.pin1 are too close (clearance: 0.117mm, minimum: 0.15mm)
Via unnamed via and pad R4.pin2 are too close (clearance: 0.091mm, minimum: 0.15mm)
Via unnamed via and pad U9.SDA are too close (clearance: 0.027mm, minimum: 0.15mm)
Via unnamed via and pad C16.pin1 are too close (clearance: 0mm, minimum: 0.15mm)
Via unnamed via and pad R49.pin2 are too close (clearance: 0.134mm, minimum: 0.15mm)
Via unnamed via and pad R8.pin1 are too close (clearance: 0mm, minimum: 0.15mm)
Via unnamed via and pad R11.pin1 are too close (clearance: 0.124mm, minimum: 0.15mm)
Via unnamed via and pad R33.pin1 are too close (clearance: 0.143mm, minimum: 0.15mm)
Via unnamed via and pad C16.pin2 are too close (clearance: 0mm, minimum: 0.15mm)
Via unnamed via and pad R4.pin2 are too close (clearance: 0.069mm, minimum: 0.15mm)
Via unnamed via and pad D_IO2.D1_POS are too close (clearance: 0.049mm, minimum: 0.15mm)
Via unnamed via and pad C31.pin1 are too close (clearance: 0mm, minimum: 0.15mm)
Via unnamed via and pad D_IO2.D1_NEG are too close (clearance: 0.1mm, minimum: 0.15mm)
Via unnamed via and pad U4.GND are too close (clearance: 0.01mm, minimum: 0.15mm)
Via unnamed via and pad C15.pin2 are too close (clearance: 0mm, minimum: 0.15mm)
Via unnamed via and pad U2.INDEX are too close (clearance: -0.135mm, minimum: 0.15mm)
Via unnamed via and pad U2.VREF are too close (clearance: -0.015mm, minimum: 0.15mm)
Via unnamed via and pad C21.pin1 are too close (clearance: 0.114mm, minimum: 0.15mm)
Via unnamed via and pad D_IO2.D2_NEG are too close (clearance: 0mm, minimum: 0.15mm)
Via unnamed via and pad U4.GND are too close (clearance: -0.06mm, minimum: 0.15mm)
Via unnamed via and pad C8.pin2 are too close (clearance: 0mm, minimum: 0.15mm)
Via unnamed via and pad J_IO.pin2 are too close (clearance: 0mm, minimum: 0.15mm)
Via unnamed via and pad U1.PB15 are too close (clearance: 0.087mm, minimum: 0.15mm)
Via unnamed via and pad U1.PB14 are too close (clearance: 0.111mm, minimum: 0.15mm)
Via unnamed via and pad U1.PA9 are too close (clearance: 0.118mm, minimum: 0.15mm)
Via unnamed via and pad U1.PC7 are too close (clearance: -0.057mm, minimum: 0.15mm)
Via unnamed via and pad U1.PC6 are too close (clearance: 0.112mm, minimum: 0.15mm)
Via unnamed via and pad J_IO.pin1 are too close (clearance: 0mm, minimum: 0.15mm)
Via unnamed via and pad R26.pin2 are too close (clearance: 0mm, minimum: 0.15mm)
Via unnamed via and pad C31.pin2 are too close (clearance: 0mm, minimum: 0.15mm)
Via unnamed via and pad J_IO.pin8 are too close (clearance: 0mm, minimum: 0.15mm)
Via unnamed via and pad C20.pin1 are too close (clearance: 0mm, minimum: 0.15mm)
Via unnamed via and pad R26.pin2 are too close (clearance: 0mm, minimum: 0.15mm)
Via unnamed via and pad R26.pin1 are too close (clearance: 0mm, minimum: 0.15mm)
Via unnamed via and pad R25.pin2 are too close (clearance: 0mm, minimum: 0.15mm)
Via unnamed via and pad R28.pin1 are too close (clearance: 0.138mm, minimum: 0.15mm)
Via unnamed via and pad R34.pin1 are too close (clearance: 0.02mm, minimum: 0.15mm)
Via unnamed via and pad C7.pin2 are too close (clearance: 0mm, minimum: 0.15mm)
Via unnamed via and pad U4.VDD5V are too close (clearance: -0.112mm, minimum: 0.15mm)
Via unnamed via and pad U9.GND are too close (clearance: 0.101mm, minimum: 0.15mm)
Via unnamed via and pad U9.V_POS are too close (clearance: 0.099mm, minimum: 0.15mm)
Via unnamed via and pad LED_FAULT.cathode are too close (clearance: 0mm, minimum: 0.15mm)
Via unnamed via and pad LED_FAULT.anode are too close (clearance: 0.117mm, minimum: 0.15mm)
Via unnamed via and pad C6.pin1 are too close (clearance: 0mm, minimum: 0.15mm)
Via unnamed via and pad LED_STATUS.anode are too close (clearance: 0mm, minimum: 0.15mm)
Via unnamed via and pad C6.pin2 are too close (clearance: 0.094mm, minimum: 0.15mm)
Via unnamed via and pad R32.pin2 are too close (clearance: 0mm, minimum: 0.15mm)
Via unnamed via and pad R37.pin1 are too close (clearance: 0mm, minimum: 0.15mm)
Via unnamed via and pad C6.pin2 are too close (clearance: 0.121mm, minimum: 0.15mm)
Via unnamed via and pad R15.pin1 are too close (clearance: 0mm, minimum: 0.15mm)
Via unnamed via and pad U3.FLT are too close (clearance: 0.093mm, minimum: 0.15mm)
Via unnamed via and pad R32.pin2 are too close (clearance: 0mm, minimum: 0.15mm)
Via unnamed via and pad R9.pin2 are too close (clearance: 0.063mm, minimum: 0.15mm)
Via unnamed via and pad U3.FLT are too close (clearance: 0.099mm, minimum: 0.15mm)
Via unnamed via and pad U1.PF0_OSC_IN are too close (clearance: 0.078mm, minimum: 0.15mm)
Via unnamed via and pad L1.pin2 are too close (clearance: 0.127mm, minimum: 0.15mm)
Via unnamed via and pad R37.pin2 are too close (clearance: 0mm, minimum: 0.15mm)
Via unnamed via and pad R36.pin2 are too close (clearance: 0.074mm, minimum: 0.15mm)
Via unnamed via and pad Q_PD.pin9 are too close (clearance: 0mm, minimum: 0.15mm)
Via unnamed via and pad R41.pin1 are too close (clearance: 0.105mm, minimum: 0.15mm)
Via unnamed via and pad U4.SCL are too close (clearance: -0.043mm, minimum: 0.15mm)
Via unnamed via and pad R43.pin1 are too close (clearance: 0mm, minimum: 0.15mm)
Via unnamed via and pad R43.pin2 are too close (clearance: 0.104mm, minimum: 0.15mm)
Via unnamed via and pad R16.pin1 are too close (clearance: 0.034mm, minimum: 0.15mm)
Via unnamed via and pad U1.PA8 are too close (clearance: -0.135mm, minimum: 0.15mm)
Via unnamed via and pad U1.PB15 are too close (clearance: -0.009mm, minimum: 0.15mm)
Via unnamed via and pad J_SWD.SWDIO are too close (clearance: 0.1mm, minimum: 0.15mm)
Via unnamed via and pad U1.PB13 are too close (clearance: 0.11mm, minimum: 0.15mm)
Via unnamed via and pad J_IO.pin3 are too close (clearance: 0mm, minimum: 0.15mm)
Via unnamed via and pad J_IO.pin2 are too close (clearance: 0.142mm, minimum: 0.15mm)
Via unnamed via and pad C17.pin1 are too close (clearance: 0.113mm, minimum: 0.15mm)
Via unnamed via and pad C10.pin2 are too close (clearance: 0.054mm, minimum: 0.15mm)
Via unnamed via and pad C10.pin1 are too close (clearance: 0mm, minimum: 0.15mm)
Via unnamed via and pad U10.IN2 are too close (clearance: 0.125mm, minimum: 0.15mm)
Via unnamed via and pad U10.IN1 are too close (clearance: 0.084mm, minimum: 0.15mm)
Via unnamed via and pad C20.pin1 are too close (clearance: 0.13mm, minimum: 0.15mm)
Vias unnamed via and unnamed via are too close together (gap: -0.059mm)
Vias unnamed via and unnamed via are too close together (gap: -0.199mm)
Vias unnamed via and unnamed via are too close together (gap: 0.041mm)
Vias unnamed via and unnamed via are too close together (gap: -0.239mm)
Vias unnamed via and unnamed via are too close together (gap: -0.227mm)
Vias unnamed via and unnamed via are too close together (gap: -0.210mm)
Vias unnamed via and unnamed via are too close together (gap: -0.287mm)
Vias unnamed via and unnamed via are too close together (gap: -0.270mm)
Vias unnamed via and unnamed via are too close together (gap: -0.279mm)
Vias unnamed via and unnamed via are too close together (gap: -0.231mm)
Vias unnamed via and unnamed via are too close together (gap: -0.275mm)
Vias unnamed via and unnamed via are too close together (gap: -0.288mm)
Vias unnamed via and unnamed via are too close together (gap: -0.265mm)
Vias unnamed via and unnamed via are too close together (gap: -0.261mm)
Vias unnamed via and unnamed via are too close together (gap: -0.290mm)
Vias unnamed via and unnamed via are too close together (gap: -0.271mm)
Vias unnamed via and unnamed via are too close together (gap: -0.287mm)
Vias unnamed via and unnamed via are too close together (gap: -0.292mm)
Vias unnamed via and unnamed via are too close together (gap: -0.291mm)
Vias unnamed via and unnamed via are too close together (gap: -0.287mm)
Vias unnamed via and unnamed via are too close together (gap: -0.294mm)
Vias unnamed via and unnamed via are too close together (gap: -0.294mm)
Vias unnamed via and unnamed via are too close together (gap: -0.292mm)
Vias unnamed via and unnamed via from different nets are too close together (gap: 0.116mm)
Vias unnamed via and unnamed via from different nets are too close together (gap: 0.078mm)
Vias unnamed via and unnamed via from different nets are too close together (gap: 0.199mm)
Vias unnamed via and unnamed via from different nets are too close together (gap: 0.272mm)
Vias unnamed via and unnamed via from different nets are too close together (gap: -0.023mm)
Vias unnamed via and unnamed via from different nets are too close together (gap: 0.214mm)
Vias unnamed via and unnamed via from different nets are too close together (gap: 0.003mm)
Vias unnamed via and unnamed via from different nets are too close together (gap: -0.003mm)
Vias unnamed via and unnamed via from different nets are too close together (gap: 0.233mm)
Vias unnamed via and unnamed via from different nets are too close together (gap: 0.041mm)
Vias unnamed via and unnamed via from different nets are too close together (gap: 0.119mm)
Vias unnamed via and unnamed via from different nets are too close together (gap: 0.173mm)
Vias unnamed via and unnamed via from different nets are too close together (gap: 0.035mm)
Vias unnamed via and unnamed via from different nets are too close together (gap: 0.146mm)
Vias unnamed via and unnamed via from different nets are too close together (gap: 0.239mm)
Vias unnamed via and unnamed via from different nets are too close together (gap: 0.212mm)
Vias unnamed via and unnamed via from different nets are too close together (gap: -0.029mm)
Vias unnamed via and unnamed via from different nets are too close together (gap: 0.031mm)
Vias unnamed via and unnamed via from different nets are too close together (gap: 0.018mm)
Vias unnamed via and unnamed via from different nets are too close together (gap: -0.049mm)
Vias unnamed via and unnamed via from different nets are too close together (gap: 0.008mm)
Vias unnamed via and unnamed via from different nets are too close together (gap: 0.021mm)
Vias unnamed via and unnamed via from different nets are too close together (gap: 0.033mm)
Vias unnamed via and unnamed via from different nets are too close together (gap: -0.034mm)
Vias unnamed via and unnamed via from different nets are too close together (gap: 0.229mm)
Vias unnamed via and unnamed via from different nets are too close together (gap: 0.318mm)
Vias unnamed via and unnamed via from different nets are too close together (gap: 0.198mm)
Vias unnamed via and unnamed via from different nets are too close together (gap: -0.002mm)
Vias unnamed via and unnamed via from different nets are too close together (gap: -0.041mm)
Vias unnamed via and unnamed via from different nets are too close together (gap: 0.125mm)
Vias unnamed via and unnamed via from different nets are too close together (gap: 0.053mm)
Vias unnamed via and unnamed via from different nets are too close together (gap: 0.304mm)
Vias unnamed via and unnamed via from different nets are too close together (gap: 0.222mm)
Vias unnamed via and unnamed via from different nets are too close together (gap: -0.049mm)
Vias unnamed via and unnamed via from different nets are too close together (gap: 0.205mm)
Vias unnamed via and unnamed via from different nets are too close together (gap: 0.012mm)
Vias unnamed via and unnamed via from different nets are too close together (gap: 0.048mm)
Vias unnamed via and unnamed via from different nets are too close together (gap: -0.099mm)
Vias unnamed via and unnamed via from different nets are too close together (gap: 0.061mm)
Vias unnamed via and unnamed via from different nets are too close together (gap: -0.014mm)
Vias unnamed via and unnamed via from different nets are too close together (gap: 0.129mm)
Vias unnamed via and unnamed via from different nets are too close together (gap: 0.248mm)
Vias unnamed via and unnamed via from different nets are too close together (gap: 0.258mm)
Vias unnamed via and unnamed via from different nets are too close together (gap: 0.259mm)
Vias unnamed via and unnamed via from different nets are too close together (gap: 0.258mm)
Vias unnamed via and unnamed via from different nets are too close together (gap: 0.202mm)
Vias unnamed via and unnamed via from different nets are too close together (gap: 0.294mm)
Vias unnamed via and unnamed via from different nets are too close together (gap: 0.311mm)
Vias unnamed via and unnamed via from different nets are too close together (gap: 0.007mm)
Vias unnamed via and unnamed via from different nets are too close together (gap: 0.046mm)
Vias unnamed via and unnamed via from different nets are too close together (gap: 0.254mm)
Vias unnamed via and unnamed via from different nets are too close together (gap: 0.253mm)
Vias unnamed via and unnamed via from different nets are too close together (gap: 0.260mm)
Vias unnamed via and unnamed via from different nets are too close together (gap: 0.260mm)
Vias unnamed via and unnamed via from different nets are too close together (gap: 0.213mm)
Vias unnamed via and unnamed via from different nets are too close together (gap: 0.194mm)
Vias unnamed via and unnamed via from different nets are too close together (gap: 0.249mm)
Vias unnamed via and unnamed via from different nets are too close together (gap: -0.037mm)
Vias unnamed via and unnamed via from different nets are too close together (gap: 0.212mm)
Vias unnamed via and unnamed via from different nets are too close together (gap: 0.135mm)
Vias unnamed via and unnamed via from different nets are too close together (gap: 0.267mm)
Vias unnamed via and unnamed via from different nets are too close together (gap: -0.051mm)
Vias unnamed via and unnamed via from different nets are too close together (gap: 0.235mm)
Vias unnamed via and unnamed via from different nets are too close together (gap: 0.283mm)
Vias unnamed via and unnamed via from different nets are too close together (gap: 0.260mm)
Vias unnamed via and unnamed via from different nets are too close together (gap: 0.245mm)
Vias unnamed via and unnamed via from different nets are too close together (gap: 0.244mm)
Vias unnamed via and unnamed via from different nets are too close together (gap: 0.118mm)
Vias unnamed via and unnamed via from different nets are too close together (gap: 0.344mm)
Vias unnamed via and unnamed via from different nets are too close together (gap: 0.048mm)
Vias unnamed via and unnamed via from different nets are too close together (gap: 0.159mm)
Vias unnamed via and unnamed via from different nets are too close together (gap: 0.034mm)
Vias unnamed via and unnamed via from different nets are too close together (gap: 0.293mm)
Vias unnamed via and unnamed via from different nets are too close together (gap: 0.301mm)
Vias unnamed via and unnamed via from different nets are too close together (gap: 0.202mm)
Vias unnamed via and unnamed via from different nets are too close together (gap: 0.254mm)
Vias unnamed via and unnamed via from different nets are too close together (gap: 0.095mm)
Vias unnamed via and unnamed via from different nets are too close together (gap: 0.093mm)
Vias unnamed via and unnamed via from different nets are too close together (gap: 0.100mm)
Vias unnamed via and unnamed via from different nets are too close together (gap: 0.095mm)
Vias unnamed via and unnamed via from different nets are too close together (gap: 0.099mm)
Vias unnamed via and unnamed via from different nets are too close together (gap: 0.094mm)
Vias unnamed via and unnamed via from different nets are too close together (gap: 0.222mm)
Vias unnamed via and unnamed via from different nets are too close together (gap: 0.229mm)
Vias unnamed via and unnamed via from different nets are too close together (gap: 0.139mm)
Vias unnamed via and unnamed via from different nets are too close together (gap: 0.222mm)
Vias unnamed via and unnamed via from different nets are too close together (gap: -0.036mm)
Vias unnamed via and unnamed via from different nets are too close together (gap: -0.033mm)
Vias unnamed via and unnamed via from different nets are too close together (gap: 0.249mm)
Vias unnamed via and unnamed via from different nets are too close together (gap: 0.231mm)
Vias unnamed via and unnamed via from different nets are too close together (gap: 0.069mm)
Vias unnamed via and unnamed via from different nets are too close together (gap: 0.101mm)
Vias unnamed via and unnamed via from different nets are too close together (gap: 0.244mm)
Vias unnamed via and unnamed via from different nets are too close together (gap: 0.006mm)
Vias unnamed via and unnamed via from different nets are too close together (gap: 0.210mm)
Vias unnamed via and unnamed via from different nets are too close together (gap: 0.302mm)
Vias unnamed via and unnamed via from different nets are too close together (gap: 0.283mm)
Vias unnamed via and unnamed via from different nets are too close together (gap: 0.241mm)
Vias unnamed via and unnamed via from different nets are too close together (gap: 0.256mm)
Vias unnamed via and unnamed via from different nets are too close together (gap: 0.192mm)
Vias unnamed via and unnamed via from different nets are too close together (gap: 0.167mm)
Vias unnamed via and unnamed via from different nets are too close together (gap: 0.171mm)
Vias unnamed via and unnamed via from different nets are too close together (gap: 0.234mm)
Vias unnamed via and unnamed via from different nets are too close together (gap: 0.262mm)
Vias unnamed via and unnamed via from different nets are too close together (gap: 0.227mm)
Vias unnamed via and unnamed via from different nets are too close together (gap: 0.114mm)
Vias unnamed via and unnamed via from different nets are too close together (gap: 0.113mm)
Vias unnamed via and unnamed via from different nets are too close together (gap: 0.111mm)
Vias unnamed via and unnamed via from different nets are too close together (gap: 0.114mm)
Vias unnamed via and unnamed via from different nets are too close together (gap: 0.110mm)
Vias unnamed via and unnamed via from different nets are too close together (gap: 0.208mm)
Vias unnamed via and unnamed via from different nets are too close together (gap: -0.053mm)
Vias unnamed via and unnamed via from different nets are too close together (gap: -0.034mm)
Vias unnamed via and unnamed via from different nets are too close together (gap: 0.132mm)
Vias unnamed via and unnamed via from different nets are too close together (gap: 0.307mm)
Vias unnamed via and unnamed via from different nets are too close together (gap: 0.283mm)
Vias unnamed via and unnamed via from different nets are too close together (gap: 0.306mm)
Vias unnamed via and unnamed via from different nets are too close together (gap: 0.027mm)
Vias unnamed via and unnamed via from different nets are too close together (gap: 0.027mm)
Vias unnamed via and unnamed via from different nets are too close together (gap: 0.021mm)
Vias unnamed via and unnamed via from different nets are too close together (gap: 0.021mm)
Vias unnamed via and unnamed via from different nets are too close together (gap: 0.135mm)
Vias unnamed via and unnamed via from different nets are too close together (gap: 0.044mm)
Vias unnamed via and unnamed via from different nets are too close together (gap: 0.038mm)
Vias unnamed via and unnamed via from different nets are too close together (gap: 0.266mm)
Vias unnamed via and unnamed via from different nets are too close together (gap: 0.043mm)
Vias unnamed via and unnamed via from different nets are too close together (gap: 0.038mm)
Vias unnamed via and unnamed via from different nets are too close together (gap: -0.005mm)
Vias unnamed via and unnamed via from different nets are too close together (gap: 0.087mm)
Vias unnamed via and unnamed via from different nets are too close together (gap: 0.202mm)
Vias unnamed via and unnamed via from different nets are too close together (gap: 0.201mm)
Via in trace [.J_USB > .DP1 to .J_USB > .DP2] is misaligned at position {x: -0.45, y: -8.75}.
Via in trace [.J_USB > .DP1 to .J_USB > .DP2] is misaligned at position {x: 2.15, y: -8.9}.
Via in trace [.D_USB > .pin3 to .C27 > .pin2] is misaligned at position {x: 3.1, y: -7}.
Via in trace [.J_USB > .DN2 to .J_USB > .DN1] is misaligned at position {x: -1.15, y: -8.2}.
Via in trace [.J_USB > .DN2 to .J_USB > .DN1] is misaligned at position {x: 0, y: -7.9}.
Trace [.U1 > .PA4 to net.TMC_ENABLE_N] has dangling endpoint at (-6.43, -5.00)
Trace too close to board edge (0.343mm < 0.375mm required, margin: 0.3mm)
Trace too close to board edge (0.273mm < 0.375mm required, margin: 0.3mm)
Trace too close to board edge (0.235mm < 0.375mm required, margin: 0.3mm)
Trace too close to board edge (0.235mm < 0.375mm required, margin: 0.3mm)
Trace too close to board edge (0.235mm < 0.375mm required, margin: 0.3mm)
Trace too close to board edge (0.373mm < 0.375mm required, margin: 0.3mm)
Trace too close to board edge (0.358mm < 0.375mm required, margin: 0.3mm)
Trace too close to board edge (0.236mm < 0.375mm required, margin: 0.3mm)
Trace too close to board edge (0.236mm < 0.375mm required, margin: 0.3mm)
Trace too close to board edge (0.236mm < 0.375mm required, margin: 0.3mm)
Trace too close to board edge (0.346mm < 0.375mm required, margin: 0.3mm)
Trace too close to board edge (0.075mm < 0.375mm required, margin: 0.3mm)
Trace too close to board edge (0.074mm < 0.375mm required, margin: 0.3mm)
Trace too close to board edge (0.074mm < 0.375mm required, margin: 0.3mm)
Trace too close to board edge (0.074mm < 0.375mm required, margin: 0.3mm)
Trace too close to board edge (0.074mm < 0.375mm required, margin: 0.3mm)
Trace too close to board edge (0.332mm < 0.375mm required, margin: 0.3mm)
Trace too close to board edge (0.332mm < 0.375mm required, margin: 0.3mm)
Trace too close to board edge (0.344mm < 0.375mm required, margin: 0.3mm)
Trace too close to board edge (0.074mm < 0.375mm required, margin: 0.3mm)
Trace too close to board edge (0.074mm < 0.375mm required, margin: 0.3mm)
Trace too close to board edge (0.075mm < 0.375mm required, margin: 0.3mm)
Trace too close to board edge (0.176mm < 0.375mm required, margin: 0.3mm)
Trace too close to board edge (0.175mm < 0.375mm required, margin: 0.3mm)
Trace too close to board edge (0.118mm < 0.375mm required, margin: 0.3mm)
Trace too close to board edge (0.118mm < 0.375mm required, margin: 0.3mm)
Trace too close to board edge (0.010mm < 0.375mm required, margin: 0.3mm)
Trace too close to board edge (0.010mm < 0.375mm required, margin: 0.3mm)
Trace too close to board edge (0.120mm < 0.375mm required, margin: 0.3mm)
Trace too close to board edge (0.401mm < 0.550mm required, margin: 0.3mm)
Trace too close to board edge (0.388mm < 0.550mm required, margin: 0.3mm)
Trace too close to board edge (0.377mm < 0.550mm required, margin: 0.3mm)
Trace too close to board edge (0.377mm < 0.550mm required, margin: 0.3mm)
Trace too close to board edge (0.354mm < 0.375mm required, margin: 0.3mm)
Trace too close to board edge (0.354mm < 0.375mm required, margin: 0.3mm)
Via unnamed via violates copper-to-board-edge clearance (measured 0.239mm, required 0.300mm)
Via unnamed via violates copper-to-board-edge clearance (measured 0.027mm, required 0.300mm)
Via unnamed via violates copper-to-board-edge clearance (measured 0.004mm, required 0.300mm)
Via hole at (7.36mm, 16.85mm) overlaps SMD pad R50.pin1 at (7.43mm, 16.50mm)
Via hole at (0.93mm, -4.67mm) overlaps SMD pad R3.pin1 at (0.57mm, -5.00mm)
Via hole at (-3.13mm, -5.91mm) overlaps SMD pad U10.ILIM at (-3.00mm, -5.84mm)
Via hole at (-8.23mm, -7.16mm) overlaps SMD pad L1.pin1 at (-10.15mm, -6.90mm)
Via hole at (-5.17mm, -0.28mm) overlaps SMD pad C15.pin2 at (-4.50mm, 0.50mm)
Via hole at (5.73mm, -5.56mm) overlaps SMD pad U8.N_RESET at (6.20mm, -5.55mm)
Via hole at (-4.39mm, -12.89mm) overlaps SMD pad R39.pin1 at (-4.68mm, -12.50mm)
Via hole at (5.11mm, 1.09mm) overlaps SMD pad U1.PB4 at (4.25mm, 1.05mm)
Via hole at (1.35mm, 6.35mm) overlaps SMD pad R37.pin1 at (1.68mm, 6.00mm)
Via hole at (-0.34mm, 4.11mm) overlaps SMD pad LED_STATUS.cathode at (0.20mm, 4.00mm)
Via hole at (10.23mm, 0.44mm) overlaps SMD pad D_IO2.D1_POS at (10.00mm, 0.10mm)
Via hole at (10.23mm, 0.44mm) overlaps SMD pad D_IO2.D1_POS at (10.00mm, 0.10mm)
Via hole at (7.28mm, -1.59mm) overlaps SMD pad R27.pin1 at (7.43mm, -2.00mm)
Via hole at (4.18mm, 5.63mm) overlaps SMD pad R28.pin1 at (3.93mm, 6.00mm)
Via hole at (13.27mm, -6.67mm) overlaps SMD pad J_SWD.NRST at (12.40mm, -6.40mm)
Via hole at (7.19mm, -8.80mm) overlaps SMD pad U7.S3 at (7.00mm, -9.23mm)
Via hole at (7.19mm, -8.80mm) overlaps SMD pad U7.SEL3 at (7.40mm, -9.23mm)
Via hole at (5.98mm, -10.93mm) overlaps SMD pad J_USB.SHELL3 at (5.11mm, -10.81mm)
Via hole at (11.18mm, -12.24mm) overlaps SMD pad R21.pin2 at (11.57mm, -12.00mm)
Via hole at (-8.83mm, -8.39mm) overlaps SMD pad U3.DB at (-8.59mm, -8.50mm)
Via hole at (-11.26mm, -8.34mm) overlaps SMD pad U3.CTRLVBUS at (-11.41mm, -8.50mm)
Via hole at (-3.83mm, -1.02mm) overlaps SMD pad C15.pin1 at (-4.50mm, -1.50mm)
Via hole at (-15.11mm, -9.16mm) overlaps SMD pad C10.pin1 at (-14.80mm, -9.75mm)
Via hole at (-11.14mm, -4.72mm) overlaps SMD pad Q_PD.pin4 at (-10.98mm, -4.60mm)
Via hole at (-9.30mm, -9.45mm) overlaps SMD pad U3.EP at (-10.00mm, -9.00mm)
Via hole at (6.16mm, 11.87mm) overlaps SMD pad C20.pin1 at (5.08mm, 11.50mm)
Via hole at (-0.11mm, -10.83mm) overlaps SMD pad J_USB.DP1 at (-0.25mm, -10.24mm)
Via hole at (-1.53mm, -11.54mm) overlaps SMD pad C23.pin1 at (-1.67mm, -11.25mm)
Via hole at (-7.83mm, -7.98mm) overlaps SMD pad L1.pin1 at (-10.15mm, -6.90mm)
Via hole at (-7.80mm, -7.96mm) overlaps SMD pad L1.pin1 at (-10.15mm, -6.90mm)
Via hole at (-3.74mm, 3.37mm) overlaps SMD pad R4.pin1 at (-3.57mm, 3.00mm)
Via hole at (-6.22mm, 0.84mm) overlaps SMD pad U2.DIAG at (-6.50mm, 0.70mm)
Via hole at (-14.78mm, -5.99mm) overlaps SMD pad C8.pin2 at (-14.00mm, -5.84mm)
Via hole at (5.02mm, 10.86mm) overlaps SMD pad C20.pin1 at (5.08mm, 11.50mm)
Via hole at (6.33mm, -0.40mm) overlaps SMD pad R26.pin1 at (6.68mm, 0.00mm)
Via hole at (1.27mm, 4.29mm) overlaps SMD pad LED_STATUS.anode at (1.80mm, 4.00mm)
Via hole at (0.38mm, -3.63mm) overlaps SMD pad U4.VDD3V3 at (0.64mm, -2.71mm)
Via hole at (4.73mm, -5.33mm) overlaps SMD pad C29.pin1 at (4.67mm, -5.00mm)
Via hole at (4.72mm, -5.34mm) overlaps SMD pad C29.pin1 at (4.67mm, -5.00mm)
Via hole at (2.16mm, 5.12mm) overlaps SMD pad C6.pin2 at (1.92mm, 4.75mm)
Via hole at (0.81mm, 5.72mm) overlaps SMD pad R37.pin2 at (0.82mm, 6.00mm)
Via hole at (9.78mm, 4.88mm) overlaps SMD pad U1.PA8 at (9.75mm, 5.55mm)
Via hole at (11.05mm, 6.73mm) overlaps SMD pad J_IO.pin3 at (12.04mm, 6.50mm)
Generating preview images...
[index] Generating PCB SVG...
[index] Written pcb.svg
[index] Generating PCB PNG...
[index] Written pcb.png
[index] Generating schematic SVG...
[index] Written schematic.svg

Build complete
  Circuits  0 passed 1 failed
  Options   pcb-png, pcb-svgs, schematic-svgs, autorouter-dump-srj
  Output    dist

⚠ Build completed with errors
Build exiting with code 1: circuit build errors occurred
