Building 1 file(s)...
Building index.circuit.tsx...
Generating circuit JSON...
Autorouting phase 1/1 has been running for 10.2s; enabling phase diagnostics. Re-run with --autorouter-debug for full autorouter logs from the start.
Autorouting <board#656 /> phase 1/1 long-running start: connections=82, obstacles=595, previous_traces=0, router=tscircuit, solver=AutoroutingPipelineSolver9_PreloadedTraceGraph, effort=5x, cache=miss, cache_id=0f4f0038/eb5f754f
  connections: net.GND, net.V3V3, net.NRST, net.I2C_SCL, net.I2C_SDA, net.CAN_TX, net.CAN_RX, net.CAN_H, net.CAN_L, net.BUCK_SW, net.BUCK_BST, net.VM, net.TMC_ENABLE_N, net.TMC_STEP, net.TMC_DIR, net.TMC_DIAG, net.TMC_UART_TX, net.TMC_UART_RX, net.TMC_CPO, net.TMC_CPI, net.TMC_VCP, net.TMC_5VOUT, net.TMC_VREF, net.TMC_SENSE_A, net.TMC_SENSE_B, net.MOTOR_A1, net.MOTOR_A2, net.MOTOR_B1, net.MOTOR_B2, net.VBUS_CONN, net.VBUS_PROTECTED, net.USB_DP, net.USB_DM, net.PD_CC1_CONN, net.PD_CC2_CONN, net.PD_CC1_MCU, net.PD_CC2_MCU, net.PD_GATE, net.PD_OVP_SERIES, net.PD_OVP, net.PD_DB, net.PD_FLT, net.VBUS_DIV, net.VBUS_ADC, net.SWDIO_GUARDED, net.SWCLK_GUARDED, net.NRST_GUARDED, net.SWDIO, net.SWCLK, net.SWDIO_CONN, net.SWCLK_CONN, net.NRST_CONN, net.POWER_GOOD, net.VBUS_ADC_PRE_GUARD, net.TEMP_ALERT_N, net.EXT_STEP_CONN, net.EXT_DIR_CONN, net.EXT_ENABLE_N_CONN, net.EXT_STEP, net.EXT_DIR, net.EXT_ENABLE_N, net.LIMIT1_CONN, net.LIMIT2_CONN, net.LIMIT1, net.LIMIT2, net.LED_POWER_A, net.LED_STATUS_A, net.LED_FAULT_A, net.LED_STATUS_DRIVE, net.LED_FAULT_DRIVE, net.CAN_RS, net.EFUSE_FLT_N, net.POWER_HIGH_CURRENT, net.EFUSE_EN, net.EFUSE_OVP_TOP_1, net.EFUSE_OVP_TOP_2, net.EFUSE_OVP, net.EFUSE_ILIM, net.EFUSE_ILIM_SWITCH, net.EFUSE_DVDT, net.EFUSE_RTN, net.CAN_TERM_LINK
  phase 1/1 progress: solver=AutoroutingPipelineSolver9_PreloadedTraceGraph solver_phase=portPointPathingSolver steps=20 progress=44% iterations_per_second=293104 elapsed=10.2s
  phase 1/1 progress: solver=AutoroutingPipelineSolver9_PreloadedTraceGraph solver_phase=portPointPathingSolver steps=21 progress=44% iterations_per_second=282732 elapsed=10.4s
  phase 1/1 progress: solver=AutoroutingPipelineSolver9_PreloadedTraceGraph solver_phase=highDensityRouteSolver steps=52 progress=52% iterations_per_second=70 elapsed=20.5s
  phase 1/1 progress: solver=AutoroutingPipelineSolver9_PreloadedTraceGraph solver_phase=highDensityRouteSolver steps=84 progress=52% iterations_per_second=2788 elapsed=30.8s
  phase 1/1 progress: solver=AutoroutingPipelineSolver9_PreloadedTraceGraph solver_phase=highDensityRouteSolver steps=118 progress=52% iterations_per_second=2084 elapsed=40.9s
  phase 1/1 progress: solver=AutoroutingPipelineSolver9_PreloadedTraceGraph solver_phase=highDensityRouteSolver steps=149 progress=53% iterations_per_second=2944 elapsed=50.9s
  phase 1/1 progress: solver=AutoroutingPipelineSolver9_PreloadedTraceGraph solver_phase=highDensityRouteSolver steps=182 progress=53% iterations_per_second=2576 elapsed=61.2s
  phase 1/1 progress: solver=AutoroutingPipelineSolver9_PreloadedTraceGraph solver_phase=highDensityRouteSolver steps=213 progress=53% iterations_per_second=7 elapsed=71.3s
  phase 1/1 progress: solver=AutoroutingPipelineSolver9_PreloadedTraceGraph solver_phase=highDensityRouteSolver steps=246 progress=53% iterations_per_second=2728 elapsed=81.5s
  phase 1/1 progress: solver=AutoroutingPipelineSolver9_PreloadedTraceGraph solver_phase=highDensityRouteSolver steps=278 progress=53% iterations_per_second=4508 elapsed=91.6s
  phase 1/1 progress: solver=AutoroutingPipelineSolver9_PreloadedTraceGraph solver_phase=highDensityRouteSolver steps=311 progress=53% iterations_per_second=3308 elapsed=101.7s
  phase 1/1 progress: solver=AutoroutingPipelineSolver9_PreloadedTraceGraph solver_phase=highDensityRouteSolver steps=342 progress=53% iterations_per_second=3832 elapsed=111.8s
  phase 1/1 progress: solver=AutoroutingPipelineSolver9_PreloadedTraceGraph solver_phase=highDensityRouteSolver steps=373 progress=53% iterations_per_second=6 elapsed=122.0s
  phase 1/1 progress: solver=AutoroutingPipelineSolver9_PreloadedTraceGraph solver_phase=highDensityRouteSolver steps=399 progress=53% iterations_per_second=12728 elapsed=132.1s
  phase 1/1 progress: solver=AutoroutingPipelineSolver9_PreloadedTraceGraph solver_phase=highDensityRouteSolver steps=432 progress=54% iterations_per_second=3068 elapsed=142.2s
  phase 1/1 progress: solver=AutoroutingPipelineSolver9_PreloadedTraceGraph solver_phase=highDensityRouteSolver steps=465 progress=54% iterations_per_second=2128 elapsed=152.5s
  phase 1/1 progress: solver=AutoroutingPipelineSolver9_PreloadedTraceGraph solver_phase=highDensityRouteSolver steps=496 progress=55% iterations_per_second=13420 elapsed=162.6s
  phase 1/1 progress: solver=AutoroutingPipelineSolver9_PreloadedTraceGraph solver_phase=highDensityRouteSolver steps=528 progress=55% iterations_per_second=1988 elapsed=172.8s
  phase 1/1 progress: solver=AutoroutingPipelineSolver9_PreloadedTraceGraph solver_phase=highDensityRouteSolver steps=560 progress=55% iterations_per_second=3244 elapsed=183.1s
  phase 1/1 progress: solver=AutoroutingPipelineSolver9_PreloadedTraceGraph solver_phase=highDensityRouteSolver steps=593 progress=55% iterations_per_second=3096 elapsed=193.3s
  phase 1/1 progress: solver=AutoroutingPipelineSolver9_PreloadedTraceGraph solver_phase=highDensityRouteSolver steps=626 progress=55% iterations_per_second=2752 elapsed=203.6s
  phase 1/1 progress: solver=AutoroutingPipelineSolver9_PreloadedTraceGraph solver_phase=highDensityRouteSolver steps=658 progress=55% iterations_per_second=3012 elapsed=213.6s
  phase 1/1 progress: solver=AutoroutingPipelineSolver9_PreloadedTraceGraph solver_phase=highDensityRouteSolver steps=685 progress=55% iterations_per_second=3 elapsed=223.6s
  phase 1/1 progress: solver=AutoroutingPipelineSolver9_PreloadedTraceGraph solver_phase=highDensityRouteSolver steps=716 progress=56% iterations_per_second=591 elapsed=233.9s
  phase 1/1 progress: solver=AutoroutingPipelineSolver9_PreloadedTraceGraph solver_phase=highDensityRouteSolver steps=747 progress=56% iterations_per_second=413 elapsed=244.1s
  phase 1/1 progress: solver=AutoroutingPipelineSolver9_PreloadedTraceGraph solver_phase=highDensityForceImproveSolver steps=773 progress=56% iterations_per_second=2 elapsed=257.5s
  phase 1/1 progress: solver=AutoroutingPipelineSolver9_PreloadedTraceGraph solver_phase=highDensityForceImproveSolver steps=780 progress=56% iterations_per_second=1 elapsed=361.2s
  phase 1/1 progress: solver=AutoroutingPipelineSolver9_PreloadedTraceGraph solver_phase=highDensityForceImproveSolver steps=783 progress=56% iterations_per_second=147 elapsed=372.1s
  phase 1/1 progress: solver=AutoroutingPipelineSolver9_PreloadedTraceGraph solver_phase=highDensityRepairSolver steps=800 progress=60% iterations_per_second=862 elapsed=382.4s
  phase 1/1 progress: solver=AutoroutingPipelineSolver9_PreloadedTraceGraph solver_phase=highDensityRepairSolver steps=810 progress=60% iterations_per_second=525 elapsed=392.6s
  phase 1/1 progress: solver=AutoroutingPipelineSolver9_PreloadedTraceGraph solver_phase=traceSimplificationSolver steps=834 progress=68% iterations_per_second=34 elapsed=402.7s
  phase 1/1 progress: solver=AutoroutingPipelineSolver9_PreloadedTraceGraph solver_phase=pipeline9JointDrcRepairSolver steps=856 progress=84% iterations_per_second=0 elapsed=419.9s
  phase 1/1 progress: solver=AutoroutingPipelineSolver9_PreloadedTraceGraph solver_phase=pipeline9JointDrcRepairSolver steps=870 progress=87% iterations_per_second=0 elapsed=443.6s
  phase 1/1 progress: solver=AutoroutingPipelineSolver9_PreloadedTraceGraph solver_phase=pipeline9JointDrcRepairSolver steps=896 progress=87% iterations_per_second=5608 elapsed=453.8s
  phase 1/1 progress: solver=AutoroutingPipelineSolver9_PreloadedTraceGraph solver_phase=pipeline9JointDrcRepairSolver steps=930 progress=87% iterations_per_second=7880 elapsed=464.1s
  phase 1/1 progress: solver=AutoroutingPipelineSolver9_PreloadedTraceGraph solver_phase=pipeline9JointDrcRepairSolver steps=960 progress=87% iterations_per_second=2336 elapsed=474.1s
  phase 1/1 progress: solver=AutoroutingPipelineSolver9_PreloadedTraceGraph solver_phase=pipeline9JointDrcRepairSolver steps=990 progress=87% iterations_per_second=6612 elapsed=484.4s
  phase 1/1 progress: solver=AutoroutingPipelineSolver9_PreloadedTraceGraph solver_phase=effortCleanupSolver steps=1008 progress=88% iterations_per_second=1 elapsed=495.9s
  phase 1/1 progress: solver=AutoroutingPipelineSolver9_PreloadedTraceGraph solver_phase=effortCleanupSolver steps=1037 progress=88% iterations_per_second=28 elapsed=506.1s
  phase 1/1 progress: solver=AutoroutingPipelineSolver9_PreloadedTraceGraph solver_phase=effortCleanupSolver steps=1066 progress=88% iterations_per_second=3917 elapsed=516.2s
  phase 1/1 progress: solver=AutoroutingPipelineSolver9_PreloadedTraceGraph solver_phase=effortCleanupSolver steps=1093 progress=88% iterations_per_second=6320 elapsed=526.4s
  phase 1/1 progress: solver=AutoroutingPipelineSolver9_PreloadedTraceGraph solver_phase=powerTraceExpansionSolver steps=1125 progress=96% iterations_per_second=6984 elapsed=536.6s
  phase 1/1 progress: solver=AutoroutingPipelineSolver9_PreloadedTraceGraph solver_phase=powerTraceExpansionSolver steps=1160 progress=96% iterations_per_second=105164 elapsed=546.8s
  phase 1/1 progress: solver=AutoroutingPipelineSolver9_PreloadedTraceGraph solver_phase=powerTraceExpansionSolver steps=1195 progress=96% iterations_per_second=121716 elapsed=557.1s
  phase 1/1 progress: solver=AutoroutingPipelineSolver9_PreloadedTraceGraph solver_phase=powerTraceExpansionSolver steps=1229 progress=96% iterations_per_second=202116 elapsed=567.1s
  phase 1/1 progress: solver=AutoroutingPipelineSolver9_PreloadedTraceGraph solver_phase=powerTraceExpansionSolver steps=1263 progress=96% iterations_per_second=133216 elapsed=577.3s
  phase 1/1 progress: solver=AutoroutingPipelineSolver9_PreloadedTraceGraph solver_phase=powerTraceExpansionSolver steps=1296 progress=100% iterations_per_second=6993 elapsed=587.5s
  phase 1/1 progress: solver=AutoroutingPipelineSolver9_PreloadedTraceGraph solver_phase=none steps=1330 progress=100% iterations_per_second=3133 elapsed=597.7s
  phase 1/1 done: routed_traces=289, jumpers=0, errors=0, elapsed=597.7s
Could not save autorouting paths for subcircuit_source_group_1: PCB port selector is not unique: .Q_ILIM > port.pin2
Circuit JSON written to dist/index/circuit.json
The "J" prefix is being used with a <chip />, try using it with a <connector /> or <jumper />
The "Q" prefix is being used with a <chip />, try using it with a <transistor />
The "J" prefix is being used with a <chip />, try using it with a <connector /> or <jumper />
The "J" prefix is being used with a <chip />, try using it with a <connector /> or <jumper />
The "Q" prefix is being used with a <chip />, try using it with a <transistor />
All pins on Q_PD are underspecified (no pinAttributes set)
All pins on D_VBUS are underspecified (no pinAttributes set)
All pins on J_IO are underspecified (no pinAttributes set)
All pins on J_MOTOR are underspecified (no pinAttributes set)
All pins on D_CAN are underspecified (no pinAttributes set)
All pins on Q_ILIM are underspecified (no pinAttributes set)
U4 has no pin with requires_power=true
U2 has no pin with requires_power=true
J_USB has no pin with requires_power=true
Q_PD has no pin with requires_power=true
D_USB has no pin with requires_power=true
D_VBUS has no pin with requires_power=true
J_IO has no pin with requires_power=true
J_MOTOR has no pin with requires_power=true
U9 has no pin with requires_power=true
D_IO1 has no pin with requires_power=true
D_IO2 has no pin with requires_power=true
D_CAN has no pin with requires_power=true
U10 has no pin with requires_power=true
Q_ILIM has no pin with requires_power=true
J_USB has no pin with requires_ground=true
Q_PD has no pin with requires_ground=true
D_VBUS has no pin with requires_ground=true
J_IO has no pin with requires_ground=true
J_MOTOR has no pin with requires_ground=true
D_CAN has no pin with requires_ground=true
Q_ILIM has no pin with requires_ground=true
Q_PD is missing schematic reference designator text. For a custom symbol, add name="{REFDES}" inside the symbol.
D_USB is missing schematic reference designator text. For a custom symbol, add name="{REFDES}" inside the symbol.
D_VBUS is missing schematic reference designator text. For a custom symbol, add name="{REFDES}" inside the symbol.
D_CAN is missing schematic reference designator text. For a custom symbol, add name="{REFDES}" inside the symbol.
Q_ILIM is missing schematic reference designator text. For a custom symbol, add name="{REFDES}" inside the symbol.
Port [U3.CC2c] is not connected to net [PD_CC2_CONN] by a PCB trace.
PCB trace trace[.J_USB > port.B6, .D_USB > port.D_POS] overlaps with trace[.L1 > port.anode, .J_USB > port.B5] (accidental contact)
PCB trace trace[.J_USB > port.A7, .D_USB > port.D_NEG] overlaps with trace[.L1 > port.anode, .J_USB > port.B5] (accidental contact)
PCB trace trace[.D_USB > port.D_POS, .U1 > port.pin34] overlaps with pcb_via "pcb_via[#pcb_via_126]" (accidental contact)
PCB trace trace[.D_USB > port.D_POS, .U1 > port.pin34] overlaps with pcb_via "pcb_via[#pcb_via_322]" (accidental contact)
PCB trace trace[.D_USB > port.D_POS, .U1 > port.pin34] overlaps with pcb_via "pcb_via[#pcb_via_293]" (accidental contact)
PCB trace trace[.D_USB > port.D_POS, .U1 > port.pin34] is too close to trace[.U1 > port.pin47, .R2 > port.cathode] (gap: 0.095mm)
PCB trace trace[.D_USB > port.D_POS, .U1 > port.pin34] overlaps with pcb_via "pcb_via[#pcb_via_295]" (accidental contact)
PCB trace trace[.D_USB > port.D_POS, .U1 > port.pin34] overlaps with pcb_via "pcb_via[#pcb_via_284]" (accidental contact)
PCB trace trace[.D_USB > port.D_NEG, .U1 > port.pin33] overlaps with pcb_via "pcb_via[#pcb_via_294]" (accidental contact)
PCB trace trace[.D_USB > port.D_NEG, .U1 > port.pin33] overlaps with pcb_via "pcb_via[#pcb_via_322]" (accidental contact)
PCB trace trace[.D_USB > port.D_NEG, .U1 > port.pin33] overlaps with pcb_via "pcb_via[#pcb_via_345]" (accidental contact)
PCB trace trace[.D_USB > port.D_NEG, .U1 > port.pin33] is too close to trace[.U1 > port.pin31, .R37 > port.anode] (gap: 0.076mm)
PCB trace trace[.D_USB > port.D_NEG, .U1 > port.pin33] overlaps with pcb_via "pcb_via[#pcb_via_57]" (accidental contact)
PCB trace trace[.J_USB > port.A6, .J_USB > port.B6] overlaps with trace[.L1 > port.anode, .J_USB > port.B5] (accidental contact)
PCB trace trace[.J_USB > port.A6, .J_USB > port.B6] overlaps with pcb_via "pcb_via[#pcb_via_49]" (accidental contact)
PCB trace trace[.J_USB > port.B7, .J_USB > port.A7] is too close to trace[.L1 > port.anode, .J_USB > port.B5] (gap: 0.071mm)
PCB trace trace[.R43 > port.cathode, .R44 > port.cathode] is too close to trace[.R42 > port.cathode, .R43 > port.anode] (gap: 0.070mm)
PCB trace trace[.U10 > port.pin13, .Q_ILIM > port.S] is too close to trace[.U1 > port.pin26, .R46 > port.anode] (gap: 0.091mm)
PCB trace trace[.U10 > port.pin13, .Q_ILIM > port.S] overlaps with pcb_via "pcb_via[#pcb_via_27]" (accidental contact)
PCB trace trace[.U10 > port.pin20, .C33 > port.1] is too close to trace[.C14 > port.2, .U10 > port.pin23] (gap: 0.094mm)
PCB trace trace[.U10 > port.pin19, .R45 > port.anode] overlaps with pcb_via "pcb_via[#pcb_via_16]" (accidental contact)
PCB trace trace[.U10 > port.pin19, .R44 > port.anode] overlaps with pcb_via "pcb_via[#pcb_via_34]" (accidental contact)
PCB trace trace[.R42 > port.cathode, .R43 > port.anode] overlaps with pcb_smtpad "pcb_port[.U10 > .N_C10]" (accidental contact)
PCB trace trace[.R42 > port.cathode, .R43 > port.anode] is too close to trace[.U10 > port.pin8, .R38 > port.anode] (gap: 0.056mm)
PCB trace trace[.R42 > port.cathode, .R43 > port.anode] overlaps with pcb_via "pcb_via[#pcb_via_184]" (accidental contact)
PCB trace trace[.R42 > port.cathode, .R43 > port.anode] overlaps with trace[.U10 > port.pin10, .R38 > port.cathode] (accidental contact)
PCB trace trace[.U10 > port.pin12, .R42 > port.cathode] is too close to trace[.J_USB > port.A1B12, .U10 > port.pin17] (gap: 0.063mm)
PCB trace trace[.U10 > port.pin12, .R42 > port.cathode] overlaps with trace[.R7 > port.anode, .U3 > port.pin12] (accidental contact)
PCB trace trace[.U10 > port.pin12, .R42 > port.cathode] overlaps with pcb_via "pcb_via[#pcb_via_188]" (accidental contact)
PCB trace trace[.U10 > port.pin12, .R42 > port.cathode] overlaps with pcb_via "pcb_via[#pcb_via_184]" (accidental contact)
PCB trace trace[.U10 > port.pin12, .R42 > port.cathode] overlaps with trace[.U10 > port.pin10, .R38 > port.cathode] (accidental contact)
PCB trace trace[.U10 > port.pin12, .R42 > port.cathode] is too close to trace[.U10 > port.pin8, .R38 > port.anode] (gap: 0.089mm)
PCB trace trace[.U10 > port.pin12, .R42 > port.cathode] overlaps with pcb_via "pcb_via[#pcb_via_37]" (accidental contact)
PCB trace trace[.U10 > port.pin12, .R42 > port.cathode] overlaps with pcb_via "pcb_via[#pcb_via_38]" (accidental contact)
PCB trace trace[.U10 > port.pin12, .R42 > port.cathode] overlaps with pcb_via "pcb_via[#pcb_via_39]" (accidental contact)
PCB trace trace[.R41 > port.cathode, .R42 > port.anode] overlaps with trace[.C3 > port.1, .C29 > port.1] (accidental contact)
PCB trace trace[.R41 > port.cathode, .R42 > port.anode] overlaps with pcb_smtpad "pcb_port[.C3 > .pin2]" (accidental contact)
PCB trace trace[.R40 > port.cathode, .R41 > port.anode] overlaps with trace[.Q_ILIM > port.G, .R46 > port.anode] (accidental contact)
PCB trace trace[.U10 > port.pin10, .R38 > port.cathode] overlaps with trace[.U10 > port.pin9, .U10 > port.pin8] (accidental contact)
PCB trace trace[.U10 > port.pin10, .R38 > port.cathode] is too close to trace[.J_USB > port.A1B12, .U10 > port.pin17] (gap: 0.052mm)
PCB trace trace[.U10 > port.pin10, .R38 > port.cathode] overlaps with pcb_smtpad "pcb_port[.U10 > .IN2]" (accidental contact)
PCB trace trace[.U10 > port.pin10, .R38 > port.cathode] is too close to trace[.U1 > port.pin24, .U3 > port.pin10] (gap: 0.061mm)
PCB trace trace[.U10 > port.pin10, .R38 > port.cathode] overlaps with pcb_via "pcb_via[#pcb_via_26]" (accidental contact)
PCB trace trace[.U10 > port.pin10, .R38 > port.cathode] overlaps with trace[.U10 > port.pin8, .R38 > port.anode] (accidental contact)
PCB trace trace[.Q_ILIM > port.G, .R46 > port.anode] overlaps with pcb_via "pcb_via[#pcb_via_234]" (accidental contact)
PCB trace trace[.U1 > port.pin26, .R46 > port.anode] overlaps with pcb_via "pcb_via[#pcb_via_120]" (accidental contact)
PCB trace trace[.U1 > port.pin26, .R46 > port.anode] is too close to trace[.U1 > port.pin31, .R37 > port.anode] (gap: 0.075mm)
PCB trace trace[.U1 > port.pin26, .R46 > port.anode] overlaps with pcb_via "pcb_via[#pcb_via_234]" (accidental contact)
PCB trace trace[.U1 > port.pin26, .R46 > port.anode] overlaps with pcb_smtpad "pcb_port[.C15 > .pin2]" (accidental contact)
PCB trace trace[.U1 > port.pin26, .R46 > port.anode] is too close to trace[.U2 > port.pin10, .R46 > port.cathode] (gap: 0.086mm)
PCB trace trace[.U1 > port.pin26, .R46 > port.anode] is too close to trace[.U2 > port.pin10, .U2 > port.pin13] (gap: 0.091mm)
PCB trace trace[.U10 > port.pin22, .R48 > port.cathode] is too close to trace[.R14 > port.cathode, .R15 > port.anode] (gap: 0.087mm)
PCB trace trace[.U10 > port.pin22, .R48 > port.cathode] overlaps with pcb_via "pcb_via[#pcb_via_1]" (accidental contact)
PCB trace trace[.U10 > port.pin22, .R48 > port.cathode] overlaps with trace[.U7 > port.pin6, .R21 > port.anode] (accidental contact)
PCB trace trace[.U10 > port.pin22, .R48 > port.cathode] overlaps with pcb_smtpad "pcb_port[.R18 > .pin1]" (accidental contact)
PCB trace trace[.U1 > port.pin31, .R37 > port.anode] overlaps with pcb_via "pcb_via[#pcb_via_272]" (accidental contact)
PCB trace trace[.U1 > port.pin31, .R37 > port.anode] overlaps with pcb_via "pcb_via[#pcb_via_97]" (accidental contact)
PCB trace trace[.U1 > port.pin31, .R37 > port.anode] is too close to trace[.J_IO > port.2, .D_CAN > port.A11] (gap: 0.002mm)
PCB trace trace[.U1 > port.pin31, .R37 > port.anode] overlaps with pcb_via "pcb_via[#pcb_via_119]" (accidental contact)
PCB trace trace[.U1 > port.pin31, .R37 > port.anode] overlaps with pcb_via "pcb_via[#pcb_via_72]" (accidental contact)
PCB trace trace[.U1 > port.pin31, .R37 > port.anode] is too close to trace[.U1 > port.pin47, .U4 > port.pin7] (gap: 0.093mm)
PCB trace trace[.U1 > port.pin30, .R36 > port.anode] overlaps with trace[.U1 > port.pin35, .R52 > port.anode] (accidental contact)
PCB trace trace[.U1 > port.pin30, .R36 > port.anode] overlaps with pcb_via "pcb_via[#pcb_via_122]" (accidental contact)
PCB trace trace[.U1 > port.pin30, .R36 > port.anode] overlaps with pcb_via "pcb_via[#pcb_via_271]" (accidental contact)
PCB trace trace[.U1 > port.pin30, .R36 > port.anode] overlaps with pcb_via "pcb_via[#pcb_via_268]" (accidental contact)
PCB trace trace[.U1 > port.pin30, .R36 > port.anode] overlaps with trace[.C6 > port.1, .R35 > port.anode] (accidental contact)
PCB trace trace[.R37 > port.cathode, .LED_FAULT > port.pos] overlaps with pcb_via "pcb_via[#pcb_via_346]" (accidental contact)
PCB trace trace[.R37 > port.cathode, .LED_FAULT > port.pos] overlaps with pcb_via "pcb_via[#pcb_via_372]" (accidental contact)
PCB trace trace[.R37 > port.cathode, .LED_FAULT > port.pos] overlaps with pcb_via "pcb_via[#pcb_via_15]" (accidental contact)
PCB trace trace[.R36 > port.cathode, .LED_STATUS > port.pos] overlaps with pcb_via "pcb_via[#pcb_via_346]" (accidental contact)
PCB trace trace[.R36 > port.cathode, .LED_STATUS > port.pos] is too close to trace[.C6 > port.2, .LED_STATUS > port.neg] (gap: 0.077mm)
PCB trace trace[.R35 > port.cathode, .LED_POWER > port.pos] overlaps with trace[.C6 > port.1, .R35 > port.anode] (accidental contact)
PCB trace trace[.R35 > port.cathode, .LED_POWER > port.pos] overlaps with trace[.R33 > port.anode, .R35 > port.anode] (accidental contact)
PCB trace trace[.R35 > port.cathode, .LED_POWER > port.pos] overlaps with pcb_via "pcb_via[#pcb_via_220]" (accidental contact)
PCB trace trace[.R27 > port.cathode, .R32 > port.cathode] overlaps with pcb_via "pcb_via[#pcb_via_302]" (accidental contact)
PCB trace trace[.R27 > port.cathode, .R32 > port.cathode] overlaps with pcb_via "pcb_via[#pcb_via_318]" (accidental contact)
PCB trace trace[.U1 > port.pin23, .C31 > port.1] overlaps with trace[.U1 > port.pin17, .R8 > port.anode] (accidental contact)
PCB trace trace[.U1 > port.pin23, .C31 > port.1] is too close to trace[.U1 > port.pin44, .U6 > port.pin4] (gap: 0.094mm)
PCB trace trace[.U1 > port.pin22, .R26 > port.cathode] is too close to trace[.D_IO1 > port.pin2, .R24 > port.anode] (gap: 0.092mm)
PCB trace trace[.U1 > port.pin22, .R26 > port.cathode] is too close to trace[.D_IO1 > port.pin5, .R26 > port.anode] (gap: 0.054mm)
PCB trace trace[.U1 > port.pin22, .C30 > port.1] is too close to trace[.U1 > port.pin21, .R25 > port.cathode] (gap: 0.094mm)
PCB trace trace[.J_IO > port.9, .D_IO2 > port.pin1] overlaps with pcb_via "pcb_via[#pcb_via_89]" (accidental contact)
PCB trace trace[.D_IO2 > port.pin1, .R27 > port.anode] overlaps with pcb_via "pcb_via[#pcb_via_276]" (accidental contact)
PCB trace trace[.D_IO1 > port.pin5, .R26 > port.anode] overlaps with pcb_via "pcb_via[#pcb_via_87]" (accidental contact)
PCB trace trace[.D_IO1 > port.pin5, .R26 > port.anode] overlaps with pcb_via "pcb_via[#pcb_via_90]" (accidental contact)
PCB trace trace[.J_IO > port.8, .D_IO1 > port.pin5] overlaps with trace[.U1 > port.pin24, .U3 > port.pin10] (accidental contact)
PCB trace trace[.J_IO > port.8, .D_IO1 > port.pin5] overlaps with trace[.U1 > port.pin36, .R53 > port.anode] (accidental contact)
PCB trace trace[.J_IO > port.8, .D_IO1 > port.pin5] is too close to trace[.U1 > port.pin35, .R52 > port.anode] (gap: 0.060mm)
PCB trace trace[.J_IO > port.8, .D_IO1 > port.pin5] overlaps with trace[.U1 > port.pin21, .R25 > port.cathode] (accidental contact)
PCB trace trace[.U1 > port.pin21, .R25 > port.cathode] overlaps with pcb_via "pcb_via[#pcb_via_120]" (accidental contact)
PCB trace trace[.U1 > port.pin21, .R25 > port.cathode] is too close to trace[.U1 > port.pin35, .R52 > port.anode] (gap: 0.036mm)
PCB trace trace[.U1 > port.pin21, .R25 > port.cathode] overlaps with pcb_via "pcb_via[#pcb_via_44]" (accidental contact)
PCB trace trace[.U1 > port.pin20, .R24 > port.cathode] overlaps with pcb_via "pcb_via[#pcb_via_89]" (accidental contact)
PCB trace trace[.U1 > port.pin19, .R23 > port.cathode] overlaps with pcb_via "pcb_via[#pcb_via_92]" (accidental contact)
PCB trace trace[.J_IO > port.6, .D_IO1 > port.pin2] overlaps with pcb_via "pcb_via[#pcb_via_89]" (accidental contact)
PCB trace trace[.D_IO1 > port.pin2, .R24 > port.anode] overlaps with pcb_via "pcb_via[#pcb_via_88]" (accidental contact)
PCB trace trace[.D_IO1 > port.pin2, .R24 > port.anode] overlaps with pcb_via "pcb_via[#pcb_via_72]" (accidental contact)
PCB trace trace[.D_IO1 > port.pin2, .R24 > port.anode] overlaps with pcb_via "pcb_via[#pcb_via_79]" (accidental contact)
PCB trace trace[.J_IO > port.5, .D_IO1 > port.pin1] is too close to trace[.U1 > port.pin44, .U6 > port.pin4] (gap: 0.083mm)
PCB trace trace[.D_IO1 > port.pin1, .R23 > port.anode] is too close to trace[.U1 > port.pin44, .U6 > port.pin4] (gap: 0.092mm)
PCB trace trace[.D_IO1 > port.pin1, .R23 > port.anode] overlaps with pcb_via "pcb_via[#pcb_via_359]" (accidental contact)
PCB trace trace[.D_IO1 > port.pin1, .R23 > port.anode] overlaps with pcb_via "pcb_via[#pcb_via_120]" (accidental contact)
PCB trace trace[.D_IO1 > port.pin1, .R23 > port.anode] overlaps with pcb_via "pcb_via[#pcb_via_55]" (accidental contact)
PCB trace trace[.D_IO1 > port.pin1, .R23 > port.anode] is too close to trace[.U1 > port.pin36, .R53 > port.anode] (gap: 0.088mm)
PCB trace trace[.U9 > port.pin3, .R33 > port.cathode] is too close to trace[.R10 > port.cathode, .R11 > port.anode] (gap: 0.081mm)
PCB trace trace[.U1 > port.pin12, .R33 > port.cathode] is too close to trace[.U1 > port.pin25, .U3 > port.pin11] (gap: 0.094mm)
PCB trace trace[.U1 > port.pin12, .R33 > port.cathode] overlaps with pcb_via "pcb_via[#pcb_via_213]" (accidental contact)
PCB trace trace[.U1 > port.pin12, .R33 > port.cathode] overlaps with trace[.U9 > port.pin5, .C32 > port.1] (accidental contact)
PCB trace trace[.U7 > port.pin11, .U8 > port.pin2] overlaps with pcb_smtpad "pcb_port[.U7 > .N_C_2]" (accidental contact)
PCB trace trace[.U1 > port.pin36, .R53 > port.anode] overlaps with trace[.U1 > port.pin35, .R52 > port.anode] (accidental contact)
PCB trace trace[.U1 > port.pin36, .R53 > port.anode] overlaps with pcb_via "pcb_via[#pcb_via_122]" (accidental contact)
PCB trace trace[.U1 > port.pin36, .R53 > port.anode] overlaps with trace[.J_IO > port.3, .D_CAN > port.A12] (accidental contact)
PCB trace trace[.U1 > port.pin36, .R53 > port.anode] overlaps with pcb_via "pcb_via[#pcb_via_271]" (accidental contact)
PCB trace trace[.U1 > port.pin35, .R52 > port.anode] is too close to trace[.U1 > port.pin29, .U1 > port.pin32] (gap: 0.074mm)
PCB trace trace[.U1 > port.pin35, .R52 > port.anode] overlaps with pcb_via "pcb_via[#pcb_via_269]" (accidental contact)
PCB trace trace[.U1 > port.pin35, .R52 > port.anode] overlaps with trace[.J_IO > port.3, .D_CAN > port.A12] (accidental contact)
PCB trace trace[.U7 > port.pin9, .R22 > port.anode] is too close to trace[.U7 > port.pin6, .R21 > port.anode] (gap: 0.092mm)
PCB trace trace[.U7 > port.pin6, .R21 > port.anode] overlaps with trace[.R14 > port.cathode, .R15 > port.anode] (accidental contact)
PCB trace trace[.U7 > port.pin6, .R21 > port.anode] overlaps with pcb_via "pcb_via[#pcb_via_332]" (accidental contact)
PCB trace trace[.C27 > port.1, .U7 > port.pin13] overlaps with trace[.C2 > port.1, .U7 > port.pin16] (accidental contact)
PCB trace trace[.U3 > port.pin11, .R12 > port.cathode] overlaps with pcb_smtpad "pcb_port[.U3 > .DB]" (accidental contact)
PCB trace trace[.U3 > port.pin11, .R12 > port.cathode] is too close to trace[.R7 > port.anode, .U3 > port.pin12] (gap: 0.031mm)
PCB trace trace[.U1 > port.pin25, .U3 > port.pin11] is too close to trace[.U2 > port.pin16, .R8 > port.anode] (gap: 0.075mm)
PCB trace trace[.U1 > port.pin25, .U3 > port.pin11] overlaps with trace[.C6 > port.1, .R35 > port.anode] (accidental contact)
PCB trace trace[.U1 > port.pin25, .U3 > port.pin11] is too close to trace[.U2 > port.pin28, .C14 > port.2] (gap: 0.094mm)
PCB trace trace[.U1 > port.pin25, .U3 > port.pin11] is too close to trace[.C14 > port.2, .C20 > port.pos] (gap: 0.095mm)
PCB trace trace[.U1 > port.pin25, .U3 > port.pin11] is too close to trace[.R7 > port.anode, .U3 > port.pin12] (gap: 0.081mm)
PCB trace trace[.U1 > port.pin25, .U3 > port.pin11] overlaps with pcb_smtpad "pcb_port[.U3 > .DB]" (accidental contact)
PCB trace trace[.R14 > port.cathode, .R15 > port.anode] overlaps with pcb_via "pcb_via[#pcb_via_31]" (accidental contact)
PCB trace trace[.R14 > port.cathode, .R15 > port.anode] overlaps with pcb_via "pcb_via[#pcb_via_126]" (accidental contact)
PCB trace trace[.U3 > port.pin6, .R14 > port.cathode] overlaps with pcb_via "pcb_via[#pcb_via_368]" (accidental contact)
PCB trace trace[.U3 > port.pin6, .R14 > port.cathode] is too close to trace[.U3 > port.pin5, .Q_PD > port.G] (gap: 0.094mm)
PCB trace trace[.U3 > port.pin6, .R14 > port.cathode] overlaps with trace[.U1 > port.pin13, .R4 > port.anode] (accidental contact)
PCB trace trace[.U3 > port.pin6, .R14 > port.cathode] is too close to trace[.U1 > port.pin16, .U2 > port.pin11] (gap: 0.093mm)
PCB trace trace[.U3 > port.pin6, .R14 > port.cathode] overlaps with trace[.U2 > port.pin28, .C14 > port.2] (accidental contact)
PCB trace trace[.U3 > port.pin6, .R14 > port.cathode] overlaps with trace[.C14 > port.2, .C20 > port.pos] (accidental contact)
PCB trace trace[.U3 > port.pin6, .R14 > port.cathode] overlaps with pcb_via "pcb_via[#pcb_via_14]" (accidental contact)
PCB trace trace[.U3 > port.pin6, .R14 > port.cathode] overlaps with trace[.R13 > port.cathode, .R14 > port.anode] (accidental contact)
PCB trace trace[.U3 > port.pin5, .Q_PD > port.G] overlaps with trace[.U3 > port.pin8, .C25 > port.1] (accidental contact)
PCB trace trace[.U1 > port.pin27, .U3 > port.pin1] overlaps with pcb_via "pcb_via[#pcb_via_267]" (accidental contact)
PCB trace trace[.U1 > port.pin27, .U3 > port.pin1] is too close to trace[.U1 > port.pin29, .D_CAN > port.K] (gap: 0.087mm)
PCB trace trace[.U1 > port.pin27, .U3 > port.pin1] overlaps with trace[.J_IO > port.2, .D_CAN > port.A11] (accidental contact)
PCB trace trace[.U1 > port.pin27, .U3 > port.pin1] overlaps with pcb_smtpad "pcb_port[.U3 > .EP]" (accidental contact)
PCB trace trace[.U1 > port.pin27, .U3 > port.pin1] overlaps with trace[.L1 > port.cathode, .U3 > port.pin12] (accidental contact)
PCB trace trace[.U1 > port.pin28, .U3 > port.pin3] overlaps with trace[.U1 > port.pin29, .D_CAN > port.K] (accidental contact)
PCB trace trace[.U1 > port.pin28, .U3 > port.pin3] overlaps with pcb_via "pcb_via[#pcb_via_267]" (accidental contact)
PCB trace trace[.U1 > port.pin28, .U3 > port.pin3] overlaps with pcb_via "pcb_via[#pcb_via_145]" (accidental contact)
PCB trace trace[.U1 > port.pin28, .U3 > port.pin3] overlaps with pcb_via "pcb_via[#pcb_via_316]" (accidental contact)
PCB trace trace[.L1 > port.anode, .J_USB > port.B5] overlaps with pcb_via "pcb_via[#pcb_via_187]" (accidental contact)
PCB trace trace[.L1 > port.anode, .J_USB > port.B5] overlaps with pcb_via "pcb_via[#pcb_via_188]" (accidental contact)
PCB trace trace[.L1 > port.anode, .J_USB > port.B5] overlaps with pcb_smtpad "pcb_port[.J_USB > .SBU1]" (accidental contact)
PCB trace trace[.L1 > port.anode, .J_USB > port.B5] overlaps with pcb_via "pcb_via[#pcb_via_33]" (accidental contact)
PCB trace trace[.L1 > port.anode, .J_USB > port.B5] overlaps with pcb_smtpad "pcb_port[.J_USB > .VBUS1]" (accidental contact)
PCB trace trace[.L1 > port.anode, .J_USB > port.B5] overlaps with pcb_smtpad "pcb_port[.J_USB > .GND1]" (accidental contact)
PCB trace trace[.J_USB > port.A5, .C23 > port.1] is too close to trace[.J_USB > port.B4A9, .J_USB > port.A4B9] (gap: 0.091mm)
PCB trace trace[.J_USB > port.A5, .C23 > port.1] is too close to trace[.J_USB > port.A4B9, .D_VBUS > port.1] (gap: 0.073mm)
PCB trace trace[.J_USB > port.A5, .C23 > port.1] overlaps with pcb_smtpad "pcb_port[.J_USB > .DP1]" (accidental contact)
PCB trace trace[.U3 > port.pin7, .C23 > port.1] is too close to trace[.U3 > port.pin8, .C25 > port.1] (gap: 0.090mm)
PCB trace trace[.U3 > port.pin7, .C23 > port.1] overlaps with pcb_via "pcb_via[#pcb_via_34]" (accidental contact)
PCB trace trace[.U3 > port.pin7, .C23 > port.1] overlaps with trace[.Q_PD > port.S3, .R40 > port.anode] (accidental contact)
PCB trace trace[.U10 > port.pin9, .U10 > port.pin8] is too close to trace[.J_USB > port.A1B12, .U10 > port.pin17] (gap: 0.087mm)
PCB trace trace[.U10 > port.pin8, .R38 > port.anode] overlaps with pcb_via "pcb_via[#pcb_via_21]" (accidental contact)
PCB trace trace[.U10 > port.pin8, .R38 > port.anode] overlaps with pcb_via "pcb_via[#pcb_via_36]" (accidental contact)
PCB trace trace[.U10 > port.pin8, .R38 > port.anode] overlaps with pcb_via "pcb_via[#pcb_via_37]" (accidental contact)
PCB trace trace[.U10 > port.pin8, .R38 > port.anode] overlaps with pcb_via "pcb_via[#pcb_via_38]" (accidental contact)
PCB trace trace[.U10 > port.pin8, .R38 > port.anode] overlaps with pcb_via "pcb_via[#pcb_via_39]" (accidental contact)
PCB trace trace[.U3 > port.pin4, .R40 > port.anode] is too close to trace[.C22 > port.1, .R12 > port.anode] (gap: 0.055mm)
PCB trace trace[.Q_PD > port.S1, .U10 > port.pin9] overlaps with pcb_via "pcb_via[#pcb_via_374]" (accidental contact)
PCB trace trace[.Q_PD > port.S1, .U10 > port.pin9] overlaps with trace[.J_USB > port.A1B12, .U10 > port.pin17] (accidental contact)
PCB trace trace[.Q_PD > port.S3, .R40 > port.anode] overlaps with pcb_via "pcb_via[#pcb_via_179]" (accidental contact)
PCB trace trace[.Q_PD > port.S3, .R40 > port.anode] overlaps with pcb_via "pcb_via[#pcb_via_180]" (accidental contact)
PCB trace trace[.Q_PD > port.S3, .R40 > port.anode] overlaps with pcb_via "pcb_via[#pcb_via_34]" (accidental contact)
PCB trace trace[.Q_PD > port.S3, .R40 > port.anode] is too close to trace[.C22 > port.1, .R12 > port.anode] (gap: 0.082mm)
PCB trace trace[.J_USB > port.A4B9, .D_VBUS > port.1] overlaps with pcb_via "pcb_via[#pcb_via_8]" (accidental contact)
PCB trace trace[.U3 > port.pin8, .C25 > port.1] overlaps with pcb_via "pcb_via[#pcb_via_179]" (accidental contact)
PCB trace trace[.U3 > port.pin8, .C25 > port.1] overlaps with pcb_via "pcb_via[#pcb_via_180]" (accidental contact)
PCB trace trace[.U3 > port.pin8, .C25 > port.1] overlaps with pcb_smtpad "pcb_port[.U3 > .CTRLVBUS]" (accidental contact)
PCB trace trace[.U3 > port.pin8, .C25 > port.1] overlaps with pcb_via "pcb_via[#pcb_via_162]" (accidental contact)
PCB trace trace[.U3 > port.pin8, .C25 > port.1] overlaps with pcb_smtpad "pcb_port[.U3 > .GATE]" (accidental contact)
PCB trace trace[.U2 > port.pin21, .J_MOTOR > port.2] is too close to trace[.U2 > port.pin19, .R9 > port.anode] (gap: 0.080mm)
PCB trace trace[.U2 > port.pin21, .J_MOTOR > port.2] overlaps with trace[.U2 > port.pin16, .R8 > port.anode] (accidental contact)
PCB trace trace[.U2 > port.pin17, .C21 > port.1] is too close to trace[.U2 > port.pin16, .R8 > port.anode] (gap: 0.070mm)
PCB trace trace[.R10 > port.cathode, .R11 > port.anode] overlaps with pcb_via "pcb_via[#pcb_via_100]" (accidental contact)
PCB trace trace[.U2 > port.pin17, .R10 > port.cathode] overlaps with pcb_smtpad "pcb_port[.U2 > .STEP]" (accidental contact)
PCB trace trace[.U2 > port.pin17, .R10 > port.cathode] is too close to trace[.U2 > port.pin16, .R8 > port.anode] (gap: 0.084mm)
PCB trace trace[.U2 > port.pin8, .R10 > port.anode] overlaps with pcb_via "pcb_via[#pcb_via_226]" (accidental contact)
PCB trace trace[.U2 > port.pin6, .C14 > port.1] is too close to trace[.U2 > port.pin2, .R7 > port.cathode] (gap: 0.092mm)
PCB trace trace[.U2 > port.pin6, .C14 > port.1] overlaps with pcb_via "pcb_via[#pcb_via_247]" (accidental contact)
PCB trace trace[.U1 > port.pin14, .R4 > port.cathode] is too close to trace[.U1 > port.pin15] (gap: 0.086mm)
PCB trace trace[.U1 > port.pin14, .R4 > port.cathode] overlaps with trace[.C6 > port.2, .LED_STATUS > port.neg] (accidental contact)
PCB trace trace[.U1 > port.pin14, .R4 > port.cathode] is too close to trace[.U4 > port.pin7, .U9 > port.pin1] (gap: 0.053mm)
PCB trace trace[.U1 > port.pin16, .U2 > port.pin11] overlaps with pcb_via "pcb_via[#pcb_via_276]" (accidental contact)
PCB trace trace[.U1 > port.pin16, .U2 > port.pin11] is too close to trace[.U1 > port.pin44, .U6 > port.pin4] (gap: 0.077mm)
PCB trace trace[.U2 > port.pin19, .R9 > port.anode] overlaps with trace[.U2 > port.pin18, .C21 > port.2] (accidental contact)
PCB trace trace[.U2 > port.pin19, .R9 > port.anode] overlaps with trace[.U2 > port.pin18, .U9 > port.pin2] (accidental contact)
PCB trace trace[.U2 > port.pin19, .R9 > port.anode] overlaps with trace[.U2 > port.pin16, .R8 > port.anode] (accidental contact)
PCB trace trace[.U2 > port.pin19, .R9 > port.anode] is too close to trace[.C6 > port.2, .LED_STATUS > port.neg] (gap: 0.088mm)
PCB trace trace[.U1 > port.pin18, .R9 > port.anode] overlaps with trace[.C6 > port.1, .R35 > port.anode] (accidental contact)
PCB trace trace[.U2 > port.pin16, .R8 > port.anode] overlaps with pcb_via "pcb_via[#pcb_via_313]" (accidental contact)
PCB trace trace[.U2 > port.pin16, .R8 > port.anode] overlaps with trace[.U2 > port.pin15, .C16 > port.1] (accidental contact)
PCB trace trace[.U2 > port.pin16, .R8 > port.anode] overlaps with pcb_via "pcb_via[#pcb_via_224]" (accidental contact)
PCB trace trace[.U2 > port.pin16, .R8 > port.anode] overlaps with pcb_via "pcb_via[#pcb_via_102]" (accidental contact)
PCB trace trace[.U2 > port.pin16, .R8 > port.anode] is too close to trace[.C6 > port.1, .R35 > port.anode] (gap: 0.065mm)
PCB trace trace[.U2 > port.pin16, .R8 > port.anode] overlaps with pcb_via "pcb_via[#pcb_via_239]" (accidental contact)
PCB trace trace[.U2 > port.pin16, .R8 > port.anode] overlaps with pcb_via "pcb_via[#pcb_via_306]" (accidental contact)
PCB trace trace[.U2 > port.pin16, .R8 > port.anode] overlaps with pcb_via "pcb_via[#pcb_via_60]" (accidental contact)
PCB trace trace[.U1 > port.pin17, .R8 > port.anode] is too close to trace[.U1 > port.pin44, .U6 > port.pin4] (gap: 0.041mm)
PCB trace trace[.U1 > port.pin17, .R8 > port.anode] overlaps with pcb_via "pcb_via[#pcb_via_278]" (accidental contact)
PCB trace trace[.U1 > port.pin17, .R8 > port.anode] overlaps with pcb_via "pcb_via[#pcb_via_69]" (accidental contact)
PCB trace trace[.U1 > port.pin17, .R8 > port.anode] overlaps with pcb_via "pcb_via[#pcb_via_92]" (accidental contact)
PCB trace trace[.U1 > port.pin17, .R8 > port.anode] overlaps with pcb_via "pcb_via[#pcb_via_282]" (accidental contact)
PCB trace trace[.U2 > port.pin2, .R7 > port.cathode] overlaps with pcb_smtpad "pcb_port[.U2 > .VCP]" (accidental contact)
PCB trace trace[.C14 > port.2, .U10 > port.pin23] overlaps with pcb_via "pcb_via[#pcb_via_13]" (accidental contact)
PCB trace trace[.C14 > port.2, .U10 > port.pin23] overlaps with pcb_via "pcb_via[#pcb_via_325]" (accidental contact)
PCB trace trace[.C14 > port.2, .U10 > port.pin23] overlaps with pcb_smtpad "pcb_port[.U10 > .dVdT]" (accidental contact)
PCB trace trace[.C14 > port.2, .U10 > port.pin23] overlaps with pcb_smtpad "pcb_port[.U10 > .N_C1]" (accidental contact)
PCB trace trace[.U2 > port.pin28, .C14 > port.2] overlaps with pcb_via "pcb_via[#pcb_via_15]" (accidental contact)
PCB trace trace[.C14 > port.2, .C20 > port.pos] overlaps with pcb_via "pcb_via[#pcb_via_15]" (accidental contact)
PCB trace trace[.U5 > port.pin6, .C10 > port.pos] overlaps with pcb_smtpad "pcb_port[.U5 > .SW]" (accidental contact)
PCB trace trace[.U5 > port.pin6, .C10 > port.pos] overlaps with trace[.U5 > port.pin4, .C8 > port.2] (accidental contact)
PCB trace trace[.U5 > port.pin6, .C10 > port.pos] overlaps with trace[.U5 > port.pin4, .C22 > port.2] (accidental contact)
PCB trace trace[.U5 > port.pin6, .C10 > port.pos] overlaps with pcb_via "pcb_via[#pcb_via_163]" (accidental contact)
PCB trace trace[.U5 > port.pin5, .C10 > port.neg] overlaps with pcb_via "pcb_via[#pcb_via_262]" (accidental contact)
PCB trace trace[.U5 > port.pin5, .C10 > port.neg] overlaps with trace[.U5 > port.pin4, .C8 > port.2] (accidental contact)
PCB trace trace[.J_IO > port.3, .D_CAN > port.A12] overlaps with pcb_via "pcb_via[#pcb_via_168]" (accidental contact)
PCB trace trace[.J_IO > port.3, .D_CAN > port.A12] overlaps with pcb_via "pcb_via[#pcb_via_122]" (accidental contact)
PCB trace trace[.J_IO > port.3, .D_CAN > port.A12] overlaps with pcb_via "pcb_via[#pcb_via_271]" (accidental contact)
PCB trace trace[.U6 > port.pin6, .D_CAN > port.A12] overlaps with pcb_via "pcb_via[#pcb_via_369]" (accidental contact)
PCB trace trace[.U6 > port.pin6, .D_CAN > port.A12] overlaps with pcb_via "pcb_via[#pcb_via_122]" (accidental contact)
PCB trace trace[.U6 > port.pin6, .D_CAN > port.A12] overlaps with pcb_via "pcb_via[#pcb_via_271]" (accidental contact)
PCB trace trace[.J_IO > port.2, .D_CAN > port.A11] overlaps with pcb_via "pcb_via[#pcb_via_364]" (accidental contact)
PCB trace trace[.J_IO > port.2, .D_CAN > port.A11] overlaps with pcb_via "pcb_via[#pcb_via_55]" (accidental contact)
PCB trace trace[.U1 > port.pin44, .U6 > port.pin4] overlaps with pcb_via "pcb_via[#pcb_via_69]" (accidental contact)
PCB trace trace[.U1 > port.pin44, .U6 > port.pin4] overlaps with pcb_via "pcb_via[#pcb_via_245]" (accidental contact)
PCB trace trace[.U1 > port.pin44, .U6 > port.pin4] overlaps with pcb_via "pcb_via[#pcb_via_70]" (accidental contact)
PCB trace trace[.U1 > port.pin44, .U6 > port.pin4] overlaps with pcb_via "pcb_via[#pcb_via_71]" (accidental contact)
PCB trace trace[.U1 > port.pin45, .U6 > port.pin1] overlaps with pcb_via "pcb_via[#pcb_via_50]" (accidental contact)
PCB trace trace[.U1 > port.pin45, .U6 > port.pin1] overlaps with pcb_via "pcb_via[#pcb_via_275]" (accidental contact)
PCB trace trace[.U1 > port.pin45, .U6 > port.pin1] overlaps with trace[.C7 > port.1, .R34 > port.anode] (accidental contact)
PCB trace trace[.U1 > port.pin47, .R2 > port.cathode] overlaps with pcb_via "pcb_via[#pcb_via_30]" (accidental contact)
PCB trace trace[.C2 > port.1, .U8 > port.pin3] overlaps with pcb_via "pcb_via[#pcb_via_124]" (accidental contact)
PCB trace trace[.C6 > port.1, .R35 > port.anode] overlaps with pcb_via "pcb_via[#pcb_via_60]" (accidental contact)
PCB trace trace[.C6 > port.1, .R35 > port.anode] overlaps with pcb_via "pcb_via[#pcb_via_239]" (accidental contact)
PCB trace trace[.U1 > port.VDDA, .C1 > port.1] overlaps with pcb_via "pcb_via[#pcb_via_124]" (accidental contact)
PCB trace trace[.C4 > port.1, .C29 > port.1] overlaps with pcb_via "pcb_via[#pcb_via_32]" (accidental contact)
PCB trace trace[.C7 > port.1, .R34 > port.anode] overlaps with pcb_smtpad "pcb_port[.C7 > .pin2]" (accidental contact)
PCB trace trace[.C7 > port.1, .R34 > port.anode] overlaps with trace[.C7 > port.2, .R28 > port.cathode] (accidental contact)
PCB trace trace[.C22 > port.1, .R12 > port.anode] overlaps with pcb_via "pcb_via[#pcb_via_181]" (accidental contact)
PCB trace trace[.L1 > port.cathode, .U3 > port.pin12] overlaps with pcb_via "pcb_via[#pcb_via_26]" (accidental contact)
PCB trace trace[.R33 > port.anode, .R35 > port.anode] overlaps with pcb_via "pcb_via[#pcb_via_220]" (accidental contact)
PCB trace trace[.R7 > port.anode, .U3 > port.pin12] is too close to trace[.J_USB > port.A1B12, .U10 > port.pin17] (gap: 0.058mm)
PCB trace trace[.R7 > port.anode, .U3 > port.pin12] overlaps with pcb_via "pcb_via[#pcb_via_25]" (accidental contact)
PCB trace trace[.R7 > port.anode, .U3 > port.pin12] overlaps with pcb_via "pcb_via[#pcb_via_374]" (accidental contact)
PCB trace trace[.R7 > port.anode, .U3 > port.pin12] overlaps with pcb_via "pcb_via[#pcb_via_187]" (accidental contact)
PCB trace trace[.R7 > port.anode, .U3 > port.pin12] overlaps with pcb_via "pcb_via[#pcb_via_188]" (accidental contact)
PCB trace trace[.U1 > port.pin29, .D_CAN > port.K] overlaps with pcb_via "pcb_via[#pcb_via_269]" (accidental contact)
PCB trace trace[.U1 > port.pin29, .D_CAN > port.K] overlaps with pcb_via "pcb_via[#pcb_via_271]" (accidental contact)
PCB trace trace[.U1 > port.pin29, .D_CAN > port.K] overlaps with pcb_via "pcb_via[#pcb_via_168]" (accidental contact)
PCB trace trace[.U2 > port.pin10, .R46 > port.cathode] overlaps with pcb_via "pcb_via[#pcb_via_234]" (accidental contact)
PCB trace trace[.U1 > port.VSSA, .R52 > port.cathode] overlaps with pcb_via "pcb_via[#pcb_via_276]" (accidental contact)
PCB trace trace[.U1 > port.VSSA, .R52 > port.cathode] overlaps with pcb_via "pcb_via[#pcb_via_106]" (accidental contact)
PCB trace trace[.U1 > port.pin29, .U1 > port.pin32] overlaps with pcb_via "pcb_via[#pcb_via_272]" (accidental contact)
PCB trace trace[.J_USB > port.pin9, .U7 > port.pin8] overlaps with pcb_via "pcb_via[#pcb_via_127]" (accidental contact)
PCB trace trace[.C6 > port.2, .LED_STATUS > port.neg] overlaps with pcb_smtpad "pcb_port[.R37 > .pin2]" (accidental contact)
PCB trace trace[.C6 > port.2, .LED_STATUS > port.neg] overlaps with pcb_via "pcb_via[#pcb_via_65]" (accidental contact)
PCB trace trace[.U7 > port.pin8, .U8 > port.pin1] overlaps with pcb_via "pcb_via[#pcb_via_127]" (accidental contact)
PCB trace trace[.C16 > port.2, .R8 > port.cathode] overlaps with pcb_via "pcb_via[#pcb_via_220]" (accidental contact)
PCB trace trace[.U1 > port.pin29, .D_IO1 > port.pin8] overlaps with pcb_smtpad "pcb_port[.U1 > .PA8]" (accidental contact)
PCB trace trace[.U5 > port.pin4, .C8 > port.2] overlaps with pcb_via "pcb_via[#pcb_via_262]" (accidental contact)
PCB trace trace[.LED_POWER > port.neg, .LED_STATUS > port.neg] overlaps with pcb_via "pcb_via[#pcb_via_62]" (accidental contact)
PCB trace trace[.U5 > port.pin4, .C22 > port.2] overlaps with pcb_via "pcb_via[#pcb_via_163]" (accidental contact)
PCB trace trace[.J_USB > port.A1B12, .U10 > port.pin17] overlaps with pcb_via "pcb_via[#pcb_via_187]" (accidental contact)
PCB trace trace[.J_USB > port.A1B12, .U10 > port.pin17] overlaps with pcb_via "pcb_via[#pcb_via_188]" (accidental contact)
Pad pcb_port[.R13 > .pin1] and trace trace[.U10 > port.pin13, .Q_ILIM > port.S] are too close (clearance: 0.074mm, minimum: 0.1mm)
Pad pcb_port[.U4 > .OUT] and trace trace[.U10 > port.pin19, .R45 > port.anode] are too close (clearance: 0.091mm, minimum: 0.1mm)
Pad pcb_port[.U10 > .EP] and trace trace[.R42 > port.cathode, .R43 > port.anode] are too close (clearance: 0.063mm, minimum: 0.1mm)
Pad pcb_port[.U10 > .N_C9] and trace trace[.R42 > port.cathode, .R43 > port.anode] are too close (clearance: 0.073mm, minimum: 0.1mm)
Pad pcb_port[.U10 > .N_C3] and trace trace[.U10 > port.pin12, .R42 > port.cathode] are too close (clearance: 0.05mm, minimum: 0.1mm)
Pad pcb_port[.U10 > .UVLO] and trace trace[.U10 > port.pin12, .R42 > port.cathode] are too close (clearance: 0.002mm, minimum: 0.1mm)
Pad pcb_port[.U10 > .IN2] and trace trace[.U10 > port.pin12, .R42 > port.cathode] are too close (clearance: 0.054mm, minimum: 0.1mm)
Pad pcb_port[.U10 > .IN1] and trace trace[.U10 > port.pin10, .R38 > port.cathode] are too close (clearance: 0.02mm, minimum: 0.1mm)
Pad pcb_port[.U10 > .EP] and trace trace[.U10 > port.pin10, .R38 > port.cathode] are too close (clearance: 0.043mm, minimum: 0.1mm)
Pad pcb_port[.LED_STATUS > .cathode] and trace trace[.R37 > port.cathode, .LED_FAULT > port.pos] are too close (clearance: 0.067mm, minimum: 0.1mm)
Pad pcb_port[.R25 > .pin1] and trace trace[.U1 > port.pin22, .R26 > port.cathode] are too close (clearance: 0.029mm, minimum: 0.1mm)
Pad pcb_port[.R24 > .pin1] and trace trace[.U1 > port.pin20, .R24 > port.cathode] are too close (clearance: 0.087mm, minimum: 0.1mm)
Pad pcb_port[.U7 > .SEL3] and trace trace[.J_SWD > port.nRESET, .U7 > port.pin10] are too close (clearance: 0.072mm, minimum: 0.1mm)
Pad pcb_port[.U7 > .SEL1] and trace trace[.J_SWD > port.pin2, .U7 > port.pin2] are too close (clearance: 0.084mm, minimum: 0.1mm)
Pad pcb_port[.C10 > .pin1] and trace trace[.U3 > port.pin5, .Q_PD > port.G] are too close (clearance: 0.064mm, minimum: 0.1mm)
Pad pcb_port[.C20 > .pin2] and trace trace[.U1 > port.pin27, .U3 > port.pin1] are too close (clearance: 0.07mm, minimum: 0.1mm)
Pad pcb_port[.J_USB > .DP2] and trace trace[.L1 > port.anode, .J_USB > port.B5] are too close (clearance: 0.052mm, minimum: 0.1mm)
Pad pcb_port[.J_USB > .DN2] and trace trace[.J_USB > port.A5, .C23 > port.1] are too close (clearance: 0.083mm, minimum: 0.1mm)
Pad pcb_port[.C22 > .pin1] and trace trace[.U3 > port.pin4, .R40 > port.anode] are too close (clearance: 0.075mm, minimum: 0.1mm)
Pad pcb_port[.Q_PD > .pin1] and trace trace[.Q_PD > port.D5, .C26 > port.1] are too close (clearance: 0.07mm, minimum: 0.1mm)
Pad pcb_port[.U2 > .EP] and trace trace[.U2 > port.pin1, .J_MOTOR > port.4] are too close (clearance: 0.048mm, minimum: 0.1mm)
Pad pcb_port[.U2 > .VS1] and trace trace[.U2 > port.pin1, .J_MOTOR > port.4] are too close (clearance: 0.032mm, minimum: 0.1mm)
Pad pcb_port[.U2 > .BRB] and trace trace[.U2 > port.pin1, .J_MOTOR > port.4] are too close (clearance: 0.029mm, minimum: 0.1mm)
Pad pcb_port[.U2 > .EP] and trace trace[.U2 > port.pin17, .C21 > port.1] are too close (clearance: 0.059mm, minimum: 0.1mm)
Pad pcb_port[.U2 > .STEP] and trace trace[.U2 > port.pin17, .C21 > port.1] are too close (clearance: 0.004mm, minimum: 0.1mm)
Pad pcb_port[.U2 > .VCC_IO] and trace trace[.U2 > port.pin17, .C21 > port.1] are too close (clearance: 0.044mm, minimum: 0.1mm)
Pad pcb_port[.U2 > .EP] and trace trace[.U2 > port.pin17, .R10 > port.cathode] are too close (clearance: 0.051mm, minimum: 0.1mm)
Pad pcb_port[.U2 > .VCC_IO] and trace trace[.U2 > port.pin17, .R10 > port.cathode] are too close (clearance: 0.028mm, minimum: 0.1mm)
Pad pcb_port[.R10 > .pin1] and trace trace[.U2 > port.pin17, .R10 > port.cathode] are too close (clearance: 0.087mm, minimum: 0.1mm)
Pad pcb_port[.C13 > .pin2] and trace trace[.U2 > port.pin6, .C14 > port.1] are too close (clearance: 0.089mm, minimum: 0.1mm)
Pad pcb_port[.J_MOTOR > .pin3] and trace trace[.U2 > port.pin16, .R8 > port.anode] are too close (clearance: 0.004mm, minimum: 0.1mm)
Pad pcb_port[.J_MOTOR > .pin2] and trace trace[.U2 > port.pin16, .R8 > port.anode] are too close (clearance: 0.085mm, minimum: 0.1mm)
Pad pcb_port[.R4 > .pin1] and trace trace[.U1 > port.pin17, .R8 > port.anode] are too close (clearance: 0.041mm, minimum: 0.1mm)
Pad pcb_port[.U2 > .EP] and trace trace[.U2 > port.pin2, .R7 > port.cathode] are too close (clearance: 0.041mm, minimum: 0.1mm)
Pad pcb_port[.U2 > .GND2] and trace trace[.U2 > port.pin2, .R7 > port.cathode] are too close (clearance: 0.089mm, minimum: 0.1mm)
Pad pcb_port[.U2 > .CPI] and trace trace[.U2 > port.pin2, .R7 > port.cathode] are too close (clearance: 0.092mm, minimum: 0.1mm)
Pad pcb_port[.U2 > .SPREAD] and trace trace[.U2 > port.pin2, .R7 > port.cathode] are too close (clearance: 0.028mm, minimum: 0.1mm)
Pad pcb_port[.U10 > .N_FLT] and trace trace[.C14 > port.2, .U10 > port.pin23] are too close (clearance: 0.02mm, minimum: 0.1mm)
Pad pcb_port[.U10 > .EP] and trace trace[.C14 > port.2, .U10 > port.pin23] are too close (clearance: 0.021mm, minimum: 0.1mm)
Pad pcb_port[.U1 > .PC15_OSC32_OUT] and trace trace[.U1 > port.VDDA, .C1 > port.1] are too close (clearance: 0.094mm, minimum: 0.1mm)
Pad pcb_port[.U6 > .R] and trace trace[.U6 > port.pin3, .C7 > port.1] are too close (clearance: 0.047mm, minimum: 0.1mm)
Pad pcb_port[.C22 > .pin2] and trace trace[.C22 > port.1, .R12 > port.anode] are too close (clearance: 0.037mm, minimum: 0.1mm)
Pad pcb_port[.U3 > .CC2] and trace trace[.L1 > port.cathode, .U3 > port.pin12] are too close (clearance: 0.09mm, minimum: 0.1mm)
Pad pcb_port[.R32 > .pin2] and trace trace[.C29 > port.1, .R32 > port.anode] are too close (clearance: 0.085mm, minimum: 0.1mm)
Pad pcb_port[.U3 > .FLT] and trace trace[.U3 > port.pin12, .R48 > port.anode] are too close (clearance: 0.051mm, minimum: 0.1mm)
Pad pcb_port[.R27 > .pin1] and trace trace[.U1 > port.VSSA, .R52 > port.cathode] are too close (clearance: 0.034mm, minimum: 0.1mm)
Pad pcb_port[.U9 > .ALERT] and trace trace[.U9 > port.pin2, .U9 > port.pin4] are too close (clearance: 0.036mm, minimum: 0.1mm)
Pad pcb_port[.C3 > .pin1] and trace trace[.C1 > port.2, .C3 > port.2] are too close (clearance: 0.08mm, minimum: 0.1mm)
Pad pcb_port[.R11 > .pin1] and trace trace[.C16 > port.2, .R8 > port.cathode] are too close (clearance: 0.081mm, minimum: 0.1mm)
Pad pcb_port[.R43 > .pin1] and trace trace[.J_USB > port.A1B12, .C23 > port.2] are too close (clearance: 0.024mm, minimum: 0.1mm)
Pad pcb_port[.R12 > .pin2] and trace trace[.U5 > port.pin4, .C8 > port.2] are too close (clearance: 0.094mm, minimum: 0.1mm)
Pad pcb_port[.J_IO > .pin3] and trace trace[.J_IO > port.1, .J_IO > port.4] are too close (clearance: 0.059mm, minimum: 0.1mm)
Pad pcb_port[.C10 > .pin2] and trace trace[.U5 > port.pin4, .C22 > port.2] are too close (clearance: 0.094mm, minimum: 0.1mm)
Pad pcb_port[.R28 > .pin1] and trace trace[.R28 > port.cathode, .R29 > port.cathode] are too close (clearance: 0.091mm, minimum: 0.1mm)
Pad pcb_port[.U10 > .IN1] and trace trace[.J_USB > port.A1B12, .U10 > port.pin17] are too close (clearance: 0.081mm, minimum: 0.1mm)
Trace source_net_80_mst5_0 is too close to non-plated hole pcb_hole_5 (gap: 0.156465mm, required: 0.35mm)
Trace source_net_71_mst0_0 is too close to non-plated hole pcb_hole_4 (gap: 0.189407mm, required: 0.35mm)
Trace source_net_34_mst0_0 is too close to non-plated hole pcb_hole_4 (gap: 0.314662mm, required: 0.35mm)
Trace source_net_33_mst1_0 is too close to non-plated hole pcb_hole_4 (gap: 0.205391mm, required: 0.35mm)
Trace source_net_29_mst7_0 is too close to non-plated hole pcb_hole_4 (gap: 0.247440mm, required: 0.35mm)
Trace source_net_29_mst7_0 is too close to non-plated hole pcb_hole_5 (gap: 0.334114mm, required: 0.35mm)
Trace source_net_29_mst9_0 is too close to non-plated hole pcb_hole_5 (gap: 0.307137mm, required: 0.35mm)
Trace source_net_0_mst59_0 is too close to non-plated hole pcb_hole_5 (gap: 0.122062mm, required: 0.35mm)
Trace source_net_0_mst60_0 is too close to non-plated hole pcb_hole_4 (gap: 0.166584mm, required: 0.35mm)
Via pcb_via[#pcb_via_8] and trace trace[.U10 > port.pin19, .R44 > port.anode] are too close (clearance: 0.011mm, minimum: 0.1mm)
Via pcb_via[#pcb_via_8] and trace trace[.J_USB > port.A1B12, .C23 > port.2] are too close (clearance: 0.074mm, minimum: 0.1mm)
Via pcb_via[#pcb_via_10] and trace trace[.U1 > port.pin26, .R46 > port.anode] are too close (clearance: 0.063mm, minimum: 0.1mm)
Via pcb_via[#pcb_via_10] and trace trace[.U3 > port.pin6, .R14 > port.cathode] are too close (clearance: 0.021mm, minimum: 0.1mm)
Via pcb_via[#pcb_via_12] and trace trace[.R41 > port.cathode, .R42 > port.anode] are too close (clearance: 0.066mm, minimum: 0.1mm)
Via pcb_via[#pcb_via_12] and trace trace[.U10 > port.pin22, .R48 > port.cathode] are too close (clearance: 0.013mm, minimum: 0.1mm)
Via pcb_via[#pcb_via_12] and trace trace[.U7 > port.pin6, .R21 > port.anode] are too close (clearance: 0.015mm, minimum: 0.1mm)
Via pcb_via[#pcb_via_12] and trace trace[.L1 > port.anode, .J_USB > port.B5] are too close (clearance: 0.075mm, minimum: 0.1mm)
Via pcb_via[#pcb_via_13] and trace trace[.U10 > port.pin19, .R45 > port.anode] are too close (clearance: 0.092mm, minimum: 0.1mm)
Via pcb_via[#pcb_via_14] and trace trace[.R13 > port.cathode, .R14 > port.anode] are too close (clearance: 0.04mm, minimum: 0.1mm)
Via pcb_via[#pcb_via_14] and trace trace[.R2 > port.anode, .R3 > port.anode] are too close (clearance: 0.068mm, minimum: 0.1mm)
Via pcb_via[#pcb_via_14] and trace trace[.R3 > port.anode, .R7 > port.anode] are too close (clearance: 0.068mm, minimum: 0.1mm)
Via pcb_via[#pcb_via_16] and trace trace[.U3 > port.pin6, .R14 > port.cathode] are too close (clearance: 0.085mm, minimum: 0.1mm)
Via pcb_via[#pcb_via_21] and trace trace[.U10 > port.pin10, .R38 > port.cathode] are too close (clearance: 0.07mm, minimum: 0.1mm)
Via pcb_via[#pcb_via_21] and trace trace[.L1 > port.cathode, .U3 > port.pin12] are too close (clearance: 0.029mm, minimum: 0.1mm)
Via pcb_via[#pcb_via_22] and trace trace[.U10 > port.pin8, .R38 > port.anode] are too close (clearance: 0.048mm, minimum: 0.1mm)
Via pcb_via[#pcb_via_22] and trace trace[.L1 > port.cathode, .U3 > port.pin12] are too close (clearance: 0.047mm, minimum: 0.1mm)
Via pcb_via[#pcb_via_25] and trace trace[.U3 > port.pin11, .R12 > port.cathode] are too close (clearance: 0.049mm, minimum: 0.1mm)
Via pcb_via[#pcb_via_25] and trace trace[.U1 > port.pin25, .U3 > port.pin11] are too close (clearance: 0.063mm, minimum: 0.1mm)
Via pcb_via[#pcb_via_26] and trace trace[.U10 > port.pin8, .R38 > port.anode] are too close (clearance: 0.021mm, minimum: 0.1mm)
Via pcb_via[#pcb_via_26] and trace trace[.R7 > port.anode, .U3 > port.pin12] are too close (clearance: 0.067mm, minimum: 0.1mm)
Via pcb_via[#pcb_via_26] and trace trace[.U3 > port.pin12, .R48 > port.anode] are too close (clearance: 0.036mm, minimum: 0.1mm)
Via pcb_via[#pcb_via_28] and trace trace[.U1 > port.pin26, .R46 > port.anode] are too close (clearance: 0.087mm, minimum: 0.1mm)
Via pcb_via[#pcb_via_28] and trace trace[.R37 > port.cathode, .LED_FAULT > port.pos] are too close (clearance: 0.056mm, minimum: 0.1mm)
Via pcb_via[#pcb_via_30] and trace trace[.U1 > port.pin43, .U10 > port.pin22] are too close (clearance: 0.093mm, minimum: 0.1mm)
Via pcb_via[#pcb_via_32] and trace trace[.U8 > port.pin2, .R19 > port.cathode] are too close (clearance: 0.043mm, minimum: 0.1mm)
Via pcb_via[#pcb_via_32] and trace trace[.U7 > port.pin11, .U8 > port.pin2] are too close (clearance: 0.043mm, minimum: 0.1mm)
Via pcb_via[#pcb_via_32] and trace trace[.C27 > port.1, .R51 > port.anode] are too close (clearance: 0.06mm, minimum: 0.1mm)
Via pcb_via[#pcb_via_34] and trace trace[.U3 > port.pin4, .R40 > port.anode] are too close (clearance: 0.052mm, minimum: 0.1mm)
Via pcb_via[#pcb_via_35] and trace trace[.U10 > port.pin13, .Q_ILIM > port.S] are too close (clearance: 0.093mm, minimum: 0.1mm)
Via pcb_via[#pcb_via_35] and trace trace[.Q_ILIM > port.G, .R46 > port.anode] are too close (clearance: 0.079mm, minimum: 0.1mm)
Via pcb_via[#pcb_via_36] and trace trace[.U10 > port.pin12, .R42 > port.cathode] are too close (clearance: 0.031mm, minimum: 0.1mm)
Via pcb_via[#pcb_via_42] and trace trace[.U1 > port.pin16, .U2 > port.pin11] are too close (clearance: 0.003mm, minimum: 0.1mm)
Via pcb_via[#pcb_via_43] and trace trace[.U2 > port.pin14, .R4 > port.cathode] are too close (clearance: 0.076mm, minimum: 0.1mm)
Via pcb_via[#pcb_via_44] and trace trace[.U1 > port.pin22, .R26 > port.cathode] are too close (clearance: 0.037mm, minimum: 0.1mm)
Via pcb_via[#pcb_via_44] and trace trace[.U1 > port.pin35, .R52 > port.anode] are too close (clearance: 0.065mm, minimum: 0.1mm)
Via pcb_via[#pcb_via_44] and trace trace[.D_IO1 > port.pin8, .D_IO1 > port.pin3] are too close (clearance: 0.086mm, minimum: 0.1mm)
Via pcb_via[#pcb_via_44] and trace trace[.U1 > port.pin29, .D_IO1 > port.pin8] are too close (clearance: 0.054mm, minimum: 0.1mm)
Via pcb_via[#pcb_via_45] and trace trace[.U1 > port.pin17, .R8 > port.anode] are too close (clearance: 0.093mm, minimum: 0.1mm)
Via pcb_via[#pcb_via_47] and trace trace[.U2 > port.pin14, .R4 > port.cathode] are too close (clearance: 0.086mm, minimum: 0.1mm)
Via pcb_via[#pcb_via_49] and trace trace[.R14 > port.cathode, .R15 > port.anode] are too close (clearance: 0.064mm, minimum: 0.1mm)
Via pcb_via[#pcb_via_51] and trace trace[.U1 > port.pin31, .R37 > port.anode] are too close (clearance: 0.068mm, minimum: 0.1mm)
Via pcb_via[#pcb_via_51] and trace trace[.U1 > port.pin21, .R25 > port.cathode] are too close (clearance: 0.045mm, minimum: 0.1mm)
Via pcb_via[#pcb_via_51] and trace trace[.U1 > port.pin20, .R24 > port.cathode] are too close (clearance: 0.08mm, minimum: 0.1mm)
Via pcb_via[#pcb_via_51] and trace trace[.U1 > port.pin19, .R23 > port.cathode] are too close (clearance: 0.084mm, minimum: 0.1mm)
Via pcb_via[#pcb_via_55] and trace trace[.U1 > port.pin36, .R53 > port.anode] are too close (clearance: 0.066mm, minimum: 0.1mm)
Via pcb_via[#pcb_via_55] and trace trace[.U1 > port.pin29, .U1 > port.pin32] are too close (clearance: 0.039mm, minimum: 0.1mm)
Via pcb_via[#pcb_via_57] and trace trace[.C6 > port.1, .R34 > port.anode] are too close (clearance: 0.05mm, minimum: 0.1mm)
Via pcb_via[#pcb_via_58] and trace trace[.R37 > port.cathode, .LED_FAULT > port.pos] are too close (clearance: 0.074mm, minimum: 0.1mm)
Via pcb_via[#pcb_via_58] and trace trace[.C6 > port.1, .R34 > port.anode] are too close (clearance: 0.082mm, minimum: 0.1mm)
Via pcb_via[#pcb_via_59] and trace trace[.U6 > port.pin6, .D_CAN > port.A12] are too close (clearance: 0.085mm, minimum: 0.1mm)
Via pcb_via[#pcb_via_60] and trace trace[.U1 > port.pin25, .U3 > port.pin11] are too close (clearance: 0.078mm, minimum: 0.1mm)
Via pcb_via[#pcb_via_62] and trace trace[.C6 > port.1, .R35 > port.anode] are too close (clearance: 0.078mm, minimum: 0.1mm)
Via pcb_via[#pcb_via_62] and trace trace[.R33 > port.anode, .R35 > port.anode] are too close (clearance: 0.089mm, minimum: 0.1mm)
Via pcb_via[#pcb_via_63] and trace trace[.U1 > port.pin25, .U3 > port.pin11] are too close (clearance: 0.094mm, minimum: 0.1mm)
Via pcb_via[#pcb_via_63] and trace trace[.U2 > port.pin8, .R10 > port.anode] are too close (clearance: 0.081mm, minimum: 0.1mm)
Via pcb_via[#pcb_via_63] and trace trace[.U1 > port.pin17, .R8 > port.anode] are too close (clearance: 0.078mm, minimum: 0.1mm)
Via pcb_via[#pcb_via_64] and trace trace[.R41 > port.cathode, .R42 > port.anode] are too close (clearance: 0.087mm, minimum: 0.1mm)
Via pcb_via[#pcb_via_65] and trace trace[.U1 > port.pin25, .U3 > port.pin11] are too close (clearance: 0.062mm, minimum: 0.1mm)
Via pcb_via[#pcb_via_65] and trace trace[.C6 > port.1, .R35 > port.anode] are too close (clearance: 0.071mm, minimum: 0.1mm)
Via pcb_via[#pcb_via_67] and trace trace[.R37 > port.cathode, .LED_FAULT > port.pos] are too close (clearance: 0.091mm, minimum: 0.1mm)
Via pcb_via[#pcb_via_67] and trace trace[.R13 > port.cathode, .R14 > port.anode] are too close (clearance: 0.094mm, minimum: 0.1mm)
Via pcb_via[#pcb_via_67] and trace trace[.U2 > port.pin8, .R10 > port.anode] are too close (clearance: 0.018mm, minimum: 0.1mm)
Via pcb_via[#pcb_via_72] and trace trace[.U1 > port.pin26, .R46 > port.anode] are too close (clearance: 0.038mm, minimum: 0.1mm)
Via pcb_via[#pcb_via_72] and trace trace[.U1 > port.pin21, .R25 > port.cathode] are too close (clearance: 0.001mm, minimum: 0.1mm)
Via pcb_via[#pcb_via_72] and trace trace[.U1 > port.pin20, .R24 > port.cathode] are too close (clearance: 0.076mm, minimum: 0.1mm)
Via pcb_via[#pcb_via_74] and trace trace[.J_IO > port.5, .D_IO1 > port.pin1] are too close (clearance: 0.052mm, minimum: 0.1mm)
Via pcb_via[#pcb_via_74] and trace trace[.D_IO1 > port.pin1, .R23 > port.anode] are too close (clearance: 0.06mm, minimum: 0.1mm)
Via pcb_via[#pcb_via_74] and trace trace[.U1 > port.pin18, .R9 > port.anode] are too close (clearance: 0.06mm, minimum: 0.1mm)
Via pcb_via[#pcb_via_75] and trace trace[.U8 > port.pin2, .R19 > port.cathode] are too close (clearance: 0.078mm, minimum: 0.1mm)
Via pcb_via[#pcb_via_75] and trace trace[.U1 > port.pin44, .U6 > port.pin4] are too close (clearance: 0.078mm, minimum: 0.1mm)
Via pcb_via[#pcb_via_75] and trace trace[.J_IO > port.10, .D_IO2 > port.pin3] are too close (clearance: 0.078mm, minimum: 0.1mm)
Via pcb_via[#pcb_via_76] and trace trace[.U8 > port.pin2, .R19 > port.cathode] are too close (clearance: 0.078mm, minimum: 0.1mm)
Via pcb_via[#pcb_via_76] and trace trace[.U1 > port.pin44, .U6 > port.pin4] are too close (clearance: 0.078mm, minimum: 0.1mm)
Via pcb_via[#pcb_via_76] and trace trace[.J_IO > port.10, .D_IO2 > port.pin3] are too close (clearance: 0.078mm, minimum: 0.1mm)
Via pcb_via[#pcb_via_77] and trace trace[.U1 > port.pin16, .U2 > port.pin11] are too close (clearance: 0.088mm, minimum: 0.1mm)
Via pcb_via[#pcb_via_77] and trace trace[.U1 > port.VDDA, .C1 > port.1] are too close (clearance: 0.069mm, minimum: 0.1mm)
Via pcb_via[#pcb_via_77] and trace trace[.U1 > port.VSSA, .R52 > port.cathode] are too close (clearance: 0.092mm, minimum: 0.1mm)
Via pcb_via[#pcb_via_79] and trace trace[.U1 > port.pin31, .R37 > port.anode] are too close (clearance: 0.085mm, minimum: 0.1mm)
Via pcb_via[#pcb_via_79] and trace trace[.U1 > port.pin21, .R25 > port.cathode] are too close (clearance: 0.046mm, minimum: 0.1mm)
Via pcb_via[#pcb_via_81] and trace trace[.U1 > port.pin42, .R34 > port.cathode] are too close (clearance: 0.079mm, minimum: 0.1mm)
Via pcb_via[#pcb_via_82] and trace trace[.U1 > port.pin21, .R25 > port.cathode] are too close (clearance: 0.093mm, minimum: 0.1mm)
Via pcb_via[#pcb_via_83] and trace trace[.U1 > port.pin42, .R34 > port.cathode] are too close (clearance: 0.063mm, minimum: 0.1mm)
Via pcb_via[#pcb_via_83] and trace trace[.U1 > port.pin31, .R37 > port.anode] are too close (clearance: 0.071mm, minimum: 0.1mm)
Via pcb_via[#pcb_via_83] and trace trace[.D_IO1 > port.pin2, .R24 > port.anode] are too close (clearance: 0.036mm, minimum: 0.1mm)
Via pcb_via[#pcb_via_84] and trace trace[.C7 > port.2, .R28 > port.cathode] are too close (clearance: 0.085mm, minimum: 0.1mm)
Via pcb_via[#pcb_via_85] and trace trace[.U1 > port.pin45, .U6 > port.pin1] are too close (clearance: 0.068mm, minimum: 0.1mm)
Via pcb_via[#pcb_via_85] and trace trace[.C7 > port.2, .R28 > port.cathode] are too close (clearance: 0.011mm, minimum: 0.1mm)
Via pcb_via[#pcb_via_85] and trace trace[.R28 > port.cathode, .R29 > port.cathode] are too close (clearance: 0.064mm, minimum: 0.1mm)
Via pcb_via[#pcb_via_86] and trace trace[.J_IO > port.9, .D_IO2 > port.pin1] are too close (clearance: 0.083mm, minimum: 0.1mm)
Via pcb_via[#pcb_via_86] and trace trace[.U1 > port.pin20, .R24 > port.cathode] are too close (clearance: 0.084mm, minimum: 0.1mm)
Via pcb_via[#pcb_via_86] and trace trace[.J_IO > port.5, .D_IO1 > port.pin1] are too close (clearance: 0.082mm, minimum: 0.1mm)
Via pcb_via[#pcb_via_86] and trace trace[.D_IO1 > port.pin1, .R23 > port.anode] are too close (clearance: 0.083mm, minimum: 0.1mm)
Via pcb_via[#pcb_via_86] and trace trace[.U1 > port.pin18, .R9 > port.anode] are too close (clearance: 0.077mm, minimum: 0.1mm)
Via pcb_via[#pcb_via_87] and trace trace[.U1 > port.pin26, .R46 > port.anode] are too close (clearance: 0.084mm, minimum: 0.1mm)
Via pcb_via[#pcb_via_87] and trace trace[.U1 > port.pin20, .R24 > port.cathode] are too close (clearance: 0.076mm, minimum: 0.1mm)
Via pcb_via[#pcb_via_87] and trace trace[.J_IO > port.6, .D_IO1 > port.pin2] are too close (clearance: 0.087mm, minimum: 0.1mm)
Via pcb_via[#pcb_via_88] and trace trace[.U1 > port.pin22, .R26 > port.cathode] are too close (clearance: 0.089mm, minimum: 0.1mm)
Via pcb_via[#pcb_via_90] and trace trace[.U1 > port.pin26, .R46 > port.anode] are too close (clearance: 0.06mm, minimum: 0.1mm)
Via pcb_via[#pcb_via_90] and trace trace[.U1 > port.pin20, .R24 > port.cathode] are too close (clearance: 0.053mm, minimum: 0.1mm)
Via pcb_via[#pcb_via_91] and trace trace[.U1 > port.pin22, .R26 > port.cathode] are too close (clearance: 0.082mm, minimum: 0.1mm)
Via pcb_via[#pcb_via_91] and trace trace[.J_IO > port.8, .D_IO1 > port.pin5] are too close (clearance: 0.091mm, minimum: 0.1mm)
Via pcb_via[#pcb_via_92] and trace trace[.D_IO1 > port.pin4, .R25 > port.anode] are too close (clearance: 0.087mm, minimum: 0.1mm)
Via pcb_via[#pcb_via_93] and trace trace[.J_IO > port.9, .D_IO2 > port.pin1] are too close (clearance: 0.08mm, minimum: 0.1mm)
Via pcb_via[#pcb_via_93] and trace trace[.U1 > port.pin20, .R24 > port.cathode] are too close (clearance: 0.059mm, minimum: 0.1mm)
Via pcb_via[#pcb_via_94] and trace trace[.J_IO > port.8, .D_IO1 > port.pin5] are too close (clearance: 0.069mm, minimum: 0.1mm)
Via pcb_via[#pcb_via_94] and trace trace[.U1 > port.pin35, .R52 > port.anode] are too close (clearance: 0.069mm, minimum: 0.1mm)
Via pcb_via[#pcb_via_95] and trace trace[.U1 > port.pin22, .R26 > port.cathode] are too close (clearance: 0.022mm, minimum: 0.1mm)
Via pcb_via[#pcb_via_95] and trace trace[.J_IO > port.8, .D_IO1 > port.pin5] are too close (clearance: 0.085mm, minimum: 0.1mm)
Via pcb_via[#pcb_via_97] and trace trace[.U1 > port.pin36, .R53 > port.anode] are too close (clearance: 0.051mm, minimum: 0.1mm)
Via pcb_via[#pcb_via_99] and trace trace[.U2 > port.pin19, .R9 > port.anode] are too close (clearance: 0.038mm, minimum: 0.1mm)
Via pcb_via[#pcb_via_100] and trace trace[.U3 > port.pin6, .R14 > port.cathode] are too close (clearance: 0.085mm, minimum: 0.1mm)
Via pcb_via[#pcb_via_100] and trace trace[.U2 > port.pin21, .J_MOTOR > port.2] are too close (clearance: 0.06mm, minimum: 0.1mm)
Via pcb_via[#pcb_via_100] and trace trace[.U1 > port.pin13, .R4 > port.anode] are too close (clearance: 0.084mm, minimum: 0.1mm)
Via pcb_via[#pcb_via_100] and trace trace[.U2 > port.pin16, .R8 > port.anode] are too close (clearance: 0.068mm, minimum: 0.1mm)
Via pcb_via[#pcb_via_100] and trace trace[.U9 > port.pin5, .C32 > port.1] are too close (clearance: 0.06mm, minimum: 0.1mm)
Via pcb_via[#pcb_via_102] and trace trace[.U1 > port.pin13, .R4 > port.anode] are too close (clearance: 0.012mm, minimum: 0.1mm)
Via pcb_via[#pcb_via_102] and trace trace[.U2 > port.pin19, .R9 > port.anode] are too close (clearance: 0.09mm, minimum: 0.1mm)
Via pcb_via[#pcb_via_102] and trace trace[.U9 > port.pin5, .C32 > port.1] are too close (clearance: 0.079mm, minimum: 0.1mm)
Via pcb_via[#pcb_via_108] and trace trace[.U7 > port.pin11, .U7 > port.pin15] are too close (clearance: 0.059mm, minimum: 0.1mm)
Via pcb_via[#pcb_via_108] and trace trace[.U7 > port.pin11, .U8 > port.pin2] are too close (clearance: 0.014mm, minimum: 0.1mm)
Via pcb_via[#pcb_via_108] and trace trace[.U7 > port.pin9, .R22 > port.anode] are too close (clearance: 0.034mm, minimum: 0.1mm)
Via pcb_via[#pcb_via_108] and trace trace[.C2 > port.1, .U7 > port.pin16] are too close (clearance: 0.071mm, minimum: 0.1mm)
Via pcb_via[#pcb_via_112] and trace trace[.J_SWD > port.pin2, .U7 > port.pin2] are too close (clearance: 0.093mm, minimum: 0.1mm)
Via pcb_via[#pcb_via_114] and trace trace[.U1 > port.pin21, .R25 > port.cathode] are too close (clearance: 0.088mm, minimum: 0.1mm)
Via pcb_via[#pcb_via_119] and trace trace[.U1 > port.pin26, .R46 > port.anode] are too close (clearance: 0.03mm, minimum: 0.1mm)
Via pcb_via[#pcb_via_119] and trace trace[.U1 > port.pin22, .R26 > port.cathode] are too close (clearance: 0.05mm, minimum: 0.1mm)
Via pcb_via[#pcb_via_119] and trace trace[.U1 > port.pin21, .R25 > port.cathode] are too close (clearance: 0.095mm, minimum: 0.1mm)
Via pcb_via[#pcb_via_120] and trace trace[.J_IO > port.6, .D_IO1 > port.pin2] are too close (clearance: 0.065mm, minimum: 0.1mm)
Via pcb_via[#pcb_via_121] and trace trace[.U1 > port.pin36, .R53 > port.anode] are too close (clearance: 0.088mm, minimum: 0.1mm)
Via pcb_via[#pcb_via_122] and trace trace[.J_IO > port.2, .D_CAN > port.A11] are too close (clearance: 0.011mm, minimum: 0.1mm)
Via pcb_via[#pcb_via_122] and trace trace[.U1 > port.pin32, .C7 > port.2] are too close (clearance: 0.077mm, minimum: 0.1mm)
Via pcb_via[#pcb_via_124] and trace trace[.J_SWD > port.nRESET, .U7 > port.pin10] are too close (clearance: 0.033mm, minimum: 0.1mm)
Via pcb_via[#pcb_via_124] and trace trace[.U7 > port.pin6, .R21 > port.anode] are too close (clearance: 0.057mm, minimum: 0.1mm)
Via pcb_via[#pcb_via_124] and trace trace[.C27 > port.1, .U7 > port.pin13] are too close (clearance: 0.077mm, minimum: 0.1mm)
Via pcb_via[#pcb_via_126] and trace trace[.U10 > port.pin22, .R48 > port.cathode] are too close (clearance: 0.049mm, minimum: 0.1mm)
Via pcb_via[#pcb_via_127] and trace trace[.C2 > port.1, .U8 > port.pin3] are too close (clearance: 0.062mm, minimum: 0.1mm)
Via pcb_via[#pcb_via_127] and trace trace[.U1 > port.VDDA, .C1 > port.1] are too close (clearance: 0.05mm, minimum: 0.1mm)
Via pcb_via[#pcb_via_127] and trace trace[.C2 > port.1, .U7 > port.pin16] are too close (clearance: 0.048mm, minimum: 0.1mm)
Via pcb_via[#pcb_via_135] and trace trace[.C4 > port.1, .C29 > port.1] are too close (clearance: 0.09mm, minimum: 0.1mm)
Via pcb_via[#pcb_via_136] and trace trace[.R41 > port.cathode, .R42 > port.anode] are too close (clearance: 0.091mm, minimum: 0.1mm)
Via pcb_via[#pcb_via_137] and trace trace[.C4 > port.1, .C29 > port.1] are too close (clearance: 0.089mm, minimum: 0.1mm)
Via pcb_via[#pcb_via_138] and trace trace[.J_SWD > port.nRESET, .U7 > port.pin10] are too close (clearance: 0.088mm, minimum: 0.1mm)
Via pcb_via[#pcb_via_141] and trace trace[.U10 > port.pin22, .R48 > port.cathode] are too close (clearance: 0.088mm, minimum: 0.1mm)
Via pcb_via[#pcb_via_144] and trace trace[.U2 > port.pin2, .R7 > port.cathode] are too close (clearance: 0.081mm, minimum: 0.1mm)
Via pcb_via[#pcb_via_145] and trace trace[.U5 > port.pin6, .C10 > port.pos] are too close (clearance: 0.007mm, minimum: 0.1mm)
Via pcb_via[#pcb_via_145] and trace trace[.C22 > port.1, .R12 > port.anode] are too close (clearance: 0.071mm, minimum: 0.1mm)
Via pcb_via[#pcb_via_145] and trace trace[.U5 > port.pin1, .R12 > port.anode] are too close (clearance: 0.071mm, minimum: 0.1mm)
Via pcb_via[#pcb_via_146] and trace trace[.U1 > port.pin44, .U6 > port.pin4] are too close (clearance: 0.093mm, minimum: 0.1mm)
Via pcb_via[#pcb_via_151] and trace trace[.U1 > port.pin22, .R26 > port.cathode] are too close (clearance: 0.064mm, minimum: 0.1mm)
Via pcb_via[#pcb_via_151] and trace trace[.U1 > port.pin22, .C30 > port.1] are too close (clearance: 0.073mm, minimum: 0.1mm)
Via pcb_via[#pcb_via_154] and trace trace[.U1 > port.pin25, .U3 > port.pin11] are too close (clearance: 0.094mm, minimum: 0.1mm)
Via pcb_via[#pcb_via_159] and trace trace[.U10 > port.pin25, .C33 > port.2] are too close (clearance: 0.089mm, minimum: 0.1mm)
Via pcb_via[#pcb_via_160] and trace trace[.U1 > port.pin25, .U3 > port.pin11] are too close (clearance: 0.087mm, minimum: 0.1mm)
Via pcb_via[#pcb_via_160] and trace trace[.U3 > port.pin6, .R14 > port.cathode] are too close (clearance: 0.022mm, minimum: 0.1mm)
Via pcb_via[#pcb_via_163] and trace trace[.U3 > port.pin6, .R14 > port.cathode] are too close (clearance: 0.039mm, minimum: 0.1mm)
Via pcb_via[#pcb_via_163] and trace trace[.U1 > port.pin28, .U3 > port.pin3] are too close (clearance: 0.077mm, minimum: 0.1mm)
Via pcb_via[#pcb_via_173] and trace trace[.U3 > port.pin6, .R14 > port.cathode] are too close (clearance: 0.091mm, minimum: 0.1mm)
Via pcb_via[#pcb_via_174] and trace trace[.U10 > port.pin22, .R48 > port.cathode] are too close (clearance: 0.052mm, minimum: 0.1mm)
Via pcb_via[#pcb_via_174] and trace trace[.U7 > port.pin6, .R21 > port.anode] are too close (clearance: 0.048mm, minimum: 0.1mm)
Via pcb_via[#pcb_via_177] and trace trace[.U10 > port.pin25, .R39 > port.cathode] are too close (clearance: 0.067mm, minimum: 0.1mm)
Via pcb_via[#pcb_via_179] and trace trace[.U3 > port.pin4, .R40 > port.anode] are too close (clearance: 0.086mm, minimum: 0.1mm)
Via pcb_via[#pcb_via_180] and trace trace[.U10 > port.pin19, .R44 > port.anode] are too close (clearance: 0.086mm, minimum: 0.1mm)
Via pcb_via[#pcb_via_180] and trace trace[.U3 > port.pin4, .R40 > port.anode] are too close (clearance: 0.088mm, minimum: 0.1mm)
Via pcb_via[#pcb_via_181] and trace trace[.U3 > port.pin5, .Q_PD > port.G] are too close (clearance: 0.068mm, minimum: 0.1mm)
Via pcb_via[#pcb_via_181] and trace trace[.U1 > port.pin28, .U3 > port.pin3] are too close (clearance: 0.04mm, minimum: 0.1mm)
Via pcb_via[#pcb_via_181] and trace trace[.U5 > port.pin1, .R12 > port.anode] are too close (clearance: 0.033mm, minimum: 0.1mm)
Via pcb_via[#pcb_via_181] and trace trace[.U5 > port.pin4, .C22 > port.2] are too close (clearance: 0.091mm, minimum: 0.1mm)
Via pcb_via[#pcb_via_184] and trace trace[.U10 > port.pin10, .R38 > port.cathode] are too close (clearance: 0.015mm, minimum: 0.1mm)
Via pcb_via[#pcb_via_187] and trace trace[.U10 > port.pin12, .R42 > port.cathode] are too close (clearance: 0.011mm, minimum: 0.1mm)
Via pcb_via[#pcb_via_189] and trace trace[.U10 > port.pin19, .R44 > port.anode] are too close (clearance: 0.034mm, minimum: 0.1mm)
Via pcb_via[#pcb_via_194] and trace trace[.U1 > port.pin27, .U3 > port.pin1] are too close (clearance: 0.09mm, minimum: 0.1mm)
Via pcb_via[#pcb_via_196] and trace trace[.U3 > port.pin5, .Q_PD > port.G] are too close (clearance: 0.083mm, minimum: 0.1mm)
Via pcb_via[#pcb_via_205] and trace trace[.U1 > port.pin13, .R4 > port.anode] are too close (clearance: 0.094mm, minimum: 0.1mm)
Via pcb_via[#pcb_via_205] and trace trace[.U2 > port.pin19, .R9 > port.anode] are too close (clearance: 0.094mm, minimum: 0.1mm)
Via pcb_via[#pcb_via_205] and trace trace[.U2 > port.pin16, .R8 > port.anode] are too close (clearance: 0.066mm, minimum: 0.1mm)
Via pcb_via[#pcb_via_205] and trace trace[.U9 > port.pin5, .C32 > port.1] are too close (clearance: 0.005mm, minimum: 0.1mm)
Via pcb_via[#pcb_via_213] and trace trace[.U3 > port.pin6, .R14 > port.cathode] are too close (clearance: 0.05mm, minimum: 0.1mm)
Via pcb_via[#pcb_via_215] and trace trace[.U2 > port.pin16, .R8 > port.anode] are too close (clearance: 0.093mm, minimum: 0.1mm)
Via pcb_via[#pcb_via_216] and trace trace[.R13 > port.cathode, .R14 > port.anode] are too close (clearance: 0.095mm, minimum: 0.1mm)
Via pcb_via[#pcb_via_217] and trace trace[.U3 > port.pin6, .R14 > port.cathode] are too close (clearance: 0.033mm, minimum: 0.1mm)
Via pcb_via[#pcb_via_217] and trace trace[.U1 > port.pin14, .R4 > port.cathode] are too close (clearance: 0.041mm, minimum: 0.1mm)
Via pcb_via[#pcb_via_217] and trace trace[.U2 > port.pin29, .R46 > port.cathode] are too close (clearance: 0.089mm, minimum: 0.1mm)
Via pcb_via[#pcb_via_218] and trace trace[.U2 > port.pin16, .R8 > port.anode] are too close (clearance: 0.057mm, minimum: 0.1mm)
Via pcb_via[#pcb_via_220] and trace trace[.U2 > port.pin16, .R8 > port.anode] are too close (clearance: 0.088mm, minimum: 0.1mm)
Via pcb_via[#pcb_via_220] and trace trace[.U1 > port.pin17, .R8 > port.anode] are too close (clearance: 0.088mm, minimum: 0.1mm)
Via pcb_via[#pcb_via_220] and trace trace[.U4 > port.pin6, .U9 > port.pin6] are too close (clearance: 0.085mm, minimum: 0.1mm)
Via pcb_via[#pcb_via_224] and trace trace[.U1 > port.pin12, .R33 > port.cathode] are too close (clearance: 0.083mm, minimum: 0.1mm)
Via pcb_via[#pcb_via_224] and trace trace[.U1 > port.pin14, .R4 > port.cathode] are too close (clearance: 0.08mm, minimum: 0.1mm)
Via pcb_via[#pcb_via_225] and trace trace[.U3 > port.pin6, .R14 > port.cathode] are too close (clearance: 0.083mm, minimum: 0.1mm)
Via pcb_via[#pcb_via_226] and trace trace[.U1 > port.pin14, .R4 > port.cathode] are too close (clearance: 0.088mm, minimum: 0.1mm)
Via pcb_via[#pcb_via_227] and trace trace[.U1 > port.pin15] are too close (clearance: 0.082mm, minimum: 0.1mm)
Via pcb_via[#pcb_via_227] and trace trace[.U1 > port.pin44, .U6 > port.pin4] are too close (clearance: 0.082mm, minimum: 0.1mm)
Via pcb_via[#pcb_via_228] and trace trace[.R27 > port.cathode, .C31 > port.1] are too close (clearance: 0.089mm, minimum: 0.1mm)
Via pcb_via[#pcb_via_228] and trace trace[.J_IO > port.9, .D_IO2 > port.pin1] are too close (clearance: 0.08mm, minimum: 0.1mm)
Via pcb_via[#pcb_via_228] and trace trace[.U1 > port.pin44, .U6 > port.pin4] are too close (clearance: 0.02mm, minimum: 0.1mm)
Via pcb_via[#pcb_via_230] and trace trace[.R27 > port.cathode, .C31 > port.1] are too close (clearance: 0.06mm, minimum: 0.1mm)
Via pcb_via[#pcb_via_230] and trace trace[.D_IO2 > port.pin1, .R27 > port.anode] are too close (clearance: 0.088mm, minimum: 0.1mm)
Via pcb_via[#pcb_via_233] and trace trace[.Q_ILIM > port.D, .R45 > port.cathode] are too close (clearance: 0.078mm, minimum: 0.1mm)
Via pcb_via[#pcb_via_233] and trace trace[.U10 > port.pin19, .R45 > port.anode] are too close (clearance: 0.086mm, minimum: 0.1mm)
Via pcb_via[#pcb_via_234] and trace trace[.U10 > port.pin13, .Q_ILIM > port.S] are too close (clearance: 0.065mm, minimum: 0.1mm)
Via pcb_via[#pcb_via_239] and trace trace[.U1 > port.pin12, .R33 > port.cathode] are too close (clearance: 0.039mm, minimum: 0.1mm)
Via pcb_via[#pcb_via_239] and trace trace[.U1 > port.pin14, .R4 > port.cathode] are too close (clearance: 0.056mm, minimum: 0.1mm)
Via pcb_via[#pcb_via_241] and trace trace[.U2 > port.pin8, .R10 > port.anode] are too close (clearance: 0.016mm, minimum: 0.1mm)
Via pcb_via[#pcb_via_242] and trace trace[.U1 > port.pin25, .U3 > port.pin11] are too close (clearance: 0.083mm, minimum: 0.1mm)
Via pcb_via[#pcb_via_245] and trace trace[.U1 > port.VSSA, .R52 > port.cathode] are too close (clearance: 0.094mm, minimum: 0.1mm)
Via pcb_via[#pcb_via_248] and trace trace[.U3 > port.pin11, .R12 > port.cathode] are too close (clearance: 0.058mm, minimum: 0.1mm)
Via pcb_via[#pcb_via_248] and trace trace[.U1 > port.pin25, .U3 > port.pin11] are too close (clearance: 0.086mm, minimum: 0.1mm)
Via pcb_via[#pcb_via_248] and trace trace[.Q_PD > port.D5, .C26 > port.1] are too close (clearance: 0.078mm, minimum: 0.1mm)
Via pcb_via[#pcb_via_259] and trace trace[.Q_ILIM > port.D, .R45 > port.cathode] are too close (clearance: 0.091mm, minimum: 0.1mm)
Via pcb_via[#pcb_via_259] and trace trace[.R37 > port.cathode, .LED_FAULT > port.pos] are too close (clearance: 0.087mm, minimum: 0.1mm)
Via pcb_via[#pcb_via_260] and trace trace[.Q_ILIM > port.D, .R45 > port.cathode] are too close (clearance: 0.09mm, minimum: 0.1mm)
Via pcb_via[#pcb_via_260] and trace trace[.R37 > port.cathode, .LED_FAULT > port.pos] are too close (clearance: 0.09mm, minimum: 0.1mm)
Via pcb_via[#pcb_via_262] and trace trace[.U1 > port.pin24, .U3 > port.pin10] are too close (clearance: 0.026mm, minimum: 0.1mm)
Via pcb_via[#pcb_via_262] and trace trace[.U1 > port.pin27, .U3 > port.pin1] are too close (clearance: 0.025mm, minimum: 0.1mm)
Via pcb_via[#pcb_via_266] and trace trace[.U1 > port.pin44, .U6 > port.pin4] are too close (clearance: 0.094mm, minimum: 0.1mm)
Via pcb_via[#pcb_via_267] and trace trace[.U1 > port.pin29, .D_CAN > port.K] are too close (clearance: 0.081mm, minimum: 0.1mm)
Via pcb_via[#pcb_via_268] and trace trace[.U1 > port.pin27, .U3 > port.pin1] are too close (clearance: 0.091mm, minimum: 0.1mm)
Via pcb_via[#pcb_via_269] and trace trace[.U1 > port.pin30, .R36 > port.anode] are too close (clearance: 0.067mm, minimum: 0.1mm)
Via pcb_via[#pcb_via_269] and trace trace[.U1 > port.pin36, .R53 > port.anode] are too close (clearance: 0.048mm, minimum: 0.1mm)
Via pcb_via[#pcb_via_269] and trace trace[.J_IO > port.2, .D_CAN > port.A11] are too close (clearance: 0.046mm, minimum: 0.1mm)
Via pcb_via[#pcb_via_272] and trace trace[.D_IO1 > port.pin1, .R23 > port.anode] are too close (clearance: 0.031mm, minimum: 0.1mm)
Via pcb_via[#pcb_via_272] and trace trace[.U1 > port.pin36, .R53 > port.anode] are too close (clearance: 0.077mm, minimum: 0.1mm)
Via pcb_via[#pcb_via_274] and trace trace[.J_IO > port.1, .J_IO > port.4] are too close (clearance: 0.088mm, minimum: 0.1mm)
Via pcb_via[#pcb_via_275] and trace trace[.U1 > port.pin16, .U2 > port.pin11] are too close (clearance: 0.085mm, minimum: 0.1mm)
Via pcb_via[#pcb_via_276] and trace trace[.U8 > port.pin2, .R19 > port.cathode] are too close (clearance: 0.083mm, minimum: 0.1mm)
Via pcb_via[#pcb_via_276] and trace trace[.D_IO2 > port.pin3, .C31 > port.2] are too close (clearance: 0.077mm, minimum: 0.1mm)
Via pcb_via[#pcb_via_276] and trace trace[.U1 > port.VSSA, .C31 > port.2] are too close (clearance: 0.077mm, minimum: 0.1mm)
Via pcb_via[#pcb_via_278] and trace trace[.U1 > port.pin23, .C31 > port.1] are too close (clearance: 0.05mm, minimum: 0.1mm)
Via pcb_via[#pcb_via_278] and trace trace[.U1 > port.pin19, .R23 > port.cathode] are too close (clearance: 0.022mm, minimum: 0.1mm)
Via pcb_via[#pcb_via_278] and trace trace[.J_IO > port.6, .D_IO1 > port.pin2] are too close (clearance: 0.056mm, minimum: 0.1mm)
Via pcb_via[#pcb_via_278] and trace trace[.D_IO1 > port.pin2, .R24 > port.anode] are too close (clearance: 0.061mm, minimum: 0.1mm)
Via pcb_via[#pcb_via_278] and trace trace[.U8 > port.pin2, .R19 > port.cathode] are too close (clearance: 0.094mm, minimum: 0.1mm)
Via pcb_via[#pcb_via_282] and trace trace[.U1 > port.pin16, .U2 > port.pin11] are too close (clearance: 0.067mm, minimum: 0.1mm)
Via pcb_via[#pcb_via_283] and trace trace[.U1 > port.pin26, .R46 > port.anode] are too close (clearance: 0.063mm, minimum: 0.1mm)
Via pcb_via[#pcb_via_283] and trace trace[.U1 > port.pin42, .R34 > port.cathode] are too close (clearance: 0.084mm, minimum: 0.1mm)
Via pcb_via[#pcb_via_283] and trace trace[.D_IO1 > port.pin2, .R24 > port.anode] are too close (clearance: 0mm, minimum: 0.1mm)
Via pcb_via[#pcb_via_285] and trace trace[.U6 > port.pin3, .C7 > port.1] are too close (clearance: 0.04mm, minimum: 0.1mm)
Via pcb_via[#pcb_via_285] and trace trace[.C7 > port.1, .R34 > port.anode] are too close (clearance: 0.056mm, minimum: 0.1mm)
Via pcb_via[#pcb_via_286] and trace trace[.U1 > port.pin25, .U3 > port.pin11] are too close (clearance: 0.095mm, minimum: 0.1mm)
Via pcb_via[#pcb_via_286] and trace trace[.U6 > port.pin6, .D_CAN > port.A12] are too close (clearance: 0.063mm, minimum: 0.1mm)
Via pcb_via[#pcb_via_287] and trace trace[.R27 > port.cathode, .C31 > port.1] are too close (clearance: 0.092mm, minimum: 0.1mm)
Via pcb_via[#pcb_via_287] and trace trace[.U1 > port.pin17, .R8 > port.anode] are too close (clearance: 0.086mm, minimum: 0.1mm)
Via pcb_via[#pcb_via_288] and trace trace[.R13 > port.cathode, .R14 > port.anode] are too close (clearance: 0.056mm, minimum: 0.1mm)
Via pcb_via[#pcb_via_290] and trace trace[.U2 > port.pin16, .R8 > port.anode] are too close (clearance: 0.088mm, minimum: 0.1mm)
Via pcb_via[#pcb_via_291] and trace trace[.R27 > port.cathode, .C31 > port.1] are too close (clearance: 0.092mm, minimum: 0.1mm)
Via pcb_via[#pcb_via_291] and trace trace[.U1 > port.pin17, .R8 > port.anode] are too close (clearance: 0.086mm, minimum: 0.1mm)
Via pcb_via[#pcb_via_295] and trace trace[.U1 > port.pin31, .R37 > port.anode] are too close (clearance: 0.046mm, minimum: 0.1mm)
Via pcb_via[#pcb_via_295] and trace trace[.C6 > port.1, .R30 > port.anode] are too close (clearance: 0.077mm, minimum: 0.1mm)
Via pcb_via[#pcb_via_296] and trace trace[.R36 > port.cathode, .LED_STATUS > port.pos] are too close (clearance: 0.062mm, minimum: 0.1mm)
Via pcb_via[#pcb_via_296] and trace trace[.C6 > port.1, .R35 > port.anode] are too close (clearance: 0.072mm, minimum: 0.1mm)
Via pcb_via[#pcb_via_296] and trace trace[.C6 > port.1, .R30 > port.anode] are too close (clearance: 0.072mm, minimum: 0.1mm)
Via pcb_via[#pcb_via_296] and trace trace[.C6 > port.1, .R34 > port.anode] are too close (clearance: 0.072mm, minimum: 0.1mm)
Via pcb_via[#pcb_via_304] and trace trace[.R41 > port.cathode, .R42 > port.anode] are too close (clearance: 0.017mm, minimum: 0.1mm)
Via pcb_via[#pcb_via_307] and trace trace[.U2 > port.pin16, .R8 > port.anode] are too close (clearance: 0.073mm, minimum: 0.1mm)
Via pcb_via[#pcb_via_311] and trace trace[.R41 > port.cathode, .R42 > port.anode] are too close (clearance: 0.073mm, minimum: 0.1mm)
Via pcb_via[#pcb_via_311] and trace trace[.U7 > port.pin6, .R21 > port.anode] are too close (clearance: 0.051mm, minimum: 0.1mm)
Via pcb_via[#pcb_via_313] and trace trace[.U2 > port.pin17, .C21 > port.1] are too close (clearance: 0.08mm, minimum: 0.1mm)
Via pcb_via[#pcb_via_315] and trace trace[.U10 > port.pin12, .R42 > port.cathode] are too close (clearance: 0.093mm, minimum: 0.1mm)
Via pcb_via[#pcb_via_315] and trace trace[.U10 > port.pin10, .R38 > port.cathode] are too close (clearance: 0.051mm, minimum: 0.1mm)
Via pcb_via[#pcb_via_315] and trace trace[.U3 > port.pin11, .R12 > port.cathode] are too close (clearance: 0.068mm, minimum: 0.1mm)
Via pcb_via[#pcb_via_315] and trace trace[.U1 > port.pin24, .U3 > port.pin10] are too close (clearance: 0.047mm, minimum: 0.1mm)
Via pcb_via[#pcb_via_315] and trace trace[.J_USB > port.A1B12, .U10 > port.pin17] are too close (clearance: 0.076mm, minimum: 0.1mm)
Via pcb_via[#pcb_via_316] and trace trace[.U3 > port.pin11, .R12 > port.cathode] are too close (clearance: 0.095mm, minimum: 0.1mm)
Via pcb_via[#pcb_via_316] and trace trace[.U3 > port.pin7, .C23 > port.1] are too close (clearance: 0.066mm, minimum: 0.1mm)
Via pcb_via[#pcb_via_317] and trace trace[.R41 > port.cathode, .R42 > port.anode] are too close (clearance: 0.012mm, minimum: 0.1mm)
Via pcb_via[#pcb_via_321] and trace trace[.R36 > port.cathode, .LED_STATUS > port.pos] are too close (clearance: 0.048mm, minimum: 0.1mm)
Via pcb_via[#pcb_via_325] and trace trace[.Q_ILIM > port.D, .R45 > port.cathode] are too close (clearance: 0.067mm, minimum: 0.1mm)
Via pcb_via[#pcb_via_325] and trace trace[.U10 > port.pin19, .R45 > port.anode] are too close (clearance: 0.089mm, minimum: 0.1mm)
Via pcb_via[#pcb_via_325] and trace trace[.U1 > port.pin16, .U2 > port.pin11] are too close (clearance: 0.079mm, minimum: 0.1mm)
Via pcb_via[#pcb_via_327] and trace trace[.U10 > port.pin12, .R42 > port.cathode] are too close (clearance: 0.088mm, minimum: 0.1mm)
Via pcb_via[#pcb_via_327] and trace trace[.U10 > port.pin10, .R38 > port.cathode] are too close (clearance: 0.05mm, minimum: 0.1mm)
Via pcb_via[#pcb_via_327] and trace trace[.U3 > port.pin11, .R12 > port.cathode] are too close (clearance: 0.074mm, minimum: 0.1mm)
Via pcb_via[#pcb_via_327] and trace trace[.U1 > port.pin24, .U3 > port.pin10] are too close (clearance: 0.052mm, minimum: 0.1mm)
Via pcb_via[#pcb_via_327] and trace trace[.J_USB > port.A1B12, .U10 > port.pin17] are too close (clearance: 0.075mm, minimum: 0.1mm)
Via pcb_via[#pcb_via_331] and trace trace[.J_IO > port.2, .D_CAN > port.A11] are too close (clearance: 0mm, minimum: 0.1mm)
Via pcb_via[#pcb_via_332] and trace trace[.R41 > port.cathode, .R42 > port.anode] are too close (clearance: 0.084mm, minimum: 0.1mm)
Via pcb_via[#pcb_via_332] and trace trace[.C2 > port.1, .U8 > port.pin3] are too close (clearance: 0.087mm, minimum: 0.1mm)
Via pcb_via[#pcb_via_332] and trace trace[.C2 > port.1, .U7 > port.pin16] are too close (clearance: 0.067mm, minimum: 0.1mm)
Via pcb_via[#pcb_via_334] and trace trace[.U1 > port.pin26, .R46 > port.anode] are too close (clearance: 0.021mm, minimum: 0.1mm)
Via pcb_via[#pcb_via_334] and trace trace[.U3 > port.pin6, .R14 > port.cathode] are too close (clearance: 0.018mm, minimum: 0.1mm)
Via pcb_via[#pcb_via_334] and trace trace[.U1 > port.pin16, .U2 > port.pin11] are too close (clearance: 0.083mm, minimum: 0.1mm)
Via pcb_via[#pcb_via_335] and trace trace[.U2 > port.pin19, .R9 > port.anode] are too close (clearance: 0.052mm, minimum: 0.1mm)
Via pcb_via[#pcb_via_336] and trace trace[.R41 > port.cathode, .R42 > port.anode] are too close (clearance: 0.092mm, minimum: 0.1mm)
Via pcb_via[#pcb_via_339] and trace trace[.U1 > port.pin27, .U3 > port.pin1] are too close (clearance: 0.094mm, minimum: 0.1mm)
Via pcb_via[#pcb_via_347] and trace trace[.U1 > port.pin14, .R4 > port.cathode] are too close (clearance: 0.089mm, minimum: 0.1mm)
Via pcb_via[#pcb_via_348] and trace trace[.R36 > port.cathode, .LED_STATUS > port.pos] are too close (clearance: 0.064mm, minimum: 0.1mm)
Via pcb_via[#pcb_via_348] and trace trace[.U1 > port.pin25, .U3 > port.pin11] are too close (clearance: 0.001mm, minimum: 0.1mm)
Via pcb_via[#pcb_via_353] and trace trace[.U9 > port.pin3, .R33 > port.cathode] are too close (clearance: 0.016mm, minimum: 0.1mm)
Via pcb_via[#pcb_via_353] and trace trace[.U3 > port.pin6, .R14 > port.cathode] are too close (clearance: 0.037mm, minimum: 0.1mm)
Via pcb_via[#pcb_via_353] and trace trace[.R10 > port.cathode, .R11 > port.anode] are too close (clearance: 0.074mm, minimum: 0.1mm)
Via pcb_via[#pcb_via_353] and trace trace[.U1 > port.pin13, .R4 > port.anode] are too close (clearance: 0.044mm, minimum: 0.1mm)
Via pcb_via[#pcb_via_357] and trace trace[.R43 > port.cathode, .R44 > port.cathode] are too close (clearance: 0.074mm, minimum: 0.1mm)
Via pcb_via[#pcb_via_359] and trace trace[.U1 > port.pin36, .R53 > port.anode] are too close (clearance: 0.063mm, minimum: 0.1mm)
Via pcb_via[#pcb_via_365] and trace trace[.U1 > port.pin27, .U3 > port.pin1] are too close (clearance: 0.09mm, minimum: 0.1mm)
Via pcb_via[#pcb_via_368] and trace trace[.U1 > port.pin24, .U3 > port.pin10] are too close (clearance: 0.02mm, minimum: 0.1mm)
Via pcb_via[#pcb_via_369] and trace trace[.U1 > port.pin30, .R36 > port.anode] are too close (clearance: 0.089mm, minimum: 0.1mm)
Via pcb_via[#pcb_via_369] and trace trace[.U1 > port.pin35, .R52 > port.anode] are too close (clearance: 0.063mm, minimum: 0.1mm)
Via pcb_via[#pcb_via_372] and trace trace[.Q_ILIM > port.D, .R45 > port.cathode] are too close (clearance: 0.091mm, minimum: 0.1mm)
Via pcb_via[#pcb_via_374] and trace trace[.U10 > port.pin10, .R38 > port.cathode] are too close (clearance: 0.036mm, minimum: 0.1mm)
Via pcb_via[#pcb_via_374] and trace trace[.L1 > port.anode, .J_USB > port.B5] are too close (clearance: 0.049mm, minimum: 0.1mm)
Via pcb_via[#pcb_via_374] and trace trace[.U10 > port.pin9, .U10 > port.pin8] are too close (clearance: 0.094mm, minimum: 0.1mm)
Via pcb_via[#pcb_via_374] and trace trace[.L1 > port.cathode, .U3 > port.pin12] are too close (clearance: 0.077mm, minimum: 0.1mm)
Via pcb_via[#pcb_via_374] and trace trace[.U3 > port.pin12, .R48 > port.anode] are too close (clearance: 0.076mm, minimum: 0.1mm)
Via pcb_via[#pcb_via_8] and pad pcb_port[.R48 > .pin1] are too close (clearance: 0mm, minimum: 0.15mm)
Via pcb_via[#pcb_via_10] and pad pcb_port[.R4 > .pin2] are too close (clearance: 0mm, minimum: 0.15mm)
Via pcb_via[#pcb_via_11] and pad pcb_port[.U10 > .dVdT] are too close (clearance: 0.135mm, minimum: 0.15mm)
Via pcb_via[#pcb_via_12] and pad pcb_port[.J_USB > .GND1] are too close (clearance: 0mm, minimum: 0.15mm)
Via pcb_via[#pcb_via_13] and pad pcb_port[.U10 > .ILIM] are too close (clearance: 0.087mm, minimum: 0.15mm)
Via pcb_via[#pcb_via_14] and pad pcb_port[.R3 > .pin1] are too close (clearance: 0mm, minimum: 0.15mm)
Via pcb_via[#pcb_via_14] and pad pcb_port[.R3 > .pin2] are too close (clearance: 0mm, minimum: 0.15mm)
Via pcb_via[#pcb_via_14] and pad pcb_port[.R14 > .pin1] are too close (clearance: 0.121mm, minimum: 0.15mm)
Via pcb_via[#pcb_via_17] and pad pcb_port[.U10 > .IMON] are too close (clearance: 0mm, minimum: 0.15mm)
Via pcb_via[#pcb_via_20] and pad pcb_port[.R44 > .pin2] are too close (clearance: 0mm, minimum: 0.15mm)
Via pcb_via[#pcb_via_21] and pad pcb_port[.L1 > .pin2] are too close (clearance: 0.124mm, minimum: 0.15mm)
Via pcb_via[#pcb_via_21] and pad pcb_port[.U3 > .VCC] are too close (clearance: 0mm, minimum: 0.15mm)
Via pcb_via[#pcb_via_22] and pad pcb_port[.L1 > .pin2] are too close (clearance: 0mm, minimum: 0.15mm)
Via pcb_via[#pcb_via_23] and pad pcb_port[.R48 > .pin2] are too close (clearance: 0.05mm, minimum: 0.15mm)
Via pcb_via[#pcb_via_25] and pad pcb_port[.L1 > .pin1] are too close (clearance: 0mm, minimum: 0.15mm)
Via pcb_via[#pcb_via_26] and pad pcb_port[.U3 > .VCC] are too close (clearance: 0mm, minimum: 0.15mm)
Via pcb_via[#pcb_via_27] and pad pcb_port[.C15 > .pin2] are too close (clearance: 0mm, minimum: 0.15mm)
Via pcb_via[#pcb_via_27] and pad pcb_port[.R13 > .pin1] are too close (clearance: 0.1mm, minimum: 0.15mm)
Via pcb_via[#pcb_via_28] and pad pcb_port[.C15 > .pin2] are too close (clearance: 0mm, minimum: 0.15mm)
Via pcb_via[#pcb_via_30] and pad pcb_port[.R32 > .pin1] are too close (clearance: 0.128mm, minimum: 0.15mm)
Via pcb_via[#pcb_via_31] and pad pcb_port[.C29 > .pin2] are too close (clearance: 0.049mm, minimum: 0.15mm)
Via pcb_via[#pcb_via_32] and pad pcb_port[.U8 > .N_RESET] are too close (clearance: 0mm, minimum: 0.15mm)
Via pcb_via[#pcb_via_33] and pad pcb_port[.J_USB > .SBU1] are too close (clearance: 0mm, minimum: 0.15mm)
Via pcb_via[#pcb_via_33] and pad pcb_port[.J_USB > .CC2] are too close (clearance: 0mm, minimum: 0.15mm)
Via pcb_via[#pcb_via_34] and pad pcb_port[.R40 > .pin1] are too close (clearance: 0.025mm, minimum: 0.15mm)
Via pcb_via[#pcb_via_34] and pad pcb_port[.L1 > .pin1] are too close (clearance: 0mm, minimum: 0.15mm)
Via pcb_via[#pcb_via_35] and pad pcb_port[.U2 > .MS1_AD0] are too close (clearance: -0.004mm, minimum: 0.15mm)
Via pcb_via[#pcb_via_40] and pad pcb_port[.C11 > .pin2] are too close (clearance: 0.139mm, minimum: 0.15mm)
Via pcb_via[#pcb_via_40] and pad pcb_port[.L1 > .pin2] are too close (clearance: 0.086mm, minimum: 0.15mm)
Via pcb_via[#pcb_via_41] and pad pcb_port[.R39 > .pin2] are too close (clearance: 0mm, minimum: 0.15mm)
Via pcb_via[#pcb_via_44] and pad pcb_port[.D_IO1 > .NC2] are too close (clearance: 0mm, minimum: 0.15mm)
Via pcb_via[#pcb_via_44] and pad pcb_port[.D_IO1 > .GND1] are too close (clearance: 0mm, minimum: 0.15mm)
Via pcb_via[#pcb_via_46] and pad pcb_port[.R4 > .pin1] are too close (clearance: 0.094mm, minimum: 0.15mm)
Via pcb_via[#pcb_via_47] and pad pcb_port[.U2 > .PDN_UART] are too close (clearance: 0.091mm, minimum: 0.15mm)
Via pcb_via[#pcb_via_48] and pad pcb_port[.U10 > .N_C1] are too close (clearance: 0mm, minimum: 0.15mm)
Via pcb_via[#pcb_via_48] and pad pcb_port[.U10 > .dVdT] are too close (clearance: 0.077mm, minimum: 0.15mm)
Via pcb_via[#pcb_via_48] and pad pcb_port[.C33 > .pin1] are too close (clearance: 0mm, minimum: 0.15mm)
Via pcb_via[#pcb_via_50] and pad pcb_port[.U1 > .PB5] are too close (clearance: 0.108mm, minimum: 0.15mm)
Via pcb_via[#pcb_via_50] and pad pcb_port[.U1 > .PB3] are too close (clearance: 0.037mm, minimum: 0.15mm)
Via pcb_via[#pcb_via_50] and pad pcb_port[.R30 > .pin2] are too close (clearance: 0.069mm, minimum: 0.15mm)
Via pcb_via[#pcb_via_51] and pad pcb_port[.R25 > .pin2] are too close (clearance: 0.021mm, minimum: 0.15mm)
Via pcb_via[#pcb_via_52] and pad pcb_port[.R34 > .pin1] are too close (clearance: 0.106mm, minimum: 0.15mm)
Via pcb_via[#pcb_via_55] and pad pcb_port[.D_CAN > .pin1] are too close (clearance: 0.009mm, minimum: 0.15mm)
Via pcb_via[#pcb_via_55] and pad pcb_port[.U1 > .PC6] are too close (clearance: 0.008mm, minimum: 0.15mm)
Via pcb_via[#pcb_via_56] and pad pcb_port[.U1 > .PA15] are too close (clearance: 0.016mm, minimum: 0.15mm)
Via pcb_via[#pcb_via_58] and pad pcb_port[.R37 > .pin2] are too close (clearance: 0mm, minimum: 0.15mm)
Via pcb_via[#pcb_via_59] and pad pcb_port[.U6 > .D] are too close (clearance: 0.11mm, minimum: 0.15mm)
Via pcb_via[#pcb_via_62] and pad pcb_port[.U4 > .SDA] are too close (clearance: 0.134mm, minimum: 0.15mm)
Via pcb_via[#pcb_via_62] and pad pcb_port[.R35 > .pin1] are too close (clearance: 0.024mm, minimum: 0.15mm)
Via pcb_via[#pcb_via_62] and pad pcb_port[.LED_STATUS > .cathode] are too close (clearance: 0mm, minimum: 0.15mm)
Via pcb_via[#pcb_via_65] and pad pcb_port[.R36 > .pin1] are too close (clearance: 0.085mm, minimum: 0.15mm)
Via pcb_via[#pcb_via_66] and pad pcb_port[.LED_POWER > .cathode] are too close (clearance: 0.087mm, minimum: 0.15mm)
Via pcb_via[#pcb_via_67] and pad pcb_port[.R13 > .pin2] are too close (clearance: 0mm, minimum: 0.15mm)
Via pcb_via[#pcb_via_69] and pad pcb_port[.R26 > .pin1] are too close (clearance: 0.086mm, minimum: 0.15mm)
Via pcb_via[#pcb_via_72] and pad pcb_port[.R25 > .pin1] are too close (clearance: 0mm, minimum: 0.15mm)
Via pcb_via[#pcb_via_75] and pad pcb_port[.D_IO2 > .NC4] are too close (clearance: 0mm, minimum: 0.15mm)
Via pcb_via[#pcb_via_76] and pad pcb_port[.D_IO2 > .NC4] are too close (clearance: 0mm, minimum: 0.15mm)
Via pcb_via[#pcb_via_77] and pad pcb_port[.R27 > .pin2] are too close (clearance: 0.107mm, minimum: 0.15mm)
Via pcb_via[#pcb_via_81] and pad pcb_port[.U1 > .PD1] are too close (clearance: 0.098mm, minimum: 0.15mm)
Via pcb_via[#pcb_via_83] and pad pcb_port[.R25 > .pin2] are too close (clearance: 0.027mm, minimum: 0.15mm)
Via pcb_via[#pcb_via_83] and pad pcb_port[.R25 > .pin1] are too close (clearance: 0.05mm, minimum: 0.15mm)
Via pcb_via[#pcb_via_86] and pad pcb_port[.U1 > .PB1] are too close (clearance: -0.029mm, minimum: 0.15mm)
Via pcb_via[#pcb_via_87] and pad pcb_port[.D_IO2 > .NC1] are too close (clearance: 0.063mm, minimum: 0.15mm)
Via pcb_via[#pcb_via_90] and pad pcb_port[.D_IO2 > .NC1] are too close (clearance: 0.071mm, minimum: 0.15mm)
Via pcb_via[#pcb_via_91] and pad pcb_port[.J_IO > .pin5] are too close (clearance: 0.132mm, minimum: 0.15mm)
Via pcb_via[#pcb_via_92] and pad pcb_port[.D_IO2 > .NC1] are too close (clearance: 0mm, minimum: 0.15mm)
Via pcb_via[#pcb_via_97] and pad pcb_port[.U1 > .PC6] are too close (clearance: -0.083mm, minimum: 0.15mm)
Via pcb_via[#pcb_via_97] and pad pcb_port[.U1 > .PA9] are too close (clearance: 0.055mm, minimum: 0.15mm)
Via pcb_via[#pcb_via_98] and pad pcb_port[.R24 > .pin2] are too close (clearance: 0mm, minimum: 0.15mm)
Via pcb_via[#pcb_via_98] and pad pcb_port[.U1 > .PA14_BOOT0] are too close (clearance: 0.038mm, minimum: 0.15mm)
Via pcb_via[#pcb_via_99] and pad pcb_port[.C19 > .pin2] are too close (clearance: 0mm, minimum: 0.15mm)
Via pcb_via[#pcb_via_106] and pad pcb_port[.U1 > .VDD] are too close (clearance: 0.114mm, minimum: 0.15mm)
Via pcb_via[#pcb_via_106] and pad pcb_port[.C31 > .pin2] are too close (clearance: 0.064mm, minimum: 0.15mm)
Via pcb_via[#pcb_via_107] and pad pcb_port[.J_SWD > .SWCLK] are too close (clearance: 0.088mm, minimum: 0.15mm)
Via pcb_via[#pcb_via_108] and pad pcb_port[.U7 > .SEL3] are too close (clearance: 0mm, minimum: 0.15mm)
Via pcb_via[#pcb_via_110] and pad pcb_port[.J_USB > .SHELL3] are too close (clearance: 0mm, minimum: 0.15mm)
Via pcb_via[#pcb_via_116] and pad pcb_port[.J_SWD > .NRST] are too close (clearance: 0.043mm, minimum: 0.15mm)
Via pcb_via[#pcb_via_117] and pad pcb_port[.C28 > .pin2] are too close (clearance: 0.021mm, minimum: 0.15mm)
Via pcb_via[#pcb_via_118] and pad pcb_port[.R1 > .pin1] are too close (clearance: 0.017mm, minimum: 0.15mm)
Via pcb_via[#pcb_via_119] and pad pcb_port[.D_IO1 > .NC1] are too close (clearance: 0.003mm, minimum: 0.15mm)
Via pcb_via[#pcb_via_119] and pad pcb_port[.D_IO1 > .NC2] are too close (clearance: 0mm, minimum: 0.15mm)
Via pcb_via[#pcb_via_121] and pad pcb_port[.D_CAN > .pin2] are too close (clearance: 0mm, minimum: 0.15mm)
Via pcb_via[#pcb_via_127] and pad pcb_port[.U7 > .GND] are too close (clearance: 0mm, minimum: 0.15mm)
Via pcb_via[#pcb_via_127] and pad pcb_port[.U7 > .D3] are too close (clearance: 0.043mm, minimum: 0.15mm)
Via pcb_via[#pcb_via_134] and pad pcb_port[.J_SWD > .VOUT] are too close (clearance: 0.062mm, minimum: 0.15mm)
Via pcb_via[#pcb_via_136] and pad pcb_port[.R51 > .pin2] are too close (clearance: 0.108mm, minimum: 0.15mm)
Via pcb_via[#pcb_via_136] and pad pcb_port[.U1 > .PC13] are too close (clearance: 0.119mm, minimum: 0.15mm)
Via pcb_via[#pcb_via_144] and pad pcb_port[.C13 > .pin2] are too close (clearance: 0.032mm, minimum: 0.15mm)
Via pcb_via[#pcb_via_145] and pad pcb_port[.U5 > .SW] are too close (clearance: 0.142mm, minimum: 0.15mm)
Via pcb_via[#pcb_via_145] and pad pcb_port[.R12 > .pin1] are too close (clearance: 0mm, minimum: 0.15mm)
Via pcb_via[#pcb_via_146] and pad pcb_port[.J_IO > .pin4] are too close (clearance: 0mm, minimum: 0.15mm)
Via pcb_via[#pcb_via_149] and pad pcb_port[.LED_POWER > .cathode] are too close (clearance: 0mm, minimum: 0.15mm)
Via pcb_via[#pcb_via_149] and pad pcb_port[.U4 > .PGO] are too close (clearance: -0.078mm, minimum: 0.15mm)
Via pcb_via[#pcb_via_151] and pad pcb_port[.U1 > .PB11] are too close (clearance: 0.002mm, minimum: 0.15mm)
Via pcb_via[#pcb_via_154] and pad pcb_port[.U3 > .EP] are too close (clearance: 0.067mm, minimum: 0.15mm)
Via pcb_via[#pcb_via_154] and pad pcb_port[.L1 > .pin1] are too close (clearance: 0.145mm, minimum: 0.15mm)
Via pcb_via[#pcb_via_154] and pad pcb_port[.U3 > .FLT] are too close (clearance: 0.115mm, minimum: 0.15mm)
Via pcb_via[#pcb_via_157] and pad pcb_port[.L1 > .pin1] are too close (clearance: 0.095mm, minimum: 0.15mm)
Via pcb_via[#pcb_via_160] and pad pcb_port[.C15 > .pin1] are too close (clearance: 0mm, minimum: 0.15mm)
Via pcb_via[#pcb_via_161] and pad pcb_port[.U4 > .VDD3V3] are too close (clearance: 0mm, minimum: 0.15mm)
Via pcb_via[#pcb_via_161] and pad pcb_port[.R2 > .pin1] are too close (clearance: 0.14mm, minimum: 0.15mm)
Via pcb_via[#pcb_via_161] and pad pcb_port[.R2 > .pin2] are too close (clearance: 0mm, minimum: 0.15mm)
Via pcb_via[#pcb_via_161] and pad pcb_port[.U4 > .VDD5V] are too close (clearance: 0.042mm, minimum: 0.15mm)
Via pcb_via[#pcb_via_162] and pad pcb_port[.U3 > .SOURCE] are too close (clearance: 0.117mm, minimum: 0.15mm)
Via pcb_via[#pcb_via_163] and pad pcb_port[.C10 > .pin1] are too close (clearance: 0mm, minimum: 0.15mm)
Via pcb_via[#pcb_via_167] and pad pcb_port[.U3 > .EP] are too close (clearance: 0mm, minimum: 0.15mm)
Via pcb_via[#pcb_via_167] and pad pcb_port[.U3 > .VCC] are too close (clearance: 0.026mm, minimum: 0.15mm)
Via pcb_via[#pcb_via_167] and pad pcb_port[.U3 > .FLT] are too close (clearance: 0.137mm, minimum: 0.15mm)
Via pcb_via[#pcb_via_170] and pad pcb_port[.C20 > .pin1] are too close (clearance: 0mm, minimum: 0.15mm)
Via pcb_via[#pcb_via_175] and pad pcb_port[.J_USB > .SHELL3] are too close (clearance: 0.068mm, minimum: 0.15mm)
Via pcb_via[#pcb_via_177] and pad pcb_port[.J_USB > .DN2] are too close (clearance: 0.145mm, minimum: 0.15mm)
Via pcb_via[#pcb_via_177] and pad pcb_port[.J_USB > .DP1] are too close (clearance: 0mm, minimum: 0.15mm)
Via pcb_via[#pcb_via_177] and pad pcb_port[.J_USB > .DN1] are too close (clearance: 0mm, minimum: 0.15mm)
Via pcb_via[#pcb_via_178] and pad pcb_port[.C23 > .pin2] are too close (clearance: 0.102mm, minimum: 0.15mm)
Via pcb_via[#pcb_via_179] and pad pcb_port[.L1 > .pin1] are too close (clearance: 0.057mm, minimum: 0.15mm)
Via pcb_via[#pcb_via_180] and pad pcb_port[.L1 > .pin1] are too close (clearance: 0.028mm, minimum: 0.15mm)
Via pcb_via[#pcb_via_181] and pad pcb_port[.C22 > .pin2] are too close (clearance: 0mm, minimum: 0.15mm)
Via pcb_via[#pcb_via_182] and pad pcb_port[.R22 > .pin2] are too close (clearance: 0mm, minimum: 0.15mm)
Via pcb_via[#pcb_via_185] and pad pcb_port[.J_USB > .SHELL4] are too close (clearance: 0.115mm, minimum: 0.15mm)
Via pcb_via[#pcb_via_186] and pad pcb_port[.L1 > .pin1] are too close (clearance: 0.017mm, minimum: 0.15mm)
Via pcb_via[#pcb_via_187] and pad pcb_port[.L1 > .pin1] are too close (clearance: 0mm, minimum: 0.15mm)
Via pcb_via[#pcb_via_188] and pad pcb_port[.L1 > .pin1] are too close (clearance: 0mm, minimum: 0.15mm)
Via pcb_via[#pcb_via_189] and pad pcb_port[.C22 > .pin1] are too close (clearance: 0mm, minimum: 0.15mm)
Via pcb_via[#pcb_via_191] and pad pcb_port[.R39 > .pin2] are too close (clearance: 0.023mm, minimum: 0.15mm)
Via pcb_via[#pcb_via_192] and pad pcb_port[.D_VBUS > .pin1] are too close (clearance: 0.116mm, minimum: 0.15mm)
Via pcb_via[#pcb_via_192] and pad pcb_port[.R39 > .pin1] are too close (clearance: 0.076mm, minimum: 0.15mm)
Via pcb_via[#pcb_via_194] and pad pcb_port[.C12 > .pin1] are too close (clearance: 0.136mm, minimum: 0.15mm)
Via pcb_via[#pcb_via_196] and pad pcb_port[.U3 > .SOURCE] are too close (clearance: 0.039mm, minimum: 0.15mm)
Via pcb_via[#pcb_via_197] and pad pcb_port[.R6 > .pin1] are too close (clearance: 0.065mm, minimum: 0.15mm)
Via pcb_via[#pcb_via_197] and pad pcb_port[.U2 > .VS1] are too close (clearance: 0.054mm, minimum: 0.15mm)
Via pcb_via[#pcb_via_201] and pad pcb_port[.R6 > .pin1] are too close (clearance: 0.117mm, minimum: 0.15mm)
Via pcb_via[#pcb_via_217] and pad pcb_port[.R4 > .pin2] are too close (clearance: 0.091mm, minimum: 0.15mm)
Via pcb_via[#pcb_via_218] and pad pcb_port[.U9 > .SDA] are too close (clearance: 0.027mm, minimum: 0.15mm)
Via pcb_via[#pcb_via_218] and pad pcb_port[.C16 > .pin1] are too close (clearance: 0mm, minimum: 0.15mm)
Via pcb_via[#pcb_via_219] and pad pcb_port[.R49 > .pin2] are too close (clearance: 0.134mm, minimum: 0.15mm)
Via pcb_via[#pcb_via_220] and pad pcb_port[.R8 > .pin1] are too close (clearance: 0mm, minimum: 0.15mm)
Via pcb_via[#pcb_via_220] and pad pcb_port[.R11 > .pin1] are too close (clearance: 0.124mm, minimum: 0.15mm)
Via pcb_via[#pcb_via_220] and pad pcb_port[.R33 > .pin1] are too close (clearance: 0.143mm, minimum: 0.15mm)
Via pcb_via[#pcb_via_225] and pad pcb_port[.C16 > .pin2] are too close (clearance: 0mm, minimum: 0.15mm)
Via pcb_via[#pcb_via_226] and pad pcb_port[.R4 > .pin2] are too close (clearance: 0.069mm, minimum: 0.15mm)
Via pcb_via[#pcb_via_228] and pad pcb_port[.D_IO2 > .D1_POS] are too close (clearance: 0.049mm, minimum: 0.15mm)
Via pcb_via[#pcb_via_229] and pad pcb_port[.C31 > .pin1] are too close (clearance: 0mm, minimum: 0.15mm)
Via pcb_via[#pcb_via_229] and pad pcb_port[.D_IO2 > .D1_NEG] are too close (clearance: 0.1mm, minimum: 0.15mm)
Via pcb_via[#pcb_via_233] and pad pcb_port[.U4 > .GND] are too close (clearance: 0.01mm, minimum: 0.15mm)
Via pcb_via[#pcb_via_234] and pad pcb_port[.C15 > .pin2] are too close (clearance: 0mm, minimum: 0.15mm)
Via pcb_via[#pcb_via_235] and pad pcb_port[.U2 > .INDEX] are too close (clearance: -0.135mm, minimum: 0.15mm)
Via pcb_via[#pcb_via_240] and pad pcb_port[.U2 > .VREF] are too close (clearance: -0.015mm, minimum: 0.15mm)
Via pcb_via[#pcb_via_240] and pad pcb_port[.C21 > .pin1] are too close (clearance: 0.114mm, minimum: 0.15mm)
Via pcb_via[#pcb_via_245] and pad pcb_port[.D_IO2 > .D2_NEG] are too close (clearance: 0mm, minimum: 0.15mm)
Via pcb_via[#pcb_via_246] and pad pcb_port[.U4 > .GND] are too close (clearance: -0.06mm, minimum: 0.15mm)
Via pcb_via[#pcb_via_264] and pad pcb_port[.C8 > .pin2] are too close (clearance: 0mm, minimum: 0.15mm)
Via pcb_via[#pcb_via_266] and pad pcb_port[.J_IO > .pin2] are too close (clearance: 0mm, minimum: 0.15mm)
Via pcb_via[#pcb_via_267] and pad pcb_port[.U1 > .PB15] are too close (clearance: 0.087mm, minimum: 0.15mm)
Via pcb_via[#pcb_via_267] and pad pcb_port[.U1 > .PB14] are too close (clearance: 0.111mm, minimum: 0.15mm)
Via pcb_via[#pcb_via_269] and pad pcb_port[.U1 > .PA9] are too close (clearance: 0.118mm, minimum: 0.15mm)
Via pcb_via[#pcb_via_272] and pad pcb_port[.U1 > .PC7] are too close (clearance: -0.057mm, minimum: 0.15mm)
Via pcb_via[#pcb_via_272] and pad pcb_port[.U1 > .PC6] are too close (clearance: 0.112mm, minimum: 0.15mm)
Via pcb_via[#pcb_via_273] and pad pcb_port[.J_IO > .pin1] are too close (clearance: 0mm, minimum: 0.15mm)
Via pcb_via[#pcb_via_275] and pad pcb_port[.R26 > .pin2] are too close (clearance: 0mm, minimum: 0.15mm)
Via pcb_via[#pcb_via_276] and pad pcb_port[.C31 > .pin2] are too close (clearance: 0mm, minimum: 0.15mm)
Via pcb_via[#pcb_via_278] and pad pcb_port[.J_IO > .pin8] are too close (clearance: 0mm, minimum: 0.15mm)
Via pcb_via[#pcb_via_281] and pad pcb_port[.C20 > .pin1] are too close (clearance: 0mm, minimum: 0.15mm)
Via pcb_via[#pcb_via_282] and pad pcb_port[.R26 > .pin2] are too close (clearance: 0mm, minimum: 0.15mm)
Via pcb_via[#pcb_via_282] and pad pcb_port[.R26 > .pin1] are too close (clearance: 0mm, minimum: 0.15mm)
Via pcb_via[#pcb_via_283] and pad pcb_port[.R25 > .pin2] are too close (clearance: 0mm, minimum: 0.15mm)
Via pcb_via[#pcb_via_284] and pad pcb_port[.R28 > .pin1] are too close (clearance: 0.138mm, minimum: 0.15mm)
Via pcb_via[#pcb_via_285] and pad pcb_port[.R34 > .pin1] are too close (clearance: 0.02mm, minimum: 0.15mm)
Via pcb_via[#pcb_via_285] and pad pcb_port[.C7 > .pin2] are too close (clearance: 0mm, minimum: 0.15mm)
Via pcb_via[#pcb_via_288] and pad pcb_port[.U4 > .VDD5V] are too close (clearance: -0.112mm, minimum: 0.15mm)
Via pcb_via[#pcb_via_290] and pad pcb_port[.U9 > .GND] are too close (clearance: 0.101mm, minimum: 0.15mm)
Via pcb_via[#pcb_via_290] and pad pcb_port[.U9 > .V_POS] are too close (clearance: 0.099mm, minimum: 0.15mm)
Via pcb_via[#pcb_via_292] and pad pcb_port[.LED_FAULT > .cathode] are too close (clearance: 0mm, minimum: 0.15mm)
Via pcb_via[#pcb_via_292] and pad pcb_port[.LED_FAULT > .anode] are too close (clearance: 0.117mm, minimum: 0.15mm)
Via pcb_via[#pcb_via_296] and pad pcb_port[.C6 > .pin1] are too close (clearance: 0mm, minimum: 0.15mm)
Via pcb_via[#pcb_via_296] and pad pcb_port[.LED_STATUS > .anode] are too close (clearance: 0mm, minimum: 0.15mm)
Via pcb_via[#pcb_via_296] and pad pcb_port[.C6 > .pin2] are too close (clearance: 0.094mm, minimum: 0.15mm)
Via pcb_via[#pcb_via_302] and pad pcb_port[.R32 > .pin2] are too close (clearance: 0mm, minimum: 0.15mm)
Via pcb_via[#pcb_via_305] and pad pcb_port[.R37 > .pin1] are too close (clearance: 0mm, minimum: 0.15mm)
Via pcb_via[#pcb_via_305] and pad pcb_port[.C6 > .pin2] are too close (clearance: 0.121mm, minimum: 0.15mm)
Via pcb_via[#pcb_via_311] and pad pcb_port[.R15 > .pin1] are too close (clearance: 0mm, minimum: 0.15mm)
Via pcb_via[#pcb_via_315] and pad pcb_port[.U3 > .FLT] are too close (clearance: 0.093mm, minimum: 0.15mm)
Via pcb_via[#pcb_via_318] and pad pcb_port[.R32 > .pin2] are too close (clearance: 0mm, minimum: 0.15mm)
Via pcb_via[#pcb_via_321] and pad pcb_port[.R9 > .pin2] are too close (clearance: 0.063mm, minimum: 0.15mm)
Via pcb_via[#pcb_via_327] and pad pcb_port[.U3 > .FLT] are too close (clearance: 0.099mm, minimum: 0.15mm)
Via pcb_via[#pcb_via_338] and pad pcb_port[.U1 > .PF0_OSC_IN] are too close (clearance: 0.078mm, minimum: 0.15mm)
Via pcb_via[#pcb_via_339] and pad pcb_port[.L1 > .pin2] are too close (clearance: 0.127mm, minimum: 0.15mm)
Via pcb_via[#pcb_via_346] and pad pcb_port[.R37 > .pin2] are too close (clearance: 0mm, minimum: 0.15mm)
Via pcb_via[#pcb_via_347] and pad pcb_port[.R36 > .pin2] are too close (clearance: 0.074mm, minimum: 0.15mm)
Via pcb_via[#pcb_via_349] and pad pcb_port[.Q_PD > .pin9] are too close (clearance: 0mm, minimum: 0.15mm)
Via pcb_via[#pcb_via_350] and pad pcb_port[.R41 > .pin1] are too close (clearance: 0.105mm, minimum: 0.15mm)
Via pcb_via[#pcb_via_352] and pad pcb_port[.U4 > .SCL] are too close (clearance: -0.043mm, minimum: 0.15mm)
Via pcb_via[#pcb_via_357] and pad pcb_port[.R43 > .pin1] are too close (clearance: 0mm, minimum: 0.15mm)
Via pcb_via[#pcb_via_358] and pad pcb_port[.R43 > .pin2] are too close (clearance: 0.105mm, minimum: 0.15mm)
Via pcb_via[#pcb_via_358] and pad pcb_port[.R16 > .pin1] are too close (clearance: 0.105mm, minimum: 0.15mm)
Via pcb_via[#pcb_via_359] and pad pcb_port[.U1 > .PA8] are too close (clearance: -0.135mm, minimum: 0.15mm)
Via pcb_via[#pcb_via_359] and pad pcb_port[.U1 > .PB15] are too close (clearance: -0.009mm, minimum: 0.15mm)
Via pcb_via[#pcb_via_362] and pad pcb_port[.J_SWD > .SWDIO] are too close (clearance: 0.1mm, minimum: 0.15mm)
Via pcb_via[#pcb_via_365] and pad pcb_port[.U1 > .PB13] are too close (clearance: 0.11mm, minimum: 0.15mm)
Via pcb_via[#pcb_via_365] and pad pcb_port[.J_IO > .pin3] are too close (clearance: 0mm, minimum: 0.15mm)
Via pcb_via[#pcb_via_365] and pad pcb_port[.J_IO > .pin2] are too close (clearance: 0.142mm, minimum: 0.15mm)
Via pcb_via[#pcb_via_367] and pad pcb_port[.C17 > .pin1] are too close (clearance: 0.113mm, minimum: 0.15mm)
Via pcb_via[#pcb_via_368] and pad pcb_port[.C10 > .pin2] are too close (clearance: 0.054mm, minimum: 0.15mm)
Via pcb_via[#pcb_via_368] and pad pcb_port[.C10 > .pin1] are too close (clearance: 0mm, minimum: 0.15mm)
Via pcb_via[#pcb_via_374] and pad pcb_port[.U10 > .IN2] are too close (clearance: 0.125mm, minimum: 0.15mm)
Via pcb_via[#pcb_via_374] and pad pcb_port[.U10 > .IN1] are too close (clearance: 0.084mm, minimum: 0.15mm)
Via pcb_via[#pcb_via_376] and pad pcb_port[.C20 > .pin1] are too close (clearance: 0.13mm, minimum: 0.15mm)
Vias pcb_via[#pcb_via_21] and pcb_via[#pcb_via_22] are too close together (gap: -0.059mm)
Vias pcb_via[#pcb_via_21] and pcb_via[#pcb_via_26] are too close together (gap: -0.199mm)
Vias pcb_via[#pcb_via_22] and pcb_via[#pcb_via_26] are too close together (gap: 0.041mm)
Vias pcb_via[#pcb_via_36] and pcb_via[#pcb_via_37] are too close together (gap: -0.239mm)
Vias pcb_via[#pcb_via_36] and pcb_via[#pcb_via_38] are too close together (gap: -0.227mm)
Vias pcb_via[#pcb_via_36] and pcb_via[#pcb_via_39] are too close together (gap: -0.210mm)
Vias pcb_via[#pcb_via_37] and pcb_via[#pcb_via_38] are too close together (gap: -0.287mm)
Vias pcb_via[#pcb_via_37] and pcb_via[#pcb_via_39] are too close together (gap: -0.270mm)
Vias pcb_via[#pcb_via_38] and pcb_via[#pcb_via_39] are too close together (gap: -0.279mm)
Vias pcb_via[#pcb_via_43] and pcb_via[#pcb_via_47] are too close together (gap: -0.231mm)
Vias pcb_via[#pcb_via_87] and pcb_via[#pcb_via_90] are too close together (gap: -0.275mm)
Vias pcb_via[#pcb_via_132] and pcb_via[#pcb_via_133] are too close together (gap: -0.288mm)
Vias pcb_via[#pcb_via_179] and pcb_via[#pcb_via_180] are too close together (gap: -0.265mm)
Vias pcb_via[#pcb_via_187] and pcb_via[#pcb_via_188] are too close together (gap: -0.261mm)
Vias pcb_via[#pcb_via_211] and pcb_via[#pcb_via_214] are too close together (gap: -0.290mm)
Vias pcb_via[#pcb_via_212] and pcb_via[#pcb_via_215] are too close together (gap: -0.271mm)
Vias pcb_via[#pcb_via_259] and pcb_via[#pcb_via_260] are too close together (gap: -0.287mm)
Vias pcb_via[#pcb_via_270] and pcb_via[#pcb_via_274] are too close together (gap: -0.292mm)
Vias pcb_via[#pcb_via_302] and pcb_via[#pcb_via_318] are too close together (gap: -0.291mm)
Vias pcb_via[#pcb_via_304] and pcb_via[#pcb_via_317] are too close together (gap: -0.287mm)
Vias pcb_via[#pcb_via_309] and pcb_via[#pcb_via_323] are too close together (gap: -0.294mm)
Vias pcb_via[#pcb_via_315] and pcb_via[#pcb_via_327] are too close together (gap: -0.294mm)
Vias pcb_via[#pcb_via_324] and pcb_via[#pcb_via_326] are too close together (gap: -0.292mm)
Vias pcb_via[#pcb_via_1] and pcb_via[#pcb_via_49] from different nets are too close together (gap: 0.116mm)
Vias pcb_via[#pcb_via_7] and pcb_via[#pcb_via_190] from different nets are too close together (gap: 0.078mm)
Vias pcb_via[#pcb_via_8] and pcb_via[#pcb_via_357] from different nets are too close together (gap: 0.199mm)
Vias pcb_via[#pcb_via_10] and pcb_via[#pcb_via_46] from different nets are too close together (gap: 0.272mm)
Vias pcb_via[#pcb_via_11] and pcb_via[#pcb_via_17] from different nets are too close together (gap: 0.106mm)
Vias pcb_via[#pcb_via_13] and pcb_via[#pcb_via_325] from different nets are too close together (gap: -0.023mm)
Vias pcb_via[#pcb_via_14] and pcb_via[#pcb_via_159] from different nets are too close together (gap: 0.214mm)
Vias pcb_via[#pcb_via_15] and pcb_via[#pcb_via_259] from different nets are too close together (gap: 0.003mm)
Vias pcb_via[#pcb_via_15] and pcb_via[#pcb_via_260] from different nets are too close together (gap: -0.003mm)
Vias pcb_via[#pcb_via_15] and pcb_via[#pcb_via_372] from different nets are too close together (gap: 0.233mm)
Vias pcb_via[#pcb_via_20] and pcb_via[#pcb_via_178] from different nets are too close together (gap: 0.041mm)
Vias pcb_via[#pcb_via_21] and pcb_via[#pcb_via_184] from different nets are too close together (gap: 0.119mm)
Vias pcb_via[#pcb_via_22] and pcb_via[#pcb_via_184] from different nets are too close together (gap: 0.173mm)
Vias pcb_via[#pcb_via_23] and pcb_via[#pcb_via_191] from different nets are too close together (gap: 0.035mm)
Vias pcb_via[#pcb_via_26] and pcb_via[#pcb_via_184] from different nets are too close together (gap: 0.146mm)
Vias pcb_via[#pcb_via_27] and pcb_via[#pcb_via_35] from different nets are too close together (gap: 0.239mm)
Vias pcb_via[#pcb_via_28] and pcb_via[#pcb_via_64] from different nets are too close together (gap: 0.212mm)
Vias pcb_via[#pcb_via_30] and pcb_via[#pcb_via_293] from different nets are too close together (gap: -0.029mm)
Vias pcb_via[#pcb_via_31] and pcb_via[#pcb_via_304] from different nets are too close together (gap: 0.031mm)
Vias pcb_via[#pcb_via_31] and pcb_via[#pcb_via_317] from different nets are too close together (gap: 0.018mm)
Vias pcb_via[#pcb_via_36] and pcb_via[#pcb_via_184] from different nets are too close together (gap: -0.049mm)
Vias pcb_via[#pcb_via_37] and pcb_via[#pcb_via_184] from different nets are too close together (gap: 0.008mm)
Vias pcb_via[#pcb_via_38] and pcb_via[#pcb_via_184] from different nets are too close together (gap: 0.021mm)
Vias pcb_via[#pcb_via_39] and pcb_via[#pcb_via_184] from different nets are too close together (gap: 0.033mm)
Vias pcb_via[#pcb_via_41] and pcb_via[#pcb_via_191] from different nets are too close together (gap: -0.034mm)
Vias pcb_via[#pcb_via_42] and pcb_via[#pcb_via_150] from different nets are too close together (gap: 0.229mm)
Vias pcb_via[#pcb_via_43] and pcb_via[#pcb_via_334] from different nets are too close together (gap: 0.318mm)
Vias pcb_via[#pcb_via_44] and pcb_via[#pcb_via_119] from different nets are too close together (gap: 0.198mm)
Vias pcb_via[#pcb_via_46] and pcb_via[#pcb_via_64] from different nets are too close together (gap: -0.002mm)
Vias pcb_via[#pcb_via_47] and pcb_via[#pcb_via_334] from different nets are too close together (gap: -0.041mm)
Vias pcb_via[#pcb_via_49] and pcb_via[#pcb_via_126] from different nets are too close together (gap: 0.125mm)
Vias pcb_via[#pcb_via_49] and pcb_via[#pcb_via_156] from different nets are too close together (gap: 0.053mm)
Vias pcb_via[#pcb_via_50] and pcb_via[#pcb_via_275] from different nets are too close together (gap: 0.304mm)
Vias pcb_via[#pcb_via_50] and pcb_via[#pcb_via_283] from different nets are too close together (gap: 0.222mm)
Vias pcb_via[#pcb_via_51] and pcb_via[#pcb_via_81] from different nets are too close together (gap: -0.049mm)
Vias pcb_via[#pcb_via_51] and pcb_via[#pcb_via_83] from different nets are too close together (gap: 0.205mm)
Vias pcb_via[#pcb_via_54] and pcb_via[#pcb_via_59] from different nets are too close together (gap: 0.012mm)
Vias pcb_via[#pcb_via_55] and pcb_via[#pcb_via_97] from different nets are too close together (gap: 0.048mm)
Vias pcb_via[#pcb_via_55] and pcb_via[#pcb_via_272] from different nets are too close together (gap: -0.099mm)
Vias pcb_via[#pcb_via_56] and pcb_via[#pcb_via_295] from different nets are too close together (gap: 0.061mm)
Vias pcb_via[#pcb_via_58] and pcb_via[#pcb_via_61] from different nets are too close together (gap: -0.014mm)
Vias pcb_via[#pcb_via_58] and pcb_via[#pcb_via_346] from different nets are too close together (gap: 0.129mm)
Vias pcb_via[#pcb_via_60] and pcb_via[#pcb_via_307] from different nets are too close together (gap: 0.248mm)
Vias pcb_via[#pcb_via_61] and pcb_via[#pcb_via_258] from different nets are too close together (gap: 0.258mm)
Vias pcb_via[#pcb_via_61] and pcb_via[#pcb_via_261] from different nets are too close together (gap: 0.259mm)
Vias pcb_via[#pcb_via_63] and pcb_via[#pcb_via_149] from different nets are too close together (gap: 0.258mm)
Vias pcb_via[#pcb_via_65] and pcb_via[#pcb_via_348] from different nets are too close together (gap: 0.202mm)
Vias pcb_via[#pcb_via_66] and pcb_via[#pcb_via_149] from different nets are too close together (gap: 0.294mm)
Vias pcb_via[#pcb_via_67] and pcb_via[#pcb_via_216] from different nets are too close together (gap: 0.311mm)
Vias pcb_via[#pcb_via_69] and pcb_via[#pcb_via_92] from different nets are too close together (gap: 0.007mm)
Vias pcb_via[#pcb_via_69] and pcb_via[#pcb_via_245] from different nets are too close together (gap: 0.046mm)
Vias pcb_via[#pcb_via_70] and pcb_via[#pcb_via_228] from different nets are too close together (gap: 0.254mm)
Vias pcb_via[#pcb_via_71] and pcb_via[#pcb_via_228] from different nets are too close together (gap: 0.253mm)
Vias pcb_via[#pcb_via_75] and pcb_via[#pcb_via_228] from different nets are too close together (gap: 0.260mm)
Vias pcb_via[#pcb_via_76] and pcb_via[#pcb_via_228] from different nets are too close together (gap: 0.260mm)
Vias pcb_via[#pcb_via_77] and pcb_via[#pcb_via_230] from different nets are too close together (gap: 0.213mm)
Vias pcb_via[#pcb_via_79] and pcb_via[#pcb_via_94] from different nets are too close together (gap: 0.194mm)
Vias pcb_via[#pcb_via_79] and pcb_via[#pcb_via_114] from different nets are too close together (gap: 0.249mm)
Vias pcb_via[#pcb_via_80] and pcb_via[#pcb_via_279] from different nets are too close together (gap: -0.037mm)
Vias pcb_via[#pcb_via_87] and pcb_via[#pcb_via_92] from different nets are too close together (gap: 0.212mm)
Vias pcb_via[#pcb_via_88] and pcb_via[#pcb_via_283] from different nets are too close together (gap: 0.135mm)
Vias pcb_via[#pcb_via_89] and pcb_via[#pcb_via_91] from different nets are too close together (gap: 0.267mm)
Vias pcb_via[#pcb_via_89] and pcb_via[#pcb_via_93] from different nets are too close together (gap: -0.051mm)
Vias pcb_via[#pcb_via_90] and pcb_via[#pcb_via_92] from different nets are too close together (gap: 0.235mm)
Vias pcb_via[#pcb_via_93] and pcb_via[#pcb_via_96] from different nets are too close together (gap: 0.283mm)
Vias pcb_via[#pcb_via_94] and pcb_via[#pcb_via_114] from different nets are too close together (gap: 0.260mm)
Vias pcb_via[#pcb_via_95] and pcb_via[#pcb_via_146] from different nets are too close together (gap: 0.245mm)
Vias pcb_via[#pcb_via_97] and pcb_via[#pcb_via_272] from different nets are too close together (gap: 0.244mm)
Vias pcb_via[#pcb_via_105] and pcb_via[#pcb_via_300] from different nets are too close together (gap: 0.118mm)
Vias pcb_via[#pcb_via_106] and pcb_via[#pcb_via_276] from different nets are too close together (gap: 0.344mm)
Vias pcb_via[#pcb_via_106] and pcb_via[#pcb_via_338] from different nets are too close together (gap: 0.048mm)
Vias pcb_via[#pcb_via_108] and pcb_via[#pcb_via_124] from different nets are too close together (gap: 0.159mm)
Vias pcb_via[#pcb_via_108] and pcb_via[#pcb_via_138] from different nets are too close together (gap: 0.034mm)
Vias pcb_via[#pcb_via_120] and pcb_via[#pcb_via_359] from different nets are too close together (gap: 0.293mm)
Vias pcb_via[#pcb_via_122] and pcb_via[#pcb_via_271] from different nets are too close together (gap: 0.301mm)
Vias pcb_via[#pcb_via_122] and pcb_via[#pcb_via_369] from different nets are too close together (gap: 0.202mm)
Vias pcb_via[#pcb_via_124] and pcb_via[#pcb_via_138] from different nets are too close together (gap: 0.254mm)
Vias pcb_via[#pcb_via_132] and pcb_via[#pcb_via_175] from different nets are too close together (gap: 0.095mm)
Vias pcb_via[#pcb_via_133] and pcb_via[#pcb_via_175] from different nets are too close together (gap: 0.093mm)
Vias pcb_via[#pcb_via_135] and pcb_via[#pcb_via_304] from different nets are too close together (gap: 0.100mm)
Vias pcb_via[#pcb_via_135] and pcb_via[#pcb_via_317] from different nets are too close together (gap: 0.095mm)
Vias pcb_via[#pcb_via_137] and pcb_via[#pcb_via_304] from different nets are too close together (gap: 0.099mm)
Vias pcb_via[#pcb_via_137] and pcb_via[#pcb_via_317] from different nets are too close together (gap: 0.094mm)
Vias pcb_via[#pcb_via_144] and pcb_via[#pcb_via_248] from different nets are too close together (gap: 0.222mm)
Vias pcb_via[#pcb_via_145] and pcb_via[#pcb_via_316] from different nets are too close together (gap: 0.229mm)
Vias pcb_via[#pcb_via_147] and pcb_via[#pcb_via_330] from different nets are too close together (gap: 0.139mm)
Vias pcb_via[#pcb_via_148] and pcb_via[#pcb_via_268] from different nets are too close together (gap: 0.222mm)
Vias pcb_via[#pcb_via_155] and pcb_via[#pcb_via_336] from different nets are too close together (gap: -0.036mm)
Vias pcb_via[#pcb_via_159] and pcb_via[#pcb_via_299] from different nets are too close together (gap: -0.033mm)
Vias pcb_via[#pcb_via_160] and pcb_via[#pcb_via_216] from different nets are too close together (gap: 0.249mm)
Vias pcb_via[#pcb_via_161] and pcb_via[#pcb_via_288] from different nets are too close together (gap: 0.231mm)
Vias pcb_via[#pcb_via_162] and pcb_via[#pcb_via_179] from different nets are too close together (gap: 0.069mm)
Vias pcb_via[#pcb_via_162] and pcb_via[#pcb_via_180] from different nets are too close together (gap: 0.101mm)
Vias pcb_via[#pcb_via_162] and pcb_via[#pcb_via_189] from different nets are too close together (gap: 0.244mm)
Vias pcb_via[#pcb_via_162] and pcb_via[#pcb_via_196] from different nets are too close together (gap: 0.006mm)
Vias pcb_via[#pcb_via_168] and pcb_via[#pcb_via_267] from different nets are too close together (gap: 0.210mm)
Vias pcb_via[#pcb_via_168] and pcb_via[#pcb_via_269] from different nets are too close together (gap: 0.302mm)
Vias pcb_via[#pcb_via_168] and pcb_via[#pcb_via_271] from different nets are too close together (gap: 0.283mm)
Vias pcb_via[#pcb_via_172] and pcb_via[#pcb_via_252] from different nets are too close together (gap: 0.133mm)
Vias pcb_via[#pcb_via_176] and pcb_via[#pcb_via_358] from different nets are too close together (gap: 0.103mm)
Vias pcb_via[#pcb_via_179] and pcb_via[#pcb_via_189] from different nets are too close together (gap: 0.241mm)
Vias pcb_via[#pcb_via_180] and pcb_via[#pcb_via_189] from different nets are too close together (gap: 0.256mm)
Vias pcb_via[#pcb_via_181] and pcb_via[#pcb_via_316] from different nets are too close together (gap: 0.192mm)
Vias pcb_via[#pcb_via_187] and pcb_via[#pcb_via_374] from different nets are too close together (gap: 0.167mm)
Vias pcb_via[#pcb_via_188] and pcb_via[#pcb_via_374] from different nets are too close together (gap: 0.171mm)
Vias pcb_via[#pcb_via_212] and pcb_via[#pcb_via_353] from different nets are too close together (gap: 0.234mm)
Vias pcb_via[#pcb_via_215] and pcb_via[#pcb_via_353] from different nets are too close together (gap: 0.262mm)
Vias pcb_via[#pcb_via_217] and pcb_via[#pcb_via_225] from different nets are too close together (gap: 0.227mm)
Vias pcb_via[#pcb_via_221] and pcb_via[#pcb_via_243] from different nets are too close together (gap: 0.114mm)
Vias pcb_via[#pcb_via_221] and pcb_via[#pcb_via_244] from different nets are too close together (gap: 0.113mm)
Vias pcb_via[#pcb_via_225] and pcb_via[#pcb_via_301] from different nets are too close together (gap: 0.111mm)
Vias pcb_via[#pcb_via_225] and pcb_via[#pcb_via_312] from different nets are too close together (gap: 0.114mm)
Vias pcb_via[#pcb_via_225] and pcb_via[#pcb_via_314] from different nets are too close together (gap: 0.110mm)
Vias pcb_via[#pcb_via_234] and pcb_via[#pcb_via_334] from different nets are too close together (gap: 0.208mm)
Vias pcb_via[#pcb_via_241] and pcb_via[#pcb_via_313] from different nets are too close together (gap: -0.053mm)
Vias pcb_via[#pcb_via_241] and pcb_via[#pcb_via_341] from different nets are too close together (gap: 0.116mm)
Vias pcb_via[#pcb_via_242] and pcb_via[#pcb_via_307] from different nets are too close together (gap: -0.034mm)
Vias pcb_via[#pcb_via_245] and pcb_via[#pcb_via_276] from different nets are too close together (gap: 0.132mm)
Vias pcb_via[#pcb_via_251] and pcb_via[#pcb_via_349] from different nets are too close together (gap: 0.112mm)
Vias pcb_via[#pcb_via_266] and pcb_via[#pcb_via_279] from different nets are too close together (gap: 0.307mm)
Vias pcb_via[#pcb_via_267] and pcb_via[#pcb_via_365] from different nets are too close together (gap: 0.283mm)
Vias pcb_via[#pcb_via_269] and pcb_via[#pcb_via_271] from different nets are too close together (gap: 0.306mm)
Vias pcb_via[#pcb_via_270] and pcb_via[#pcb_via_331] from different nets are too close together (gap: 0.027mm)
Vias pcb_via[#pcb_via_270] and pcb_via[#pcb_via_364] from different nets are too close together (gap: 0.027mm)
Vias pcb_via[#pcb_via_274] and pcb_via[#pcb_via_331] from different nets are too close together (gap: 0.021mm)
Vias pcb_via[#pcb_via_274] and pcb_via[#pcb_via_364] from different nets are too close together (gap: 0.021mm)
Vias pcb_via[#pcb_via_286] and pcb_via[#pcb_via_369] from different nets are too close together (gap: 0.135mm)
Vias pcb_via[#pcb_via_287] and pcb_via[#pcb_via_302] from different nets are too close together (gap: 0.044mm)
Vias pcb_via[#pcb_via_287] and pcb_via[#pcb_via_318] from different nets are too close together (gap: 0.038mm)
Vias pcb_via[#pcb_via_288] and pcb_via[#pcb_via_294] from different nets are too close together (gap: 0.266mm)
Vias pcb_via[#pcb_via_291] and pcb_via[#pcb_via_302] from different nets are too close together (gap: 0.043mm)
Vias pcb_via[#pcb_via_291] and pcb_via[#pcb_via_318] from different nets are too close together (gap: 0.038mm)
Vias pcb_via[#pcb_via_305] and pcb_via[#pcb_via_345] from different nets are too close together (gap: -0.005mm)
Vias pcb_via[#pcb_via_305] and pcb_via[#pcb_via_346] from different nets are too close together (gap: 0.087mm)
Vias pcb_via[#pcb_via_315] and pcb_via[#pcb_via_374] from different nets are too close together (gap: 0.202mm)
Vias pcb_via[#pcb_via_327] and pcb_via[#pcb_via_374] from different nets are too close together (gap: 0.201mm)
Via in trace [trace[.J_USB > port.A6, .J_USB > port.B6]] is misaligned at position {x: -0.45, y: -8.75}.
Via in trace [trace[.J_USB > port.A6, .J_USB > port.B6]] is misaligned at position {x: 2.15, y: -8.9}.
Via in trace [trace[.D_USB > port.GND, .C27 > port.2]] is misaligned at position {x: 3.1, y: -7}.
Via in trace [trace[.J_USB > port.B7, .J_USB > port.A7]] is misaligned at position {x: -1.15, y: -8.2}.
Via in trace [trace[.J_USB > port.B7, .J_USB > port.A7]] is misaligned at position {x: 0, y: -7.9}.
Trace [trace[.U1 > port.pin15]] has dangling endpoint at (-6.43, -5.00)
Trace too close to board edge (0.343mm < 0.375mm required, margin: 0.3mm)
Trace too close to board edge (0.273mm < 0.375mm required, margin: 0.3mm)
Trace too close to board edge (0.235mm < 0.375mm required, margin: 0.3mm)
Trace too close to board edge (0.235mm < 0.375mm required, margin: 0.3mm)
Trace too close to board edge (0.235mm < 0.375mm required, margin: 0.3mm)
Trace too close to board edge (0.373mm < 0.375mm required, margin: 0.3mm)
Trace too close to board edge (0.358mm < 0.375mm required, margin: 0.3mm)
Trace too close to board edge (0.236mm < 0.375mm required, margin: 0.3mm)
Trace too close to board edge (0.236mm < 0.375mm required, margin: 0.3mm)
Trace too close to board edge (0.236mm < 0.375mm required, margin: 0.3mm)
Trace too close to board edge (0.346mm < 0.375mm required, margin: 0.3mm)
Trace too close to board edge (0.075mm < 0.375mm required, margin: 0.3mm)
Trace too close to board edge (0.074mm < 0.375mm required, margin: 0.3mm)
Trace too close to board edge (0.074mm < 0.375mm required, margin: 0.3mm)
Trace too close to board edge (0.074mm < 0.375mm required, margin: 0.3mm)
Trace too close to board edge (0.074mm < 0.375mm required, margin: 0.3mm)
Trace too close to board edge (0.332mm < 0.375mm required, margin: 0.3mm)
Trace too close to board edge (0.332mm < 0.375mm required, margin: 0.3mm)
Trace too close to board edge (0.344mm < 0.375mm required, margin: 0.3mm)
Trace too close to board edge (0.074mm < 0.375mm required, margin: 0.3mm)
Trace too close to board edge (0.074mm < 0.375mm required, margin: 0.3mm)
Trace too close to board edge (0.075mm < 0.375mm required, margin: 0.3mm)
Trace too close to board edge (0.176mm < 0.375mm required, margin: 0.3mm)
Trace too close to board edge (0.175mm < 0.375mm required, margin: 0.3mm)
Trace too close to board edge (0.118mm < 0.375mm required, margin: 0.3mm)
Trace too close to board edge (0.118mm < 0.375mm required, margin: 0.3mm)
Trace too close to board edge (0.010mm < 0.375mm required, margin: 0.3mm)
Trace too close to board edge (0.010mm < 0.375mm required, margin: 0.3mm)
Trace too close to board edge (0.120mm < 0.375mm required, margin: 0.3mm)
Trace too close to board edge (0.401mm < 0.550mm required, margin: 0.3mm)
Trace too close to board edge (0.388mm < 0.550mm required, margin: 0.3mm)
Trace too close to board edge (0.377mm < 0.550mm required, margin: 0.3mm)
Trace too close to board edge (0.377mm < 0.550mm required, margin: 0.3mm)
Trace too close to board edge (0.354mm < 0.375mm required, margin: 0.3mm)
Trace too close to board edge (0.354mm < 0.375mm required, margin: 0.3mm)
Via pcb_via_194 violates copper-to-board-edge clearance (measured 0.239mm, required 0.300mm)
Via pcb_via_342 violates copper-to-board-edge clearance (measured 0.027mm, required 0.300mm)
Via pcb_via_361 violates copper-to-board-edge clearance (measured 0.004mm, required 0.300mm)
Via hole at (7.36mm, 16.85mm) overlaps SMD pad R50.pin1 at (7.43mm, 16.50mm)
Via hole at (0.93mm, -4.67mm) overlaps SMD pad R3.pin1 at (0.57mm, -5.00mm)
Via hole at (-3.13mm, -5.91mm) overlaps SMD pad U10.ILIM at (-3.00mm, -5.84mm)
Via hole at (-8.23mm, -7.16mm) overlaps SMD pad L1.pin1 at (-10.15mm, -6.90mm)
Via hole at (-5.17mm, -0.28mm) overlaps SMD pad C15.pin2 at (-4.50mm, 0.50mm)
Via hole at (5.73mm, -5.56mm) overlaps SMD pad U8.N_RESET at (6.20mm, -5.55mm)
Via hole at (-4.39mm, -12.89mm) overlaps SMD pad R39.pin1 at (-4.68mm, -12.50mm)
Via hole at (5.11mm, 1.09mm) overlaps SMD pad U1.PB4 at (4.25mm, 1.05mm)
Via hole at (1.35mm, 6.35mm) overlaps SMD pad R37.pin1 at (1.68mm, 6.00mm)
Via hole at (-0.34mm, 4.11mm) overlaps SMD pad LED_STATUS.cathode at (0.20mm, 4.00mm)
Via hole at (10.23mm, 0.44mm) overlaps SMD pad D_IO2.D1_POS at (10.00mm, 0.10mm)
Via hole at (10.23mm, 0.44mm) overlaps SMD pad D_IO2.D1_POS at (10.00mm, 0.10mm)
Via hole at (7.28mm, -1.59mm) overlaps SMD pad R27.pin1 at (7.43mm, -2.00mm)
Via hole at (4.18mm, 5.63mm) overlaps SMD pad R28.pin1 at (3.93mm, 6.00mm)
Via hole at (13.27mm, -6.67mm) overlaps SMD pad J_SWD.NRST at (12.40mm, -6.40mm)
Via hole at (7.19mm, -8.80mm) overlaps SMD pad U7.S3 at (7.00mm, -9.23mm)
Via hole at (7.19mm, -8.80mm) overlaps SMD pad U7.SEL3 at (7.40mm, -9.23mm)
Via hole at (5.98mm, -10.93mm) overlaps SMD pad J_USB.SHELL3 at (5.11mm, -10.81mm)
Via hole at (11.18mm, -12.24mm) overlaps SMD pad R21.pin2 at (11.57mm, -12.00mm)
Via hole at (-8.83mm, -8.39mm) overlaps SMD pad U3.DB at (-8.59mm, -8.50mm)
Via hole at (-11.26mm, -8.34mm) overlaps SMD pad U3.CTRLVBUS at (-11.41mm, -8.50mm)
Via hole at (-3.83mm, -1.02mm) overlaps SMD pad C15.pin1 at (-4.50mm, -1.50mm)
Via hole at (-15.11mm, -9.16mm) overlaps SMD pad C10.pin1 at (-14.80mm, -9.75mm)
Via hole at (-11.14mm, -4.72mm) overlaps SMD pad Q_PD.pin4 at (-10.98mm, -4.60mm)
Via hole at (-9.30mm, -9.45mm) overlaps SMD pad U3.EP at (-10.00mm, -9.00mm)
Via hole at (6.16mm, 11.87mm) overlaps SMD pad C20.pin1 at (5.08mm, 11.50mm)
Via hole at (-0.11mm, -10.83mm) overlaps SMD pad J_USB.DP1 at (-0.25mm, -10.24mm)
Via hole at (-1.53mm, -11.54mm) overlaps SMD pad C23.pin1 at (-1.67mm, -11.25mm)
Via hole at (-7.83mm, -7.98mm) overlaps SMD pad L1.pin1 at (-10.15mm, -6.90mm)
Via hole at (-7.80mm, -7.96mm) overlaps SMD pad L1.pin1 at (-10.15mm, -6.90mm)
Via hole at (-3.74mm, 3.37mm) overlaps SMD pad R4.pin1 at (-3.57mm, 3.00mm)
Via hole at (-6.22mm, 0.84mm) overlaps SMD pad U2.DIAG at (-6.50mm, 0.70mm)
Via hole at (-14.78mm, -5.99mm) overlaps SMD pad C8.pin2 at (-14.00mm, -5.84mm)
Via hole at (5.02mm, 10.86mm) overlaps SMD pad C20.pin1 at (5.08mm, 11.50mm)
Via hole at (6.33mm, -0.40mm) overlaps SMD pad R26.pin1 at (6.68mm, 0.00mm)
Via hole at (1.27mm, 4.29mm) overlaps SMD pad LED_STATUS.anode at (1.80mm, 4.00mm)
Via hole at (0.38mm, -3.63mm) overlaps SMD pad U4.VDD3V3 at (0.64mm, -2.71mm)
Via hole at (4.73mm, -5.33mm) overlaps SMD pad C29.pin1 at (4.67mm, -5.00mm)
Via hole at (4.72mm, -5.34mm) overlaps SMD pad C29.pin1 at (4.67mm, -5.00mm)
Via hole at (2.16mm, 5.12mm) overlaps SMD pad C6.pin2 at (1.92mm, 4.75mm)
Via hole at (0.81mm, 5.72mm) overlaps SMD pad R37.pin2 at (0.82mm, 6.00mm)
Via hole at (9.78mm, 4.88mm) overlaps SMD pad U1.PA8 at (9.75mm, 5.55mm)
Via hole at (11.05mm, 6.73mm) overlaps SMD pad J_IO.pin3 at (12.04mm, 6.50mm)
Generating preview images...
[index] Generating PCB SVG...
[index] Written pcb.svg
[index] Generating PCB PNG...
[index] Written pcb.png
[index] Generating schematic SVG...
[index] Written schematic.svg

Build complete
  Circuits  0 passed 1 failed
  Options   pcb-png, pcb-svgs, schematic-svgs
  Output    dist

⚠ Build completed with errors
Build exiting with code 1: circuit build errors occurred
