v -0.736228 -0.385 -0.145785
v -0.736228 -0.615 -0.145785
v -0.783049 -0.385 -0.149059
newmtl 1
Ka 0.7686274509803922 0.7686274509803922 0.7686274509803922
Kd 0.7686274509803922 0.7686274509803922 0.7686274509803922
Ks 0.615686274509804 0.615686274509804 0.615686274509804
d 0.0
endmtl
v -0.783049 -0.615 -0.149059
v -0.736926 -0.625 -0.135809
v -0.749482 -0.625 0.043752
v -0.783746 -0.625 -0.139083
v -0.796302 -0.625 0.040478
v -0.797 -0.385 0.050454
v -0.797 -0.615 0.050454
v -0.75018 -0.385 0.053728
v -0.75018 -0.615 0.053728
v -0.783746 -0.375 -0.139083
v -0.796302 -0.375 0.040478
v -0.736926 -0.375 -0.135809
v -0.749482 -0.375 0.043752
v -0.713331 -0.615 -0.143118
v -0.713331 -0.385 -0.143118
v -0.70513 -0.615 -0.141386
v -0.70513 -0.385 -0.141386
v -0.690776 -0.615 -0.138354
v -0.690776 -0.385 -0.138354
v -0.674761 -0.615 -0.133392
v -0.674761 -0.385 -0.133392
v -0.668757 -0.615 -0.131532
v -0.668757 -0.385 -0.131532
v -0.647459 -0.615 -0.122711
v -0.647459 -0.385 -0.122711
v -0.645606 -0.615 -0.121735
v -0.645606 -0.385 -0.121735
v -0.627064 -0.615 -0.111966
v -0.627064 -0.385 -0.111966
v -0.618283 -0.615 -0.106249
v -0.618283 -0.385 -0.106249
v -0.607745 -0.615 -0.099388
v -0.607745 -0.385 -0.099388
v -0.592953 -0.615 -0.087684
v -0.592953 -0.385 -0.087684
v -0.589668 -0.615 -0.085084
v -0.589668 -0.385 -0.085084
v -0.572985 -0.615 -0.069176
v -0.572985 -0.385 -0.069176
v -0.570231 -0.615 -0.066017
v -0.570231 -0.385 -0.066017
v -0.557837 -0.615 -0.051798
v -0.557837 -0.385 -0.051798
v -0.550484 -0.615 -0.041599
v -0.550484 -0.385 -0.041599
v -0.544356 -0.615 -0.0331
v -0.544356 -0.385 -0.0331
v -0.533717 -0.615 -0.015043
v -0.533717 -0.385 -0.015043
v -0.532653 -0.615 -0.013238
v -0.532653 -0.385 -0.013238
v -0.52283 -0.615 0.007616
v -0.52283 -0.385 0.007616
v -0.520687 -0.615 0.013525
v -0.520687 -0.385 0.013525
v -0.51497 -0.615 0.029287
v -0.51497 -0.385 0.029287
v -0.511259 -0.615 0.043481
v -0.511259 -0.385 0.043481
v -0.509139 -0.615 0.05159
v -0.509139 -0.385 0.05159
v -0.505387 -0.615 0.074335
v -0.505387 -0.385 0.074335
v -0.714944 -0.625 -0.133249
v -0.739244 -0.625 0.045366
v -0.515318 -0.625 0.075505
v -0.69408 -0.625 0.096581
v -0.51892 -0.625 0.05367
v -0.696178 -0.625 0.086431
v -0.693292 -0.625 -0.128676
v -0.672153 -0.625 -0.122127
v -0.729437 -0.625 0.048717
v -0.720352 -0.625 0.053705
v -0.596228 -0.625 -0.077537
v -0.712262 -0.625 0.060183
v -0.580212 -0.625 -0.062265
v -0.705407 -0.625 0.067957
v -0.651707 -0.625 -0.113659
v -0.632128 -0.625 -0.103343
v -0.613582 -0.625 -0.091268
v -0.699992 -0.625 0.076794
v -0.532064 -0.625 0.011456
v -0.524518 -0.625 0.03226
v -0.565671 -0.625 -0.045582
v -0.552728 -0.625 -0.027631
v -0.541494 -0.625 -0.008565
v -0.704012 -0.615 0.097752
v -0.704012 -0.385 0.097752
v -0.70576 -0.615 0.089294
v -0.70576 -0.385 0.089294
v -0.706819 -0.615 0.086618
v -0.706819 -0.385 0.086618
v -0.708938 -0.615 0.081263
v -0.708938 -0.385 0.081263
v -0.711947 -0.615 0.076352
v -0.711947 -0.385 0.076352
v -0.71345 -0.615 0.073898
v -0.71345 -0.385 0.073898
v -0.719163 -0.615 0.06742
v -0.719163 -0.385 0.06742
v -0.725905 -0.615 0.062022
v -0.725905 -0.385 0.062022
v -0.728427 -0.615 0.060637
v -0.728427 -0.385 0.060637
v -0.733475 -0.615 0.057865
v -0.733475 -0.385 0.057865
v -0.738925 -0.615 0.056003
v -0.738925 -0.385 0.056003
v -0.741648 -0.615 0.055072
v -0.741648 -0.385 0.055072
v -0.712262 -0.375 0.060183
v -0.705407 -0.375 0.067957
v -0.565671 -0.375 -0.045582
v -0.552728 -0.375 -0.027631
v -0.699992 -0.375 0.076794
v -0.541494 -0.375 -0.008565
v -0.532064 -0.375 0.011456
v -0.696178 -0.375 0.086431
v -0.524518 -0.375 0.03226
v -0.51892 -0.375 0.05367
v -0.69408 -0.375 0.096581
v -0.515318 -0.375 0.075505
v -0.714944 -0.375 -0.133249
v -0.739244 -0.375 0.045366
v -0.729437 -0.375 0.048717
v -0.672153 -0.375 -0.122127
v -0.693292 -0.375 -0.128676
v -0.720352 -0.375 0.053705
v -0.632128 -0.375 -0.103343
v -0.651707 -0.375 -0.113659
v -0.580212 -0.375 -0.062265
v -0.596228 -0.375 -0.077537
v -0.613582 -0.375 -0.091268
v -0.466302 -0.385 0.405854
v -0.466302 -0.615 0.405854
v -0.476233 -0.625 0.407025
v -0.654995 -0.625 0.428101
v -0.664926 -0.385 0.429272
v -0.664926 -0.615 0.429272
v -0.476233 -0.375 0.407025
v -0.654995 -0.375 0.428101
v -0.416646 -0.385 0.45
v -0.416646 -0.615 0.45
v -0.42568 -0.385 0.449177
v -0.42568 -0.615 0.449177
v -0.42859 -0.385 0.448364
v -0.42859 -0.615 0.448364
v -0.434417 -0.385 0.446735
v -0.434417 -0.615 0.446735
v -0.439853 -0.385 0.444081
v -0.439853 -0.615 0.444081
v -0.442568 -0.385 0.442755
v -0.442568 -0.615 0.442755
v -0.449867 -0.385 0.437368
v -0.449867 -0.615 0.437368
v -0.456072 -0.385 0.43075
v -0.456072 -0.615 0.43075
v -0.457707 -0.385 0.428209
v -0.457707 -0.615 0.428209
v -0.460979 -0.385 0.423121
v -0.460979 -0.615 0.423121
v -0.463278 -0.385 0.417525
v -0.463278 -0.615 0.417525
v -0.464427 -0.385 0.41473
v -0.464427 -0.615 0.41473
v -0.416646 -0.625 0.46
v -0.416646 -0.625 0.64
v -0.438417 -0.625 0.63901
v -0.427487 -0.625 0.459012
v -0.638635 -0.625 0.491218
v -0.473983 -0.625 0.417676
v -0.469846 -0.625 0.427745
v -0.651463 -0.625 0.449607
v -0.645995 -0.625 0.470704
v -0.460009 -0.625 0.63605
v -0.481244 -0.625 0.631143
v -0.437971 -0.625 0.456082
v -0.463957 -0.625 0.4369
v -0.6185 -0.625 0.529826
v -0.629445 -0.625 0.510979
v -0.559178 -0.625 0.593092
v -0.456511 -0.625 0.444841
v -0.447753 -0.625 0.451306
v -0.501946 -0.625 0.62433
v -0.521944 -0.625 0.615667
v -0.541074 -0.625 0.605226
v -0.576107 -0.625 0.579366
v -0.591721 -0.625 0.564161
v -0.605891 -0.625 0.547602
v -0.661247 -0.385 0.451674
v -0.661247 -0.615 0.451674
v -0.658658 -0.385 0.461663
v -0.658658 -0.615 0.461663
v -0.655551 -0.385 0.47365
v -0.655551 -0.615 0.47365
v -0.648581 -0.385 0.493077
v -0.648581 -0.615 0.493077
v -0.647885 -0.385 0.495018
v -0.647885 -0.615 0.495018
v -0.638312 -0.385 0.515604
v -0.638312 -0.615 0.515604
v -0.634166 -0.385 0.522741
v -0.634166 -0.615 0.522741
v -0.626911 -0.385 0.535235
v -0.626911 -0.615 0.535235
v -0.616163 -0.385 0.550386
v -0.616163 -0.615 0.550386
v -0.613776 -0.385 0.553752
v -0.613776 -0.615 0.553752
v -0.599016 -0.385 0.571001
v -0.599016 -0.615 0.571001
v -0.594581 -0.385 0.575319
v -0.594581 -0.615 0.575319
v -0.582751 -0.385 0.586839
v -0.582751 -0.615 0.586839
v -0.569925 -0.385 0.597239
v -0.569925 -0.615 0.597239
v -0.565117 -0.385 0.601137
v -0.565117 -0.615 0.601137
v -0.546259 -0.385 0.613777
v -0.546259 -0.615 0.613777
v -0.542637 -0.385 0.615753
v -0.542637 -0.615 0.615753
v -0.526332 -0.385 0.624653
v -0.526332 -0.615 0.624653
v -0.513074 -0.385 0.630396
v -0.513074 -0.615 0.630396
v -0.5055 -0.385 0.633677
v -0.5055 -0.615 0.633677
v -0.483936 -0.385 0.640774
v -0.483936 -0.615 0.640774
v -0.481926 -0.385 0.641238
v -0.481926 -0.615 0.641238
v -0.461816 -0.385 0.645885
v -0.461816 -0.615 0.645885
v -0.449548 -0.385 0.647568
v -0.449548 -0.615 0.647568
v -0.439325 -0.385 0.648969
v -0.439325 -0.615 0.648969
v -0.416646 -0.385 0.65
v -0.416646 -0.615 0.65
v -0.416646 -0.375 0.64
v -0.416646 -0.375 0.46
v -0.438417 -0.375 0.63901
v -0.427487 -0.375 0.459012
v -0.437971 -0.375 0.456082
v -0.481244 -0.375 0.631143
v -0.460009 -0.375 0.63605
v -0.447753 -0.375 0.451306
v -0.521944 -0.375 0.615667
v -0.501946 -0.375 0.62433
v -0.456511 -0.375 0.444841
v -0.559178 -0.375 0.593092
v -0.541074 -0.375 0.605226
v -0.651463 -0.375 0.449607
v -0.473983 -0.375 0.417676
v -0.6185 -0.375 0.529826
v -0.463957 -0.375 0.4369
v -0.469846 -0.375 0.427745
v -0.645995 -0.375 0.470704
v -0.638635 -0.375 0.491218
v -0.629445 -0.375 0.510979
v -0.605891 -0.375 0.547602
v -0.591721 -0.375 0.564161
v -0.576107 -0.375 0.579366
v -0.4 -0.375 0.46
v -0.4 -0.375 0.64
v -0.4 -0.385 0.45
v -0.4 -0.615 0.45
v -0.4 -0.625 0.46
v -0.4 -0.625 0.64
v -0.4 -0.385 0.65
v -0.4 -0.615 0.65
v -0.806278 -0.385 0.039781
v -0.793722 -0.385 -0.139781
v -0.806278 -0.615 0.039781
v -0.793722 -0.615 -0.139781
v -0.4 -0.382412 0.450341
v -0.4 -0.38 0.45134
v -0.4 -0.624659 0.457412
v -0.4 -0.377929 0.647071
v -0.4 -0.38 0.64866
v -0.4 -0.382412 0.649659
v -0.4 -0.377929 0.452929
v -0.4 -0.37634 0.455
v -0.4 -0.375341 0.457412
v -0.4 -0.617588 0.649659
v -0.4 -0.62366 0.455
v -0.4 -0.622071 0.452929
v -0.4 -0.617588 0.450341
v -0.4 -0.62 0.45134
v -0.4 -0.37634 0.645
v -0.4 -0.375341 0.642588
v -0.4 -0.62 0.64866
v -0.4 -0.622071 0.647071
v -0.4 -0.62366 0.645
v -0.4 -0.624659 0.642588
v -0.416646 -0.624659 0.642588
v -0.416646 -0.62366 0.645
v -0.416646 -0.622071 0.647071
v -0.416646 -0.62 0.64866
v -0.416646 -0.617588 0.649659
v -0.461755 -0.617588 0.64555
v -0.526182 -0.617588 0.624347
v -0.582525 -0.617588 0.586585
v -0.626624 -0.617588 0.535051
v -0.63801 -0.617588 0.515446
v -0.655225 -0.617588 0.473549
v -0.660914 -0.617588 0.451603
v -0.657199 -0.624708 0.428361
v -0.653995 -0.624659 0.450142
v -0.657565 -0.624659 0.428404
v -0.659277 -0.623945 0.428606
v -0.656355 -0.62366 0.45064
v -0.659961 -0.62366 0.428686
v -0.661136 -0.622752 0.428825
v -0.658381 -0.622071 0.451068
v -0.662017 -0.622071 0.428929
v -0.662693 -0.621184 0.429008
v -0.659936 -0.62 0.451397
v -0.663596 -0.62 0.429115
v -0.663879 -0.619312 0.429148
v -0.664588 -0.617588 0.429232
v -0.593609 -0.624659 0.565931
v -0.577827 -0.624659 0.5813
v -0.595368 -0.62366 0.567581
v -0.579429 -0.62366 0.583103
v -0.596879 -0.622071 0.568997
v -0.580805 -0.622071 0.58465
v -0.598038 -0.62 0.570084
v -0.581861 -0.62 0.585838
v -0.598767 -0.617588 0.570768
v -0.542416 -0.624659 0.607439
v -0.52308 -0.624659 0.617993
v -0.543667 -0.62366 0.609501
v -0.524138 -0.62366 0.62016
v -0.54474 -0.622071 0.611272
v -0.525047 -0.622071 0.622021
v -0.545564 -0.62 0.612631
v -0.525744 -0.62 0.623449
v -0.546082 -0.617588 0.613485
v -0.481941 -0.624659 0.633636
v -0.460477 -0.624659 0.638596
v -0.48259 -0.62366 0.635958
v -0.460913 -0.62366 0.640968
v -0.483147 -0.622071 0.637953
v -0.461287 -0.622071 0.643005
v -0.483575 -0.62 0.639484
v -0.461574 -0.62 0.644568
v -0.483844 -0.617588 0.640446
v -0.664636 -0.61722 0.429237
v -0.648468 -0.624659 0.471466
v -0.650773 -0.62366 0.472177
v -0.652752 -0.622071 0.472787
v -0.654271 -0.62 0.473255
v -0.64757 -0.617588 0.494889
v -0.646646 -0.62 0.494509
v -0.645176 -0.622071 0.493905
v -0.64326 -0.62366 0.493118
v -0.641029 -0.624659 0.492201
v -0.63174 -0.624659 0.512176
v -0.633878 -0.62366 0.513291
v -0.635715 -0.622071 0.514249
v -0.637124 -0.62 0.514984
v -0.620677 -0.624659 0.531226
v -0.622706 -0.62366 0.532531
v -0.624447 -0.622071 0.533651
v -0.625784 -0.62 0.534511
v -0.613507 -0.617588 0.553542
v -0.61272 -0.62 0.552928
v -0.611466 -0.622071 0.551951
v -0.609833 -0.62366 0.550677
v -0.607932 -0.624659 0.549194
v -0.564915 -0.617588 0.600863
v -0.564322 -0.62 0.600059
v -0.563378 -0.622071 0.598781
v -0.562148 -0.62366 0.597115
v -0.560715 -0.624659 0.595174
v -0.505379 -0.617588 0.633358
v -0.505024 -0.62 0.632425
v -0.504459 -0.622071 0.630939
v -0.503723 -0.62366 0.629003
v -0.502866 -0.624659 0.626749
v -0.439294 -0.617588 0.64863
v -0.439203 -0.62 0.647635
v -0.439059 -0.622071 0.646052
v -0.438871 -0.62366 0.64399
v -0.438652 -0.624659 0.641588
v -0.416646 -0.382412 0.649659
v -0.416646 -0.38 0.64866
v -0.416646 -0.377929 0.647071
v -0.416646 -0.37634 0.645
v -0.416646 -0.375341 0.642588
v -0.703721 -0.61722 0.097718
v -0.703673 -0.617588 0.097712
v -0.702964 -0.619312 0.097628
v -0.702681 -0.62 0.097595
v -0.701779 -0.621184 0.097489
v -0.701103 -0.622071 0.097409
v -0.700222 -0.622752 0.097305
v -0.699046 -0.62366 0.097166
v -0.698363 -0.623945 0.097086
v -0.696651 -0.624659 0.096884
v -0.696285 -0.624708 0.096841
v -0.416646 -0.617588 0.450341
v -0.416646 -0.62 0.45134
v -0.416646 -0.622071 0.452929
v -0.416646 -0.62366 0.455
v -0.416646 -0.624659 0.457412
v -0.64757 -0.382412 0.494889
v -0.626624 -0.382412 0.535051
v -0.582525 -0.382412 0.586585
v -0.526182 -0.382412 0.624347
v -0.505379 -0.382412 0.633358
v -0.461755 -0.382412 0.64555
v -0.439294 -0.382412 0.64863
v -0.657199 -0.375292 0.428361
v -0.653995 -0.375341 0.450142
v -0.657565 -0.375341 0.428404
v -0.659277 -0.376055 0.428606
v -0.656355 -0.37634 0.45064
v -0.659961 -0.37634 0.428686
v -0.661136 -0.377248 0.428825
v -0.658381 -0.377929 0.451068
v -0.662017 -0.377929 0.428929
v -0.662693 -0.378816 0.429008
v -0.659936 -0.38 0.451397
v -0.560715 -0.375341 0.595174
v -0.577827 -0.375341 0.5813
v -0.562148 -0.37634 0.597115
v -0.579429 -0.37634 0.583103
v -0.563378 -0.377929 0.598781
v -0.580805 -0.377929 0.58465
v -0.564322 -0.38 0.600059
v -0.581861 -0.38 0.585838
v -0.564915 -0.382412 0.600863
v -0.607932 -0.375341 0.549194
v -0.620677 -0.375341 0.531226
v -0.609833 -0.37634 0.550677
v -0.622706 -0.37634 0.532531
v -0.611466 -0.377929 0.551951
v -0.624447 -0.377929 0.533651
v -0.61272 -0.38 0.552928
v -0.625784 -0.38 0.534511
v -0.613507 -0.382412 0.553542
v -0.641029 -0.375341 0.492201
v -0.648468 -0.375341 0.471466
v -0.64326 -0.37634 0.493118
v -0.650773 -0.37634 0.472177
v -0.645176 -0.377929 0.493905
v -0.652752 -0.377929 0.472787
v -0.646646 -0.38 0.494509
v -0.654271 -0.38 0.473255
v -0.655225 -0.382412 0.473549
v -0.660914 -0.382412 0.451603
v -0.438652 -0.375341 0.641588
v -0.438871 -0.37634 0.64399
v -0.439059 -0.377929 0.646052
v -0.439203 -0.38 0.647635
v -0.460477 -0.375341 0.638596
v -0.460913 -0.37634 0.640968
v -0.461287 -0.377929 0.643005
v -0.461574 -0.38 0.644568
v -0.483844 -0.382412 0.640446
v -0.483575 -0.38 0.639484
v -0.483147 -0.377929 0.637953
v -0.48259 -0.37634 0.635958
v -0.481941 -0.375341 0.633636
v -0.502866 -0.375341 0.626749
v -0.503723 -0.37634 0.629003
v -0.504459 -0.377929 0.630939
v -0.505024 -0.38 0.632425
v -0.52308 -0.375341 0.617993
v -0.524138 -0.37634 0.62016
v -0.525047 -0.377929 0.622021
v -0.525744 -0.38 0.623449
v -0.546082 -0.382412 0.613485
v -0.545564 -0.38 0.612631
v -0.54474 -0.377929 0.611272
v -0.543667 -0.37634 0.609501
v -0.542416 -0.375341 0.607439
v -0.598767 -0.382412 0.570768
v -0.598038 -0.38 0.570084
v -0.596879 -0.377929 0.568997
v -0.595368 -0.37634 0.567581
v -0.593609 -0.375341 0.565931
v -0.63801 -0.382412 0.515446
v -0.637124 -0.38 0.514984
v -0.635715 -0.377929 0.514249
v -0.633878 -0.37634 0.513291
v -0.63174 -0.375341 0.512176
v -0.663596 -0.38 0.429115
v -0.663879 -0.380688 0.429148
v -0.664588 -0.382412 0.429232
v -0.664636 -0.38278 0.429237
v -0.705433 -0.617588 0.089196
v -0.713176 -0.617588 0.073696
v -0.708633 -0.617588 0.08111
v -0.718928 -0.617588 0.067174
v -0.725716 -0.617588 0.061739
v -0.733338 -0.617588 0.057553
v -0.741566 -0.617588 0.054742
v -0.750156 -0.617588 0.053388
v -0.704476 -0.62 0.08891
v -0.707739 -0.62 0.080664
v -0.712372 -0.62 0.073102
v -0.718238 -0.62 0.066451
v -0.725161 -0.62 0.060908
v -0.732934 -0.62 0.056639
v -0.741326 -0.62 0.053772
v -0.750086 -0.62 0.052391
v -0.702954 -0.622071 0.088455
v -0.706317 -0.622071 0.079954
v -0.711094 -0.622071 0.072158
v -0.717141 -0.622071 0.065301
v -0.724278 -0.622071 0.059586
v -0.732292 -0.622071 0.055185
v -0.740944 -0.622071 0.052229
v -0.749976 -0.622071 0.050806
v -0.700969 -0.62366 0.087862
v -0.704465 -0.62366 0.079028
v -0.709428 -0.62366 0.070928
v -0.715712 -0.62366 0.063802
v -0.723128 -0.62366 0.057864
v -0.731456 -0.62366 0.053291
v -0.740446 -0.62366 0.050219
v -0.749831 -0.62366 0.04874
v -0.698658 -0.624659 0.087172
v -0.702307 -0.624659 0.077951
v -0.707488 -0.624659 0.069495
v -0.714048 -0.624659 0.062056
v -0.721789 -0.624659 0.055858
v -0.730482 -0.624659 0.051084
v -0.739866 -0.624659 0.047878
v -0.749663 -0.624659 0.046334
v -0.473663 -0.624659 0.406722
v -0.47151 -0.624659 0.416913
v -0.471267 -0.62366 0.40644
v -0.469205 -0.62366 0.416203
v -0.469211 -0.622071 0.406197
v -0.467226 -0.622071 0.415593
v -0.467632 -0.62 0.406011
v -0.465707 -0.62 0.415125
v -0.46664 -0.617588 0.405894
v -0.464752 -0.617588 0.41483
v -0.45634 -0.617588 0.43096
v -0.461281 -0.617588 0.423278
v -0.450093 -0.617588 0.437623
v -0.442745 -0.617588 0.443047
v -0.434538 -0.617588 0.447054
v -0.425741 -0.617588 0.449512
v -0.462167 -0.62 0.42374
v -0.457128 -0.62 0.431574
v -0.450757 -0.62 0.438369
v -0.443263 -0.62 0.443901
v -0.434893 -0.62 0.447988
v -0.425922 -0.62 0.450495
v -0.463576 -0.622071 0.424475
v -0.458381 -0.622071 0.432552
v -0.451813 -0.622071 0.439557
v -0.444087 -0.622071 0.44526
v -0.435458 -0.622071 0.449473
v -0.426209 -0.622071 0.452058
v -0.465412 -0.62366 0.425433
v -0.460014 -0.62366 0.433825
v -0.453189 -0.62366 0.441105
v -0.445161 -0.62366 0.447031
v -0.436194 -0.62366 0.451409
v -0.426583 -0.62366 0.454095
v -0.467551 -0.624659 0.426548
v -0.461916 -0.624659 0.435309
v -0.454791 -0.624659 0.442907
v -0.446411 -0.624659 0.449093
v -0.437051 -0.624659 0.453663
v -0.427019 -0.624659 0.456467
v -0.696285 -0.375292 0.096841
v -0.696651 -0.375341 0.096884
v -0.698363 -0.376055 0.097086
v -0.699046 -0.37634 0.097166
v -0.700222 -0.377248 0.097305
v -0.701103 -0.377929 0.097409
v -0.701779 -0.378816 0.097489
v -0.702681 -0.38 0.097595
v -0.702964 -0.380688 0.097628
v -0.703673 -0.382412 0.097712
v -0.703721 -0.38278 0.097718
v -0.796998 -0.61523 0.050424
v -0.796995 -0.615597 0.050376
v -0.79699 -0.616072 0.050313
v -0.796985 -0.616611 0.050242
v -0.79698 -0.617162 0.05017
v -0.796976 -0.617588 0.050114
v -0.79691 -0.619875 0.049169
v -0.796957 -0.618268 0.049833
v -0.796972 -0.617742 0.05005
v -0.796907 -0.62 0.049117
v -0.796815 -0.621704 0.047813
v -0.796796 -0.622071 0.047532
v -0.796695 -0.623174 0.046098
v -0.796651 -0.62366 0.045466
v -0.796556 -0.624224 0.044109
v -0.796405 -0.624807 0.041941
v -0.796483 -0.624659 0.04306
v -0.512748 -0.624659 0.075202
v -0.510353 -0.62366 0.07492
v -0.508296 -0.622071 0.074677
v -0.506718 -0.62 0.074491
v -0.505726 -0.617588 0.074374
v -0.749663 -0.375341 0.046334
v -0.739866 -0.375341 0.047878
v -0.749831 -0.37634 0.04874
v -0.740446 -0.37634 0.050219
v -0.749976 -0.377929 0.050806
v -0.750086 -0.38 0.052391
v -0.741326 -0.38 0.053772
v -0.725716 -0.382412 0.061739
v -0.733338 -0.382412 0.057553
v -0.741566 -0.382412 0.054742
v -0.750156 -0.382412 0.053388
v -0.718928 -0.382412 0.067174
v -0.713176 -0.382412 0.073696
v -0.708633 -0.382412 0.08111
v -0.705433 -0.382412 0.089196
v -0.704476 -0.38 0.08891
v -0.707739 -0.38 0.080664
v -0.712372 -0.38 0.073102
v -0.718238 -0.38 0.066451
v -0.725161 -0.38 0.060908
v -0.732934 -0.38 0.056639
v -0.740944 -0.377929 0.052229
v -0.732292 -0.377929 0.055185
v -0.724278 -0.377929 0.059586
v -0.717141 -0.377929 0.065301
v -0.711094 -0.377929 0.072158
v -0.706317 -0.377929 0.079954
v -0.702954 -0.377929 0.088455
v -0.700969 -0.37634 0.087862
v -0.704465 -0.37634 0.079028
v -0.709428 -0.37634 0.070928
v -0.715712 -0.37634 0.063802
v -0.723128 -0.37634 0.057864
v -0.731456 -0.37634 0.053291
v -0.730482 -0.375341 0.051084
v -0.721789 -0.375341 0.055858
v -0.714048 -0.375341 0.062056
v -0.707488 -0.375341 0.069495
v -0.702307 -0.375341 0.077951
v -0.698658 -0.375341 0.087172
v -0.7983 -0.624088 0.044141
v -0.798071 -0.62305 0.046142
v -0.797359 -0.619807 0.049183
v -0.797515 -0.617563 0.050068
v -0.798058 -0.617226 0.050068
v -0.798512 -0.616777 0.050068
v -0.798854 -0.616237 0.050068
v -0.799066 -0.615635 0.050068
v -0.797752 -0.621598 0.047852
v -0.798425 -0.62466 0.041951
v -0.798442 -0.624718 0.040329
v -0.798884 -0.624659 0.040298
v -0.800534 -0.62394 0.041951
v -0.800551 -0.623967 0.040181
v -0.80129 -0.62366 0.04013
v -0.802428 -0.622766 0.041951
v -0.802438 -0.622778 0.040049
v -0.803356 -0.622071 0.039985
v -0.804011 -0.621198 0.041951
v -0.804018 -0.621207 0.039939
v -0.804942 -0.62 0.039874
v -0.805202 -0.619316 0.041951
v -0.805219 -0.619328 0.039855
v -0.805938 -0.617588 0.039805
v -0.805942 -0.617214 0.041951
v -0.805985 -0.617228 0.039801
v -0.806193 -0.615 0.041951
v -0.799138 -0.615 0.050068
v -0.799542 -0.615 0.049896
v -0.798408 -0.619448 0.049183
v -0.79935 -0.618864 0.049183
v -0.800138 -0.618084 0.049183
v -0.800731 -0.617147 0.049183
v -0.801099 -0.616102 0.049183
v -0.799192 -0.621106 0.047852
v -0.800486 -0.620304 0.047852
v -0.801567 -0.619233 0.047852
v -0.802381 -0.617947 0.047852
v -0.802886 -0.616512 0.047852
v -0.801224 -0.615 0.049183
v -0.80186 -0.615 0.048721
v -0.803058 -0.615 0.047852
v -0.803801 -0.615 0.046997
v -0.804335 -0.616845 0.046142
v -0.803718 -0.618596 0.046142
v -0.802725 -0.620165 0.046142
v -0.801406 -0.621471 0.046142
v -0.799828 -0.62245 0.046142
v -0.800283 -0.623411 0.044141
v -0.802065 -0.622306 0.044141
v -0.803554 -0.620831 0.044141
v -0.804675 -0.61906 0.044141
v -0.805372 -0.617083 0.044141
v -0.804544 -0.615 0.046142
v -0.805239 -0.615 0.044835
v -0.805608 -0.615 0.044141
v -0.80608 -0.615 0.042376
v -0.690862 -0.617588 -0.138024
v -0.627236 -0.617588 -0.111672
v -0.607944 -0.617588 -0.099112
v -0.558104 -0.617588 -0.051587
v -0.544641 -0.617588 -0.032913
v -0.515295 -0.617588 0.029388
v -0.509472 -0.617588 0.05166
v -0.539206 -0.624659 -0.009774
v -0.550561 -0.624659 -0.029047
v -0.537074 -0.62366 -0.010902
v -0.548542 -0.62366 -0.030365
v -0.535243 -0.622071 -0.01187
v -0.546808 -0.622071 -0.031498
v -0.533838 -0.62 -0.012612
v -0.545477 -0.62 -0.032367
v -0.532955 -0.617588 -0.013079
v -0.59453 -0.624659 -0.07949
v -0.612072 -0.624659 -0.09337
v -0.592948 -0.62366 -0.08131
v -0.610664 -0.62366 -0.095328
v -0.591589 -0.622071 -0.082874
v -0.609455 -0.622071 -0.09701
v -0.590547 -0.62 -0.084073
v -0.608527 -0.62 -0.0983
v -0.589891 -0.617588 -0.084827
v -0.671274 -0.624659 -0.124561
v -0.692641 -0.624659 -0.13118
v -0.670455 -0.62366 -0.12683
v -0.692034 -0.62366 -0.133515
v -0.669751 -0.622071 -0.128778
v -0.691513 -0.622071 -0.135519
v -0.669212 -0.62 -0.130272
v -0.691113 -0.62 -0.137057
v -0.668872 -0.617588 -0.131212
v -0.516389 -0.624659 0.053132
v -0.51403 -0.62366 0.05263
v -0.512004 -0.622071 0.052199
v -0.510449 -0.62 0.051868
v -0.522047 -0.624659 0.03149
v -0.519744 -0.62366 0.030773
v -0.517766 -0.622071 0.030158
v -0.516249 -0.62 0.029685
v -0.523145 -0.617588 0.007747
v -0.524067 -0.62 0.008131
v -0.525535 -0.622071 0.008741
v -0.527447 -0.62366 0.009536
v -0.529674 -0.624659 0.010462
v -0.563643 -0.624659 -0.047191
v -0.561754 -0.62366 -0.04869
v -0.560132 -0.622071 -0.049978
v -0.558887 -0.62 -0.050966
v -0.573231 -0.617588 -0.06894
v -0.573953 -0.62 -0.06825
v -0.575101 -0.622071 -0.067152
v -0.576598 -0.62366 -0.06572
v -0.578341 -0.624659 -0.064053
v -0.627742 -0.62 -0.110811
v -0.628547 -0.622071 -0.109441
v -0.629596 -0.62366 -0.107655
v -0.630817 -0.624659 -0.105575
v -0.647603 -0.617588 -0.122403
v -0.648028 -0.62 -0.121499
v -0.648703 -0.622071 -0.12006
v -0.649583 -0.62366 -0.118185
v -0.650607 -0.624659 -0.116002
v -0.713386 -0.617588 -0.142782
v -0.713547 -0.62 -0.141796
v -0.713804 -0.622071 -0.140228
v -0.714138 -0.62366 -0.138184
v -0.714527 -0.624659 -0.135804
v -0.736746 -0.624659 -0.138391
v -0.736577 -0.62366 -0.140797
v -0.736433 -0.622071 -0.142863
v -0.736322 -0.62 -0.144448
v -0.736252 -0.617588 -0.145445
v -0.796405 -0.375193 0.041941
v -0.796483 -0.375341 0.04306
v -0.796556 -0.375776 0.044109
v -0.796651 -0.37634 0.045466
v -0.796695 -0.376826 0.046098
v -0.796796 -0.377929 0.047532
v -0.796815 -0.378296 0.047813
v -0.796976 -0.382427 0.050116
v -0.796982 -0.383035 0.050196
v -0.796907 -0.38 0.049117
v -0.796972 -0.382258 0.05005
v -0.796976 -0.382412 0.050114
v -0.796988 -0.383675 0.05028
v -0.796993 -0.384261 0.050357
v -0.796997 -0.38472 0.050417
v -0.799138 -0.385 0.050068
v -0.799542 -0.385 0.049896
v -0.801224 -0.385 0.049183
v -0.80186 -0.385 0.048721
v -0.803058 -0.385 0.047852
v -0.803801 -0.385 0.046997
v -0.804544 -0.385 0.046142
v -0.805239 -0.385 0.044835
v -0.805608 -0.385 0.044141
v -0.80608 -0.385 0.042376
v -0.806193 -0.385 0.041951
v -0.786328 -0.624659 -0.139264
v -0.788734 -0.62366 -0.139432
v -0.788742 -0.623654 -0.139433
v -0.7908 -0.622071 -0.139576
v -0.792385 -0.62 -0.139687
v -0.792389 -0.61999 -0.139688
v -0.793382 -0.617588 -0.139757
v -0.783597 -0.624718 -0.141223
v -0.783566 -0.624659 -0.141665
v -0.783449 -0.623966 -0.143334
v -0.783397 -0.62366 -0.144071
v -0.783317 -0.622772 -0.145225
v -0.783253 -0.622071 -0.146137
v -0.783206 -0.621189 -0.146812
v -0.783142 -0.62 -0.147722
v -0.783121 -0.61928 -0.14802
v -0.783072 -0.617588 -0.148719
v -0.783072 -0.617573 -0.148721
v -0.783067 -0.616965 -0.148801
v -0.783066 -0.616902 -0.148809
v -0.783061 -0.616325 -0.148885
v -0.783055 -0.615739 -0.148962
v -0.783051 -0.61528 -0.149022
v -0.80129 -0.37634 0.04013
v -0.801299 -0.376346 0.040129
v -0.801248 -0.376434 0.041951
v -0.804942 -0.38 0.039874
v -0.804946 -0.38001 0.039874
v -0.804868 -0.380055 0.041951
v -0.805856 -0.38244 0.041951
v -0.805938 -0.382412 0.039805
v -0.798884 -0.375341 0.040298
v -0.798862 -0.375446 0.041951
v -0.798711 -0.376012 0.044141
v -0.798436 -0.377039 0.046142
v -0.798051 -0.378475 0.047852
v -0.797576 -0.380246 0.049183
v -0.797036 -0.382261 0.050068
v -0.797014 -0.382344 0.050093
v -0.79772 -0.382544 0.050068
v -0.796997 -0.382406 0.050111
v -0.797003 -0.382385 0.050105
v -0.801056 -0.383726 0.049183
v -0.799041 -0.384266 0.050068
v -0.804263 -0.382867 0.046142
v -0.802827 -0.383252 0.047852
v -0.805291 -0.382592 0.044141
v -0.798758 -0.383582 0.050068
v -0.800565 -0.382539 0.049183
v -0.802153 -0.381622 0.047852
v -0.80344 -0.380879 0.046142
v -0.804361 -0.380347 0.044141
v -0.798307 -0.382995 0.050068
v -0.799783 -0.38152 0.049183
v -0.801079 -0.380223 0.047852
v -0.80213 -0.379172 0.046142
v -0.802882 -0.37842 0.044141
v -0.803296 -0.378006 0.041951
v -0.803356 -0.377929 0.039985
v -0.798763 -0.380738 0.049183
v -0.79968 -0.37915 0.047852
v -0.800423 -0.377862 0.046142
v -0.800955 -0.376941 0.044141
v -0.783167 -0.617162 -0.148829
v -0.783746 -0.617238 -0.148829
v -0.783746 -0.615 -0.149083
v -0.783746 -0.624767 -0.14123
v -0.78863 -0.623458 -0.14123
v -0.792205 -0.619883 -0.14123
v -0.79318 -0.617528 -0.14123
v -0.783746 -0.624039 -0.143361
v -0.783746 -0.622852 -0.145276
v -0.783746 -0.621266 -0.146876
v -0.783746 -0.619363 -0.148081
v -0.793431 -0.615 -0.141213
v -0.793201 -0.615 -0.142339
v -0.792477 -0.617339 -0.143361
v -0.79271 -0.615 -0.143324
v -0.792037 -0.615 -0.144675
v -0.791331 -0.617032 -0.145276
v -0.791546 -0.615 -0.14523
v -0.790307 -0.615 -0.14663
v -0.789799 -0.616622 -0.146876
v -0.786274 -0.624434 -0.14123
v -0.786086 -0.623731 -0.143361
v -0.788266 -0.622828 -0.143361
v -0.785778 -0.622584 -0.145276
v -0.787672 -0.6218 -0.145276
v -0.785368 -0.621053 -0.146876
v -0.786879 -0.620427 -0.146876
v -0.784876 -0.619214 -0.148081
v -0.785928 -0.618779 -0.148081
v -0.784326 -0.617162 -0.148829
v -0.784865 -0.616938 -0.148829
v -0.790653 -0.621906 -0.14123
v -0.790138 -0.621391 -0.143361
v -0.789298 -0.620552 -0.145276
v -0.788177 -0.619431 -0.146876
v -0.786831 -0.618085 -0.148081
v -0.785329 -0.616583 -0.148829
v -0.791574 -0.619519 -0.143361
v -0.790546 -0.618926 -0.145276
v -0.789173 -0.618133 -0.146876
v -0.787525 -0.617182 -0.148081
v -0.787961 -0.616129 -0.148081
v -0.785685 -0.616119 -0.148829
v -0.785908 -0.615579 -0.148829
v -0.789989 -0.615 -0.146841
v -0.78813 -0.615 -0.148071
v -0.785972 -0.615 -0.148793
v -0.785654 -0.615 -0.148899
v -0.786328 -0.375341 -0.139264
v -0.788734 -0.37634 -0.139432
v -0.788742 -0.376346 -0.139433
v -0.7908 -0.377929 -0.139576
v -0.792385 -0.38 -0.139687
v -0.792389 -0.38001 -0.139688
v -0.793382 -0.382412 -0.139757
v -0.783746 -0.385 -0.149083
v -0.785654 -0.385 -0.148899
v -0.785972 -0.385 -0.148793
v -0.78813 -0.385 -0.148071
v -0.789989 -0.385 -0.146841
v -0.790307 -0.385 -0.14663
v -0.791546 -0.385 -0.14523
v -0.792037 -0.385 -0.144675
v -0.79271 -0.385 -0.143324
v -0.793201 -0.385 -0.142339
v -0.793431 -0.385 -0.141213
v -0.784326 -0.382838 -0.148829
v -0.783746 -0.382762 -0.148829
v -0.784865 -0.383062 -0.148829
v -0.785329 -0.383417 -0.148829
v -0.787961 -0.383871 -0.148081
v -0.785908 -0.384421 -0.148829
v -0.791331 -0.382968 -0.145276
v -0.783566 -0.375341 -0.141665
v -0.783449 -0.376034 -0.143334
v -0.783746 -0.375961 -0.143361
v -0.783142 -0.38 -0.147722
v -0.783121 -0.38072 -0.14802
v -0.783746 -0.380637 -0.148081
v -0.783066 -0.383098 -0.148809
v -0.783061 -0.383675 -0.148885
v -0.783051 -0.38472 -0.149022
v -0.783055 -0.384261 -0.148962
v -0.783067 -0.383035 -0.148801
v -0.783167 -0.382838 -0.148829
v -0.783072 -0.382427 -0.148721
v -0.783072 -0.382412 -0.148719
v -0.783397 -0.37634 -0.144071
v -0.783317 -0.377228 -0.145225
v -0.783746 -0.377148 -0.145276
v -0.783253 -0.377929 -0.146137
v -0.786274 -0.375566 -0.14123
v -0.790653 -0.378094 -0.14123
v -0.792205 -0.380117 -0.14123
v -0.79318 -0.382472 -0.14123
v -0.792477 -0.382661 -0.143361
v -0.791574 -0.380481 -0.143361
v -0.789799 -0.383378 -0.146876
v -0.790546 -0.381074 -0.145276
v -0.790138 -0.378609 -0.143361
v -0.78863 -0.376542 -0.14123
v -0.785368 -0.378947 -0.146876
v -0.783746 -0.378734 -0.146876
v -0.783206 -0.37881 -0.146812
v -0.789173 -0.381867 -0.146876
v -0.789298 -0.379448 -0.145276
v -0.788266 -0.377172 -0.143361
v -0.787525 -0.382818 -0.148081
v -0.788177 -0.380569 -0.146876
v -0.787672 -0.3782 -0.145276
v -0.786086 -0.376269 -0.143361
v -0.783746 -0.375233 -0.14123
v -0.783597 -0.375282 -0.141223
v -0.785928 -0.381221 -0.148081
v -0.784876 -0.380786 -0.148081
v -0.785778 -0.377416 -0.145276
v -0.786879 -0.379573 -0.146876
v -0.786831 -0.381915 -0.148081
v -0.785685 -0.383881 -0.148829
v -0.736252 -0.382412 -0.145445
v -0.736322 -0.38 -0.144448
v -0.736433 -0.377929 -0.142863
v -0.736577 -0.37634 -0.140797
v -0.736746 -0.375341 -0.138391
v -0.515295 -0.382412 0.029388
v -0.544641 -0.382412 -0.032913
v -0.558104 -0.382412 -0.051587
v -0.607944 -0.382412 -0.099112
v -0.627236 -0.382412 -0.111672
v -0.690862 -0.382412 -0.138024
v -0.713386 -0.382412 -0.142782
v -0.650607 -0.375341 -0.116002
v -0.630817 -0.375341 -0.105575
v -0.649583 -0.37634 -0.118185
v -0.629596 -0.37634 -0.107655
v -0.648703 -0.377929 -0.12006
v -0.628547 -0.377929 -0.109441
v -0.648028 -0.38 -0.121499
v -0.627742 -0.38 -0.110811
v -0.647603 -0.382412 -0.122403
v -0.578341 -0.375341 -0.064053
v -0.563643 -0.375341 -0.047191
v -0.576598 -0.37634 -0.06572
v -0.561754 -0.37634 -0.04869
v -0.575101 -0.377929 -0.067152
v -0.560132 -0.377929 -0.049978
v -0.573953 -0.38 -0.06825
v -0.558887 -0.38 -0.050966
v -0.573231 -0.382412 -0.06894
v -0.529674 -0.375341 0.010462
v -0.522047 -0.375341 0.03149
v -0.527447 -0.37634 0.009536
v -0.519744 -0.37634 0.030773
v -0.525535 -0.377929 0.008741
v -0.517766 -0.377929 0.030158
v -0.524067 -0.38 0.008131
v -0.516249 -0.38 0.029685
v -0.523145 -0.382412 0.007747
v -0.714527 -0.375341 -0.135804
v -0.714138 -0.37634 -0.138184
v -0.713804 -0.377929 -0.140228
v -0.713547 -0.38 -0.141796
v -0.692641 -0.375341 -0.13118
v -0.692034 -0.37634 -0.133515
v -0.691513 -0.377929 -0.135519
v -0.691113 -0.38 -0.137057
v -0.668872 -0.382412 -0.131212
v -0.669212 -0.38 -0.130272
v -0.669751 -0.377929 -0.128778
v -0.670455 -0.37634 -0.12683
v -0.671274 -0.375341 -0.124561
v -0.612072 -0.375341 -0.09337
v -0.610664 -0.37634 -0.095328
v -0.609455 -0.377929 -0.09701
v -0.608527 -0.38 -0.0983
v -0.589891 -0.382412 -0.084827
v -0.590547 -0.38 -0.084073
v -0.591589 -0.377929 -0.082874
v -0.592948 -0.37634 -0.08131
v -0.59453 -0.375341 -0.07949
v -0.545477 -0.38 -0.032367
v -0.546808 -0.377929 -0.031498
v -0.548542 -0.37634 -0.030365
v -0.550561 -0.375341 -0.029047
v -0.532955 -0.382412 -0.013079
v -0.533838 -0.38 -0.012612
v -0.535243 -0.377929 -0.01187
v -0.537074 -0.37634 -0.010902
v -0.539206 -0.375341 -0.009774
v -0.509472 -0.382412 0.05166
v -0.510449 -0.38 0.051868
v -0.512004 -0.377929 0.052199
v -0.51403 -0.37634 0.05263
v -0.516389 -0.375341 0.053132
v -0.512748 -0.375341 0.075202
v -0.510353 -0.37634 0.07492
v -0.508296 -0.377929 0.074677
v -0.506718 -0.38 0.074491
v -0.505726 -0.382412 0.074374
v -0.46664 -0.382412 0.405894
v -0.467632 -0.38 0.406011
v -0.469211 -0.377929 0.406197
v -0.471267 -0.37634 0.40644
v -0.473663 -0.375341 0.406722
v -0.416646 -0.375341 0.457412
v -0.427019 -0.375341 0.456467
v -0.416646 -0.37634 0.455
v -0.426583 -0.37634 0.454095
v -0.416646 -0.377929 0.452929
v -0.426209 -0.377929 0.452058
v -0.416646 -0.38 0.45134
v -0.425922 -0.38 0.450495
v -0.416646 -0.382412 0.450341
v -0.425741 -0.382412 0.449512
v -0.442745 -0.382412 0.443047
v -0.434538 -0.382412 0.447054
v -0.450093 -0.382412 0.437623
v -0.45634 -0.382412 0.43096
v -0.461281 -0.382412 0.423278
v -0.464752 -0.382412 0.41483
v -0.434893 -0.38 0.447988
v -0.443263 -0.38 0.443901
v -0.450757 -0.38 0.438369
v -0.457128 -0.38 0.431574
v -0.462167 -0.38 0.42374
v -0.465707 -0.38 0.415125
v -0.435458 -0.377929 0.449473
v -0.444087 -0.377929 0.44526
v -0.451813 -0.377929 0.439557
v -0.458381 -0.377929 0.432552
v -0.463576 -0.377929 0.424475
v -0.467226 -0.377929 0.415593
v -0.436194 -0.37634 0.451409
v -0.445161 -0.37634 0.447031
v -0.453189 -0.37634 0.441105
v -0.460014 -0.37634 0.433825
v -0.465412 -0.37634 0.425433
v -0.469205 -0.37634 0.416203
v -0.437051 -0.375341 0.453663
v -0.446411 -0.375341 0.449093
v -0.454791 -0.375341 0.442907
v -0.461916 -0.375341 0.435309
v -0.467551 -0.375341 0.426548
v -0.47151 -0.375341 0.416913
v -0.736228 0.615 -0.145785
v -0.736228 0.385 -0.145785
v -0.783049 0.615 -0.149059
v -0.783049 0.385 -0.149059
v -0.736926 0.375 -0.135809
v -0.749482 0.375 0.043752
v -0.783746 0.375 -0.139083
v -0.796302 0.375 0.040478
v -0.797 0.615 0.050454
v -0.797 0.385 0.050454
v -0.75018 0.615 0.053728
v -0.75018 0.385 0.053728
v -0.783746 0.625 -0.139083
v -0.796302 0.625 0.040478
v -0.736926 0.625 -0.135809
v -0.749482 0.625 0.043752
v -0.713331 0.385 -0.143118
v -0.713331 0.615 -0.143118
v -0.70513 0.385 -0.141386
v -0.70513 0.615 -0.141386
v -0.690776 0.385 -0.138354
v -0.690776 0.615 -0.138354
v -0.674761 0.385 -0.133392
v -0.674761 0.615 -0.133392
v -0.668757 0.385 -0.131532
v -0.668757 0.615 -0.131532
v -0.647459 0.385 -0.122711
v -0.647459 0.615 -0.122711
v -0.645606 0.385 -0.121735
v -0.645606 0.615 -0.121735
v -0.627064 0.385 -0.111966
v -0.627064 0.615 -0.111966
v -0.618283 0.385 -0.106249
v -0.618283 0.615 -0.106249
v -0.607745 0.385 -0.099388
v -0.607745 0.615 -0.099388
v -0.592953 0.385 -0.087684
v -0.592953 0.615 -0.087684
v -0.589668 0.385 -0.085084
v -0.589668 0.615 -0.085084
v -0.572985 0.385 -0.069176
v -0.572985 0.615 -0.069176
v -0.570231 0.385 -0.066017
v -0.570231 0.615 -0.066017
v -0.557837 0.385 -0.051798
v -0.557837 0.615 -0.051798
v -0.550484 0.385 -0.041599
v -0.550484 0.615 -0.041599
v -0.544356 0.385 -0.0331
v -0.544356 0.615 -0.0331
v -0.533717 0.385 -0.015043
v -0.533717 0.615 -0.015043
v -0.532653 0.385 -0.013238
v -0.532653 0.615 -0.013238
v -0.52283 0.385 0.007616
v -0.52283 0.615 0.007616
v -0.520687 0.385 0.013525
v -0.520687 0.615 0.013525
v -0.51497 0.385 0.029287
v -0.51497 0.615 0.029287
v -0.511259 0.385 0.043481
v -0.511259 0.615 0.043481
v -0.509139 0.385 0.05159
v -0.509139 0.615 0.05159
v -0.505387 0.385 0.074335
v -0.505387 0.615 0.074335
v -0.515318 0.375 0.075505
v -0.69408 0.375 0.096581
v -0.51892 0.375 0.05367
v -0.696178 0.375 0.086431
v -0.699992 0.375 0.076794
v -0.532064 0.375 0.011456
v -0.524518 0.375 0.03226
v -0.651707 0.375 -0.113659
v -0.632128 0.375 -0.103343
v -0.729437 0.375 0.048717
v -0.720352 0.375 0.053705
v -0.705407 0.375 0.067957
v -0.552728 0.375 -0.027631
v -0.541494 0.375 -0.008565
v -0.613582 0.375 -0.091268
v -0.596228 0.375 -0.077537
v -0.712262 0.375 0.060183
v -0.580212 0.375 -0.062265
v -0.565671 0.375 -0.045582
v -0.672153 0.375 -0.122127
v -0.739244 0.375 0.045366
v -0.693292 0.375 -0.128676
v -0.714944 0.375 -0.133249
v -0.704012 0.385 0.097752
v -0.704012 0.615 0.097752
v -0.70576 0.385 0.089294
v -0.70576 0.615 0.089294
v -0.706819 0.385 0.086618
v -0.706819 0.615 0.086618
v -0.708938 0.385 0.081263
v -0.708938 0.615 0.081263
v -0.711947 0.385 0.076352
v -0.711947 0.615 0.076352
v -0.71345 0.385 0.073898
v -0.71345 0.615 0.073898
v -0.719163 0.385 0.06742
v -0.719163 0.615 0.06742
v -0.725905 0.385 0.062022
v -0.725905 0.615 0.062022
v -0.728427 0.385 0.060637
v -0.728427 0.615 0.060637
v -0.733475 0.385 0.057865
v -0.733475 0.615 0.057865
v -0.738925 0.385 0.056003
v -0.738925 0.615 0.056003
v -0.741648 0.385 0.055072
v -0.741648 0.615 0.055072
v -0.712262 0.625 0.060183
v -0.705407 0.625 0.067957
v -0.565671 0.625 -0.045582
v -0.552728 0.625 -0.027631
v -0.699992 0.625 0.076794
v -0.541494 0.625 -0.008565
v -0.532064 0.625 0.011456
v -0.696178 0.625 0.086431
v -0.524518 0.625 0.03226
v -0.51892 0.625 0.05367
v -0.69408 0.625 0.096581
v -0.515318 0.625 0.075505
v -0.714944 0.625 -0.133249
v -0.739244 0.625 0.045366
v -0.729437 0.625 0.048717
v -0.672153 0.625 -0.122127
v -0.693292 0.625 -0.128676
v -0.720352 0.625 0.053705
v -0.632128 0.625 -0.103343
v -0.651707 0.625 -0.113659
v -0.580212 0.625 -0.062265
v -0.596228 0.625 -0.077537
v -0.613582 0.625 -0.091268
v -0.466302 0.615 0.405854
v -0.466302 0.385 0.405854
v -0.476233 0.375 0.407025
v -0.654995 0.375 0.428101
v -0.664926 0.615 0.429272
v -0.664926 0.385 0.429272
v -0.476233 0.625 0.407025
v -0.654995 0.625 0.428101
v -0.416646 0.615 0.45
v -0.416646 0.385 0.45
v -0.42568 0.615 0.449177
v -0.42568 0.385 0.449177
v -0.42859 0.615 0.448364
v -0.42859 0.385 0.448364
v -0.434417 0.615 0.446735
v -0.434417 0.385 0.446735
v -0.439853 0.615 0.444081
v -0.439853 0.385 0.444081
v -0.442568 0.615 0.442755
v -0.442568 0.385 0.442755
v -0.449867 0.615 0.437368
v -0.449867 0.385 0.437368
v -0.456072 0.615 0.43075
v -0.456072 0.385 0.43075
v -0.457707 0.615 0.428209
v -0.457707 0.385 0.428209
v -0.460979 0.615 0.423121
v -0.460979 0.385 0.423121
v -0.463278 0.615 0.417525
v -0.463278 0.385 0.417525
v -0.464427 0.615 0.41473
v -0.464427 0.385 0.41473
v -0.416646 0.375 0.46
v -0.416646 0.375 0.64
v -0.438417 0.375 0.63901
v -0.427487 0.375 0.459012
v -0.651463 0.375 0.449607
v -0.473983 0.375 0.417676
v -0.469846 0.375 0.427745
v -0.638635 0.375 0.491218
v -0.645995 0.375 0.470704
v -0.463957 0.375 0.4369
v -0.6185 0.375 0.529826
v -0.629445 0.375 0.510979
v -0.521944 0.375 0.615667
v -0.447753 0.375 0.451306
v -0.437971 0.375 0.456082
v -0.456511 0.375 0.444841
v -0.591721 0.375 0.564161
v -0.605891 0.375 0.547602
v -0.460009 0.375 0.63605
v -0.481244 0.375 0.631143
v -0.501946 0.375 0.62433
v -0.541074 0.375 0.605226
v -0.559178 0.375 0.593092
v -0.576107 0.375 0.579366
v -0.661247 0.615 0.451674
v -0.661247 0.385 0.451674
v -0.658658 0.615 0.461663
v -0.658658 0.385 0.461663
v -0.655551 0.615 0.47365
v -0.655551 0.385 0.47365
v -0.648581 0.615 0.493077
v -0.648581 0.385 0.493077
v -0.647885 0.615 0.495018
v -0.647885 0.385 0.495018
v -0.638312 0.615 0.515604
v -0.638312 0.385 0.515604
v -0.634166 0.615 0.522741
v -0.634166 0.385 0.522741
v -0.626911 0.615 0.535235
v -0.626911 0.385 0.535235
v -0.616163 0.615 0.550386
v -0.616163 0.385 0.550386
v -0.613776 0.615 0.553752
v -0.613776 0.385 0.553752
v -0.599016 0.615 0.571001
v -0.599016 0.385 0.571001
v -0.594581 0.615 0.575319
v -0.594581 0.385 0.575319
v -0.582751 0.615 0.586839
v -0.582751 0.385 0.586839
v -0.569925 0.615 0.597239
v -0.569925 0.385 0.597239
v -0.565117 0.615 0.601137
v -0.565117 0.385 0.601137
v -0.546259 0.615 0.613777
v -0.546259 0.385 0.613777
v -0.542637 0.615 0.615753
v -0.542637 0.385 0.615753
v -0.526332 0.615 0.624653
v -0.526332 0.385 0.624653
v -0.513074 0.615 0.630396
v -0.513074 0.385 0.630396
v -0.5055 0.615 0.633677
v -0.5055 0.385 0.633677
v -0.483936 0.615 0.640774
v -0.483936 0.385 0.640774
v -0.481926 0.615 0.641238
v -0.481926 0.385 0.641238
v -0.461816 0.615 0.645885
v -0.461816 0.385 0.645885
v -0.449548 0.615 0.647568
v -0.449548 0.385 0.647568
v -0.439325 0.615 0.648969
v -0.439325 0.385 0.648969
v -0.416646 0.615 0.65
v -0.416646 0.385 0.65
v -0.416646 0.625 0.64
v -0.416646 0.625 0.46
v -0.438417 0.625 0.63901
v -0.427487 0.625 0.459012
v -0.437971 0.625 0.456082
v -0.481244 0.625 0.631143
v -0.460009 0.625 0.63605
v -0.447753 0.625 0.451306
v -0.521944 0.625 0.615667
v -0.501946 0.625 0.62433
v -0.645995 0.625 0.470704
v -0.638635 0.625 0.491218
v -0.473983 0.625 0.417676
v -0.469846 0.625 0.427745
v -0.651463 0.625 0.449607
v -0.456511 0.625 0.444841
v -0.559178 0.625 0.593092
v -0.541074 0.625 0.605226
v -0.463957 0.625 0.4369
v -0.591721 0.625 0.564161
v -0.576107 0.625 0.579366
v -0.629445 0.625 0.510979
v -0.6185 0.625 0.529826
v -0.605891 0.625 0.547602
v -0.4 0.625 0.46
v -0.4 0.625 0.64
v -0.4 0.615 0.45
v -0.4 0.385 0.45
v -0.4 0.375 0.46
v -0.4 0.375 0.64
v -0.4 0.615 0.65
v -0.4 0.385 0.65
v -0.806278 0.615 0.039781
v -0.793722 0.615 -0.139781
v -0.806278 0.385 0.039781
v -0.793722 0.385 -0.139781
v -0.4 0.624659 0.642588
v -0.4 0.382412 0.649659
v -0.4 0.38 0.64866
v -0.4 0.377929 0.647071
v -0.4 0.37634 0.645
v -0.4 0.375341 0.642588
v -0.4 0.37634 0.455
v -0.4 0.377929 0.452929
v -0.4 0.38 0.45134
v -0.4 0.622071 0.452929
v -0.4 0.62366 0.455
v -0.4 0.624659 0.457412
v -0.4 0.62366 0.645
v -0.4 0.622071 0.647071
v -0.4 0.375341 0.457412
v -0.4 0.382412 0.450341
v -0.4 0.62 0.64866
v -0.4 0.617588 0.649659
v -0.4 0.62 0.45134
v -0.4 0.617588 0.450341
v -0.416646 0.375341 0.642588
v -0.416646 0.37634 0.645
v -0.416646 0.377929 0.647071
v -0.416646 0.38 0.64866
v -0.416646 0.382412 0.649659
v -0.461755 0.382412 0.64555
v -0.526182 0.382412 0.624347
v -0.582525 0.382412 0.586585
v -0.626624 0.382412 0.535051
v -0.63801 0.382412 0.515446
v -0.655225 0.382412 0.473549
v -0.660914 0.382412 0.451603
v -0.593609 0.375341 0.565931
v -0.577827 0.375341 0.5813
v -0.595368 0.37634 0.567581
v -0.579429 0.37634 0.583103
v -0.596879 0.377929 0.568997
v -0.580805 0.377929 0.58465
v -0.598038 0.38 0.570084
v -0.581861 0.38 0.585838
v -0.598767 0.382412 0.570768
v -0.542416 0.375341 0.607439
v -0.52308 0.375341 0.617993
v -0.543667 0.37634 0.609501
v -0.524138 0.37634 0.62016
v -0.54474 0.377929 0.611272
v -0.525047 0.377929 0.622021
v -0.545564 0.38 0.612631
v -0.525744 0.38 0.623449
v -0.546082 0.382412 0.613485
v -0.481941 0.375341 0.633636
v -0.460477 0.375341 0.638596
v -0.48259 0.37634 0.635958
v -0.460913 0.37634 0.640968
v -0.483147 0.377929 0.637953
v -0.461287 0.377929 0.643005
v -0.483575 0.38 0.639484
v -0.461574 0.38 0.644568
v -0.483844 0.382412 0.640446
v -0.657565 0.375341 0.428404
v -0.653995 0.375341 0.450142
v -0.659961 0.37634 0.428686
v -0.656355 0.37634 0.45064
v -0.662017 0.377929 0.428929
v -0.658381 0.377929 0.451068
v -0.663596 0.38 0.429115
v -0.659936 0.38 0.451397
v -0.664588 0.382412 0.429232
v -0.648468 0.375341 0.471466
v -0.650773 0.37634 0.472177
v -0.652752 0.377929 0.472787
v -0.654271 0.38 0.473255
v -0.64757 0.382412 0.494889
v -0.646646 0.38 0.494509
v -0.645176 0.377929 0.493905
v -0.64326 0.37634 0.493118
v -0.641029 0.375341 0.492201
v -0.63174 0.375341 0.512176
v -0.633878 0.37634 0.513291
v -0.635715 0.377929 0.514249
v -0.637124 0.38 0.514984
v -0.620677 0.375341 0.531226
v -0.622706 0.37634 0.532531
v -0.624447 0.377929 0.533651
v -0.625784 0.38 0.534511
v -0.613507 0.382412 0.553542
v -0.61272 0.38 0.552928
v -0.611466 0.377929 0.551951
v -0.609833 0.37634 0.550677
v -0.607932 0.375341 0.549194
v -0.564915 0.382412 0.600863
v -0.564322 0.38 0.600059
v -0.563378 0.377929 0.598781
v -0.562148 0.37634 0.597115
v -0.560715 0.375341 0.595174
v -0.505379 0.382412 0.633358
v -0.505024 0.38 0.632425
v -0.504459 0.377929 0.630939
v -0.503723 0.37634 0.629003
v -0.502866 0.375341 0.626749
v -0.439294 0.382412 0.64863
v -0.439203 0.38 0.647635
v -0.439059 0.377929 0.646052
v -0.438871 0.37634 0.64399
v -0.438652 0.375341 0.641588
v -0.416646 0.617588 0.649659
v -0.416646 0.62 0.64866
v -0.416646 0.622071 0.647071
v -0.416646 0.62366 0.645
v -0.416646 0.624659 0.642588
v -0.703673 0.382412 0.097712
v -0.702681 0.38 0.097595
v -0.701103 0.377929 0.097409
v -0.699046 0.37634 0.097166
v -0.696651 0.375341 0.096884
v -0.416646 0.382412 0.450341
v -0.416646 0.38 0.45134
v -0.416646 0.377929 0.452929
v -0.416646 0.37634 0.455
v -0.416646 0.375341 0.457412
v -0.655225 0.617588 0.473549
v -0.626624 0.617588 0.535051
v -0.582525 0.617588 0.586585
v -0.526182 0.617588 0.624347
v -0.505379 0.617588 0.633358
v -0.461755 0.617588 0.64555
v -0.439294 0.617588 0.64863
v -0.560715 0.624659 0.595174
v -0.577827 0.624659 0.5813
v -0.562148 0.62366 0.597115
v -0.579429 0.62366 0.583103
v -0.563378 0.622071 0.598781
v -0.580805 0.622071 0.58465
v -0.564322 0.62 0.600059
v -0.581861 0.62 0.585838
v -0.564915 0.617588 0.600863
v -0.607932 0.624659 0.549194
v -0.620677 0.624659 0.531226
v -0.609833 0.62366 0.550677
v -0.622706 0.62366 0.532531
v -0.611466 0.622071 0.551951
v -0.624447 0.622071 0.533651
v -0.61272 0.62 0.552928
v -0.625784 0.62 0.534511
v -0.613507 0.617588 0.553542
v -0.641029 0.624659 0.492201
v -0.648468 0.624659 0.471466
v -0.64326 0.62366 0.493118
v -0.650773 0.62366 0.472177
v -0.645176 0.622071 0.493905
v -0.652752 0.622071 0.472787
v -0.646646 0.62 0.494509
v -0.654271 0.62 0.473255
v -0.64757 0.617588 0.494889
v -0.438652 0.624659 0.641588
v -0.438871 0.62366 0.64399
v -0.439059 0.622071 0.646052
v -0.439203 0.62 0.647635
v -0.460477 0.624659 0.638596
v -0.460913 0.62366 0.640968
v -0.461287 0.622071 0.643005
v -0.461574 0.62 0.644568
v -0.483844 0.617588 0.640446
v -0.483575 0.62 0.639484
v -0.483147 0.622071 0.637953
v -0.48259 0.62366 0.635958
v -0.481941 0.624659 0.633636
v -0.502866 0.624659 0.626749
v -0.503723 0.62366 0.629003
v -0.504459 0.622071 0.630939
v -0.505024 0.62 0.632425
v -0.52308 0.624659 0.617993
v -0.524138 0.62366 0.62016
v -0.525047 0.622071 0.622021
v -0.525744 0.62 0.623449
v -0.546082 0.617588 0.613485
v -0.545564 0.62 0.612631
v -0.54474 0.622071 0.611272
v -0.543667 0.62366 0.609501
v -0.542416 0.624659 0.607439
v -0.598767 0.617588 0.570768
v -0.598038 0.62 0.570084
v -0.596879 0.622071 0.568997
v -0.595368 0.62366 0.567581
v -0.593609 0.624659 0.565931
v -0.63801 0.617588 0.515446
v -0.637124 0.62 0.514984
v -0.635715 0.622071 0.514249
v -0.633878 0.62366 0.513291
v -0.63174 0.624659 0.512176
v -0.660914 0.617588 0.451603
v -0.659936 0.62 0.451397
v -0.658381 0.622071 0.451068
v -0.656355 0.62366 0.45064
v -0.653995 0.624659 0.450142
v -0.657565 0.624659 0.428404
v -0.659961 0.62366 0.428686
v -0.662017 0.622071 0.428929
v -0.663596 0.62 0.429115
v -0.664588 0.617588 0.429232
v -0.698658 0.375341 0.087172
v -0.700969 0.37634 0.087862
v -0.702954 0.377929 0.088455
v -0.704476 0.38 0.08891
v -0.705433 0.382412 0.089196
v -0.713176 0.382412 0.073696
v -0.708633 0.382412 0.08111
v -0.718928 0.382412 0.067174
v -0.725716 0.382412 0.061739
v -0.733338 0.382412 0.057553
v -0.741566 0.382412 0.054742
v -0.750156 0.382412 0.053388
v -0.707739 0.38 0.080664
v -0.712372 0.38 0.073102
v -0.718238 0.38 0.066451
v -0.725161 0.38 0.060908
v -0.732934 0.38 0.056639
v -0.741326 0.38 0.053772
v -0.750086 0.38 0.052391
v -0.706317 0.377929 0.079954
v -0.711094 0.377929 0.072158
v -0.717141 0.377929 0.065301
v -0.724278 0.377929 0.059586
v -0.732292 0.377929 0.055185
v -0.740944 0.377929 0.052229
v -0.749976 0.377929 0.050806
v -0.704465 0.37634 0.079028
v -0.709428 0.37634 0.070928
v -0.715712 0.37634 0.063802
v -0.723128 0.37634 0.057864
v -0.731456 0.37634 0.053291
v -0.740446 0.37634 0.050219
v -0.749831 0.37634 0.04874
v -0.702307 0.375341 0.077951
v -0.707488 0.375341 0.069495
v -0.714048 0.375341 0.062056
v -0.721789 0.375341 0.055858
v -0.730482 0.375341 0.051084
v -0.739866 0.375341 0.047878
v -0.749663 0.375341 0.046334
v -0.473663 0.375341 0.406722
v -0.47151 0.375341 0.416913
v -0.471267 0.37634 0.40644
v -0.469205 0.37634 0.416203
v -0.469211 0.377929 0.406197
v -0.467226 0.377929 0.415593
v -0.467632 0.38 0.406011
v -0.465707 0.38 0.415125
v -0.46664 0.382412 0.405894
v -0.464752 0.382412 0.41483
v -0.45634 0.382412 0.43096
v -0.461281 0.382412 0.423278
v -0.450093 0.382412 0.437623
v -0.442745 0.382412 0.443047
v -0.434538 0.382412 0.447054
v -0.425741 0.382412 0.449512
v -0.462167 0.38 0.42374
v -0.457128 0.38 0.431574
v -0.450757 0.38 0.438369
v -0.443263 0.38 0.443901
v -0.434893 0.38 0.447988
v -0.425922 0.38 0.450495
v -0.463576 0.377929 0.424475
v -0.458381 0.377929 0.432552
v -0.451813 0.377929 0.439557
v -0.444087 0.377929 0.44526
v -0.435458 0.377929 0.449473
v -0.426209 0.377929 0.452058
v -0.465412 0.37634 0.425433
v -0.460014 0.37634 0.433825
v -0.453189 0.37634 0.441105
v -0.445161 0.37634 0.447031
v -0.436194 0.37634 0.451409
v -0.426583 0.37634 0.454095
v -0.467551 0.375341 0.426548
v -0.461916 0.375341 0.435309
v -0.454791 0.375341 0.442907
v -0.446411 0.375341 0.449093
v -0.437051 0.375341 0.453663
v -0.427019 0.375341 0.456467
v -0.696651 0.624659 0.096884
v -0.699046 0.62366 0.097166
v -0.701103 0.622071 0.097409
v -0.702681 0.62 0.097595
v -0.703673 0.617588 0.097712
v -0.79698 0.382838 0.05017
v -0.796976 0.382412 0.050114
v -0.796998 0.38477 0.050424
v -0.796995 0.384403 0.050376
v -0.79699 0.383928 0.050313
v -0.796985 0.383389 0.050242
v -0.79691 0.380125 0.049169
v -0.796957 0.381732 0.049833
v -0.796972 0.382258 0.05005
v -0.796907 0.38 0.049117
v -0.796815 0.378296 0.047813
v -0.796796 0.377929 0.047532
v -0.796695 0.376826 0.046098
v -0.796651 0.37634 0.045466
v -0.796556 0.375776 0.044109
v -0.796405 0.375193 0.041941
v -0.796483 0.375341 0.04306
v -0.512748 0.375341 0.075202
v -0.510353 0.37634 0.07492
v -0.508296 0.377929 0.074677
v -0.506718 0.38 0.074491
v -0.505726 0.382412 0.074374
v -0.749663 0.624659 0.046334
v -0.739866 0.624659 0.047878
v -0.749831 0.62366 0.04874
v -0.740446 0.62366 0.050219
v -0.749976 0.622071 0.050806
v -0.740944 0.622071 0.052229
v -0.750086 0.62 0.052391
v -0.741326 0.62 0.053772
v -0.750156 0.617588 0.053388
v -0.741566 0.617588 0.054742
v -0.725716 0.617588 0.061739
v -0.733338 0.617588 0.057553
v -0.718928 0.617588 0.067174
v -0.713176 0.617588 0.073696
v -0.708633 0.617588 0.08111
v -0.705433 0.617588 0.089196
v -0.732934 0.62 0.056639
v -0.725161 0.62 0.060908
v -0.718238 0.62 0.066451
v -0.712372 0.62 0.073102
v -0.707739 0.62 0.080664
v -0.704476 0.62 0.08891
v -0.732292 0.622071 0.055185
v -0.724278 0.622071 0.059586
v -0.717141 0.622071 0.065301
v -0.711094 0.622071 0.072158
v -0.706317 0.622071 0.079954
v -0.702954 0.622071 0.088455
v -0.731456 0.62366 0.053291
v -0.723128 0.62366 0.057864
v -0.715712 0.62366 0.063802
v -0.709428 0.62366 0.070928
v -0.704465 0.62366 0.079028
v -0.700969 0.62366 0.087862
v -0.730482 0.624659 0.051084
v -0.721789 0.624659 0.055858
v -0.714048 0.624659 0.062056
v -0.707488 0.624659 0.069495
v -0.702307 0.624659 0.077951
v -0.698658 0.624659 0.087172
v -0.7983 0.375912 0.044141
v -0.798071 0.37695 0.046142
v -0.797359 0.380193 0.049183
v -0.797515 0.382437 0.050068
v -0.798058 0.382774 0.050068
v -0.798512 0.383223 0.050068
v -0.798854 0.383763 0.050068
v -0.799066 0.384365 0.050068
v -0.797752 0.378402 0.047852
v -0.798425 0.37534 0.041951
v -0.798442 0.375282 0.040329
v -0.798884 0.375341 0.040298
v -0.800534 0.37606 0.041951
v -0.800551 0.376033 0.040181
v -0.80129 0.37634 0.04013
v -0.802428 0.377234 0.041951
v -0.802438 0.377222 0.040049
v -0.803356 0.377929 0.039985
v -0.804011 0.378802 0.041951
v -0.804018 0.378793 0.039939
v -0.804942 0.38 0.039874
v -0.805202 0.380685 0.041951
v -0.805219 0.380672 0.039855
v -0.805938 0.382412 0.039805
v -0.805942 0.382786 0.041951
v -0.805985 0.382772 0.039801
v -0.806193 0.385 0.041951
v -0.799138 0.385 0.050068
v -0.799542 0.385 0.049896
v -0.798408 0.380551 0.049183
v -0.79935 0.381136 0.049183
v -0.800138 0.381916 0.049183
v -0.800731 0.382853 0.049183
v -0.801099 0.383898 0.049183
v -0.799192 0.378894 0.047852
v -0.800486 0.379696 0.047852
v -0.801567 0.380767 0.047852
v -0.802381 0.382053 0.047852
v -0.802886 0.383488 0.047852
v -0.801224 0.385 0.049183
v -0.80186 0.385 0.048721
v -0.803058 0.385 0.047852
v -0.803801 0.385 0.046997
v -0.804335 0.383155 0.046142
v -0.803718 0.381404 0.046142
v -0.802725 0.379835 0.046142
v -0.801406 0.378529 0.046142
v -0.799828 0.37755 0.046142
v -0.800283 0.376589 0.044141
v -0.802065 0.377694 0.044141
v -0.803554 0.379169 0.044141
v -0.804675 0.38094 0.044141
v -0.805372 0.382917 0.044141
v -0.804544 0.385 0.046142
v -0.805239 0.385 0.044835
v -0.805608 0.385 0.044141
v -0.80608 0.385 0.042376
v -0.690862 0.382412 -0.138024
v -0.627236 0.382412 -0.111672
v -0.607944 0.382412 -0.099112
v -0.558104 0.382412 -0.051587
v -0.544641 0.382412 -0.032913
v -0.515295 0.382412 0.029388
v -0.509472 0.382412 0.05166
v -0.539206 0.375341 -0.009774
v -0.550561 0.375341 -0.029047
v -0.537074 0.37634 -0.010902
v -0.548542 0.37634 -0.030365
v -0.535243 0.377929 -0.01187
v -0.546808 0.377929 -0.031498
v -0.533838 0.38 -0.012612
v -0.545477 0.38 -0.032367
v -0.532955 0.382412 -0.013079
v -0.59453 0.375341 -0.07949
v -0.612072 0.375341 -0.09337
v -0.592948 0.37634 -0.08131
v -0.610664 0.37634 -0.095328
v -0.591589 0.377929 -0.082874
v -0.609455 0.377929 -0.09701
v -0.590547 0.38 -0.084073
v -0.608527 0.38 -0.0983
v -0.589891 0.382412 -0.084827
v -0.671274 0.375341 -0.124561
v -0.692641 0.375341 -0.13118
v -0.670455 0.37634 -0.12683
v -0.692034 0.37634 -0.133515
v -0.669751 0.377929 -0.128778
v -0.691513 0.377929 -0.135519
v -0.669212 0.38 -0.130272
v -0.691113 0.38 -0.137057
v -0.668872 0.382412 -0.131212
v -0.516389 0.375341 0.053132
v -0.51403 0.37634 0.05263
v -0.512004 0.377929 0.052199
v -0.510449 0.38 0.051868
v -0.522047 0.375341 0.03149
v -0.519744 0.37634 0.030773
v -0.517766 0.377929 0.030158
v -0.516249 0.38 0.029685
v -0.523145 0.382412 0.007747
v -0.524067 0.38 0.008131
v -0.525535 0.377929 0.008741
v -0.527447 0.37634 0.009536
v -0.529674 0.375341 0.010462
v -0.563643 0.375341 -0.047191
v -0.561754 0.37634 -0.04869
v -0.560132 0.377929 -0.049978
v -0.558887 0.38 -0.050966
v -0.573231 0.382412 -0.06894
v -0.573953 0.38 -0.06825
v -0.575101 0.377929 -0.067152
v -0.576598 0.37634 -0.06572
v -0.578341 0.375341 -0.064053
v -0.627742 0.38 -0.110811
v -0.628547 0.377929 -0.109441
v -0.629596 0.37634 -0.107655
v -0.630817 0.375341 -0.105575
v -0.647603 0.382412 -0.122403
v -0.648028 0.38 -0.121499
v -0.648703 0.377929 -0.12006
v -0.649583 0.37634 -0.118185
v -0.650607 0.375341 -0.116002
v -0.713386 0.382412 -0.142782
v -0.713547 0.38 -0.141796
v -0.713804 0.377929 -0.140228
v -0.714138 0.37634 -0.138184
v -0.714527 0.375341 -0.135804
v -0.736746 0.375341 -0.138391
v -0.736577 0.37634 -0.140797
v -0.736433 0.377929 -0.142863
v -0.736322 0.38 -0.144448
v -0.736252 0.382412 -0.145445
v -0.796405 0.624807 0.041941
v -0.796483 0.624659 0.04306
v -0.796556 0.624224 0.044109
v -0.796651 0.62366 0.045466
v -0.796695 0.623174 0.046098
v -0.796796 0.622071 0.047532
v -0.796815 0.621704 0.047813
v -0.796976 0.617573 0.050116
v -0.796982 0.616965 0.050196
v -0.796907 0.62 0.049117
v -0.796972 0.617742 0.05005
v -0.796976 0.617588 0.050114
v -0.796988 0.616325 0.05028
v -0.796993 0.615739 0.050357
v -0.796997 0.61528 0.050417
v -0.799138 0.615 0.050068
v -0.799542 0.615 0.049896
v -0.801224 0.615 0.049183
v -0.80186 0.615 0.048721
v -0.803058 0.615 0.047852
v -0.803801 0.615 0.046997
v -0.804544 0.615 0.046142
v -0.805239 0.615 0.044835
v -0.805608 0.615 0.044141
v -0.80608 0.615 0.042376
v -0.806193 0.615 0.041951
v -0.786328 0.375341 -0.139264
v -0.788734 0.37634 -0.139432
v -0.788742 0.376346 -0.139433
v -0.7908 0.377929 -0.139576
v -0.792385 0.38 -0.139687
v -0.792389 0.38001 -0.139688
v -0.793382 0.382412 -0.139757
v -0.783597 0.375282 -0.141223
v -0.783566 0.375341 -0.141665
v -0.783449 0.376034 -0.143334
v -0.783397 0.37634 -0.144071
v -0.783317 0.377228 -0.145225
v -0.783253 0.377929 -0.146137
v -0.783206 0.37881 -0.146812
v -0.783142 0.38 -0.147722
v -0.783121 0.38072 -0.14802
v -0.783072 0.382412 -0.148719
v -0.783072 0.382427 -0.148721
v -0.783067 0.383035 -0.148801
v -0.783066 0.383098 -0.148809
v -0.783061 0.383675 -0.148885
v -0.783055 0.384261 -0.148962
v -0.783051 0.38472 -0.149022
v -0.80129 0.62366 0.04013
v -0.801299 0.623654 0.040129
v -0.801248 0.623566 0.041951
v -0.804942 0.62 0.039874
v -0.804946 0.61999 0.039874
v -0.804868 0.619945 0.041951
v -0.805856 0.61756 0.041951
v -0.805938 0.617588 0.039805
v -0.798884 0.624659 0.040298
v -0.798862 0.624554 0.041951
v -0.798711 0.623988 0.044141
v -0.798436 0.622961 0.046142
v -0.798051 0.621525 0.047852
v -0.797576 0.619754 0.049183
v -0.797036 0.617739 0.050068
v -0.797014 0.617656 0.050093
v -0.79772 0.617456 0.050068
v -0.796997 0.617594 0.050111
v -0.797003 0.617615 0.050105
v -0.801056 0.616274 0.049183
v -0.799041 0.615734 0.050068
v -0.804263 0.617133 0.046142
v -0.802827 0.616748 0.047852
v -0.805291 0.617408 0.044141
v -0.798758 0.616418 0.050068
v -0.800565 0.617461 0.049183
v -0.802153 0.618378 0.047852
v -0.80344 0.619121 0.046142
v -0.804361 0.619653 0.044141
v -0.798307 0.617005 0.050068
v -0.799783 0.61848 0.049183
v -0.801079 0.619777 0.047852
v -0.80213 0.620828 0.046142
v -0.802882 0.62158 0.044141
v -0.803296 0.621994 0.041951
v -0.803356 0.622071 0.039985
v -0.798763 0.619262 0.049183
v -0.79968 0.62085 0.047852
v -0.800423 0.622138 0.046142
v -0.800955 0.623059 0.044141
v -0.783167 0.382838 -0.148829
v -0.783746 0.382762 -0.148829
v -0.783746 0.385 -0.149083
v -0.783746 0.375233 -0.14123
v -0.78863 0.376542 -0.14123
v -0.792205 0.380117 -0.14123
v -0.79318 0.382472 -0.14123
v -0.783746 0.375961 -0.143361
v -0.783746 0.377148 -0.145276
v -0.783746 0.378734 -0.146876
v -0.783746 0.380637 -0.148081
v -0.793431 0.385 -0.141213
v -0.793201 0.385 -0.142339
v -0.792477 0.382661 -0.143361
v -0.79271 0.385 -0.143324
v -0.792037 0.385 -0.144675
v -0.791331 0.382968 -0.145276
v -0.791546 0.385 -0.14523
v -0.790307 0.385 -0.14663
v -0.789799 0.383378 -0.146876
v -0.786274 0.375566 -0.14123
v -0.786086 0.376269 -0.143361
v -0.788266 0.377172 -0.143361
v -0.785778 0.377416 -0.145276
v -0.787672 0.3782 -0.145276
v -0.785368 0.378947 -0.146876
v -0.786879 0.379573 -0.146876
v -0.784876 0.380786 -0.148081
v -0.785928 0.381221 -0.148081
v -0.784326 0.382838 -0.148829
v -0.784865 0.383062 -0.148829
v -0.790653 0.378094 -0.14123
v -0.790138 0.378609 -0.143361
v -0.789298 0.379448 -0.145276
v -0.788177 0.380569 -0.146876
v -0.786831 0.381915 -0.148081
v -0.785329 0.383417 -0.148829
v -0.791574 0.380481 -0.143361
v -0.790546 0.381074 -0.145276
v -0.789173 0.381867 -0.146876
v -0.787525 0.382818 -0.148081
v -0.787961 0.383871 -0.148081
v -0.785685 0.383881 -0.148829
v -0.785908 0.384421 -0.148829
v -0.789989 0.385 -0.146841
v -0.78813 0.385 -0.148071
v -0.785972 0.385 -0.148793
v -0.785654 0.385 -0.148899
v -0.786328 0.624659 -0.139264
v -0.788734 0.62366 -0.139432
v -0.788742 0.623654 -0.139433
v -0.7908 0.622071 -0.139576
v -0.792385 0.62 -0.139687
v -0.792389 0.61999 -0.139688
v -0.793382 0.617588 -0.139757
v -0.783746 0.615 -0.149083
v -0.785654 0.615 -0.148899
v -0.785972 0.615 -0.148793
v -0.78813 0.615 -0.148071
v -0.789989 0.615 -0.146841
v -0.790307 0.615 -0.14663
v -0.791546 0.615 -0.14523
v -0.792037 0.615 -0.144675
v -0.79271 0.615 -0.143324
v -0.793201 0.615 -0.142339
v -0.793431 0.615 -0.141213
v -0.784326 0.617162 -0.148829
v -0.783746 0.617238 -0.148829
v -0.784865 0.616938 -0.148829
v -0.785329 0.616583 -0.148829
v -0.787961 0.616129 -0.148081
v -0.785908 0.615579 -0.148829
v -0.791331 0.617032 -0.145276
v -0.783566 0.624659 -0.141665
v -0.783449 0.623966 -0.143334
v -0.783746 0.624039 -0.143361
v -0.783142 0.62 -0.147722
v -0.783121 0.61928 -0.14802
v -0.783746 0.619363 -0.148081
v -0.783066 0.616902 -0.148809
v -0.783061 0.616325 -0.148885
v -0.783051 0.61528 -0.149022
v -0.783055 0.615739 -0.148962
v -0.783067 0.616965 -0.148801
v -0.783167 0.617162 -0.148829
v -0.783072 0.617573 -0.148721
v -0.783072 0.617588 -0.148719
v -0.783397 0.62366 -0.144071
v -0.783317 0.622772 -0.145225
v -0.783746 0.622852 -0.145276
v -0.783253 0.622071 -0.146137
v -0.786274 0.624434 -0.14123
v -0.790653 0.621906 -0.14123
v -0.792205 0.619883 -0.14123
v -0.79318 0.617528 -0.14123
v -0.792477 0.617339 -0.143361
v -0.791574 0.619519 -0.143361
v -0.789799 0.616622 -0.146876
v -0.790546 0.618926 -0.145276
v -0.790138 0.621391 -0.143361
v -0.78863 0.623458 -0.14123
v -0.785368 0.621053 -0.146876
v -0.783746 0.621266 -0.146876
v -0.783206 0.621189 -0.146812
v -0.789173 0.618133 -0.146876
v -0.789298 0.620552 -0.145276
v -0.788266 0.622828 -0.143361
v -0.787525 0.617182 -0.148081
v -0.788177 0.619431 -0.146876
v -0.787672 0.6218 -0.145276
v -0.786086 0.623731 -0.143361
v -0.783746 0.624767 -0.14123
v -0.783597 0.624718 -0.141223
v -0.785928 0.618779 -0.148081
v -0.784876 0.619214 -0.148081
v -0.785778 0.622584 -0.145276
v -0.786879 0.620427 -0.146876
v -0.786831 0.618085 -0.148081
v -0.785685 0.616119 -0.148829
v -0.736252 0.617588 -0.145445
v -0.736322 0.62 -0.144448
v -0.736433 0.622071 -0.142863
v -0.736577 0.62366 -0.140797
v -0.736746 0.624659 -0.138391
v -0.515295 0.617588 0.029388
v -0.544641 0.617588 -0.032913
v -0.558104 0.617588 -0.051587
v -0.607944 0.617588 -0.099112
v -0.627236 0.617588 -0.111672
v -0.690862 0.617588 -0.138024
v -0.713386 0.617588 -0.142782
v -0.650607 0.624659 -0.116002
v -0.630817 0.624659 -0.105575
v -0.649583 0.62366 -0.118185
v -0.629596 0.62366 -0.107655
v -0.648703 0.622071 -0.12006
v -0.628547 0.622071 -0.109441
v -0.648028 0.62 -0.121499
v -0.627742 0.62 -0.110811
v -0.647603 0.617588 -0.122403
v -0.578341 0.624659 -0.064053
v -0.563643 0.624659 -0.047191
v -0.576598 0.62366 -0.06572
v -0.561754 0.62366 -0.04869
v -0.575101 0.622071 -0.067152
v -0.560132 0.622071 -0.049978
v -0.573953 0.62 -0.06825
v -0.558887 0.62 -0.050966
v -0.573231 0.617588 -0.06894
v -0.529674 0.624659 0.010462
v -0.522047 0.624659 0.03149
v -0.527447 0.62366 0.009536
v -0.519744 0.62366 0.030773
v -0.525535 0.622071 0.008741
v -0.517766 0.622071 0.030158
v -0.524067 0.62 0.008131
v -0.516249 0.62 0.029685
v -0.523145 0.617588 0.007747
v -0.714527 0.624659 -0.135804
v -0.714138 0.62366 -0.138184
v -0.713804 0.622071 -0.140228
v -0.713547 0.62 -0.141796
v -0.692641 0.624659 -0.13118
v -0.692034 0.62366 -0.133515
v -0.691513 0.622071 -0.135519
v -0.691113 0.62 -0.137057
v -0.668872 0.617588 -0.131212
v -0.669212 0.62 -0.130272
v -0.669751 0.622071 -0.128778
v -0.670455 0.62366 -0.12683
v -0.671274 0.624659 -0.124561
v -0.612072 0.624659 -0.09337
v -0.610664 0.62366 -0.095328
v -0.609455 0.622071 -0.09701
v -0.608527 0.62 -0.0983
v -0.589891 0.617588 -0.084827
v -0.590547 0.62 -0.084073
v -0.591589 0.622071 -0.082874
v -0.592948 0.62366 -0.08131
v -0.59453 0.624659 -0.07949
v -0.545477 0.62 -0.032367
v -0.546808 0.622071 -0.031498
v -0.548542 0.62366 -0.030365
v -0.550561 0.624659 -0.029047
v -0.532955 0.617588 -0.013079
v -0.533838 0.62 -0.012612
v -0.535243 0.622071 -0.01187
v -0.537074 0.62366 -0.010902
v -0.539206 0.624659 -0.009774
v -0.509472 0.617588 0.05166
v -0.510449 0.62 0.051868
v -0.512004 0.622071 0.052199
v -0.51403 0.62366 0.05263
v -0.516389 0.624659 0.053132
v -0.512748 0.624659 0.075202
v -0.510353 0.62366 0.07492
v -0.508296 0.622071 0.074677
v -0.506718 0.62 0.074491
v -0.505726 0.617588 0.074374
v -0.46664 0.617588 0.405894
v -0.467632 0.62 0.406011
v -0.469211 0.622071 0.406197
v -0.471267 0.62366 0.40644
v -0.473663 0.624659 0.406722
v -0.416646 0.624659 0.457412
v -0.427019 0.624659 0.456467
v -0.416646 0.62366 0.455
v -0.426583 0.62366 0.454095
v -0.416646 0.622071 0.452929
v -0.426209 0.622071 0.452058
v -0.416646 0.62 0.45134
v -0.425922 0.62 0.450495
v -0.416646 0.617588 0.450341
v -0.425741 0.617588 0.449512
v -0.442745 0.617588 0.443047
v -0.434538 0.617588 0.447054
v -0.450093 0.617588 0.437623
v -0.45634 0.617588 0.43096
v -0.461281 0.617588 0.423278
v -0.464752 0.617588 0.41483
v -0.434893 0.62 0.447988
v -0.443263 0.62 0.443901
v -0.450757 0.62 0.438369
v -0.457128 0.62 0.431574
v -0.462167 0.62 0.42374
v -0.465707 0.62 0.415125
v -0.435458 0.622071 0.449473
v -0.444087 0.622071 0.44526
v -0.451813 0.622071 0.439557
v -0.458381 0.622071 0.432552
v -0.463576 0.622071 0.424475
v -0.467226 0.622071 0.415593
v -0.436194 0.62366 0.451409
v -0.445161 0.62366 0.447031
v -0.453189 0.62366 0.441105
v -0.460014 0.62366 0.433825
v -0.465412 0.62366 0.425433
v -0.469205 0.62366 0.416203
v -0.437051 0.624659 0.453663
v -0.446411 0.624659 0.449093
v -0.454791 0.624659 0.442907
v -0.461916 0.624659 0.435309
v -0.467551 0.624659 0.426548
v -0.47151 0.624659 0.416913
v 0.736228 -0.115 -0.145785
v 0.736228 0.115 -0.145785
v 0.783049 -0.115 -0.149059
v 0.783049 0.115 -0.149059
v 0.736926 0.125 -0.135809
v 0.749482 0.125 0.043752
v 0.783746 0.125 -0.139083
v 0.796302 0.125 0.040478
v 0.797 -0.115 0.050454
v 0.797 0.115 0.050454
v 0.75018 -0.115 0.053728
v 0.75018 0.115 0.053728
v 0.783746 -0.125 -0.139083
v 0.796302 -0.125 0.040478
v 0.736926 -0.125 -0.135809
v 0.749482 -0.125 0.043752
v 0.713331 0.115 -0.143118
v 0.713331 -0.115 -0.143118
v 0.70513 0.115 -0.141386
v 0.70513 -0.115 -0.141386
v 0.690776 0.115 -0.138354
v 0.690776 -0.115 -0.138354
v 0.674761 0.115 -0.133392
v 0.674761 -0.115 -0.133392
v 0.668757 0.115 -0.131532
v 0.668757 -0.115 -0.131532
v 0.647459 0.115 -0.122711
v 0.647459 -0.115 -0.122711
v 0.645606 0.115 -0.121735
v 0.645606 -0.115 -0.121735
v 0.627064 0.115 -0.111966
v 0.627064 -0.115 -0.111966
v 0.618283 0.115 -0.106249
v 0.618283 -0.115 -0.106249
v 0.607745 0.115 -0.099388
v 0.607745 -0.115 -0.099388
v 0.592953 0.115 -0.087684
v 0.592953 -0.115 -0.087684
v 0.589668 0.115 -0.085084
v 0.589668 -0.115 -0.085084
v 0.572985 0.115 -0.069176
v 0.572985 -0.115 -0.069176
v 0.570231 0.115 -0.066017
v 0.570231 -0.115 -0.066017
v 0.557837 0.115 -0.051798
v 0.557837 -0.115 -0.051798
v 0.550484 0.115 -0.041599
v 0.550484 -0.115 -0.041599
v 0.544356 0.115 -0.0331
v 0.544356 -0.115 -0.0331
v 0.533717 0.115 -0.015043
v 0.533717 -0.115 -0.015043
v 0.532653 0.115 -0.013238
v 0.532653 -0.115 -0.013238
v 0.52283 0.115 0.007616
v 0.52283 -0.115 0.007616
v 0.520687 0.115 0.013525
v 0.520687 -0.115 0.013525
v 0.51497 0.115 0.029287
v 0.51497 -0.115 0.029287
v 0.511259 0.115 0.043481
v 0.511259 -0.115 0.043481
v 0.509139 0.115 0.05159
v 0.509139 -0.115 0.05159
v 0.505387 0.115 0.074335
v 0.505387 -0.115 0.074335
v 0.714944 0.125 -0.133249
v 0.739244 0.125 0.045366
v 0.693292 0.125 -0.128676
v 0.672153 0.125 -0.122127
v 0.729437 0.125 0.048717
v 0.515318 0.125 0.075505
v 0.69408 0.125 0.096581
v 0.51892 0.125 0.05367
v 0.696178 0.125 0.086431
v 0.699992 0.125 0.076794
v 0.532064 0.125 0.011456
v 0.524518 0.125 0.03226
v 0.705407 0.125 0.067957
v 0.552728 0.125 -0.027631
v 0.541494 0.125 -0.008565
v 0.720352 0.125 0.053705
v 0.596228 0.125 -0.077537
v 0.712262 0.125 0.060183
v 0.580212 0.125 -0.062265
v 0.565671 0.125 -0.045582
v 0.651707 0.125 -0.113659
v 0.632128 0.125 -0.103343
v 0.613582 0.125 -0.091268
v 0.704012 0.115 0.097752
v 0.704012 -0.115 0.097752
v 0.70576 0.115 0.089294
v 0.70576 -0.115 0.089294
v 0.706819 0.115 0.086618
v 0.706819 -0.115 0.086618
v 0.708938 0.115 0.081263
v 0.708938 -0.115 0.081263
v 0.711947 0.115 0.076352
v 0.711947 -0.115 0.076352
v 0.71345 0.115 0.073898
v 0.71345 -0.115 0.073898
v 0.719163 0.115 0.06742
v 0.719163 -0.115 0.06742
v 0.725905 0.115 0.062022
v 0.725905 -0.115 0.062022
v 0.728427 0.115 0.060637
v 0.728427 -0.115 0.060637
v 0.733475 0.115 0.057865
v 0.733475 -0.115 0.057865
v 0.738925 0.115 0.056003
v 0.738925 -0.115 0.056003
v 0.741648 0.115 0.055072
v 0.741648 -0.115 0.055072
v 0.515318 -0.125 0.075505
v 0.51892 -0.125 0.05367
v 0.69408 -0.125 0.096581
v 0.696178 -0.125 0.086431
v 0.714944 -0.125 -0.133249
v 0.739244 -0.125 0.045366
v 0.729437 -0.125 0.048717
v 0.672153 -0.125 -0.122127
v 0.693292 -0.125 -0.128676
v 0.720352 -0.125 0.053705
v 0.632128 -0.125 -0.103343
v 0.651707 -0.125 -0.113659
v 0.712262 -0.125 0.060183
v 0.596228 -0.125 -0.077537
v 0.613582 -0.125 -0.091268
v 0.699992 -0.125 0.076794
v 0.552728 -0.125 -0.027631
v 0.705407 -0.125 0.067957
v 0.565671 -0.125 -0.045582
v 0.580212 -0.125 -0.062265
v 0.524518 -0.125 0.03226
v 0.532064 -0.125 0.011456
v 0.541494 -0.125 -0.008565
v 0.466302 -0.115 0.405854
v 0.466302 0.115 0.405854
v 0.476233 0.125 0.407025
v 0.654995 0.125 0.428101
v 0.664926 -0.115 0.429272
v 0.664926 0.115 0.429272
v 0.476233 -0.125 0.407025
v 0.654995 -0.125 0.428101
v 0.464427 0.115 0.41473
v 0.464427 -0.115 0.41473
v 0.463278 0.115 0.417525
v 0.463278 -0.115 0.417525
v 0.460979 0.115 0.423121
v 0.460979 -0.115 0.423121
v 0.457707 0.115 0.428209
v 0.457707 -0.115 0.428209
v 0.456072 0.115 0.43075
v 0.456072 -0.115 0.43075
v 0.449867 0.115 0.437368
v 0.449867 -0.115 0.437368
v 0.442568 0.115 0.442755
v 0.442568 -0.115 0.442755
v 0.439853 0.115 0.444081
v 0.439853 -0.115 0.444081
v 0.434417 0.115 0.446735
v 0.434417 -0.115 0.446735
v 0.42859 0.115 0.448364
v 0.42859 -0.115 0.448364
v 0.42568 0.115 0.449177
v 0.42568 -0.115 0.449177
v 0.416646 0.115 0.45
v 0.416646 -0.115 0.45
v 0.416646 0.125 0.46
v 0.416646 0.125 0.64
v 0.438417 0.125 0.63901
v 0.427487 0.125 0.459012
v 0.651463 0.125 0.449607
v 0.473983 0.125 0.417676
v 0.469846 0.125 0.427745
v 0.638635 0.125 0.491218
v 0.645995 0.125 0.470704
v 0.463957 0.125 0.4369
v 0.6185 0.125 0.529826
v 0.629445 0.125 0.510979
v 0.521944 0.125 0.615667
v 0.447753 0.125 0.451306
v 0.437971 0.125 0.456082
v 0.456511 0.125 0.444841
v 0.591721 0.125 0.564161
v 0.605891 0.125 0.547602
v 0.460009 0.125 0.63605
v 0.481244 0.125 0.631143
v 0.501946 0.125 0.62433
v 0.541074 0.125 0.605226
v 0.559178 0.125 0.593092
v 0.576107 0.125 0.579366
v 0.661247 -0.115 0.451674
v 0.661247 0.115 0.451674
v 0.658658 -0.115 0.461663
v 0.658658 0.115 0.461663
v 0.655551 -0.115 0.47365
v 0.655551 0.115 0.47365
v 0.648581 -0.115 0.493077
v 0.648581 0.115 0.493077
v 0.647885 -0.115 0.495018
v 0.647885 0.115 0.495018
v 0.638312 -0.115 0.515604
v 0.638312 0.115 0.515604
v 0.634166 -0.115 0.522741
v 0.634166 0.115 0.522741
v 0.626911 -0.115 0.535235
v 0.626911 0.115 0.535235
v 0.616163 -0.115 0.550386
v 0.616163 0.115 0.550386
v 0.613776 -0.115 0.553752
v 0.613776 0.115 0.553752
v 0.599016 -0.115 0.571001
v 0.599016 0.115 0.571001
v 0.594581 -0.115 0.575319
v 0.594581 0.115 0.575319
v 0.582751 -0.115 0.586839
v 0.582751 0.115 0.586839
v 0.569925 -0.115 0.597239
v 0.569925 0.115 0.597239
v 0.565117 -0.115 0.601137
v 0.565117 0.115 0.601137
v 0.546259 -0.115 0.613777
v 0.546259 0.115 0.613777
v 0.542637 -0.115 0.615753
v 0.542637 0.115 0.615753
v 0.526332 -0.115 0.624653
v 0.526332 0.115 0.624653
v 0.513074 -0.115 0.630396
v 0.513074 0.115 0.630396
v 0.5055 -0.115 0.633677
v 0.5055 0.115 0.633677
v 0.483936 -0.115 0.640774
v 0.483936 0.115 0.640774
v 0.481926 -0.115 0.641238
v 0.481926 0.115 0.641238
v 0.461816 -0.115 0.645885
v 0.461816 0.115 0.645885
v 0.449548 -0.115 0.647568
v 0.449548 0.115 0.647568
v 0.439325 -0.115 0.648969
v 0.439325 0.115 0.648969
v 0.416646 -0.115 0.65
v 0.416646 0.115 0.65
v 0.416646 -0.125 0.64
v 0.416646 -0.125 0.46
v 0.438417 -0.125 0.63901
v 0.427487 -0.125 0.459012
v 0.460009 -0.125 0.63605
v 0.481244 -0.125 0.631143
v 0.437971 -0.125 0.456082
v 0.501946 -0.125 0.62433
v 0.521944 -0.125 0.615667
v 0.447753 -0.125 0.451306
v 0.541074 -0.125 0.605226
v 0.559178 -0.125 0.593092
v 0.456511 -0.125 0.444841
v 0.576107 -0.125 0.579366
v 0.591721 -0.125 0.564161
v 0.463957 -0.125 0.4369
v 0.605891 -0.125 0.547602
v 0.6185 -0.125 0.529826
v 0.469846 -0.125 0.427745
v 0.629445 -0.125 0.510979
v 0.638635 -0.125 0.491218
v 0.473983 -0.125 0.417676
v 0.645995 -0.125 0.470704
v 0.651463 -0.125 0.449607
v 0.4 -0.125 0.46
v 0.4 -0.125 0.64
v 0.4 -0.115 0.45
v 0.4 0.115 0.45
v 0.4 0.125 0.46
v 0.4 0.125 0.64
v 0.4 -0.115 0.65
v 0.4 0.115 0.65
v 0.806278 -0.115 0.039781
v 0.793722 -0.115 -0.139781
v 0.806278 0.115 0.039781
v 0.793722 0.115 -0.139781
v 0.4 -0.124659 0.642588
v 0.4 -0.117588 0.649659
v 0.4 -0.12366 0.645
v 0.4 -0.122071 0.647071
v 0.4 -0.12 0.64866
v 0.4 -0.117588 0.450341
v 0.4 -0.12 0.45134
v 0.4 0.12366 0.645
v 0.4 0.117588 0.649659
v 0.4 0.122071 0.647071
v 0.4 0.12 0.64866
v 0.4 0.124659 0.642588
v 0.4 0.124659 0.457412
v 0.4 0.12 0.45134
v 0.4 0.12366 0.455
v 0.4 0.122071 0.452929
v 0.4 0.117588 0.450341
v 0.4 -0.122071 0.452929
v 0.4 -0.12366 0.455
v 0.4 -0.124659 0.457412
v 0.416646 0.124659 0.642588
v 0.416646 0.12366 0.645
v 0.416646 0.122071 0.647071
v 0.416646 0.12 0.64866
v 0.416646 0.117588 0.649659
v 0.461755 0.117588 0.64555
v 0.526182 0.117588 0.624347
v 0.582525 0.117588 0.586585
v 0.626624 0.117588 0.535051
v 0.63801 0.117588 0.515446
v 0.655225 0.117588 0.473549
v 0.660914 0.117588 0.451603
v 0.657199 0.124708 0.428361
v 0.653995 0.124659 0.450142
v 0.657565 0.124659 0.428404
v 0.659277 0.123945 0.428606
v 0.656355 0.12366 0.45064
v 0.659961 0.12366 0.428686
v 0.661136 0.122752 0.428825
v 0.658381 0.122071 0.451068
v 0.662017 0.122071 0.428929
v 0.662693 0.121184 0.429008
v 0.659936 0.12 0.451397
v 0.663596 0.12 0.429115
v 0.663879 0.119312 0.429148
v 0.664588 0.117588 0.429232
v 0.593609 0.124659 0.565931
v 0.577827 0.124659 0.5813
v 0.595368 0.12366 0.567581
v 0.579429 0.12366 0.583103
v 0.596879 0.122071 0.568997
v 0.580805 0.122071 0.58465
v 0.598038 0.12 0.570084
v 0.581861 0.12 0.585838
v 0.598767 0.117588 0.570768
v 0.542416 0.124659 0.607439
v 0.52308 0.124659 0.617993
v 0.543667 0.12366 0.609501
v 0.524138 0.12366 0.62016
v 0.54474 0.122071 0.611272
v 0.525047 0.122071 0.622021
v 0.545564 0.12 0.612631
v 0.525744 0.12 0.623449
v 0.546082 0.117588 0.613485
v 0.481941 0.124659 0.633636
v 0.460477 0.124659 0.638596
v 0.48259 0.12366 0.635958
v 0.460913 0.12366 0.640968
v 0.483147 0.122071 0.637953
v 0.461287 0.122071 0.643005
v 0.483575 0.12 0.639484
v 0.461574 0.12 0.644568
v 0.483844 0.117588 0.640446
v 0.664636 0.11722 0.429237
v 0.648468 0.124659 0.471466
v 0.650773 0.12366 0.472177
v 0.652752 0.122071 0.472787
v 0.654271 0.12 0.473255
v 0.64757 0.117588 0.494889
v 0.646646 0.12 0.494509
v 0.645176 0.122071 0.493905
v 0.64326 0.12366 0.493118
v 0.641029 0.124659 0.492201
v 0.63174 0.124659 0.512176
v 0.633878 0.12366 0.513291
v 0.635715 0.122071 0.514249
v 0.637124 0.12 0.514984
v 0.620677 0.124659 0.531226
v 0.622706 0.12366 0.532531
v 0.624447 0.122071 0.533651
v 0.625784 0.12 0.534511
v 0.613507 0.117588 0.553542
v 0.61272 0.12 0.552928
v 0.611466 0.122071 0.551951
v 0.609833 0.12366 0.550677
v 0.607932 0.124659 0.549194
v 0.564915 0.117588 0.600863
v 0.564322 0.12 0.600059
v 0.563378 0.122071 0.598781
v 0.562148 0.12366 0.597115
v 0.560715 0.124659 0.595174
v 0.505379 0.117588 0.633358
v 0.505024 0.12 0.632425
v 0.504459 0.122071 0.630939
v 0.503723 0.12366 0.629003
v 0.502866 0.124659 0.626749
v 0.439294 0.117588 0.64863
v 0.439203 0.12 0.647635
v 0.439059 0.122071 0.646052
v 0.438871 0.12366 0.64399
v 0.438652 0.124659 0.641588
v 0.416646 -0.117588 0.649659
v 0.416646 -0.12 0.64866
v 0.416646 -0.122071 0.647071
v 0.416646 -0.12366 0.645
v 0.416646 -0.124659 0.642588
v 0.703721 0.11722 0.097718
v 0.703673 0.117588 0.097712
v 0.702964 0.119312 0.097628
v 0.702681 0.12 0.097595
v 0.701779 0.121184 0.097489
v 0.701103 0.122071 0.097409
v 0.700222 0.122752 0.097305
v 0.699046 0.12366 0.097166
v 0.698363 0.123945 0.097086
v 0.696651 0.124659 0.096884
v 0.696285 0.124708 0.096841
v 0.416646 0.117588 0.450341
v 0.416646 0.12 0.45134
v 0.416646 0.122071 0.452929
v 0.416646 0.12366 0.455
v 0.416646 0.124659 0.457412
v 0.64757 -0.117588 0.494889
v 0.626624 -0.117588 0.535051
v 0.582525 -0.117588 0.586585
v 0.526182 -0.117588 0.624347
v 0.505379 -0.117588 0.633358
v 0.461755 -0.117588 0.64555
v 0.439294 -0.117588 0.64863
v 0.657199 -0.124708 0.428361
v 0.653995 -0.124659 0.450142
v 0.657565 -0.124659 0.428404
v 0.659277 -0.123945 0.428606
v 0.656355 -0.12366 0.45064
v 0.659961 -0.12366 0.428686
v 0.661136 -0.122752 0.428825
v 0.658381 -0.122071 0.451068
v 0.662017 -0.122071 0.428929
v 0.662693 -0.121184 0.429008
v 0.659936 -0.12 0.451397
v 0.560715 -0.124659 0.595174
v 0.577827 -0.124659 0.5813
v 0.562148 -0.12366 0.597115
v 0.579429 -0.12366 0.583103
v 0.563378 -0.122071 0.598781
v 0.580805 -0.122071 0.58465
v 0.564322 -0.12 0.600059
v 0.581861 -0.12 0.585838
v 0.564915 -0.117588 0.600863
v 0.607932 -0.124659 0.549194
v 0.620677 -0.124659 0.531226
v 0.609833 -0.12366 0.550677
v 0.622706 -0.12366 0.532531
v 0.611466 -0.122071 0.551951
v 0.624447 -0.122071 0.533651
v 0.61272 -0.12 0.552928
v 0.625784 -0.12 0.534511
v 0.613507 -0.117588 0.553542
v 0.641029 -0.124659 0.492201
v 0.648468 -0.124659 0.471466
v 0.64326 -0.12366 0.493118
v 0.650773 -0.12366 0.472177
v 0.645176 -0.122071 0.493905
v 0.652752 -0.122071 0.472787
v 0.646646 -0.12 0.494509
v 0.654271 -0.12 0.473255
v 0.655225 -0.117588 0.473549
v 0.660914 -0.117588 0.451603
v 0.438652 -0.124659 0.641588
v 0.438871 -0.12366 0.64399
v 0.439059 -0.122071 0.646052
v 0.439203 -0.12 0.647635
v 0.460477 -0.124659 0.638596
v 0.460913 -0.12366 0.640968
v 0.461287 -0.122071 0.643005
v 0.461574 -0.12 0.644568
v 0.483844 -0.117588 0.640446
v 0.483575 -0.12 0.639484
v 0.483147 -0.122071 0.637953
v 0.48259 -0.12366 0.635958
v 0.481941 -0.124659 0.633636
v 0.502866 -0.124659 0.626749
v 0.503723 -0.12366 0.629003
v 0.504459 -0.122071 0.630939
v 0.505024 -0.12 0.632425
v 0.52308 -0.124659 0.617993
v 0.524138 -0.12366 0.62016
v 0.525047 -0.122071 0.622021
v 0.525744 -0.12 0.623449
v 0.546082 -0.117588 0.613485
v 0.545564 -0.12 0.612631
v 0.54474 -0.122071 0.611272
v 0.543667 -0.12366 0.609501
v 0.542416 -0.124659 0.607439
v 0.598767 -0.117588 0.570768
v 0.598038 -0.12 0.570084
v 0.596879 -0.122071 0.568997
v 0.595368 -0.12366 0.567581
v 0.593609 -0.124659 0.565931
v 0.63801 -0.117588 0.515446
v 0.637124 -0.12 0.514984
v 0.635715 -0.122071 0.514249
v 0.633878 -0.12366 0.513291
v 0.63174 -0.124659 0.512176
v 0.663596 -0.12 0.429115
v 0.663879 -0.119312 0.429148
v 0.664588 -0.117588 0.429232
v 0.664636 -0.11722 0.429237
v 0.705433 0.117588 0.089196
v 0.713176 0.117588 0.073696
v 0.708633 0.117588 0.08111
v 0.718928 0.117588 0.067174
v 0.725716 0.117588 0.061739
v 0.733338 0.117588 0.057553
v 0.741566 0.117588 0.054742
v 0.750156 0.117588 0.053388
v 0.704476 0.12 0.08891
v 0.707739 0.12 0.080664
v 0.712372 0.12 0.073102
v 0.718238 0.12 0.066451
v 0.725161 0.12 0.060908
v 0.732934 0.12 0.056639
v 0.741326 0.12 0.053772
v 0.750086 0.12 0.052391
v 0.702954 0.122071 0.088455
v 0.706317 0.122071 0.079954
v 0.711094 0.122071 0.072158
v 0.717141 0.122071 0.065301
v 0.724278 0.122071 0.059586
v 0.732292 0.122071 0.055185
v 0.740944 0.122071 0.052229
v 0.749976 0.122071 0.050806
v 0.700969 0.12366 0.087862
v 0.704465 0.12366 0.079028
v 0.709428 0.12366 0.070928
v 0.715712 0.12366 0.063802
v 0.723128 0.12366 0.057864
v 0.731456 0.12366 0.053291
v 0.740446 0.12366 0.050219
v 0.749831 0.12366 0.04874
v 0.698658 0.124659 0.087172
v 0.702307 0.124659 0.077951
v 0.707488 0.124659 0.069495
v 0.714048 0.124659 0.062056
v 0.721789 0.124659 0.055858
v 0.730482 0.124659 0.051084
v 0.739866 0.124659 0.047878
v 0.749663 0.124659 0.046334
v 0.473663 0.124659 0.406722
v 0.47151 0.124659 0.416913
v 0.471267 0.12366 0.40644
v 0.469205 0.12366 0.416203
v 0.469211 0.122071 0.406197
v 0.467226 0.122071 0.415593
v 0.467632 0.12 0.406011
v 0.465707 0.12 0.415125
v 0.46664 0.117588 0.405894
v 0.464752 0.117588 0.41483
v 0.45634 0.117588 0.43096
v 0.461281 0.117588 0.423278
v 0.450093 0.117588 0.437623
v 0.442745 0.117588 0.443047
v 0.434538 0.117588 0.447054
v 0.425741 0.117588 0.449512
v 0.462167 0.12 0.42374
v 0.457128 0.12 0.431574
v 0.450757 0.12 0.438369
v 0.443263 0.12 0.443901
v 0.434893 0.12 0.447988
v 0.425922 0.12 0.450495
v 0.463576 0.122071 0.424475
v 0.458381 0.122071 0.432552
v 0.451813 0.122071 0.439557
v 0.444087 0.122071 0.44526
v 0.435458 0.122071 0.449473
v 0.426209 0.122071 0.452058
v 0.465412 0.12366 0.425433
v 0.460014 0.12366 0.433825
v 0.453189 0.12366 0.441105
v 0.445161 0.12366 0.447031
v 0.436194 0.12366 0.451409
v 0.426583 0.12366 0.454095
v 0.467551 0.124659 0.426548
v 0.461916 0.124659 0.435309
v 0.454791 0.124659 0.442907
v 0.446411 0.124659 0.449093
v 0.437051 0.124659 0.453663
v 0.427019 0.124659 0.456467
v 0.696285 -0.124708 0.096841
v 0.696651 -0.124659 0.096884
v 0.698363 -0.123945 0.097086
v 0.699046 -0.12366 0.097166
v 0.700222 -0.122752 0.097305
v 0.701103 -0.122071 0.097409
v 0.701779 -0.121184 0.097489
v 0.702681 -0.12 0.097595
v 0.702964 -0.119312 0.097628
v 0.703673 -0.117588 0.097712
v 0.703721 -0.11722 0.097718
v 0.796998 0.11523 0.050424
v 0.796995 0.115597 0.050376
v 0.79699 0.116072 0.050313
v 0.796985 0.116611 0.050242
v 0.79698 0.117162 0.05017
v 0.796976 0.117588 0.050114
v 0.79691 0.119875 0.049169
v 0.796957 0.118268 0.049833
v 0.796972 0.117742 0.05005
v 0.796907 0.12 0.049117
v 0.796815 0.121704 0.047813
v 0.796796 0.122071 0.047532
v 0.796695 0.123174 0.046098
v 0.796651 0.12366 0.045466
v 0.796556 0.124224 0.044109
v 0.796405 0.124807 0.041941
v 0.796483 0.124659 0.04306
v 0.512748 0.124659 0.075202
v 0.510353 0.12366 0.07492
v 0.508296 0.122071 0.074677
v 0.506718 0.12 0.074491
v 0.505726 0.117588 0.074374
v 0.749663 -0.124659 0.046334
v 0.739866 -0.124659 0.047878
v 0.749831 -0.12366 0.04874
v 0.740446 -0.12366 0.050219
v 0.749976 -0.122071 0.050806
v 0.750086 -0.12 0.052391
v 0.741326 -0.12 0.053772
v 0.725716 -0.117588 0.061739
v 0.733338 -0.117588 0.057553
v 0.741566 -0.117588 0.054742
v 0.750156 -0.117588 0.053388
v 0.718928 -0.117588 0.067174
v 0.713176 -0.117588 0.073696
v 0.708633 -0.117588 0.08111
v 0.705433 -0.117588 0.089196
v 0.704476 -0.12 0.08891
v 0.707739 -0.12 0.080664
v 0.712372 -0.12 0.073102
v 0.718238 -0.12 0.066451
v 0.725161 -0.12 0.060908
v 0.732934 -0.12 0.056639
v 0.740944 -0.122071 0.052229
v 0.732292 -0.122071 0.055185
v 0.724278 -0.122071 0.059586
v 0.717141 -0.122071 0.065301
v 0.711094 -0.122071 0.072158
v 0.706317 -0.122071 0.079954
v 0.702954 -0.122071 0.088455
v 0.700969 -0.12366 0.087862
v 0.704465 -0.12366 0.079028
v 0.709428 -0.12366 0.070928
v 0.715712 -0.12366 0.063802
v 0.723128 -0.12366 0.057864
v 0.731456 -0.12366 0.053291
v 0.730482 -0.124659 0.051084
v 0.721789 -0.124659 0.055858
v 0.714048 -0.124659 0.062056
v 0.707488 -0.124659 0.069495
v 0.702307 -0.124659 0.077951
v 0.698658 -0.124659 0.087172
v 0.7983 0.124088 0.044141
v 0.798071 0.12305 0.046142
v 0.797515 0.117563 0.050068
v 0.798058 0.117226 0.050068
v 0.798512 0.116777 0.050068
v 0.798854 0.116237 0.050068
v 0.799066 0.115635 0.050068
v 0.797752 0.121598 0.047852
v 0.798425 0.12466 0.041951
v 0.798442 0.124718 0.040329
v 0.798884 0.124659 0.040298
v 0.800534 0.12394 0.041951
v 0.800551 0.123967 0.040181
v 0.80129 0.12366 0.04013
v 0.802428 0.122766 0.041951
v 0.802438 0.122778 0.040049
v 0.803356 0.122071 0.039985
v 0.804011 0.121198 0.041951
v 0.804018 0.121207 0.039939
v 0.804942 0.12 0.039874
v 0.805202 0.119315 0.041951
v 0.805219 0.119328 0.039855
v 0.805938 0.117588 0.039805
v 0.805942 0.117214 0.041951
v 0.805985 0.117228 0.039801
v 0.806193 0.115 0.041951
v 0.797359 0.119807 0.049183
v 0.798408 0.119449 0.049183
v 0.79935 0.118864 0.049183
v 0.800138 0.118084 0.049183
v 0.800731 0.117147 0.049183
v 0.801099 0.116102 0.049183
v 0.799138 0.115 0.050068
v 0.799199 0.115 0.050042
v 0.801224 0.115 0.049183
v 0.801257 0.115 0.04916
v 0.802886 0.116512 0.047852
v 0.802381 0.117947 0.047852
v 0.801567 0.119233 0.047852
v 0.800486 0.120304 0.047852
v 0.799192 0.121106 0.047852
v 0.803058 0.115 0.047852
v 0.803066 0.115 0.047842
v 0.804536 0.115 0.046152
v 0.804335 0.116845 0.046142
v 0.803718 0.118596 0.046142
v 0.802725 0.120165 0.046142
v 0.801406 0.121471 0.046142
v 0.799828 0.12245 0.046142
v 0.800283 0.123411 0.044141
v 0.802065 0.122306 0.044141
v 0.803554 0.120831 0.044141
v 0.804675 0.11906 0.044141
v 0.805372 0.117083 0.044141
v 0.804544 0.115 0.046142
v 0.805589 0.115 0.044176
v 0.805608 0.115 0.044141
v 0.806176 0.115 0.042016
v 0.690862 0.117588 -0.138024
v 0.627236 0.117588 -0.111672
v 0.607944 0.117588 -0.099112
v 0.558104 0.117588 -0.051587
v 0.544641 0.117588 -0.032913
v 0.515295 0.117588 0.029388
v 0.509472 0.117588 0.05166
v 0.539206 0.124659 -0.009774
v 0.550561 0.124659 -0.029047
v 0.537074 0.12366 -0.010902
v 0.548542 0.12366 -0.030365
v 0.535243 0.122071 -0.01187
v 0.546808 0.122071 -0.031498
v 0.533838 0.12 -0.012612
v 0.545477 0.12 -0.032367
v 0.532955 0.117588 -0.013079
v 0.59453 0.124659 -0.07949
v 0.612072 0.124659 -0.09337
v 0.592948 0.12366 -0.08131
v 0.610664 0.12366 -0.095328
v 0.591589 0.122071 -0.082874
v 0.609455 0.122071 -0.09701
v 0.590547 0.12 -0.084073
v 0.608527 0.12 -0.0983
v 0.589891 0.117588 -0.084827
v 0.671274 0.124659 -0.124561
v 0.692641 0.124659 -0.13118
v 0.670455 0.12366 -0.12683
v 0.692034 0.12366 -0.133515
v 0.669751 0.122071 -0.128778
v 0.691513 0.122071 -0.135519
v 0.669212 0.12 -0.130272
v 0.691113 0.12 -0.137057
v 0.668872 0.117588 -0.131212
v 0.516389 0.124659 0.053132
v 0.51403 0.12366 0.05263
v 0.512004 0.122071 0.052199
v 0.510449 0.12 0.051868
v 0.522047 0.124659 0.03149
v 0.519744 0.12366 0.030773
v 0.517766 0.122071 0.030158
v 0.516249 0.12 0.029685
v 0.523145 0.117588 0.007747
v 0.524067 0.12 0.008131
v 0.525535 0.122071 0.008741
v 0.527447 0.12366 0.009536
v 0.529674 0.124659 0.010462
v 0.563643 0.124659 -0.047191
v 0.561754 0.12366 -0.04869
v 0.560132 0.122071 -0.049978
v 0.558887 0.12 -0.050966
v 0.573231 0.117588 -0.06894
v 0.573953 0.12 -0.06825
v 0.575101 0.122071 -0.067152
v 0.576598 0.12366 -0.06572
v 0.578341 0.124659 -0.064053
v 0.627742 0.12 -0.110811
v 0.628547 0.122071 -0.109441
v 0.629596 0.12366 -0.107655
v 0.630817 0.124659 -0.105575
v 0.647603 0.117588 -0.122403
v 0.648028 0.12 -0.121499
v 0.648703 0.122071 -0.12006
v 0.649583 0.12366 -0.118185
v 0.650607 0.124659 -0.116002
v 0.713386 0.117588 -0.142782
v 0.713547 0.12 -0.141796
v 0.713804 0.122071 -0.140228
v 0.714138 0.12366 -0.138184
v 0.714527 0.124659 -0.135804
v 0.736746 0.124659 -0.138391
v 0.736577 0.12366 -0.140797
v 0.736433 0.122071 -0.142863
v 0.736322 0.12 -0.144448
v 0.736252 0.117588 -0.145445
v 0.796405 -0.124807 0.041941
v 0.796483 -0.124659 0.04306
v 0.796556 -0.124224 0.044109
v 0.796651 -0.12366 0.045466
v 0.796695 -0.123174 0.046098
v 0.796796 -0.122071 0.047532
v 0.796815 -0.121704 0.047813
v 0.796976 -0.117573 0.050116
v 0.796982 -0.116965 0.050196
v 0.796907 -0.12 0.049117
v 0.796972 -0.117742 0.05005
v 0.796976 -0.117588 0.050114
v 0.796988 -0.116325 0.05028
v 0.796993 -0.115739 0.050357
v 0.796997 -0.11528 0.050417
v 0.799138 -0.115 0.050068
v 0.799199 -0.115 0.050042
v 0.801224 -0.115 0.049183
v 0.801257 -0.115 0.04916
v 0.803058 -0.115 0.047852
v 0.803066 -0.115 0.047842
v 0.804536 -0.115 0.046152
v 0.806193 -0.115 0.041951
v 0.806176 -0.115 0.042016
v 0.805608 -0.115 0.044141
v 0.805589 -0.115 0.044176
v 0.804544 -0.115 0.046142
v 0.786328 0.124659 -0.139264
v 0.788734 0.12366 -0.139432
v 0.788742 0.123654 -0.139433
v 0.7908 0.122071 -0.139576
v 0.792385 0.12 -0.139687
v 0.792389 0.11999 -0.139688
v 0.793382 0.117588 -0.139757
v 0.783597 0.124718 -0.141223
v 0.783566 0.124659 -0.141665
v 0.783449 0.123966 -0.143334
v 0.783397 0.12366 -0.144071
v 0.783317 0.122772 -0.145225
v 0.783253 0.122071 -0.146137
v 0.783206 0.121189 -0.146812
v 0.783142 0.12 -0.147722
v 0.783121 0.11928 -0.14802
v 0.783072 0.117588 -0.148719
v 0.783072 0.117573 -0.148721
v 0.783067 0.116965 -0.148801
v 0.783066 0.116902 -0.148809
v 0.783061 0.116325 -0.148885
v 0.783055 0.115739 -0.148962
v 0.783051 0.11528 -0.149022
v 0.80129 -0.12366 0.04013
v 0.801299 -0.123654 0.040129
v 0.801248 -0.123566 0.041951
v 0.804942 -0.12 0.039874
v 0.804946 -0.11999 0.039874
v 0.804868 -0.119945 0.041951
v 0.805856 -0.11756 0.041951
v 0.805938 -0.117588 0.039805
v 0.798884 -0.124659 0.040298
v 0.798862 -0.124554 0.041951
v 0.798711 -0.123988 0.044141
v 0.798436 -0.122961 0.046142
v 0.798051 -0.121525 0.047852
v 0.797576 -0.119754 0.049183
v 0.797036 -0.117739 0.050068
v 0.797014 -0.117656 0.050093
v 0.79772 -0.117456 0.050068
v 0.796997 -0.117594 0.050111
v 0.797003 -0.117615 0.050105
v 0.799041 -0.115734 0.050068
v 0.801056 -0.116274 0.049183
v 0.802827 -0.116748 0.047852
v 0.804263 -0.117133 0.046142
v 0.805291 -0.117408 0.044141
v 0.798758 -0.116418 0.050068
v 0.800565 -0.117461 0.049183
v 0.802153 -0.118378 0.047852
v 0.80344 -0.119121 0.046142
v 0.804361 -0.119653 0.044141
v 0.798307 -0.117005 0.050068
v 0.799783 -0.11848 0.049183
v 0.801079 -0.119777 0.047852
v 0.80213 -0.120828 0.046142
v 0.802882 -0.12158 0.044141
v 0.803296 -0.121994 0.041951
v 0.803356 -0.122071 0.039985
v 0.798763 -0.119262 0.049183
v 0.79968 -0.12085 0.047852
v 0.800423 -0.122138 0.046142
v 0.800955 -0.123059 0.044141
v 0.785286 0.115 -0.148964
v 0.783746 0.115 -0.149083
v 0.785908 0.115579 -0.148829
v 0.783167 0.117162 -0.148829
v 0.783746 0.117238 -0.148829
v 0.783746 0.124767 -0.14123
v 0.78863 0.123458 -0.14123
v 0.792205 0.119883 -0.14123
v 0.79318 0.117528 -0.14123
v 0.783746 0.124039 -0.143361
v 0.783746 0.122852 -0.145276
v 0.783746 0.121266 -0.146876
v 0.783746 0.119363 -0.148081
v 0.793457 0.115 -0.141219
v 0.793317 0.115 -0.141983
v 0.792477 0.117339 -0.143361
v 0.792733 0.115 -0.143339
v 0.792431 0.115 -0.14404
v 0.791331 0.117032 -0.145276
v 0.791553 0.115 -0.145243
v 0.791111 0.115 -0.145848
v 0.789799 0.116622 -0.146876
v 0.789976 0.115 -0.146834
v 0.789421 0.115 -0.147317
v 0.787961 0.116129 -0.148081
v 0.786274 0.124434 -0.14123
v 0.786086 0.123731 -0.143361
v 0.788266 0.122828 -0.143361
v 0.785778 0.122584 -0.145276
v 0.787672 0.1218 -0.145276
v 0.785368 0.121053 -0.146876
v 0.786879 0.120427 -0.146876
v 0.784876 0.119214 -0.148081
v 0.785928 0.118779 -0.148081
v 0.784326 0.117162 -0.148829
v 0.784865 0.116938 -0.148829
v 0.790653 0.121906 -0.14123
v 0.790138 0.121391 -0.143361
v 0.789298 0.120552 -0.145276
v 0.788177 0.119431 -0.146876
v 0.786831 0.118085 -0.148081
v 0.785329 0.116583 -0.148829
v 0.791574 0.119519 -0.143361
v 0.790546 0.118926 -0.145276
v 0.789173 0.118133 -0.146876
v 0.787525 0.117182 -0.148081
v 0.785685 0.116119 -0.148829
v 0.788083 0.115 -0.148033
v 0.787446 0.115 -0.148374
v 0.78597 0.115 -0.148777
v 0.786328 -0.124659 -0.139264
v 0.788734 -0.12366 -0.139432
v 0.788742 -0.123654 -0.139433
v 0.7908 -0.122071 -0.139576
v 0.792385 -0.12 -0.139687
v 0.792389 -0.11999 -0.139688
v 0.793382 -0.117588 -0.139757
v 0.783746 -0.115 -0.149083
v 0.785286 -0.115 -0.148964
v 0.78597 -0.115 -0.148777
v 0.787446 -0.115 -0.148374
v 0.788083 -0.115 -0.148033
v 0.789421 -0.115 -0.147317
v 0.789976 -0.115 -0.146834
v 0.791111 -0.115 -0.145848
v 0.791553 -0.115 -0.145243
v 0.792431 -0.115 -0.14404
v 0.792733 -0.115 -0.143339
v 0.793317 -0.115 -0.141983
v 0.793457 -0.115 -0.141219
v 0.784326 -0.117162 -0.148829
v 0.783746 -0.117238 -0.148829
v 0.784865 -0.116938 -0.148829
v 0.785329 -0.116583 -0.148829
v 0.787961 -0.116129 -0.148081
v 0.789799 -0.116622 -0.146876
v 0.791331 -0.117032 -0.145276
v 0.783597 -0.124718 -0.141223
v 0.783746 -0.124767 -0.14123
v 0.783566 -0.124659 -0.141665
v 0.783449 -0.123966 -0.143334
v 0.783746 -0.124039 -0.143361
v 0.783142 -0.12 -0.147722
v 0.783121 -0.11928 -0.14802
v 0.783746 -0.119363 -0.148081
v 0.783066 -0.116902 -0.148809
v 0.783061 -0.116325 -0.148885
v 0.783051 -0.11528 -0.149022
v 0.783055 -0.115739 -0.148962
v 0.783067 -0.116965 -0.148801
v 0.783167 -0.117162 -0.148829
v 0.783072 -0.117573 -0.148721
v 0.783072 -0.117588 -0.148719
v 0.783397 -0.12366 -0.144071
v 0.783317 -0.122772 -0.145225
v 0.783746 -0.122852 -0.145276
v 0.783253 -0.122071 -0.146137
v 0.786274 -0.124434 -0.14123
v 0.790653 -0.121906 -0.14123
v 0.792205 -0.119883 -0.14123
v 0.79318 -0.117528 -0.14123
v 0.792477 -0.117339 -0.143361
v 0.791574 -0.119519 -0.143361
v 0.790546 -0.118926 -0.145276
v 0.790138 -0.121391 -0.143361
v 0.78863 -0.123458 -0.14123
v 0.785368 -0.121053 -0.146876
v 0.783746 -0.121266 -0.146876
v 0.783206 -0.121189 -0.146812
v 0.789173 -0.118133 -0.146876
v 0.789298 -0.120552 -0.145276
v 0.788266 -0.122828 -0.143361
v 0.785928 -0.118779 -0.148081
v 0.784876 -0.119214 -0.148081
v 0.786086 -0.123731 -0.143361
v 0.787672 -0.1218 -0.145276
v 0.788177 -0.119431 -0.146876
v 0.787525 -0.117182 -0.148081
v 0.785908 -0.115579 -0.148829
v 0.785778 -0.122584 -0.145276
v 0.786879 -0.120427 -0.146876
v 0.786831 -0.118085 -0.148081
v 0.785685 -0.116119 -0.148829
v 0.736252 -0.117588 -0.145445
v 0.736322 -0.12 -0.144448
v 0.736433 -0.122071 -0.142863
v 0.736577 -0.12366 -0.140797
v 0.736746 -0.124659 -0.138391
v 0.515295 -0.117588 0.029388
v 0.544641 -0.117588 -0.032913
v 0.558104 -0.117588 -0.051587
v 0.607944 -0.117588 -0.099112
v 0.627236 -0.117588 -0.111672
v 0.690862 -0.117588 -0.138024
v 0.713386 -0.117588 -0.142782
v 0.650607 -0.124659 -0.116002
v 0.630817 -0.124659 -0.105575
v 0.649583 -0.12366 -0.118185
v 0.629596 -0.12366 -0.107655
v 0.648703 -0.122071 -0.12006
v 0.628547 -0.122071 -0.109441
v 0.648028 -0.12 -0.121499
v 0.627742 -0.12 -0.110811
v 0.647603 -0.117588 -0.122403
v 0.578341 -0.124659 -0.064053
v 0.563643 -0.124659 -0.047191
v 0.576598 -0.12366 -0.06572
v 0.561754 -0.12366 -0.04869
v 0.575101 -0.122071 -0.067152
v 0.560132 -0.122071 -0.049978
v 0.573953 -0.12 -0.06825
v 0.558887 -0.12 -0.050966
v 0.573231 -0.117588 -0.06894
v 0.529674 -0.124659 0.010462
v 0.522047 -0.124659 0.03149
v 0.527447 -0.12366 0.009536
v 0.519744 -0.12366 0.030773
v 0.525535 -0.122071 0.008741
v 0.517766 -0.122071 0.030158
v 0.524067 -0.12 0.008131
v 0.516249 -0.12 0.029685
v 0.523145 -0.117588 0.007747
v 0.714527 -0.124659 -0.135804
v 0.714138 -0.12366 -0.138184
v 0.713804 -0.122071 -0.140228
v 0.713547 -0.12 -0.141796
v 0.692641 -0.124659 -0.13118
v 0.692034 -0.12366 -0.133515
v 0.691513 -0.122071 -0.135519
v 0.691113 -0.12 -0.137057
v 0.668872 -0.117588 -0.131212
v 0.669212 -0.12 -0.130272
v 0.669751 -0.122071 -0.128778
v 0.670455 -0.12366 -0.12683
v 0.671274 -0.124659 -0.124561
v 0.612072 -0.124659 -0.09337
v 0.610664 -0.12366 -0.095328
v 0.609455 -0.122071 -0.09701
v 0.608527 -0.12 -0.0983
v 0.589891 -0.117588 -0.084827
v 0.590547 -0.12 -0.084073
v 0.591589 -0.122071 -0.082874
v 0.592948 -0.12366 -0.08131
v 0.59453 -0.124659 -0.07949
v 0.545477 -0.12 -0.032367
v 0.546808 -0.122071 -0.031498
v 0.548542 -0.12366 -0.030365
v 0.550561 -0.124659 -0.029047
v 0.532955 -0.117588 -0.013079
v 0.533838 -0.12 -0.012612
v 0.535243 -0.122071 -0.01187
v 0.537074 -0.12366 -0.010902
v 0.539206 -0.124659 -0.009774
v 0.509472 -0.117588 0.05166
v 0.510449 -0.12 0.051868
v 0.512004 -0.122071 0.052199
v 0.51403 -0.12366 0.05263
v 0.516389 -0.124659 0.053132
v 0.512748 -0.124659 0.075202
v 0.510353 -0.12366 0.07492
v 0.508296 -0.122071 0.074677
v 0.506718 -0.12 0.074491
v 0.505726 -0.117588 0.074374
v 0.46664 -0.117588 0.405894
v 0.467632 -0.12 0.406011
v 0.469211 -0.122071 0.406197
v 0.471267 -0.12366 0.40644
v 0.473663 -0.124659 0.406722
v 0.416646 -0.124659 0.457412
v 0.427019 -0.124659 0.456467
v 0.416646 -0.12366 0.455
v 0.426583 -0.12366 0.454095
v 0.416646 -0.122071 0.452929
v 0.426209 -0.122071 0.452058
v 0.416646 -0.12 0.45134
v 0.425922 -0.12 0.450495
v 0.416646 -0.117588 0.450341
v 0.425741 -0.117588 0.449512
v 0.442745 -0.117588 0.443047
v 0.434538 -0.117588 0.447054
v 0.450093 -0.117588 0.437623
v 0.45634 -0.117588 0.43096
v 0.461281 -0.117588 0.423278
v 0.464752 -0.117588 0.41483
v 0.434893 -0.12 0.447988
v 0.443263 -0.12 0.443901
v 0.450757 -0.12 0.438369
v 0.457128 -0.12 0.431574
v 0.462167 -0.12 0.42374
v 0.465707 -0.12 0.415125
v 0.435458 -0.122071 0.449473
v 0.444087 -0.122071 0.44526
v 0.451813 -0.122071 0.439557
v 0.458381 -0.122071 0.432552
v 0.463576 -0.122071 0.424475
v 0.467226 -0.122071 0.415593
v 0.436194 -0.12366 0.451409
v 0.445161 -0.12366 0.447031
v 0.453189 -0.12366 0.441105
v 0.460014 -0.12366 0.433825
v 0.465412 -0.12366 0.425433
v 0.469205 -0.12366 0.416203
v 0.437051 -0.124659 0.453663
v 0.446411 -0.124659 0.449093
v 0.454791 -0.124659 0.442907
v 0.461916 -0.124659 0.435309
v 0.467551 -0.124659 0.426548
v 0.47151 -0.124659 0.416913
v 0.226169 -0.501158 1.001
v 0.222691 -0.501158 1.001
v 0.226169 -0.501158 1.0
newmtl 2
Ka 1.0 1.0 1.0
Kd 1.0 1.0 1.0
Ks 0.5019607843137255 0.5019607843137255 0.5019607843137255
d 0.0
endmtl
v 0.222691 -0.501158 1.0
v 0.226169 -0.489009 1.001
v 0.226169 -0.489009 1.0
v 0.253198 -0.489009 1.001
v 0.253198 -0.489009 1.0
v 0.253198 -0.485071 1.001
v 0.253198 -0.485071 1.0
v 0.222691 -0.485071 1.001
v 0.222691 -0.485071 1.0
v 0.222177 -0.516801 1.001
v 0.222177 -0.516801 1.0
v 0.222241 -0.518675 1.0
v 0.222241 -0.518675 1.001
v 0.222434 -0.520414 1.0
v 0.222434 -0.520414 1.001
v 0.222742 -0.521983 1.0
v 0.222742 -0.521983 1.001
v 0.223156 -0.523395 1.0
v 0.223156 -0.523395 1.001
v 0.223667 -0.524666 1.0
v 0.223667 -0.524666 1.001
v 0.223955 -0.525247 1.0
v 0.223955 -0.525247 1.001
v 0.227729 -0.525247 1.001
v 0.227729 -0.525247 1.0
v 0.227103 -0.52409 1.0
v 0.227103 -0.52409 1.001
v 0.22659 -0.522867 1.0
v 0.22659 -0.522867 1.001
v 0.22619 -0.521573 1.0
v 0.22619 -0.521573 1.001
v 0.225905 -0.520201 1.0
v 0.225905 -0.520201 1.001
v 0.225735 -0.518744 1.0
v 0.225735 -0.518744 1.001
v 0.225686 -0.517371 1.0
v 0.225686 -0.517371 1.001
v 0.225751 -0.516035 1.0
v 0.225751 -0.516035 1.001
v 0.225944 -0.514779 1.0
v 0.225944 -0.514779 1.001
v 0.226256 -0.513622 1.0
v 0.226256 -0.513622 1.001
v 0.226683 -0.512554 1.0
v 0.226683 -0.512554 1.001
v 0.22722 -0.511564 1.0
v 0.22722 -0.511564 1.001
v 0.22787 -0.510644 1.0
v 0.22787 -0.510644 1.001
v 0.228635 -0.509788 1.0
v 0.228635 -0.509788 1.001
v 0.228899 -0.509533 1.0
v 0.228899 -0.509533 1.001
v 0.229796 -0.508791 1.0
v 0.229796 -0.508791 1.001
v 0.230772 -0.508154 1.0
v 0.230772 -0.508154 1.001
v 0.231828 -0.507622 1.0
v 0.231828 -0.507622 1.001
v 0.232971 -0.507194 1.0
v 0.232971 -0.507194 1.001
v 0.234211 -0.50687 1.0
v 0.234211 -0.50687 1.001
v 0.235558 -0.506652 1.0
v 0.235558 -0.506652 1.001
v 0.237023 -0.506548 1.0
v 0.237023 -0.506548 1.001
v 0.237601 -0.506539 1.0
v 0.237601 -0.506539 1.001
v 0.23919 -0.506604 1.0
v 0.23919 -0.506604 1.001
v 0.240677 -0.506797 1.0
v 0.240677 -0.506797 1.001
v 0.242034 -0.507107 1.0
v 0.242034 -0.507107 1.001
v 0.243274 -0.507528 1.0
v 0.243274 -0.507528 1.001
v 0.244409 -0.508054 1.0
v 0.244409 -0.508054 1.001
v 0.245449 -0.508682 1.0
v 0.245449 -0.508682 1.001
v 0.246402 -0.509412 1.0
v 0.246402 -0.509412 1.001
v 0.246772 -0.509744 1.0
v 0.246772 -0.509744 1.001
v 0.247612 -0.510631 1.0
v 0.247612 -0.510631 1.001
v 0.24833 -0.51158 1.0
v 0.24833 -0.51158 1.001
v 0.248923 -0.512584 1.0
v 0.248923 -0.512584 1.001
v 0.249398 -0.513648 1.0
v 0.249398 -0.513648 1.001
v 0.249759 -0.514778 1.0
v 0.249759 -0.514778 1.001
v 0.250005 -0.515983 1.0
v 0.250005 -0.515983 1.001
v 0.250136 -0.517272 1.0
v 0.250136 -0.517272 1.001
v 0.250156 -0.518057 1.0
v 0.250156 -0.518057 1.001
v 0.250091 -0.519532 1.0
v 0.250091 -0.519532 1.001
v 0.249896 -0.520953 1.0
v 0.249896 -0.520953 1.001
v 0.249575 -0.522306 1.0
v 0.249575 -0.522306 1.001
v 0.249132 -0.523597 1.0
v 0.249132 -0.523597 1.001
v 0.248567 -0.524837 1.0
v 0.248567 -0.524837 1.001
v 0.248347 -0.525247 1.0
v 0.248347 -0.525247 1.001
v 0.252465 -0.525247 1.001
v 0.252465 -0.525247 1.0
v 0.252906 -0.524062 1.0
v 0.252906 -0.524062 1.001
v 0.253254 -0.522751 1.0
v 0.253254 -0.522751 1.001
v 0.253511 -0.521277 1.0
v 0.253511 -0.521277 1.001
v 0.253667 -0.519622 1.0
v 0.253667 -0.519622 1.001
v 0.253712 -0.518018 1.0
v 0.253712 -0.518018 1.001
v 0.253647 -0.516416 1.0
v 0.253647 -0.516416 1.001
v 0.253453 -0.51489 1.0
v 0.253453 -0.51489 1.001
v 0.253137 -0.513458 1.0
v 0.253137 -0.513458 1.001
v 0.252703 -0.512112 1.0
v 0.252703 -0.512112 1.001
v 0.252156 -0.510843 1.0
v 0.252156 -0.510843 1.001
v 0.251494 -0.509645 1.0
v 0.251494 -0.509645 1.001
v 0.250717 -0.50851 1.0
v 0.250717 -0.50851 1.001
v 0.249821 -0.507434 1.0
v 0.249821 -0.507434 1.001
v 0.249221 -0.506812 1.0
v 0.249221 -0.506812 1.001
v 0.248171 -0.505874 1.0
v 0.248171 -0.505874 1.001
v 0.247051 -0.505049 1.0
v 0.247051 -0.505049 1.001
v 0.245865 -0.504339 1.0
v 0.245865 -0.504339 1.001
v 0.244607 -0.503741 1.0
v 0.244607 -0.503741 1.001
v 0.243272 -0.503252 1.0
v 0.243272 -0.503252 1.001
v 0.241851 -0.502871 1.0
v 0.241851 -0.502871 1.001
v 0.240338 -0.5026 1.0
v 0.240338 -0.5026 1.001
v 0.238721 -0.502444 1.0
v 0.238721 -0.502444 1.001
v 0.237367 -0.502406 1.0
v 0.237367 -0.502406 1.001
v 0.235645 -0.502471 1.0
v 0.235645 -0.502471 1.001
v 0.234019 -0.502664 1.0
v 0.234019 -0.502664 1.001
v 0.232516 -0.502978 1.0
v 0.232516 -0.502978 1.001
v 0.231126 -0.503404 1.0
v 0.231126 -0.503404 1.001
v 0.229838 -0.503937 1.0
v 0.229838 -0.503937 1.001
v 0.228644 -0.504576 1.0
v 0.228644 -0.504576 1.001
v 0.227536 -0.505319 1.0
v 0.227536 -0.505319 1.001
v 0.226557 -0.506121 1.0
v 0.226557 -0.506121 1.001
v 0.226341 -0.506321 1.0
v 0.226341 -0.506321 1.001
v 0.225423 -0.507274 1.0
v 0.225423 -0.507274 1.001
v 0.224621 -0.508297 1.0
v 0.224621 -0.508297 1.001
v 0.223938 -0.509384 1.0
v 0.223938 -0.509384 1.001
v 0.223367 -0.510539 1.0
v 0.223367 -0.510539 1.001
v 0.222907 -0.511769 1.0
v 0.222907 -0.511769 1.001
v 0.222556 -0.51308 1.0
v 0.222556 -0.51308 1.001
v 0.222317 -0.514481 1.0
v 0.222317 -0.514481 1.001
v 0.222193 -0.515982 1.0
v 0.222193 -0.515982 1.001
v 0.226169 -0.54776 1.001
v 0.222691 -0.54776 1.001
v 0.226169 -0.54776 1.0
v 0.222691 -0.54776 1.0
v 0.226169 -0.535291 1.001
v 0.226169 -0.535291 1.0
v 0.236432 -0.535291 1.001
v 0.236432 -0.535291 1.0
v 0.236432 -0.546201 1.001
v 0.236432 -0.546201 1.0
v 0.239925 -0.546201 1.001
v 0.239925 -0.546201 1.0
v 0.239925 -0.535291 1.001
v 0.239925 -0.535291 1.0
v 0.249689 -0.535291 1.001
v 0.249689 -0.535291 1.0
v 0.249689 -0.547066 1.001
v 0.249689 -0.547066 1.0
v 0.253198 -0.547066 1.001
v 0.253198 -0.547066 1.0
v 0.253198 -0.531353 1.001
v 0.253198 -0.531353 1.0
v 0.222691 -0.531353 1.001
v 0.222691 -0.531353 1.0
v 0.227162 -0.567588 1.001
v 0.224252 -0.56971 1.001
v 0.227685 -0.568699 1.001
v 0.224908 -0.570983 1.001
v 0.228307 -0.569704 1.001
v 0.225674 -0.572177 1.001
v 0.229028 -0.570614 1.001
v 0.226552 -0.573298 1.001
v 0.229351 -0.57096 1.001
v 0.226965 -0.573759 1.001
v 0.230193 -0.571735 1.001
v 0.227968 -0.574739 1.001
v 0.231117 -0.572404 1.001
v 0.22904 -0.5756 1.001
v 0.232122 -0.572968 1.001
v 0.230173 -0.576339 1.001
v 0.233217 -0.57343 1.001
v 0.241185 -0.57396 1.001
v 0.242798 -0.577782 1.001
v 0.242456 -0.57365 1.001
v 0.244089 -0.577349 1.001
v 0.243593 -0.573233 1.001
v 0.245295 -0.576803 1.001
v 0.24461 -0.572717 1.001
v 0.246421 -0.576147 1.001
v 0.245519 -0.572105 1.001
v 0.247477 -0.575377 1.001
v 0.248468 -0.574491 1.001
v 0.246331 -0.571397 1.001
v 0.249158 -0.573759 1.001
v 0.246819 -0.570874 1.001
v 0.250071 -0.572622 1.001
v 0.247549 -0.569924 1.001
v 0.250866 -0.57142 1.001
v 0.248171 -0.568895 1.001
v 0.251541 -0.570156 1.001
v 0.248688 -0.567784 1.001
v 0.252101 -0.568826 1.001
v 0.2491 -0.566584 1.001
v 0.252547 -0.567423 1.001
v 0.249407 -0.565284 1.001
v 0.25288 -0.56594 1.001
v 0.249605 -0.563875 1.001
v 0.253096 -0.56437 1.001
v 0.249686 -0.562383 1.001
v 0.253193 -0.562703 1.001
v 0.249689 -0.56207 1.001
v 0.253198 -0.562226 1.001
v 0.249689 -0.557461 1.001
v 0.253198 -0.553523 1.001
v 0.226169 -0.557461 1.001
v 0.222691 -0.553523 1.001
v 0.226169 -0.56189 1.001
v 0.222691 -0.561914 1.001
v 0.226235 -0.563504 1.001
v 0.222757 -0.563672 1.001
v 0.226429 -0.565004 1.001
v 0.222953 -0.565341 1.001
v 0.226741 -0.566361 1.001
v 0.223271 -0.566898 1.001
v 0.223706 -0.568351 1.001
v 0.231371 -0.57696 1.001
v 0.232639 -0.577468 1.001
v 0.23441 -0.573789 1.001
v 0.233985 -0.577864 1.001
v 0.235711 -0.574044 1.001
v 0.235416 -0.578147 1.001
v 0.237133 -0.574188 1.001
v 0.236941 -0.578314 1.001
v 0.238225 -0.574219 1.001
v 0.238334 -0.57836 1.001
v 0.239764 -0.574154 1.001
v 0.239914 -0.578295 1.001
v 0.241409 -0.578099 1.001
v 0.247549 -0.569924 1.0
v 0.250071 -0.572622 1.0
v 0.246819 -0.570874 1.0
v 0.249158 -0.573759 1.0
v 0.246331 -0.571397 1.0
v 0.248468 -0.574491 1.0
v 0.245519 -0.572105 1.0
v 0.247477 -0.575377 1.0
v 0.24461 -0.572717 1.0
v 0.246421 -0.576147 1.0
v 0.243593 -0.573233 1.0
v 0.245295 -0.576803 1.0
v 0.242456 -0.57365 1.0
v 0.227685 -0.568699 1.0
v 0.224252 -0.56971 1.0
v 0.227162 -0.567588 1.0
v 0.223706 -0.568351 1.0
v 0.226741 -0.566361 1.0
v 0.223271 -0.566898 1.0
v 0.226429 -0.565004 1.0
v 0.222953 -0.565341 1.0
v 0.226235 -0.563504 1.0
v 0.222757 -0.563672 1.0
v 0.226169 -0.56189 1.0
v 0.222691 -0.561914 1.0
v 0.226169 -0.557461 1.0
v 0.222691 -0.553523 1.0
v 0.249689 -0.557461 1.0
v 0.253198 -0.553523 1.0
v 0.249689 -0.56207 1.0
v 0.253198 -0.562226 1.0
v 0.249686 -0.562383 1.0
v 0.253193 -0.562703 1.0
v 0.249605 -0.563875 1.0
v 0.253096 -0.56437 1.0
v 0.249407 -0.565284 1.0
v 0.25288 -0.56594 1.0
v 0.2491 -0.566584 1.0
v 0.252547 -0.567423 1.0
v 0.248688 -0.567784 1.0
v 0.252101 -0.568826 1.0
v 0.248171 -0.568895 1.0
v 0.251541 -0.570156 1.0
v 0.250866 -0.57142 1.0
v 0.23441 -0.573789 1.0
v 0.232639 -0.577468 1.0
v 0.233217 -0.57343 1.0
v 0.231371 -0.57696 1.0
v 0.232122 -0.572968 1.0
v 0.230173 -0.576339 1.0
v 0.231117 -0.572404 1.0
v 0.22904 -0.5756 1.0
v 0.230193 -0.571735 1.0
v 0.227968 -0.574739 1.0
v 0.229351 -0.57096 1.0
v 0.226965 -0.573759 1.0
v 0.229028 -0.570614 1.0
v 0.226552 -0.573298 1.0
v 0.228307 -0.569704 1.0
v 0.225674 -0.572177 1.0
v 0.224908 -0.570983 1.0
v 0.244089 -0.577349 1.0
v 0.242798 -0.577782 1.0
v 0.241185 -0.57396 1.0
v 0.241409 -0.578099 1.0
v 0.239764 -0.574154 1.0
v 0.239914 -0.578295 1.0
v 0.238225 -0.574219 1.0
v 0.238334 -0.57836 1.0
v 0.237133 -0.574188 1.0
v 0.236941 -0.578314 1.0
v 0.235711 -0.574044 1.0
v 0.235416 -0.578147 1.0
v 0.233985 -0.577864 1.0
v 0.234482 -0.588584 1.001
v 0.247162 -0.593146 1.001
v 0.253198 -0.591672 1.001
v 0.222691 -0.580052 1.001
v 0.222691 -0.584404 1.001
v 0.231035 -0.587336 1.001
v 0.248072 -0.59341 1.001
v 0.249299 -0.593645 1.001
v 0.253198 -0.595883 1.001
v 0.249299 -0.593738 1.001
v 0.248008 -0.593985 1.001
v 0.247162 -0.594214 1.001
v 0.234482 -0.598823 1.001
v 0.222691 -0.607502 1.001
v 0.222691 -0.603151 1.001
v 0.231035 -0.600039 1.001
v 0.231035 -0.587336 1.0
v 0.234482 -0.588584 1.0
v 0.231035 -0.600039 1.0
v 0.234482 -0.598823 1.0
v 0.247162 -0.594214 1.0
v 0.253198 -0.595883 1.0
v 0.222691 -0.607502 1.0
v 0.222691 -0.603151 1.0
v 0.248008 -0.593985 1.0
v 0.249299 -0.593738 1.0
v 0.253198 -0.591672 1.0
v 0.249299 -0.593645 1.0
v 0.248072 -0.59341 1.0
v 0.247162 -0.593146 1.0
v 0.222691 -0.580052 1.0
v 0.222691 -0.584404 1.0
v 0.177774 -0.501478 1.001
v 0.174296 -0.501478 1.001
v 0.177774 -0.501478 1.0
v 0.174296 -0.501478 1.0
v 0.177774 -0.489009 1.001
v 0.177774 -0.489009 1.0
v 0.188036 -0.489009 1.001
v 0.188036 -0.489009 1.0
v 0.188036 -0.499918 1.001
v 0.188036 -0.499918 1.0
v 0.19153 -0.499918 1.001
v 0.19153 -0.499918 1.0
v 0.19153 -0.489009 1.001
v 0.19153 -0.489009 1.0
v 0.201293 -0.489009 1.001
v 0.201293 -0.489009 1.0
v 0.201293 -0.500784 1.001
v 0.201293 -0.500784 1.0
v 0.204802 -0.500784 1.001
v 0.204802 -0.500784 1.0
v 0.204802 -0.485071 1.001
v 0.204802 -0.485071 1.0
v 0.174296 -0.485071 1.001
v 0.174296 -0.485071 1.0
v 0.174296 -0.518821 1.001
v 0.174296 -0.522642 1.001
v 0.177665 -0.518821 1.001
v 0.188317 -0.522642 1.001
v 0.193026 -0.516605 1.001
v 0.192699 -0.517136 1.001
v 0.195665 -0.519144 1.001
v 0.180732 -0.51843 1.001
v 0.180002 -0.518111 1.001
v 0.188145 -0.518821 1.001
v 0.184062 -0.511566 1.001
v 0.184315 -0.512464 1.001
v 0.177665 -0.51872 1.001
v 0.195246 -0.519831 1.001
v 0.192295 -0.517586 1.001
v 0.194749 -0.520442 1.001
v 0.184543 -0.513721 1.001
v 0.185229 -0.518821 1.001
v 0.189617 -0.522589 1.001
v 0.182761 -0.509651 1.001
v 0.184183 -0.506281 1.001
v 0.182253 -0.509362 1.001
v 0.183513 -0.505875 1.001
v 0.181675 -0.509158 1.001
v 0.181518 -0.518654 1.001
v 0.182368 -0.518786 1.001
v 0.179783 -0.509064 1.001
v 0.178303 -0.505346 1.001
v 0.179188 -0.509221 1.001
v 0.177519 -0.505599 1.001
v 0.178664 -0.509473 1.001
v 0.194172 -0.520979 1.001
v 0.191804 -0.517968 1.001
v 0.193499 -0.521451 1.001
v 0.191225 -0.51828 1.001
v 0.192721 -0.521855 1.001
v 0.177528 -0.510614 1.001
v 0.174248 -0.509097 1.001
v 0.177245 -0.511173 1.001
v 0.174004 -0.509935 1.001
v 0.177048 -0.511801 1.001
v 0.176814 -0.505941 1.001
v 0.176179 -0.506371 1.001
v 0.178197 -0.509818 1.001
v 0.183139 -0.518821 1.001
v 0.175631 -0.506865 1.001
v 0.175497 -0.507007 1.001
v 0.177898 -0.510118 1.001
v 0.174994 -0.507638 1.001
v 0.174578 -0.508334 1.001
v 0.183778 -0.510875 1.001
v 0.187241 -0.512364 1.001
v 0.187008 -0.511077 1.001
v 0.191825 -0.522184 1.001
v 0.190543 -0.518527 1.001
v 0.190796 -0.522433 1.001
v 0.189741 -0.518704 1.001
v 0.188799 -0.518803 1.001
v 0.182781 -0.505557 1.001
v 0.181978 -0.505326 1.001
v 0.181016 -0.50904 1.001
v 0.181095 -0.505184 1.001
v 0.180441 -0.509011 1.001
v 0.180129 -0.505135 1.001
v 0.179179 -0.505188 1.001
v 0.18669 -0.509924 1.001
v 0.186301 -0.508934 1.001
v 0.183469 -0.51035 1.001
v 0.185852 -0.50809 1.001
v 0.183201 -0.510025 1.001
v 0.185345 -0.507374 1.001
v 0.184795 -0.506782 1.001
v 0.196008 -0.518375 1.001
v 0.196276 -0.517513 1.001
v 0.193271 -0.515978 1.001
v 0.196464 -0.516546 1.001
v 0.193427 -0.515239 1.001
v 0.196566 -0.515461 1.001
v 0.193479 -0.514407 1.001
v 0.196583 -0.514766 1.001
v 0.193432 -0.513374 1.001
v 0.196529 -0.513405 1.001
v 0.193279 -0.512309 1.001
v 0.19637 -0.512103 1.001
v 0.19302 -0.511268 1.001
v 0.196109 -0.510876 1.001
v 0.195751 -0.509719 1.001
v 0.192652 -0.510245 1.001
v 0.195298 -0.508624 1.001
v 0.192169 -0.509236 1.001
v 0.194751 -0.507586 1.001
v 0.191564 -0.508237 1.001
v 0.194555 -0.507264 1.001
v 0.190843 -0.507264 1.001
v 0.179321 -0.517696 1.001
v 0.178694 -0.517183 1.001
v 0.176953 -0.518265 1.001
v 0.178182 -0.516653 1.001
v 0.176212 -0.517682 1.001
v 0.177735 -0.516045 1.001
v 0.176969 -0.513879 1.001
v 0.17425 -0.51485 1.001
v 0.177128 -0.514667 1.001
v 0.1746 -0.515643 1.001
v 0.177384 -0.515386 1.001
v 0.175041 -0.516374 1.001
v 0.175577 -0.517053 1.001
v 0.173847 -0.510857 1.001
v 0.173783 -0.511851 1.001
v 0.176938 -0.512509 1.001
v 0.173781 -0.512044 1.001
v 0.176916 -0.513035 1.001
v 0.173834 -0.513048 1.001
v 0.173993 -0.513988 1.001
v 0.192699 -0.517136 1.0
v 0.195246 -0.519831 1.0
v 0.192295 -0.517586 1.0
v 0.194749 -0.520442 1.0
v 0.191804 -0.517968 1.0
v 0.193271 -0.515978 1.0
v 0.196276 -0.517513 1.0
v 0.193026 -0.516605 1.0
v 0.196008 -0.518375 1.0
v 0.195665 -0.519144 1.0
v 0.174296 -0.522642 1.0
v 0.174296 -0.518821 1.0
v 0.188317 -0.522642 1.0
v 0.177665 -0.518821 1.0
v 0.181518 -0.518654 1.0
v 0.180732 -0.51843 1.0
v 0.177665 -0.51872 1.0
v 0.176953 -0.518265 1.0
v 0.178182 -0.516653 1.0
v 0.176212 -0.517682 1.0
v 0.177735 -0.516045 1.0
v 0.175577 -0.517053 1.0
v 0.177384 -0.515386 1.0
v 0.175041 -0.516374 1.0
v 0.177128 -0.514667 1.0
v 0.182253 -0.509362 1.0
v 0.184183 -0.506281 1.0
v 0.182761 -0.509651 1.0
v 0.184795 -0.506782 1.0
v 0.183201 -0.510025 1.0
v 0.178197 -0.509818 1.0
v 0.176179 -0.506371 1.0
v 0.178664 -0.509473 1.0
v 0.176814 -0.505941 1.0
v 0.179188 -0.509221 1.0
v 0.178694 -0.517183 1.0
v 0.179321 -0.517696 1.0
v 0.180002 -0.518111 1.0
v 0.177898 -0.510118 1.0
v 0.175497 -0.507007 1.0
v 0.175631 -0.506865 1.0
v 0.177245 -0.511173 1.0
v 0.174248 -0.509097 1.0
v 0.177528 -0.510614 1.0
v 0.174578 -0.508334 1.0
v 0.174994 -0.507638 1.0
v 0.185229 -0.518821 1.0
v 0.189617 -0.522589 1.0
v 0.183139 -0.518821 1.0
v 0.182368 -0.518786 1.0
v 0.177519 -0.505599 1.0
v 0.178303 -0.505346 1.0
v 0.179783 -0.509064 1.0
v 0.179179 -0.505188 1.0
v 0.180441 -0.509011 1.0
v 0.180129 -0.505135 1.0
v 0.181016 -0.50904 1.0
v 0.176938 -0.512509 1.0
v 0.173783 -0.511851 1.0
v 0.177048 -0.511801 1.0
v 0.173847 -0.510857 1.0
v 0.174004 -0.509935 1.0
v 0.1746 -0.515643 1.0
v 0.17425 -0.51485 1.0
v 0.176969 -0.513879 1.0
v 0.173993 -0.513988 1.0
v 0.176916 -0.513035 1.0
v 0.173834 -0.513048 1.0
v 0.173781 -0.512044 1.0
v 0.185345 -0.507374 1.0
v 0.185852 -0.50809 1.0
v 0.183469 -0.51035 1.0
v 0.186301 -0.508934 1.0
v 0.183778 -0.510875 1.0
v 0.18669 -0.509924 1.0
v 0.184062 -0.511566 1.0
v 0.187008 -0.511077 1.0
v 0.184315 -0.512464 1.0
v 0.187241 -0.512364 1.0
v 0.192652 -0.510245 1.0
v 0.195298 -0.508624 1.0
v 0.195751 -0.509719 1.0
v 0.194172 -0.520979 1.0
v 0.193499 -0.521451 1.0
v 0.191225 -0.51828 1.0
v 0.192721 -0.521855 1.0
v 0.190543 -0.518527 1.0
v 0.191825 -0.522184 1.0
v 0.189741 -0.518704 1.0
v 0.190796 -0.522433 1.0
v 0.188799 -0.518803 1.0
v 0.188145 -0.518821 1.0
v 0.184543 -0.513721 1.0
v 0.181095 -0.505184 1.0
v 0.181978 -0.505326 1.0
v 0.181675 -0.509158 1.0
v 0.182781 -0.505557 1.0
v 0.183513 -0.505875 1.0
v 0.19302 -0.511268 1.0
v 0.196109 -0.510876 1.0
v 0.193279 -0.512309 1.0
v 0.19637 -0.512103 1.0
v 0.193432 -0.513374 1.0
v 0.196529 -0.513405 1.0
v 0.193479 -0.514407 1.0
v 0.196583 -0.514766 1.0
v 0.193427 -0.515239 1.0
v 0.196566 -0.515461 1.0
v 0.196464 -0.516546 1.0
v 0.194751 -0.507586 1.0
v 0.192169 -0.509236 1.0
v 0.194555 -0.507264 1.0
v 0.191564 -0.508237 1.0
v 0.190843 -0.507264 1.0
v 0.1769 -0.534106 1.001
v 0.1769 -0.534106 1.0
v 0.176954 -0.53304 1.0
v 0.176954 -0.53304 1.001
v 0.177115 -0.532 1.0
v 0.177115 -0.532 1.001
v 0.177382 -0.530989 1.0
v 0.177382 -0.530989 1.001
v 0.177754 -0.530001 1.0
v 0.177754 -0.530001 1.001
v 0.178236 -0.529029 1.0
v 0.178236 -0.529029 1.001
v 0.178832 -0.528068 1.0
v 0.178832 -0.528068 1.001
v 0.179006 -0.52782 1.0
v 0.179006 -0.52782 1.001
v 0.17506 -0.52782 1.001
v 0.17506 -0.52782 1.0
v 0.17462 -0.528823 1.0
v 0.17462 -0.528823 1.001
v 0.17427 -0.529888 1.0
v 0.17427 -0.529888 1.001
v 0.174013 -0.531023 1.0
v 0.174013 -0.531023 1.001
v 0.173849 -0.532233 1.0
v 0.173849 -0.532233 1.001
v 0.173783 -0.53348 1.0
v 0.173783 -0.53348 1.001
v 0.173781 -0.533731 1.0
v 0.173781 -0.533731 1.001
v 0.173834 -0.535052 1.0
v 0.173834 -0.535052 1.001
v 0.173992 -0.536277 1.0
v 0.173992 -0.536277 1.001
v 0.174246 -0.537381 1.0
v 0.174246 -0.537381 1.001
v 0.174586 -0.538376 1.0
v 0.174586 -0.538376 1.001
v 0.175009 -0.539271 1.0
v 0.175009 -0.539271 1.001
v 0.175512 -0.540079 1.0
v 0.175512 -0.540079 1.001
v 0.176041 -0.540746 1.0
v 0.176041 -0.540746 1.001
v 0.176622 -0.541305 1.0
v 0.176622 -0.541305 1.001
v 0.177243 -0.54175 1.0
v 0.177243 -0.54175 1.001
v 0.177906 -0.542091 1.0
v 0.177906 -0.542091 1.001
v 0.178616 -0.542335 1.0
v 0.178616 -0.542335 1.001
v 0.179382 -0.542484 1.0
v 0.179382 -0.542484 1.001
v 0.180222 -0.542535 1.0
v 0.180222 -0.542535 1.001
v 0.181068 -0.542482 1.0
v 0.181068 -0.542482 1.001
v 0.181852 -0.542325 1.0
v 0.181852 -0.542325 1.001
v 0.182561 -0.54207 1.0
v 0.182561 -0.54207 1.001
v 0.183205 -0.541723 1.0
v 0.183205 -0.541723 1.001
v 0.183825 -0.541256 1.0
v 0.183825 -0.541256 1.001
v 0.184339 -0.540725 1.0
v 0.184339 -0.540725 1.001
v 0.184855 -0.540036 1.0
v 0.184855 -0.540036 1.001
v 0.1854 -0.539133 1.0
v 0.1854 -0.539133 1.001
v 0.185972 -0.537981 1.0
v 0.185972 -0.537981 1.001
v 0.18657 -0.536535 1.0
v 0.18657 -0.536535 1.001
v 0.186648 -0.536328 1.0
v 0.186648 -0.536328 1.001
v 0.187398 -0.534545 1.0
v 0.187398 -0.534545 1.001
v 0.187931 -0.533486 1.0
v 0.187931 -0.533486 1.001
v 0.188338 -0.532842 1.0
v 0.188338 -0.532842 1.001
v 0.18852 -0.532616 1.0
v 0.18852 -0.532616 1.001
v 0.188892 -0.532271 1.0
v 0.188892 -0.532271 1.001
v 0.189325 -0.532018 1.0
v 0.189325 -0.532018 1.001
v 0.189817 -0.531857 1.0
v 0.189817 -0.531857 1.001
v 0.190383 -0.531785 1.0
v 0.190383 -0.531785 1.001
v 0.190547 -0.531782 1.0
v 0.190547 -0.531782 1.001
v 0.191083 -0.531835 1.0
v 0.191083 -0.531835 1.001
v 0.191573 -0.531992 1.0
v 0.191573 -0.531992 1.001
v 0.192008 -0.532247 1.0
v 0.192008 -0.532247 1.001
v 0.192398 -0.532601 1.0
v 0.192398 -0.532601 1.001
v 0.192668 -0.532944 1.0
v 0.192668 -0.532944 1.001
v 0.192992 -0.533496 1.0
v 0.192992 -0.533496 1.001
v 0.193234 -0.53412 1.0
v 0.193234 -0.53412 1.001
v 0.193396 -0.534833 1.0
v 0.193396 -0.534833 1.001
v 0.193474 -0.535649 1.0
v 0.193474 -0.535649 1.001
v 0.193479 -0.535954 1.0
v 0.193479 -0.535954 1.001
v 0.193426 -0.537069 1.0
v 0.193426 -0.537069 1.001
v 0.193266 -0.538135 1.0
v 0.193266 -0.538135 1.001
v 0.193006 -0.539144 1.0
v 0.193006 -0.539144 1.001
v 0.192646 -0.540104 1.0
v 0.192646 -0.540104 1.001
v 0.192187 -0.541021 1.0
v 0.192187 -0.541021 1.001
v 0.191904 -0.54149 1.0
v 0.191904 -0.54149 1.001
v 0.195616 -0.54149 1.001
v 0.195616 -0.54149 1.0
v 0.196003 -0.540409 1.0
v 0.196003 -0.540409 1.001
v 0.19629 -0.539288 1.0
v 0.19629 -0.539288 1.001
v 0.19648 -0.538115 1.0
v 0.19648 -0.538115 1.001
v 0.196574 -0.536881 1.0
v 0.196574 -0.536881 1.001
v 0.196583 -0.536328 1.0
v 0.196583 -0.536328 1.001
v 0.19653 -0.535107 1.0
v 0.19653 -0.535107 1.001
v 0.196371 -0.533961 1.0
v 0.196371 -0.533961 1.001
v 0.196115 -0.532908 1.0
v 0.196115 -0.532908 1.001
v 0.195766 -0.531941 1.0
v 0.195766 -0.531941 1.001
v 0.195329 -0.531049 1.0
v 0.195329 -0.531049 1.001
v 0.194852 -0.530292 1.0
v 0.194852 -0.530292 1.001
v 0.194297 -0.52961 1.0
v 0.194297 -0.52961 1.001
v 0.193695 -0.529042 1.0
v 0.193695 -0.529042 1.001
v 0.193061 -0.528595 1.0
v 0.193061 -0.528595 1.001
v 0.192391 -0.528258 1.0
v 0.192391 -0.528258 1.001
v 0.191682 -0.528022 1.0
v 0.191682 -0.528022 1.001
v 0.190924 -0.527883 1.0
v 0.190924 -0.527883 1.001
v 0.190204 -0.527844 1.0
v 0.190204 -0.527844 1.001
v 0.189339 -0.527897 1.0
v 0.189339 -0.527897 1.001
v 0.188534 -0.528055 1.0
v 0.188534 -0.528055 1.001
v 0.187806 -0.528311 1.0
v 0.187806 -0.528311 1.001
v 0.187146 -0.528659 1.0
v 0.187146 -0.528659 1.001
v 0.186757 -0.528928 1.0
v 0.186757 -0.528928 1.001
v 0.186279 -0.529359 1.0
v 0.186279 -0.529359 1.001
v 0.185791 -0.529944 1.0
v 0.185791 -0.529944 1.001
v 0.185262 -0.530741 1.0
v 0.185262 -0.530741 1.001
v 0.184689 -0.531791 1.0
v 0.184689 -0.531791 1.001
v 0.184072 -0.533143 1.0
v 0.184072 -0.533143 1.001
v 0.183872 -0.53363 1.0
v 0.183872 -0.53363 1.001
v 0.183146 -0.535436 1.0
v 0.183146 -0.535436 1.001
v 0.182597 -0.536579 1.0
v 0.182597 -0.536579 1.001
v 0.182151 -0.537326 1.0
v 0.182151 -0.537326 1.001
v 0.181922 -0.53763 1.0
v 0.181922 -0.53763 1.001
v 0.181514 -0.538038 1.0
v 0.181514 -0.538038 1.001
v 0.181062 -0.538335 1.0
v 0.181062 -0.538335 1.001
v 0.180579 -0.538521 1.0
v 0.180579 -0.538521 1.001
v 0.180053 -0.538606 1.0
v 0.180053 -0.538606 1.001
v 0.179848 -0.538613 1.0
v 0.179848 -0.538613 1.001
v 0.179247 -0.538561 1.0
v 0.179247 -0.538561 1.001
v 0.178719 -0.538405 1.0
v 0.178719 -0.538405 1.001
v 0.178276 -0.53816 1.0
v 0.178276 -0.53816 1.001
v 0.177901 -0.537827 1.0
v 0.177901 -0.537827 1.001
v 0.177578 -0.537391 1.0
v 0.177578 -0.537391 1.001
v 0.177317 -0.536856 1.0
v 0.177317 -0.536856 1.001
v 0.177112 -0.536195 1.0
v 0.177112 -0.536195 1.001
v 0.17697 -0.535382 1.0
v 0.17697 -0.535382 1.001
v 0.176903 -0.53439 1.0
v 0.176903 -0.53439 1.001
v 0.196084 -0.561477 1.001
v 0.196084 -0.565439 1.001
v 0.196084 -0.561477 1.0
v 0.196084 -0.565439 1.0
v 0.179677 -0.555527 1.001
v 0.179677 -0.555527 1.0
v 0.178661 -0.555235 1.0
v 0.178661 -0.555235 1.001
v 0.177914 -0.555059 1.0
v 0.177914 -0.555059 1.001
v 0.177914 -0.554958 1.001
v 0.177914 -0.554958 1.0
v 0.179708 -0.55449 1.001
v 0.179708 -0.55449 1.0
v 0.196084 -0.548797 1.001
v 0.196084 -0.548797 1.0
v 0.196084 -0.544524 1.001
v 0.196084 -0.544524 1.0
v 0.174343 -0.553071 1.001
v 0.174343 -0.553071 1.0
v 0.170381 -0.551394 1.001
v 0.170381 -0.551394 1.0
v 0.169469 -0.550943 1.0
v 0.169469 -0.550943 1.001
v 0.168795 -0.550485 1.0
v 0.168795 -0.550485 1.001
v 0.168218 -0.549942 1.0
v 0.168218 -0.549942 1.001
v 0.167807 -0.54938 1.0
v 0.167807 -0.54938 1.001
v 0.16752 -0.548768 1.0
v 0.16752 -0.548768 1.001
v 0.167356 -0.54811 1.0
v 0.167356 -0.54811 1.001
v 0.167309 -0.547479 1.0
v 0.167309 -0.547479 1.001
v 0.167374 -0.54665 1.0
v 0.167374 -0.54665 1.001
v 0.167572 -0.545802 1.0
v 0.167572 -0.545802 1.001
v 0.167745 -0.545312 1.0
v 0.167745 -0.545312 1.001
v 0.164345 -0.545312 1.001
v 0.164345 -0.545312 1.0
v 0.164144 -0.546219 1.0
v 0.164144 -0.546219 1.001
v 0.164044 -0.547278 1.0
v 0.164044 -0.547278 1.001
v 0.164033 -0.547776 1.0
v 0.164033 -0.547776 1.001
v 0.164097 -0.548716 1.0
v 0.164097 -0.548716 1.001
v 0.164288 -0.549612 1.0
v 0.164288 -0.549612 1.001
v 0.164602 -0.550457 1.0
v 0.164602 -0.550457 1.001
v 0.165038 -0.551259 1.0
v 0.165038 -0.551259 1.001
v 0.165602 -0.552027 1.0
v 0.165602 -0.552027 1.001
v 0.16632 -0.552781 1.0
v 0.16632 -0.552781 1.001
v 0.16718 -0.553496 1.0
v 0.16718 -0.553496 1.001
v 0.16821 -0.554188 1.0
v 0.16821 -0.554188 1.001
v 0.169434 -0.554857 1.0
v 0.169434 -0.554857 1.001
v 0.171005 -0.555551 1.0
v 0.171005 -0.555551 1.001
v 0.177774 -0.585963 1.001
v 0.174296 -0.585963 1.001
v 0.177774 -0.585963 1.0
v 0.174296 -0.585963 1.0
v 0.177774 -0.573494 1.001
v 0.177774 -0.573494 1.0
v 0.188036 -0.573494 1.001
v 0.188036 -0.573494 1.0
v 0.188036 -0.584404 1.001
v 0.188036 -0.584404 1.0
v 0.19153 -0.584404 1.001
v 0.19153 -0.584404 1.0
v 0.19153 -0.573494 1.001
v 0.19153 -0.573494 1.0
v 0.201293 -0.573494 1.001
v 0.201293 -0.573494 1.0
v 0.201293 -0.585269 1.001
v 0.201293 -0.585269 1.0
v 0.204802 -0.585269 1.001
v 0.204802 -0.585269 1.0
v 0.204802 -0.569556 1.001
v 0.204802 -0.569556 1.0
v 0.174296 -0.569556 1.001
v 0.174296 -0.569556 1.0
v 0.178767 -0.605792 1.001
v 0.175857 -0.607914 1.001
v 0.17929 -0.606902 1.001
v 0.176513 -0.609186 1.001
v 0.179912 -0.607907 1.001
v 0.177279 -0.61038 1.001
v 0.180632 -0.608817 1.001
v 0.178156 -0.611501 1.001
v 0.180955 -0.609163 1.001
v 0.178569 -0.611963 1.001
v 0.181798 -0.609938 1.001
v 0.179572 -0.612943 1.001
v 0.182721 -0.610607 1.001
v 0.180644 -0.613804 1.001
v 0.183727 -0.611171 1.001
v 0.181777 -0.614542 1.001
v 0.184821 -0.611633 1.001
v 0.192789 -0.612164 1.001
v 0.194402 -0.615985 1.001
v 0.194061 -0.611853 1.001
v 0.195694 -0.615552 1.001
v 0.195198 -0.611437 1.001
v 0.196899 -0.615007 1.001
v 0.196215 -0.610921 1.001
v 0.198026 -0.61435 1.001
v 0.197124 -0.610308 1.001
v 0.199082 -0.613581 1.001
v 0.200072 -0.612694 1.001
v 0.197936 -0.6096 1.001
v 0.200763 -0.611963 1.001
v 0.198423 -0.609077 1.001
v 0.201676 -0.610826 1.001
v 0.199153 -0.608127 1.001
v 0.20247 -0.609623 1.001
v 0.199775 -0.607098 1.001
v 0.203145 -0.608359 1.001
v 0.200292 -0.605988 1.001
v 0.203705 -0.607029 1.001
v 0.200705 -0.604787 1.001
v 0.204151 -0.605626 1.001
v 0.201012 -0.603487 1.001
v 0.204484 -0.604144 1.001
v 0.201209 -0.602078 1.001
v 0.204701 -0.602573 1.001
v 0.201291 -0.600587 1.001
v 0.204797 -0.600906 1.001
v 0.201293 -0.600273 1.001
v 0.204802 -0.600429 1.001
v 0.201293 -0.595664 1.001
v 0.204802 -0.591726 1.001
v 0.177774 -0.595664 1.001
v 0.174296 -0.591726 1.001
v 0.177774 -0.600094 1.001
v 0.174296 -0.600117 1.001
v 0.177839 -0.601707 1.001
v 0.174361 -0.601875 1.001
v 0.178033 -0.603208 1.001
v 0.174557 -0.603545 1.001
v 0.178346 -0.604564 1.001
v 0.174876 -0.605101 1.001
v 0.17531 -0.606555 1.001
v 0.182975 -0.615164 1.001
v 0.184244 -0.615672 1.001
v 0.186014 -0.611993 1.001
v 0.18559 -0.616068 1.001
v 0.187315 -0.612247 1.001
v 0.187021 -0.616351 1.001
v 0.188737 -0.612392 1.001
v 0.188546 -0.616517 1.001
v 0.18983 -0.612423 1.001
v 0.189939 -0.616564 1.001
v 0.191369 -0.612357 1.001
v 0.191519 -0.616498 1.001
v 0.193014 -0.616302 1.001
v 0.199153 -0.608127 1.0
v 0.201676 -0.610826 1.0
v 0.198423 -0.609077 1.0
v 0.200763 -0.611963 1.0
v 0.197936 -0.6096 1.0
v 0.200072 -0.612694 1.0
v 0.197124 -0.610308 1.0
v 0.199082 -0.613581 1.0
v 0.196215 -0.610921 1.0
v 0.198026 -0.61435 1.0
v 0.195198 -0.611437 1.0
v 0.196899 -0.615007 1.0
v 0.194061 -0.611853 1.0
v 0.17929 -0.606902 1.0
v 0.175857 -0.607914 1.0
v 0.178767 -0.605792 1.0
v 0.17531 -0.606555 1.0
v 0.178346 -0.604564 1.0
v 0.174876 -0.605101 1.0
v 0.178033 -0.603208 1.0
v 0.174557 -0.603545 1.0
v 0.177839 -0.601707 1.0
v 0.174361 -0.601875 1.0
v 0.177774 -0.600094 1.0
v 0.174296 -0.600117 1.0
v 0.177774 -0.595664 1.0
v 0.174296 -0.591726 1.0
v 0.201293 -0.595664 1.0
v 0.204802 -0.591726 1.0
v 0.201293 -0.600273 1.0
v 0.204802 -0.600429 1.0
v 0.201291 -0.600587 1.0
v 0.204797 -0.600906 1.0
v 0.201209 -0.602078 1.0
v 0.204701 -0.602573 1.0
v 0.201012 -0.603487 1.0
v 0.204484 -0.604144 1.0
v 0.200705 -0.604787 1.0
v 0.204151 -0.605626 1.0
v 0.200292 -0.605988 1.0
v 0.203705 -0.607029 1.0
v 0.199775 -0.607098 1.0
v 0.203145 -0.608359 1.0
v 0.20247 -0.609623 1.0
v 0.186014 -0.611993 1.0
v 0.184244 -0.615672 1.0
v 0.184821 -0.611633 1.0
v 0.182975 -0.615164 1.0
v 0.183727 -0.611171 1.0
v 0.181777 -0.614542 1.0
v 0.182721 -0.610607 1.0
v 0.180644 -0.613804 1.0
v 0.181798 -0.609938 1.0
v 0.179572 -0.612943 1.0
v 0.180955 -0.609163 1.0
v 0.178569 -0.611963 1.0
v 0.180632 -0.608817 1.0
v 0.178156 -0.611501 1.0
v 0.179912 -0.607907 1.0
v 0.177279 -0.61038 1.0
v 0.176513 -0.609186 1.0
v 0.195694 -0.615552 1.0
v 0.194402 -0.615985 1.0
v 0.192789 -0.612164 1.0
v 0.193014 -0.616302 1.0
v 0.191369 -0.612357 1.0
v 0.191519 -0.616498 1.0
v 0.18983 -0.612423 1.0
v 0.189939 -0.616564 1.0
v 0.188737 -0.612392 1.0
v 0.188546 -0.616517 1.0
v 0.187315 -0.612247 1.0
v 0.187021 -0.616351 1.0
v 0.18559 -0.616068 1.0
v 0.186087 -0.626787 1.001
v 0.198766 -0.631349 1.001
v 0.204802 -0.629875 1.001
v 0.174296 -0.618256 1.001
v 0.174296 -0.622607 1.001
v 0.18264 -0.625539 1.001
v 0.199677 -0.631613 1.001
v 0.200903 -0.631848 1.001
v 0.204802 -0.634086 1.001
v 0.200903 -0.631942 1.001
v 0.199613 -0.632188 1.001
v 0.198766 -0.632417 1.001
v 0.186087 -0.637026 1.001
v 0.174296 -0.645705 1.001
v 0.174296 -0.641354 1.001
v 0.18264 -0.638243 1.001
v 0.18264 -0.625539 1.0
v 0.186087 -0.626787 1.0
v 0.18264 -0.638243 1.0
v 0.186087 -0.637026 1.0
v 0.198766 -0.632417 1.0
v 0.204802 -0.634086 1.0
v 0.174296 -0.645705 1.0
v 0.174296 -0.641354 1.0
v 0.199613 -0.632188 1.0
v 0.200903 -0.631942 1.0
v 0.204802 -0.629875 1.0
v 0.200903 -0.631848 1.0
v 0.199677 -0.631613 1.0
v 0.198766 -0.631349 1.0
v 0.174296 -0.618256 1.0
v 0.174296 -0.622607 1.0
v 0.165936 -0.353623 1.001
v 0.163996 -0.355948 1.001
v 0.189156 -0.348384 1.001
v 0.228373 -0.367049 1.001
v 0.227547 -0.368555 1.001
v 0.24338 -0.361832 1.001
v 0.243641 -0.381165 1.001
v 0.245647 -0.384877 1.001
v 0.256904 -0.378045 1.001
v 0.221257 -0.427985 1.001
v 0.232969 -0.438613 1.001
v 0.223805 -0.427583 1.001
v 0.227894 -0.426454 1.001
v 0.188712 -0.43639 1.001
v 0.187758 -0.433377 1.001
v 0.174831 -0.43644 1.001
v 0.174624 -0.348167 1.001
v 0.171432 -0.349505 1.001
v 0.168533 -0.351327 1.001
v 0.199784 -0.420828 1.001
v 0.21128 -0.414104 1.001
v 0.183733 -0.390462 1.001
v 0.196097 -0.38504 1.001
v 0.181564 -0.390462 1.001
v 0.162339 -0.378782 1.001
v 0.178874 -0.390295 1.001
v 0.164203 -0.381735 1.001
v 0.166246 -0.384091 1.001
v 0.184681 -0.376334 1.001
v 0.182708 -0.376906 1.001
v 0.180606 -0.376982 1.001
v 0.17851 -0.376521 1.001
v 0.176613 -0.375558 1.001
v 0.186474 -0.361828 1.001
v 0.191324 -0.349321 1.001
v 0.18464 -0.360759 1.001
v 0.182578 -0.360184 1.001
v 0.224429 -0.341741 1.001
v 0.226738 -0.34446 1.001
v 0.236818 -0.335841 1.001
v 0.175074 -0.362888 1.001
v 0.17387 -0.364611 1.001
v 0.162159 -0.358991 1.001
v 0.173116 -0.366612 1.001
v 0.17419 -0.432323 1.001
v 0.187421 -0.431022 1.001
v 0.17419 -0.419526 1.001
v 0.187421 -0.421262 1.001
v 0.174352 -0.418444 1.001
v 0.258851 -0.382676 1.001
v 0.24712 -0.388845 1.001
v 0.26025 -0.387452 1.001
v 0.23179 -0.424761 1.001
v 0.237348 -0.436701 1.001
v 0.235419 -0.422543 1.001
v 0.190912 -0.345236 1.001
v 0.176984 -0.341642 1.001
v 0.175311 -0.345821 1.001
v 0.168964 -0.3864 1.001
v 0.172035 -0.388243 1.001
v 0.175367 -0.389554 1.001
v 0.203448 -0.369787 1.001
v 0.203471 -0.368772 1.001
v 0.189807 -0.368555 1.001
v 0.203187 -0.365299 1.001
v 0.189555 -0.366513 1.001
v 0.202363 -0.361988 1.001
v 0.188826 -0.364613 1.001
v 0.203043 -0.373115 1.001
v 0.189677 -0.370024 1.001
v 0.202055 -0.376541 1.001
v 0.189038 -0.372068 1.001
v 0.200533 -0.379722 1.001
v 0.187926 -0.373865 1.001
v 0.198531 -0.382572 1.001
v 0.201009 -0.358819 1.001
v 0.199404 -0.356219 1.001
v 0.187638 -0.362907 1.001
v 0.197114 -0.353513 1.001
v 0.194395 -0.351185 1.001
v 0.212015 -0.444794 1.001
v 0.220024 -0.455404 1.001
v 0.21468 -0.4431 1.001
v 0.223436 -0.452896 1.001
v 0.216979 -0.440952 1.001
v 0.226484 -0.449938 1.001
v 0.218815 -0.438468 1.001
v 0.231453 -0.370184 1.001
v 0.235064 -0.372305 1.001
v 0.246929 -0.364752 1.001
v 0.238362 -0.374902 1.001
v 0.250133 -0.367911 1.001
v 0.24128 -0.377935 1.001
v 0.252924 -0.371375 1.001
v 0.254412 -0.373586 1.001
v 0.195802 -0.339968 1.001
v 0.185035 -0.330815 1.001
v 0.193138 -0.342415 1.001
v 0.181839 -0.334133 1.001
v 0.179156 -0.337749 1.001
v 0.239301 -0.339651 1.001
v 0.228581 -0.34753 1.001
v 0.24126 -0.343712 1.001
v 0.242673 -0.347963 1.001
v 0.229893 -0.350862 1.001
v 0.243526 -0.352348 1.001
v 0.230633 -0.354369 1.001
v 0.243814 -0.356843 1.001
v 0.2308 -0.35706 1.001
v 0.243679 -0.359337 1.001
v 0.230516 -0.36046 1.001
v 0.229707 -0.363779 1.001
v 0.176657 -0.361515 1.001
v 0.178453 -0.360603 1.001
v 0.180462 -0.360142 1.001
v 0.176022 -0.440387 1.001
v 0.177753 -0.444149 1.001
v 0.190206 -0.439154 1.001
v 0.180008 -0.447675 1.001
v 0.192183 -0.441579 1.001
v 0.182766 -0.45091 1.001
v 0.192997 -0.442354 1.001
v 0.18395 -0.452061 1.001
v 0.195489 -0.44419 1.001
v 0.241504 -0.434276 1.001
v 0.245492 -0.431306 1.001
v 0.238703 -0.419852 1.001
v 0.249133 -0.42793 1.001
v 0.241586 -0.416742 1.001
v 0.205187 -0.335729 1.001
v 0.199821 -0.322847 1.001
v 0.201728 -0.336674 1.001
v 0.19554 -0.324262 1.001
v 0.198465 -0.338187 1.001
v 0.191442 -0.326225 1.001
v 0.187612 -0.328706 1.001
v 0.186424 -0.37532 1.001
v 0.160834 -0.362319 1.001
v 0.160067 -0.365845 1.001
v 0.172889 -0.368555 1.001
v 0.159875 -0.368772 1.001
v 0.173144 -0.370631 1.001
v 0.201205 -0.446355 1.001
v 0.202791 -0.460035 1.001
v 0.204339 -0.446639 1.001
v 0.204556 -0.460086 1.001
v 0.205956 -0.446562 1.001
v 0.208628 -0.459732 1.001
v 0.209075 -0.445964 1.001
v 0.212564 -0.45883 1.001
v 0.216384 -0.457383 1.001
v 0.187195 -0.454665 1.001
v 0.190736 -0.456782 1.001
v 0.198253 -0.445533 1.001
v 0.19456 -0.458407 1.001
v 0.198603 -0.459502 1.001
v 0.175032 -0.374178 1.001
v 0.173871 -0.372518 1.001
v 0.160984 -0.375605 1.001
v 0.160159 -0.372273 1.001
v 0.221257 -0.429721 1.001
v 0.220973 -0.432814 1.001
v 0.232773 -0.439213 1.001
v 0.220155 -0.435728 1.001
v 0.231259 -0.442879 1.001
v 0.229115 -0.446574 1.001
v 0.187617 -0.420206 1.001
v 0.176502 -0.414926 1.001
v 0.175853 -0.415573 1.001
v 0.219121 -0.337834 1.001
v 0.222366 -0.324475 1.001
v 0.215944 -0.336479 1.001
v 0.218111 -0.322991 1.001
v 0.212611 -0.335654 1.001
v 0.213675 -0.322061 1.001
v 0.209111 -0.33537 1.001
v 0.20942 -0.321713 1.001
v 0.208485 -0.335379 1.001
v 0.208677 -0.321705 1.001
v 0.204206 -0.321994 1.001
v 0.180914 -0.413236 1.001
v 0.179342 -0.413431 1.001
v 0.177869 -0.413992 1.001
v 0.187471 -0.420857 1.001
v 0.174882 -0.417003 1.001
v 0.261383 -0.397403 1.001
v 0.248369 -0.39762 1.001
v 0.261362 -0.398727 1.001
v 0.248084 -0.40178 1.001
v 0.187438 -0.418341 1.001
v 0.186865 -0.416848 1.001
v 0.181564 -0.413268 1.001
v 0.185933 -0.415507 1.001
v 0.184737 -0.414444 1.001
v 0.183228 -0.413652 1.001
v 0.261096 -0.392355 1.001
v 0.248033 -0.393008 1.001
v 0.248363 -0.397018 1.001
v 0.234023 -0.332535 1.001
v 0.233403 -0.3319 1.001
v 0.222073 -0.339698 1.001
v 0.230051 -0.328955 1.001
v 0.226367 -0.326477 1.001
v 0.187638 -0.41996 1.001
v 0.250104 -0.426901 1.001
v 0.253328 -0.422748 1.001
v 0.243985 -0.413322 1.001
v 0.256049 -0.418301 1.001
v 0.245881 -0.409646 1.001
v 0.258239 -0.413608 1.001
v 0.247251 -0.40578 1.001
v 0.259865 -0.408741 1.001
v 0.26091 -0.403761 1.001
v 0.21128 -0.414104 1.0
v 0.199784 -0.420828 1.0
v 0.196097 -0.38504 1.0
v 0.183733 -0.390462 1.0
v 0.162339 -0.378782 1.0
v 0.195802 -0.339968 1.0
v 0.193138 -0.342415 1.0
v 0.174624 -0.348167 1.0
v 0.198465 -0.338187 1.0
v 0.24128 -0.377935 1.0
v 0.238362 -0.374902 1.0
v 0.246929 -0.364752 1.0
v 0.181564 -0.390462 1.0
v 0.178874 -0.390295 1.0
v 0.164203 -0.381735 1.0
v 0.166246 -0.384091 1.0
v 0.189156 -0.348384 1.0
v 0.165936 -0.353623 1.0
v 0.168533 -0.351327 1.0
v 0.231453 -0.370184 1.0
v 0.227547 -0.368555 1.0
v 0.24338 -0.361832 1.0
v 0.228373 -0.367049 1.0
v 0.226738 -0.34446 1.0
v 0.239301 -0.339651 1.0
v 0.228581 -0.34753 1.0
v 0.24126 -0.343712 1.0
v 0.229893 -0.350862 1.0
v 0.242673 -0.347963 1.0
v 0.230633 -0.354369 1.0
v 0.243526 -0.352348 1.0
v 0.2308 -0.35706 1.0
v 0.172889 -0.368555 1.0
v 0.173144 -0.370631 1.0
v 0.160159 -0.372273 1.0
v 0.176613 -0.375558 1.0
v 0.17851 -0.376521 1.0
v 0.180606 -0.376982 1.0
v 0.182708 -0.376906 1.0
v 0.235064 -0.372305 1.0
v 0.171432 -0.349505 1.0
v 0.190912 -0.345236 1.0
v 0.229707 -0.363779 1.0
v 0.230516 -0.36046 1.0
v 0.243679 -0.359337 1.0
v 0.243814 -0.356843 1.0
v 0.160984 -0.375605 1.0
v 0.173871 -0.372518 1.0
v 0.175032 -0.374178 1.0
v 0.163996 -0.355948 1.0
v 0.180462 -0.360142 1.0
v 0.178453 -0.360603 1.0
v 0.159875 -0.368772 1.0
v 0.160067 -0.365845 1.0
v 0.173116 -0.366612 1.0
v 0.160834 -0.362319 1.0
v 0.17387 -0.364611 1.0
v 0.162159 -0.358991 1.0
v 0.175074 -0.362888 1.0
v 0.176657 -0.361515 1.0
v 0.175367 -0.389554 1.0
v 0.172035 -0.388243 1.0
v 0.168964 -0.3864 1.0
v 0.250133 -0.367911 1.0
v 0.252924 -0.371375 1.0
v 0.243641 -0.381165 1.0
v 0.254412 -0.373586 1.0
v 0.245647 -0.384877 1.0
v 0.198253 -0.445533 1.0
v 0.190736 -0.456782 1.0
v 0.195489 -0.44419 1.0
v 0.187195 -0.454665 1.0
v 0.192997 -0.442354 1.0
v 0.18395 -0.452061 1.0
v 0.192183 -0.441579 1.0
v 0.182766 -0.45091 1.0
v 0.190206 -0.439154 1.0
v 0.21468 -0.4431 1.0
v 0.220024 -0.455404 1.0
v 0.212015 -0.444794 1.0
v 0.216384 -0.457383 1.0
v 0.209075 -0.445964 1.0
v 0.212564 -0.45883 1.0
v 0.205956 -0.446562 1.0
v 0.208628 -0.459732 1.0
v 0.204339 -0.446639 1.0
v 0.220155 -0.435728 1.0
v 0.220973 -0.432814 1.0
v 0.232969 -0.438613 1.0
v 0.221257 -0.429721 1.0
v 0.221257 -0.427985 1.0
v 0.201728 -0.336674 1.0
v 0.199821 -0.322847 1.0
v 0.205187 -0.335729 1.0
v 0.204206 -0.321994 1.0
v 0.208485 -0.335379 1.0
v 0.208677 -0.321705 1.0
v 0.209111 -0.33537 1.0
v 0.20942 -0.321713 1.0
v 0.212611 -0.335654 1.0
v 0.213675 -0.322061 1.0
v 0.215944 -0.336479 1.0
v 0.185035 -0.330815 1.0
v 0.187612 -0.328706 1.0
v 0.223805 -0.427583 1.0
v 0.227894 -0.426454 1.0
v 0.237348 -0.436701 1.0
v 0.23179 -0.424761 1.0
v 0.241504 -0.434276 1.0
v 0.235419 -0.422543 1.0
v 0.245492 -0.431306 1.0
v 0.238703 -0.419852 1.0
v 0.184681 -0.376334 1.0
v 0.186424 -0.37532 1.0
v 0.198531 -0.382572 1.0
v 0.187926 -0.373865 1.0
v 0.200533 -0.379722 1.0
v 0.189038 -0.372068 1.0
v 0.202055 -0.376541 1.0
v 0.203043 -0.373115 1.0
v 0.189677 -0.370024 1.0
v 0.203448 -0.369787 1.0
v 0.189807 -0.368555 1.0
v 0.203471 -0.368772 1.0
v 0.203187 -0.365299 1.0
v 0.189555 -0.366513 1.0
v 0.202363 -0.361988 1.0
v 0.201009 -0.358819 1.0
v 0.188826 -0.364613 1.0
v 0.199404 -0.356219 1.0
v 0.187638 -0.362907 1.0
v 0.197114 -0.353513 1.0
v 0.194395 -0.351185 1.0
v 0.186474 -0.361828 1.0
v 0.191324 -0.349321 1.0
v 0.18464 -0.360759 1.0
v 0.182578 -0.360184 1.0
v 0.222073 -0.339698 1.0
v 0.233403 -0.3319 1.0
v 0.224429 -0.341741 1.0
v 0.234023 -0.332535 1.0
v 0.236818 -0.335841 1.0
v 0.218111 -0.322991 1.0
v 0.222366 -0.324475 1.0
v 0.219121 -0.337834 1.0
v 0.226367 -0.326477 1.0
v 0.230051 -0.328955 1.0
v 0.191442 -0.326225 1.0
v 0.19554 -0.324262 1.0
v 0.175853 -0.415573 1.0
v 0.176502 -0.414926 1.0
v 0.187617 -0.420206 1.0
v 0.177869 -0.413992 1.0
v 0.204556 -0.460086 1.0
v 0.202791 -0.460035 1.0
v 0.201205 -0.446355 1.0
v 0.198603 -0.459502 1.0
v 0.19456 -0.458407 1.0
v 0.180008 -0.447675 1.0
v 0.177753 -0.444149 1.0
v 0.188712 -0.43639 1.0
v 0.176022 -0.440387 1.0
v 0.187758 -0.433377 1.0
v 0.174831 -0.43644 1.0
v 0.187421 -0.431022 1.0
v 0.17419 -0.432323 1.0
v 0.187421 -0.421262 1.0
v 0.17419 -0.419526 1.0
v 0.187471 -0.420857 1.0
v 0.174352 -0.418444 1.0
v 0.174882 -0.417003 1.0
v 0.179342 -0.413431 1.0
v 0.180914 -0.413236 1.0
v 0.181564 -0.413268 1.0
v 0.232773 -0.439213 1.0
v 0.231259 -0.442879 1.0
v 0.218815 -0.438468 1.0
v 0.229115 -0.446574 1.0
v 0.216979 -0.440952 1.0
v 0.226484 -0.449938 1.0
v 0.223436 -0.452896 1.0
v 0.175311 -0.345821 1.0
v 0.176984 -0.341642 1.0
v 0.183228 -0.413652 1.0
v 0.184737 -0.414444 1.0
v 0.185933 -0.415507 1.0
v 0.186865 -0.416848 1.0
v 0.179156 -0.337749 1.0
v 0.181839 -0.334133 1.0
v 0.243985 -0.413322 1.0
v 0.253328 -0.422748 1.0
v 0.241586 -0.416742 1.0
v 0.250104 -0.426901 1.0
v 0.249133 -0.42793 1.0
v 0.256904 -0.378045 1.0
v 0.258851 -0.382676 1.0
v 0.24712 -0.388845 1.0
v 0.26025 -0.387452 1.0
v 0.248033 -0.393008 1.0
v 0.261096 -0.392355 1.0
v 0.248363 -0.397018 1.0
v 0.261383 -0.397403 1.0
v 0.248369 -0.39762 1.0
v 0.261362 -0.398727 1.0
v 0.248084 -0.40178 1.0
v 0.26091 -0.403761 1.0
v 0.247251 -0.40578 1.0
v 0.259865 -0.408741 1.0
v 0.245881 -0.409646 1.0
v 0.258239 -0.413608 1.0
v 0.256049 -0.418301 1.0
v 0.187438 -0.418341 1.0
v 0.187638 -0.41996 1.0
v 0.4 -0.75 0.4
v 0.4 0.75 0.4
v 0.4 -0.75 0.7
newmtl 3
Ka 0.25098039215686274 0.25098039215686274 0.25098039215686274
Kd 0.25098039215686274 0.25098039215686274 0.25098039215686274
Ks 0.07450980392156863 0.07450980392156863 0.07450980392156863
d 0.0
endmtl
v 0.4 0.75 0.7
v -0.35 0.8 0.7
v 0.35 0.8 0.7
v -0.35 0.8 0.4
v 0.35 0.8 0.4
v -0.4 0.75 0.4
v -0.4 -0.75 0.4
v -0.4 0.75 0.7
v -0.4 -0.75 0.7
v 0.35 -0.8 0.7
v -0.35 -0.8 0.7
v 0.35 -0.8 0.4
v -0.35 -0.8 0.4
v -0.350676 -0.799995 0.399973
v -0.307644 -0.756963 0.14178
v 0.307644 -0.756963 0.14178
v 0.350676 -0.799995 0.399973
v 0.399995 -0.750676 0.399973
v 0.356963 -0.707644 0.14178
v 0.356963 0.707644 0.14178
v 0.399995 0.750676 0.399973
v -0.399995 0.750676 0.399973
v -0.356963 0.707644 0.14178
v -0.356963 -0.707644 0.14178
v -0.399995 -0.750676 0.399973
v 0.350676 0.799995 0.399973
v 0.307644 0.756963 0.14178
v -0.307644 0.756963 0.14178
v -0.350676 0.799995 0.399973
v -0.350676 0.799995 0.700027
v -0.307644 0.756963 0.95822
v 0.307644 0.756963 0.95822
v 0.350676 0.799995 0.700027
v -0.399995 -0.750676 0.700027
v -0.356963 -0.707644 0.95822
v -0.356963 0.707644 0.95822
v -0.399995 0.750676 0.700027
v 0.399995 0.750676 0.700027
v 0.356963 0.707644 0.95822
v 0.356963 -0.707644 0.95822
v 0.399995 -0.750676 0.700027
v 0.350676 -0.799995 0.700027
v 0.307644 -0.756963 0.95822
v -0.307644 -0.756963 0.95822
v -0.350676 -0.799995 0.700027
v 0.307644 -0.753843 0.13088
v -0.307644 -0.753843 0.13088
v 0.307644 -0.753673 0.130575
v -0.307644 -0.753673 0.130575
v 0.307644 -0.748102 0.120621
v -0.307644 -0.748102 0.120621
v 0.307644 -0.747912 0.120415
v -0.307644 -0.747912 0.120415
v 0.307644 -0.740123 0.111986
v -0.307644 -0.740123 0.111986
v 0.307644 -0.739949 0.111869
v -0.307644 -0.739949 0.111869
v 0.307644 -0.730349 0.105452
v -0.307644 -0.730349 0.105452
v 0.307644 -0.730218 0.105404
v -0.307644 -0.730218 0.105404
v 0.307644 -0.719319 0.101382
v -0.307644 -0.719319 0.101382
v 0.307644 -0.71925 0.101374
v -0.307644 -0.71925 0.101374
v -0.307644 -0.707644 0.1
v 0.307644 -0.707644 0.1
v 0.310665 -0.718921 0.101382
v 0.330218 -0.707644 0.105404
v 0.330349 -0.707644 0.105452
v 0.329575 -0.71352 0.105452
v 0.339949 -0.707644 0.111869
v 0.340123 -0.707644 0.111986
v 0.339016 -0.71605 0.111986
v 0.346723 -0.718115 0.120621
v 0.352269 -0.719601 0.13088
v 0.347654 -0.730744 0.13088
v 0.320198 -0.755001 0.140015
v 0.331927 -0.74992 0.138907
v 0.320317 -0.754949 0.140004
v 0.319601 -0.752269 0.13088
v 0.355001 -0.720198 0.140015
v 0.354949 -0.720317 0.140004
v 0.34992 -0.731927 0.138907
v 0.349854 -0.732011 0.138904
v 0.342056 -0.742056 0.138529
v 0.353843 -0.707644 0.13088
v 0.353673 -0.707644 0.130575
v 0.348102 -0.707644 0.120621
v 0.347912 -0.707644 0.120415
v 0.318115 -0.746723 0.120621
v 0.342681 -0.727873 0.120621
v 0.340312 -0.740312 0.13088
v 0.31605 -0.739016 0.111986
v 0.335772 -0.723883 0.111986
v 0.336252 -0.736252 0.120621
v 0.31352 -0.729575 0.105452
v 0.33061 -0.73061 0.111986
v 0.327307 -0.718996 0.105452
v 0.318921 -0.710665 0.101382
v 0.332012 -0.749854 0.138904
v 0.330744 -0.747654 0.13088
v 0.327873 -0.742681 0.120621
v 0.323883 -0.735772 0.111986
v 0.318996 -0.727307 0.105452
v 0.313481 -0.717755 0.101382
v 0.31925 -0.707644 0.101374
v 0.319319 -0.707644 0.101382
v 0.323698 -0.723698 0.105452
v 0.317755 -0.713481 0.101382
v 0.315899 -0.715899 0.101382
v -0.31925 -0.707644 0.101374
v -0.318921 -0.710665 0.101382
v -0.31352 -0.729575 0.105452
v -0.31605 -0.739016 0.111986
v -0.318115 -0.746723 0.120621
v -0.319601 -0.752269 0.13088
v -0.330744 -0.747654 0.13088
v -0.355001 -0.720198 0.140015
v -0.353843 -0.707644 0.13088
v -0.34992 -0.731927 0.138907
v -0.354949 -0.720317 0.140004
v -0.352269 -0.719601 0.13088
v -0.320198 -0.755001 0.140015
v -0.320317 -0.754949 0.140004
v -0.331927 -0.74992 0.138907
v -0.332012 -0.749854 0.138904
v -0.342056 -0.742056 0.138529
v -0.353673 -0.707644 0.130575
v -0.346723 -0.718115 0.120621
v -0.327873 -0.742681 0.120621
v -0.340312 -0.740312 0.13088
v -0.348102 -0.707644 0.120621
v -0.347912 -0.707644 0.120415
v -0.339016 -0.71605 0.111986
v -0.323883 -0.735772 0.111986
v -0.336252 -0.736252 0.120621
v -0.340123 -0.707644 0.111986
v -0.339949 -0.707644 0.111869
v -0.329575 -0.71352 0.105452
v -0.33061 -0.73061 0.111986
v -0.318996 -0.727307 0.105452
v -0.310665 -0.718921 0.101382
v -0.349854 -0.732011 0.138904
v -0.347654 -0.730744 0.13088
v -0.342681 -0.727873 0.120621
v -0.335772 -0.723883 0.111986
v -0.327307 -0.718996 0.105452
v -0.317755 -0.713481 0.101382
v -0.323698 -0.723698 0.105452
v -0.313481 -0.717755 0.101382
v -0.315899 -0.715899 0.101382
v -0.330349 -0.707644 0.105452
v -0.330218 -0.707644 0.105404
v -0.319319 -0.707644 0.101382
v 0.353843 0.707644 0.13088
v 0.353673 0.707644 0.130575
v 0.348102 0.707644 0.120621
v 0.347912 0.707644 0.120415
v 0.340123 0.707644 0.111986
v 0.339949 0.707644 0.111869
v 0.330349 0.707644 0.105452
v 0.330218 0.707644 0.105404
v 0.319319 0.707644 0.101382
v 0.31925 0.707644 0.101374
v 0.307644 0.707644 0.1
v 0.375195 -0.793188 0.398517
v 0.374989 -0.793275 0.398526
v 0.363376 -0.798178 0.399078
v 0.362933 -0.798241 0.399109
v 0.385355 -0.785355 0.398325
v 0.393188 -0.775195 0.398517
v 0.393275 -0.774989 0.398526
v 0.398178 -0.763376 0.399078
v 0.398241 -0.762933 0.399109
v -0.393188 -0.775195 0.398517
v -0.393275 -0.774989 0.398526
v -0.398178 -0.763376 0.399078
v -0.398241 -0.762933 0.399109
v -0.385355 -0.785355 0.398325
v -0.375195 -0.793188 0.398517
v -0.374989 -0.793275 0.398526
v -0.363376 -0.798178 0.399078
v -0.362933 -0.798241 0.399109
v -0.353843 0.707644 0.13088
v -0.353673 0.707644 0.130575
v -0.348102 0.707644 0.120621
v -0.347912 0.707644 0.120415
v -0.340123 0.707644 0.111986
v -0.339949 0.707644 0.111869
v -0.330349 0.707644 0.105452
v -0.330218 0.707644 0.105404
v -0.319319 0.707644 0.101382
v -0.31925 0.707644 0.101374
v -0.307644 0.707644 0.1
v -0.307644 0.753843 0.13088
v 0.307644 0.753843 0.13088
v -0.307644 0.753673 0.130575
v 0.307644 0.753673 0.130575
v -0.307644 0.748102 0.120621
v 0.307644 0.748102 0.120621
v -0.307644 0.747912 0.120415
v 0.307644 0.747912 0.120415
v -0.307644 0.740123 0.111986
v 0.307644 0.740123 0.111986
v -0.307644 0.739949 0.111869
v 0.307644 0.739949 0.111869
v -0.307644 0.730349 0.105452
v 0.307644 0.730349 0.105452
v -0.307644 0.730218 0.105404
v 0.307644 0.730218 0.105404
v -0.307644 0.719319 0.101382
v 0.307644 0.719319 0.101382
v -0.307644 0.71925 0.101374
v 0.307644 0.71925 0.101374
v 0.318921 0.710665 0.101382
v 0.31352 0.729575 0.105452
v 0.31605 0.739016 0.111986
v 0.318115 0.746723 0.120621
v 0.319601 0.752269 0.13088
v 0.330744 0.747654 0.13088
v 0.355001 0.720198 0.140015
v 0.34992 0.731927 0.138907
v 0.354949 0.720317 0.140004
v 0.352269 0.719601 0.13088
v 0.320198 0.755001 0.140015
v 0.320317 0.754949 0.140004
v 0.331927 0.74992 0.138907
v 0.332012 0.749854 0.138904
v 0.342056 0.742056 0.138529
v 0.346723 0.718115 0.120621
v 0.327873 0.742681 0.120621
v 0.340312 0.740312 0.13088
v 0.339016 0.71605 0.111986
v 0.323883 0.735772 0.111986
v 0.336252 0.736252 0.120621
v 0.329575 0.71352 0.105452
v 0.33061 0.73061 0.111986
v 0.318996 0.727307 0.105452
v 0.310665 0.718921 0.101382
v 0.349854 0.732011 0.138904
v 0.347654 0.730744 0.13088
v 0.342681 0.727873 0.120621
v 0.335772 0.723883 0.111986
v 0.327307 0.718996 0.105452
v 0.317755 0.713481 0.101382
v 0.323698 0.723698 0.105452
v 0.313481 0.717755 0.101382
v 0.315899 0.715899 0.101382
v 0.398241 -0.762933 0.700891
v 0.398178 -0.763376 0.700922
v 0.393275 -0.774989 0.701474
v 0.393188 -0.775195 0.701483
v 0.385355 -0.785355 0.701675
v 0.375195 -0.793188 0.701483
v 0.374989 -0.793275 0.701474
v 0.363376 -0.798178 0.700922
v 0.362933 -0.798241 0.700891
v -0.362933 -0.798241 0.700891
v -0.363376 -0.798178 0.700922
v -0.374989 -0.793275 0.701474
v -0.375195 -0.793188 0.701483
v -0.385355 -0.785355 0.701675
v -0.393188 -0.775195 0.701483
v -0.393275 -0.774989 0.701474
v -0.398178 -0.763376 0.700922
v -0.398241 -0.762933 0.700891
v -0.310665 0.718921 0.101382
v -0.329575 0.71352 0.105452
v -0.339016 0.71605 0.111986
v -0.346723 0.718115 0.120621
v -0.352269 0.719601 0.13088
v -0.347654 0.730744 0.13088
v -0.320198 0.755001 0.140015
v -0.331927 0.74992 0.138907
v -0.320317 0.754949 0.140004
v -0.319601 0.752269 0.13088
v -0.355001 0.720198 0.140015
v -0.354949 0.720317 0.140004
v -0.34992 0.731927 0.138907
v -0.349854 0.732011 0.138904
v -0.342056 0.742056 0.138529
v -0.318115 0.746723 0.120621
v -0.342681 0.727873 0.120621
v -0.340312 0.740312 0.13088
v -0.31605 0.739016 0.111986
v -0.335772 0.723883 0.111986
v -0.336252 0.736252 0.120621
v -0.31352 0.729575 0.105452
v -0.33061 0.73061 0.111986
v -0.327307 0.718996 0.105452
v -0.318921 0.710665 0.101382
v -0.332012 0.749854 0.138904
v -0.330744 0.747654 0.13088
v -0.327873 0.742681 0.120621
v -0.323883 0.735772 0.111986
v -0.318996 0.727307 0.105452
v -0.313481 0.717755 0.101382
v -0.323698 0.723698 0.105452
v -0.317755 0.713481 0.101382
v -0.315899 0.715899 0.101382
v 0.393188 0.775195 0.398517
v 0.393275 0.774989 0.398526
v 0.398178 0.763376 0.399078
v 0.398241 0.762933 0.399109
v 0.385355 0.785355 0.398325
v 0.375195 0.793188 0.398517
v 0.374989 0.793275 0.398526
v 0.363376 0.798178 0.399078
v 0.362933 0.798241 0.399109
v 0.355001 -0.720198 0.959985
v 0.354949 -0.720317 0.959996
v 0.34992 -0.731927 0.961093
v 0.349854 -0.732011 0.961096
v 0.342056 -0.742056 0.961471
v 0.332012 -0.749854 0.961096
v 0.331927 -0.74992 0.961093
v 0.320317 -0.754949 0.959996
v 0.320198 -0.755001 0.959985
v -0.307644 -0.753843 0.96912
v 0.307644 -0.753843 0.96912
v -0.307644 -0.753673 0.969425
v 0.307644 -0.753673 0.969425
v -0.307644 -0.748102 0.979379
v 0.307644 -0.748102 0.979379
v -0.307644 -0.747912 0.979585
v 0.307644 -0.747912 0.979585
v -0.307644 -0.740123 0.988014
v 0.307644 -0.740123 0.988014
v -0.307644 -0.739949 0.988131
v 0.307644 -0.739949 0.988131
v -0.307644 -0.730349 0.994548
v 0.307644 -0.730349 0.994548
v -0.307644 -0.730218 0.994596
v 0.307644 -0.730218 0.994596
v -0.307644 -0.719319 0.998618
v 0.307644 -0.719319 0.998618
v -0.307644 -0.71925 0.998626
v 0.307644 -0.71925 0.998626
v 0.307644 -0.707644 1.0
v -0.307644 -0.707644 1.0
v -0.320198 -0.755001 0.959985
v -0.320317 -0.754949 0.959996
v -0.331927 -0.74992 0.961093
v -0.332012 -0.749854 0.961096
v -0.342056 -0.742056 0.961471
v -0.349854 -0.732011 0.961096
v -0.34992 -0.731927 0.961093
v -0.354949 -0.720317 0.959996
v -0.355001 -0.720198 0.959985
v -0.375195 0.793188 0.398517
v -0.374989 0.793275 0.398526
v -0.363376 0.798178 0.399078
v -0.362933 0.798241 0.399109
v -0.385355 0.785355 0.398325
v -0.393188 0.775195 0.398517
v -0.393275 0.774989 0.398526
v -0.398178 0.763376 0.399078
v -0.398241 0.762933 0.399109
v 0.385355 0.785355 0.701675
v 0.375195 0.793188 0.701483
v 0.374989 0.793275 0.701474
v 0.363376 0.798178 0.700922
v 0.362933 0.798241 0.700891
v 0.398241 0.762933 0.700891
v 0.398178 0.763376 0.700922
v 0.393275 0.774989 0.701474
v 0.393188 0.775195 0.701483
v 0.347912 -0.707644 0.979585
v 0.340123 -0.707644 0.988014
v 0.339016 -0.71605 0.988014
v 0.329575 -0.71352 0.994548
v 0.318921 -0.710665 0.998618
v 0.317755 -0.713481 0.998618
v 0.313481 -0.717755 0.998618
v 0.315899 -0.715899 0.998618
v 0.310665 -0.718921 0.998618
v 0.31925 -0.707644 0.998626
v 0.352269 -0.719601 0.96912
v 0.347654 -0.730744 0.96912
v 0.340312 -0.740312 0.96912
v 0.330744 -0.747654 0.96912
v 0.319601 -0.752269 0.96912
v 0.339949 -0.707644 0.988131
v 0.330349 -0.707644 0.994548
v 0.330218 -0.707644 0.994596
v 0.319319 -0.707644 0.998618
v 0.327307 -0.718996 0.994548
v 0.323698 -0.723698 0.994548
v 0.318996 -0.727307 0.994548
v 0.31352 -0.729575 0.994548
v 0.335772 -0.723883 0.988014
v 0.33061 -0.73061 0.988014
v 0.323883 -0.735772 0.988014
v 0.31605 -0.739016 0.988014
v 0.353673 -0.707644 0.969425
v 0.348102 -0.707644 0.979379
v 0.346723 -0.718115 0.979379
v 0.342681 -0.727873 0.979379
v 0.336252 -0.736252 0.979379
v 0.327873 -0.742681 0.979379
v 0.318115 -0.746723 0.979379
v 0.353843 -0.707644 0.96912
v -0.31605 -0.739016 0.988014
v -0.31352 -0.729575 0.994548
v -0.310665 -0.718921 0.998618
v -0.313481 -0.717755 0.998618
v -0.317755 -0.713481 0.998618
v -0.315899 -0.715899 0.998618
v -0.318921 -0.710665 0.998618
v -0.319601 -0.752269 0.96912
v -0.330744 -0.747654 0.96912
v -0.340312 -0.740312 0.96912
v -0.347654 -0.730744 0.96912
v -0.352269 -0.719601 0.96912
v -0.353843 -0.707644 0.96912
v -0.31925 -0.707644 0.998626
v -0.318996 -0.727307 0.994548
v -0.323698 -0.723698 0.994548
v -0.327307 -0.718996 0.994548
v -0.329575 -0.71352 0.994548
v -0.319319 -0.707644 0.998618
v -0.330218 -0.707644 0.994596
v -0.330349 -0.707644 0.994548
v -0.339949 -0.707644 0.988131
v -0.323883 -0.735772 0.988014
v -0.33061 -0.73061 0.988014
v -0.335772 -0.723883 0.988014
v -0.339016 -0.71605 0.988014
v -0.318115 -0.746723 0.979379
v -0.327873 -0.742681 0.979379
v -0.336252 -0.736252 0.979379
v -0.342681 -0.727873 0.979379
v -0.346723 -0.718115 0.979379
v -0.340123 -0.707644 0.988014
v -0.347912 -0.707644 0.979585
v -0.348102 -0.707644 0.979379
v -0.353673 -0.707644 0.969425
v -0.385355 0.785355 0.701675
v -0.393188 0.775195 0.701483
v -0.393275 0.774989 0.701474
v -0.398178 0.763376 0.700922
v -0.398241 0.762933 0.700891
v -0.362933 0.798241 0.700891
v -0.363376 0.798178 0.700922
v -0.374989 0.793275 0.701474
v -0.375195 0.793188 0.701483
v 0.320198 0.755001 0.959985
v 0.320317 0.754949 0.959996
v 0.331927 0.74992 0.961093
v 0.332012 0.749854 0.961096
v 0.342056 0.742056 0.961471
v 0.349854 0.732011 0.961096
v 0.34992 0.731927 0.961093
v 0.354949 0.720317 0.959996
v 0.355001 0.720198 0.959985
v 0.353843 0.707644 0.96912
v 0.353673 0.707644 0.969425
v 0.348102 0.707644 0.979379
v 0.347912 0.707644 0.979585
v 0.340123 0.707644 0.988014
v 0.339949 0.707644 0.988131
v 0.330349 0.707644 0.994548
v 0.330218 0.707644 0.994596
v 0.319319 0.707644 0.998618
v 0.31925 0.707644 0.998626
v 0.307644 0.707644 1.0
v -0.353843 0.707644 0.96912
v -0.353673 0.707644 0.969425
v -0.348102 0.707644 0.979379
v -0.347912 0.707644 0.979585
v -0.340123 0.707644 0.988014
v -0.339949 0.707644 0.988131
v -0.330349 0.707644 0.994548
v -0.330218 0.707644 0.994596
v -0.319319 0.707644 0.998618
v -0.31925 0.707644 0.998626
v -0.307644 0.707644 1.0
v -0.355262 0.718526 0.95975
v -0.355001 0.720198 0.959985
v -0.351321 0.728692 0.960788
v -0.34992 0.731927 0.961093
v -0.345394 0.737756 0.96131
v -0.318526 0.755262 0.95975
v -0.320198 0.755001 0.959985
v -0.328692 0.751321 0.960788
v -0.331927 0.74992 0.961093
v -0.337756 0.745394 0.96131
v -0.342056 0.742056 0.961471
v 0.307644 0.747912 0.979585
v 0.307644 0.740123 0.988014
v 0.31605 0.739016 0.988014
v 0.31352 0.729575 0.994548
v 0.310665 0.718921 0.998618
v 0.313481 0.717755 0.998618
v 0.317755 0.713481 0.998618
v 0.315899 0.715899 0.998618
v 0.318921 0.710665 0.998618
v 0.307644 0.71925 0.998626
v 0.319601 0.752269 0.96912
v 0.330744 0.747654 0.96912
v 0.340312 0.740312 0.96912
v 0.347654 0.730744 0.96912
v 0.352269 0.719601 0.96912
v 0.307644 0.739949 0.988131
v 0.307644 0.730349 0.994548
v 0.307644 0.730218 0.994596
v 0.307644 0.719319 0.998618
v 0.318996 0.727307 0.994548
v 0.323698 0.723698 0.994548
v 0.327307 0.718996 0.994548
v 0.329575 0.71352 0.994548
v 0.323883 0.735772 0.988014
v 0.33061 0.73061 0.988014
v 0.335772 0.723883 0.988014
v 0.339016 0.71605 0.988014
v 0.307644 0.753673 0.969425
v 0.307644 0.748102 0.979379
v 0.318115 0.746723 0.979379
v 0.327873 0.742681 0.979379
v 0.336252 0.736252 0.979379
v 0.342681 0.727873 0.979379
v 0.346723 0.718115 0.979379
v 0.307644 0.753843 0.96912
v -0.347087 0.716646 0.979379
v -0.339309 0.714871 0.988014
v -0.329779 0.712696 0.994548
v -0.319026 0.710242 0.998618
v -0.318163 0.712709 0.998618
v -0.312709 0.718163 0.998618
v -0.314923 0.716772 0.998618
v -0.310242 0.719026 0.998618
v -0.352685 0.717924 0.96912
v -0.349268 0.727689 0.96912
v -0.343764 0.736449 0.96912
v -0.336449 0.743764 0.96912
v -0.327689 0.749268 0.96912
v -0.317924 0.752685 0.96912
v -0.307644 0.753843 0.96912
v -0.307644 0.71925 0.998626
v -0.325395 0.7218 0.994548
v -0.3218 0.725395 0.994548
v -0.317495 0.7281 0.994548
v -0.312696 0.729779 0.994548
v -0.3281 0.717495 0.994548
v -0.316772 0.714923 0.998618
v -0.307644 0.719319 0.998618
v -0.307644 0.730218 0.994596
v -0.307644 0.730349 0.994548
v -0.307644 0.739949 0.988131
v -0.336907 0.721736 0.988014
v -0.333037 0.727894 0.988014
v -0.327894 0.733037 0.988014
v -0.321736 0.736907 0.988014
v -0.314871 0.739309 0.988014
v -0.344095 0.725198 0.979379
v -0.339275 0.732869 0.979379
v -0.332869 0.739275 0.979379
v -0.325198 0.744095 0.979379
v -0.316646 0.747087 0.979379
v -0.307644 0.740123 0.988014
v -0.307644 0.747912 0.979585
v -0.307644 0.748102 0.979379
v -0.307644 0.753673 0.969425
v -0.082644 0.557644 0.95
v -0.082644 0.557644 1.0
v -0.085199 0.577055 0.95
newmtl 4
Ka 0.6431372549019608 0.615686274509804 0.6
Kd 0.45098039215686275 0.43137254901960786 0.4196078431372549
Ks 0.03137254901960784 0.03137254901960784 0.03137254901960784
d 0.0
endmtl
v -0.085199 0.577055 1.0
v -0.092692 0.595144 0.95
v -0.092692 0.595144 1.0
v -0.104611 0.610677 0.95
v -0.104611 0.610677 1.0
v -0.120144 0.622596 0.95
v -0.120144 0.622596 1.0
v -0.138232 0.630088 0.95
v -0.138232 0.630088 1.0
v -0.157644 0.632644 0.95
v -0.157644 0.632644 1.0
v -0.177055 0.630088 0.95
v -0.177055 0.630088 1.0
v -0.195144 0.622596 0.95
v -0.195144 0.622596 1.0
v -0.210677 0.610677 0.95
v -0.210677 0.610677 1.0
v -0.222596 0.595144 0.95
v -0.222596 0.595144 1.0
v -0.230088 0.577055 0.95
v -0.230088 0.577055 1.0
v -0.232644 0.557644 0.95
v -0.232644 0.557644 1.0
v -0.230088 0.538232 0.95
v -0.230088 0.538232 1.0
v -0.222596 0.520144 0.95
v -0.222596 0.520144 1.0
v -0.210677 0.504611 0.95
v -0.210677 0.504611 1.0
v -0.195144 0.492692 0.95
v -0.195144 0.492692 1.0
v -0.177055 0.485199 0.95
v -0.177055 0.485199 1.0
v -0.157644 0.482644 0.95
v -0.157644 0.482644 1.0
v -0.138232 0.485199 0.95
v -0.138232 0.485199 1.0
v -0.120144 0.492692 0.95
v -0.120144 0.492692 1.0
v -0.104611 0.504611 0.95
v -0.104611 0.504611 1.0
v -0.092692 0.520144 0.95
v -0.092692 0.520144 1.0
v -0.085199 0.538232 0.95
v -0.085199 0.538232 1.0
v -0.157644 0.557644 0.95
usemtl 1
f 1// 2// 3//
f 3// 2// 4//
f 5// 6// 7//
f 7// 6// 8//
f 9// 10// 11//
f 11// 10// 12//
f 13// 14// 15//
f 15// 14// 16//
f 2// 1// 17//
f 17// 1// 18//
f 17// 18// 19//
f 19// 18// 20//
f 19// 20// 21//
f 21// 20// 22//
f 21// 22// 23//
f 23// 22// 24//
f 23// 24// 25//
f 25// 24// 26//
f 25// 26// 27//
f 27// 26// 28//
f 27// 28// 29//
f 29// 28// 30//
f 29// 30// 31//
f 31// 30// 32//
f 31// 32// 33//
f 33// 32// 34//
f 33// 34// 35//
f 35// 34// 36//
f 35// 36// 37//
f 37// 36// 38//
f 37// 38// 39//
f 39// 38// 40//
f 39// 40// 41//
f 41// 40// 42//
f 41// 42// 43//
f 43// 42// 44//
f 43// 44// 45//
f 45// 44// 46//
f 45// 46// 47//
f 47// 46// 48//
f 47// 48// 49//
f 49// 48// 50//
f 49// 50// 51//
f 51// 50// 52//
f 51// 52// 53//
f 53// 52// 54//
f 53// 54// 55//
f 55// 54// 56//
f 55// 56// 57//
f 57// 56// 58//
f 57// 58// 59//
f 59// 58// 60//
f 59// 60// 61//
f 61// 60// 62//
f 61// 62// 63//
f 63// 62// 64//
f 63// 64// 65//
f 65// 64// 66//
f 5// 67// 6//
f 6// 67// 68//
f 69// 70// 71//
f 71// 70// 72//
f 67// 73// 68//
f 68// 73// 74//
f 68// 74// 75//
f 76// 77// 78//
f 78// 77// 79//
f 78// 79// 80//
f 74// 81// 75//
f 75// 81// 82//
f 75// 82// 76//
f 76// 82// 83//
f 76// 83// 77//
f 84// 85// 72//
f 72// 85// 86//
f 72// 86// 71//
f 79// 87// 80//
f 80// 87// 88//
f 80// 88// 84//
f 84// 88// 89//
f 84// 89// 85//
f 90// 91// 92//
f 92// 91// 93//
f 92// 93// 94//
f 94// 93// 95//
f 94// 95// 96//
f 96// 95// 97//
f 96// 97// 98//
f 98// 97// 99//
f 98// 99// 100//
f 100// 99// 101//
f 100// 101// 102//
f 102// 101// 103//
f 102// 103// 104//
f 104// 103// 105//
f 104// 105// 106//
f 106// 105// 107//
f 106// 107// 108//
f 108// 107// 109//
f 108// 109// 110//
f 110// 109// 111//
f 110// 111// 112//
f 112// 111// 113//
f 112// 113// 12//
f 12// 113// 11//
f 114// 115// 116//
f 116// 115// 117//
f 117// 115// 118//
f 117// 118// 119//
f 119// 118// 120//
f 120// 118// 121//
f 120// 121// 122//
f 122// 121// 123//
f 123// 121// 124//
f 123// 124// 125//
f 15// 16// 126//
f 126// 16// 127//
f 128// 129// 127//
f 127// 129// 130//
f 127// 130// 126//
f 131// 132// 128//
f 128// 132// 133//
f 128// 133// 129//
f 116// 134// 114//
f 114// 134// 135//
f 114// 135// 131//
f 131// 135// 136//
f 131// 136// 132//
f 137// 138// 66//
f 66// 138// 65//
f 139// 140// 69//
f 69// 140// 70//
f 91// 90// 141//
f 141// 90// 142//
f 125// 124// 143//
f 143// 124// 144//
f 145// 146// 147//
f 147// 146// 148//
f 147// 148// 149//
f 149// 148// 150//
f 149// 150// 151//
f 151// 150// 152//
f 151// 152// 153//
f 153// 152// 154//
f 153// 154// 155//
f 155// 154// 156//
f 155// 156// 157//
f 157// 156// 158//
f 157// 158// 159//
f 159// 158// 160//
f 159// 160// 161//
f 161// 160// 162//
f 161// 162// 163//
f 163// 162// 164//
f 163// 164// 165//
f 165// 164// 166//
f 165// 166// 167//
f 167// 166// 168//
f 167// 168// 137//
f 137// 168// 138//
f 169// 170// 171//
f 169// 171// 172//
f 173// 174// 175//
f 140// 139// 176//
f 176// 139// 174//
f 176// 174// 177//
f 177// 174// 173//
f 171// 178// 172//
f 172// 178// 179//
f 172// 179// 180//
f 181// 182// 175//
f 175// 182// 183//
f 175// 183// 173//
f 184// 185// 186//
f 179// 187// 180//
f 180// 187// 188//
f 180// 188// 186//
f 186// 188// 189//
f 186// 189// 184//
f 184// 190// 185//
f 185// 190// 191//
f 185// 191// 181//
f 181// 191// 192//
f 181// 192// 182//
f 141// 142// 193//
f 193// 142// 194//
f 193// 194// 195//
f 195// 194// 196//
f 195// 196// 197//
f 197// 196// 198//
f 197// 198// 199//
f 199// 198// 200//
f 199// 200// 201//
f 201// 200// 202//
f 201// 202// 203//
f 203// 202// 204//
f 203// 204// 205//
f 205// 204// 206//
f 205// 206// 207//
f 207// 206// 208//
f 207// 208// 209//
f 209// 208// 210//
f 209// 210// 211//
f 211// 210// 212//
f 211// 212// 213//
f 213// 212// 214//
f 213// 214// 215//
f 215// 214// 216//
f 215// 216// 217//
f 217// 216// 218//
f 217// 218// 219//
f 219// 218// 220//
f 219// 220// 221//
f 221// 220// 222//
f 221// 222// 223//
f 223// 222// 224//
f 223// 224// 225//
f 225// 224// 226//
f 225// 226// 227//
f 227// 226// 228//
f 227// 228// 229//
f 229// 228// 230//
f 229// 230// 231//
f 231// 230// 232//
f 231// 232// 233//
f 233// 232// 234//
f 233// 234// 235//
f 235// 234// 236//
f 235// 236// 237//
f 237// 236// 238//
f 237// 238// 239//
f 239// 238// 240//
f 239// 240// 241//
f 241// 240// 242//
f 241// 242// 243//
f 243// 242// 244//
f 245// 246// 247//
f 247// 246// 248//
f 249// 250// 248//
f 248// 250// 251//
f 248// 251// 247//
f 252// 253// 249//
f 249// 253// 254//
f 249// 254// 250//
f 255// 256// 252//
f 252// 256// 257//
f 252// 257// 253//
f 144// 258// 143//
f 143// 258// 259//
f 260// 261// 262//
f 258// 263// 259//
f 259// 263// 264//
f 259// 264// 262//
f 262// 264// 265//
f 262// 265// 260//
f 260// 266// 261//
f 261// 266// 267//
f 261// 267// 255//
f 255// 267// 268//
f 255// 268// 256//
f 246// 245// 269//
f 269// 245// 270//
f 271// 272// 145//
f 145// 272// 146//
f 273// 274// 169//
f 169// 274// 170//
f 243// 244// 275//
f 275// 244// 276//
f 277// 278// 279//
f 279// 278// 280//
f 281// 282// 269//
f 273// 269// 274//
f 274// 269// 270//
f 272// 273// 283//
f 273// 272// 269//
f 269// 272// 271//
f 269// 271// 281//
f 284// 285// 286//
f 282// 287// 269//
f 269// 287// 288//
f 269// 288// 289//
f 274// 276// 290//
f 283// 291// 272//
f 272// 291// 292//
f 272// 292// 293//
f 293// 292// 294//
f 284// 286// 295//
f 276// 274// 275//
f 275// 274// 270//
f 275// 270// 286//
f 286// 270// 296//
f 286// 296// 295//
f 290// 297// 298//
f 298// 299// 290//
f 290// 299// 300//
f 290// 300// 274//
f 170// 274// 300//
f 170// 300// 301//
f 301// 300// 299//
f 301// 299// 302//
f 302// 299// 298//
f 302// 298// 303//
f 303// 298// 297//
f 303// 297// 304//
f 304// 297// 290//
f 304// 290// 305//
f 305// 290// 276//
f 305// 276// 244//
f 240// 238// 306//
f 230// 228// 307//
f 220// 218// 308//
f 210// 208// 309//
f 206// 204// 310//
f 200// 198// 311//
f 196// 194// 312//
f 140// 176// 313//
f 313// 176// 314//
f 313// 314// 315//
f 315// 314// 316//
f 316// 314// 317//
f 316// 317// 318//
f 318// 317// 319//
f 319// 317// 320//
f 319// 320// 321//
f 321// 320// 322//
f 322// 320// 323//
f 322// 323// 324//
f 324// 323// 325//
f 325// 323// 312//
f 325// 312// 326//
f 191// 190// 327//
f 327// 190// 328//
f 327// 328// 329//
f 329// 328// 330//
f 329// 330// 331//
f 331// 330// 332//
f 331// 332// 333//
f 333// 332// 334//
f 333// 334// 335//
f 335// 334// 308//
f 189// 188// 336//
f 336// 188// 337//
f 336// 337// 338//
f 338// 337// 339//
f 338// 339// 340//
f 340// 339// 341//
f 340// 341// 342//
f 342// 341// 343//
f 342// 343// 344//
f 344// 343// 307//
f 179// 178// 345//
f 345// 178// 346//
f 345// 346// 347//
f 347// 346// 348//
f 347// 348// 349//
f 349// 348// 350//
f 349// 350// 351//
f 351// 350// 352//
f 351// 352// 353//
f 353// 352// 306//
f 326// 312// 354//
f 354// 312// 194//
f 354// 194// 142//
f 176// 177// 314//
f 314// 177// 355//
f 314// 355// 317//
f 317// 355// 356//
f 317// 356// 320//
f 320// 356// 357//
f 320// 357// 323//
f 323// 357// 358//
f 323// 358// 312//
f 312// 358// 311//
f 312// 311// 196//
f 196// 311// 198//
f 202// 200// 359//
f 359// 200// 311//
f 359// 311// 360//
f 360// 311// 358//
f 360// 358// 361//
f 361// 358// 357//
f 361// 357// 362//
f 362// 357// 356//
f 362// 356// 363//
f 363// 356// 355//
f 363// 355// 173//
f 173// 355// 177//
f 173// 183// 363//
f 363// 183// 364//
f 363// 364// 362//
f 362// 364// 365//
f 362// 365// 361//
f 361// 365// 366//
f 361// 366// 360//
f 360// 366// 367//
f 360// 367// 359//
f 359// 367// 310//
f 359// 310// 202//
f 202// 310// 204//
f 183// 182// 364//
f 364// 182// 368//
f 364// 368// 365//
f 365// 368// 369//
f 365// 369// 366//
f 366// 369// 370//
f 366// 370// 367//
f 367// 370// 371//
f 367// 371// 310//
f 310// 371// 309//
f 310// 309// 206//
f 206// 309// 208//
f 212// 210// 372//
f 372// 210// 309//
f 372// 309// 373//
f 373// 309// 371//
f 373// 371// 374//
f 374// 371// 370//
f 374// 370// 375//
f 375// 370// 369//
f 375// 369// 376//
f 376// 369// 368//
f 376// 368// 192//
f 192// 368// 182//
f 192// 191// 376//
f 376// 191// 327//
f 376// 327// 375//
f 375// 327// 329//
f 375// 329// 374//
f 374// 329// 331//
f 374// 331// 373//
f 373// 331// 333//
f 373// 333// 372//
f 372// 333// 335//
f 372// 335// 212//
f 212// 335// 214//
f 308// 218// 335//
f 335// 218// 216//
f 335// 216// 214//
f 222// 220// 377//
f 377// 220// 308//
f 377// 308// 378//
f 378// 308// 334//
f 378// 334// 379//
f 379// 334// 332//
f 379// 332// 380//
f 380// 332// 330//
f 380// 330// 381//
f 381// 330// 328//
f 381// 328// 184//
f 184// 328// 190//
f 184// 189// 381//
f 381// 189// 336//
f 381// 336// 380//
f 380// 336// 338//
f 380// 338// 379//
f 379// 338// 340//
f 379// 340// 378//
f 378// 340// 342//
f 378// 342// 377//
f 377// 342// 344//
f 377// 344// 222//
f 222// 344// 224//
f 307// 228// 344//
f 344// 228// 226//
f 344// 226// 224//
f 232// 230// 382//
f 382// 230// 307//
f 382// 307// 383//
f 383// 307// 343//
f 383// 343// 384//
f 384// 343// 341//
f 384// 341// 385//
f 385// 341// 339//
f 385// 339// 386//
f 386// 339// 337//
f 386// 337// 187//
f 187// 337// 188//
f 187// 179// 386//
f 386// 179// 345//
f 386// 345// 385//
f 385// 345// 347//
f 385// 347// 384//
f 384// 347// 349//
f 384// 349// 383//
f 383// 349// 351//
f 383// 351// 382//
f 382// 351// 353//
f 382// 353// 232//
f 232// 353// 234//
f 306// 238// 353//
f 353// 238// 236//
f 353// 236// 234//
f 242// 240// 387//
f 387// 240// 306//
f 387// 306// 388//
f 388// 306// 352//
f 388// 352// 389//
f 389// 352// 350//
f 389// 350// 390//
f 390// 350// 348//
f 390// 348// 391//
f 391// 348// 346//
f 391// 346// 171//
f 171// 346// 178//
f 171// 170// 391//
f 391// 170// 301//
f 391// 301// 390//
f 390// 301// 302//
f 390// 302// 389//
f 389// 302// 303//
f 389// 303// 388//
f 388// 303// 304//
f 388// 304// 387//
f 387// 304// 305//
f 387// 305// 242//
f 242// 305// 244//
f 243// 275// 286//
f 243// 286// 392//
f 392// 286// 285//
f 392// 285// 393//
f 393// 285// 284//
f 393// 284// 394//
f 394// 284// 295//
f 394// 295// 395//
f 395// 295// 296//
f 395// 296// 396//
f 396// 296// 270//
f 396// 270// 245//
f 90// 397// 142//
f 142// 397// 354//
f 354// 397// 326//
f 326// 397// 398//
f 326// 398// 325//
f 325// 398// 399//
f 325// 399// 324//
f 324// 399// 400//
f 324// 400// 322//
f 322// 400// 401//
f 322// 401// 321//
f 321// 401// 402//
f 321// 402// 319//
f 319// 402// 403//
f 319// 403// 318//
f 318// 403// 404//
f 318// 404// 316//
f 316// 404// 405//
f 316// 405// 315//
f 315// 405// 406//
f 315// 406// 313//
f 406// 407// 313//
f 313// 407// 70//
f 313// 70// 140//
f 146// 272// 293//
f 146// 293// 408//
f 408// 293// 294//
f 408// 294// 409//
f 409// 294// 292//
f 409// 292// 410//
f 410// 292// 291//
f 410// 291// 411//
f 411// 291// 283//
f 411// 283// 412//
f 412// 283// 273//
f 412// 273// 169//
f 199// 201// 413//
f 205// 207// 414//
f 215// 217// 415//
f 225// 227// 416//
f 229// 231// 417//
f 235// 237// 418//
f 239// 241// 419//
f 144// 420// 258//
f 258// 420// 421//
f 420// 422// 421//
f 421// 422// 423//
f 421// 423// 424//
f 423// 425// 424//
f 424// 425// 426//
f 424// 426// 427//
f 426// 428// 427//
f 427// 428// 429//
f 427// 429// 430//
f 256// 268// 431//
f 431// 268// 432//
f 431// 432// 433//
f 433// 432// 434//
f 433// 434// 435//
f 435// 434// 436//
f 435// 436// 437//
f 437// 436// 438//
f 437// 438// 439//
f 439// 438// 415//
f 266// 260// 440//
f 440// 260// 441//
f 440// 441// 442//
f 442// 441// 443//
f 442// 443// 444//
f 444// 443// 445//
f 444// 445// 446//
f 446// 445// 447//
f 446// 447// 448//
f 448// 447// 414//
f 264// 263// 449//
f 449// 263// 450//
f 449// 450// 451//
f 451// 450// 452//
f 451// 452// 453//
f 453// 452// 454//
f 453// 454// 455//
f 455// 454// 456//
f 455// 456// 413//
f 413// 456// 457//
f 263// 258// 450//
f 450// 258// 421//
f 450// 421// 452//
f 452// 421// 424//
f 452// 424// 454//
f 454// 424// 427//
f 454// 427// 456//
f 456// 427// 430//
f 456// 430// 457//
f 457// 430// 458//
f 245// 247// 396//
f 396// 247// 459//
f 396// 459// 395//
f 395// 459// 460//
f 395// 460// 394//
f 394// 460// 461//
f 394// 461// 393//
f 393// 461// 462//
f 393// 462// 392//
f 392// 462// 419//
f 392// 419// 243//
f 243// 419// 241//
f 247// 251// 459//
f 459// 251// 463//
f 459// 463// 460//
f 460// 463// 464//
f 460// 464// 461//
f 461// 464// 465//
f 461// 465// 462//
f 462// 465// 466//
f 462// 466// 419//
f 419// 466// 418//
f 419// 418// 239//
f 239// 418// 237//
f 233// 235// 467//
f 467// 235// 418//
f 467// 418// 468//
f 468// 418// 466//
f 468// 466// 469//
f 469// 466// 465//
f 469// 465// 470//
f 470// 465// 464//
f 470// 464// 471//
f 471// 464// 463//
f 471// 463// 250//
f 250// 463// 251//
f 250// 254// 471//
f 471// 254// 472//
f 471// 472// 470//
f 470// 472// 473//
f 470// 473// 469//
f 469// 473// 474//
f 469// 474// 468//
f 468// 474// 475//
f 468// 475// 467//
f 467// 475// 417//
f 467// 417// 233//
f 233// 417// 231//
f 254// 253// 472//
f 472// 253// 476//
f 472// 476// 473//
f 473// 476// 477//
f 473// 477// 474//
f 474// 477// 478//
f 474// 478// 475//
f 475// 478// 479//
f 475// 479// 417//
f 417// 479// 416//
f 417// 416// 229//
f 229// 416// 227//
f 223// 225// 480//
f 480// 225// 416//
f 480// 416// 481//
f 481// 416// 479//
f 481// 479// 482//
f 482// 479// 478//
f 482// 478// 483//
f 483// 478// 477//
f 483// 477// 484//
f 484// 477// 476//
f 484// 476// 257//
f 257// 476// 253//
f 257// 256// 484//
f 484// 256// 431//
f 484// 431// 483//
f 483// 431// 433//
f 483// 433// 482//
f 482// 433// 435//
f 482// 435// 481//
f 481// 435// 437//
f 481// 437// 480//
f 480// 437// 439//
f 480// 439// 223//
f 223// 439// 221//
f 415// 217// 439//
f 439// 217// 219//
f 439// 219// 221//
f 213// 215// 485//
f 485// 215// 415//
f 485// 415// 486//
f 486// 415// 438//
f 486// 438// 487//
f 487// 438// 436//
f 487// 436// 488//
f 488// 436// 434//
f 488// 434// 489//
f 489// 434// 432//
f 489// 432// 267//
f 267// 432// 268//
f 267// 266// 489//
f 489// 266// 440//
f 489// 440// 488//
f 488// 440// 442//
f 488// 442// 487//
f 487// 442// 444//
f 487// 444// 486//
f 486// 444// 446//
f 486// 446// 485//
f 485// 446// 448//
f 485// 448// 213//
f 213// 448// 211//
f 414// 207// 448//
f 448// 207// 209//
f 448// 209// 211//
f 203// 205// 490//
f 490// 205// 414//
f 490// 414// 491//
f 491// 414// 447//
f 491// 447// 492//
f 492// 447// 445//
f 492// 445// 493//
f 493// 445// 443//
f 493// 443// 494//
f 494// 443// 441//
f 494// 441// 265//
f 265// 441// 260//
f 265// 264// 494//
f 494// 264// 449//
f 494// 449// 493//
f 493// 449// 451//
f 493// 451// 492//
f 492// 451// 453//
f 492// 453// 491//
f 491// 453// 455//
f 491// 455// 490//
f 490// 455// 413//
f 490// 413// 203//
f 203// 413// 201//
f 429// 495// 430//
f 430// 495// 496//
f 430// 496// 458//
f 458// 496// 497//
f 458// 497// 498//
f 199// 413// 197//
f 197// 413// 457//
f 197// 457// 195//
f 195// 457// 458//
f 195// 458// 193//
f 193// 458// 498//
f 193// 498// 141//
f 399// 398// 499//
f 499// 398// 397//
f 98// 500// 96//
f 96// 500// 501//
f 96// 501// 94//
f 94// 501// 499//
f 94// 499// 92//
f 92// 499// 397//
f 92// 397// 90//
f 98// 100// 500//
f 500// 100// 102//
f 500// 102// 502//
f 502// 102// 104//
f 502// 104// 503//
f 503// 104// 106//
f 503// 106// 504//
f 504// 106// 108//
f 504// 108// 505//
f 505// 108// 110//
f 110// 112// 505//
f 505// 112// 12//
f 505// 12// 506//
f 401// 400// 507//
f 507// 400// 399//
f 399// 499// 507//
f 507// 499// 501//
f 507// 501// 508//
f 508// 501// 500//
f 508// 500// 509//
f 509// 500// 502//
f 509// 502// 510//
f 510// 502// 503//
f 510// 503// 511//
f 511// 503// 504//
f 511// 504// 512//
f 512// 504// 505//
f 512// 505// 513//
f 513// 505// 506//
f 513// 506// 514//
f 403// 402// 515//
f 515// 402// 401//
f 401// 507// 515//
f 515// 507// 508//
f 515// 508// 516//
f 516// 508// 509//
f 516// 509// 517//
f 517// 509// 510//
f 517// 510// 518//
f 518// 510// 511//
f 518// 511// 519//
f 519// 511// 512//
f 519// 512// 520//
f 520// 512// 513//
f 520// 513// 521//
f 521// 513// 514//
f 521// 514// 522//
f 405// 404// 523//
f 523// 404// 403//
f 403// 515// 523//
f 523// 515// 516//
f 523// 516// 524//
f 524// 516// 517//
f 524// 517// 525//
f 525// 517// 518//
f 525// 518// 526//
f 526// 518// 519//
f 526// 519// 527//
f 527// 519// 520//
f 527// 520// 528//
f 528// 520// 521//
f 528// 521// 529//
f 529// 521// 522//
f 529// 522// 530//
f 407// 406// 531//
f 531// 406// 405//
f 405// 523// 531//
f 531// 523// 524//
f 531// 524// 532//
f 532// 524// 525//
f 532// 525// 533//
f 533// 525// 526//
f 533// 526// 534//
f 534// 526// 527//
f 534// 527// 535//
f 535// 527// 528//
f 535// 528// 536//
f 536// 528// 529//
f 536// 529// 537//
f 537// 529// 530//
f 537// 530// 538//
f 72// 70// 407//
f 407// 531// 72//
f 72// 531// 532//
f 72// 532// 84//
f 84// 532// 533//
f 84// 533// 80//
f 80// 533// 534//
f 80// 534// 78//
f 78// 534// 535//
f 78// 535// 76//
f 76// 535// 536//
f 76// 536// 75//
f 75// 536// 537//
f 75// 537// 68//
f 68// 537// 538//
f 68// 538// 6//
f 139// 539// 540//
f 539// 541// 542//
f 541// 543// 544//
f 543// 545// 546//
f 545// 547// 548//
f 162// 549// 164//
f 164// 549// 550//
f 164// 550// 166//
f 166// 550// 548//
f 166// 548// 168//
f 168// 548// 547//
f 168// 547// 138//
f 162// 160// 549//
f 549// 160// 158//
f 549// 158// 551//
f 551// 158// 156//
f 551// 156// 552//
f 552// 156// 154//
f 552// 154// 553//
f 553// 154// 152//
f 553// 152// 554//
f 554// 152// 150//
f 150// 148// 554//
f 554// 148// 146//
f 554// 146// 408//
f 545// 548// 546//
f 546// 548// 550//
f 546// 550// 555//
f 555// 550// 549//
f 555// 549// 556//
f 556// 549// 551//
f 556// 551// 557//
f 557// 551// 552//
f 557// 552// 558//
f 558// 552// 553//
f 558// 553// 559//
f 559// 553// 554//
f 559// 554// 560//
f 560// 554// 408//
f 560// 408// 409//
f 543// 546// 544//
f 544// 546// 555//
f 544// 555// 561//
f 561// 555// 556//
f 561// 556// 562//
f 562// 556// 557//
f 562// 557// 563//
f 563// 557// 558//
f 563// 558// 564//
f 564// 558// 559//
f 564// 559// 565//
f 565// 559// 560//
f 565// 560// 566//
f 566// 560// 409//
f 566// 409// 410//
f 541// 544// 542//
f 542// 544// 561//
f 542// 561// 567//
f 567// 561// 562//
f 567// 562// 568//
f 568// 562// 563//
f 568// 563// 569//
f 569// 563// 564//
f 569// 564// 570//
f 570// 564// 565//
f 570// 565// 571//
f 571// 565// 566//
f 571// 566// 572//
f 572// 566// 410//
f 572// 410// 411//
f 539// 542// 540//
f 540// 542// 567//
f 540// 567// 573//
f 573// 567// 568//
f 573// 568// 574//
f 574// 568// 569//
f 574// 569// 575//
f 575// 569// 570//
f 575// 570// 576//
f 576// 570// 571//
f 576// 571// 577//
f 577// 571// 572//
f 577// 572// 578//
f 578// 572// 411//
f 578// 411// 412//
f 139// 540// 174//
f 174// 540// 573//
f 174// 573// 175//
f 175// 573// 574//
f 175// 574// 181//
f 181// 574// 575//
f 181// 575// 185//
f 185// 575// 576//
f 185// 576// 186//
f 186// 576// 577//
f 186// 577// 180//
f 180// 577// 578//
f 180// 578// 172//
f 172// 578// 412//
f 172// 412// 169//
f 124// 579// 144//
f 144// 579// 420//
f 420// 579// 422//
f 422// 579// 580//
f 422// 580// 423//
f 423// 580// 581//
f 423// 581// 425//
f 425// 581// 582//
f 425// 582// 426//
f 426// 582// 583//
f 426// 583// 428//
f 428// 583// 584//
f 428// 584// 429//
f 429// 584// 585//
f 429// 585// 495//
f 495// 585// 586//
f 495// 586// 496//
f 496// 586// 587//
f 496// 587// 497//
f 497// 587// 588//
f 497// 588// 498//
f 588// 589// 498//
f 498// 589// 91//
f 498// 91// 141//
f 506// 12// 10//
f 10// 590// 506//
f 506// 590// 591//
f 506// 591// 592//
f 592// 593// 506//
f 506// 593// 594//
f 506// 594// 595//
f 596// 514// 597//
f 597// 514// 506//
f 597// 506// 598//
f 598// 506// 595//
f 596// 599// 514//
f 514// 599// 600//
f 514// 600// 522//
f 600// 601// 522//
f 522// 601// 602//
f 522// 602// 530//
f 602// 603// 530//
f 530// 603// 604//
f 530// 604// 538//
f 8// 6// 605//
f 605// 6// 538//
f 605// 538// 606//
f 606// 538// 604//
f 139// 69// 607//
f 139// 607// 539//
f 539// 607// 608//
f 539// 608// 541//
f 541// 608// 609//
f 541// 609// 543//
f 543// 609// 610//
f 543// 610// 545//
f 545// 610// 611//
f 545// 611// 547//
f 547// 611// 65//
f 547// 65// 138//
f 16// 612// 613//
f 612// 614// 615//
f 616// 617// 618//
f 107// 619// 109//
f 109// 619// 620//
f 109// 620// 111//
f 111// 620// 621//
f 111// 621// 113//
f 113// 621// 622//
f 113// 622// 11//
f 107// 105// 619//
f 619// 105// 103//
f 619// 103// 623//
f 623// 103// 101//
f 623// 101// 624//
f 624// 101// 99//
f 624// 99// 625//
f 625// 99// 97//
f 625// 97// 626//
f 626// 97// 95//
f 626// 95// 93//
f 93// 91// 589//
f 93// 589// 626//
f 626// 589// 588//
f 626// 588// 587//
f 587// 627// 626//
f 626// 627// 628//
f 626// 628// 625//
f 625// 628// 629//
f 625// 629// 624//
f 624// 629// 630//
f 624// 630// 623//
f 623// 630// 631//
f 623// 631// 619//
f 619// 631// 632//
f 619// 632// 620//
f 620// 632// 618//
f 620// 618// 621//
f 621// 618// 617//
f 621// 617// 622//
f 616// 618// 633//
f 633// 618// 632//
f 633// 632// 634//
f 634// 632// 631//
f 634// 631// 635//
f 635// 631// 630//
f 635// 630// 636//
f 636// 630// 629//
f 636// 629// 637//
f 637// 629// 628//
f 637// 628// 638//
f 638// 628// 627//
f 638// 627// 639//
f 587// 586// 627//
f 627// 586// 585//
f 627// 585// 639//
f 639// 585// 584//
f 639// 584// 583//
f 583// 640// 639//
f 639// 640// 641//
f 639// 641// 638//
f 638// 641// 642//
f 638// 642// 637//
f 637// 642// 643//
f 637// 643// 636//
f 636// 643// 644//
f 636// 644// 635//
f 635// 644// 645//
f 635// 645// 634//
f 634// 645// 615//
f 634// 615// 633//
f 633// 615// 614//
f 633// 614// 616//
f 612// 615// 613//
f 613// 615// 645//
f 613// 645// 646//
f 646// 645// 644//
f 646// 644// 647//
f 647// 644// 643//
f 647// 643// 648//
f 648// 643// 642//
f 648// 642// 649//
f 649// 642// 641//
f 649// 641// 650//
f 650// 641// 640//
f 650// 640// 651//
f 583// 582// 640//
f 640// 582// 581//
f 640// 581// 651//
f 651// 581// 580//
f 651// 580// 579//
f 16// 613// 127//
f 127// 613// 646//
f 127// 646// 128//
f 128// 646// 647//
f 128// 647// 131//
f 131// 647// 648//
f 131// 648// 114//
f 114// 648// 649//
f 114// 649// 115//
f 115// 649// 650//
f 115// 650// 118//
f 118// 650// 651//
f 118// 651// 121//
f 121// 651// 579//
f 121// 579// 124//
f 606// 604// 652//
f 603// 602// 653//
f 599// 596// 654//
f 597// 598// 655//
f 655// 593// 656//
f 656// 593// 592//
f 656// 592// 657//
f 657// 592// 591//
f 657// 591// 658//
f 658// 591// 590//
f 658// 590// 659//
f 598// 595// 655//
f 655// 595// 594//
f 655// 594// 593//
f 601// 600// 660//
f 660// 600// 599//
f 603// 653// 604//
f 661// 605// 606//
f 8// 605// 662//
f 662// 605// 661//
f 662// 661// 663//
f 663// 661// 664//
f 663// 664// 665//
f 665// 664// 666//
f 666// 664// 667//
f 666// 667// 668//
f 668// 667// 669//
f 669// 667// 670//
f 669// 670// 671//
f 671// 670// 672//
f 672// 670// 673//
f 672// 673// 674//
f 674// 673// 675//
f 675// 673// 676//
f 675// 676// 677//
f 677// 676// 678//
f 677// 678// 279//
f 590// 10// 659//
f 659// 10// 679//
f 659// 679// 680//
f 596// 597// 654//
f 654// 597// 655//
f 654// 655// 681//
f 681// 655// 656//
f 681// 656// 682//
f 682// 656// 657//
f 682// 657// 683//
f 683// 657// 658//
f 683// 658// 684//
f 684// 658// 659//
f 684// 659// 685//
f 685// 659// 680//
f 599// 654// 660//
f 660// 654// 681//
f 660// 681// 686//
f 686// 681// 682//
f 686// 682// 687//
f 687// 682// 683//
f 687// 683// 688//
f 688// 683// 684//
f 688// 684// 689//
f 689// 684// 685//
f 689// 685// 690//
f 680// 691// 685//
f 685// 691// 692//
f 685// 692// 690//
f 690// 692// 693//
f 690// 693// 694//
f 694// 695// 690//
f 690// 695// 696//
f 690// 696// 689//
f 689// 696// 697//
f 689// 697// 688//
f 688// 697// 698//
f 688// 698// 687//
f 687// 698// 699//
f 687// 699// 686//
f 686// 699// 653//
f 686// 653// 660//
f 660// 653// 602//
f 660// 602// 601//
f 604// 653// 652//
f 652// 653// 699//
f 652// 699// 700//
f 700// 699// 698//
f 700// 698// 701//
f 701// 698// 697//
f 701// 697// 702//
f 702// 697// 696//
f 702// 696// 703//
f 703// 696// 695//
f 703// 695// 704//
f 694// 705// 695//
f 695// 705// 706//
f 695// 706// 704//
f 704// 706// 707//
f 704// 707// 708//
f 606// 652// 661//
f 661// 652// 700//
f 661// 700// 664//
f 664// 700// 701//
f 664// 701// 667//
f 667// 701// 702//
f 667// 702// 670//
f 670// 702// 703//
f 670// 703// 673//
f 673// 703// 704//
f 673// 704// 676//
f 676// 704// 708//
f 676// 708// 678//
f 19// 21// 709//
f 29// 31// 710//
f 33// 35// 711//
f 43// 45// 712//
f 47// 49// 713//
f 57// 59// 714//
f 61// 63// 715//
f 89// 88// 716//
f 716// 88// 717//
f 716// 717// 718//
f 718// 717// 719//
f 718// 719// 720//
f 720// 719// 721//
f 720// 721// 722//
f 722// 721// 723//
f 722// 723// 724//
f 724// 723// 713//
f 77// 83// 725//
f 725// 83// 726//
f 725// 726// 727//
f 727// 726// 728//
f 727// 728// 729//
f 729// 728// 730//
f 729// 730// 731//
f 731// 730// 732//
f 731// 732// 733//
f 733// 732// 711//
f 74// 73// 734//
f 734// 73// 735//
f 734// 735// 736//
f 736// 735// 737//
f 736// 737// 738//
f 738// 737// 739//
f 738// 739// 740//
f 740// 739// 741//
f 740// 741// 742//
f 742// 741// 709//
f 69// 71// 607//
f 607// 71// 743//
f 607// 743// 608//
f 608// 743// 744//
f 608// 744// 609//
f 609// 744// 745//
f 609// 745// 610//
f 610// 745// 746//
f 610// 746// 611//
f 611// 746// 715//
f 611// 715// 65//
f 65// 715// 63//
f 71// 86// 743//
f 743// 86// 747//
f 743// 747// 744//
f 744// 747// 748//
f 744// 748// 745//
f 745// 748// 749//
f 745// 749// 746//
f 746// 749// 750//
f 746// 750// 715//
f 715// 750// 714//
f 715// 714// 61//
f 61// 714// 59//
f 55// 57// 751//
f 751// 57// 714//
f 751// 714// 752//
f 752// 714// 750//
f 752// 750// 753//
f 753// 750// 749//
f 753// 749// 754//
f 754// 749// 748//
f 754// 748// 755//
f 755// 748// 747//
f 755// 747// 85//
f 85// 747// 86//
f 85// 89// 755//
f 755// 89// 716//
f 755// 716// 754//
f 754// 716// 718//
f 754// 718// 753//
f 753// 718// 720//
f 753// 720// 752//
f 752// 720// 722//
f 752// 722// 751//
f 751// 722// 724//
f 751// 724// 55//
f 55// 724// 53//
f 713// 49// 724//
f 724// 49// 51//
f 724// 51// 53//
f 88// 87// 717//
f 717// 87// 756//
f 717// 756// 719//
f 719// 756// 757//
f 719// 757// 721//
f 721// 757// 758//
f 721// 758// 723//
f 723// 758// 759//
f 723// 759// 713//
f 713// 759// 712//
f 713// 712// 47//
f 47// 712// 45//
f 41// 43// 760//
f 760// 43// 712//
f 760// 712// 761//
f 761// 712// 759//
f 761// 759// 762//
f 762// 759// 758//
f 762// 758// 763//
f 763// 758// 757//
f 763// 757// 764//
f 764// 757// 756//
f 764// 756// 79//
f 79// 756// 87//
f 79// 77// 764//
f 764// 77// 725//
f 764// 725// 763//
f 763// 725// 727//
f 763// 727// 762//
f 762// 727// 729//
f 762// 729// 761//
f 761// 729// 731//
f 761// 731// 760//
f 760// 731// 733//
f 760// 733// 41//
f 41// 733// 39//
f 711// 35// 733//
f 733// 35// 37//
f 733// 37// 39//
f 31// 33// 710//
f 710// 33// 711//
f 710// 711// 765//
f 765// 711// 732//
f 765// 732// 766//
f 766// 732// 730//
f 766// 730// 767//
f 767// 730// 728//
f 767// 728// 768//
f 768// 728// 726//
f 768// 726// 82//
f 82// 726// 83//
f 27// 29// 769//
f 769// 29// 710//
f 769// 710// 770//
f 770// 710// 765//
f 770// 765// 771//
f 771// 765// 766//
f 771// 766// 772//
f 772// 766// 767//
f 772// 767// 773//
f 773// 767// 768//
f 773// 768// 81//
f 81// 768// 82//
f 81// 74// 773//
f 773// 74// 734//
f 773// 734// 772//
f 772// 734// 736//
f 772// 736// 771//
f 771// 736// 738//
f 771// 738// 770//
f 770// 738// 740//
f 770// 740// 769//
f 769// 740// 742//
f 769// 742// 27//
f 27// 742// 25//
f 709// 21// 742//
f 742// 21// 23//
f 742// 23// 25//
f 17// 19// 774//
f 774// 19// 709//
f 774// 709// 775//
f 775// 709// 741//
f 775// 741// 776//
f 776// 741// 739//
f 776// 739// 777//
f 777// 739// 737//
f 777// 737// 778//
f 778// 737// 735//
f 778// 735// 67//
f 67// 735// 73//
f 67// 5// 778//
f 778// 5// 779//
f 778// 779// 777//
f 777// 779// 780//
f 777// 780// 776//
f 776// 780// 781//
f 776// 781// 775//
f 775// 781// 782//
f 775// 782// 774//
f 774// 782// 783//
f 774// 783// 17//
f 17// 783// 2//
f 14// 784// 16//
f 16// 784// 612//
f 784// 785// 612//
f 612// 785// 786//
f 612// 786// 614//
f 786// 787// 614//
f 614// 787// 788//
f 614// 788// 616//
f 788// 789// 616//
f 616// 789// 790//
f 616// 790// 617//
f 791// 792// 622//
f 790// 793// 617//
f 617// 793// 794//
f 617// 794// 622//
f 622// 794// 795//
f 622// 795// 791//
f 792// 796// 622//
f 622// 796// 797//
f 622// 797// 11//
f 11// 797// 798//
f 11// 798// 9//
f 10// 9// 679//
f 679// 9// 799//
f 679// 799// 680//
f 680// 799// 800//
f 680// 800// 691//
f 691// 800// 801//
f 691// 801// 692//
f 692// 801// 802//
f 692// 802// 693//
f 693// 802// 803//
f 693// 803// 694//
f 694// 803// 804//
f 694// 804// 705//
f 705// 804// 805//
f 705// 805// 706//
f 706// 805// 806//
f 706// 806// 707//
f 707// 806// 807//
f 707// 807// 708//
f 708// 807// 808//
f 708// 808// 678//
f 678// 808// 809//
f 678// 809// 279//
f 279// 809// 277//
f 8// 662// 7//
f 7// 662// 810//
f 662// 663// 810//
f 810// 663// 665//
f 810// 665// 811//
f 811// 665// 666//
f 811// 666// 812//
f 812// 666// 668//
f 812// 668// 813//
f 668// 669// 813//
f 813// 669// 671//
f 813// 671// 814//
f 814// 671// 672//
f 814// 672// 815//
f 815// 672// 674//
f 815// 674// 816//
f 816// 674// 675//
f 816// 675// 280//
f 280// 675// 677//
f 280// 677// 279//
f 7// 817// 5//
f 5// 817// 779//
f 817// 818// 779//
f 779// 818// 819//
f 779// 819// 780//
f 819// 820// 780//
f 780// 820// 821//
f 780// 821// 781//
f 821// 822// 781//
f 781// 822// 823//
f 781// 823// 782//
f 823// 824// 782//
f 782// 824// 825//
f 782// 825// 783//
f 783// 825// 826//
f 783// 826// 2//
f 2// 826// 827//
f 827// 828// 2//
f 2// 828// 829//
f 2// 829// 830//
f 830// 831// 2//
f 2// 831// 832//
f 2// 832// 4//
f 833// 834// 835//
f 836// 837// 838//
f 839// 840// 277//
f 14// 841// 784//
f 784// 841// 842//
f 784// 842// 785//
f 785// 842// 843//
f 785// 843// 786//
f 786// 843// 787//
f 787// 843// 844//
f 787// 844// 788//
f 788// 844// 789//
f 789// 844// 845//
f 789// 845// 790//
f 790// 845// 846//
f 790// 846// 793//
f 793// 846// 847//
f 793// 847// 794//
f 794// 847// 848//
f 794// 848// 795//
f 849// 850// 851//
f 852// 801// 853//
f 853// 801// 800//
f 853// 800// 799//
f 854// 804// 855//
f 855// 804// 803//
f 855// 803// 852//
f 852// 803// 802//
f 852// 802// 801//
f 856// 806// 854//
f 854// 806// 805//
f 854// 805// 804//
f 277// 809// 839//
f 839// 809// 808//
f 839// 808// 856//
f 856// 808// 807//
f 856// 807// 806//
f 853// 857// 852//
f 852// 857// 858//
f 852// 858// 855//
f 855// 858// 859//
f 855// 859// 854//
f 854// 859// 860//
f 854// 860// 856//
f 856// 860// 861//
f 856// 861// 839//
f 839// 861// 838//
f 839// 838// 840//
f 840// 838// 837//
f 857// 862// 858//
f 858// 862// 863//
f 858// 863// 859//
f 859// 863// 864//
f 859// 864// 860//
f 860// 864// 865//
f 860// 865// 861//
f 861// 865// 866//
f 861// 866// 838//
f 838// 866// 867//
f 838// 867// 836//
f 836// 867// 868//
f 862// 849// 863//
f 863// 849// 869//
f 863// 869// 864//
f 864// 869// 870//
f 864// 870// 865//
f 865// 870// 871//
f 865// 871// 866//
f 866// 871// 872//
f 866// 872// 867//
f 867// 872// 835//
f 867// 835// 868//
f 868// 835// 834//
f 841// 833// 842//
f 842// 833// 835//
f 842// 835// 843//
f 843// 835// 872//
f 843// 872// 844//
f 844// 872// 871//
f 844// 871// 845//
f 845// 871// 870//
f 845// 870// 846//
f 846// 870// 869//
f 846// 869// 847//
f 847// 869// 849//
f 847// 849// 848//
f 848// 849// 851//
f 848// 851// 795//
f 795// 851// 850//
f 795// 850// 791//
f 791// 850// 849//
f 791// 849// 792//
f 792// 849// 862//
f 792// 862// 796//
f 796// 862// 857//
f 796// 857// 797//
f 797// 857// 853//
f 797// 853// 798//
f 798// 853// 799//
f 798// 799// 9//
f 873// 874// 875//
f 831// 875// 832//
f 875// 831// 830//
f 4// 832// 875//
f 829// 828// 875//
f 7// 876// 817//
f 811// 812// 877//
f 814// 815// 878//
f 879// 816// 280//
f 817// 876// 818//
f 818// 876// 880//
f 818// 880// 819//
f 819// 880// 820//
f 820// 880// 881//
f 820// 881// 821//
f 821// 881// 822//
f 822// 881// 882//
f 822// 882// 823//
f 823// 882// 824//
f 824// 882// 883//
f 824// 883// 825//
f 825// 883// 826//
f 826// 883// 874//
f 826// 874// 827//
f 827// 874// 873//
f 827// 873// 828//
f 828// 873// 875//
f 830// 829// 875//
f 280// 884// 879//
f 879// 884// 885//
f 879// 885// 886//
f 885// 887// 886//
f 886// 887// 888//
f 886// 888// 889//
f 888// 890// 889//
f 889// 890// 891//
f 889// 891// 892//
f 810// 811// 893//
f 893// 811// 877//
f 893// 877// 894//
f 894// 877// 895//
f 894// 895// 896//
f 896// 895// 897//
f 896// 897// 898//
f 898// 897// 899//
f 898// 899// 900//
f 900// 899// 901//
f 900// 901// 902//
f 902// 901// 903//
f 902// 903// 875//
f 812// 813// 877//
f 877// 813// 904//
f 877// 904// 895//
f 895// 904// 905//
f 895// 905// 897//
f 897// 905// 906//
f 897// 906// 899//
f 899// 906// 907//
f 899// 907// 901//
f 901// 907// 908//
f 901// 908// 903//
f 903// 908// 909//
f 903// 909// 875//
f 7// 810// 876//
f 876// 810// 893//
f 876// 893// 880//
f 880// 893// 894//
f 880// 894// 881//
f 881// 894// 896//
f 881// 896// 882//
f 882// 896// 898//
f 882// 898// 883//
f 883// 898// 900//
f 883// 900// 874//
f 874// 900// 902//
f 874// 902// 875//
f 815// 816// 878//
f 878// 816// 879//
f 878// 879// 910//
f 910// 879// 886//
f 910// 886// 911//
f 911// 886// 889//
f 911// 889// 912//
f 912// 889// 892//
f 912// 892// 913//
f 913// 892// 914//
f 913// 914// 915//
f 915// 914// 916//
f 915// 916// 875//
f 891// 917// 892//
f 892// 917// 918//
f 892// 918// 914//
f 914// 918// 919//
f 914// 919// 916//
f 916// 919// 920//
f 916// 920// 875//
f 813// 814// 904//
f 904// 814// 878//
f 904// 878// 905//
f 905// 878// 910//
f 905// 910// 906//
f 906// 910// 911//
f 906// 911// 907//
f 907// 911// 912//
f 907// 912// 908//
f 908// 912// 913//
f 908// 913// 909//
f 909// 913// 915//
f 909// 915// 875//
f 14// 13// 921//
f 14// 921// 841//
f 841// 921// 922//
f 841// 922// 833//
f 833// 922// 834//
f 834// 922// 923//
f 834// 923// 868//
f 923// 924// 868//
f 868// 924// 925//
f 868// 925// 836//
f 836// 925// 837//
f 837// 925// 926//
f 837// 926// 840//
f 926// 927// 840//
f 840// 927// 278//
f 840// 278// 277//
f 3// 4// 928//
f 928// 4// 875//
f 928// 875// 929//
f 929// 875// 920//
f 929// 920// 930//
f 930// 920// 919//
f 930// 919// 931//
f 931// 919// 918//
f 931// 918// 932//
f 932// 918// 917//
f 932// 917// 933//
f 933// 917// 891//
f 933// 891// 934//
f 934// 891// 890//
f 934// 890// 935//
f 935// 890// 888//
f 935// 888// 936//
f 936// 888// 887//
f 936// 887// 937//
f 937// 887// 885//
f 937// 885// 938//
f 938// 885// 884//
f 938// 884// 278//
f 278// 884// 280//
f 939// 940// 928//
f 939// 928// 941//
f 942// 941// 928//
f 931// 943// 944//
f 933// 934// 945//
f 946// 947// 948//
f 949// 950// 951//
f 952// 953// 928//
f 954// 928// 955//
f 928// 954// 3//
f 953// 955// 928//
f 956// 952// 928//
f 957// 940// 958//
f 958// 940// 959//
f 960// 961// 962//
f 962// 961// 963//
f 964// 921// 13//
f 965// 924// 923//
f 966// 926// 925//
f 927// 926// 967//
f 967// 926// 966//
f 967// 966// 968//
f 278// 927// 938//
f 938// 927// 967//
f 938// 967// 937//
f 937// 967// 968//
f 937// 968// 936//
f 936// 968// 935//
f 934// 935// 945//
f 945// 935// 968//
f 945// 968// 969//
f 969// 968// 966//
f 969// 966// 965//
f 965// 966// 925//
f 965// 925// 924//
f 932// 933// 970//
f 970// 933// 945//
f 970// 945// 971//
f 971// 945// 969//
f 971// 969// 972//
f 972// 969// 965//
f 972// 965// 973//
f 973// 965// 923//
f 973// 923// 922//
f 974// 962// 975//
f 975// 962// 963//
f 975// 963// 976//
f 931// 932// 943//
f 943// 932// 970//
f 943// 970// 977//
f 977// 970// 971//
f 977// 971// 978//
f 978// 971// 972//
f 978// 972// 979//
f 979// 972// 973//
f 979// 973// 964//
f 964// 973// 922//
f 964// 922// 921//
f 944// 943// 980//
f 980// 943// 977//
f 980// 977// 981//
f 981// 977// 978//
f 981// 978// 982//
f 982// 978// 979//
f 982// 979// 983//
f 983// 979// 964//
f 983// 964// 984//
f 984// 964// 13//
f 984// 13// 985//
f 986// 974// 987//
f 987// 974// 975//
f 987// 975// 951//
f 951// 975// 976//
f 951// 976// 949//
f 942// 986// 941//
f 941// 986// 987//
f 941// 987// 939//
f 939// 987// 951//
f 939// 951// 940//
f 940// 951// 950//
f 940// 950// 959//
f 957// 928// 940//
f 958// 956// 957//
f 957// 956// 928//
f 928// 929// 944//
f 944// 929// 930//
f 944// 930// 931//
f 985// 946// 984//
f 984// 946// 948//
f 984// 948// 983//
f 983// 948// 988//
f 983// 988// 982//
f 982// 988// 989//
f 982// 989// 981//
f 981// 989// 990//
f 981// 990// 980//
f 980// 990// 991//
f 980// 991// 944//
f 944// 991// 928//
f 947// 960// 948//
f 948// 960// 962//
f 948// 962// 988//
f 988// 962// 974//
f 988// 974// 989//
f 989// 974// 986//
f 989// 986// 990//
f 990// 986// 942//
f 990// 942// 991//
f 991// 942// 928//
f 956// 958// 992//
f 956// 992// 952//
f 3// 954// 1//
f 1// 954// 955//
f 1// 955// 992//
f 992// 955// 953//
f 992// 953// 952//
f 958// 959// 992//
f 992// 959// 950//
f 992// 950// 993//
f 950// 949// 993//
f 993// 949// 976//
f 993// 976// 994//
f 976// 963// 994//
f 994// 963// 961//
f 994// 961// 995//
f 961// 960// 995//
f 995// 960// 947//
f 995// 947// 996//
f 13// 15// 985//
f 985// 15// 996//
f 985// 996// 946//
f 946// 996// 947//
f 62// 60// 997//
f 52// 50// 998//
f 48// 46// 999//
f 38// 36// 1000//
f 34// 32// 1001//
f 24// 22// 1002//
f 20// 18// 1003//
f 133// 132// 1004//
f 1004// 132// 1005//
f 1004// 1005// 1006//
f 1006// 1005// 1007//
f 1006// 1007// 1008//
f 1008// 1007// 1009//
f 1008// 1009// 1010//
f 1010// 1009// 1011//
f 1010// 1011// 1012//
f 1012// 1011// 1001//
f 134// 116// 1013//
f 1013// 116// 1014//
f 1013// 1014// 1015//
f 1015// 1014// 1016//
f 1015// 1016// 1017//
f 1017// 1016// 1018//
f 1017// 1018// 1019//
f 1019// 1018// 1020//
f 1019// 1020// 1021//
f 1021// 1020// 999//
f 120// 122// 1022//
f 1022// 122// 1023//
f 1022// 1023// 1024//
f 1024// 1023// 1025//
f 1024// 1025// 1026//
f 1026// 1025// 1027//
f 1026// 1027// 1028//
f 1028// 1027// 1029//
f 1028// 1029// 1030//
f 1030// 1029// 997//
f 15// 126// 996//
f 996// 126// 1031//
f 996// 1031// 995//
f 995// 1031// 1032//
f 995// 1032// 994//
f 994// 1032// 1033//
f 994// 1033// 993//
f 993// 1033// 1034//
f 993// 1034// 992//
f 992// 1034// 1003//
f 992// 1003// 1//
f 1// 1003// 18//
f 126// 130// 1031//
f 1031// 130// 1035//
f 1031// 1035// 1032//
f 1032// 1035// 1036//
f 1032// 1036// 1033//
f 1033// 1036// 1037//
f 1033// 1037// 1034//
f 1034// 1037// 1038//
f 1034// 1038// 1003//
f 1003// 1038// 1002//
f 1003// 1002// 20//
f 20// 1002// 22//
f 26// 24// 1039//
f 1039// 24// 1002//
f 1039// 1002// 1040//
f 1040// 1002// 1038//
f 1040// 1038// 1041//
f 1041// 1038// 1037//
f 1041// 1037// 1042//
f 1042// 1037// 1036//
f 1042// 1036// 1043//
f 1043// 1036// 1035//
f 1043// 1035// 129//
f 129// 1035// 130//
f 129// 133// 1043//
f 1043// 133// 1004//
f 1043// 1004// 1042//
f 1042// 1004// 1006//
f 1042// 1006// 1041//
f 1041// 1006// 1008//
f 1041// 1008// 1040//
f 1040// 1008// 1010//
f 1040// 1010// 1039//
f 1039// 1010// 1012//
f 1039// 1012// 26//
f 26// 1012// 28//
f 1001// 32// 1012//
f 1012// 32// 30//
f 1012// 30// 28//
f 132// 136// 1005//
f 1005// 136// 1044//
f 1005// 1044// 1007//
f 1007// 1044// 1045//
f 1007// 1045// 1009//
f 1009// 1045// 1046//
f 1009// 1046// 1011//
f 1011// 1046// 1047//
f 1011// 1047// 1001//
f 1001// 1047// 1000//
f 1001// 1000// 34//
f 34// 1000// 36//
f 40// 38// 1048//
f 1048// 38// 1000//
f 1048// 1000// 1049//
f 1049// 1000// 1047//
f 1049// 1047// 1050//
f 1050// 1047// 1046//
f 1050// 1046// 1051//
f 1051// 1046// 1045//
f 1051// 1045// 1052//
f 1052// 1045// 1044//
f 1052// 1044// 135//
f 135// 1044// 136//
f 135// 134// 1052//
f 1052// 134// 1013//
f 1052// 1013// 1051//
f 1051// 1013// 1015//
f 1051// 1015// 1050//
f 1050// 1015// 1017//
f 1050// 1017// 1049//
f 1049// 1017// 1019//
f 1049// 1019// 1048//
f 1048// 1019// 1021//
f 1048// 1021// 40//
f 40// 1021// 42//
f 999// 46// 1021//
f 1021// 46// 44//
f 1021// 44// 42//
f 50// 48// 998//
f 998// 48// 999//
f 998// 999// 1053//
f 1053// 999// 1020//
f 1053// 1020// 1054//
f 1054// 1020// 1018//
f 1054// 1018// 1055//
f 1055// 1018// 1016//
f 1055// 1016// 1056//
f 1056// 1016// 1014//
f 1056// 1014// 117//
f 117// 1014// 116//
f 54// 52// 1057//
f 1057// 52// 998//
f 1057// 998// 1058//
f 1058// 998// 1053//
f 1058// 1053// 1059//
f 1059// 1053// 1054//
f 1059// 1054// 1060//
f 1060// 1054// 1055//
f 1060// 1055// 1061//
f 1061// 1055// 1056//
f 1061// 1056// 119//
f 119// 1056// 117//
f 119// 120// 1061//
f 1061// 120// 1022//
f 1061// 1022// 1060//
f 1060// 1022// 1024//
f 1060// 1024// 1059//
f 1059// 1024// 1026//
f 1059// 1026// 1058//
f 1058// 1026// 1028//
f 1058// 1028// 1057//
f 1057// 1028// 1030//
f 1057// 1030// 54//
f 54// 1030// 56//
f 997// 60// 1030//
f 1030// 60// 58//
f 1030// 58// 56//
f 64// 62// 1062//
f 1062// 62// 997//
f 1062// 997// 1063//
f 1063// 997// 1029//
f 1063// 1029// 1064//
f 1064// 1029// 1027//
f 1064// 1027// 1065//
f 1065// 1027// 1025//
f 1065// 1025// 1066//
f 1066// 1025// 1023//
f 1066// 1023// 123//
f 123// 1023// 122//
f 123// 125// 1066//
f 1066// 125// 1067//
f 1066// 1067// 1065//
f 1065// 1067// 1068//
f 1065// 1068// 1064//
f 1064// 1068// 1069//
f 1064// 1069// 1063//
f 1063// 1069// 1070//
f 1063// 1070// 1062//
f 1062// 1070// 1071//
f 1062// 1071// 64//
f 64// 1071// 66//
f 137// 66// 1071//
f 137// 1071// 1072//
f 1072// 1071// 1070//
f 1072// 1070// 1073//
f 1073// 1070// 1069//
f 1073// 1069// 1074//
f 1074// 1069// 1068//
f 1074// 1068// 1075//
f 1075// 1068// 1067//
f 1075// 1067// 1076//
f 1076// 1067// 125//
f 1076// 125// 143//
f 246// 1077// 1078//
f 1077// 1079// 1080//
f 1079// 1081// 1082//
f 1081// 1083// 1084//
f 1083// 1085// 1086//
f 153// 1087// 151//
f 151// 1087// 1088//
f 151// 1088// 149//
f 149// 1088// 1086//
f 149// 1086// 147//
f 147// 1086// 1085//
f 147// 1085// 145//
f 153// 155// 1087//
f 1087// 155// 157//
f 1087// 157// 1089//
f 1089// 157// 159//
f 1089// 159// 1090//
f 1090// 159// 161//
f 1090// 161// 1091//
f 1091// 161// 163//
f 1091// 163// 1092//
f 1092// 163// 165//
f 165// 167// 1092//
f 1092// 167// 137//
f 1092// 137// 1072//
f 1083// 1086// 1084//
f 1084// 1086// 1088//
f 1084// 1088// 1093//
f 1093// 1088// 1087//
f 1093// 1087// 1094//
f 1094// 1087// 1089//
f 1094// 1089// 1095//
f 1095// 1089// 1090//
f 1095// 1090// 1096//
f 1096// 1090// 1091//
f 1096// 1091// 1097//
f 1097// 1091// 1092//
f 1097// 1092// 1098//
f 1098// 1092// 1072//
f 1098// 1072// 1073//
f 1081// 1084// 1082//
f 1082// 1084// 1093//
f 1082// 1093// 1099//
f 1099// 1093// 1094//
f 1099// 1094// 1100//
f 1100// 1094// 1095//
f 1100// 1095// 1101//
f 1101// 1095// 1096//
f 1101// 1096// 1102//
f 1102// 1096// 1097//
f 1102// 1097// 1103//
f 1103// 1097// 1098//
f 1103// 1098// 1104//
f 1104// 1098// 1073//
f 1104// 1073// 1074//
f 1079// 1082// 1080//
f 1080// 1082// 1099//
f 1080// 1099// 1105//
f 1105// 1099// 1100//
f 1105// 1100// 1106//
f 1106// 1100// 1101//
f 1106// 1101// 1107//
f 1107// 1101// 1102//
f 1107// 1102// 1108//
f 1108// 1102// 1103//
f 1108// 1103// 1109//
f 1109// 1103// 1104//
f 1109// 1104// 1110//
f 1110// 1104// 1074//
f 1110// 1074// 1075//
f 1077// 1080// 1078//
f 1078// 1080// 1105//
f 1078// 1105// 1111//
f 1111// 1105// 1106//
f 1111// 1106// 1112//
f 1112// 1106// 1107//
f 1112// 1107// 1113//
f 1113// 1107// 1108//
f 1113// 1108// 1114//
f 1114// 1108// 1109//
f 1114// 1109// 1115//
f 1115// 1109// 1110//
f 1115// 1110// 1116//
f 1116// 1110// 1075//
f 1116// 1075// 1076//
f 246// 1078// 248//
f 248// 1078// 1111//
f 248// 1111// 249//
f 249// 1111// 1112//
f 249// 1112// 252//
f 252// 1112// 1113//
f 252// 1113// 255//
f 255// 1113// 1114//
f 255// 1114// 261//
f 261// 1114// 1115//
f 261// 1115// 262//
f 262// 1115// 1116//
f 262// 1116// 259//
f 259// 1116// 1076//
f 259// 1076// 143//
f 246// 269// 289//
f 246// 289// 1077//
f 1077// 289// 288//
f 1077// 288// 1079//
f 1079// 288// 287//
f 1079// 287// 1081//
f 1081// 287// 282//
f 1081// 282// 1083//
f 1083// 282// 281//
f 1083// 281// 1085//
f 1085// 281// 271//
f 1085// 271// 145//
f 1117// 1118// 1119//
f 1119// 1118// 1120//
f 1121// 1122// 1123//
f 1123// 1122// 1124//
f 1125// 1126// 1127//
f 1127// 1126// 1128//
f 1129// 1130// 1131//
f 1131// 1130// 1132//
f 1118// 1117// 1133//
f 1133// 1117// 1134//
f 1133// 1134// 1135//
f 1135// 1134// 1136//
f 1135// 1136// 1137//
f 1137// 1136// 1138//
f 1137// 1138// 1139//
f 1139// 1138// 1140//
f 1139// 1140// 1141//
f 1141// 1140// 1142//
f 1141// 1142// 1143//
f 1143// 1142// 1144//
f 1143// 1144// 1145//
f 1145// 1144// 1146//
f 1145// 1146// 1147//
f 1147// 1146// 1148//
f 1147// 1148// 1149//
f 1149// 1148// 1150//
f 1149// 1150// 1151//
f 1151// 1150// 1152//
f 1151// 1152// 1153//
f 1153// 1152// 1154//
f 1153// 1154// 1155//
f 1155// 1154// 1156//
f 1155// 1156// 1157//
f 1157// 1156// 1158//
f 1157// 1158// 1159//
f 1159// 1158// 1160//
f 1159// 1160// 1161//
f 1161// 1160// 1162//
f 1161// 1162// 1163//
f 1163// 1162// 1164//
f 1163// 1164// 1165//
f 1165// 1164// 1166//
f 1165// 1166// 1167//
f 1167// 1166// 1168//
f 1167// 1168// 1169//
f 1169// 1168// 1170//
f 1169// 1170// 1171//
f 1171// 1170// 1172//
f 1171// 1172// 1173//
f 1173// 1172// 1174//
f 1173// 1174// 1175//
f 1175// 1174// 1176//
f 1175// 1176// 1177//
f 1177// 1176// 1178//
f 1177// 1178// 1179//
f 1179// 1178// 1180//
f 1179// 1180// 1181//
f 1181// 1180// 1182//
f 1183// 1184// 1185//
f 1185// 1184// 1186//
f 1187// 1188// 1186//
f 1186// 1188// 1189//
f 1186// 1189// 1185//
f 1190// 1191// 1192//
f 1192// 1191// 1193//
f 1194// 1195// 1187//
f 1187// 1195// 1196//
f 1187// 1196// 1188//
f 1191// 1197// 1193//
f 1193// 1197// 1198//
f 1193// 1198// 1199//
f 1199// 1198// 1200//
f 1199// 1200// 1194//
f 1194// 1200// 1201//
f 1194// 1201// 1195//
f 1190// 1192// 1202//
f 1202// 1192// 1203//
f 1202// 1203// 1204//
f 1204// 1203// 1205//
f 1205// 1203// 1122//
f 1205// 1122// 1121//
f 1206// 1207// 1208//
f 1208// 1207// 1209//
f 1208// 1209// 1210//
f 1210// 1209// 1211//
f 1210// 1211// 1212//
f 1212// 1211// 1213//
f 1212// 1213// 1214//
f 1214// 1213// 1215//
f 1214// 1215// 1216//
f 1216// 1215// 1217//
f 1216// 1217// 1218//
f 1218// 1217// 1219//
f 1218// 1219// 1220//
f 1220// 1219// 1221//
f 1220// 1221// 1222//
f 1222// 1221// 1223//
f 1222// 1223// 1224//
f 1224// 1223// 1225//
f 1224// 1225// 1226//
f 1226// 1225// 1227//
f 1226// 1227// 1228//
f 1228// 1227// 1229//
f 1228// 1229// 1128//
f 1128// 1229// 1127//
f 1230// 1231// 1232//
f 1232// 1231// 1233//
f 1233// 1231// 1234//
f 1233// 1234// 1235//
f 1235// 1234// 1236//
f 1236// 1234// 1237//
f 1236// 1237// 1238//
f 1238// 1237// 1239//
f 1239// 1237// 1240//
f 1239// 1240// 1241//
f 1131// 1132// 1242//
f 1242// 1132// 1243//
f 1244// 1245// 1243//
f 1243// 1245// 1246//
f 1243// 1246// 1242//
f 1247// 1248// 1244//
f 1244// 1248// 1249//
f 1244// 1249// 1245//
f 1232// 1250// 1230//
f 1230// 1250// 1251//
f 1230// 1251// 1247//
f 1247// 1251// 1252//
f 1247// 1252// 1248//
f 1253// 1254// 1182//
f 1182// 1254// 1181//
f 1255// 1256// 1183//
f 1183// 1256// 1184//
f 1207// 1206// 1257//
f 1257// 1206// 1258//
f 1241// 1240// 1259//
f 1259// 1240// 1260//
f 1261// 1262// 1263//
f 1263// 1262// 1264//
f 1263// 1264// 1265//
f 1265// 1264// 1266//
f 1265// 1266// 1267//
f 1267// 1266// 1268//
f 1267// 1268// 1269//
f 1269// 1268// 1270//
f 1269// 1270// 1271//
f 1271// 1270// 1272//
f 1271// 1272// 1273//
f 1273// 1272// 1274//
f 1273// 1274// 1275//
f 1275// 1274// 1276//
f 1275// 1276// 1277//
f 1277// 1276// 1278//
f 1277// 1278// 1279//
f 1279// 1278// 1280//
f 1279// 1280// 1281//
f 1281// 1280// 1282//
f 1281// 1282// 1283//
f 1283// 1282// 1284//
f 1283// 1284// 1253//
f 1253// 1284// 1254//
f 1285// 1286// 1287//
f 1285// 1287// 1288//
f 1256// 1255// 1289//
f 1289// 1255// 1290//
f 1291// 1292// 1290//
f 1290// 1292// 1293//
f 1290// 1293// 1289//
f 1294// 1295// 1291//
f 1291// 1295// 1296//
f 1291// 1296// 1292//
f 1297// 1298// 1299//
f 1300// 1301// 1294//
f 1294// 1301// 1302//
f 1294// 1302// 1295//
f 1287// 1303// 1288//
f 1288// 1303// 1304//
f 1288// 1304// 1299//
f 1299// 1304// 1305//
f 1299// 1305// 1297//
f 1297// 1306// 1298//
f 1298// 1306// 1307//
f 1298// 1307// 1300//
f 1300// 1307// 1308//
f 1300// 1308// 1301//
f 1257// 1258// 1309//
f 1309// 1258// 1310//
f 1309// 1310// 1311//
f 1311// 1310// 1312//
f 1311// 1312// 1313//
f 1313// 1312// 1314//
f 1313// 1314// 1315//
f 1315// 1314// 1316//
f 1315// 1316// 1317//
f 1317// 1316// 1318//
f 1317// 1318// 1319//
f 1319// 1318// 1320//
f 1319// 1320// 1321//
f 1321// 1320// 1322//
f 1321// 1322// 1323//
f 1323// 1322// 1324//
f 1323// 1324// 1325//
f 1325// 1324// 1326//
f 1325// 1326// 1327//
f 1327// 1326// 1328//
f 1327// 1328// 1329//
f 1329// 1328// 1330//
f 1329// 1330// 1331//
f 1331// 1330// 1332//
f 1331// 1332// 1333//
f 1333// 1332// 1334//
f 1333// 1334// 1335//
f 1335// 1334// 1336//
f 1335// 1336// 1337//
f 1337// 1336// 1338//
f 1337// 1338// 1339//
f 1339// 1338// 1340//
f 1339// 1340// 1341//
f 1341// 1340// 1342//
f 1341// 1342// 1343//
f 1343// 1342// 1344//
f 1343// 1344// 1345//
f 1345// 1344// 1346//
f 1345// 1346// 1347//
f 1347// 1346// 1348//
f 1347// 1348// 1349//
f 1349// 1348// 1350//
f 1349// 1350// 1351//
f 1351// 1350// 1352//
f 1351// 1352// 1353//
f 1353// 1352// 1354//
f 1353// 1354// 1355//
f 1355// 1354// 1356//
f 1355// 1356// 1357//
f 1357// 1356// 1358//
f 1357// 1358// 1359//
f 1359// 1358// 1360//
f 1361// 1362// 1363//
f 1363// 1362// 1364//
f 1365// 1366// 1364//
f 1364// 1366// 1367//
f 1364// 1367// 1363//
f 1368// 1369// 1365//
f 1365// 1369// 1370//
f 1365// 1370// 1366//
f 1371// 1372// 1373//
f 1373// 1372// 1374//
f 1371// 1373// 1375//
f 1375// 1373// 1259//
f 1375// 1259// 1260//
f 1376// 1377// 1368//
f 1368// 1377// 1378//
f 1368// 1378// 1369//
f 1379// 1380// 1376//
f 1376// 1380// 1381//
f 1376// 1381// 1377//
f 1372// 1382// 1374//
f 1374// 1382// 1383//
f 1374// 1383// 1379//
f 1379// 1383// 1384//
f 1379// 1384// 1380//
f 1362// 1361// 1385//
f 1385// 1361// 1386//
f 1387// 1388// 1261//
f 1261// 1388// 1262//
f 1389// 1390// 1285//
f 1285// 1390// 1286//
f 1359// 1360// 1391//
f 1391// 1360// 1392//
f 1393// 1394// 1395//
f 1395// 1394// 1396//
f 1388// 1390// 1389//
f 1391// 1386// 1397//
f 1386// 1391// 1390//
f 1390// 1388// 1386//
f 1386// 1388// 1387//
f 1386// 1387// 1385//
f 1391// 1392// 1390//
f 1390// 1392// 1398//
f 1390// 1398// 1399//
f 1399// 1400// 1390//
f 1390// 1400// 1401//
f 1390// 1401// 1402//
f 1403// 1404// 1405//
f 1406// 1407// 1408//
f 1397// 1409// 1410//
f 1389// 1411// 1388//
f 1388// 1411// 1403//
f 1388// 1403// 1412//
f 1412// 1403// 1405//
f 1410// 1413// 1397//
f 1397// 1413// 1414//
f 1397// 1414// 1391//
f 1406// 1408// 1415//
f 1385// 1387// 1408//
f 1408// 1387// 1416//
f 1408// 1416// 1415//
f 1286// 1390// 1402//
f 1286// 1402// 1417//
f 1417// 1402// 1401//
f 1417// 1401// 1418//
f 1418// 1401// 1400//
f 1418// 1400// 1419//
f 1419// 1400// 1399//
f 1419// 1399// 1420//
f 1420// 1399// 1398//
f 1420// 1398// 1421//
f 1421// 1398// 1392//
f 1421// 1392// 1360//
f 1356// 1354// 1422//
f 1346// 1344// 1423//
f 1336// 1334// 1424//
f 1326// 1324// 1425//
f 1322// 1320// 1426//
f 1316// 1314// 1427//
f 1312// 1310// 1428//
f 1301// 1308// 1429//
f 1429// 1308// 1430//
f 1429// 1430// 1431//
f 1431// 1430// 1432//
f 1431// 1432// 1433//
f 1433// 1432// 1434//
f 1433// 1434// 1435//
f 1435// 1434// 1436//
f 1435// 1436// 1437//
f 1437// 1436// 1424//
f 1306// 1297// 1438//
f 1438// 1297// 1439//
f 1438// 1439// 1440//
f 1440// 1439// 1441//
f 1440// 1441// 1442//
f 1442// 1441// 1443//
f 1442// 1443// 1444//
f 1444// 1443// 1445//
f 1444// 1445// 1446//
f 1446// 1445// 1423//
f 1304// 1303// 1447//
f 1447// 1303// 1448//
f 1447// 1448// 1449//
f 1449// 1448// 1450//
f 1449// 1450// 1451//
f 1451// 1450// 1452//
f 1451// 1452// 1453//
f 1453// 1452// 1454//
f 1453// 1454// 1455//
f 1455// 1454// 1422//
f 1256// 1289// 1456//
f 1456// 1289// 1457//
f 1456// 1457// 1458//
f 1458// 1457// 1459//
f 1458// 1459// 1460//
f 1460// 1459// 1461//
f 1460// 1461// 1462//
f 1462// 1461// 1463//
f 1462// 1463// 1464//
f 1464// 1463// 1428//
f 1464// 1428// 1258//
f 1258// 1428// 1310//
f 1289// 1293// 1457//
f 1457// 1293// 1465//
f 1457// 1465// 1459//
f 1459// 1465// 1466//
f 1459// 1466// 1461//
f 1461// 1466// 1467//
f 1461// 1467// 1463//
f 1463// 1467// 1468//
f 1463// 1468// 1428//
f 1428// 1468// 1427//
f 1428// 1427// 1312//
f 1312// 1427// 1314//
f 1318// 1316// 1469//
f 1469// 1316// 1427//
f 1469// 1427// 1470//
f 1470// 1427// 1468//
f 1470// 1468// 1471//
f 1471// 1468// 1467//
f 1471// 1467// 1472//
f 1472// 1467// 1466//
f 1472// 1466// 1473//
f 1473// 1466// 1465//
f 1473// 1465// 1292//
f 1292// 1465// 1293//
f 1292// 1296// 1473//
f 1473// 1296// 1474//
f 1473// 1474// 1472//
f 1472// 1474// 1475//
f 1472// 1475// 1471//
f 1471// 1475// 1476//
f 1471// 1476// 1470//
f 1470// 1476// 1477//
f 1470// 1477// 1469//
f 1469// 1477// 1426//
f 1469// 1426// 1318//
f 1318// 1426// 1320//
f 1296// 1295// 1474//
f 1474// 1295// 1478//
f 1474// 1478// 1475//
f 1475// 1478// 1479//
f 1475// 1479// 1476//
f 1476// 1479// 1480//
f 1476// 1480// 1477//
f 1477// 1480// 1481//
f 1477// 1481// 1426//
f 1426// 1481// 1425//
f 1426// 1425// 1322//
f 1322// 1425// 1324//
f 1328// 1326// 1482//
f 1482// 1326// 1425//
f 1482// 1425// 1483//
f 1483// 1425// 1481//
f 1483// 1481// 1484//
f 1484// 1481// 1480//
f 1484// 1480// 1485//
f 1485// 1480// 1479//
f 1485// 1479// 1486//
f 1486// 1479// 1478//
f 1486// 1478// 1302//
f 1302// 1478// 1295//
f 1302// 1301// 1486//
f 1486// 1301// 1429//
f 1486// 1429// 1485//
f 1485// 1429// 1431//
f 1485// 1431// 1484//
f 1484// 1431// 1433//
f 1484// 1433// 1483//
f 1483// 1433// 1435//
f 1483// 1435// 1482//
f 1482// 1435// 1437//
f 1482// 1437// 1328//
f 1328// 1437// 1330//
f 1424// 1334// 1437//
f 1437// 1334// 1332//
f 1437// 1332// 1330//
f 1338// 1336// 1487//
f 1487// 1336// 1424//
f 1487// 1424// 1488//
f 1488// 1424// 1436//
f 1488// 1436// 1489//
f 1489// 1436// 1434//
f 1489// 1434// 1490//
f 1490// 1434// 1432//
f 1490// 1432// 1491//
f 1491// 1432// 1430//
f 1491// 1430// 1307//
f 1307// 1430// 1308//
f 1307// 1306// 1491//
f 1491// 1306// 1438//
f 1491// 1438// 1490//
f 1490// 1438// 1440//
f 1490// 1440// 1489//
f 1489// 1440// 1442//
f 1489// 1442// 1488//
f 1488// 1442// 1444//
f 1488// 1444// 1487//
f 1487// 1444// 1446//
f 1487// 1446// 1338//
f 1338// 1446// 1340//
f 1423// 1344// 1446//
f 1446// 1344// 1342//
f 1446// 1342// 1340//
f 1348// 1346// 1492//
f 1492// 1346// 1423//
f 1492// 1423// 1493//
f 1493// 1423// 1445//
f 1493// 1445// 1494//
f 1494// 1445// 1443//
f 1494// 1443// 1495//
f 1495// 1443// 1441//
f 1495// 1441// 1496//
f 1496// 1441// 1439//
f 1496// 1439// 1305//
f 1305// 1439// 1297//
f 1305// 1304// 1496//
f 1496// 1304// 1447//
f 1496// 1447// 1495//
f 1495// 1447// 1449//
f 1495// 1449// 1494//
f 1494// 1449// 1451//
f 1494// 1451// 1493//
f 1493// 1451// 1453//
f 1493// 1453// 1492//
f 1492// 1453// 1455//
f 1492// 1455// 1348//
f 1348// 1455// 1350//
f 1422// 1354// 1455//
f 1455// 1354// 1352//
f 1455// 1352// 1350//
f 1358// 1356// 1497//
f 1497// 1356// 1422//
f 1497// 1422// 1498//
f 1498// 1422// 1454//
f 1498// 1454// 1499//
f 1499// 1454// 1452//
f 1499// 1452// 1500//
f 1500// 1452// 1450//
f 1500// 1450// 1501//
f 1501// 1450// 1448//
f 1501// 1448// 1287//
f 1287// 1448// 1303//
f 1287// 1286// 1501//
f 1501// 1286// 1417//
f 1501// 1417// 1500//
f 1500// 1417// 1418//
f 1500// 1418// 1499//
f 1499// 1418// 1419//
f 1499// 1419// 1498//
f 1498// 1419// 1420//
f 1498// 1420// 1497//
f 1497// 1420// 1421//
f 1497// 1421// 1358//
f 1358// 1421// 1360//
f 1359// 1391// 1414//
f 1359// 1414// 1502//
f 1502// 1414// 1413//
f 1502// 1413// 1503//
f 1503// 1413// 1410//
f 1503// 1410// 1504//
f 1504// 1410// 1409//
f 1504// 1409// 1505//
f 1505// 1409// 1397//
f 1505// 1397// 1506//
f 1506// 1397// 1386//
f 1506// 1386// 1361//
f 1258// 1206// 1507//
f 1258// 1507// 1464//
f 1464// 1507// 1508//
f 1464// 1508// 1462//
f 1462// 1508// 1509//
f 1462// 1509// 1460//
f 1460// 1509// 1510//
f 1460// 1510// 1458//
f 1458// 1510// 1511//
f 1458// 1511// 1456//
f 1456// 1511// 1184//
f 1456// 1184// 1256//
f 1262// 1388// 1412//
f 1262// 1412// 1512//
f 1512// 1412// 1405//
f 1512// 1405// 1513//
f 1513// 1405// 1404//
f 1513// 1404// 1514//
f 1514// 1404// 1403//
f 1514// 1403// 1515//
f 1515// 1403// 1411//
f 1515// 1411// 1516//
f 1516// 1411// 1389//
f 1516// 1389// 1285//
f 1311// 1313// 1517//
f 1321// 1323// 1518//
f 1331// 1333// 1519//
f 1341// 1343// 1520//
f 1345// 1347// 1521//
f 1351// 1353// 1522//
f 1355// 1357// 1523//
f 1377// 1381// 1524//
f 1524// 1381// 1525//
f 1524// 1525// 1526//
f 1526// 1525// 1527//
f 1526// 1527// 1528//
f 1528// 1527// 1529//
f 1528// 1529// 1530//
f 1530// 1529// 1531//
f 1530// 1531// 1532//
f 1532// 1531// 1519//
f 1384// 1383// 1533//
f 1533// 1383// 1534//
f 1533// 1534// 1535//
f 1535// 1534// 1536//
f 1535// 1536// 1537//
f 1537// 1536// 1538//
f 1537// 1538// 1539//
f 1539// 1538// 1540//
f 1539// 1540// 1541//
f 1541// 1540// 1518//
f 1372// 1371// 1542//
f 1542// 1371// 1543//
f 1542// 1543// 1544//
f 1544// 1543// 1545//
f 1544// 1545// 1546//
f 1546// 1545// 1547//
f 1546// 1547// 1548//
f 1548// 1547// 1549//
f 1548// 1549// 1550//
f 1550// 1549// 1517//
f 1361// 1363// 1506//
f 1506// 1363// 1551//
f 1506// 1551// 1505//
f 1505// 1551// 1552//
f 1505// 1552// 1504//
f 1504// 1552// 1553//
f 1504// 1553// 1503//
f 1503// 1553// 1554//
f 1503// 1554// 1502//
f 1502// 1554// 1523//
f 1502// 1523// 1359//
f 1359// 1523// 1357//
f 1363// 1367// 1551//
f 1551// 1367// 1555//
f 1551// 1555// 1552//
f 1552// 1555// 1556//
f 1552// 1556// 1553//
f 1553// 1556// 1557//
f 1553// 1557// 1554//
f 1554// 1557// 1558//
f 1554// 1558// 1523//
f 1523// 1558// 1522//
f 1523// 1522// 1355//
f 1355// 1522// 1353//
f 1349// 1351// 1559//
f 1559// 1351// 1522//
f 1559// 1522// 1560//
f 1560// 1522// 1558//
f 1560// 1558// 1561//
f 1561// 1558// 1557//
f 1561// 1557// 1562//
f 1562// 1557// 1556//
f 1562// 1556// 1563//
f 1563// 1556// 1555//
f 1563// 1555// 1366//
f 1366// 1555// 1367//
f 1366// 1370// 1563//
f 1563// 1370// 1564//
f 1563// 1564// 1562//
f 1562// 1564// 1565//
f 1562// 1565// 1561//
f 1561// 1565// 1566//
f 1561// 1566// 1560//
f 1560// 1566// 1567//
f 1560// 1567// 1559//
f 1559// 1567// 1521//
f 1559// 1521// 1349//
f 1349// 1521// 1347//
f 1370// 1369// 1564//
f 1564// 1369// 1568//
f 1564// 1568// 1565//
f 1565// 1568// 1569//
f 1565// 1569// 1566//
f 1566// 1569// 1570//
f 1566// 1570// 1567//
f 1567// 1570// 1571//
f 1567// 1571// 1521//
f 1521// 1571// 1520//
f 1521// 1520// 1345//
f 1345// 1520// 1343//
f 1339// 1341// 1572//
f 1572// 1341// 1520//
f 1572// 1520// 1573//
f 1573// 1520// 1571//
f 1573// 1571// 1574//
f 1574// 1571// 1570//
f 1574// 1570// 1575//
f 1575// 1570// 1569//
f 1575// 1569// 1576//
f 1576// 1569// 1568//
f 1576// 1568// 1378//
f 1378// 1568// 1369//
f 1378// 1377// 1576//
f 1576// 1377// 1524//
f 1576// 1524// 1575//
f 1575// 1524// 1526//
f 1575// 1526// 1574//
f 1574// 1526// 1528//
f 1574// 1528// 1573//
f 1573// 1528// 1530//
f 1573// 1530// 1572//
f 1572// 1530// 1532//
f 1572// 1532// 1339//
f 1339// 1532// 1337//
f 1519// 1333// 1532//
f 1532// 1333// 1335//
f 1532// 1335// 1337//
f 1329// 1331// 1577//
f 1577// 1331// 1519//
f 1577// 1519// 1578//
f 1578// 1519// 1531//
f 1578// 1531// 1579//
f 1579// 1531// 1529//
f 1579// 1529// 1580//
f 1580// 1529// 1527//
f 1580// 1527// 1581//
f 1581// 1527// 1525//
f 1581// 1525// 1380//
f 1380// 1525// 1381//
f 1380// 1384// 1581//
f 1581// 1384// 1533//
f 1581// 1533// 1580//
f 1580// 1533// 1535//
f 1580// 1535// 1579//
f 1579// 1535// 1537//
f 1579// 1537// 1578//
f 1578// 1537// 1539//
f 1578// 1539// 1577//
f 1577// 1539// 1541//
f 1577// 1541// 1329//
f 1329// 1541// 1327//
f 1518// 1323// 1541//
f 1541// 1323// 1325//
f 1541// 1325// 1327//
f 1319// 1321// 1582//
f 1582// 1321// 1518//
f 1582// 1518// 1583//
f 1583// 1518// 1540//
f 1583// 1540// 1584//
f 1584// 1540// 1538//
f 1584// 1538// 1585//
f 1585// 1538// 1536//
f 1585// 1536// 1586//
f 1586// 1536// 1534//
f 1586// 1534// 1382//
f 1382// 1534// 1383//
f 1382// 1372// 1586//
f 1586// 1372// 1542//
f 1586// 1542// 1585//
f 1585// 1542// 1544//
f 1585// 1544// 1584//
f 1584// 1544// 1546//
f 1584// 1546// 1583//
f 1583// 1546// 1548//
f 1583// 1548// 1582//
f 1582// 1548// 1550//
f 1582// 1550// 1319//
f 1319// 1550// 1317//
f 1517// 1313// 1550//
f 1550// 1313// 1315//
f 1550// 1315// 1317//
f 1309// 1311// 1587//
f 1587// 1311// 1517//
f 1587// 1517// 1588//
f 1588// 1517// 1549//
f 1588// 1549// 1589//
f 1589// 1549// 1547//
f 1589// 1547// 1590//
f 1590// 1547// 1545//
f 1590// 1545// 1591//
f 1591// 1545// 1543//
f 1591// 1543// 1375//
f 1375// 1543// 1371//
f 1375// 1260// 1591//
f 1591// 1260// 1592//
f 1591// 1592// 1590//
f 1590// 1592// 1593//
f 1590// 1593// 1589//
f 1589// 1593// 1594//
f 1589// 1594// 1588//
f 1588// 1594// 1595//
f 1588// 1595// 1587//
f 1587// 1595// 1596//
f 1587// 1596// 1309//
f 1309// 1596// 1257//
f 1184// 1511// 1597//
f 1511// 1510// 1598//
f 1510// 1509// 1599//
f 1509// 1508// 1600//
f 1508// 1507// 1601//
f 1214// 1602// 1212//
f 1212// 1602// 1603//
f 1212// 1603// 1210//
f 1210// 1603// 1601//
f 1210// 1601// 1208//
f 1208// 1601// 1507//
f 1208// 1507// 1206//
f 1214// 1216// 1602//
f 1602// 1216// 1218//
f 1602// 1218// 1604//
f 1604// 1218// 1220//
f 1604// 1220// 1605//
f 1605// 1220// 1222//
f 1605// 1222// 1606//
f 1606// 1222// 1224//
f 1606// 1224// 1607//
f 1607// 1224// 1226//
f 1226// 1228// 1607//
f 1607// 1228// 1128//
f 1607// 1128// 1608//
f 1508// 1601// 1600//
f 1600// 1601// 1603//
f 1600// 1603// 1609//
f 1609// 1603// 1602//
f 1609// 1602// 1610//
f 1610// 1602// 1604//
f 1610// 1604// 1611//
f 1611// 1604// 1605//
f 1611// 1605// 1612//
f 1612// 1605// 1606//
f 1612// 1606// 1613//
f 1613// 1606// 1607//
f 1613// 1607// 1614//
f 1614// 1607// 1608//
f 1614// 1608// 1615//
f 1509// 1600// 1599//
f 1599// 1600// 1609//
f 1599// 1609// 1616//
f 1616// 1609// 1610//
f 1616// 1610// 1617//
f 1617// 1610// 1611//
f 1617// 1611// 1618//
f 1618// 1611// 1612//
f 1618// 1612// 1619//
f 1619// 1612// 1613//
f 1619// 1613// 1620//
f 1620// 1613// 1614//
f 1620// 1614// 1621//
f 1621// 1614// 1615//
f 1621// 1615// 1622//
f 1510// 1599// 1598//
f 1598// 1599// 1616//
f 1598// 1616// 1623//
f 1623// 1616// 1617//
f 1623// 1617// 1624//
f 1624// 1617// 1618//
f 1624// 1618// 1625//
f 1625// 1618// 1619//
f 1625// 1619// 1626//
f 1626// 1619// 1620//
f 1626// 1620// 1627//
f 1627// 1620// 1621//
f 1627// 1621// 1628//
f 1628// 1621// 1622//
f 1628// 1622// 1629//
f 1511// 1598// 1597//
f 1597// 1598// 1623//
f 1597// 1623// 1630//
f 1630// 1623// 1624//
f 1630// 1624// 1631//
f 1631// 1624// 1625//
f 1631// 1625// 1632//
f 1632// 1625// 1626//
f 1632// 1626// 1633//
f 1633// 1626// 1627//
f 1633// 1627// 1634//
f 1634// 1627// 1628//
f 1634// 1628// 1635//
f 1635// 1628// 1629//
f 1635// 1629// 1636//
f 1184// 1597// 1186//
f 1186// 1597// 1630//
f 1186// 1630// 1187//
f 1187// 1630// 1631//
f 1187// 1631// 1194//
f 1194// 1631// 1632//
f 1194// 1632// 1199//
f 1199// 1632// 1633//
f 1199// 1633// 1193//
f 1193// 1633// 1634//
f 1193// 1634// 1192//
f 1192// 1634// 1635//
f 1192// 1635// 1203//
f 1203// 1635// 1636//
f 1203// 1636// 1122//
f 1255// 1637// 1638//
f 1637// 1639// 1640//
f 1639// 1641// 1642//
f 1641// 1643// 1644//
f 1643// 1645// 1646//
f 1278// 1647// 1280//
f 1280// 1647// 1648//
f 1280// 1648// 1282//
f 1282// 1648// 1646//
f 1282// 1646// 1284//
f 1284// 1646// 1645//
f 1284// 1645// 1254//
f 1278// 1276// 1647//
f 1647// 1276// 1274//
f 1647// 1274// 1649//
f 1649// 1274// 1272//
f 1649// 1272// 1650//
f 1650// 1272// 1270//
f 1650// 1270// 1651//
f 1651// 1270// 1268//
f 1651// 1268// 1652//
f 1652// 1268// 1266//
f 1266// 1264// 1652//
f 1652// 1264// 1262//
f 1652// 1262// 1512//
f 1643// 1646// 1644//
f 1644// 1646// 1648//
f 1644// 1648// 1653//
f 1653// 1648// 1647//
f 1653// 1647// 1654//
f 1654// 1647// 1649//
f 1654// 1649// 1655//
f 1655// 1649// 1650//
f 1655// 1650// 1656//
f 1656// 1650// 1651//
f 1656// 1651// 1657//
f 1657// 1651// 1652//
f 1657// 1652// 1658//
f 1658// 1652// 1512//
f 1658// 1512// 1513//
f 1641// 1644// 1642//
f 1642// 1644// 1653//
f 1642// 1653// 1659//
f 1659// 1653// 1654//
f 1659// 1654// 1660//
f 1660// 1654// 1655//
f 1660// 1655// 1661//
f 1661// 1655// 1656//
f 1661// 1656// 1662//
f 1662// 1656// 1657//
f 1662// 1657// 1663//
f 1663// 1657// 1658//
f 1663// 1658// 1664//
f 1664// 1658// 1513//
f 1664// 1513// 1514//
f 1639// 1642// 1640//
f 1640// 1642// 1659//
f 1640// 1659// 1665//
f 1665// 1659// 1660//
f 1665// 1660// 1666//
f 1666// 1660// 1661//
f 1666// 1661// 1667//
f 1667// 1661// 1662//
f 1667// 1662// 1668//
f 1668// 1662// 1663//
f 1668// 1663// 1669//
f 1669// 1663// 1664//
f 1669// 1664// 1670//
f 1670// 1664// 1514//
f 1670// 1514// 1515//
f 1637// 1640// 1638//
f 1638// 1640// 1665//
f 1638// 1665// 1671//
f 1671// 1665// 1666//
f 1671// 1666// 1672//
f 1672// 1666// 1667//
f 1672// 1667// 1673//
f 1673// 1667// 1668//
f 1673// 1668// 1674//
f 1674// 1668// 1669//
f 1674// 1669// 1675//
f 1675// 1669// 1670//
f 1675// 1670// 1676//
f 1676// 1670// 1515//
f 1676// 1515// 1516//
f 1255// 1638// 1290//
f 1290// 1638// 1671//
f 1290// 1671// 1291//
f 1291// 1671// 1672//
f 1291// 1672// 1294//
f 1294// 1672// 1673//
f 1294// 1673// 1300//
f 1300// 1673// 1674//
f 1300// 1674// 1298//
f 1298// 1674// 1675//
f 1298// 1675// 1299//
f 1299// 1675// 1676//
f 1299// 1676// 1288//
f 1288// 1676// 1516//
f 1288// 1516// 1285//
f 1260// 1240// 1677//
f 1260// 1677// 1592//
f 1592// 1677// 1678//
f 1592// 1678// 1593//
f 1593// 1678// 1679//
f 1593// 1679// 1594//
f 1594// 1679// 1680//
f 1594// 1680// 1595//
f 1595// 1680// 1681//
f 1595// 1681// 1596//
f 1596// 1681// 1207//
f 1596// 1207// 1257//
f 1682// 1683// 1608//
f 1128// 1126// 1684//
f 1684// 1685// 1128//
f 1128// 1685// 1686//
f 1128// 1686// 1608//
f 1608// 1686// 1687//
f 1608// 1687// 1682//
f 1688// 1615// 1689//
f 1689// 1615// 1608//
f 1689// 1608// 1690//
f 1690// 1608// 1683//
f 1688// 1691// 1615//
f 1615// 1691// 1692//
f 1615// 1692// 1622//
f 1692// 1693// 1622//
f 1622// 1693// 1694//
f 1622// 1694// 1629//
f 1694// 1695// 1629//
f 1629// 1695// 1696//
f 1629// 1696// 1636//
f 1124// 1122// 1697//
f 1697// 1122// 1636//
f 1697// 1636// 1698//
f 1698// 1636// 1696//
f 1255// 1183// 1699//
f 1255// 1699// 1637//
f 1637// 1699// 1700//
f 1637// 1700// 1639//
f 1639// 1700// 1701//
f 1639// 1701// 1641//
f 1641// 1701// 1702//
f 1641// 1702// 1643//
f 1643// 1702// 1703//
f 1643// 1703// 1645//
f 1645// 1703// 1181//
f 1645// 1181// 1254//
f 1132// 1704// 1705//
f 1704// 1706// 1707//
f 1706// 1708// 1709//
f 1708// 1710// 1711//
f 1710// 1712// 1713//
f 1223// 1714// 1225//
f 1225// 1714// 1715//
f 1225// 1715// 1227//
f 1227// 1715// 1713//
f 1227// 1713// 1229//
f 1229// 1713// 1712//
f 1229// 1712// 1127//
f 1223// 1221// 1714//
f 1714// 1221// 1219//
f 1714// 1219// 1716//
f 1716// 1219// 1217//
f 1716// 1217// 1717//
f 1717// 1217// 1215//
f 1717// 1215// 1718//
f 1718// 1215// 1213//
f 1718// 1213// 1719//
f 1719// 1213// 1211//
f 1211// 1209// 1719//
f 1719// 1209// 1207//
f 1719// 1207// 1681//
f 1710// 1713// 1711//
f 1711// 1713// 1715//
f 1711// 1715// 1720//
f 1720// 1715// 1714//
f 1720// 1714// 1721//
f 1721// 1714// 1716//
f 1721// 1716// 1722//
f 1722// 1716// 1717//
f 1722// 1717// 1723//
f 1723// 1717// 1718//
f 1723// 1718// 1724//
f 1724// 1718// 1719//
f 1724// 1719// 1725//
f 1725// 1719// 1681//
f 1725// 1681// 1680//
f 1708// 1711// 1709//
f 1709// 1711// 1720//
f 1709// 1720// 1726//
f 1726// 1720// 1721//
f 1726// 1721// 1727//
f 1727// 1721// 1722//
f 1727// 1722// 1728//
f 1728// 1722// 1723//
f 1728// 1723// 1729//
f 1729// 1723// 1724//
f 1729// 1724// 1730//
f 1730// 1724// 1725//
f 1730// 1725// 1731//
f 1731// 1725// 1680//
f 1731// 1680// 1679//
f 1706// 1709// 1707//
f 1707// 1709// 1726//
f 1707// 1726// 1732//
f 1732// 1726// 1727//
f 1732// 1727// 1733//
f 1733// 1727// 1728//
f 1733// 1728// 1734//
f 1734// 1728// 1729//
f 1734// 1729// 1735//
f 1735// 1729// 1730//
f 1735// 1730// 1736//
f 1736// 1730// 1731//
f 1736// 1731// 1737//
f 1737// 1731// 1679//
f 1737// 1679// 1678//
f 1704// 1707// 1705//
f 1705// 1707// 1732//
f 1705// 1732// 1738//
f 1738// 1732// 1733//
f 1738// 1733// 1739//
f 1739// 1733// 1734//
f 1739// 1734// 1740//
f 1740// 1734// 1735//
f 1740// 1735// 1741//
f 1741// 1735// 1736//
f 1741// 1736// 1742//
f 1742// 1736// 1737//
f 1742// 1737// 1743//
f 1743// 1737// 1678//
f 1743// 1678// 1677//
f 1132// 1705// 1243//
f 1243// 1705// 1738//
f 1243// 1738// 1244//
f 1244// 1738// 1739//
f 1244// 1739// 1247//
f 1247// 1739// 1740//
f 1247// 1740// 1230//
f 1230// 1740// 1741//
f 1230// 1741// 1231//
f 1231// 1741// 1742//
f 1231// 1742// 1234//
f 1234// 1742// 1743//
f 1234// 1743// 1237//
f 1237// 1743// 1677//
f 1237// 1677// 1240//
f 1698// 1696// 1744//
f 1695// 1694// 1745//
f 1691// 1688// 1746//
f 1689// 1690// 1747//
f 1747// 1687// 1748//
f 1748// 1687// 1686//
f 1748// 1686// 1749//
f 1749// 1686// 1685//
f 1749// 1685// 1750//
f 1750// 1685// 1684//
f 1750// 1684// 1751//
f 1690// 1683// 1747//
f 1747// 1683// 1682//
f 1747// 1682// 1687//
f 1693// 1692// 1752//
f 1752// 1692// 1691//
f 1695// 1745// 1696//
f 1753// 1697// 1698//
f 1124// 1697// 1754//
f 1754// 1697// 1753//
f 1754// 1753// 1755//
f 1755// 1753// 1756//
f 1755// 1756// 1757//
f 1757// 1756// 1758//
f 1758// 1756// 1759//
f 1758// 1759// 1760//
f 1760// 1759// 1761//
f 1761// 1759// 1762//
f 1761// 1762// 1763//
f 1763// 1762// 1764//
f 1764// 1762// 1765//
f 1764// 1765// 1766//
f 1766// 1765// 1767//
f 1767// 1765// 1768//
f 1767// 1768// 1769//
f 1769// 1768// 1770//
f 1769// 1770// 1395//
f 1684// 1126// 1751//
f 1751// 1126// 1771//
f 1751// 1771// 1772//
f 1688// 1689// 1746//
f 1746// 1689// 1747//
f 1746// 1747// 1773//
f 1773// 1747// 1748//
f 1773// 1748// 1774//
f 1774// 1748// 1749//
f 1774// 1749// 1775//
f 1775// 1749// 1750//
f 1775// 1750// 1776//
f 1776// 1750// 1751//
f 1776// 1751// 1777//
f 1777// 1751// 1772//
f 1691// 1746// 1752//
f 1752// 1746// 1773//
f 1752// 1773// 1778//
f 1778// 1773// 1774//
f 1778// 1774// 1779//
f 1779// 1774// 1775//
f 1779// 1775// 1780//
f 1780// 1775// 1776//
f 1780// 1776// 1781//
f 1781// 1776// 1777//
f 1781// 1777// 1782//
f 1772// 1783// 1777//
f 1777// 1783// 1784//
f 1777// 1784// 1782//
f 1782// 1784// 1785//
f 1782// 1785// 1786//
f 1786// 1787// 1782//
f 1782// 1787// 1788//
f 1782// 1788// 1781//
f 1781// 1788// 1789//
f 1781// 1789// 1780//
f 1780// 1789// 1790//
f 1780// 1790// 1779//
f 1779// 1790// 1791//
f 1779// 1791// 1778//
f 1778// 1791// 1745//
f 1778// 1745// 1752//
f 1752// 1745// 1694//
f 1752// 1694// 1693//
f 1696// 1745// 1744//
f 1744// 1745// 1791//
f 1744// 1791// 1792//
f 1792// 1791// 1790//
f 1792// 1790// 1793//
f 1793// 1790// 1789//
f 1793// 1789// 1794//
f 1794// 1789// 1788//
f 1794// 1788// 1795//
f 1795// 1788// 1787//
f 1795// 1787// 1796//
f 1786// 1797// 1787//
f 1787// 1797// 1798//
f 1787// 1798// 1796//
f 1796// 1798// 1799//
f 1796// 1799// 1800//
f 1698// 1744// 1753//
f 1753// 1744// 1792//
f 1753// 1792// 1756//
f 1756// 1792// 1793//
f 1756// 1793// 1759//
f 1759// 1793// 1794//
f 1759// 1794// 1762//
f 1762// 1794// 1795//
f 1762// 1795// 1765//
f 1765// 1795// 1796//
f 1765// 1796// 1768//
f 1768// 1796// 1800//
f 1768// 1800// 1770//
f 1135// 1137// 1801//
f 1145// 1147// 1802//
f 1149// 1151// 1803//
f 1159// 1161// 1804//
f 1163// 1165// 1805//
f 1173// 1175// 1806//
f 1177// 1179// 1807//
f 1196// 1195// 1808//
f 1808// 1195// 1809//
f 1808// 1809// 1810//
f 1810// 1809// 1811//
f 1810// 1811// 1812//
f 1812// 1811// 1813//
f 1812// 1813// 1814//
f 1814// 1813// 1815//
f 1814// 1815// 1816//
f 1816// 1815// 1805//
f 1198// 1197// 1817//
f 1817// 1197// 1818//
f 1817// 1818// 1819//
f 1819// 1818// 1820//
f 1819// 1820// 1821//
f 1821// 1820// 1822//
f 1821// 1822// 1823//
f 1823// 1822// 1824//
f 1823// 1824// 1825//
f 1825// 1824// 1803//
f 1202// 1204// 1826//
f 1826// 1204// 1827//
f 1826// 1827// 1828//
f 1828// 1827// 1829//
f 1828// 1829// 1830//
f 1830// 1829// 1831//
f 1830// 1831// 1832//
f 1832// 1831// 1833//
f 1832// 1833// 1834//
f 1834// 1833// 1801//
f 1183// 1185// 1699//
f 1699// 1185// 1835//
f 1699// 1835// 1700//
f 1700// 1835// 1836//
f 1700// 1836// 1701//
f 1701// 1836// 1837//
f 1701// 1837// 1702//
f 1702// 1837// 1838//
f 1702// 1838// 1703//
f 1703// 1838// 1807//
f 1703// 1807// 1181//
f 1181// 1807// 1179//
f 1185// 1189// 1835//
f 1835// 1189// 1839//
f 1835// 1839// 1836//
f 1836// 1839// 1840//
f 1836// 1840// 1837//
f 1837// 1840// 1841//
f 1837// 1841// 1838//
f 1838// 1841// 1842//
f 1838// 1842// 1807//
f 1807// 1842// 1806//
f 1807// 1806// 1177//
f 1177// 1806// 1175//
f 1171// 1173// 1843//
f 1843// 1173// 1806//
f 1843// 1806// 1844//
f 1844// 1806// 1842//
f 1844// 1842// 1845//
f 1845// 1842// 1841//
f 1845// 1841// 1846//
f 1846// 1841// 1840//
f 1846// 1840// 1847//
f 1847// 1840// 1839//
f 1847// 1839// 1188//
f 1188// 1839// 1189//
f 1188// 1196// 1847//
f 1847// 1196// 1808//
f 1847// 1808// 1846//
f 1846// 1808// 1810//
f 1846// 1810// 1845//
f 1845// 1810// 1812//
f 1845// 1812// 1844//
f 1844// 1812// 1814//
f 1844// 1814// 1843//
f 1843// 1814// 1816//
f 1843// 1816// 1171//
f 1171// 1816// 1169//
f 1805// 1165// 1816//
f 1816// 1165// 1167//
f 1816// 1167// 1169//
f 1195// 1201// 1809//
f 1809// 1201// 1848//
f 1809// 1848// 1811//
f 1811// 1848// 1849//
f 1811// 1849// 1813//
f 1813// 1849// 1850//
f 1813// 1850// 1815//
f 1815// 1850// 1851//
f 1815// 1851// 1805//
f 1805// 1851// 1804//
f 1805// 1804// 1163//
f 1163// 1804// 1161//
f 1157// 1159// 1852//
f 1852// 1159// 1804//
f 1852// 1804// 1853//
f 1853// 1804// 1851//
f 1853// 1851// 1854//
f 1854// 1851// 1850//
f 1854// 1850// 1855//
f 1855// 1850// 1849//
f 1855// 1849// 1856//
f 1856// 1849// 1848//
f 1856// 1848// 1200//
f 1200// 1848// 1201//
f 1200// 1198// 1856//
f 1856// 1198// 1817//
f 1856// 1817// 1855//
f 1855// 1817// 1819//
f 1855// 1819// 1854//
f 1854// 1819// 1821//
f 1854// 1821// 1853//
f 1853// 1821// 1823//
f 1853// 1823// 1852//
f 1852// 1823// 1825//
f 1852// 1825// 1157//
f 1157// 1825// 1155//
f 1803// 1151// 1825//
f 1825// 1151// 1153//
f 1825// 1153// 1155//
f 1147// 1149// 1802//
f 1802// 1149// 1803//
f 1802// 1803// 1857//
f 1857// 1803// 1824//
f 1857// 1824// 1858//
f 1858// 1824// 1822//
f 1858// 1822// 1859//
f 1859// 1822// 1820//
f 1859// 1820// 1860//
f 1860// 1820// 1818//
f 1860// 1818// 1191//
f 1191// 1818// 1197//
f 1143// 1145// 1861//
f 1861// 1145// 1802//
f 1861// 1802// 1862//
f 1862// 1802// 1857//
f 1862// 1857// 1863//
f 1863// 1857// 1858//
f 1863// 1858// 1864//
f 1864// 1858// 1859//
f 1864// 1859// 1865//
f 1865// 1859// 1860//
f 1865// 1860// 1190//
f 1190// 1860// 1191//
f 1190// 1202// 1865//
f 1865// 1202// 1826//
f 1865// 1826// 1864//
f 1864// 1826// 1828//
f 1864// 1828// 1863//
f 1863// 1828// 1830//
f 1863// 1830// 1862//
f 1862// 1830// 1832//
f 1862// 1832// 1861//
f 1861// 1832// 1834//
f 1861// 1834// 1143//
f 1143// 1834// 1141//
f 1801// 1137// 1834//
f 1834// 1137// 1139//
f 1834// 1139// 1141//
f 1133// 1135// 1866//
f 1866// 1135// 1801//
f 1866// 1801// 1867//
f 1867// 1801// 1833//
f 1867// 1833// 1868//
f 1868// 1833// 1831//
f 1868// 1831// 1869//
f 1869// 1831// 1829//
f 1869// 1829// 1870//
f 1870// 1829// 1827//
f 1870// 1827// 1205//
f 1205// 1827// 1204//
f 1205// 1121// 1870//
f 1870// 1121// 1871//
f 1870// 1871// 1869//
f 1869// 1871// 1872//
f 1869// 1872// 1868//
f 1868// 1872// 1873//
f 1868// 1873// 1867//
f 1867// 1873// 1874//
f 1867// 1874// 1866//
f 1866// 1874// 1875//
f 1866// 1875// 1133//
f 1133// 1875// 1118//
f 1130// 1876// 1132//
f 1132// 1876// 1704//
f 1876// 1877// 1704//
f 1704// 1877// 1878//
f 1704// 1878// 1706//
f 1878// 1879// 1706//
f 1706// 1879// 1880//
f 1706// 1880// 1708//
f 1880// 1881// 1708//
f 1708// 1881// 1882//
f 1708// 1882// 1710//
f 1883// 1884// 1712//
f 1882// 1885// 1710//
f 1710// 1885// 1886//
f 1710// 1886// 1712//
f 1712// 1886// 1887//
f 1712// 1887// 1883//
f 1884// 1888// 1712//
f 1712// 1888// 1889//
f 1712// 1889// 1127//
f 1127// 1889// 1890//
f 1127// 1890// 1125//
f 1126// 1125// 1771//
f 1771// 1125// 1891//
f 1771// 1891// 1772//
f 1772// 1891// 1892//
f 1772// 1892// 1783//
f 1783// 1892// 1893//
f 1783// 1893// 1784//
f 1784// 1893// 1894//
f 1784// 1894// 1785//
f 1785// 1894// 1895//
f 1785// 1895// 1786//
f 1786// 1895// 1896//
f 1786// 1896// 1797//
f 1797// 1896// 1897//
f 1797// 1897// 1798//
f 1798// 1897// 1898//
f 1798// 1898// 1799//
f 1799// 1898// 1899//
f 1799// 1899// 1800//
f 1800// 1899// 1900//
f 1800// 1900// 1770//
f 1770// 1900// 1901//
f 1770// 1901// 1395//
f 1395// 1901// 1393//
f 1124// 1754// 1123//
f 1123// 1754// 1902//
f 1754// 1755// 1902//
f 1902// 1755// 1757//
f 1902// 1757// 1903//
f 1903// 1757// 1758//
f 1903// 1758// 1904//
f 1904// 1758// 1760//
f 1904// 1760// 1905//
f 1760// 1761// 1905//
f 1905// 1761// 1763//
f 1905// 1763// 1906//
f 1906// 1763// 1764//
f 1906// 1764// 1907//
f 1907// 1764// 1766//
f 1907// 1766// 1908//
f 1908// 1766// 1767//
f 1908// 1767// 1396//
f 1396// 1767// 1769//
f 1396// 1769// 1395//
f 1123// 1909// 1121//
f 1121// 1909// 1871//
f 1909// 1910// 1871//
f 1871// 1910// 1911//
f 1871// 1911// 1872//
f 1911// 1912// 1872//
f 1872// 1912// 1913//
f 1872// 1913// 1873//
f 1913// 1914// 1873//
f 1873// 1914// 1915//
f 1873// 1915// 1874//
f 1915// 1916// 1874//
f 1874// 1916// 1917//
f 1874// 1917// 1875//
f 1875// 1917// 1918//
f 1875// 1918// 1118//
f 1118// 1918// 1919//
f 1919// 1920// 1118//
f 1118// 1920// 1921//
f 1118// 1921// 1922//
f 1922// 1923// 1118//
f 1118// 1923// 1924//
f 1118// 1924// 1120//
f 1925// 1926// 1927//
f 1928// 1929// 1930//
f 1931// 1932// 1393//
f 1130// 1933// 1876//
f 1876// 1933// 1934//
f 1876// 1934// 1877//
f 1877// 1934// 1935//
f 1877// 1935// 1878//
f 1878// 1935// 1879//
f 1879// 1935// 1936//
f 1879// 1936// 1880//
f 1880// 1936// 1881//
f 1881// 1936// 1937//
f 1881// 1937// 1882//
f 1882// 1937// 1938//
f 1882// 1938// 1885//
f 1885// 1938// 1939//
f 1885// 1939// 1886//
f 1886// 1939// 1940//
f 1886// 1940// 1887//
f 1941// 1942// 1943//
f 1944// 1893// 1945//
f 1945// 1893// 1892//
f 1945// 1892// 1891//
f 1946// 1896// 1947//
f 1947// 1896// 1895//
f 1947// 1895// 1944//
f 1944// 1895// 1894//
f 1944// 1894// 1893//
f 1948// 1898// 1946//
f 1946// 1898// 1897//
f 1946// 1897// 1896//
f 1393// 1901// 1931//
f 1931// 1901// 1900//
f 1931// 1900// 1948//
f 1948// 1900// 1899//
f 1948// 1899// 1898//
f 1945// 1949// 1944//
f 1944// 1949// 1950//
f 1944// 1950// 1947//
f 1947// 1950// 1951//
f 1947// 1951// 1946//
f 1946// 1951// 1952//
f 1946// 1952// 1948//
f 1948// 1952// 1953//
f 1948// 1953// 1931//
f 1931// 1953// 1930//
f 1931// 1930// 1932//
f 1932// 1930// 1929//
f 1949// 1954// 1950//
f 1950// 1954// 1955//
f 1950// 1955// 1951//
f 1951// 1955// 1956//
f 1951// 1956// 1952//
f 1952// 1956// 1957//
f 1952// 1957// 1953//
f 1953// 1957// 1958//
f 1953// 1958// 1930//
f 1930// 1958// 1959//
f 1930// 1959// 1928//
f 1928// 1959// 1960//
f 1954// 1941// 1955//
f 1955// 1941// 1961//
f 1955// 1961// 1956//
f 1956// 1961// 1962//
f 1956// 1962// 1957//
f 1957// 1962// 1963//
f 1957// 1963// 1958//
f 1958// 1963// 1964//
f 1958// 1964// 1959//
f 1959// 1964// 1927//
f 1959// 1927// 1960//
f 1960// 1927// 1926//
f 1933// 1925// 1934//
f 1934// 1925// 1927//
f 1934// 1927// 1935//
f 1935// 1927// 1964//
f 1935// 1964// 1936//
f 1936// 1964// 1963//
f 1936// 1963// 1937//
f 1937// 1963// 1962//
f 1937// 1962// 1938//
f 1938// 1962// 1961//
f 1938// 1961// 1939//
f 1939// 1961// 1941//
f 1939// 1941// 1940//
f 1940// 1941// 1943//
f 1940// 1943// 1887//
f 1887// 1943// 1942//
f 1887// 1942// 1883//
f 1883// 1942// 1941//
f 1883// 1941// 1884//
f 1884// 1941// 1954//
f 1884// 1954// 1888//
f 1888// 1954// 1949//
f 1888// 1949// 1889//
f 1889// 1949// 1945//
f 1889// 1945// 1890//
f 1890// 1945// 1891//
f 1890// 1891// 1125//
f 1965// 1966// 1967//
f 1923// 1967// 1924//
f 1967// 1923// 1922//
f 1120// 1924// 1967//
f 1921// 1920// 1967//
f 1123// 1968// 1909//
f 1903// 1904// 1969//
f 1906// 1907// 1970//
f 1971// 1908// 1396//
f 1909// 1968// 1910//
f 1910// 1968// 1972//
f 1910// 1972// 1911//
f 1911// 1972// 1912//
f 1912// 1972// 1973//
f 1912// 1973// 1913//
f 1913// 1973// 1914//
f 1914// 1973// 1974//
f 1914// 1974// 1915//
f 1915// 1974// 1916//
f 1916// 1974// 1975//
f 1916// 1975// 1917//
f 1917// 1975// 1918//
f 1918// 1975// 1966//
f 1918// 1966// 1919//
f 1919// 1966// 1965//
f 1919// 1965// 1920//
f 1920// 1965// 1967//
f 1922// 1921// 1967//
f 1396// 1976// 1971//
f 1971// 1976// 1977//
f 1971// 1977// 1978//
f 1977// 1979// 1978//
f 1978// 1979// 1980//
f 1978// 1980// 1981//
f 1980// 1982// 1981//
f 1981// 1982// 1983//
f 1981// 1983// 1984//
f 1902// 1903// 1985//
f 1985// 1903// 1969//
f 1985// 1969// 1986//
f 1986// 1969// 1987//
f 1986// 1987// 1988//
f 1988// 1987// 1989//
f 1988// 1989// 1990//
f 1990// 1989// 1991//
f 1990// 1991// 1992//
f 1992// 1991// 1993//
f 1992// 1993// 1994//
f 1994// 1993// 1995//
f 1994// 1995// 1967//
f 1904// 1905// 1969//
f 1969// 1905// 1996//
f 1969// 1996// 1987//
f 1987// 1996// 1997//
f 1987// 1997// 1989//
f 1989// 1997// 1998//
f 1989// 1998// 1991//
f 1991// 1998// 1999//
f 1991// 1999// 1993//
f 1993// 1999// 2000//
f 1993// 2000// 1995//
f 1995// 2000// 2001//
f 1995// 2001// 1967//
f 1123// 1902// 1968//
f 1968// 1902// 1985//
f 1968// 1985// 1972//
f 1972// 1985// 1986//
f 1972// 1986// 1973//
f 1973// 1986// 1988//
f 1973// 1988// 1974//
f 1974// 1988// 1990//
f 1974// 1990// 1975//
f 1975// 1990// 1992//
f 1975// 1992// 1966//
f 1966// 1992// 1994//
f 1966// 1994// 1967//
f 1907// 1908// 1970//
f 1970// 1908// 1971//
f 1970// 1971// 2002//
f 2002// 1971// 1978//
f 2002// 1978// 2003//
f 2003// 1978// 1981//
f 2003// 1981// 2004//
f 2004// 1981// 1984//
f 2004// 1984// 2005//
f 2005// 1984// 2006//
f 2005// 2006// 2007//
f 2007// 2006// 2008//
f 2007// 2008// 1967//
f 1983// 2009// 1984//
f 1984// 2009// 2010//
f 1984// 2010// 2006//
f 2006// 2010// 2011//
f 2006// 2011// 2008//
f 2008// 2011// 2012//
f 2008// 2012// 1967//
f 1905// 1906// 1996//
f 1996// 1906// 1970//
f 1996// 1970// 1997//
f 1997// 1970// 2002//
f 1997// 2002// 1998//
f 1998// 2002// 2003//
f 1998// 2003// 1999//
f 1999// 2003// 2004//
f 1999// 2004// 2000//
f 2000// 2004// 2005//
f 2000// 2005// 2001//
f 2001// 2005// 2007//
f 2001// 2007// 1967//
f 1130// 1129// 2013//
f 1130// 2013// 1933//
f 1933// 2013// 2014//
f 1933// 2014// 1925//
f 1925// 2014// 1926//
f 1926// 2014// 2015//
f 1926// 2015// 1960//
f 2015// 2016// 1960//
f 1960// 2016// 2017//
f 1960// 2017// 1928//
f 1928// 2017// 1929//
f 1929// 2017// 2018//
f 1929// 2018// 1932//
f 2018// 2019// 1932//
f 1932// 2019// 1394//
f 1932// 1394// 1393//
f 1119// 1120// 2020//
f 2020// 1120// 1967//
f 2020// 1967// 2021//
f 2021// 1967// 2012//
f 2021// 2012// 2022//
f 2022// 2012// 2011//
f 2022// 2011// 2023//
f 2023// 2011// 2010//
f 2023// 2010// 2024//
f 2024// 2010// 2009//
f 2024// 2009// 2025//
f 2025// 2009// 1983//
f 2025// 1983// 2026//
f 2026// 1983// 1982//
f 2026// 1982// 2027//
f 2027// 1982// 1980//
f 2027// 1980// 2028//
f 2028// 1980// 1979//
f 2028// 1979// 2029//
f 2029// 1979// 1977//
f 2029// 1977// 2030//
f 2030// 1977// 1976//
f 2030// 1976// 1394//
f 1394// 1976// 1396//
f 2031// 2032// 2020//
f 2031// 2020// 2033//
f 2034// 2033// 2020//
f 2023// 2035// 2036//
f 2025// 2026// 2037//
f 2038// 2039// 2040//
f 2041// 2042// 2043//
f 2044// 2045// 2020//
f 2046// 2020// 2047//
f 2020// 2046// 1119//
f 2045// 2047// 2020//
f 2048// 2044// 2020//
f 2049// 2032// 2050//
f 2050// 2032// 2051//
f 2052// 2053// 2054//
f 2054// 2053// 2055//
f 2056// 2013// 1129//
f 2057// 2016// 2015//
f 2058// 2018// 2017//
f 2019// 2018// 2059//
f 2059// 2018// 2058//
f 2059// 2058// 2060//
f 1394// 2019// 2030//
f 2030// 2019// 2059//
f 2030// 2059// 2029//
f 2029// 2059// 2060//
f 2029// 2060// 2028//
f 2028// 2060// 2027//
f 2026// 2027// 2037//
f 2037// 2027// 2060//
f 2037// 2060// 2061//
f 2061// 2060// 2058//
f 2061// 2058// 2057//
f 2057// 2058// 2017//
f 2057// 2017// 2016//
f 2024// 2025// 2062//
f 2062// 2025// 2037//
f 2062// 2037// 2063//
f 2063// 2037// 2061//
f 2063// 2061// 2064//
f 2064// 2061// 2057//
f 2064// 2057// 2065//
f 2065// 2057// 2015//
f 2065// 2015// 2014//
f 2066// 2054// 2067//
f 2067// 2054// 2055//
f 2067// 2055// 2068//
f 2023// 2024// 2035//
f 2035// 2024// 2062//
f 2035// 2062// 2069//
f 2069// 2062// 2063//
f 2069// 2063// 2070//
f 2070// 2063// 2064//
f 2070// 2064// 2071//
f 2071// 2064// 2065//
f 2071// 2065// 2056//
f 2056// 2065// 2014//
f 2056// 2014// 2013//
f 2036// 2035// 2072//
f 2072// 2035// 2069//
f 2072// 2069// 2073//
f 2073// 2069// 2070//
f 2073// 2070// 2074//
f 2074// 2070// 2071//
f 2074// 2071// 2075//
f 2075// 2071// 2056//
f 2075// 2056// 2076//
f 2076// 2056// 1129//
f 2076// 1129// 2077//
f 2078// 2066// 2079//
f 2079// 2066// 2067//
f 2079// 2067// 2043//
f 2043// 2067// 2068//
f 2043// 2068// 2041//
f 2034// 2078// 2033//
f 2033// 2078// 2079//
f 2033// 2079// 2031//
f 2031// 2079// 2043//
f 2031// 2043// 2032//
f 2032// 2043// 2042//
f 2032// 2042// 2051//
f 2049// 2020// 2032//
f 2050// 2048// 2049//
f 2049// 2048// 2020//
f 2020// 2021// 2036//
f 2036// 2021// 2022//
f 2036// 2022// 2023//
f 2077// 2038// 2076//
f 2076// 2038// 2040//
f 2076// 2040// 2075//
f 2075// 2040// 2080//
f 2075// 2080// 2074//
f 2074// 2080// 2081//
f 2074// 2081// 2073//
f 2073// 2081// 2082//
f 2073// 2082// 2072//
f 2072// 2082// 2083//
f 2072// 2083// 2036//
f 2036// 2083// 2020//
f 2039// 2052// 2040//
f 2040// 2052// 2054//
f 2040// 2054// 2080//
f 2080// 2054// 2066//
f 2080// 2066// 2081//
f 2081// 2066// 2078//
f 2081// 2078// 2082//
f 2082// 2078// 2034//
f 2082// 2034// 2083//
f 2083// 2034// 2020//
f 2048// 2050// 2084//
f 2048// 2084// 2044//
f 1119// 2046// 1117//
f 1117// 2046// 2047//
f 1117// 2047// 2084//
f 2084// 2047// 2045//
f 2084// 2045// 2044//
f 2050// 2051// 2084//
f 2084// 2051// 2042//
f 2084// 2042// 2085//
f 2042// 2041// 2085//
f 2085// 2041// 2068//
f 2085// 2068// 2086//
f 2068// 2055// 2086//
f 2086// 2055// 2053//
f 2086// 2053// 2087//
f 2053// 2052// 2087//
f 2087// 2052// 2039//
f 2087// 2039// 2088//
f 1129// 1131// 2077//
f 2077// 1131// 2088//
f 2077// 2088// 2038//
f 2038// 2088// 2039//
f 1178// 1176// 2089//
f 1168// 1166// 2090//
f 1164// 1162// 2091//
f 1154// 1152// 2092//
f 1150// 1148// 2093//
f 1140// 1138// 2094//
f 1136// 1134// 2095//
f 1249// 1248// 2096//
f 2096// 1248// 2097//
f 2096// 2097// 2098//
f 2098// 2097// 2099//
f 2098// 2099// 2100//
f 2100// 2099// 2101//
f 2100// 2101// 2102//
f 2102// 2101// 2103//
f 2102// 2103// 2104//
f 2104// 2103// 2093//
f 1250// 1232// 2105//
f 2105// 1232// 2106//
f 2105// 2106// 2107//
f 2107// 2106// 2108//
f 2107// 2108// 2109//
f 2109// 2108// 2110//
f 2109// 2110// 2111//
f 2111// 2110// 2112//
f 2111// 2112// 2113//
f 2113// 2112// 2091//
f 1236// 1238// 2114//
f 2114// 1238// 2115//
f 2114// 2115// 2116//
f 2116// 2115// 2117//
f 2116// 2117// 2118//
f 2118// 2117// 2119//
f 2118// 2119// 2120//
f 2120// 2119// 2121//
f 2120// 2121// 2122//
f 2122// 2121// 2089//
f 1131// 1242// 2088//
f 2088// 1242// 2123//
f 2088// 2123// 2087//
f 2087// 2123// 2124//
f 2087// 2124// 2086//
f 2086// 2124// 2125//
f 2086// 2125// 2085//
f 2085// 2125// 2126//
f 2085// 2126// 2084//
f 2084// 2126// 2095//
f 2084// 2095// 1117//
f 1117// 2095// 1134//
f 1242// 1246// 2123//
f 2123// 1246// 2127//
f 2123// 2127// 2124//
f 2124// 2127// 2128//
f 2124// 2128// 2125//
f 2125// 2128// 2129//
f 2125// 2129// 2126//
f 2126// 2129// 2130//
f 2126// 2130// 2095//
f 2095// 2130// 2094//
f 2095// 2094// 1136//
f 1136// 2094// 1138//
f 1142// 1140// 2131//
f 2131// 1140// 2094//
f 2131// 2094// 2132//
f 2132// 2094// 2130//
f 2132// 2130// 2133//
f 2133// 2130// 2129//
f 2133// 2129// 2134//
f 2134// 2129// 2128//
f 2134// 2128// 2135//
f 2135// 2128// 2127//
f 2135// 2127// 1245//
f 1245// 2127// 1246//
f 1245// 1249// 2135//
f 2135// 1249// 2096//
f 2135// 2096// 2134//
f 2134// 2096// 2098//
f 2134// 2098// 2133//
f 2133// 2098// 2100//
f 2133// 2100// 2132//
f 2132// 2100// 2102//
f 2132// 2102// 2131//
f 2131// 2102// 2104//
f 2131// 2104// 1142//
f 1142// 2104// 1144//
f 2093// 1148// 2104//
f 2104// 1148// 1146//
f 2104// 1146// 1144//
f 1248// 1252// 2097//
f 2097// 1252// 2136//
f 2097// 2136// 2099//
f 2099// 2136// 2137//
f 2099// 2137// 2101//
f 2101// 2137// 2138//
f 2101// 2138// 2103//
f 2103// 2138// 2139//
f 2103// 2139// 2093//
f 2093// 2139// 2092//
f 2093// 2092// 1150//
f 1150// 2092// 1152//
f 1156// 1154// 2140//
f 2140// 1154// 2092//
f 2140// 2092// 2141//
f 2141// 2092// 2139//
f 2141// 2139// 2142//
f 2142// 2139// 2138//
f 2142// 2138// 2143//
f 2143// 2138// 2137//
f 2143// 2137// 2144//
f 2144// 2137// 2136//
f 2144// 2136// 1251//
f 1251// 2136// 1252//
f 1251// 1250// 2144//
f 2144// 1250// 2105//
f 2144// 2105// 2143//
f 2143// 2105// 2107//
f 2143// 2107// 2142//
f 2142// 2107// 2109//
f 2142// 2109// 2141//
f 2141// 2109// 2111//
f 2141// 2111// 2140//
f 2140// 2111// 2113//
f 2140// 2113// 1156//
f 1156// 2113// 1158//
f 2091// 1162// 2113//
f 2113// 1162// 1160//
f 2113// 1160// 1158//
f 1166// 1164// 2090//
f 2090// 1164// 2091//
f 2090// 2091// 2145//
f 2145// 2091// 2112//
f 2145// 2112// 2146//
f 2146// 2112// 2110//
f 2146// 2110// 2147//
f 2147// 2110// 2108//
f 2147// 2108// 2148//
f 2148// 2108// 2106//
f 2148// 2106// 1233//
f 1233// 2106// 1232//
f 1170// 1168// 2149//
f 2149// 1168// 2090//
f 2149// 2090// 2150//
f 2150// 2090// 2145//
f 2150// 2145// 2151//
f 2151// 2145// 2146//
f 2151// 2146// 2152//
f 2152// 2146// 2147//
f 2152// 2147// 2153//
f 2153// 2147// 2148//
f 2153// 2148// 1235//
f 1235// 2148// 1233//
f 1235// 1236// 2153//
f 2153// 1236// 2114//
f 2153// 2114// 2152//
f 2152// 2114// 2116//
f 2152// 2116// 2151//
f 2151// 2116// 2118//
f 2151// 2118// 2150//
f 2150// 2118// 2120//
f 2150// 2120// 2149//
f 2149// 2120// 2122//
f 2149// 2122// 1170//
f 1170// 2122// 1172//
f 2089// 1176// 2122//
f 2122// 1176// 1174//
f 2122// 1174// 1172//
f 1180// 1178// 2154//
f 2154// 1178// 2089//
f 2154// 2089// 2155//
f 2155// 2089// 2121//
f 2155// 2121// 2156//
f 2156// 2121// 2119//
f 2156// 2119// 2157//
f 2157// 2119// 2117//
f 2157// 2117// 2158//
f 2158// 2117// 2115//
f 2158// 2115// 1239//
f 1239// 2115// 1238//
f 1239// 1241// 2158//
f 2158// 1241// 2159//
f 2158// 2159// 2157//
f 2157// 2159// 2160//
f 2157// 2160// 2156//
f 2156// 2160// 2161//
f 2156// 2161// 2155//
f 2155// 2161// 2162//
f 2155// 2162// 2154//
f 2154// 2162// 2163//
f 2154// 2163// 1180//
f 1180// 2163// 1182//
f 1253// 1182// 2163//
f 1253// 2163// 2164//
f 2164// 2163// 2162//
f 2164// 2162// 2165//
f 2165// 2162// 2161//
f 2165// 2161// 2166//
f 2166// 2161// 2160//
f 2166// 2160// 2167//
f 2167// 2160// 2159//
f 2167// 2159// 2168//
f 2168// 2159// 1241//
f 2168// 1241// 1259//
f 1362// 2169// 2170//
f 2169// 2171// 2172//
f 2171// 2173// 2174//
f 2173// 2175// 2176//
f 2175// 2177// 2178//
f 1269// 2179// 1267//
f 1267// 2179// 2180//
f 1267// 2180// 1265//
f 1265// 2180// 2178//
f 1265// 2178// 1263//
f 1263// 2178// 2177//
f 1263// 2177// 1261//
f 1269// 1271// 2179//
f 2179// 1271// 1273//
f 2179// 1273// 2181//
f 2181// 1273// 1275//
f 2181// 1275// 2182//
f 2182// 1275// 1277//
f 2182// 1277// 2183//
f 2183// 1277// 1279//
f 2183// 1279// 2184//
f 2184// 1279// 1281//
f 1281// 1283// 2184//
f 2184// 1283// 1253//
f 2184// 1253// 2164//
f 2175// 2178// 2176//
f 2176// 2178// 2180//
f 2176// 2180// 2185//
f 2185// 2180// 2179//
f 2185// 2179// 2186//
f 2186// 2179// 2181//
f 2186// 2181// 2187//
f 2187// 2181// 2182//
f 2187// 2182// 2188//
f 2188// 2182// 2183//
f 2188// 2183// 2189//
f 2189// 2183// 2184//
f 2189// 2184// 2190//
f 2190// 2184// 2164//
f 2190// 2164// 2165//
f 2173// 2176// 2174//
f 2174// 2176// 2185//
f 2174// 2185// 2191//
f 2191// 2185// 2186//
f 2191// 2186// 2192//
f 2192// 2186// 2187//
f 2192// 2187// 2193//
f 2193// 2187// 2188//
f 2193// 2188// 2194//
f 2194// 2188// 2189//
f 2194// 2189// 2195//
f 2195// 2189// 2190//
f 2195// 2190// 2196//
f 2196// 2190// 2165//
f 2196// 2165// 2166//
f 2171// 2174// 2172//
f 2172// 2174// 2191//
f 2172// 2191// 2197//
f 2197// 2191// 2192//
f 2197// 2192// 2198//
f 2198// 2192// 2193//
f 2198// 2193// 2199//
f 2199// 2193// 2194//
f 2199// 2194// 2200//
f 2200// 2194// 2195//
f 2200// 2195// 2201//
f 2201// 2195// 2196//
f 2201// 2196// 2202//
f 2202// 2196// 2166//
f 2202// 2166// 2167//
f 2169// 2172// 2170//
f 2170// 2172// 2197//
f 2170// 2197// 2203//
f 2203// 2197// 2198//
f 2203// 2198// 2204//
f 2204// 2198// 2199//
f 2204// 2199// 2205//
f 2205// 2199// 2200//
f 2205// 2200// 2206//
f 2206// 2200// 2201//
f 2206// 2201// 2207//
f 2207// 2201// 2202//
f 2207// 2202// 2208//
f 2208// 2202// 2167//
f 2208// 2167// 2168//
f 1362// 2170// 1364//
f 1364// 2170// 2203//
f 1364// 2203// 1365//
f 1365// 2203// 2204//
f 1365// 2204// 1368//
f 1368// 2204// 2205//
f 1368// 2205// 1376//
f 1376// 2205// 2206//
f 1376// 2206// 1379//
f 1379// 2206// 2207//
f 1379// 2207// 1374//
f 1374// 2207// 2208//
f 1374// 2208// 1373//
f 1373// 2208// 2168//
f 1373// 2168// 1259//
f 1362// 1385// 1408//
f 1362// 1408// 2169//
f 2169// 1408// 1407//
f 2169// 1407// 2171//
f 2171// 1407// 1406//
f 2171// 1406// 2173//
f 2173// 1406// 1415//
f 2173// 1415// 2175//
f 2175// 1415// 1416//
f 2175// 1416// 2177//
f 2177// 1416// 1387//
f 2177// 1387// 1261//
f 2209// 2210// 2211//
f 2211// 2210// 2212//
f 2213// 2214// 2215//
f 2215// 2214// 2216//
f 2217// 2218// 2219//
f 2219// 2218// 2220//
f 2221// 2222// 2223//
f 2223// 2222// 2224//
f 2210// 2209// 2225//
f 2225// 2209// 2226//
f 2225// 2226// 2227//
f 2227// 2226// 2228//
f 2227// 2228// 2229//
f 2229// 2228// 2230//
f 2229// 2230// 2231//
f 2231// 2230// 2232//
f 2231// 2232// 2233//
f 2233// 2232// 2234//
f 2233// 2234// 2235//
f 2235// 2234// 2236//
f 2235// 2236// 2237//
f 2237// 2236// 2238//
f 2237// 2238// 2239//
f 2239// 2238// 2240//
f 2239// 2240// 2241//
f 2241// 2240// 2242//
f 2241// 2242// 2243//
f 2243// 2242// 2244//
f 2243// 2244// 2245//
f 2245// 2244// 2246//
f 2245// 2246// 2247//
f 2247// 2246// 2248//
f 2247// 2248// 2249//
f 2249// 2248// 2250//
f 2249// 2250// 2251//
f 2251// 2250// 2252//
f 2251// 2252// 2253//
f 2253// 2252// 2254//
f 2253// 2254// 2255//
f 2255// 2254// 2256//
f 2255// 2256// 2257//
f 2257// 2256// 2258//
f 2257// 2258// 2259//
f 2259// 2258// 2260//
f 2259// 2260// 2261//
f 2261// 2260// 2262//
f 2261// 2262// 2263//
f 2263// 2262// 2264//
f 2263// 2264// 2265//
f 2265// 2264// 2266//
f 2265// 2266// 2267//
f 2267// 2266// 2268//
f 2267// 2268// 2269//
f 2269// 2268// 2270//
f 2269// 2270// 2271//
f 2271// 2270// 2272//
f 2271// 2272// 2273//
f 2273// 2272// 2274//
f 2213// 2275// 2214//
f 2214// 2275// 2276//
f 2275// 2277// 2276//
f 2276// 2277// 2278//
f 2276// 2278// 2279//
f 2280// 2281// 2282//
f 2282// 2281// 2283//
f 2284// 2285// 2283//
f 2283// 2285// 2286//
f 2283// 2286// 2282//
f 2287// 2288// 2284//
f 2284// 2288// 2289//
f 2284// 2289// 2285//
f 2290// 2291// 2292//
f 2292// 2291// 2293//
f 2292// 2293// 2287//
f 2287// 2293// 2294//
f 2287// 2294// 2288//
f 2278// 2295// 2279//
f 2279// 2295// 2296//
f 2279// 2296// 2290//
f 2290// 2296// 2297//
f 2290// 2297// 2291//
f 2298// 2299// 2300//
f 2300// 2299// 2301//
f 2300// 2301// 2302//
f 2302// 2301// 2303//
f 2302// 2303// 2304//
f 2304// 2303// 2305//
f 2304// 2305// 2306//
f 2306// 2305// 2307//
f 2306// 2307// 2308//
f 2308// 2307// 2309//
f 2308// 2309// 2310//
f 2310// 2309// 2311//
f 2310// 2311// 2312//
f 2312// 2311// 2313//
f 2312// 2313// 2314//
f 2314// 2313// 2315//
f 2314// 2315// 2316//
f 2316// 2315// 2317//
f 2316// 2317// 2318//
f 2318// 2317// 2319//
f 2318// 2319// 2320//
f 2320// 2319// 2321//
f 2320// 2321// 2220//
f 2220// 2321// 2219//
f 2322// 2323// 2324//
f 2324// 2323// 2325//
f 2223// 2224// 2326//
f 2326// 2224// 2327//
f 2328// 2329// 2327//
f 2327// 2329// 2330//
f 2327// 2330// 2326//
f 2331// 2332// 2328//
f 2328// 2332// 2333//
f 2328// 2333// 2329//
f 2334// 2335// 2331//
f 2331// 2335// 2336//
f 2331// 2336// 2332//
f 2337// 2338// 2339//
f 2339// 2338// 2340//
f 2339// 2340// 2334//
f 2334// 2340// 2341//
f 2334// 2341// 2335//
f 2323// 2342// 2325//
f 2325// 2342// 2343//
f 2325// 2343// 2337//
f 2337// 2343// 2344//
f 2337// 2344// 2338//
f 2345// 2346// 2274//
f 2274// 2346// 2273//
f 2347// 2348// 2280//
f 2280// 2348// 2281//
f 2299// 2298// 2349//
f 2349// 2298// 2350//
f 2322// 2324// 2351//
f 2351// 2324// 2352//
f 2346// 2345// 2353//
f 2353// 2345// 2354//
f 2353// 2354// 2355//
f 2355// 2354// 2356//
f 2355// 2356// 2357//
f 2357// 2356// 2358//
f 2357// 2358// 2359//
f 2359// 2358// 2360//
f 2359// 2360// 2361//
f 2361// 2360// 2362//
f 2361// 2362// 2363//
f 2363// 2362// 2364//
f 2363// 2364// 2365//
f 2365// 2364// 2366//
f 2365// 2366// 2367//
f 2367// 2366// 2368//
f 2367// 2368// 2369//
f 2369// 2368// 2370//
f 2369// 2370// 2371//
f 2371// 2370// 2372//
f 2371// 2372// 2373//
f 2373// 2372// 2374//
f 2373// 2374// 2375//
f 2375// 2374// 2376//
f 2377// 2378// 2379//
f 2377// 2379// 2380//
f 2348// 2347// 2381//
f 2381// 2347// 2382//
f 2383// 2384// 2382//
f 2382// 2384// 2385//
f 2382// 2385// 2381//
f 2386// 2387// 2383//
f 2383// 2387// 2388//
f 2383// 2388// 2384//
f 2389// 2390// 2391//
f 2392// 2393// 2386//
f 2386// 2393// 2394//
f 2386// 2394// 2387//
f 2379// 2395// 2380//
f 2380// 2395// 2396//
f 2380// 2396// 2391//
f 2391// 2396// 2397//
f 2391// 2397// 2389//
f 2389// 2398// 2390//
f 2390// 2398// 2399//
f 2390// 2399// 2392//
f 2392// 2399// 2400//
f 2392// 2400// 2393//
f 2349// 2350// 2401//
f 2401// 2350// 2402//
f 2401// 2402// 2403//
f 2403// 2402// 2404//
f 2403// 2404// 2405//
f 2405// 2404// 2406//
f 2405// 2406// 2407//
f 2407// 2406// 2408//
f 2407// 2408// 2409//
f 2409// 2408// 2410//
f 2409// 2410// 2411//
f 2411// 2410// 2412//
f 2411// 2412// 2413//
f 2413// 2412// 2414//
f 2413// 2414// 2415//
f 2415// 2414// 2416//
f 2415// 2416// 2417//
f 2417// 2416// 2418//
f 2417// 2418// 2419//
f 2419// 2418// 2420//
f 2419// 2420// 2421//
f 2421// 2420// 2422//
f 2421// 2422// 2423//
f 2423// 2422// 2424//
f 2423// 2424// 2425//
f 2425// 2424// 2426//
f 2425// 2426// 2427//
f 2427// 2426// 2428//
f 2427// 2428// 2429//
f 2429// 2428// 2430//
f 2429// 2430// 2431//
f 2431// 2430// 2432//
f 2431// 2432// 2433//
f 2433// 2432// 2434//
f 2433// 2434// 2435//
f 2435// 2434// 2436//
f 2435// 2436// 2437//
f 2437// 2436// 2438//
f 2437// 2438// 2439//
f 2439// 2438// 2440//
f 2439// 2440// 2441//
f 2441// 2440// 2442//
f 2441// 2442// 2443//
f 2443// 2442// 2444//
f 2443// 2444// 2445//
f 2445// 2444// 2446//
f 2445// 2446// 2447//
f 2447// 2446// 2448//
f 2447// 2448// 2449//
f 2449// 2448// 2450//
f 2449// 2450// 2451//
f 2451// 2450// 2452//
f 2453// 2454// 2455//
f 2455// 2454// 2456//
f 2455// 2456// 2457//
f 2457// 2456// 2458//
f 2458// 2456// 2459//
f 2458// 2459// 2460//
f 2460// 2459// 2461//
f 2461// 2459// 2462//
f 2461// 2462// 2463//
f 2463// 2462// 2464//
f 2464// 2462// 2465//
f 2464// 2465// 2466//
f 2466// 2465// 2467//
f 2467// 2465// 2468//
f 2467// 2468// 2469//
f 2469// 2468// 2470//
f 2470// 2468// 2471//
f 2470// 2471// 2472//
f 2472// 2471// 2473//
f 2473// 2471// 2474//
f 2473// 2474// 2475//
f 2475// 2474// 2476//
f 2476// 2474// 2351//
f 2476// 2351// 2352//
f 2454// 2453// 2477//
f 2477// 2453// 2478//
f 2479// 2480// 2376//
f 2376// 2480// 2375//
f 2481// 2482// 2377//
f 2377// 2482// 2378//
f 2451// 2452// 2483//
f 2483// 2452// 2484//
f 2485// 2486// 2487//
f 2487// 2486// 2488//
f 2478// 2482// 2477//
f 2477// 2482// 2481//
f 2489// 2490// 2478//
f 2478// 2490// 2483//
f 2478// 2483// 2482//
f 2489// 2491// 2490//
f 2490// 2491// 2492//
f 2490// 2492// 2493//
f 2494// 2495// 2477//
f 2496// 2497// 2498//
f 2498// 2497// 2499//
f 2483// 2484// 2482//
f 2482// 2484// 2497//
f 2482// 2497// 2500//
f 2500// 2497// 2496//
f 2481// 2501// 2502//
f 2502// 2501// 2503//
f 2502// 2503// 2504//
f 2502// 2505// 2481//
f 2481// 2505// 2480//
f 2481// 2480// 2477//
f 2477// 2480// 2479//
f 2477// 2479// 2494//
f 2506// 2507// 2495//
f 2495// 2507// 2508//
f 2495// 2508// 2477//
f 2378// 2482// 2500//
f 2378// 2500// 2509//
f 2509// 2500// 2496//
f 2509// 2496// 2510//
f 2510// 2496// 2498//
f 2510// 2498// 2511//
f 2511// 2498// 2499//
f 2511// 2499// 2512//
f 2512// 2499// 2497//
f 2512// 2497// 2513//
f 2513// 2497// 2484//
f 2513// 2484// 2452//
f 2448// 2446// 2514//
f 2438// 2436// 2515//
f 2428// 2426// 2516//
f 2418// 2416// 2517//
f 2414// 2412// 2518//
f 2408// 2406// 2519//
f 2404// 2402// 2520//
f 2348// 2381// 2521//
f 2521// 2381// 2522//
f 2521// 2522// 2523//
f 2523// 2522// 2524//
f 2524// 2522// 2525//
f 2524// 2525// 2526//
f 2526// 2525// 2527//
f 2527// 2525// 2528//
f 2527// 2528// 2529//
f 2529// 2528// 2530//
f 2530// 2528// 2531//
f 2530// 2531// 2532//
f 2532// 2531// 2533//
f 2533// 2531// 2520//
f 2533// 2520// 2534//
f 2393// 2400// 2535//
f 2535// 2400// 2536//
f 2535// 2536// 2537//
f 2537// 2536// 2538//
f 2537// 2538// 2539//
f 2539// 2538// 2540//
f 2539// 2540// 2541//
f 2541// 2540// 2542//
f 2541// 2542// 2543//
f 2543// 2542// 2516//
f 2398// 2389// 2544//
f 2544// 2389// 2545//
f 2544// 2545// 2546//
f 2546// 2545// 2547//
f 2546// 2547// 2548//
f 2548// 2547// 2549//
f 2548// 2549// 2550//
f 2550// 2549// 2551//
f 2550// 2551// 2552//
f 2552// 2551// 2515//
f 2396// 2395// 2553//
f 2553// 2395// 2554//
f 2553// 2554// 2555//
f 2555// 2554// 2556//
f 2555// 2556// 2557//
f 2557// 2556// 2558//
f 2557// 2558// 2559//
f 2559// 2558// 2560//
f 2559// 2560// 2561//
f 2561// 2560// 2514//
f 2534// 2520// 2562//
f 2562// 2520// 2402//
f 2562// 2402// 2350//
f 2381// 2385// 2522//
f 2522// 2385// 2563//
f 2522// 2563// 2525//
f 2525// 2563// 2564//
f 2525// 2564// 2528//
f 2528// 2564// 2565//
f 2528// 2565// 2531//
f 2531// 2565// 2566//
f 2531// 2566// 2520//
f 2520// 2566// 2519//
f 2520// 2519// 2404//
f 2404// 2519// 2406//
f 2410// 2408// 2567//
f 2567// 2408// 2519//
f 2567// 2519// 2568//
f 2568// 2519// 2566//
f 2568// 2566// 2569//
f 2569// 2566// 2565//
f 2569// 2565// 2570//
f 2570// 2565// 2564//
f 2570// 2564// 2571//
f 2571// 2564// 2563//
f 2571// 2563// 2384//
f 2384// 2563// 2385//
f 2384// 2388// 2571//
f 2571// 2388// 2572//
f 2571// 2572// 2570//
f 2570// 2572// 2573//
f 2570// 2573// 2569//
f 2569// 2573// 2574//
f 2569// 2574// 2568//
f 2568// 2574// 2575//
f 2568// 2575// 2567//
f 2567// 2575// 2518//
f 2567// 2518// 2410//
f 2410// 2518// 2412//
f 2388// 2387// 2572//
f 2572// 2387// 2576//
f 2572// 2576// 2573//
f 2573// 2576// 2577//
f 2573// 2577// 2574//
f 2574// 2577// 2578//
f 2574// 2578// 2575//
f 2575// 2578// 2579//
f 2575// 2579// 2518//
f 2518// 2579// 2517//
f 2518// 2517// 2414//
f 2414// 2517// 2416//
f 2420// 2418// 2580//
f 2580// 2418// 2517//
f 2580// 2517// 2581//
f 2581// 2517// 2579//
f 2581// 2579// 2582//
f 2582// 2579// 2578//
f 2582// 2578// 2583//
f 2583// 2578// 2577//
f 2583// 2577// 2584//
f 2584// 2577// 2576//
f 2584// 2576// 2394//
f 2394// 2576// 2387//
f 2394// 2393// 2584//
f 2584// 2393// 2535//
f 2584// 2535// 2583//
f 2583// 2535// 2537//
f 2583// 2537// 2582//
f 2582// 2537// 2539//
f 2582// 2539// 2581//
f 2581// 2539// 2541//
f 2581// 2541// 2580//
f 2580// 2541// 2543//
f 2580// 2543// 2420//
f 2420// 2543// 2422//
f 2516// 2426// 2543//
f 2543// 2426// 2424//
f 2543// 2424// 2422//
f 2430// 2428// 2585//
f 2585// 2428// 2516//
f 2585// 2516// 2586//
f 2586// 2516// 2542//
f 2586// 2542// 2587//
f 2587// 2542// 2540//
f 2587// 2540// 2588//
f 2588// 2540// 2538//
f 2588// 2538// 2589//
f 2589// 2538// 2536//
f 2589// 2536// 2399//
f 2399// 2536// 2400//
f 2399// 2398// 2589//
f 2589// 2398// 2544//
f 2589// 2544// 2588//
f 2588// 2544// 2546//
f 2588// 2546// 2587//
f 2587// 2546// 2548//
f 2587// 2548// 2586//
f 2586// 2548// 2550//
f 2586// 2550// 2585//
f 2585// 2550// 2552//
f 2585// 2552// 2430//
f 2430// 2552// 2432//
f 2515// 2436// 2552//
f 2552// 2436// 2434//
f 2552// 2434// 2432//
f 2440// 2438// 2590//
f 2590// 2438// 2515//
f 2590// 2515// 2591//
f 2591// 2515// 2551//
f 2591// 2551// 2592//
f 2592// 2551// 2549//
f 2592// 2549// 2593//
f 2593// 2549// 2547//
f 2593// 2547// 2594//
f 2594// 2547// 2545//
f 2594// 2545// 2397//
f 2397// 2545// 2389//
f 2397// 2396// 2594//
f 2594// 2396// 2553//
f 2594// 2553// 2593//
f 2593// 2553// 2555//
f 2593// 2555// 2592//
f 2592// 2555// 2557//
f 2592// 2557// 2591//
f 2591// 2557// 2559//
f 2591// 2559// 2590//
f 2590// 2559// 2561//
f 2590// 2561// 2440//
f 2440// 2561// 2442//
f 2514// 2446// 2561//
f 2561// 2446// 2444//
f 2561// 2444// 2442//
f 2450// 2448// 2595//
f 2595// 2448// 2514//
f 2595// 2514// 2596//
f 2596// 2514// 2560//
f 2596// 2560// 2597//
f 2597// 2560// 2558//
f 2597// 2558// 2598//
f 2598// 2558// 2556//
f 2598// 2556// 2599//
f 2599// 2556// 2554//
f 2599// 2554// 2379//
f 2379// 2554// 2395//
f 2379// 2378// 2599//
f 2599// 2378// 2509//
f 2599// 2509// 2598//
f 2598// 2509// 2510//
f 2598// 2510// 2597//
f 2597// 2510// 2511//
f 2597// 2511// 2596//
f 2596// 2511// 2512//
f 2596// 2512// 2595//
f 2595// 2512// 2513//
f 2595// 2513// 2450//
f 2450// 2513// 2452//
f 2451// 2483// 2490//
f 2451// 2490// 2600//
f 2600// 2490// 2493//
f 2600// 2493// 2601//
f 2601// 2493// 2492//
f 2601// 2492// 2602//
f 2602// 2492// 2491//
f 2602// 2491// 2603//
f 2603// 2491// 2489//
f 2603// 2489// 2604//
f 2604// 2489// 2478//
f 2604// 2478// 2453//
f 2298// 2605// 2350//
f 2350// 2605// 2562//
f 2562// 2605// 2534//
f 2534// 2605// 2606//
f 2534// 2606// 2533//
f 2533// 2606// 2607//
f 2533// 2607// 2532//
f 2532// 2607// 2608//
f 2532// 2608// 2530//
f 2530// 2608// 2609//
f 2530// 2609// 2529//
f 2529// 2609// 2610//
f 2529// 2610// 2527//
f 2527// 2610// 2611//
f 2527// 2611// 2526//
f 2526// 2611// 2612//
f 2526// 2612// 2524//
f 2524// 2612// 2613//
f 2524// 2613// 2523//
f 2523// 2613// 2614//
f 2523// 2614// 2521//
f 2614// 2615// 2521//
f 2521// 2615// 2281//
f 2521// 2281// 2348//
f 2375// 2480// 2505//
f 2375// 2505// 2616//
f 2616// 2505// 2502//
f 2616// 2502// 2617//
f 2617// 2502// 2504//
f 2617// 2504// 2618//
f 2618// 2504// 2503//
f 2618// 2503// 2619//
f 2619// 2503// 2501//
f 2619// 2501// 2620//
f 2620// 2501// 2481//
f 2620// 2481// 2377//
f 2407// 2409// 2621//
f 2413// 2415// 2622//
f 2423// 2425// 2623//
f 2433// 2435// 2624//
f 2437// 2439// 2625//
f 2443// 2445// 2626//
f 2447// 2449// 2627//
f 2352// 2628// 2476//
f 2476// 2628// 2629//
f 2628// 2630// 2629//
f 2629// 2630// 2631//
f 2629// 2631// 2632//
f 2631// 2633// 2632//
f 2632// 2633// 2634//
f 2632// 2634// 2635//
f 2634// 2636// 2635//
f 2635// 2636// 2637//
f 2635// 2637// 2638//
f 2464// 2466// 2639//
f 2639// 2466// 2640//
f 2639// 2640// 2641//
f 2641// 2640// 2642//
f 2641// 2642// 2643//
f 2643// 2642// 2644//
f 2643// 2644// 2645//
f 2645// 2644// 2646//
f 2645// 2646// 2647//
f 2647// 2646// 2623//
f 2469// 2470// 2648//
f 2648// 2470// 2649//
f 2648// 2649// 2650//
f 2650// 2649// 2651//
f 2650// 2651// 2652//
f 2652// 2651// 2653//
f 2652// 2653// 2654//
f 2654// 2653// 2655//
f 2654// 2655// 2656//
f 2656// 2655// 2622//
f 2473// 2475// 2657//
f 2657// 2475// 2658//
f 2657// 2658// 2659//
f 2659// 2658// 2660//
f 2659// 2660// 2661//
f 2661// 2660// 2662//
f 2661// 2662// 2663//
f 2663// 2662// 2664//
f 2663// 2664// 2621//
f 2621// 2664// 2665//
f 2475// 2476// 2658//
f 2658// 2476// 2629//
f 2658// 2629// 2660//
f 2660// 2629// 2632//
f 2660// 2632// 2662//
f 2662// 2632// 2635//
f 2662// 2635// 2664//
f 2664// 2635// 2638//
f 2664// 2638// 2665//
f 2665// 2638// 2666//
f 2453// 2455// 2604//
f 2604// 2455// 2667//
f 2604// 2667// 2603//
f 2603// 2667// 2668//
f 2603// 2668// 2602//
f 2602// 2668// 2669//
f 2602// 2669// 2601//
f 2601// 2669// 2670//
f 2601// 2670// 2600//
f 2600// 2670// 2627//
f 2600// 2627// 2451//
f 2451// 2627// 2449//
f 2455// 2457// 2667//
f 2667// 2457// 2671//
f 2667// 2671// 2668//
f 2668// 2671// 2672//
f 2668// 2672// 2669//
f 2669// 2672// 2673//
f 2669// 2673// 2670//
f 2670// 2673// 2674//
f 2670// 2674// 2627//
f 2627// 2674// 2626//
f 2627// 2626// 2447//
f 2447// 2626// 2445//
f 2441// 2443// 2675//
f 2675// 2443// 2626//
f 2675// 2626// 2676//
f 2676// 2626// 2674//
f 2676// 2674// 2677//
f 2677// 2674// 2673//
f 2677// 2673// 2678//
f 2678// 2673// 2672//
f 2678// 2672// 2679//
f 2679// 2672// 2671//
f 2679// 2671// 2458//
f 2458// 2671// 2457//
f 2458// 2460// 2679//
f 2679// 2460// 2680//
f 2679// 2680// 2678//
f 2678// 2680// 2681//
f 2678// 2681// 2677//
f 2677// 2681// 2682//
f 2677// 2682// 2676//
f 2676// 2682// 2683//
f 2676// 2683// 2675//
f 2675// 2683// 2625//
f 2675// 2625// 2441//
f 2441// 2625// 2439//
f 2460// 2461// 2680//
f 2680// 2461// 2684//
f 2680// 2684// 2681//
f 2681// 2684// 2685//
f 2681// 2685// 2682//
f 2682// 2685// 2686//
f 2682// 2686// 2683//
f 2683// 2686// 2687//
f 2683// 2687// 2625//
f 2625// 2687// 2624//
f 2625// 2624// 2437//
f 2437// 2624// 2435//
f 2431// 2433// 2688//
f 2688// 2433// 2624//
f 2688// 2624// 2689//
f 2689// 2624// 2687//
f 2689// 2687// 2690//
f 2690// 2687// 2686//
f 2690// 2686// 2691//
f 2691// 2686// 2685//
f 2691// 2685// 2692//
f 2692// 2685// 2684//
f 2692// 2684// 2463//
f 2463// 2684// 2461//
f 2463// 2464// 2692//
f 2692// 2464// 2639//
f 2692// 2639// 2691//
f 2691// 2639// 2641//
f 2691// 2641// 2690//
f 2690// 2641// 2643//
f 2690// 2643// 2689//
f 2689// 2643// 2645//
f 2689// 2645// 2688//
f 2688// 2645// 2647//
f 2688// 2647// 2431//
f 2431// 2647// 2429//
f 2623// 2425// 2647//
f 2647// 2425// 2427//
f 2647// 2427// 2429//
f 2421// 2423// 2693//
f 2693// 2423// 2623//
f 2693// 2623// 2694//
f 2694// 2623// 2646//
f 2694// 2646// 2695//
f 2695// 2646// 2644//
f 2695// 2644// 2696//
f 2696// 2644// 2642//
f 2696// 2642// 2697//
f 2697// 2642// 2640//
f 2697// 2640// 2467//
f 2467// 2640// 2466//
f 2467// 2469// 2697//
f 2697// 2469// 2648//
f 2697// 2648// 2696//
f 2696// 2648// 2650//
f 2696// 2650// 2695//
f 2695// 2650// 2652//
f 2695// 2652// 2694//
f 2694// 2652// 2654//
f 2694// 2654// 2693//
f 2693// 2654// 2656//
f 2693// 2656// 2421//
f 2421// 2656// 2419//
f 2622// 2415// 2656//
f 2656// 2415// 2417//
f 2656// 2417// 2419//
f 2411// 2413// 2698//
f 2698// 2413// 2622//
f 2698// 2622// 2699//
f 2699// 2622// 2655//
f 2699// 2655// 2700//
f 2700// 2655// 2653//
f 2700// 2653// 2701//
f 2701// 2653// 2651//
f 2701// 2651// 2702//
f 2702// 2651// 2649//
f 2702// 2649// 2472//
f 2472// 2649// 2470//
f 2472// 2473// 2702//
f 2702// 2473// 2657//
f 2702// 2657// 2701//
f 2701// 2657// 2659//
f 2701// 2659// 2700//
f 2700// 2659// 2661//
f 2700// 2661// 2699//
f 2699// 2661// 2663//
f 2699// 2663// 2698//
f 2698// 2663// 2621//
f 2698// 2621// 2411//
f 2411// 2621// 2409//
f 2637// 2703// 2638//
f 2638// 2703// 2704//
f 2638// 2704// 2666//
f 2666// 2704// 2705//
f 2666// 2705// 2706//
f 2407// 2621// 2405//
f 2405// 2621// 2665//
f 2405// 2665// 2403//
f 2403// 2665// 2666//
f 2403// 2666// 2401//
f 2401// 2666// 2706//
f 2401// 2706// 2349//
f 2607// 2606// 2707//
f 2707// 2606// 2605//
f 2306// 2708// 2304//
f 2304// 2708// 2709//
f 2304// 2709// 2302//
f 2302// 2709// 2707//
f 2302// 2707// 2300//
f 2300// 2707// 2605//
f 2300// 2605// 2298//
f 2306// 2308// 2708//
f 2708// 2308// 2310//
f 2708// 2310// 2710//
f 2710// 2310// 2312//
f 2710// 2312// 2711//
f 2711// 2312// 2314//
f 2711// 2314// 2712//
f 2712// 2314// 2316//
f 2712// 2316// 2713//
f 2713// 2316// 2318//
f 2318// 2320// 2713//
f 2713// 2320// 2220//
f 2713// 2220// 2714//
f 2609// 2608// 2715//
f 2715// 2608// 2607//
f 2607// 2707// 2715//
f 2715// 2707// 2709//
f 2715// 2709// 2716//
f 2716// 2709// 2708//
f 2716// 2708// 2717//
f 2717// 2708// 2710//
f 2717// 2710// 2718//
f 2718// 2710// 2711//
f 2718// 2711// 2719//
f 2719// 2711// 2712//
f 2719// 2712// 2720//
f 2720// 2712// 2713//
f 2720// 2713// 2721//
f 2721// 2713// 2714//
f 2721// 2714// 2722//
f 2611// 2610// 2723//
f 2723// 2610// 2609//
f 2609// 2715// 2723//
f 2723// 2715// 2716//
f 2723// 2716// 2724//
f 2724// 2716// 2717//
f 2724// 2717// 2725//
f 2725// 2717// 2718//
f 2725// 2718// 2726//
f 2726// 2718// 2719//
f 2726// 2719// 2727//
f 2727// 2719// 2720//
f 2727// 2720// 2728//
f 2728// 2720// 2721//
f 2728// 2721// 2729//
f 2729// 2721// 2722//
f 2729// 2722// 2730//
f 2613// 2612// 2731//
f 2731// 2612// 2611//
f 2611// 2723// 2731//
f 2731// 2723// 2724//
f 2731// 2724// 2732//
f 2732// 2724// 2725//
f 2732// 2725// 2733//
f 2733// 2725// 2726//
f 2733// 2726// 2734//
f 2734// 2726// 2727//
f 2734// 2727// 2735//
f 2735// 2727// 2728//
f 2735// 2728// 2736//
f 2736// 2728// 2729//
f 2736// 2729// 2737//
f 2737// 2729// 2730//
f 2737// 2730// 2738//
f 2615// 2614// 2739//
f 2739// 2614// 2613//
f 2613// 2731// 2739//
f 2739// 2731// 2732//
f 2739// 2732// 2740//
f 2740// 2732// 2733//
f 2740// 2733// 2741//
f 2741// 2733// 2734//
f 2741// 2734// 2742//
f 2742// 2734// 2735//
f 2742// 2735// 2743//
f 2743// 2735// 2736//
f 2743// 2736// 2744//
f 2744// 2736// 2737//
f 2744// 2737// 2745//
f 2745// 2737// 2738//
f 2745// 2738// 2746//
f 2283// 2281// 2615//
f 2615// 2739// 2283//
f 2283// 2739// 2740//
f 2283// 2740// 2284//
f 2284// 2740// 2741//
f 2284// 2741// 2287//
f 2287// 2741// 2742//
f 2287// 2742// 2292//
f 2292// 2742// 2743//
f 2292// 2743// 2290//
f 2290// 2743// 2744//
f 2290// 2744// 2279//
f 2279// 2744// 2745//
f 2279// 2745// 2276//
f 2276// 2745// 2746//
f 2276// 2746// 2214//
f 2347// 2747// 2748//
f 2747// 2749// 2750//
f 2749// 2751// 2752//
f 2751// 2753// 2754//
f 2753// 2755// 2756//
f 2359// 2757// 2357//
f 2357// 2757// 2758//
f 2357// 2758// 2355//
f 2355// 2758// 2756//
f 2355// 2756// 2353//
f 2353// 2756// 2755//
f 2353// 2755// 2346//
f 2359// 2361// 2757//
f 2757// 2361// 2363//
f 2757// 2363// 2759//
f 2759// 2363// 2365//
f 2759// 2365// 2760//
f 2760// 2365// 2367//
f 2760// 2367// 2761//
f 2761// 2367// 2369//
f 2761// 2369// 2762//
f 2762// 2369// 2371//
f 2371// 2373// 2762//
f 2762// 2373// 2375//
f 2762// 2375// 2616//
f 2753// 2756// 2754//
f 2754// 2756// 2758//
f 2754// 2758// 2763//
f 2763// 2758// 2757//
f 2763// 2757// 2764//
f 2764// 2757// 2759//
f 2764// 2759// 2765//
f 2765// 2759// 2760//
f 2765// 2760// 2766//
f 2766// 2760// 2761//
f 2766// 2761// 2767//
f 2767// 2761// 2762//
f 2767// 2762// 2768//
f 2768// 2762// 2616//
f 2768// 2616// 2617//
f 2751// 2754// 2752//
f 2752// 2754// 2763//
f 2752// 2763// 2769//
f 2769// 2763// 2764//
f 2769// 2764// 2770//
f 2770// 2764// 2765//
f 2770// 2765// 2771//
f 2771// 2765// 2766//
f 2771// 2766// 2772//
f 2772// 2766// 2767//
f 2772// 2767// 2773//
f 2773// 2767// 2768//
f 2773// 2768// 2774//
f 2774// 2768// 2617//
f 2774// 2617// 2618//
f 2749// 2752// 2750//
f 2750// 2752// 2769//
f 2750// 2769// 2775//
f 2775// 2769// 2770//
f 2775// 2770// 2776//
f 2776// 2770// 2771//
f 2776// 2771// 2777//
f 2777// 2771// 2772//
f 2777// 2772// 2778//
f 2778// 2772// 2773//
f 2778// 2773// 2779//
f 2779// 2773// 2774//
f 2779// 2774// 2780//
f 2780// 2774// 2618//
f 2780// 2618// 2619//
f 2747// 2750// 2748//
f 2748// 2750// 2775//
f 2748// 2775// 2781//
f 2781// 2775// 2776//
f 2781// 2776// 2782//
f 2782// 2776// 2777//
f 2782// 2777// 2783//
f 2783// 2777// 2778//
f 2783// 2778// 2784//
f 2784// 2778// 2779//
f 2784// 2779// 2785//
f 2785// 2779// 2780//
f 2785// 2780// 2786//
f 2786// 2780// 2619//
f 2786// 2619// 2620//
f 2347// 2748// 2382//
f 2382// 2748// 2781//
f 2382// 2781// 2383//
f 2383// 2781// 2782//
f 2383// 2782// 2386//
f 2386// 2782// 2783//
f 2386// 2783// 2392//
f 2392// 2783// 2784//
f 2392// 2784// 2390//
f 2390// 2784// 2785//
f 2390// 2785// 2391//
f 2391// 2785// 2786//
f 2391// 2786// 2380//
f 2380// 2786// 2620//
f 2380// 2620// 2377//
f 2324// 2787// 2352//
f 2352// 2787// 2628//
f 2628// 2787// 2630//
f 2630// 2787// 2788//
f 2630// 2788// 2631//
f 2631// 2788// 2789//
f 2631// 2789// 2633//
f 2633// 2789// 2790//
f 2633// 2790// 2634//
f 2634// 2790// 2791//
f 2634// 2791// 2636//
f 2636// 2791// 2792//
f 2636// 2792// 2637//
f 2637// 2792// 2793//
f 2637// 2793// 2703//
f 2703// 2793// 2794//
f 2703// 2794// 2704//
f 2704// 2794// 2795//
f 2704// 2795// 2705//
f 2705// 2795// 2796//
f 2705// 2796// 2706//
f 2796// 2797// 2706//
f 2706// 2797// 2299//
f 2706// 2299// 2349//
f 2714// 2220// 2218//
f 2218// 2798// 2714//
f 2714// 2798// 2799//
f 2714// 2799// 2800//
f 2800// 2801// 2714//
f 2714// 2801// 2802//
f 2714// 2802// 2803//
f 2804// 2722// 2805//
f 2805// 2722// 2714//
f 2805// 2714// 2806//
f 2806// 2714// 2803//
f 2804// 2807// 2722//
f 2722// 2807// 2808//
f 2722// 2808// 2730//
f 2808// 2809// 2730//
f 2730// 2809// 2810//
f 2730// 2810// 2738//
f 2810// 2811// 2738//
f 2738// 2811// 2812//
f 2738// 2812// 2746//
f 2216// 2214// 2813//
f 2813// 2214// 2746//
f 2813// 2746// 2814//
f 2814// 2746// 2812//
f 2347// 2280// 2815//
f 2347// 2815// 2747//
f 2747// 2815// 2816//
f 2747// 2816// 2749//
f 2749// 2816// 2817//
f 2749// 2817// 2751//
f 2751// 2817// 2818//
f 2751// 2818// 2753//
f 2753// 2818// 2819//
f 2753// 2819// 2755//
f 2755// 2819// 2273//
f 2755// 2273// 2346//
f 2224// 2820// 2821//
f 2820// 2822// 2823//
f 2824// 2825// 2826//
f 2315// 2827// 2317//
f 2317// 2827// 2828//
f 2317// 2828// 2319//
f 2319// 2828// 2829//
f 2319// 2829// 2321//
f 2321// 2829// 2830//
f 2321// 2830// 2219//
f 2315// 2313// 2827//
f 2827// 2313// 2311//
f 2827// 2311// 2831//
f 2831// 2311// 2309//
f 2831// 2309// 2832//
f 2832// 2309// 2307//
f 2832// 2307// 2833//
f 2833// 2307// 2305//
f 2833// 2305// 2834//
f 2834// 2305// 2303//
f 2834// 2303// 2301//
f 2301// 2299// 2797//
f 2301// 2797// 2834//
f 2834// 2797// 2796//
f 2834// 2796// 2795//
f 2795// 2835// 2834//
f 2834// 2835// 2836//
f 2834// 2836// 2833//
f 2833// 2836// 2837//
f 2833// 2837// 2832//
f 2832// 2837// 2838//
f 2832// 2838// 2831//
f 2831// 2838// 2839//
f 2831// 2839// 2827//
f 2827// 2839// 2840//
f 2827// 2840// 2828//
f 2828// 2840// 2826//
f 2828// 2826// 2829//
f 2829// 2826// 2825//
f 2829// 2825// 2830//
f 2824// 2826// 2841//
f 2841// 2826// 2840//
f 2841// 2840// 2842//
f 2842// 2840// 2839//
f 2842// 2839// 2843//
f 2843// 2839// 2838//
f 2843// 2838// 2844//
f 2844// 2838// 2837//
f 2844// 2837// 2845//
f 2845// 2837// 2836//
f 2845// 2836// 2846//
f 2846// 2836// 2835//
f 2846// 2835// 2847//
f 2795// 2794// 2835//
f 2835// 2794// 2793//
f 2835// 2793// 2847//
f 2847// 2793// 2792//
f 2847// 2792// 2791//
f 2791// 2848// 2847//
f 2847// 2848// 2849//
f 2847// 2849// 2846//
f 2846// 2849// 2850//
f 2846// 2850// 2845//
f 2845// 2850// 2851//
f 2845// 2851// 2844//
f 2844// 2851// 2852//
f 2844// 2852// 2843//
f 2843// 2852// 2853//
f 2843// 2853// 2842//
f 2842// 2853// 2823//
f 2842// 2823// 2841//
f 2841// 2823// 2822//
f 2841// 2822// 2824//
f 2820// 2823// 2821//
f 2821// 2823// 2853//
f 2821// 2853// 2854//
f 2854// 2853// 2852//
f 2854// 2852// 2855//
f 2855// 2852// 2851//
f 2855// 2851// 2856//
f 2856// 2851// 2850//
f 2856// 2850// 2857//
f 2857// 2850// 2849//
f 2857// 2849// 2858//
f 2858// 2849// 2848//
f 2858// 2848// 2859//
f 2791// 2790// 2848//
f 2848// 2790// 2789//
f 2848// 2789// 2859//
f 2859// 2789// 2788//
f 2859// 2788// 2787//
f 2224// 2821// 2327//
f 2327// 2821// 2854//
f 2327// 2854// 2328//
f 2328// 2854// 2855//
f 2328// 2855// 2331//
f 2331// 2855// 2856//
f 2331// 2856// 2334//
f 2334// 2856// 2857//
f 2334// 2857// 2339//
f 2339// 2857// 2858//
f 2339// 2858// 2337//
f 2337// 2858// 2859//
f 2337// 2859// 2325//
f 2325// 2859// 2787//
f 2325// 2787// 2324//
f 2814// 2812// 2860//
f 2811// 2810// 2861//
f 2805// 2806// 2862//
f 2862// 2801// 2863//
f 2863// 2801// 2800//
f 2863// 2800// 2864//
f 2864// 2800// 2799//
f 2864// 2799// 2865//
f 2865// 2799// 2798//
f 2865// 2798// 2866//
f 2866// 2798// 2218//
f 2806// 2803// 2862//
f 2862// 2803// 2802//
f 2862// 2802// 2801//
f 2809// 2808// 2867//
f 2867// 2808// 2807//
f 2811// 2861// 2812//
f 2868// 2813// 2814//
f 2216// 2813// 2869//
f 2869// 2813// 2868//
f 2869// 2868// 2870//
f 2870// 2868// 2871//
f 2870// 2871// 2872//
f 2872// 2871// 2873//
f 2873// 2871// 2874//
f 2873// 2874// 2875//
f 2875// 2874// 2876//
f 2876// 2874// 2877//
f 2876// 2877// 2878//
f 2878// 2877// 2879//
f 2879// 2877// 2880//
f 2879// 2880// 2881//
f 2881// 2880// 2882//
f 2882// 2880// 2883//
f 2882// 2883// 2884//
f 2884// 2883// 2885//
f 2884// 2885// 2487//
f 2804// 2805// 2886//
f 2886// 2805// 2862//
f 2886// 2862// 2887//
f 2887// 2862// 2863//
f 2887// 2863// 2888//
f 2888// 2863// 2864//
f 2888// 2864// 2889//
f 2889// 2864// 2865//
f 2889// 2865// 2890//
f 2890// 2865// 2866//
f 2890// 2866// 2891//
f 2218// 2892// 2866//
f 2866// 2892// 2893//
f 2866// 2893// 2891//
f 2891// 2893// 2894//
f 2891// 2894// 2895//
f 2895// 2896// 2891//
f 2891// 2896// 2897//
f 2891// 2897// 2890//
f 2890// 2897// 2898//
f 2890// 2898// 2889//
f 2889// 2898// 2899//
f 2889// 2899// 2888//
f 2888// 2899// 2900//
f 2888// 2900// 2887//
f 2887// 2900// 2867//
f 2887// 2867// 2886//
f 2886// 2867// 2807//
f 2886// 2807// 2804//
f 2895// 2901// 2896//
f 2896// 2901// 2902//
f 2896// 2902// 2903//
f 2903// 2904// 2896//
f 2896// 2904// 2905//
f 2896// 2905// 2897//
f 2897// 2905// 2906//
f 2897// 2906// 2898//
f 2898// 2906// 2907//
f 2898// 2907// 2899//
f 2899// 2907// 2908//
f 2899// 2908// 2900//
f 2900// 2908// 2861//
f 2900// 2861// 2867//
f 2867// 2861// 2810//
f 2867// 2810// 2809//
f 2812// 2861// 2860//
f 2860// 2861// 2908//
f 2860// 2908// 2909//
f 2909// 2908// 2907//
f 2909// 2907// 2910//
f 2910// 2907// 2906//
f 2910// 2906// 2911//
f 2911// 2906// 2905//
f 2911// 2905// 2912//
f 2912// 2905// 2904//
f 2912// 2904// 2913//
f 2903// 2914// 2904//
f 2904// 2914// 2915//
f 2904// 2915// 2913//
f 2913// 2915// 2916//
f 2913// 2916// 2917//
f 2814// 2860// 2868//
f 2868// 2860// 2909//
f 2868// 2909// 2871//
f 2871// 2909// 2910//
f 2871// 2910// 2874//
f 2874// 2910// 2911//
f 2874// 2911// 2877//
f 2877// 2911// 2912//
f 2877// 2912// 2880//
f 2880// 2912// 2913//
f 2880// 2913// 2883//
f 2883// 2913// 2917//
f 2883// 2917// 2885//
f 2227// 2229// 2918//
f 2237// 2239// 2919//
f 2241// 2243// 2920//
f 2251// 2253// 2921//
f 2255// 2257// 2922//
f 2265// 2267// 2923//
f 2269// 2271// 2924//
f 2289// 2288// 2925//
f 2925// 2288// 2926//
f 2925// 2926// 2927//
f 2927// 2926// 2928//
f 2927// 2928// 2929//
f 2929// 2928// 2930//
f 2929// 2930// 2931//
f 2931// 2930// 2932//
f 2931// 2932// 2933//
f 2933// 2932// 2922//
f 2291// 2297// 2934//
f 2934// 2297// 2935//
f 2934// 2935// 2936//
f 2936// 2935// 2937//
f 2936// 2937// 2938//
f 2938// 2937// 2939//
f 2938// 2939// 2940//
f 2940// 2939// 2941//
f 2940// 2941// 2942//
f 2942// 2941// 2920//
f 2278// 2277// 2943//
f 2943// 2277// 2944//
f 2943// 2944// 2945//
f 2945// 2944// 2946//
f 2945// 2946// 2947//
f 2947// 2946// 2948//
f 2947// 2948// 2949//
f 2949// 2948// 2950//
f 2949// 2950// 2951//
f 2951// 2950// 2918//
f 2280// 2282// 2815//
f 2815// 2282// 2952//
f 2815// 2952// 2816//
f 2816// 2952// 2953//
f 2816// 2953// 2817//
f 2817// 2953// 2954//
f 2817// 2954// 2818//
f 2818// 2954// 2955//
f 2818// 2955// 2819//
f 2819// 2955// 2924//
f 2819// 2924// 2273//
f 2273// 2924// 2271//
f 2282// 2286// 2952//
f 2952// 2286// 2956//
f 2952// 2956// 2953//
f 2953// 2956// 2957//
f 2953// 2957// 2954//
f 2954// 2957// 2958//
f 2954// 2958// 2955//
f 2955// 2958// 2959//
f 2955// 2959// 2924//
f 2924// 2959// 2923//
f 2924// 2923// 2269//
f 2269// 2923// 2267//
f 2263// 2265// 2960//
f 2960// 2265// 2923//
f 2960// 2923// 2961//
f 2961// 2923// 2959//
f 2961// 2959// 2962//
f 2962// 2959// 2958//
f 2962// 2958// 2963//
f 2963// 2958// 2957//
f 2963// 2957// 2964//
f 2964// 2957// 2956//
f 2964// 2956// 2285//
f 2285// 2956// 2286//
f 2285// 2289// 2964//
f 2964// 2289// 2925//
f 2964// 2925// 2963//
f 2963// 2925// 2927//
f 2963// 2927// 2962//
f 2962// 2927// 2929//
f 2962// 2929// 2961//
f 2961// 2929// 2931//
f 2961// 2931// 2960//
f 2960// 2931// 2933//
f 2960// 2933// 2263//
f 2263// 2933// 2261//
f 2922// 2257// 2933//
f 2933// 2257// 2259//
f 2933// 2259// 2261//
f 2288// 2294// 2926//
f 2926// 2294// 2965//
f 2926// 2965// 2928//
f 2928// 2965// 2966//
f 2928// 2966// 2930//
f 2930// 2966// 2967//
f 2930// 2967// 2932//
f 2932// 2967// 2968//
f 2932// 2968// 2922//
f 2922// 2968// 2921//
f 2922// 2921// 2255//
f 2255// 2921// 2253//
f 2249// 2251// 2969//
f 2969// 2251// 2921//
f 2969// 2921// 2970//
f 2970// 2921// 2968//
f 2970// 2968// 2971//
f 2971// 2968// 2967//
f 2971// 2967// 2972//
f 2972// 2967// 2966//
f 2972// 2966// 2973//
f 2973// 2966// 2965//
f 2973// 2965// 2293//
f 2293// 2965// 2294//
f 2293// 2291// 2973//
f 2973// 2291// 2934//
f 2973// 2934// 2972//
f 2972// 2934// 2936//
f 2972// 2936// 2971//
f 2971// 2936// 2938//
f 2971// 2938// 2970//
f 2970// 2938// 2940//
f 2970// 2940// 2969//
f 2969// 2940// 2942//
f 2969// 2942// 2249//
f 2249// 2942// 2247//
f 2920// 2243// 2942//
f 2942// 2243// 2245//
f 2942// 2245// 2247//
f 2239// 2241// 2919//
f 2919// 2241// 2920//
f 2919// 2920// 2974//
f 2974// 2920// 2941//
f 2974// 2941// 2975//
f 2975// 2941// 2939//
f 2975// 2939// 2976//
f 2976// 2939// 2937//
f 2976// 2937// 2977//
f 2977// 2937// 2935//
f 2977// 2935// 2296//
f 2296// 2935// 2297//
f 2235// 2237// 2978//
f 2978// 2237// 2919//
f 2978// 2919// 2979//
f 2979// 2919// 2974//
f 2979// 2974// 2980//
f 2980// 2974// 2975//
f 2980// 2975// 2981//
f 2981// 2975// 2976//
f 2981// 2976// 2982//
f 2982// 2976// 2977//
f 2982// 2977// 2295//
f 2295// 2977// 2296//
f 2295// 2278// 2982//
f 2982// 2278// 2943//
f 2982// 2943// 2981//
f 2981// 2943// 2945//
f 2981// 2945// 2980//
f 2980// 2945// 2947//
f 2980// 2947// 2979//
f 2979// 2947// 2949//
f 2979// 2949// 2978//
f 2978// 2949// 2951//
f 2978// 2951// 2235//
f 2235// 2951// 2233//
f 2918// 2229// 2951//
f 2951// 2229// 2231//
f 2951// 2231// 2233//
f 2225// 2227// 2983//
f 2983// 2227// 2918//
f 2983// 2918// 2984//
f 2984// 2918// 2950//
f 2984// 2950// 2985//
f 2985// 2950// 2948//
f 2985// 2948// 2986//
f 2986// 2948// 2946//
f 2986// 2946// 2987//
f 2987// 2946// 2944//
f 2987// 2944// 2275//
f 2275// 2944// 2277//
f 2275// 2213// 2987//
f 2987// 2213// 2988//
f 2987// 2988// 2986//
f 2986// 2988// 2989//
f 2986// 2989// 2985//
f 2985// 2989// 2990//
f 2985// 2990// 2984//
f 2984// 2990// 2991//
f 2984// 2991// 2983//
f 2983// 2991// 2992//
f 2983// 2992// 2225//
f 2225// 2992// 2210//
f 2222// 2993// 2224//
f 2224// 2993// 2820//
f 2993// 2994// 2820//
f 2820// 2994// 2995//
f 2820// 2995// 2822//
f 2995// 2996// 2822//
f 2822// 2996// 2997//
f 2822// 2997// 2824//
f 2997// 2998// 2824//
f 2824// 2998// 2999//
f 2824// 2999// 2825//
f 3000// 3001// 2830//
f 2999// 3002// 2825//
f 2825// 3002// 3003//
f 2825// 3003// 2830//
f 2830// 3003// 3004//
f 2830// 3004// 3000//
f 3001// 3005// 2830//
f 2830// 3005// 3006//
f 2830// 3006// 2219//
f 2219// 3006// 3007//
f 2219// 3007// 2217//
f 2218// 2217// 2892//
f 2892// 2217// 3008//
f 2892// 3008// 2893//
f 2893// 3008// 3009//
f 2893// 3009// 2894//
f 2894// 3009// 3010//
f 2894// 3010// 2895//
f 2895// 3010// 3011//
f 2895// 3011// 2901//
f 2901// 3011// 3012//
f 2901// 3012// 2902//
f 2902// 3012// 3013//
f 2902// 3013// 3014//
f 2485// 2487// 3015//
f 3015// 2487// 2885//
f 3015// 2885// 3016//
f 3016// 2885// 2917//
f 3016// 2917// 3017//
f 3017// 2917// 2916//
f 3017// 2916// 3018//
f 3018// 2916// 2915//
f 3018// 2915// 3019//
f 3019// 2915// 2914//
f 3019// 2914// 3014//
f 3014// 2914// 2903//
f 3014// 2903// 2902//
f 2216// 2869// 2215//
f 2215// 2869// 3020//
f 2869// 2870// 3020//
f 3020// 2870// 2872//
f 3020// 2872// 3021//
f 3021// 2872// 2873//
f 3021// 2873// 3022//
f 3022// 2873// 2875//
f 3022// 2875// 3023//
f 2875// 2876// 3023//
f 3023// 2876// 2878//
f 3023// 2878// 3024//
f 3024// 2878// 2879//
f 3024// 2879// 3025//
f 3025// 2879// 3026//
f 2879// 2881// 3026//
f 3026// 2881// 2882//
f 3026// 2882// 2488//
f 2488// 2882// 2884//
f 2488// 2884// 2487//
f 2215// 3027// 2213//
f 2213// 3027// 2988//
f 3027// 3028// 2988//
f 2988// 3028// 3029//
f 2988// 3029// 2989//
f 3029// 3030// 2989//
f 2989// 3030// 3031//
f 2989// 3031// 2990//
f 3031// 3032// 2990//
f 2990// 3032// 3033//
f 2990// 3033// 2991//
f 3033// 3034// 2991//
f 2991// 3034// 3035//
f 2991// 3035// 2992//
f 2992// 3035// 3036//
f 2992// 3036// 2210//
f 2210// 3036// 3037//
f 3037// 3038// 2210//
f 2210// 3038// 3039//
f 2210// 3039// 3040//
f 3040// 3041// 2210//
f 2210// 3041// 3042//
f 2210// 3042// 2212//
f 3043// 3044// 3045//
f 3046// 3047// 3048//
f 3049// 3050// 2485//
f 2222// 3051// 2993//
f 2993// 3051// 3052//
f 2993// 3052// 2994//
f 2994// 3052// 3053//
f 2994// 3053// 2995//
f 2995// 3053// 2996//
f 2996// 3053// 3054//
f 2996// 3054// 2997//
f 2997// 3054// 2998//
f 2998// 3054// 3055//
f 2998// 3055// 2999//
f 2999// 3055// 3056//
f 2999// 3056// 3002//
f 3002// 3056// 3057//
f 3002// 3057// 3003//
f 3003// 3057// 3058//
f 3003// 3058// 3004//
f 3059// 3060// 3061//
f 3008// 3062// 3009//
f 3009// 3062// 3063//
f 3009// 3063// 3010//
f 3010// 3063// 3011//
f 3011// 3063// 3064//
f 3011// 3064// 3012//
f 3065// 3014// 3064//
f 3064// 3014// 3013//
f 3064// 3013// 3012//
f 3066// 3018// 3065//
f 3065// 3018// 3019//
f 3065// 3019// 3014//
f 2485// 3015// 3049//
f 3049// 3015// 3016//
f 3049// 3016// 3066//
f 3066// 3016// 3017//
f 3066// 3017// 3018//
f 3062// 3067// 3063//
f 3063// 3067// 3068//
f 3063// 3068// 3064//
f 3064// 3068// 3069//
f 3064// 3069// 3065//
f 3065// 3069// 3070//
f 3065// 3070// 3066//
f 3066// 3070// 3071//
f 3066// 3071// 3049//
f 3049// 3071// 3048//
f 3049// 3048// 3050//
f 3050// 3048// 3047//
f 3067// 3072// 3068//
f 3068// 3072// 3073//
f 3068// 3073// 3069//
f 3069// 3073// 3074//
f 3069// 3074// 3070//
f 3070// 3074// 3075//
f 3070// 3075// 3071//
f 3071// 3075// 3076//
f 3071// 3076// 3048//
f 3048// 3076// 3077//
f 3048// 3077// 3046//
f 3046// 3077// 3078//
f 3072// 3059// 3073//
f 3073// 3059// 3079//
f 3073// 3079// 3074//
f 3074// 3079// 3080//
f 3074// 3080// 3075//
f 3075// 3080// 3081//
f 3075// 3081// 3076//
f 3076// 3081// 3082//
f 3076// 3082// 3077//
f 3077// 3082// 3045//
f 3077// 3045// 3078//
f 3078// 3045// 3044//
f 3051// 3043// 3052//
f 3052// 3043// 3045//
f 3052// 3045// 3053//
f 3053// 3045// 3082//
f 3053// 3082// 3054//
f 3054// 3082// 3081//
f 3054// 3081// 3055//
f 3055// 3081// 3080//
f 3055// 3080// 3056//
f 3056// 3080// 3079//
f 3056// 3079// 3057//
f 3057// 3079// 3059//
f 3057// 3059// 3058//
f 3058// 3059// 3061//
f 3058// 3061// 3004//
f 3004// 3061// 3060//
f 3004// 3060// 3000//
f 3000// 3060// 3059//
f 3000// 3059// 3001//
f 3001// 3059// 3072//
f 3001// 3072// 3005//
f 3005// 3072// 3067//
f 3005// 3067// 3006//
f 3006// 3067// 3062//
f 3006// 3062// 3007//
f 3007// 3062// 3008//
f 3007// 3008// 2217//
f 3083// 3084// 3085//
f 3086// 3087// 3084//
f 3041// 3084// 3042//
f 3084// 3041// 3040//
f 2212// 3042// 3084//
f 3039// 3038// 3084//
f 2215// 3088// 3027//
f 3021// 3022// 3089//
f 3024// 3025// 3090//
f 3091// 3026// 2488//
f 3027// 3088// 3028//
f 3028// 3088// 3092//
f 3028// 3092// 3029//
f 3029// 3092// 3030//
f 3030// 3092// 3093//
f 3030// 3093// 3031//
f 3031// 3093// 3032//
f 3032// 3093// 3094//
f 3032// 3094// 3033//
f 3033// 3094// 3034//
f 3034// 3094// 3095//
f 3034// 3095// 3035//
f 3035// 3095// 3036//
f 3036// 3095// 3087//
f 3036// 3087// 3037//
f 3037// 3087// 3086//
f 3037// 3086// 3038//
f 3038// 3086// 3084//
f 3040// 3039// 3084//
f 2488// 3096// 3091//
f 3091// 3096// 3097//
f 3091// 3097// 3098//
f 3097// 3099// 3098//
f 3098// 3099// 3100//
f 3098// 3100// 3101//
f 3100// 3102// 3101//
f 3101// 3102// 3103//
f 3101// 3103// 3104//
f 3103// 3105// 3104//
f 3104// 3105// 3106//
f 3104// 3106// 3107//
f 3020// 3021// 3108//
f 3108// 3021// 3089//
f 3108// 3089// 3109//
f 3109// 3089// 3110//
f 3109// 3110// 3111//
f 3111// 3110// 3112//
f 3111// 3112// 3113//
f 3113// 3112// 3114//
f 3113// 3114// 3115//
f 3115// 3114// 3116//
f 3115// 3116// 3117//
f 3117// 3116// 3118//
f 3117// 3118// 3084//
f 3022// 3023// 3089//
f 3089// 3023// 3119//
f 3089// 3119// 3110//
f 3110// 3119// 3120//
f 3110// 3120// 3112//
f 3112// 3120// 3121//
f 3112// 3121// 3114//
f 3114// 3121// 3122//
f 3114// 3122// 3116//
f 3116// 3122// 3123//
f 3116// 3123// 3118//
f 3118// 3123// 3124//
f 3118// 3124// 3084//
f 2215// 3020// 3088//
f 3088// 3020// 3108//
f 3088// 3108// 3092//
f 3092// 3108// 3109//
f 3092// 3109// 3093//
f 3093// 3109// 3111//
f 3093// 3111// 3094//
f 3094// 3111// 3113//
f 3094// 3113// 3095//
f 3095// 3113// 3115//
f 3095// 3115// 3087//
f 3087// 3115// 3117//
f 3087// 3117// 3084//
f 3025// 3026// 3090//
f 3090// 3026// 3091//
f 3090// 3091// 3125//
f 3125// 3091// 3098//
f 3125// 3098// 3126//
f 3126// 3098// 3101//
f 3126// 3101// 3127//
f 3127// 3101// 3104//
f 3127// 3104// 3128//
f 3128// 3104// 3107//
f 3128// 3107// 3129//
f 3129// 3107// 3085//
f 3129// 3085// 3084//
f 3106// 3130// 3107//
f 3107// 3130// 3131//
f 3107// 3131// 3085//
f 3085// 3131// 3132//
f 3085// 3132// 3083//
f 3023// 3024// 3119//
f 3119// 3024// 3090//
f 3119// 3090// 3120//
f 3120// 3090// 3125//
f 3120// 3125// 3121//
f 3121// 3125// 3126//
f 3121// 3126// 3122//
f 3122// 3126// 3127//
f 3122// 3127// 3123//
f 3123// 3127// 3128//
f 3123// 3128// 3124//
f 3124// 3128// 3129//
f 3124// 3129// 3084//
f 2222// 2221// 3133//
f 2222// 3133// 3051//
f 3051// 3133// 3134//
f 3051// 3134// 3043//
f 3043// 3134// 3044//
f 3044// 3134// 3135//
f 3044// 3135// 3078//
f 3135// 3136// 3078//
f 3078// 3136// 3137//
f 3078// 3137// 3046//
f 3046// 3137// 3047//
f 3047// 3137// 3138//
f 3047// 3138// 3050//
f 3138// 3139// 3050//
f 3050// 3139// 2486//
f 3050// 2486// 2485//
f 2211// 2212// 3140//
f 3140// 2212// 3084//
f 3140// 3084// 3141//
f 3141// 3084// 3083//
f 3141// 3083// 3142//
f 3142// 3083// 3132//
f 3142// 3132// 3143//
f 3143// 3132// 3131//
f 3143// 3131// 3144//
f 3144// 3131// 3130//
f 3144// 3130// 3145//
f 3145// 3130// 3106//
f 3145// 3106// 3146//
f 3146// 3106// 3105//
f 3146// 3105// 3147//
f 3147// 3105// 3103//
f 3147// 3103// 3148//
f 3148// 3103// 3102//
f 3148// 3102// 3149//
f 3149// 3102// 3100//
f 3149// 3100// 3150//
f 3150// 3100// 3099//
f 3150// 3099// 3151//
f 3151// 3099// 3097//
f 3151// 3097// 3152//
f 3152// 3097// 3096//
f 3152// 3096// 2486//
f 2486// 3096// 2488//
f 3153// 3154// 3140//
f 3153// 3140// 3155//
f 3156// 3155// 3140//
f 3143// 3144// 3157//
f 3145// 3146// 3158//
f 3147// 3148// 3159//
f 3160// 3161// 2221//
f 3162// 3163// 3164//
f 3165// 3166// 3167//
f 3168// 3169// 3140//
f 3170// 3140// 3171//
f 3140// 3170// 2211//
f 3169// 3171// 3140//
f 3172// 3168// 3140//
f 3173// 3154// 3174//
f 3174// 3154// 3175//
f 3176// 3177// 3178//
f 3178// 3177// 3179//
f 3180// 3133// 2221//
f 3181// 3136// 3135//
f 3182// 3138// 3137//
f 3139// 3138// 3183//
f 3183// 3138// 3182//
f 3183// 3182// 3184//
f 2486// 3139// 3152//
f 3152// 3139// 3183//
f 3152// 3183// 3151//
f 3151// 3183// 3184//
f 3151// 3184// 3150//
f 3150// 3184// 3149//
f 3148// 3149// 3159//
f 3159// 3149// 3184//
f 3159// 3184// 3185//
f 3185// 3184// 3182//
f 3185// 3182// 3181//
f 3181// 3182// 3137//
f 3181// 3137// 3136//
f 3146// 3147// 3158//
f 3158// 3147// 3159//
f 3158// 3159// 3186//
f 3186// 3159// 3185//
f 3186// 3185// 3187//
f 3187// 3185// 3181//
f 3187// 3181// 3188//
f 3188// 3181// 3135//
f 3188// 3135// 3134//
f 3189// 3178// 3190//
f 3190// 3178// 3179//
f 3190// 3179// 3191//
f 3144// 3145// 3157//
f 3157// 3145// 3158//
f 3157// 3158// 3192//
f 3192// 3158// 3186//
f 3192// 3186// 3193//
f 3193// 3186// 3187//
f 3193// 3187// 3194//
f 3194// 3187// 3188//
f 3194// 3188// 3180//
f 3180// 3188// 3134//
f 3180// 3134// 3133//
f 3195// 3189// 3196//
f 3196// 3189// 3190//
f 3196// 3190// 3167//
f 3167// 3190// 3191//
f 3167// 3191// 3165//
f 2221// 3161// 3180//
f 3180// 3161// 3197//
f 3180// 3197// 3194//
f 3194// 3197// 3198//
f 3194// 3198// 3193//
f 3193// 3198// 3199//
f 3193// 3199// 3192//
f 3192// 3199// 3200//
f 3192// 3200// 3157//
f 3157// 3200// 3201//
f 3157// 3201// 3143//
f 3156// 3195// 3155//
f 3155// 3195// 3196//
f 3155// 3196// 3153//
f 3153// 3196// 3167//
f 3153// 3167// 3154//
f 3154// 3167// 3166//
f 3154// 3166// 3175//
f 3173// 3140// 3154//
f 3174// 3172// 3173//
f 3173// 3172// 3140//
f 3140// 3141// 3201//
f 3201// 3141// 3142//
f 3201// 3142// 3143//
f 3160// 3162// 3161//
f 3161// 3162// 3164//
f 3161// 3164// 3197//
f 3197// 3164// 3202//
f 3197// 3202// 3198//
f 3198// 3202// 3203//
f 3198// 3203// 3199//
f 3199// 3203// 3204//
f 3199// 3204// 3200//
f 3200// 3204// 3205//
f 3200// 3205// 3201//
f 3201// 3205// 3140//
f 3163// 3176// 3164//
f 3164// 3176// 3178//
f 3164// 3178// 3202//
f 3202// 3178// 3189//
f 3202// 3189// 3203//
f 3203// 3189// 3195//
f 3203// 3195// 3204//
f 3204// 3195// 3156//
f 3204// 3156// 3205//
f 3205// 3156// 3140//
f 3172// 3174// 3206//
f 3172// 3206// 3168//
f 2211// 3170// 2209//
f 2209// 3170// 3171//
f 2209// 3171// 3206//
f 3206// 3171// 3169//
f 3206// 3169// 3168//
f 3174// 3175// 3206//
f 3206// 3175// 3166//
f 3206// 3166// 3207//
f 3166// 3165// 3207//
f 3207// 3165// 3191//
f 3207// 3191// 3208//
f 3191// 3179// 3208//
f 3208// 3179// 3177//
f 3208// 3177// 3209//
f 3177// 3176// 3209//
f 3209// 3176// 3163//
f 3209// 3163// 3210//
f 2221// 2223// 3160//
f 3160// 2223// 3210//
f 3160// 3210// 3162//
f 3162// 3210// 3163//
f 2270// 2268// 3211//
f 2260// 2258// 3212//
f 2256// 2254// 3213//
f 2246// 2244// 3214//
f 2242// 2240// 3215//
f 2232// 2230// 3216//
f 2228// 2226// 3217//
f 2333// 2332// 3218//
f 3218// 2332// 3219//
f 3218// 3219// 3220//
f 3220// 3219// 3221//
f 3220// 3221// 3222//
f 3222// 3221// 3223//
f 3222// 3223// 3224//
f 3224// 3223// 3225//
f 3224// 3225// 3226//
f 3226// 3225// 3215//
f 2341// 2340// 3227//
f 3227// 2340// 3228//
f 3227// 3228// 3229//
f 3229// 3228// 3230//
f 3229// 3230// 3231//
f 3231// 3230// 3232//
f 3231// 3232// 3233//
f 3233// 3232// 3234//
f 3233// 3234// 3235//
f 3235// 3234// 3213//
f 2343// 2342// 3236//
f 3236// 2342// 3237//
f 3236// 3237// 3238//
f 3238// 3237// 3239//
f 3238// 3239// 3240//
f 3240// 3239// 3241//
f 3240// 3241// 3242//
f 3242// 3241// 3243//
f 3242// 3243// 3244//
f 3244// 3243// 3211//
f 2223// 2326// 3210//
f 3210// 2326// 3245//
f 3210// 3245// 3209//
f 3209// 3245// 3246//
f 3209// 3246// 3208//
f 3208// 3246// 3247//
f 3208// 3247// 3207//
f 3207// 3247// 3248//
f 3207// 3248// 3206//
f 3206// 3248// 3217//
f 3206// 3217// 2209//
f 2209// 3217// 2226//
f 2326// 2330// 3245//
f 3245// 2330// 3249//
f 3245// 3249// 3246//
f 3246// 3249// 3250//
f 3246// 3250// 3247//
f 3247// 3250// 3251//
f 3247// 3251// 3248//
f 3248// 3251// 3252//
f 3248// 3252// 3217//
f 3217// 3252// 3216//
f 3217// 3216// 2228//
f 2228// 3216// 2230//
f 2234// 2232// 3253//
f 3253// 2232// 3216//
f 3253// 3216// 3254//
f 3254// 3216// 3252//
f 3254// 3252// 3255//
f 3255// 3252// 3251//
f 3255// 3251// 3256//
f 3256// 3251// 3250//
f 3256// 3250// 3257//
f 3257// 3250// 3249//
f 3257// 3249// 2329//
f 2329// 3249// 2330//
f 2329// 2333// 3257//
f 3257// 2333// 3218//
f 3257// 3218// 3256//
f 3256// 3218// 3220//
f 3256// 3220// 3255//
f 3255// 3220// 3222//
f 3255// 3222// 3254//
f 3254// 3222// 3224//
f 3254// 3224// 3253//
f 3253// 3224// 3226//
f 3253// 3226// 2234//
f 2234// 3226// 2236//
f 3215// 2240// 3226//
f 3226// 2240// 2238//
f 3226// 2238// 2236//
f 2332// 2336// 3219//
f 3219// 2336// 3258//
f 3219// 3258// 3221//
f 3221// 3258// 3259//
f 3221// 3259// 3223//
f 3223// 3259// 3260//
f 3223// 3260// 3225//
f 3225// 3260// 3261//
f 3225// 3261// 3215//
f 3215// 3261// 3214//
f 3215// 3214// 2242//
f 2242// 3214// 2244//
f 2248// 2246// 3262//
f 3262// 2246// 3214//
f 3262// 3214// 3263//
f 3263// 3214// 3261//
f 3263// 3261// 3264//
f 3264// 3261// 3260//
f 3264// 3260// 3265//
f 3265// 3260// 3259//
f 3265// 3259// 3266//
f 3266// 3259// 3258//
f 3266// 3258// 2335//
f 2335// 3258// 2336//
f 2335// 2341// 3266//
f 3266// 2341// 3227//
f 3266// 3227// 3265//
f 3265// 3227// 3229//
f 3265// 3229// 3264//
f 3264// 3229// 3231//
f 3264// 3231// 3263//
f 3263// 3231// 3233//
f 3263// 3233// 3262//
f 3262// 3233// 3235//
f 3262// 3235// 2248//
f 2248// 3235// 2250//
f 3213// 2254// 3235//
f 3235// 2254// 2252//
f 3235// 2252// 2250//
f 2258// 2256// 3212//
f 3212// 2256// 3213//
f 3212// 3213// 3267//
f 3267// 3213// 3234//
f 3267// 3234// 3268//
f 3268// 3234// 3232//
f 3268// 3232// 3269//
f 3269// 3232// 3230//
f 3269// 3230// 3270//
f 3270// 3230// 3228//
f 3270// 3228// 2338//
f 2338// 3228// 2340//
f 2262// 2260// 3271//
f 3271// 2260// 3212//
f 3271// 3212// 3272//
f 3272// 3212// 3267//
f 3272// 3267// 3273//
f 3273// 3267// 3268//
f 3273// 3268// 3274//
f 3274// 3268// 3269//
f 3274// 3269// 3275//
f 3275// 3269// 3270//
f 3275// 3270// 2344//
f 2344// 3270// 2338//
f 2344// 2343// 3275//
f 3275// 2343// 3236//
f 3275// 3236// 3274//
f 3274// 3236// 3238//
f 3274// 3238// 3273//
f 3273// 3238// 3240//
f 3273// 3240// 3272//
f 3272// 3240// 3242//
f 3272// 3242// 3271//
f 3271// 3242// 3244//
f 3271// 3244// 2262//
f 2262// 3244// 2264//
f 3211// 2268// 3244//
f 3244// 2268// 2266//
f 3244// 2266// 2264//
f 2272// 2270// 3276//
f 3276// 2270// 3211//
f 3276// 3211// 3277//
f 3277// 3211// 3243//
f 3277// 3243// 3278//
f 3278// 3243// 3241//
f 3278// 3241// 3279//
f 3279// 3241// 3239//
f 3279// 3239// 3280//
f 3280// 3239// 3237//
f 3280// 3237// 2323//
f 2323// 3237// 2342//
f 2323// 2322// 3280//
f 3280// 2322// 3281//
f 3280// 3281// 3279//
f 3279// 3281// 3282//
f 3279// 3282// 3278//
f 3278// 3282// 3283//
f 3278// 3283// 3277//
f 3277// 3283// 3284//
f 3277// 3284// 3276//
f 3276// 3284// 3285//
f 3276// 3285// 2272//
f 2272// 3285// 2274//
f 2345// 2274// 3285//
f 2345// 3285// 3286//
f 3286// 3285// 3284//
f 3286// 3284// 3287//
f 3287// 3284// 3283//
f 3287// 3283// 3288//
f 3288// 3283// 3282//
f 3288// 3282// 3289//
f 3289// 3282// 3281//
f 3289// 3281// 3290//
f 3290// 3281// 2322//
f 3290// 2322// 2351//
f 2454// 3291// 3292//
f 3291// 3293// 3294//
f 3293// 3295// 3296//
f 3295// 3297// 3298//
f 3297// 3299// 3300//
f 2368// 3301// 2370//
f 2370// 3301// 3302//
f 2370// 3302// 2372//
f 2372// 3302// 3300//
f 2372// 3300// 2374//
f 2374// 3300// 3299//
f 2374// 3299// 2376//
f 2368// 2366// 3301//
f 3301// 2366// 2364//
f 3301// 2364// 3303//
f 3303// 2364// 2362//
f 3303// 2362// 3304//
f 3304// 2362// 2360//
f 3304// 2360// 3305//
f 3305// 2360// 2358//
f 3305// 2358// 3306//
f 3306// 2358// 2356//
f 2356// 2354// 3306//
f 3306// 2354// 2345//
f 3306// 2345// 3286//
f 3297// 3300// 3298//
f 3298// 3300// 3302//
f 3298// 3302// 3307//
f 3307// 3302// 3301//
f 3307// 3301// 3308//
f 3308// 3301// 3303//
f 3308// 3303// 3309//
f 3309// 3303// 3304//
f 3309// 3304// 3310//
f 3310// 3304// 3305//
f 3310// 3305// 3311//
f 3311// 3305// 3306//
f 3311// 3306// 3312//
f 3312// 3306// 3286//
f 3312// 3286// 3287//
f 3295// 3298// 3296//
f 3296// 3298// 3307//
f 3296// 3307// 3313//
f 3313// 3307// 3308//
f 3313// 3308// 3314//
f 3314// 3308// 3309//
f 3314// 3309// 3315//
f 3315// 3309// 3310//
f 3315// 3310// 3316//
f 3316// 3310// 3311//
f 3316// 3311// 3317//
f 3317// 3311// 3312//
f 3317// 3312// 3318//
f 3318// 3312// 3287//
f 3318// 3287// 3288//
f 3293// 3296// 3294//
f 3294// 3296// 3313//
f 3294// 3313// 3319//
f 3319// 3313// 3314//
f 3319// 3314// 3320//
f 3320// 3314// 3315//
f 3320// 3315// 3321//
f 3321// 3315// 3316//
f 3321// 3316// 3322//
f 3322// 3316// 3317//
f 3322// 3317// 3323//
f 3323// 3317// 3318//
f 3323// 3318// 3324//
f 3324// 3318// 3288//
f 3324// 3288// 3289//
f 3291// 3294// 3292//
f 3292// 3294// 3319//
f 3292// 3319// 3325//
f 3325// 3319// 3320//
f 3325// 3320// 3326//
f 3326// 3320// 3321//
f 3326// 3321// 3327//
f 3327// 3321// 3322//
f 3327// 3322// 3328//
f 3328// 3322// 3323//
f 3328// 3323// 3329//
f 3329// 3323// 3324//
f 3329// 3324// 3330//
f 3330// 3324// 3289//
f 3330// 3289// 3290//
f 2454// 3292// 2456//
f 2456// 3292// 3325//
f 2456// 3325// 2459//
f 2459// 3325// 3326//
f 2459// 3326// 2462//
f 2462// 3326// 3327//
f 2462// 3327// 2465//
f 2465// 3327// 3328//
f 2465// 3328// 2468//
f 2468// 3328// 3329//
f 2468// 3329// 2471//
f 2471// 3329// 3330//
f 2471// 3330// 2474//
f 2474// 3330// 3290//
f 2474// 3290// 2351//
f 2454// 2477// 2508//
f 2454// 2508// 3291//
f 3291// 2508// 2507//
f 3291// 2507// 3293//
f 3293// 2507// 2506//
f 3293// 2506// 3295//
f 3295// 2506// 2495//
f 3295// 2495// 3297//
f 3297// 2495// 2494//
f 3297// 2494// 3299//
f 3299// 2494// 2479//
f 3299// 2479// 2376//
usemtl 2
f 3331// 3332// 3333//
f 3333// 3332// 3334//
f 3335// 3331// 3336//
f 3336// 3331// 3333//
f 3337// 3335// 3338//
f 3338// 3335// 3336//
f 3339// 3337// 3340//
f 3340// 3337// 3338//
f 3341// 3339// 3342//
f 3342// 3339// 3340//
f 3332// 3341// 3334//
f 3334// 3341// 3342//
f 3337// 3339// 3335//
f 3335// 3339// 3341//
f 3335// 3341// 3331//
f 3331// 3341// 3332//
f 3333// 3334// 3336//
f 3336// 3334// 3342//
f 3336// 3342// 3338//
f 3338// 3342// 3340//
f 3343// 3344// 3345//
f 3343// 3345// 3346//
f 3346// 3345// 3347//
f 3346// 3347// 3348//
f 3348// 3347// 3349//
f 3348// 3349// 3350//
f 3350// 3349// 3351//
f 3350// 3351// 3352//
f 3352// 3351// 3353//
f 3352// 3353// 3354//
f 3354// 3353// 3355//
f 3354// 3355// 3356//
f 3357// 3356// 3358//
f 3358// 3356// 3355//
f 3357// 3358// 3359//
f 3357// 3359// 3360//
f 3360// 3359// 3361//
f 3360// 3361// 3362//
f 3362// 3361// 3363//
f 3362// 3363// 3364//
f 3364// 3363// 3365//
f 3364// 3365// 3366//
f 3366// 3365// 3367//
f 3366// 3367// 3368//
f 3368// 3367// 3369//
f 3368// 3369// 3370//
f 3370// 3369// 3371//
f 3370// 3371// 3372//
f 3372// 3371// 3373//
f 3372// 3373// 3374//
f 3374// 3373// 3375//
f 3374// 3375// 3376//
f 3376// 3375// 3377//
f 3376// 3377// 3378//
f 3378// 3377// 3379//
f 3378// 3379// 3380//
f 3380// 3379// 3381//
f 3380// 3381// 3382//
f 3382// 3381// 3383//
f 3382// 3383// 3384//
f 3384// 3383// 3385//
f 3384// 3385// 3386//
f 3386// 3385// 3387//
f 3386// 3387// 3388//
f 3388// 3387// 3389//
f 3388// 3389// 3390//
f 3390// 3389// 3391//
f 3390// 3391// 3392//
f 3392// 3391// 3393//
f 3392// 3393// 3394//
f 3394// 3393// 3395//
f 3394// 3395// 3396//
f 3396// 3395// 3397//
f 3396// 3397// 3398//
f 3398// 3397// 3399//
f 3398// 3399// 3400//
f 3400// 3399// 3401//
f 3400// 3401// 3402//
f 3402// 3401// 3403//
f 3402// 3403// 3404//
f 3404// 3403// 3405//
f 3404// 3405// 3406//
f 3406// 3405// 3407//
f 3406// 3407// 3408//
f 3408// 3407// 3409//
f 3408// 3409// 3410//
f 3410// 3409// 3411//
f 3410// 3411// 3412//
f 3412// 3411// 3413//
f 3412// 3413// 3414//
f 3414// 3413// 3415//
f 3414// 3415// 3416//
f 3416// 3415// 3417//
f 3416// 3417// 3418//
f 3418// 3417// 3419//
f 3418// 3419// 3420//
f 3420// 3419// 3421//
f 3420// 3421// 3422//
f 3422// 3421// 3423//
f 3422// 3423// 3424//
f 3424// 3423// 3425//
f 3424// 3425// 3426//
f 3426// 3425// 3427//
f 3426// 3427// 3428//
f 3428// 3427// 3429//
f 3428// 3429// 3430//
f 3430// 3429// 3431//
f 3430// 3431// 3432//
f 3432// 3431// 3433//
f 3432// 3433// 3434//
f 3434// 3433// 3435//
f 3434// 3435// 3436//
f 3436// 3435// 3437//
f 3436// 3437// 3438//
f 3438// 3437// 3439//
f 3438// 3439// 3440//
f 3440// 3439// 3441//
f 3440// 3441// 3442//
f 3442// 3441// 3443//
f 3442// 3443// 3444//
f 3444// 3443// 3445//
f 3444// 3445// 3446//
f 3447// 3446// 3448//
f 3448// 3446// 3445//
f 3447// 3448// 3449//
f 3447// 3449// 3450//
f 3450// 3449// 3451//
f 3450// 3451// 3452//
f 3452// 3451// 3453//
f 3452// 3453// 3454//
f 3454// 3453// 3455//
f 3454// 3455// 3456//
f 3456// 3455// 3457//
f 3456// 3457// 3458//
f 3458// 3457// 3459//
f 3458// 3459// 3460//
f 3460// 3459// 3461//
f 3460// 3461// 3462//
f 3462// 3461// 3463//
f 3462// 3463// 3464//
f 3464// 3463// 3465//
f 3464// 3465// 3466//
f 3466// 3465// 3467//
f 3466// 3467// 3468//
f 3468// 3467// 3469//
f 3468// 3469// 3470//
f 3470// 3469// 3471//
f 3470// 3471// 3472//
f 3472// 3471// 3473//
f 3472// 3473// 3474//
f 3474// 3473// 3475//
f 3474// 3475// 3476//
f 3476// 3475// 3477//
f 3476// 3477// 3478//
f 3478// 3477// 3479//
f 3478// 3479// 3480//
f 3480// 3479// 3481//
f 3480// 3481// 3482//
f 3482// 3481// 3483//
f 3482// 3483// 3484//
f 3484// 3483// 3485//
f 3484// 3485// 3486//
f 3486// 3485// 3487//
f 3486// 3487// 3488//
f 3488// 3487// 3489//
f 3488// 3489// 3490//
f 3490// 3489// 3491//
f 3490// 3491// 3492//
f 3492// 3491// 3493//
f 3492// 3493// 3494//
f 3494// 3493// 3495//
f 3494// 3495// 3496//
f 3496// 3495// 3497//
f 3496// 3497// 3498//
f 3498// 3497// 3499//
f 3498// 3499// 3500//
f 3500// 3499// 3501//
f 3500// 3501// 3502//
f 3502// 3501// 3503//
f 3502// 3503// 3504//
f 3504// 3503// 3505//
f 3504// 3505// 3506//
f 3506// 3505// 3507//
f 3506// 3507// 3508//
f 3508// 3507// 3509//
f 3508// 3509// 3510//
f 3510// 3509// 3511//
f 3510// 3511// 3512//
f 3512// 3511// 3513//
f 3512// 3513// 3514//
f 3514// 3513// 3515//
f 3514// 3515// 3516//
f 3516// 3515// 3517//
f 3516// 3517// 3518//
f 3518// 3517// 3519//
f 3518// 3519// 3520//
f 3520// 3519// 3521//
f 3520// 3521// 3522//
f 3522// 3521// 3523//
f 3522// 3523// 3524//
f 3524// 3523// 3525//
f 3524// 3525// 3526//
f 3526// 3525// 3527//
f 3526// 3527// 3528//
f 3528// 3527// 3344//
f 3528// 3344// 3343//
f 3444// 3446// 3447//
f 3388// 3508// 3510//
f 3362// 3354// 3360//
f 3360// 3354// 3356//
f 3360// 3356// 3357//
f 3388// 3510// 3386//
f 3386// 3510// 3512//
f 3386// 3512// 3384//
f 3384// 3512// 3514//
f 3384// 3514// 3382//
f 3382// 3514// 3516//
f 3382// 3516// 3380//
f 3380// 3516// 3518//
f 3380// 3518// 3378//
f 3518// 3520// 3378//
f 3378// 3520// 3522//
f 3378// 3522// 3376//
f 3376// 3522// 3524//
f 3376// 3524// 3374//
f 3374// 3524// 3526//
f 3374// 3526// 3372//
f 3372// 3526// 3528//
f 3372// 3528// 3370//
f 3370// 3528// 3343//
f 3370// 3343// 3368//
f 3368// 3343// 3346//
f 3368// 3346// 3366//
f 3366// 3346// 3348//
f 3366// 3348// 3364//
f 3364// 3348// 3350//
f 3364// 3350// 3362//
f 3362// 3350// 3352//
f 3362// 3352// 3354//
f 3420// 3474// 3418//
f 3418// 3474// 3476//
f 3418// 3476// 3416//
f 3416// 3476// 3414//
f 3444// 3447// 3442//
f 3442// 3447// 3450//
f 3442// 3450// 3440//
f 3440// 3450// 3452//
f 3440// 3452// 3438//
f 3438// 3452// 3454//
f 3438// 3454// 3436//
f 3436// 3454// 3456//
f 3436// 3456// 3434//
f 3434// 3456// 3458//
f 3434// 3458// 3432//
f 3432// 3458// 3460//
f 3432// 3460// 3430//
f 3430// 3460// 3462//
f 3430// 3462// 3428//
f 3428// 3462// 3464//
f 3428// 3464// 3426//
f 3426// 3464// 3466//
f 3426// 3466// 3424//
f 3424// 3466// 3468//
f 3424// 3468// 3422//
f 3422// 3468// 3470//
f 3422// 3470// 3420//
f 3420// 3470// 3472//
f 3420// 3472// 3474//
f 3476// 3478// 3414//
f 3414// 3478// 3480//
f 3414// 3480// 3412//
f 3412// 3480// 3482//
f 3412// 3482// 3410//
f 3410// 3482// 3484//
f 3410// 3484// 3408//
f 3408// 3484// 3486//
f 3408// 3486// 3406//
f 3406// 3486// 3488//
f 3406// 3488// 3404//
f 3508// 3388// 3506//
f 3506// 3388// 3390//
f 3506// 3390// 3504//
f 3504// 3390// 3392//
f 3504// 3392// 3502//
f 3502// 3392// 3394//
f 3502// 3394// 3500//
f 3500// 3394// 3396//
f 3500// 3396// 3498//
f 3498// 3396// 3496//
f 3496// 3396// 3398//
f 3496// 3398// 3494//
f 3398// 3400// 3494//
f 3494// 3400// 3402//
f 3494// 3402// 3492//
f 3492// 3402// 3404//
f 3492// 3404// 3490//
f 3490// 3404// 3488//
f 3375// 3521// 3377//
f 3377// 3521// 3519//
f 3377// 3519// 3379//
f 3379// 3519// 3517//
f 3379// 3517// 3381//
f 3381// 3517// 3515//
f 3381// 3515// 3383//
f 3383// 3515// 3513//
f 3383// 3513// 3385//
f 3513// 3511// 3385//
f 3385// 3511// 3509//
f 3385// 3509// 3387//
f 3387// 3509// 3507//
f 3387// 3507// 3389//
f 3389// 3507// 3505//
f 3389// 3505// 3391//
f 3391// 3505// 3503//
f 3391// 3503// 3393//
f 3358// 3355// 3359//
f 3359// 3355// 3353//
f 3359// 3353// 3361//
f 3361// 3353// 3351//
f 3361// 3351// 3363//
f 3363// 3351// 3349//
f 3363// 3349// 3365//
f 3365// 3349// 3347//
f 3365// 3347// 3367//
f 3367// 3347// 3345//
f 3367// 3345// 3369//
f 3369// 3345// 3344//
f 3369// 3344// 3371//
f 3371// 3344// 3527//
f 3371// 3527// 3373//
f 3373// 3527// 3525//
f 3373// 3525// 3375//
f 3375// 3525// 3523//
f 3375// 3523// 3521//
f 3445// 3443// 3448//
f 3448// 3443// 3441//
f 3448// 3441// 3449//
f 3449// 3441// 3439//
f 3411// 3479// 3413//
f 3413// 3479// 3477//
f 3413// 3477// 3415//
f 3415// 3477// 3475//
f 3415// 3475// 3417//
f 3417// 3475// 3473//
f 3417// 3473// 3419//
f 3419// 3473// 3471//
f 3419// 3471// 3421//
f 3421// 3471// 3469//
f 3421// 3469// 3423//
f 3423// 3469// 3467//
f 3423// 3467// 3425//
f 3425// 3467// 3465//
f 3425// 3465// 3427//
f 3427// 3465// 3463//
f 3427// 3463// 3429//
f 3429// 3463// 3461//
f 3429// 3461// 3431//
f 3431// 3461// 3459//
f 3431// 3459// 3433//
f 3433// 3459// 3457//
f 3433// 3457// 3435//
f 3435// 3457// 3455//
f 3435// 3455// 3437//
f 3437// 3455// 3453//
f 3437// 3453// 3439//
f 3439// 3453// 3451//
f 3439// 3451// 3449//
f 3503// 3501// 3393//
f 3393// 3501// 3499//
f 3393// 3499// 3395//
f 3395// 3499// 3497//
f 3395// 3497// 3397//
f 3397// 3497// 3495//
f 3397// 3495// 3399//
f 3399// 3495// 3493//
f 3399// 3493// 3401//
f 3401// 3493// 3491//
f 3401// 3491// 3403//
f 3403// 3491// 3489//
f 3403// 3489// 3405//
f 3405// 3489// 3487//
f 3405// 3487// 3407//
f 3407// 3487// 3485//
f 3407// 3485// 3409//
f 3409// 3485// 3483//
f 3409// 3483// 3411//
f 3411// 3483// 3481//
f 3411// 3481// 3479//
f 3529// 3530// 3531//
f 3531// 3530// 3532//
f 3533// 3529// 3534//
f 3534// 3529// 3531//
f 3535// 3533// 3536//
f 3536// 3533// 3534//
f 3537// 3535// 3538//
f 3538// 3535// 3536//
f 3539// 3537// 3540//
f 3540// 3537// 3538//
f 3541// 3539// 3542//
f 3542// 3539// 3540//
f 3543// 3541// 3544//
f 3544// 3541// 3542//
f 3545// 3543// 3546//
f 3546// 3543// 3544//
f 3547// 3545// 3548//
f 3548// 3545// 3546//
f 3549// 3547// 3550//
f 3550// 3547// 3548//
f 3551// 3549// 3552//
f 3552// 3549// 3550//
f 3530// 3551// 3532//
f 3532// 3551// 3552//
f 3545// 3547// 3543//
f 3543// 3547// 3549//
f 3543// 3549// 3541//
f 3530// 3529// 3551//
f 3551// 3529// 3533//
f 3551// 3533// 3535//
f 3537// 3539// 3535//
f 3535// 3539// 3541//
f 3535// 3541// 3551//
f 3551// 3541// 3549//
f 3550// 3548// 3546//
f 3546// 3544// 3550//
f 3550// 3544// 3542//
f 3550// 3542// 3552//
f 3531// 3532// 3534//
f 3534// 3532// 3552//
f 3534// 3552// 3536//
f 3536// 3552// 3542//
f 3536// 3542// 3538//
f 3538// 3542// 3540//
f 3553// 3554// 3555//
f 3555// 3554// 3556//
f 3555// 3556// 3557//
f 3557// 3556// 3558//
f 3557// 3558// 3559//
f 3559// 3558// 3560//
f 3559// 3560// 3561//
f 3561// 3560// 3562//
f 3561// 3562// 3563//
f 3563// 3562// 3564//
f 3563// 3564// 3565//
f 3565// 3564// 3566//
f 3565// 3566// 3567//
f 3567// 3566// 3568//
f 3567// 3568// 3569//
f 3570// 3571// 3572//
f 3572// 3571// 3573//
f 3572// 3573// 3574//
f 3574// 3573// 3575//
f 3574// 3575// 3576//
f 3576// 3575// 3577//
f 3576// 3577// 3578//
f 3577// 3579// 3578//
f 3578// 3579// 3580//
f 3578// 3580// 3581//
f 3581// 3580// 3582//
f 3581// 3582// 3583//
f 3583// 3582// 3584//
f 3583// 3584// 3585//
f 3585// 3584// 3586//
f 3585// 3586// 3587//
f 3587// 3586// 3588//
f 3587// 3588// 3589//
f 3589// 3588// 3590//
f 3589// 3590// 3591//
f 3591// 3590// 3592//
f 3591// 3592// 3593//
f 3593// 3592// 3594//
f 3593// 3594// 3595//
f 3595// 3594// 3596//
f 3595// 3596// 3597//
f 3597// 3596// 3598//
f 3597// 3598// 3599//
f 3599// 3598// 3600//
f 3599// 3600// 3601//
f 3601// 3600// 3602//
f 3601// 3602// 3603//
f 3603// 3602// 3604//
f 3603// 3604// 3605//
f 3605// 3604// 3606//
f 3605// 3606// 3607//
f 3607// 3606// 3608//
f 3607// 3608// 3609//
f 3609// 3608// 3610//
f 3609// 3610// 3611//
f 3611// 3610// 3612//
f 3611// 3612// 3553//
f 3553// 3612// 3613//
f 3553// 3613// 3554//
f 3568// 3614// 3569//
f 3569// 3614// 3615//
f 3569// 3615// 3616//
f 3616// 3615// 3617//
f 3616// 3617// 3618//
f 3618// 3617// 3619//
f 3618// 3619// 3620//
f 3620// 3619// 3621//
f 3620// 3621// 3622//
f 3622// 3621// 3623//
f 3622// 3623// 3624//
f 3624// 3623// 3625//
f 3624// 3625// 3570//
f 3570// 3625// 3626//
f 3570// 3626// 3571//
f 3627// 3628// 3629//
f 3629// 3628// 3630//
f 3629// 3630// 3631//
f 3631// 3630// 3632//
f 3631// 3632// 3633//
f 3633// 3632// 3634//
f 3633// 3634// 3635//
f 3635// 3634// 3636//
f 3635// 3636// 3637//
f 3637// 3636// 3638//
f 3637// 3638// 3639//
f 3640// 3641// 3642//
f 3642// 3641// 3643//
f 3642// 3643// 3644//
f 3644// 3643// 3645//
f 3644// 3645// 3646//
f 3646// 3645// 3647//
f 3646// 3647// 3648//
f 3648// 3647// 3649//
f 3648// 3649// 3650//
f 3650// 3649// 3651//
f 3650// 3651// 3652//
f 3652// 3651// 3653//
f 3652// 3653// 3654//
f 3654// 3653// 3655//
f 3654// 3655// 3656//
f 3656// 3655// 3657//
f 3656// 3657// 3658//
f 3658// 3657// 3659//
f 3658// 3659// 3660//
f 3660// 3659// 3661//
f 3660// 3661// 3662//
f 3662// 3661// 3663//
f 3662// 3663// 3664//
f 3664// 3663// 3665//
f 3664// 3665// 3666//
f 3666// 3665// 3667//
f 3666// 3667// 3668//
f 3668// 3667// 3669//
f 3668// 3669// 3627//
f 3627// 3669// 3670//
f 3627// 3670// 3628//
f 3671// 3672// 3673//
f 3673// 3672// 3674//
f 3673// 3674// 3675//
f 3675// 3674// 3676//
f 3675// 3676// 3677//
f 3677// 3676// 3678//
f 3677// 3678// 3679//
f 3679// 3678// 3680//
f 3679// 3680// 3681//
f 3681// 3680// 3682//
f 3681// 3682// 3683//
f 3683// 3682// 3684//
f 3683// 3684// 3685//
f 3685// 3684// 3686//
f 3685// 3686// 3640//
f 3640// 3686// 3687//
f 3640// 3687// 3641//
f 3638// 3688// 3639//
f 3639// 3688// 3689//
f 3639// 3689// 3690//
f 3690// 3689// 3691//
f 3690// 3691// 3692//
f 3692// 3691// 3693//
f 3692// 3693// 3694//
f 3694// 3693// 3695//
f 3694// 3695// 3696//
f 3696// 3695// 3697//
f 3696// 3697// 3698//
f 3698// 3697// 3699//
f 3698// 3699// 3671//
f 3671// 3699// 3700//
f 3671// 3700// 3672//
f 3606// 3604// 3651//
f 3651// 3604// 3653//
f 3606// 3651// 3649//
f 3606// 3649// 3608//
f 3608// 3649// 3647//
f 3608// 3647// 3610//
f 3610// 3647// 3645//
f 3610// 3645// 3612//
f 3612// 3645// 3643//
f 3612// 3643// 3613//
f 3613// 3643// 3641//
f 3613// 3641// 3554//
f 3554// 3641// 3687//
f 3554// 3687// 3556//
f 3556// 3687// 3686//
f 3556// 3686// 3558//
f 3558// 3686// 3684//
f 3558// 3684// 3560//
f 3560// 3684// 3682//
f 3560// 3682// 3562//
f 3562// 3682// 3680//
f 3562// 3680// 3564//
f 3564// 3680// 3678//
f 3564// 3678// 3566//
f 3566// 3678// 3676//
f 3566// 3676// 3568//
f 3568// 3676// 3674//
f 3568// 3674// 3614//
f 3614// 3674// 3672//
f 3614// 3672// 3615//
f 3615// 3672// 3700//
f 3615// 3700// 3617//
f 3617// 3700// 3699//
f 3617// 3699// 3619//
f 3619// 3699// 3697//
f 3619// 3697// 3621//
f 3621// 3697// 3695//
f 3621// 3695// 3623//
f 3623// 3695// 3693//
f 3623// 3693// 3625//
f 3625// 3693// 3691//
f 3625// 3691// 3626//
f 3626// 3691// 3689//
f 3626// 3689// 3571//
f 3571// 3689// 3688//
f 3571// 3688// 3573//
f 3573// 3688// 3638//
f 3573// 3638// 3575//
f 3575// 3638// 3636//
f 3575// 3636// 3577//
f 3577// 3636// 3634//
f 3577// 3634// 3579//
f 3579// 3634// 3632//
f 3579// 3632// 3580//
f 3580// 3632// 3630//
f 3580// 3630// 3582//
f 3582// 3630// 3628//
f 3582// 3628// 3584//
f 3584// 3628// 3670//
f 3584// 3670// 3586//
f 3586// 3670// 3669//
f 3586// 3669// 3588//
f 3588// 3669// 3667//
f 3588// 3667// 3590//
f 3590// 3667// 3665//
f 3590// 3665// 3592//
f 3592// 3665// 3663//
f 3592// 3663// 3594//
f 3594// 3663// 3661//
f 3594// 3661// 3596//
f 3596// 3661// 3659//
f 3596// 3659// 3598//
f 3598// 3659// 3657//
f 3598// 3657// 3600//
f 3602// 3600// 3655//
f 3655// 3600// 3657//
f 3604// 3602// 3653//
f 3653// 3602// 3655//
f 3599// 3601// 3656//
f 3656// 3601// 3654//
f 3601// 3603// 3654//
f 3654// 3603// 3652//
f 3603// 3605// 3652//
f 3652// 3605// 3650//
f 3561// 3681// 3683//
f 3561// 3683// 3559//
f 3559// 3683// 3685//
f 3559// 3685// 3557//
f 3557// 3685// 3640//
f 3557// 3640// 3555//
f 3555// 3640// 3642//
f 3555// 3642// 3553//
f 3553// 3642// 3644//
f 3553// 3644// 3611//
f 3611// 3644// 3646//
f 3611// 3646// 3609//
f 3609// 3646// 3648//
f 3609// 3648// 3607//
f 3607// 3648// 3650//
f 3607// 3650// 3605//
f 3622// 3694// 3696//
f 3622// 3696// 3620//
f 3620// 3696// 3698//
f 3620// 3698// 3618//
f 3618// 3698// 3671//
f 3618// 3671// 3616//
f 3616// 3671// 3673//
f 3616// 3673// 3569//
f 3569// 3673// 3675//
f 3569// 3675// 3567//
f 3567// 3675// 3677//
f 3567// 3677// 3565//
f 3565// 3677// 3679//
f 3565// 3679// 3563//
f 3563// 3679// 3681//
f 3563// 3681// 3561//
f 3583// 3629// 3631//
f 3583// 3631// 3581//
f 3581// 3631// 3633//
f 3581// 3633// 3578//
f 3578// 3633// 3635//
f 3578// 3635// 3576//
f 3576// 3635// 3637//
f 3576// 3637// 3574//
f 3574// 3637// 3639//
f 3574// 3639// 3572//
f 3572// 3639// 3690//
f 3572// 3690// 3570//
f 3570// 3690// 3692//
f 3570// 3692// 3624//
f 3624// 3692// 3694//
f 3624// 3694// 3622//
f 3599// 3656// 3658//
f 3599// 3658// 3597//
f 3597// 3658// 3660//
f 3597// 3660// 3595//
f 3595// 3660// 3662//
f 3595// 3662// 3593//
f 3593// 3662// 3664//
f 3593// 3664// 3591//
f 3591// 3664// 3666//
f 3591// 3666// 3589//
f 3589// 3666// 3668//
f 3589// 3668// 3587//
f 3587// 3668// 3627//
f 3587// 3627// 3585//
f 3585// 3627// 3629//
f 3585// 3629// 3583//
f 3701// 3702// 3703//
f 3704// 3705// 3706//
f 3702// 3707// 3703//
f 3703// 3707// 3708//
f 3703// 3708// 3709//
f 3709// 3708// 3710//
f 3709// 3710// 3711//
f 3711// 3712// 3709//
f 3709// 3712// 3713//
f 3709// 3713// 3714//
f 3715// 3714// 3716//
f 3716// 3714// 3713//
f 3716// 3713// 3706//
f 3706// 3713// 3701//
f 3706// 3701// 3704//
f 3704// 3701// 3703//
f 3717// 3718// 3719//
f 3719// 3718// 3720//
f 3721// 3722// 3720//
f 3720// 3722// 3723//
f 3720// 3723// 3719//
f 3719// 3723// 3724//
f 3721// 3725// 3722//
f 3722// 3725// 3726//
f 3722// 3726// 3727//
f 3727// 3726// 3728//
f 3727// 3728// 3729//
f 3729// 3730// 3727//
f 3727// 3730// 3718//
f 3727// 3718// 3731//
f 3731// 3718// 3717//
f 3731// 3717// 3732//
f 3709// 3714// 3722//
f 3722// 3714// 3723//
f 3703// 3709// 3727//
f 3727// 3709// 3722//
f 3704// 3703// 3731//
f 3731// 3703// 3727//
f 3705// 3704// 3732//
f 3732// 3704// 3731//
f 3706// 3705// 3717//
f 3717// 3705// 3732//
f 3716// 3706// 3719//
f 3719// 3706// 3717//
f 3715// 3716// 3724//
f 3724// 3716// 3719//
f 3714// 3715// 3723//
f 3723// 3715// 3724//
f 3701// 3713// 3718//
f 3718// 3713// 3720//
f 3713// 3712// 3720//
f 3720// 3712// 3721//
f 3710// 3726// 3725//
f 3710// 3725// 3711//
f 3711// 3725// 3721//
f 3711// 3721// 3712//
f 3710// 3708// 3726//
f 3726// 3708// 3728//
f 3702// 3730// 3729//
f 3702// 3729// 3707//
f 3707// 3729// 3728//
f 3707// 3728// 3708//
f 3702// 3701// 3730//
f 3730// 3701// 3718//
f 3733// 3734// 3735//
f 3735// 3734// 3736//
f 3737// 3733// 3738//
f 3738// 3733// 3735//
f 3739// 3737// 3740//
f 3740// 3737// 3738//
f 3741// 3739// 3742//
f 3742// 3739// 3740//
f 3743// 3741// 3744//
f 3744// 3741// 3742//
f 3745// 3743// 3746//
f 3746// 3743// 3744//
f 3747// 3745// 3748//
f 3748// 3745// 3746//
f 3749// 3747// 3750//
f 3750// 3747// 3748//
f 3751// 3749// 3752//
f 3752// 3749// 3750//
f 3753// 3751// 3754//
f 3754// 3751// 3752//
f 3755// 3753// 3756//
f 3756// 3753// 3754//
f 3734// 3755// 3736//
f 3736// 3755// 3756//
f 3741// 3743// 3739//
f 3739// 3743// 3745//
f 3734// 3733// 3755//
f 3755// 3733// 3737//
f 3749// 3751// 3747//
f 3747// 3751// 3753//
f 3747// 3753// 3745//
f 3745// 3753// 3755//
f 3745// 3755// 3739//
f 3739// 3755// 3737//
f 3754// 3752// 3750//
f 3750// 3748// 3754//
f 3754// 3748// 3746//
f 3754// 3746// 3756//
f 3735// 3736// 3738//
f 3738// 3736// 3756//
f 3738// 3756// 3740//
f 3740// 3756// 3746//
f 3740// 3746// 3742//
f 3742// 3746// 3744//
f 3757// 3758// 3759//
f 3759// 3758// 3760//
f 3761// 3762// 3763//
f 3764// 3765// 3759//
f 3766// 3767// 3768//
f 3759// 3765// 3769//
f 3763// 3762// 3770//
f 3770// 3762// 3771//
f 3770// 3771// 3772//
f 3768// 3773// 3766//
f 3766// 3773// 3774//
f 3766// 3774// 3775//
f 3776// 3777// 3778//
f 3778// 3777// 3779//
f 3778// 3779// 3780//
f 3764// 3759// 3781//
f 3781// 3759// 3760//
f 3781// 3760// 3782//
f 3783// 3784// 3785//
f 3785// 3784// 3786//
f 3785// 3786// 3787//
f 3772// 3771// 3788//
f 3788// 3771// 3789//
f 3788// 3789// 3790//
f 3790// 3789// 3791//
f 3790// 3791// 3792//
f 3793// 3794// 3795//
f 3795// 3794// 3796//
f 3795// 3796// 3797//
f 3786// 3798// 3787//
f 3787// 3798// 3799//
f 3787// 3799// 3800//
f 3775// 3774// 3760//
f 3760// 3774// 3801//
f 3760// 3801// 3782//
f 3799// 3802// 3800//
f 3800// 3802// 3803//
f 3800// 3803// 3804//
f 3804// 3803// 3805//
f 3804// 3805// 3793//
f 3793// 3805// 3806//
f 3793// 3806// 3794//
f 3767// 3766// 3807//
f 3807// 3766// 3808//
f 3807// 3808// 3809//
f 3792// 3791// 3810//
f 3810// 3791// 3811//
f 3810// 3811// 3812//
f 3812// 3811// 3813//
f 3812// 3813// 3775//
f 3775// 3813// 3814//
f 3775// 3814// 3766//
f 3779// 3815// 3780//
f 3780// 3815// 3816//
f 3780// 3816// 3817//
f 3817// 3816// 3818//
f 3817// 3818// 3819//
f 3819// 3818// 3820//
f 3819// 3820// 3783//
f 3783// 3820// 3821//
f 3783// 3821// 3784//
f 3809// 3822// 3807//
f 3807// 3822// 3823//
f 3807// 3823// 3824//
f 3824// 3823// 3825//
f 3824// 3825// 3826//
f 3826// 3825// 3827//
f 3826// 3827// 3776//
f 3776// 3827// 3828//
f 3776// 3828// 3777//
f 3763// 3829// 3761//
f 3761// 3829// 3830//
f 3761// 3830// 3831//
f 3831// 3830// 3832//
f 3831// 3832// 3833//
f 3833// 3832// 3834//
f 3833// 3834// 3835//
f 3835// 3834// 3836//
f 3835// 3836// 3837//
f 3837// 3836// 3838//
f 3837// 3838// 3839//
f 3839// 3838// 3840//
f 3839// 3840// 3841//
f 3840// 3842// 3841//
f 3841// 3842// 3843//
f 3841// 3843// 3844//
f 3844// 3843// 3845//
f 3844// 3845// 3846//
f 3846// 3845// 3847//
f 3846// 3847// 3848//
f 3848// 3847// 3849//
f 3848// 3849// 3850//
f 3765// 3851// 3769//
f 3769// 3851// 3852//
f 3769// 3852// 3853//
f 3853// 3852// 3854//
f 3853// 3854// 3855//
f 3855// 3854// 3856//
f 3857// 3858// 3859//
f 3859// 3858// 3860//
f 3859// 3860// 3861//
f 3861// 3860// 3862//
f 3861// 3862// 3856//
f 3856// 3862// 3863//
f 3856// 3863// 3855//
f 3796// 3864// 3797//
f 3797// 3864// 3865//
f 3797// 3865// 3866//
f 3866// 3865// 3867//
f 3866// 3867// 3868//
f 3868// 3867// 3869//
f 3868// 3869// 3857//
f 3857// 3869// 3870//
f 3857// 3870// 3858//
f 3871// 3872// 3873//
f 3873// 3872// 3874//
f 3873// 3874// 3875//
f 3876// 3877// 3878//
f 3878// 3877// 3879//
f 3878// 3879// 3871//
f 3871// 3879// 3880//
f 3871// 3880// 3872//
f 3881// 3882// 3883//
f 3883// 3882// 3884//
f 3883// 3884// 3885//
f 3885// 3884// 3886//
f 3887// 3888// 3889//
f 3889// 3888// 3890//
f 3889// 3890// 3891//
f 3891// 3890// 3892//
f 3891// 3892// 3893//
f 3893// 3892// 3894//
f 3893// 3894// 3895//
f 3896// 3897// 3898//
f 3898// 3897// 3899//
f 3898// 3899// 3900//
f 3901// 3902// 3903//
f 3903// 3902// 3904//
f 3903// 3904// 3905//
f 3889// 3906// 3887//
f 3887// 3906// 3907//
f 3887// 3907// 3884//
f 3884// 3907// 3908//
f 3884// 3908// 3886//
f 3909// 3910// 3901//
f 3901// 3910// 3911//
f 3901// 3911// 3902//
f 3912// 3913// 3914//
f 3914// 3913// 3915//
f 3914// 3915// 3909//
f 3909// 3915// 3916//
f 3909// 3916// 3910//
f 3917// 3918// 3919//
f 3919// 3918// 3883//
f 3919// 3883// 3920//
f 3920// 3883// 3885//
f 3904// 3921// 3905//
f 3905// 3921// 3922//
f 3905// 3922// 3923//
f 3923// 3922// 3924//
f 3923// 3924// 3925//
f 3925// 3924// 3926//
f 3925// 3926// 3927//
f 3928// 3929// 3930//
f 3930// 3929// 3931//
f 3930// 3931// 3912//
f 3912// 3931// 3932//
f 3912// 3932// 3913//
f 3894// 3933// 3895//
f 3895// 3933// 3934//
f 3895// 3934// 3935//
f 3935// 3934// 3936//
f 3935// 3936// 3937//
f 3937// 3936// 3938//
f 3937// 3938// 3928//
f 3928// 3938// 3939//
f 3928// 3939// 3929//
f 3899// 3940// 3900//
f 3900// 3940// 3941//
f 3900// 3941// 3942//
f 3942// 3941// 3943//
f 3942// 3943// 3944//
f 3944// 3943// 3945//
f 3944// 3945// 3946//
f 3946// 3945// 3947//
f 3946// 3947// 3948//
f 3948// 3947// 3949//
f 3950// 3951// 3952//
f 3874// 3953// 3875//
f 3875// 3953// 3954//
f 3875// 3954// 3955//
f 3955// 3954// 3956//
f 3955// 3956// 3957//
f 3957// 3956// 3958//
f 3957// 3958// 3959//
f 3959// 3958// 3960//
f 3959// 3960// 3961//
f 3961// 3960// 3918//
f 3961// 3918// 3962//
f 3962// 3918// 3917//
f 3962// 3917// 3949//
f 3949// 3917// 3963//
f 3949// 3963// 3948//
f 3926// 3964// 3927//
f 3927// 3964// 3965//
f 3927// 3965// 3966//
f 3966// 3965// 3967//
f 3966// 3967// 3896//
f 3896// 3967// 3968//
f 3896// 3968// 3897//
f 3950// 3952// 3969//
f 3969// 3952// 3970//
f 3969// 3970// 3971//
f 3971// 3970// 3972//
f 3971// 3972// 3973//
f 3973// 3972// 3974//
f 3973// 3974// 3975//
f 3975// 3974// 3976//
f 3975// 3976// 3977//
f 3977// 3976// 3978//
f 3977// 3978// 3876//
f 3876// 3978// 3979//
f 3876// 3979// 3877//
f 3951// 3950// 3980//
f 3980// 3950// 3981//
f 3980// 3981// 3982//
f 3982// 3981// 3983//
f 3982// 3983// 3984//
f 3836// 3976// 3974//
f 3836// 3974// 3838//
f 3838// 3974// 3972//
f 3838// 3972// 3840//
f 3840// 3972// 3970//
f 3840// 3970// 3842//
f 3842// 3970// 3952//
f 3842// 3952// 3843//
f 3843// 3952// 3951//
f 3843// 3951// 3845//
f 3845// 3951// 3980//
f 3845// 3980// 3847//
f 3847// 3980// 3982//
f 3847// 3982// 3849//
f 3850// 3849// 3984//
f 3984// 3849// 3982//
f 3850// 3984// 3983//
f 3850// 3983// 3848//
f 3848// 3983// 3981//
f 3848// 3981// 3846//
f 3846// 3981// 3950//
f 3846// 3950// 3844//
f 3844// 3950// 3969//
f 3844// 3969// 3841//
f 3841// 3969// 3971//
f 3841// 3971// 3839//
f 3839// 3971// 3973//
f 3839// 3973// 3837//
f 3837// 3973// 3975//
f 3837// 3975// 3835//
f 3835// 3975// 3977//
f 3835// 3977// 3833//
f 3833// 3977// 3876//
f 3833// 3876// 3831//
f 3831// 3876// 3878//
f 3831// 3878// 3761//
f 3761// 3878// 3871//
f 3761// 3871// 3762//
f 3762// 3871// 3873//
f 3762// 3873// 3771//
f 3771// 3873// 3875//
f 3771// 3875// 3789//
f 3789// 3875// 3955//
f 3789// 3955// 3791//
f 3791// 3955// 3957//
f 3791// 3957// 3811//
f 3811// 3957// 3959//
f 3811// 3959// 3813//
f 3813// 3959// 3961//
f 3813// 3961// 3814//
f 3814// 3961// 3962//
f 3814// 3962// 3766//
f 3808// 3766// 3949//
f 3949// 3766// 3962//
f 3808// 3949// 3947//
f 3808// 3947// 3809//
f 3809// 3947// 3945//
f 3809// 3945// 3822//
f 3822// 3945// 3943//
f 3822// 3943// 3823//
f 3823// 3943// 3941//
f 3823// 3941// 3825//
f 3825// 3941// 3940//
f 3825// 3940// 3827//
f 3827// 3940// 3899//
f 3827// 3899// 3828//
f 3828// 3899// 3897//
f 3828// 3897// 3777//
f 3777// 3897// 3968//
f 3777// 3968// 3779//
f 3779// 3968// 3967//
f 3779// 3967// 3815//
f 3815// 3967// 3965//
f 3815// 3965// 3816//
f 3816// 3965// 3964//
f 3816// 3964// 3818//
f 3818// 3964// 3926//
f 3818// 3926// 3820//
f 3820// 3926// 3924//
f 3820// 3924// 3821//
f 3821// 3924// 3922//
f 3821// 3922// 3784//
f 3784// 3922// 3921//
f 3784// 3921// 3786//
f 3786// 3921// 3904//
f 3786// 3904// 3798//
f 3798// 3904// 3902//
f 3798// 3902// 3799//
f 3799// 3902// 3911//
f 3799// 3911// 3802//
f 3802// 3911// 3910//
f 3802// 3910// 3803//
f 3803// 3910// 3916//
f 3803// 3916// 3805//
f 3805// 3916// 3915//
f 3805// 3915// 3806//
f 3806// 3915// 3913//
f 3806// 3913// 3794//
f 3794// 3913// 3932//
f 3794// 3932// 3796//
f 3796// 3932// 3931//
f 3796// 3931// 3864//
f 3864// 3931// 3929//
f 3864// 3929// 3865//
f 3865// 3929// 3939//
f 3865// 3939// 3867//
f 3867// 3939// 3938//
f 3867// 3938// 3869//
f 3869// 3938// 3936//
f 3869// 3936// 3870//
f 3870// 3936// 3934//
f 3870// 3934// 3858//
f 3858// 3934// 3933//
f 3858// 3933// 3860//
f 3860// 3933// 3894//
f 3860// 3894// 3862//
f 3862// 3894// 3892//
f 3862// 3892// 3863//
f 3863// 3892// 3890//
f 3863// 3890// 3855//
f 3855// 3890// 3888//
f 3855// 3888// 3853//
f 3853// 3888// 3887//
f 3853// 3887// 3769//
f 3759// 3769// 3884//
f 3884// 3769// 3887//
f 3757// 3759// 3882//
f 3882// 3759// 3884//
f 3758// 3757// 3881//
f 3881// 3757// 3882//
f 3760// 3758// 3883//
f 3883// 3758// 3881//
f 3760// 3883// 3918//
f 3760// 3918// 3775//
f 3775// 3918// 3960//
f 3775// 3960// 3812//
f 3812// 3960// 3958//
f 3812// 3958// 3810//
f 3810// 3958// 3956//
f 3810// 3956// 3792//
f 3792// 3956// 3954//
f 3792// 3954// 3790//
f 3790// 3954// 3953//
f 3790// 3953// 3788//
f 3788// 3953// 3874//
f 3788// 3874// 3772//
f 3772// 3874// 3872//
f 3772// 3872// 3770//
f 3770// 3872// 3880//
f 3770// 3880// 3763//
f 3763// 3880// 3879//
f 3763// 3879// 3829//
f 3829// 3879// 3877//
f 3829// 3877// 3830//
f 3830// 3877// 3979//
f 3830// 3979// 3832//
f 3832// 3979// 3978//
f 3832// 3978// 3834//
f 3834// 3978// 3976//
f 3834// 3976// 3836//
f 3826// 3900// 3942//
f 3826// 3942// 3824//
f 3824// 3942// 3944//
f 3824// 3944// 3807//
f 3807// 3944// 3946//
f 3807// 3946// 3767//
f 3767// 3946// 3948//
f 3767// 3948// 3768//
f 3768// 3948// 3963//
f 3768// 3963// 3773//
f 3819// 3925// 3927//
f 3819// 3927// 3817//
f 3817// 3927// 3966//
f 3817// 3966// 3780//
f 3780// 3966// 3896//
f 3780// 3896// 3778//
f 3778// 3896// 3898//
f 3778// 3898// 3776//
f 3776// 3898// 3900//
f 3776// 3900// 3826//
f 3804// 3909// 3901//
f 3804// 3901// 3800//
f 3800// 3901// 3903//
f 3800// 3903// 3787//
f 3787// 3903// 3905//
f 3787// 3905// 3785//
f 3785// 3905// 3923//
f 3785// 3923// 3783//
f 3783// 3923// 3925//
f 3783// 3925// 3819//
f 3868// 3937// 3928//
f 3868// 3928// 3866//
f 3866// 3928// 3930//
f 3866// 3930// 3797//
f 3797// 3930// 3912//
f 3797// 3912// 3795//
f 3795// 3912// 3914//
f 3795// 3914// 3793//
f 3793// 3914// 3909//
f 3793// 3909// 3804//
f 3852// 3906// 3889//
f 3852// 3889// 3854//
f 3854// 3889// 3891//
f 3854// 3891// 3856//
f 3856// 3891// 3893//
f 3856// 3893// 3861//
f 3861// 3893// 3895//
f 3861// 3895// 3859//
f 3859// 3895// 3935//
f 3859// 3935// 3857//
f 3857// 3935// 3937//
f 3857// 3937// 3868//
f 3801// 3919// 3920//
f 3801// 3920// 3782//
f 3782// 3920// 3885//
f 3782// 3885// 3781//
f 3781// 3885// 3886//
f 3781// 3886// 3764//
f 3764// 3886// 3908//
f 3764// 3908// 3765//
f 3765// 3908// 3907//
f 3765// 3907// 3851//
f 3851// 3907// 3906//
f 3851// 3906// 3852//
f 3801// 3774// 3919//
f 3919// 3774// 3917//
f 3774// 3773// 3917//
f 3917// 3773// 3963//
f 3985// 3986// 3987//
f 3985// 3987// 3988//
f 3988// 3987// 3989//
f 3988// 3989// 3990//
f 3990// 3989// 3991//
f 3990// 3991// 3992//
f 3992// 3991// 3993//
f 3992// 3993// 3994//
f 3994// 3993// 3995//
f 3994// 3995// 3996//
f 3996// 3995// 3997//
f 3996// 3997// 3998//
f 3998// 3997// 3999//
f 3998// 3999// 4000//
f 4001// 4000// 4002//
f 4002// 4000// 3999//
f 4001// 4002// 4003//
f 4001// 4003// 4004//
f 4004// 4003// 4005//
f 4004// 4005// 4006//
f 4006// 4005// 4007//
f 4006// 4007// 4008//
f 4008// 4007// 4009//
f 4008// 4009// 4010//
f 4010// 4009// 4011//
f 4010// 4011// 4012//
f 4012// 4011// 4013//
f 4012// 4013// 4014//
f 4014// 4013// 4015//
f 4014// 4015// 4016//
f 4016// 4015// 4017//
f 4016// 4017// 4018//
f 4018// 4017// 4019//
f 4018// 4019// 4020//
f 4020// 4019// 4021//
f 4020// 4021// 4022//
f 4022// 4021// 4023//
f 4022// 4023// 4024//
f 4024// 4023// 4025//
f 4024// 4025// 4026//
f 4026// 4025// 4027//
f 4026// 4027// 4028//
f 4028// 4027// 4029//
f 4028// 4029// 4030//
f 4030// 4029// 4031//
f 4030// 4031// 4032//
f 4032// 4031// 4033//
f 4032// 4033// 4034//
f 4034// 4033// 4035//
f 4034// 4035// 4036//
f 4036// 4035// 4037//
f 4036// 4037// 4038//
f 4038// 4037// 4039//
f 4038// 4039// 4040//
f 4040// 4039// 4041//
f 4040// 4041// 4042//
f 4042// 4041// 4043//
f 4042// 4043// 4044//
f 4044// 4043// 4045//
f 4044// 4045// 4046//
f 4046// 4045// 4047//
f 4046// 4047// 4048//
f 4048// 4047// 4049//
f 4048// 4049// 4050//
f 4050// 4049// 4051//
f 4050// 4051// 4052//
f 4052// 4051// 4053//
f 4052// 4053// 4054//
f 4054// 4053// 4055//
f 4054// 4055// 4056//
f 4056// 4055// 4057//
f 4056// 4057// 4058//
f 4058// 4057// 4059//
f 4058// 4059// 4060//
f 4060// 4059// 4061//
f 4060// 4061// 4062//
f 4062// 4061// 4063//
f 4062// 4063// 4064//
f 4064// 4063// 4065//
f 4064// 4065// 4066//
f 4066// 4065// 4067//
f 4066// 4067// 4068//
f 4068// 4067// 4069//
f 4068// 4069// 4070//
f 4070// 4069// 4071//
f 4070// 4071// 4072//
f 4072// 4071// 4073//
f 4072// 4073// 4074//
f 4074// 4073// 4075//
f 4074// 4075// 4076//
f 4076// 4075// 4077//
f 4076// 4077// 4078//
f 4078// 4077// 4079//
f 4078// 4079// 4080//
f 4080// 4079// 4081//
f 4080// 4081// 4082//
f 4082// 4081// 4083//
f 4082// 4083// 4084//
f 4084// 4083// 4085//
f 4084// 4085// 4086//
f 4086// 4085// 4087//
f 4086// 4087// 4088//
f 4088// 4087// 4089//
f 4088// 4089// 4090//
f 4090// 4089// 4091//
f 4090// 4091// 4092//
f 4092// 4091// 4093//
f 4092// 4093// 4094//
f 4094// 4093// 4095//
f 4094// 4095// 4096//
f 4096// 4095// 4097//
f 4096// 4097// 4098//
f 4098// 4097// 4099//
f 4098// 4099// 4100//
f 4100// 4099// 4101//
f 4100// 4101// 4102//
f 4102// 4101// 4103//
f 4102// 4103// 4104//
f 4104// 4103// 4105//
f 4104// 4105// 4106//
f 4106// 4105// 4107//
f 4106// 4107// 4108//
f 4108// 4107// 4109//
f 4108// 4109// 4110//
f 4110// 4109// 4111//
f 4110// 4111// 4112//
f 4113// 4112// 4114//
f 4114// 4112// 4111//
f 4113// 4114// 4115//
f 4113// 4115// 4116//
f 4116// 4115// 4117//
f 4116// 4117// 4118//
f 4118// 4117// 4119//
f 4118// 4119// 4120//
f 4120// 4119// 4121//
f 4120// 4121// 4122//
f 4122// 4121// 4123//
f 4122// 4123// 4124//
f 4124// 4123// 4125//
f 4124// 4125// 4126//
f 4126// 4125// 4127//
f 4126// 4127// 4128//
f 4128// 4127// 4129//
f 4128// 4129// 4130//
f 4130// 4129// 4131//
f 4130// 4131// 4132//
f 4132// 4131// 4133//
f 4132// 4133// 4134//
f 4134// 4133// 4135//
f 4134// 4135// 4136//
f 4136// 4135// 4137//
f 4136// 4137// 4138//
f 4138// 4137// 4139//
f 4138// 4139// 4140//
f 4140// 4139// 4141//
f 4140// 4141// 4142//
f 4142// 4141// 4143//
f 4142// 4143// 4144//
f 4144// 4143// 4145//
f 4144// 4145// 4146//
f 4146// 4145// 4147//
f 4146// 4147// 4148//
f 4148// 4147// 4149//
f 4148// 4149// 4150//
f 4150// 4149// 4151//
f 4150// 4151// 4152//
f 4152// 4151// 4153//
f 4152// 4153// 4154//
f 4154// 4153// 4155//
f 4154// 4155// 4156//
f 4156// 4155// 4157//
f 4156// 4157// 4158//
f 4158// 4157// 4159//
f 4158// 4159// 4160//
f 4160// 4159// 4161//
f 4160// 4161// 4162//
f 4162// 4161// 4163//
f 4162// 4163// 4164//
f 4164// 4163// 4165//
f 4164// 4165// 4166//
f 4166// 4165// 4167//
f 4166// 4167// 4168//
f 4168// 4167// 4169//
f 4168// 4169// 4170//
f 4170// 4169// 4171//
f 4170// 4171// 4172//
f 4172// 4171// 4173//
f 4172// 4173// 4174//
f 4174// 4173// 4175//
f 4174// 4175// 4176//
f 4176// 4175// 4177//
f 4176// 4177// 4178//
f 4178// 4177// 4179//
f 4178// 4179// 4180//
f 4180// 4179// 4181//
f 4180// 4181// 4182//
f 4182// 4181// 4183//
f 4182// 4183// 4184//
f 4184// 4183// 4185//
f 4184// 4185// 4186//
f 4186// 4185// 4187//
f 4186// 4187// 4188//
f 4188// 4187// 4189//
f 4188// 4189// 4190//
f 4190// 4189// 4191//
f 4190// 4191// 4192//
f 4192// 4191// 4193//
f 4192// 4193// 4194//
f 4194// 4193// 4195//
f 4194// 4195// 4196//
f 4196// 4195// 4197//
f 4196// 4197// 4198//
f 4198// 4197// 4199//
f 4198// 4199// 4200//
f 4200// 4199// 4201//
f 4200// 4201// 4202//
f 4202// 4201// 4203//
f 4202// 4203// 4204//
f 4204// 4203// 4205//
f 4204// 4205// 4206//
f 4206// 4205// 4207//
f 4206// 4207// 4208//
f 4208// 4207// 3986//
f 4208// 3986// 3985//
f 3998// 4000// 4001//
f 4110// 4112// 4113//
f 4028// 4030// 4196//
f 4196// 4030// 4194//
f 4186// 4046// 4184//
f 4184// 4046// 4048//
f 4184// 4048// 4182//
f 4140// 4084// 4086//
f 4188// 4042// 4186//
f 4186// 4042// 4044//
f 4186// 4044// 4046//
f 4072// 4074// 4158//
f 4030// 4032// 4194//
f 4194// 4032// 4034//
f 4194// 4034// 4192//
f 4192// 4034// 4036//
f 4192// 4036// 4190//
f 4190// 4036// 4038//
f 4190// 4038// 4188//
f 4188// 4038// 4040//
f 4188// 4040// 4042//
f 4076// 4154// 4074//
f 4074// 4154// 4156//
f 4074// 4156// 4158//
f 4140// 4142// 4084//
f 4084// 4142// 4144//
f 4084// 4144// 4082//
f 4082// 4144// 4146//
f 4082// 4146// 4080//
f 4080// 4146// 4148//
f 4080// 4148// 4078//
f 4078// 4148// 4150//
f 4078// 4150// 4076//
f 4076// 4150// 4152//
f 4076// 4152// 4154//
f 4104// 4106// 4116//
f 4158// 4160// 4072//
f 4072// 4160// 4162//
f 4072// 4162// 4070//
f 4070// 4162// 4164//
f 4070// 4164// 4068//
f 4068// 4164// 4166//
f 4068// 4166// 4066//
f 4066// 4166// 4168//
f 4066// 4168// 4064//
f 4028// 4196// 4026//
f 4026// 4196// 4198//
f 4026// 4198// 4024//
f 4024// 4198// 4200//
f 4024// 4200// 4022//
f 4022// 4200// 4202//
f 4022// 4202// 4020//
f 4020// 4202// 4204//
f 4020// 4204// 4018//
f 4018// 4204// 4206//
f 4018// 4206// 4016//
f 4016// 4206// 4208//
f 4016// 4208// 4014//
f 4014// 4208// 3985//
f 4014// 3985// 4012//
f 4012// 3985// 3988//
f 4012// 3988// 4010//
f 4010// 3988// 4008//
f 4008// 3988// 3990//
f 4008// 3990// 4006//
f 4006// 3990// 3992//
f 4006// 3992// 4004//
f 4004// 3992// 3994//
f 4004// 3994// 4001//
f 4001// 3994// 3996//
f 4001// 3996// 3998//
f 4048// 4050// 4182//
f 4182// 4050// 4052//
f 4182// 4052// 4180//
f 4180// 4052// 4054//
f 4180// 4054// 4178//
f 4178// 4054// 4056//
f 4178// 4056// 4176//
f 4176// 4056// 4058//
f 4176// 4058// 4174//
f 4116// 4106// 4113//
f 4113// 4106// 4108//
f 4113// 4108// 4110//
f 4116// 4118// 4104//
f 4104// 4118// 4120//
f 4104// 4120// 4102//
f 4102// 4120// 4122//
f 4102// 4122// 4100//
f 4100// 4122// 4124//
f 4100// 4124// 4098//
f 4098// 4124// 4126//
f 4098// 4126// 4096//
f 4096// 4126// 4128//
f 4096// 4128// 4094//
f 4094// 4128// 4130//
f 4094// 4130// 4092//
f 4092// 4130// 4132//
f 4092// 4132// 4090//
f 4090// 4132// 4134//
f 4090// 4134// 4088//
f 4088// 4134// 4136//
f 4088// 4136// 4086//
f 4086// 4136// 4138//
f 4086// 4138// 4140//
f 4058// 4060// 4174//
f 4174// 4060// 4062//
f 4174// 4062// 4172//
f 4172// 4062// 4064//
f 4172// 4064// 4170//
f 4170// 4064// 4168//
f 4083// 4081// 4143//
f 4159// 4157// 4071//
f 4071// 4157// 4073//
f 4185// 4183// 4045//
f 4159// 4071// 4161//
f 4161// 4071// 4069//
f 4161// 4069// 4163//
f 4193// 4191// 4033//
f 4179// 4051// 4181//
f 4181// 4051// 4049//
f 4181// 4049// 4183//
f 4183// 4049// 4047//
f 4183// 4047// 4045//
f 4045// 4043// 4185//
f 4185// 4043// 4041//
f 4185// 4041// 4187//
f 4187// 4041// 4039//
f 4187// 4039// 4189//
f 4189// 4039// 4037//
f 4189// 4037// 4191//
f 4191// 4037// 4035//
f 4191// 4035// 4033//
f 4157// 4155// 4073//
f 4073// 4155// 4153//
f 4073// 4153// 4075//
f 4075// 4153// 4151//
f 4075// 4151// 4077//
f 4077// 4151// 4149//
f 4077// 4149// 4079//
f 4079// 4149// 4147//
f 4079// 4147// 4081//
f 4081// 4147// 4145//
f 4081// 4145// 4143//
f 3986// 4011// 3987//
f 3987// 4011// 4009//
f 3987// 4009// 3989//
f 3989// 4009// 4007//
f 3989// 4007// 3991//
f 3991// 4007// 4005//
f 3991// 4005// 3993//
f 3993// 4005// 4003//
f 3993// 4003// 3995//
f 3995// 4003// 4002//
f 3995// 4002// 3997//
f 3997// 4002// 3999//
f 4033// 4031// 4193//
f 4193// 4031// 4029//
f 4193// 4029// 4195//
f 4195// 4029// 4027//
f 4195// 4027// 4197//
f 4197// 4027// 4025//
f 4197// 4025// 4199//
f 4199// 4025// 4023//
f 4199// 4023// 4201//
f 4201// 4023// 4021//
f 4201// 4021// 4203//
f 4203// 4021// 4019//
f 4203// 4019// 4205//
f 4205// 4019// 4017//
f 4205// 4017// 4207//
f 4207// 4017// 4015//
f 4207// 4015// 3986//
f 3986// 4015// 4013//
f 3986// 4013// 4011//
f 4111// 4109// 4114//
f 4114// 4109// 4107//
f 4114// 4107// 4115//
f 4115// 4107// 4105//
f 4115// 4105// 4117//
f 4117// 4105// 4103//
f 4117// 4103// 4119//
f 4119// 4103// 4101//
f 4143// 4141// 4083//
f 4083// 4141// 4139//
f 4083// 4139// 4085//
f 4085// 4139// 4137//
f 4085// 4137// 4087//
f 4087// 4137// 4135//
f 4087// 4135// 4089//
f 4089// 4135// 4133//
f 4089// 4133// 4091//
f 4091// 4133// 4131//
f 4091// 4131// 4093//
f 4093// 4131// 4129//
f 4093// 4129// 4095//
f 4095// 4129// 4127//
f 4095// 4127// 4097//
f 4097// 4127// 4125//
f 4097// 4125// 4099//
f 4099// 4125// 4123//
f 4099// 4123// 4101//
f 4101// 4123// 4121//
f 4101// 4121// 4119//
f 4163// 4069// 4165//
f 4165// 4069// 4067//
f 4165// 4067// 4167//
f 4167// 4067// 4065//
f 4167// 4065// 4169//
f 4169// 4065// 4063//
f 4169// 4063// 4171//
f 4171// 4063// 4061//
f 4171// 4061// 4173//
f 4173// 4061// 4059//
f 4173// 4059// 4175//
f 4175// 4059// 4057//
f 4175// 4057// 4177//
f 4177// 4057// 4055//
f 4177// 4055// 4179//
f 4179// 4055// 4053//
f 4179// 4053// 4051//
f 4209// 4210// 4211//
f 4211// 4210// 4212//
f 4213// 4209// 4214//
f 4214// 4209// 4211//
f 4213// 4214// 4215//
f 4213// 4215// 4216//
f 4216// 4215// 4217//
f 4216// 4217// 4218//
f 4219// 4218// 4220//
f 4220// 4218// 4217//
f 4221// 4219// 4222//
f 4222// 4219// 4220//
f 4223// 4221// 4224//
f 4224// 4221// 4222//
f 4225// 4223// 4226//
f 4226// 4223// 4224//
f 4227// 4225// 4228//
f 4228// 4225// 4226//
f 4229// 4227// 4230//
f 4230// 4227// 4228//
f 4229// 4230// 4231//
f 4229// 4231// 4232//
f 4232// 4231// 4233//
f 4232// 4233// 4234//
f 4234// 4233// 4235//
f 4234// 4235// 4236//
f 4236// 4235// 4237//
f 4236// 4237// 4238//
f 4238// 4237// 4239//
f 4238// 4239// 4240//
f 4240// 4239// 4241//
f 4240// 4241// 4242//
f 4242// 4241// 4243//
f 4242// 4243// 4244//
f 4244// 4243// 4245//
f 4244// 4245// 4246//
f 4246// 4245// 4247//
f 4246// 4247// 4248//
f 4248// 4247// 4249//
f 4248// 4249// 4250//
f 4251// 4250// 4252//
f 4252// 4250// 4249//
f 4251// 4252// 4253//
f 4251// 4253// 4254//
f 4254// 4253// 4255//
f 4254// 4255// 4256//
f 4256// 4255// 4257//
f 4256// 4257// 4258//
f 4258// 4257// 4259//
f 4258// 4259// 4260//
f 4260// 4259// 4261//
f 4260// 4261// 4262//
f 4262// 4261// 4263//
f 4262// 4263// 4264//
f 4264// 4263// 4265//
f 4264// 4265// 4266//
f 4266// 4265// 4267//
f 4266// 4267// 4268//
f 4268// 4267// 4269//
f 4268// 4269// 4270//
f 4270// 4269// 4271//
f 4270// 4271// 4272//
f 4272// 4271// 4273//
f 4272// 4273// 4274//
f 4274// 4273// 4275//
f 4274// 4275// 4276//
f 4276// 4275// 4277//
f 4276// 4277// 4278//
f 4210// 4278// 4212//
f 4212// 4278// 4277//
f 4216// 4218// 4278//
f 4210// 4209// 4278//
f 4278// 4209// 4213//
f 4278// 4213// 4216//
f 4223// 4225// 4221//
f 4221// 4225// 4227//
f 4221// 4227// 4219//
f 4234// 4236// 4268//
f 4268// 4236// 4266//
f 4266// 4236// 4238//
f 4266// 4238// 4264//
f 4264// 4238// 4240//
f 4264// 4240// 4262//
f 4262// 4240// 4260//
f 4260// 4240// 4242//
f 4260// 4242// 4258//
f 4258// 4242// 4244//
f 4258// 4244// 4256//
f 4256// 4244// 4254//
f 4254// 4244// 4246//
f 4254// 4246// 4251//
f 4251// 4246// 4248//
f 4251// 4248// 4250//
f 4268// 4270// 4234//
f 4234// 4270// 4272//
f 4234// 4272// 4232//
f 4232// 4272// 4274//
f 4232// 4274// 4229//
f 4229// 4274// 4276//
f 4229// 4276// 4227//
f 4227// 4276// 4278//
f 4227// 4278// 4219//
f 4219// 4278// 4218//
f 4220// 4230// 4228//
f 4241// 4239// 4261//
f 4211// 4212// 4214//
f 4214// 4212// 4277//
f 4214// 4277// 4215//
f 4215// 4277// 4217//
f 4226// 4224// 4228//
f 4228// 4224// 4222//
f 4228// 4222// 4220//
f 4261// 4239// 4263//
f 4263// 4239// 4237//
f 4263// 4237// 4265//
f 4261// 4259// 4241//
f 4241// 4259// 4257//
f 4241// 4257// 4243//
f 4243// 4257// 4255//
f 4243// 4255// 4245//
f 4245// 4255// 4253//
f 4245// 4253// 4247//
f 4247// 4253// 4252//
f 4247// 4252// 4249//
f 4265// 4237// 4267//
f 4267// 4237// 4235//
f 4267// 4235// 4269//
f 4269// 4235// 4233//
f 4269// 4233// 4271//
f 4271// 4233// 4231//
f 4271// 4231// 4273//
f 4273// 4231// 4275//
f 4275// 4231// 4230//
f 4275// 4230// 4277//
f 4277// 4230// 4220//
f 4277// 4220// 4217//
f 4279// 4280// 4281//
f 4281// 4280// 4282//
f 4283// 4279// 4284//
f 4284// 4279// 4281//
f 4285// 4283// 4286//
f 4286// 4283// 4284//
f 4287// 4285// 4288//
f 4288// 4285// 4286//
f 4289// 4287// 4290//
f 4290// 4287// 4288//
f 4291// 4289// 4292//
f 4292// 4289// 4290//
f 4293// 4291// 4294//
f 4294// 4291// 4292//
f 4295// 4293// 4296//
f 4296// 4293// 4294//
f 4297// 4295// 4298//
f 4298// 4295// 4296//
f 4299// 4297// 4300//
f 4300// 4297// 4298//
f 4301// 4299// 4302//
f 4302// 4299// 4300//
f 4280// 4301// 4282//
f 4282// 4301// 4302//
f 4287// 4289// 4285//
f 4285// 4289// 4291//
f 4280// 4279// 4301//
f 4301// 4279// 4283//
f 4295// 4297// 4293//
f 4293// 4297// 4299//
f 4293// 4299// 4291//
f 4291// 4299// 4301//
f 4291// 4301// 4285//
f 4285// 4301// 4283//
f 4300// 4298// 4296//
f 4296// 4294// 4300//
f 4300// 4294// 4292//
f 4300// 4292// 4302//
f 4281// 4282// 4284//
f 4284// 4282// 4302//
f 4284// 4302// 4286//
f 4286// 4302// 4292//
f 4286// 4292// 4288//
f 4288// 4292// 4290//
f 4303// 4304// 4305//
f 4305// 4304// 4306//
f 4305// 4306// 4307//
f 4307// 4306// 4308//
f 4307// 4308// 4309//
f 4309// 4308// 4310//
f 4309// 4310// 4311//
f 4311// 4310// 4312//
f 4311// 4312// 4313//
f 4313// 4312// 4314//
f 4313// 4314// 4315//
f 4315// 4314// 4316//
f 4315// 4316// 4317//
f 4317// 4316// 4318//
f 4317// 4318// 4319//
f 4320// 4321// 4322//
f 4322// 4321// 4323//
f 4322// 4323// 4324//
f 4324// 4323// 4325//
f 4324// 4325// 4326//
f 4326// 4325// 4327//
f 4326// 4327// 4328//
f 4327// 4329// 4328//
f 4328// 4329// 4330//
f 4328// 4330// 4331//
f 4331// 4330// 4332//
f 4331// 4332// 4333//
f 4333// 4332// 4334//
f 4333// 4334// 4335//
f 4335// 4334// 4336//
f 4335// 4336// 4337//
f 4337// 4336// 4338//
f 4337// 4338// 4339//
f 4339// 4338// 4340//
f 4339// 4340// 4341//
f 4341// 4340// 4342//
f 4341// 4342// 4343//
f 4343// 4342// 4344//
f 4343// 4344// 4345//
f 4345// 4344// 4346//
f 4345// 4346// 4347//
f 4347// 4346// 4348//
f 4347// 4348// 4349//
f 4349// 4348// 4350//
f 4349// 4350// 4351//
f 4351// 4350// 4352//
f 4351// 4352// 4353//
f 4353// 4352// 4354//
f 4353// 4354// 4355//
f 4355// 4354// 4356//
f 4355// 4356// 4357//
f 4357// 4356// 4358//
f 4357// 4358// 4359//
f 4359// 4358// 4360//
f 4359// 4360// 4361//
f 4361// 4360// 4362//
f 4361// 4362// 4303//
f 4303// 4362// 4363//
f 4303// 4363// 4304//
f 4318// 4364// 4319//
f 4319// 4364// 4365//
f 4319// 4365// 4366//
f 4366// 4365// 4367//
f 4366// 4367// 4368//
f 4368// 4367// 4369//
f 4368// 4369// 4370//
f 4370// 4369// 4371//
f 4370// 4371// 4372//
f 4372// 4371// 4373//
f 4372// 4373// 4374//
f 4374// 4373// 4375//
f 4374// 4375// 4320//
f 4320// 4375// 4376//
f 4320// 4376// 4321//
f 4377// 4378// 4379//
f 4379// 4378// 4380//
f 4379// 4380// 4381//
f 4381// 4380// 4382//
f 4381// 4382// 4383//
f 4383// 4382// 4384//
f 4383// 4384// 4385//
f 4385// 4384// 4386//
f 4385// 4386// 4387//
f 4387// 4386// 4388//
f 4387// 4388// 4389//
f 4390// 4391// 4392//
f 4392// 4391// 4393//
f 4392// 4393// 4394//
f 4394// 4393// 4395//
f 4394// 4395// 4396//
f 4396// 4395// 4397//
f 4396// 4397// 4398//
f 4398// 4397// 4399//
f 4398// 4399// 4400//
f 4400// 4399// 4401//
f 4400// 4401// 4402//
f 4402// 4401// 4403//
f 4402// 4403// 4404//
f 4404// 4403// 4405//
f 4404// 4405// 4406//
f 4406// 4405// 4407//
f 4406// 4407// 4408//
f 4408// 4407// 4409//
f 4408// 4409// 4410//
f 4410// 4409// 4411//
f 4410// 4411// 4412//
f 4412// 4411// 4413//
f 4412// 4413// 4414//
f 4414// 4413// 4415//
f 4414// 4415// 4416//
f 4416// 4415// 4417//
f 4416// 4417// 4418//
f 4418// 4417// 4419//
f 4418// 4419// 4377//
f 4377// 4419// 4420//
f 4377// 4420// 4378//
f 4421// 4422// 4423//
f 4423// 4422// 4424//
f 4423// 4424// 4425//
f 4425// 4424// 4426//
f 4425// 4426// 4427//
f 4427// 4426// 4428//
f 4427// 4428// 4429//
f 4429// 4428// 4430//
f 4429// 4430// 4431//
f 4431// 4430// 4432//
f 4431// 4432// 4433//
f 4433// 4432// 4434//
f 4433// 4434// 4435//
f 4435// 4434// 4436//
f 4435// 4436// 4390//
f 4390// 4436// 4437//
f 4390// 4437// 4391//
f 4388// 4438// 4389//
f 4389// 4438// 4439//
f 4389// 4439// 4440//
f 4440// 4439// 4441//
f 4440// 4441// 4442//
f 4442// 4441// 4443//
f 4442// 4443// 4444//
f 4444// 4443// 4445//
f 4444// 4445// 4446//
f 4446// 4445// 4447//
f 4446// 4447// 4448//
f 4448// 4447// 4449//
f 4448// 4449// 4421//
f 4421// 4449// 4450//
f 4421// 4450// 4422//
f 4356// 4354// 4401//
f 4401// 4354// 4403//
f 4356// 4401// 4399//
f 4356// 4399// 4358//
f 4358// 4399// 4397//
f 4358// 4397// 4360//
f 4360// 4397// 4395//
f 4360// 4395// 4362//
f 4362// 4395// 4393//
f 4362// 4393// 4363//
f 4363// 4393// 4391//
f 4363// 4391// 4304//
f 4304// 4391// 4437//
f 4304// 4437// 4306//
f 4306// 4437// 4436//
f 4306// 4436// 4308//
f 4308// 4436// 4434//
f 4308// 4434// 4310//
f 4310// 4434// 4432//
f 4310// 4432// 4312//
f 4312// 4432// 4430//
f 4312// 4430// 4314//
f 4314// 4430// 4428//
f 4314// 4428// 4316//
f 4316// 4428// 4426//
f 4316// 4426// 4318//
f 4318// 4426// 4424//
f 4318// 4424// 4364//
f 4364// 4424// 4422//
f 4364// 4422// 4365//
f 4365// 4422// 4450//
f 4365// 4450// 4367//
f 4367// 4450// 4449//
f 4367// 4449// 4369//
f 4369// 4449// 4447//
f 4369// 4447// 4371//
f 4371// 4447// 4445//
f 4371// 4445// 4373//
f 4373// 4445// 4443//
f 4373// 4443// 4375//
f 4375// 4443// 4441//
f 4375// 4441// 4376//
f 4376// 4441// 4439//
f 4376// 4439// 4321//
f 4321// 4439// 4438//
f 4321// 4438// 4323//
f 4323// 4438// 4388//
f 4323// 4388// 4325//
f 4325// 4388// 4386//
f 4325// 4386// 4327//
f 4327// 4386// 4384//
f 4327// 4384// 4329//
f 4329// 4384// 4382//
f 4329// 4382// 4330//
f 4330// 4382// 4380//
f 4330// 4380// 4332//
f 4332// 4380// 4378//
f 4332// 4378// 4334//
f 4334// 4378// 4420//
f 4334// 4420// 4336//
f 4336// 4420// 4419//
f 4336// 4419// 4338//
f 4338// 4419// 4417//
f 4338// 4417// 4340//
f 4340// 4417// 4415//
f 4340// 4415// 4342//
f 4342// 4415// 4413//
f 4342// 4413// 4344//
f 4344// 4413// 4411//
f 4344// 4411// 4346//
f 4346// 4411// 4409//
f 4346// 4409// 4348//
f 4348// 4409// 4407//
f 4348// 4407// 4350//
f 4352// 4350// 4405//
f 4405// 4350// 4407//
f 4354// 4352// 4403//
f 4403// 4352// 4405//
f 4349// 4351// 4406//
f 4406// 4351// 4404//
f 4351// 4353// 4404//
f 4404// 4353// 4402//
f 4353// 4355// 4402//
f 4402// 4355// 4400//
f 4311// 4431// 4433//
f 4311// 4433// 4309//
f 4309// 4433// 4435//
f 4309// 4435// 4307//
f 4307// 4435// 4390//
f 4307// 4390// 4305//
f 4305// 4390// 4392//
f 4305// 4392// 4303//
f 4303// 4392// 4394//
f 4303// 4394// 4361//
f 4361// 4394// 4396//
f 4361// 4396// 4359//
f 4359// 4396// 4398//
f 4359// 4398// 4357//
f 4357// 4398// 4400//
f 4357// 4400// 4355//
f 4372// 4444// 4446//
f 4372// 4446// 4370//
f 4370// 4446// 4448//
f 4370// 4448// 4368//
f 4368// 4448// 4421//
f 4368// 4421// 4366//
f 4366// 4421// 4423//
f 4366// 4423// 4319//
f 4319// 4423// 4425//
f 4319// 4425// 4317//
f 4317// 4425// 4427//
f 4317// 4427// 4315//
f 4315// 4427// 4429//
f 4315// 4429// 4313//
f 4313// 4429// 4431//
f 4313// 4431// 4311//
f 4333// 4379// 4381//
f 4333// 4381// 4331//
f 4331// 4381// 4383//
f 4331// 4383// 4328//
f 4328// 4383// 4385//
f 4328// 4385// 4326//
f 4326// 4385// 4387//
f 4326// 4387// 4324//
f 4324// 4387// 4389//
f 4324// 4389// 4322//
f 4322// 4389// 4440//
f 4322// 4440// 4320//
f 4320// 4440// 4442//
f 4320// 4442// 4374//
f 4374// 4442// 4444//
f 4374// 4444// 4372//
f 4349// 4406// 4408//
f 4349// 4408// 4347//
f 4347// 4408// 4410//
f 4347// 4410// 4345//
f 4345// 4410// 4412//
f 4345// 4412// 4343//
f 4343// 4412// 4414//
f 4343// 4414// 4341//
f 4341// 4414// 4416//
f 4341// 4416// 4339//
f 4339// 4416// 4418//
f 4339// 4418// 4337//
f 4337// 4418// 4377//
f 4337// 4377// 4335//
f 4335// 4377// 4379//
f 4335// 4379// 4333//
f 4451// 4452// 4453//
f 4454// 4455// 4456//
f 4452// 4457// 4453//
f 4453// 4457// 4458//
f 4453// 4458// 4459//
f 4459// 4458// 4460//
f 4459// 4460// 4461//
f 4461// 4462// 4459//
f 4459// 4462// 4463//
f 4459// 4463// 4464//
f 4465// 4464// 4466//
f 4466// 4464// 4463//
f 4466// 4463// 4456//
f 4456// 4463// 4451//
f 4456// 4451// 4454//
f 4454// 4451// 4453//
f 4467// 4468// 4469//
f 4469// 4468// 4470//
f 4471// 4472// 4470//
f 4470// 4472// 4473//
f 4470// 4473// 4469//
f 4469// 4473// 4474//
f 4471// 4475// 4472//
f 4472// 4475// 4476//
f 4472// 4476// 4477//
f 4477// 4476// 4478//
f 4477// 4478// 4479//
f 4479// 4480// 4477//
f 4477// 4480// 4468//
f 4477// 4468// 4481//
f 4481// 4468// 4467//
f 4481// 4467// 4482//
f 4459// 4464// 4472//
f 4472// 4464// 4473//
f 4453// 4459// 4477//
f 4477// 4459// 4472//
f 4454// 4453// 4481//
f 4481// 4453// 4477//
f 4455// 4454// 4482//
f 4482// 4454// 4481//
f 4456// 4455// 4467//
f 4467// 4455// 4482//
f 4466// 4456// 4469//
f 4469// 4456// 4467//
f 4465// 4466// 4474//
f 4474// 4466// 4469//
f 4464// 4465// 4473//
f 4473// 4465// 4474//
f 4451// 4463// 4468//
f 4468// 4463// 4470//
f 4463// 4462// 4470//
f 4470// 4462// 4471//
f 4460// 4476// 4475//
f 4460// 4475// 4461//
f 4461// 4475// 4471//
f 4461// 4471// 4462//
f 4460// 4458// 4476//
f 4476// 4458// 4478//
f 4452// 4480// 4479//
f 4452// 4479// 4457//
f 4457// 4479// 4478//
f 4457// 4478// 4458//
f 4452// 4451// 4480//
f 4480// 4451// 4468//
f 4483// 4484// 4485//
f 4486// 4487// 4488//
f 4489// 4490// 4491//
f 4492// 4493// 4494//
f 4494// 4493// 4495//
f 4496// 4497// 4498//
f 4499// 4500// 4485//
f 4485// 4500// 4501//
f 4485// 4501// 4483//
f 4502// 4503// 4504//
f 4504// 4503// 4505//
f 4504// 4505// 4506//
f 4506// 4505// 4507//
f 4506// 4507// 4508//
f 4508// 4507// 4509//
f 4508// 4509// 4510//
f 4511// 4512// 4505//
f 4505// 4512// 4513//
f 4505// 4513// 4507//
f 4507// 4513// 4514//
f 4507// 4514// 4515//
f 4516// 4517// 4518//
f 4518// 4517// 4485//
f 4518// 4485// 4519//
f 4520// 4521// 4522//
f 4523// 4484// 4524//
f 4524// 4484// 4525//
f 4524// 4525// 4526//
f 4498// 4497// 4527//
f 4527// 4497// 4528//
f 4527// 4528// 4529//
f 4529// 4528// 4530//
f 4529// 4530// 4531//
f 4491// 4490// 4532//
f 4532// 4490// 4533//
f 4532// 4533// 4534//
f 4495// 4493// 4535//
f 4535// 4493// 4536//
f 4535// 4536// 4537//
f 4538// 4539// 4485//
f 4485// 4539// 4540//
f 4485// 4540// 4499//
f 4510// 4541// 4508//
f 4508// 4541// 4542//
f 4508// 4542// 4543//
f 4544// 4545// 4546//
f 4546// 4545// 4547//
f 4546// 4547// 4548//
f 4548// 4547// 4549//
f 4548// 4549// 4550//
f 4544// 4546// 4551//
f 4551// 4546// 4552//
f 4551// 4552// 4553//
f 4553// 4552// 4554//
f 4553// 4554// 4555//
f 4555// 4554// 4556//
f 4555// 4556// 4557//
f 4549// 4558// 4550//
f 4550// 4558// 4559//
f 4550// 4559// 4560//
f 4560// 4559// 4561//
f 4560// 4561// 4516//
f 4516// 4561// 4562//
f 4516// 4562// 4517//
f 4563// 4564// 4565//
f 4565// 4564// 4566//
f 4565// 4566// 4567//
f 4567// 4566// 4568//
f 4567// 4568// 4569//
f 4487// 4570// 4488//
f 4488// 4570// 4571//
f 4488// 4571// 4572//
f 4572// 4571// 4573//
f 4572// 4573// 4574//
f 4574// 4573// 4575//
f 4574// 4575// 4576//
f 4576// 4575// 4489//
f 4576// 4489// 4577//
f 4577// 4489// 4491//
f 4578// 4579// 4580//
f 4580// 4579// 4581//
f 4580// 4581// 4538//
f 4538// 4581// 4582//
f 4538// 4582// 4539//
f 4522// 4521// 4583//
f 4583// 4521// 4584//
f 4583// 4584// 4585//
f 4585// 4584// 4586//
f 4586// 4584// 4587//
f 4586// 4587// 4588//
f 4588// 4587// 4589//
f 4588// 4589// 4590//
f 4590// 4589// 4591//
f 4590// 4591// 4592//
f 4592// 4591// 4593//
f 4592// 4593// 4488//
f 4488// 4593// 4594//
f 4488// 4594// 4486//
f 4523// 4595// 4484//
f 4484// 4595// 4596//
f 4484// 4596// 4485//
f 4485// 4596// 4597//
f 4485// 4597// 4519//
f 4498// 4598// 4496//
f 4496// 4598// 4599//
f 4496// 4599// 4600//
f 4600// 4599// 4601//
f 4600// 4601// 4602//
f 4602// 4601// 4603//
f 4602// 4603// 4604//
f 4604// 4603// 4605//
f 4604// 4605// 4606//
f 4536// 4607// 4537//
f 4537// 4607// 4608//
f 4537// 4608// 4609//
f 4609// 4608// 4610//
f 4609// 4610// 4611//
f 4612// 4613// 4614//
f 4614// 4613// 4615//
f 4614// 4615// 4616//
f 4616// 4615// 4617//
f 4616// 4617// 4578//
f 4578// 4617// 4618//
f 4578// 4618// 4579//
f 4557// 4556// 4505//
f 4505// 4556// 4619//
f 4505// 4619// 4511//
f 4525// 4620// 4526//
f 4526// 4620// 4621//
f 4526// 4621// 4622//
f 4622// 4621// 4623//
f 4622// 4623// 4624//
f 4625// 4626// 4627//
f 4627// 4626// 4628//
f 4627// 4628// 4629//
f 4629// 4628// 4630//
f 4629// 4630// 4631//
f 4631// 4630// 4632//
f 4631// 4632// 4563//
f 4563// 4632// 4633//
f 4563// 4633// 4564//
f 4605// 4634// 4606//
f 4606// 4634// 4635//
f 4606// 4635// 4636//
f 4636// 4635// 4637//
f 4636// 4637// 4625//
f 4625// 4637// 4638//
f 4625// 4638// 4626//
f 4515// 4639// 4507//
f 4507// 4639// 4640//
f 4507// 4640// 4641//
f 4641// 4640// 4624//
f 4641// 4624// 4642//
f 4642// 4624// 4623//
f 4492// 4643// 4493//
f 4493// 4643// 4644//
f 4493// 4644// 4645//
f 4645// 4644// 4646//
f 4645// 4646// 4647//
f 4647// 4646// 4569//
f 4647// 4569// 4648//
f 4648// 4569// 4568//
f 4649// 4650// 4651//
f 4652// 4653// 4654//
f 4654// 4653// 4655//
f 4654// 4655// 4656//
f 4656// 4655// 4657//
f 4656// 4657// 4658//
f 4658// 4657// 4659//
f 4658// 4659// 4660//
f 4660// 4659// 4661//
f 4660// 4661// 4612//
f 4612// 4661// 4662//
f 4612// 4662// 4613//
f 4663// 4664// 4649//
f 4649// 4664// 4665//
f 4649// 4665// 4650//
f 4530// 4666// 4531//
f 4531// 4666// 4649//
f 4531// 4649// 4667//
f 4667// 4649// 4651//
f 4668// 4669// 4670//
f 4670// 4669// 4671//
f 4672// 4673// 4674//
f 4673// 4675// 4674//
f 4674// 4675// 4676//
f 4674// 4676// 4677//
f 4534// 4533// 4678//
f 4678// 4533// 4679//
f 4678// 4679// 4668//
f 4668// 4679// 4680//
f 4668// 4680// 4669//
f 4522// 4681// 4520//
f 4520// 4681// 4682//
f 4520// 4682// 4683//
f 4683// 4682// 4684//
f 4683// 4684// 4652//
f 4652// 4684// 4685//
f 4652// 4685// 4653//
f 4663// 4649// 4674//
f 4674// 4649// 4686//
f 4674// 4686// 4672//
f 4610// 4687// 4611//
f 4611// 4687// 4688//
f 4611// 4688// 4689//
f 4689// 4688// 4690//
f 4689// 4690// 4691//
f 4691// 4690// 4692//
f 4691// 4692// 4693//
f 4693// 4692// 4694//
f 4693// 4694// 4671//
f 4671// 4694// 4695//
f 4671// 4695// 4670//
f 4696// 4697// 4698//
f 4698// 4697// 4699//
f 4698// 4699// 4700//
f 4701// 4702// 4703//
f 4701// 4703// 4704//
f 4705// 4706// 4707//
f 4699// 4708// 4700//
f 4700// 4708// 4709//
f 4700// 4709// 4710//
f 4710// 4709// 4711//
f 4712// 4713// 4714//
f 4715// 4716// 4717//
f 4717// 4716// 4718//
f 4719// 4720// 4721//
f 4721// 4720// 4722//
f 4721// 4722// 4723//
f 4723// 4722// 4724//
f 4723// 4724// 4725//
f 4725// 4724// 4726//
f 4725// 4726// 4727//
f 4728// 4729// 4730//
f 4731// 4732// 4700//
f 4700// 4732// 4733//
f 4700// 4733// 4698//
f 4698// 4733// 4734//
f 4707// 4706// 4717//
f 4717// 4706// 4735//
f 4717// 4735// 4715//
f 4714// 4736// 4712//
f 4712// 4736// 4703//
f 4712// 4703// 4737//
f 4737// 4703// 4702//
f 4718// 4738// 4717//
f 4717// 4738// 4739//
f 4717// 4739// 4740//
f 4740// 4739// 4727//
f 4740// 4727// 4741//
f 4741// 4727// 4726//
f 4730// 4729// 4742//
f 4742// 4729// 4743//
f 4742// 4743// 4700//
f 4700// 4743// 4744//
f 4700// 4744// 4731//
f 4713// 4712// 4745//
f 4745// 4712// 4746//
f 4745// 4746// 4747//
f 4730// 4748// 4728//
f 4728// 4748// 4749//
f 4728// 4749// 4750//
f 4750// 4749// 4751//
f 4750// 4751// 4752//
f 4752// 4751// 4753//
f 4752// 4753// 4754//
f 4754// 4753// 4745//
f 4754// 4745// 4755//
f 4755// 4745// 4747//
f 4756// 4757// 4709//
f 4709// 4757// 4758//
f 4709// 4758// 4711//
f 4707// 4759// 4705//
f 4705// 4759// 4760//
f 4705// 4760// 4761//
f 4761// 4760// 4762//
f 4761// 4762// 4763//
f 4764// 4765// 4766//
f 4766// 4765// 4767//
f 4766// 4767// 4768//
f 4768// 4767// 4769//
f 4768// 4769// 4770//
f 4770// 4769// 4771//
f 4770// 4771// 4772//
f 4773// 4774// 4775//
f 4775// 4774// 4776//
f 4775// 4776// 4777//
f 4777// 4776// 4778//
f 4777// 4778// 4779//
f 4779// 4778// 4780//
f 4779// 4780// 4781//
f 4782// 4783// 4784//
f 4784// 4783// 4785//
f 4784// 4785// 4786//
f 4787// 4788// 4789//
f 4789// 4788// 4790//
f 4789// 4790// 4791//
f 4791// 4790// 4792//
f 4791// 4792// 4793//
f 4793// 4792// 4794//
f 4793// 4794// 4795//
f 4795// 4794// 4796//
f 4795// 4796// 4797//
f 4798// 4799// 4787//
f 4786// 4800// 4784//
f 4784// 4800// 4801//
f 4784// 4801// 4802//
f 4802// 4801// 4803//
f 4802// 4803// 4804//
f 4804// 4803// 4805//
f 4804// 4805// 4806//
f 4806// 4805// 4807//
f 4734// 4808// 4698//
f 4698// 4808// 4809//
f 4698// 4809// 4810//
f 4810// 4809// 4811//
f 4810// 4811// 4812//
f 4812// 4811// 4813//
f 4812// 4813// 4814//
f 4814// 4813// 4815//
f 4815// 4813// 4816//
f 4815// 4816// 4817//
f 4817// 4816// 4818//
f 4817// 4818// 4819//
f 4819// 4818// 4820//
f 4820// 4818// 4821//
f 4820// 4821// 4822//
f 4822// 4821// 4823//
f 4823// 4821// 4824//
f 4823// 4824// 4825//
f 4825// 4824// 4826//
f 4825// 4826// 4827//
f 4827// 4826// 4828//
f 4828// 4826// 4829//
f 4828// 4829// 4830//
f 4830// 4829// 4831//
f 4830// 4831// 4712//
f 4712// 4831// 4832//
f 4712// 4832// 4746//
f 4833// 4834// 4835//
f 4835// 4834// 4836//
f 4835// 4836// 4719//
f 4719// 4836// 4837//
f 4719// 4837// 4720//
f 4796// 4838// 4797//
f 4797// 4838// 4839//
f 4797// 4839// 4840//
f 4840// 4839// 4841//
f 4840// 4841// 4833//
f 4833// 4841// 4842//
f 4833// 4842// 4834//
f 4799// 4843// 4787//
f 4787// 4843// 4844//
f 4787// 4844// 4788//
f 4845// 4846// 4847//
f 4847// 4846// 4848//
f 4780// 4849// 4781//
f 4781// 4849// 4850//
f 4781// 4850// 4851//
f 4851// 4850// 4852//
f 4851// 4852// 4764//
f 4764// 4852// 4853//
f 4764// 4853// 4765//
f 4771// 4854// 4772//
f 4772// 4854// 4855//
f 4772// 4855// 4856//
f 4856// 4855// 4857//
f 4856// 4857// 4858//
f 4858// 4857// 4859//
f 4858// 4859// 4860//
f 4860// 4859// 4861//
f 4860// 4861// 4862//
f 4862// 4861// 4863//
f 4862// 4863// 4864//
f 4864// 4863// 4865//
f 4864// 4865// 4847//
f 4847// 4865// 4866//
f 4847// 4866// 4845//
f 4848// 4867// 4847//
f 4847// 4867// 4868//
f 4847// 4868// 4869//
f 4784// 4870// 4782//
f 4782// 4870// 4871//
f 4782// 4871// 4872//
f 4872// 4871// 4873//
f 4872// 4873// 4874//
f 4874// 4873// 4875//
f 4874// 4875// 4773//
f 4773// 4875// 4876//
f 4773// 4876// 4774//
f 4704// 4703// 4787//
f 4787// 4703// 4877//
f 4787// 4877// 4878//
f 4879// 4880// 4869//
f 4869// 4880// 4881//
f 4869// 4881// 4882//
f 4878// 4883// 4787//
f 4787// 4883// 4884//
f 4787// 4884// 4798//
f 4885// 4886// 4887//
f 4887// 4886// 4888//
f 4887// 4888// 4807//
f 4807// 4888// 4889//
f 4807// 4889// 4806//
f 4762// 4890// 4763//
f 4763// 4890// 4891//
f 4763// 4891// 4892//
f 4892// 4891// 4893//
f 4892// 4893// 4894//
f 4894// 4893// 4895//
f 4894// 4895// 4896//
f 4896// 4895// 4897//
f 4896// 4897// 4898//
f 4898// 4897// 4899//
f 4898// 4899// 4900//
f 4900// 4899// 4901//
f 4900// 4901// 4902//
f 4902// 4901// 4903//
f 4902// 4903// 4904//
f 4904// 4903// 4905//
f 4904// 4905// 4885//
f 4885// 4905// 4906//
f 4885// 4906// 4886//
f 4882// 4907// 4869//
f 4869// 4907// 4908//
f 4869// 4908// 4847//
f 4628// 4849// 4780//
f 4628// 4780// 4630//
f 4630// 4780// 4778//
f 4630// 4778// 4632//
f 4632// 4778// 4776//
f 4632// 4776// 4633//
f 4633// 4776// 4774//
f 4633// 4774// 4564//
f 4564// 4774// 4876//
f 4564// 4876// 4566//
f 4566// 4876// 4875//
f 4566// 4875// 4568//
f 4568// 4875// 4873//
f 4568// 4873// 4648//
f 4648// 4873// 4871//
f 4648// 4871// 4647//
f 4647// 4871// 4870//
f 4647// 4870// 4645//
f 4645// 4870// 4784//
f 4645// 4784// 4493//
f 4493// 4784// 4802//
f 4493// 4802// 4536//
f 4536// 4802// 4804//
f 4536// 4804// 4607//
f 4607// 4804// 4806//
f 4607// 4806// 4608//
f 4608// 4806// 4889//
f 4608// 4889// 4610//
f 4610// 4889// 4888//
f 4610// 4888// 4687//
f 4687// 4888// 4886//
f 4687// 4886// 4688//
f 4688// 4886// 4906//
f 4688// 4906// 4690//
f 4690// 4906// 4905//
f 4690// 4905// 4692//
f 4692// 4905// 4903//
f 4692// 4903// 4694//
f 4694// 4903// 4901//
f 4694// 4901// 4695//
f 4695// 4901// 4899//
f 4695// 4899// 4670//
f 4670// 4899// 4897//
f 4670// 4897// 4668//
f 4668// 4897// 4895//
f 4668// 4895// 4678//
f 4678// 4895// 4893//
f 4678// 4893// 4534//
f 4534// 4893// 4891//
f 4534// 4891// 4532//
f 4532// 4891// 4890//
f 4532// 4890// 4491//
f 4491// 4890// 4762//
f 4491// 4762// 4577//
f 4577// 4762// 4760//
f 4577// 4760// 4576//
f 4576// 4760// 4759//
f 4576// 4759// 4574//
f 4574// 4759// 4707//
f 4574// 4707// 4572//
f 4572// 4707// 4717//
f 4572// 4717// 4488//
f 4488// 4717// 4740//
f 4488// 4740// 4592//
f 4592// 4740// 4741//
f 4592// 4741// 4590//
f 4590// 4741// 4726//
f 4590// 4726// 4588//
f 4588// 4726// 4724//
f 4588// 4724// 4586//
f 4586// 4724// 4722//
f 4586// 4722// 4585//
f 4585// 4722// 4720//
f 4585// 4720// 4583//
f 4583// 4720// 4837//
f 4583// 4837// 4522//
f 4522// 4837// 4836//
f 4522// 4836// 4681//
f 4681// 4836// 4834//
f 4681// 4834// 4682//
f 4682// 4834// 4842//
f 4682// 4842// 4684//
f 4684// 4842// 4841//
f 4684// 4841// 4685//
f 4685// 4841// 4839//
f 4685// 4839// 4653//
f 4653// 4839// 4838//
f 4653// 4838// 4655//
f 4655// 4838// 4796//
f 4655// 4796// 4657//
f 4657// 4796// 4794//
f 4657// 4794// 4659//
f 4659// 4794// 4792//
f 4659// 4792// 4661//
f 4661// 4792// 4790//
f 4661// 4790// 4662//
f 4662// 4790// 4788//
f 4662// 4788// 4613//
f 4613// 4788// 4844//
f 4613// 4844// 4615//
f 4615// 4844// 4843//
f 4615// 4843// 4617//
f 4617// 4843// 4799//
f 4617// 4799// 4618//
f 4618// 4799// 4798//
f 4618// 4798// 4579//
f 4579// 4798// 4884//
f 4579// 4884// 4581//
f 4581// 4884// 4883//
f 4581// 4883// 4582//
f 4582// 4883// 4878//
f 4582// 4878// 4539//
f 4539// 4878// 4877//
f 4539// 4877// 4540//
f 4540// 4877// 4703//
f 4540// 4703// 4499//
f 4499// 4703// 4736//
f 4499// 4736// 4500//
f 4500// 4736// 4714//
f 4500// 4714// 4501//
f 4501// 4714// 4713//
f 4501// 4713// 4483//
f 4483// 4713// 4745//
f 4483// 4745// 4484//
f 4484// 4745// 4753//
f 4484// 4753// 4525//
f 4525// 4753// 4751//
f 4525// 4751// 4620//
f 4620// 4751// 4749//
f 4620// 4749// 4621//
f 4621// 4749// 4748//
f 4621// 4748// 4623//
f 4623// 4748// 4730//
f 4623// 4730// 4642//
f 4642// 4730// 4742//
f 4642// 4742// 4641//
f 4641// 4742// 4700//
f 4641// 4700// 4507//
f 4507// 4700// 4710//
f 4507// 4710// 4509//
f 4509// 4710// 4711//
f 4509// 4711// 4510//
f 4510// 4711// 4758//
f 4510// 4758// 4541//
f 4541// 4758// 4757//
f 4541// 4757// 4542//
f 4542// 4757// 4756//
f 4542// 4756// 4543//
f 4543// 4756// 4709//
f 4543// 4709// 4508//
f 4508// 4709// 4708//
f 4508// 4708// 4506//
f 4504// 4506// 4699//
f 4699// 4506// 4708//
f 4502// 4504// 4697//
f 4697// 4504// 4699//
f 4503// 4502// 4696//
f 4696// 4502// 4697//
f 4505// 4503// 4698//
f 4698// 4503// 4696//
f 4505// 4698// 4810//
f 4505// 4810// 4557//
f 4557// 4810// 4812//
f 4557// 4812// 4555//
f 4555// 4812// 4814//
f 4555// 4814// 4553//
f 4553// 4814// 4815//
f 4553// 4815// 4551//
f 4551// 4815// 4817//
f 4551// 4817// 4544//
f 4544// 4817// 4819//
f 4544// 4819// 4545//
f 4545// 4819// 4820//
f 4545// 4820// 4547//
f 4547// 4820// 4822//
f 4547// 4822// 4549//
f 4549// 4822// 4823//
f 4549// 4823// 4558//
f 4558// 4823// 4825//
f 4558// 4825// 4559//
f 4559// 4825// 4827//
f 4559// 4827// 4561//
f 4561// 4827// 4828//
f 4561// 4828// 4562//
f 4562// 4828// 4830//
f 4562// 4830// 4517//
f 4517// 4830// 4712//
f 4517// 4712// 4485//
f 4485// 4712// 4737//
f 4485// 4737// 4538//
f 4538// 4737// 4702//
f 4538// 4702// 4580//
f 4580// 4702// 4701//
f 4580// 4701// 4578//
f 4578// 4701// 4704//
f 4578// 4704// 4616//
f 4616// 4704// 4787//
f 4616// 4787// 4614//
f 4614// 4787// 4789//
f 4614// 4789// 4612//
f 4612// 4789// 4791//
f 4612// 4791// 4660//
f 4660// 4791// 4793//
f 4660// 4793// 4658//
f 4658// 4793// 4795//
f 4658// 4795// 4656//
f 4656// 4795// 4797//
f 4656// 4797// 4654//
f 4654// 4797// 4840//
f 4654// 4840// 4652//
f 4652// 4840// 4833//
f 4652// 4833// 4683//
f 4683// 4833// 4835//
f 4683// 4835// 4520//
f 4520// 4835// 4719//
f 4520// 4719// 4521//
f 4521// 4719// 4721//
f 4521// 4721// 4584//
f 4584// 4721// 4723//
f 4584// 4723// 4587//
f 4587// 4723// 4725//
f 4587// 4725// 4589//
f 4589// 4725// 4727//
f 4589// 4727// 4591//
f 4591// 4727// 4739//
f 4591// 4739// 4593//
f 4593// 4739// 4738//
f 4593// 4738// 4594//
f 4594// 4738// 4718//
f 4594// 4718// 4486//
f 4486// 4718// 4716//
f 4486// 4716// 4487//
f 4487// 4716// 4715//
f 4487// 4715// 4570//
f 4570// 4715// 4735//
f 4570// 4735// 4571//
f 4571// 4735// 4706//
f 4571// 4706// 4573//
f 4573// 4706// 4705//
f 4573// 4705// 4575//
f 4575// 4705// 4761//
f 4575// 4761// 4489//
f 4489// 4761// 4763//
f 4489// 4763// 4490//
f 4490// 4763// 4892//
f 4490// 4892// 4533//
f 4533// 4892// 4894//
f 4533// 4894// 4679//
f 4679// 4894// 4896//
f 4679// 4896// 4680//
f 4680// 4896// 4898//
f 4680// 4898// 4669//
f 4669// 4898// 4900//
f 4669// 4900// 4671//
f 4671// 4900// 4902//
f 4671// 4902// 4693//
f 4693// 4902// 4904//
f 4693// 4904// 4691//
f 4691// 4904// 4885//
f 4691// 4885// 4689//
f 4689// 4885// 4887//
f 4689// 4887// 4611//
f 4611// 4887// 4807//
f 4611// 4807// 4609//
f 4609// 4807// 4805//
f 4609// 4805// 4537//
f 4537// 4805// 4803//
f 4537// 4803// 4535//
f 4535// 4803// 4801//
f 4535// 4801// 4495//
f 4495// 4801// 4800//
f 4495// 4800// 4494//
f 4494// 4800// 4786//
f 4494// 4786// 4492//
f 4643// 4492// 4785//
f 4785// 4492// 4786//
f 4643// 4785// 4783//
f 4643// 4783// 4644//
f 4644// 4783// 4782//
f 4644// 4782// 4646//
f 4646// 4782// 4872//
f 4646// 4872// 4569//
f 4569// 4872// 4874//
f 4569// 4874// 4567//
f 4567// 4874// 4773//
f 4567// 4773// 4565//
f 4565// 4773// 4775//
f 4565// 4775// 4563//
f 4563// 4775// 4777//
f 4563// 4777// 4631//
f 4631// 4777// 4779//
f 4631// 4779// 4629//
f 4629// 4779// 4781//
f 4629// 4781// 4627//
f 4627// 4781// 4851//
f 4627// 4851// 4625//
f 4625// 4851// 4764//
f 4625// 4764// 4636//
f 4636// 4764// 4766//
f 4636// 4766// 4606//
f 4606// 4766// 4768//
f 4606// 4768// 4604//
f 4604// 4768// 4770//
f 4604// 4770// 4602//
f 4602// 4770// 4772//
f 4602// 4772// 4600//
f 4600// 4772// 4856//
f 4600// 4856// 4496//
f 4496// 4856// 4858//
f 4496// 4858// 4497//
f 4497// 4858// 4860//
f 4497// 4860// 4528//
f 4530// 4528// 4862//
f 4862// 4528// 4860//
f 4530// 4862// 4864//
f 4530// 4864// 4666//
f 4666// 4864// 4847//
f 4666// 4847// 4649//
f 4649// 4847// 4908//
f 4649// 4908// 4686//
f 4686// 4908// 4907//
f 4686// 4907// 4672//
f 4672// 4907// 4882//
f 4672// 4882// 4673//
f 4673// 4882// 4881//
f 4673// 4881// 4675//
f 4675// 4881// 4880//
f 4675// 4880// 4676//
f 4676// 4880// 4879//
f 4676// 4879// 4677//
f 4677// 4879// 4869//
f 4677// 4869// 4674//
f 4674// 4869// 4868//
f 4674// 4868// 4663//
f 4663// 4868// 4867//
f 4663// 4867// 4664//
f 4664// 4867// 4848//
f 4664// 4848// 4665//
f 4665// 4848// 4846//
f 4665// 4846// 4650//
f 4650// 4846// 4845//
f 4650// 4845// 4651//
f 4651// 4845// 4866//
f 4651// 4866// 4667//
f 4667// 4866// 4865//
f 4667// 4865// 4531//
f 4531// 4865// 4863//
f 4531// 4863// 4529//
f 4527// 4529// 4861//
f 4861// 4529// 4863//
f 4527// 4861// 4859//
f 4527// 4859// 4498//
f 4498// 4859// 4857//
f 4498// 4857// 4598//
f 4598// 4857// 4855//
f 4598// 4855// 4599//
f 4599// 4855// 4854//
f 4599// 4854// 4601//
f 4601// 4854// 4771//
f 4601// 4771// 4603//
f 4603// 4771// 4769//
f 4603// 4769// 4605//
f 4605// 4769// 4767//
f 4605// 4767// 4634//
f 4634// 4767// 4765//
f 4634// 4765// 4635//
f 4635// 4765// 4853//
f 4635// 4853// 4637//
f 4637// 4853// 4852//
f 4637// 4852// 4638//
f 4638// 4852// 4850//
f 4638// 4850// 4626//
f 4626// 4850// 4849//
f 4626// 4849// 4628//
f 4546// 4818// 4816//
f 4546// 4816// 4552//
f 4552// 4816// 4813//
f 4552// 4813// 4554//
f 4554// 4813// 4811//
f 4554// 4811// 4556//
f 4556// 4811// 4809//
f 4556// 4809// 4619//
f 4619// 4809// 4808//
f 4619// 4808// 4511//
f 4511// 4808// 4734//
f 4511// 4734// 4512//
f 4512// 4734// 4733//
f 4512// 4733// 4513//
f 4513// 4733// 4732//
f 4513// 4732// 4514//
f 4514// 4732// 4731//
f 4514// 4731// 4515//
f 4515// 4731// 4744//
f 4515// 4744// 4639//
f 4639// 4744// 4743//
f 4639// 4743// 4640//
f 4640// 4743// 4729//
f 4640// 4729// 4624//
f 4624// 4729// 4728//
f 4624// 4728// 4622//
f 4622// 4728// 4750//
f 4622// 4750// 4526//
f 4526// 4750// 4752//
f 4526// 4752// 4524//
f 4524// 4752// 4754//
f 4524// 4754// 4523//
f 4523// 4754// 4755//
f 4523// 4755// 4595//
f 4595// 4755// 4747//
f 4595// 4747// 4596//
f 4596// 4747// 4746//
f 4596// 4746// 4597//
f 4597// 4746// 4832//
f 4597// 4832// 4519//
f 4519// 4832// 4831//
f 4519// 4831// 4518//
f 4518// 4831// 4829//
f 4518// 4829// 4516//
f 4516// 4829// 4826//
f 4516// 4826// 4560//
f 4560// 4826// 4824//
f 4560// 4824// 4550//
f 4550// 4824// 4821//
f 4550// 4821// 4548//
f 4548// 4821// 4818//
f 4548// 4818// 4546//
usemtl 3
f 4909// 4910// 4911//
f 4911// 4910// 4912//
f 4913// 4914// 4915//
f 4915// 4914// 4916//
f 4917// 4918// 4919//
f 4919// 4918// 4920//
f 4921// 4922// 4923//
f 4923// 4922// 4924//
f 4925// 4926// 4924//
f 4924// 4926// 4927//
f 4924// 4927// 4923//
f 4923// 4927// 4928//
f 4909// 4929// 4930//
f 4909// 4930// 4910//
f 4910// 4930// 4931//
f 4910// 4931// 4932//
f 4917// 4933// 4934//
f 4917// 4934// 4918//
f 4918// 4934// 4935//
f 4918// 4935// 4936//
f 4916// 4937// 4938//
f 4916// 4938// 4915//
f 4915// 4938// 4939//
f 4915// 4939// 4940//
f 4941// 4942// 4913//
f 4913// 4942// 4943//
f 4913// 4943// 4914//
f 4914// 4943// 4944//
f 4945// 4946// 4920//
f 4920// 4946// 4947//
f 4920// 4947// 4919//
f 4919// 4947// 4948//
f 4949// 4950// 4912//
f 4912// 4950// 4951//
f 4912// 4951// 4911//
f 4911// 4951// 4952//
f 4953// 4954// 4921//
f 4921// 4954// 4955//
f 4921// 4955// 4922//
f 4922// 4955// 4956//
f 4927// 4926// 4957//
f 4957// 4926// 4958//
f 4957// 4958// 4959//
f 4959// 4958// 4960//
f 4959// 4960// 4961//
f 4961// 4960// 4962//
f 4961// 4962// 4963//
f 4963// 4962// 4964//
f 4963// 4964// 4965//
f 4965// 4964// 4966//
f 4965// 4966// 4967//
f 4967// 4966// 4968//
f 4967// 4968// 4969//
f 4969// 4968// 4970//
f 4969// 4970// 4971//
f 4971// 4970// 4972//
f 4971// 4972// 4973//
f 4973// 4972// 4974//
f 4973// 4974// 4975//
f 4974// 4976// 4975//
f 4975// 4976// 4977//
f 4975// 4977// 4978//
f 4975// 4978// 4979//
f 4980// 4981// 4982//
f 4983// 4984// 4985//
f 4986// 4987// 4988//
f 4989// 4927// 4957//
f 4990// 4991// 4992//
f 4992// 4991// 4989//
f 4993// 4994// 4987//
f 4987// 4994// 4995//
f 4987// 4995// 4988//
f 4988// 4995// 4996//
f 4988// 4996// 4997//
f 4930// 4993// 4998//
f 4998// 4993// 4987//
f 4998// 4987// 4999//
f 4999// 4987// 4986//
f 4999// 4986// 5000//
f 5000// 4986// 5001//
f 4989// 4957// 4992//
f 4992// 4957// 4959//
f 4992// 4959// 5002//
f 4984// 5001// 4985//
f 4985// 5001// 4986//
f 4985// 4986// 5003//
f 5003// 4986// 4988//
f 5003// 4988// 5004//
f 5004// 4988// 4997//
f 4959// 4961// 5002//
f 5002// 4961// 4963//
f 5002// 4963// 5005//
f 4981// 4983// 4982//
f 4982// 4983// 4985//
f 4982// 4985// 5006//
f 5006// 4985// 5003//
f 5006// 5003// 5007//
f 5007// 5003// 5004//
f 4963// 4965// 5005//
f 5005// 4965// 4967//
f 5005// 4967// 5008//
f 5007// 5009// 5006//
f 5006// 5009// 5010//
f 5006// 5010// 4982//
f 4982// 5010// 5011//
f 4982// 5011// 4980//
f 5012// 4990// 5013//
f 5013// 4990// 4992//
f 5013// 4992// 5014//
f 5014// 4992// 5002//
f 5014// 5002// 5015//
f 5015// 5002// 5005//
f 5015// 5005// 5016//
f 5016// 5005// 5008//
f 5016// 5008// 5017//
f 5017// 5008// 4979//
f 5017// 4979// 4978//
f 4978// 5018// 5011//
f 5011// 5018// 5019//
f 5011// 5019// 4980//
f 5009// 5020// 5010//
f 5010// 5020// 5021//
f 5010// 5021// 5011//
f 5011// 5021// 4978//
f 5020// 5022// 5021//
f 5021// 5022// 4978//
f 4967// 4969// 5008//
f 5008// 4969// 4971//
f 5008// 4971// 4979//
f 4979// 4971// 4973//
f 4979// 4973// 4975//
f 4997// 5012// 5004//
f 5004// 5012// 5013//
f 5004// 5013// 5007//
f 5007// 5013// 5014//
f 5007// 5014// 5009//
f 5009// 5014// 5015//
f 5009// 5015// 5020//
f 5020// 5015// 5016//
f 5020// 5016// 5022//
f 5022// 5016// 5017//
f 5022// 5017// 4978//
f 5023// 4977// 5024//
f 4972// 4970// 5025//
f 4968// 4966// 5026//
f 5027// 5028// 5029//
f 5030// 4935// 5031//
f 5032// 5033// 5034//
f 5034// 5033// 5030//
f 5035// 5036// 5028//
f 5028// 5036// 5037//
f 5028// 5037// 5029//
f 5029// 5037// 5038//
f 5029// 5038// 5039//
f 4926// 5035// 4958//
f 4958// 5035// 5028//
f 4958// 5028// 4960//
f 4960// 5028// 5027//
f 4960// 5027// 4962//
f 4962// 5027// 4964//
f 5030// 5031// 5034//
f 5034// 5031// 5040//
f 5034// 5040// 5041//
f 4966// 4964// 5026//
f 5026// 4964// 5027//
f 5026// 5027// 5042//
f 5042// 5027// 5029//
f 5042// 5029// 5043//
f 5043// 5029// 5039//
f 5040// 5044// 5041//
f 5041// 5044// 5045//
f 5041// 5045// 5046//
f 4970// 4968// 5025//
f 5025// 4968// 5026//
f 5025// 5026// 5047//
f 5047// 5026// 5042//
f 5047// 5042// 5048//
f 5048// 5042// 5043//
f 5045// 5049// 5046//
f 5046// 5049// 5050//
f 5046// 5050// 5051//
f 5048// 5052// 5047//
f 5047// 5052// 5053//
f 5047// 5053// 5025//
f 5025// 5053// 5054//
f 5025// 5054// 4972//
f 5055// 5032// 5056//
f 5056// 5032// 5034//
f 5056// 5034// 5057//
f 5057// 5034// 5041//
f 5057// 5041// 5058//
f 5058// 5041// 5046//
f 5058// 5046// 5059//
f 5059// 5046// 5051//
f 5059// 5051// 5060//
f 5060// 5051// 5024//
f 5060// 5024// 4977//
f 4977// 4976// 5054//
f 5054// 4976// 4974//
f 5054// 4974// 4972//
f 5052// 5061// 5053//
f 5053// 5061// 5062//
f 5053// 5062// 5054//
f 5054// 5062// 4977//
f 5061// 5063// 5062//
f 5062// 5063// 4977//
f 5050// 5064// 5051//
f 5051// 5064// 5065//
f 5051// 5065// 5024//
f 5024// 5065// 5066//
f 5024// 5066// 5023//
f 5039// 5055// 5043//
f 5043// 5055// 5056//
f 5043// 5056// 5048//
f 5048// 5056// 5057//
f 5048// 5057// 5052//
f 5052// 5057// 5058//
f 5052// 5058// 5061//
f 5061// 5058// 5059//
f 5061// 5059// 5063//
f 5063// 5059// 5060//
f 5063// 5060// 4977//
f 4931// 4930// 5067//
f 5067// 4930// 4998//
f 5067// 4998// 5068//
f 5068// 4998// 4999//
f 5068// 4999// 5069//
f 5069// 4999// 5000//
f 5069// 5000// 5070//
f 5070// 5000// 5001//
f 5070// 5001// 5071//
f 5071// 5001// 4984//
f 5071// 4984// 5072//
f 5072// 4984// 4983//
f 5072// 4983// 5073//
f 5073// 4983// 4981//
f 5073// 4981// 5074//
f 5074// 4981// 4980//
f 5074// 4980// 5075//
f 5075// 4980// 5019//
f 5075// 5019// 5076//
f 5019// 5018// 5076//
f 5076// 5018// 4978//
f 5076// 4978// 5077//
f 5078// 5079// 4989//
f 4989// 5079// 5080//
f 4989// 5080// 4927//
f 4927// 5080// 5081//
f 4927// 5081// 4928//
f 4989// 4991// 5078//
f 5078// 4991// 4990//
f 5078// 4990// 5082//
f 5082// 4990// 5012//
f 5012// 4997// 5082//
f 5082// 4997// 4996//
f 5082// 4996// 5083//
f 5083// 4996// 4995//
f 5083// 4995// 5084//
f 5084// 4995// 4994//
f 5084// 4994// 5085//
f 5085// 4994// 4993//
f 5085// 4993// 5086//
f 5086// 4993// 4930//
f 5086// 4930// 4929//
f 5087// 5088// 5030//
f 5030// 5088// 5089//
f 5030// 5089// 4935//
f 4935// 5089// 5090//
f 4935// 5090// 4936//
f 5030// 5033// 5087//
f 5087// 5033// 5032//
f 5087// 5032// 5091//
f 5091// 5032// 5055//
f 5055// 5039// 5091//
f 5091// 5039// 5038//
f 5091// 5038// 5092//
f 5092// 5038// 5037//
f 5092// 5037// 5093//
f 5093// 5037// 5036//
f 5093// 5036// 5094//
f 5094// 5036// 5035//
f 5094// 5035// 5095//
f 5095// 5035// 4926//
f 5095// 4926// 4925//
f 4935// 4934// 5031//
f 5031// 4934// 5096//
f 5031// 5096// 5040//
f 5040// 5096// 5097//
f 5040// 5097// 5044//
f 5044// 5097// 5098//
f 5044// 5098// 5045//
f 5045// 5098// 5099//
f 5045// 5099// 5049//
f 5049// 5099// 5100//
f 5049// 5100// 5050//
f 5050// 5100// 5101//
f 5050// 5101// 5064//
f 5064// 5101// 5102//
f 5064// 5102// 5065//
f 5065// 5102// 5103//
f 5065// 5103// 5066//
f 5066// 5103// 5104//
f 5066// 5104// 5023//
f 5104// 5105// 5023//
f 5023// 5105// 5106//
f 5023// 5106// 4977//
f 4939// 4938// 5107//
f 5107// 4938// 5108//
f 5107// 5108// 5109//
f 5109// 5108// 5110//
f 5109// 5110// 5111//
f 5111// 5110// 5112//
f 5111// 5112// 5113//
f 5113// 5112// 5114//
f 5113// 5114// 5115//
f 5115// 5114// 5116//
f 5115// 5116// 5117//
f 5117// 5116// 5118//
f 5117// 5118// 5119//
f 5119// 5118// 5120//
f 5119// 5120// 5121//
f 5121// 5120// 5122//
f 5121// 5122// 5123//
f 5123// 5122// 5124//
f 5123// 5124// 5125//
f 5124// 5126// 5125//
f 5125// 5126// 5077//
f 5125// 5077// 5106//
f 5076// 5077// 5127//
f 5122// 5120// 5128//
f 5118// 5116// 5129//
f 5130// 5131// 5132//
f 5133// 4931// 5067//
f 5134// 5135// 5136//
f 5136// 5135// 5133//
f 5137// 5138// 5131//
f 5131// 5138// 5139//
f 5131// 5139// 5132//
f 5132// 5139// 5140//
f 5132// 5140// 5141//
f 4938// 5137// 5108//
f 5108// 5137// 5131//
f 5108// 5131// 5110//
f 5110// 5131// 5130//
f 5110// 5130// 5112//
f 5112// 5130// 5114//
f 5133// 5067// 5136//
f 5136// 5067// 5068//
f 5136// 5068// 5142//
f 5116// 5114// 5129//
f 5129// 5114// 5130//
f 5129// 5130// 5143//
f 5143// 5130// 5132//
f 5143// 5132// 5144//
f 5144// 5132// 5141//
f 5068// 5069// 5142//
f 5142// 5069// 5070//
f 5142// 5070// 5145//
f 5120// 5118// 5128//
f 5128// 5118// 5129//
f 5128// 5129// 5146//
f 5146// 5129// 5143//
f 5146// 5143// 5147//
f 5147// 5143// 5144//
f 5070// 5071// 5145//
f 5145// 5071// 5072//
f 5145// 5072// 5148//
f 5147// 5149// 5146//
f 5146// 5149// 5150//
f 5146// 5150// 5128//
f 5128// 5150// 5151//
f 5128// 5151// 5122//
f 5152// 5134// 5153//
f 5153// 5134// 5136//
f 5153// 5136// 5154//
f 5154// 5136// 5142//
f 5154// 5142// 5155//
f 5155// 5142// 5145//
f 5155// 5145// 5156//
f 5156// 5145// 5148//
f 5156// 5148// 5157//
f 5157// 5148// 5127//
f 5157// 5127// 5077//
f 5077// 5126// 5151//
f 5151// 5126// 5124//
f 5151// 5124// 5122//
f 5149// 5158// 5150//
f 5150// 5158// 5159//
f 5150// 5159// 5151//
f 5151// 5159// 5077//
f 5158// 5160// 5159//
f 5159// 5160// 5077//
f 5072// 5073// 5148//
f 5148// 5073// 5074//
f 5148// 5074// 5127//
f 5127// 5074// 5075//
f 5127// 5075// 5076//
f 5141// 5152// 5144//
f 5144// 5152// 5153//
f 5144// 5153// 5147//
f 5147// 5153// 5154//
f 5147// 5154// 5149//
f 5149// 5154// 5155//
f 5149// 5155// 5158//
f 5158// 5155// 5156//
f 5158// 5156// 5160//
f 5160// 5156// 5157//
f 5160// 5157// 5077//
f 4929// 4909// 4911//
f 4911// 4952// 4929//
f 4929// 4952// 5161//
f 4929// 5161// 5086//
f 5086// 5161// 5162//
f 5086// 5162// 5085//
f 5085// 5162// 5163//
f 5085// 5163// 5084//
f 5084// 5163// 5164//
f 5084// 5164// 5083//
f 5083// 5164// 5165//
f 5083// 5165// 5082//
f 5082// 5165// 5078//
f 5078// 5165// 5166//
f 5078// 5166// 5079//
f 4953// 4921// 4923//
f 5166// 5167// 5079//
f 5079// 5167// 5168//
f 5079// 5168// 5080//
f 5080// 5168// 5169//
f 5080// 5169// 5081//
f 5081// 5169// 4953//
f 5081// 4953// 4928//
f 4928// 4953// 4923//
f 4925// 4924// 4922//
f 4922// 4956// 4925//
f 4925// 4956// 5170//
f 4925// 5170// 5095//
f 5095// 5170// 5171//
f 5095// 5171// 5094//
f 5094// 5171// 5172//
f 5094// 5172// 5093//
f 5093// 5172// 5173//
f 5093// 5173// 5092//
f 5092// 5173// 5174//
f 5092// 5174// 5091//
f 5091// 5174// 5087//
f 5087// 5174// 5175//
f 5087// 5175// 5088//
f 5088// 5175// 5176//
f 5088// 5176// 5089//
f 5089// 5176// 5177//
f 5089// 5177// 5090//
f 4945// 4920// 4918//
f 5177// 5178// 5090//
f 5090// 5178// 4945//
f 5090// 4945// 4936//
f 4936// 4945// 4918//
f 5125// 5106// 5179//
f 5103// 5102// 5180//
f 5101// 5100// 5181//
f 5182// 5183// 5184//
f 5185// 4939// 5107//
f 5186// 5187// 5188//
f 5188// 5187// 5185//
f 5189// 5190// 5183//
f 5183// 5190// 5191//
f 5183// 5191// 5184//
f 5184// 5191// 5192//
f 5184// 5192// 5193//
f 4934// 5189// 5096//
f 5096// 5189// 5183//
f 5096// 5183// 5097//
f 5097// 5183// 5182//
f 5097// 5182// 5098//
f 5098// 5182// 5099//
f 5185// 5107// 5188//
f 5188// 5107// 5109//
f 5188// 5109// 5194//
f 5100// 5099// 5181//
f 5181// 5099// 5182//
f 5181// 5182// 5195//
f 5195// 5182// 5184//
f 5195// 5184// 5196//
f 5196// 5184// 5193//
f 5109// 5111// 5194//
f 5194// 5111// 5113//
f 5194// 5113// 5197//
f 5102// 5101// 5180//
f 5180// 5101// 5181//
f 5180// 5181// 5198//
f 5198// 5181// 5195//
f 5198// 5195// 5199//
f 5199// 5195// 5196//
f 5113// 5115// 5197//
f 5197// 5115// 5117//
f 5197// 5117// 5200//
f 5199// 5201// 5198//
f 5198// 5201// 5202//
f 5198// 5202// 5180//
f 5180// 5202// 5203//
f 5180// 5203// 5103//
f 5204// 5186// 5205//
f 5205// 5186// 5188//
f 5205// 5188// 5206//
f 5206// 5188// 5194//
f 5206// 5194// 5207//
f 5207// 5194// 5197//
f 5207// 5197// 5208//
f 5208// 5197// 5200//
f 5208// 5200// 5209//
f 5209// 5200// 5179//
f 5209// 5179// 5106//
f 5106// 5105// 5203//
f 5203// 5105// 5104//
f 5203// 5104// 5103//
f 5201// 5210// 5202//
f 5202// 5210// 5211//
f 5202// 5211// 5203//
f 5203// 5211// 5106//
f 5210// 5212// 5211//
f 5211// 5212// 5106//
f 5117// 5119// 5200//
f 5200// 5119// 5121//
f 5200// 5121// 5179//
f 5179// 5121// 5123//
f 5179// 5123// 5125//
f 5193// 5204// 5196//
f 5196// 5204// 5205//
f 5196// 5205// 5199//
f 5199// 5205// 5206//
f 5199// 5206// 5201//
f 5201// 5206// 5207//
f 5201// 5207// 5210//
f 5210// 5207// 5208//
f 5210// 5208// 5212//
f 5212// 5208// 5209//
f 5212// 5209// 5106//
f 5213// 5214// 5133//
f 5133// 5214// 5215//
f 5133// 5215// 4931//
f 4931// 5215// 5216//
f 4931// 5216// 4932//
f 5133// 5135// 5213//
f 5213// 5135// 5134//
f 5213// 5134// 5217//
f 5217// 5134// 5152//
f 5152// 5141// 5217//
f 5217// 5141// 5140//
f 5217// 5140// 5218//
f 5218// 5140// 5139//
f 5218// 5139// 5219//
f 5219// 5139// 5138//
f 5219// 5138// 5220//
f 5220// 5138// 5137//
f 5220// 5137// 5221//
f 5221// 5137// 4938//
f 5221// 4938// 4937//
f 5164// 5163// 5222//
f 5222// 5163// 5162//
f 5222// 5162// 4951//
f 4951// 5162// 5161//
f 4951// 5161// 4952//
f 5222// 5223// 5164//
f 5164// 5223// 5224//
f 5164// 5224// 5165//
f 5165// 5224// 5225//
f 5225// 5226// 5165//
f 5165// 5226// 5227//
f 5165// 5227// 5166//
f 5166// 5227// 5228//
f 5166// 5228// 5167//
f 5167// 5228// 5229//
f 5167// 5229// 5168//
f 5168// 5229// 5230//
f 5168// 5230// 5169//
f 5169// 5230// 4954//
f 5169// 4954// 4953//
f 4955// 4954// 5231//
f 5231// 4954// 5232//
f 5231// 5232// 5233//
f 5233// 5232// 5234//
f 5233// 5234// 5235//
f 5235// 5234// 5236//
f 5235// 5236// 5237//
f 5237// 5236// 5238//
f 5237// 5238// 5239//
f 5239// 5238// 5240//
f 5239// 5240// 5241//
f 5241// 5240// 5242//
f 5241// 5242// 5243//
f 5243// 5242// 5244//
f 5243// 5244// 5245//
f 5245// 5244// 5246//
f 5245// 5246// 5247//
f 5247// 5246// 5248//
f 5247// 5248// 5249//
f 5248// 5250// 5249//
f 5249// 5250// 5251//
f 5249// 5251// 5252//
f 5173// 5172// 5253//
f 5253// 5172// 5171//
f 5253// 5171// 4955//
f 4955// 5171// 5170//
f 4955// 5170// 4956//
f 5253// 5254// 5173//
f 5173// 5254// 5255//
f 5173// 5255// 5174//
f 5174// 5255// 5256//
f 5256// 5257// 5174//
f 5174// 5257// 5258//
f 5174// 5258// 5175//
f 5175// 5258// 5259//
f 5175// 5259// 5176//
f 5176// 5259// 5260//
f 5176// 5260// 5177//
f 5177// 5260// 5261//
f 5177// 5261// 5178//
f 5178// 5261// 4946//
f 5178// 4946// 4945//
f 5262// 5263// 5185//
f 5185// 5263// 5264//
f 5185// 5264// 4939//
f 4939// 5264// 5265//
f 4939// 5265// 4940//
f 5185// 5187// 5262//
f 5262// 5187// 5186//
f 5262// 5186// 5266//
f 5266// 5186// 5204//
f 5204// 5193// 5266//
f 5266// 5193// 5192//
f 5266// 5192// 5267//
f 5267// 5192// 5191//
f 5267// 5191// 5268//
f 5268// 5191// 5190//
f 5268// 5190// 5269//
f 5269// 5190// 5189//
f 5269// 5189// 5270//
f 5270// 5189// 4934//
f 5270// 4934// 4933//
f 4916// 4914// 4937//
f 4937// 4914// 4944//
f 4937// 4944// 5221//
f 5271// 5218// 5272//
f 5272// 5218// 5219//
f 5272// 5219// 5273//
f 5273// 5219// 5220//
f 5273// 5220// 5274//
f 5274// 5220// 5221//
f 5274// 5221// 5275//
f 5275// 5221// 4944//
f 4912// 4910// 4949//
f 4949// 4910// 4932//
f 4949// 4932// 5276//
f 5276// 4932// 5216//
f 5276// 5216// 5277//
f 5277// 5216// 5215//
f 5277// 5215// 5278//
f 5278// 5215// 5214//
f 5278// 5214// 5279//
f 5279// 5214// 5213//
f 5279// 5213// 5271//
f 5271// 5213// 5217//
f 5271// 5217// 5218//
f 5280// 5281// 5282//
f 5283// 5284// 5285//
f 5251// 5286// 5287//
f 5288// 5286// 5251//
f 5285// 5284// 5251//
f 5289// 5251// 5284//
f 5290// 5223// 5222//
f 5223// 5290// 5224//
f 5224// 5290// 5291//
f 5224// 5291// 5225//
f 5225// 5291// 5292//
f 5225// 5292// 5226//
f 5226// 5292// 5293//
f 5226// 5293// 5227//
f 5227// 5293// 5228//
f 5228// 5293// 5294//
f 5228// 5294// 5229//
f 5229// 5294// 5230//
f 5230// 5294// 5232//
f 5230// 5232// 4954//
f 5250// 5288// 5251//
f 5295// 5296// 5283//
f 5283// 5296// 5297//
f 5283// 5297// 5284//
f 5284// 5297// 5298//
f 5284// 5298// 5289//
f 5299// 5287// 5300//
f 5300// 5287// 5286//
f 5300// 5286// 5301//
f 5301// 5286// 5288//
f 5301// 5288// 5302//
f 5250// 5248// 5288//
f 5288// 5248// 5246//
f 5288// 5246// 5302//
f 5302// 5246// 5244//
f 5302// 5244// 5242//
f 5282// 5299// 5303//
f 5303// 5299// 5300//
f 5303// 5300// 5304//
f 5304// 5300// 5301//
f 5304// 5301// 5305//
f 5305// 5301// 5302//
f 5305// 5302// 5306//
f 5306// 5302// 5242//
f 5307// 5308// 5309//
f 5309// 5308// 5280//
f 5280// 5282// 5309//
f 5309// 5282// 5303//
f 5309// 5303// 5310//
f 5310// 5303// 5304//
f 5310// 5304// 5311//
f 5311// 5304// 5305//
f 5311// 5305// 5312//
f 5312// 5305// 5306//
f 5312// 5306// 5313//
f 5281// 5295// 5282//
f 5282// 5295// 5283//
f 5282// 5283// 5299//
f 5299// 5283// 5285//
f 5299// 5285// 5287//
f 5287// 5285// 5251//
f 5307// 5290// 5314//
f 5314// 5290// 5222//
f 5314// 5222// 4951//
f 5242// 5240// 5306//
f 5306// 5240// 5238//
f 5306// 5238// 5313//
f 5313// 5238// 5236//
f 5313// 5236// 5234//
f 5307// 5309// 5290//
f 5290// 5309// 5310//
f 5290// 5310// 5291//
f 5291// 5310// 5311//
f 5291// 5311// 5292//
f 5292// 5311// 5312//
f 5292// 5312// 5293//
f 5293// 5312// 5313//
f 5293// 5313// 5294//
f 5294// 5313// 5234//
f 5294// 5234// 5232//
f 5237// 5239// 5315//
f 5316// 5317// 5318//
f 5252// 5319// 5320//
f 5321// 5319// 5252//
f 5318// 5317// 5252//
f 5249// 5252// 5317//
f 5322// 5254// 5253//
f 5254// 5322// 5255//
f 5255// 5322// 5323//
f 5255// 5323// 5256//
f 5256// 5323// 5324//
f 5256// 5324// 5257//
f 5257// 5324// 5325//
f 5257// 5325// 5258//
f 5258// 5325// 5259//
f 5259// 5325// 5326//
f 5259// 5326// 5260//
f 5260// 5326// 5261//
f 5261// 5326// 5327//
f 5261// 5327// 4946//
f 5328// 5321// 5252//
f 5241// 5243// 5316//
f 5316// 5243// 5245//
f 5316// 5245// 5317//
f 5317// 5245// 5247//
f 5317// 5247// 5249//
f 5329// 5320// 5330//
f 5330// 5320// 5319//
f 5330// 5319// 5331//
f 5331// 5319// 5321//
f 5331// 5321// 5332//
f 5328// 5333// 5321//
f 5321// 5333// 5334//
f 5321// 5334// 5332//
f 5332// 5334// 5335//
f 5332// 5335// 5336//
f 5315// 5329// 5337//
f 5337// 5329// 5330//
f 5337// 5330// 5338//
f 5338// 5330// 5331//
f 5338// 5331// 5339//
f 5339// 5331// 5332//
f 5339// 5332// 5340//
f 5340// 5332// 5336//
f 5233// 5235// 5341//
f 5341// 5235// 5237//
f 5237// 5315// 5341//
f 5341// 5315// 5337//
f 5341// 5337// 5342//
f 5342// 5337// 5338//
f 5342// 5338// 5343//
f 5343// 5338// 5339//
f 5343// 5339// 5344//
f 5344// 5339// 5340//
f 5344// 5340// 5345//
f 5239// 5241// 5315//
f 5315// 5241// 5316//
f 5315// 5316// 5329//
f 5329// 5316// 5318//
f 5329// 5318// 5320//
f 5320// 5318// 5252//
f 5233// 5322// 5231//
f 5231// 5322// 5253//
f 5231// 5253// 4955//
f 5336// 5346// 5340//
f 5340// 5346// 5347//
f 5340// 5347// 5345//
f 5345// 5347// 5348//
f 5345// 5348// 5349//
f 5233// 5341// 5322//
f 5322// 5341// 5342//
f 5322// 5342// 5323//
f 5323// 5342// 5343//
f 5323// 5343// 5324//
f 5324// 5343// 5344//
f 5324// 5344// 5325//
f 5325// 5344// 5345//
f 5325// 5345// 5326//
f 5326// 5345// 5349//
f 5326// 5349// 5327//
f 4933// 4917// 4919//
f 5350// 5267// 5351//
f 5351// 5267// 5268//
f 5351// 5268// 5352//
f 5352// 5268// 5269//
f 5352// 5269// 5353//
f 5353// 5269// 5270//
f 5353// 5270// 5354//
f 5354// 5270// 4933//
f 5354// 4933// 4948//
f 4948// 4933// 4919//
f 4913// 4915// 4941//
f 4941// 4915// 4940//
f 4941// 4940// 5355//
f 5355// 4940// 5265//
f 5355// 5265// 5356//
f 5356// 5265// 5264//
f 5356// 5264// 5357//
f 5357// 5264// 5263//
f 5357// 5263// 5358//
f 5358// 5263// 5262//
f 5358// 5262// 5350//
f 5350// 5262// 5266//
f 5350// 5266// 5267//
f 5272// 5273// 5359//
f 5359// 5273// 5274//
f 5359// 5274// 4943//
f 4943// 5274// 5275//
f 4943// 5275// 4944//
f 5359// 5360// 5272//
f 5272// 5360// 5361//
f 5272// 5361// 5271//
f 5271// 5361// 5362//
f 5362// 5363// 5271//
f 5271// 5363// 5364//
f 5271// 5364// 5279//
f 5279// 5364// 5365//
f 5279// 5365// 5278//
f 5278// 5365// 5366//
f 5278// 5366// 5277//
f 5277// 5366// 5367//
f 5277// 5367// 5276//
f 5276// 5367// 4950//
f 5276// 4950// 4949//
f 4951// 4950// 5314//
f 5314// 4950// 5368//
f 5314// 5368// 5307//
f 5307// 5368// 5369//
f 5307// 5369// 5308//
f 5308// 5369// 5370//
f 5308// 5370// 5280//
f 5280// 5370// 5371//
f 5280// 5371// 5281//
f 5281// 5371// 5372//
f 5281// 5372// 5295//
f 5295// 5372// 5373//
f 5295// 5373// 5296//
f 5296// 5373// 5374//
f 5296// 5374// 5297//
f 5297// 5374// 5375//
f 5297// 5375// 5298//
f 5298// 5375// 5376//
f 5298// 5376// 5289//
f 5376// 5377// 5289//
f 5289// 5377// 5378//
f 5289// 5378// 5251//
f 4947// 4946// 5379//
f 5379// 4946// 5327//
f 5379// 5327// 5380//
f 5380// 5327// 5349//
f 5380// 5349// 5381//
f 5381// 5349// 5348//
f 5381// 5348// 5382//
f 5382// 5348// 5347//
f 5382// 5347// 5383//
f 5383// 5347// 5346//
f 5383// 5346// 5384//
f 5384// 5346// 5336//
f 5384// 5336// 5385//
f 5385// 5336// 5335//
f 5385// 5335// 5386//
f 5386// 5335// 5334//
f 5386// 5334// 5387//
f 5387// 5334// 5333//
f 5387// 5333// 5388//
f 5333// 5328// 5388//
f 5388// 5328// 5252//
f 5388// 5252// 5389//
f 4948// 4947// 5354//
f 5354// 4947// 5390//
f 5354// 5390// 5353//
f 5353// 5390// 5391//
f 5353// 5391// 5352//
f 5352// 5391// 5392//
f 5352// 5392// 5351//
f 5392// 5393// 5351//
f 5351// 5393// 5394//
f 5351// 5394// 5350//
f 4942// 4941// 5395//
f 5395// 4941// 5355//
f 5395// 5355// 5396//
f 5396// 5355// 5356//
f 5396// 5356// 5397//
f 5397// 5356// 5357//
f 5397// 5357// 5398//
f 5398// 5357// 5358//
f 5398// 5358// 5399//
f 5399// 5358// 5350//
f 5399// 5350// 5400//
f 5400// 5350// 5394//
f 5401// 5402// 5403//
f 5404// 5405// 5406//
f 5378// 5407// 5408//
f 5409// 5407// 5378//
f 5406// 5405// 5378//
f 5410// 5378// 5405//
f 5411// 5360// 5359//
f 5360// 5411// 5361//
f 5361// 5411// 5412//
f 5361// 5412// 5362//
f 5362// 5412// 5413//
f 5362// 5413// 5363//
f 5363// 5413// 5414//
f 5363// 5414// 5364//
f 5364// 5414// 5365//
f 5365// 5414// 5415//
f 5365// 5415// 5366//
f 5366// 5415// 5367//
f 5367// 5415// 5368//
f 5367// 5368// 4950//
f 5377// 5409// 5378//
f 5416// 5417// 5404//
f 5404// 5417// 5418//
f 5404// 5418// 5405//
f 5405// 5418// 5419//
f 5405// 5419// 5410//
f 5420// 5408// 5421//
f 5421// 5408// 5407//
f 5421// 5407// 5422//
f 5422// 5407// 5409//
f 5422// 5409// 5423//
f 5377// 5376// 5409//
f 5409// 5376// 5375//
f 5409// 5375// 5423//
f 5423// 5375// 5374//
f 5423// 5374// 5373//
f 5403// 5420// 5424//
f 5424// 5420// 5421//
f 5424// 5421// 5425//
f 5425// 5421// 5422//
f 5425// 5422// 5426//
f 5426// 5422// 5423//
f 5426// 5423// 5427//
f 5427// 5423// 5373//
f 5428// 5429// 5430//
f 5430// 5429// 5401//
f 5401// 5403// 5430//
f 5430// 5403// 5424//
f 5430// 5424// 5431//
f 5431// 5424// 5425//
f 5431// 5425// 5432//
f 5432// 5425// 5426//
f 5432// 5426// 5433//
f 5433// 5426// 5427//
f 5433// 5427// 5434//
f 5402// 5416// 5403//
f 5403// 5416// 5404//
f 5403// 5404// 5420//
f 5420// 5404// 5406//
f 5420// 5406// 5408//
f 5408// 5406// 5378//
f 5428// 5411// 5435//
f 5435// 5411// 5359//
f 5435// 5359// 4943//
f 5373// 5372// 5427//
f 5427// 5372// 5371//
f 5427// 5371// 5434//
f 5434// 5371// 5370//
f 5434// 5370// 5369//
f 5428// 5430// 5411//
f 5411// 5430// 5431//
f 5411// 5431// 5412//
f 5412// 5431// 5432//
f 5412// 5432// 5413//
f 5413// 5432// 5433//
f 5413// 5433// 5414//
f 5414// 5433// 5434//
f 5414// 5434// 5415//
f 5415// 5434// 5369//
f 5415// 5369// 5368//
f 5380// 5381// 5436//
f 5382// 5383// 5437//
f 5438// 5439// 5440//
f 5389// 5441// 5442//
f 5443// 5441// 5389//
f 5440// 5439// 5389//
f 5388// 5389// 5439//
f 5390// 5444// 5391//
f 5391// 5444// 5445//
f 5391// 5445// 5392//
f 5392// 5445// 5393//
f 5393// 5445// 5446//
f 5393// 5446// 5394//
f 5394// 5446// 5400//
f 5400// 5446// 5447//
f 5400// 5447// 5399//
f 5399// 5447// 5398//
f 5398// 5447// 5448//
f 5398// 5448// 5397//
f 5397// 5448// 5396//
f 5396// 5448// 5449//
f 5396// 5449// 5395//
f 5395// 5449// 5450//
f 5395// 5450// 4942//
f 5451// 5443// 5389//
f 5384// 5385// 5438//
f 5438// 5385// 5386//
f 5438// 5386// 5439//
f 5439// 5386// 5387//
f 5439// 5387// 5388//
f 5452// 5442// 5453//
f 5453// 5442// 5441//
f 5453// 5441// 5454//
f 5454// 5441// 5443//
f 5454// 5443// 5455//
f 5383// 5384// 5437//
f 5437// 5384// 5438//
f 5437// 5438// 5456//
f 5456// 5438// 5440//
f 5456// 5440// 5457//
f 5457// 5440// 5389//
f 5451// 5458// 5443//
f 5443// 5458// 5459//
f 5443// 5459// 5455//
f 5455// 5459// 5460//
f 5455// 5460// 5461//
f 5462// 5452// 5463//
f 5463// 5452// 5453//
f 5463// 5453// 5464//
f 5464// 5453// 5454//
f 5464// 5454// 5465//
f 5465// 5454// 5455//
f 5465// 5455// 5466//
f 5466// 5455// 5461//
f 5436// 5462// 5467//
f 5467// 5462// 5463//
f 5467// 5463// 5468//
f 5468// 5463// 5464//
f 5468// 5464// 5469//
f 5469// 5464// 5465//
f 5469// 5465// 5470//
f 5470// 5465// 5466//
f 5470// 5466// 5471//
f 5381// 5382// 5436//
f 5436// 5382// 5437//
f 5436// 5437// 5462//
f 5462// 5437// 5456//
f 5462// 5456// 5452//
f 5452// 5456// 5457//
f 5452// 5457// 5442//
f 5442// 5457// 5389//
f 5390// 4947// 5444//
f 5444// 4947// 5379//
f 5444// 5379// 5380//
f 5461// 5472// 5466//
f 5466// 5472// 5473//
f 5466// 5473// 5471//
f 5471// 5473// 5474//
f 5471// 5474// 5475//
f 5380// 5436// 5444//
f 5444// 5436// 5467//
f 5444// 5467// 5445//
f 5445// 5467// 5468//
f 5445// 5468// 5446//
f 5446// 5468// 5469//
f 5446// 5469// 5447//
f 5447// 5469// 5470//
f 5447// 5470// 5448//
f 5448// 5470// 5471//
f 5448// 5471// 5449//
f 5449// 5471// 5475//
f 5449// 5475// 5450//
f 4943// 4942// 5435//
f 5435// 4942// 5450//
f 5435// 5450// 5428//
f 5428// 5450// 5475//
f 5428// 5475// 5429//
f 5429// 5475// 5474//
f 5429// 5474// 5401//
f 5401// 5474// 5473//
f 5401// 5473// 5402//
f 5402// 5473// 5472//
f 5402// 5472// 5416//
f 5416// 5472// 5461//
f 5416// 5461// 5417//
f 5417// 5461// 5460//
f 5417// 5460// 5418//
f 5418// 5460// 5459//
f 5418// 5459// 5419//
f 5419// 5459// 5458//
f 5419// 5458// 5410//
f 5458// 5451// 5410//
f 5410// 5451// 5389//
f 5410// 5389// 5378//
usemtl 4
f 5476// 5477// 5478//
f 5478// 5477// 5479//
f 5478// 5479// 5480//
f 5480// 5479// 5481//
f 5480// 5481// 5482//
f 5482// 5481// 5483//
f 5482// 5483// 5484//
f 5484// 5483// 5485//
f 5484// 5485// 5486//
f 5486// 5485// 5487//
f 5486// 5487// 5488//
f 5488// 5487// 5489//
f 5488// 5489// 5490//
f 5490// 5489// 5491//
f 5490// 5491// 5492//
f 5492// 5491// 5493//
f 5492// 5493// 5494//
f 5494// 5493// 5495//
f 5494// 5495// 5496//
f 5496// 5495// 5497//
f 5496// 5497// 5498//
f 5498// 5497// 5499//
f 5498// 5499// 5500//
f 5500// 5499// 5501//
f 5500// 5501// 5502//
f 5502// 5501// 5503//
f 5502// 5503// 5504//
f 5504// 5503// 5505//
f 5504// 5505// 5506//
f 5506// 5505// 5507//
f 5506// 5507// 5508//
f 5508// 5507// 5509//
f 5508// 5509// 5510//
f 5510// 5509// 5511//
f 5510// 5511// 5512//
f 5512// 5511// 5513//
f 5512// 5513// 5514//
f 5514// 5513// 5515//
f 5514// 5515// 5516//
f 5516// 5515// 5517//
f 5516// 5517// 5518//
f 5518// 5517// 5519//
f 5518// 5519// 5520//
f 5520// 5519// 5521//
f 5520// 5521// 5522//
f 5522// 5521// 5523//
f 5522// 5523// 5476//
f 5476// 5523// 5477//
f 5520// 5522// 5524//
f 5524// 5522// 5476//
f 5524// 5476// 5478//
f 5514// 5516// 5524//
f 5524// 5516// 5518//
f 5524// 5518// 5520//
f 5508// 5510// 5524//
f 5524// 5510// 5512//
f 5524// 5512// 5514//
f 5502// 5504// 5524//
f 5524// 5504// 5506//
f 5524// 5506// 5508//
f 5496// 5498// 5524//
f 5524// 5498// 5500//
f 5524// 5500// 5502//
f 5490// 5492// 5524//
f 5524// 5492// 5494//
f 5524// 5494// 5496//
f 5484// 5486// 5524//
f 5524// 5486// 5488//
f 5524// 5488// 5490//
f 5478// 5480// 5524//
f 5524// 5480// 5482//
f 5524// 5482// 5484//
usemtl 3
f 4977// 5106// 4978//
f 4978// 5106// 5077//
f 5378// 5477// 5523//
f 5378// 5485// 5483//
f 5378// 5523// 5251//
f 5251// 5523// 5521//
f 5251// 5521// 5519//
f 5513// 5252// 5515//
f 5515// 5252// 5251//
f 5515// 5251// 5517//
f 5517// 5251// 5519//
f 5485// 5378// 5487//
f 5487// 5378// 5389//
f 5487// 5389// 5489//
f 5483// 5481// 5378//
f 5378// 5481// 5479//
f 5378// 5479// 5477//
f 5513// 5511// 5252//
f 5252// 5511// 5509//
f 5252// 5509// 5507//
f 5499// 5497// 5389//
f 5389// 5497// 5495//
f 5495// 5493// 5389//
f 5389// 5493// 5491//
f 5389// 5491// 5489//
f 5507// 5505// 5252//
f 5252// 5505// 5503//
f 5252// 5503// 5389//
f 5389// 5503// 5501//
f 5389// 5501// 5499//
