v -5.2 -1.65 0.1
v -5.05 -1.65 0.1
v -5.2 -1.65 2.75
newmtl 1
Ka 0.7686274509803922 0.7686274509803922 0.7686274509803922
Kd 0.7686274509803922 0.7686274509803922 0.7686274509803922
Ks 0.615686274509804 0.615686274509804 0.615686274509804
d 0.0
endmtl
v -5.05 -1.65 2.75
v -5.0 -1.6 2.8
v -5.0 -0.65 2.8
v -5.25 -1.6 2.8
v -5.25 -0.65 2.8
v -5.25 -0.65 1.1
v -5.0 -0.65 1.1
v -5.25 1.65 1.1
v -5.0 1.65 1.1
v -5.25 1.65 0.1
v -5.0 1.65 0.1
v -5.05 1.6 0.05
v -5.05 -1.6 0.05
v -5.2 1.6 0.05
v -5.2 -1.6 0.05
v -5.25 -1.6 0.1
v -5.0 -1.6 0.1
v -5.000428 1.649572 0.093474
v -5.001704 -1.6 0.087059
v -5.006699 -1.6 0.075
v -5.003806 1.646194 0.080866
v -5.001704 1.648296 0.087059
v -5.014645 1.635355 0.064645
v -5.010333 1.639668 0.069562
v -5.006699 1.643301 0.075
v -5.014645 -1.6 0.064645
v -5.025 -1.6 0.056699
v -5.025 1.625 0.056699
v -5.037059 -1.6 0.051704
v -5.037059 1.612941 0.051704
v -5.249572 1.649572 0.093474
v -5.248296 1.648296 0.087059
v -5.246194 1.646194 0.080866
v -5.243301 1.643301 0.075
v -5.239668 1.639668 0.069562
v -5.235355 1.635355 0.064645
v -5.225 1.625 0.056699
v -5.212941 1.612941 0.051704
v -5.001704 -1.612941 0.1
v -5.006699 -1.625 0.1
v -5.003349 -1.6125 0.087059
v -5.008174 -1.624148 0.087059
v -5.008174 -1.611207 0.075
v -5.0125 -1.621651 0.075
v -5.015849 -1.609151 0.064645
v -5.019381 -1.617678 0.064645
v -5.025852 -1.60647 0.056699
v -5.028349 -1.6125 0.056699
v -5.0375 -1.603349 0.051704
v -5.038793 -1.60647 0.051704
v -5.014645 -1.635355 0.1
v -5.015849 -1.634151 0.087059
v -5.019381 -1.630619 0.075
v -5.025 -1.625 0.064645
v -5.032322 -1.617678 0.056699
v -5.04085 -1.609151 0.051704
v -5.025 -1.643301 0.1
v -5.037059 -1.648296 0.1
v -5.025852 -1.641826 0.087059
v -5.0375 -1.646651 0.087059
v -5.028349 -1.6375 0.075
v -5.038793 -1.641826 0.075
v -5.032322 -1.630619 0.064645
v -5.04085 -1.634151 0.064645
v -5.0375 -1.621651 0.056699
v -5.04353 -1.624148 0.056699
v -5.04353 -1.611207 0.051704
v -5.046651 -1.6125 0.051704
v -5.05 -1.648296 0.087059
v -5.05 -1.643301 0.075
v -5.05 -1.635355 0.064645
v -5.05 -1.625 0.056699
v -5.05 -1.612941 0.051704
v -5.2 -1.612941 0.051704
v -5.2 -1.625 0.056699
v -5.2 -1.635355 0.064645
v -5.2 -1.643301 0.075
v -5.2 -1.648296 0.087059
v -5.212941 -1.6 0.051704
v -5.225 -1.6 0.056699
v -5.235355 -1.6 0.064645
v -5.243301 -1.6 0.075
v -5.248296 -1.6 0.087059
v -5.037059 -1.648296 2.762941
v -5.025 -1.643301 2.775
v -5.014645 -1.635355 2.785355
v -5.010333 -1.630438 2.789668
v -5.006699 -1.625 2.793301
v -5.003806 -1.619134 2.796194
v -5.001704 -1.612941 2.798296
v -5.000428 -1.606526 2.799572
v -5.212941 -1.648296 0.1
v -5.225 -1.643301 0.1
v -5.2125 -1.646651 0.087059
v -5.224148 -1.641826 0.087059
v -5.211207 -1.641826 0.075
v -5.221651 -1.6375 0.075
v -5.209151 -1.634151 0.064645
v -5.217678 -1.630619 0.064645
v -5.20647 -1.624148 0.056699
v -5.2125 -1.621651 0.056699
v -5.20335 -1.6125 0.051704
v -5.20647 -1.611207 0.051704
v -5.235355 -1.635355 0.1
v -5.234151 -1.634151 0.087059
v -5.230618 -1.630619 0.075
v -5.225 -1.625 0.064645
v -5.217678 -1.617678 0.056699
v -5.209151 -1.609151 0.051704
v -5.243301 -1.625 0.1
v -5.248296 -1.612941 0.1
v -5.241826 -1.624148 0.087059
v -5.24665 -1.6125 0.087059
v -5.2375 -1.621651 0.075
v -5.241826 -1.611207 0.075
v -5.230618 -1.617678 0.064645
v -5.234151 -1.609151 0.064645
v -5.221651 -1.6125 0.056699
v -5.224148 -1.60647 0.056699
v -5.211207 -1.60647 0.051704
v -5.2125 -1.603349 0.051704
v -5.239668 -1.630438 2.789668
v -5.235355 -1.635355 2.785355
v -5.225 -1.643301 2.775
v -5.212941 -1.648296 2.762941
v -5.246194 -1.619134 2.796194
v -5.243301 -1.625 2.793301
v -5.249572 -1.606526 2.799572
v -5.248296 -1.612941 2.798296
v 5.25 -0.65 1.1
v 5.25 1.65 1.1
v 5.0 -0.65 1.1
v 5.0 1.65 1.1
v 5.25 -0.65 2.8
v 5.0 -0.65 2.8
v 5.25 -1.6 2.8
v 5.0 -1.6 2.8
v 5.05 -1.65 2.75
v 5.05 -1.65 0.1
v 5.2 -1.65 2.75
v 5.2 -1.65 0.1
v 5.2 -1.6 0.05
v 5.05 -1.6 0.05
v 5.2 1.6 0.05
v 5.05 1.6 0.05
v 5.0 1.65 0.1
v 5.25 1.65 0.1
v 5.25 -1.6 0.1
v 5.0 -1.6 0.1
v 5.000428 -1.606526 2.799572
v 5.001704 -1.612941 0.1
v 5.006699 -1.625 0.1
v 5.003806 -1.619134 2.796194
v 5.001704 -1.612941 2.798296
v 5.014645 -1.635355 2.785355
v 5.010333 -1.630438 2.789668
v 5.006699 -1.625 2.793301
v 5.014645 -1.635355 0.1
v 5.025 -1.643301 0.1
v 5.025 -1.643301 2.775
v 5.037059 -1.648296 0.1
v 5.037059 -1.648296 2.762941
v 5.0375 -1.646651 0.087059
v 5.025852 -1.641826 0.087059
v 5.038793 -1.641826 0.075
v 5.028349 -1.6375 0.075
v 5.04085 -1.634151 0.064645
v 5.032322 -1.630619 0.064645
v 5.04353 -1.624148 0.056699
v 5.0375 -1.621651 0.056699
v 5.046651 -1.6125 0.051704
v 5.04353 -1.611207 0.051704
v 5.015849 -1.634151 0.087059
v 5.019381 -1.630619 0.075
v 5.025 -1.625 0.064645
v 5.032322 -1.617678 0.056699
v 5.04085 -1.609151 0.051704
v 5.05 -1.648296 0.087059
v 5.05 -1.643301 0.075
v 5.05 -1.635355 0.064645
v 5.05 -1.625 0.056699
v 5.05 -1.612941 0.051704
v 5.008174 -1.624148 0.087059
v 5.003349 -1.6125 0.087059
v 5.0125 -1.621651 0.075
v 5.008174 -1.611207 0.075
v 5.019381 -1.617678 0.064645
v 5.015849 -1.609151 0.064645
v 5.028349 -1.6125 0.056699
v 5.025852 -1.60647 0.056699
v 5.038793 -1.60647 0.051704
v 5.0375 -1.603349 0.051704
v 5.001704 -1.6 0.087059
v 5.006699 -1.6 0.075
v 5.014645 -1.6 0.064645
v 5.025 -1.6 0.056699
v 5.037059 -1.6 0.051704
v 5.235355 -1.635355 2.785355
v 5.239668 -1.630438 2.789668
v 5.243301 -1.625 2.793301
v 5.246194 -1.619134 2.796194
v 5.248296 -1.612941 2.798296
v 5.249572 -1.606526 2.799572
v 5.225 -1.643301 2.775
v 5.212941 -1.648296 2.762941
v 5.037059 1.612941 0.051704
v 5.025 1.625 0.056699
v 5.014645 1.635355 0.064645
v 5.010333 1.639668 0.069562
v 5.006699 1.643301 0.075
v 5.003806 1.646194 0.080866
v 5.001704 1.648296 0.087059
v 5.000428 1.649572 0.093474
v 5.2 -1.648296 0.087059
v 5.2 -1.643301 0.075
v 5.2 -1.635355 0.064645
v 5.2 -1.625 0.056699
v 5.2 -1.612941 0.051704
v 5.212941 -1.648296 0.1
v 5.225 -1.643301 0.1
v 5.235355 -1.635355 0.1
v 5.243301 -1.625 0.1
v 5.248296 -1.612941 0.1
v 5.239668 1.639668 0.069562
v 5.235355 1.635355 0.064645
v 5.225 1.625 0.056699
v 5.212941 1.612941 0.051704
v 5.246194 1.646194 0.080866
v 5.243301 1.643301 0.075
v 5.249572 1.649572 0.093474
v 5.248296 1.648296 0.087059
v 5.24665 -1.6125 0.087059
v 5.241826 -1.624148 0.087059
v 5.241826 -1.611207 0.075
v 5.2375 -1.621651 0.075
v 5.234151 -1.609151 0.064645
v 5.230618 -1.617678 0.064645
v 5.224148 -1.60647 0.056699
v 5.221651 -1.6125 0.056699
v 5.2125 -1.603349 0.051704
v 5.211207 -1.60647 0.051704
v 5.234151 -1.634151 0.087059
v 5.230618 -1.630619 0.075
v 5.225 -1.625 0.064645
v 5.217678 -1.617678 0.056699
v 5.209151 -1.609151 0.051704
v 5.248296 -1.6 0.087059
v 5.243301 -1.6 0.075
v 5.235355 -1.6 0.064645
v 5.225 -1.6 0.056699
v 5.212941 -1.6 0.051704
v 5.224148 -1.641826 0.087059
v 5.2125 -1.646651 0.087059
v 5.221651 -1.6375 0.075
v 5.211207 -1.641826 0.075
v 5.217678 -1.630619 0.064645
v 5.209151 -1.634151 0.064645
v 5.2125 -1.621651 0.056699
v 5.20647 -1.624148 0.056699
v 5.20647 -1.611207 0.051704
v 5.20335 -1.6125 0.051704
v -0.232187 3.35 1.954038
v -0.261728 3.35 1.95072
v -0.167309 3.35 1.728804
newmtl 2
Ka 0.9019607843137255 0.8627450980392157 0.7843137254901961
Kd 0.9019607843137255 0.8627450980392157 0.7843137254901961
Ks 0.27058823529411763 0.25882352941176473 0.23529411764705882
d 0.0
endmtl
v -4.5 3.35 1.985135
v -4.5 3.35 0.55
v -0.564371 3.35 1.683306
v -0.132664 3.35 0.55
v -0.410712 3.35 1.683306
v -0.196617 3.35 1.984487
v -0.161932 3.35 1.975074
v -0.132664 3.35 1.985135
v -0.161932 3.35 1.93483
v -0.195724 3.35 1.9493
v -0.161932 3.35 1.731782
v -0.284182 3.35 1.942617
v -0.304947 3.35 1.928725
v -0.323063 3.35 1.908725
v -0.344859 3.35 1.830105
v -0.341821 3.35 1.797628
v -0.333671 3.35 1.771824
v -0.266914 3.35 1.715713
v -0.238933 3.35 1.712574
v -0.288774 3.35 1.72376
v -0.307185 3.35 1.73617
v -0.321263 3.35 1.751022
v -0.19911 3.35 1.716994
v -0.334657 3.35 1.708899
v -0.410712 3.35 1.716233
v -0.310525 3.35 1.69349
v -0.281448 3.35 1.683481
v -0.335431 3.35 1.885562
v -0.343428 3.35 1.853447
v -0.357191 3.35 1.732623
v -0.373173 3.35 1.761148
v -0.524127 3.35 1.716233
v -0.36927 3.35 1.90429
v -0.351686 3.35 1.932338
v -0.524127 3.35 1.983306
v -0.324602 3.35 1.958386
v -0.296106 3.35 1.974789
v -0.161932 3.35 1.698855
v -0.19391 3.35 1.685725
v -0.236275 3.35 1.679788
v -0.262662 3.35 1.984505
v -0.254937 3.35 1.985135
v -0.564371 3.35 1.983306
v -0.244478 3.35 1.679647
v -0.382202 3.35 1.792903
v -0.385103 3.35 1.827647
v -0.380787 3.35 1.870298
v -2.5 3.35 5.15
v -2.5 3.35 4.45
v -0.20602 3.35 1.985135
v -3.5 3.35 4.45
v -4.5 3.35 4.45
v -0.23253 3.35 1.986965
v 3.5 3.35 4.45
v 2.5 3.35 4.45
v -0.132664 3.35 5.15
v 2.5 3.35 5.15
v 0.05758 3.35 1.683306
v -0.103395 3.35 1.683306
v 0.353371 3.35 1.79693
v 0.3426 3.35 1.76553
v 0.379532 3.35 1.683306
v -0.103395 3.35 1.983306
v 0.050263 3.35 1.983306
v 0.576006 3.35 1.767452
v 0.452073 3.35 1.767452
v 0.606361 3.35 1.683306
v 0.423434 3.35 1.683306
v 4.5 3.35 0.55
v 0.325396 3.35 1.738696
v 0.300703 3.35 1.715053
v 0.269379 3.35 1.69685
v -0.063151 3.35 1.950379
v -0.063151 3.35 1.851599
v 0.050263 3.35 1.950379
v 0.042946 3.35 1.851599
v 0.116117 3.35 1.983306
v 0.116117 3.35 1.683306
v 0.042946 3.35 1.818672
v 4.5 3.35 1.985135
v 0.53319 3.35 1.983306
v 0.650263 3.35 1.683306
v 4.5 3.35 4.45
v 0.492946 3.35 1.983306
v 0.234811 3.35 1.686546
v 0.197691 3.35 1.683306
v 0.05758 3.35 1.716233
v -0.063151 3.35 1.716233
v -0.063151 3.35 1.818672
v 0.27922 3.35 1.966348
v 0.311872 3.35 1.944465
v 0.312186 3.35 1.94419
v 0.333401 3.35 1.920666
v 0.347343 3.35 1.894865
v 0.3554 3.35 1.865307
v 0.35758 3.35 1.837079
v 0.200778 3.35 1.983306
v 0.244119 3.35 1.978673
v -2.7 4.4 0.75
v -1.3 4.4 0.75
v -2.7 4.4 0.2
v -1.3 4.4 0.2
v -2.7 4.4 2.55
v -1.3 4.4 2.55
v -2.7 3.9 2.55
v -1.3 3.9 2.55
v -2.7 3.9 0.75
v -1.3 3.9 0.75
v -0.7 4.4 0.75
v 0.7 4.4 0.75
v -0.7 4.4 0.2
v 0.7 4.4 0.2
v -0.7 4.4 2.55
v 0.7 4.4 2.55
v -0.7 3.9 2.55
v 0.7 3.9 2.55
v -0.7 3.9 0.75
v 0.7 3.9 0.75
v 1.3 4.4 0.75
v 2.7 4.4 0.75
v 1.3 4.4 0.2
v 2.7 4.4 0.2
v 1.3 4.4 2.55
v 2.7 4.4 2.55
v 1.3 3.9 2.55
v 2.7 3.9 2.55
v 1.3 3.9 0.75
v 2.7 3.9 0.75
v 3.703408 4.4 0.124118
v 3.7 4.4 0.15
v 3.8 4.4 0.05
v 3.3 4.4 0.2
v 3.3 4.4 0.75
v 3.7 4.4 0.2
v 5.3 4.4 0.75
v 5.3 4.4 0.05
v 3.75 4.4 0.063397
v 3.729289 4.4 0.079289
v 3.713398 4.4 0.1
v 3.774118 4.4 0.053407
v 3.3 4.4 2.55
v 5.3 4.4 2.55
v 3.3 3.9 2.55
v 5.3 3.9 2.55
v 3.3 3.9 0.75
v 5.3 3.9 0.75
v 3.3 4.4 3.46
v 0.7 4.4 3.46
v 6.0 4.4 5.45
v 6.0 4.4 3.85
v 5.3 4.4 3.85
v 2.7 4.4 3.46
v -2.9 4.4 4.45
v 2.9 4.4 4.45
v 5.962349 4.4 5.528183
v 5.978183 4.4 5.512349
v 5.990097 4.4 5.493389
v 3.5 4.4 4.45
v 4.5 4.4 4.45
v 4.5 4.4 5.55
v 5.9 4.4 5.55
v 5.997493 4.4 5.472252
v -0.7 4.4 3.46
v -1.3 4.4 3.46
v 1.3 4.4 3.46
v 5.943388 4.4 5.540097
v 5.922252 4.4 5.547493
v -3.3 4.4 3.46
v -4.5 4.4 4.45
v -2.7 4.4 3.46
v -3.5 4.4 4.45
v -5.925882 4.4 5.546593
v -5.9 4.4 5.55
v -6.0 4.4 5.45
v -4.5 4.4 5.55
v -2.9 4.4 5.0
v -3.5 4.4 5.55
v 2.9 4.4 5.0
v 3.5 4.4 5.55
v -6.0 4.4 3.85
v -5.3 4.4 3.85
v -5.3 4.4 2.55
v -3.3 4.4 2.55
v -5.986602 4.4 5.5
v -5.970711 4.4 5.520711
v -5.95 4.4 5.536602
v -5.996593 4.4 5.475882
v -3.3 4.4 0.75
v -3.3 4.4 0.2
v -5.3 4.4 0.75
v -3.7 4.4 0.2
v -5.3 4.4 0.05
v -3.7 4.4 0.15
v -3.703408 4.4 0.124118
v -3.774118 4.4 0.053407
v -3.8 4.4 0.05
v -3.713398 4.4 0.1
v -3.729289 4.4 0.079289
v -3.75 4.4 0.063397
v 6.0 -1.65 5.45
v 6.0 -1.65 3.55
v 6.0 1.65 1.1
v 6.0 1.65 0.15
v 6.0 6.05 0.15
v 6.0 -0.65 2.9
v 6.0 -0.65 1.1
v 6.0 0.45 2.9
v 6.0 6.05 3.05
v 6.0 0.45 3.55
v -6.0 6.05 0.15
v -6.0 1.65 0.15
v -6.0 1.65 1.1
v -6.0 -0.65 1.1
v -6.0 -0.65 2.9
v -6.0 0.45 2.9
v -6.0 -1.65 3.55
v -6.0 -1.65 5.45
v -6.0 0.45 3.55
v -6.0 6.05 3.05
v 4.569946 -1.65 2.9
v 4.569946 -1.65 0.480054
v 5.0 -1.65 2.9
v 4.6 -1.65 0.45
v 5.0 -1.65 0.45
v -4.569946 -1.65 0.480054
v -4.569946 -1.65 2.9
v -4.6 -1.65 0.45
v -5.0 -1.65 2.9
v -5.0 -1.65 0.45
v -4.6 -1.65 0.05
v -3.7 -1.65 0.15
v -3.7 -1.65 0.2
v 3.7 -1.65 0.2
v 3.774118 -1.65 0.053407
v 3.8 -1.65 0.05
v 3.7 -1.65 0.15
v 4.6 -1.65 0.05
v -3.713398 -1.65 0.1
v -3.774118 -1.65 0.053407
v -3.729289 -1.65 0.079289
v -3.75 -1.65 0.063397
v -3.8 -1.65 0.05
v -3.703408 -1.65 0.124118
v 3.703408 -1.65 0.124118
v 3.713398 -1.65 0.1
v 3.75 -1.65 0.063397
v 3.729289 -1.65 0.079289
v 4.6 1.65 0.05
v 5.9 1.65 0.05
v 5.9 6.05 0.05
v 5.3 6.05 0.05
v -4.709775 -1.65 4.659775
v -5.9 -1.65 5.55
v -5.925882 -1.65 5.546593
v -2.709775 -1.65 4.659775
v -2.709775 -1.65 5.359775
v 5.9 -1.65 5.55
v 2.709775 -1.65 5.359775
v 2.709775 -1.65 4.659775
v 4.709775 -1.65 4.659775
v -5.95 -1.65 5.536602
v -5.970711 -1.65 5.520711
v -5.986602 -1.65 5.5
v -4.709775 -1.65 3.55
v -5.996593 -1.65 5.475882
v 4.709775 -1.65 3.55
v 5.997493 -1.65 5.472252
v 5.990097 -1.65 5.493389
v 5.978183 -1.65 5.512349
v 5.962349 -1.65 5.528183
v 5.943388 -1.65 5.540097
v 5.922252 -1.65 5.547493
v 4.5 0.2 5.55
v 3.5 0.2 5.55
v -4.5 0.2 5.55
v -3.5 0.2 5.55
v -4.6 1.65 0.05
v -5.9 6.05 0.05
v -5.3 6.05 0.05
v -5.9 1.65 0.05
v -4.5 0.2 4.45
v -4.5 -1.5 2.9
v -4.5 -1.5 0.55
v -4.5 0.45 2.9
v -4.5 0.45 3.55
v -4.5 -1.4 3.55
v -4.5 -1.4 4.45
v -3.5 0.2 4.45
v -2.5 -1.4 4.45
v -2.5 -1.4 5.15
v 2.5 -1.4 5.15
v 2.5 -1.4 4.45
v 4.5 0.2 4.45
v 4.5 -1.4 4.45
v 3.5 0.2 4.45
v 4.5 -1.5 0.55
v 4.5 -1.5 2.9
v 4.5 0.45 2.9
v 4.5 0.45 3.55
v 4.5 -1.4 3.55
v -3.3 3.9 0.2
v -2.7 3.9 0.2
v -0.7 3.9 0.2
v 0.7 3.9 0.2
v 1.3 3.9 0.2
v -1.3 3.9 0.2
v 3.3 3.9 0.2
v 2.7 3.9 0.2
v 5.0 -0.65 2.9
v -5.0 -0.65 2.9
v -5.0 1.65 0.45
v -4.6 1.65 0.45
v -5.925882 1.65 0.053407
v -5.95 1.65 0.063397
v -5.996593 1.65 0.124118
v -5.986602 1.65 0.1
v -5.970711 1.65 0.079289
v 4.6 1.65 0.45
v 5.0 1.65 0.45
v 5.997493 1.65 0.127748
v 5.922252 1.65 0.052507
v 5.943388 1.65 0.059903
v 5.962349 1.65 0.071817
v 5.978183 1.65 0.087651
v 5.990097 1.65 0.106612
v 5.3 6.05 3.05
v 5.943388 6.05 0.059903
v 5.990097 6.05 0.106612
v 5.962349 6.05 0.071817
v 5.978183 6.05 0.087651
v 5.997493 6.05 0.127748
v 5.922252 6.05 0.052507
v -5.3 6.05 3.05
v -5.996593 6.05 0.124118
v -5.925882 6.05 0.053407
v -5.95 6.05 0.063397
v -5.970711 6.05 0.079289
v -5.986602 6.05 0.1
v -5.3 3.9 0.75
v -5.3 3.9 2.55
v -3.3 3.9 2.55
v -3.3 3.9 0.75
v 0.7 3.9 3.46
v 1.3 3.9 3.46
v -3.3 3.9 3.46
v -2.7 3.9 3.46
v 2.7 3.9 3.46
v 3.3 3.9 3.46
v -0.7 3.9 3.46
v -1.3 3.9 3.46
v 2.9 3.9 4.45
v 2.9 3.9 5.0
v -2.9 3.9 5.0
v -2.9 3.9 4.45
v 0.53319 3.36 1.983306
v 0.650263 3.36 1.683306
newmtl 3
Ka 0.4392156862745098 0.4392156862745098 0.4392156862745098
Kd 0.4392156862745098 0.4392156862745098 0.4392156862745098
Ks 0.2196078431372549 0.2196078431372549 0.2196078431372549
d 0.0
endmtl
v 0.606361 3.36 1.683306
v 0.576006 3.36 1.767452
v 0.452073 3.36 1.767452
v 0.423434 3.36 1.683306
v 0.379532 3.36 1.683306
v 0.492946 3.36 1.983306
v 0.462192 3.36 1.800379
v 0.506952 3.36 1.925684
v 0.509839 3.36 1.936089
v 0.511753 3.36 1.946721
v 0.512725 3.36 1.946721
v 0.514683 3.36 1.936121
v 0.562516 3.36 1.800379
v 0.517356 3.36 1.925684
v 0.462192 3.35 1.800379
v 0.562516 3.35 1.800379
v 0.506952 3.35 1.925684
v 0.509839 3.35 1.936089
v 0.511753 3.35 1.946721
v 0.512725 3.35 1.946721
v 0.514683 3.35 1.936121
v 0.517356 3.35 1.925684
v 0.197691 3.36 1.683306
v 0.116117 3.36 1.683306
v 0.116117 3.36 1.983306
v 0.200778 3.36 1.983306
v 0.35758 3.36 1.837079
v 0.3554 3.36 1.865307
v 0.347343 3.36 1.894865
v 0.333401 3.36 1.920666
v 0.312186 3.36 1.94419
v 0.311872 3.36 1.944465
v 0.27922 3.36 1.966348
v 0.244119 3.36 1.978673
v 0.234811 3.36 1.686546
v 0.269379 3.36 1.69685
v 0.300703 3.36 1.715053
v 0.325396 3.36 1.738696
v 0.3426 3.36 1.76553
v 0.353371 3.36 1.79693
v 0.297362 3.36 1.90831
v 0.282791 3.36 1.923782
v 0.260877 3.36 1.937939
v 0.236114 3.36 1.946605
v 0.200606 3.36 1.950379
v 0.156361 3.36 1.950379
v 0.156361 3.36 1.716233
v 0.198948 3.36 1.716233
v 0.230599 3.36 1.719179
v 0.255844 3.36 1.727059
v 0.276304 3.36 1.739208
v 0.29313 3.36 1.755828
v 0.305783 3.36 1.776512
v 0.314582 3.36 1.804712
v 0.317336 3.36 1.836221
v 0.314788 3.36 1.866079
v 0.307784 3.36 1.889807
v 0.200606 3.35 1.950379
v 0.156361 3.35 1.950379
v 0.236114 3.35 1.946605
v 0.260877 3.35 1.937939
v 0.282791 3.35 1.923782
v 0.297362 3.35 1.90831
v 0.307784 3.35 1.889807
v 0.314788 3.35 1.866079
v 0.317336 3.35 1.836221
v 0.314582 3.35 1.804712
v 0.305783 3.35 1.776512
v 0.29313 3.35 1.755828
v 0.276304 3.35 1.739208
v 0.255844 3.35 1.727059
v 0.230599 3.35 1.719179
v 0.198948 3.35 1.716233
v 0.156361 3.35 1.716233
v 0.05758 3.36 1.716233
v 0.05758 3.36 1.683306
v -0.103395 3.36 1.683306
v -0.103395 3.36 1.983306
v 0.050263 3.36 1.983306
v 0.050263 3.36 1.950379
v -0.063151 3.36 1.950379
v -0.063151 3.36 1.851599
v 0.042946 3.36 1.851599
v 0.042946 3.36 1.818672
v -0.063151 3.36 1.818672
v -0.063151 3.36 1.716233
v -0.161932 3.36 1.731782
v -0.161932 3.36 1.698855
v -0.244478 3.36 1.679647
v -0.236275 3.36 1.679788
v -0.19391 3.36 1.685725
v -0.385103 3.36 1.827647
v -0.382202 3.36 1.792903
v -0.373173 3.36 1.761148
v -0.357191 3.36 1.732623
v -0.334657 3.36 1.708899
v -0.310525 3.36 1.69349
v -0.281448 3.36 1.683481
v -0.23253 3.36 1.986965
v -0.262662 3.36 1.984505
v -0.296106 3.36 1.974789
v -0.324602 3.36 1.958386
v -0.351686 3.36 1.932338
v -0.36927 3.36 1.90429
v -0.380787 3.36 1.870298
v -0.196617 3.36 1.984487
v -0.161932 3.36 1.975074
v -0.161932 3.36 1.93483
v -0.232187 3.36 1.954038
v -0.195724 3.36 1.9493
v -0.344859 3.36 1.830105
v -0.343428 3.36 1.853447
v -0.335431 3.36 1.885562
v -0.323063 3.36 1.908725
v -0.304947 3.36 1.928725
v -0.284182 3.36 1.942617
v -0.261728 3.36 1.95072
v -0.238933 3.36 1.712574
v -0.266914 3.36 1.715713
v -0.288774 3.36 1.72376
v -0.307185 3.36 1.73617
v -0.321263 3.36 1.751022
v -0.333671 3.36 1.771824
v -0.341821 3.36 1.797628
v -0.167309 3.36 1.728804
v -0.19911 3.36 1.716994
v -0.410712 3.36 1.716233
v -0.410712 3.36 1.683306
v -0.564371 3.36 1.683306
v -0.564371 3.36 1.983306
v -0.524127 3.36 1.983306
v -0.524127 3.36 1.716233
v 2.75 4.95 0.1
v 2.75 4.95 0.5
v 2.75 6.65 0.1
v 2.75 6.65 0.5
v 2.8 4.95 0.55
v 3.2 4.95 0.55
v 2.8 6.65 0.55
v 3.2 6.65 0.55
v 3.25 6.65 0.1
v 3.25 6.65 0.5
v 3.25 4.95 0.1
v 3.25 4.95 0.5
v 2.8 6.65 0.05
v 3.2 6.65 0.05
v 2.8 4.95 0.05
v 3.2 4.95 0.05
v 2.75 4.25 0.8
v 2.75 4.65 0.8
v 2.75 4.258618 0.690496
v 2.75 4.660222 0.722354
v 2.75 4.737868 0.587868
v 2.75 4.383688 0.38855
v 2.75 4.690192 0.65
v 2.75 4.326295 0.482207
v 2.75 4.28426 0.583688
v 2.75 4.8 0.540192
v 2.75 4.872354 0.510222
v 2.75 4.733688 0.13426
v 2.75 4.840496 0.108618
v 2.75 4.632206 0.176295
v 2.75 4.53855 0.233688
v 2.75 4.455025 0.305025
v 2.8 4.7 0.8
v 3.2 4.7 0.8
v 2.8 4.708519 0.735295
v 3.2 4.708519 0.735295
v 2.8 4.733493 0.675
v 3.2 4.733493 0.675
v 2.8 4.773223 0.623223
v 3.2 4.773223 0.623223
v 2.8 4.825 0.583494
v 3.2 4.825 0.583494
v 2.8 4.885295 0.558519
v 3.2 4.885295 0.558519
v 3.25 4.690192 0.65
v 3.25 4.660222 0.722354
v 3.25 4.28426 0.583688
v 3.25 4.258618 0.690496
v 3.25 4.65 0.8
v 3.25 4.25 0.8
v 3.25 4.840496 0.108618
v 3.25 4.872354 0.510222
v 3.25 4.737868 0.587868
v 3.25 4.53855 0.233688
v 3.25 4.8 0.540192
v 3.25 4.632206 0.176295
v 3.25 4.733688 0.13426
v 3.25 4.326295 0.482207
v 3.25 4.383688 0.38855
v 3.25 4.455025 0.305025
v 2.8 4.832675 0.059234
v 3.2 4.832675 0.059234
v 2.8 4.783638 0.071006
v 3.2 4.783638 0.071006
v 2.8 4.718237 0.086708
v 3.2 4.718237 0.086708
v 2.8 4.625021 0.125319
v 3.2 4.625021 0.125319
v 2.8 4.609507 0.131745
v 3.2 4.609507 0.131745
v 2.8 4.509161 0.193237
v 3.2 4.509161 0.193237
v 2.8 4.483608 0.215061
v 3.2 4.483608 0.215061
v 2.8 4.41967 0.26967
v 3.2 4.41967 0.26967
v 2.8 4.365061 0.333608
v 3.2 4.365061 0.333608
v 2.8 4.343237 0.359161
v 3.2 4.343237 0.359161
v 2.8 4.281745 0.459507
v 3.2 4.281745 0.459507
v 2.8 4.275319 0.47502
v 3.2 4.275319 0.47502
v 2.8 4.236708 0.568237
v 3.2 4.236708 0.568237
v 2.8 4.221006 0.633638
v 3.2 4.221006 0.633638
v 2.8 4.209234 0.682674
v 3.2 4.209234 0.682674
v 2.8 4.2 0.8
v 3.2 4.2 0.8
v 2.75 4.25 2.71
v 2.75 4.65 2.71
v 2.8 4.7 2.71
v 3.2 4.7 2.71
v 3.25 4.25 2.71
v 3.25 4.65 2.71
v 2.8 4.2 2.71
v 3.2 4.2 2.71
v 2.75 4.641382 2.819504
v 2.75 4.239778 2.787646
v 2.75 4.1 2.969808
v 2.75 4.027646 2.999778
v 2.75 4.166312 3.37574
v 2.75 4.162132 2.922132
v 2.75 4.516312 3.12145
v 2.75 4.209807 2.86
v 2.75 4.573705 3.027793
v 2.75 4.615739 2.926312
v 2.75 4.059504 3.401382
v 2.75 3.95 3.01
v 2.75 3.95 3.41
v 2.75 4.267793 3.333704
v 2.75 4.36145 3.276312
v 2.75 4.444975 3.204975
v 3.2 4.690766 2.827326
v 2.8 4.690766 2.827326
v 3.2 4.678994 2.876362
v 2.8 4.678994 2.876362
v 3.2 4.663292 2.941763
v 2.8 4.663292 2.941763
v 3.2 4.624681 3.03498
v 2.8 4.624681 3.03498
v 3.2 4.618255 3.050493
v 2.8 4.618255 3.050493
v 3.2 4.556763 3.150839
v 2.8 4.556763 3.150839
v 3.2 4.534938 3.176392
v 2.8 4.534938 3.176392
v 3.2 4.48033 3.24033
v 2.8 4.48033 3.24033
v 3.2 4.416392 3.294939
v 2.8 4.416392 3.294939
v 3.2 4.390839 3.316763
v 2.8 4.390839 3.316763
v 3.2 4.290493 3.378255
v 2.8 4.290493 3.378255
v 3.2 4.27498 3.384681
v 2.8 4.27498 3.384681
v 3.2 4.181763 3.423292
v 2.8 4.181763 3.423292
v 3.2 4.116362 3.438994
v 2.8 4.116362 3.438994
v 3.2 4.067326 3.450766
v 2.8 4.067326 3.450766
v 3.2 3.95 3.46
v 2.8 3.95 3.46
v 3.25 4.209807 2.86
v 3.25 4.239778 2.787646
v 3.25 4.615739 2.926312
v 3.25 4.641382 2.819504
v 3.25 3.95 3.41
v 3.25 3.95 3.01
v 3.25 4.059504 3.401382
v 3.25 4.027646 2.999778
v 3.25 4.162132 2.922132
v 3.25 4.36145 3.276312
v 3.25 4.1 2.969808
v 3.25 4.267793 3.333704
v 3.25 4.166312 3.37574
v 3.25 4.573705 3.027793
v 3.25 4.516312 3.12145
v 3.25 4.444975 3.204975
v 3.2 3.95 2.96
v 2.8 3.95 2.96
v 3.2 4.014705 2.951481
v 2.8 4.014705 2.951481
v 3.2 4.075 2.926506
v 2.8 4.075 2.926506
v 3.2 4.126777 2.886777
v 2.8 4.126777 2.886777
v 3.2 4.166506 2.835
v 2.8 4.166506 2.835
v 3.2 4.191482 2.774705
v 2.8 4.191482 2.774705
v 2.8 -0.5 2.96
v 3.2 -0.5 2.96
v 2.75 -0.5 3.01
v 2.75 -0.5 3.41
v 2.8 -0.5 3.46
v 3.2 -0.5 3.46
v 3.25 -0.491184 3.01
v 3.25 -0.491184 3.41
v 3.093824 6.95 0.159191
v 2.906176 6.95 0.159191
v 3.140809 6.95 0.206176
v 2.893681 6.95 0.439255
v 2.906176 6.95 0.440809
v 2.859191 6.95 0.393824
v 2.865315 6.95 0.182279
v 2.862666 6.95 0.187799
v 2.8878 6.95 0.162666
v 2.859191 6.95 0.206176
v 2.882278 6.95 0.434685
v 2.8878 6.95 0.437334
v 2.862666 6.95 0.412201
v 2.860745 6.95 0.193681
v 3.093824 6.95 0.440809
v 3.140809 6.95 0.393824
v 2.893681 6.95 0.160745
v 2.860745 6.95 0.406319
v 3.139255 6.95 0.193681
v 3.137334 6.95 0.187799
v 3.10632 6.95 0.160745
v 3.112201 6.95 0.162666
v 3.10632 6.95 0.439255
v 3.137334 6.95 0.412201
v 3.139255 6.95 0.406319
v 2.882278 6.95 0.165315
v 2.877199 6.95 0.168655
v 2.868655 6.95 0.177199
v 2.872636 6.95 0.172636
v 2.865315 6.95 0.417721
v 2.868655 6.95 0.422801
v 2.877199 6.95 0.431345
v 2.872636 6.95 0.427364
v 3.117722 6.95 0.165315
v 3.134685 6.95 0.182279
v 3.122801 6.95 0.168655
v 3.131345 6.95 0.177199
v 3.127364 6.95 0.172636
v 3.112201 6.95 0.437334
v 3.117722 6.95 0.434685
v 3.134685 6.95 0.417721
v 3.122801 6.95 0.431345
v 3.131345 6.95 0.422801
v 3.127364 6.95 0.427364
v 3.093824 -0.8 3.069191
v 3.093824 -0.8 3.350809
v 2.906176 -0.8 3.069191
v 2.906176 -0.8 3.350809
v 2.893681 -0.8 3.349255
v 2.8878 -0.8 3.347334
v 2.859191 -0.8 3.303824
v 3.139255 -0.8 3.316319
v 3.137334 -0.8 3.322201
v 2.859191 -0.8 3.116176
v 3.134685 -0.8 3.092278
v 3.137334 -0.8 3.097799
v 3.117722 -0.8 3.075315
v 3.112201 -0.8 3.072666
v 3.10632 -0.8 3.070745
v 3.140809 -0.8 3.116176
v 3.139255 -0.8 3.10368
v 3.140809 -0.8 3.303824
v 2.860745 -0.8 3.10368
v 2.8878 -0.8 3.072666
v 2.893681 -0.8 3.070745
v 3.131345 -0.8 3.087199
v 3.122801 -0.8 3.078655
v 3.127364 -0.8 3.082636
v 2.872636 -0.8 3.337364
v 2.868655 -0.8 3.332801
v 2.877199 -0.8 3.341345
v 2.865315 -0.8 3.327722
v 2.882278 -0.8 3.344685
v 2.862666 -0.8 3.322201
v 2.860745 -0.8 3.316319
v 3.127364 -0.8 3.337364
v 3.122801 -0.8 3.341345
v 3.131345 -0.8 3.332801
v 3.117722 -0.8 3.344685
v 3.134685 -0.8 3.327722
v 3.112201 -0.8 3.347334
v 3.10632 -0.8 3.349255
v 2.862666 -0.8 3.097799
v 2.865315 -0.8 3.092278
v 2.882278 -0.8 3.075315
v 2.868655 -0.8 3.087199
v 2.877199 -0.8 3.078655
v 2.872636 -0.8 3.082636
v 3.246985 -0.508285 3.01
v 3.246985 -0.508285 3.41
v 3.202929 -0.500236 2.960086
v 2.797071 -0.500236 2.960086
v 2.797071 -0.500236 3.459914
v 3.202929 -0.500236 3.459914
v 2.750086 -0.500236 3.007071
v 2.750086 -0.500236 3.412929
v 2.750086 6.650236 0.50293
v 2.750086 6.650236 0.097071
v 3.202929 6.650236 0.549914
v 2.797071 6.650236 0.549914
v 2.797071 6.650236 0.050086
v 3.202929 6.650236 0.050086
v 3.249914 6.650236 0.097071
v 3.249914 6.650236 0.50293
v 2.787117 4.95 0.051868
v 2.787095 6.651634 0.051899
v 2.788874 4.95 0.051254
v 2.785182 6.651903 0.052246
v 2.778306 4.95 0.054952
v 2.775044 6.65286 0.056798
v 2.775149 4.95 0.056935
v 2.774159 6.652943 0.057195
v 2.768826 4.95 0.060908
v 2.764645 6.653297 0.064645
v 2.764867 4.95 0.064867
v 2.757195 6.652943 0.074159
v 2.760908 4.95 0.068826
v 2.756798 6.65286 0.075044
v 2.756935 4.95 0.075149
v 2.752246 6.651903 0.085182
v 2.754951 4.95 0.078306
v 2.751899 6.651634 0.087095
v 2.751868 4.95 0.087117
v 2.751254 4.95 0.088874
v 2.788874 4.610076 0.132862
v 2.788874 4.420556 0.270556
v 2.788874 4.2379 0.568625
v 2.788874 4.210472 0.68287
v 2.751254 4.838755 0.097629
v 2.751254 4.238874 0.8
v 2.751254 4.247629 0.688755
v 2.751868 4.237117 0.8
v 2.754951 4.237191 0.687102
v 2.754951 4.837102 0.087191
v 2.760908 4.227827 0.685619
v 2.756935 4.225149 0.8
v 2.754951 4.228306 0.8
v 2.760908 4.835619 0.077827
v 2.768826 4.220008 0.684381
v 2.764867 4.214867 0.8
v 2.760908 4.218826 0.8
v 2.768826 4.834381 0.070008
v 2.778306 4.214124 0.683449
v 2.775149 4.206935 0.8
v 2.768826 4.210908 0.8
v 2.751254 4.627156 0.166382
v 2.751254 4.73025 0.123679
v 2.754951 4.622358 0.156966
v 2.754951 4.726984 0.113628
v 2.760908 4.618054 0.148519
v 2.760908 4.724055 0.104612
v 2.768826 4.61446 0.141465
v 2.768826 4.721608 0.097082
v 2.778306 4.611755 0.136157
v 2.778306 4.719767 0.091417
v 2.778306 4.833449 0.064124
v 2.787117 4.201869 0.8
v 2.778306 4.204952 0.8
v 2.751254 4.374687 0.382011
v 2.751254 4.447158 0.297158
v 2.754951 4.366137 0.375799
v 2.754951 4.439685 0.289685
v 2.760908 4.358467 0.370226
v 2.760908 4.432981 0.282982
v 2.768826 4.352063 0.365573
v 2.768826 4.427383 0.277383
v 2.778306 4.347243 0.362072
v 2.778306 4.423171 0.273171
v 2.788874 4.344252 0.359898
v 2.788874 4.718625 0.0879
v 2.788874 4.83287 0.060472
v 2.788874 4.201253 0.8
v 2.751254 4.273679 0.58025
v 2.754951 4.263628 0.576984
v 2.760908 4.254611 0.574055
v 2.768826 4.247082 0.571608
v 2.778306 4.241417 0.569767
v 2.788874 4.282862 0.460076
v 2.778306 4.286157 0.461755
v 2.768826 4.291465 0.464459
v 2.760908 4.298519 0.468054
v 2.754951 4.306966 0.472358
v 2.751254 4.316382 0.477156
v 2.788874 4.509898 0.194251
v 2.778306 4.512072 0.197243
v 2.768826 4.515573 0.202062
v 2.760908 4.520226 0.208467
v 2.754951 4.525799 0.216137
v 2.751254 4.532011 0.224687
v 2.751704 4.237059 2.71
v 2.756699 4.225 2.71
v 2.764645 4.214644 2.71
v 2.775 4.206699 2.71
v 2.787059 4.201704 2.71
v 2.787059 4.193127 2.775146
v 2.775 4.197952 2.776439
v 2.764645 4.205627 2.778495
v 2.756699 4.21563 2.781175
v 2.751704 4.227278 2.784297
v 2.787059 4.167982 2.835852
v 2.775 4.172307 2.838349
v 2.764645 4.179189 2.842322
v 2.756699 4.188157 2.8475
v 2.751704 4.198601 2.853529
v 2.787059 4.127982 2.887981
v 2.775 4.131513 2.891514
v 2.764645 4.137132 2.897132
v 2.756699 4.144454 2.904454
v 2.751704 4.152982 2.912982
v 2.787059 4.075852 2.927982
v 2.775 4.07835 2.932307
v 2.764645 4.082322 2.939189
v 2.756699 4.0875 2.948157
v 2.751704 4.09353 2.958601
v 2.787059 4.015146 2.953127
v 2.775 4.016438 2.957952
v 2.764645 4.018495 2.965627
v 2.756699 4.021175 2.97563
v 2.751704 4.024297 2.987278
v 2.787059 3.95 2.961704
v 2.775 3.95 2.966699
v 2.764645 3.95 2.974645
v 2.756699 3.95 2.985
v 2.751704 3.95 2.997059
v 2.751899 -0.501634 2.997095
v 2.752246 -0.501902 2.995182
v 2.756798 -0.502859 2.985044
v 2.757195 -0.502943 2.984159
v 2.764645 -0.503297 2.974645
v 2.774159 -0.502943 2.967196
v 2.775044 -0.502859 2.966798
v 2.785182 -0.501902 2.962246
v 2.787095 -0.501634 2.961899
v 2.751565 6.651377 0.511069
v 2.751254 4.95 0.511126
v 2.752246 6.651903 0.514818
v 2.754951 4.95 0.521694
v 2.75527 6.652538 0.521551
v 2.757195 6.652943 0.525841
v 2.760908 4.95 0.531174
v 2.761195 6.653133 0.53095
v 2.764645 6.653297 0.535355
v 2.768826 4.95 0.539092
v 2.76905 6.653133 0.538805
v 2.774159 6.652943 0.542804
v 2.778306 4.95 0.545048
v 2.778449 6.652538 0.544731
v 2.785182 6.651903 0.547754
v 2.788874 4.95 0.548746
v 2.788931 6.651377 0.548435
v 2.788874 4.698746 0.8
v 2.788874 4.707307 0.734971
v 2.787117 4.698132 0.8
v 2.778306 4.703736 0.734014
v 2.768826 4.697982 0.732472
v 2.775149 4.693065 0.8
v 2.778306 4.695048 0.8
v 2.760908 4.690335 0.730423
v 2.764867 4.685133 0.8
v 2.768826 4.689091 0.8
v 2.754951 4.681178 0.727969
v 2.756935 4.674851 0.8
v 2.760908 4.681175 0.8
v 2.751254 4.670969 0.725234
v 2.751868 4.662883 0.8
v 2.754951 4.671694 0.8
v 2.751254 4.661126 0.8
v 2.788874 4.732408 0.674373
v 2.778306 4.729205 0.672524
v 2.768826 4.724047 0.669546
v 2.760908 4.71719 0.665587
v 2.754951 4.70898 0.660847
v 2.751254 4.699828 0.655563
v 2.788874 4.772336 0.622337
v 2.778306 4.769722 0.619722
v 2.768826 4.76551 0.61551
v 2.760908 4.759912 0.609912
v 2.754951 4.753208 0.603208
v 2.751254 4.745735 0.595735
v 2.788874 4.824373 0.582408
v 2.778306 4.822524 0.579205
v 2.768826 4.819546 0.574047
v 2.760908 4.815588 0.56719
v 2.754951 4.810847 0.55898
v 2.751254 4.805563 0.549828
v 2.788874 4.884971 0.557308
v 2.778306 4.884014 0.553736
v 2.768826 4.882472 0.547982
v 2.760908 4.880423 0.540335
v 2.754951 4.877969 0.531177
v 2.751254 4.875234 0.520969
v 2.787059 4.698296 2.71
v 2.775 4.693301 2.71
v 2.764645 4.685355 2.71
v 2.756699 4.675 2.71
v 2.751704 4.662941 2.71
v 2.787059 4.181236 3.421672
v 2.787059 4.479125 3.239125
v 2.787059 4.661672 2.941236
v 2.787059 4.689084 2.827059
v 2.751704 4.526782 3.129056
v 2.751704 4.454125 3.214125
v 2.756699 4.536538 3.136144
v 2.756699 4.462652 3.222652
v 2.764645 4.544915 3.142231
v 2.764645 4.469975 3.229975
v 2.775 4.551343 3.146902
v 2.775 4.475594 3.235593
v 2.787059 4.555385 3.149837
v 2.751704 4.273668 3.345235
v 2.751704 4.17031 3.388047
v 2.756699 4.279143 3.35598
v 2.756699 4.174037 3.399516
v 2.764645 4.283844 3.365206
v 2.764645 4.177238 3.409364
v 2.775 4.287452 3.372286
v 2.775 4.179693 3.416921
v 2.787059 4.289719 3.376737
v 2.751704 4.654163 2.821529
v 2.756699 4.666074 2.823415
v 2.764645 4.676302 2.825035
v 2.775 4.68415 2.826278
v 2.751704 4.628047 2.930311
v 2.756699 4.639516 2.934037
v 2.764645 4.649364 2.937237
v 2.775 4.656921 2.939693
v 2.787059 4.616737 3.049719
v 2.775 4.612286 3.047451
v 2.764645 4.605206 3.043844
v 2.756699 4.59598 3.039143
v 2.751704 4.585235 3.033669
v 2.787059 4.389837 3.315384
v 2.775 4.386901 3.311343
v 2.764645 4.382231 3.304915
v 2.756699 4.376144 3.296537
v 2.751704 4.369056 3.286781
v 2.787059 4.067059 3.449084
v 2.775 4.066278 3.44415
v 2.764645 4.065035 3.436302
v 2.756699 4.063415 3.426074
v 2.751704 4.061529 3.414163
v 2.751704 3.95 3.422941
v 2.756699 3.95 3.435
v 2.764645 3.95 3.445355
v 2.775 3.95 3.453301
v 2.787059 3.95 3.458296
v 2.787095 -0.501634 3.458101
v 2.785182 -0.501902 3.457754
v 2.775044 -0.502859 3.453202
v 2.774159 -0.502943 3.452804
v 2.764645 -0.503297 3.445355
v 2.757195 -0.502943 3.435841
v 2.756798 -0.502859 3.434956
v 2.752246 -0.501902 3.424818
v 2.751899 -0.501634 3.422905
v 3.211069 6.651377 0.548435
v 3.211126 4.95 0.548746
v 3.214818 6.651903 0.547754
v 3.221694 4.95 0.545048
v 3.221551 6.652538 0.544731
v 3.225841 6.652943 0.542804
v 3.231174 4.95 0.539092
v 3.23095 6.653133 0.538805
v 3.235355 6.653297 0.535355
v 3.239091 4.95 0.531174
v 3.238805 6.653133 0.53095
v 3.242805 6.652943 0.525841
v 3.245049 4.95 0.521694
v 3.244731 6.652538 0.521551
v 3.247754 6.651903 0.514818
v 3.248746 4.95 0.511126
v 3.248435 6.651377 0.511069
v 3.248746 4.875234 0.520969
v 3.211126 4.707307 0.734971
v 3.211126 4.698746 0.8
v 3.212883 4.698132 0.8
v 3.221694 4.703736 0.734014
v 3.221694 4.695048 0.8
v 3.224851 4.693065 0.8
v 3.231174 4.697982 0.732472
v 3.231174 4.689091 0.8
v 3.235133 4.685133 0.8
v 3.239091 4.690335 0.730423
v 3.211126 4.884971 0.557308
v 3.221694 4.884014 0.553736
v 3.231174 4.882472 0.547982
v 3.239091 4.880423 0.540335
v 3.245049 4.877969 0.531177
v 3.211126 4.824373 0.582408
v 3.221694 4.822524 0.579205
v 3.231174 4.819546 0.574047
v 3.239091 4.815588 0.56719
v 3.245049 4.810847 0.55898
v 3.211126 4.772336 0.622337
v 3.221694 4.769722 0.619722
v 3.231174 4.76551 0.61551
v 3.239091 4.759912 0.609912
v 3.245049 4.753208 0.603208
v 3.211126 4.732408 0.674373
v 3.221694 4.729205 0.672524
v 3.231174 4.724047 0.669546
v 3.239091 4.71719 0.665587
v 3.245049 4.70898 0.660847
v 3.245049 4.681178 0.727969
v 3.239091 4.681175 0.8
v 3.243065 4.674851 0.8
v 3.245049 4.671694 0.8
v 3.248132 4.662883 0.8
v 3.248746 4.805563 0.549828
v 3.248746 4.745735 0.595735
v 3.248746 4.699828 0.655563
v 3.248746 4.670969 0.725234
v 3.248746 4.661126 0.8
v 3.248296 4.662941 2.71
v 3.243301 4.675 2.71
v 3.235355 4.685355 2.71
v 3.225 4.693301 2.71
v 3.212941 4.698296 2.71
v 3.212941 4.661672 2.941236
v 3.212941 4.479125 3.239125
v 3.212941 4.181236 3.421672
v 3.212941 4.067059 3.449084
v 3.248296 4.369056 3.286781
v 3.248296 4.454125 3.214125
v 3.243301 4.376144 3.296537
v 3.243301 4.462652 3.222652
v 3.235355 4.382231 3.304915
v 3.235355 4.469975 3.229975
v 3.225 4.386901 3.311343
v 3.225 4.475594 3.235593
v 3.212941 4.389837 3.315384
v 3.248296 4.585235 3.033669
v 3.248296 4.628047 2.930311
v 3.243301 4.59598 3.039143
v 3.243301 4.639516 2.934037
v 3.235355 4.605206 3.043844
v 3.235355 4.649364 2.937237
v 3.225 4.612286 3.047451
v 3.225 4.656921 2.939693
v 3.212941 4.616737 3.049719
v 3.248296 3.95 3.422941
v 3.248296 4.061529 3.414163
v 3.243301 3.95 3.435
v 3.243301 4.063415 3.426074
v 3.235355 3.95 3.445355
v 3.235355 4.065035 3.436302
v 3.225 3.95 3.453301
v 3.225 4.066278 3.44415
v 3.212941 3.95 3.458296
v 3.248296 4.17031 3.388047
v 3.243301 4.174037 3.399516
v 3.235355 4.177238 3.409364
v 3.225 4.179693 3.416921
v 3.212941 4.289719 3.376737
v 3.225 4.287452 3.372286
v 3.235355 4.283844 3.365206
v 3.243301 4.279143 3.35598
v 3.248296 4.273668 3.345235
v 3.212941 4.555385 3.149837
v 3.225 4.551343 3.146902
v 3.235355 4.544915 3.142231
v 3.243301 4.536538 3.136144
v 3.248296 4.526782 3.129056
v 3.212941 4.689084 2.827059
v 3.225 4.68415 2.826278
v 3.235355 4.676302 2.825035
v 3.243301 4.666074 2.823415
v 3.248296 4.654163 2.821529
v 3.249114 -0.499852 3.418668
v 3.248965 -0.501305 3.420122
v 3.248241 -0.501662 3.422927
v 3.247754 -0.501902 3.424818
v 3.243202 -0.502859 3.434956
v 3.242805 -0.502943 3.435841
v 3.235355 -0.503297 3.445355
v 3.225841 -0.502943 3.452804
v 3.224955 -0.502859 3.453202
v 3.214818 -0.501902 3.457754
v 3.212905 -0.501634 3.458101
v 3.248965 -0.501305 2.999878
v 3.249114 -0.499852 3.001332
v 3.212905 -0.501634 2.961899
v 3.212941 3.95 2.961704
v 3.214818 -0.501902 2.962246
v 3.225 3.95 2.966699
v 3.224955 -0.502859 2.966798
v 3.225841 -0.502943 2.967196
v 3.235355 3.95 2.974645
v 3.235355 -0.503297 2.974645
v 3.242805 -0.502943 2.984159
v 3.243301 3.95 2.985
v 3.243202 -0.502859 2.985044
v 3.248296 3.95 2.997059
v 3.247754 -0.501902 2.995182
v 3.248241 -0.501662 2.997073
v 3.212941 4.015146 2.953127
v 3.225 4.016438 2.957952
v 3.235355 4.018495 2.965627
v 3.243301 4.021175 2.97563
v 3.248296 4.024297 2.987278
v 3.212941 4.075852 2.927982
v 3.225 4.07835 2.932307
v 3.235355 4.082322 2.939189
v 3.243301 4.0875 2.948157
v 3.248296 4.09353 2.958601
v 3.212941 4.127982 2.887981
v 3.225 4.131513 2.891514
v 3.235355 4.137132 2.897132
v 3.243301 4.144454 2.904454
v 3.248296 4.152982 2.912982
v 3.212941 4.167982 2.835852
v 3.225 4.172307 2.838349
v 3.235355 4.179189 2.842322
v 3.243301 4.188157 2.8475
v 3.248296 4.198601 2.853529
v 3.212941 4.193127 2.775146
v 3.225 4.197952 2.776439
v 3.235355 4.205627 2.778495
v 3.243301 4.21563 2.781175
v 3.248296 4.227278 2.784297
v 3.212941 4.201704 2.71
v 3.225 4.206699 2.71
v 3.235355 4.214644 2.71
v 3.243301 4.225 2.71
v 3.248296 4.237059 2.71
v 3.212941 4.201704 0.8
v 3.225 4.206699 0.8
v 3.235355 4.214644 0.8
v 3.243301 4.225 0.8
v 3.248296 4.237059 0.8
v 3.212941 4.238328 0.568764
v 3.212941 4.420875 0.270875
v 3.212941 4.718764 0.088328
v 3.212941 4.832941 0.060916
v 3.248296 4.530944 0.223219
v 3.248296 4.445875 0.295875
v 3.243301 4.523856 0.213463
v 3.243301 4.437347 0.287348
v 3.235355 4.517769 0.205085
v 3.235355 4.430026 0.280025
v 3.225 4.513098 0.198657
v 3.225 4.424407 0.274407
v 3.212941 4.510162 0.194616
v 3.248296 4.314765 0.476332
v 3.248296 4.271953 0.579689
v 3.243301 4.30402 0.470857
v 3.243301 4.260484 0.575963
v 3.235355 4.294794 0.466156
v 3.235355 4.250636 0.572763
v 3.225 4.287714 0.462548
v 3.225 4.243079 0.570307
v 3.212941 4.283263 0.460281
v 3.248296 4.95 0.087059
v 3.248296 4.838471 0.095837
v 3.243301 4.95 0.075
v 3.243301 4.836585 0.083926
v 3.235355 4.95 0.064645
v 3.235355 4.834965 0.073698
v 3.225 4.95 0.056699
v 3.225 4.833722 0.06585
v 3.212941 4.95 0.051704
v 3.248296 4.729689 0.121953
v 3.243301 4.725963 0.110484
v 3.235355 4.722763 0.100636
v 3.225 4.720307 0.093078
v 3.212941 4.610281 0.133263
v 3.225 4.612548 0.137714
v 3.235355 4.616156 0.144794
v 3.243301 4.620857 0.15402
v 3.248296 4.626331 0.164765
v 3.212941 4.344615 0.360162
v 3.225 4.348657 0.363098
v 3.235355 4.355085 0.367769
v 3.243301 4.363463 0.373856
v 3.248296 4.373219 0.380944
v 3.212941 4.210917 0.682941
v 3.225 4.21585 0.683722
v 3.235355 4.223698 0.684965
v 3.243301 4.233926 0.686585
v 3.248296 4.245837 0.688471
v 3.248101 6.651634 0.087095
v 3.247754 6.651903 0.085182
v 3.243202 6.65286 0.075044
v 3.242805 6.652943 0.074159
v 3.235355 6.653297 0.064645
v 3.225841 6.652943 0.057195
v 3.224955 6.65286 0.056798
v 3.214818 6.651903 0.052246
v 3.212905 6.651634 0.051899
v 0.75 4.95 0.1
v 0.75 4.95 0.5
v 0.75 6.65 0.1
v 0.75 6.65 0.5
v 0.8 4.95 0.55
v 1.2 4.95 0.55
v 0.8 6.65 0.55
v 1.2 6.65 0.55
v 1.25 6.65 0.1
v 1.25 6.65 0.5
v 1.25 4.95 0.1
v 1.25 4.95 0.5
v 0.8 6.65 0.05
v 1.2 6.65 0.05
v 0.8 4.95 0.05
v 1.2 4.95 0.05
v 0.75 4.25 0.8
v 0.75 4.65 0.8
v 0.75 4.258618 0.690496
v 0.75 4.660222 0.722354
v 0.75 4.737868 0.587868
v 0.75 4.383688 0.38855
v 0.75 4.690192 0.65
v 0.75 4.326295 0.482207
v 0.75 4.28426 0.583688
v 0.75 4.8 0.540192
v 0.75 4.872354 0.510222
v 0.75 4.733688 0.13426
v 0.75 4.840496 0.108618
v 0.75 4.632206 0.176295
v 0.75 4.53855 0.233688
v 0.75 4.455025 0.305025
v 0.8 4.7 0.8
v 1.2 4.7 0.8
v 0.8 4.708519 0.735295
v 1.2 4.708519 0.735295
v 0.8 4.733493 0.675
v 1.2 4.733493 0.675
v 0.8 4.773223 0.623223
v 1.2 4.773223 0.623223
v 0.8 4.825 0.583494
v 1.2 4.825 0.583494
v 0.8 4.885295 0.558519
v 1.2 4.885295 0.558519
v 1.25 4.690192 0.65
v 1.25 4.660222 0.722354
v 1.25 4.28426 0.583688
v 1.25 4.258618 0.690496
v 1.25 4.65 0.8
v 1.25 4.25 0.8
v 1.25 4.840496 0.108618
v 1.25 4.872354 0.510222
v 1.25 4.737868 0.587868
v 1.25 4.53855 0.233688
v 1.25 4.8 0.540192
v 1.25 4.632206 0.176295
v 1.25 4.733688 0.13426
v 1.25 4.326295 0.482207
v 1.25 4.383688 0.38855
v 1.25 4.455025 0.305025
v 0.8 4.832675 0.059234
v 1.2 4.832675 0.059234
v 0.8 4.783638 0.071006
v 1.2 4.783638 0.071006
v 0.8 4.718237 0.086708
v 1.2 4.718237 0.086708
v 0.8 4.625021 0.125319
v 1.2 4.625021 0.125319
v 0.8 4.609507 0.131745
v 1.2 4.609507 0.131745
v 0.8 4.509161 0.193237
v 1.2 4.509161 0.193237
v 0.8 4.483608 0.215061
v 1.2 4.483608 0.215061
v 0.8 4.41967 0.26967
v 1.2 4.41967 0.26967
v 0.8 4.365061 0.333608
v 1.2 4.365061 0.333608
v 0.8 4.343237 0.359161
v 1.2 4.343237 0.359161
v 0.8 4.281745 0.459507
v 1.2 4.281745 0.459507
v 0.8 4.275319 0.47502
v 1.2 4.275319 0.47502
v 0.8 4.236708 0.568237
v 1.2 4.236708 0.568237
v 0.8 4.221006 0.633638
v 1.2 4.221006 0.633638
v 0.8 4.209234 0.682674
v 1.2 4.209234 0.682674
v 0.8 4.2 0.8
v 1.2 4.2 0.8
v 0.75 4.25 2.71
v 0.75 4.65 2.71
v 0.8 4.7 2.71
v 1.2 4.7 2.71
v 1.25 4.25 2.71
v 1.25 4.65 2.71
v 0.8 4.2 2.71
v 1.2 4.2 2.71
v 0.75 4.641382 2.819504
v 0.75 4.239778 2.787646
v 0.75 4.1 2.969808
v 0.75 4.027646 2.999778
v 0.75 4.166312 3.37574
v 0.75 4.162132 2.922132
v 0.75 4.516312 3.12145
v 0.75 4.209807 2.86
v 0.75 4.573705 3.027793
v 0.75 4.615739 2.926312
v 0.75 4.059504 3.401382
v 0.75 3.95 3.01
v 0.75 3.95 3.41
v 0.75 4.267793 3.333704
v 0.75 4.36145 3.276312
v 0.75 4.444975 3.204975
v 1.2 4.690766 2.827326
v 0.8 4.690766 2.827326
v 1.2 4.678994 2.876362
v 0.8 4.678994 2.876362
v 1.2 4.663292 2.941763
v 0.8 4.663292 2.941763
v 1.2 4.624681 3.03498
v 0.8 4.624681 3.03498
v 1.2 4.618255 3.050493
v 0.8 4.618255 3.050493
v 1.2 4.556763 3.150839
v 0.8 4.556763 3.150839
v 1.2 4.534938 3.176392
v 0.8 4.534938 3.176392
v 1.2 4.48033 3.24033
v 0.8 4.48033 3.24033
v 1.2 4.416392 3.294939
v 0.8 4.416392 3.294939
v 1.2 4.390839 3.316763
v 0.8 4.390839 3.316763
v 1.2 4.290493 3.378255
v 0.8 4.290493 3.378255
v 1.2 4.27498 3.384681
v 0.8 4.27498 3.384681
v 1.2 4.181763 3.423292
v 0.8 4.181763 3.423292
v 1.2 4.116362 3.438994
v 0.8 4.116362 3.438994
v 1.2 4.067326 3.450766
v 0.8 4.067326 3.450766
v 1.2 3.95 3.46
v 0.8 3.95 3.46
v 1.25 4.209807 2.86
v 1.25 4.239778 2.787646
v 1.25 4.615739 2.926312
v 1.25 4.641382 2.819504
v 1.25 3.95 3.41
v 1.25 3.95 3.01
v 1.25 4.059504 3.401382
v 1.25 4.027646 2.999778
v 1.25 4.162132 2.922132
v 1.25 4.36145 3.276312
v 1.25 4.1 2.969808
v 1.25 4.267793 3.333704
v 1.25 4.166312 3.37574
v 1.25 4.573705 3.027793
v 1.25 4.516312 3.12145
v 1.25 4.444975 3.204975
v 1.2 3.95 2.96
v 0.8 3.95 2.96
v 1.2 4.014705 2.951481
v 0.8 4.014705 2.951481
v 1.2 4.075 2.926506
v 0.8 4.075 2.926506
v 1.2 4.126777 2.886777
v 0.8 4.126777 2.886777
v 1.2 4.166506 2.835
v 0.8 4.166506 2.835
v 1.2 4.191482 2.774705
v 0.8 4.191482 2.774705
v 0.8 -0.5 2.96
v 1.2 -0.5 2.96
v 0.75 -0.5 3.01
v 0.75 -0.5 3.41
v 0.8 -0.5 3.46
v 1.2 -0.5 3.46
v 1.25 -0.491184 3.01
v 1.25 -0.491184 3.41
v 1.140809 6.95 0.393824
v 0.906176 6.95 0.440809
v 1.093824 6.95 0.440809
v 0.859191 6.95 0.393824
v 0.859191 6.95 0.206176
v 0.906176 6.95 0.159191
v 1.140809 6.95 0.206176
v 1.093824 6.95 0.159191
v 0.865315 6.95 0.182279
v 0.862666 6.95 0.187799
v 0.887799 6.95 0.162666
v 0.860745 6.95 0.406319
v 0.887799 6.95 0.437334
v 0.893681 6.95 0.439255
v 0.893681 6.95 0.160745
v 0.860745 6.95 0.193681
v 1.106319 6.95 0.439255
v 1.137334 6.95 0.412201
v 1.139255 6.95 0.406319
v 1.112201 6.95 0.437334
v 1.117721 6.95 0.434685
v 1.134685 6.95 0.417721
v 1.117721 6.95 0.165315
v 1.112201 6.95 0.162666
v 1.137334 6.95 0.187799
v 1.139255 6.95 0.193681
v 1.106319 6.95 0.160745
v 0.862666 6.95 0.412201
v 0.865315 6.95 0.417721
v 0.882279 6.95 0.434685
v 0.868655 6.95 0.422801
v 0.877199 6.95 0.431345
v 0.872636 6.95 0.427364
v 0.882279 6.95 0.165315
v 0.877199 6.95 0.168655
v 0.868655 6.95 0.177199
v 0.872636 6.95 0.172636
v 1.131345 6.95 0.422801
v 1.122801 6.95 0.431345
v 1.127364 6.95 0.427364
v 1.134685 6.95 0.182279
v 1.131345 6.95 0.177199
v 1.122801 6.95 0.168655
v 1.127364 6.95 0.172636
v 0.859191 -0.8 3.303824
v 0.859191 -0.8 3.116176
v 0.906176 -0.8 3.350809
v 1.106319 -0.8 3.349255
v 1.093824 -0.8 3.350809
v 1.140809 -0.8 3.303824
v 0.906176 -0.8 3.069191
v 1.140809 -0.8 3.116176
v 1.093824 -0.8 3.069191
v 0.860745 -0.8 3.10368
v 0.887799 -0.8 3.072666
v 0.893681 -0.8 3.070745
v 0.862666 -0.8 3.097799
v 0.865315 -0.8 3.092278
v 0.882279 -0.8 3.075315
v 1.134685 -0.8 3.092278
v 1.137334 -0.8 3.097799
v 1.112201 -0.8 3.072666
v 1.117721 -0.8 3.344685
v 1.112201 -0.8 3.347334
v 1.137334 -0.8 3.322201
v 1.106319 -0.8 3.070745
v 1.139255 -0.8 3.10368
v 0.865315 -0.8 3.327722
v 0.862666 -0.8 3.322201
v 0.882279 -0.8 3.344685
v 0.887799 -0.8 3.347334
v 0.893681 -0.8 3.349255
v 0.860745 -0.8 3.316319
v 1.139255 -0.8 3.316319
v 0.877199 -0.8 3.078655
v 0.868655 -0.8 3.087199
v 0.872636 -0.8 3.082636
v 1.117721 -0.8 3.075315
v 1.122801 -0.8 3.078655
v 1.131345 -0.8 3.087199
v 1.127364 -0.8 3.082636
v 0.868655 -0.8 3.332801
v 0.877199 -0.8 3.341345
v 0.872636 -0.8 3.337364
v 1.134685 -0.8 3.327722
v 1.131345 -0.8 3.332801
v 1.122801 -0.8 3.341345
v 1.127364 -0.8 3.337364
v 1.246985 -0.508285 3.01
v 1.246985 -0.508285 3.41
v 1.202929 -0.500236 2.960086
v 0.797071 -0.500236 2.960086
v 0.797071 -0.500236 3.459914
v 1.202929 -0.500236 3.459914
v 0.750086 -0.500236 3.007071
v 0.750086 -0.500236 3.412929
v 0.750086 6.650236 0.50293
v 0.750086 6.650236 0.097071
v 1.202929 6.650236 0.549914
v 0.797071 6.650236 0.549914
v 0.797071 6.650236 0.050086
v 1.202929 6.650236 0.050086
v 1.249914 6.650236 0.097071
v 1.249914 6.650236 0.50293
v 0.787117 4.95 0.051868
v 0.787095 6.651634 0.051899
v 0.788874 4.95 0.051254
v 0.785182 6.651903 0.052246
v 0.778306 4.95 0.054952
v 0.775045 6.65286 0.056798
v 0.775149 4.95 0.056935
v 0.774159 6.652943 0.057195
v 0.768826 4.95 0.060908
v 0.764645 6.653297 0.064645
v 0.764867 4.95 0.064867
v 0.757195 6.652943 0.074159
v 0.760908 4.95 0.068826
v 0.756798 6.65286 0.075044
v 0.756935 4.95 0.075149
v 0.752246 6.651903 0.085182
v 0.754952 4.95 0.078306
v 0.751899 6.651634 0.087095
v 0.751868 4.95 0.087117
v 0.751254 4.95 0.088874
v 0.788874 4.610076 0.132862
v 0.788874 4.420556 0.270556
v 0.788874 4.2379 0.568625
v 0.788874 4.210472 0.68287
v 0.751254 4.838755 0.097629
v 0.751254 4.238874 0.8
v 0.751254 4.247629 0.688755
v 0.751868 4.237117 0.8
v 0.754952 4.237191 0.687102
v 0.754952 4.837102 0.087191
v 0.760908 4.227827 0.685619
v 0.756935 4.225149 0.8
v 0.754952 4.228306 0.8
v 0.760908 4.835619 0.077827
v 0.768826 4.220008 0.684381
v 0.764867 4.214867 0.8
v 0.760908 4.218826 0.8
v 0.768826 4.834381 0.070008
v 0.778306 4.214124 0.683449
v 0.775149 4.206935 0.8
v 0.768826 4.210908 0.8
v 0.751254 4.627156 0.166382
v 0.751254 4.73025 0.123679
v 0.754952 4.622358 0.156966
v 0.754952 4.726984 0.113628
v 0.760908 4.618054 0.148519
v 0.760908 4.724055 0.104612
v 0.768826 4.61446 0.141465
v 0.768826 4.721608 0.097082
v 0.778306 4.611755 0.136157
v 0.778306 4.719767 0.091417
v 0.778306 4.833449 0.064124
v 0.787117 4.201869 0.8
v 0.778306 4.204952 0.8
v 0.751254 4.374687 0.382011
v 0.751254 4.447158 0.297158
v 0.754952 4.366137 0.375799
v 0.754952 4.439685 0.289685
v 0.760908 4.358467 0.370226
v 0.760908 4.432981 0.282982
v 0.768826 4.352063 0.365573
v 0.768826 4.427383 0.277383
v 0.778306 4.347243 0.362072
v 0.778306 4.423171 0.273171
v 0.788874 4.344252 0.359898
v 0.788874 4.718625 0.0879
v 0.788874 4.83287 0.060472
v 0.788874 4.201253 0.8
v 0.751254 4.273679 0.58025
v 0.754952 4.263628 0.576984
v 0.760908 4.254611 0.574055
v 0.768826 4.247082 0.571608
v 0.778306 4.241417 0.569767
v 0.788874 4.282862 0.460076
v 0.778306 4.286157 0.461755
v 0.768826 4.291465 0.464459
v 0.760908 4.298519 0.468054
v 0.754952 4.306966 0.472358
v 0.751254 4.316382 0.477156
v 0.788874 4.509898 0.194251
v 0.778306 4.512072 0.197243
v 0.768826 4.515573 0.202062
v 0.760908 4.520226 0.208467
v 0.754952 4.525799 0.216137
v 0.751254 4.532011 0.224687
v 0.751704 4.237059 2.71
v 0.756699 4.225 2.71
v 0.764645 4.214644 2.71
v 0.775 4.206699 2.71
v 0.787059 4.201704 2.71
v 0.787059 4.193127 2.775146
v 0.775 4.197952 2.776439
v 0.764645 4.205627 2.778495
v 0.756699 4.21563 2.781175
v 0.751704 4.227278 2.784297
v 0.787059 4.167982 2.835852
v 0.775 4.172307 2.838349
v 0.764645 4.179189 2.842322
v 0.756699 4.188157 2.8475
v 0.751704 4.198601 2.853529
v 0.787059 4.127982 2.887981
v 0.775 4.131513 2.891514
v 0.764645 4.137132 2.897132
v 0.756699 4.144454 2.904454
v 0.751704 4.152982 2.912982
v 0.787059 4.075852 2.927982
v 0.775 4.07835 2.932307
v 0.764645 4.082322 2.939189
v 0.756699 4.0875 2.948157
v 0.751704 4.09353 2.958601
v 0.787059 4.015146 2.953127
v 0.775 4.016438 2.957952
v 0.764645 4.018495 2.965627
v 0.756699 4.021175 2.97563
v 0.751704 4.024297 2.987278
v 0.787059 3.95 2.961704
v 0.775 3.95 2.966699
v 0.764645 3.95 2.974645
v 0.756699 3.95 2.985
v 0.751704 3.95 2.997059
v 0.751899 -0.501634 2.997095
v 0.752246 -0.501902 2.995182
v 0.756798 -0.502859 2.985044
v 0.757195 -0.502943 2.984159
v 0.764645 -0.503297 2.974645
v 0.774159 -0.502943 2.967196
v 0.775045 -0.502859 2.966798
v 0.785182 -0.501902 2.962246
v 0.787095 -0.501634 2.961899
v 0.751565 6.651377 0.511069
v 0.751254 4.95 0.511126
v 0.752246 6.651903 0.514818
v 0.754952 4.95 0.521694
v 0.755269 6.652538 0.521551
v 0.757195 6.652943 0.525841
v 0.760908 4.95 0.531174
v 0.761195 6.653133 0.53095
v 0.764645 6.653297 0.535355
v 0.768826 4.95 0.539092
v 0.76905 6.653133 0.538805
v 0.774159 6.652943 0.542804
v 0.778306 4.95 0.545048
v 0.778449 6.652538 0.544731
v 0.785182 6.651903 0.547754
v 0.788874 4.95 0.548746
v 0.788931 6.651377 0.548435
v 0.788874 4.698746 0.8
v 0.788874 4.707307 0.734971
v 0.787117 4.698132 0.8
v 0.778306 4.703736 0.734014
v 0.768826 4.697982 0.732472
v 0.775149 4.693065 0.8
v 0.778306 4.695048 0.8
v 0.760908 4.690335 0.730423
v 0.764867 4.685133 0.8
v 0.768826 4.689091 0.8
v 0.754952 4.681178 0.727969
v 0.756935 4.674851 0.8
v 0.760908 4.681175 0.8
v 0.751254 4.670969 0.725234
v 0.751868 4.662883 0.8
v 0.754952 4.671694 0.8
v 0.751254 4.661126 0.8
v 0.788874 4.732408 0.674373
v 0.778306 4.729205 0.672524
v 0.768826 4.724047 0.669546
v 0.760908 4.71719 0.665587
v 0.754952 4.70898 0.660847
v 0.751254 4.699828 0.655563
v 0.788874 4.772336 0.622337
v 0.778306 4.769722 0.619722
v 0.768826 4.76551 0.61551
v 0.760908 4.759912 0.609912
v 0.754952 4.753208 0.603208
v 0.751254 4.745735 0.595735
v 0.788874 4.824373 0.582408
v 0.778306 4.822524 0.579205
v 0.768826 4.819546 0.574047
v 0.760908 4.815588 0.56719
v 0.754952 4.810847 0.55898
v 0.751254 4.805563 0.549828
v 0.788874 4.884971 0.557308
v 0.778306 4.884014 0.553736
v 0.768826 4.882472 0.547982
v 0.760908 4.880423 0.540335
v 0.754952 4.877969 0.531177
v 0.751254 4.875234 0.520969
v 0.787059 4.698296 2.71
v 0.775 4.693301 2.71
v 0.764645 4.685355 2.71
v 0.756699 4.675 2.71
v 0.751704 4.662941 2.71
v 0.787059 4.181236 3.421672
v 0.787059 4.479125 3.239125
v 0.787059 4.661672 2.941236
v 0.787059 4.689084 2.827059
v 0.751704 4.526782 3.129056
v 0.751704 4.454125 3.214125
v 0.756699 4.536538 3.136144
v 0.756699 4.462652 3.222652
v 0.764645 4.544915 3.142231
v 0.764645 4.469975 3.229975
v 0.775 4.551343 3.146902
v 0.775 4.475594 3.235593
v 0.787059 4.555385 3.149837
v 0.751704 4.273668 3.345235
v 0.751704 4.17031 3.388047
v 0.756699 4.279143 3.35598
v 0.756699 4.174037 3.399516
v 0.764645 4.283844 3.365206
v 0.764645 4.177238 3.409364
v 0.775 4.287452 3.372286
v 0.775 4.179693 3.416921
v 0.787059 4.289719 3.376737
v 0.751704 4.654163 2.821529
v 0.756699 4.666074 2.823415
v 0.764645 4.676302 2.825035
v 0.775 4.68415 2.826278
v 0.751704 4.628047 2.930311
v 0.756699 4.639516 2.934037
v 0.764645 4.649364 2.937237
v 0.775 4.656921 2.939693
v 0.787059 4.616737 3.049719
v 0.775 4.612286 3.047451
v 0.764645 4.605206 3.043844
v 0.756699 4.59598 3.039143
v 0.751704 4.585235 3.033669
v 0.787059 4.389837 3.315384
v 0.775 4.386901 3.311343
v 0.764645 4.382231 3.304915
v 0.756699 4.376144 3.296537
v 0.751704 4.369056 3.286781
v 0.787059 4.067059 3.449084
v 0.775 4.066278 3.44415
v 0.764645 4.065035 3.436302
v 0.756699 4.063415 3.426074
v 0.751704 4.061529 3.414163
v 0.751704 3.95 3.422941
v 0.756699 3.95 3.435
v 0.764645 3.95 3.445355
v 0.775 3.95 3.453301
v 0.787059 3.95 3.458296
v 0.787095 -0.501634 3.458101
v 0.785182 -0.501902 3.457754
v 0.775045 -0.502859 3.453202
v 0.774159 -0.502943 3.452804
v 0.764645 -0.503297 3.445355
v 0.757195 -0.502943 3.435841
v 0.756798 -0.502859 3.434956
v 0.752246 -0.501902 3.424818
v 0.751899 -0.501634 3.422905
v 1.211069 6.651377 0.548435
v 1.211126 4.95 0.548746
v 1.214818 6.651903 0.547754
v 1.221694 4.95 0.545048
v 1.221551 6.652538 0.544731
v 1.225841 6.652943 0.542804
v 1.231174 4.95 0.539092
v 1.23095 6.653133 0.538805
v 1.235355 6.653297 0.535355
v 1.239092 4.95 0.531174
v 1.238805 6.653133 0.53095
v 1.242804 6.652943 0.525841
v 1.245049 4.95 0.521694
v 1.244731 6.652538 0.521551
v 1.247754 6.651903 0.514818
v 1.248746 4.95 0.511126
v 1.248435 6.651377 0.511069
v 1.248746 4.875234 0.520969
v 1.211126 4.707307 0.734971
v 1.211126 4.698746 0.8
v 1.212883 4.698132 0.8
v 1.221694 4.703736 0.734014
v 1.221694 4.695048 0.8
v 1.224851 4.693065 0.8
v 1.231174 4.697982 0.732472
v 1.231174 4.689091 0.8
v 1.235133 4.685133 0.8
v 1.239092 4.690335 0.730423
v 1.211126 4.884971 0.557308
v 1.221694 4.884014 0.553736
v 1.231174 4.882472 0.547982
v 1.239092 4.880423 0.540335
v 1.245049 4.877969 0.531177
v 1.211126 4.824373 0.582408
v 1.221694 4.822524 0.579205
v 1.231174 4.819546 0.574047
v 1.239092 4.815588 0.56719
v 1.245049 4.810847 0.55898
v 1.211126 4.772336 0.622337
v 1.221694 4.769722 0.619722
v 1.231174 4.76551 0.61551
v 1.239092 4.759912 0.609912
v 1.245049 4.753208 0.603208
v 1.211126 4.732408 0.674373
v 1.221694 4.729205 0.672524
v 1.231174 4.724047 0.669546
v 1.239092 4.71719 0.665587
v 1.245049 4.70898 0.660847
v 1.245049 4.681178 0.727969
v 1.239092 4.681175 0.8
v 1.243065 4.674851 0.8
v 1.245049 4.671694 0.8
v 1.248132 4.662883 0.8
v 1.248746 4.805563 0.549828
v 1.248746 4.745735 0.595735
v 1.248746 4.699828 0.655563
v 1.248746 4.670969 0.725234
v 1.248746 4.661126 0.8
v 1.248296 4.662941 2.71
v 1.243301 4.675 2.71
v 1.235355 4.685355 2.71
v 1.225 4.693301 2.71
v 1.212941 4.698296 2.71
v 1.212941 4.661672 2.941236
v 1.212941 4.479125 3.239125
v 1.212941 4.181236 3.421672
v 1.212941 4.067059 3.449084
v 1.248296 4.369056 3.286781
v 1.248296 4.454125 3.214125
v 1.243301 4.376144 3.296537
v 1.243301 4.462652 3.222652
v 1.235355 4.382231 3.304915
v 1.235355 4.469975 3.229975
v 1.225 4.386901 3.311343
v 1.225 4.475594 3.235593
v 1.212941 4.389837 3.315384
v 1.248296 4.585235 3.033669
v 1.248296 4.628047 2.930311
v 1.243301 4.59598 3.039143
v 1.243301 4.639516 2.934037
v 1.235355 4.605206 3.043844
v 1.235355 4.649364 2.937237
v 1.225 4.612286 3.047451
v 1.225 4.656921 2.939693
v 1.212941 4.616737 3.049719
v 1.248296 3.95 3.422941
v 1.248296 4.061529 3.414163
v 1.243301 3.95 3.435
v 1.243301 4.063415 3.426074
v 1.235355 3.95 3.445355
v 1.235355 4.065035 3.436302
v 1.225 3.95 3.453301
v 1.225 4.066278 3.44415
v 1.212941 3.95 3.458296
v 1.248296 4.17031 3.388047
v 1.243301 4.174037 3.399516
v 1.235355 4.177238 3.409364
v 1.225 4.179693 3.416921
v 1.212941 4.289719 3.376737
v 1.225 4.287452 3.372286
v 1.235355 4.283844 3.365206
v 1.243301 4.279143 3.35598
v 1.248296 4.273668 3.345235
v 1.212941 4.555385 3.149837
v 1.225 4.551343 3.146902
v 1.235355 4.544915 3.142231
v 1.243301 4.536538 3.136144
v 1.248296 4.526782 3.129056
v 1.212941 4.689084 2.827059
v 1.225 4.68415 2.826278
v 1.235355 4.676302 2.825035
v 1.243301 4.666074 2.823415
v 1.248296 4.654163 2.821529
v 1.249113 -0.499852 3.418668
v 1.248965 -0.501305 3.420122
v 1.248242 -0.501662 3.422927
v 1.247754 -0.501902 3.424818
v 1.243202 -0.502859 3.434956
v 1.242804 -0.502943 3.435841
v 1.235355 -0.503297 3.445355
v 1.225841 -0.502943 3.452804
v 1.224956 -0.502859 3.453202
v 1.214818 -0.501902 3.457754
v 1.212905 -0.501634 3.458101
v 1.248965 -0.501305 2.999878
v 1.249113 -0.499852 3.001332
v 1.212905 -0.501634 2.961899
v 1.212941 3.95 2.961704
v 1.214818 -0.501902 2.962246
v 1.225 3.95 2.966699
v 1.224956 -0.502859 2.966798
v 1.225841 -0.502943 2.967196
v 1.235355 3.95 2.974645
v 1.235355 -0.503297 2.974645
v 1.242804 -0.502943 2.984159
v 1.243301 3.95 2.985
v 1.243202 -0.502859 2.985044
v 1.248296 3.95 2.997059
v 1.247754 -0.501902 2.995182
v 1.248242 -0.501662 2.997073
v 1.212941 4.015146 2.953127
v 1.225 4.016438 2.957952
v 1.235355 4.018495 2.965627
v 1.243301 4.021175 2.97563
v 1.248296 4.024297 2.987278
v 1.212941 4.075852 2.927982
v 1.225 4.07835 2.932307
v 1.235355 4.082322 2.939189
v 1.243301 4.0875 2.948157
v 1.248296 4.09353 2.958601
v 1.212941 4.127982 2.887981
v 1.225 4.131513 2.891514
v 1.235355 4.137132 2.897132
v 1.243301 4.144454 2.904454
v 1.248296 4.152982 2.912982
v 1.212941 4.167982 2.835852
v 1.225 4.172307 2.838349
v 1.235355 4.179189 2.842322
v 1.243301 4.188157 2.8475
v 1.248296 4.198601 2.853529
v 1.212941 4.193127 2.775146
v 1.225 4.197952 2.776439
v 1.235355 4.205627 2.778495
v 1.243301 4.21563 2.781175
v 1.248296 4.227278 2.784297
v 1.212941 4.201704 2.71
v 1.225 4.206699 2.71
v 1.235355 4.214644 2.71
v 1.243301 4.225 2.71
v 1.248296 4.237059 2.71
v 1.212941 4.201704 0.8
v 1.225 4.206699 0.8
v 1.235355 4.214644 0.8
v 1.243301 4.225 0.8
v 1.248296 4.237059 0.8
v 1.212941 4.238328 0.568764
v 1.212941 4.420875 0.270875
v 1.212941 4.718764 0.088328
v 1.212941 4.832941 0.060916
v 1.248296 4.530944 0.223219
v 1.248296 4.445875 0.295875
v 1.243301 4.523856 0.213463
v 1.243301 4.437347 0.287348
v 1.235355 4.517769 0.205085
v 1.235355 4.430026 0.280025
v 1.225 4.513098 0.198657
v 1.225 4.424407 0.274407
v 1.212941 4.510162 0.194616
v 1.248296 4.314765 0.476332
v 1.248296 4.271953 0.579689
v 1.243301 4.30402 0.470857
v 1.243301 4.260484 0.575963
v 1.235355 4.294794 0.466156
v 1.235355 4.250636 0.572763
v 1.225 4.287714 0.462548
v 1.225 4.243079 0.570307
v 1.212941 4.283263 0.460281
v 1.248296 4.95 0.087059
v 1.248296 4.838471 0.095837
v 1.243301 4.95 0.075
v 1.243301 4.836585 0.083926
v 1.235355 4.95 0.064645
v 1.235355 4.834965 0.073698
v 1.225 4.95 0.056699
v 1.225 4.833722 0.06585
v 1.212941 4.95 0.051704
v 1.248296 4.729689 0.121953
v 1.243301 4.725963 0.110484
v 1.235355 4.722763 0.100636
v 1.225 4.720307 0.093078
v 1.212941 4.610281 0.133263
v 1.225 4.612548 0.137714
v 1.235355 4.616156 0.144794
v 1.243301 4.620857 0.15402
v 1.248296 4.626331 0.164765
v 1.212941 4.344615 0.360162
v 1.225 4.348657 0.363098
v 1.235355 4.355085 0.367769
v 1.243301 4.363463 0.373856
v 1.248296 4.373219 0.380944
v 1.212941 4.210917 0.682941
v 1.225 4.21585 0.683722
v 1.235355 4.223698 0.684965
v 1.243301 4.233926 0.686585
v 1.248296 4.245837 0.688471
v 1.248101 6.651634 0.087095
v 1.247754 6.651903 0.085182
v 1.243202 6.65286 0.075044
v 1.242804 6.652943 0.074159
v 1.235355 6.653297 0.064645
v 1.225841 6.652943 0.057195
v 1.224956 6.65286 0.056798
v 1.214818 6.651903 0.052246
v 1.212905 6.651634 0.051899
v -1.25 4.95 0.1
v -1.25 4.95 0.5
v -1.25 6.65 0.1
v -1.25 6.65 0.5
v -1.2 4.95 0.55
v -0.8 4.95 0.55
v -1.2 6.65 0.55
v -0.8 6.65 0.55
v -0.75 6.65 0.1
v -0.75 6.65 0.5
v -0.75 4.95 0.1
v -0.75 4.95 0.5
v -1.2 6.65 0.05
v -0.8 6.65 0.05
v -1.2 4.95 0.05
v -0.8 4.95 0.05
v -1.25 4.25 0.8
v -1.25 4.65 0.8
v -1.25 4.258618 0.690496
v -1.25 4.660222 0.722354
v -1.25 4.737868 0.587868
v -1.25 4.383688 0.38855
v -1.25 4.690192 0.65
v -1.25 4.326295 0.482207
v -1.25 4.28426 0.583688
v -1.25 4.8 0.540192
v -1.25 4.872354 0.510222
v -1.25 4.733688 0.13426
v -1.25 4.840496 0.108618
v -1.25 4.632206 0.176295
v -1.25 4.53855 0.233688
v -1.25 4.455025 0.305025
v -1.2 4.7 0.8
v -0.8 4.7 0.8
v -1.2 4.708519 0.735295
v -0.8 4.708519 0.735295
v -1.2 4.733493 0.675
v -0.8 4.733493 0.675
v -1.2 4.773223 0.623223
v -0.8 4.773223 0.623223
v -1.2 4.825 0.583494
v -0.8 4.825 0.583494
v -1.2 4.885295 0.558519
v -0.8 4.885295 0.558519
v -0.75 4.690192 0.65
v -0.75 4.660222 0.722354
v -0.75 4.28426 0.583688
v -0.75 4.258618 0.690496
v -0.75 4.65 0.8
v -0.75 4.25 0.8
v -0.75 4.840496 0.108618
v -0.75 4.872354 0.510222
v -0.75 4.737868 0.587868
v -0.75 4.53855 0.233688
v -0.75 4.8 0.540192
v -0.75 4.632206 0.176295
v -0.75 4.733688 0.13426
v -0.75 4.326295 0.482207
v -0.75 4.383688 0.38855
v -0.75 4.455025 0.305025
v -1.2 4.832675 0.059234
v -0.8 4.832675 0.059234
v -1.2 4.783638 0.071006
v -0.8 4.783638 0.071006
v -1.2 4.718237 0.086708
v -0.8 4.718237 0.086708
v -1.2 4.625021 0.125319
v -0.8 4.625021 0.125319
v -1.2 4.609507 0.131745
v -0.8 4.609507 0.131745
v -1.2 4.509161 0.193237
v -0.8 4.509161 0.193237
v -1.2 4.483608 0.215061
v -0.8 4.483608 0.215061
v -1.2 4.41967 0.26967
v -0.8 4.41967 0.26967
v -1.2 4.365061 0.333608
v -0.8 4.365061 0.333608
v -1.2 4.343237 0.359161
v -0.8 4.343237 0.359161
v -1.2 4.281745 0.459507
v -0.8 4.281745 0.459507
v -1.2 4.275319 0.47502
v -0.8 4.275319 0.47502
v -1.2 4.236708 0.568237
v -0.8 4.236708 0.568237
v -1.2 4.221006 0.633638
v -0.8 4.221006 0.633638
v -1.2 4.209234 0.682674
v -0.8 4.209234 0.682674
v -1.2 4.2 0.8
v -0.8 4.2 0.8
v -1.25 4.25 2.71
v -1.25 4.65 2.71
v -1.2 4.7 2.71
v -0.8 4.7 2.71
v -0.75 4.25 2.71
v -0.75 4.65 2.71
v -1.2 4.2 2.71
v -0.8 4.2 2.71
v -1.25 4.641382 2.819504
v -1.25 4.239778 2.787646
v -1.25 4.1 2.969808
v -1.25 4.027646 2.999778
v -1.25 4.166312 3.37574
v -1.25 4.162132 2.922132
v -1.25 4.516312 3.12145
v -1.25 4.209807 2.86
v -1.25 4.573705 3.027793
v -1.25 4.615739 2.926312
v -1.25 4.059504 3.401382
v -1.25 3.95 3.01
v -1.25 3.95 3.41
v -1.25 4.267793 3.333704
v -1.25 4.36145 3.276312
v -1.25 4.444975 3.204975
v -0.8 4.690766 2.827326
v -1.2 4.690766 2.827326
v -0.8 4.678994 2.876362
v -1.2 4.678994 2.876362
v -0.8 4.663292 2.941763
v -1.2 4.663292 2.941763
v -0.8 4.624681 3.03498
v -1.2 4.624681 3.03498
v -0.8 4.618255 3.050493
v -1.2 4.618255 3.050493
v -0.8 4.556763 3.150839
v -1.2 4.556763 3.150839
v -0.8 4.534938 3.176392
v -1.2 4.534938 3.176392
v -0.8 4.48033 3.24033
v -1.2 4.48033 3.24033
v -0.8 4.416392 3.294939
v -1.2 4.416392 3.294939
v -0.8 4.390839 3.316763
v -1.2 4.390839 3.316763
v -0.8 4.290493 3.378255
v -1.2 4.290493 3.378255
v -0.8 4.27498 3.384681
v -1.2 4.27498 3.384681
v -0.8 4.181763 3.423292
v -1.2 4.181763 3.423292
v -0.8 4.116362 3.438994
v -1.2 4.116362 3.438994
v -0.8 4.067326 3.450766
v -1.2 4.067326 3.450766
v -0.8 3.95 3.46
v -1.2 3.95 3.46
v -0.75 4.209807 2.86
v -0.75 4.239778 2.787646
v -0.75 4.615739 2.926312
v -0.75 4.641382 2.819504
v -0.75 3.95 3.41
v -0.75 3.95 3.01
v -0.75 4.059504 3.401382
v -0.75 4.027646 2.999778
v -0.75 4.162132 2.922132
v -0.75 4.36145 3.276312
v -0.75 4.1 2.969808
v -0.75 4.267793 3.333704
v -0.75 4.166312 3.37574
v -0.75 4.573705 3.027793
v -0.75 4.516312 3.12145
v -0.75 4.444975 3.204975
v -0.8 3.95 2.96
v -1.2 3.95 2.96
v -0.8 4.014705 2.951481
v -1.2 4.014705 2.951481
v -0.8 4.075 2.926506
v -1.2 4.075 2.926506
v -0.8 4.126777 2.886777
v -1.2 4.126777 2.886777
v -0.8 4.166506 2.835
v -1.2 4.166506 2.835
v -0.8 4.191482 2.774705
v -1.2 4.191482 2.774705
v -1.2 -0.5 2.96
v -0.8 -0.5 2.96
v -1.25 -0.5 3.01
v -1.25 -0.5 3.41
v -1.2 -0.5 3.46
v -0.8 -0.5 3.46
v -0.75 -0.491184 3.01
v -0.75 -0.491184 3.41
v -0.906176 6.95 0.159191
v -1.093824 6.95 0.159191
v -1.093824 6.95 0.440809
v -1.140809 6.95 0.206176
v -1.140809 6.95 0.393824
v -1.117721 6.95 0.434685
v -1.112201 6.95 0.437334
v -1.137334 6.95 0.412201
v -1.139255 6.95 0.406319
v -1.106319 6.95 0.439255
v -0.906176 6.95 0.440809
v -0.859191 6.95 0.393824
v -0.859191 6.95 0.206176
v -1.106319 6.95 0.160745
v -1.137334 6.95 0.187799
v -1.139255 6.95 0.193681
v -0.893681 6.95 0.439255
v -0.862666 6.95 0.412201
v -0.860745 6.95 0.406319
v -0.887799 6.95 0.437334
v -0.882279 6.95 0.434685
v -0.865315 6.95 0.417721
v -0.860745 6.95 0.193681
v -0.887799 6.95 0.162666
v -0.893681 6.95 0.160745
v -1.134685 6.95 0.417721
v -1.131345 6.95 0.422801
v -1.122801 6.95 0.431345
v -1.127364 6.95 0.427364
v -1.112201 6.95 0.162666
v -1.117721 6.95 0.165315
v -1.134685 6.95 0.182279
v -1.122801 6.95 0.168655
v -1.131345 6.95 0.177199
v -1.127364 6.95 0.172636
v -0.868655 6.95 0.422801
v -0.877199 6.95 0.431345
v -0.872636 6.95 0.427364
v -0.862666 6.95 0.187799
v -0.865315 6.95 0.182279
v -0.882279 6.95 0.165315
v -0.868655 6.95 0.177199
v -0.877199 6.95 0.168655
v -0.872636 6.95 0.172636
v -0.906176 -0.8 3.350809
v -0.859191 -0.8 3.116176
v -0.859191 -0.8 3.303824
v -1.140809 -0.8 3.116176
v -1.093824 -0.8 3.069191
v -0.906176 -0.8 3.069191
v -1.093824 -0.8 3.350809
v -1.140809 -0.8 3.303824
v -1.139255 -0.8 3.10368
v -1.112201 -0.8 3.072666
v -1.106319 -0.8 3.070745
v -1.137334 -0.8 3.097799
v -1.134685 -0.8 3.092278
v -1.117721 -0.8 3.075315
v -0.865315 -0.8 3.092278
v -0.862666 -0.8 3.097799
v -0.887799 -0.8 3.072666
v -0.882279 -0.8 3.344685
v -0.887799 -0.8 3.347334
v -0.862666 -0.8 3.322201
v -0.893681 -0.8 3.070745
v -0.860745 -0.8 3.10368
v -0.860745 -0.8 3.316319
v -0.893681 -0.8 3.349255
v -1.106319 -0.8 3.349255
v -1.137334 -0.8 3.322201
v -1.139255 -0.8 3.316319
v -1.112201 -0.8 3.347334
v -1.117721 -0.8 3.344685
v -1.134685 -0.8 3.327722
v -1.122801 -0.8 3.078655
v -1.131345 -0.8 3.087199
v -1.127364 -0.8 3.082636
v -0.882279 -0.8 3.075315
v -0.877199 -0.8 3.078655
v -0.868655 -0.8 3.087199
v -0.872636 -0.8 3.082636
v -0.865315 -0.8 3.327722
v -0.868655 -0.8 3.332801
v -0.877199 -0.8 3.341345
v -0.872636 -0.8 3.337364
v -1.131345 -0.8 3.332801
v -1.122801 -0.8 3.341345
v -1.127364 -0.8 3.337364
v -0.753015 -0.508285 3.01
v -0.753015 -0.508285 3.41
v -0.797071 -0.500236 2.960086
v -1.202929 -0.500236 2.960086
v -1.202929 -0.500236 3.459914
v -0.797071 -0.500236 3.459914
v -1.249914 -0.500236 3.007071
v -1.249914 -0.500236 3.412929
v -1.249914 6.650236 0.50293
v -1.249914 6.650236 0.097071
v -0.797071 6.650236 0.549914
v -1.202929 6.650236 0.549914
v -1.202929 6.650236 0.050086
v -0.797071 6.650236 0.050086
v -0.750086 6.650236 0.097071
v -0.750086 6.650236 0.50293
v -1.212883 4.95 0.051868
v -1.212905 6.651634 0.051899
v -1.211126 4.95 0.051254
v -1.214818 6.651903 0.052246
v -1.221694 4.95 0.054952
v -1.224956 6.65286 0.056798
v -1.224851 4.95 0.056935
v -1.225841 6.652943 0.057195
v -1.231174 4.95 0.060908
v -1.235355 6.653297 0.064645
v -1.235133 4.95 0.064867
v -1.242804 6.652943 0.074159
v -1.239092 4.95 0.068826
v -1.243202 6.65286 0.075044
v -1.243065 4.95 0.075149
v -1.247754 6.651903 0.085182
v -1.245049 4.95 0.078306
v -1.248101 6.651634 0.087095
v -1.248132 4.95 0.087117
v -1.248746 4.95 0.088874
v -1.211126 4.610076 0.132862
v -1.211126 4.420556 0.270556
v -1.211126 4.2379 0.568625
v -1.211126 4.210472 0.68287
v -1.248746 4.838755 0.097629
v -1.248746 4.238874 0.8
v -1.248746 4.247629 0.688755
v -1.248132 4.237117 0.8
v -1.245049 4.237191 0.687102
v -1.245049 4.837102 0.087191
v -1.239092 4.227827 0.685619
v -1.243065 4.225149 0.8
v -1.245049 4.228306 0.8
v -1.239092 4.835619 0.077827
v -1.231174 4.220008 0.684381
v -1.235133 4.214867 0.8
v -1.239092 4.218826 0.8
v -1.231174 4.834381 0.070008
v -1.221694 4.214124 0.683449
v -1.224851 4.206935 0.8
v -1.231174 4.210908 0.8
v -1.248746 4.627156 0.166382
v -1.248746 4.73025 0.123679
v -1.245049 4.622358 0.156966
v -1.245049 4.726984 0.113628
v -1.239092 4.618054 0.148519
v -1.239092 4.724055 0.104612
v -1.231174 4.61446 0.141465
v -1.231174 4.721608 0.097082
v -1.221694 4.611755 0.136157
v -1.221694 4.719767 0.091417
v -1.221694 4.833449 0.064124
v -1.212883 4.201869 0.8
v -1.221694 4.204952 0.8
v -1.248746 4.374687 0.382011
v -1.248746 4.447158 0.297158
v -1.245049 4.366137 0.375799
v -1.245049 4.439685 0.289685
v -1.239092 4.358467 0.370226
v -1.239092 4.432981 0.282982
v -1.231174 4.352063 0.365573
v -1.231174 4.427383 0.277383
v -1.221694 4.347243 0.362072
v -1.221694 4.423171 0.273171
v -1.211126 4.344252 0.359898
v -1.211126 4.718625 0.0879
v -1.211126 4.83287 0.060472
v -1.211126 4.201253 0.8
v -1.248746 4.273679 0.58025
v -1.245049 4.263628 0.576984
v -1.239092 4.254611 0.574055
v -1.231174 4.247082 0.571608
v -1.221694 4.241417 0.569767
v -1.211126 4.282862 0.460076
v -1.221694 4.286157 0.461755
v -1.231174 4.291465 0.464459
v -1.239092 4.298519 0.468054
v -1.245049 4.306966 0.472358
v -1.248746 4.316382 0.477156
v -1.211126 4.509898 0.194251
v -1.221694 4.512072 0.197243
v -1.231174 4.515573 0.202062
v -1.239092 4.520226 0.208467
v -1.245049 4.525799 0.216137
v -1.248746 4.532011 0.224687
v -1.248296 4.237059 2.71
v -1.243301 4.225 2.71
v -1.235355 4.214644 2.71
v -1.225 4.206699 2.71
v -1.212941 4.201704 2.71
v -1.212941 4.193127 2.775146
v -1.225 4.197952 2.776439
v -1.235355 4.205627 2.778495
v -1.243301 4.21563 2.781175
v -1.248296 4.227278 2.784297
v -1.212941 4.167982 2.835852
v -1.225 4.172307 2.838349
v -1.235355 4.179189 2.842322
v -1.243301 4.188157 2.8475
v -1.248296 4.198601 2.853529
v -1.212941 4.127982 2.887981
v -1.225 4.131513 2.891514
v -1.235355 4.137132 2.897132
v -1.243301 4.144454 2.904454
v -1.248296 4.152982 2.912982
v -1.212941 4.075852 2.927982
v -1.225 4.07835 2.932307
v -1.235355 4.082322 2.939189
v -1.243301 4.0875 2.948157
v -1.248296 4.09353 2.958601
v -1.212941 4.015146 2.953127
v -1.225 4.016438 2.957952
v -1.235355 4.018495 2.965627
v -1.243301 4.021175 2.97563
v -1.248296 4.024297 2.987278
v -1.212941 3.95 2.961704
v -1.225 3.95 2.966699
v -1.235355 3.95 2.974645
v -1.243301 3.95 2.985
v -1.248296 3.95 2.997059
v -1.248101 -0.501634 2.997095
v -1.247754 -0.501902 2.995182
v -1.243202 -0.502859 2.985044
v -1.242804 -0.502943 2.984159
v -1.235355 -0.503297 2.974645
v -1.225841 -0.502943 2.967196
v -1.224956 -0.502859 2.966798
v -1.214818 -0.501902 2.962246
v -1.212905 -0.501634 2.961899
v -1.248435 6.651377 0.511069
v -1.248746 4.95 0.511126
v -1.247754 6.651903 0.514818
v -1.245049 4.95 0.521694
v -1.244731 6.652538 0.521551
v -1.242804 6.652943 0.525841
v -1.239092 4.95 0.531174
v -1.238805 6.653133 0.53095
v -1.235355 6.653297 0.535355
v -1.231174 4.95 0.539092
v -1.23095 6.653133 0.538805
v -1.225841 6.652943 0.542804
v -1.221694 4.95 0.545048
v -1.221551 6.652538 0.544731
v -1.214818 6.651903 0.547754
v -1.211126 4.95 0.548746
v -1.211069 6.651377 0.548435
v -1.211126 4.698746 0.8
v -1.211126 4.707307 0.734971
v -1.212883 4.698132 0.8
v -1.221694 4.703736 0.734014
v -1.231174 4.697982 0.732472
v -1.224851 4.693065 0.8
v -1.221694 4.695048 0.8
v -1.239092 4.690335 0.730423
v -1.235133 4.685133 0.8
v -1.231174 4.689091 0.8
v -1.245049 4.681178 0.727969
v -1.243065 4.674851 0.8
v -1.239092 4.681175 0.8
v -1.248746 4.670969 0.725234
v -1.248132 4.662883 0.8
v -1.245049 4.671694 0.8
v -1.248746 4.661126 0.8
v -1.211126 4.732408 0.674373
v -1.221694 4.729205 0.672524
v -1.231174 4.724047 0.669546
v -1.239092 4.71719 0.665587
v -1.245049 4.70898 0.660847
v -1.248746 4.699828 0.655563
v -1.211126 4.772336 0.622337
v -1.221694 4.769722 0.619722
v -1.231174 4.76551 0.61551
v -1.239092 4.759912 0.609912
v -1.245049 4.753208 0.603208
v -1.248746 4.745735 0.595735
v -1.211126 4.824373 0.582408
v -1.221694 4.822524 0.579205
v -1.231174 4.819546 0.574047
v -1.239092 4.815588 0.56719
v -1.245049 4.810847 0.55898
v -1.248746 4.805563 0.549828
v -1.211126 4.884971 0.557308
v -1.221694 4.884014 0.553736
v -1.231174 4.882472 0.547982
v -1.239092 4.880423 0.540335
v -1.245049 4.877969 0.531177
v -1.248746 4.875234 0.520969
v -1.212941 4.698296 2.71
v -1.225 4.693301 2.71
v -1.235355 4.685355 2.71
v -1.243301 4.675 2.71
v -1.248296 4.662941 2.71
v -1.212941 4.181236 3.421672
v -1.212941 4.479125 3.239125
v -1.212941 4.661672 2.941236
v -1.212941 4.689084 2.827059
v -1.248296 4.526782 3.129056
v -1.248296 4.454125 3.214125
v -1.243301 4.536538 3.136144
v -1.243301 4.462652 3.222652
v -1.235355 4.544915 3.142231
v -1.235355 4.469975 3.229975
v -1.225 4.551343 3.146902
v -1.225 4.475594 3.235593
v -1.212941 4.555385 3.149837
v -1.248296 4.273668 3.345235
v -1.248296 4.17031 3.388047
v -1.243301 4.279143 3.35598
v -1.243301 4.174037 3.399516
v -1.235355 4.283844 3.365206
v -1.235355 4.177238 3.409364
v -1.225 4.287452 3.372286
v -1.225 4.179693 3.416921
v -1.212941 4.289719 3.376737
v -1.248296 4.654163 2.821529
v -1.243301 4.666074 2.823415
v -1.235355 4.676302 2.825035
v -1.225 4.68415 2.826278
v -1.248296 4.628047 2.930311
v -1.243301 4.639516 2.934037
v -1.235355 4.649364 2.937237
v -1.225 4.656921 2.939693
v -1.212941 4.616737 3.049719
v -1.225 4.612286 3.047451
v -1.235355 4.605206 3.043844
v -1.243301 4.59598 3.039143
v -1.248296 4.585235 3.033669
v -1.212941 4.389837 3.315384
v -1.225 4.386901 3.311343
v -1.235355 4.382231 3.304915
v -1.243301 4.376144 3.296537
v -1.248296 4.369056 3.286781
v -1.212941 4.067059 3.449084
v -1.225 4.066278 3.44415
v -1.235355 4.065035 3.436302
v -1.243301 4.063415 3.426074
v -1.248296 4.061529 3.414163
v -1.248296 3.95 3.422941
v -1.243301 3.95 3.435
v -1.235355 3.95 3.445355
v -1.225 3.95 3.453301
v -1.212941 3.95 3.458296
v -1.212905 -0.501634 3.458101
v -1.214818 -0.501902 3.457754
v -1.224956 -0.502859 3.453202
v -1.225841 -0.502943 3.452804
v -1.235355 -0.503297 3.445355
v -1.242804 -0.502943 3.435841
v -1.243202 -0.502859 3.434956
v -1.247754 -0.501902 3.424818
v -1.248101 -0.501634 3.422905
v -0.788931 6.651377 0.548435
v -0.788874 4.95 0.548746
v -0.785182 6.651903 0.547754
v -0.778306 4.95 0.545048
v -0.778449 6.652538 0.544731
v -0.774159 6.652943 0.542804
v -0.768826 4.95 0.539092
v -0.76905 6.653133 0.538805
v -0.764645 6.653297 0.535355
v -0.760908 4.95 0.531174
v -0.761195 6.653133 0.53095
v -0.757195 6.652943 0.525841
v -0.754952 4.95 0.521694
v -0.755269 6.652538 0.521551
v -0.752246 6.651903 0.514818
v -0.751254 4.95 0.511126
v -0.751565 6.651377 0.511069
v -0.751254 4.875234 0.520969
v -0.788874 4.707307 0.734971
v -0.788874 4.698746 0.8
v -0.787117 4.698132 0.8
v -0.778306 4.703736 0.734014
v -0.778306 4.695048 0.8
v -0.775149 4.693065 0.8
v -0.768826 4.697982 0.732472
v -0.768826 4.689091 0.8
v -0.764867 4.685133 0.8
v -0.760908 4.690335 0.730423
v -0.788874 4.884971 0.557308
v -0.778306 4.884014 0.553736
v -0.768826 4.882472 0.547982
v -0.760908 4.880423 0.540335
v -0.754952 4.877969 0.531177
v -0.788874 4.824373 0.582408
v -0.778306 4.822524 0.579205
v -0.768826 4.819546 0.574047
v -0.760908 4.815588 0.56719
v -0.754952 4.810847 0.55898
v -0.788874 4.772336 0.622337
v -0.778306 4.769722 0.619722
v -0.768826 4.76551 0.61551
v -0.760908 4.759912 0.609912
v -0.754952 4.753208 0.603208
v -0.788874 4.732408 0.674373
v -0.778306 4.729205 0.672524
v -0.768826 4.724047 0.669546
v -0.760908 4.71719 0.665587
v -0.754952 4.70898 0.660847
v -0.754952 4.681178 0.727969
v -0.760908 4.681175 0.8
v -0.756935 4.674851 0.8
v -0.754952 4.671694 0.8
v -0.751868 4.662883 0.8
v -0.751254 4.805563 0.549828
v -0.751254 4.745735 0.595735
v -0.751254 4.699828 0.655563
v -0.751254 4.670969 0.725234
v -0.751254 4.661126 0.8
v -0.751704 4.662941 2.71
v -0.756699 4.675 2.71
v -0.764645 4.685355 2.71
v -0.775 4.693301 2.71
v -0.787059 4.698296 2.71
v -0.787059 4.661672 2.941236
v -0.787059 4.479125 3.239125
v -0.787059 4.181236 3.421672
v -0.787059 4.067059 3.449084
v -0.751704 4.369056 3.286781
v -0.751704 4.454125 3.214125
v -0.756699 4.376144 3.296537
v -0.756699 4.462652 3.222652
v -0.764645 4.382231 3.304915
v -0.764645 4.469975 3.229975
v -0.775 4.386901 3.311343
v -0.775 4.475594 3.235593
v -0.787059 4.389837 3.315384
v -0.751704 4.585235 3.033669
v -0.751704 4.628047 2.930311
v -0.756699 4.59598 3.039143
v -0.756699 4.639516 2.934037
v -0.764645 4.605206 3.043844
v -0.764645 4.649364 2.937237
v -0.775 4.612286 3.047451
v -0.775 4.656921 2.939693
v -0.787059 4.616737 3.049719
v -0.751704 3.95 3.422941
v -0.751704 4.061529 3.414163
v -0.756699 3.95 3.435
v -0.756699 4.063415 3.426074
v -0.764645 3.95 3.445355
v -0.764645 4.065035 3.436302
v -0.775 3.95 3.453301
v -0.775 4.066278 3.44415
v -0.787059 3.95 3.458296
v -0.751704 4.17031 3.388047
v -0.756699 4.174037 3.399516
v -0.764645 4.177238 3.409364
v -0.775 4.179693 3.416921
v -0.787059 4.289719 3.376737
v -0.775 4.287452 3.372286
v -0.764645 4.283844 3.365206
v -0.756699 4.279143 3.35598
v -0.751704 4.273668 3.345235
v -0.787059 4.555385 3.149837
v -0.775 4.551343 3.146902
v -0.764645 4.544915 3.142231
v -0.756699 4.536538 3.136144
v -0.751704 4.526782 3.129056
v -0.787059 4.689084 2.827059
v -0.775 4.68415 2.826278
v -0.764645 4.676302 2.825035
v -0.756699 4.666074 2.823415
v -0.751704 4.654163 2.821529
v -0.750886 -0.499852 3.418668
v -0.751035 -0.501305 3.420122
v -0.751759 -0.501662 3.422927
v -0.752246 -0.501902 3.424818
v -0.756798 -0.502859 3.434956
v -0.757195 -0.502943 3.435841
v -0.764645 -0.503297 3.445355
v -0.774159 -0.502943 3.452804
v -0.775045 -0.502859 3.453202
v -0.785182 -0.501902 3.457754
v -0.787095 -0.501634 3.458101
v -0.751035 -0.501305 2.999878
v -0.750886 -0.499852 3.001332
v -0.787095 -0.501634 2.961899
v -0.787059 3.95 2.961704
v -0.785182 -0.501902 2.962246
v -0.775 3.95 2.966699
v -0.775045 -0.502859 2.966798
v -0.774159 -0.502943 2.967196
v -0.764645 3.95 2.974645
v -0.764645 -0.503297 2.974645
v -0.757195 -0.502943 2.984159
v -0.756699 3.95 2.985
v -0.756798 -0.502859 2.985044
v -0.751704 3.95 2.997059
v -0.752246 -0.501902 2.995182
v -0.751759 -0.501662 2.997073
v -0.787059 4.015146 2.953127
v -0.775 4.016438 2.957952
v -0.764645 4.018495 2.965627
v -0.756699 4.021175 2.97563
v -0.751704 4.024297 2.987278
v -0.787059 4.075852 2.927982
v -0.775 4.07835 2.932307
v -0.764645 4.082322 2.939189
v -0.756699 4.0875 2.948157
v -0.751704 4.09353 2.958601
v -0.787059 4.127982 2.887981
v -0.775 4.131513 2.891514
v -0.764645 4.137132 2.897132
v -0.756699 4.144454 2.904454
v -0.751704 4.152982 2.912982
v -0.787059 4.167982 2.835852
v -0.775 4.172307 2.838349
v -0.764645 4.179189 2.842322
v -0.756699 4.188157 2.8475
v -0.751704 4.198601 2.853529
v -0.787059 4.193127 2.775146
v -0.775 4.197952 2.776439
v -0.764645 4.205627 2.778495
v -0.756699 4.21563 2.781175
v -0.751704 4.227278 2.784297
v -0.787059 4.201704 2.71
v -0.775 4.206699 2.71
v -0.764645 4.214644 2.71
v -0.756699 4.225 2.71
v -0.751704 4.237059 2.71
v -0.787059 4.201704 0.8
v -0.775 4.206699 0.8
v -0.764645 4.214644 0.8
v -0.756699 4.225 0.8
v -0.751704 4.237059 0.8
v -0.787059 4.238328 0.568764
v -0.787059 4.420875 0.270875
v -0.787059 4.718764 0.088328
v -0.787059 4.832941 0.060916
v -0.751704 4.530944 0.223219
v -0.751704 4.445875 0.295875
v -0.756699 4.523856 0.213463
v -0.756699 4.437347 0.287348
v -0.764645 4.517769 0.205085
v -0.764645 4.430026 0.280025
v -0.775 4.513098 0.198657
v -0.775 4.424407 0.274407
v -0.787059 4.510162 0.194616
v -0.751704 4.314765 0.476332
v -0.751704 4.271953 0.579689
v -0.756699 4.30402 0.470857
v -0.756699 4.260484 0.575963
v -0.764645 4.294794 0.466156
v -0.764645 4.250636 0.572763
v -0.775 4.287714 0.462548
v -0.775 4.243079 0.570307
v -0.787059 4.283263 0.460281
v -0.751704 4.95 0.087059
v -0.751704 4.838471 0.095837
v -0.756699 4.95 0.075
v -0.756699 4.836585 0.083926
v -0.764645 4.95 0.064645
v -0.764645 4.834965 0.073698
v -0.775 4.95 0.056699
v -0.775 4.833722 0.06585
v -0.787059 4.95 0.051704
v -0.751704 4.729689 0.121953
v -0.756699 4.725963 0.110484
v -0.764645 4.722763 0.100636
v -0.775 4.720307 0.093078
v -0.787059 4.610281 0.133263
v -0.775 4.612548 0.137714
v -0.764645 4.616156 0.144794
v -0.756699 4.620857 0.15402
v -0.751704 4.626331 0.164765
v -0.787059 4.344615 0.360162
v -0.775 4.348657 0.363098
v -0.764645 4.355085 0.367769
v -0.756699 4.363463 0.373856
v -0.751704 4.373219 0.380944
v -0.787059 4.210917 0.682941
v -0.775 4.21585 0.683722
v -0.764645 4.223698 0.684965
v -0.756699 4.233926 0.686585
v -0.751704 4.245837 0.688471
v -0.751899 6.651634 0.087095
v -0.752246 6.651903 0.085182
v -0.756798 6.65286 0.075044
v -0.757195 6.652943 0.074159
v -0.764645 6.653297 0.064645
v -0.774159 6.652943 0.057195
v -0.775045 6.65286 0.056798
v -0.785182 6.651903 0.052246
v -0.787095 6.651634 0.051899
v -3.25 4.95 0.1
v -3.25 4.95 0.5
v -3.25 6.65 0.1
v -3.25 6.65 0.5
v -3.2 4.95 0.55
v -2.8 4.95 0.55
v -3.2 6.65 0.55
v -2.8 6.65 0.55
v -2.75 6.65 0.1
v -2.75 6.65 0.5
v -2.75 4.95 0.1
v -2.75 4.95 0.5
v -3.2 6.65 0.05
v -2.8 6.65 0.05
v -3.2 4.95 0.05
v -2.8 4.95 0.05
v -3.25 4.25 0.8
v -3.25 4.65 0.8
v -3.25 4.258618 0.690496
v -3.25 4.660222 0.722354
v -3.25 4.737868 0.587868
v -3.25 4.383688 0.38855
v -3.25 4.690192 0.65
v -3.25 4.326295 0.482207
v -3.25 4.28426 0.583688
v -3.25 4.8 0.540192
v -3.25 4.872354 0.510222
v -3.25 4.733688 0.13426
v -3.25 4.840496 0.108618
v -3.25 4.632206 0.176295
v -3.25 4.53855 0.233688
v -3.25 4.455025 0.305025
v -3.2 4.7 0.8
v -2.8 4.7 0.8
v -3.2 4.708519 0.735295
v -2.8 4.708519 0.735295
v -3.2 4.733493 0.675
v -2.8 4.733493 0.675
v -3.2 4.773223 0.623223
v -2.8 4.773223 0.623223
v -3.2 4.825 0.583494
v -2.8 4.825 0.583494
v -3.2 4.885295 0.558519
v -2.8 4.885295 0.558519
v -2.75 4.690192 0.65
v -2.75 4.660222 0.722354
v -2.75 4.28426 0.583688
v -2.75 4.258618 0.690496
v -2.75 4.65 0.8
v -2.75 4.25 0.8
v -2.75 4.840496 0.108618
v -2.75 4.872354 0.510222
v -2.75 4.737868 0.587868
v -2.75 4.53855 0.233688
v -2.75 4.8 0.540192
v -2.75 4.632206 0.176295
v -2.75 4.733688 0.13426
v -2.75 4.326295 0.482207
v -2.75 4.383688 0.38855
v -2.75 4.455025 0.305025
v -3.2 4.832675 0.059234
v -2.8 4.832675 0.059234
v -3.2 4.783638 0.071006
v -2.8 4.783638 0.071006
v -3.2 4.718237 0.086708
v -2.8 4.718237 0.086708
v -3.2 4.625021 0.125319
v -2.8 4.625021 0.125319
v -3.2 4.609507 0.131745
v -2.8 4.609507 0.131745
v -3.2 4.509161 0.193237
v -2.8 4.509161 0.193237
v -3.2 4.483608 0.215061
v -2.8 4.483608 0.215061
v -3.2 4.41967 0.26967
v -2.8 4.41967 0.26967
v -3.2 4.365061 0.333608
v -2.8 4.365061 0.333608
v -3.2 4.343237 0.359161
v -2.8 4.343237 0.359161
v -3.2 4.281745 0.459507
v -2.8 4.281745 0.459507
v -3.2 4.275319 0.47502
v -2.8 4.275319 0.47502
v -3.2 4.236708 0.568237
v -2.8 4.236708 0.568237
v -3.2 4.221006 0.633638
v -2.8 4.221006 0.633638
v -3.2 4.209234 0.682674
v -2.8 4.209234 0.682674
v -3.2 4.2 0.8
v -2.8 4.2 0.8
v -3.25 4.25 2.71
v -3.25 4.65 2.71
v -3.2 4.7 2.71
v -2.8 4.7 2.71
v -2.75 4.25 2.71
v -2.75 4.65 2.71
v -3.2 4.2 2.71
v -2.8 4.2 2.71
v -3.25 4.641382 2.819504
v -3.25 4.239778 2.787646
v -3.25 4.1 2.969808
v -3.25 4.027646 2.999778
v -3.25 4.166312 3.37574
v -3.25 4.162132 2.922132
v -3.25 4.516312 3.12145
v -3.25 4.209807 2.86
v -3.25 4.573705 3.027793
v -3.25 4.615739 2.926312
v -3.25 4.059504 3.401382
v -3.25 3.95 3.01
v -3.25 3.95 3.41
v -3.25 4.267793 3.333704
v -3.25 4.36145 3.276312
v -3.25 4.444975 3.204975
v -2.8 4.690766 2.827326
v -3.2 4.690766 2.827326
v -2.8 4.678994 2.876362
v -3.2 4.678994 2.876362
v -2.8 4.663292 2.941763
v -3.2 4.663292 2.941763
v -2.8 4.624681 3.03498
v -3.2 4.624681 3.03498
v -2.8 4.618255 3.050493
v -3.2 4.618255 3.050493
v -2.8 4.556763 3.150839
v -3.2 4.556763 3.150839
v -2.8 4.534938 3.176392
v -3.2 4.534938 3.176392
v -2.8 4.48033 3.24033
v -3.2 4.48033 3.24033
v -2.8 4.416392 3.294939
v -3.2 4.416392 3.294939
v -2.8 4.390839 3.316763
v -3.2 4.390839 3.316763
v -2.8 4.290493 3.378255
v -3.2 4.290493 3.378255
v -2.8 4.27498 3.384681
v -3.2 4.27498 3.384681
v -2.8 4.181763 3.423292
v -3.2 4.181763 3.423292
v -2.8 4.116362 3.438994
v -3.2 4.116362 3.438994
v -2.8 4.067326 3.450766
v -3.2 4.067326 3.450766
v -2.8 3.95 3.46
v -3.2 3.95 3.46
v -2.75 4.209807 2.86
v -2.75 4.239778 2.787646
v -2.75 4.615739 2.926312
v -2.75 4.641382 2.819504
v -2.75 3.95 3.41
v -2.75 3.95 3.01
v -2.75 4.059504 3.401382
v -2.75 4.027646 2.999778
v -2.75 4.162132 2.922132
v -2.75 4.36145 3.276312
v -2.75 4.1 2.969808
v -2.75 4.267793 3.333704
v -2.75 4.166312 3.37574
v -2.75 4.573705 3.027793
v -2.75 4.516312 3.12145
v -2.75 4.444975 3.204975
v -2.8 3.95 2.96
v -3.2 3.95 2.96
v -2.8 4.014705 2.951481
v -3.2 4.014705 2.951481
v -2.8 4.075 2.926506
v -3.2 4.075 2.926506
v -2.8 4.126777 2.886777
v -3.2 4.126777 2.886777
v -2.8 4.166506 2.835
v -3.2 4.166506 2.835
v -2.8 4.191482 2.774705
v -3.2 4.191482 2.774705
v -3.2 -0.5 2.96
v -2.8 -0.5 2.96
v -3.25 -0.5 3.01
v -3.25 -0.5 3.41
v -3.2 -0.5 3.46
v -2.8 -0.5 3.46
v -2.75 -0.491184 3.01
v -2.75 -0.491184 3.41
v -2.906176 6.95 0.159191
v -3.093824 6.95 0.159191
v -2.859191 6.95 0.206176
v -3.10632 6.95 0.439255
v -3.093824 6.95 0.440809
v -3.140809 6.95 0.393824
v -3.134685 6.95 0.182279
v -3.137334 6.95 0.187799
v -3.112201 6.95 0.162666
v -3.140809 6.95 0.206176
v -3.117722 6.95 0.434685
v -3.112201 6.95 0.437334
v -3.137334 6.95 0.412201
v -3.139255 6.95 0.193681
v -2.906176 6.95 0.440809
v -2.859191 6.95 0.393824
v -3.10632 6.95 0.160745
v -3.139255 6.95 0.406319
v -2.860745 6.95 0.193681
v -2.862666 6.95 0.187799
v -2.893681 6.95 0.160745
v -2.8878 6.95 0.162666
v -2.893681 6.95 0.439255
v -2.862666 6.95 0.412201
v -2.860745 6.95 0.406319
v -3.117722 6.95 0.165315
v -3.122801 6.95 0.168655
v -3.131345 6.95 0.177199
v -3.127364 6.95 0.172636
v -3.134685 6.95 0.417721
v -3.131345 6.95 0.422801
v -3.122801 6.95 0.431345
v -3.127364 6.95 0.427364
v -2.882278 6.95 0.165315
v -2.865315 6.95 0.182279
v -2.877199 6.95 0.168655
v -2.868655 6.95 0.177199
v -2.872636 6.95 0.172636
v -2.8878 6.95 0.437334
v -2.882278 6.95 0.434685
v -2.865315 6.95 0.417721
v -2.877199 6.95 0.431345
v -2.868655 6.95 0.422801
v -2.872636 6.95 0.427364
v -2.906176 -0.8 3.069191
v -2.906176 -0.8 3.350809
v -3.093824 -0.8 3.069191
v -3.093824 -0.8 3.350809
v -3.10632 -0.8 3.349255
v -3.112201 -0.8 3.347334
v -3.140809 -0.8 3.303824
v -2.860745 -0.8 3.316319
v -2.862666 -0.8 3.322201
v -3.140809 -0.8 3.116176
v -2.865315 -0.8 3.092278
v -2.862666 -0.8 3.097799
v -2.882278 -0.8 3.075315
v -2.8878 -0.8 3.072666
v -2.893681 -0.8 3.070745
v -2.859191 -0.8 3.116176
v -2.860745 -0.8 3.10368
v -2.859191 -0.8 3.303824
v -3.139255 -0.8 3.10368
v -3.112201 -0.8 3.072666
v -3.10632 -0.8 3.070745
v -2.868655 -0.8 3.087199
v -2.877199 -0.8 3.078655
v -2.872636 -0.8 3.082636
v -3.127364 -0.8 3.337364
v -3.131345 -0.8 3.332801
v -3.122801 -0.8 3.341345
v -3.134685 -0.8 3.327722
v -3.117722 -0.8 3.344685
v -3.137334 -0.8 3.322201
v -3.139255 -0.8 3.316319
v -2.872636 -0.8 3.337364
v -2.877199 -0.8 3.341345
v -2.868655 -0.8 3.332801
v -2.882278 -0.8 3.344685
v -2.865315 -0.8 3.327722
v -2.8878 -0.8 3.347334
v -2.893681 -0.8 3.349255
v -3.137334 -0.8 3.097799
v -3.134685 -0.8 3.092278
v -3.117722 -0.8 3.075315
v -3.131345 -0.8 3.087199
v -3.122801 -0.8 3.078655
v -3.127364 -0.8 3.082636
v -2.753015 -0.508285 3.01
v -2.753015 -0.508285 3.41
v -2.797071 -0.500236 2.960086
v -3.202929 -0.500236 2.960086
v -3.202929 -0.500236 3.459914
v -2.797071 -0.500236 3.459914
v -3.249914 -0.500236 3.007071
v -3.249914 -0.500236 3.412929
v -3.249914 6.650236 0.50293
v -3.249914 6.650236 0.097071
v -2.797071 6.650236 0.549914
v -3.202929 6.650236 0.549914
v -3.202929 6.650236 0.050086
v -2.797071 6.650236 0.050086
v -2.750086 6.650236 0.097071
v -2.750086 6.650236 0.50293
v -3.212883 4.95 0.051868
v -3.212905 6.651634 0.051899
v -3.211126 4.95 0.051254
v -3.214818 6.651903 0.052246
v -3.221694 4.95 0.054952
v -3.224955 6.65286 0.056798
v -3.224851 4.95 0.056935
v -3.225841 6.652943 0.057195
v -3.231174 4.95 0.060908
v -3.235355 6.653297 0.064645
v -3.235133 4.95 0.064867
v -3.242805 6.652943 0.074159
v -3.239091 4.95 0.068826
v -3.243202 6.65286 0.075044
v -3.243065 4.95 0.075149
v -3.247754 6.651903 0.085182
v -3.245049 4.95 0.078306
v -3.248101 6.651634 0.087095
v -3.248132 4.95 0.087117
v -3.248746 4.95 0.088874
v -3.211126 4.610076 0.132862
v -3.211126 4.420556 0.270556
v -3.211126 4.2379 0.568625
v -3.211126 4.210472 0.68287
v -3.248746 4.838755 0.097629
v -3.248746 4.238874 0.8
v -3.248746 4.247629 0.688755
v -3.248132 4.237117 0.8
v -3.245049 4.237191 0.687102
v -3.245049 4.837102 0.087191
v -3.239091 4.227827 0.685619
v -3.243065 4.225149 0.8
v -3.245049 4.228306 0.8
v -3.239091 4.835619 0.077827
v -3.231174 4.220008 0.684381
v -3.235133 4.214867 0.8
v -3.239091 4.218826 0.8
v -3.231174 4.834381 0.070008
v -3.221694 4.214124 0.683449
v -3.224851 4.206935 0.8
v -3.231174 4.210908 0.8
v -3.248746 4.627156 0.166382
v -3.248746 4.73025 0.123679
v -3.245049 4.622358 0.156966
v -3.245049 4.726984 0.113628
v -3.239091 4.618054 0.148519
v -3.239091 4.724055 0.104612
v -3.231174 4.61446 0.141465
v -3.231174 4.721608 0.097082
v -3.221694 4.611755 0.136157
v -3.221694 4.719767 0.091417
v -3.221694 4.833449 0.064124
v -3.212883 4.201869 0.8
v -3.221694 4.204952 0.8
v -3.248746 4.374687 0.382011
v -3.248746 4.447158 0.297158
v -3.245049 4.366137 0.375799
v -3.245049 4.439685 0.289685
v -3.239091 4.358467 0.370226
v -3.239091 4.432981 0.282982
v -3.231174 4.352063 0.365573
v -3.231174 4.427383 0.277383
v -3.221694 4.347243 0.362072
v -3.221694 4.423171 0.273171
v -3.211126 4.344252 0.359898
v -3.211126 4.718625 0.0879
v -3.211126 4.83287 0.060472
v -3.211126 4.201253 0.8
v -3.248746 4.273679 0.58025
v -3.245049 4.263628 0.576984
v -3.239091 4.254611 0.574055
v -3.231174 4.247082 0.571608
v -3.221694 4.241417 0.569767
v -3.211126 4.282862 0.460076
v -3.221694 4.286157 0.461755
v -3.231174 4.291465 0.464459
v -3.239091 4.298519 0.468054
v -3.245049 4.306966 0.472358
v -3.248746 4.316382 0.477156
v -3.211126 4.509898 0.194251
v -3.221694 4.512072 0.197243
v -3.231174 4.515573 0.202062
v -3.239091 4.520226 0.208467
v -3.245049 4.525799 0.216137
v -3.248746 4.532011 0.224687
v -3.248296 4.237059 2.71
v -3.243301 4.225 2.71
v -3.235355 4.214644 2.71
v -3.225 4.206699 2.71
v -3.212941 4.201704 2.71
v -3.212941 4.193127 2.775146
v -3.225 4.197952 2.776439
v -3.235355 4.205627 2.778495
v -3.243301 4.21563 2.781175
v -3.248296 4.227278 2.784297
v -3.212941 4.167982 2.835852
v -3.225 4.172307 2.838349
v -3.235355 4.179189 2.842322
v -3.243301 4.188157 2.8475
v -3.248296 4.198601 2.853529
v -3.212941 4.127982 2.887981
v -3.225 4.131513 2.891514
v -3.235355 4.137132 2.897132
v -3.243301 4.144454 2.904454
v -3.248296 4.152982 2.912982
v -3.212941 4.075852 2.927982
v -3.225 4.07835 2.932307
v -3.235355 4.082322 2.939189
v -3.243301 4.0875 2.948157
v -3.248296 4.09353 2.958601
v -3.212941 4.015146 2.953127
v -3.225 4.016438 2.957952
v -3.235355 4.018495 2.965627
v -3.243301 4.021175 2.97563
v -3.248296 4.024297 2.987278
v -3.212941 3.95 2.961704
v -3.225 3.95 2.966699
v -3.235355 3.95 2.974645
v -3.243301 3.95 2.985
v -3.248296 3.95 2.997059
v -3.248101 -0.501634 2.997095
v -3.247754 -0.501902 2.995182
v -3.243202 -0.502859 2.985044
v -3.242805 -0.502943 2.984159
v -3.235355 -0.503297 2.974645
v -3.225841 -0.502943 2.967196
v -3.224955 -0.502859 2.966798
v -3.214818 -0.501902 2.962246
v -3.212905 -0.501634 2.961899
v -3.248435 6.651377 0.511069
v -3.248746 4.95 0.511126
v -3.247754 6.651903 0.514818
v -3.245049 4.95 0.521694
v -3.244731 6.652538 0.521551
v -3.242805 6.652943 0.525841
v -3.239091 4.95 0.531174
v -3.238805 6.653133 0.53095
v -3.235355 6.653297 0.535355
v -3.231174 4.95 0.539092
v -3.23095 6.653133 0.538805
v -3.225841 6.652943 0.542804
v -3.221694 4.95 0.545048
v -3.221551 6.652538 0.544731
v -3.214818 6.651903 0.547754
v -3.211126 4.95 0.548746
v -3.211069 6.651377 0.548435
v -3.211126 4.698746 0.8
v -3.211126 4.707307 0.734971
v -3.212883 4.698132 0.8
v -3.221694 4.703736 0.734014
v -3.231174 4.697982 0.732472
v -3.224851 4.693065 0.8
v -3.221694 4.695048 0.8
v -3.239091 4.690335 0.730423
v -3.235133 4.685133 0.8
v -3.231174 4.689091 0.8
v -3.245049 4.681178 0.727969
v -3.243065 4.674851 0.8
v -3.239091 4.681175 0.8
v -3.248746 4.670969 0.725234
v -3.248132 4.662883 0.8
v -3.245049 4.671694 0.8
v -3.248746 4.661126 0.8
v -3.211126 4.732408 0.674373
v -3.221694 4.729205 0.672524
v -3.231174 4.724047 0.669546
v -3.239091 4.71719 0.665587
v -3.245049 4.70898 0.660847
v -3.248746 4.699828 0.655563
v -3.211126 4.772336 0.622337
v -3.221694 4.769722 0.619722
v -3.231174 4.76551 0.61551
v -3.239091 4.759912 0.609912
v -3.245049 4.753208 0.603208
v -3.248746 4.745735 0.595735
v -3.211126 4.824373 0.582408
v -3.221694 4.822524 0.579205
v -3.231174 4.819546 0.574047
v -3.239091 4.815588 0.56719
v -3.245049 4.810847 0.55898
v -3.248746 4.805563 0.549828
v -3.211126 4.884971 0.557308
v -3.221694 4.884014 0.553736
v -3.231174 4.882472 0.547982
v -3.239091 4.880423 0.540335
v -3.245049 4.877969 0.531177
v -3.248746 4.875234 0.520969
v -3.212941 4.698296 2.71
v -3.225 4.693301 2.71
v -3.235355 4.685355 2.71
v -3.243301 4.675 2.71
v -3.248296 4.662941 2.71
v -3.212941 4.181236 3.421672
v -3.212941 4.479125 3.239125
v -3.212941 4.661672 2.941236
v -3.212941 4.689084 2.827059
v -3.248296 4.526782 3.129056
v -3.248296 4.454125 3.214125
v -3.243301 4.536538 3.136144
v -3.243301 4.462652 3.222652
v -3.235355 4.544915 3.142231
v -3.235355 4.469975 3.229975
v -3.225 4.551343 3.146902
v -3.225 4.475594 3.235593
v -3.212941 4.555385 3.149837
v -3.248296 4.273668 3.345235
v -3.248296 4.17031 3.388047
v -3.243301 4.279143 3.35598
v -3.243301 4.174037 3.399516
v -3.235355 4.283844 3.365206
v -3.235355 4.177238 3.409364
v -3.225 4.287452 3.372286
v -3.225 4.179693 3.416921
v -3.212941 4.289719 3.376737
v -3.248296 4.654163 2.821529
v -3.243301 4.666074 2.823415
v -3.235355 4.676302 2.825035
v -3.225 4.68415 2.826278
v -3.248296 4.628047 2.930311
v -3.243301 4.639516 2.934037
v -3.235355 4.649364 2.937237
v -3.225 4.656921 2.939693
v -3.212941 4.616737 3.049719
v -3.225 4.612286 3.047451
v -3.235355 4.605206 3.043844
v -3.243301 4.59598 3.039143
v -3.248296 4.585235 3.033669
v -3.212941 4.389837 3.315384
v -3.225 4.386901 3.311343
v -3.235355 4.382231 3.304915
v -3.243301 4.376144 3.296537
v -3.248296 4.369056 3.286781
v -3.212941 4.067059 3.449084
v -3.225 4.066278 3.44415
v -3.235355 4.065035 3.436302
v -3.243301 4.063415 3.426074
v -3.248296 4.061529 3.414163
v -3.248296 3.95 3.422941
v -3.243301 3.95 3.435
v -3.235355 3.95 3.445355
v -3.225 3.95 3.453301
v -3.212941 3.95 3.458296
v -3.212905 -0.501634 3.458101
v -3.214818 -0.501902 3.457754
v -3.224955 -0.502859 3.453202
v -3.225841 -0.502943 3.452804
v -3.235355 -0.503297 3.445355
v -3.242805 -0.502943 3.435841
v -3.243202 -0.502859 3.434956
v -3.247754 -0.501902 3.424818
v -3.248101 -0.501634 3.422905
v -2.788931 6.651377 0.548435
v -2.788874 4.95 0.548746
v -2.785182 6.651903 0.547754
v -2.778306 4.95 0.545048
v -2.778449 6.652538 0.544731
v -2.774159 6.652943 0.542804
v -2.768826 4.95 0.539092
v -2.76905 6.653133 0.538805
v -2.764645 6.653297 0.535355
v -2.760908 4.95 0.531174
v -2.761195 6.653133 0.53095
v -2.757195 6.652943 0.525841
v -2.754951 4.95 0.521694
v -2.75527 6.652538 0.521551
v -2.752246 6.651903 0.514818
v -2.751254 4.95 0.511126
v -2.751565 6.651377 0.511069
v -2.751254 4.875234 0.520969
v -2.788874 4.707307 0.734971
v -2.788874 4.698746 0.8
v -2.787117 4.698132 0.8
v -2.778306 4.703736 0.734014
v -2.778306 4.695048 0.8
v -2.775149 4.693065 0.8
v -2.768826 4.697982 0.732472
v -2.768826 4.689091 0.8
v -2.764867 4.685133 0.8
v -2.760908 4.690335 0.730423
v -2.788874 4.884971 0.557308
v -2.778306 4.884014 0.553736
v -2.768826 4.882472 0.547982
v -2.760908 4.880423 0.540335
v -2.754951 4.877969 0.531177
v -2.788874 4.824373 0.582408
v -2.778306 4.822524 0.579205
v -2.768826 4.819546 0.574047
v -2.760908 4.815588 0.56719
v -2.754951 4.810847 0.55898
v -2.788874 4.772336 0.622337
v -2.778306 4.769722 0.619722
v -2.768826 4.76551 0.61551
v -2.760908 4.759912 0.609912
v -2.754951 4.753208 0.603208
v -2.788874 4.732408 0.674373
v -2.778306 4.729205 0.672524
v -2.768826 4.724047 0.669546
v -2.760908 4.71719 0.665587
v -2.754951 4.70898 0.660847
v -2.754951 4.681178 0.727969
v -2.760908 4.681175 0.8
v -2.756935 4.674851 0.8
v -2.754951 4.671694 0.8
v -2.751868 4.662883 0.8
v -2.751254 4.805563 0.549828
v -2.751254 4.745735 0.595735
v -2.751254 4.699828 0.655563
v -2.751254 4.670969 0.725234
v -2.751254 4.661126 0.8
v -2.751704 4.662941 2.71
v -2.756699 4.675 2.71
v -2.764645 4.685355 2.71
v -2.775 4.693301 2.71
v -2.787059 4.698296 2.71
v -2.787059 4.661672 2.941236
v -2.787059 4.479125 3.239125
v -2.787059 4.181236 3.421672
v -2.787059 4.067059 3.449084
v -2.751704 4.369056 3.286781
v -2.751704 4.454125 3.214125
v -2.756699 4.376144 3.296537
v -2.756699 4.462652 3.222652
v -2.764645 4.382231 3.304915
v -2.764645 4.469975 3.229975
v -2.775 4.386901 3.311343
v -2.775 4.475594 3.235593
v -2.787059 4.389837 3.315384
v -2.751704 4.585235 3.033669
v -2.751704 4.628047 2.930311
v -2.756699 4.59598 3.039143
v -2.756699 4.639516 2.934037
v -2.764645 4.605206 3.043844
v -2.764645 4.649364 2.937237
v -2.775 4.612286 3.047451
v -2.775 4.656921 2.939693
v -2.787059 4.616737 3.049719
v -2.751704 3.95 3.422941
v -2.751704 4.061529 3.414163
v -2.756699 3.95 3.435
v -2.756699 4.063415 3.426074
v -2.764645 3.95 3.445355
v -2.764645 4.065035 3.436302
v -2.775 3.95 3.453301
v -2.775 4.066278 3.44415
v -2.787059 3.95 3.458296
v -2.751704 4.17031 3.388047
v -2.756699 4.174037 3.399516
v -2.764645 4.177238 3.409364
v -2.775 4.179693 3.416921
v -2.787059 4.289719 3.376737
v -2.775 4.287452 3.372286
v -2.764645 4.283844 3.365206
v -2.756699 4.279143 3.35598
v -2.751704 4.273668 3.345235
v -2.787059 4.555385 3.149837
v -2.775 4.551343 3.146902
v -2.764645 4.544915 3.142231
v -2.756699 4.536538 3.136144
v -2.751704 4.526782 3.129056
v -2.787059 4.689084 2.827059
v -2.775 4.68415 2.826278
v -2.764645 4.676302 2.825035
v -2.756699 4.666074 2.823415
v -2.751704 4.654163 2.821529
v -2.750887 -0.499852 3.418668
v -2.751035 -0.501305 3.420122
v -2.751759 -0.501662 3.422927
v -2.752246 -0.501902 3.424818
v -2.756798 -0.502859 3.434956
v -2.757195 -0.502943 3.435841
v -2.764645 -0.503297 3.445355
v -2.774159 -0.502943 3.452804
v -2.775044 -0.502859 3.453202
v -2.785182 -0.501902 3.457754
v -2.787095 -0.501634 3.458101
v -2.751035 -0.501305 2.999878
v -2.750887 -0.499852 3.001332
v -2.787095 -0.501634 2.961899
v -2.787059 3.95 2.961704
v -2.785182 -0.501902 2.962246
v -2.775 3.95 2.966699
v -2.775044 -0.502859 2.966798
v -2.774159 -0.502943 2.967196
v -2.764645 3.95 2.974645
v -2.764645 -0.503297 2.974645
v -2.757195 -0.502943 2.984159
v -2.756699 3.95 2.985
v -2.756798 -0.502859 2.985044
v -2.751704 3.95 2.997059
v -2.752246 -0.501902 2.995182
v -2.751759 -0.501662 2.997073
v -2.787059 4.015146 2.953127
v -2.775 4.016438 2.957952
v -2.764645 4.018495 2.965627
v -2.756699 4.021175 2.97563
v -2.751704 4.024297 2.987278
v -2.787059 4.075852 2.927982
v -2.775 4.07835 2.932307
v -2.764645 4.082322 2.939189
v -2.756699 4.0875 2.948157
v -2.751704 4.09353 2.958601
v -2.787059 4.127982 2.887981
v -2.775 4.131513 2.891514
v -2.764645 4.137132 2.897132
v -2.756699 4.144454 2.904454
v -2.751704 4.152982 2.912982
v -2.787059 4.167982 2.835852
v -2.775 4.172307 2.838349
v -2.764645 4.179189 2.842322
v -2.756699 4.188157 2.8475
v -2.751704 4.198601 2.853529
v -2.787059 4.193127 2.775146
v -2.775 4.197952 2.776439
v -2.764645 4.205627 2.778495
v -2.756699 4.21563 2.781175
v -2.751704 4.227278 2.784297
v -2.787059 4.201704 2.71
v -2.775 4.206699 2.71
v -2.764645 4.214644 2.71
v -2.756699 4.225 2.71
v -2.751704 4.237059 2.71
v -2.787059 4.201704 0.8
v -2.775 4.206699 0.8
v -2.764645 4.214644 0.8
v -2.756699 4.225 0.8
v -2.751704 4.237059 0.8
v -2.787059 4.238328 0.568764
v -2.787059 4.420875 0.270875
v -2.787059 4.718764 0.088328
v -2.787059 4.832941 0.060916
v -2.751704 4.530944 0.223219
v -2.751704 4.445875 0.295875
v -2.756699 4.523856 0.213463
v -2.756699 4.437347 0.287348
v -2.764645 4.517769 0.205085
v -2.764645 4.430026 0.280025
v -2.775 4.513098 0.198657
v -2.775 4.424407 0.274407
v -2.787059 4.510162 0.194616
v -2.751704 4.314765 0.476332
v -2.751704 4.271953 0.579689
v -2.756699 4.30402 0.470857
v -2.756699 4.260484 0.575963
v -2.764645 4.294794 0.466156
v -2.764645 4.250636 0.572763
v -2.775 4.287714 0.462548
v -2.775 4.243079 0.570307
v -2.787059 4.283263 0.460281
v -2.751704 4.95 0.087059
v -2.751704 4.838471 0.095837
v -2.756699 4.95 0.075
v -2.756699 4.836585 0.083926
v -2.764645 4.95 0.064645
v -2.764645 4.834965 0.073698
v -2.775 4.95 0.056699
v -2.775 4.833722 0.06585
v -2.787059 4.95 0.051704
v -2.751704 4.729689 0.121953
v -2.756699 4.725963 0.110484
v -2.764645 4.722763 0.100636
v -2.775 4.720307 0.093078
v -2.787059 4.610281 0.133263
v -2.775 4.612548 0.137714
v -2.764645 4.616156 0.144794
v -2.756699 4.620857 0.15402
v -2.751704 4.626331 0.164765
v -2.787059 4.344615 0.360162
v -2.775 4.348657 0.363098
v -2.764645 4.355085 0.367769
v -2.756699 4.363463 0.373856
v -2.751704 4.373219 0.380944
v -2.787059 4.210917 0.682941
v -2.775 4.21585 0.683722
v -2.764645 4.223698 0.684965
v -2.756699 4.233926 0.686585
v -2.751704 4.245837 0.688471
v -2.751899 6.651634 0.087095
v -2.752246 6.651903 0.085182
v -2.756798 6.65286 0.075044
v -2.757195 6.652943 0.074159
v -2.764645 6.653297 0.064645
v -2.774159 6.652943 0.057195
v -2.775044 6.65286 0.056798
v -2.785182 6.651903 0.052246
v -2.787095 6.651634 0.051899
usemtl 1
f 1// 2// 3//
f 3// 2// 4//
f 5// 6// 7//
f 7// 6// 8//
f 9// 8// 10//
f 10// 8// 6//
f 11// 9// 12//
f 12// 9// 10//
f 13// 11// 14//
f 14// 11// 12//
f 15// 16// 17//
f 17// 16// 18//
f 11// 13// 9//
f 9// 13// 19//
f 9// 19// 8//
f 8// 19// 7//
f 6// 5// 10//
f 10// 5// 20//
f 10// 20// 12//
f 12// 20// 14//
f 14// 20// 21//
f 21// 20// 22//
f 23// 24// 22//
f 22// 24// 25//
f 22// 25// 21//
f 26// 27// 23//
f 23// 27// 28//
f 23// 28// 24//
f 23// 29// 26//
f 26// 29// 30//
f 26// 30// 31//
f 31// 30// 32//
f 31// 32// 33//
f 33// 32// 16//
f 33// 16// 15//
f 13// 14// 21//
f 13// 21// 34//
f 34// 21// 25//
f 34// 25// 35//
f 35// 25// 24//
f 35// 24// 36//
f 36// 24// 28//
f 36// 28// 37//
f 37// 28// 38//
f 38// 28// 27//
f 38// 27// 39//
f 27// 26// 39//
f 39// 26// 31//
f 39// 31// 40//
f 40// 31// 33//
f 40// 33// 41//
f 41// 33// 15//
f 41// 15// 17//
f 42// 43// 44//
f 44// 43// 45//
f 44// 45// 46//
f 46// 45// 47//
f 46// 47// 48//
f 48// 47// 49//
f 48// 49// 50//
f 50// 49// 51//
f 50// 51// 52//
f 52// 51// 53//
f 52// 53// 16//
f 43// 54// 45//
f 45// 54// 55//
f 45// 55// 47//
f 47// 55// 56//
f 47// 56// 49//
f 49// 56// 57//
f 49// 57// 51//
f 51// 57// 58//
f 51// 58// 53//
f 53// 58// 59//
f 53// 59// 16//
f 20// 42// 22//
f 22// 42// 44//
f 22// 44// 23//
f 23// 44// 46//
f 23// 46// 29//
f 29// 46// 48//
f 29// 48// 30//
f 30// 48// 50//
f 30// 50// 32//
f 32// 50// 52//
f 32// 52// 16//
f 60// 61// 62//
f 62// 61// 63//
f 62// 63// 64//
f 64// 63// 65//
f 64// 65// 66//
f 66// 65// 67//
f 66// 67// 68//
f 68// 67// 69//
f 68// 69// 70//
f 70// 69// 71//
f 70// 71// 16//
f 61// 2// 63//
f 63// 2// 72//
f 63// 72// 65//
f 65// 72// 73//
f 65// 73// 67//
f 67// 73// 74//
f 67// 74// 69//
f 69// 74// 75//
f 69// 75// 71//
f 71// 75// 76//
f 71// 76// 16//
f 54// 60// 55//
f 55// 60// 62//
f 55// 62// 56//
f 56// 62// 64//
f 56// 64// 57//
f 57// 64// 66//
f 57// 66// 58//
f 58// 66// 68//
f 58// 68// 59//
f 59// 68// 70//
f 59// 70// 16//
f 18// 16// 76//
f 18// 76// 77//
f 77// 76// 75//
f 77// 75// 78//
f 78// 75// 74//
f 78// 74// 79//
f 79// 74// 73//
f 79// 73// 80//
f 80// 73// 72//
f 80// 72// 81//
f 81// 72// 2//
f 81// 2// 1//
f 17// 18// 82//
f 17// 82// 41//
f 41// 82// 83//
f 41// 83// 40//
f 40// 83// 84//
f 40// 84// 39//
f 39// 84// 38//
f 38// 84// 85//
f 38// 85// 37//
f 37// 85// 36//
f 36// 85// 86//
f 36// 86// 35//
f 35// 86// 34//
f 34// 86// 19//
f 34// 19// 13//
f 4// 2// 61//
f 4// 61// 87//
f 87// 61// 60//
f 87// 60// 88//
f 88// 60// 54//
f 88// 54// 89//
f 89// 54// 90//
f 90// 54// 43//
f 90// 43// 91//
f 91// 43// 92//
f 92// 43// 42//
f 92// 42// 93//
f 93// 42// 94//
f 94// 42// 20//
f 94// 20// 5//
f 95// 96// 97//
f 97// 96// 98//
f 97// 98// 99//
f 99// 98// 100//
f 99// 100// 101//
f 101// 100// 102//
f 101// 102// 103//
f 103// 102// 104//
f 103// 104// 105//
f 105// 104// 106//
f 105// 106// 18//
f 96// 107// 98//
f 98// 107// 108//
f 98// 108// 100//
f 100// 108// 109//
f 100// 109// 102//
f 102// 109// 110//
f 102// 110// 104//
f 104// 110// 111//
f 104// 111// 106//
f 106// 111// 112//
f 106// 112// 18//
f 1// 95// 81//
f 81// 95// 97//
f 81// 97// 80//
f 80// 97// 99//
f 80// 99// 79//
f 79// 99// 101//
f 79// 101// 78//
f 78// 101// 103//
f 78// 103// 77//
f 77// 103// 105//
f 77// 105// 18//
f 113// 114// 115//
f 115// 114// 116//
f 115// 116// 117//
f 117// 116// 118//
f 117// 118// 119//
f 119// 118// 120//
f 119// 120// 121//
f 121// 120// 122//
f 121// 122// 123//
f 123// 122// 124//
f 123// 124// 18//
f 114// 19// 116//
f 116// 19// 86//
f 116// 86// 118//
f 118// 86// 85//
f 118// 85// 120//
f 120// 85// 84//
f 120// 84// 122//
f 122// 84// 83//
f 122// 83// 124//
f 124// 83// 82//
f 124// 82// 18//
f 107// 113// 108//
f 108// 113// 115//
f 108// 115// 109//
f 109// 115// 117//
f 109// 117// 110//
f 110// 117// 119//
f 110// 119// 111//
f 111// 119// 121//
f 111// 121// 112//
f 112// 121// 123//
f 112// 123// 18//
f 125// 126// 89//
f 89// 126// 127//
f 89// 127// 88//
f 88// 127// 128//
f 88// 128// 87//
f 87// 128// 3//
f 87// 3// 4//
f 93// 129// 92//
f 92// 129// 130//
f 92// 130// 91//
f 91// 130// 125//
f 91// 125// 90//
f 90// 125// 89//
f 5// 7// 94//
f 94// 7// 131//
f 94// 131// 93//
f 93// 131// 132//
f 93// 132// 129//
f 7// 19// 131//
f 131// 19// 114//
f 113// 129// 114//
f 114// 129// 132//
f 114// 132// 131//
f 126// 125// 113//
f 113// 125// 130//
f 113// 130// 129//
f 113// 107// 126//
f 126// 107// 96//
f 126// 96// 127//
f 127// 96// 95//
f 127// 95// 128//
f 128// 95// 1//
f 128// 1// 3//
f 133// 134// 135//
f 135// 134// 136//
f 137// 133// 138//
f 138// 133// 135//
f 139// 137// 140//
f 140// 137// 138//
f 141// 142// 143//
f 143// 142// 144//
f 145// 146// 147//
f 147// 146// 148//
f 149// 136// 150//
f 150// 136// 134//
f 137// 139// 133//
f 133// 139// 151//
f 133// 151// 134//
f 134// 151// 150//
f 136// 149// 135//
f 135// 149// 152//
f 135// 152// 138//
f 138// 152// 140//
f 140// 152// 153//
f 153// 152// 154//
f 155// 156// 154//
f 154// 156// 157//
f 154// 157// 153//
f 158// 159// 155//
f 155// 159// 160//
f 155// 160// 156//
f 155// 161// 158//
f 158// 161// 162//
f 158// 162// 163//
f 163// 162// 164//
f 163// 164// 165//
f 165// 164// 142//
f 165// 142// 141//
f 164// 162// 166//
f 166// 162// 167//
f 166// 167// 168//
f 168// 167// 169//
f 168// 169// 170//
f 170// 169// 171//
f 170// 171// 172//
f 172// 171// 173//
f 172// 173// 174//
f 174// 173// 175//
f 174// 175// 146//
f 162// 161// 167//
f 167// 161// 176//
f 167// 176// 169//
f 169// 176// 177//
f 169// 177// 171//
f 171// 177// 178//
f 171// 178// 173//
f 173// 178// 179//
f 173// 179// 175//
f 175// 179// 180//
f 175// 180// 146//
f 142// 164// 181//
f 181// 164// 166//
f 181// 166// 182//
f 182// 166// 168//
f 182// 168// 183//
f 183// 168// 170//
f 183// 170// 184//
f 184// 170// 172//
f 184// 172// 185//
f 185// 172// 174//
f 185// 174// 146//
f 155// 154// 186//
f 186// 154// 187//
f 186// 187// 188//
f 188// 187// 189//
f 188// 189// 190//
f 190// 189// 191//
f 190// 191// 192//
f 192// 191// 193//
f 192// 193// 194//
f 194// 193// 195//
f 194// 195// 146//
f 154// 152// 187//
f 187// 152// 196//
f 187// 196// 189//
f 189// 196// 197//
f 189// 197// 191//
f 191// 197// 198//
f 191// 198// 193//
f 193// 198// 199//
f 193// 199// 195//
f 195// 199// 200//
f 195// 200// 146//
f 161// 155// 176//
f 176// 155// 186//
f 176// 186// 177//
f 177// 186// 188//
f 177// 188// 178//
f 178// 188// 190//
f 178// 190// 179//
f 179// 190// 192//
f 179// 192// 180//
f 180// 192// 194//
f 180// 194// 146//
f 201// 202// 159//
f 159// 202// 203//
f 159// 203// 160//
f 160// 203// 204//
f 160// 204// 156//
f 156// 204// 205//
f 156// 205// 157//
f 157// 205// 206//
f 157// 206// 153//
f 153// 206// 139//
f 153// 139// 140//
f 159// 158// 201//
f 201// 158// 163//
f 201// 163// 207//
f 207// 163// 165//
f 207// 165// 208//
f 208// 165// 141//
f 208// 141// 143//
f 148// 146// 200//
f 148// 200// 209//
f 209// 200// 199//
f 209// 199// 210//
f 210// 199// 198//
f 210// 198// 211//
f 211// 198// 212//
f 212// 198// 197//
f 212// 197// 213//
f 213// 197// 214//
f 214// 197// 196//
f 214// 196// 215//
f 215// 196// 216//
f 216// 196// 152//
f 216// 152// 149//
f 144// 142// 181//
f 144// 181// 217//
f 217// 181// 182//
f 217// 182// 218//
f 218// 182// 183//
f 218// 183// 219//
f 219// 183// 184//
f 219// 184// 220//
f 220// 184// 185//
f 220// 185// 221//
f 221// 185// 146//
f 221// 146// 145//
f 143// 144// 222//
f 143// 222// 208//
f 208// 222// 223//
f 208// 223// 207//
f 207// 223// 224//
f 207// 224// 201//
f 201// 224// 202//
f 202// 224// 225//
f 202// 225// 203//
f 203// 225// 204//
f 204// 225// 226//
f 204// 226// 205//
f 205// 226// 206//
f 206// 226// 151//
f 206// 151// 139//
f 227// 228// 211//
f 211// 228// 229//
f 211// 229// 210//
f 210// 229// 230//
f 210// 230// 209//
f 209// 230// 147//
f 209// 147// 148//
f 215// 231// 214//
f 214// 231// 232//
f 214// 232// 213//
f 213// 232// 227//
f 213// 227// 212//
f 212// 227// 211//
f 149// 150// 216//
f 216// 150// 233//
f 216// 233// 215//
f 215// 233// 234//
f 215// 234// 231//
f 226// 225// 235//
f 235// 225// 236//
f 235// 236// 237//
f 237// 236// 238//
f 237// 238// 239//
f 239// 238// 240//
f 239// 240// 241//
f 241// 240// 242//
f 241// 242// 243//
f 243// 242// 244//
f 243// 244// 145//
f 225// 224// 236//
f 236// 224// 245//
f 236// 245// 238//
f 238// 245// 246//
f 238// 246// 240//
f 240// 246// 247//
f 240// 247// 242//
f 242// 247// 248//
f 242// 248// 244//
f 244// 248// 249//
f 244// 249// 145//
f 151// 226// 250//
f 250// 226// 235//
f 250// 235// 251//
f 251// 235// 237//
f 251// 237// 252//
f 252// 237// 239//
f 252// 239// 253//
f 253// 239// 241//
f 253// 241// 254//
f 254// 241// 243//
f 254// 243// 145//
f 223// 222// 255//
f 255// 222// 256//
f 255// 256// 257//
f 257// 256// 258//
f 257// 258// 259//
f 259// 258// 260//
f 259// 260// 261//
f 261// 260// 262//
f 261// 262// 263//
f 263// 262// 264//
f 263// 264// 145//
f 222// 144// 256//
f 256// 144// 217//
f 256// 217// 258//
f 258// 217// 218//
f 258// 218// 260//
f 260// 218// 219//
f 260// 219// 262//
f 262// 219// 220//
f 262// 220// 264//
f 264// 220// 221//
f 264// 221// 145//
f 224// 223// 245//
f 245// 223// 255//
f 245// 255// 246//
f 246// 255// 257//
f 246// 257// 247//
f 247// 257// 259//
f 247// 259// 248//
f 248// 259// 261//
f 248// 261// 249//
f 249// 261// 263//
f 249// 263// 145//
f 150// 151// 233//
f 233// 151// 250//
f 251// 231// 250//
f 250// 231// 234//
f 250// 234// 233//
f 228// 227// 251//
f 251// 227// 232//
f 251// 232// 231//
f 251// 252// 228//
f 228// 252// 253//
f 228// 253// 229//
f 229// 253// 254//
f 229// 254// 230//
f 230// 254// 145//
f 230// 145// 147//
usemtl 2
f 265// 266// 267//
f 268// 269// 270//
f 270// 269// 271//
f 270// 271// 272//
f 273// 274// 275//
f 275// 274// 276//
f 265// 267// 277//
f 277// 267// 278//
f 277// 278// 276//
f 266// 279// 267//
f 267// 279// 280//
f 267// 280// 281//
f 282// 283// 267//
f 267// 283// 284//
f 285// 286// 287//
f 287// 286// 288//
f 284// 289// 267//
f 267// 289// 288//
f 267// 288// 290//
f 290// 288// 286//
f 291// 292// 293//
f 293// 292// 294//
f 281// 295// 267//
f 267// 295// 296//
f 267// 296// 282//
f 291// 297// 292//
f 292// 297// 298//
f 292// 298// 299//
f 300// 301// 302//
f 302// 301// 303//
f 302// 303// 304//
f 276// 278// 275//
f 275// 278// 305//
f 275// 305// 271//
f 271// 305// 306//
f 271// 306// 307//
f 304// 308// 302//
f 302// 308// 309//
f 302// 309// 310//
f 292// 272// 294//
f 294// 272// 271//
f 294// 271// 311//
f 311// 271// 307//
f 298// 312// 299//
f 299// 312// 313//
f 299// 313// 302//
f 302// 313// 314//
f 302// 314// 300//
f 315// 316// 275//
f 275// 316// 317//
f 275// 317// 273//
f 318// 319// 268//
f 318// 268// 316//
f 270// 310// 268//
f 268// 310// 309//
f 268// 309// 316//
f 316// 309// 320//
f 316// 320// 317//
f 321// 322// 275//
f 315// 275// 323//
f 323// 275// 322//
f 323// 322// 324//
f 325// 326// 271//
f 327// 328// 329//
f 271// 326// 275//
f 275// 326// 330//
f 275// 330// 331//
f 332// 333// 334//
f 334// 333// 335//
f 334// 335// 336//
f 336// 335// 329//
f 328// 337// 329//
f 329// 337// 338//
f 329// 338// 339//
f 340// 341// 342//
f 342// 341// 343//
f 331// 342// 344//
f 344// 342// 343//
f 344// 343// 345//
f 345// 343// 346//
f 347// 348// 336//
f 336// 348// 349//
f 336// 349// 334//
f 350// 321// 347//
f 347// 321// 275//
f 347// 275// 348//
f 348// 275// 351//
f 339// 352// 329//
f 329// 352// 353//
f 329// 353// 336//
f 336// 353// 345//
f 271// 336// 325//
f 325// 336// 345//
f 325// 345// 354//
f 354// 345// 346//
f 354// 346// 355//
f 355// 346// 356//
f 357// 358// 351//
f 351// 358// 359//
f 351// 359// 360//
f 360// 361// 351//
f 351// 361// 362//
f 351// 362// 329//
f 329// 362// 363//
f 329// 363// 327//
f 331// 344// 275//
f 275// 344// 364//
f 275// 364// 351//
f 351// 364// 365//
f 351// 365// 357//
f 366// 367// 368//
f 368// 367// 369//
f 370// 371// 372//
f 372// 371// 373//
f 374// 375// 366//
f 366// 375// 367//
f 376// 377// 378//
f 378// 377// 379//
f 380// 381// 382//
f 382// 381// 383//
f 384// 385// 376//
f 376// 385// 377//
f 386// 387// 388//
f 388// 387// 389//
f 390// 391// 392//
f 392// 391// 393//
f 394// 395// 386//
f 386// 395// 387//
f 396// 397// 398//
f 399// 400// 401//
f 401// 400// 402//
f 401// 402// 397//
f 397// 402// 403//
f 397// 403// 398//
f 404// 405// 406//
f 396// 398// 406//
f 406// 398// 407//
f 406// 407// 404//
f 408// 409// 410//
f 410// 409// 411//
f 412// 413// 400//
f 400// 413// 402//
f 409// 408// 414//
f 415// 381// 380//
f 416// 417// 418//
f 419// 420// 414//
f 414// 420// 421//
f 414// 421// 409//
f 422// 423// 424//
f 425// 426// 418//
f 418// 426// 427//
f 418// 427// 416//
f 416// 427// 428//
f 416// 428// 429//
f 420// 430// 431//
f 391// 390// 419//
f 419// 390// 432//
f 419// 432// 420//
f 420// 432// 415//
f 420// 415// 430//
f 430// 415// 380//
f 422// 424// 433//
f 429// 428// 424//
f 424// 428// 434//
f 424// 434// 433//
f 435// 436// 437//
f 437// 436// 438//
f 439// 440// 441//
f 441// 440// 442//
f 441// 442// 436//
f 371// 370// 431//
f 431// 370// 437//
f 431// 437// 420//
f 420// 437// 438//
f 420// 438// 443//
f 443// 438// 444//
f 443// 444// 445//
f 445// 444// 446//
f 445// 446// 421//
f 421// 446// 425//
f 421// 425// 409//
f 409// 425// 418//
f 447// 441// 448//
f 448// 441// 436//
f 448// 436// 449//
f 449// 436// 435//
f 449// 435// 450//
f 451// 452// 453//
f 439// 441// 453//
f 453// 441// 454//
f 453// 454// 451//
f 455// 456// 457//
f 457// 456// 458//
f 457// 458// 459//
f 459// 458// 460//
f 461// 462// 460//
f 460// 462// 463//
f 460// 463// 459//
f 461// 464// 462//
f 462// 464// 465//
f 462// 465// 466//
f 416// 467// 468//
f 469// 470// 471//
f 472// 473// 474//
f 474// 473// 469//
f 471// 475// 469//
f 469// 475// 417//
f 469// 417// 474//
f 474// 417// 416//
f 474// 416// 476//
f 476// 416// 468//
f 136// 469// 135//
f 135// 469// 473//
f 477// 478// 479//
f 480// 481// 479//
f 479// 481// 482//
f 483// 484// 485//
f 485// 484// 441//
f 485// 441// 482//
f 482// 441// 447//
f 482// 447// 479//
f 479// 447// 486//
f 479// 486// 477//
f 479// 12// 480//
f 480// 12// 10//
f 487// 488// 489//
f 489// 488// 490//
f 489// 490// 491//
f 492// 493// 494//
f 494// 493// 495//
f 494// 495// 496//
f 497// 498// 494//
f 494// 498// 499//
f 494// 499// 492//
f 492// 499// 500//
f 501// 502// 503//
f 502// 504// 503//
f 503// 504// 490//
f 503// 490// 500//
f 500// 490// 488//
f 500// 488// 492//
f 505// 506// 507//
f 507// 506// 508//
f 497// 509// 498//
f 498// 509// 506//
f 498// 506// 510//
f 510// 506// 505//
f 503// 511// 501//
f 501// 511// 512//
f 501// 512// 513//
f 513// 512// 514//
f 504// 502// 515//
f 515// 502// 398//
f 515// 398// 516//
f 516// 398// 403//
f 516// 403// 517//
f 517// 403// 518//
f 519// 520// 521//
f 519// 522// 520//
f 520// 522// 523//
f 520// 523// 524//
f 523// 525// 524//
f 524// 525// 526//
f 524// 526// 527//
f 521// 528// 519//
f 519// 528// 529//
f 519// 529// 530//
f 483// 531// 484//
f 484// 531// 519//
f 484// 519// 532//
f 532// 519// 530//
f 533// 468// 527//
f 527// 468// 467//
f 527// 467// 534//
f 534// 535// 527//
f 527// 535// 536//
f 527// 536// 537//
f 537// 538// 527//
f 527// 538// 539//
f 527// 539// 524//
f 524// 428// 427//
f 427// 540// 524//
f 524// 540// 541//
f 524// 541// 520//
f 442// 440// 542//
f 542// 440// 520//
f 542// 520// 543//
f 543// 520// 541//
f 543// 541// 444//
f 444// 541// 446//
f 463// 509// 544//
f 544// 509// 497//
f 545// 546// 459//
f 463// 544// 459//
f 459// 544// 547//
f 459// 547// 545//
f 436// 442// 319//
f 319// 442// 542//
f 319// 542// 268//
f 268// 542// 548//
f 268// 548// 269//
f 549// 550// 551//
f 551// 550// 269//
f 551// 269// 552//
f 552// 269// 548//
f 552// 548// 553//
f 553// 548// 554//
f 318// 316// 555//
f 555// 316// 556//
f 555// 556// 548//
f 548// 556// 554//
f 556// 316// 557//
f 557// 316// 315//
f 324// 558// 323//
f 323// 558// 557//
f 323// 557// 315//
f 558// 324// 559//
f 559// 324// 322//
f 560// 561// 562//
f 562// 561// 559//
f 562// 559// 321//
f 321// 559// 322//
f 563// 564// 336//
f 336// 564// 565//
f 336// 565// 347//
f 347// 565// 566//
f 347// 566// 350//
f 350// 566// 427//
f 350// 427// 426//
f 540// 427// 560//
f 560// 427// 566//
f 560// 566// 561//
f 561// 566// 567//
f 563// 336// 550//
f 550// 336// 271//
f 550// 271// 269//
f 503// 500// 397//
f 397// 500// 401//
f 460// 458// 498//
f 498// 458// 499//
f 458// 456// 568//
f 569// 500// 568//
f 568// 500// 499//
f 568// 499// 458//
f 570// 378// 379//
f 571// 572// 500//
f 379// 571// 570//
f 570// 571// 500//
f 570// 500// 573//
f 573// 500// 569//
f 573// 569// 369//
f 369// 569// 368//
f 399// 401// 574//
f 574// 401// 500//
f 574// 500// 575//
f 575// 500// 572//
f 575// 572// 389//
f 389// 572// 388//
f 555// 543// 318//
f 318// 543// 444//
f 318// 444// 438//
f 438// 436// 318//
f 318// 436// 319//
f 548// 542// 555//
f 555// 542// 543//
f 541// 562// 446//
f 446// 562// 321//
f 446// 321// 425//
f 426// 425// 350//
f 350// 425// 321//
f 562// 541// 560//
f 560// 541// 540//
f 476// 566// 474//
f 474// 566// 565//
f 566// 476// 567//
f 567// 476// 468//
f 567// 468// 533//
f 576// 472// 474//
f 487// 489// 564//
f 564// 489// 576//
f 564// 576// 565//
f 565// 576// 474//
f 577// 495// 493//
f 482// 481// 551//
f 551// 481// 577//
f 551// 577// 549//
f 549// 577// 493//
f 531// 483// 553//
f 553// 483// 485//
f 553// 485// 552//
f 482// 551// 485//
f 485// 551// 552//
f 12// 578// 10//
f 10// 578// 496//
f 10// 496// 577//
f 577// 496// 495//
f 578// 579// 496//
f 496// 579// 494//
f 579// 544// 494//
f 494// 544// 497//
f 544// 579// 547//
f 547// 579// 578//
f 547// 578// 580//
f 580// 578// 581//
f 12// 479// 578//
f 578// 479// 478//
f 578// 478// 582//
f 582// 583// 578//
f 578// 583// 584//
f 578// 584// 581//
f 515// 585// 504//
f 504// 585// 490//
f 585// 586// 490//
f 490// 586// 491//
f 576// 489// 135//
f 135// 489// 491//
f 135// 491// 136//
f 136// 491// 586//
f 585// 515// 586//
f 586// 515// 516//
f 469// 136// 470//
f 470// 136// 586//
f 470// 586// 587//
f 516// 588// 586//
f 586// 588// 589//
f 586// 589// 590//
f 590// 591// 586//
f 586// 591// 592//
f 586// 592// 587//
f 10// 577// 480//
f 480// 577// 481//
f 135// 473// 576//
f 576// 473// 472//
f 593// 418// 475//
f 475// 418// 417//
f 518// 593// 517//
f 517// 593// 475//
f 517// 475// 471//
f 594// 595// 596//
f 596// 595// 597//
f 471// 598// 517//
f 517// 598// 595//
f 517// 595// 599//
f 599// 595// 594//
f 518// 403// 593//
f 593// 403// 402//
f 418// 593// 409//
f 409// 593// 402//
f 409// 402// 411//
f 411// 402// 413//
f 477// 486// 600//
f 600// 546// 477//
f 477// 546// 545//
f 477// 545// 601//
f 601// 545// 602//
f 602// 603// 601//
f 601// 603// 604//
f 601// 604// 605//
f 448// 600// 447//
f 447// 600// 486//
f 600// 448// 546//
f 546// 448// 449//
f 459// 546// 457//
f 457// 546// 449//
f 457// 449// 606//
f 606// 449// 607//
f 608// 607// 450//
f 450// 607// 449//
f 455// 457// 609//
f 609// 457// 606//
f 372// 373// 609//
f 574// 575// 412//
f 412// 575// 395//
f 385// 384// 392//
f 383// 375// 382//
f 382// 375// 374//
f 610// 611// 383//
f 383// 611// 392//
f 383// 392// 375//
f 375// 392// 384//
f 375// 384// 573//
f 573// 384// 570//
f 572// 571// 394//
f 394// 571// 385//
f 606// 607// 608//
f 612// 613// 608//
f 608// 613// 372//
f 608// 372// 606//
f 606// 372// 609//
f 385// 392// 394//
f 394// 392// 393//
f 394// 393// 395//
f 614// 615// 393//
f 393// 615// 410//
f 393// 410// 395//
f 395// 410// 411//
f 395// 411// 412//
f 412// 411// 413//
f 569// 568// 374//
f 374// 568// 609//
f 374// 609// 382//
f 382// 609// 373//
f 382// 373// 616//
f 616// 373// 617//
f 618// 619// 421//
f 421// 619// 445//
f 619// 620// 445//
f 445// 620// 443//
f 620// 621// 443//
f 443// 621// 420//
f 621// 618// 420//
f 420// 618// 421//
f 621// 620// 618//
f 618// 620// 619//
f 389// 387// 575//
f 575// 387// 395//
f 574// 412// 399//
f 399// 412// 400//
f 414// 408// 615//
f 615// 408// 410//
f 614// 393// 419//
f 419// 393// 391//
f 615// 614// 414//
f 414// 614// 419//
f 379// 377// 571//
f 571// 377// 385//
f 572// 394// 388//
f 388// 394// 386//
f 432// 390// 611//
f 611// 390// 392//
f 610// 383// 415//
f 415// 383// 381//
f 611// 610// 432//
f 432// 610// 415//
f 369// 367// 573//
f 573// 367// 375//
f 570// 384// 378//
f 378// 384// 376//
f 430// 380// 616//
f 616// 380// 382//
f 617// 373// 431//
f 431// 373// 371//
f 616// 617// 430//
f 430// 617// 431//
f 456// 455// 568//
f 568// 455// 609//
f 569// 374// 368//
f 368// 374// 366//
f 437// 370// 613//
f 613// 370// 372//
f 612// 608// 435//
f 435// 608// 450//
f 613// 612// 437//
f 437// 612// 435//
f 527// 561// 533//
f 533// 561// 567//
f 526// 559// 527//
f 527// 559// 561//
f 525// 558// 526//
f 526// 558// 559//
f 523// 557// 525//
f 525// 557// 558//
f 522// 556// 523//
f 523// 556// 557//
f 519// 554// 522//
f 522// 554// 556//
f 531// 553// 519//
f 519// 553// 554//
f 492// 550// 493//
f 493// 550// 549//
f 488// 563// 492//
f 492// 563// 550//
f 487// 564// 488//
f 488// 564// 563//
f 398// 502// 501//
f 398// 501// 407//
f 407// 501// 513//
f 407// 513// 404//
f 404// 513// 514//
f 404// 514// 405//
f 405// 514// 512//
f 405// 512// 406//
f 406// 512// 511//
f 406// 511// 396//
f 396// 511// 503//
f 396// 503// 397//
f 460// 498// 510//
f 460// 510// 461//
f 461// 510// 505//
f 461// 505// 464//
f 464// 505// 507//
f 464// 507// 465//
f 465// 507// 508//
f 465// 508// 466//
f 466// 508// 506//
f 466// 506// 462//
f 462// 506// 509//
f 462// 509// 463//
f 545// 547// 580//
f 545// 580// 602//
f 602// 580// 581//
f 602// 581// 603//
f 603// 581// 584//
f 603// 584// 604//
f 604// 584// 583//
f 604// 583// 605//
f 605// 583// 582//
f 605// 582// 601//
f 601// 582// 478//
f 601// 478// 477//
f 516// 517// 599//
f 516// 599// 588//
f 588// 599// 594//
f 588// 594// 589//
f 589// 594// 596//
f 589// 596// 590//
f 590// 596// 597//
f 590// 597// 591//
f 591// 597// 595//
f 591// 595// 592//
f 592// 595// 598//
f 592// 598// 587//
f 587// 598// 471//
f 587// 471// 470//
f 428// 524// 539//
f 428// 539// 434//
f 434// 539// 538//
f 434// 538// 433//
f 433// 538// 537//
f 433// 537// 422//
f 422// 537// 536//
f 422// 536// 423//
f 423// 536// 535//
f 423// 535// 424//
f 424// 535// 534//
f 424// 534// 429//
f 429// 534// 467//
f 429// 467// 416//
f 520// 440// 439//
f 520// 439// 521//
f 521// 439// 453//
f 521// 453// 528//
f 528// 453// 452//
f 528// 452// 529//
f 529// 452// 451//
f 529// 451// 530//
f 530// 451// 454//
f 530// 454// 532//
f 532// 454// 441//
f 532// 441// 484//
usemtl 3
f 622// 623// 348//
f 348// 623// 349//
f 623// 624// 349//
f 349// 624// 334//
f 624// 625// 334//
f 334// 625// 332//
f 625// 626// 332//
f 332// 626// 333//
f 626// 627// 333//
f 333// 627// 335//
f 627// 628// 335//
f 335// 628// 329//
f 628// 629// 329//
f 329// 629// 351//
f 629// 622// 351//
f 351// 622// 348//
f 630// 631// 629//
f 628// 627// 626//
f 631// 632// 629//
f 629// 632// 633//
f 629// 633// 622//
f 622// 633// 634//
f 622// 634// 635//
f 629// 628// 630//
f 630// 628// 626//
f 630// 626// 636//
f 636// 626// 625//
f 635// 637// 622//
f 622// 637// 636//
f 622// 636// 623//
f 623// 636// 625//
f 623// 625// 624//
f 630// 636// 638//
f 638// 636// 639//
f 631// 630// 640//
f 640// 630// 638//
f 631// 640// 641//
f 631// 641// 632//
f 632// 641// 642//
f 632// 642// 633//
f 634// 633// 643//
f 643// 633// 642//
f 634// 643// 644//
f 634// 644// 635//
f 635// 644// 645//
f 635// 645// 637//
f 636// 637// 639//
f 639// 637// 645//
f 646// 647// 353//
f 353// 647// 345//
f 647// 648// 345//
f 345// 648// 344//
f 648// 649// 344//
f 344// 649// 364//
f 650// 363// 362//
f 650// 362// 651//
f 651// 362// 361//
f 651// 361// 652//
f 652// 361// 360//
f 652// 360// 653//
f 653// 360// 359//
f 653// 359// 654//
f 654// 359// 358//
f 654// 358// 655//
f 655// 358// 357//
f 655// 357// 656//
f 656// 357// 365//
f 656// 365// 657//
f 657// 365// 364//
f 657// 364// 649//
f 646// 353// 352//
f 646// 352// 658//
f 658// 352// 339//
f 658// 339// 659//
f 659// 339// 338//
f 659// 338// 660//
f 660// 338// 337//
f 660// 337// 661//
f 661// 337// 328//
f 661// 328// 662//
f 662// 328// 327//
f 662// 327// 663//
f 663// 327// 363//
f 663// 363// 650//
f 652// 653// 664//
f 664// 653// 654//
f 664// 654// 665//
f 665// 654// 655//
f 665// 655// 666//
f 666// 655// 656//
f 666// 656// 667//
f 667// 656// 657//
f 667// 657// 668//
f 668// 657// 649//
f 668// 649// 669//
f 669// 649// 648//
f 669// 648// 670//
f 670// 648// 647//
f 670// 647// 671//
f 671// 647// 646//
f 671// 646// 672//
f 672// 646// 658//
f 672// 658// 673//
f 673// 658// 659//
f 673// 659// 674//
f 674// 659// 660//
f 674// 660// 675//
f 675// 660// 661//
f 675// 661// 676//
f 676// 661// 662//
f 676// 662// 677//
f 677// 662// 663//
f 677// 663// 678//
f 678// 663// 650//
f 678// 650// 679//
f 679// 650// 651//
f 679// 651// 680//
f 680// 651// 652//
f 680// 652// 664//
f 668// 669// 681//
f 681// 669// 682//
f 668// 681// 683//
f 668// 683// 667//
f 667// 683// 684//
f 667// 684// 666//
f 666// 684// 685//
f 666// 685// 665//
f 665// 685// 686//
f 665// 686// 664//
f 664// 686// 687//
f 664// 687// 680//
f 680// 687// 688//
f 680// 688// 679//
f 679// 688// 689//
f 679// 689// 678//
f 678// 689// 690//
f 678// 690// 677//
f 677// 690// 691//
f 677// 691// 676//
f 676// 691// 692//
f 676// 692// 675//
f 675// 692// 693//
f 675// 693// 674//
f 674// 693// 694//
f 674// 694// 673//
f 673// 694// 695//
f 673// 695// 672//
f 672// 695// 696//
f 672// 696// 671//
f 670// 671// 697//
f 697// 671// 696//
f 669// 670// 682//
f 682// 670// 697//
f 698// 699// 354//
f 354// 699// 325//
f 699// 700// 325//
f 325// 700// 326//
f 700// 701// 326//
f 326// 701// 330//
f 701// 702// 330//
f 330// 702// 331//
f 702// 703// 331//
f 331// 703// 342//
f 703// 704// 342//
f 342// 704// 340//
f 704// 705// 340//
f 340// 705// 341//
f 705// 706// 341//
f 341// 706// 343//
f 706// 707// 343//
f 343// 707// 346//
f 707// 708// 346//
f 346// 708// 356//
f 708// 709// 356//
f 356// 709// 355//
f 709// 698// 355//
f 355// 698// 354//
f 700// 699// 698//
f 698// 709// 700//
f 700// 709// 708//
f 700// 708// 701//
f 703// 702// 704//
f 704// 702// 701//
f 704// 701// 705//
f 705// 701// 708//
f 705// 708// 706//
f 706// 708// 707//
f 710// 711// 278//
f 278// 711// 305//
f 712// 311// 307//
f 712// 307// 713//
f 713// 307// 306//
f 713// 306// 714//
f 714// 306// 305//
f 714// 305// 711//
f 715// 313// 312//
f 715// 312// 716//
f 716// 312// 298//
f 716// 298// 717//
f 717// 298// 297//
f 717// 297// 718//
f 718// 297// 291//
f 718// 291// 719//
f 719// 291// 293//
f 719// 293// 720//
f 720// 293// 294//
f 720// 294// 721//
f 721// 294// 311//
f 721// 311// 712//
f 722// 320// 723//
f 723// 320// 309//
f 309// 308// 723//
f 723// 308// 304//
f 723// 304// 724//
f 724// 304// 303//
f 724// 303// 725//
f 725// 303// 301//
f 725// 301// 726//
f 726// 301// 300//
f 726// 300// 727//
f 727// 300// 314//
f 727// 314// 728//
f 728// 314// 313//
f 728// 313// 715//
f 320// 722// 317//
f 317// 722// 729//
f 317// 729// 273//
f 273// 729// 730//
f 273// 730// 274//
f 730// 731// 274//
f 274// 731// 276//
f 732// 265// 277//
f 732// 277// 733//
f 733// 277// 276//
f 733// 276// 731//
f 734// 282// 296//
f 734// 296// 735//
f 735// 296// 295//
f 735// 295// 736//
f 736// 295// 281//
f 736// 281// 737//
f 737// 281// 280//
f 737// 280// 738//
f 738// 280// 279//
f 738// 279// 739//
f 739// 279// 266//
f 739// 266// 740//
f 740// 266// 265//
f 740// 265// 732//
f 741// 286// 285//
f 741// 285// 742//
f 742// 285// 287//
f 742// 287// 743//
f 743// 287// 288//
f 743// 288// 744//
f 744// 288// 289//
f 744// 289// 745//
f 745// 289// 284//
f 745// 284// 746//
f 746// 284// 283//
f 746// 283// 747//
f 747// 283// 282//
f 747// 282// 734//
f 710// 278// 267//
f 710// 267// 748//
f 748// 267// 290//
f 748// 290// 749//
f 749// 290// 286//
f 749// 286// 741//
f 742// 712// 741//
f 741// 712// 713//
f 741// 713// 749//
f 749// 713// 714//
f 749// 714// 748//
f 748// 714// 711//
f 748// 711// 710//
f 731// 730// 733//
f 733// 730// 729//
f 733// 729// 732//
f 732// 729// 722//
f 732// 722// 740//
f 740// 722// 723//
f 740// 723// 739//
f 739// 723// 724//
f 739// 724// 738//
f 738// 724// 725//
f 738// 725// 737//
f 737// 725// 726//
f 737// 726// 736//
f 736// 726// 727//
f 736// 727// 735//
f 735// 727// 728//
f 735// 728// 734//
f 734// 728// 715//
f 734// 715// 747//
f 747// 715// 716//
f 747// 716// 746//
f 746// 716// 717//
f 746// 717// 745//
f 745// 717// 718//
f 745// 718// 744//
f 744// 718// 719//
f 744// 719// 743//
f 743// 719// 720//
f 743// 720// 742//
f 742// 720// 721//
f 742// 721// 712//
f 750// 751// 292//
f 292// 751// 272//
f 751// 752// 272//
f 272// 752// 270//
f 752// 753// 270//
f 270// 753// 310//
f 753// 754// 310//
f 310// 754// 302//
f 754// 755// 302//
f 302// 755// 299//
f 755// 750// 299//
f 299// 750// 292//
f 754// 753// 755//
f 755// 753// 752//
f 755// 752// 750//
f 750// 752// 751//
usemtl 2
f 638// 639// 640//
f 640// 639// 645//
f 640// 645// 641//
f 641// 645// 644//
f 641// 644// 642//
f 642// 644// 643//
f 682// 697// 681//
f 681// 697// 696//
f 681// 696// 695//
f 689// 688// 681//
f 681// 688// 687//
f 681// 687// 683//
f 695// 694// 681//
f 681// 694// 693//
f 681// 693// 692//
f 692// 691// 681//
f 681// 691// 690//
f 681// 690// 689//
f 686// 685// 687//
f 687// 685// 684//
f 687// 684// 683//
usemtl 1
f 756// 757// 758//
f 758// 757// 759//
f 760// 761// 762//
f 762// 761// 763//
f 764// 765// 766//
f 766// 765// 767//
f 768// 769// 770//
f 770// 769// 771//
f 772// 773// 774//
f 774// 773// 775//
f 776// 777// 778//
f 778// 777// 779//
f 778// 779// 775//
f 775// 779// 780//
f 775// 780// 774//
f 781// 782// 783//
f 783// 782// 784//
f 784// 782// 757//
f 784// 757// 756//
f 783// 785// 781//
f 781// 785// 786//
f 781// 786// 776//
f 776// 786// 787//
f 776// 787// 777//
f 788// 789// 790//
f 790// 789// 791//
f 790// 791// 792//
f 792// 791// 793//
f 792// 793// 794//
f 794// 793// 795//
f 794// 795// 796//
f 796// 795// 797//
f 796// 797// 798//
f 798// 797// 799//
f 798// 799// 760//
f 760// 799// 761//
f 800// 801// 802//
f 802// 801// 803//
f 803// 801// 804//
f 803// 804// 805//
f 766// 767// 806//
f 806// 767// 807//
f 808// 809// 810//
f 810// 809// 811//
f 810// 811// 807//
f 807// 811// 812//
f 807// 812// 806//
f 802// 813// 800//
f 800// 813// 814//
f 800// 814// 808//
f 808// 814// 815//
f 808// 815// 809//
f 770// 771// 816//
f 816// 771// 817//
f 816// 817// 818//
f 818// 817// 819//
f 818// 819// 820//
f 820// 819// 821//
f 820// 821// 822//
f 822// 821// 823//
f 822// 823// 824//
f 824// 823// 825//
f 824// 825// 826//
f 826// 825// 827//
f 826// 827// 828//
f 828// 827// 829//
f 828// 829// 830//
f 830// 829// 831//
f 830// 831// 832//
f 832// 831// 833//
f 832// 833// 834//
f 834// 833// 835//
f 834// 835// 836//
f 836// 835// 837//
f 836// 837// 838//
f 838// 837// 839//
f 838// 839// 840//
f 840// 839// 841//
f 840// 841// 842//
f 842// 841// 843//
f 842// 843// 844//
f 844// 843// 845//
f 844// 845// 846//
f 846// 845// 847//
f 848// 849// 772//
f 772// 849// 773//
f 850// 851// 788//
f 788// 851// 789//
f 805// 804// 852//
f 852// 804// 853//
f 846// 847// 854//
f 854// 847// 855//
f 849// 848// 856//
f 856// 848// 857//
f 858// 859// 860//
f 861// 862// 863//
f 863// 862// 864//
f 863// 864// 857//
f 857// 864// 865//
f 857// 865// 856//
f 860// 859// 866//
f 866// 859// 867//
f 866// 867// 868//
f 860// 869// 858//
f 858// 869// 870//
f 858// 870// 861//
f 861// 870// 871//
f 861// 871// 862//
f 851// 850// 872//
f 872// 850// 873//
f 872// 873// 874//
f 874// 873// 875//
f 874// 875// 876//
f 876// 875// 877//
f 876// 877// 878//
f 878// 877// 879//
f 878// 879// 880//
f 880// 879// 881//
f 880// 881// 882//
f 882// 881// 883//
f 882// 883// 884//
f 884// 883// 885//
f 884// 885// 886//
f 886// 885// 887//
f 886// 887// 888//
f 888// 887// 889//
f 888// 889// 890//
f 890// 889// 891//
f 890// 891// 892//
f 892// 891// 893//
f 892// 893// 894//
f 894// 893// 895//
f 894// 895// 896//
f 896// 895// 897//
f 896// 897// 898//
f 898// 897// 899//
f 898// 899// 900//
f 900// 899// 901//
f 900// 901// 902//
f 902// 901// 903//
f 904// 905// 906//
f 906// 905// 907//
f 907// 905// 852//
f 907// 852// 853//
f 908// 909// 910//
f 910// 909// 911//
f 912// 913// 914//
f 914// 913// 915//
f 914// 915// 911//
f 911// 915// 916//
f 911// 916// 910//
f 906// 917// 904//
f 904// 917// 918//
f 904// 918// 912//
f 912// 918// 919//
f 912// 919// 913//
f 920// 921// 922//
f 922// 921// 923//
f 922// 923// 924//
f 924// 923// 925//
f 924// 925// 926//
f 926// 925// 927//
f 926// 927// 928//
f 928// 927// 929//
f 928// 929// 930//
f 930// 929// 931//
f 930// 931// 855//
f 855// 931// 854//
f 921// 920// 932//
f 932// 920// 933//
f 934// 935// 867//
f 867// 935// 868//
f 936// 937// 903//
f 903// 937// 902//
f 909// 908// 938//
f 938// 908// 939//
f 940// 941// 942//
f 943// 944// 945//
f 946// 947// 948//
f 945// 944// 949//
f 950// 951// 952//
f 953// 949// 941//
f 941// 949// 944//
f 941// 944// 942//
f 942// 944// 954//
f 942// 954// 955//
f 953// 941// 947//
f 947// 941// 956//
f 947// 956// 948//
f 943// 945// 951//
f 951// 945// 957//
f 951// 957// 952//
f 942// 958// 940//
f 940// 958// 959//
f 940// 959// 960//
f 960// 959// 961//
f 962// 963// 954//
f 954// 963// 964//
f 954// 964// 955//
f 948// 965// 946//
f 946// 965// 966//
f 946// 966// 967//
f 967// 966// 968//
f 952// 969// 950//
f 950// 969// 970//
f 950// 970// 971//
f 971// 970// 972//
f 961// 959// 973//
f 973// 959// 974//
f 973// 974// 975//
f 975// 974// 976//
f 975// 976// 977//
f 962// 978// 963//
f 963// 978// 979//
f 963// 979// 980//
f 980// 979// 981//
f 980// 981// 982//
f 982// 981// 983//
f 984// 985// 986//
f 986// 985// 987//
f 988// 989// 990//
f 991// 992// 985//
f 993// 986// 990//
f 990// 986// 987//
f 990// 987// 988//
f 994// 995// 996//
f 996// 995// 997//
f 984// 998// 999//
f 999// 998// 997//
f 999// 997// 1000//
f 1000// 997// 995//
f 984// 999// 985//
f 985// 999// 1001//
f 985// 1001// 991//
f 1002// 1003// 993//
f 993// 1003// 1004//
f 993// 1004// 986//
f 994// 996// 1005//
f 1005// 996// 1006//
f 1005// 1006// 1007//
f 1008// 1009// 1010//
f 1010// 1009// 1011//
f 1010// 1011// 1012//
f 1012// 1011// 1013//
f 1012// 1013// 989//
f 989// 1013// 1014//
f 989// 1014// 990//
f 1015// 1016// 1017//
f 1017// 1016// 1018//
f 1017// 1018// 1019//
f 1019// 1018// 1020//
f 1019// 1020// 992//
f 992// 1020// 1021//
f 992// 1021// 985//
f 1002// 1022// 1003//
f 1003// 1022// 1023//
f 1003// 1023// 1024//
f 1024// 1023// 1025//
f 1024// 1025// 1026//
f 1026// 1025// 1027//
f 1028// 1029// 999//
f 999// 1029// 1001//
f 1030// 984// 933//
f 933// 984// 986//
f 933// 986// 932//
f 932// 986// 1031//
f 1032// 987// 936//
f 936// 987// 985//
f 936// 985// 937//
f 937// 985// 1033//
f 1034// 993// 934//
f 934// 993// 990//
f 934// 990// 935//
f 935// 990// 1035//
f 1036// 945// 759//
f 759// 945// 949//
f 759// 949// 758//
f 758// 949// 1037//
f 1038// 954// 763//
f 763// 954// 944//
f 763// 944// 762//
f 762// 944// 1039//
f 1040// 941// 768//
f 768// 941// 940//
f 768// 940// 769//
f 769// 940// 1041//
f 764// 1042// 942//
f 764// 942// 765//
f 765// 942// 955//
f 765// 955// 1043//
f 1044// 1045// 1040//
f 1044// 1040// 1046//
f 1046// 1040// 768//
f 1046// 768// 770//
f 1045// 1044// 1047//
f 1047// 1044// 1048//
f 1047// 1048// 1049//
f 1049// 1048// 1050//
f 1049// 1050// 1051//
f 1051// 1050// 1052//
f 1051// 1052// 1053//
f 1053// 1052// 1054//
f 1053// 1054// 1055//
f 1055// 1054// 1056//
f 1055// 1056// 1057//
f 1057// 1056// 1058//
f 1057// 1058// 1059//
f 1059// 1058// 1060//
f 1059// 1060// 1061//
f 1061// 1060// 1062//
f 1061// 1062// 1037//
f 1037// 1062// 758//
f 758// 1062// 1063//
f 758// 1063// 756//
f 822// 824// 1064//
f 828// 830// 1065//
f 838// 840// 1066//
f 842// 844// 1067//
f 1068// 784// 756//
f 772// 774// 1069//
f 1069// 774// 1070//
f 1069// 1070// 1071//
f 1071// 1070// 1072//
f 756// 1063// 1068//
f 1068// 1063// 1062//
f 1068// 1062// 1073//
f 1074// 1075// 1072//
f 1072// 1075// 1076//
f 1072// 1076// 1071//
f 1062// 1060// 1073//
f 1073// 1060// 1058//
f 1073// 1058// 1077//
f 1078// 1079// 1074//
f 1074// 1079// 1080//
f 1074// 1080// 1075//
f 1058// 1056// 1077//
f 1077// 1056// 1054//
f 1077// 1054// 1081//
f 1082// 1083// 1078//
f 1078// 1083// 1084//
f 1078// 1084// 1079//
f 785// 783// 1085//
f 1085// 783// 1086//
f 1085// 1086// 1087//
f 1087// 1086// 1088//
f 1087// 1088// 1089//
f 1089// 1088// 1090//
f 1089// 1090// 1091//
f 1091// 1090// 1092//
f 1091// 1092// 1093//
f 1093// 1092// 1094//
f 1093// 1094// 1064//
f 783// 784// 1086//
f 1086// 784// 1068//
f 1086// 1068// 1088//
f 1088// 1068// 1073//
f 1088// 1073// 1090//
f 1090// 1073// 1077//
f 1090// 1077// 1092//
f 1092// 1077// 1081//
f 1092// 1081// 1094//
f 1094// 1081// 1095//
f 1067// 1096// 1082//
f 1082// 1096// 1097//
f 1082// 1097// 1083//
f 777// 787// 1098//
f 1098// 787// 1099//
f 1098// 1099// 1100//
f 1100// 1099// 1101//
f 1100// 1101// 1102//
f 1102// 1101// 1103//
f 1102// 1103// 1104//
f 1104// 1103// 1105//
f 1104// 1105// 1106//
f 1106// 1105// 1107//
f 1106// 1107// 1108//
f 1108// 1107// 1065//
f 1054// 1052// 1081//
f 1081// 1052// 1050//
f 1081// 1050// 1095//
f 1095// 1050// 1048//
f 1095// 1048// 1044//
f 1064// 1094// 1109//
f 1109// 1094// 1095//
f 1109// 1095// 1110//
f 1110// 1095// 1044//
f 1110// 1044// 1046//
f 844// 846// 1067//
f 1067// 846// 1111//
f 1067// 1111// 1096//
f 774// 780// 1070//
f 1070// 780// 1112//
f 1070// 1112// 1072//
f 1072// 1112// 1113//
f 1072// 1113// 1074//
f 1074// 1113// 1114//
f 1074// 1114// 1078//
f 1078// 1114// 1115//
f 1078// 1115// 1082//
f 1082// 1115// 1116//
f 1082// 1116// 1067//
f 1067// 1116// 1066//
f 1067// 1066// 842//
f 842// 1066// 840//
f 836// 838// 1117//
f 1117// 838// 1066//
f 1117// 1066// 1118//
f 1118// 1066// 1116//
f 1118// 1116// 1119//
f 1119// 1116// 1115//
f 1119// 1115// 1120//
f 1120// 1115// 1114//
f 1120// 1114// 1121//
f 1121// 1114// 1113//
f 1121// 1113// 1122//
f 1122// 1113// 1112//
f 1122// 1112// 779//
f 779// 1112// 780//
f 779// 777// 1122//
f 1122// 777// 1098//
f 1122// 1098// 1121//
f 1121// 1098// 1100//
f 1121// 1100// 1120//
f 1120// 1100// 1102//
f 1120// 1102// 1119//
f 1119// 1102// 1104//
f 1119// 1104// 1118//
f 1118// 1104// 1106//
f 1118// 1106// 1117//
f 1117// 1106// 1108//
f 1117// 1108// 836//
f 836// 1108// 834//
f 1065// 830// 1108//
f 1108// 830// 832//
f 1108// 832// 834//
f 826// 828// 1123//
f 1123// 828// 1065//
f 1123// 1065// 1124//
f 1124// 1065// 1107//
f 1124// 1107// 1125//
f 1125// 1107// 1105//
f 1125// 1105// 1126//
f 1126// 1105// 1103//
f 1126// 1103// 1127//
f 1127// 1103// 1101//
f 1127// 1101// 1128//
f 1128// 1101// 1099//
f 1128// 1099// 786//
f 786// 1099// 787//
f 786// 785// 1128//
f 1128// 785// 1085//
f 1128// 1085// 1127//
f 1127// 1085// 1087//
f 1127// 1087// 1126//
f 1126// 1087// 1089//
f 1126// 1089// 1125//
f 1125// 1089// 1091//
f 1125// 1091// 1124//
f 1124// 1091// 1093//
f 1124// 1093// 1123//
f 1123// 1093// 1064//
f 1123// 1064// 826//
f 826// 1064// 824//
f 822// 1064// 820//
f 820// 1064// 1109//
f 820// 1109// 818//
f 818// 1109// 1110//
f 818// 1110// 816//
f 816// 1110// 1046//
f 816// 1046// 770//
f 772// 1069// 848//
f 848// 1069// 1129//
f 1069// 1071// 1129//
f 1129// 1071// 1076//
f 1129// 1076// 1130//
f 1076// 1075// 1130//
f 1130// 1075// 1080//
f 1130// 1080// 1131//
f 1131// 1080// 1079//
f 1131// 1079// 1132//
f 1079// 1084// 1132//
f 1132// 1084// 1083//
f 1132// 1083// 1133//
f 1083// 1097// 1133//
f 1133// 1097// 1096//
f 1133// 1096// 854//
f 854// 1096// 1111//
f 854// 1111// 846//
f 854// 931// 1133//
f 1133// 931// 1134//
f 1133// 1134// 1132//
f 1132// 1134// 1135//
f 1132// 1135// 1131//
f 1131// 1135// 1136//
f 1131// 1136// 1130//
f 1130// 1136// 1137//
f 1130// 1137// 1129//
f 1129// 1137// 1138//
f 1129// 1138// 848//
f 848// 1138// 857//
f 931// 929// 1134//
f 1134// 929// 1139//
f 1134// 1139// 1135//
f 1135// 1139// 1140//
f 1135// 1140// 1136//
f 1136// 1140// 1141//
f 1136// 1141// 1137//
f 1137// 1141// 1142//
f 1137// 1142// 1138//
f 1138// 1142// 1143//
f 1138// 1143// 857//
f 857// 1143// 863//
f 929// 927// 1139//
f 1139// 927// 1144//
f 1139// 1144// 1140//
f 1140// 1144// 1145//
f 1140// 1145// 1141//
f 1141// 1145// 1146//
f 1141// 1146// 1142//
f 1142// 1146// 1147//
f 1142// 1147// 1143//
f 1143// 1147// 1148//
f 1143// 1148// 863//
f 863// 1148// 861//
f 927// 925// 1144//
f 1144// 925// 1149//
f 1144// 1149// 1145//
f 1145// 1149// 1150//
f 1145// 1150// 1146//
f 1146// 1150// 1151//
f 1146// 1151// 1147//
f 1147// 1151// 1152//
f 1147// 1152// 1148//
f 1148// 1152// 1153//
f 1148// 1153// 861//
f 861// 1153// 858//
f 925// 923// 1149//
f 1149// 923// 1154//
f 1149// 1154// 1150//
f 1150// 1154// 1155//
f 1150// 1155// 1151//
f 1151// 1155// 1156//
f 1151// 1156// 1152//
f 1152// 1156// 1157//
f 1152// 1157// 1153//
f 1153// 1157// 1158//
f 1153// 1158// 858//
f 858// 1158// 859//
f 923// 921// 1154//
f 1154// 921// 1159//
f 1154// 1159// 1155//
f 1155// 1159// 1160//
f 1155// 1160// 1156//
f 1156// 1160// 1161//
f 1156// 1161// 1157//
f 1157// 1161// 1162//
f 1157// 1162// 1158//
f 1158// 1162// 1163//
f 1158// 1163// 859//
f 859// 1163// 867//
f 1034// 934// 867//
f 1034// 867// 1164//
f 1164// 867// 1163//
f 1164// 1163// 1165//
f 1165// 1163// 1162//
f 1165// 1162// 1166//
f 1166// 1162// 1167//
f 1167// 1162// 1161//
f 1167// 1161// 1168//
f 1168// 1161// 1169//
f 1169// 1161// 1160//
f 1169// 1160// 1170//
f 1170// 1160// 1171//
f 1171// 1160// 1159//
f 1171// 1159// 1172//
f 921// 932// 1159//
f 1159// 932// 1031//
f 1159// 1031// 1172//
f 1036// 759// 757//
f 1036// 757// 1173//
f 1173// 757// 1174//
f 1173// 1174// 1175//
f 1175// 1174// 1176//
f 1175// 1176// 1177//
f 1177// 1176// 1178//
f 1178// 1176// 1179//
f 1178// 1179// 1180//
f 1180// 1179// 1181//
f 1181// 1179// 1182//
f 1181// 1182// 1183//
f 1183// 1182// 1184//
f 1184// 1182// 1185//
f 1184// 1185// 1186//
f 1186// 1185// 1187//
f 1187// 1185// 1188//
f 1187// 1188// 1189//
f 760// 762// 1188//
f 1188// 762// 1039//
f 1188// 1039// 1189//
f 788// 790// 1190//
f 1190// 790// 1191//
f 1190// 1191// 1192//
f 1192// 1191// 1193//
f 1194// 1195// 1193//
f 1193// 1195// 1196//
f 1193// 1196// 1192//
f 1197// 1198// 1194//
f 1194// 1198// 1199//
f 1194// 1199// 1195//
f 1200// 1201// 1197//
f 1197// 1201// 1202//
f 1197// 1202// 1198//
f 1203// 1204// 1200//
f 1200// 1204// 1205//
f 1200// 1205// 1201//
f 775// 773// 1203//
f 1203// 773// 1206//
f 1203// 1206// 1204//
f 790// 792// 1191//
f 1191// 792// 1207//
f 1191// 1207// 1193//
f 1193// 1207// 1208//
f 1193// 1208// 1194//
f 1194// 1208// 1209//
f 1194// 1209// 1197//
f 1197// 1209// 1210//
f 1197// 1210// 1200//
f 1200// 1210// 1211//
f 1200// 1211// 1203//
f 1203// 1211// 1212//
f 1203// 1212// 775//
f 775// 1212// 778//
f 792// 794// 1207//
f 1207// 794// 1213//
f 1207// 1213// 1208//
f 1208// 1213// 1214//
f 1208// 1214// 1209//
f 1209// 1214// 1215//
f 1209// 1215// 1210//
f 1210// 1215// 1216//
f 1210// 1216// 1211//
f 1211// 1216// 1217//
f 1211// 1217// 1212//
f 1212// 1217// 1218//
f 1212// 1218// 778//
f 778// 1218// 776//
f 794// 796// 1213//
f 1213// 796// 1219//
f 1213// 1219// 1214//
f 1214// 1219// 1220//
f 1214// 1220// 1215//
f 1215// 1220// 1221//
f 1215// 1221// 1216//
f 1216// 1221// 1222//
f 1216// 1222// 1217//
f 1217// 1222// 1223//
f 1217// 1223// 1218//
f 1218// 1223// 1224//
f 1218// 1224// 776//
f 776// 1224// 781//
f 796// 798// 1219//
f 1219// 798// 1225//
f 1219// 1225// 1220//
f 1220// 1225// 1226//
f 1220// 1226// 1221//
f 1221// 1226// 1227//
f 1221// 1227// 1222//
f 1222// 1227// 1228//
f 1222// 1228// 1223//
f 1223// 1228// 1229//
f 1223// 1229// 1224//
f 1224// 1229// 1230//
f 1224// 1230// 781//
f 781// 1230// 782//
f 798// 760// 1225//
f 1225// 760// 1188//
f 1225// 1188// 1226//
f 1226// 1188// 1185//
f 1226// 1185// 1227//
f 1227// 1185// 1182//
f 1227// 1182// 1228//
f 1228// 1182// 1179//
f 1228// 1179// 1229//
f 1229// 1179// 1176//
f 1229// 1176// 1230//
f 1230// 1176// 1174//
f 1230// 1174// 782//
f 782// 1174// 757//
f 788// 1190// 850//
f 850// 1190// 1231//
f 1190// 1192// 1231//
f 1231// 1192// 1196//
f 1231// 1196// 1232//
f 1196// 1195// 1232//
f 1232// 1195// 1199//
f 1232// 1199// 1233//
f 1233// 1199// 1198//
f 1233// 1198// 1234//
f 1198// 1202// 1234//
f 1234// 1202// 1201//
f 1234// 1201// 1235//
f 1201// 1205// 1235//
f 1235// 1205// 1204//
f 1235// 1204// 849//
f 849// 1204// 1206//
f 849// 1206// 773//
f 899// 897// 1236//
f 889// 887// 1237//
f 879// 877// 1238//
f 875// 873// 1239//
f 862// 871// 1240//
f 1240// 871// 1241//
f 1240// 1241// 1242//
f 1242// 1241// 1243//
f 1242// 1243// 1244//
f 1244// 1243// 1245//
f 1244// 1245// 1246//
f 1246// 1245// 1247//
f 1246// 1247// 1248//
f 1248// 1247// 1237//
f 869// 860// 1249//
f 1249// 860// 1250//
f 1249// 1250// 1251//
f 1251// 1250// 1252//
f 1251// 1252// 1253//
f 1253// 1252// 1254//
f 1253// 1254// 1255//
f 1255// 1254// 1256//
f 1255// 1256// 1257//
f 1257// 1256// 1236//
f 849// 856// 1235//
f 1235// 856// 1258//
f 1235// 1258// 1234//
f 1234// 1258// 1259//
f 1234// 1259// 1233//
f 1233// 1259// 1260//
f 1233// 1260// 1232//
f 1232// 1260// 1261//
f 1232// 1261// 1231//
f 1231// 1261// 1239//
f 1231// 1239// 850//
f 850// 1239// 873//
f 856// 865// 1258//
f 1258// 865// 1262//
f 1258// 1262// 1259//
f 1259// 1262// 1263//
f 1259// 1263// 1260//
f 1260// 1263// 1264//
f 1260// 1264// 1261//
f 1261// 1264// 1265//
f 1261// 1265// 1239//
f 1239// 1265// 1238//
f 1239// 1238// 875//
f 875// 1238// 877//
f 881// 879// 1266//
f 1266// 879// 1238//
f 1266// 1238// 1267//
f 1267// 1238// 1265//
f 1267// 1265// 1268//
f 1268// 1265// 1264//
f 1268// 1264// 1269//
f 1269// 1264// 1263//
f 1269// 1263// 1270//
f 1270// 1263// 1262//
f 1270// 1262// 864//
f 864// 1262// 865//
f 864// 862// 1270//
f 1270// 862// 1240//
f 1270// 1240// 1269//
f 1269// 1240// 1242//
f 1269// 1242// 1268//
f 1268// 1242// 1244//
f 1268// 1244// 1267//
f 1267// 1244// 1246//
f 1267// 1246// 1266//
f 1266// 1246// 1248//
f 1266// 1248// 881//
f 881// 1248// 883//
f 1237// 887// 1248//
f 1248// 887// 885//
f 1248// 885// 883//
f 891// 889// 1271//
f 1271// 889// 1237//
f 1271// 1237// 1272//
f 1272// 1237// 1247//
f 1272// 1247// 1273//
f 1273// 1247// 1245//
f 1273// 1245// 1274//
f 1274// 1245// 1243//
f 1274// 1243// 1275//
f 1275// 1243// 1241//
f 1275// 1241// 870//
f 870// 1241// 871//
f 870// 869// 1275//
f 1275// 869// 1249//
f 1275// 1249// 1274//
f 1274// 1249// 1251//
f 1274// 1251// 1273//
f 1273// 1251// 1253//
f 1273// 1253// 1272//
f 1272// 1253// 1255//
f 1272// 1255// 1271//
f 1271// 1255// 1257//
f 1271// 1257// 891//
f 891// 1257// 893//
f 1236// 897// 1257//
f 1257// 897// 895//
f 1257// 895// 893//
f 901// 899// 1276//
f 1276// 899// 1236//
f 1276// 1236// 1277//
f 1277// 1236// 1256//
f 1277// 1256// 1278//
f 1278// 1256// 1254//
f 1278// 1254// 1279//
f 1279// 1254// 1252//
f 1279// 1252// 1280//
f 1280// 1252// 1250//
f 1280// 1250// 866//
f 866// 1250// 860//
f 866// 868// 1280//
f 1280// 868// 1281//
f 1280// 1281// 1279//
f 1279// 1281// 1282//
f 1279// 1282// 1278//
f 1278// 1282// 1283//
f 1278// 1283// 1277//
f 1277// 1283// 1284//
f 1277// 1284// 1276//
f 1276// 1284// 1285//
f 1276// 1285// 901//
f 901// 1285// 903//
f 1032// 936// 903//
f 1032// 903// 1286//
f 1286// 903// 1285//
f 1286// 1285// 1287//
f 1287// 1285// 1284//
f 1287// 1284// 1288//
f 1288// 1284// 1289//
f 1289// 1284// 1283//
f 1289// 1283// 1290//
f 1290// 1283// 1291//
f 1291// 1283// 1282//
f 1291// 1282// 1292//
f 1292// 1282// 1293//
f 1293// 1282// 1281//
f 1293// 1281// 1294//
f 868// 935// 1281//
f 1281// 935// 1035//
f 1281// 1035// 1294//
f 1038// 763// 761//
f 1038// 761// 1295//
f 1295// 761// 1296//
f 1295// 1296// 1297//
f 1297// 1296// 1298//
f 1297// 1298// 1299//
f 1299// 1298// 1300//
f 1300// 1298// 1301//
f 1300// 1301// 1302//
f 1302// 1301// 1303//
f 1303// 1301// 1304//
f 1303// 1304// 1305//
f 1305// 1304// 1306//
f 1306// 1304// 1307//
f 1306// 1307// 1308//
f 1308// 1307// 1309//
f 1309// 1307// 1310//
f 1309// 1310// 1311//
f 767// 765// 1310//
f 1310// 765// 1043//
f 1310// 1043// 1311//
f 767// 1310// 1312//
f 1313// 791// 789//
f 789// 1314// 1313//
f 1313// 1314// 1315//
f 1313// 1315// 1316//
f 1315// 1317// 1316//
f 1316// 1317// 1318//
f 1316// 1318// 1319//
f 1318// 1320// 1319//
f 1319// 1320// 1321//
f 1319// 1321// 1322//
f 761// 799// 1296//
f 1296// 799// 1323//
f 1296// 1323// 1298//
f 1298// 1323// 1324//
f 1298// 1324// 1301//
f 1301// 1324// 1325//
f 1301// 1325// 1304//
f 1304// 1325// 1326//
f 1304// 1326// 1307//
f 1307// 1326// 1327//
f 1307// 1327// 1310//
f 799// 797// 1323//
f 1323// 797// 1328//
f 1323// 1328// 1324//
f 1324// 1328// 1329//
f 1324// 1329// 1325//
f 1325// 1329// 1330//
f 1325// 1330// 1326//
f 1326// 1330// 1331//
f 1326// 1331// 1327//
f 1327// 1331// 1332//
f 797// 795// 1328//
f 1328// 795// 1333//
f 1328// 1333// 1329//
f 1329// 1333// 1334//
f 1329// 1334// 1330//
f 1330// 1334// 1335//
f 1330// 1335// 1331//
f 1331// 1335// 1336//
f 1331// 1336// 1332//
f 1332// 1336// 1337//
f 795// 793// 1333//
f 1333// 793// 1338//
f 1333// 1338// 1334//
f 1334// 1338// 1339//
f 1334// 1339// 1335//
f 1335// 1339// 1340//
f 1335// 1340// 1336//
f 1336// 1340// 1341//
f 1336// 1341// 1337//
f 1337// 1341// 1342//
f 793// 791// 1338//
f 1338// 791// 1313//
f 1338// 1313// 1339//
f 1339// 1313// 1316//
f 1339// 1316// 1340//
f 1340// 1316// 1319//
f 1340// 1319// 1341//
f 1341// 1319// 1322//
f 1341// 1322// 1342//
f 1342// 1322// 1343//
f 1321// 1344// 1322//
f 1322// 1344// 1345//
f 1322// 1345// 1343//
f 1343// 1345// 1346//
f 1343// 1346// 1347//
f 1310// 1327// 1312//
f 1312// 1327// 1332//
f 1312// 1332// 1348//
f 1348// 1332// 1337//
f 1348// 1337// 1349//
f 1349// 1337// 1342//
f 1349// 1342// 1350//
f 1350// 1342// 1343//
f 1350// 1343// 1351//
f 1351// 1343// 1347//
f 1351// 1347// 1352//
f 767// 1312// 807//
f 807// 1312// 1348//
f 807// 1348// 810//
f 810// 1348// 1349//
f 810// 1349// 808//
f 808// 1349// 1350//
f 808// 1350// 800//
f 800// 1350// 1351//
f 800// 1351// 801//
f 801// 1351// 1352//
f 801// 1352// 804//
f 804// 1352// 853//
f 853// 1352// 1353//
f 1352// 1347// 1353//
f 1353// 1347// 1346//
f 1353// 1346// 1354//
f 1346// 1345// 1354//
f 1354// 1345// 1344//
f 1354// 1344// 1355//
f 1355// 1344// 1321//
f 1355// 1321// 1356//
f 1321// 1320// 1356//
f 1356// 1320// 1318//
f 1356// 1318// 1357//
f 1318// 1317// 1357//
f 1357// 1317// 1315//
f 1357// 1315// 851//
f 851// 1315// 1314//
f 851// 1314// 789//
f 874// 876// 1358//
f 884// 886// 1359//
f 894// 896// 1360//
f 898// 900// 1361//
f 913// 919// 1362//
f 1362// 919// 1363//
f 1362// 1363// 1364//
f 1364// 1363// 1365//
f 1364// 1365// 1366//
f 1366// 1365// 1367//
f 1366// 1367// 1368//
f 1368// 1367// 1369//
f 1368// 1369// 1370//
f 1370// 1369// 1359//
f 917// 906// 1371//
f 1371// 906// 1372//
f 1371// 1372// 1373//
f 1373// 1372// 1374//
f 1373// 1374// 1375//
f 1375// 1374// 1376//
f 1375// 1376// 1377//
f 1377// 1376// 1378//
f 1377// 1378// 1379//
f 1379// 1378// 1358//
f 908// 910// 1380//
f 1380// 910// 1381//
f 1380// 1381// 1382//
f 1382// 1381// 1383//
f 1382// 1383// 1384//
f 1384// 1383// 1385//
f 1384// 1385// 1386//
f 1386// 1385// 1387//
f 1386// 1387// 1388//
f 1388// 1387// 1361//
f 1388// 1361// 902//
f 902// 1361// 900//
f 910// 916// 1381//
f 1381// 916// 1389//
f 1381// 1389// 1383//
f 1383// 1389// 1390//
f 1383// 1390// 1385//
f 1385// 1390// 1391//
f 1385// 1391// 1387//
f 1387// 1391// 1392//
f 1387// 1392// 1361//
f 1361// 1392// 1360//
f 1361// 1360// 898//
f 898// 1360// 896//
f 892// 894// 1393//
f 1393// 894// 1360//
f 1393// 1360// 1394//
f 1394// 1360// 1392//
f 1394// 1392// 1395//
f 1395// 1392// 1391//
f 1395// 1391// 1396//
f 1396// 1391// 1390//
f 1396// 1390// 1397//
f 1397// 1390// 1389//
f 1397// 1389// 915//
f 915// 1389// 916//
f 915// 913// 1397//
f 1397// 913// 1362//
f 1397// 1362// 1396//
f 1396// 1362// 1364//
f 1396// 1364// 1395//
f 1395// 1364// 1366//
f 1395// 1366// 1394//
f 1394// 1366// 1368//
f 1394// 1368// 1393//
f 1393// 1368// 1370//
f 1393// 1370// 892//
f 892// 1370// 890//
f 1359// 886// 1370//
f 1370// 886// 888//
f 1370// 888// 890//
f 882// 884// 1398//
f 1398// 884// 1359//
f 1398// 1359// 1399//
f 1399// 1359// 1369//
f 1399// 1369// 1400//
f 1400// 1369// 1367//
f 1400// 1367// 1401//
f 1401// 1367// 1365//
f 1401// 1365// 1402//
f 1402// 1365// 1363//
f 1402// 1363// 918//
f 918// 1363// 919//
f 918// 917// 1402//
f 1402// 917// 1371//
f 1402// 1371// 1401//
f 1401// 1371// 1373//
f 1401// 1373// 1400//
f 1400// 1373// 1375//
f 1400// 1375// 1399//
f 1399// 1375// 1377//
f 1399// 1377// 1398//
f 1398// 1377// 1379//
f 1398// 1379// 882//
f 882// 1379// 880//
f 1358// 876// 1379//
f 1379// 876// 878//
f 1379// 878// 880//
f 872// 874// 1403//
f 1403// 874// 1358//
f 1403// 1358// 1404//
f 1404// 1358// 1378//
f 1404// 1378// 1405//
f 1405// 1378// 1376//
f 1405// 1376// 1406//
f 1406// 1376// 1374//
f 1406// 1374// 1407//
f 1407// 1374// 1372//
f 1407// 1372// 907//
f 907// 1372// 906//
f 907// 853// 1407//
f 1407// 853// 1353//
f 1407// 1353// 1406//
f 1406// 1353// 1354//
f 1406// 1354// 1405//
f 1405// 1354// 1355//
f 1405// 1355// 1404//
f 1404// 1355// 1356//
f 1404// 1356// 1403//
f 1403// 1356// 1357//
f 1403// 1357// 872//
f 872// 1357// 851//
f 939// 908// 1408//
f 1408// 908// 1380//
f 1409// 1408// 1410//
f 1410// 1408// 1380//
f 1410// 1380// 1411//
f 1411// 1380// 1382//
f 1411// 1382// 1412//
f 1412// 1382// 1413//
f 1413// 1382// 1384//
f 1413// 1384// 1414//
f 1414// 1384// 1415//
f 1415// 1384// 1386//
f 1415// 1386// 1416//
f 1416// 1386// 1417//
f 1417// 1386// 1388//
f 1417// 1388// 1418//
f 902// 937// 1388//
f 1388// 937// 1033//
f 1388// 1033// 1418//
f 1028// 1419// 1420//
f 1028// 1420// 1029//
f 1408// 1409// 1029//
f 1029// 1420// 1408//
f 1408// 1420// 938//
f 1408// 938// 939//
f 1030// 933// 920//
f 1030// 920// 1421//
f 1421// 920// 1422//
f 1421// 1422// 1423//
f 1423// 1422// 1424//
f 1423// 1424// 1425//
f 1425// 1424// 1426//
f 1426// 1424// 1427//
f 1426// 1427// 1428//
f 1428// 1427// 1429//
f 1429// 1427// 1430//
f 1429// 1430// 1431//
f 909// 938// 1432//
f 1432// 938// 1420//
f 1431// 1430// 1433//
f 1433// 1430// 1432//
f 1433// 1432// 1434//
f 1434// 1432// 1420//
f 1434// 1420// 1419//
f 920// 922// 1422//
f 1422// 922// 1435//
f 1422// 1435// 1424//
f 1424// 1435// 1436//
f 1424// 1436// 1427//
f 1427// 1436// 1437//
f 1427// 1437// 1430//
f 1430// 1437// 1438//
f 1430// 1438// 1432//
f 1432// 1438// 1439//
f 1432// 1439// 909//
f 909// 1439// 911//
f 922// 924// 1435//
f 1435// 924// 1440//
f 1435// 1440// 1436//
f 1436// 1440// 1441//
f 1436// 1441// 1437//
f 1437// 1441// 1442//
f 1437// 1442// 1438//
f 1438// 1442// 1443//
f 1438// 1443// 1439//
f 1439// 1443// 1444//
f 1439// 1444// 911//
f 911// 1444// 914//
f 924// 926// 1440//
f 1440// 926// 1445//
f 1440// 1445// 1441//
f 1441// 1445// 1446//
f 1441// 1446// 1442//
f 1442// 1446// 1447//
f 1442// 1447// 1443//
f 1443// 1447// 1448//
f 1443// 1448// 1444//
f 1444// 1448// 1449//
f 1444// 1449// 914//
f 914// 1449// 912//
f 926// 928// 1445//
f 1445// 928// 1450//
f 1445// 1450// 1446//
f 1446// 1450// 1451//
f 1446// 1451// 1447//
f 1447// 1451// 1452//
f 1447// 1452// 1448//
f 1448// 1452// 1453//
f 1448// 1453// 1449//
f 1449// 1453// 1454//
f 1449// 1454// 912//
f 912// 1454// 904//
f 928// 930// 1450//
f 1450// 930// 1455//
f 1450// 1455// 1451//
f 1451// 1455// 1456//
f 1451// 1456// 1452//
f 1452// 1456// 1457//
f 1452// 1457// 1453//
f 1453// 1457// 1458//
f 1453// 1458// 1454//
f 1454// 1458// 1459//
f 1454// 1459// 904//
f 904// 1459// 905//
f 930// 855// 1455//
f 1455// 855// 1460//
f 1455// 1460// 1456//
f 1456// 1460// 1461//
f 1456// 1461// 1457//
f 1457// 1461// 1462//
f 1457// 1462// 1458//
f 1458// 1462// 1463//
f 1458// 1463// 1459//
f 1459// 1463// 1464//
f 1459// 1464// 905//
f 905// 1464// 852//
f 855// 847// 1465//
f 855// 1465// 1460//
f 1460// 1465// 1466//
f 1460// 1466// 1461//
f 1461// 1466// 1467//
f 1461// 1467// 1462//
f 1462// 1467// 1468//
f 1462// 1468// 1463//
f 1463// 1468// 1469//
f 1463// 1469// 1464//
f 1464// 1469// 805//
f 1464// 805// 852//
f 843// 841// 1470//
f 833// 831// 1471//
f 823// 821// 1472//
f 819// 817// 1473//
f 809// 815// 1474//
f 1474// 815// 1475//
f 1474// 1475// 1476//
f 1476// 1475// 1477//
f 1476// 1477// 1478//
f 1478// 1477// 1479//
f 1478// 1479// 1480//
f 1480// 1479// 1481//
f 1480// 1481// 1482//
f 1482// 1481// 1471//
f 813// 802// 1483//
f 1483// 802// 1484//
f 1483// 1484// 1485//
f 1485// 1484// 1486//
f 1485// 1486// 1487//
f 1487// 1486// 1488//
f 1487// 1488// 1489//
f 1489// 1488// 1490//
f 1489// 1490// 1491//
f 1491// 1490// 1470//
f 766// 806// 1492//
f 1492// 806// 1493//
f 1492// 1493// 1494//
f 1494// 1493// 1495//
f 1494// 1495// 1496//
f 1496// 1495// 1497//
f 1496// 1497// 1498//
f 1498// 1497// 1499//
f 1498// 1499// 1500//
f 1500// 1499// 1473//
f 1500// 1473// 771//
f 771// 1473// 817//
f 806// 812// 1493//
f 1493// 812// 1501//
f 1493// 1501// 1495//
f 1495// 1501// 1502//
f 1495// 1502// 1497//
f 1497// 1502// 1503//
f 1497// 1503// 1499//
f 1499// 1503// 1504//
f 1499// 1504// 1473//
f 1473// 1504// 1472//
f 1473// 1472// 819//
f 819// 1472// 821//
f 825// 823// 1505//
f 1505// 823// 1472//
f 1505// 1472// 1506//
f 1506// 1472// 1504//
f 1506// 1504// 1507//
f 1507// 1504// 1503//
f 1507// 1503// 1508//
f 1508// 1503// 1502//
f 1508// 1502// 1509//
f 1509// 1502// 1501//
f 1509// 1501// 811//
f 811// 1501// 812//
f 811// 809// 1509//
f 1509// 809// 1474//
f 1509// 1474// 1508//
f 1508// 1474// 1476//
f 1508// 1476// 1507//
f 1507// 1476// 1478//
f 1507// 1478// 1506//
f 1506// 1478// 1480//
f 1506// 1480// 1505//
f 1505// 1480// 1482//
f 1505// 1482// 825//
f 825// 1482// 827//
f 1471// 831// 1482//
f 1482// 831// 829//
f 1482// 829// 827//
f 835// 833// 1510//
f 1510// 833// 1471//
f 1510// 1471// 1511//
f 1511// 1471// 1481//
f 1511// 1481// 1512//
f 1512// 1481// 1479//
f 1512// 1479// 1513//
f 1513// 1479// 1477//
f 1513// 1477// 1514//
f 1514// 1477// 1475//
f 1514// 1475// 814//
f 814// 1475// 815//
f 814// 813// 1514//
f 1514// 813// 1483//
f 1514// 1483// 1513//
f 1513// 1483// 1485//
f 1513// 1485// 1512//
f 1512// 1485// 1487//
f 1512// 1487// 1511//
f 1511// 1487// 1489//
f 1511// 1489// 1510//
f 1510// 1489// 1491//
f 1510// 1491// 835//
f 835// 1491// 837//
f 1470// 841// 1491//
f 1491// 841// 839//
f 1491// 839// 837//
f 845// 843// 1515//
f 1515// 843// 1470//
f 1515// 1470// 1516//
f 1516// 1470// 1490//
f 1516// 1490// 1517//
f 1517// 1490// 1488//
f 1517// 1488// 1518//
f 1518// 1488// 1486//
f 1518// 1486// 1519//
f 1519// 1486// 1484//
f 1519// 1484// 803//
f 803// 1484// 802//
f 803// 805// 1519//
f 1519// 805// 1469//
f 1519// 1469// 1518//
f 1518// 1469// 1468//
f 1518// 1468// 1517//
f 1517// 1468// 1467//
f 1517// 1467// 1516//
f 1516// 1467// 1466//
f 1516// 1466// 1515//
f 1515// 1466// 1465//
f 1515// 1465// 845//
f 845// 1465// 847//
f 764// 766// 1042//
f 1042// 766// 1492//
f 1042// 1492// 1520//
f 1520// 1492// 1521//
f 1521// 1492// 1494//
f 1521// 1494// 1522//
f 1522// 1494// 1523//
f 1523// 1494// 1496//
f 1523// 1496// 1524//
f 1524// 1496// 1525//
f 1525// 1496// 1498//
f 1525// 1498// 1526//
f 1526// 1498// 1527//
f 1527// 1498// 1500//
f 1527// 1500// 1528//
f 771// 769// 1500//
f 1500// 769// 1041//
f 1500// 1041// 1528//
f 1039// 944// 1189//
f 1189// 944// 943//
f 1189// 943// 1187//
f 1187// 943// 951//
f 1187// 951// 1186//
f 1186// 951// 950//
f 1186// 950// 1184//
f 1184// 950// 971//
f 1184// 971// 1183//
f 1183// 971// 972//
f 1183// 972// 1181//
f 1181// 972// 1180//
f 1180// 972// 970//
f 1180// 970// 1178//
f 1178// 970// 969//
f 1178// 969// 1177//
f 1177// 969// 952//
f 1177// 952// 1175//
f 1175// 952// 957//
f 1175// 957// 1173//
f 1173// 957// 945//
f 1173// 945// 1036//
f 1051// 965// 1049//
f 1049// 965// 948//
f 1049// 948// 1047//
f 1047// 948// 956//
f 1047// 956// 1045//
f 1045// 956// 941//
f 1045// 941// 1040//
f 947// 946// 1055//
f 1055// 946// 967//
f 1055// 967// 1053//
f 1053// 967// 968//
f 1053// 968// 1051//
f 1051// 968// 966//
f 1051// 966// 965//
f 1037// 949// 1061//
f 1061// 949// 953//
f 1061// 953// 1059//
f 1059// 953// 947//
f 1059// 947// 1057//
f 1057// 947// 1055//
f 1043// 955// 1311//
f 1311// 955// 964//
f 1311// 964// 1309//
f 1309// 964// 963//
f 1309// 963// 1308//
f 1308// 963// 980//
f 1308// 980// 1306//
f 1306// 980// 982//
f 1306// 982// 1305//
f 1305// 982// 983//
f 1305// 983// 1303//
f 1303// 983// 1302//
f 1302// 983// 981//
f 1302// 981// 1300//
f 1300// 981// 979//
f 1300// 979// 1299//
f 1299// 979// 978//
f 1299// 978// 1297//
f 1297// 978// 962//
f 1297// 962// 1295//
f 1295// 962// 954//
f 1295// 954// 1038//
f 1523// 974// 1522//
f 1522// 974// 959//
f 1522// 959// 1521//
f 1521// 959// 958//
f 1521// 958// 1520//
f 1520// 958// 942//
f 1520// 942// 1042//
f 961// 973// 1525//
f 1525// 973// 975//
f 1525// 975// 1524//
f 1524// 975// 977//
f 1524// 977// 1523//
f 1523// 977// 976//
f 1523// 976// 974//
f 1041// 940// 1528//
f 1528// 940// 960//
f 1528// 960// 1527//
f 1527// 960// 961//
f 1527// 961// 1526//
f 1526// 961// 1525//
f 1028// 999// 1000//
f 1419// 1028// 1434//
f 1434// 1028// 1000//
f 1434// 1000// 1433//
f 1433// 1000// 995//
f 1433// 995// 1431//
f 1431// 995// 1429//
f 995// 994// 1429//
f 1429// 994// 1005//
f 1429// 1005// 1428//
f 1428// 1005// 1007//
f 1428// 1007// 1426//
f 1007// 1006// 1426//
f 1426// 1006// 996//
f 1426// 996// 1425//
f 1425// 996// 997//
f 1425// 997// 1423//
f 1423// 997// 998//
f 1423// 998// 1421//
f 1421// 998// 984//
f 1421// 984// 1030//
f 1167// 1023// 1166//
f 1166// 1023// 1022//
f 1166// 1022// 1165//
f 1165// 1022// 1002//
f 1165// 1002// 1164//
f 1164// 1002// 993//
f 1164// 993// 1034//
f 1003// 1024// 1169//
f 1169// 1024// 1026//
f 1169// 1026// 1168//
f 1168// 1026// 1027//
f 1168// 1027// 1167//
f 1167// 1027// 1025//
f 1167// 1025// 1023//
f 1031// 986// 1172//
f 1172// 986// 1004//
f 1172// 1004// 1171//
f 1171// 1004// 1003//
f 1171// 1003// 1170//
f 1170// 1003// 1169//
f 1035// 990// 1294//
f 1294// 990// 1014//
f 1294// 1014// 1293//
f 1293// 1014// 1013//
f 1293// 1013// 1292//
f 1292// 1013// 1291//
f 1013// 1011// 1291//
f 1291// 1011// 1009//
f 1291// 1009// 1290//
f 1290// 1009// 1008//
f 1290// 1008// 1289//
f 1008// 1010// 1289//
f 1289// 1010// 1012//
f 1289// 1012// 1288//
f 1288// 1012// 989//
f 1288// 989// 1287//
f 1287// 989// 988//
f 1287// 988// 1286//
f 1286// 988// 987//
f 1286// 987// 1032//
f 1033// 985// 1418//
f 1418// 985// 1021//
f 1418// 1021// 1417//
f 1417// 1021// 1020//
f 1417// 1020// 1416//
f 1416// 1020// 1415//
f 1020// 1018// 1415//
f 1415// 1018// 1016//
f 1415// 1016// 1414//
f 1414// 1016// 1015//
f 1414// 1015// 1413//
f 1029// 1409// 1410//
f 1015// 1017// 1413//
f 1413// 1017// 1019//
f 1413// 1019// 1412//
f 1412// 1019// 992//
f 1412// 992// 1411//
f 1411// 992// 991//
f 1411// 991// 1410//
f 1410// 991// 1001//
f 1410// 1001// 1029//
f 1529// 1530// 1531//
f 1531// 1530// 1532//
f 1533// 1534// 1535//
f 1535// 1534// 1536//
f 1537// 1538// 1539//
f 1539// 1538// 1540//
f 1541// 1542// 1543//
f 1543// 1542// 1544//
f 1545// 1546// 1547//
f 1547// 1546// 1548//
f 1549// 1550// 1551//
f 1551// 1550// 1552//
f 1551// 1552// 1548//
f 1548// 1552// 1553//
f 1548// 1553// 1547//
f 1554// 1555// 1556//
f 1556// 1555// 1557//
f 1557// 1555// 1530//
f 1557// 1530// 1529//
f 1556// 1558// 1554//
f 1554// 1558// 1559//
f 1554// 1559// 1549//
f 1549// 1559// 1560//
f 1549// 1560// 1550//
f 1561// 1562// 1563//
f 1563// 1562// 1564//
f 1563// 1564// 1565//
f 1565// 1564// 1566//
f 1565// 1566// 1567//
f 1567// 1566// 1568//
f 1567// 1568// 1569//
f 1569// 1568// 1570//
f 1569// 1570// 1571//
f 1571// 1570// 1572//
f 1571// 1572// 1533//
f 1533// 1572// 1534//
f 1573// 1574// 1575//
f 1575// 1574// 1576//
f 1576// 1574// 1577//
f 1576// 1577// 1578//
f 1539// 1540// 1579//
f 1579// 1540// 1580//
f 1581// 1582// 1583//
f 1583// 1582// 1584//
f 1583// 1584// 1580//
f 1580// 1584// 1585//
f 1580// 1585// 1579//
f 1575// 1586// 1573//
f 1573// 1586// 1587//
f 1573// 1587// 1581//
f 1581// 1587// 1588//
f 1581// 1588// 1582//
f 1543// 1544// 1589//
f 1589// 1544// 1590//
f 1589// 1590// 1591//
f 1591// 1590// 1592//
f 1591// 1592// 1593//
f 1593// 1592// 1594//
f 1593// 1594// 1595//
f 1595// 1594// 1596//
f 1595// 1596// 1597//
f 1597// 1596// 1598//
f 1597// 1598// 1599//
f 1599// 1598// 1600//
f 1599// 1600// 1601//
f 1601// 1600// 1602//
f 1601// 1602// 1603//
f 1603// 1602// 1604//
f 1603// 1604// 1605//
f 1605// 1604// 1606//
f 1605// 1606// 1607//
f 1607// 1606// 1608//
f 1607// 1608// 1609//
f 1609// 1608// 1610//
f 1609// 1610// 1611//
f 1611// 1610// 1612//
f 1611// 1612// 1613//
f 1613// 1612// 1614//
f 1613// 1614// 1615//
f 1615// 1614// 1616//
f 1615// 1616// 1617//
f 1617// 1616// 1618//
f 1617// 1618// 1619//
f 1619// 1618// 1620//
f 1621// 1622// 1545//
f 1545// 1622// 1546//
f 1623// 1624// 1561//
f 1561// 1624// 1562//
f 1578// 1577// 1625//
f 1625// 1577// 1626//
f 1619// 1620// 1627//
f 1627// 1620// 1628//
f 1622// 1621// 1629//
f 1629// 1621// 1630//
f 1631// 1632// 1633//
f 1634// 1635// 1636//
f 1636// 1635// 1637//
f 1636// 1637// 1630//
f 1630// 1637// 1638//
f 1630// 1638// 1629//
f 1633// 1632// 1639//
f 1639// 1632// 1640//
f 1639// 1640// 1641//
f 1633// 1642// 1631//
f 1631// 1642// 1643//
f 1631// 1643// 1634//
f 1634// 1643// 1644//
f 1634// 1644// 1635//
f 1624// 1623// 1645//
f 1645// 1623// 1646//
f 1645// 1646// 1647//
f 1647// 1646// 1648//
f 1647// 1648// 1649//
f 1649// 1648// 1650//
f 1649// 1650// 1651//
f 1651// 1650// 1652//
f 1651// 1652// 1653//
f 1653// 1652// 1654//
f 1653// 1654// 1655//
f 1655// 1654// 1656//
f 1655// 1656// 1657//
f 1657// 1656// 1658//
f 1657// 1658// 1659//
f 1659// 1658// 1660//
f 1659// 1660// 1661//
f 1661// 1660// 1662//
f 1661// 1662// 1663//
f 1663// 1662// 1664//
f 1663// 1664// 1665//
f 1665// 1664// 1666//
f 1665// 1666// 1667//
f 1667// 1666// 1668//
f 1667// 1668// 1669//
f 1669// 1668// 1670//
f 1669// 1670// 1671//
f 1671// 1670// 1672//
f 1671// 1672// 1673//
f 1673// 1672// 1674//
f 1673// 1674// 1675//
f 1675// 1674// 1676//
f 1677// 1678// 1679//
f 1679// 1678// 1680//
f 1680// 1678// 1625//
f 1680// 1625// 1626//
f 1681// 1682// 1683//
f 1683// 1682// 1684//
f 1685// 1686// 1687//
f 1687// 1686// 1688//
f 1687// 1688// 1684//
f 1684// 1688// 1689//
f 1684// 1689// 1683//
f 1679// 1690// 1677//
f 1677// 1690// 1691//
f 1677// 1691// 1685//
f 1685// 1691// 1692//
f 1685// 1692// 1686//
f 1693// 1694// 1695//
f 1695// 1694// 1696//
f 1695// 1696// 1697//
f 1697// 1696// 1698//
f 1697// 1698// 1699//
f 1699// 1698// 1700//
f 1699// 1700// 1701//
f 1701// 1700// 1702//
f 1701// 1702// 1703//
f 1703// 1702// 1704//
f 1703// 1704// 1628//
f 1628// 1704// 1627//
f 1694// 1693// 1705//
f 1705// 1693// 1706//
f 1707// 1708// 1640//
f 1640// 1708// 1641//
f 1709// 1710// 1676//
f 1676// 1710// 1675//
f 1682// 1681// 1711//
f 1711// 1681// 1712//
f 1713// 1714// 1715//
f 1716// 1714// 1717//
f 1717// 1714// 1718//
f 1714// 1713// 1718//
f 1718// 1713// 1719//
f 1718// 1719// 1720//
f 1721// 1722// 1723//
f 1724// 1725// 1716//
f 1716// 1725// 1726//
f 1716// 1726// 1714//
f 1718// 1727// 1717//
f 1717// 1727// 1723//
f 1717// 1723// 1728//
f 1728// 1723// 1722//
f 1729// 1730// 1715//
f 1715// 1730// 1731//
f 1715// 1731// 1713//
f 1729// 1732// 1730//
f 1730// 1732// 1733//
f 1730// 1733// 1734//
f 1735// 1736// 1737//
f 1719// 1738// 1720//
f 1720// 1738// 1737//
f 1720// 1737// 1739//
f 1739// 1737// 1736//
f 1724// 1740// 1725//
f 1725// 1740// 1741//
f 1725// 1741// 1742//
f 1742// 1741// 1743//
f 1742// 1743// 1744//
f 1744// 1743// 1745//
f 1723// 1746// 1721//
f 1721// 1746// 1747//
f 1721// 1747// 1748//
f 1748// 1747// 1749//
f 1734// 1733// 1750//
f 1750// 1733// 1751//
f 1750// 1751// 1752//
f 1737// 1753// 1735//
f 1735// 1753// 1754//
f 1735// 1754// 1755//
f 1755// 1754// 1756//
f 1757// 1758// 1759//
f 1760// 1761// 1762//
f 1758// 1763// 1764//
f 1764// 1763// 1765//
f 1759// 1758// 1761//
f 1761// 1758// 1764//
f 1761// 1764// 1762//
f 1766// 1767// 1758//
f 1758// 1767// 1768//
f 1758// 1768// 1763//
f 1766// 1769// 1767//
f 1767// 1769// 1770//
f 1767// 1770// 1771//
f 1772// 1773// 1774//
f 1775// 1776// 1777//
f 1765// 1778// 1764//
f 1764// 1778// 1774//
f 1764// 1774// 1779//
f 1779// 1774// 1773//
f 1780// 1781// 1782//
f 1782// 1781// 1783//
f 1759// 1784// 1757//
f 1757// 1784// 1783//
f 1757// 1783// 1785//
f 1785// 1783// 1781//
f 1760// 1762// 1776//
f 1776// 1762// 1786//
f 1776// 1786// 1777//
f 1771// 1770// 1787//
f 1787// 1770// 1788//
f 1787// 1788// 1789//
f 1774// 1790// 1772//
f 1772// 1790// 1791//
f 1772// 1791// 1792//
f 1792// 1791// 1793//
f 1780// 1782// 1794//
f 1794// 1782// 1795//
f 1794// 1795// 1796//
f 1777// 1797// 1775//
f 1775// 1797// 1798//
f 1775// 1798// 1799//
f 1799// 1798// 1800//
f 1801// 1802// 1764//
f 1764// 1802// 1762//
f 1803// 1765// 1706//
f 1706// 1765// 1763//
f 1706// 1763// 1705//
f 1705// 1763// 1804//
f 1709// 1805// 1759//
f 1709// 1759// 1710//
f 1710// 1759// 1761//
f 1710// 1761// 1806//
f 1807// 1758// 1707//
f 1707// 1758// 1757//
f 1707// 1757// 1708//
f 1708// 1757// 1808//
f 1809// 1716// 1532//
f 1532// 1716// 1717//
f 1532// 1717// 1531//
f 1531// 1717// 1810//
f 1811// 1715// 1536//
f 1536// 1715// 1714//
f 1536// 1714// 1535//
f 1535// 1714// 1812//
f 1813// 1718// 1541//
f 1541// 1718// 1720//
f 1541// 1720// 1542//
f 1542// 1720// 1814//
f 1815// 1719// 1537//
f 1537// 1719// 1713//
f 1537// 1713// 1538//
f 1538// 1713// 1816//
f 1817// 1818// 1813//
f 1817// 1813// 1819//
f 1819// 1813// 1541//
f 1819// 1541// 1543//
f 1818// 1817// 1820//
f 1820// 1817// 1821//
f 1820// 1821// 1822//
f 1822// 1821// 1823//
f 1822// 1823// 1824//
f 1824// 1823// 1825//
f 1824// 1825// 1826//
f 1826// 1825// 1827//
f 1826// 1827// 1828//
f 1828// 1827// 1829//
f 1828// 1829// 1830//
f 1830// 1829// 1831//
f 1830// 1831// 1832//
f 1832// 1831// 1833//
f 1832// 1833// 1834//
f 1834// 1833// 1835//
f 1834// 1835// 1810//
f 1810// 1835// 1531//
f 1531// 1835// 1836//
f 1531// 1836// 1529//
f 1595// 1597// 1837//
f 1601// 1603// 1838//
f 1611// 1613// 1839//
f 1615// 1617// 1840//
f 1841// 1557// 1529//
f 1545// 1547// 1842//
f 1842// 1547// 1843//
f 1842// 1843// 1844//
f 1844// 1843// 1845//
f 1529// 1836// 1841//
f 1841// 1836// 1835//
f 1841// 1835// 1846//
f 1847// 1848// 1845//
f 1845// 1848// 1849//
f 1845// 1849// 1844//
f 1835// 1833// 1846//
f 1846// 1833// 1831//
f 1846// 1831// 1850//
f 1851// 1852// 1847//
f 1847// 1852// 1853//
f 1847// 1853// 1848//
f 1831// 1829// 1850//
f 1850// 1829// 1827//
f 1850// 1827// 1854//
f 1855// 1856// 1851//
f 1851// 1856// 1857//
f 1851// 1857// 1852//
f 1558// 1556// 1858//
f 1858// 1556// 1859//
f 1858// 1859// 1860//
f 1860// 1859// 1861//
f 1860// 1861// 1862//
f 1862// 1861// 1863//
f 1862// 1863// 1864//
f 1864// 1863// 1865//
f 1864// 1865// 1866//
f 1866// 1865// 1867//
f 1866// 1867// 1837//
f 1556// 1557// 1859//
f 1859// 1557// 1841//
f 1859// 1841// 1861//
f 1861// 1841// 1846//
f 1861// 1846// 1863//
f 1863// 1846// 1850//
f 1863// 1850// 1865//
f 1865// 1850// 1854//
f 1865// 1854// 1867//
f 1867// 1854// 1868//
f 1840// 1869// 1855//
f 1855// 1869// 1870//
f 1855// 1870// 1856//
f 1550// 1560// 1871//
f 1871// 1560// 1872//
f 1871// 1872// 1873//
f 1873// 1872// 1874//
f 1873// 1874// 1875//
f 1875// 1874// 1876//
f 1875// 1876// 1877//
f 1877// 1876// 1878//
f 1877// 1878// 1879//
f 1879// 1878// 1880//
f 1879// 1880// 1881//
f 1881// 1880// 1838//
f 1827// 1825// 1854//
f 1854// 1825// 1823//
f 1854// 1823// 1868//
f 1868// 1823// 1821//
f 1868// 1821// 1817//
f 1837// 1867// 1882//
f 1882// 1867// 1868//
f 1882// 1868// 1883//
f 1883// 1868// 1817//
f 1883// 1817// 1819//
f 1617// 1619// 1840//
f 1840// 1619// 1884//
f 1840// 1884// 1869//
f 1547// 1553// 1843//
f 1843// 1553// 1885//
f 1843// 1885// 1845//
f 1845// 1885// 1886//
f 1845// 1886// 1847//
f 1847// 1886// 1887//
f 1847// 1887// 1851//
f 1851// 1887// 1888//
f 1851// 1888// 1855//
f 1855// 1888// 1889//
f 1855// 1889// 1840//
f 1840// 1889// 1839//
f 1840// 1839// 1615//
f 1615// 1839// 1613//
f 1609// 1611// 1890//
f 1890// 1611// 1839//
f 1890// 1839// 1891//
f 1891// 1839// 1889//
f 1891// 1889// 1892//
f 1892// 1889// 1888//
f 1892// 1888// 1893//
f 1893// 1888// 1887//
f 1893// 1887// 1894//
f 1894// 1887// 1886//
f 1894// 1886// 1895//
f 1895// 1886// 1885//
f 1895// 1885// 1552//
f 1552// 1885// 1553//
f 1552// 1550// 1895//
f 1895// 1550// 1871//
f 1895// 1871// 1894//
f 1894// 1871// 1873//
f 1894// 1873// 1893//
f 1893// 1873// 1875//
f 1893// 1875// 1892//
f 1892// 1875// 1877//
f 1892// 1877// 1891//
f 1891// 1877// 1879//
f 1891// 1879// 1890//
f 1890// 1879// 1881//
f 1890// 1881// 1609//
f 1609// 1881// 1607//
f 1838// 1603// 1881//
f 1881// 1603// 1605//
f 1881// 1605// 1607//
f 1599// 1601// 1896//
f 1896// 1601// 1838//
f 1896// 1838// 1897//
f 1897// 1838// 1880//
f 1897// 1880// 1898//
f 1898// 1880// 1878//
f 1898// 1878// 1899//
f 1899// 1878// 1876//
f 1899// 1876// 1900//
f 1900// 1876// 1874//
f 1900// 1874// 1901//
f 1901// 1874// 1872//
f 1901// 1872// 1559//
f 1559// 1872// 1560//
f 1559// 1558// 1901//
f 1901// 1558// 1858//
f 1901// 1858// 1900//
f 1900// 1858// 1860//
f 1900// 1860// 1899//
f 1899// 1860// 1862//
f 1899// 1862// 1898//
f 1898// 1862// 1864//
f 1898// 1864// 1897//
f 1897// 1864// 1866//
f 1897// 1866// 1896//
f 1896// 1866// 1837//
f 1896// 1837// 1599//
f 1599// 1837// 1597//
f 1595// 1837// 1593//
f 1593// 1837// 1882//
f 1593// 1882// 1591//
f 1591// 1882// 1883//
f 1591// 1883// 1589//
f 1589// 1883// 1819//
f 1589// 1819// 1543//
f 1545// 1842// 1621//
f 1621// 1842// 1902//
f 1842// 1844// 1902//
f 1902// 1844// 1849//
f 1902// 1849// 1903//
f 1849// 1848// 1903//
f 1903// 1848// 1853//
f 1903// 1853// 1904//
f 1904// 1853// 1852//
f 1904// 1852// 1905//
f 1852// 1857// 1905//
f 1905// 1857// 1856//
f 1905// 1856// 1906//
f 1856// 1870// 1906//
f 1906// 1870// 1869//
f 1906// 1869// 1627//
f 1627// 1869// 1884//
f 1627// 1884// 1619//
f 1627// 1704// 1906//
f 1906// 1704// 1907//
f 1906// 1907// 1905//
f 1905// 1907// 1908//
f 1905// 1908// 1904//
f 1904// 1908// 1909//
f 1904// 1909// 1903//
f 1903// 1909// 1910//
f 1903// 1910// 1902//
f 1902// 1910// 1911//
f 1902// 1911// 1621//
f 1621// 1911// 1630//
f 1704// 1702// 1907//
f 1907// 1702// 1912//
f 1907// 1912// 1908//
f 1908// 1912// 1913//
f 1908// 1913// 1909//
f 1909// 1913// 1914//
f 1909// 1914// 1910//
f 1910// 1914// 1915//
f 1910// 1915// 1911//
f 1911// 1915// 1916//
f 1911// 1916// 1630//
f 1630// 1916// 1636//
f 1702// 1700// 1912//
f 1912// 1700// 1917//
f 1912// 1917// 1913//
f 1913// 1917// 1918//
f 1913// 1918// 1914//
f 1914// 1918// 1919//
f 1914// 1919// 1915//
f 1915// 1919// 1920//
f 1915// 1920// 1916//
f 1916// 1920// 1921//
f 1916// 1921// 1636//
f 1636// 1921// 1634//
f 1700// 1698// 1917//
f 1917// 1698// 1922//
f 1917// 1922// 1918//
f 1918// 1922// 1923//
f 1918// 1923// 1919//
f 1919// 1923// 1924//
f 1919// 1924// 1920//
f 1920// 1924// 1925//
f 1920// 1925// 1921//
f 1921// 1925// 1926//
f 1921// 1926// 1634//
f 1634// 1926// 1631//
f 1698// 1696// 1922//
f 1922// 1696// 1927//
f 1922// 1927// 1923//
f 1923// 1927// 1928//
f 1923// 1928// 1924//
f 1924// 1928// 1929//
f 1924// 1929// 1925//
f 1925// 1929// 1930//
f 1925// 1930// 1926//
f 1926// 1930// 1931//
f 1926// 1931// 1631//
f 1631// 1931// 1632//
f 1696// 1694// 1927//
f 1927// 1694// 1932//
f 1927// 1932// 1928//
f 1928// 1932// 1933//
f 1928// 1933// 1929//
f 1929// 1933// 1934//
f 1929// 1934// 1930//
f 1930// 1934// 1935//
f 1930// 1935// 1931//
f 1931// 1935// 1936//
f 1931// 1936// 1632//
f 1632// 1936// 1640//
f 1807// 1707// 1640//
f 1807// 1640// 1937//
f 1937// 1640// 1936//
f 1937// 1936// 1938//
f 1938// 1936// 1935//
f 1938// 1935// 1939//
f 1939// 1935// 1940//
f 1940// 1935// 1934//
f 1940// 1934// 1941//
f 1941// 1934// 1942//
f 1942// 1934// 1933//
f 1942// 1933// 1943//
f 1943// 1933// 1944//
f 1944// 1933// 1932//
f 1944// 1932// 1945//
f 1694// 1705// 1932//
f 1932// 1705// 1804//
f 1932// 1804// 1945//
f 1809// 1532// 1530//
f 1809// 1530// 1946//
f 1946// 1530// 1947//
f 1946// 1947// 1948//
f 1948// 1947// 1949//
f 1948// 1949// 1950//
f 1950// 1949// 1951//
f 1951// 1949// 1952//
f 1951// 1952// 1953//
f 1953// 1952// 1954//
f 1954// 1952// 1955//
f 1954// 1955// 1956//
f 1956// 1955// 1957//
f 1957// 1955// 1958//
f 1957// 1958// 1959//
f 1959// 1958// 1960//
f 1960// 1958// 1961//
f 1960// 1961// 1962//
f 1533// 1535// 1961//
f 1961// 1535// 1812//
f 1961// 1812// 1962//
f 1561// 1563// 1963//
f 1963// 1563// 1964//
f 1963// 1964// 1965//
f 1965// 1964// 1966//
f 1967// 1968// 1966//
f 1966// 1968// 1969//
f 1966// 1969// 1965//
f 1970// 1971// 1967//
f 1967// 1971// 1972//
f 1967// 1972// 1968//
f 1973// 1974// 1970//
f 1970// 1974// 1975//
f 1970// 1975// 1971//
f 1976// 1977// 1973//
f 1973// 1977// 1978//
f 1973// 1978// 1974//
f 1548// 1546// 1976//
f 1976// 1546// 1979//
f 1976// 1979// 1977//
f 1563// 1565// 1964//
f 1964// 1565// 1980//
f 1964// 1980// 1966//
f 1966// 1980// 1981//
f 1966// 1981// 1967//
f 1967// 1981// 1982//
f 1967// 1982// 1970//
f 1970// 1982// 1983//
f 1970// 1983// 1973//
f 1973// 1983// 1984//
f 1973// 1984// 1976//
f 1976// 1984// 1985//
f 1976// 1985// 1548//
f 1548// 1985// 1551//
f 1565// 1567// 1980//
f 1980// 1567// 1986//
f 1980// 1986// 1981//
f 1981// 1986// 1987//
f 1981// 1987// 1982//
f 1982// 1987// 1988//
f 1982// 1988// 1983//
f 1983// 1988// 1989//
f 1983// 1989// 1984//
f 1984// 1989// 1990//
f 1984// 1990// 1985//
f 1985// 1990// 1991//
f 1985// 1991// 1551//
f 1551// 1991// 1549//
f 1567// 1569// 1986//
f 1986// 1569// 1992//
f 1986// 1992// 1987//
f 1987// 1992// 1993//
f 1987// 1993// 1988//
f 1988// 1993// 1994//
f 1988// 1994// 1989//
f 1989// 1994// 1995//
f 1989// 1995// 1990//
f 1990// 1995// 1996//
f 1990// 1996// 1991//
f 1991// 1996// 1997//
f 1991// 1997// 1549//
f 1549// 1997// 1554//
f 1569// 1571// 1992//
f 1992// 1571// 1998//
f 1992// 1998// 1993//
f 1993// 1998// 1999//
f 1993// 1999// 1994//
f 1994// 1999// 2000//
f 1994// 2000// 1995//
f 1995// 2000// 2001//
f 1995// 2001// 1996//
f 1996// 2001// 2002//
f 1996// 2002// 1997//
f 1997// 2002// 2003//
f 1997// 2003// 1554//
f 1554// 2003// 1555//
f 1571// 1533// 1998//
f 1998// 1533// 1961//
f 1998// 1961// 1999//
f 1999// 1961// 1958//
f 1999// 1958// 2000//
f 2000// 1958// 1955//
f 2000// 1955// 2001//
f 2001// 1955// 1952//
f 2001// 1952// 2002//
f 2002// 1952// 1949//
f 2002// 1949// 2003//
f 2003// 1949// 1947//
f 2003// 1947// 1555//
f 1555// 1947// 1530//
f 1561// 1963// 1623//
f 1623// 1963// 2004//
f 1963// 1965// 2004//
f 2004// 1965// 1969//
f 2004// 1969// 2005//
f 1969// 1968// 2005//
f 2005// 1968// 1972//
f 2005// 1972// 2006//
f 2006// 1972// 1971//
f 2006// 1971// 2007//
f 1971// 1975// 2007//
f 2007// 1975// 1974//
f 2007// 1974// 2008//
f 1974// 1978// 2008//
f 2008// 1978// 1977//
f 2008// 1977// 1622//
f 1622// 1977// 1979//
f 1622// 1979// 1546//
f 1672// 1670// 2009//
f 1662// 1660// 2010//
f 1652// 1650// 2011//
f 1648// 1646// 2012//
f 1635// 1644// 2013//
f 2013// 1644// 2014//
f 2013// 2014// 2015//
f 2015// 2014// 2016//
f 2015// 2016// 2017//
f 2017// 2016// 2018//
f 2017// 2018// 2019//
f 2019// 2018// 2020//
f 2019// 2020// 2021//
f 2021// 2020// 2010//
f 1642// 1633// 2022//
f 2022// 1633// 2023//
f 2022// 2023// 2024//
f 2024// 2023// 2025//
f 2024// 2025// 2026//
f 2026// 2025// 2027//
f 2026// 2027// 2028//
f 2028// 2027// 2029//
f 2028// 2029// 2030//
f 2030// 2029// 2009//
f 1622// 1629// 2008//
f 2008// 1629// 2031//
f 2008// 2031// 2007//
f 2007// 2031// 2032//
f 2007// 2032// 2006//
f 2006// 2032// 2033//
f 2006// 2033// 2005//
f 2005// 2033// 2034//
f 2005// 2034// 2004//
f 2004// 2034// 2012//
f 2004// 2012// 1623//
f 1623// 2012// 1646//
f 1629// 1638// 2031//
f 2031// 1638// 2035//
f 2031// 2035// 2032//
f 2032// 2035// 2036//
f 2032// 2036// 2033//
f 2033// 2036// 2037//
f 2033// 2037// 2034//
f 2034// 2037// 2038//
f 2034// 2038// 2012//
f 2012// 2038// 2011//
f 2012// 2011// 1648//
f 1648// 2011// 1650//
f 1654// 1652// 2039//
f 2039// 1652// 2011//
f 2039// 2011// 2040//
f 2040// 2011// 2038//
f 2040// 2038// 2041//
f 2041// 2038// 2037//
f 2041// 2037// 2042//
f 2042// 2037// 2036//
f 2042// 2036// 2043//
f 2043// 2036// 2035//
f 2043// 2035// 1637//
f 1637// 2035// 1638//
f 1637// 1635// 2043//
f 2043// 1635// 2013//
f 2043// 2013// 2042//
f 2042// 2013// 2015//
f 2042// 2015// 2041//
f 2041// 2015// 2017//
f 2041// 2017// 2040//
f 2040// 2017// 2019//
f 2040// 2019// 2039//
f 2039// 2019// 2021//
f 2039// 2021// 1654//
f 1654// 2021// 1656//
f 2010// 1660// 2021//
f 2021// 1660// 1658//
f 2021// 1658// 1656//
f 1664// 1662// 2044//
f 2044// 1662// 2010//
f 2044// 2010// 2045//
f 2045// 2010// 2020//
f 2045// 2020// 2046//
f 2046// 2020// 2018//
f 2046// 2018// 2047//
f 2047// 2018// 2016//
f 2047// 2016// 2048//
f 2048// 2016// 2014//
f 2048// 2014// 1643//
f 1643// 2014// 1644//
f 1643// 1642// 2048//
f 2048// 1642// 2022//
f 2048// 2022// 2047//
f 2047// 2022// 2024//
f 2047// 2024// 2046//
f 2046// 2024// 2026//
f 2046// 2026// 2045//
f 2045// 2026// 2028//
f 2045// 2028// 2044//
f 2044// 2028// 2030//
f 2044// 2030// 1664//
f 1664// 2030// 1666//
f 2009// 1670// 2030//
f 2030// 1670// 1668//
f 2030// 1668// 1666//
f 1674// 1672// 2049//
f 2049// 1672// 2009//
f 2049// 2009// 2050//
f 2050// 2009// 2029//
f 2050// 2029// 2051//
f 2051// 2029// 2027//
f 2051// 2027// 2052//
f 2052// 2027// 2025//
f 2052// 2025// 2053//
f 2053// 2025// 2023//
f 2053// 2023// 1639//
f 1639// 2023// 1633//
f 1639// 1641// 2053//
f 2053// 1641// 2054//
f 2053// 2054// 2052//
f 2052// 2054// 2055//
f 2052// 2055// 2051//
f 2051// 2055// 2056//
f 2051// 2056// 2050//
f 2050// 2056// 2057//
f 2050// 2057// 2049//
f 2049// 2057// 2058//
f 2049// 2058// 1674//
f 1674// 2058// 1676//
f 1805// 1709// 1676//
f 1805// 1676// 2059//
f 2059// 1676// 2058//
f 2059// 2058// 2060//
f 2060// 2058// 2057//
f 2060// 2057// 2061//
f 2061// 2057// 2062//
f 2062// 2057// 2056//
f 2062// 2056// 2063//
f 2063// 2056// 2064//
f 2064// 2056// 2055//
f 2064// 2055// 2065//
f 2065// 2055// 2066//
f 2066// 2055// 2054//
f 2066// 2054// 2067//
f 1641// 1708// 2054//
f 2054// 1708// 1808//
f 2054// 1808// 2067//
f 1811// 1536// 1534//
f 1811// 1534// 2068//
f 2068// 1534// 2069//
f 2068// 2069// 2070//
f 2070// 2069// 2071//
f 2070// 2071// 2072//
f 2072// 2071// 2073//
f 2073// 2071// 2074//
f 2073// 2074// 2075//
f 2075// 2074// 2076//
f 2076// 2074// 2077//
f 2076// 2077// 2078//
f 2078// 2077// 2079//
f 2079// 2077// 2080//
f 2079// 2080// 2081//
f 2081// 2080// 2082//
f 2082// 2080// 2083//
f 2082// 2083// 2084//
f 1540// 1538// 2083//
f 2083// 1538// 1816//
f 2083// 1816// 2084//
f 1540// 2083// 2085//
f 2086// 1564// 1562//
f 1562// 2087// 2086//
f 2086// 2087// 2088//
f 2086// 2088// 2089//
f 2088// 2090// 2089//
f 2089// 2090// 2091//
f 2089// 2091// 2092//
f 2091// 2093// 2092//
f 2092// 2093// 2094//
f 2092// 2094// 2095//
f 1534// 1572// 2069//
f 2069// 1572// 2096//
f 2069// 2096// 2071//
f 2071// 2096// 2097//
f 2071// 2097// 2074//
f 2074// 2097// 2098//
f 2074// 2098// 2077//
f 2077// 2098// 2099//
f 2077// 2099// 2080//
f 2080// 2099// 2100//
f 2080// 2100// 2083//
f 1572// 1570// 2096//
f 2096// 1570// 2101//
f 2096// 2101// 2097//
f 2097// 2101// 2102//
f 2097// 2102// 2098//
f 2098// 2102// 2103//
f 2098// 2103// 2099//
f 2099// 2103// 2104//
f 2099// 2104// 2100//
f 2100// 2104// 2105//
f 1570// 1568// 2101//
f 2101// 1568// 2106//
f 2101// 2106// 2102//
f 2102// 2106// 2107//
f 2102// 2107// 2103//
f 2103// 2107// 2108//
f 2103// 2108// 2104//
f 2104// 2108// 2109//
f 2104// 2109// 2105//
f 2105// 2109// 2110//
f 1568// 1566// 2106//
f 2106// 1566// 2111//
f 2106// 2111// 2107//
f 2107// 2111// 2112//
f 2107// 2112// 2108//
f 2108// 2112// 2113//
f 2108// 2113// 2109//
f 2109// 2113// 2114//
f 2109// 2114// 2110//
f 2110// 2114// 2115//
f 1566// 1564// 2111//
f 2111// 1564// 2086//
f 2111// 2086// 2112//
f 2112// 2086// 2089//
f 2112// 2089// 2113//
f 2113// 2089// 2092//
f 2113// 2092// 2114//
f 2114// 2092// 2095//
f 2114// 2095// 2115//
f 2115// 2095// 2116//
f 2094// 2117// 2095//
f 2095// 2117// 2118//
f 2095// 2118// 2116//
f 2116// 2118// 2119//
f 2116// 2119// 2120//
f 2083// 2100// 2085//
f 2085// 2100// 2105//
f 2085// 2105// 2121//
f 2121// 2105// 2110//
f 2121// 2110// 2122//
f 2122// 2110// 2115//
f 2122// 2115// 2123//
f 2123// 2115// 2116//
f 2123// 2116// 2124//
f 2124// 2116// 2120//
f 2124// 2120// 2125//
f 1540// 2085// 1580//
f 1580// 2085// 2121//
f 1580// 2121// 1583//
f 1583// 2121// 2122//
f 1583// 2122// 1581//
f 1581// 2122// 2123//
f 1581// 2123// 1573//
f 1573// 2123// 2124//
f 1573// 2124// 1574//
f 1574// 2124// 2125//
f 1574// 2125// 1577//
f 1577// 2125// 1626//
f 1626// 2125// 2126//
f 2125// 2120// 2126//
f 2126// 2120// 2119//
f 2126// 2119// 2127//
f 2119// 2118// 2127//
f 2127// 2118// 2117//
f 2127// 2117// 2128//
f 2128// 2117// 2094//
f 2128// 2094// 2129//
f 2094// 2093// 2129//
f 2129// 2093// 2091//
f 2129// 2091// 2130//
f 2091// 2090// 2130//
f 2130// 2090// 2088//
f 2130// 2088// 1624//
f 1624// 2088// 2087//
f 1624// 2087// 1562//
f 1647// 1649// 2131//
f 1657// 1659// 2132//
f 1667// 1669// 2133//
f 1671// 1673// 2134//
f 1686// 1692// 2135//
f 2135// 1692// 2136//
f 2135// 2136// 2137//
f 2137// 2136// 2138//
f 2137// 2138// 2139//
f 2139// 2138// 2140//
f 2139// 2140// 2141//
f 2141// 2140// 2142//
f 2141// 2142// 2143//
f 2143// 2142// 2132//
f 1690// 1679// 2144//
f 2144// 1679// 2145//
f 2144// 2145// 2146//
f 2146// 2145// 2147//
f 2146// 2147// 2148//
f 2148// 2147// 2149//
f 2148// 2149// 2150//
f 2150// 2149// 2151//
f 2150// 2151// 2152//
f 2152// 2151// 2131//
f 1681// 1683// 2153//
f 2153// 1683// 2154//
f 2153// 2154// 2155//
f 2155// 2154// 2156//
f 2155// 2156// 2157//
f 2157// 2156// 2158//
f 2157// 2158// 2159//
f 2159// 2158// 2160//
f 2159// 2160// 2161//
f 2161// 2160// 2134//
f 2161// 2134// 1675//
f 1675// 2134// 1673//
f 1683// 1689// 2154//
f 2154// 1689// 2162//
f 2154// 2162// 2156//
f 2156// 2162// 2163//
f 2156// 2163// 2158//
f 2158// 2163// 2164//
f 2158// 2164// 2160//
f 2160// 2164// 2165//
f 2160// 2165// 2134//
f 2134// 2165// 2133//
f 2134// 2133// 1671//
f 1671// 2133// 1669//
f 1665// 1667// 2166//
f 2166// 1667// 2133//
f 2166// 2133// 2167//
f 2167// 2133// 2165//
f 2167// 2165// 2168//
f 2168// 2165// 2164//
f 2168// 2164// 2169//
f 2169// 2164// 2163//
f 2169// 2163// 2170//
f 2170// 2163// 2162//
f 2170// 2162// 1688//
f 1688// 2162// 1689//
f 1688// 1686// 2170//
f 2170// 1686// 2135//
f 2170// 2135// 2169//
f 2169// 2135// 2137//
f 2169// 2137// 2168//
f 2168// 2137// 2139//
f 2168// 2139// 2167//
f 2167// 2139// 2141//
f 2167// 2141// 2166//
f 2166// 2141// 2143//
f 2166// 2143// 1665//
f 1665// 2143// 1663//
f 2132// 1659// 2143//
f 2143// 1659// 1661//
f 2143// 1661// 1663//
f 1655// 1657// 2171//
f 2171// 1657// 2132//
f 2171// 2132// 2172//
f 2172// 2132// 2142//
f 2172// 2142// 2173//
f 2173// 2142// 2140//
f 2173// 2140// 2174//
f 2174// 2140// 2138//
f 2174// 2138// 2175//
f 2175// 2138// 2136//
f 2175// 2136// 1691//
f 1691// 2136// 1692//
f 1691// 1690// 2175//
f 2175// 1690// 2144//
f 2175// 2144// 2174//
f 2174// 2144// 2146//
f 2174// 2146// 2173//
f 2173// 2146// 2148//
f 2173// 2148// 2172//
f 2172// 2148// 2150//
f 2172// 2150// 2171//
f 2171// 2150// 2152//
f 2171// 2152// 1655//
f 1655// 2152// 1653//
f 2131// 1649// 2152//
f 2152// 1649// 1651//
f 2152// 1651// 1653//
f 1645// 1647// 2176//
f 2176// 1647// 2131//
f 2176// 2131// 2177//
f 2177// 2131// 2151//
f 2177// 2151// 2178//
f 2178// 2151// 2149//
f 2178// 2149// 2179//
f 2179// 2149// 2147//
f 2179// 2147// 2180//
f 2180// 2147// 2145//
f 2180// 2145// 1680//
f 1680// 2145// 1679//
f 1680// 1626// 2180//
f 2180// 1626// 2126//
f 2180// 2126// 2179//
f 2179// 2126// 2127//
f 2179// 2127// 2178//
f 2178// 2127// 2128//
f 2178// 2128// 2177//
f 2177// 2128// 2129//
f 2177// 2129// 2176//
f 2176// 2129// 2130//
f 2176// 2130// 1645//
f 1645// 2130// 1624//
f 1712// 1681// 2181//
f 2181// 1681// 2153//
f 2182// 2181// 2183//
f 2183// 2181// 2153//
f 2183// 2153// 2184//
f 2184// 2153// 2155//
f 2184// 2155// 2185//
f 2185// 2155// 2186//
f 2186// 2155// 2157//
f 2186// 2157// 2187//
f 2187// 2157// 2188//
f 2188// 2157// 2159//
f 2188// 2159// 2189//
f 2189// 2159// 2190//
f 2190// 2159// 2161//
f 2190// 2161// 2191//
f 1675// 1710// 2161//
f 2161// 1710// 1806//
f 2161// 1806// 2191//
f 1801// 2192// 2193//
f 1801// 2193// 1802//
f 2181// 2182// 1802//
f 1802// 2193// 2181//
f 2181// 2193// 1711//
f 2181// 1711// 1712//
f 1803// 1706// 1693//
f 1803// 1693// 2194//
f 2194// 1693// 2195//
f 2194// 2195// 2196//
f 2196// 2195// 2197//
f 2196// 2197// 2198//
f 2198// 2197// 2199//
f 2199// 2197// 2200//
f 2199// 2200// 2201//
f 2201// 2200// 2202//
f 2202// 2200// 2203//
f 2202// 2203// 2204//
f 1682// 1711// 2205//
f 2205// 1711// 2193//
f 2204// 2203// 2206//
f 2206// 2203// 2205//
f 2206// 2205// 2207//
f 2207// 2205// 2193//
f 2207// 2193// 2192//
f 1693// 1695// 2195//
f 2195// 1695// 2208//
f 2195// 2208// 2197//
f 2197// 2208// 2209//
f 2197// 2209// 2200//
f 2200// 2209// 2210//
f 2200// 2210// 2203//
f 2203// 2210// 2211//
f 2203// 2211// 2205//
f 2205// 2211// 2212//
f 2205// 2212// 1682//
f 1682// 2212// 1684//
f 1695// 1697// 2208//
f 2208// 1697// 2213//
f 2208// 2213// 2209//
f 2209// 2213// 2214//
f 2209// 2214// 2210//
f 2210// 2214// 2215//
f 2210// 2215// 2211//
f 2211// 2215// 2216//
f 2211// 2216// 2212//
f 2212// 2216// 2217//
f 2212// 2217// 1684//
f 1684// 2217// 1687//
f 1697// 1699// 2213//
f 2213// 1699// 2218//
f 2213// 2218// 2214//
f 2214// 2218// 2219//
f 2214// 2219// 2215//
f 2215// 2219// 2220//
f 2215// 2220// 2216//
f 2216// 2220// 2221//
f 2216// 2221// 2217//
f 2217// 2221// 2222//
f 2217// 2222// 1687//
f 1687// 2222// 1685//
f 1699// 1701// 2218//
f 2218// 1701// 2223//
f 2218// 2223// 2219//
f 2219// 2223// 2224//
f 2219// 2224// 2220//
f 2220// 2224// 2225//
f 2220// 2225// 2221//
f 2221// 2225// 2226//
f 2221// 2226// 2222//
f 2222// 2226// 2227//
f 2222// 2227// 1685//
f 1685// 2227// 1677//
f 1701// 1703// 2223//
f 2223// 1703// 2228//
f 2223// 2228// 2224//
f 2224// 2228// 2229//
f 2224// 2229// 2225//
f 2225// 2229// 2230//
f 2225// 2230// 2226//
f 2226// 2230// 2231//
f 2226// 2231// 2227//
f 2227// 2231// 2232//
f 2227// 2232// 1677//
f 1677// 2232// 1678//
f 1703// 1628// 2228//
f 2228// 1628// 2233//
f 2228// 2233// 2229//
f 2229// 2233// 2234//
f 2229// 2234// 2230//
f 2230// 2234// 2235//
f 2230// 2235// 2231//
f 2231// 2235// 2236//
f 2231// 2236// 2232//
f 2232// 2236// 2237//
f 2232// 2237// 1678//
f 1678// 2237// 1625//
f 1628// 1620// 2238//
f 1628// 2238// 2233//
f 2233// 2238// 2239//
f 2233// 2239// 2234//
f 2234// 2239// 2240//
f 2234// 2240// 2235//
f 2235// 2240// 2241//
f 2235// 2241// 2236//
f 2236// 2241// 2242//
f 2236// 2242// 2237//
f 2237// 2242// 1578//
f 2237// 1578// 1625//
f 1616// 1614// 2243//
f 1606// 1604// 2244//
f 1596// 1594// 2245//
f 1592// 1590// 2246//
f 1582// 1588// 2247//
f 2247// 1588// 2248//
f 2247// 2248// 2249//
f 2249// 2248// 2250//
f 2249// 2250// 2251//
f 2251// 2250// 2252//
f 2251// 2252// 2253//
f 2253// 2252// 2254//
f 2253// 2254// 2255//
f 2255// 2254// 2244//
f 1586// 1575// 2256//
f 2256// 1575// 2257//
f 2256// 2257// 2258//
f 2258// 2257// 2259//
f 2258// 2259// 2260//
f 2260// 2259// 2261//
f 2260// 2261// 2262//
f 2262// 2261// 2263//
f 2262// 2263// 2264//
f 2264// 2263// 2243//
f 1539// 1579// 2265//
f 2265// 1579// 2266//
f 2265// 2266// 2267//
f 2267// 2266// 2268//
f 2267// 2268// 2269//
f 2269// 2268// 2270//
f 2269// 2270// 2271//
f 2271// 2270// 2272//
f 2271// 2272// 2273//
f 2273// 2272// 2246//
f 2273// 2246// 1544//
f 1544// 2246// 1590//
f 1579// 1585// 2266//
f 2266// 1585// 2274//
f 2266// 2274// 2268//
f 2268// 2274// 2275//
f 2268// 2275// 2270//
f 2270// 2275// 2276//
f 2270// 2276// 2272//
f 2272// 2276// 2277//
f 2272// 2277// 2246//
f 2246// 2277// 2245//
f 2246// 2245// 1592//
f 1592// 2245// 1594//
f 1598// 1596// 2278//
f 2278// 1596// 2245//
f 2278// 2245// 2279//
f 2279// 2245// 2277//
f 2279// 2277// 2280//
f 2280// 2277// 2276//
f 2280// 2276// 2281//
f 2281// 2276// 2275//
f 2281// 2275// 2282//
f 2282// 2275// 2274//
f 2282// 2274// 1584//
f 1584// 2274// 1585//
f 1584// 1582// 2282//
f 2282// 1582// 2247//
f 2282// 2247// 2281//
f 2281// 2247// 2249//
f 2281// 2249// 2280//
f 2280// 2249// 2251//
f 2280// 2251// 2279//
f 2279// 2251// 2253//
f 2279// 2253// 2278//
f 2278// 2253// 2255//
f 2278// 2255// 1598//
f 1598// 2255// 1600//
f 2244// 1604// 2255//
f 2255// 1604// 1602//
f 2255// 1602// 1600//
f 1608// 1606// 2283//
f 2283// 1606// 2244//
f 2283// 2244// 2284//
f 2284// 2244// 2254//
f 2284// 2254// 2285//
f 2285// 2254// 2252//
f 2285// 2252// 2286//
f 2286// 2252// 2250//
f 2286// 2250// 2287//
f 2287// 2250// 2248//
f 2287// 2248// 1587//
f 1587// 2248// 1588//
f 1587// 1586// 2287//
f 2287// 1586// 2256//
f 2287// 2256// 2286//
f 2286// 2256// 2258//
f 2286// 2258// 2285//
f 2285// 2258// 2260//
f 2285// 2260// 2284//
f 2284// 2260// 2262//
f 2284// 2262// 2283//
f 2283// 2262// 2264//
f 2283// 2264// 1608//
f 1608// 2264// 1610//
f 2243// 1614// 2264//
f 2264// 1614// 1612//
f 2264// 1612// 1610//
f 1618// 1616// 2288//
f 2288// 1616// 2243//
f 2288// 2243// 2289//
f 2289// 2243// 2263//
f 2289// 2263// 2290//
f 2290// 2263// 2261//
f 2290// 2261// 2291//
f 2291// 2261// 2259//
f 2291// 2259// 2292//
f 2292// 2259// 2257//
f 2292// 2257// 1576//
f 1576// 2257// 1575//
f 1576// 1578// 2292//
f 2292// 1578// 2242//
f 2292// 2242// 2291//
f 2291// 2242// 2241//
f 2291// 2241// 2290//
f 2290// 2241// 2240//
f 2290// 2240// 2289//
f 2289// 2240// 2239//
f 2289// 2239// 2288//
f 2288// 2239// 2238//
f 2288// 2238// 1618//
f 1618// 2238// 1620//
f 1537// 1539// 1815//
f 1815// 1539// 2265//
f 1815// 2265// 2293//
f 2293// 2265// 2294//
f 2294// 2265// 2267//
f 2294// 2267// 2295//
f 2295// 2267// 2296//
f 2296// 2267// 2269//
f 2296// 2269// 2297//
f 2297// 2269// 2298//
f 2298// 2269// 2271//
f 2298// 2271// 2299//
f 2299// 2271// 2300//
f 2300// 2271// 2273//
f 2300// 2273// 2301//
f 1544// 1542// 2273//
f 2273// 1542// 1814//
f 2273// 1814// 2301//
f 1812// 1714// 1962//
f 1962// 1714// 1726//
f 1962// 1726// 1960//
f 1960// 1726// 1725//
f 1960// 1725// 1959//
f 1959// 1725// 1742//
f 1959// 1742// 1957//
f 1957// 1742// 1744//
f 1957// 1744// 1956//
f 1956// 1744// 1745//
f 1956// 1745// 1954//
f 1954// 1745// 1953//
f 1953// 1745// 1743//
f 1953// 1743// 1951//
f 1951// 1743// 1741//
f 1951// 1741// 1950//
f 1950// 1741// 1740//
f 1950// 1740// 1948//
f 1948// 1740// 1724//
f 1948// 1724// 1946//
f 1946// 1724// 1716//
f 1946// 1716// 1809//
f 1824// 1746// 1822//
f 1822// 1746// 1723//
f 1822// 1723// 1820//
f 1820// 1723// 1727//
f 1820// 1727// 1818//
f 1818// 1727// 1718//
f 1818// 1718// 1813//
f 1722// 1721// 1828//
f 1828// 1721// 1748//
f 1828// 1748// 1826//
f 1826// 1748// 1749//
f 1826// 1749// 1824//
f 1824// 1749// 1747//
f 1824// 1747// 1746//
f 1810// 1717// 1834//
f 1834// 1717// 1728//
f 1834// 1728// 1832//
f 1832// 1728// 1722//
f 1832// 1722// 1830//
f 1830// 1722// 1828//
f 1816// 1713// 2084//
f 2084// 1713// 1731//
f 2084// 1731// 2082//
f 2082// 1731// 1730//
f 2082// 1730// 2081//
f 2081// 1730// 1734//
f 2081// 1734// 2079//
f 2079// 1734// 1750//
f 2079// 1750// 2078//
f 2078// 1750// 1752//
f 2078// 1752// 2076//
f 2076// 1752// 2075//
f 2075// 1752// 1751//
f 2075// 1751// 2073//
f 2073// 1751// 1733//
f 2073// 1733// 2072//
f 2072// 1733// 1732//
f 2072// 1732// 2070//
f 2070// 1732// 1729//
f 2070// 1729// 2068//
f 2068// 1729// 1715//
f 2068// 1715// 1811//
f 2296// 1753// 2295//
f 2295// 1753// 1737//
f 2295// 1737// 2294//
f 2294// 1737// 1738//
f 2294// 1738// 2293//
f 2293// 1738// 1719//
f 2293// 1719// 1815//
f 1736// 1735// 2298//
f 2298// 1735// 1755//
f 2298// 1755// 2297//
f 2297// 1755// 1756//
f 2297// 1756// 2296//
f 2296// 1756// 1754//
f 2296// 1754// 1753//
f 1814// 1720// 2301//
f 2301// 1720// 1739//
f 2301// 1739// 2300//
f 2300// 1739// 1736//
f 2300// 1736// 2299//
f 2299// 1736// 2298//
f 1801// 1764// 1779//
f 2192// 1801// 2207//
f 2207// 1801// 1779//
f 2207// 1779// 2206//
f 2206// 1779// 1773//
f 2206// 1773// 2204//
f 2204// 1773// 2202//
f 1773// 1772// 2202//
f 2202// 1772// 1792//
f 2202// 1792// 2201//
f 2201// 1792// 1793//
f 2201// 1793// 2199//
f 1793// 1791// 2199//
f 2199// 1791// 1790//
f 2199// 1790// 2198//
f 2198// 1790// 1774//
f 2198// 1774// 2196//
f 2196// 1774// 1778//
f 2196// 1778// 2194//
f 2194// 1778// 1765//
f 2194// 1765// 1803//
f 1940// 1770// 1939//
f 1939// 1770// 1769//
f 1939// 1769// 1938//
f 1938// 1769// 1766//
f 1938// 1766// 1937//
f 1937// 1766// 1758//
f 1937// 1758// 1807//
f 1767// 1771// 1942//
f 1942// 1771// 1787//
f 1942// 1787// 1941//
f 1941// 1787// 1789//
f 1941// 1789// 1940//
f 1940// 1789// 1788//
f 1940// 1788// 1770//
f 1804// 1763// 1945//
f 1945// 1763// 1768//
f 1945// 1768// 1944//
f 1944// 1768// 1767//
f 1944// 1767// 1943//
f 1943// 1767// 1942//
f 1808// 1757// 2067//
f 2067// 1757// 1785//
f 2067// 1785// 2066//
f 2066// 1785// 1781//
f 2066// 1781// 2065//
f 2065// 1781// 2064//
f 1781// 1780// 2064//
f 2064// 1780// 1794//
f 2064// 1794// 2063//
f 2063// 1794// 1796//
f 2063// 1796// 2062//
f 1796// 1795// 2062//
f 2062// 1795// 1782//
f 2062// 1782// 2061//
f 2061// 1782// 1783//
f 2061// 1783// 2060//
f 2060// 1783// 1784//
f 2060// 1784// 2059//
f 2059// 1784// 1759//
f 2059// 1759// 1805//
f 1806// 1761// 2191//
f 2191// 1761// 1760//
f 2191// 1760// 2190//
f 2190// 1760// 1776//
f 2190// 1776// 2189//
f 2189// 1776// 2188//
f 1776// 1775// 2188//
f 2188// 1775// 1799//
f 2188// 1799// 2187//
f 2187// 1799// 1800//
f 2187// 1800// 2186//
f 1802// 2182// 2183//
f 1800// 1798// 2186//
f 2186// 1798// 1797//
f 2186// 1797// 2185//
f 2185// 1797// 1777//
f 2185// 1777// 2184//
f 2184// 1777// 1786//
f 2184// 1786// 2183//
f 2183// 1786// 1762//
f 2183// 1762// 1802//
f 2302// 2303// 2304//
f 2304// 2303// 2305//
f 2306// 2307// 2308//
f 2308// 2307// 2309//
f 2310// 2311// 2312//
f 2312// 2311// 2313//
f 2314// 2315// 2316//
f 2316// 2315// 2317//
f 2318// 2319// 2320//
f 2320// 2319// 2321//
f 2322// 2323// 2324//
f 2324// 2323// 2325//
f 2324// 2325// 2321//
f 2321// 2325// 2326//
f 2321// 2326// 2320//
f 2327// 2328// 2329//
f 2329// 2328// 2330//
f 2330// 2328// 2303//
f 2330// 2303// 2302//
f 2329// 2331// 2327//
f 2327// 2331// 2332//
f 2327// 2332// 2322//
f 2322// 2332// 2333//
f 2322// 2333// 2323//
f 2334// 2335// 2336//
f 2336// 2335// 2337//
f 2336// 2337// 2338//
f 2338// 2337// 2339//
f 2338// 2339// 2340//
f 2340// 2339// 2341//
f 2340// 2341// 2342//
f 2342// 2341// 2343//
f 2342// 2343// 2344//
f 2344// 2343// 2345//
f 2344// 2345// 2306//
f 2306// 2345// 2307//
f 2346// 2347// 2348//
f 2348// 2347// 2349//
f 2349// 2347// 2350//
f 2349// 2350// 2351//
f 2312// 2313// 2352//
f 2352// 2313// 2353//
f 2354// 2355// 2356//
f 2356// 2355// 2357//
f 2356// 2357// 2353//
f 2353// 2357// 2358//
f 2353// 2358// 2352//
f 2348// 2359// 2346//
f 2346// 2359// 2360//
f 2346// 2360// 2354//
f 2354// 2360// 2361//
f 2354// 2361// 2355//
f 2316// 2317// 2362//
f 2362// 2317// 2363//
f 2362// 2363// 2364//
f 2364// 2363// 2365//
f 2364// 2365// 2366//
f 2366// 2365// 2367//
f 2366// 2367// 2368//
f 2368// 2367// 2369//
f 2368// 2369// 2370//
f 2370// 2369// 2371//
f 2370// 2371// 2372//
f 2372// 2371// 2373//
f 2372// 2373// 2374//
f 2374// 2373// 2375//
f 2374// 2375// 2376//
f 2376// 2375// 2377//
f 2376// 2377// 2378//
f 2378// 2377// 2379//
f 2378// 2379// 2380//
f 2380// 2379// 2381//
f 2380// 2381// 2382//
f 2382// 2381// 2383//
f 2382// 2383// 2384//
f 2384// 2383// 2385//
f 2384// 2385// 2386//
f 2386// 2385// 2387//
f 2386// 2387// 2388//
f 2388// 2387// 2389//
f 2388// 2389// 2390//
f 2390// 2389// 2391//
f 2390// 2391// 2392//
f 2392// 2391// 2393//
f 2394// 2395// 2318//
f 2318// 2395// 2319//
f 2396// 2397// 2334//
f 2334// 2397// 2335//
f 2351// 2350// 2398//
f 2398// 2350// 2399//
f 2392// 2393// 2400//
f 2400// 2393// 2401//
f 2395// 2394// 2402//
f 2402// 2394// 2403//
f 2404// 2405// 2406//
f 2407// 2408// 2409//
f 2409// 2408// 2410//
f 2409// 2410// 2403//
f 2403// 2410// 2411//
f 2403// 2411// 2402//
f 2406// 2405// 2412//
f 2412// 2405// 2413//
f 2412// 2413// 2414//
f 2406// 2415// 2404//
f 2404// 2415// 2416//
f 2404// 2416// 2407//
f 2407// 2416// 2417//
f 2407// 2417// 2408//
f 2397// 2396// 2418//
f 2418// 2396// 2419//
f 2418// 2419// 2420//
f 2420// 2419// 2421//
f 2420// 2421// 2422//
f 2422// 2421// 2423//
f 2422// 2423// 2424//
f 2424// 2423// 2425//
f 2424// 2425// 2426//
f 2426// 2425// 2427//
f 2426// 2427// 2428//
f 2428// 2427// 2429//
f 2428// 2429// 2430//
f 2430// 2429// 2431//
f 2430// 2431// 2432//
f 2432// 2431// 2433//
f 2432// 2433// 2434//
f 2434// 2433// 2435//
f 2434// 2435// 2436//
f 2436// 2435// 2437//
f 2436// 2437// 2438//
f 2438// 2437// 2439//
f 2438// 2439// 2440//
f 2440// 2439// 2441//
f 2440// 2441// 2442//
f 2442// 2441// 2443//
f 2442// 2443// 2444//
f 2444// 2443// 2445//
f 2444// 2445// 2446//
f 2446// 2445// 2447//
f 2446// 2447// 2448//
f 2448// 2447// 2449//
f 2450// 2451// 2452//
f 2452// 2451// 2453//
f 2453// 2451// 2398//
f 2453// 2398// 2399//
f 2454// 2455// 2456//
f 2456// 2455// 2457//
f 2458// 2459// 2460//
f 2460// 2459// 2461//
f 2460// 2461// 2457//
f 2457// 2461// 2462//
f 2457// 2462// 2456//
f 2452// 2463// 2450//
f 2450// 2463// 2464//
f 2450// 2464// 2458//
f 2458// 2464// 2465//
f 2458// 2465// 2459//
f 2466// 2467// 2468//
f 2468// 2467// 2469//
f 2468// 2469// 2470//
f 2470// 2469// 2471//
f 2470// 2471// 2472//
f 2472// 2471// 2473//
f 2472// 2473// 2474//
f 2474// 2473// 2475//
f 2474// 2475// 2476//
f 2476// 2475// 2477//
f 2476// 2477// 2401//
f 2401// 2477// 2400//
f 2467// 2466// 2478//
f 2478// 2466// 2479//
f 2480// 2481// 2413//
f 2413// 2481// 2414//
f 2482// 2483// 2449//
f 2449// 2483// 2448//
f 2455// 2454// 2484//
f 2484// 2454// 2485//
f 2486// 2487// 2488//
f 2488// 2487// 2489//
f 2488// 2489// 2490//
f 2491// 2492// 2493//
f 2490// 2494// 2488//
f 2488// 2494// 2493//
f 2488// 2493// 2495//
f 2495// 2493// 2492//
f 2488// 2496// 2486//
f 2486// 2496// 2497//
f 2486// 2497// 2498//
f 2499// 2500// 2487//
f 2487// 2500// 2501//
f 2487// 2501// 2489//
f 2502// 2503// 2496//
f 2496// 2503// 2504//
f 2496// 2504// 2497//
f 2502// 2505// 2503//
f 2503// 2505// 2506//
f 2503// 2506// 2507//
f 2508// 2509// 2498//
f 2498// 2509// 2510//
f 2498// 2510// 2486//
f 2493// 2511// 2491//
f 2491// 2511// 2512//
f 2491// 2512// 2513//
f 2513// 2512// 2514//
f 2499// 2515// 2500//
f 2500// 2515// 2516//
f 2500// 2516// 2517//
f 2517// 2516// 2518//
f 2517// 2518// 2519//
f 2519// 2518// 2520//
f 2507// 2506// 2521//
f 2521// 2506// 2522//
f 2521// 2522// 2523//
f 2508// 2524// 2509//
f 2509// 2524// 2525//
f 2509// 2525// 2526//
f 2526// 2525// 2527//
f 2526// 2527// 2528//
f 2528// 2527// 2529//
f 2530// 2531// 2532//
f 2533// 2534// 2531//
f 2531// 2534// 2535//
f 2531// 2530// 2533//
f 2533// 2530// 2536//
f 2533// 2536// 2537//
f 2538// 2539// 2533//
f 2533// 2539// 2540//
f 2533// 2540// 2534//
f 2538// 2541// 2539//
f 2539// 2541// 2542//
f 2539// 2542// 2543//
f 2544// 2545// 2546//
f 2547// 2548// 2549//
f 2535// 2550// 2531//
f 2531// 2550// 2546//
f 2531// 2546// 2551//
f 2551// 2546// 2545//
f 2532// 2552// 2530//
f 2530// 2552// 2549//
f 2530// 2549// 2553//
f 2553// 2549// 2548//
f 2554// 2555// 2536//
f 2536// 2555// 2556//
f 2536// 2556// 2537//
f 2554// 2557// 2555//
f 2555// 2557// 2558//
f 2555// 2558// 2559//
f 2543// 2542// 2560//
f 2560// 2542// 2561//
f 2560// 2561// 2562//
f 2546// 2563// 2544//
f 2544// 2563// 2564//
f 2544// 2564// 2565//
f 2565// 2564// 2566//
f 2549// 2567// 2547//
f 2547// 2567// 2568//
f 2547// 2568// 2569//
f 2569// 2568// 2570//
f 2559// 2558// 2571//
f 2571// 2558// 2572//
f 2571// 2572// 2573//
f 2574// 2575// 2531//
f 2531// 2575// 2532//
f 2576// 2535// 2479//
f 2479// 2535// 2534//
f 2479// 2534// 2478//
f 2478// 2534// 2577//
f 2482// 2578// 2536//
f 2482// 2536// 2483//
f 2483// 2536// 2530//
f 2483// 2530// 2579//
f 2580// 2533// 2480//
f 2480// 2533// 2537//
f 2480// 2537// 2481//
f 2481// 2537// 2581//
f 2582// 2490// 2305//
f 2305// 2490// 2489//
f 2305// 2489// 2304//
f 2304// 2489// 2583//
f 2309// 2584// 2496//
f 2309// 2496// 2308//
f 2308// 2496// 2488//
f 2308// 2488// 2585//
f 2586// 2487// 2314//
f 2314// 2487// 2486//
f 2314// 2486// 2315//
f 2315// 2486// 2587//
f 2588// 2498// 2310//
f 2310// 2498// 2497//
f 2310// 2497// 2311//
f 2311// 2497// 2589//
f 2590// 2591// 2586//
f 2590// 2586// 2592//
f 2592// 2586// 2314//
f 2592// 2314// 2316//
f 2591// 2590// 2593//
f 2593// 2590// 2594//
f 2593// 2594// 2595//
f 2595// 2594// 2596//
f 2595// 2596// 2597//
f 2597// 2596// 2598//
f 2597// 2598// 2599//
f 2599// 2598// 2600//
f 2599// 2600// 2601//
f 2601// 2600// 2602//
f 2601// 2602// 2603//
f 2603// 2602// 2604//
f 2603// 2604// 2605//
f 2605// 2604// 2606//
f 2605// 2606// 2607//
f 2607// 2606// 2608//
f 2607// 2608// 2583//
f 2583// 2608// 2304//
f 2304// 2608// 2609//
f 2304// 2609// 2302//
f 2368// 2370// 2610//
f 2374// 2376// 2611//
f 2384// 2386// 2612//
f 2388// 2390// 2613//
f 2614// 2330// 2302//
f 2318// 2320// 2615//
f 2615// 2320// 2616//
f 2615// 2616// 2617//
f 2617// 2616// 2618//
f 2302// 2609// 2614//
f 2614// 2609// 2608//
f 2614// 2608// 2619//
f 2620// 2621// 2618//
f 2618// 2621// 2622//
f 2618// 2622// 2617//
f 2608// 2606// 2619//
f 2619// 2606// 2604//
f 2619// 2604// 2623//
f 2624// 2625// 2620//
f 2620// 2625// 2626//
f 2620// 2626// 2621//
f 2604// 2602// 2623//
f 2623// 2602// 2600//
f 2623// 2600// 2627//
f 2628// 2629// 2624//
f 2624// 2629// 2630//
f 2624// 2630// 2625//
f 2331// 2329// 2631//
f 2631// 2329// 2632//
f 2631// 2632// 2633//
f 2633// 2632// 2634//
f 2633// 2634// 2635//
f 2635// 2634// 2636//
f 2635// 2636// 2637//
f 2637// 2636// 2638//
f 2637// 2638// 2639//
f 2639// 2638// 2640//
f 2639// 2640// 2610//
f 2329// 2330// 2632//
f 2632// 2330// 2614//
f 2632// 2614// 2634//
f 2634// 2614// 2619//
f 2634// 2619// 2636//
f 2636// 2619// 2623//
f 2636// 2623// 2638//
f 2638// 2623// 2627//
f 2638// 2627// 2640//
f 2640// 2627// 2641//
f 2613// 2642// 2628//
f 2628// 2642// 2643//
f 2628// 2643// 2629//
f 2323// 2333// 2644//
f 2644// 2333// 2645//
f 2644// 2645// 2646//
f 2646// 2645// 2647//
f 2646// 2647// 2648//
f 2648// 2647// 2649//
f 2648// 2649// 2650//
f 2650// 2649// 2651//
f 2650// 2651// 2652//
f 2652// 2651// 2653//
f 2652// 2653// 2654//
f 2654// 2653// 2611//
f 2600// 2598// 2627//
f 2627// 2598// 2596//
f 2627// 2596// 2641//
f 2641// 2596// 2594//
f 2641// 2594// 2590//
f 2610// 2640// 2655//
f 2655// 2640// 2641//
f 2655// 2641// 2656//
f 2656// 2641// 2590//
f 2656// 2590// 2592//
f 2390// 2392// 2613//
f 2613// 2392// 2657//
f 2613// 2657// 2642//
f 2320// 2326// 2616//
f 2616// 2326// 2658//
f 2616// 2658// 2618//
f 2618// 2658// 2659//
f 2618// 2659// 2620//
f 2620// 2659// 2660//
f 2620// 2660// 2624//
f 2624// 2660// 2661//
f 2624// 2661// 2628//
f 2628// 2661// 2662//
f 2628// 2662// 2613//
f 2613// 2662// 2612//
f 2613// 2612// 2388//
f 2388// 2612// 2386//
f 2382// 2384// 2663//
f 2663// 2384// 2612//
f 2663// 2612// 2664//
f 2664// 2612// 2662//
f 2664// 2662// 2665//
f 2665// 2662// 2661//
f 2665// 2661// 2666//
f 2666// 2661// 2660//
f 2666// 2660// 2667//
f 2667// 2660// 2659//
f 2667// 2659// 2668//
f 2668// 2659// 2658//
f 2668// 2658// 2325//
f 2325// 2658// 2326//
f 2325// 2323// 2668//
f 2668// 2323// 2644//
f 2668// 2644// 2667//
f 2667// 2644// 2646//
f 2667// 2646// 2666//
f 2666// 2646// 2648//
f 2666// 2648// 2665//
f 2665// 2648// 2650//
f 2665// 2650// 2664//
f 2664// 2650// 2652//
f 2664// 2652// 2663//
f 2663// 2652// 2654//
f 2663// 2654// 2382//
f 2382// 2654// 2380//
f 2611// 2376// 2654//
f 2654// 2376// 2378//
f 2654// 2378// 2380//
f 2372// 2374// 2669//
f 2669// 2374// 2611//
f 2669// 2611// 2670//
f 2670// 2611// 2653//
f 2670// 2653// 2671//
f 2671// 2653// 2651//
f 2671// 2651// 2672//
f 2672// 2651// 2649//
f 2672// 2649// 2673//
f 2673// 2649// 2647//
f 2673// 2647// 2674//
f 2674// 2647// 2645//
f 2674// 2645// 2332//
f 2332// 2645// 2333//
f 2332// 2331// 2674//
f 2674// 2331// 2631//
f 2674// 2631// 2673//
f 2673// 2631// 2633//
f 2673// 2633// 2672//
f 2672// 2633// 2635//
f 2672// 2635// 2671//
f 2671// 2635// 2637//
f 2671// 2637// 2670//
f 2670// 2637// 2639//
f 2670// 2639// 2669//
f 2669// 2639// 2610//
f 2669// 2610// 2372//
f 2372// 2610// 2370//
f 2368// 2610// 2366//
f 2366// 2610// 2655//
f 2366// 2655// 2364//
f 2364// 2655// 2656//
f 2364// 2656// 2362//
f 2362// 2656// 2592//
f 2362// 2592// 2316//
f 2318// 2615// 2394//
f 2394// 2615// 2675//
f 2615// 2617// 2675//
f 2675// 2617// 2622//
f 2675// 2622// 2676//
f 2622// 2621// 2676//
f 2676// 2621// 2626//
f 2676// 2626// 2677//
f 2677// 2626// 2625//
f 2677// 2625// 2678//
f 2625// 2630// 2678//
f 2678// 2630// 2629//
f 2678// 2629// 2679//
f 2629// 2643// 2679//
f 2679// 2643// 2642//
f 2679// 2642// 2400//
f 2400// 2642// 2657//
f 2400// 2657// 2392//
f 2400// 2477// 2679//
f 2679// 2477// 2680//
f 2679// 2680// 2678//
f 2678// 2680// 2681//
f 2678// 2681// 2677//
f 2677// 2681// 2682//
f 2677// 2682// 2676//
f 2676// 2682// 2683//
f 2676// 2683// 2675//
f 2675// 2683// 2684//
f 2675// 2684// 2394//
f 2394// 2684// 2403//
f 2477// 2475// 2680//
f 2680// 2475// 2685//
f 2680// 2685// 2681//
f 2681// 2685// 2686//
f 2681// 2686// 2682//
f 2682// 2686// 2687//
f 2682// 2687// 2683//
f 2683// 2687// 2688//
f 2683// 2688// 2684//
f 2684// 2688// 2689//
f 2684// 2689// 2403//
f 2403// 2689// 2409//
f 2475// 2473// 2685//
f 2685// 2473// 2690//
f 2685// 2690// 2686//
f 2686// 2690// 2691//
f 2686// 2691// 2687//
f 2687// 2691// 2692//
f 2687// 2692// 2688//
f 2688// 2692// 2693//
f 2688// 2693// 2689//
f 2689// 2693// 2694//
f 2689// 2694// 2409//
f 2409// 2694// 2407//
f 2473// 2471// 2690//
f 2690// 2471// 2695//
f 2690// 2695// 2691//
f 2691// 2695// 2696//
f 2691// 2696// 2692//
f 2692// 2696// 2697//
f 2692// 2697// 2693//
f 2693// 2697// 2698//
f 2693// 2698// 2694//
f 2694// 2698// 2699//
f 2694// 2699// 2407//
f 2407// 2699// 2404//
f 2471// 2469// 2695//
f 2695// 2469// 2700//
f 2695// 2700// 2696//
f 2696// 2700// 2701//
f 2696// 2701// 2697//
f 2697// 2701// 2702//
f 2697// 2702// 2698//
f 2698// 2702// 2703//
f 2698// 2703// 2699//
f 2699// 2703// 2704//
f 2699// 2704// 2404//
f 2404// 2704// 2405//
f 2469// 2467// 2700//
f 2700// 2467// 2705//
f 2700// 2705// 2701//
f 2701// 2705// 2706//
f 2701// 2706// 2702//
f 2702// 2706// 2707//
f 2702// 2707// 2703//
f 2703// 2707// 2708//
f 2703// 2708// 2704//
f 2704// 2708// 2709//
f 2704// 2709// 2405//
f 2405// 2709// 2413//
f 2580// 2480// 2413//
f 2580// 2413// 2710//
f 2710// 2413// 2709//
f 2710// 2709// 2711//
f 2711// 2709// 2708//
f 2711// 2708// 2712//
f 2712// 2708// 2713//
f 2713// 2708// 2707//
f 2713// 2707// 2714//
f 2714// 2707// 2715//
f 2715// 2707// 2706//
f 2715// 2706// 2716//
f 2716// 2706// 2717//
f 2717// 2706// 2705//
f 2717// 2705// 2718//
f 2467// 2478// 2705//
f 2705// 2478// 2577//
f 2705// 2577// 2718//
f 2582// 2305// 2303//
f 2582// 2303// 2719//
f 2719// 2303// 2720//
f 2719// 2720// 2721//
f 2721// 2720// 2722//
f 2721// 2722// 2723//
f 2723// 2722// 2724//
f 2724// 2722// 2725//
f 2724// 2725// 2726//
f 2726// 2725// 2727//
f 2727// 2725// 2728//
f 2727// 2728// 2729//
f 2729// 2728// 2730//
f 2730// 2728// 2731//
f 2730// 2731// 2732//
f 2732// 2731// 2733//
f 2733// 2731// 2734//
f 2733// 2734// 2735//
f 2306// 2308// 2734//
f 2734// 2308// 2585//
f 2734// 2585// 2735//
f 2334// 2336// 2736//
f 2736// 2336// 2737//
f 2736// 2737// 2738//
f 2738// 2737// 2739//
f 2740// 2741// 2739//
f 2739// 2741// 2742//
f 2739// 2742// 2738//
f 2743// 2744// 2740//
f 2740// 2744// 2745//
f 2740// 2745// 2741//
f 2746// 2747// 2743//
f 2743// 2747// 2748//
f 2743// 2748// 2744//
f 2749// 2750// 2746//
f 2746// 2750// 2751//
f 2746// 2751// 2747//
f 2321// 2319// 2749//
f 2749// 2319// 2752//
f 2749// 2752// 2750//
f 2336// 2338// 2737//
f 2737// 2338// 2753//
f 2737// 2753// 2739//
f 2739// 2753// 2754//
f 2739// 2754// 2740//
f 2740// 2754// 2755//
f 2740// 2755// 2743//
f 2743// 2755// 2756//
f 2743// 2756// 2746//
f 2746// 2756// 2757//
f 2746// 2757// 2749//
f 2749// 2757// 2758//
f 2749// 2758// 2321//
f 2321// 2758// 2324//
f 2338// 2340// 2753//
f 2753// 2340// 2759//
f 2753// 2759// 2754//
f 2754// 2759// 2760//
f 2754// 2760// 2755//
f 2755// 2760// 2761//
f 2755// 2761// 2756//
f 2756// 2761// 2762//
f 2756// 2762// 2757//
f 2757// 2762// 2763//
f 2757// 2763// 2758//
f 2758// 2763// 2764//
f 2758// 2764// 2324//
f 2324// 2764// 2322//
f 2340// 2342// 2759//
f 2759// 2342// 2765//
f 2759// 2765// 2760//
f 2760// 2765// 2766//
f 2760// 2766// 2761//
f 2761// 2766// 2767//
f 2761// 2767// 2762//
f 2762// 2767// 2768//
f 2762// 2768// 2763//
f 2763// 2768// 2769//
f 2763// 2769// 2764//
f 2764// 2769// 2770//
f 2764// 2770// 2322//
f 2322// 2770// 2327//
f 2342// 2344// 2765//
f 2765// 2344// 2771//
f 2765// 2771// 2766//
f 2766// 2771// 2772//
f 2766// 2772// 2767//
f 2767// 2772// 2773//
f 2767// 2773// 2768//
f 2768// 2773// 2774//
f 2768// 2774// 2769//
f 2769// 2774// 2775//
f 2769// 2775// 2770//
f 2770// 2775// 2776//
f 2770// 2776// 2327//
f 2327// 2776// 2328//
f 2344// 2306// 2771//
f 2771// 2306// 2734//
f 2771// 2734// 2772//
f 2772// 2734// 2731//
f 2772// 2731// 2773//
f 2773// 2731// 2728//
f 2773// 2728// 2774//
f 2774// 2728// 2725//
f 2774// 2725// 2775//
f 2775// 2725// 2722//
f 2775// 2722// 2776//
f 2776// 2722// 2720//
f 2776// 2720// 2328//
f 2328// 2720// 2303//
f 2334// 2736// 2396//
f 2396// 2736// 2777//
f 2736// 2738// 2777//
f 2777// 2738// 2742//
f 2777// 2742// 2778//
f 2742// 2741// 2778//
f 2778// 2741// 2745//
f 2778// 2745// 2779//
f 2779// 2745// 2744//
f 2779// 2744// 2780//
f 2744// 2748// 2780//
f 2780// 2748// 2747//
f 2780// 2747// 2781//
f 2747// 2751// 2781//
f 2781// 2751// 2750//
f 2781// 2750// 2395//
f 2395// 2750// 2752//
f 2395// 2752// 2319//
f 2445// 2443// 2782//
f 2435// 2433// 2783//
f 2425// 2423// 2784//
f 2421// 2419// 2785//
f 2408// 2417// 2786//
f 2786// 2417// 2787//
f 2786// 2787// 2788//
f 2788// 2787// 2789//
f 2788// 2789// 2790//
f 2790// 2789// 2791//
f 2790// 2791// 2792//
f 2792// 2791// 2793//
f 2792// 2793// 2794//
f 2794// 2793// 2783//
f 2415// 2406// 2795//
f 2795// 2406// 2796//
f 2795// 2796// 2797//
f 2797// 2796// 2798//
f 2797// 2798// 2799//
f 2799// 2798// 2800//
f 2799// 2800// 2801//
f 2801// 2800// 2802//
f 2801// 2802// 2803//
f 2803// 2802// 2782//
f 2395// 2402// 2781//
f 2781// 2402// 2804//
f 2781// 2804// 2780//
f 2780// 2804// 2805//
f 2780// 2805// 2779//
f 2779// 2805// 2806//
f 2779// 2806// 2778//
f 2778// 2806// 2807//
f 2778// 2807// 2777//
f 2777// 2807// 2785//
f 2777// 2785// 2396//
f 2396// 2785// 2419//
f 2402// 2411// 2804//
f 2804// 2411// 2808//
f 2804// 2808// 2805//
f 2805// 2808// 2809//
f 2805// 2809// 2806//
f 2806// 2809// 2810//
f 2806// 2810// 2807//
f 2807// 2810// 2811//
f 2807// 2811// 2785//
f 2785// 2811// 2784//
f 2785// 2784// 2421//
f 2421// 2784// 2423//
f 2427// 2425// 2812//
f 2812// 2425// 2784//
f 2812// 2784// 2813//
f 2813// 2784// 2811//
f 2813// 2811// 2814//
f 2814// 2811// 2810//
f 2814// 2810// 2815//
f 2815// 2810// 2809//
f 2815// 2809// 2816//
f 2816// 2809// 2808//
f 2816// 2808// 2410//
f 2410// 2808// 2411//
f 2410// 2408// 2816//
f 2816// 2408// 2786//
f 2816// 2786// 2815//
f 2815// 2786// 2788//
f 2815// 2788// 2814//
f 2814// 2788// 2790//
f 2814// 2790// 2813//
f 2813// 2790// 2792//
f 2813// 2792// 2812//
f 2812// 2792// 2794//
f 2812// 2794// 2427//
f 2427// 2794// 2429//
f 2783// 2433// 2794//
f 2794// 2433// 2431//
f 2794// 2431// 2429//
f 2437// 2435// 2817//
f 2817// 2435// 2783//
f 2817// 2783// 2818//
f 2818// 2783// 2793//
f 2818// 2793// 2819//
f 2819// 2793// 2791//
f 2819// 2791// 2820//
f 2820// 2791// 2789//
f 2820// 2789// 2821//
f 2821// 2789// 2787//
f 2821// 2787// 2416//
f 2416// 2787// 2417//
f 2416// 2415// 2821//
f 2821// 2415// 2795//
f 2821// 2795// 2820//
f 2820// 2795// 2797//
f 2820// 2797// 2819//
f 2819// 2797// 2799//
f 2819// 2799// 2818//
f 2818// 2799// 2801//
f 2818// 2801// 2817//
f 2817// 2801// 2803//
f 2817// 2803// 2437//
f 2437// 2803// 2439//
f 2782// 2443// 2803//
f 2803// 2443// 2441//
f 2803// 2441// 2439//
f 2447// 2445// 2822//
f 2822// 2445// 2782//
f 2822// 2782// 2823//
f 2823// 2782// 2802//
f 2823// 2802// 2824//
f 2824// 2802// 2800//
f 2824// 2800// 2825//
f 2825// 2800// 2798//
f 2825// 2798// 2826//
f 2826// 2798// 2796//
f 2826// 2796// 2412//
f 2412// 2796// 2406//
f 2412// 2414// 2826//
f 2826// 2414// 2827//
f 2826// 2827// 2825//
f 2825// 2827// 2828//
f 2825// 2828// 2824//
f 2824// 2828// 2829//
f 2824// 2829// 2823//
f 2823// 2829// 2830//
f 2823// 2830// 2822//
f 2822// 2830// 2831//
f 2822// 2831// 2447//
f 2447// 2831// 2449//
f 2578// 2482// 2449//
f 2578// 2449// 2832//
f 2832// 2449// 2831//
f 2832// 2831// 2833//
f 2833// 2831// 2830//
f 2833// 2830// 2834//
f 2834// 2830// 2835//
f 2835// 2830// 2829//
f 2835// 2829// 2836//
f 2836// 2829// 2837//
f 2837// 2829// 2828//
f 2837// 2828// 2838//
f 2838// 2828// 2839//
f 2839// 2828// 2827//
f 2839// 2827// 2840//
f 2414// 2481// 2827//
f 2827// 2481// 2581//
f 2827// 2581// 2840//
f 2584// 2309// 2307//
f 2584// 2307// 2841//
f 2841// 2307// 2842//
f 2841// 2842// 2843//
f 2843// 2842// 2844//
f 2843// 2844// 2845//
f 2845// 2844// 2846//
f 2846// 2844// 2847//
f 2846// 2847// 2848//
f 2848// 2847// 2849//
f 2849// 2847// 2850//
f 2849// 2850// 2851//
f 2851// 2850// 2852//
f 2852// 2850// 2853//
f 2852// 2853// 2854//
f 2854// 2853// 2855//
f 2855// 2853// 2856//
f 2855// 2856// 2857//
f 2313// 2311// 2856//
f 2856// 2311// 2589//
f 2856// 2589// 2857//
f 2313// 2856// 2858//
f 2859// 2337// 2335//
f 2335// 2860// 2859//
f 2859// 2860// 2861//
f 2859// 2861// 2862//
f 2861// 2863// 2862//
f 2862// 2863// 2864//
f 2862// 2864// 2865//
f 2864// 2866// 2865//
f 2865// 2866// 2867//
f 2865// 2867// 2868//
f 2307// 2345// 2842//
f 2842// 2345// 2869//
f 2842// 2869// 2844//
f 2844// 2869// 2870//
f 2844// 2870// 2847//
f 2847// 2870// 2871//
f 2847// 2871// 2850//
f 2850// 2871// 2872//
f 2850// 2872// 2853//
f 2853// 2872// 2873//
f 2853// 2873// 2856//
f 2345// 2343// 2869//
f 2869// 2343// 2874//
f 2869// 2874// 2870//
f 2870// 2874// 2875//
f 2870// 2875// 2871//
f 2871// 2875// 2876//
f 2871// 2876// 2872//
f 2872// 2876// 2877//
f 2872// 2877// 2873//
f 2873// 2877// 2878//
f 2343// 2341// 2874//
f 2874// 2341// 2879//
f 2874// 2879// 2875//
f 2875// 2879// 2880//
f 2875// 2880// 2876//
f 2876// 2880// 2881//
f 2876// 2881// 2877//
f 2877// 2881// 2882//
f 2877// 2882// 2878//
f 2878// 2882// 2883//
f 2341// 2339// 2879//
f 2879// 2339// 2884//
f 2879// 2884// 2880//
f 2880// 2884// 2885//
f 2880// 2885// 2881//
f 2881// 2885// 2886//
f 2881// 2886// 2882//
f 2882// 2886// 2887//
f 2882// 2887// 2883//
f 2883// 2887// 2888//
f 2339// 2337// 2884//
f 2884// 2337// 2859//
f 2884// 2859// 2885//
f 2885// 2859// 2862//
f 2885// 2862// 2886//
f 2886// 2862// 2865//
f 2886// 2865// 2887//
f 2887// 2865// 2868//
f 2887// 2868// 2888//
f 2888// 2868// 2889//
f 2867// 2890// 2868//
f 2868// 2890// 2891//
f 2868// 2891// 2889//
f 2889// 2891// 2892//
f 2889// 2892// 2893//
f 2856// 2873// 2858//
f 2858// 2873// 2878//
f 2858// 2878// 2894//
f 2894// 2878// 2883//
f 2894// 2883// 2895//
f 2895// 2883// 2888//
f 2895// 2888// 2896//
f 2896// 2888// 2889//
f 2896// 2889// 2897//
f 2897// 2889// 2893//
f 2897// 2893// 2898//
f 2313// 2858// 2353//
f 2353// 2858// 2894//
f 2353// 2894// 2356//
f 2356// 2894// 2895//
f 2356// 2895// 2354//
f 2354// 2895// 2896//
f 2354// 2896// 2346//
f 2346// 2896// 2897//
f 2346// 2897// 2347//
f 2347// 2897// 2898//
f 2347// 2898// 2350//
f 2350// 2898// 2399//
f 2399// 2898// 2899//
f 2898// 2893// 2899//
f 2899// 2893// 2892//
f 2899// 2892// 2900//
f 2892// 2891// 2900//
f 2900// 2891// 2890//
f 2900// 2890// 2901//
f 2901// 2890// 2867//
f 2901// 2867// 2902//
f 2867// 2866// 2902//
f 2902// 2866// 2864//
f 2902// 2864// 2903//
f 2864// 2863// 2903//
f 2903// 2863// 2861//
f 2903// 2861// 2397//
f 2397// 2861// 2860//
f 2397// 2860// 2335//
f 2420// 2422// 2904//
f 2430// 2432// 2905//
f 2440// 2442// 2906//
f 2444// 2446// 2907//
f 2459// 2465// 2908//
f 2908// 2465// 2909//
f 2908// 2909// 2910//
f 2910// 2909// 2911//
f 2910// 2911// 2912//
f 2912// 2911// 2913//
f 2912// 2913// 2914//
f 2914// 2913// 2915//
f 2914// 2915// 2916//
f 2916// 2915// 2905//
f 2463// 2452// 2917//
f 2917// 2452// 2918//
f 2917// 2918// 2919//
f 2919// 2918// 2920//
f 2919// 2920// 2921//
f 2921// 2920// 2922//
f 2921// 2922// 2923//
f 2923// 2922// 2924//
f 2923// 2924// 2925//
f 2925// 2924// 2904//
f 2454// 2456// 2926//
f 2926// 2456// 2927//
f 2926// 2927// 2928//
f 2928// 2927// 2929//
f 2928// 2929// 2930//
f 2930// 2929// 2931//
f 2930// 2931// 2932//
f 2932// 2931// 2933//
f 2932// 2933// 2934//
f 2934// 2933// 2907//
f 2934// 2907// 2448//
f 2448// 2907// 2446//
f 2456// 2462// 2927//
f 2927// 2462// 2935//
f 2927// 2935// 2929//
f 2929// 2935// 2936//
f 2929// 2936// 2931//
f 2931// 2936// 2937//
f 2931// 2937// 2933//
f 2933// 2937// 2938//
f 2933// 2938// 2907//
f 2907// 2938// 2906//
f 2907// 2906// 2444//
f 2444// 2906// 2442//
f 2438// 2440// 2939//
f 2939// 2440// 2906//
f 2939// 2906// 2940//
f 2940// 2906// 2938//
f 2940// 2938// 2941//
f 2941// 2938// 2937//
f 2941// 2937// 2942//
f 2942// 2937// 2936//
f 2942// 2936// 2943//
f 2943// 2936// 2935//
f 2943// 2935// 2461//
f 2461// 2935// 2462//
f 2461// 2459// 2943//
f 2943// 2459// 2908//
f 2943// 2908// 2942//
f 2942// 2908// 2910//
f 2942// 2910// 2941//
f 2941// 2910// 2912//
f 2941// 2912// 2940//
f 2940// 2912// 2914//
f 2940// 2914// 2939//
f 2939// 2914// 2916//
f 2939// 2916// 2438//
f 2438// 2916// 2436//
f 2905// 2432// 2916//
f 2916// 2432// 2434//
f 2916// 2434// 2436//
f 2428// 2430// 2944//
f 2944// 2430// 2905//
f 2944// 2905// 2945//
f 2945// 2905// 2915//
f 2945// 2915// 2946//
f 2946// 2915// 2913//
f 2946// 2913// 2947//
f 2947// 2913// 2911//
f 2947// 2911// 2948//
f 2948// 2911// 2909//
f 2948// 2909// 2464//
f 2464// 2909// 2465//
f 2464// 2463// 2948//
f 2948// 2463// 2917//
f 2948// 2917// 2947//
f 2947// 2917// 2919//
f 2947// 2919// 2946//
f 2946// 2919// 2921//
f 2946// 2921// 2945//
f 2945// 2921// 2923//
f 2945// 2923// 2944//
f 2944// 2923// 2925//
f 2944// 2925// 2428//
f 2428// 2925// 2426//
f 2904// 2422// 2925//
f 2925// 2422// 2424//
f 2925// 2424// 2426//
f 2418// 2420// 2949//
f 2949// 2420// 2904//
f 2949// 2904// 2950//
f 2950// 2904// 2924//
f 2950// 2924// 2951//
f 2951// 2924// 2922//
f 2951// 2922// 2952//
f 2952// 2922// 2920//
f 2952// 2920// 2953//
f 2953// 2920// 2918//
f 2953// 2918// 2453//
f 2453// 2918// 2452//
f 2453// 2399// 2953//
f 2953// 2399// 2899//
f 2953// 2899// 2952//
f 2952// 2899// 2900//
f 2952// 2900// 2951//
f 2951// 2900// 2901//
f 2951// 2901// 2950//
f 2950// 2901// 2902//
f 2950// 2902// 2949//
f 2949// 2902// 2903//
f 2949// 2903// 2418//
f 2418// 2903// 2397//
f 2485// 2454// 2954//
f 2954// 2454// 2926//
f 2955// 2954// 2956//
f 2956// 2954// 2926//
f 2956// 2926// 2957//
f 2957// 2926// 2928//
f 2957// 2928// 2958//
f 2958// 2928// 2959//
f 2959// 2928// 2930//
f 2959// 2930// 2960//
f 2960// 2930// 2961//
f 2961// 2930// 2932//
f 2961// 2932// 2962//
f 2962// 2932// 2963//
f 2963// 2932// 2934//
f 2963// 2934// 2964//
f 2448// 2483// 2934//
f 2934// 2483// 2579//
f 2934// 2579// 2964//
f 2574// 2965// 2966//
f 2574// 2966// 2575//
f 2954// 2955// 2575//
f 2575// 2966// 2954//
f 2954// 2966// 2484//
f 2954// 2484// 2485//
f 2576// 2479// 2466//
f 2576// 2466// 2967//
f 2967// 2466// 2968//
f 2967// 2968// 2969//
f 2969// 2968// 2970//
f 2969// 2970// 2971//
f 2971// 2970// 2972//
f 2972// 2970// 2973//
f 2972// 2973// 2974//
f 2974// 2973// 2975//
f 2975// 2973// 2976//
f 2975// 2976// 2977//
f 2455// 2484// 2978//
f 2978// 2484// 2966//
f 2977// 2976// 2979//
f 2979// 2976// 2978//
f 2979// 2978// 2980//
f 2980// 2978// 2966//
f 2980// 2966// 2965//
f 2466// 2468// 2968//
f 2968// 2468// 2981//
f 2968// 2981// 2970//
f 2970// 2981// 2982//
f 2970// 2982// 2973//
f 2973// 2982// 2983//
f 2973// 2983// 2976//
f 2976// 2983// 2984//
f 2976// 2984// 2978//
f 2978// 2984// 2985//
f 2978// 2985// 2455//
f 2455// 2985// 2457//
f 2468// 2470// 2981//
f 2981// 2470// 2986//
f 2981// 2986// 2982//
f 2982// 2986// 2987//
f 2982// 2987// 2983//
f 2983// 2987// 2988//
f 2983// 2988// 2984//
f 2984// 2988// 2989//
f 2984// 2989// 2985//
f 2985// 2989// 2990//
f 2985// 2990// 2457//
f 2457// 2990// 2460//
f 2470// 2472// 2986//
f 2986// 2472// 2991//
f 2986// 2991// 2987//
f 2987// 2991// 2992//
f 2987// 2992// 2988//
f 2988// 2992// 2993//
f 2988// 2993// 2989//
f 2989// 2993// 2994//
f 2989// 2994// 2990//
f 2990// 2994// 2995//
f 2990// 2995// 2460//
f 2460// 2995// 2458//
f 2472// 2474// 2991//
f 2991// 2474// 2996//
f 2991// 2996// 2992//
f 2992// 2996// 2997//
f 2992// 2997// 2993//
f 2993// 2997// 2998//
f 2993// 2998// 2994//
f 2994// 2998// 2999//
f 2994// 2999// 2995//
f 2995// 2999// 3000//
f 2995// 3000// 2458//
f 2458// 3000// 2450//
f 2474// 2476// 2996//
f 2996// 2476// 3001//
f 2996// 3001// 2997//
f 2997// 3001// 3002//
f 2997// 3002// 2998//
f 2998// 3002// 3003//
f 2998// 3003// 2999//
f 2999// 3003// 3004//
f 2999// 3004// 3000//
f 3000// 3004// 3005//
f 3000// 3005// 2450//
f 2450// 3005// 2451//
f 2476// 2401// 3001//
f 3001// 2401// 3006//
f 3001// 3006// 3002//
f 3002// 3006// 3007//
f 3002// 3007// 3003//
f 3003// 3007// 3008//
f 3003// 3008// 3004//
f 3004// 3008// 3009//
f 3004// 3009// 3005//
f 3005// 3009// 3010//
f 3005// 3010// 2451//
f 2451// 3010// 2398//
f 2401// 2393// 3011//
f 2401// 3011// 3006//
f 3006// 3011// 3012//
f 3006// 3012// 3007//
f 3007// 3012// 3013//
f 3007// 3013// 3008//
f 3008// 3013// 3014//
f 3008// 3014// 3009//
f 3009// 3014// 3015//
f 3009// 3015// 3010//
f 3010// 3015// 2351//
f 3010// 2351// 2398//
f 2389// 2387// 3016//
f 2379// 2377// 3017//
f 2369// 2367// 3018//
f 2365// 2363// 3019//
f 2355// 2361// 3020//
f 3020// 2361// 3021//
f 3020// 3021// 3022//
f 3022// 3021// 3023//
f 3022// 3023// 3024//
f 3024// 3023// 3025//
f 3024// 3025// 3026//
f 3026// 3025// 3027//
f 3026// 3027// 3028//
f 3028// 3027// 3017//
f 2359// 2348// 3029//
f 3029// 2348// 3030//
f 3029// 3030// 3031//
f 3031// 3030// 3032//
f 3031// 3032// 3033//
f 3033// 3032// 3034//
f 3033// 3034// 3035//
f 3035// 3034// 3036//
f 3035// 3036// 3037//
f 3037// 3036// 3016//
f 2312// 2352// 3038//
f 3038// 2352// 3039//
f 3038// 3039// 3040//
f 3040// 3039// 3041//
f 3040// 3041// 3042//
f 3042// 3041// 3043//
f 3042// 3043// 3044//
f 3044// 3043// 3045//
f 3044// 3045// 3046//
f 3046// 3045// 3019//
f 3046// 3019// 2317//
f 2317// 3019// 2363//
f 2352// 2358// 3039//
f 3039// 2358// 3047//
f 3039// 3047// 3041//
f 3041// 3047// 3048//
f 3041// 3048// 3043//
f 3043// 3048// 3049//
f 3043// 3049// 3045//
f 3045// 3049// 3050//
f 3045// 3050// 3019//
f 3019// 3050// 3018//
f 3019// 3018// 2365//
f 2365// 3018// 2367//
f 2371// 2369// 3051//
f 3051// 2369// 3018//
f 3051// 3018// 3052//
f 3052// 3018// 3050//
f 3052// 3050// 3053//
f 3053// 3050// 3049//
f 3053// 3049// 3054//
f 3054// 3049// 3048//
f 3054// 3048// 3055//
f 3055// 3048// 3047//
f 3055// 3047// 2357//
f 2357// 3047// 2358//
f 2357// 2355// 3055//
f 3055// 2355// 3020//
f 3055// 3020// 3054//
f 3054// 3020// 3022//
f 3054// 3022// 3053//
f 3053// 3022// 3024//
f 3053// 3024// 3052//
f 3052// 3024// 3026//
f 3052// 3026// 3051//
f 3051// 3026// 3028//
f 3051// 3028// 2371//
f 2371// 3028// 2373//
f 3017// 2377// 3028//
f 3028// 2377// 2375//
f 3028// 2375// 2373//
f 2381// 2379// 3056//
f 3056// 2379// 3017//
f 3056// 3017// 3057//
f 3057// 3017// 3027//
f 3057// 3027// 3058//
f 3058// 3027// 3025//
f 3058// 3025// 3059//
f 3059// 3025// 3023//
f 3059// 3023// 3060//
f 3060// 3023// 3021//
f 3060// 3021// 2360//
f 2360// 3021// 2361//
f 2360// 2359// 3060//
f 3060// 2359// 3029//
f 3060// 3029// 3059//
f 3059// 3029// 3031//
f 3059// 3031// 3058//
f 3058// 3031// 3033//
f 3058// 3033// 3057//
f 3057// 3033// 3035//
f 3057// 3035// 3056//
f 3056// 3035// 3037//
f 3056// 3037// 2381//
f 2381// 3037// 2383//
f 3016// 2387// 3037//
f 3037// 2387// 2385//
f 3037// 2385// 2383//
f 2391// 2389// 3061//
f 3061// 2389// 3016//
f 3061// 3016// 3062//
f 3062// 3016// 3036//
f 3062// 3036// 3063//
f 3063// 3036// 3034//
f 3063// 3034// 3064//
f 3064// 3034// 3032//
f 3064// 3032// 3065//
f 3065// 3032// 3030//
f 3065// 3030// 2349//
f 2349// 3030// 2348//
f 2349// 2351// 3065//
f 3065// 2351// 3015//
f 3065// 3015// 3064//
f 3064// 3015// 3014//
f 3064// 3014// 3063//
f 3063// 3014// 3013//
f 3063// 3013// 3062//
f 3062// 3013// 3012//
f 3062// 3012// 3061//
f 3061// 3012// 3011//
f 3061// 3011// 2391//
f 2391// 3011// 2393//
f 2310// 2312// 2588//
f 2588// 2312// 3038//
f 2588// 3038// 3066//
f 3066// 3038// 3067//
f 3067// 3038// 3040//
f 3067// 3040// 3068//
f 3068// 3040// 3069//
f 3069// 3040// 3042//
f 3069// 3042// 3070//
f 3070// 3042// 3071//
f 3071// 3042// 3044//
f 3071// 3044// 3072//
f 3072// 3044// 3073//
f 3073// 3044// 3046//
f 3073// 3046// 3074//
f 2317// 2315// 3046//
f 3046// 2315// 2587//
f 3046// 2587// 3074//
f 2585// 2488// 2735//
f 2735// 2488// 2495//
f 2735// 2495// 2733//
f 2733// 2495// 2492//
f 2733// 2492// 2732//
f 2732// 2492// 2491//
f 2732// 2491// 2730//
f 2730// 2491// 2513//
f 2730// 2513// 2729//
f 2729// 2513// 2514//
f 2729// 2514// 2727//
f 2727// 2514// 2726//
f 2726// 2514// 2512//
f 2726// 2512// 2724//
f 2724// 2512// 2511//
f 2724// 2511// 2723//
f 2723// 2511// 2493//
f 2723// 2493// 2721//
f 2721// 2493// 2494//
f 2721// 2494// 2719//
f 2719// 2494// 2490//
f 2719// 2490// 2582//
f 2597// 2516// 2595//
f 2595// 2516// 2515//
f 2595// 2515// 2593//
f 2593// 2515// 2499//
f 2593// 2499// 2591//
f 2591// 2499// 2487//
f 2591// 2487// 2586//
f 2500// 2517// 2601//
f 2601// 2517// 2519//
f 2601// 2519// 2599//
f 2599// 2519// 2520//
f 2599// 2520// 2597//
f 2597// 2520// 2518//
f 2597// 2518// 2516//
f 2583// 2489// 2607//
f 2607// 2489// 2501//
f 2607// 2501// 2605//
f 2605// 2501// 2500//
f 2605// 2500// 2603//
f 2603// 2500// 2601//
f 2589// 2497// 2857//
f 2857// 2497// 2504//
f 2857// 2504// 2855//
f 2855// 2504// 2503//
f 2855// 2503// 2854//
f 2854// 2503// 2507//
f 2854// 2507// 2852//
f 2852// 2507// 2521//
f 2852// 2521// 2851//
f 2851// 2521// 2523//
f 2851// 2523// 2849//
f 2849// 2523// 2848//
f 2848// 2523// 2522//
f 2848// 2522// 2846//
f 2846// 2522// 2506//
f 2846// 2506// 2845//
f 2845// 2506// 2505//
f 2845// 2505// 2843//
f 2843// 2505// 2502//
f 2843// 2502// 2841//
f 2841// 2502// 2496//
f 2841// 2496// 2584//
f 3069// 2525// 3068//
f 3068// 2525// 2524//
f 3068// 2524// 3067//
f 3067// 2524// 2508//
f 3067// 2508// 3066//
f 3066// 2508// 2498//
f 3066// 2498// 2588//
f 2509// 2526// 3071//
f 3071// 2526// 2528//
f 3071// 2528// 3070//
f 3070// 2528// 2529//
f 3070// 2529// 3069//
f 3069// 2529// 2527//
f 3069// 2527// 2525//
f 2587// 2486// 3074//
f 3074// 2486// 2510//
f 3074// 2510// 3073//
f 3073// 2510// 2509//
f 3073// 2509// 3072//
f 3072// 2509// 3071//
f 2574// 2531// 2551//
f 2965// 2574// 2980//
f 2980// 2574// 2551//
f 2980// 2551// 2979//
f 2979// 2551// 2545//
f 2979// 2545// 2977//
f 2977// 2545// 2975//
f 2545// 2544// 2975//
f 2975// 2544// 2565//
f 2975// 2565// 2974//
f 2974// 2565// 2566//
f 2974// 2566// 2972//
f 2566// 2564// 2972//
f 2972// 2564// 2563//
f 2972// 2563// 2971//
f 2971// 2563// 2546//
f 2971// 2546// 2969//
f 2969// 2546// 2550//
f 2969// 2550// 2967//
f 2967// 2550// 2535//
f 2967// 2535// 2576//
f 2713// 2542// 2712//
f 2712// 2542// 2541//
f 2712// 2541// 2711//
f 2711// 2541// 2538//
f 2711// 2538// 2710//
f 2710// 2538// 2533//
f 2710// 2533// 2580//
f 2539// 2543// 2715//
f 2715// 2543// 2560//
f 2715// 2560// 2714//
f 2714// 2560// 2562//
f 2714// 2562// 2713//
f 2713// 2562// 2561//
f 2713// 2561// 2542//
f 2577// 2534// 2718//
f 2718// 2534// 2540//
f 2718// 2540// 2717//
f 2717// 2540// 2539//
f 2717// 2539// 2716//
f 2716// 2539// 2715//
f 2581// 2537// 2840//
f 2840// 2537// 2556//
f 2840// 2556// 2839//
f 2839// 2556// 2555//
f 2839// 2555// 2838//
f 2838// 2555// 2837//
f 2555// 2559// 2837//
f 2837// 2559// 2571//
f 2837// 2571// 2836//
f 2836// 2571// 2573//
f 2836// 2573// 2835//
f 2573// 2572// 2835//
f 2835// 2572// 2558//
f 2835// 2558// 2834//
f 2834// 2558// 2557//
f 2834// 2557// 2833//
f 2833// 2557// 2554//
f 2833// 2554// 2832//
f 2832// 2554// 2536//
f 2832// 2536// 2578//
f 2579// 2530// 2964//
f 2964// 2530// 2553//
f 2964// 2553// 2963//
f 2963// 2553// 2548//
f 2963// 2548// 2962//
f 2962// 2548// 2961//
f 2548// 2547// 2961//
f 2961// 2547// 2569//
f 2961// 2569// 2960//
f 2960// 2569// 2570//
f 2960// 2570// 2959//
f 2575// 2955// 2956//
f 2570// 2568// 2959//
f 2959// 2568// 2567//
f 2959// 2567// 2958//
f 2958// 2567// 2549//
f 2958// 2549// 2957//
f 2957// 2549// 2552//
f 2957// 2552// 2956//
f 2956// 2552// 2532//
f 2956// 2532// 2575//
f 3075// 3076// 3077//
f 3077// 3076// 3078//
f 3079// 3080// 3081//
f 3081// 3080// 3082//
f 3083// 3084// 3085//
f 3085// 3084// 3086//
f 3087// 3088// 3089//
f 3089// 3088// 3090//
f 3091// 3092// 3093//
f 3093// 3092// 3094//
f 3095// 3096// 3097//
f 3097// 3096// 3098//
f 3097// 3098// 3094//
f 3094// 3098// 3099//
f 3094// 3099// 3093//
f 3100// 3101// 3102//
f 3102// 3101// 3103//
f 3103// 3101// 3076//
f 3103// 3076// 3075//
f 3102// 3104// 3100//
f 3100// 3104// 3105//
f 3100// 3105// 3095//
f 3095// 3105// 3106//
f 3095// 3106// 3096//
f 3107// 3108// 3109//
f 3109// 3108// 3110//
f 3109// 3110// 3111//
f 3111// 3110// 3112//
f 3111// 3112// 3113//
f 3113// 3112// 3114//
f 3113// 3114// 3115//
f 3115// 3114// 3116//
f 3115// 3116// 3117//
f 3117// 3116// 3118//
f 3117// 3118// 3079//
f 3079// 3118// 3080//
f 3119// 3120// 3121//
f 3121// 3120// 3122//
f 3122// 3120// 3123//
f 3122// 3123// 3124//
f 3085// 3086// 3125//
f 3125// 3086// 3126//
f 3127// 3128// 3129//
f 3129// 3128// 3130//
f 3129// 3130// 3126//
f 3126// 3130// 3131//
f 3126// 3131// 3125//
f 3121// 3132// 3119//
f 3119// 3132// 3133//
f 3119// 3133// 3127//
f 3127// 3133// 3134//
f 3127// 3134// 3128//
f 3089// 3090// 3135//
f 3135// 3090// 3136//
f 3135// 3136// 3137//
f 3137// 3136// 3138//
f 3137// 3138// 3139//
f 3139// 3138// 3140//
f 3139// 3140// 3141//
f 3141// 3140// 3142//
f 3141// 3142// 3143//
f 3143// 3142// 3144//
f 3143// 3144// 3145//
f 3145// 3144// 3146//
f 3145// 3146// 3147//
f 3147// 3146// 3148//
f 3147// 3148// 3149//
f 3149// 3148// 3150//
f 3149// 3150// 3151//
f 3151// 3150// 3152//
f 3151// 3152// 3153//
f 3153// 3152// 3154//
f 3153// 3154// 3155//
f 3155// 3154// 3156//
f 3155// 3156// 3157//
f 3157// 3156// 3158//
f 3157// 3158// 3159//
f 3159// 3158// 3160//
f 3159// 3160// 3161//
f 3161// 3160// 3162//
f 3161// 3162// 3163//
f 3163// 3162// 3164//
f 3163// 3164// 3165//
f 3165// 3164// 3166//
f 3167// 3168// 3091//
f 3091// 3168// 3092//
f 3169// 3170// 3107//
f 3107// 3170// 3108//
f 3124// 3123// 3171//
f 3171// 3123// 3172//
f 3165// 3166// 3173//
f 3173// 3166// 3174//
f 3168// 3167// 3175//
f 3175// 3167// 3176//
f 3177// 3178// 3179//
f 3180// 3181// 3182//
f 3182// 3181// 3183//
f 3182// 3183// 3176//
f 3176// 3183// 3184//
f 3176// 3184// 3175//
f 3179// 3178// 3185//
f 3185// 3178// 3186//
f 3185// 3186// 3187//
f 3179// 3188// 3177//
f 3177// 3188// 3189//
f 3177// 3189// 3180//
f 3180// 3189// 3190//
f 3180// 3190// 3181//
f 3170// 3169// 3191//
f 3191// 3169// 3192//
f 3191// 3192// 3193//
f 3193// 3192// 3194//
f 3193// 3194// 3195//
f 3195// 3194// 3196//
f 3195// 3196// 3197//
f 3197// 3196// 3198//
f 3197// 3198// 3199//
f 3199// 3198// 3200//
f 3199// 3200// 3201//
f 3201// 3200// 3202//
f 3201// 3202// 3203//
f 3203// 3202// 3204//
f 3203// 3204// 3205//
f 3205// 3204// 3206//
f 3205// 3206// 3207//
f 3207// 3206// 3208//
f 3207// 3208// 3209//
f 3209// 3208// 3210//
f 3209// 3210// 3211//
f 3211// 3210// 3212//
f 3211// 3212// 3213//
f 3213// 3212// 3214//
f 3213// 3214// 3215//
f 3215// 3214// 3216//
f 3215// 3216// 3217//
f 3217// 3216// 3218//
f 3217// 3218// 3219//
f 3219// 3218// 3220//
f 3219// 3220// 3221//
f 3221// 3220// 3222//
f 3223// 3224// 3225//
f 3225// 3224// 3226//
f 3226// 3224// 3171//
f 3226// 3171// 3172//
f 3227// 3228// 3229//
f 3229// 3228// 3230//
f 3231// 3232// 3233//
f 3233// 3232// 3234//
f 3233// 3234// 3230//
f 3230// 3234// 3235//
f 3230// 3235// 3229//
f 3225// 3236// 3223//
f 3223// 3236// 3237//
f 3223// 3237// 3231//
f 3231// 3237// 3238//
f 3231// 3238// 3232//
f 3239// 3240// 3241//
f 3241// 3240// 3242//
f 3241// 3242// 3243//
f 3243// 3242// 3244//
f 3243// 3244// 3245//
f 3245// 3244// 3246//
f 3245// 3246// 3247//
f 3247// 3246// 3248//
f 3247// 3248// 3249//
f 3249// 3248// 3250//
f 3249// 3250// 3174//
f 3174// 3250// 3173//
f 3240// 3239// 3251//
f 3251// 3239// 3252//
f 3253// 3254// 3186//
f 3186// 3254// 3187//
f 3255// 3256// 3222//
f 3222// 3256// 3221//
f 3228// 3227// 3257//
f 3257// 3227// 3258//
f 3259// 3260// 3261//
f 3262// 3263// 3264//
f 3265// 3266// 3267//
f 3264// 3263// 3268//
f 3269// 3270// 3271//
f 3272// 3268// 3260//
f 3260// 3268// 3263//
f 3260// 3263// 3261//
f 3261// 3263// 3273//
f 3261// 3273// 3274//
f 3272// 3260// 3266//
f 3266// 3260// 3275//
f 3266// 3275// 3267//
f 3262// 3264// 3270//
f 3270// 3264// 3276//
f 3270// 3276// 3271//
f 3261// 3277// 3259//
f 3259// 3277// 3278//
f 3259// 3278// 3279//
f 3279// 3278// 3280//
f 3281// 3282// 3273//
f 3273// 3282// 3283//
f 3273// 3283// 3274//
f 3267// 3284// 3265//
f 3265// 3284// 3285//
f 3265// 3285// 3286//
f 3286// 3285// 3287//
f 3271// 3288// 3269//
f 3269// 3288// 3289//
f 3269// 3289// 3290//
f 3290// 3289// 3291//
f 3280// 3278// 3292//
f 3292// 3278// 3293//
f 3292// 3293// 3294//
f 3294// 3293// 3295//
f 3294// 3295// 3296//
f 3281// 3297// 3282//
f 3282// 3297// 3298//
f 3282// 3298// 3299//
f 3299// 3298// 3300//
f 3299// 3300// 3301//
f 3301// 3300// 3302//
f 3303// 3304// 3305//
f 3305// 3304// 3306//
f 3307// 3308// 3309//
f 3310// 3311// 3304//
f 3312// 3305// 3309//
f 3309// 3305// 3306//
f 3309// 3306// 3307//
f 3313// 3314// 3315//
f 3315// 3314// 3316//
f 3303// 3317// 3318//
f 3318// 3317// 3316//
f 3318// 3316// 3319//
f 3319// 3316// 3314//
f 3303// 3318// 3304//
f 3304// 3318// 3320//
f 3304// 3320// 3310//
f 3321// 3322// 3312//
f 3312// 3322// 3323//
f 3312// 3323// 3305//
f 3313// 3315// 3324//
f 3324// 3315// 3325//
f 3324// 3325// 3326//
f 3327// 3328// 3329//
f 3329// 3328// 3330//
f 3329// 3330// 3331//
f 3331// 3330// 3332//
f 3331// 3332// 3308//
f 3308// 3332// 3333//
f 3308// 3333// 3309//
f 3334// 3335// 3336//
f 3336// 3335// 3337//
f 3336// 3337// 3338//
f 3338// 3337// 3339//
f 3338// 3339// 3311//
f 3311// 3339// 3340//
f 3311// 3340// 3304//
f 3321// 3341// 3322//
f 3322// 3341// 3342//
f 3322// 3342// 3343//
f 3343// 3342// 3344//
f 3343// 3344// 3345//
f 3345// 3344// 3346//
f 3347// 3348// 3318//
f 3318// 3348// 3320//
f 3349// 3303// 3252//
f 3252// 3303// 3305//
f 3252// 3305// 3251//
f 3251// 3305// 3350//
f 3351// 3306// 3255//
f 3255// 3306// 3304//
f 3255// 3304// 3256//
f 3256// 3304// 3352//
f 3353// 3312// 3253//
f 3253// 3312// 3309//
f 3253// 3309// 3254//
f 3254// 3309// 3354//
f 3355// 3264// 3078//
f 3078// 3264// 3268//
f 3078// 3268// 3077//
f 3077// 3268// 3356//
f 3357// 3273// 3082//
f 3082// 3273// 3263//
f 3082// 3263// 3081//
f 3081// 3263// 3358//
f 3359// 3260// 3087//
f 3087// 3260// 3259//
f 3087// 3259// 3088//
f 3088// 3259// 3360//
f 3083// 3361// 3261//
f 3083// 3261// 3084//
f 3084// 3261// 3274//
f 3084// 3274// 3362//
f 3363// 3364// 3359//
f 3363// 3359// 3365//
f 3365// 3359// 3087//
f 3365// 3087// 3089//
f 3364// 3363// 3366//
f 3366// 3363// 3367//
f 3366// 3367// 3368//
f 3368// 3367// 3369//
f 3368// 3369// 3370//
f 3370// 3369// 3371//
f 3370// 3371// 3372//
f 3372// 3371// 3373//
f 3372// 3373// 3374//
f 3374// 3373// 3375//
f 3374// 3375// 3376//
f 3376// 3375// 3377//
f 3376// 3377// 3378//
f 3378// 3377// 3379//
f 3378// 3379// 3380//
f 3380// 3379// 3381//
f 3380// 3381// 3356//
f 3356// 3381// 3077//
f 3077// 3381// 3382//
f 3077// 3382// 3075//
f 3141// 3143// 3383//
f 3147// 3149// 3384//
f 3157// 3159// 3385//
f 3161// 3163// 3386//
f 3387// 3103// 3075//
f 3091// 3093// 3388//
f 3388// 3093// 3389//
f 3388// 3389// 3390//
f 3390// 3389// 3391//
f 3075// 3382// 3387//
f 3387// 3382// 3381//
f 3387// 3381// 3392//
f 3393// 3394// 3391//
f 3391// 3394// 3395//
f 3391// 3395// 3390//
f 3381// 3379// 3392//
f 3392// 3379// 3377//
f 3392// 3377// 3396//
f 3397// 3398// 3393//
f 3393// 3398// 3399//
f 3393// 3399// 3394//
f 3377// 3375// 3396//
f 3396// 3375// 3373//
f 3396// 3373// 3400//
f 3401// 3402// 3397//
f 3397// 3402// 3403//
f 3397// 3403// 3398//
f 3104// 3102// 3404//
f 3404// 3102// 3405//
f 3404// 3405// 3406//
f 3406// 3405// 3407//
f 3406// 3407// 3408//
f 3408// 3407// 3409//
f 3408// 3409// 3410//
f 3410// 3409// 3411//
f 3410// 3411// 3412//
f 3412// 3411// 3413//
f 3412// 3413// 3383//
f 3102// 3103// 3405//
f 3405// 3103// 3387//
f 3405// 3387// 3407//
f 3407// 3387// 3392//
f 3407// 3392// 3409//
f 3409// 3392// 3396//
f 3409// 3396// 3411//
f 3411// 3396// 3400//
f 3411// 3400// 3413//
f 3413// 3400// 3414//
f 3386// 3415// 3401//
f 3401// 3415// 3416//
f 3401// 3416// 3402//
f 3096// 3106// 3417//
f 3417// 3106// 3418//
f 3417// 3418// 3419//
f 3419// 3418// 3420//
f 3419// 3420// 3421//
f 3421// 3420// 3422//
f 3421// 3422// 3423//
f 3423// 3422// 3424//
f 3423// 3424// 3425//
f 3425// 3424// 3426//
f 3425// 3426// 3427//
f 3427// 3426// 3384//
f 3373// 3371// 3400//
f 3400// 3371// 3369//
f 3400// 3369// 3414//
f 3414// 3369// 3367//
f 3414// 3367// 3363//
f 3383// 3413// 3428//
f 3428// 3413// 3414//
f 3428// 3414// 3429//
f 3429// 3414// 3363//
f 3429// 3363// 3365//
f 3163// 3165// 3386//
f 3386// 3165// 3430//
f 3386// 3430// 3415//
f 3093// 3099// 3389//
f 3389// 3099// 3431//
f 3389// 3431// 3391//
f 3391// 3431// 3432//
f 3391// 3432// 3393//
f 3393// 3432// 3433//
f 3393// 3433// 3397//
f 3397// 3433// 3434//
f 3397// 3434// 3401//
f 3401// 3434// 3435//
f 3401// 3435// 3386//
f 3386// 3435// 3385//
f 3386// 3385// 3161//
f 3161// 3385// 3159//
f 3155// 3157// 3436//
f 3436// 3157// 3385//
f 3436// 3385// 3437//
f 3437// 3385// 3435//
f 3437// 3435// 3438//
f 3438// 3435// 3434//
f 3438// 3434// 3439//
f 3439// 3434// 3433//
f 3439// 3433// 3440//
f 3440// 3433// 3432//
f 3440// 3432// 3441//
f 3441// 3432// 3431//
f 3441// 3431// 3098//
f 3098// 3431// 3099//
f 3098// 3096// 3441//
f 3441// 3096// 3417//
f 3441// 3417// 3440//
f 3440// 3417// 3419//
f 3440// 3419// 3439//
f 3439// 3419// 3421//
f 3439// 3421// 3438//
f 3438// 3421// 3423//
f 3438// 3423// 3437//
f 3437// 3423// 3425//
f 3437// 3425// 3436//
f 3436// 3425// 3427//
f 3436// 3427// 3155//
f 3155// 3427// 3153//
f 3384// 3149// 3427//
f 3427// 3149// 3151//
f 3427// 3151// 3153//
f 3145// 3147// 3442//
f 3442// 3147// 3384//
f 3442// 3384// 3443//
f 3443// 3384// 3426//
f 3443// 3426// 3444//
f 3444// 3426// 3424//
f 3444// 3424// 3445//
f 3445// 3424// 3422//
f 3445// 3422// 3446//
f 3446// 3422// 3420//
f 3446// 3420// 3447//
f 3447// 3420// 3418//
f 3447// 3418// 3105//
f 3105// 3418// 3106//
f 3105// 3104// 3447//
f 3447// 3104// 3404//
f 3447// 3404// 3446//
f 3446// 3404// 3406//
f 3446// 3406// 3445//
f 3445// 3406// 3408//
f 3445// 3408// 3444//
f 3444// 3408// 3410//
f 3444// 3410// 3443//
f 3443// 3410// 3412//
f 3443// 3412// 3442//
f 3442// 3412// 3383//
f 3442// 3383// 3145//
f 3145// 3383// 3143//
f 3141// 3383// 3139//
f 3139// 3383// 3428//
f 3139// 3428// 3137//
f 3137// 3428// 3429//
f 3137// 3429// 3135//
f 3135// 3429// 3365//
f 3135// 3365// 3089//
f 3091// 3388// 3167//
f 3167// 3388// 3448//
f 3388// 3390// 3448//
f 3448// 3390// 3395//
f 3448// 3395// 3449//
f 3395// 3394// 3449//
f 3449// 3394// 3399//
f 3449// 3399// 3450//
f 3450// 3399// 3398//
f 3450// 3398// 3451//
f 3398// 3403// 3451//
f 3451// 3403// 3402//
f 3451// 3402// 3452//
f 3402// 3416// 3452//
f 3452// 3416// 3415//
f 3452// 3415// 3173//
f 3173// 3415// 3430//
f 3173// 3430// 3165//
f 3173// 3250// 3452//
f 3452// 3250// 3453//
f 3452// 3453// 3451//
f 3451// 3453// 3454//
f 3451// 3454// 3450//
f 3450// 3454// 3455//
f 3450// 3455// 3449//
f 3449// 3455// 3456//
f 3449// 3456// 3448//
f 3448// 3456// 3457//
f 3448// 3457// 3167//
f 3167// 3457// 3176//
f 3250// 3248// 3453//
f 3453// 3248// 3458//
f 3453// 3458// 3454//
f 3454// 3458// 3459//
f 3454// 3459// 3455//
f 3455// 3459// 3460//
f 3455// 3460// 3456//
f 3456// 3460// 3461//
f 3456// 3461// 3457//
f 3457// 3461// 3462//
f 3457// 3462// 3176//
f 3176// 3462// 3182//
f 3248// 3246// 3458//
f 3458// 3246// 3463//
f 3458// 3463// 3459//
f 3459// 3463// 3464//
f 3459// 3464// 3460//
f 3460// 3464// 3465//
f 3460// 3465// 3461//
f 3461// 3465// 3466//
f 3461// 3466// 3462//
f 3462// 3466// 3467//
f 3462// 3467// 3182//
f 3182// 3467// 3180//
f 3246// 3244// 3463//
f 3463// 3244// 3468//
f 3463// 3468// 3464//
f 3464// 3468// 3469//
f 3464// 3469// 3465//
f 3465// 3469// 3470//
f 3465// 3470// 3466//
f 3466// 3470// 3471//
f 3466// 3471// 3467//
f 3467// 3471// 3472//
f 3467// 3472// 3180//
f 3180// 3472// 3177//
f 3244// 3242// 3468//
f 3468// 3242// 3473//
f 3468// 3473// 3469//
f 3469// 3473// 3474//
f 3469// 3474// 3470//
f 3470// 3474// 3475//
f 3470// 3475// 3471//
f 3471// 3475// 3476//
f 3471// 3476// 3472//
f 3472// 3476// 3477//
f 3472// 3477// 3177//
f 3177// 3477// 3178//
f 3242// 3240// 3473//
f 3473// 3240// 3478//
f 3473// 3478// 3474//
f 3474// 3478// 3479//
f 3474// 3479// 3475//
f 3475// 3479// 3480//
f 3475// 3480// 3476//
f 3476// 3480// 3481//
f 3476// 3481// 3477//
f 3477// 3481// 3482//
f 3477// 3482// 3178//
f 3178// 3482// 3186//
f 3353// 3253// 3186//
f 3353// 3186// 3483//
f 3483// 3186// 3482//
f 3483// 3482// 3484//
f 3484// 3482// 3481//
f 3484// 3481// 3485//
f 3485// 3481// 3486//
f 3486// 3481// 3480//
f 3486// 3480// 3487//
f 3487// 3480// 3488//
f 3488// 3480// 3479//
f 3488// 3479// 3489//
f 3489// 3479// 3490//
f 3490// 3479// 3478//
f 3490// 3478// 3491//
f 3240// 3251// 3478//
f 3478// 3251// 3350//
f 3478// 3350// 3491//
f 3355// 3078// 3076//
f 3355// 3076// 3492//
f 3492// 3076// 3493//
f 3492// 3493// 3494//
f 3494// 3493// 3495//
f 3494// 3495// 3496//
f 3496// 3495// 3497//
f 3497// 3495// 3498//
f 3497// 3498// 3499//
f 3499// 3498// 3500//
f 3500// 3498// 3501//
f 3500// 3501// 3502//
f 3502// 3501// 3503//
f 3503// 3501// 3504//
f 3503// 3504// 3505//
f 3505// 3504// 3506//
f 3506// 3504// 3507//
f 3506// 3507// 3508//
f 3079// 3081// 3507//
f 3507// 3081// 3358//
f 3507// 3358// 3508//
f 3107// 3109// 3509//
f 3509// 3109// 3510//
f 3509// 3510// 3511//
f 3511// 3510// 3512//
f 3513// 3514// 3512//
f 3512// 3514// 3515//
f 3512// 3515// 3511//
f 3516// 3517// 3513//
f 3513// 3517// 3518//
f 3513// 3518// 3514//
f 3519// 3520// 3516//
f 3516// 3520// 3521//
f 3516// 3521// 3517//
f 3522// 3523// 3519//
f 3519// 3523// 3524//
f 3519// 3524// 3520//
f 3094// 3092// 3522//
f 3522// 3092// 3525//
f 3522// 3525// 3523//
f 3109// 3111// 3510//
f 3510// 3111// 3526//
f 3510// 3526// 3512//
f 3512// 3526// 3527//
f 3512// 3527// 3513//
f 3513// 3527// 3528//
f 3513// 3528// 3516//
f 3516// 3528// 3529//
f 3516// 3529// 3519//
f 3519// 3529// 3530//
f 3519// 3530// 3522//
f 3522// 3530// 3531//
f 3522// 3531// 3094//
f 3094// 3531// 3097//
f 3111// 3113// 3526//
f 3526// 3113// 3532//
f 3526// 3532// 3527//
f 3527// 3532// 3533//
f 3527// 3533// 3528//
f 3528// 3533// 3534//
f 3528// 3534// 3529//
f 3529// 3534// 3535//
f 3529// 3535// 3530//
f 3530// 3535// 3536//
f 3530// 3536// 3531//
f 3531// 3536// 3537//
f 3531// 3537// 3097//
f 3097// 3537// 3095//
f 3113// 3115// 3532//
f 3532// 3115// 3538//
f 3532// 3538// 3533//
f 3533// 3538// 3539//
f 3533// 3539// 3534//
f 3534// 3539// 3540//
f 3534// 3540// 3535//
f 3535// 3540// 3541//
f 3535// 3541// 3536//
f 3536// 3541// 3542//
f 3536// 3542// 3537//
f 3537// 3542// 3543//
f 3537// 3543// 3095//
f 3095// 3543// 3100//
f 3115// 3117// 3538//
f 3538// 3117// 3544//
f 3538// 3544// 3539//
f 3539// 3544// 3545//
f 3539// 3545// 3540//
f 3540// 3545// 3546//
f 3540// 3546// 3541//
f 3541// 3546// 3547//
f 3541// 3547// 3542//
f 3542// 3547// 3548//
f 3542// 3548// 3543//
f 3543// 3548// 3549//
f 3543// 3549// 3100//
f 3100// 3549// 3101//
f 3117// 3079// 3544//
f 3544// 3079// 3507//
f 3544// 3507// 3545//
f 3545// 3507// 3504//
f 3545// 3504// 3546//
f 3546// 3504// 3501//
f 3546// 3501// 3547//
f 3547// 3501// 3498//
f 3547// 3498// 3548//
f 3548// 3498// 3495//
f 3548// 3495// 3549//
f 3549// 3495// 3493//
f 3549// 3493// 3101//
f 3101// 3493// 3076//
f 3107// 3509// 3169//
f 3169// 3509// 3550//
f 3509// 3511// 3550//
f 3550// 3511// 3515//
f 3550// 3515// 3551//
f 3515// 3514// 3551//
f 3551// 3514// 3518//
f 3551// 3518// 3552//
f 3552// 3518// 3517//
f 3552// 3517// 3553//
f 3517// 3521// 3553//
f 3553// 3521// 3520//
f 3553// 3520// 3554//
f 3520// 3524// 3554//
f 3554// 3524// 3523//
f 3554// 3523// 3168//
f 3168// 3523// 3525//
f 3168// 3525// 3092//
f 3218// 3216// 3555//
f 3208// 3206// 3556//
f 3198// 3196// 3557//
f 3194// 3192// 3558//
f 3181// 3190// 3559//
f 3559// 3190// 3560//
f 3559// 3560// 3561//
f 3561// 3560// 3562//
f 3561// 3562// 3563//
f 3563// 3562// 3564//
f 3563// 3564// 3565//
f 3565// 3564// 3566//
f 3565// 3566// 3567//
f 3567// 3566// 3556//
f 3188// 3179// 3568//
f 3568// 3179// 3569//
f 3568// 3569// 3570//
f 3570// 3569// 3571//
f 3570// 3571// 3572//
f 3572// 3571// 3573//
f 3572// 3573// 3574//
f 3574// 3573// 3575//
f 3574// 3575// 3576//
f 3576// 3575// 3555//
f 3168// 3175// 3554//
f 3554// 3175// 3577//
f 3554// 3577// 3553//
f 3553// 3577// 3578//
f 3553// 3578// 3552//
f 3552// 3578// 3579//
f 3552// 3579// 3551//
f 3551// 3579// 3580//
f 3551// 3580// 3550//
f 3550// 3580// 3558//
f 3550// 3558// 3169//
f 3169// 3558// 3192//
f 3175// 3184// 3577//
f 3577// 3184// 3581//
f 3577// 3581// 3578//
f 3578// 3581// 3582//
f 3578// 3582// 3579//
f 3579// 3582// 3583//
f 3579// 3583// 3580//
f 3580// 3583// 3584//
f 3580// 3584// 3558//
f 3558// 3584// 3557//
f 3558// 3557// 3194//
f 3194// 3557// 3196//
f 3200// 3198// 3585//
f 3585// 3198// 3557//
f 3585// 3557// 3586//
f 3586// 3557// 3584//
f 3586// 3584// 3587//
f 3587// 3584// 3583//
f 3587// 3583// 3588//
f 3588// 3583// 3582//
f 3588// 3582// 3589//
f 3589// 3582// 3581//
f 3589// 3581// 3183//
f 3183// 3581// 3184//
f 3183// 3181// 3589//
f 3589// 3181// 3559//
f 3589// 3559// 3588//
f 3588// 3559// 3561//
f 3588// 3561// 3587//
f 3587// 3561// 3563//
f 3587// 3563// 3586//
f 3586// 3563// 3565//
f 3586// 3565// 3585//
f 3585// 3565// 3567//
f 3585// 3567// 3200//
f 3200// 3567// 3202//
f 3556// 3206// 3567//
f 3567// 3206// 3204//
f 3567// 3204// 3202//
f 3210// 3208// 3590//
f 3590// 3208// 3556//
f 3590// 3556// 3591//
f 3591// 3556// 3566//
f 3591// 3566// 3592//
f 3592// 3566// 3564//
f 3592// 3564// 3593//
f 3593// 3564// 3562//
f 3593// 3562// 3594//
f 3594// 3562// 3560//
f 3594// 3560// 3189//
f 3189// 3560// 3190//
f 3189// 3188// 3594//
f 3594// 3188// 3568//
f 3594// 3568// 3593//
f 3593// 3568// 3570//
f 3593// 3570// 3592//
f 3592// 3570// 3572//
f 3592// 3572// 3591//
f 3591// 3572// 3574//
f 3591// 3574// 3590//
f 3590// 3574// 3576//
f 3590// 3576// 3210//
f 3210// 3576// 3212//
f 3555// 3216// 3576//
f 3576// 3216// 3214//
f 3576// 3214// 3212//
f 3220// 3218// 3595//
f 3595// 3218// 3555//
f 3595// 3555// 3596//
f 3596// 3555// 3575//
f 3596// 3575// 3597//
f 3597// 3575// 3573//
f 3597// 3573// 3598//
f 3598// 3573// 3571//
f 3598// 3571// 3599//
f 3599// 3571// 3569//
f 3599// 3569// 3185//
f 3185// 3569// 3179//
f 3185// 3187// 3599//
f 3599// 3187// 3600//
f 3599// 3600// 3598//
f 3598// 3600// 3601//
f 3598// 3601// 3597//
f 3597// 3601// 3602//
f 3597// 3602// 3596//
f 3596// 3602// 3603//
f 3596// 3603// 3595//
f 3595// 3603// 3604//
f 3595// 3604// 3220//
f 3220// 3604// 3222//
f 3351// 3255// 3222//
f 3351// 3222// 3605//
f 3605// 3222// 3604//
f 3605// 3604// 3606//
f 3606// 3604// 3603//
f 3606// 3603// 3607//
f 3607// 3603// 3608//
f 3608// 3603// 3602//
f 3608// 3602// 3609//
f 3609// 3602// 3610//
f 3610// 3602// 3601//
f 3610// 3601// 3611//
f 3611// 3601// 3612//
f 3612// 3601// 3600//
f 3612// 3600// 3613//
f 3187// 3254// 3600//
f 3600// 3254// 3354//
f 3600// 3354// 3613//
f 3357// 3082// 3080//
f 3357// 3080// 3614//
f 3614// 3080// 3615//
f 3614// 3615// 3616//
f 3616// 3615// 3617//
f 3616// 3617// 3618//
f 3618// 3617// 3619//
f 3619// 3617// 3620//
f 3619// 3620// 3621//
f 3621// 3620// 3622//
f 3622// 3620// 3623//
f 3622// 3623// 3624//
f 3624// 3623// 3625//
f 3625// 3623// 3626//
f 3625// 3626// 3627//
f 3627// 3626// 3628//
f 3628// 3626// 3629//
f 3628// 3629// 3630//
f 3086// 3084// 3629//
f 3629// 3084// 3362//
f 3629// 3362// 3630//
f 3086// 3629// 3631//
f 3632// 3110// 3108//
f 3108// 3633// 3632//
f 3632// 3633// 3634//
f 3632// 3634// 3635//
f 3634// 3636// 3635//
f 3635// 3636// 3637//
f 3635// 3637// 3638//
f 3637// 3639// 3638//
f 3638// 3639// 3640//
f 3638// 3640// 3641//
f 3080// 3118// 3615//
f 3615// 3118// 3642//
f 3615// 3642// 3617//
f 3617// 3642// 3643//
f 3617// 3643// 3620//
f 3620// 3643// 3644//
f 3620// 3644// 3623//
f 3623// 3644// 3645//
f 3623// 3645// 3626//
f 3626// 3645// 3646//
f 3626// 3646// 3629//
f 3118// 3116// 3642//
f 3642// 3116// 3647//
f 3642// 3647// 3643//
f 3643// 3647// 3648//
f 3643// 3648// 3644//
f 3644// 3648// 3649//
f 3644// 3649// 3645//
f 3645// 3649// 3650//
f 3645// 3650// 3646//
f 3646// 3650// 3651//
f 3116// 3114// 3647//
f 3647// 3114// 3652//
f 3647// 3652// 3648//
f 3648// 3652// 3653//
f 3648// 3653// 3649//
f 3649// 3653// 3654//
f 3649// 3654// 3650//
f 3650// 3654// 3655//
f 3650// 3655// 3651//
f 3651// 3655// 3656//
f 3114// 3112// 3652//
f 3652// 3112// 3657//
f 3652// 3657// 3653//
f 3653// 3657// 3658//
f 3653// 3658// 3654//
f 3654// 3658// 3659//
f 3654// 3659// 3655//
f 3655// 3659// 3660//
f 3655// 3660// 3656//
f 3656// 3660// 3661//
f 3112// 3110// 3657//
f 3657// 3110// 3632//
f 3657// 3632// 3658//
f 3658// 3632// 3635//
f 3658// 3635// 3659//
f 3659// 3635// 3638//
f 3659// 3638// 3660//
f 3660// 3638// 3641//
f 3660// 3641// 3661//
f 3661// 3641// 3662//
f 3640// 3663// 3641//
f 3641// 3663// 3664//
f 3641// 3664// 3662//
f 3662// 3664// 3665//
f 3662// 3665// 3666//
f 3629// 3646// 3631//
f 3631// 3646// 3651//
f 3631// 3651// 3667//
f 3667// 3651// 3656//
f 3667// 3656// 3668//
f 3668// 3656// 3661//
f 3668// 3661// 3669//
f 3669// 3661// 3662//
f 3669// 3662// 3670//
f 3670// 3662// 3666//
f 3670// 3666// 3671//
f 3086// 3631// 3126//
f 3126// 3631// 3667//
f 3126// 3667// 3129//
f 3129// 3667// 3668//
f 3129// 3668// 3127//
f 3127// 3668// 3669//
f 3127// 3669// 3119//
f 3119// 3669// 3670//
f 3119// 3670// 3120//
f 3120// 3670// 3671//
f 3120// 3671// 3123//
f 3123// 3671// 3172//
f 3172// 3671// 3672//
f 3671// 3666// 3672//
f 3672// 3666// 3665//
f 3672// 3665// 3673//
f 3665// 3664// 3673//
f 3673// 3664// 3663//
f 3673// 3663// 3674//
f 3674// 3663// 3640//
f 3674// 3640// 3675//
f 3640// 3639// 3675//
f 3675// 3639// 3637//
f 3675// 3637// 3676//
f 3637// 3636// 3676//
f 3676// 3636// 3634//
f 3676// 3634// 3170//
f 3170// 3634// 3633//
f 3170// 3633// 3108//
f 3193// 3195// 3677//
f 3203// 3205// 3678//
f 3213// 3215// 3679//
f 3217// 3219// 3680//
f 3232// 3238// 3681//
f 3681// 3238// 3682//
f 3681// 3682// 3683//
f 3683// 3682// 3684//
f 3683// 3684// 3685//
f 3685// 3684// 3686//
f 3685// 3686// 3687//
f 3687// 3686// 3688//
f 3687// 3688// 3689//
f 3689// 3688// 3678//
f 3236// 3225// 3690//
f 3690// 3225// 3691//
f 3690// 3691// 3692//
f 3692// 3691// 3693//
f 3692// 3693// 3694//
f 3694// 3693// 3695//
f 3694// 3695// 3696//
f 3696// 3695// 3697//
f 3696// 3697// 3698//
f 3698// 3697// 3677//
f 3227// 3229// 3699//
f 3699// 3229// 3700//
f 3699// 3700// 3701//
f 3701// 3700// 3702//
f 3701// 3702// 3703//
f 3703// 3702// 3704//
f 3703// 3704// 3705//
f 3705// 3704// 3706//
f 3705// 3706// 3707//
f 3707// 3706// 3680//
f 3707// 3680// 3221//
f 3221// 3680// 3219//
f 3229// 3235// 3700//
f 3700// 3235// 3708//
f 3700// 3708// 3702//
f 3702// 3708// 3709//
f 3702// 3709// 3704//
f 3704// 3709// 3710//
f 3704// 3710// 3706//
f 3706// 3710// 3711//
f 3706// 3711// 3680//
f 3680// 3711// 3679//
f 3680// 3679// 3217//
f 3217// 3679// 3215//
f 3211// 3213// 3712//
f 3712// 3213// 3679//
f 3712// 3679// 3713//
f 3713// 3679// 3711//
f 3713// 3711// 3714//
f 3714// 3711// 3710//
f 3714// 3710// 3715//
f 3715// 3710// 3709//
f 3715// 3709// 3716//
f 3716// 3709// 3708//
f 3716// 3708// 3234//
f 3234// 3708// 3235//
f 3234// 3232// 3716//
f 3716// 3232// 3681//
f 3716// 3681// 3715//
f 3715// 3681// 3683//
f 3715// 3683// 3714//
f 3714// 3683// 3685//
f 3714// 3685// 3713//
f 3713// 3685// 3687//
f 3713// 3687// 3712//
f 3712// 3687// 3689//
f 3712// 3689// 3211//
f 3211// 3689// 3209//
f 3678// 3205// 3689//
f 3689// 3205// 3207//
f 3689// 3207// 3209//
f 3201// 3203// 3717//
f 3717// 3203// 3678//
f 3717// 3678// 3718//
f 3718// 3678// 3688//
f 3718// 3688// 3719//
f 3719// 3688// 3686//
f 3719// 3686// 3720//
f 3720// 3686// 3684//
f 3720// 3684// 3721//
f 3721// 3684// 3682//
f 3721// 3682// 3237//
f 3237// 3682// 3238//
f 3237// 3236// 3721//
f 3721// 3236// 3690//
f 3721// 3690// 3720//
f 3720// 3690// 3692//
f 3720// 3692// 3719//
f 3719// 3692// 3694//
f 3719// 3694// 3718//
f 3718// 3694// 3696//
f 3718// 3696// 3717//
f 3717// 3696// 3698//
f 3717// 3698// 3201//
f 3201// 3698// 3199//
f 3677// 3195// 3698//
f 3698// 3195// 3197//
f 3698// 3197// 3199//
f 3191// 3193// 3722//
f 3722// 3193// 3677//
f 3722// 3677// 3723//
f 3723// 3677// 3697//
f 3723// 3697// 3724//
f 3724// 3697// 3695//
f 3724// 3695// 3725//
f 3725// 3695// 3693//
f 3725// 3693// 3726//
f 3726// 3693// 3691//
f 3726// 3691// 3226//
f 3226// 3691// 3225//
f 3226// 3172// 3726//
f 3726// 3172// 3672//
f 3726// 3672// 3725//
f 3725// 3672// 3673//
f 3725// 3673// 3724//
f 3724// 3673// 3674//
f 3724// 3674// 3723//
f 3723// 3674// 3675//
f 3723// 3675// 3722//
f 3722// 3675// 3676//
f 3722// 3676// 3191//
f 3191// 3676// 3170//
f 3258// 3227// 3727//
f 3727// 3227// 3699//
f 3728// 3727// 3729//
f 3729// 3727// 3699//
f 3729// 3699// 3730//
f 3730// 3699// 3701//
f 3730// 3701// 3731//
f 3731// 3701// 3732//
f 3732// 3701// 3703//
f 3732// 3703// 3733//
f 3733// 3703// 3734//
f 3734// 3703// 3705//
f 3734// 3705// 3735//
f 3735// 3705// 3736//
f 3736// 3705// 3707//
f 3736// 3707// 3737//
f 3221// 3256// 3707//
f 3707// 3256// 3352//
f 3707// 3352// 3737//
f 3347// 3738// 3739//
f 3347// 3739// 3348//
f 3727// 3728// 3348//
f 3348// 3739// 3727//
f 3727// 3739// 3257//
f 3727// 3257// 3258//
f 3349// 3252// 3239//
f 3349// 3239// 3740//
f 3740// 3239// 3741//
f 3740// 3741// 3742//
f 3742// 3741// 3743//
f 3742// 3743// 3744//
f 3744// 3743// 3745//
f 3745// 3743// 3746//
f 3745// 3746// 3747//
f 3747// 3746// 3748//
f 3748// 3746// 3749//
f 3748// 3749// 3750//
f 3228// 3257// 3751//
f 3751// 3257// 3739//
f 3750// 3749// 3752//
f 3752// 3749// 3751//
f 3752// 3751// 3753//
f 3753// 3751// 3739//
f 3753// 3739// 3738//
f 3239// 3241// 3741//
f 3741// 3241// 3754//
f 3741// 3754// 3743//
f 3743// 3754// 3755//
f 3743// 3755// 3746//
f 3746// 3755// 3756//
f 3746// 3756// 3749//
f 3749// 3756// 3757//
f 3749// 3757// 3751//
f 3751// 3757// 3758//
f 3751// 3758// 3228//
f 3228// 3758// 3230//
f 3241// 3243// 3754//
f 3754// 3243// 3759//
f 3754// 3759// 3755//
f 3755// 3759// 3760//
f 3755// 3760// 3756//
f 3756// 3760// 3761//
f 3756// 3761// 3757//
f 3757// 3761// 3762//
f 3757// 3762// 3758//
f 3758// 3762// 3763//
f 3758// 3763// 3230//
f 3230// 3763// 3233//
f 3243// 3245// 3759//
f 3759// 3245// 3764//
f 3759// 3764// 3760//
f 3760// 3764// 3765//
f 3760// 3765// 3761//
f 3761// 3765// 3766//
f 3761// 3766// 3762//
f 3762// 3766// 3767//
f 3762// 3767// 3763//
f 3763// 3767// 3768//
f 3763// 3768// 3233//
f 3233// 3768// 3231//
f 3245// 3247// 3764//
f 3764// 3247// 3769//
f 3764// 3769// 3765//
f 3765// 3769// 3770//
f 3765// 3770// 3766//
f 3766// 3770// 3771//
f 3766// 3771// 3767//
f 3767// 3771// 3772//
f 3767// 3772// 3768//
f 3768// 3772// 3773//
f 3768// 3773// 3231//
f 3231// 3773// 3223//
f 3247// 3249// 3769//
f 3769// 3249// 3774//
f 3769// 3774// 3770//
f 3770// 3774// 3775//
f 3770// 3775// 3771//
f 3771// 3775// 3776//
f 3771// 3776// 3772//
f 3772// 3776// 3777//
f 3772// 3777// 3773//
f 3773// 3777// 3778//
f 3773// 3778// 3223//
f 3223// 3778// 3224//
f 3249// 3174// 3774//
f 3774// 3174// 3779//
f 3774// 3779// 3775//
f 3775// 3779// 3780//
f 3775// 3780// 3776//
f 3776// 3780// 3781//
f 3776// 3781// 3777//
f 3777// 3781// 3782//
f 3777// 3782// 3778//
f 3778// 3782// 3783//
f 3778// 3783// 3224//
f 3224// 3783// 3171//
f 3174// 3166// 3784//
f 3174// 3784// 3779//
f 3779// 3784// 3785//
f 3779// 3785// 3780//
f 3780// 3785// 3786//
f 3780// 3786// 3781//
f 3781// 3786// 3787//
f 3781// 3787// 3782//
f 3782// 3787// 3788//
f 3782// 3788// 3783//
f 3783// 3788// 3124//
f 3783// 3124// 3171//
f 3162// 3160// 3789//
f 3152// 3150// 3790//
f 3142// 3140// 3791//
f 3138// 3136// 3792//
f 3128// 3134// 3793//
f 3793// 3134// 3794//
f 3793// 3794// 3795//
f 3795// 3794// 3796//
f 3795// 3796// 3797//
f 3797// 3796// 3798//
f 3797// 3798// 3799//
f 3799// 3798// 3800//
f 3799// 3800// 3801//
f 3801// 3800// 3790//
f 3132// 3121// 3802//
f 3802// 3121// 3803//
f 3802// 3803// 3804//
f 3804// 3803// 3805//
f 3804// 3805// 3806//
f 3806// 3805// 3807//
f 3806// 3807// 3808//
f 3808// 3807// 3809//
f 3808// 3809// 3810//
f 3810// 3809// 3789//
f 3085// 3125// 3811//
f 3811// 3125// 3812//
f 3811// 3812// 3813//
f 3813// 3812// 3814//
f 3813// 3814// 3815//
f 3815// 3814// 3816//
f 3815// 3816// 3817//
f 3817// 3816// 3818//
f 3817// 3818// 3819//
f 3819// 3818// 3792//
f 3819// 3792// 3090//
f 3090// 3792// 3136//
f 3125// 3131// 3812//
f 3812// 3131// 3820//
f 3812// 3820// 3814//
f 3814// 3820// 3821//
f 3814// 3821// 3816//
f 3816// 3821// 3822//
f 3816// 3822// 3818//
f 3818// 3822// 3823//
f 3818// 3823// 3792//
f 3792// 3823// 3791//
f 3792// 3791// 3138//
f 3138// 3791// 3140//
f 3144// 3142// 3824//
f 3824// 3142// 3791//
f 3824// 3791// 3825//
f 3825// 3791// 3823//
f 3825// 3823// 3826//
f 3826// 3823// 3822//
f 3826// 3822// 3827//
f 3827// 3822// 3821//
f 3827// 3821// 3828//
f 3828// 3821// 3820//
f 3828// 3820// 3130//
f 3130// 3820// 3131//
f 3130// 3128// 3828//
f 3828// 3128// 3793//
f 3828// 3793// 3827//
f 3827// 3793// 3795//
f 3827// 3795// 3826//
f 3826// 3795// 3797//
f 3826// 3797// 3825//
f 3825// 3797// 3799//
f 3825// 3799// 3824//
f 3824// 3799// 3801//
f 3824// 3801// 3144//
f 3144// 3801// 3146//
f 3790// 3150// 3801//
f 3801// 3150// 3148//
f 3801// 3148// 3146//
f 3154// 3152// 3829//
f 3829// 3152// 3790//
f 3829// 3790// 3830//
f 3830// 3790// 3800//
f 3830// 3800// 3831//
f 3831// 3800// 3798//
f 3831// 3798// 3832//
f 3832// 3798// 3796//
f 3832// 3796// 3833//
f 3833// 3796// 3794//
f 3833// 3794// 3133//
f 3133// 3794// 3134//
f 3133// 3132// 3833//
f 3833// 3132// 3802//
f 3833// 3802// 3832//
f 3832// 3802// 3804//
f 3832// 3804// 3831//
f 3831// 3804// 3806//
f 3831// 3806// 3830//
f 3830// 3806// 3808//
f 3830// 3808// 3829//
f 3829// 3808// 3810//
f 3829// 3810// 3154//
f 3154// 3810// 3156//
f 3789// 3160// 3810//
f 3810// 3160// 3158//
f 3810// 3158// 3156//
f 3164// 3162// 3834//
f 3834// 3162// 3789//
f 3834// 3789// 3835//
f 3835// 3789// 3809//
f 3835// 3809// 3836//
f 3836// 3809// 3807//
f 3836// 3807// 3837//
f 3837// 3807// 3805//
f 3837// 3805// 3838//
f 3838// 3805// 3803//
f 3838// 3803// 3122//
f 3122// 3803// 3121//
f 3122// 3124// 3838//
f 3838// 3124// 3788//
f 3838// 3788// 3837//
f 3837// 3788// 3787//
f 3837// 3787// 3836//
f 3836// 3787// 3786//
f 3836// 3786// 3835//
f 3835// 3786// 3785//
f 3835// 3785// 3834//
f 3834// 3785// 3784//
f 3834// 3784// 3164//
f 3164// 3784// 3166//
f 3083// 3085// 3361//
f 3361// 3085// 3811//
f 3361// 3811// 3839//
f 3839// 3811// 3840//
f 3840// 3811// 3813//
f 3840// 3813// 3841//
f 3841// 3813// 3842//
f 3842// 3813// 3815//
f 3842// 3815// 3843//
f 3843// 3815// 3844//
f 3844// 3815// 3817//
f 3844// 3817// 3845//
f 3845// 3817// 3846//
f 3846// 3817// 3819//
f 3846// 3819// 3847//
f 3090// 3088// 3819//
f 3819// 3088// 3360//
f 3819// 3360// 3847//
f 3358// 3263// 3508//
f 3508// 3263// 3262//
f 3508// 3262// 3506//
f 3506// 3262// 3270//
f 3506// 3270// 3505//
f 3505// 3270// 3269//
f 3505// 3269// 3503//
f 3503// 3269// 3290//
f 3503// 3290// 3502//
f 3502// 3290// 3291//
f 3502// 3291// 3500//
f 3500// 3291// 3499//
f 3499// 3291// 3289//
f 3499// 3289// 3497//
f 3497// 3289// 3288//
f 3497// 3288// 3496//
f 3496// 3288// 3271//
f 3496// 3271// 3494//
f 3494// 3271// 3276//
f 3494// 3276// 3492//
f 3492// 3276// 3264//
f 3492// 3264// 3355//
f 3370// 3284// 3368//
f 3368// 3284// 3267//
f 3368// 3267// 3366//
f 3366// 3267// 3275//
f 3366// 3275// 3364//
f 3364// 3275// 3260//
f 3364// 3260// 3359//
f 3266// 3265// 3374//
f 3374// 3265// 3286//
f 3374// 3286// 3372//
f 3372// 3286// 3287//
f 3372// 3287// 3370//
f 3370// 3287// 3285//
f 3370// 3285// 3284//
f 3356// 3268// 3380//
f 3380// 3268// 3272//
f 3380// 3272// 3378//
f 3378// 3272// 3266//
f 3378// 3266// 3376//
f 3376// 3266// 3374//
f 3362// 3274// 3630//
f 3630// 3274// 3283//
f 3630// 3283// 3628//
f 3628// 3283// 3282//
f 3628// 3282// 3627//
f 3627// 3282// 3299//
f 3627// 3299// 3625//
f 3625// 3299// 3301//
f 3625// 3301// 3624//
f 3624// 3301// 3302//
f 3624// 3302// 3622//
f 3622// 3302// 3621//
f 3621// 3302// 3300//
f 3621// 3300// 3619//
f 3619// 3300// 3298//
f 3619// 3298// 3618//
f 3618// 3298// 3297//
f 3618// 3297// 3616//
f 3616// 3297// 3281//
f 3616// 3281// 3614//
f 3614// 3281// 3273//
f 3614// 3273// 3357//
f 3842// 3293// 3841//
f 3841// 3293// 3278//
f 3841// 3278// 3840//
f 3840// 3278// 3277//
f 3840// 3277// 3839//
f 3839// 3277// 3261//
f 3839// 3261// 3361//
f 3280// 3292// 3844//
f 3844// 3292// 3294//
f 3844// 3294// 3843//
f 3843// 3294// 3296//
f 3843// 3296// 3842//
f 3842// 3296// 3295//
f 3842// 3295// 3293//
f 3360// 3259// 3847//
f 3847// 3259// 3279//
f 3847// 3279// 3846//
f 3846// 3279// 3280//
f 3846// 3280// 3845//
f 3845// 3280// 3844//
f 3347// 3318// 3319//
f 3738// 3347// 3753//
f 3753// 3347// 3319//
f 3753// 3319// 3752//
f 3752// 3319// 3314//
f 3752// 3314// 3750//
f 3750// 3314// 3748//
f 3314// 3313// 3748//
f 3748// 3313// 3324//
f 3748// 3324// 3747//
f 3747// 3324// 3326//
f 3747// 3326// 3745//
f 3326// 3325// 3745//
f 3745// 3325// 3315//
f 3745// 3315// 3744//
f 3744// 3315// 3316//
f 3744// 3316// 3742//
f 3742// 3316// 3317//
f 3742// 3317// 3740//
f 3740// 3317// 3303//
f 3740// 3303// 3349//
f 3486// 3342// 3485//
f 3485// 3342// 3341//
f 3485// 3341// 3484//
f 3484// 3341// 3321//
f 3484// 3321// 3483//
f 3483// 3321// 3312//
f 3483// 3312// 3353//
f 3322// 3343// 3488//
f 3488// 3343// 3345//
f 3488// 3345// 3487//
f 3487// 3345// 3346//
f 3487// 3346// 3486//
f 3486// 3346// 3344//
f 3486// 3344// 3342//
f 3350// 3305// 3491//
f 3491// 3305// 3323//
f 3491// 3323// 3490//
f 3490// 3323// 3322//
f 3490// 3322// 3489//
f 3489// 3322// 3488//
f 3354// 3309// 3613//
f 3613// 3309// 3333//
f 3613// 3333// 3612//
f 3612// 3333// 3332//
f 3612// 3332// 3611//
f 3611// 3332// 3610//
f 3332// 3330// 3610//
f 3610// 3330// 3328//
f 3610// 3328// 3609//
f 3609// 3328// 3327//
f 3609// 3327// 3608//
f 3327// 3329// 3608//
f 3608// 3329// 3331//
f 3608// 3331// 3607//
f 3607// 3331// 3308//
f 3607// 3308// 3606//
f 3606// 3308// 3307//
f 3606// 3307// 3605//
f 3605// 3307// 3306//
f 3605// 3306// 3351//
f 3352// 3304// 3737//
f 3737// 3304// 3340//
f 3737// 3340// 3736//
f 3736// 3340// 3339//
f 3736// 3339// 3735//
f 3735// 3339// 3734//
f 3339// 3337// 3734//
f 3734// 3337// 3335//
f 3734// 3335// 3733//
f 3733// 3335// 3334//
f 3733// 3334// 3732//
f 3348// 3728// 3729//
f 3334// 3336// 3732//
f 3732// 3336// 3338//
f 3732// 3338// 3731//
f 3731// 3338// 3311//
f 3731// 3311// 3730//
f 3730// 3311// 3310//
f 3730// 3310// 3729//
f 3729// 3310// 3320//
f 3729// 3320// 3348//
