v 1.52 -0.625 0.0
v 1.52 -0.625 0.18
v 1.225 -0.625 0.0
newmtl 1
Ka 0.6470588235294118 0.5176470588235295 0.0
Kd 0.6470588235294118 0.5176470588235295 0.0
Ks 0.45098039215686275 0.3607843137254902 0.0
d 0.0
endmtl
v 1.225 -0.625 0.18
v 1.52 -0.375 0.0
v 1.52 -0.375 0.18
v 1.225 -0.375 0.0
v 1.225 -0.375 0.18
v 1.207211 -0.376272 0.0
v 1.207211 -0.376272 0.18
v 1.189783 -0.380063 0.0
v 1.189783 -0.380063 0.18
v 1.173073 -0.386296 0.0
v 1.173073 -0.386296 0.18
v 1.15742 -0.394843 0.0
v 1.15742 -0.394843 0.18
v 1.143142 -0.405531 0.0
v 1.143142 -0.405531 0.18
v 1.130531 -0.418142 0.0
v 1.130531 -0.418142 0.18
v 1.119843 -0.43242 0.0
v 1.119843 -0.43242 0.18
v 1.111296 -0.448073 0.0
v 1.111296 -0.448073 0.18
v 1.105063 -0.464783 0.0
v 1.105063 -0.464783 0.18
v 1.101272 -0.482211 0.0
v 1.101272 -0.482211 0.18
v 1.1 -0.5 0.0
v 1.1 -0.5 0.18
v 1.101272 -0.517789 0.0
v 1.101272 -0.517789 0.18
v 1.105063 -0.535217 0.0
v 1.105063 -0.535217 0.18
v 1.111296 -0.551927 0.0
v 1.111296 -0.551927 0.18
v 1.119843 -0.56758 0.0
v 1.119843 -0.56758 0.18
v 1.130531 -0.581858 0.0
v 1.130531 -0.581858 0.18
v 1.143142 -0.594469 0.0
v 1.143142 -0.594469 0.18
v 1.15742 -0.605157 0.0
v 1.15742 -0.605157 0.18
v 1.173073 -0.613704 0.0
v 1.173073 -0.613704 0.18
v 1.189783 -0.619937 0.0
v 1.189783 -0.619937 0.18
v 1.207211 -0.623728 0.0
v 1.207211 -0.623728 0.18
v 1.52 -0.125 0.0
v 1.52 -0.125 0.18
v 1.225 -0.125 0.0
v 1.225 -0.125 0.18
v 1.52 0.125 0.0
v 1.52 0.125 0.18
v 1.225 0.125 0.0
v 1.225 0.125 0.18
v 1.207211 0.123728 0.0
v 1.207211 0.123728 0.18
v 1.189783 0.119937 0.0
v 1.189783 0.119937 0.18
v 1.173073 0.113704 0.0
v 1.173073 0.113704 0.18
v 1.15742 0.105157 0.0
v 1.15742 0.105157 0.18
v 1.143142 0.094469 0.0
v 1.143142 0.094469 0.18
v 1.130531 0.081858 0.0
v 1.130531 0.081858 0.18
v 1.119843 0.06758 0.0
v 1.119843 0.06758 0.18
v 1.111296 0.051927 0.0
v 1.111296 0.051927 0.18
v 1.105063 0.035217 0.0
v 1.105063 0.035217 0.18
v 1.101272 0.017789 0.0
v 1.101272 0.017789 0.18
v 1.1 -0.0 0.0
v 1.1 -0.0 0.18
v 1.101272 -0.017789 0.0
v 1.101272 -0.017789 0.18
v 1.105063 -0.035217 0.0
v 1.105063 -0.035217 0.18
v 1.111296 -0.051927 0.0
v 1.111296 -0.051927 0.18
v 1.119843 -0.06758 0.0
v 1.119843 -0.06758 0.18
v 1.130531 -0.081858 0.0
v 1.130531 -0.081858 0.18
v 1.143142 -0.094469 0.0
v 1.143142 -0.094469 0.18
v 1.15742 -0.105157 0.0
v 1.15742 -0.105157 0.18
v 1.173073 -0.113704 0.0
v 1.173073 -0.113704 0.18
v 1.189783 -0.119937 0.0
v 1.189783 -0.119937 0.18
v 1.207211 -0.123728 0.0
v 1.207211 -0.123728 0.18
v 1.225 0.625 0.18
v 1.225 0.625 0.0
v 1.207211 0.623728 0.0
v 1.207211 0.623728 0.18
v 1.189783 0.619937 0.0
v 1.189783 0.619937 0.18
v 1.173073 0.613704 0.0
v 1.173073 0.613704 0.18
v 1.15742 0.605157 0.0
v 1.15742 0.605157 0.18
v 1.143142 0.594469 0.0
v 1.143142 0.594469 0.18
v 1.130531 0.581858 0.0
v 1.130531 0.581858 0.18
v 1.119843 0.56758 0.0
v 1.119843 0.56758 0.18
v 1.111296 0.551927 0.0
v 1.111296 0.551927 0.18
v 1.105063 0.535217 0.0
v 1.105063 0.535217 0.18
v 1.101272 0.517789 0.0
v 1.101272 0.517789 0.18
v 1.1 0.5 0.0
v 1.1 0.5 0.18
v 1.101272 0.482211 0.0
v 1.101272 0.482211 0.18
v 1.105063 0.464783 0.0
v 1.105063 0.464783 0.18
v 1.111296 0.448073 0.0
v 1.111296 0.448073 0.18
v 1.119843 0.43242 0.0
v 1.119843 0.43242 0.18
v 1.130531 0.418142 0.0
v 1.130531 0.418142 0.18
v 1.143142 0.405531 0.0
v 1.143142 0.405531 0.18
v 1.15742 0.394843 0.0
v 1.15742 0.394843 0.18
v 1.173073 0.386296 0.0
v 1.173073 0.386296 0.18
v 1.189783 0.380063 0.0
v 1.189783 0.380063 0.18
v 1.207211 0.376272 0.0
v 1.207211 0.376272 0.18
v 1.225 0.375 0.0
v 1.225 0.375 0.18
v 1.52 0.375 0.0
v 1.52 0.375 0.18
v 1.52 0.625 0.0
v 1.52 0.625 0.18
v -0.625 1.225 0.18
v -0.625 1.225 0.0
v -0.623728 1.207211 0.0
v -0.623728 1.207211 0.18
v -0.619937 1.189783 0.0
v -0.619937 1.189783 0.18
v -0.613704 1.173073 0.0
v -0.613704 1.173073 0.18
v -0.605157 1.15742 0.0
v -0.605157 1.15742 0.18
v -0.594469 1.143142 0.0
v -0.594469 1.143142 0.18
v -0.581858 1.130531 0.0
v -0.581858 1.130531 0.18
v -0.56758 1.119843 0.0
v -0.56758 1.119843 0.18
v -0.551927 1.111296 0.0
v -0.551927 1.111296 0.18
v -0.535217 1.105063 0.0
v -0.535217 1.105063 0.18
v -0.517789 1.101272 0.0
v -0.517789 1.101272 0.18
v -0.5 1.1 0.0
v -0.5 1.1 0.18
v -0.482211 1.101272 0.0
v -0.482211 1.101272 0.18
v -0.464783 1.105063 0.0
v -0.464783 1.105063 0.18
v -0.448073 1.111296 0.0
v -0.448073 1.111296 0.18
v -0.43242 1.119843 0.0
v -0.43242 1.119843 0.18
v -0.418142 1.130531 0.0
v -0.418142 1.130531 0.18
v -0.405531 1.143142 0.0
v -0.405531 1.143142 0.18
v -0.394843 1.15742 0.0
v -0.394843 1.15742 0.18
v -0.386296 1.173073 0.0
v -0.386296 1.173073 0.18
v -0.380063 1.189783 0.0
v -0.380063 1.189783 0.18
v -0.376272 1.207211 0.0
v -0.376272 1.207211 0.18
v -0.375 1.225 0.0
v -0.375 1.225 0.18
v -0.375 1.52 0.0
v -0.375 1.52 0.18
v -0.625 1.52 0.0
v -0.625 1.52 0.18
v 0.125 1.52 0.0
v 0.125 1.52 0.18
v 0.125 1.225 0.0
v 0.125 1.225 0.18
v -0.125 1.52 0.0
v -0.125 1.52 0.18
v -0.125 1.225 0.0
v -0.125 1.225 0.18
v -0.123728 1.207211 0.0
v -0.123728 1.207211 0.18
v -0.119937 1.189783 0.0
v -0.119937 1.189783 0.18
v -0.113704 1.173073 0.0
v -0.113704 1.173073 0.18
v -0.105157 1.15742 0.0
v -0.105157 1.15742 0.18
v -0.094469 1.143142 0.0
v -0.094469 1.143142 0.18
v -0.081858 1.130531 0.0
v -0.081858 1.130531 0.18
v -0.06758 1.119843 0.0
v -0.06758 1.119843 0.18
v -0.051927 1.111296 0.0
v -0.051927 1.111296 0.18
v -0.035217 1.105063 0.0
v -0.035217 1.105063 0.18
v -0.017789 1.101272 0.0
v -0.017789 1.101272 0.18
v 0.0 1.1 0.0
v 0.0 1.1 0.18
v 0.017789 1.101272 0.0
v 0.017789 1.101272 0.18
v 0.035217 1.105063 0.0
v 0.035217 1.105063 0.18
v 0.051927 1.111296 0.0
v 0.051927 1.111296 0.18
v 0.06758 1.119843 0.0
v 0.06758 1.119843 0.18
v 0.081858 1.130531 0.0
v 0.081858 1.130531 0.18
v 0.094469 1.143142 0.0
v 0.094469 1.143142 0.18
v 0.105157 1.15742 0.0
v 0.105157 1.15742 0.18
v 0.113704 1.173073 0.0
v 0.113704 1.173073 0.18
v 0.119937 1.189783 0.0
v 0.119937 1.189783 0.18
v 0.123728 1.207211 0.0
v 0.123728 1.207211 0.18
v 0.625 1.52 0.0
v 0.625 1.52 0.18
v 0.625 1.225 0.0
v 0.625 1.225 0.18
v 0.375 1.52 0.0
v 0.375 1.52 0.18
v 0.375 1.225 0.0
v 0.375 1.225 0.18
v 0.376272 1.207211 0.0
v 0.376272 1.207211 0.18
v 0.380063 1.189783 0.0
v 0.380063 1.189783 0.18
v 0.386296 1.173073 0.0
v 0.386296 1.173073 0.18
v 0.394843 1.15742 0.0
v 0.394843 1.15742 0.18
v 0.405531 1.143142 0.0
v 0.405531 1.143142 0.18
v 0.418142 1.130531 0.0
v 0.418142 1.130531 0.18
v 0.43242 1.119843 0.0
v 0.43242 1.119843 0.18
v 0.448073 1.111296 0.0
v 0.448073 1.111296 0.18
v 0.464783 1.105063 0.0
v 0.464783 1.105063 0.18
v 0.482211 1.101272 0.0
v 0.482211 1.101272 0.18
v 0.5 1.1 0.0
v 0.5 1.1 0.18
v 0.517789 1.101272 0.0
v 0.517789 1.101272 0.18
v 0.535217 1.105063 0.0
v 0.535217 1.105063 0.18
v 0.551927 1.111296 0.0
v 0.551927 1.111296 0.18
v 0.56758 1.119843 0.0
v 0.56758 1.119843 0.18
v 0.581858 1.130531 0.0
v 0.581858 1.130531 0.18
v 0.594469 1.143142 0.0
v 0.594469 1.143142 0.18
v 0.605157 1.15742 0.0
v 0.605157 1.15742 0.18
v 0.613704 1.173073 0.0
v 0.613704 1.173073 0.18
v 0.619937 1.189783 0.0
v 0.619937 1.189783 0.18
v 0.623728 1.207211 0.0
v 0.623728 1.207211 0.18
v -1.52 0.625 0.0
v -1.52 0.625 0.18
v -1.225 0.625 0.0
v -1.225 0.625 0.18
v -1.52 0.375 0.0
v -1.52 0.375 0.18
v -1.225 0.375 0.0
v -1.225 0.375 0.18
v -1.207211 0.376272 0.0
v -1.207211 0.376272 0.18
v -1.189783 0.380063 0.0
v -1.189783 0.380063 0.18
v -1.173073 0.386296 0.0
v -1.173073 0.386296 0.18
v -1.15742 0.394843 0.0
v -1.15742 0.394843 0.18
v -1.143142 0.405531 0.0
v -1.143142 0.405531 0.18
v -1.130531 0.418142 0.0
v -1.130531 0.418142 0.18
v -1.119843 0.43242 0.0
v -1.119843 0.43242 0.18
v -1.111296 0.448073 0.0
v -1.111296 0.448073 0.18
v -1.105063 0.464783 0.0
v -1.105063 0.464783 0.18
v -1.101272 0.482211 0.0
v -1.101272 0.482211 0.18
v -1.1 0.5 0.0
v -1.1 0.5 0.18
v -1.101272 0.517789 0.0
v -1.101272 0.517789 0.18
v -1.105063 0.535217 0.0
v -1.105063 0.535217 0.18
v -1.111296 0.551927 0.0
v -1.111296 0.551927 0.18
v -1.119843 0.56758 0.0
v -1.119843 0.56758 0.18
v -1.130531 0.581858 0.0
v -1.130531 0.581858 0.18
v -1.143142 0.594469 0.0
v -1.143142 0.594469 0.18
v -1.15742 0.605157 0.0
v -1.15742 0.605157 0.18
v -1.173073 0.613704 0.0
v -1.173073 0.613704 0.18
v -1.189783 0.619937 0.0
v -1.189783 0.619937 0.18
v -1.207211 0.623728 0.0
v -1.207211 0.623728 0.18
v -1.52 0.125 0.0
v -1.52 0.125 0.18
v -1.225 0.125 0.0
v -1.225 0.125 0.18
v -1.52 -0.125 0.0
v -1.52 -0.125 0.18
v -1.225 -0.125 0.0
v -1.225 -0.125 0.18
v -1.207211 -0.123728 0.0
v -1.207211 -0.123728 0.18
v -1.189783 -0.119937 0.0
v -1.189783 -0.119937 0.18
v -1.173073 -0.113704 0.0
v -1.173073 -0.113704 0.18
v -1.15742 -0.105157 0.0
v -1.15742 -0.105157 0.18
v -1.143142 -0.094469 0.0
v -1.143142 -0.094469 0.18
v -1.130531 -0.081858 0.0
v -1.130531 -0.081858 0.18
v -1.119843 -0.06758 0.0
v -1.119843 -0.06758 0.18
v -1.111296 -0.051927 0.0
v -1.111296 -0.051927 0.18
v -1.105063 -0.035217 0.0
v -1.105063 -0.035217 0.18
v -1.101272 -0.017789 0.0
v -1.101272 -0.017789 0.18
v -1.1 0.0 0.0
v -1.1 0.0 0.18
v -1.101272 0.017789 0.0
v -1.101272 0.017789 0.18
v -1.105063 0.035217 0.0
v -1.105063 0.035217 0.18
v -1.111296 0.051927 0.0
v -1.111296 0.051927 0.18
v -1.119843 0.06758 0.0
v -1.119843 0.06758 0.18
v -1.130531 0.081858 0.0
v -1.130531 0.081858 0.18
v -1.143142 0.094469 0.0
v -1.143142 0.094469 0.18
v -1.15742 0.105157 0.0
v -1.15742 0.105157 0.18
v -1.173073 0.113704 0.0
v -1.173073 0.113704 0.18
v -1.189783 0.119937 0.0
v -1.189783 0.119937 0.18
v -1.207211 0.123728 0.0
v -1.207211 0.123728 0.18
v -1.225 -0.625 0.18
v -1.225 -0.625 0.0
v -1.207211 -0.623728 0.0
v -1.207211 -0.623728 0.18
v -1.189783 -0.619937 0.0
v -1.189783 -0.619937 0.18
v -1.173073 -0.613704 0.0
v -1.173073 -0.613704 0.18
v -1.15742 -0.605157 0.0
v -1.15742 -0.605157 0.18
v -1.143142 -0.594469 0.0
v -1.143142 -0.594469 0.18
v -1.130531 -0.581858 0.0
v -1.130531 -0.581858 0.18
v -1.119843 -0.56758 0.0
v -1.119843 -0.56758 0.18
v -1.111296 -0.551927 0.0
v -1.111296 -0.551927 0.18
v -1.105063 -0.535217 0.0
v -1.105063 -0.535217 0.18
v -1.101272 -0.517789 0.0
v -1.101272 -0.517789 0.18
v -1.1 -0.5 0.0
v -1.1 -0.5 0.18
v -1.101272 -0.482211 0.0
v -1.101272 -0.482211 0.18
v -1.105063 -0.464783 0.0
v -1.105063 -0.464783 0.18
v -1.111296 -0.448073 0.0
v -1.111296 -0.448073 0.18
v -1.119843 -0.43242 0.0
v -1.119843 -0.43242 0.18
v -1.130531 -0.418142 0.0
v -1.130531 -0.418142 0.18
v -1.143142 -0.405531 0.0
v -1.143142 -0.405531 0.18
v -1.15742 -0.394843 0.0
v -1.15742 -0.394843 0.18
v -1.173073 -0.386296 0.0
v -1.173073 -0.386296 0.18
v -1.189783 -0.380063 0.0
v -1.189783 -0.380063 0.18
v -1.207211 -0.376272 0.0
v -1.207211 -0.376272 0.18
v -1.225 -0.375 0.0
v -1.225 -0.375 0.18
v -1.52 -0.375 0.0
v -1.52 -0.375 0.18
v -1.52 -0.625 0.0
v -1.52 -0.625 0.18
v -0.625 -1.52 0.0
v -0.625 -1.52 0.18
v -0.625 -1.225 0.0
v -0.625 -1.225 0.18
v -0.375 -1.52 0.0
v -0.375 -1.52 0.18
v -0.375 -1.225 0.0
v -0.375 -1.225 0.18
v -0.376272 -1.207211 0.0
v -0.376272 -1.207211 0.18
v -0.380063 -1.189783 0.0
v -0.380063 -1.189783 0.18
v -0.386296 -1.173073 0.0
v -0.386296 -1.173073 0.18
v -0.394843 -1.15742 0.0
v -0.394843 -1.15742 0.18
v -0.405531 -1.143142 0.0
v -0.405531 -1.143142 0.18
v -0.418142 -1.130531 0.0
v -0.418142 -1.130531 0.18
v -0.43242 -1.119843 0.0
v -0.43242 -1.119843 0.18
v -0.448073 -1.111296 0.0
v -0.448073 -1.111296 0.18
v -0.464783 -1.105063 0.0
v -0.464783 -1.105063 0.18
v -0.482211 -1.101272 0.0
v -0.482211 -1.101272 0.18
v -0.5 -1.1 0.0
v -0.5 -1.1 0.18
v -0.517789 -1.101272 0.0
v -0.517789 -1.101272 0.18
v -0.535217 -1.105063 0.0
v -0.535217 -1.105063 0.18
v -0.551927 -1.111296 0.0
v -0.551927 -1.111296 0.18
v -0.56758 -1.119843 0.0
v -0.56758 -1.119843 0.18
v -0.581858 -1.130531 0.0
v -0.581858 -1.130531 0.18
v -0.594469 -1.143142 0.0
v -0.594469 -1.143142 0.18
v -0.605157 -1.15742 0.0
v -0.605157 -1.15742 0.18
v -0.613704 -1.173073 0.0
v -0.613704 -1.173073 0.18
v -0.619937 -1.189783 0.0
v -0.619937 -1.189783 0.18
v -0.623728 -1.207211 0.0
v -0.623728 -1.207211 0.18
v -0.125 -1.52 0.0
v -0.125 -1.52 0.18
v -0.125 -1.225 0.0
v -0.125 -1.225 0.18
v 0.125 -1.52 0.0
v 0.125 -1.52 0.18
v 0.125 -1.225 0.0
v 0.125 -1.225 0.18
v 0.123728 -1.207211 0.0
v 0.123728 -1.207211 0.18
v 0.119937 -1.189783 0.0
v 0.119937 -1.189783 0.18
v 0.113704 -1.173073 0.0
v 0.113704 -1.173073 0.18
v 0.105157 -1.15742 0.0
v 0.105157 -1.15742 0.18
v 0.094469 -1.143142 0.0
v 0.094469 -1.143142 0.18
v 0.081858 -1.130531 0.0
v 0.081858 -1.130531 0.18
v 0.06758 -1.119843 0.0
v 0.06758 -1.119843 0.18
v 0.051927 -1.111296 0.0
v 0.051927 -1.111296 0.18
v 0.035217 -1.105063 0.0
v 0.035217 -1.105063 0.18
v 0.017789 -1.101272 0.0
v 0.017789 -1.101272 0.18
v 0.0 -1.1 0.0
v 0.0 -1.1 0.18
v -0.017789 -1.101272 0.0
v -0.017789 -1.101272 0.18
v -0.035217 -1.105063 0.0
v -0.035217 -1.105063 0.18
v -0.051927 -1.111296 0.0
v -0.051927 -1.111296 0.18
v -0.06758 -1.119843 0.0
v -0.06758 -1.119843 0.18
v -0.081858 -1.130531 0.0
v -0.081858 -1.130531 0.18
v -0.094469 -1.143142 0.0
v -0.094469 -1.143142 0.18
v -0.105157 -1.15742 0.0
v -0.105157 -1.15742 0.18
v -0.113704 -1.173073 0.0
v -0.113704 -1.173073 0.18
v -0.119937 -1.189783 0.0
v -0.119937 -1.189783 0.18
v -0.123728 -1.207211 0.0
v -0.123728 -1.207211 0.18
v 0.625 -1.225 0.18
v 0.625 -1.225 0.0
v 0.623728 -1.207211 0.0
v 0.623728 -1.207211 0.18
v 0.619937 -1.189783 0.0
v 0.619937 -1.189783 0.18
v 0.613704 -1.173073 0.0
v 0.613704 -1.173073 0.18
v 0.605157 -1.15742 0.0
v 0.605157 -1.15742 0.18
v 0.594469 -1.143142 0.0
v 0.594469 -1.143142 0.18
v 0.581858 -1.130531 0.0
v 0.581858 -1.130531 0.18
v 0.56758 -1.119843 0.0
v 0.56758 -1.119843 0.18
v 0.551927 -1.111296 0.0
v 0.551927 -1.111296 0.18
v 0.535217 -1.105063 0.0
v 0.535217 -1.105063 0.18
v 0.517789 -1.101272 0.0
v 0.517789 -1.101272 0.18
v 0.5 -1.1 0.0
v 0.5 -1.1 0.18
v 0.482211 -1.101272 0.0
v 0.482211 -1.101272 0.18
v 0.464783 -1.105063 0.0
v 0.464783 -1.105063 0.18
v 0.448073 -1.111296 0.0
v 0.448073 -1.111296 0.18
v 0.43242 -1.119843 0.0
v 0.43242 -1.119843 0.18
v 0.418142 -1.130531 0.0
v 0.418142 -1.130531 0.18
v 0.405531 -1.143142 0.0
v 0.405531 -1.143142 0.18
v 0.394843 -1.15742 0.0
v 0.394843 -1.15742 0.18
v 0.386296 -1.173073 0.0
v 0.386296 -1.173073 0.18
v 0.380063 -1.189783 0.0
v 0.380063 -1.189783 0.18
v 0.376272 -1.207211 0.0
v 0.376272 -1.207211 0.18
v 0.375 -1.225 0.0
v 0.375 -1.225 0.18
v 0.375 -1.52 0.0
v 0.375 -1.52 0.18
v 0.625 -1.52 0.0
v 0.625 -1.52 0.18
v 1.5 -1.49 0.77
v 1.5 -1.49 0.08
v 1.5 1.49 0.77
newmtl 2
Ka 0.10196078431372549 0.10196078431372549 0.10196078431372549
Kd 0.07058823529411765 0.07058823529411765 0.07058823529411765
Ks 0.00392156862745098 0.00392156862745098 0.00392156862745098
d 0.0
endmtl
v 1.5 1.49 0.08
v 1.49 1.5 0.77
v 1.49 1.5 0.08
v -1.49 1.5 0.77
v -1.49 1.5 0.08
v -1.5 1.49 0.77
v -1.5 1.49 0.08
v -1.5 -1.49 0.77
v -1.5 -1.49 0.08
v -1.49 -1.5 0.77
v -1.49 -1.5 0.08
v 1.49 -1.5 0.77
v 1.49 -1.5 0.08
v -1.141192 -1.269548 0.78
v -1.177369 -1.254563 0.78
v -1.49 -1.49 0.78
v -1.208435 -1.018593 0.78
v -1.177369 -0.994756 0.78
v -1.49 1.49 0.78
v -1.027369 -0.994756 0.78
v 1.49 1.49 0.78
v -1.063546 -0.979771 0.78
v -0.952369 -1.124659 0.78
v -0.95748 -1.163482 0.78
v 1.49 -1.49 0.78
v -0.972465 -1.199659 0.78
v -0.996303 -1.230725 0.78
v -1.141192 -0.979771 0.78
v -1.102369 -0.974659 0.78
v -0.996303 -1.018593 0.78
v -0.972465 -1.049659 0.78
v -0.95748 -1.085837 0.78
v -1.027369 -1.254563 0.78
v -1.063546 -1.269548 0.78
v -1.102369 -1.274659 0.78
v -1.208435 -1.230725 0.78
v -1.232273 -1.199659 0.78
v -1.247258 -1.163482 0.78
v -1.252369 -1.124659 0.78
v -1.247258 -1.085837 0.78
v -1.232273 -1.049659 0.78
v 1.497071 -1.497071 0.08
v 1.495 -1.49866 0.08
v 1.49866 -1.495 0.08
v 1.492588 -1.499659 0.08
v 1.499659 -1.492588 0.08
v -1.499659 1.492588 0.08
v -1.492588 1.499659 0.08
v -1.49866 1.495 0.08
v -1.495 1.49866 0.08
v -1.497071 1.497071 0.08
v -1.492588 -1.499659 0.08
v -1.499659 -1.492588 0.08
v -1.495 -1.49866 0.08
v -1.49866 -1.495 0.08
v -1.497071 -1.497071 0.08
v 1.492588 1.499659 0.08
v 1.499659 1.492588 0.08
v 1.495 1.49866 0.08
v 1.49866 1.495 0.08
v 1.497071 1.497071 0.08
v 1.492588 -1.499659 0.77
v 1.495 -1.49866 0.77
v 1.497071 -1.497071 0.77
v 1.49866 -1.495 0.77
v 1.499659 -1.492588 0.77
v -1.499659 -1.492588 0.77
v -1.49866 -1.495 0.77
v -1.497071 -1.497071 0.77
v -1.495 -1.49866 0.77
v -1.492588 -1.499659 0.77
v -1.492588 1.499659 0.77
v -1.495 1.49866 0.77
v -1.497071 1.497071 0.77
v -1.49866 1.495 0.77
v -1.499659 1.492588 0.77
v 1.499659 1.492588 0.77
v 1.49866 1.495 0.77
v 1.497071 1.497071 0.77
v 1.495 1.49866 0.77
v 1.492588 1.499659 0.77
v 1.49933 1.4925 0.772588
v 1.498365 1.49483 0.772588
v 1.498365 1.492241 0.775
v 1.4975 1.49433 0.775
v 1.49683 1.49183 0.777071
v 1.496124 1.493536 0.777071
v 1.49483 1.491294 0.77866
v 1.49433 1.4925 0.77866
v 1.4925 1.49067 0.779659
v 1.492241 1.491294 0.779659
v 1.49683 1.49683 0.772588
v 1.496124 1.496124 0.775
v 1.495 1.495 0.777071
v 1.493536 1.493536 0.77866
v 1.49183 1.49183 0.779659
v 1.499659 1.49 0.772588
v 1.49866 1.49 0.775
v 1.497071 1.49 0.777071
v 1.495 1.49 0.77866
v 1.492588 1.49 0.779659
v 1.49483 1.498365 0.772588
v 1.4925 1.49933 0.772588
v 1.49433 1.4975 0.775
v 1.492241 1.498365 0.775
v 1.493536 1.496124 0.777071
v 1.49183 1.49683 0.777071
v 1.4925 1.49433 0.77866
v 1.491294 1.49483 0.77866
v 1.491294 1.492241 0.779659
v 1.49067 1.4925 0.779659
v 1.49 1.499659 0.772588
v 1.49 1.49866 0.775
v 1.49 1.497071 0.777071
v 1.49 1.495 0.77866
v 1.49 1.492588 0.779659
v -1.49 1.499659 0.772588
v -1.49 1.49866 0.775
v -1.49 1.497071 0.777071
v -1.49 1.495 0.77866
v -1.49 1.492588 0.779659
v 1.499659 -1.49 0.772588
v 1.49866 -1.49 0.775
v 1.497071 -1.49 0.777071
v 1.495 -1.49 0.77866
v 1.492588 -1.49 0.779659
v -1.4925 1.49933 0.772588
v -1.49483 1.498365 0.772588
v -1.492241 1.498365 0.775
v -1.49433 1.4975 0.775
v -1.49183 1.49683 0.777071
v -1.493536 1.496124 0.777071
v -1.491294 1.49483 0.77866
v -1.4925 1.49433 0.77866
v -1.49067 1.4925 0.779659
v -1.491294 1.492241 0.779659
v -1.49683 1.49683 0.772588
v -1.496124 1.496124 0.775
v -1.495 1.495 0.777071
v -1.493536 1.493536 0.77866
v -1.49183 1.49183 0.779659
v -1.498365 1.49483 0.772588
v -1.49933 1.4925 0.772588
v -1.4975 1.49433 0.775
v -1.498365 1.492241 0.775
v -1.496124 1.493536 0.777071
v -1.49683 1.49183 0.777071
v -1.49433 1.4925 0.77866
v -1.49483 1.491294 0.77866
v -1.492241 1.491294 0.779659
v -1.4925 1.49067 0.779659
v -1.499659 1.49 0.772588
v -1.49866 1.49 0.775
v -1.497071 1.49 0.777071
v -1.495 1.49 0.77866
v -1.492588 1.49 0.779659
v 1.4925 -1.49933 0.772588
v 1.49483 -1.498365 0.772588
v 1.492241 -1.498365 0.775
v 1.49433 -1.4975 0.775
v 1.49183 -1.49683 0.777071
v 1.493536 -1.496124 0.777071
v 1.491294 -1.49483 0.77866
v 1.4925 -1.49433 0.77866
v 1.49067 -1.4925 0.779659
v 1.491294 -1.492241 0.779659
v 1.49683 -1.49683 0.772588
v 1.496124 -1.496124 0.775
v 1.495 -1.495 0.777071
v 1.493536 -1.493536 0.77866
v 1.49183 -1.49183 0.779659
v 1.49 -1.499659 0.772588
v 1.49 -1.49866 0.775
v 1.49 -1.497071 0.777071
v 1.49 -1.495 0.77866
v 1.49 -1.492588 0.779659
v 1.498365 -1.49483 0.772588
v 1.49933 -1.4925 0.772588
v 1.4975 -1.49433 0.775
v 1.498365 -1.492241 0.775
v 1.496124 -1.493536 0.777071
v 1.49683 -1.49183 0.777071
v 1.49433 -1.4925 0.77866
v 1.49483 -1.491294 0.77866
v 1.492241 -1.491294 0.779659
v 1.4925 -1.49067 0.779659
v -1.499659 -1.49 0.772588
v -1.49866 -1.49 0.775
v -1.497071 -1.49 0.777071
v -1.495 -1.49 0.77866
v -1.492588 -1.49 0.779659
v -1.49 -1.499659 0.772588
v -1.49 -1.49866 0.775
v -1.49 -1.497071 0.777071
v -1.49 -1.495 0.77866
v -1.49 -1.492588 0.779659
v -1.49933 -1.4925 0.772588
v -1.498365 -1.49483 0.772588
v -1.498365 -1.492241 0.775
v -1.4975 -1.49433 0.775
v -1.49683 -1.49183 0.777071
v -1.496124 -1.493536 0.777071
v -1.49483 -1.491294 0.77866
v -1.49433 -1.4925 0.77866
v -1.4925 -1.49067 0.779659
v -1.492241 -1.491294 0.779659
v -1.49683 -1.49683 0.772588
v -1.496124 -1.496124 0.775
v -1.495 -1.495 0.777071
v -1.493536 -1.493536 0.77866
v -1.49183 -1.49183 0.779659
v -1.49483 -1.498365 0.772588
v -1.4925 -1.49933 0.772588
v -1.49433 -1.4975 0.775
v -1.492241 -1.498365 0.775
v -1.493536 -1.496124 0.777071
v -1.49183 -1.49683 0.777071
v -1.4925 -1.49433 0.77866
v -1.491294 -1.49483 0.77866
v -1.491294 -1.492241 0.779659
v -1.49067 -1.4925 0.779659
v -0.952369 -1.124659 0.77
v -0.95748 -1.085837 0.77
newmtl 3
Ka 0.792156862745098 0.8196078431372549 0.9333333333333333
Kd 0.792156862745098 0.8196078431372549 0.9333333333333333
Ks 0.396078431372549 0.4117647058823529 0.4666666666666667
d 0.0
endmtl
v -0.972465 -1.049659 0.77
v -0.996303 -1.018593 0.77
v -1.027369 -0.994756 0.77
v -1.063546 -0.979771 0.77
v -1.102369 -0.974659 0.77
v -1.141192 -0.979771 0.77
v -1.177369 -0.994756 0.77
v -1.208435 -1.018593 0.77
v -1.232273 -1.049659 0.77
v -1.247258 -1.085837 0.77
v -1.252369 -1.124659 0.77
v -1.247258 -1.163482 0.77
v -1.232273 -1.199659 0.77
v -1.208435 -1.230725 0.77
v -1.177369 -1.254563 0.77
v -1.141192 -1.269548 0.77
v -1.102369 -1.274659 0.77
v -1.063546 -1.269548 0.77
v -1.027369 -1.254563 0.77
v -0.996303 -1.230725 0.77
v -0.972465 -1.199659 0.77
v -0.95748 -1.163482 0.77
v -1.102369 -1.124659 0.77
v -0.226313 -0.052515 0.0
v -0.227327 -0.097735 0.0
v -0.347212 -0.086116 0.0
v -0.339418 -0.128735 0.0
v -0.149988 0.151043 0.0
v -0.154879 -0.184011 0.0
v -0.157203 -0.187408 0.0
v -0.144138 0.099073 0.0
v -0.149868 0.147775 0.0
v -0.144489 0.106274 0.0
v -0.149688 0.14659 0.0
v -0.144489 0.117184 0.0
v -0.145981 0.132088 0.0
v -0.281544 -0.212413 0.0
v -0.264622 -0.208032 0.0
v -0.224012 -0.206106 0.0
v -0.251357 -0.2007 0.0
v -0.350074 -0.030584 0.0
v -0.348879 0.001608 0.0
v -0.342381 0.051749 0.0
v -0.231175 -0.133552 0.0
v -0.237362 -0.157273 0.0
v -0.32813 -0.158602 0.0
v -0.318199 -0.174174 0.0
v -0.143892 0.09187 0.0
v -0.144489 -0.171586 0.0
v -0.150936 -0.179245 0.0
v -0.332731 0.090337 0.0
v -0.22339 0.077391 0.0
v -0.335246 0.081628 0.0
v -0.218898 0.048145 0.0
v -0.216 0.017717 0.0
v -0.215403 -0.052515 0.0
v -0.14955 0.153356 0.0
v -0.158121 -0.189352 0.0
v -0.215403 -0.206106 0.0
v -0.239905 -0.19033 0.0
v -0.233217 -0.181388 0.0
v -0.228103 -0.172183 0.0
v -0.262146 0.158112 0.0
v -0.273532 0.159801 0.0
v -0.148963 0.154642 0.0
v -0.345628 -0.157246 0.0
v -0.334229 -0.180186 0.0
v -0.508776 -0.195793 0.0
v -0.322064 -0.194801 0.0
v -0.305759 -0.206885 0.0
v -0.018376 -0.040844 0.0
v -0.019382 -0.040251 0.0
v -0.020816 0.11028 0.0
v -0.158623 -0.192143 0.0
v -0.158724 -0.193856 0.0
v -0.158704 -0.195168 0.0
v -0.157713 -0.196734 0.0
v -0.157992 -0.196581 0.0
v -0.158218 -0.196381 0.0
v -0.127783 -0.045015 0.0
v -0.079456 -0.051322 0.0
v -0.127783 -0.171586 0.0
v -0.05951 -0.055369 0.0
v -0.035731 -0.066323 0.0
v -0.019026 -0.188292 0.0
v -0.028231 -0.187099 0.0
v -0.288249 0.159274 0.0
v -0.303472 0.154555 0.0
v -0.408116 0.142498 0.0
v -0.316783 0.146791 0.0
v -0.326383 0.136985 0.0
v -0.308934 -0.183241 0.0
v -0.244801 -0.17272 0.0
v -0.251652 -0.181346 0.0
v -0.267267 -0.191262 0.0
v -0.276942 -0.193491 0.0
v -0.288904 -0.192757 0.0
v -0.323856 0.110934 0.0
v -0.311593 0.127078 0.0
v -0.30301 0.134454 0.0
v -0.245638 0.127856 0.0
v -0.281544 0.140794 0.0
v -0.255947 0.135087 0.0
v -0.268649 0.139811 0.0
v -0.237173 0.118109 0.0
v -0.229656 0.103164 0.0
v -0.158595 -0.195667 0.0
v -0.158412 -0.196103 0.0
v -0.041773 -0.185299 0.0
v -0.055335 -0.18369 0.0
v -0.040931 -0.063425 0.0
v -0.046737 -0.059907 0.0
v -0.017563 -0.041641 0.0
v -0.725 0.725 0.0
v 0.018638 0.725 0.0
v -0.409248 0.144311 0.0
v -0.408775 0.143785 0.0
v -0.299219 -0.189296 0.0
v -0.259274 -0.187459 0.0
v -0.295707 0.138315 0.0
v -0.286999 0.140375 0.0
v -0.01404 -0.193182 0.0
v -0.013913 -0.192335 0.0
v 0.018638 -0.217016 0.0
v -0.017843 -0.04805 0.0
v -0.017087 -0.046776 0.0
v -0.017677 -0.188398 0.0
v -0.016617 -0.045559 0.0
v -0.016548 -0.188701 0.0
v -0.016462 -0.044618 0.0
v -0.015514 -0.189295 0.0
v -0.014702 -0.190067 0.0
v -0.352434 0.080454 0.0
v -0.409823 0.136663 0.0
v -0.339548 0.115502 0.0
v -0.408851 0.138425 0.0
v -0.408375 0.14041 0.0
v -0.147772 0.156106 0.0
v -0.228146 0.133442 0.0
v -0.236885 0.143898 0.0
v -0.248235 0.15231 0.0
v -0.142784 -0.195196 0.0
v -0.133006 -0.193992 0.0
v -0.153694 -0.196901 0.0
v -0.123181 -0.194003 0.0
v -0.517385 -0.159483 0.0
v -0.517385 0.13389 0.0
v -0.47895 0.130994 0.0
v -0.032833 -0.214714 0.0
v -0.016213 -0.197497 0.0
v -0.127783 -0.0249 0.0
v -0.127783 0.130992 0.0
v -0.042039 0.118974 0.0
v -0.019026 -0.049618 0.0
v -0.535381 0.152262 0.0
v -0.725 -0.217016 0.0
v -0.535374 0.149049 0.0
v -0.533768 0.135013 0.0
v -0.462672 0.128706 0.0
v -0.451261 0.126815 0.0
v -0.444761 0.125274 0.0
v -0.433512 0.117416 0.0
v -0.431725 0.116673 0.0
v -0.363742 -0.073095 0.0
v -0.36209 -0.087632 0.0
v -0.355722 -0.124289 0.0
v -0.517215 -0.166874 0.0
v -0.514733 -0.183163 0.0
v -0.013983 -0.191551 0.0
v -0.01425 -0.190769 0.0
v -0.02049 -0.039935 0.0
v -0.021924 -0.039816 0.0
v -0.02593 0.113178 0.0
v -0.033721 0.116816 0.0
v -0.002959 0.130607 0.0
v -0.004706 0.128179 0.0
v -0.002679 0.134687 0.0
v -0.003221 0.135739 0.0
v -0.006306 0.13729 0.0
v -0.008116 0.137384 0.0
v -0.016724 0.137896 0.0
v -0.144992 0.157813 0.0
v -0.146333 0.157217 0.0
v -0.53332 0.156316 0.0
v -0.534072 0.155446 0.0
v -0.534977 0.1538 0.0
v -0.533494 0.131589 0.0
v -0.532386 0.097666 0.0
v -0.532386 -0.161273 0.0
v -0.29745 -0.210822 0.0
v -0.289091 -0.212373 0.0
v -0.525766 -0.217016 0.0
v -0.440706 0.123301 0.0
v -0.435303 0.11863 0.0
v -0.365376 -0.022612 0.0
v -0.360774 0.037536 0.0
v -0.418282 0.128503 0.0
v -0.411952 0.134324 0.0
v -0.016521 -0.043783 0.0
v -0.016842 -0.042807 0.0
v -0.21806 0.113569 0.0
v -0.211313 0.088125 0.0
v -0.15688 -0.196966 0.0
v -0.155312 -0.197063 0.0
v -0.038033 -0.211305 0.0
v -0.041094 -0.209469 0.0
v -0.015102 -0.195603 0.0
v -0.014415 -0.194223 0.0
v -0.002437 0.131923 0.0
v -0.002286 0.132898 0.0
v -0.002349 0.133714 0.0
v -0.206795 0.018228 0.0
v -0.20787 0.054836 0.0
v -0.110212 -0.194278 0.0
v -0.09906 -0.195793 0.0
v -0.121476 -0.194003 0.0
v -0.076558 -0.199799 0.0
v -0.06029 0.143234 0.0
v -0.103662 0.149999 0.0
v -0.130085 0.154602 0.0
v -0.056737 -0.203782 0.0
v -0.410037 0.14484 0.0
v -0.411452 0.145367 0.0
v -0.413569 0.145644 0.0
v -0.423711 0.145886 0.0
v -0.438275 0.147958 0.0
v -0.476161 0.151878 0.0
v -0.488661 0.152897 0.0
v -0.512782 0.155198 0.0
v -0.526079 0.156306 0.0
v -0.529032 0.157209 0.0
v -0.530639 0.157321 0.0
v -0.531798 0.157138 0.0
v -0.532636 0.156804 0.0
v -0.136472 0.156954 0.0
v -0.140539 0.157918 0.0
v -0.143413 0.158086 0.0
v -0.003631 0.136311 0.0
v -0.004035 0.136649 0.0
v -0.004671 0.136952 0.0
v -0.004735 0.136974 0.0
v -0.532717 -0.189346 0.0
v -0.536989 -0.217016 0.0
v -0.538097 -0.222812 0.0
v -0.517133 -0.586107 0.0
v -0.534091 -0.227414 0.0
v -0.548223 -0.548223 0.0
v -0.49403 -0.629329 0.0
v -0.479804 -0.676227 0.0
v 0.018638 -0.725 0.0
v -0.475 -0.725 0.0
v -0.725 -0.475 0.0
v -0.676227 -0.479804 0.0
v -0.629329 -0.49403 0.0
v -0.586107 -0.517133 0.0
v 0.039598 -0.190586 0.0
v 0.039639 -0.191936 0.0
v 0.040047 -0.193403 0.0
v 0.040584 -0.194358 0.0
v 0.167043 0.137816 0.0
v 0.155809 0.143292 0.0
v 0.257831 0.172532 0.0
v 0.258171 0.173121 0.0
v 0.725 0.725 0.0
v 0.068492 0.160745 0.0
v 0.067998 0.160909 0.0
v 0.066441 0.160799 0.0
v 0.133542 -0.206703 0.0
v 0.151433 -0.205552 0.0
v 0.330019 -0.217016 0.0
v 0.16444 -0.202394 0.0
v 0.175007 -0.1969 0.0
v 0.184488 -0.188451 0.0
v 0.193654 -0.175157 0.0
v 0.202592 -0.151612 0.0
v 0.041003 0.131585 0.0
v 0.041266 0.131306 0.0
v 0.062798 -0.170478 0.0
v 0.041603 0.131094 0.0
v 0.042164 0.130909 0.0
v 0.043585 0.130795 0.0
v 0.045581 0.130992 0.0
v 0.062798 0.130992 0.0
v 0.065335 0.160342 0.0
v 0.061594 0.157667 0.0
v 0.053333 0.149996 0.0
v 0.040722 0.132061 0.0
v 0.055298 -0.174484 0.0
v 0.044985 -0.183093 0.0
v 0.259357 0.173912 0.0
v 0.258928 0.173763 0.0
v 0.258563 0.173527 0.0
v 0.131279 0.148079 0.0
v 0.111126 0.150596 0.0
v 0.085811 0.153493 0.0
v 0.040325 0.135228 0.0
v 0.040146 0.134618 0.0
v 0.040119 0.133979 0.0
v 0.040262 0.133223 0.0
v 0.058927 -0.172259 0.0
v 0.042431 -0.185123 0.0
v 0.040894 -0.18709 0.0
v 0.039898 -0.189203 0.0
v 0.420039 0.110188 0.0
v 0.420712 0.111093 0.0
v 0.725 -0.217016 0.0
v 0.413473 0.173094 0.0
v 0.263779 0.168409 0.0
v 0.263006 0.170395 0.0
v 0.076413 0.156009 0.0
v 0.070367 0.159652 0.0
v 0.042351 0.138126 0.0
v 0.041391 0.136901 0.0
v 0.040722 0.135937 0.0
v 0.253421 0.113112 0.0
v 0.200276 0.089563 0.0
v 0.252322 0.11631 0.0
v 0.187281 0.11608 0.0
v 0.252089 0.121607 0.0
v 0.176878 0.129579 0.0
v 0.074305 -0.195793 0.0
v 0.086408 -0.196901 0.0
v 0.108228 -0.203208 0.0
v 0.120787 -0.205654 0.0
v 0.050695 0.147101 0.0
v 0.043791 0.139686 0.0
v 0.394356 0.027433 0.0
v 0.40126 0.056242 0.0
v 0.416224 0.168958 0.0
v 0.415948 0.170434 0.0
v 0.415707 0.171354 0.0
v 0.415444 0.171986 0.0
v 0.411349 0.171591 0.0
v 0.294292 0.025132 0.0
v 0.411842 0.172225 0.0
v 0.275882 0.110877 0.0
v 0.257421 0.17107 0.0
v 0.256423 0.163851 0.0
v 0.041381 -0.195207 0.0
v 0.042087 -0.195793 0.0
v 0.052485 -0.194003 0.0
v 0.208494 -0.117964 0.0
v 0.211897 -0.059995 0.0
v 0.271279 0.055049 0.0
v 0.254573 0.110877 0.0
v 0.257471 0.105678 0.0
v 0.207693 0.060642 0.0
v 0.265 0.08055 0.0
v 0.211531 0.028281 0.0
v 0.213576 -0.007597 0.0
v 0.421043 0.111745 0.0
v 0.421187 0.11235 0.0
v 0.421175 0.114476 0.0
v 0.267188 0.154602 0.0
v 0.412945 0.172965 0.0
v 0.41234 0.172647 0.0
v 0.410854 0.170518 0.0
v 0.410465 0.169006 0.0
v 0.372536 0.00621 0.0
v 0.406459 0.145993 0.0
v 0.255681 0.156903 0.0
v 0.252869 0.132782 0.0
v 0.064503 -0.194003 0.0
v 0.069403 -0.194904 0.0
v 0.420276 0.127995 0.0
v 0.420267 0.128179 0.0
v 0.417966 0.154005 0.0
v 0.260695 0.17368 0.0
v 0.260232 0.17388 0.0
v 0.259797 0.173947 0.0
v 0.262359 0.17174 0.0
v 0.261765 0.172663 0.0
v 0.261198 0.173298 0.0
v 0.404317 0.069855 0.0
v 0.408164 0.083261 0.0
v 0.41217 0.094171 0.0
v 0.415821 0.104416 0.0
v 0.418249 0.10807 0.0
v 0.416772 0.163807 0.0
v 0.416554 0.166827 0.0
v 0.415153 0.172415 0.0
v 0.414778 0.17275 0.0
v 0.414326 0.172989 0.0
v 0.413908 0.173093 0.0
v 0.330516 -0.219317 0.0
v 0.725 -0.725 0.0
v 0.338528 -0.219317 0.0
v 0.339049 -0.217016 0.0
v -0.725 -0.475 0.18
v -0.676227 -0.479804 0.18
v -0.629329 -0.49403 0.18
v -0.586107 -0.517133 0.18
v -0.548223 -0.548223 0.18
v -0.517133 -0.586107 0.18
v -0.49403 -0.629329 0.18
v -0.479804 -0.676227 0.18
v -0.475 -0.725 0.18
v 0.725 -0.725 0.18
v 0.725 0.725 0.18
v -0.725 0.725 0.18
v 0.271279 0.055049 0.01
v 0.265 0.08055 0.01
v 0.257471 0.105678 0.01
v 0.330516 -0.219317 0.01
v 0.338528 -0.219317 0.01
v 0.394356 0.027433 0.01
v 0.40126 0.056242 0.01
v 0.408164 0.083261 0.01
v 0.404317 0.069855 0.01
v 0.41217 0.094171 0.01
v 0.420267 0.128179 0.01
v 0.420276 0.127995 0.01
v 0.421175 0.114476 0.01
v 0.421187 0.11235 0.01
v 0.421043 0.111745 0.01
v 0.420712 0.111093 0.01
v 0.420039 0.110188 0.01
v 0.418249 0.10807 0.01
v 0.415821 0.104416 0.01
v 0.417966 0.154005 0.01
v 0.416772 0.163807 0.01
v 0.410465 0.169006 0.01
v 0.410854 0.170518 0.01
v 0.411349 0.171591 0.01
v 0.411842 0.172225 0.01
v 0.41234 0.172647 0.01
v 0.412945 0.172965 0.01
v 0.413473 0.173094 0.01
v 0.413908 0.173093 0.01
v 0.414326 0.172989 0.01
v 0.414778 0.17275 0.01
v 0.415153 0.172415 0.01
v 0.415444 0.171986 0.01
v 0.415707 0.171354 0.01
v 0.415948 0.170434 0.01
v 0.416224 0.168958 0.01
v 0.416554 0.166827 0.01
v 0.406459 0.145993 0.01
v 0.372536 0.00621 0.01
v 0.294292 0.025132 0.01
v 0.275882 0.110877 0.01
v 0.267188 0.154602 0.01
v 0.263779 0.168409 0.01
v 0.255681 0.156903 0.01
v 0.256423 0.163851 0.01
v 0.257421 0.17107 0.01
v 0.257831 0.172532 0.01
v 0.258171 0.173121 0.01
v 0.258563 0.173527 0.01
v 0.258928 0.173763 0.01
v 0.259357 0.173912 0.01
v 0.259797 0.173947 0.01
v 0.260232 0.17388 0.01
v 0.260695 0.17368 0.01
v 0.261198 0.173298 0.01
v 0.261765 0.172663 0.01
v 0.262359 0.17174 0.01
v 0.263006 0.170395 0.01
v 0.252869 0.132782 0.01
v 0.254573 0.110877 0.01
v 0.253421 0.113112 0.01
v 0.252322 0.11631 0.01
v 0.252089 0.121607 0.01
v 0.334522 -0.164086 0.01
v 0.297105 0.005017 0.01
v 0.371343 -0.002483 0.01
v 0.355831 -0.017399 0.01
v 0.341426 -0.007597 0.01
v 0.33632 -0.004888 0.01
v 0.319755 2.99E-4 0.01
v 0.341426 -0.007597 0.0
v 0.33632 -0.004888 0.0
v 0.319755 2.99E-4 0.0
v 0.297105 0.005017 0.0
v 0.334522 -0.164086 0.0
v 0.371343 -0.002483 0.0
v 0.355831 -0.017399 0.0
v 0.045581 0.130992 0.01
v 0.043585 0.130795 0.01
v 0.042164 0.130909 0.01
v 0.041603 0.131094 0.01
v 0.041266 0.131306 0.01
v 0.041003 0.131585 0.01
v 0.040722 0.132061 0.01
v 0.040262 0.133223 0.01
v 0.040119 0.133979 0.01
v 0.040146 0.134618 0.01
v 0.040325 0.135228 0.01
v 0.040722 0.135937 0.01
v 0.041391 0.136901 0.01
v 0.042351 0.138126 0.01
v 0.043791 0.139686 0.01
v 0.062798 0.130992 0.01
v 0.062798 -0.170478 0.01
v 0.055298 -0.174484 0.01
v 0.058927 -0.172259 0.01
v 0.044985 -0.183093 0.01
v 0.042087 -0.195793 0.01
v 0.041381 -0.195207 0.01
v 0.040584 -0.194358 0.01
v 0.040047 -0.193403 0.01
v 0.039639 -0.191936 0.01
v 0.039598 -0.190586 0.01
v 0.039898 -0.189203 0.01
v 0.040894 -0.18709 0.01
v 0.042431 -0.185123 0.01
v 0.052485 -0.194003 0.01
v 0.064503 -0.194003 0.01
v 0.074305 -0.195793 0.01
v 0.069403 -0.194904 0.01
v 0.086408 -0.196901 0.01
v 0.108228 -0.203208 0.01
v 0.133542 -0.206703 0.01
v 0.120787 -0.205654 0.01
v 0.213576 -0.007597 0.01
v 0.211897 -0.059995 0.01
v 0.208494 -0.117964 0.01
v 0.202592 -0.151612 0.01
v 0.193654 -0.175157 0.01
v 0.184488 -0.188451 0.01
v 0.175007 -0.1969 0.01
v 0.16444 -0.202394 0.01
v 0.151433 -0.205552 0.01
v 0.111126 0.150596 0.01
v 0.131279 0.148079 0.01
v 0.155809 0.143292 0.01
v 0.167043 0.137816 0.01
v 0.176878 0.129579 0.01
v 0.187281 0.11608 0.01
v 0.200276 0.089563 0.01
v 0.207693 0.060642 0.01
v 0.211531 0.028281 0.01
v 0.085811 0.153493 0.01
v 0.067998 0.160909 0.01
v 0.068492 0.160745 0.01
v 0.070367 0.159652 0.01
v 0.076413 0.156009 0.01
v 0.050695 0.147101 0.01
v 0.053333 0.149996 0.01
v 0.061594 0.157667 0.01
v 0.065335 0.160342 0.01
v 0.066441 0.160799 0.01
v 0.078907 -0.174484 0.01
v 0.078907 0.129884 0.01
v 0.15577 0.120292 0.01
v 0.13977 0.12466 0.01
v 0.122036 0.126986 0.01
v 0.096721 0.129884 0.01
v 0.087816 0.130213 0.01
v 0.089817 -0.179087 0.01
v 0.114297 -0.184728 0.01
v 0.139338 -0.186587 0.01
v 0.153444 -0.183961 0.01
v 0.164279 0.115726 0.01
v 0.171107 0.109344 0.01
v 0.177648 0.099557 0.01
v 0.165119 -0.179562 0.01
v 0.171983 -0.174729 0.01
v 0.178841 -0.166762 0.01
v 0.188164 0.07364 0.01
v 0.194297 0.042307 0.01
v 0.197714 -0.007348 0.01
v 0.197467 -0.058226 0.01
v 0.194765 -0.103056 0.01
v 0.190748 -0.136435 0.01
v 0.185337 -0.15458 0.01
v 0.089817 -0.179087 0.0
v 0.114297 -0.184728 0.0
v 0.139338 -0.186587 0.0
v 0.153444 -0.183961 0.0
v 0.165119 -0.179562 -0.0
v 0.171983 -0.174729 -0.0
v 0.178841 -0.166762 -0.0
v 0.185337 -0.15458 0.0
v 0.190748 -0.136435 -0.0
v 0.194765 -0.103056 -0.0
v 0.197467 -0.058226 -0.0
v 0.197714 -0.007348 0.0
v 0.194297 0.042307 0.0
v 0.188164 0.07364 0.0
v 0.177648 0.099557 -0.0
v 0.171107 0.109344 0.0
v 0.164279 0.115726 -0.0
v 0.15577 0.120292 0.0
v 0.13977 0.12466 0.0
v 0.122036 0.126986 0.0
v 0.096721 0.129884 0.0
v 0.087816 0.130213 0.0
v 0.078907 0.129884 0.0
v 0.078907 -0.174484 0.0
v -0.09906 -0.195793 0.01
v -0.110212 -0.194278 0.01
v -0.121476 -0.194003 0.01
v -0.076558 -0.199799 0.01
v -0.038033 -0.211305 0.01
v -0.041094 -0.209469 0.01
v -0.056737 -0.203782 0.01
v -0.032833 -0.214714 0.01
v -0.016213 -0.197497 0.01
v -0.019026 -0.188292 0.01
v -0.017677 -0.188398 0.01
v -0.016548 -0.188701 0.01
v -0.015514 -0.189295 0.01
v -0.014702 -0.190067 0.01
v -0.01425 -0.190769 0.01
v -0.013983 -0.191551 0.01
v -0.013913 -0.192335 0.01
v -0.01404 -0.193182 0.01
v -0.014415 -0.194223 0.01
v -0.015102 -0.195603 0.01
v -0.028231 -0.187099 0.01
v -0.055335 -0.18369 0.01
v -0.041773 -0.185299 0.01
v -0.127783 -0.171586 0.01
v -0.127783 -0.045015 0.01
v -0.079456 -0.051322 0.01
v -0.040931 -0.063425 0.01
v -0.046737 -0.059907 0.01
v -0.05951 -0.055369 0.01
v -0.035731 -0.066323 0.01
v -0.019026 -0.049618 0.01
v -0.021924 -0.039816 0.01
v -0.02049 -0.039935 0.01
v -0.019382 -0.040251 0.01
v -0.018376 -0.040844 0.01
v -0.017563 -0.041641 0.01
v -0.016842 -0.042807 0.01
v -0.016521 -0.043783 0.01
v -0.016462 -0.044618 0.01
v -0.016617 -0.045559 0.01
v -0.017087 -0.046776 0.01
v -0.017843 -0.04805 0.01
v -0.127783 -0.0249 0.01
v -0.127783 0.130992 0.01
v -0.042039 0.118974 0.01
v -0.02593 0.113178 0.01
v -0.033721 0.116816 0.01
v -0.020816 0.11028 0.01
v -0.004706 0.128179 0.01
v -0.008116 0.137384 0.01
v -0.006306 0.13729 0.01
v -0.004735 0.136974 0.01
v -0.004671 0.136952 0.01
v -0.004035 0.136649 0.01
v -0.003631 0.136311 0.01
v -0.003221 0.135739 0.01
v -0.002679 0.134687 0.01
v -0.002349 0.133714 0.01
v -0.002286 0.132898 0.01
v -0.002437 0.131923 0.01
v -0.002959 0.130607 0.01
v -0.016724 0.137896 0.01
v -0.103662 0.149999 0.01
v -0.06029 0.143234 0.01
v -0.130085 0.154602 0.01
v -0.149688 0.14659 0.01
v -0.149868 0.147775 0.01
v -0.149988 0.151043 0.01
v -0.14955 0.153356 0.01
v -0.148963 0.154642 0.01
v -0.147772 0.156106 0.01
v -0.146333 0.157217 0.01
v -0.144992 0.157813 0.01
v -0.143413 0.158086 0.01
v -0.140539 0.157918 0.01
v -0.136472 0.156954 0.01
v -0.144489 0.117184 0.01
v -0.145981 0.132088 0.01
v -0.144489 0.106274 0.01
v -0.143892 0.09187 0.01
v -0.144138 0.099073 0.01
v -0.144489 -0.171586 0.01
v -0.153694 -0.196901 0.01
v -0.155312 -0.197063 0.01
v -0.15688 -0.196966 0.01
v -0.157713 -0.196734 0.01
v -0.157992 -0.196581 0.01
v -0.158218 -0.196381 0.01
v -0.158412 -0.196103 0.01
v -0.158595 -0.195667 0.01
v -0.158704 -0.195168 0.01
v -0.158724 -0.193856 0.01
v -0.158623 -0.192143 0.01
v -0.158121 -0.189352 0.01
v -0.157203 -0.187408 0.01
v -0.154879 -0.184011 0.01
v -0.150936 -0.179245 0.01
v -0.142784 -0.195196 0.01
v -0.123181 -0.194003 0.01
v -0.133006 -0.193992 0.01
v -0.224012 -0.206106 0.01
v -0.215403 -0.206106 0.01
v -0.215403 -0.052515 0.01
v -0.226313 -0.052515 0.01
v -0.276942 -0.193491 0.01
v -0.267267 -0.191262 0.01
v -0.259274 -0.187459 0.01
v -0.251652 -0.181346 0.01
v -0.244801 -0.17272 0.01
v -0.237362 -0.157273 0.01
v -0.231175 -0.133552 0.01
v -0.227327 -0.097735 0.01
v -0.348879 0.001608 0.01
v -0.350074 -0.030584 0.01
v -0.347212 -0.086116 0.01
v -0.339418 -0.128735 0.01
v -0.32813 -0.158602 0.01
v -0.318199 -0.174174 0.01
v -0.308934 -0.183241 0.01
v -0.299219 -0.189296 0.01
v -0.288904 -0.192757 0.01
v -0.281544 0.140794 0.01
v -0.286999 0.140375 0.01
v -0.295707 0.138315 0.01
v -0.30301 0.134454 0.01
v -0.311593 0.127078 0.01
v -0.323856 0.110934 0.01
v -0.332731 0.090337 0.01
v -0.335246 0.081628 0.01
v -0.342381 0.051749 0.01
v -0.218898 0.048145 0.01
v -0.22339 0.077391 0.01
v -0.229656 0.103164 0.01
v -0.237173 0.118109 0.01
v -0.245638 0.127856 0.01
v -0.255947 0.135087 0.01
v -0.268649 0.139811 0.01
v -0.216 0.017717 0.01
v -0.206795 0.018228 0.01
v -0.273532 0.159801 0.01
v -0.262146 0.158112 0.01
v -0.248235 0.15231 0.01
v -0.236885 0.143898 0.01
v -0.228146 0.133442 0.01
v -0.21806 0.113569 0.01
v -0.211313 0.088125 0.01
v -0.20787 0.054836 0.01
v -0.36209 -0.087632 0.01
v -0.363742 -0.073095 0.01
v -0.365376 -0.022612 0.01
v -0.360774 0.037536 0.01
v -0.352434 0.080454 0.01
v -0.339548 0.115502 0.01
v -0.326383 0.136985 0.01
v -0.316783 0.146791 0.01
v -0.303472 0.154555 0.01
v -0.288249 0.159274 0.01
v -0.281544 -0.212413 0.01
v -0.289091 -0.212373 0.01
v -0.29745 -0.210822 0.01
v -0.305759 -0.206885 0.01
v -0.322064 -0.194801 0.01
v -0.334229 -0.180186 0.01
v -0.345628 -0.157246 0.01
v -0.355722 -0.124289 0.01
v -0.233217 -0.181388 0.01
v -0.239905 -0.19033 0.01
v -0.251357 -0.2007 0.01
v -0.264622 -0.208032 0.01
v -0.228103 -0.172183 0.01
v -0.536989 -0.217016 0.01
v -0.532717 -0.189346 0.01
v -0.532386 -0.161273 0.01
v -0.538097 -0.222812 0.01
v -0.534091 -0.227414 0.01
v -0.508776 -0.195793 0.01
v -0.517385 -0.159483 0.01
v -0.517215 -0.166874 0.01
v -0.514733 -0.183163 0.01
v -0.517385 0.13389 0.01
v -0.431725 0.116673 0.01
v -0.433512 0.117416 0.01
v -0.435303 0.11863 0.01
v -0.440706 0.123301 0.01
v -0.444761 0.125274 0.01
v -0.451261 0.126815 0.01
v -0.462672 0.128706 0.01
v -0.47895 0.130994 0.01
v -0.408116 0.142498 0.01
v -0.408375 0.14041 0.01
v -0.408851 0.138425 0.01
v -0.409823 0.136663 0.01
v -0.411952 0.134324 0.01
v -0.418282 0.128503 0.01
v -0.488661 0.152897 0.01
v -0.476161 0.151878 0.01
v -0.438275 0.147958 0.01
v -0.423711 0.145886 0.01
v -0.413569 0.145644 0.01
v -0.411452 0.145367 0.01
v -0.410037 0.14484 0.01
v -0.409248 0.144311 0.01
v -0.408775 0.143785 0.01
v -0.512782 0.155198 0.01
v -0.526079 0.156306 0.01
v -0.533494 0.131589 0.01
v -0.533768 0.135013 0.01
v -0.535374 0.149049 0.01
v -0.535381 0.152262 0.01
v -0.534977 0.1538 0.01
v -0.534072 0.155446 0.01
v -0.53332 0.156316 0.01
v -0.532636 0.156804 0.01
v -0.531798 0.157138 0.01
v -0.530639 0.157321 0.01
v -0.529032 0.157209 0.01
v -0.532386 0.097666 0.01
usemtl 1
f 1// 2// 3//
f 3// 2// 4//
f 5// 6// 1//
f 1// 6// 2//
f 7// 8// 5//
f 5// 8// 6//
f 8// 7// 9//
f 8// 9// 10//
f 10// 9// 11//
f 10// 11// 12//
f 12// 11// 13//
f 12// 13// 14//
f 14// 13// 15//
f 14// 15// 16//
f 16// 15// 17//
f 16// 17// 18//
f 18// 17// 19//
f 18// 19// 20//
f 20// 19// 21//
f 20// 21// 22//
f 22// 21// 23//
f 22// 23// 24//
f 24// 23// 25//
f 24// 25// 26//
f 26// 25// 27//
f 26// 27// 28//
f 28// 27// 29//
f 28// 29// 30//
f 30// 29// 31//
f 30// 31// 32//
f 32// 31// 33//
f 32// 33// 34//
f 34// 33// 35//
f 34// 35// 36//
f 36// 35// 37//
f 36// 37// 38//
f 38// 37// 39//
f 38// 39// 40//
f 40// 39// 41//
f 40// 41// 42//
f 42// 41// 43//
f 42// 43// 44//
f 44// 43// 45//
f 44// 45// 46//
f 46// 45// 47//
f 46// 47// 48//
f 48// 47// 49//
f 48// 49// 50//
f 50// 49// 3//
f 50// 3// 4//
f 4// 2// 6//
f 26// 28// 4//
f 4// 18// 20//
f 6// 8// 4//
f 4// 8// 10//
f 4// 10// 12//
f 20// 22// 4//
f 4// 22// 24//
f 4// 24// 26//
f 4// 34// 36//
f 12// 14// 4//
f 4// 14// 16//
f 4// 16// 18//
f 28// 30// 4//
f 4// 30// 32//
f 4// 32// 34//
f 36// 38// 4//
f 4// 38// 40//
f 4// 40// 50//
f 50// 40// 48//
f 42// 44// 40//
f 40// 44// 46//
f 40// 46// 48//
f 5// 1// 7//
f 7// 1// 3//
f 7// 3// 9//
f 37// 35// 3//
f 3// 35// 33//
f 3// 33// 31//
f 25// 23// 3//
f 3// 23// 21//
f 21// 19// 3//
f 3// 19// 17//
f 3// 17// 15//
f 31// 29// 3//
f 3// 29// 27//
f 3// 27// 25//
f 15// 13// 3//
f 3// 13// 11//
f 3// 11// 9//
f 37// 3// 39//
f 39// 3// 49//
f 39// 49// 47//
f 47// 45// 39//
f 39// 45// 43//
f 39// 43// 41//
f 51// 52// 53//
f 53// 52// 54//
f 55// 56// 51//
f 51// 56// 52//
f 57// 58// 55//
f 55// 58// 56//
f 58// 57// 59//
f 58// 59// 60//
f 60// 59// 61//
f 60// 61// 62//
f 62// 61// 63//
f 62// 63// 64//
f 64// 63// 65//
f 64// 65// 66//
f 66// 65// 67//
f 66// 67// 68//
f 68// 67// 69//
f 68// 69// 70//
f 70// 69// 71//
f 70// 71// 72//
f 72// 71// 73//
f 72// 73// 74//
f 74// 73// 75//
f 74// 75// 76//
f 76// 75// 77//
f 76// 77// 78//
f 78// 77// 79//
f 78// 79// 80//
f 80// 79// 81//
f 80// 81// 82//
f 82// 81// 83//
f 82// 83// 84//
f 84// 83// 85//
f 84// 85// 86//
f 86// 85// 87//
f 86// 87// 88//
f 88// 87// 89//
f 88// 89// 90//
f 90// 89// 91//
f 90// 91// 92//
f 92// 91// 93//
f 92// 93// 94//
f 94// 93// 95//
f 94// 95// 96//
f 96// 95// 97//
f 96// 97// 98//
f 98// 97// 99//
f 98// 99// 100//
f 100// 99// 53//
f 100// 53// 54//
f 66// 68// 54//
f 74// 76// 88//
f 52// 56// 54//
f 54// 56// 58//
f 54// 58// 60//
f 60// 62// 54//
f 54// 62// 64//
f 54// 64// 66//
f 74// 88// 72//
f 72// 88// 90//
f 72// 90// 92//
f 92// 94// 72//
f 72// 94// 96//
f 72// 96// 98//
f 68// 70// 54//
f 54// 70// 72//
f 54// 72// 100//
f 100// 72// 98//
f 80// 82// 78//
f 78// 82// 84//
f 78// 84// 76//
f 76// 84// 86//
f 76// 86// 88//
f 55// 51// 57//
f 57// 51// 53//
f 85// 83// 71//
f 69// 67// 53//
f 53// 67// 65//
f 53// 65// 63//
f 69// 53// 71//
f 71// 53// 99//
f 71// 99// 97//
f 97// 95// 71//
f 71// 95// 93//
f 71// 93// 91//
f 91// 89// 71//
f 71// 89// 87//
f 71// 87// 85//
f 63// 61// 53//
f 53// 61// 59//
f 53// 59// 57//
f 79// 77// 81//
f 81// 77// 75//
f 81// 75// 83//
f 83// 75// 73//
f 83// 73// 71//
f 101// 102// 103//
f 101// 103// 104//
f 104// 103// 105//
f 104// 105// 106//
f 106// 105// 107//
f 106// 107// 108//
f 108// 107// 109//
f 108// 109// 110//
f 110// 109// 111//
f 110// 111// 112//
f 112// 111// 113//
f 112// 113// 114//
f 114// 113// 115//
f 114// 115// 116//
f 116// 115// 117//
f 116// 117// 118//
f 118// 117// 119//
f 118// 119// 120//
f 120// 119// 121//
f 120// 121// 122//
f 122// 121// 123//
f 122// 123// 124//
f 124// 123// 125//
f 124// 125// 126//
f 126// 125// 127//
f 126// 127// 128//
f 128// 127// 129//
f 128// 129// 130//
f 130// 129// 131//
f 130// 131// 132//
f 132// 131// 133//
f 132// 133// 134//
f 134// 133// 135//
f 134// 135// 136//
f 136// 135// 137//
f 136// 137// 138//
f 138// 137// 139//
f 138// 139// 140//
f 140// 139// 141//
f 140// 141// 142//
f 142// 141// 143//
f 142// 143// 144//
f 144// 143// 145//
f 144// 145// 146//
f 147// 148// 145//
f 145// 148// 146//
f 149// 150// 147//
f 147// 150// 148//
f 102// 101// 149//
f 149// 101// 150//
f 146// 148// 150//
f 124// 126// 104//
f 104// 126// 128//
f 104// 128// 130//
f 130// 132// 104//
f 104// 132// 134//
f 104// 134// 136//
f 136// 138// 104//
f 104// 138// 140//
f 104// 140// 142//
f 150// 101// 146//
f 146// 101// 104//
f 146// 104// 144//
f 144// 104// 142//
f 120// 106// 108//
f 108// 110// 120//
f 120// 110// 112//
f 120// 112// 118//
f 118// 112// 114//
f 118// 114// 116//
f 106// 120// 104//
f 104// 120// 122//
f 104// 122// 124//
f 103// 119// 117//
f 149// 147// 102//
f 102// 147// 145//
f 102// 145// 103//
f 103// 145// 143//
f 143// 141// 103//
f 103// 141// 139//
f 103// 139// 137//
f 137// 135// 103//
f 103// 135// 133//
f 103// 133// 131//
f 131// 129// 103//
f 103// 129// 127//
f 103// 127// 125//
f 125// 123// 103//
f 103// 123// 121//
f 103// 121// 119//
f 117// 115// 103//
f 103// 115// 113//
f 103// 113// 111//
f 109// 107// 111//
f 111// 107// 105//
f 111// 105// 103//
f 151// 152// 153//
f 151// 153// 154//
f 154// 153// 155//
f 154// 155// 156//
f 156// 155// 157//
f 156// 157// 158//
f 158// 157// 159//
f 158// 159// 160//
f 160// 159// 161//
f 160// 161// 162//
f 162// 161// 163//
f 162// 163// 164//
f 164// 163// 165//
f 164// 165// 166//
f 166// 165// 167//
f 166// 167// 168//
f 168// 167// 169//
f 168// 169// 170//
f 170// 169// 171//
f 170// 171// 172//
f 172// 171// 173//
f 172// 173// 174//
f 174// 173// 175//
f 174// 175// 176//
f 176// 175// 177//
f 176// 177// 178//
f 178// 177// 179//
f 178// 179// 180//
f 180// 179// 181//
f 180// 181// 182//
f 182// 181// 183//
f 182// 183// 184//
f 184// 183// 185//
f 184// 185// 186//
f 186// 185// 187//
f 186// 187// 188//
f 188// 187// 189//
f 188// 189// 190//
f 190// 189// 191//
f 190// 191// 192//
f 192// 191// 193//
f 192// 193// 194//
f 194// 193// 195//
f 194// 195// 196//
f 197// 198// 195//
f 195// 198// 196//
f 199// 200// 197//
f 197// 200// 198//
f 152// 151// 199//
f 199// 151// 200//
f 198// 200// 196//
f 196// 200// 151//
f 170// 172// 196//
f 196// 172// 174//
f 196// 174// 176//
f 151// 154// 196//
f 196// 154// 156//
f 196// 156// 158//
f 158// 160// 196//
f 196// 160// 162//
f 196// 162// 164//
f 164// 166// 196//
f 196// 166// 168//
f 196// 168// 170//
f 176// 178// 196//
f 196// 178// 180//
f 196// 180// 182//
f 192// 186// 190//
f 190// 186// 188//
f 182// 184// 196//
f 196// 184// 186//
f 196// 186// 194//
f 194// 186// 192//
f 199// 197// 152//
f 152// 197// 195//
f 152// 195// 153//
f 171// 195// 173//
f 173// 195// 175//
f 171// 169// 195//
f 195// 169// 167//
f 195// 167// 165//
f 193// 191// 185//
f 185// 191// 189//
f 185// 189// 187//
f 193// 185// 195//
f 195// 185// 183//
f 195// 183// 181//
f 181// 179// 195//
f 195// 179// 177//
f 195// 177// 175//
f 165// 163// 195//
f 195// 163// 161//
f 195// 161// 159//
f 159// 157// 195//
f 195// 157// 155//
f 195// 155// 153//
f 201// 202// 203//
f 203// 202// 204//
f 205// 206// 201//
f 201// 206// 202//
f 207// 208// 205//
f 205// 208// 206//
f 208// 207// 209//
f 208// 209// 210//
f 210// 209// 211//
f 210// 211// 212//
f 212// 211// 213//
f 212// 213// 214//
f 214// 213// 215//
f 214// 215// 216//
f 216// 215// 217//
f 216// 217// 218//
f 218// 217// 219//
f 218// 219// 220//
f 220// 219// 221//
f 220// 221// 222//
f 222// 221// 223//
f 222// 223// 224//
f 224// 223// 225//
f 224// 225// 226//
f 226// 225// 227//
f 226// 227// 228//
f 228// 227// 229//
f 228// 229// 230//
f 230// 229// 231//
f 230// 231// 232//
f 232// 231// 233//
f 232// 233// 234//
f 234// 233// 235//
f 234// 235// 236//
f 236// 235// 237//
f 236// 237// 238//
f 238// 237// 239//
f 238// 239// 240//
f 240// 239// 241//
f 240// 241// 242//
f 242// 241// 243//
f 242// 243// 244//
f 244// 243// 245//
f 244// 245// 246//
f 246// 245// 247//
f 246// 247// 248//
f 248// 247// 249//
f 248// 249// 250//
f 250// 249// 203//
f 250// 203// 204//
f 202// 206// 204//
f 204// 206// 208//
f 218// 204// 216//
f 216// 204// 214//
f 208// 210// 204//
f 204// 210// 212//
f 204// 212// 214//
f 220// 238// 218//
f 218// 238// 240//
f 220// 222// 238//
f 238// 222// 224//
f 238// 224// 226//
f 240// 242// 218//
f 218// 242// 244//
f 218// 244// 246//
f 246// 248// 218//
f 218// 248// 250//
f 218// 250// 204//
f 230// 232// 228//
f 228// 232// 234//
f 228// 234// 226//
f 226// 234// 236//
f 226// 236// 238//
f 243// 241// 207//
f 205// 201// 207//
f 207// 201// 203//
f 207// 203// 249//
f 217// 237// 219//
f 219// 237// 221//
f 217// 215// 237//
f 237// 215// 213//
f 237// 213// 211//
f 249// 247// 207//
f 207// 247// 245//
f 207// 245// 243//
f 241// 239// 207//
f 207// 239// 237//
f 207// 237// 209//
f 209// 237// 211//
f 235// 225// 237//
f 237// 225// 223//
f 237// 223// 221//
f 235// 233// 225//
f 225// 233// 231//
f 225// 231// 227//
f 227// 231// 229//
f 251// 252// 253//
f 253// 252// 254//
f 255// 256// 251//
f 251// 256// 252//
f 257// 258// 255//
f 255// 258// 256//
f 258// 257// 259//
f 258// 259// 260//
f 260// 259// 261//
f 260// 261// 262//
f 262// 261// 263//
f 262// 263// 264//
f 264// 263// 265//
f 264// 265// 266//
f 266// 265// 267//
f 266// 267// 268//
f 268// 267// 269//
f 268// 269// 270//
f 270// 269// 271//
f 270// 271// 272//
f 272// 271// 273//
f 272// 273// 274//
f 274// 273// 275//
f 274// 275// 276//
f 276// 275// 277//
f 276// 277// 278//
f 278// 277// 279//
f 278// 279// 280//
f 280// 279// 281//
f 280// 281// 282//
f 282// 281// 283//
f 282// 283// 284//
f 284// 283// 285//
f 284// 285// 286//
f 286// 285// 287//
f 286// 287// 288//
f 288// 287// 289//
f 288// 289// 290//
f 290// 289// 291//
f 290// 291// 292//
f 292// 291// 293//
f 292// 293// 294//
f 294// 293// 295//
f 294// 295// 296//
f 296// 295// 297//
f 296// 297// 298//
f 298// 297// 299//
f 298// 299// 300//
f 300// 299// 253//
f 300// 253// 254//
f 282// 284// 258//
f 264// 258// 262//
f 262// 258// 260//
f 284// 286// 258//
f 258// 286// 288//
f 258// 288// 290//
f 296// 298// 258//
f 264// 266// 258//
f 258// 266// 268//
f 258// 268// 270//
f 270// 272// 258//
f 258// 272// 274//
f 258// 274// 276//
f 276// 278// 258//
f 258// 278// 280//
f 258// 280// 282//
f 252// 256// 254//
f 254// 256// 258//
f 254// 258// 300//
f 300// 258// 298//
f 290// 292// 258//
f 258// 292// 294//
f 258// 294// 296//
f 287// 285// 257//
f 257// 285// 283//
f 257// 283// 281//
f 259// 257// 261//
f 261// 257// 263//
f 255// 251// 257//
f 257// 251// 253//
f 257// 253// 299//
f 281// 279// 257//
f 257// 279// 277//
f 257// 277// 275//
f 275// 273// 257//
f 257// 273// 271//
f 257// 271// 269//
f 269// 267// 257//
f 257// 267// 265//
f 257// 265// 263//
f 299// 297// 257//
f 257// 297// 295//
f 257// 295// 293//
f 293// 291// 257//
f 257// 291// 289//
f 257// 289// 287//
f 301// 302// 303//
f 303// 302// 304//
f 305// 306// 301//
f 301// 306// 302//
f 307// 308// 305//
f 305// 308// 306//
f 308// 307// 309//
f 308// 309// 310//
f 310// 309// 311//
f 310// 311// 312//
f 312// 311// 313//
f 312// 313// 314//
f 314// 313// 315//
f 314// 315// 316//
f 316// 315// 317//
f 316// 317// 318//
f 318// 317// 319//
f 318// 319// 320//
f 320// 319// 321//
f 320// 321// 322//
f 322// 321// 323//
f 322// 323// 324//
f 324// 323// 325//
f 324// 325// 326//
f 326// 325// 327//
f 326// 327// 328//
f 328// 327// 329//
f 328// 329// 330//
f 330// 329// 331//
f 330// 331// 332//
f 332// 331// 333//
f 332// 333// 334//
f 334// 333// 335//
f 334// 335// 336//
f 336// 335// 337//
f 336// 337// 338//
f 338// 337// 339//
f 338// 339// 340//
f 340// 339// 341//
f 340// 341// 342//
f 342// 341// 343//
f 342// 343// 344//
f 344// 343// 345//
f 344// 345// 346//
f 346// 345// 347//
f 346// 347// 348//
f 348// 347// 349//
f 348// 349// 350//
f 350// 349// 303//
f 350// 303// 304//
f 324// 326// 310//
f 310// 326// 308//
f 308// 326// 328//
f 308// 328// 330//
f 330// 332// 308//
f 308// 332// 334//
f 308// 334// 336//
f 336// 338// 308//
f 308// 338// 340//
f 308// 340// 342//
f 302// 306// 304//
f 304// 306// 308//
f 304// 308// 350//
f 350// 308// 348//
f 316// 318// 314//
f 314// 318// 320//
f 314// 320// 312//
f 312// 320// 310//
f 310// 320// 322//
f 310// 322// 324//
f 342// 344// 308//
f 308// 344// 346//
f 308// 346// 348//
f 305// 301// 307//
f 307// 301// 303//
f 339// 337// 307//
f 307// 337// 335//
f 335// 333// 307//
f 307// 333// 331//
f 307// 331// 329//
f 329// 327// 307//
f 307// 327// 325//
f 307// 325// 323//
f 323// 321// 307//
f 307// 321// 319//
f 307// 319// 317//
f 303// 349// 307//
f 307// 349// 347//
f 307// 347// 345//
f 317// 315// 307//
f 307// 315// 313//
f 307// 313// 309//
f 309// 313// 311//
f 345// 343// 307//
f 307// 343// 341//
f 307// 341// 339//
f 351// 352// 353//
f 353// 352// 354//
f 355// 356// 351//
f 351// 356// 352//
f 357// 358// 355//
f 355// 358// 356//
f 358// 357// 359//
f 358// 359// 360//
f 360// 359// 361//
f 360// 361// 362//
f 362// 361// 363//
f 362// 363// 364//
f 364// 363// 365//
f 364// 365// 366//
f 366// 365// 367//
f 366// 367// 368//
f 368// 367// 369//
f 368// 369// 370//
f 370// 369// 371//
f 370// 371// 372//
f 372// 371// 373//
f 372// 373// 374//
f 374// 373// 375//
f 374// 375// 376//
f 376// 375// 377//
f 376// 377// 378//
f 378// 377// 379//
f 378// 379// 380//
f 380// 379// 381//
f 380// 381// 382//
f 382// 381// 383//
f 382// 383// 384//
f 384// 383// 385//
f 384// 385// 386//
f 386// 385// 387//
f 386// 387// 388//
f 388// 387// 389//
f 388// 389// 390//
f 390// 389// 391//
f 390// 391// 392//
f 392// 391// 393//
f 392// 393// 394//
f 394// 393// 395//
f 394// 395// 396//
f 396// 395// 397//
f 396// 397// 398//
f 398// 397// 399//
f 398// 399// 400//
f 400// 399// 353//
f 400// 353// 354//
f 390// 392// 358//
f 362// 364// 388//
f 392// 394// 358//
f 358// 394// 396//
f 358// 396// 398//
f 390// 358// 388//
f 388// 358// 360//
f 388// 360// 362//
f 364// 366// 388//
f 388// 366// 368//
f 388// 368// 370//
f 352// 356// 354//
f 354// 356// 358//
f 354// 358// 400//
f 400// 358// 398//
f 370// 372// 388//
f 388// 372// 374//
f 388// 374// 376//
f 380// 382// 378//
f 378// 382// 384//
f 378// 384// 376//
f 376// 384// 386//
f 376// 386// 388//
f 355// 351// 357//
f 357// 351// 353//
f 389// 387// 357//
f 395// 393// 357//
f 357// 393// 391//
f 357// 391// 389//
f 363// 387// 365//
f 365// 387// 367//
f 353// 399// 357//
f 357// 399// 397//
f 357// 397// 395//
f 363// 361// 387//
f 387// 361// 359//
f 387// 359// 357//
f 387// 385// 367//
f 367// 385// 383//
f 367// 383// 369//
f 369// 383// 371//
f 379// 377// 381//
f 381// 377// 375//
f 381// 375// 383//
f 383// 375// 373//
f 383// 373// 371//
f 401// 402// 403//
f 401// 403// 404//
f 404// 403// 405//
f 404// 405// 406//
f 406// 405// 407//
f 406// 407// 408//
f 408// 407// 409//
f 408// 409// 410//
f 410// 409// 411//
f 410// 411// 412//
f 412// 411// 413//
f 412// 413// 414//
f 414// 413// 415//
f 414// 415// 416//
f 416// 415// 417//
f 416// 417// 418//
f 418// 417// 419//
f 418// 419// 420//
f 420// 419// 421//
f 420// 421// 422//
f 422// 421// 423//
f 422// 423// 424//
f 424// 423// 425//
f 424// 425// 426//
f 426// 425// 427//
f 426// 427// 428//
f 428// 427// 429//
f 428// 429// 430//
f 430// 429// 431//
f 430// 431// 432//
f 432// 431// 433//
f 432// 433// 434//
f 434// 433// 435//
f 434// 435// 436//
f 436// 435// 437//
f 436// 437// 438//
f 438// 437// 439//
f 438// 439// 440//
f 440// 439// 441//
f 440// 441// 442//
f 442// 441// 443//
f 442// 443// 444//
f 444// 443// 445//
f 444// 445// 446//
f 447// 448// 445//
f 445// 448// 446//
f 449// 450// 447//
f 447// 450// 448//
f 402// 401// 449//
f 449// 401// 450//
f 446// 448// 450//
f 438// 440// 404//
f 404// 440// 442//
f 450// 401// 446//
f 446// 401// 404//
f 446// 404// 444//
f 444// 404// 442//
f 438// 404// 436//
f 436// 404// 406//
f 436// 406// 408//
f 408// 410// 436//
f 436// 410// 412//
f 436// 412// 414//
f 414// 416// 436//
f 436// 416// 418//
f 436// 418// 420//
f 420// 422// 436//
f 436// 422// 424//
f 436// 424// 426//
f 426// 428// 436//
f 436// 428// 430//
f 436// 430// 434//
f 434// 430// 432//
f 449// 447// 402//
f 402// 447// 445//
f 402// 445// 403//
f 403// 445// 443//
f 403// 443// 441//
f 441// 439// 403//
f 403// 439// 437//
f 403// 437// 435//
f 435// 433// 403//
f 403// 433// 431//
f 403// 431// 429//
f 429// 427// 403//
f 403// 427// 425//
f 403// 425// 423//
f 417// 415// 419//
f 419// 415// 413//
f 413// 411// 419//
f 419// 411// 409//
f 419// 409// 407//
f 423// 421// 403//
f 403// 421// 419//
f 403// 419// 405//
f 405// 419// 407//
f 451// 452// 453//
f 453// 452// 454//
f 455// 456// 451//
f 451// 456// 452//
f 457// 458// 455//
f 455// 458// 456//
f 458// 457// 459//
f 458// 459// 460//
f 460// 459// 461//
f 460// 461// 462//
f 462// 461// 463//
f 462// 463// 464//
f 464// 463// 465//
f 464// 465// 466//
f 466// 465// 467//
f 466// 467// 468//
f 468// 467// 469//
f 468// 469// 470//
f 470// 469// 471//
f 470// 471// 472//
f 472// 471// 473//
f 472// 473// 474//
f 474// 473// 475//
f 474// 475// 476//
f 476// 475// 477//
f 476// 477// 478//
f 478// 477// 479//
f 478// 479// 480//
f 480// 479// 481//
f 480// 481// 482//
f 482// 481// 483//
f 482// 483// 484//
f 484// 483// 485//
f 484// 485// 486//
f 486// 485// 487//
f 486// 487// 488//
f 488// 487// 489//
f 488// 489// 490//
f 490// 489// 491//
f 490// 491// 492//
f 492// 491// 493//
f 492// 493// 494//
f 494// 493// 495//
f 494// 495// 496//
f 496// 495// 497//
f 496// 497// 498//
f 498// 497// 499//
f 498// 499// 500//
f 500// 499// 453//
f 500// 453// 454//
f 454// 452// 456//
f 456// 458// 454//
f 454// 458// 460//
f 454// 460// 462//
f 462// 464// 454//
f 454// 464// 466//
f 454// 466// 468//
f 468// 470// 454//
f 454// 470// 472//
f 454// 472// 474//
f 474// 476// 454//
f 454// 476// 478//
f 454// 478// 480//
f 480// 482// 454//
f 454// 482// 484//
f 454// 484// 486//
f 486// 488// 454//
f 454// 488// 490//
f 454// 490// 500//
f 500// 490// 498//
f 492// 494// 490//
f 490// 494// 496//
f 490// 496// 498//
f 453// 475// 473//
f 473// 471// 453//
f 453// 471// 469//
f 453// 469// 467//
f 467// 465// 453//
f 453// 465// 463//
f 453// 463// 461//
f 455// 451// 457//
f 457// 451// 453//
f 457// 453// 459//
f 459// 453// 461//
f 487// 485// 453//
f 453// 485// 483//
f 453// 483// 481//
f 487// 453// 489//
f 489// 453// 499//
f 489// 499// 497//
f 497// 495// 489//
f 489// 495// 493//
f 489// 493// 491//
f 481// 479// 453//
f 453// 479// 477//
f 453// 477// 475//
f 501// 502// 503//
f 503// 502// 504//
f 505// 506// 501//
f 501// 506// 502//
f 507// 508// 505//
f 505// 508// 506//
f 508// 507// 509//
f 508// 509// 510//
f 510// 509// 511//
f 510// 511// 512//
f 512// 511// 513//
f 512// 513// 514//
f 514// 513// 515//
f 514// 515// 516//
f 516// 515// 517//
f 516// 517// 518//
f 518// 517// 519//
f 518// 519// 520//
f 520// 519// 521//
f 520// 521// 522//
f 522// 521// 523//
f 522// 523// 524//
f 524// 523// 525//
f 524// 525// 526//
f 526// 525// 527//
f 526// 527// 528//
f 528// 527// 529//
f 528// 529// 530//
f 530// 529// 531//
f 530// 531// 532//
f 532// 531// 533//
f 532// 533// 534//
f 534// 533// 535//
f 534// 535// 536//
f 536// 535// 537//
f 536// 537// 538//
f 538// 537// 539//
f 538// 539// 540//
f 540// 539// 541//
f 540// 541// 542//
f 542// 541// 543//
f 542// 543// 544//
f 544// 543// 545//
f 544// 545// 546//
f 546// 545// 547//
f 546// 547// 548//
f 548// 547// 549//
f 548// 549// 550//
f 550// 549// 503//
f 550// 503// 504//
f 540// 542// 508//
f 514// 516// 538//
f 502// 506// 504//
f 504// 506// 508//
f 504// 508// 550//
f 550// 508// 548//
f 514// 538// 512//
f 516// 518// 538//
f 538// 518// 520//
f 538// 520// 522//
f 522// 524// 538//
f 538// 524// 526//
f 538// 526// 536//
f 536// 526// 534//
f 542// 544// 508//
f 508// 544// 546//
f 508// 546// 548//
f 540// 508// 538//
f 538// 508// 510//
f 538// 510// 512//
f 534// 526// 532//
f 532// 526// 528//
f 532// 528// 530//
f 505// 501// 507//
f 507// 501// 503//
f 539// 537// 507//
f 503// 549// 507//
f 507// 549// 547//
f 507// 547// 545//
f 545// 543// 507//
f 507// 543// 541//
f 507// 541// 539//
f 525// 537// 535//
f 525// 523// 537//
f 537// 523// 521//
f 537// 521// 519//
f 519// 517// 537//
f 537// 517// 515//
f 537// 515// 513//
f 535// 533// 525//
f 525// 533// 531//
f 525// 531// 527//
f 527// 531// 529//
f 513// 511// 537//
f 537// 511// 509//
f 537// 509// 507//
f 551// 552// 553//
f 551// 553// 554//
f 554// 553// 555//
f 554// 555// 556//
f 556// 555// 557//
f 556// 557// 558//
f 558// 557// 559//
f 558// 559// 560//
f 560// 559// 561//
f 560// 561// 562//
f 562// 561// 563//
f 562// 563// 564//
f 564// 563// 565//
f 564// 565// 566//
f 566// 565// 567//
f 566// 567// 568//
f 568// 567// 569//
f 568// 569// 570//
f 570// 569// 571//
f 570// 571// 572//
f 572// 571// 573//
f 572// 573// 574//
f 574// 573// 575//
f 574// 575// 576//
f 576// 575// 577//
f 576// 577// 578//
f 578// 577// 579//
f 578// 579// 580//
f 580// 579// 581//
f 580// 581// 582//
f 582// 581// 583//
f 582// 583// 584//
f 584// 583// 585//
f 584// 585// 586//
f 586// 585// 587//
f 586// 587// 588//
f 588// 587// 589//
f 588// 589// 590//
f 590// 589// 591//
f 590// 591// 592//
f 592// 591// 593//
f 592// 593// 594//
f 594// 593// 595//
f 594// 595// 596//
f 597// 598// 595//
f 595// 598// 596//
f 599// 600// 597//
f 597// 600// 598//
f 552// 551// 599//
f 599// 551// 600//
f 590// 592// 551//
f 551// 554// 566//
f 566// 554// 556//
f 566// 556// 558//
f 566// 568// 551//
f 551// 568// 570//
f 551// 570// 572//
f 578// 580// 551//
f 551// 580// 582//
f 551// 582// 584//
f 598// 600// 596//
f 596// 600// 551//
f 596// 551// 594//
f 594// 551// 592//
f 558// 560// 566//
f 566// 560// 562//
f 566// 562// 564//
f 572// 574// 551//
f 551// 574// 576//
f 551// 576// 578//
f 584// 586// 551//
f 551// 586// 588//
f 551// 588// 590//
f 557// 555// 565//
f 599// 597// 552//
f 552// 597// 595//
f 552// 595// 593//
f 581// 579// 552//
f 552// 579// 577//
f 552// 577// 575//
f 593// 591// 552//
f 552// 591// 589//
f 552// 589// 587//
f 575// 573// 552//
f 552// 573// 571//
f 552// 571// 569//
f 555// 553// 565//
f 565// 553// 552//
f 565// 552// 567//
f 567// 552// 569//
f 587// 585// 552//
f 552// 585// 583//
f 552// 583// 581//
f 563// 561// 565//
f 565// 561// 559//
f 565// 559// 557//
usemtl 2
f 601// 602// 603//
f 603// 602// 604//
f 605// 606// 607//
f 607// 606// 608//
f 609// 610// 611//
f 611// 610// 612//
f 613// 614// 615//
f 615// 614// 616//
f 617// 618// 619//
f 620// 621// 622//
f 623// 624// 625//
f 625// 624// 622//
f 626// 627// 628//
f 628// 627// 629//
f 628// 629// 630//
f 621// 631// 622//
f 622// 631// 632//
f 622// 632// 625//
f 623// 633// 624//
f 624// 633// 634//
f 624// 634// 628//
f 628// 634// 635//
f 628// 635// 626//
f 630// 636// 628//
f 628// 636// 637//
f 628// 637// 619//
f 619// 637// 638//
f 619// 638// 617//
f 618// 639// 619//
f 619// 639// 640//
f 619// 640// 641//
f 641// 642// 619//
f 619// 642// 643//
f 619// 643// 622//
f 622// 643// 644//
f 622// 644// 620//
f 645// 646// 647//
f 647// 646// 648//
f 647// 648// 649//
f 649// 648// 616//
f 649// 616// 602//
f 602// 616// 612//
f 602// 612// 604//
f 604// 612// 610//
f 604// 610// 608//
f 608// 610// 650//
f 608// 650// 651//
f 651// 650// 652//
f 651// 652// 653//
f 653// 652// 654//
f 616// 614// 612//
f 612// 614// 655//
f 612// 655// 656//
f 656// 655// 657//
f 656// 657// 658//
f 658// 657// 659//
f 608// 606// 604//
f 604// 606// 660//
f 604// 660// 661//
f 661// 660// 662//
f 661// 662// 663//
f 663// 662// 664//
f 615// 616// 648//
f 615// 648// 665//
f 665// 648// 646//
f 665// 646// 666//
f 666// 646// 645//
f 666// 645// 667//
f 667// 645// 647//
f 667// 647// 668//
f 668// 647// 649//
f 668// 649// 669//
f 669// 649// 602//
f 669// 602// 601//
f 611// 612// 656//
f 611// 656// 670//
f 670// 656// 658//
f 670// 658// 671//
f 671// 658// 659//
f 671// 659// 672//
f 672// 659// 657//
f 672// 657// 673//
f 673// 657// 655//
f 673// 655// 674//
f 674// 655// 614//
f 674// 614// 613//
f 607// 608// 651//
f 607// 651// 675//
f 675// 651// 653//
f 675// 653// 676//
f 676// 653// 654//
f 676// 654// 677//
f 677// 654// 652//
f 677// 652// 678//
f 678// 652// 650//
f 678// 650// 679//
f 679// 650// 610//
f 679// 610// 609//
f 603// 604// 661//
f 603// 661// 680//
f 680// 661// 663//
f 680// 663// 681//
f 681// 663// 664//
f 681// 664// 682//
f 682// 664// 662//
f 682// 662// 683//
f 683// 662// 660//
f 683// 660// 684//
f 684// 660// 606//
f 684// 606// 605//
f 680// 681// 685//
f 685// 681// 686//
f 685// 686// 687//
f 687// 686// 688//
f 687// 688// 689//
f 689// 688// 690//
f 689// 690// 691//
f 691// 690// 692//
f 691// 692// 693//
f 693// 692// 694//
f 693// 694// 624//
f 681// 682// 686//
f 686// 682// 695//
f 686// 695// 688//
f 688// 695// 696//
f 688// 696// 690//
f 690// 696// 697//
f 690// 697// 692//
f 692// 697// 698//
f 692// 698// 694//
f 694// 698// 699//
f 694// 699// 624//
f 603// 680// 700//
f 700// 680// 685//
f 700// 685// 701//
f 701// 685// 687//
f 701// 687// 702//
f 702// 687// 689//
f 702// 689// 703//
f 703// 689// 691//
f 703// 691// 704//
f 704// 691// 693//
f 704// 693// 624//
f 683// 684// 705//
f 705// 684// 706//
f 705// 706// 707//
f 707// 706// 708//
f 707// 708// 709//
f 709// 708// 710//
f 709// 710// 711//
f 711// 710// 712//
f 711// 712// 713//
f 713// 712// 714//
f 713// 714// 624//
f 684// 605// 706//
f 706// 605// 715//
f 706// 715// 708//
f 708// 715// 716//
f 708// 716// 710//
f 710// 716// 717//
f 710// 717// 712//
f 712// 717// 718//
f 712// 718// 714//
f 714// 718// 719//
f 714// 719// 624//
f 682// 683// 695//
f 695// 683// 705//
f 695// 705// 696//
f 696// 705// 707//
f 696// 707// 697//
f 697// 707// 709//
f 697// 709// 698//
f 698// 709// 711//
f 698// 711// 699//
f 699// 711// 713//
f 699// 713// 624//
f 605// 607// 720//
f 605// 720// 715//
f 715// 720// 721//
f 715// 721// 716//
f 716// 721// 722//
f 716// 722// 717//
f 717// 722// 723//
f 717// 723// 718//
f 718// 723// 724//
f 718// 724// 719//
f 719// 724// 622//
f 719// 622// 624//
f 601// 603// 700//
f 601// 700// 725//
f 725// 700// 701//
f 725// 701// 726//
f 726// 701// 702//
f 726// 702// 727//
f 727// 702// 703//
f 727// 703// 728//
f 728// 703// 704//
f 728// 704// 729//
f 729// 704// 624//
f 729// 624// 628//
f 675// 676// 730//
f 730// 676// 731//
f 730// 731// 732//
f 732// 731// 733//
f 732// 733// 734//
f 734// 733// 735//
f 734// 735// 736//
f 736// 735// 737//
f 736// 737// 738//
f 738// 737// 739//
f 738// 739// 622//
f 676// 677// 731//
f 731// 677// 740//
f 731// 740// 733//
f 733// 740// 741//
f 733// 741// 735//
f 735// 741// 742//
f 735// 742// 737//
f 737// 742// 743//
f 737// 743// 739//
f 739// 743// 744//
f 739// 744// 622//
f 607// 675// 720//
f 720// 675// 730//
f 720// 730// 721//
f 721// 730// 732//
f 721// 732// 722//
f 722// 732// 734//
f 722// 734// 723//
f 723// 734// 736//
f 723// 736// 724//
f 724// 736// 738//
f 724// 738// 622//
f 678// 679// 745//
f 745// 679// 746//
f 745// 746// 747//
f 747// 746// 748//
f 747// 748// 749//
f 749// 748// 750//
f 749// 750// 751//
f 751// 750// 752//
f 751// 752// 753//
f 753// 752// 754//
f 753// 754// 622//
f 679// 609// 746//
f 746// 609// 755//
f 746// 755// 748//
f 748// 755// 756//
f 748// 756// 750//
f 750// 756// 757//
f 750// 757// 752//
f 752// 757// 758//
f 752// 758// 754//
f 754// 758// 759//
f 754// 759// 622//
f 677// 678// 740//
f 740// 678// 745//
f 740// 745// 741//
f 741// 745// 747//
f 741// 747// 742//
f 742// 747// 749//
f 742// 749// 743//
f 743// 749// 751//
f 743// 751// 744//
f 744// 751// 753//
f 744// 753// 622//
f 665// 666// 760//
f 760// 666// 761//
f 760// 761// 762//
f 762// 761// 763//
f 762// 763// 764//
f 764// 763// 765//
f 764// 765// 766//
f 766// 765// 767//
f 766// 767// 768//
f 768// 767// 769//
f 768// 769// 628//
f 666// 667// 761//
f 761// 667// 770//
f 761// 770// 763//
f 763// 770// 771//
f 763// 771// 765//
f 765// 771// 772//
f 765// 772// 767//
f 767// 772// 773//
f 767// 773// 769//
f 769// 773// 774//
f 769// 774// 628//
f 615// 665// 775//
f 775// 665// 760//
f 775// 760// 776//
f 776// 760// 762//
f 776// 762// 777//
f 777// 762// 764//
f 777// 764// 778//
f 778// 764// 766//
f 778// 766// 779//
f 779// 766// 768//
f 779// 768// 628//
f 668// 669// 780//
f 780// 669// 781//
f 780// 781// 782//
f 782// 781// 783//
f 782// 783// 784//
f 784// 783// 785//
f 784// 785// 786//
f 786// 785// 787//
f 786// 787// 788//
f 788// 787// 789//
f 788// 789// 628//
f 669// 601// 781//
f 781// 601// 725//
f 781// 725// 783//
f 783// 725// 726//
f 783// 726// 785//
f 785// 726// 727//
f 785// 727// 787//
f 787// 727// 728//
f 787// 728// 789//
f 789// 728// 729//
f 789// 729// 628//
f 667// 668// 770//
f 770// 668// 780//
f 770// 780// 771//
f 771// 780// 782//
f 771// 782// 772//
f 772// 782// 784//
f 772// 784// 773//
f 773// 784// 786//
f 773// 786// 774//
f 774// 786// 788//
f 774// 788// 628//
f 609// 611// 790//
f 609// 790// 755//
f 755// 790// 791//
f 755// 791// 756//
f 756// 791// 792//
f 756// 792// 757//
f 757// 792// 793//
f 757// 793// 758//
f 758// 793// 794//
f 758// 794// 759//
f 759// 794// 619//
f 759// 619// 622//
f 613// 615// 775//
f 613// 775// 795//
f 795// 775// 776//
f 795// 776// 796//
f 796// 776// 777//
f 796// 777// 797//
f 797// 777// 778//
f 797// 778// 798//
f 798// 778// 779//
f 798// 779// 799//
f 799// 779// 628//
f 799// 628// 619//
f 670// 671// 800//
f 800// 671// 801//
f 800// 801// 802//
f 802// 801// 803//
f 802// 803// 804//
f 804// 803// 805//
f 804// 805// 806//
f 806// 805// 807//
f 806// 807// 808//
f 808// 807// 809//
f 808// 809// 619//
f 671// 672// 801//
f 801// 672// 810//
f 801// 810// 803//
f 803// 810// 811//
f 803// 811// 805//
f 805// 811// 812//
f 805// 812// 807//
f 807// 812// 813//
f 807// 813// 809//
f 809// 813// 814//
f 809// 814// 619//
f 611// 670// 790//
f 790// 670// 800//
f 790// 800// 791//
f 791// 800// 802//
f 791// 802// 792//
f 792// 802// 804//
f 792// 804// 793//
f 793// 804// 806//
f 793// 806// 794//
f 794// 806// 808//
f 794// 808// 619//
f 673// 674// 815//
f 815// 674// 816//
f 815// 816// 817//
f 817// 816// 818//
f 817// 818// 819//
f 819// 818// 820//
f 819// 820// 821//
f 821// 820// 822//
f 821// 822// 823//
f 823// 822// 824//
f 823// 824// 619//
f 674// 613// 816//
f 816// 613// 795//
f 816// 795// 818//
f 818// 795// 796//
f 818// 796// 820//
f 820// 796// 797//
f 820// 797// 822//
f 822// 797// 798//
f 822// 798// 824//
f 824// 798// 799//
f 824// 799// 619//
f 672// 673// 810//
f 810// 673// 815//
f 810// 815// 811//
f 811// 815// 817//
f 811// 817// 812//
f 812// 817// 819//
f 812// 819// 813//
f 813// 819// 821//
f 813// 821// 814//
f 814// 821// 823//
f 814// 823// 619//
usemtl 3
f 825// 626// 826//
f 826// 626// 635//
f 826// 635// 827//
f 827// 635// 634//
f 827// 634// 828//
f 828// 634// 633//
f 828// 633// 829//
f 829// 633// 623//
f 829// 623// 830//
f 830// 623// 625//
f 830// 625// 831//
f 831// 625// 632//
f 831// 632// 832//
f 832// 632// 631//
f 832// 631// 833//
f 833// 631// 621//
f 833// 621// 834//
f 834// 621// 620//
f 834// 620// 835//
f 835// 620// 644//
f 835// 644// 836//
f 836// 644// 643//
f 836// 643// 837//
f 837// 643// 642//
f 837// 642// 838//
f 838// 642// 641//
f 838// 641// 839//
f 839// 641// 640//
f 839// 640// 840//
f 840// 640// 639//
f 840// 639// 841//
f 841// 639// 618//
f 841// 618// 842//
f 842// 618// 617//
f 842// 617// 843//
f 843// 617// 638//
f 843// 638// 844//
f 844// 638// 637//
f 844// 637// 845//
f 845// 637// 636//
f 845// 636// 846//
f 846// 636// 630//
f 846// 630// 847//
f 847// 630// 629//
f 847// 629// 848//
f 848// 629// 627//
f 848// 627// 825//
f 825// 627// 626//
f 847// 848// 849//
f 849// 848// 825//
f 849// 825// 826//
f 844// 845// 849//
f 849// 845// 846//
f 849// 846// 847//
f 841// 842// 849//
f 849// 842// 843//
f 849// 843// 844//
f 838// 839// 849//
f 849// 839// 840//
f 849// 840// 841//
f 835// 836// 849//
f 849// 836// 837//
f 849// 837// 838//
f 832// 833// 849//
f 849// 833// 834//
f 849// 834// 835//
f 829// 830// 849//
f 849// 830// 831//
f 849// 831// 832//
f 826// 827// 849//
f 849// 827// 828//
f 849// 828// 829//
usemtl 1
f 850// 851// 852//
f 852// 851// 853//
f 854// 855// 856//
f 857// 858// 859//
f 859// 858// 860//
f 859// 860// 861//
f 861// 860// 862//
f 863// 864// 865//
f 865// 864// 866//
f 852// 867// 850//
f 850// 867// 868//
f 850// 868// 869//
f 851// 870// 853//
f 853// 870// 871//
f 853// 871// 872//
f 872// 871// 873//
f 857// 874// 858//
f 858// 874// 875//
f 858// 875// 854//
f 854// 875// 876//
f 854// 876// 855//
f 877// 878// 879//
f 879// 878// 880//
f 879// 880// 881//
f 882// 883// 854//
f 856// 884// 854//
f 854// 884// 885//
f 854// 885// 882//
f 866// 886// 865//
f 865// 886// 887//
f 865// 887// 888//
f 889// 890// 891//
f 892// 893// 894//
f 894// 893// 895//
f 894// 895// 896//
f 897// 898// 899//
f 884// 900// 885//
f 885// 900// 901//
f 885// 901// 902//
f 903// 885// 904//
f 904// 885// 905//
f 906// 907// 908//
f 908// 907// 909//
f 910// 911// 912//
f 913// 914// 915//
f 915// 914// 916//
f 915// 916// 917//
f 873// 871// 918//
f 918// 871// 919//
f 918// 919// 920//
f 921// 922// 923//
f 877// 924// 878//
f 878// 924// 925//
f 878// 925// 926//
f 927// 928// 929//
f 929// 928// 930//
f 927// 931// 928//
f 928// 931// 932//
f 928// 932// 878//
f 902// 933// 885//
f 885// 933// 934//
f 885// 934// 905//
f 912// 935// 910//
f 910// 935// 936//
f 910// 936// 937//
f 937// 936// 908//
f 937// 908// 938//
f 938// 908// 909//
f 897// 899// 939//
f 940// 941// 942//
f 942// 941// 943//
f 923// 944// 921//
f 921// 944// 918//
f 921// 918// 945//
f 945// 918// 920//
f 926// 946// 878//
f 878// 946// 947//
f 878// 947// 928//
f 948// 949// 950//
f 951// 952// 953//
f 953// 952// 954//
f 953// 954// 955//
f 955// 954// 956//
f 955// 956// 957//
f 957// 956// 958//
f 959// 960// 961//
f 961// 960// 962//
f 961// 962// 917//
f 917// 962// 963//
f 917// 963// 915//
f 891// 890// 964//
f 965// 966// 891//
f 891// 966// 967//
f 891// 967// 889//
f 968// 969// 970//
f 970// 969// 971//
f 972// 973// 974//
f 950// 975// 976//
f 977// 978// 979//
f 911// 910// 953//
f 953// 910// 980//
f 953// 980// 951//
f 940// 981// 982//
f 982// 981// 983//
f 982// 983// 984//
f 974// 985// 972//
f 972// 985// 986//
f 972// 986// 987//
f 972// 988// 989//
f 990// 991// 972//
f 972// 991// 992//
f 972// 992// 993//
f 993// 992// 892//
f 993// 892// 994//
f 994// 892// 894//
f 949// 995// 950//
f 950// 995// 996//
f 950// 996// 958//
f 898// 997// 899//
f 899// 997// 998//
f 899// 998// 999//
f 999// 998// 977//
f 999// 977// 1000//
f 1000// 977// 979//
f 1001// 950// 1002//
f 1002// 950// 899//
f 941// 1003// 1004//
f 1005// 1006// 1007//
f 941// 1008// 1009//
f 1010// 1011// 940//
f 940// 1011// 1012//
f 940// 1012// 981//
f 984// 1013// 982//
f 982// 1013// 1014//
f 982// 1014// 1015//
f 896// 1016// 894//
f 894// 1016// 1017//
f 894// 1017// 1018//
f 1018// 1017// 863//
f 987// 1019// 972//
f 972// 1019// 1020//
f 972// 1020// 988//
f 990// 972// 1021//
f 1021// 972// 989//
f 1021// 989// 1022//
f 1022// 989// 1023//
f 1022// 1023// 959//
f 959// 1023// 1024//
f 959// 1024// 960//
f 958// 956// 950//
f 950// 956// 1025//
f 950// 1025// 899//
f 899// 1025// 1026//
f 899// 1026// 939//
f 915// 943// 913//
f 913// 943// 941//
f 913// 941// 890//
f 890// 941// 1009//
f 890// 1009// 964//
f 965// 891// 1027//
f 1027// 891// 883//
f 1027// 883// 1028//
f 903// 1029// 885//
f 885// 1029// 1030//
f 885// 1030// 975//
f 975// 1030// 970//
f 975// 970// 1031//
f 1031// 970// 1032//
f 976// 1033// 950//
f 950// 1033// 1034//
f 950// 1034// 948//
f 1001// 1035// 950//
f 950// 1035// 1036//
f 950// 1036// 941//
f 941// 1036// 1037//
f 941// 1037// 1003//
f 869// 879// 850//
f 850// 879// 881//
f 850// 881// 882//
f 882// 881// 1038//
f 882// 1038// 883//
f 883// 1038// 1039//
f 883// 1039// 1028//
f 1040// 1041// 1042//
f 1042// 1041// 1043//
f 1042// 1043// 971//
f 1007// 1044// 1005//
f 1005// 1044// 1045//
f 1005// 1045// 1046//
f 971// 1043// 970//
f 970// 1043// 1047//
f 970// 1047// 1032//
f 942// 1048// 940//
f 940// 1048// 1049//
f 940// 1049// 1050//
f 1051// 1052// 1050//
f 1050// 1052// 1053//
f 1050// 1053// 940//
f 940// 1053// 1054//
f 940// 1054// 1055//
f 1055// 1056// 940//
f 940// 1056// 1057//
f 940// 1057// 1058//
f 1058// 1059// 940//
f 940// 1059// 1060//
f 940// 1060// 1010//
f 1061// 1062// 941//
f 941// 1062// 1063//
f 941// 1063// 1008//
f 1004// 1064// 941//
f 941// 1064// 1065//
f 941// 1065// 1066//
f 1066// 1067// 941//
f 941// 1067// 1005//
f 941// 1005// 1061//
f 1061// 1005// 1046//
f 1015// 1068// 982//
f 982// 1068// 1069//
f 982// 1069// 1070//
f 1018// 1071// 1072//
f 1072// 1071// 1073//
f 1074// 950// 1075//
f 1075// 950// 1076//
f 1075// 1076// 1077//
f 1074// 1071// 950//
f 950// 1071// 1018//
f 950// 1018// 975//
f 975// 1018// 863//
f 975// 863// 885//
f 885// 863// 865//
f 1078// 982// 1079//
f 1079// 982// 1070//
f 1079// 1070// 1080//
f 1080// 1070// 1072//
f 1080// 1072// 1081//
f 1081// 1072// 1073//
f 1082// 1083// 950//
f 950// 1083// 1084//
f 950// 1084// 1085//
f 1086// 1087// 1088//
f 1088// 1087// 1089//
f 1090// 1091// 941//
f 941// 1091// 1092//
f 941// 1092// 1093//
f 1094// 1095// 1096//
f 1096// 1095// 1097//
f 1096// 1097// 1098//
f 1098// 1099// 1096//
f 1096// 1099// 1100//
f 1096// 1100// 1101//
f 1102// 1103// 950//
f 1104// 1105// 1106//
f 1106// 1107// 1104//
f 1104// 1107// 1108//
f 1104// 1108// 1109//
f 1093// 1110// 941//
f 941// 1110// 1111//
f 941// 1111// 1112//
f 1102// 950// 1113//
f 1103// 1114// 1115//
f 1090// 1116// 1117//
f 1090// 1117// 1087//
f 1087// 1117// 1118//
f 1087// 1118// 1089//
f 1087// 1119// 1090//
f 1090// 1119// 1120//
f 1090// 1120// 1121//
f 1122// 1123// 941//
f 941// 1123// 1124//
f 941// 1124// 950//
f 950// 1124// 1125//
f 950// 1125// 1113//
f 1105// 1104// 1103//
f 1103// 1104// 1126//
f 1103// 1126// 1114//
f 1115// 1127// 1103//
f 1103// 1127// 1128//
f 1103// 1128// 950//
f 950// 1128// 1129//
f 950// 1129// 1082//
f 1130// 1131// 1132//
f 1133// 1134// 1135//
f 1121// 1136// 1090//
f 1090// 1136// 1137//
f 1090// 1137// 1091//
f 1138// 1139// 941//
f 941// 1139// 1140//
f 941// 1140// 1122//
f 1141// 1142// 1143//
f 1143// 1142// 1144//
f 1143// 1144// 1145//
f 1145// 1144// 1146//
f 1147// 1148// 950//
f 950// 1148// 1149//
f 950// 1149// 1150//
f 1112// 1151// 941//
f 941// 1151// 1152//
f 941// 1152// 1138//
f 1153// 1154// 1132//
f 1155// 1156// 1090//
f 1090// 1156// 1157//
f 1090// 1157// 1158//
f 1159// 1160// 1161//
f 1161// 1160// 1162//
f 1086// 1088// 1146//
f 1146// 1088// 1163//
f 1146// 1163// 1164//
f 1085// 1165// 950//
f 950// 1165// 1166//
f 950// 1166// 1167//
f 1101// 1168// 1096//
f 1096// 1168// 1169//
f 1096// 1169// 1170//
f 1141// 1171// 1142//
f 1142// 1171// 1172//
f 1142// 1172// 1173//
f 1173// 1172// 1174//
f 1173// 1174// 1175//
f 1175// 1174// 1170//
f 1175// 1170// 1176//
f 1176// 1170// 1169//
f 1131// 1177// 1132//
f 1132// 1177// 1178//
f 1132// 1178// 1090//
f 1090// 1178// 1179//
f 1134// 1133// 1180//
f 1180// 1133// 1181//
f 1180// 1181// 1162//
f 1162// 1181// 1182//
f 1162// 1182// 1161//
f 1159// 1183// 1160//
f 1160// 1183// 1184//
f 1160// 1184// 1185//
f 1185// 1184// 1186//
f 1164// 1187// 1146//
f 1146// 1187// 1188//
f 1146// 1188// 1145//
f 1167// 1189// 950//
f 950// 1189// 1190//
f 950// 1190// 1147//
f 1179// 1191// 1090//
f 1090// 1191// 1192//
f 1090// 1192// 1193//
f 1194// 1195// 1090//
f 1090// 1195// 1196//
f 1090// 1196// 1116//
f 1135// 1197// 1133//
f 1133// 1197// 1198//
f 1133// 1198// 1199//
f 1154// 1200// 1132//
f 1132// 1200// 1201//
f 1132// 1201// 1202//
f 1202// 1203// 1132//
f 1132// 1203// 1204//
f 1132// 1204// 1130//
f 1193// 1205// 1090//
f 1090// 1205// 1206//
f 1090// 1206// 1155//
f 1158// 1207// 1090//
f 1090// 1207// 1208//
f 1090// 1208// 1209//
f 1209// 1210// 1090//
f 1090// 1210// 1133//
f 1090// 1133// 1194//
f 1194// 1133// 1199//
f 1150// 1094// 950//
f 950// 1094// 1096//
f 950// 1096// 1076//
f 1076// 1096// 1211//
f 1076// 1211// 1212//
f 1212// 1211// 1213//
f 1212// 1213// 1132//
f 1132// 1213// 1214//
f 1132// 1214// 1153//
f 1215// 1078// 1216//
f 1216// 1078// 1079//
f 1216// 1079// 1217//
f 1217// 1079// 1080//
f 1217// 1080// 1218//
f 1218// 1080// 1081//
f 1218// 1081// 1219//
f 1219// 1081// 1073//
f 1219// 1073// 1220//
f 1220// 1073// 1071//
f 1220// 1071// 1221//
f 1221// 1071// 1074//
f 1221// 1074// 1222//
f 1222// 1074// 1075//
f 1222// 1075// 1223//
f 1223// 1075// 1077//
f 1212// 1224// 1076//
f 1076// 1224// 1223//
f 1076// 1223// 1077//
f 1090// 1225// 1132//
f 1132// 1225// 1224//
f 1132// 1224// 1212//
f 940// 1226// 941//
f 941// 1226// 1225//
f 941// 1225// 1090//
f 1226// 940// 1215//
f 1215// 940// 982//
f 1215// 982// 1078//
f 1217// 1218// 1225//
f 1225// 1218// 1219//
f 1219// 1220// 1225//
f 1225// 1220// 1221//
f 1225// 1221// 1224//
f 1224// 1221// 1222//
f 1224// 1222// 1223//
f 1217// 1225// 1216//
f 1216// 1225// 1226//
f 1216// 1226// 1215//
usemtl 2
f 1227// 1170// 1174//
f 1227// 1174// 1228//
f 1228// 1174// 1172//
f 1228// 1172// 1229//
f 1170// 1227// 1096//
f 1096// 1227// 1230//
f 1096// 1230// 1211//
usemtl 3
f 1230// 1231// 1211//
f 1211// 1231// 1213//
usemtl 2
f 1213// 1231// 1214//
f 1214// 1231// 1232//
f 1214// 1232// 1153//
f 1232// 1233// 1153//
f 1153// 1233// 1154//
usemtl 3
f 1234// 1201// 1200//
f 1234// 1200// 1235//
f 1235// 1200// 1154//
f 1235// 1154// 1233//
f 1234// 1236// 1201//
f 1201// 1236// 1202//
f 1237// 1192// 1191//
f 1237// 1191// 1238//
f 1238// 1191// 1179//
f 1238// 1179// 1239//
f 1239// 1179// 1178//
f 1239// 1178// 1240//
f 1240// 1178// 1177//
f 1240// 1177// 1241//
f 1241// 1177// 1131//
f 1241// 1131// 1242//
f 1242// 1131// 1130//
f 1242// 1130// 1243//
f 1243// 1130// 1204//
f 1243// 1204// 1244//
f 1244// 1204// 1203//
f 1244// 1203// 1245//
f 1245// 1203// 1202//
f 1245// 1202// 1236//
f 1237// 1246// 1192//
f 1192// 1246// 1193//
f 1246// 1247// 1193//
f 1193// 1247// 1205//
f 1248// 1184// 1183//
f 1248// 1183// 1249//
f 1249// 1183// 1159//
f 1249// 1159// 1250//
f 1250// 1159// 1161//
f 1250// 1161// 1251//
f 1251// 1161// 1182//
f 1251// 1182// 1252//
f 1252// 1182// 1181//
f 1252// 1181// 1253//
f 1253// 1181// 1133//
f 1253// 1133// 1254//
f 1254// 1133// 1210//
f 1254// 1210// 1255//
f 1255// 1210// 1209//
f 1255// 1209// 1256//
f 1256// 1209// 1208//
f 1256// 1208// 1257//
f 1257// 1208// 1207//
f 1257// 1207// 1258//
f 1258// 1207// 1158//
f 1258// 1158// 1259//
f 1259// 1158// 1157//
f 1259// 1157// 1260//
f 1260// 1157// 1156//
f 1260// 1156// 1261//
f 1261// 1156// 1155//
f 1261// 1155// 1262//
f 1262// 1155// 1206//
f 1262// 1206// 1263//
f 1263// 1206// 1205//
f 1263// 1205// 1247//
f 1248// 1264// 1184//
f 1184// 1264// 1186//
f 1264// 1265// 1186//
f 1186// 1265// 1185//
f 1265// 1266// 1185//
f 1185// 1266// 1160//
f 1266// 1267// 1160//
f 1160// 1267// 1162//
f 1267// 1268// 1162//
f 1162// 1268// 1180//
f 1268// 1269// 1180//
f 1180// 1269// 1134//
f 1270// 1187// 1164//
f 1270// 1164// 1271//
f 1271// 1164// 1163//
f 1271// 1163// 1272//
f 1272// 1163// 1088//
f 1272// 1088// 1273//
f 1273// 1088// 1089//
f 1273// 1089// 1274//
f 1274// 1089// 1118//
f 1274// 1118// 1275//
f 1275// 1118// 1117//
f 1275// 1117// 1276//
f 1276// 1117// 1116//
f 1276// 1116// 1277//
f 1277// 1116// 1196//
f 1277// 1196// 1278//
f 1278// 1196// 1195//
f 1278// 1195// 1279//
f 1279// 1195// 1194//
f 1279// 1194// 1280//
f 1280// 1194// 1199//
f 1280// 1199// 1281//
f 1281// 1199// 1198//
f 1281// 1198// 1282//
f 1282// 1198// 1197//
f 1282// 1197// 1283//
f 1283// 1197// 1135//
f 1283// 1135// 1284//
f 1284// 1135// 1134//
f 1284// 1134// 1269//
f 1270// 1285// 1187//
f 1187// 1285// 1188//
f 1286// 1171// 1141//
f 1286// 1141// 1287//
f 1287// 1141// 1143//
f 1287// 1143// 1288//
f 1288// 1143// 1145//
f 1288// 1145// 1289//
f 1289// 1145// 1188//
f 1289// 1188// 1285//
f 1286// 1229// 1171//
f 1171// 1229// 1172//
f 1290// 1230// 1291//
f 1291// 1230// 1227//
f 1269// 1268// 1271//
f 1265// 1292// 1293//
f 1244// 1245// 1264//
f 1264// 1245// 1236//
f 1293// 1294// 1265//
f 1265// 1294// 1295//
f 1265// 1295// 1266//
f 1266// 1295// 1296//
f 1228// 1267// 1227//
f 1227// 1267// 1266//
f 1227// 1266// 1291//
f 1291// 1266// 1296//
f 1236// 1234// 1264//
f 1264// 1234// 1235//
f 1264// 1235// 1265//
f 1265// 1235// 1233//
f 1265// 1233// 1292//
f 1292// 1233// 1232//
f 1292// 1232// 1290//
f 1290// 1232// 1231//
f 1290// 1231// 1230//
f 1267// 1285// 1268//
f 1268// 1285// 1270//
f 1268// 1270// 1271//
f 1262// 1263// 1248//
f 1248// 1263// 1247//
f 1248// 1247// 1264//
f 1264// 1247// 1246//
f 1246// 1237// 1264//
f 1264// 1237// 1238//
f 1264// 1238// 1244//
f 1244// 1238// 1239//
f 1244// 1239// 1243//
f 1228// 1229// 1267//
f 1267// 1229// 1286//
f 1267// 1286// 1287//
f 1272// 1283// 1271//
f 1271// 1283// 1284//
f 1271// 1284// 1269//
f 1287// 1288// 1267//
f 1267// 1288// 1289//
f 1267// 1289// 1285//
f 1240// 1241// 1239//
f 1239// 1241// 1242//
f 1239// 1242// 1243//
f 1250// 1259// 1249//
f 1249// 1259// 1260//
f 1249// 1260// 1248//
f 1248// 1260// 1261//
f 1248// 1261// 1262//
f 1250// 1251// 1259//
f 1259// 1251// 1252//
f 1259// 1252// 1258//
f 1273// 1281// 1272//
f 1272// 1281// 1282//
f 1272// 1282// 1283//
f 1273// 1274// 1281//
f 1281// 1274// 1275//
f 1281// 1275// 1276//
f 1279// 1280// 1278//
f 1278// 1280// 1281//
f 1278// 1281// 1277//
f 1277// 1281// 1276//
f 1254// 1255// 1253//
f 1253// 1255// 1256//
f 1253// 1256// 1252//
f 1252// 1256// 1257//
f 1252// 1257// 1258//
f 1294// 1297// 1298//
f 1294// 1298// 1295//
f 1295// 1298// 1299//
f 1295// 1299// 1296//
f 1296// 1299// 1300//
f 1296// 1300// 1291//
f 1290// 1291// 1301//
f 1301// 1291// 1300//
f 1292// 1290// 1302//
f 1302// 1290// 1301//
f 1293// 1292// 1303//
f 1303// 1292// 1302//
f 1294// 1293// 1297//
f 1297// 1293// 1303//
f 1304// 1108// 1107//
f 1304// 1107// 1305//
f 1305// 1107// 1106//
f 1305// 1106// 1306//
f 1306// 1106// 1105//
f 1306// 1105// 1307//
f 1307// 1105// 1103//
f 1307// 1103// 1308//
f 1308// 1103// 1102//
f 1308// 1102// 1309//
f 1309// 1102// 1113//
f 1309// 1113// 1310//
f 1310// 1113// 1125//
f 1310// 1125// 1311//
f 1311// 1125// 1124//
f 1311// 1124// 1312//
f 1312// 1124// 1123//
f 1312// 1123// 1313//
f 1313// 1123// 1122//
f 1313// 1122// 1314//
f 1314// 1122// 1140//
f 1314// 1140// 1315//
f 1315// 1140// 1139//
f 1315// 1139// 1316//
f 1316// 1139// 1138//
f 1316// 1138// 1317//
f 1317// 1138// 1152//
f 1317// 1152// 1318//
f 1304// 1319// 1108//
f 1108// 1319// 1109//
f 1319// 1320// 1109//
f 1109// 1320// 1104//
f 1321// 1114// 1126//
f 1321// 1126// 1322//
f 1322// 1126// 1104//
f 1322// 1104// 1320//
f 1321// 1323// 1114//
f 1114// 1323// 1115//
f 1324// 1166// 1165//
f 1324// 1165// 1325//
f 1325// 1165// 1085//
f 1325// 1085// 1326//
f 1326// 1085// 1084//
f 1326// 1084// 1327//
f 1327// 1084// 1083//
f 1327// 1083// 1328//
f 1328// 1083// 1082//
f 1328// 1082// 1329//
f 1329// 1082// 1129//
f 1329// 1129// 1330//
f 1330// 1129// 1128//
f 1330// 1128// 1331//
f 1331// 1128// 1127//
f 1331// 1127// 1332//
f 1332// 1127// 1115//
f 1332// 1115// 1323//
f 1324// 1333// 1166//
f 1166// 1333// 1167//
f 1333// 1334// 1167//
f 1167// 1334// 1189//
f 1335// 1147// 1190//
f 1335// 1190// 1336//
f 1336// 1190// 1189//
f 1336// 1189// 1334//
f 1335// 1337// 1147//
f 1147// 1337// 1148//
f 1337// 1338// 1148//
f 1148// 1338// 1149//
f 1339// 1094// 1150//
f 1339// 1150// 1340//
f 1340// 1150// 1149//
f 1340// 1149// 1338//
f 1341// 1176// 1169//
f 1341// 1169// 1342//
f 1342// 1169// 1168//
f 1342// 1168// 1343//
f 1343// 1168// 1101//
f 1343// 1101// 1344//
f 1344// 1101// 1100//
f 1344// 1100// 1345//
f 1345// 1100// 1099//
f 1345// 1099// 1346//
f 1346// 1099// 1098//
f 1346// 1098// 1347//
f 1347// 1098// 1097//
f 1347// 1097// 1348//
f 1348// 1097// 1095//
f 1348// 1095// 1349//
f 1349// 1095// 1094//
f 1349// 1094// 1339//
f 1350// 1120// 1119//
f 1350// 1119// 1351//
f 1351// 1119// 1087//
f 1351// 1087// 1352//
f 1352// 1087// 1086//
f 1352// 1086// 1353//
f 1353// 1086// 1146//
f 1353// 1146// 1354//
f 1354// 1146// 1144//
f 1354// 1144// 1355//
f 1355// 1144// 1142//
f 1355// 1142// 1356//
f 1356// 1142// 1173//
f 1356// 1173// 1357//
f 1357// 1173// 1175//
f 1357// 1175// 1358//
f 1358// 1175// 1176//
f 1358// 1176// 1341//
f 1350// 1359// 1120//
f 1120// 1359// 1121//
f 1360// 1092// 1091//
f 1360// 1091// 1361//
f 1361// 1091// 1137//
f 1361// 1137// 1362//
f 1362// 1137// 1136//
f 1362// 1136// 1363//
f 1363// 1136// 1121//
f 1363// 1121// 1359//
f 1364// 1151// 1112//
f 1364// 1112// 1365//
f 1365// 1112// 1111//
f 1365// 1111// 1366//
f 1366// 1111// 1110//
f 1366// 1110// 1367//
f 1367// 1110// 1093//
f 1367// 1093// 1368//
f 1368// 1093// 1092//
f 1368// 1092// 1360//
f 1364// 1318// 1151//
f 1151// 1318// 1152//
f 1315// 1316// 1304//
f 1334// 1333// 1369//
f 1316// 1317// 1304//
f 1304// 1317// 1318//
f 1304// 1318// 1319//
f 1319// 1318// 1364//
f 1319// 1364// 1365//
f 1333// 1324// 1323//
f 1323// 1324// 1325//
f 1323// 1325// 1332//
f 1323// 1321// 1333//
f 1333// 1321// 1322//
f 1333// 1322// 1369//
f 1369// 1322// 1320//
f 1369// 1320// 1370//
f 1371// 1372// 1363//
f 1363// 1372// 1373//
f 1363// 1373// 1374//
f 1374// 1375// 1363//
f 1363// 1375// 1370//
f 1363// 1370// 1362//
f 1307// 1308// 1309//
f 1376// 1377// 1338//
f 1338// 1377// 1340//
f 1340// 1377// 1378//
f 1340// 1378// 1339//
f 1363// 1359// 1371//
f 1371// 1359// 1350//
f 1371// 1350// 1351//
f 1304// 1311// 1312//
f 1326// 1330// 1325//
f 1325// 1330// 1331//
f 1325// 1331// 1332//
f 1326// 1327// 1330//
f 1330// 1327// 1328//
f 1330// 1328// 1329//
f 1338// 1337// 1376//
f 1376// 1337// 1335//
f 1376// 1335// 1369//
f 1369// 1335// 1336//
f 1369// 1336// 1334//
f 1339// 1378// 1349//
f 1349// 1378// 1379//
f 1349// 1379// 1348//
f 1351// 1352// 1371//
f 1371// 1352// 1353//
f 1371// 1353// 1380//
f 1380// 1353// 1354//
f 1380// 1354// 1381//
f 1381// 1354// 1355//
f 1381// 1355// 1382//
f 1311// 1304// 1310//
f 1310// 1304// 1305//
f 1310// 1305// 1309//
f 1309// 1305// 1306//
f 1309// 1306// 1307//
f 1312// 1313// 1304//
f 1304// 1313// 1314//
f 1304// 1314// 1315//
f 1368// 1360// 1367//
f 1367// 1360// 1361//
f 1367// 1361// 1366//
f 1366// 1361// 1362//
f 1366// 1362// 1365//
f 1365// 1362// 1370//
f 1365// 1370// 1319//
f 1319// 1370// 1320//
f 1348// 1379// 1347//
f 1347// 1379// 1383//
f 1347// 1383// 1346//
f 1346// 1383// 1384//
f 1346// 1384// 1345//
f 1345// 1384// 1385//
f 1345// 1385// 1344//
f 1382// 1355// 1386//
f 1386// 1355// 1356//
f 1386// 1356// 1387//
f 1356// 1357// 1387//
f 1387// 1357// 1358//
f 1387// 1358// 1388//
f 1388// 1358// 1341//
f 1388// 1341// 1389//
f 1389// 1341// 1342//
f 1389// 1342// 1390//
f 1390// 1342// 1343//
f 1390// 1343// 1391//
f 1391// 1343// 1344//
f 1391// 1344// 1392//
f 1392// 1344// 1385//
f 1376// 1393// 1394//
f 1376// 1394// 1377//
f 1377// 1394// 1395//
f 1377// 1395// 1378//
f 1378// 1395// 1396//
f 1378// 1396// 1379//
f 1379// 1396// 1397//
f 1379// 1397// 1383//
f 1383// 1397// 1398//
f 1383// 1398// 1384//
f 1384// 1398// 1399//
f 1384// 1399// 1385//
f 1385// 1399// 1400//
f 1385// 1400// 1392//
f 1392// 1400// 1401//
f 1392// 1401// 1391//
f 1391// 1401// 1402//
f 1391// 1402// 1390//
f 1390// 1402// 1403//
f 1390// 1403// 1389//
f 1389// 1403// 1404//
f 1389// 1404// 1388//
f 1388// 1404// 1405//
f 1388// 1405// 1387//
f 1387// 1405// 1406//
f 1387// 1406// 1386//
f 1386// 1406// 1407//
f 1386// 1407// 1382//
f 1382// 1407// 1408//
f 1382// 1408// 1381//
f 1381// 1408// 1409//
f 1381// 1409// 1380//
f 1380// 1409// 1410//
f 1380// 1410// 1371//
f 1371// 1410// 1411//
f 1371// 1411// 1372//
f 1372// 1411// 1412//
f 1372// 1412// 1373//
f 1374// 1373// 1413//
f 1413// 1373// 1412//
f 1374// 1413// 1414//
f 1374// 1414// 1375//
f 1375// 1414// 1415//
f 1375// 1415// 1370//
f 1369// 1370// 1416//
f 1416// 1370// 1415//
f 1376// 1369// 1393//
f 1393// 1369// 1416//
f 1417// 1041// 1040//
f 1417// 1040// 1418//
f 1418// 1040// 1042//
f 1418// 1042// 1419//
f 1417// 1420// 1041//
f 1041// 1420// 1043//
f 1421// 1031// 1032//
f 1421// 1032// 1422//
f 1422// 1032// 1047//
f 1422// 1047// 1423//
f 1423// 1047// 1043//
f 1423// 1043// 1420//
f 1421// 1424// 1031//
f 1031// 1424// 975//
f 1424// 1425// 975//
f 975// 1425// 976//
f 1426// 911// 953//
f 1426// 953// 1427//
f 1427// 953// 955//
f 1427// 955// 1428//
f 1428// 955// 957//
f 1428// 957// 1429//
f 1429// 957// 958//
f 1429// 958// 1430//
f 1430// 958// 996//
f 1430// 996// 1431//
f 1431// 996// 995//
f 1431// 995// 1432//
f 1432// 995// 949//
f 1432// 949// 1433//
f 1433// 949// 948//
f 1433// 948// 1434//
f 1434// 948// 1034//
f 1434// 1034// 1435//
f 1435// 1034// 1033//
f 1435// 1033// 1436//
f 1436// 1033// 976//
f 1436// 976// 1425//
f 1426// 1437// 911//
f 911// 1437// 912//
f 1438// 936// 935//
f 1438// 935// 1439//
f 1439// 935// 912//
f 1439// 912// 1437//
f 1438// 1440// 936//
f 936// 1440// 908//
f 1440// 1441// 908//
f 908// 1441// 906//
f 1441// 1442// 906//
f 906// 1442// 907//
f 1443// 937// 938//
f 1443// 938// 1444//
f 1444// 938// 909//
f 1444// 909// 1445//
f 1445// 909// 907//
f 1445// 907// 1442//
f 1443// 1446// 937//
f 937// 1446// 910//
f 1446// 1447// 910//
f 910// 1447// 980//
f 1448// 998// 997//
f 1448// 997// 1449//
f 1449// 997// 898//
f 1449// 898// 1450//
f 1450// 898// 897//
f 1450// 897// 1451//
f 1451// 897// 939//
f 1451// 939// 1452//
f 1452// 939// 1026//
f 1452// 1026// 1453//
f 1453// 1026// 1025//
f 1453// 1025// 1454//
f 1454// 1025// 956//
f 1454// 956// 1455//
f 1455// 956// 954//
f 1455// 954// 1456//
f 1456// 954// 952//
f 1456// 952// 1457//
f 1457// 952// 951//
f 1457// 951// 1458//
f 1458// 951// 980//
f 1458// 980// 1447//
f 1448// 1459// 998//
f 998// 1459// 977//
f 1459// 1460// 977//
f 977// 1460// 978//
f 1460// 1461// 978//
f 978// 1461// 979//
f 1462// 999// 1000//
f 1462// 1000// 1463//
f 1463// 1000// 979//
f 1463// 979// 1461//
f 1462// 1464// 999//
f 999// 1464// 899//
f 1464// 1465// 899//
f 899// 1465// 1002//
f 1466// 1006// 1005//
f 1466// 1005// 1467//
f 1467// 1005// 1067//
f 1467// 1067// 1468//
f 1468// 1067// 1066//
f 1468// 1066// 1469//
f 1469// 1066// 1065//
f 1469// 1065// 1470//
f 1470// 1065// 1064//
f 1470// 1064// 1471//
f 1471// 1064// 1004//
f 1471// 1004// 1472//
f 1472// 1004// 1003//
f 1472// 1003// 1473//
f 1473// 1003// 1037//
f 1473// 1037// 1474//
f 1474// 1037// 1036//
f 1474// 1036// 1475//
f 1475// 1036// 1035//
f 1475// 1035// 1476//
f 1476// 1035// 1001//
f 1476// 1001// 1477//
f 1477// 1001// 1002//
f 1477// 1002// 1465//
f 1466// 1478// 1006//
f 1006// 1478// 1007//
f 1479// 1045// 1044//
f 1479// 1044// 1480//
f 1480// 1044// 1007//
f 1480// 1007// 1478//
f 1479// 1481// 1045//
f 1045// 1481// 1046//
f 1482// 860// 858//
f 1482// 858// 1483//
f 1483// 858// 854//
f 1483// 854// 1484//
f 1484// 854// 883//
f 1484// 883// 1485//
f 1485// 883// 891//
f 1485// 891// 1486//
f 1486// 891// 964//
f 1486// 964// 1487//
f 1487// 964// 1009//
f 1487// 1009// 1488//
f 1488// 1009// 1008//
f 1488// 1008// 1489//
f 1489// 1008// 1063//
f 1489// 1063// 1490//
f 1490// 1063// 1062//
f 1490// 1062// 1491//
f 1491// 1062// 1061//
f 1491// 1061// 1492//
f 1492// 1061// 1046//
f 1492// 1046// 1481//
f 1493// 861// 862//
f 1493// 862// 1494//
f 1494// 862// 860//
f 1494// 860// 1482//
f 1493// 1495// 861//
f 861// 1495// 859//
f 1496// 874// 857//
f 1496// 857// 1497//
f 1497// 857// 859//
f 1497// 859// 1495//
f 1496// 1498// 874//
f 874// 1498// 875//
f 1499// 970// 1030//
f 1499// 1030// 1500//
f 1500// 1030// 1029//
f 1500// 1029// 1501//
f 1501// 1029// 903//
f 1501// 903// 1502//
f 1502// 903// 904//
f 1502// 904// 1503//
f 1503// 904// 905//
f 1503// 905// 1504//
f 1504// 905// 934//
f 1504// 934// 1505//
f 1505// 934// 933//
f 1505// 933// 1506//
f 1506// 933// 902//
f 1506// 902// 1507//
f 1507// 902// 901//
f 1507// 901// 1508//
f 1508// 901// 900//
f 1508// 900// 1509//
f 1509// 900// 884//
f 1509// 884// 1510//
f 1510// 884// 856//
f 1510// 856// 1511//
f 1511// 856// 855//
f 1511// 855// 1512//
f 1512// 855// 876//
f 1512// 876// 1513//
f 1513// 876// 875//
f 1513// 875// 1498//
f 1499// 1514// 970//
f 970// 1514// 968//
f 1515// 971// 969//
f 1515// 969// 1516//
f 1516// 969// 968//
f 1516// 968// 1514//
f 1515// 1419// 971//
f 971// 1419// 1042//
f 1491// 1492// 1460//
f 1462// 1463// 1478//
f 1478// 1463// 1461//
f 1443// 1444// 1448//
f 1492// 1481// 1460//
f 1460// 1481// 1479//
f 1460// 1479// 1461//
f 1461// 1479// 1480//
f 1461// 1480// 1478//
f 1496// 1497// 1460//
f 1497// 1495// 1460//
f 1460// 1495// 1493//
f 1460// 1493// 1494//
f 1494// 1482// 1460//
f 1460// 1482// 1483//
f 1460// 1483// 1484//
f 1441// 1459// 1442//
f 1442// 1459// 1448//
f 1442// 1448// 1445//
f 1445// 1448// 1444//
f 1462// 1478// 1464//
f 1464// 1478// 1466//
f 1464// 1466// 1465//
f 1465// 1466// 1467//
f 1465// 1467// 1468//
f 1460// 1487// 1488//
f 1512// 1513// 1440//
f 1440// 1513// 1498//
f 1440// 1498// 1441//
f 1441// 1498// 1496//
f 1441// 1496// 1459//
f 1459// 1496// 1460//
f 1484// 1485// 1460//
f 1460// 1485// 1486//
f 1460// 1486// 1487//
f 1456// 1457// 1449//
f 1449// 1457// 1448//
f 1446// 1443// 1447//
f 1447// 1443// 1448//
f 1447// 1448// 1458//
f 1458// 1448// 1457//
f 1506// 1507// 1440//
f 1440// 1507// 1508//
f 1440// 1508// 1509//
f 1468// 1469// 1465//
f 1465// 1469// 1470//
f 1465// 1470// 1471//
f 1488// 1489// 1460//
f 1460// 1489// 1490//
f 1460// 1490// 1491//
f 1433// 1434// 1427//
f 1427// 1434// 1435//
f 1427// 1435// 1426//
f 1426// 1435// 1436//
f 1426// 1436// 1425//
f 1418// 1419// 1440//
f 1440// 1419// 1515//
f 1440// 1515// 1516//
f 1516// 1514// 1440//
f 1440// 1514// 1499//
f 1440// 1499// 1500//
f 1476// 1473// 1475//
f 1475// 1473// 1474//
f 1471// 1472// 1465//
f 1465// 1472// 1473//
f 1465// 1473// 1477//
f 1477// 1473// 1476//
f 1503// 1504// 1440//
f 1440// 1504// 1505//
f 1440// 1505// 1506//
f 1509// 1510// 1440//
f 1440// 1510// 1511//
f 1440// 1511// 1512//
f 1425// 1424// 1426//
f 1426// 1424// 1421//
f 1426// 1421// 1437//
f 1437// 1421// 1422//
f 1437// 1422// 1439//
f 1439// 1422// 1423//
f 1439// 1423// 1438//
f 1438// 1423// 1420//
f 1438// 1420// 1440//
f 1440// 1420// 1417//
f 1440// 1417// 1418//
f 1500// 1501// 1440//
f 1440// 1501// 1502//
f 1440// 1502// 1503//
f 1453// 1454// 1449//
f 1449// 1454// 1455//
f 1449// 1455// 1456//
f 1430// 1427// 1429//
f 1429// 1427// 1428//
f 1430// 1431// 1427//
f 1427// 1431// 1432//
f 1427// 1432// 1433//
f 1450// 1451// 1449//
f 1449// 1451// 1452//
f 1449// 1452// 1453//
f 1517// 1518// 865//
f 865// 1518// 885//
f 1518// 1519// 885//
f 885// 1519// 882//
f 1519// 1520// 882//
f 882// 1520// 850//
f 1521// 922// 921//
f 1521// 921// 1522//
f 1522// 921// 945//
f 1522// 945// 1523//
f 1523// 945// 920//
f 1523// 920// 1524//
f 1524// 920// 919//
f 1524// 919// 1525//
f 1525// 919// 871//
f 1525// 871// 1526//
f 1526// 871// 870//
f 1526// 870// 1527//
f 1527// 870// 851//
f 1527// 851// 1528//
f 1528// 851// 850//
f 1528// 850// 1520//
f 1529// 868// 867//
f 1529// 867// 1530//
f 1530// 867// 852//
f 1530// 852// 1531//
f 1531// 852// 853//
f 1531// 853// 1532//
f 1532// 853// 872//
f 1532// 872// 1533//
f 1533// 872// 873//
f 1533// 873// 1534//
f 1534// 873// 918//
f 1534// 918// 1535//
f 1535// 918// 944//
f 1535// 944// 1536//
f 1536// 944// 923//
f 1536// 923// 1537//
f 1537// 923// 922//
f 1537// 922// 1521//
f 1538// 928// 947//
f 1538// 947// 1539//
f 1539// 947// 946//
f 1539// 946// 1540//
f 1540// 946// 926//
f 1540// 926// 1541//
f 1541// 926// 925//
f 1541// 925// 1542//
f 1542// 925// 924//
f 1542// 924// 1543//
f 1543// 924// 877//
f 1543// 877// 1544//
f 1544// 877// 879//
f 1544// 879// 1545//
f 1545// 879// 869//
f 1545// 869// 1546//
f 1546// 869// 868//
f 1546// 868// 1529//
f 1547// 880// 878//
f 1547// 878// 1548//
f 1548// 878// 932//
f 1548// 932// 1549//
f 1549// 932// 931//
f 1549// 931// 1550//
f 1550// 931// 927//
f 1550// 927// 1551//
f 1551// 927// 929//
f 1551// 929// 1552//
f 1552// 929// 930//
f 1552// 930// 1553//
f 1553// 930// 928//
f 1553// 928// 1538//
f 1547// 1554// 880//
f 880// 1554// 881//
f 1554// 1555// 881//
f 881// 1555// 1038//
f 1556// 890// 889//
f 1556// 889// 1557//
f 1557// 889// 967//
f 1557// 967// 1558//
f 1558// 967// 966//
f 1558// 966// 1559//
f 1559// 966// 965//
f 1559// 965// 1560//
f 1560// 965// 1027//
f 1560// 1027// 1561//
f 1561// 1027// 1028//
f 1561// 1028// 1562//
f 1562// 1028// 1039//
f 1562// 1039// 1563//
f 1563// 1039// 1038//
f 1563// 1038// 1555//
f 1564// 991// 990//
f 1564// 990// 1565//
f 1565// 990// 1021//
f 1565// 1021// 1566//
f 1566// 1021// 1022//
f 1566// 1022// 1567//
f 1567// 1022// 959//
f 1567// 959// 1568//
f 1568// 959// 961//
f 1568// 961// 1569//
f 1569// 961// 917//
f 1569// 917// 1570//
f 1570// 917// 916//
f 1570// 916// 1571//
f 1571// 916// 914//
f 1571// 914// 1572//
f 1572// 914// 913//
f 1572// 913// 1573//
f 1573// 913// 890//
f 1573// 890// 1556//
f 1574// 863// 1017//
f 1574// 1017// 1575//
f 1575// 1017// 1016//
f 1575// 1016// 1576//
f 1576// 1016// 896//
f 1576// 896// 1577//
f 1577// 896// 895//
f 1577// 895// 1578//
f 1578// 895// 893//
f 1578// 893// 1579//
f 1579// 893// 892//
f 1579// 892// 1580//
f 1580// 892// 992//
f 1580// 992// 1581//
f 1581// 992// 991//
f 1581// 991// 1564//
f 1582// 887// 886//
f 1582// 886// 1583//
f 1583// 886// 866//
f 1583// 866// 1584//
f 1584// 866// 864//
f 1584// 864// 1585//
f 1585// 864// 863//
f 1585// 863// 1574//
f 1582// 1586// 887//
f 887// 1586// 888//
f 1586// 1517// 888//
f 888// 1517// 865//
f 1519// 1518// 1586//
f 1586// 1518// 1517//
f 1586// 1525// 1526//
f 1582// 1523// 1586//
f 1586// 1523// 1524//
f 1586// 1524// 1525//
f 1582// 1583// 1523//
f 1523// 1583// 1584//
f 1523// 1584// 1522//
f 1522// 1584// 1585//
f 1522// 1585// 1521//
f 1521// 1585// 1574//
f 1521// 1574// 1537//
f 1526// 1527// 1586//
f 1586// 1527// 1528//
f 1586// 1528// 1519//
f 1519// 1528// 1520//
f 1574// 1575// 1537//
f 1537// 1575// 1576//
f 1537// 1576// 1536//
f 1536// 1576// 1577//
f 1536// 1577// 1535//
f 1535// 1577// 1578//
f 1535// 1578// 1534//
f 1534// 1578// 1579//
f 1534// 1579// 1533//
f 1533// 1579// 1580//
f 1533// 1580// 1532//
f 1532// 1580// 1581//
f 1532// 1581// 1531//
f 1555// 1554// 1563//
f 1563// 1554// 1547//
f 1563// 1547// 1562//
f 1562// 1547// 1548//
f 1562// 1548// 1561//
f 1561// 1548// 1549//
f 1561// 1549// 1560//
f 1560// 1549// 1550//
f 1560// 1550// 1559//
f 1559// 1550// 1551//
f 1559// 1551// 1558//
f 1558// 1551// 1552//
f 1558// 1552// 1557//
f 1557// 1552// 1553//
f 1557// 1553// 1556//
f 1556// 1553// 1538//
f 1556// 1538// 1573//
f 1573// 1538// 1539//
f 1573// 1539// 1572//
f 1572// 1539// 1540//
f 1572// 1540// 1571//
f 1571// 1540// 1541//
f 1571// 1541// 1570//
f 1570// 1541// 1542//
f 1570// 1542// 1569//
f 1569// 1542// 1543//
f 1569// 1543// 1568//
f 1543// 1544// 1568//
f 1568// 1544// 1545//
f 1568// 1545// 1567//
f 1567// 1545// 1546//
f 1567// 1546// 1566//
f 1546// 1529// 1566//
f 1566// 1529// 1530//
f 1566// 1530// 1565//
f 1565// 1530// 1531//
f 1565// 1531// 1564//
f 1564// 1531// 1581//
f 1587// 1069// 1068//
f 1587// 1068// 1588//
f 1588// 1068// 1015//
f 1588// 1015// 1589//
f 1587// 1590// 1069//
f 1069// 1590// 1070//
f 1590// 1591// 1070//
f 1070// 1591// 1072//
f 1592// 894// 1591//
f 1591// 894// 1018//
f 1591// 1018// 1072//
f 1593// 972// 993//
f 1593// 993// 1594//
f 1594// 993// 994//
f 1594// 994// 1595//
f 1595// 994// 894//
f 1595// 894// 1592//
f 1593// 1596// 972//
f 972// 1596// 973//
f 1597// 989// 988//
f 1597// 988// 1598//
f 1598// 988// 1020//
f 1598// 1020// 1599//
f 1599// 1020// 1019//
f 1599// 1019// 1600//
f 1600// 1019// 987//
f 1600// 987// 1601//
f 1601// 987// 986//
f 1601// 986// 1602//
f 1602// 986// 985//
f 1602// 985// 1603//
f 1603// 985// 974//
f 1603// 974// 1604//
f 1604// 974// 973//
f 1604// 973// 1596//
f 1605// 915// 963//
f 1605// 963// 1606//
f 1606// 963// 962//
f 1606// 962// 1607//
f 1607// 962// 960//
f 1607// 960// 1608//
f 1608// 960// 1024//
f 1608// 1024// 1609//
f 1609// 1024// 1023//
f 1609// 1023// 1610//
f 1610// 1023// 989//
f 1610// 989// 1597//
f 1611// 1054// 1053//
f 1611// 1053// 1612//
f 1612// 1053// 1052//
f 1612// 1052// 1613//
f 1613// 1052// 1051//
f 1613// 1051// 1614//
f 1614// 1051// 1050//
f 1614// 1050// 1615//
f 1615// 1050// 1049//
f 1615// 1049// 1616//
f 1616// 1049// 1048//
f 1616// 1048// 1617//
f 1617// 1048// 942//
f 1617// 942// 1618//
f 1618// 942// 943//
f 1618// 943// 1619//
f 1619// 943// 915//
f 1619// 915// 1605//
f 1611// 1620// 1054//
f 1054// 1620// 1055//
f 1620// 1621// 1055//
f 1055// 1621// 1056//
f 1622// 1013// 984//
f 1622// 984// 1623//
f 1623// 984// 983//
f 1623// 983// 1624//
f 1624// 983// 981//
f 1624// 981// 1625//
f 1625// 981// 1012//
f 1625// 1012// 1626//
f 1626// 1012// 1011//
f 1626// 1011// 1627//
f 1627// 1011// 1010//
f 1627// 1010// 1628//
f 1628// 1010// 1060//
f 1628// 1060// 1629//
f 1629// 1060// 1059//
f 1629// 1059// 1630//
f 1630// 1059// 1058//
f 1630// 1058// 1631//
f 1631// 1058// 1057//
f 1631// 1057// 1632//
f 1632// 1057// 1056//
f 1632// 1056// 1621//
f 1622// 1633// 1013//
f 1013// 1633// 1014//
f 1633// 1589// 1014//
f 1014// 1589// 1015//
f 1598// 1599// 1614//
f 1614// 1599// 1600//
f 1614// 1600// 1613//
f 1597// 1598// 1610//
f 1610// 1598// 1614//
f 1610// 1614// 1609//
f 1609// 1614// 1615//
f 1609// 1615// 1608//
f 1589// 1633// 1596//
f 1596// 1633// 1622//
f 1596// 1622// 1623//
f 1591// 1590// 1592//
f 1592// 1590// 1587//
f 1592// 1587// 1595//
f 1595// 1587// 1588//
f 1595// 1588// 1594//
f 1594// 1588// 1589//
f 1594// 1589// 1593//
f 1593// 1589// 1596//
f 1623// 1624// 1596//
f 1596// 1624// 1625//
f 1596// 1625// 1626//
f 1606// 1616// 1617//
f 1616// 1606// 1615//
f 1615// 1606// 1607//
f 1615// 1607// 1608//
f 1626// 1627// 1596//
f 1596// 1627// 1628//
f 1596// 1628// 1629//
f 1629// 1630// 1596//
f 1596// 1630// 1631//
f 1596// 1631// 1632//
f 1600// 1601// 1613//
f 1613// 1601// 1602//
f 1613// 1602// 1612//
f 1612// 1602// 1603//
f 1612// 1603// 1604//
f 1632// 1621// 1596//
f 1596// 1621// 1620//
f 1596// 1620// 1604//
f 1604// 1620// 1611//
f 1604// 1611// 1612//
f 1617// 1618// 1606//
f 1606// 1618// 1619//
f 1606// 1619// 1605//
usemtl 1
f 1303// 1302// 1301//
f 1301// 1300// 1299//
f 1299// 1298// 1301//
f 1301// 1298// 1297//
f 1301// 1297// 1303//
f 1416// 1415// 1393//
f 1393// 1415// 1414//
f 1405// 1404// 1393//
f 1411// 1405// 1412//
f 1412// 1405// 1393//
f 1412// 1393// 1413//
f 1413// 1393// 1414//
f 1396// 1401// 1400//
f 1404// 1403// 1393//
f 1393// 1403// 1402//
f 1393// 1402// 1394//
f 1394// 1402// 1401//
f 1394// 1401// 1395//
f 1395// 1401// 1396//
f 1409// 1408// 1410//
f 1410// 1408// 1407//
f 1410// 1407// 1411//
f 1411// 1407// 1406//
f 1411// 1406// 1405//
f 1400// 1399// 1396//
f 1396// 1399// 1398//
f 1396// 1398// 1397//
