v 0.144519 -0.236472 0.0
v 0.141209 -0.26601 0.0
v -0.080715 -0.171593 0.0
newmtl 1
Ka 0.25098039215686274 0.25098039215686274 0.25098039215686274
Kd 0.25098039215686274 0.25098039215686274 0.25098039215686274
Ks 0.12549019607843137 0.12549019607843137 0.12549019607843137
d 0.0
endmtl
v -0.077737 -0.166217 0.0
v -0.110664 -0.166217 0.0
v -0.128042 -0.136948 0.0
v -0.128042 -0.267054 0.0
v -0.126213 -0.414997 0.0
v -0.126213 -0.568656 0.0
v 0.020586 -0.349144 0.0
v -0.011867 -0.346111 0.0
v -0.072912 -0.311907 0.0
v -0.085524 -0.29352 0.0
v -0.093746 -0.271452 0.0
v -0.096944 -0.243218 0.0
v -0.092525 -0.203395 0.0
v 0.091682 -0.374999 0.0
v 0.120235 -0.358046 0.0
v 0.173787 -0.528412 0.0
v 0.139782 -0.200009 0.0
v 0.125312 -0.166217 0.0
v 1.012285 -0.136948 0.0
v 0.165556 -0.166217 0.0
v 0.133135 -0.288347 0.0
v 0.118886 -0.309603 0.0
v 0.098787 -0.327636 0.0
v 0.075583 -0.339879 0.0
v 0.043102 -0.347815 0.0
v -0.037827 -0.337897 0.0
v -0.058635 -0.325397 0.0
v -0.048387 -0.377451 0.0
v -0.093286 -0.414997 0.0
v -0.076944 -0.361441 0.0
v -0.100711 -0.338832 0.0
v 0.146155 -0.332436 0.0
v 0.163414 -0.304517 0.0
v 0.174104 -0.271643 0.0
v -0.126292 -0.284551 0.0
v -0.116285 -0.314326 0.0
v -0.093286 -0.528412 0.0
v -0.016632 -0.386484 0.0
v 0.018128 -0.389388 0.0
v 0.056514 -0.385941 0.0
v 0.177446 -0.236815 0.0
v 0.174968 -0.200902 0.0
v -0.123794 -0.198195 0.0
v -0.128042 -0.228509 0.0
v -1.012285 -0.136948 0.0
v -0.129731 -0.24056 0.0
v -0.129871 -0.248763 0.0
v 0.173787 -0.568656 0.0
v 1.012285 -0.862285 0.0
v -0.128042 -0.862285 0.0
v -1.012285 -0.862285 0.0
v -0.126213 0.053295 0.0
v -0.126213 -0.10768 0.0
v 0.173787 -0.10768 0.0
v 0.02756 0.353295 0.0
v -0.009808 0.349682 0.0
v -0.126213 0.375247 0.0
v -0.041857 0.339321 0.0
v -0.068948 0.322617 0.0
v 0.14086 0.045978 0.0
v 0.14086 -0.067436 0.0
v 0.04208 -0.067436 0.0
v 0.158336 0.271805 0.0
v 0.173787 0.488661 0.0
v 0.170064 0.235658 0.0
v 0.173787 0.196493 0.0
v 1.012285 0.862285 0.0
v 0.173787 0.045978 0.0
v 0.173787 0.111832 0.0
v 0.04208 0.038661 0.0
v -0.126213 0.111832 0.0
v 0.009153 0.038661 0.0
v -0.092989 0.298326 0.0
v -0.111513 0.267748 0.0
v -0.122454 0.233251 0.0
v 0.064366 0.349451 0.0
v 0.093777 0.339363 0.0
v 0.139737 0.301904 0.0
v 0.118694 0.323426 0.0
v -0.128042 0.862285 0.0
v -0.126213 0.193406 0.0
v 0.173787 0.528905 0.0
v -0.126213 0.645978 0.0
v -0.126213 0.602076 0.0
v -0.042066 0.571721 0.0
v -0.042066 0.447789 0.0
v -0.126213 0.419149 0.0
v -1.012285 0.862285 0.0
v -0.093286 0.053295 0.0
v -0.093286 -0.067436 0.0
v 0.009153 -0.067436 0.0
v 0.155133 0.274058 0.9
v 0.11123 0.274058 0.9
v -0.142124 0.241131 0.9
v -0.133 0.436394 0.9
v -0.128404 0.446009 0.9
v -0.142124 0.460643 0.9
v -0.084502 0.446009 0.9
v 1.012285 0.460643 0.9
v -0.142124 0.345796 0.9
v -0.143953 0.370494 0.9
v -0.252157 0.460643 0.9
v -0.142124 0.388247 0.9
v -0.139974 0.409105 0.9
v -0.083976 0.26543 0.9
v -0.098982 0.270871 0.9
v -0.011373 0.284662 0.9
v -0.026105 0.273272 0.9
v -0.111711 0.279329 0.9
v -0.122546 0.290842 0.9
v -0.133321 0.309664 0.9
v 0.017794 0.407712 0.9
v 0.032713 0.426103 0.9
v 0.046134 0.436371 0.9
v 0.061283 0.442974 0.9
v 0.080112 0.445942 0.9
v 0.082876 0.446009 0.9
v 0.103608 0.443321 0.9
v 0.117965 0.437458 0.9
v 0.005873 0.305963 0.9
v 0.13099 0.428029 0.9
v 0.142168 0.415146 0.9
v 0.151861 0.398276 0.9
v -0.041627 0.266273 0.9
v -0.057334 0.263307 0.9
v -0.062951 0.263082 0.9
v 0.161937 0.306607 0.9
v 1.012285 0.241131 0.9
v 0.163364 0.339911 0.9
v 0.16013 0.373075 0.9
v -0.002242 0.372667 0.9
v -0.097979 0.424078 0.9
v -0.025574 0.329134 0.9
v -0.1089 0.388545 0.9
v -0.02592 0.328603 0.9
v 0.02594 0.342027 0.9
v 0.123007 0.296739 0.9
v 0.040717 0.369911 0.9
v 0.129137 0.322385 0.9
v 0.130437 0.343113 0.9
v 0.095796 0.40485 0.9
v 0.086821 0.405765 0.9
v 0.128538 0.364046 0.9
v -0.111026 0.366036 0.9
v -0.109348 0.344252 0.9
v -0.105231 0.329027 0.9
v 0.123514 0.379817 0.9
v 0.116922 0.391049 0.9
v 0.110218 0.397928 0.9
v 0.075373 0.404448 0.9
v 0.067101 0.40129 0.9
v 0.05966 0.396217 0.9
v 0.051592 0.387017 0.9
v -0.099291 0.318267 0.9
v -0.093404 0.31202 0.9
v -0.087456 0.308048 0.9
v 0.103857 0.402069 0.9
v -0.078099 0.304595 0.9
v -0.066266 0.303326 0.9
v -0.036662 0.3157 0.9
v -0.055424 0.304737 0.9
v -0.046845 0.308154 0.9
v -0.142445 0.123307 0.9
v -0.143953 0.143665 0.9
v -0.252157 0.123307 0.9
v -0.142124 0.161418 0.9
v -0.142124 0.118967 0.9
v -0.142124 0.01796 0.9
v -0.141625 0.112239 0.9
v -0.133321 0.082835 0.9
v -0.026105 0.046443 0.9
v -0.041627 0.039444 0.9
v 0.11123 0.047228 0.9
v 1.012285 0.01796 0.9
v 1.012285 0.123307 0.9
v 0.163364 0.113082 0.9
v -0.011373 0.057832 0.9
v -0.098982 0.044042 0.9
v -0.111711 0.0525 0.9
v -0.122546 0.064012 0.9
v -0.057334 0.036478 0.9
v -0.062951 0.036253 0.9
v -0.083976 0.038601 0.9
v 0.161937 0.079777 0.9
v 0.155133 0.047228 0.9
v 0.123007 0.06991 0.9
v 0.02594 0.115197 0.9
v 0.005873 0.079134 0.9
v 0.129137 0.095555 0.9
v 0.130437 0.116283 0.9
v 0.030238 0.123307 0.9
v 0.1298 0.123307 0.9
v 0.040717 0.143082 0.9
v 0.095796 0.17802 0.9
v 0.086821 0.178936 0.9
v 0.128538 0.137216 0.9
v 0.123514 0.152988 0.9
v 0.116922 0.16422 0.9
v 0.110218 0.171099 0.9
v 0.075373 0.177618 0.9
v 0.067101 0.174461 0.9
v 0.05966 0.169388 0.9
v 0.051592 0.160188 0.9
v 0.103857 0.17524 0.9
v -0.133 0.209564 0.9
v -0.128404 0.21918 0.9
v -0.139974 0.182276 0.9
v -0.084502 0.21918 0.9
v 0.046134 0.209541 0.9
v 0.061283 0.216145 0.9
v 0.032713 0.199274 0.9
v 0.117965 0.210628 0.9
v 0.13099 0.201199 0.9
v 0.080112 0.219113 0.9
v 0.082876 0.21918 0.9
v 0.103608 0.216491 0.9
v 0.16013 0.146246 0.9
v 0.162367 0.123307 0.9
v 0.142168 0.188317 0.9
v 0.151861 0.171447 0.9
v -0.097979 0.197248 0.9
v -0.002242 0.145837 0.9
v 0.017794 0.180883 0.9
v -0.1089 0.161715 0.9
v -0.111026 0.139206 0.9
v -0.014318 0.123307 0.9
v -0.109801 0.123307 0.9
v -0.025574 0.102305 0.9
v -0.02592 0.101774 0.9
v -0.109348 0.117423 0.9
v -0.105231 0.102198 0.9
v -0.099291 0.091438 0.9
v -0.093404 0.085191 0.9
v -0.087456 0.081219 0.9
v -0.078099 0.077766 0.9
v -0.066266 0.076497 0.9
v -0.036662 0.088871 0.9
v -0.055424 0.077907 0.9
v -0.046845 0.081325 0.9
v 0.109706 -0.030572 0.9
v 0.134054 -0.054065 0.9
v 0.081124 -0.014187 0.9
v 0.149519 -0.210655 0.9
v 0.132015 -0.236884 0.9
v 1.012285 -0.314967 0.9
v 0.159519 -0.182191 0.9
v -0.061097 -0.272301 0.9
v -0.08923 -0.256578 0.9
v -0.142124 -0.314967 0.9
v -0.140269 -0.105864 0.9
v -0.130808 -0.077653 0.9
v -0.252157 0.01796 0.9
v -0.142124 -0.123878 0.9
v -0.115367 -0.052963 0.9
v -0.093227 -0.031244 0.9
v -0.065489 -0.014484 0.9
v -0.113294 -0.234134 0.9
v -0.129169 -0.209902 0.9
v -0.139521 -0.181424 0.9
v 0.151103 -0.082249 0.9
v 0.16028 -0.112446 0.9
v 0.163364 -0.146502 0.9
v 0.107057 -0.259189 0.9
v 0.07717 -0.274913 0.9
v 0.043779 -0.283503 0.9
v -0.033166 -0.004099 0.9
v 0.006162 -3.32E-4 0.9
v 0.044493 -0.003484 0.9
v 0.01325 -0.285698 0.9
v -0.02513 -0.28259 0.9
v -0.252157 -0.314967 0.9
v -0.142124 -0.158063 0.9
v -0.143953 -0.141643 0.9
v 0.054899 -0.74171 0.9
v 0.041157 -0.731783 0.9
v 0.011842 -0.725089 0.9
v 0.028259 -0.717215 0.9
v 0.022168 -0.707516 0.9
v 0.069834 -0.747934 0.9
v -0.002621 -0.739309 0.9
v 0.087278 -0.750332 0.9
v 0.01232 -0.601993 0.9
v 0.022168 -0.621598 0.9
v 0.035795 -0.602487 0.9
v -0.133099 -0.611212 0.9
v -0.142124 -0.547284 0.9
v -0.141046 -0.633712 0.9
v -0.142124 -0.643674 0.9
v -0.120947 -0.592621 0.9
v -0.106679 -0.579531 0.9
v -0.088859 -0.56972 0.9
v -0.096539 -0.748372 0.9
v -0.113061 -0.737092 0.9
v -0.142124 -0.809967 0.9
v -0.126311 -0.722075 0.9
v -0.135949 -0.704014 0.9
v -0.069217 -0.564595 0.9
v -0.056148 -0.563747 0.9
v 1.012285 -0.547284 0.9
v -0.035776 -0.566461 0.9
v -0.019048 -0.573272 0.9
v 1.012285 -0.809967 0.9
v 0.131148 -0.735792 0.9
v 0.115531 -0.744791 0.9
v 0.106983 -0.581029 0.9
v 0.087278 -0.578381 0.9
v 0.078505 -0.578994 0.9
v -0.002015 -0.585422 0.9
v 0.064647 -0.582492 0.9
v 0.050225 -0.59005 0.9
v -0.041724 -0.756502 0.9
v -0.056148 -0.75765 0.9
v -0.078635 -0.755022 0.9
v 0.122697 -0.587593 0.9
v 0.137028 -0.598185 0.9
v 0.148617 -0.612182 0.9
v 0.160616 -0.688592 0.9
v 0.153283 -0.708698 0.9
v 0.143443 -0.723925 0.9
v 0.10022 -0.749277 0.9
v -0.022855 -0.751074 0.9
v 0.157193 -0.629148 0.9
v 0.162564 -0.651005 0.9
v 0.163364 -0.664243 0.9
v -0.143953 -0.660584 0.9
v -0.252157 -0.547284 0.9
v -0.142243 -0.681704 0.9
v -0.252157 -0.809967 0.9
v -0.142124 -0.682127 0.9
v -0.360361 0.410361 0.9
v -0.367176 0.358597 0.9
v -0.252157 0.241131 0.9
v -0.141625 0.339068 0.9
v -0.387156 0.310361 0.9
v -0.41894 0.26894 0.9
v -0.455181 0.241131 0.9
v -1.012285 0.862285 0.9
v -0.733566 0.510361 0.9
v -0.701782 0.551782 0.9
v -0.508597 0.603546 0.9
v -0.460361 0.583566 0.9
v -0.252157 0.862285 0.9
v -0.41894 0.551782 0.9
v -0.387156 0.510361 0.9
v -0.753546 0.462125 0.9
v -1.012285 0.460643 0.9
v -0.753741 0.460643 0.9
v -0.367176 0.462125 0.9
v -0.366981 0.460643 0.9
v -0.660361 0.583566 0.9
v -0.612125 0.603546 0.9
v -0.560361 0.610361 0.9
v -0.701782 0.26894 0.9
v -0.733566 0.310361 0.9
v -1.012285 0.241131 0.9
v -0.753546 0.358597 0.9
v -0.760361 0.410361 0.9
v -0.460361 0.237156 0.9
v -0.508597 0.217176 0.9
v -0.560361 0.210361 0.9
v -0.612125 0.217176 0.9
v -1.012285 0.123307 0.9
v -0.660361 0.237156 0.9
v -0.665541 0.241131 0.9
v -0.142124 0.862285 0.9
v 0.159706 0.735033 0.9
v 1.012285 0.862285 0.9
v 0.159706 0.691131 0.9
v 0.159706 0.515521 0.9
v 0.159706 0.475277 0.9
v -0.140294 0.581375 0.9
v -0.140294 0.625277 0.9
v -0.10005 0.603155 0.9
v -0.10005 0.60224 0.9
v -0.086517 0.6055 0.9
v -0.086272 0.599754 0.9
v -0.073297 0.609214 0.9
v -0.072897 0.595609 0.9
v 0.157249 -0.458302 0.9
v 0.150557 -0.481173 0.9
v -0.140294 -0.384479 0.9
v -0.140294 -0.344235 0.9
v 0.159706 -0.344235 0.9
v 0.140652 -0.498811 0.9
v 0.130996 -0.509739 0.9
v 0.115976 -0.520539 0.9
v 0.04464 -0.527926 0.9
v 0.025338 -0.520822 0.9
v 0.007417 -0.508599 0.9
v -0.008484 -0.490703 0.9
v 0.159706 -0.429067 0.9
v 0.099142 -0.527167 0.9
v 0.075226 -0.530691 0.9
v 0.0699 -0.53082 0.9
v -0.019994 -0.468652 0.9
v -0.025848 -0.444978 0.9
v -0.02688 -0.422779 0.9
v -0.02688 -0.384479 0.9
v 1.012285 -0.862285 0.9
v -0.142124 -0.862285 0.9
v -0.252157 -0.862285 0.9
v -1.012285 0.01796 0.9
v -1.012285 -0.314967 0.9
v -1.012285 -0.547284 0.9
v -1.012285 -0.809967 0.9
v -1.012285 -0.862285 0.9
v 1.15 0.95 0.55
v 1.15 -0.95 0.55
v 1.15 0.95 0.35
v 1.15 -0.95 0.35
v -1.1 1.0 0.55
v 1.1 1.0 0.55
v -1.1 1.0 0.35
v 1.1 1.0 0.35
v -1.15 0.95 0.35
v -1.15 -0.95 0.35
v -1.15 0.95 0.55
v -1.15 -0.95 0.55
v -1.1 -1.0 0.35
v 1.1 -1.0 0.35
v -1.1 -1.0 0.55
v 1.1 -1.0 0.55
v -1.101888 0.999964 0.550125
v -1.012285 0.910361 0.863736
v 1.012285 0.910361 0.863736
v 1.101888 0.999964 0.550125
v -1.149964 -0.951888 0.550125
v -1.060361 -0.862285 0.863736
v -1.060361 0.862285 0.863736
v -1.149964 0.951888 0.550125
v 1.149964 0.951888 0.550125
v 1.060361 0.862285 0.863736
v 1.060361 -0.862285 0.863736
v 1.149964 -0.951888 0.550125
v 1.101888 -0.999964 0.550125
v 1.012285 -0.910361 0.863736
v -1.012285 -0.910361 0.863736
v -1.101888 -0.999964 0.550125
v -1.101888 -0.999964 0.349875
v -1.012285 -0.910361 0.036264
v 1.012285 -0.910361 0.036264
v 1.101888 -0.999964 0.349875
v 1.149964 -0.951888 0.349875
v 1.060361 -0.862285 0.036264
v 1.060361 0.862285 0.036264
v 1.149964 0.951888 0.349875
v -1.149964 0.951888 0.349875
v -1.060361 0.862285 0.036264
v -1.060361 -0.862285 0.036264
v -1.149964 -0.951888 0.349875
v 1.101888 0.999964 0.349875
v 1.012285 0.910361 0.036264
v -1.012285 0.910361 0.036264
v -1.101888 0.999964 0.349875
v -1.012285 0.875065 0.898329
v 1.012285 0.875065 0.898329
v 1.012285 0.90541 0.875302
v -1.012285 0.90541 0.875302
v 1.012285 0.905221 0.875545
v -1.012285 0.905221 0.875545
v 1.012285 0.897454 0.88554
v -1.012285 0.897454 0.88554
v 1.012285 0.897271 0.88568
v -1.012285 0.897271 0.88568
v 1.012285 0.887133 0.893388
v -1.012285 0.887133 0.893388
v 1.012285 0.886991 0.893447
v -1.012285 0.886991 0.893447
v 1.012285 0.875141 0.898319
v -1.012285 0.875141 0.898319
v 1.021387 0.896256 0.88554
v 1.018716 0.886287 0.893388
v 1.015612 0.874703 0.898319
v 1.018713 0.873419 0.898319
v 1.023419 0.868713 0.898319
v 1.021376 0.871376 0.898319
v 1.024703 0.865612 0.898319
v 1.023447 0.903941 0.875302
v 1.024482 0.907836 0.866499
v 1.024176 0.907979 0.866453
v 1.035333 0.902773 0.868153
v 1.033848 0.899633 0.875302
v 1.035553 0.902598 0.868166
v 1.042779 0.892779 0.875302
v 1.045066 0.895065 0.868732
v 1.049633 0.883848 0.875302
v 1.052598 0.885553 0.868166
v 1.052773 0.885333 0.868153
v 1.053941 0.873447 0.875302
v 1.057836 0.874482 0.866499
v 1.057979 0.874176 0.866453
v 1.05541 0.862285 0.875302
v 1.025065 0.862285 0.898329
v 1.025141 0.862285 0.898319
v 1.036991 0.862285 0.893447
v 1.024709 0.883804 0.893388
v 1.029855 0.879855 0.893388
v 1.033804 0.874709 0.893388
v 1.036287 0.868716 0.893388
v 1.02987 0.892742 0.88554
v 1.037153 0.887153 0.88554
v 1.042742 0.87987 0.88554
v 1.046256 0.871387 0.88554
v 1.037133 0.862285 0.893388
v 1.047271 0.862285 0.88568
v 1.047454 0.862285 0.88554
v 1.055221 0.862285 0.875545
v -1.020301 0.872337 0.898319
v -1.022336 0.870301 0.898319
v -1.017863 0.873868 0.898319
v -1.015146 0.874819 0.898319
v -1.023868 0.867863 0.898319
v -1.024819 0.865146 0.898319
v -1.058258 0.872782 0.866134
v -1.054329 0.871881 0.875302
v -1.057979 0.874176 0.866453
v -1.051139 0.880996 0.875302
v -1.045066 0.895065 0.868732
v -1.048287 0.890997 0.86849
v -1.046002 0.889173 0.875302
v -1.052773 0.885333 0.868153
v -1.054124 0.882438 0.867712
v -1.040997 0.898287 0.86849
v -1.039173 0.896002 0.875302
v -1.035333 0.902773 0.868153
v -1.030996 0.901139 0.875302
v -1.032438 0.904124 0.867712
v -1.024176 0.907979 0.866453
v -1.021881 0.904329 0.875302
v -1.022782 0.908258 0.866134
v -1.025141 0.862285 0.898319
v -1.025065 0.862285 0.898329
v -1.047271 0.862285 0.88568
v -1.037133 0.862285 0.893388
v -1.03651 0.867814 0.893388
v -1.036991 0.862285 0.893447
v -1.017814 0.88651 0.893388
v -1.023066 0.884673 0.893388
v -1.027778 0.881712 0.893388
v -1.031712 0.877778 0.893388
v -1.034672 0.873066 0.893388
v -1.055221 0.862285 0.875545
v -1.047454 0.862285 0.88554
v -1.046572 0.870111 0.88554
v -1.043971 0.877544 0.88554
v -1.039781 0.884213 0.88554
v -1.034213 0.889781 0.88554
v -1.027544 0.893971 0.88554
v -1.020111 0.896572 0.88554
v -1.05541 0.862285 0.875302
v 1.05541 -0.862285 0.875302
v 1.055221 -0.862285 0.875545
v 1.047454 -0.862285 0.88554
v 1.047271 -0.862285 0.88568
v 1.037133 -0.862285 0.893388
v 1.036991 -0.862285 0.893447
v 1.025141 -0.862285 0.898319
v 1.025065 -0.862285 0.898329
v 1.125543 0.992983 0.552417
v 1.12497 0.993233 0.552372
v 1.114153 0.997955 0.551535
v 1.112918 0.998157 0.551393
v 1.135355 0.985355 0.552717
v 1.142983 0.975543 0.552417
v 1.143233 0.97497 0.552372
v 1.147955 0.964153 0.551535
v 1.148157 0.962918 0.551393
v -1.148157 0.962918 0.551393
v -1.147955 0.964153 0.551535
v -1.143233 0.97497 0.552372
v -1.142983 0.975543 0.552417
v -1.135355 0.985355 0.552717
v -1.112918 0.998157 0.551393
v -1.114153 0.997955 0.551535
v -1.12497 0.993233 0.552372
v -1.125543 0.992983 0.552417
v -1.05541 -0.862285 0.875302
v -1.055221 -0.862285 0.875545
v -1.047454 -0.862285 0.88554
v -1.047271 -0.862285 0.88568
v -1.037133 -0.862285 0.893388
v -1.036991 -0.862285 0.893447
v -1.025141 -0.862285 0.898319
v -1.025065 -0.862285 0.898329
v -1.012285 -0.90541 0.875302
v 1.012285 -0.90541 0.875302
v -1.012285 -0.905221 0.875545
v 1.012285 -0.905221 0.875545
v -1.012285 -0.897454 0.88554
v 1.012285 -0.897454 0.88554
v -1.012285 -0.897271 0.88568
v 1.012285 -0.897271 0.88568
v -1.012285 -0.887133 0.893388
v 1.012285 -0.887133 0.893388
v -1.012285 -0.886991 0.893447
v 1.012285 -0.886991 0.893447
v -1.012285 -0.875141 0.898319
v 1.012285 -0.875141 0.898319
v -1.012285 -0.875065 0.898329
v 1.012285 -0.875065 0.898329
v 1.020301 -0.872337 0.898319
v 1.022336 -0.870301 0.898319
v 1.017863 -0.873868 0.898319
v 1.015146 -0.874819 0.898319
v 1.023868 -0.867863 0.898319
v 1.024819 -0.865146 0.898319
v 1.058258 -0.872782 0.866134
v 1.054329 -0.871881 0.875302
v 1.057979 -0.874176 0.866453
v 1.051139 -0.880996 0.875302
v 1.054124 -0.882438 0.867712
v 1.052773 -0.885333 0.868153
v 1.046002 -0.889173 0.875302
v 1.048287 -0.890997 0.86849
v 1.045066 -0.895065 0.868732
v 1.039173 -0.896002 0.875302
v 1.040997 -0.898287 0.86849
v 1.035333 -0.902773 0.868153
v 1.030996 -0.901139 0.875302
v 1.032438 -0.904124 0.867712
v 1.024176 -0.907979 0.866453
v 1.021881 -0.904329 0.875302
v 1.022782 -0.908258 0.866134
v 1.03651 -0.867814 0.893388
v 1.017814 -0.88651 0.893388
v 1.023066 -0.884673 0.893388
v 1.027778 -0.881712 0.893388
v 1.031712 -0.877778 0.893388
v 1.034672 -0.873066 0.893388
v 1.046572 -0.870111 0.88554
v 1.043971 -0.877544 0.88554
v 1.039781 -0.884213 0.88554
v 1.034213 -0.889781 0.88554
v 1.027544 -0.893971 0.88554
v 1.020111 -0.896572 0.88554
v 1.148157 0.962918 0.348607
v 1.147955 0.964153 0.348465
v 1.143233 0.97497 0.347628
v 1.142983 0.975543 0.347583
v 1.135355 0.985355 0.347283
v 1.125543 0.992983 0.347583
v 1.12497 0.993233 0.347628
v 1.114153 0.997955 0.348465
v 1.112918 0.998157 0.348607
v -1.112918 0.998157 0.348607
v -1.114153 0.997955 0.348465
v -1.12497 0.993233 0.347628
v -1.125543 0.992983 0.347583
v -1.135355 0.985355 0.347283
v -1.142983 0.975543 0.347583
v -1.143233 0.97497 0.347628
v -1.147955 0.964153 0.348465
v -1.148157 0.962918 0.348607
v -1.022336 -0.870301 0.898319
v -1.020301 -0.872337 0.898319
v -1.023868 -0.867863 0.898319
v -1.024819 -0.865146 0.898319
v -1.017863 -0.873868 0.898319
v -1.015146 -0.874819 0.898319
v -1.022782 -0.908258 0.866134
v -1.021881 -0.904329 0.875302
v -1.024176 -0.907979 0.866453
v -1.030996 -0.901139 0.875302
v -1.045066 -0.895065 0.868732
v -1.040997 -0.898287 0.86849
v -1.039173 -0.896002 0.875302
v -1.035333 -0.902773 0.868153
v -1.032438 -0.904124 0.867712
v -1.048287 -0.890997 0.86849
v -1.046002 -0.889173 0.875302
v -1.052773 -0.885333 0.868153
v -1.051139 -0.880996 0.875302
v -1.054124 -0.882438 0.867712
v -1.057979 -0.874176 0.866453
v -1.054329 -0.871881 0.875302
v -1.058258 -0.872782 0.866134
v -1.017814 -0.88651 0.893388
v -1.03651 -0.867814 0.893388
v -1.034672 -0.873066 0.893388
v -1.031712 -0.877778 0.893388
v -1.027778 -0.881712 0.893388
v -1.023066 -0.884673 0.893388
v -1.020111 -0.896572 0.88554
v -1.027544 -0.893971 0.88554
v -1.034213 -0.889781 0.88554
v -1.039781 -0.884213 0.88554
v -1.043971 -0.877544 0.88554
v -1.046572 -0.870111 0.88554
v 1.148459 -0.961079 0.551181
v 1.111079 -0.998459 0.551181
v 1.114153 -0.997955 0.551535
v 1.121553 -0.994725 0.552108
v 1.125543 -0.992983 0.552417
v 1.130939 -0.988789 0.552582
v 1.135355 -0.985355 0.552717
v 1.138789 -0.980939 0.552582
v 1.142983 -0.975543 0.552417
v 1.144725 -0.971553 0.552108
v 1.147955 -0.964153 0.551535
v 1.058258 0.872782 0.033866
v 1.057979 0.874176 0.033547
v 1.054124 0.882438 0.032288
v 1.052773 0.885333 0.031847
v 1.048287 0.890997 0.03151
v 1.045066 0.895065 0.031268
v 1.040997 0.898287 0.03151
v 1.035333 0.902773 0.031847
v 1.032438 0.904124 0.032288
v 1.024176 0.907979 0.033547
v 1.022782 0.908258 0.033866
v -1.012285 0.875065 0.001671
v -1.012285 0.90541 0.024698
v 1.012285 0.90541 0.024698
v -1.012285 0.905221 0.024455
v 1.012285 0.905221 0.024455
v -1.012285 0.897454 0.01446
v 1.012285 0.897454 0.01446
v -1.012285 0.897271 0.01432
v 1.012285 0.897271 0.01432
v -1.012285 0.887133 0.006612
v 1.012285 0.887133 0.006612
v -1.012285 0.886991 0.006553
v 1.012285 0.886991 0.006553
v -1.012285 0.875141 0.001681
v 1.012285 0.875141 0.001681
v 1.012285 0.875065 0.001671
v -1.024176 0.907979 0.033547
v -1.024482 0.907836 0.033501
v -1.035333 0.902773 0.031847
v -1.035553 0.902598 0.031834
v -1.045066 0.895065 0.031268
v -1.052598 0.885553 0.031834
v -1.052773 0.885333 0.031847
v -1.057836 0.874482 0.033501
v -1.057979 0.874176 0.033547
v -1.112918 -0.998157 0.551393
v -1.114153 -0.997955 0.551535
v -1.12497 -0.993233 0.552372
v -1.125543 -0.992983 0.552417
v -1.135355 -0.985355 0.552717
v -1.148157 -0.962918 0.551393
v -1.147955 -0.964153 0.551535
v -1.143233 -0.97497 0.552372
v -1.142983 -0.975543 0.552417
v 1.111079 -0.998459 0.348819
v 1.114153 -0.997955 0.348465
v 1.121553 -0.994725 0.347892
v 1.125543 -0.992983 0.347583
v 1.130939 -0.988789 0.347418
v 1.135355 -0.985355 0.347283
v 1.138789 -0.980939 0.347418
v 1.142983 -0.975543 0.347583
v 1.144725 -0.971553 0.347892
v 1.147955 -0.964153 0.348465
v 1.148459 -0.961079 0.348819
v 1.025065 0.862285 0.001671
v 1.024819 0.865146 0.001681
v 1.020301 0.872337 0.001681
v 1.022336 0.870301 0.001681
v 1.017814 0.88651 0.006612
v 1.020111 0.896572 0.01446
v 1.021881 0.904329 0.024698
v 1.030996 0.901139 0.024698
v 1.046002 0.889173 0.024698
v 1.051139 0.880996 0.024698
v 1.054329 0.871881 0.024698
v 1.039173 0.896002 0.024698
v 1.05541 0.862285 0.024698
v 1.055221 0.862285 0.024455
v 1.046572 0.870111 0.01446
v 1.027544 0.893971 0.01446
v 1.047454 0.862285 0.01446
v 1.047271 0.862285 0.01432
v 1.03651 0.867814 0.006612
v 1.034213 0.889781 0.01446
v 1.023066 0.884673 0.006612
v 1.015146 0.874819 0.001681
v 1.031712 0.877778 0.006612
v 1.043971 0.877544 0.01446
v 1.034672 0.873066 0.006612
v 1.023868 0.867863 0.001681
v 1.039781 0.884213 0.01446
v 1.027778 0.881712 0.006612
v 1.017863 0.873868 0.001681
v 1.037133 0.862285 0.006612
v 1.036991 0.862285 0.006553
v 1.025141 0.862285 0.001681
v -1.015612 0.874703 0.001681
v -1.036991 0.862285 0.006553
v -1.037133 0.862285 0.006612
v -1.036287 0.868716 0.006612
v -1.046256 0.871387 0.01446
v -1.053941 0.873447 0.024698
v -1.049633 0.883848 0.024698
v -1.023447 0.903941 0.024698
v -1.05541 0.862285 0.024698
v -1.055221 0.862285 0.024455
v -1.047454 0.862285 0.01446
v -1.047271 0.862285 0.01432
v -1.021387 0.896256 0.01446
v -1.042742 0.87987 0.01446
v -1.042779 0.892779 0.024698
v -1.018716 0.886287 0.006612
v -1.037153 0.887153 0.01446
v -1.033804 0.874709 0.006612
v -1.024703 0.865612 0.001681
v -1.033848 0.899633 0.024698
v -1.02987 0.892742 0.01446
v -1.024709 0.883804 0.006612
v -1.018713 0.873419 0.001681
v -1.025065 0.862285 0.001671
v -1.025141 0.862285 0.001681
v -1.029855 0.879855 0.006612
v -1.023419 0.868713 0.001681
v -1.021376 0.871376 0.001681
v -1.148157 -0.962918 0.348607
v -1.147955 -0.964153 0.348465
v -1.143233 -0.97497 0.347628
v -1.142983 -0.975543 0.347583
v -1.135355 -0.985355 0.347283
v -1.125543 -0.992983 0.347583
v -1.12497 -0.993233 0.347628
v -1.114153 -0.997955 0.348465
v -1.112918 -0.998157 0.348607
v 1.024176 -0.907979 0.033547
v 1.035333 -0.902773 0.031847
v 1.024482 -0.907836 0.033501
v 1.045066 -0.895065 0.031268
v 1.035553 -0.902598 0.031834
v 1.052598 -0.885553 0.031834
v 1.052773 -0.885333 0.031847
v 1.057836 -0.874482 0.033501
v 1.057979 -0.874176 0.033547
v 1.025065 -0.862285 0.001671
v 1.025141 -0.862285 0.001681
v 1.036991 -0.862285 0.006553
v 1.037133 -0.862285 0.006612
v 1.047271 -0.862285 0.01432
v 1.047454 -0.862285 0.01446
v 1.055221 -0.862285 0.024455
v 1.05541 -0.862285 0.024698
v -1.025065 -0.862285 0.001671
v -1.05541 -0.862285 0.024698
v -1.055221 -0.862285 0.024455
v -1.047454 -0.862285 0.01446
v -1.047271 -0.862285 0.01432
v -1.037133 -0.862285 0.006612
v -1.036991 -0.862285 0.006553
v -1.025141 -0.862285 0.001681
v -1.058258 -0.872782 0.033866
v -1.057979 -0.874176 0.033547
v -1.054124 -0.882438 0.032288
v -1.052773 -0.885333 0.031847
v -1.048287 -0.890997 0.03151
v -1.045066 -0.895065 0.031268
v -1.040997 -0.898287 0.03151
v -1.035333 -0.902773 0.031847
v -1.032438 -0.904124 0.032288
v -1.024176 -0.907979 0.033547
v -1.022782 -0.908258 0.033866
v 1.012285 -0.875065 0.001671
v 1.015612 -0.874703 0.001681
v 1.036287 -0.868716 0.006612
v 1.046256 -0.871387 0.01446
v 1.053941 -0.873447 0.024698
v 1.049633 -0.883848 0.024698
v 1.012285 -0.90541 0.024698
v 1.023447 -0.903941 0.024698
v 1.012285 -0.905221 0.024455
v 1.021387 -0.896256 0.01446
v 1.042742 -0.87987 0.01446
v 1.042779 -0.892779 0.024698
v 1.012285 -0.897454 0.01446
v 1.012285 -0.897271 0.01432
v 1.018716 -0.886287 0.006612
v 1.037153 -0.887153 0.01446
v 1.033804 -0.874709 0.006612
v 1.024703 -0.865612 0.001681
v 1.033848 -0.899633 0.024698
v 1.02987 -0.892742 0.01446
v 1.024709 -0.883804 0.006612
v 1.018713 -0.873419 0.001681
v 1.029855 -0.879855 0.006612
v 1.023419 -0.868713 0.001681
v 1.021376 -0.871376 0.001681
v 1.012285 -0.887133 0.006612
v 1.012285 -0.886991 0.006553
v 1.012285 -0.875141 0.001681
v -1.024819 -0.865146 0.001681
v -1.020301 -0.872337 0.001681
v -1.022336 -0.870301 0.001681
v -1.012285 -0.886991 0.006553
v -1.012285 -0.887133 0.006612
v -1.017814 -0.88651 0.006612
v -1.020111 -0.896572 0.01446
v -1.021881 -0.904329 0.024698
v -1.030996 -0.901139 0.024698
v -1.046002 -0.889173 0.024698
v -1.051139 -0.880996 0.024698
v -1.054329 -0.871881 0.024698
v -1.012285 -0.90541 0.024698
v -1.012285 -0.905221 0.024455
v -1.012285 -0.897454 0.01446
v -1.012285 -0.897271 0.01432
v -1.046572 -0.870111 0.01446
v -1.027544 -0.893971 0.01446
v -1.039173 -0.896002 0.024698
v -1.03651 -0.867814 0.006612
v -1.034213 -0.889781 0.01446
v -1.023066 -0.884673 0.006612
v -1.015146 -0.874819 0.001681
v -1.031712 -0.877778 0.006612
v -1.043971 -0.877544 0.01446
v -1.034672 -0.873066 0.006612
v -1.023868 -0.867863 0.001681
v -1.012285 -0.875065 0.001671
v -1.012285 -0.875141 0.001681
v -1.039781 -0.884213 0.01446
v -1.027778 -0.881712 0.006612
v -1.017863 -0.873868 0.001681
v -0.753546 0.462125 0.85
v -0.760361 0.410361 0.85
v -0.753546 0.358597 0.85
v -0.733566 0.310361 0.85
v -0.701782 0.26894 0.85
v -0.660361 0.237156 0.85
v -0.612125 0.217176 0.85
v -0.560361 0.210361 0.85
v -0.508597 0.217176 0.85
v -0.460361 0.237156 0.85
v -0.41894 0.26894 0.85
v -0.387156 0.310361 0.85
v -0.367176 0.358597 0.85
v -0.360361 0.410361 0.85
v -0.367176 0.462125 0.85
v -0.387156 0.510361 0.85
v -0.41894 0.551782 0.85
v -0.460361 0.583566 0.85
v -0.508597 0.603546 0.85
v -0.560361 0.610361 0.85
v -0.612125 0.603546 0.85
v -0.660361 0.583566 0.85
v -0.701782 0.551782 0.85
v -0.733566 0.510361 0.85
v -0.560361 0.410361 0.85
v -0.143953 -0.660584 0.89
newmtl 2
Ka 0.6470588235294118 0.6470588235294118 0.6470588235294118
Kd 0.6470588235294118 0.6470588235294118 0.6470588235294118
Ks 0.3215686274509804 0.3215686274509804 0.3215686274509804
d 0.0
endmtl
v -0.141046 -0.633712 0.89
v -0.133099 -0.611212 0.89
v -0.120947 -0.592621 0.89
v -0.106679 -0.579531 0.89
v -0.088859 -0.56972 0.89
v -0.069217 -0.564595 0.89
v -0.056148 -0.563747 0.89
v 0.022168 -0.621598 0.89
v 0.01232 -0.601993 0.89
v -0.002015 -0.585422 0.89
v -0.019048 -0.573272 0.89
v -0.035776 -0.566461 0.89
v 0.087278 -0.578381 0.89
v 0.078505 -0.578994 0.89
v 0.064647 -0.582492 0.89
v 0.050225 -0.59005 0.89
v 0.035795 -0.602487 0.89
v 0.163364 -0.664243 0.89
v 0.162564 -0.651005 0.89
v 0.157193 -0.629148 0.89
v 0.148617 -0.612182 0.89
v 0.137028 -0.598185 0.89
v 0.122697 -0.587593 0.89
v 0.106983 -0.581029 0.89
v 0.087278 -0.750332 0.89
v 0.10022 -0.749277 0.89
v 0.115531 -0.744791 0.89
v 0.131148 -0.735792 0.89
v 0.143443 -0.723925 0.89
v 0.153283 -0.708698 0.89
v 0.160616 -0.688592 0.89
v 0.022168 -0.707516 0.89
v 0.028259 -0.717215 0.89
v 0.041157 -0.731783 0.89
v 0.054899 -0.74171 0.89
v 0.069834 -0.747934 0.89
v -0.056148 -0.75765 0.89
v -0.041724 -0.756502 0.89
v -0.022855 -0.751074 0.89
v -0.002621 -0.739309 0.89
v 0.011842 -0.725089 0.89
v -0.142243 -0.681704 0.89
v -0.135949 -0.704014 0.89
v -0.126311 -0.722075 0.89
v -0.113061 -0.737092 0.89
v -0.096539 -0.748372 0.89
v -0.078635 -0.755022 0.89
v 0.035315 -0.664071 0.89
v 0.036838 -0.652224 0.89
v 0.002389 -0.660527 0.89
v -0.029512 -0.605562 0.89
v -0.019125 -0.612199 0.89
v 0.036941 -0.676165 0.89
v -0.011124 -0.620181 0.89
v -0.003956 -0.631198 0.89
v 6.84E-4 -0.644338 0.89
v 0.129324 -0.674815 0.89
v 0.130437 -0.664071 0.89
v 0.129035 -0.652115 0.89
v 0.125671 -0.643108 0.89
v 0.120013 -0.63477 0.89
v 0.11282 -0.628022 0.89
v 0.102827 -0.622255 0.89
v 0.092018 -0.619294 0.89
v -0.054204 -0.721064 0.89
v -0.039369 -0.719231 0.89
v -0.027955 -0.714741 0.89
v -0.017506 -0.707372 0.89
v -0.007697 -0.696179 0.89
v -0.001655 -0.684496 0.89
v 0.083048 -0.618625 0.89
v 0.070071 -0.620187 0.89
v 0.059987 -0.62414 0.89
v 0.050642 -0.630686 0.89
v 0.046957 -0.634226 0.89
v 0.040938 -0.642342 0.89
v -0.042103 -0.601481 0.89
v -0.054204 -0.600332 0.89
v -0.069024 -0.601864 0.89
v -0.080388 -0.60572 0.89
v -0.090053 -0.61174 0.89
v -0.098942 -0.620761 0.89
v -0.105628 -0.632108 0.89
v -0.109909 -0.646663 0.89
v -0.111026 -0.660527 0.89
v -0.109345 -0.676886 0.89
v -0.104746 -0.690301 0.89
v -0.097701 -0.701345 0.89
v -0.089727 -0.709276 0.89
v -0.079841 -0.715597 0.89
v -0.068165 -0.719591 0.89
v 0.095829 -0.708587 0.89
v 0.106034 -0.704697 0.89
v 0.115242 -0.698308 0.89
v 0.120265 -0.693148 0.89
v 0.125802 -0.68485 0.89
v 0.001737 -0.670737 0.89
v 0.040813 -0.685525 0.89
v 0.04724 -0.694247 0.89
v 0.05774 -0.70299 0.89
v 0.067337 -0.707588 0.89
v 0.077412 -0.709779 0.89
v 0.083048 -0.710089 0.89
v -0.054204 -0.600332 0.9
v -0.042103 -0.601481 0.9
v -0.029512 -0.605562 0.9
v -0.019125 -0.612199 0.9
v -0.011124 -0.620181 0.9
v -0.003956 -0.631198 0.9
v 6.84E-4 -0.644338 0.9
v 0.002389 -0.660527 0.9
v 0.001737 -0.670737 0.9
v -0.001655 -0.684496 0.9
v -0.007697 -0.696179 0.9
v -0.017506 -0.707372 0.9
v -0.027955 -0.714741 0.9
v -0.039369 -0.719231 0.9
v -0.054204 -0.721064 0.9
v -0.068165 -0.719591 0.9
v -0.079841 -0.715597 0.9
v -0.089727 -0.709276 0.9
v -0.097701 -0.701345 0.9
v -0.104746 -0.690301 0.9
v -0.109345 -0.676886 0.9
v -0.111026 -0.660527 0.9
v -0.109909 -0.646663 0.9
v -0.105628 -0.632108 0.9
v -0.098942 -0.620761 0.9
v -0.090053 -0.61174 0.9
v -0.080388 -0.60572 0.9
v -0.069024 -0.601864 0.9
v 0.083048 -0.618625 0.9
v 0.092018 -0.619294 0.9
v 0.102827 -0.622255 0.9
v 0.11282 -0.628022 0.9
v 0.120013 -0.63477 0.9
v 0.125671 -0.643108 0.9
v 0.129035 -0.652115 0.9
v 0.130437 -0.664071 0.9
v 0.129324 -0.674815 0.9
v 0.125802 -0.68485 0.9
v 0.120265 -0.693148 0.9
v 0.115242 -0.698308 0.9
v 0.106034 -0.704697 0.9
v 0.095829 -0.708587 0.9
v 0.083048 -0.710089 0.9
v 0.077412 -0.709779 0.9
v 0.067337 -0.707588 0.9
v 0.05774 -0.70299 0.9
v 0.04724 -0.694247 0.9
v 0.040813 -0.685525 0.9
v 0.036941 -0.676165 0.9
v 0.035315 -0.664071 0.9
v 0.036838 -0.652224 0.9
v 0.040938 -0.642342 0.9
v 0.046957 -0.634226 0.9
v 0.050642 -0.630686 0.9
v 0.059987 -0.62414 0.9
v 0.070071 -0.620187 0.9
v -0.02688 -0.422779 0.89
v -0.02688 -0.384479 0.89
v -0.140294 -0.384479 0.89
v -0.140294 -0.344235 0.89
v 0.159706 -0.344235 0.89
v 0.159706 -0.429067 0.89
v 0.0699 -0.53082 0.89
v 0.075226 -0.530691 0.89
v 0.099142 -0.527167 0.89
v 0.115976 -0.520539 0.89
v 0.130996 -0.509739 0.89
v 0.140652 -0.498811 0.89
v 0.150557 -0.481173 0.89
v 0.157249 -0.458302 0.89
v -0.025848 -0.444978 0.89
v -0.019994 -0.468652 0.89
v -0.008484 -0.490703 0.89
v 0.007417 -0.508599 0.89
v 0.025338 -0.520822 0.89
v 0.04464 -0.527926 0.89
v 0.011912 -0.455563 0.89
v 0.007672 -0.439931 0.89
v 0.006047 -0.419635 0.89
v 0.006047 -0.384479 0.89
v 0.126779 -0.384479 0.89
v 0.018222 -0.467461 0.89
v 0.026816 -0.477107 0.89
v 0.037239 -0.484062 0.89
v 0.048959 -0.488367 0.89
v 0.067081 -0.49055 0.89
v 0.068357 -0.490576 0.89
v 0.083549 -0.489292 0.89
v 0.095698 -0.485627 0.89
v 0.105181 -0.480228 0.89
v 0.112442 -0.473488 0.89
v 0.117491 -0.466212 0.89
v 0.123141 -0.452661 0.89
v 0.126597 -0.430524 0.89
v 0.126779 -0.423294 0.89
v 0.126779 -0.423294 0.9
v 0.126779 -0.384479 0.9
v 0.126597 -0.430524 0.9
v 0.123141 -0.452661 0.9
v 0.117491 -0.466212 0.9
v 0.112442 -0.473488 0.9
v 0.105181 -0.480228 0.9
v 0.095698 -0.485627 0.9
v 0.083549 -0.489292 0.9
v 0.068357 -0.490576 0.9
v 0.067081 -0.49055 0.9
v 0.048959 -0.488367 0.9
v 0.037239 -0.484062 0.9
v 0.026816 -0.477107 0.9
v 0.018222 -0.467461 0.9
v 0.011912 -0.455563 0.9
v 0.007672 -0.439931 0.9
v 0.006047 -0.419635 0.9
v 0.006047 -0.384479 0.9
v 0.006162 -3.32E-4 0.89
v -0.033166 -0.004099 0.89
v -0.065489 -0.014484 0.89
v -0.093227 -0.031244 0.89
v -0.115367 -0.052963 0.89
v -0.130808 -0.077653 0.89
v -0.140269 -0.105864 0.89
v -0.143953 -0.141643 0.89
v 0.163364 -0.146502 0.89
v 0.16028 -0.112446 0.89
v 0.151103 -0.082249 0.89
v 0.134054 -0.054065 0.89
v 0.109706 -0.030572 0.89
v 0.081124 -0.014187 0.89
v 0.044493 -0.003484 0.89
v 0.01325 -0.285698 0.89
v 0.043779 -0.283503 0.89
v 0.07717 -0.274913 0.89
v 0.107057 -0.259189 0.89
v 0.132015 -0.236884 0.89
v 0.149519 -0.210655 0.89
v 0.159519 -0.182191 0.89
v -0.139521 -0.181424 0.89
v -0.129169 -0.209902 0.89
v -0.113294 -0.234134 0.89
v -0.08923 -0.256578 0.89
v -0.061097 -0.272301 0.89
v -0.02513 -0.28259 0.89
v 0.00942 -0.040576 0.89
v -0.024913 -0.043764 0.89
v -0.052263 -0.052377 0.89
v -0.073832 -0.065203 0.89
v -0.090641 -0.081372 0.89
v -0.101897 -0.099018 0.89
v -0.108903 -0.119945 0.89
v -0.111026 -0.141758 0.89
v -0.108203 -0.168729 0.89
v -0.101103 -0.189517 0.89
v -0.089898 -0.207046 0.89
v -0.075806 -0.220889 0.89
v -0.056627 -0.232694 0.89
v -0.028142 -0.242004 0.89
v 0.008848 -0.245454 0.89
v 0.043123 -0.242695 0.89
v 0.071354 -0.234846 0.89
v 0.093867 -0.222317 0.89
v 0.109476 -0.207626 0.89
v 0.120437 -0.190933 0.89
v 0.127479 -0.171118 0.89
v 0.130437 -0.144273 0.89
v 0.127259 -0.117454 0.89
v 0.119607 -0.097309 0.89
v 0.107227 -0.079321 0.89
v 0.087595 -0.062034 0.89
v 0.064107 -0.049748 0.89
v 0.031579 -0.041857 0.89
v 0.00942 -0.040576 0.9
v 0.031579 -0.041857 0.9
v 0.064107 -0.049748 0.9
v 0.087595 -0.062034 0.9
v 0.107227 -0.079321 0.9
v 0.119607 -0.097309 0.9
v 0.127259 -0.117454 0.9
v 0.130437 -0.144273 0.9
v 0.127479 -0.171118 0.9
v 0.120437 -0.190933 0.9
v 0.109476 -0.207626 0.9
v 0.093867 -0.222317 0.9
v 0.071354 -0.234846 0.9
v 0.043123 -0.242695 0.9
v 0.008848 -0.245454 0.9
v -0.028142 -0.242004 0.9
v -0.056627 -0.232694 0.9
v -0.075806 -0.220889 0.9
v -0.089898 -0.207046 0.9
v -0.101103 -0.189517 0.9
v -0.108203 -0.168729 0.9
v -0.111026 -0.141758 0.9
v -0.108903 -0.119945 0.9
v -0.101897 -0.099018 0.9
v -0.090641 -0.081372 0.9
v -0.073832 -0.065203 0.9
v -0.052263 -0.052377 0.9
v -0.024913 -0.043764 0.9
v -0.128404 0.21918 0.89
v -0.084502 0.21918 0.89
v -0.111026 0.139206 0.89
v -0.1089 0.161715 0.89
v -0.097979 0.197248 0.89
v -0.109348 0.117423 0.89
v -0.105231 0.102198 0.89
v -0.099291 0.091438 0.89
v -0.093404 0.085191 0.89
v -0.087456 0.081219 0.89
v -0.078099 0.077766 0.89
v -0.066266 0.076497 0.89
v -0.002242 0.145837 0.89
v -0.025574 0.102305 0.89
v -0.02592 0.101774 0.89
v -0.036662 0.088871 0.89
v -0.046845 0.081325 0.89
v -0.055424 0.077907 0.89
v 0.082876 0.21918 0.89
v 0.080112 0.219113 0.89
v 0.061283 0.216145 0.89
v 0.046134 0.209541 0.89
v 0.032713 0.199274 0.89
v 0.017794 0.180883 0.89
v 0.163364 0.113082 0.89
v 0.16013 0.146246 0.89
v 0.151861 0.171447 0.89
v 0.142168 0.188317 0.89
v 0.13099 0.201199 0.89
v 0.117965 0.210628 0.89
v 0.103608 0.216491 0.89
v 0.155133 0.047228 0.89
v 0.161937 0.079777 0.89
v 0.11123 0.047228 0.89
v 0.130437 0.116283 0.89
v 0.129137 0.095555 0.89
v 0.123007 0.06991 0.89
v 0.086821 0.178936 0.89
v 0.095796 0.17802 0.89
v 0.103857 0.17524 0.89
v 0.110218 0.171099 0.89
v 0.116922 0.16422 0.89
v 0.123514 0.152988 0.89
v 0.128538 0.137216 0.89
v 0.02594 0.115197 0.89
v 0.040717 0.143082 0.89
v 0.051592 0.160188 0.89
v 0.05966 0.169388 0.89
v 0.067101 0.174461 0.89
v 0.075373 0.177618 0.89
v -0.062951 0.036253 0.89
v -0.057334 0.036478 0.89
v -0.041627 0.039444 0.89
v -0.026105 0.046443 0.89
v -0.011373 0.057832 0.89
v 0.005873 0.079134 0.89
v -0.143953 0.143665 0.89
v -0.141625 0.112239 0.89
v -0.133321 0.082835 0.89
v -0.122546 0.064012 0.89
v -0.111711 0.0525 0.89
v -0.098982 0.044042 0.89
v -0.083976 0.038601 0.89
v -0.133 0.209564 0.89
v -0.139974 0.182276 0.89
v -0.128404 0.446009 0.89
v -0.084502 0.446009 0.89
v -0.111026 0.366036 0.89
v -0.1089 0.388545 0.89
v -0.097979 0.424078 0.89
v -0.066266 0.303326 0.89
v -0.078099 0.304595 0.89
v -0.087456 0.308048 0.89
v -0.093404 0.31202 0.89
v -0.099291 0.318267 0.89
v -0.105231 0.329027 0.89
v -0.109348 0.344252 0.89
v -0.002242 0.372667 0.89
v -0.025574 0.329134 0.89
v -0.02592 0.328603 0.89
v -0.036662 0.3157 0.89
v -0.046845 0.308154 0.89
v -0.055424 0.304737 0.89
v 0.082876 0.446009 0.89
v 0.080112 0.445942 0.89
v 0.061283 0.442974 0.89
v 0.046134 0.436371 0.89
v 0.032713 0.426103 0.89
v 0.017794 0.407712 0.89
v 0.163364 0.339911 0.89
v 0.16013 0.373075 0.89
v 0.151861 0.398276 0.89
v 0.142168 0.415146 0.89
v 0.13099 0.428029 0.89
v 0.117965 0.437458 0.89
v 0.103608 0.443321 0.89
v 0.155133 0.274058 0.89
v 0.161937 0.306607 0.89
v 0.11123 0.274058 0.89
v 0.130437 0.343113 0.89
v 0.129137 0.322385 0.89
v 0.123007 0.296739 0.89
v 0.086821 0.405765 0.89
v 0.095796 0.40485 0.89
v 0.103857 0.402069 0.89
v 0.110218 0.397928 0.89
v 0.116922 0.391049 0.89
v 0.123514 0.379817 0.89
v 0.128538 0.364046 0.89
v 0.02594 0.342027 0.89
v 0.040717 0.369911 0.89
v 0.051592 0.387017 0.89
v 0.05966 0.396217 0.89
v 0.067101 0.40129 0.89
v 0.075373 0.404448 0.89
v -0.062951 0.263082 0.89
v -0.057334 0.263307 0.89
v -0.041627 0.266273 0.89
v -0.026105 0.273272 0.89
v -0.011373 0.284662 0.89
v 0.005873 0.305963 0.89
v -0.143953 0.370494 0.89
v -0.141625 0.339068 0.89
v -0.133321 0.309664 0.89
v -0.122546 0.290842 0.89
v -0.111711 0.279329 0.89
v -0.098982 0.270871 0.89
v -0.083976 0.26543 0.89
v -0.133 0.436394 0.89
v -0.139974 0.409105 0.89
v 0.159706 0.515521 0.89
v 0.159706 0.475277 0.89
v -0.140294 0.581375 0.89
v -0.140294 0.625277 0.89
v 0.159706 0.735033 0.89
v 0.159706 0.691131 0.89
v -0.073297 0.609214 0.89
v -0.10005 0.603155 0.89
v -0.086517 0.6055 0.89
v -0.10005 0.60224 0.89
v -0.072897 0.595609 0.89
v -0.086272 0.599754 0.89
v 0.173787 0.528905 0.01
v -0.126213 0.645978 0.01
newmtl 3
Ka 1.0 1.0 1.0
Kd 1.0 1.0 1.0
Ks 0.8784313725490196 0.8784313725490196 0.8784313725490196
d 0.0
endmtl
v -0.126213 0.602076 0.01
v -0.042066 0.571721 0.01
v -0.042066 0.447789 0.01
v -0.126213 0.419149 0.01
v -0.126213 0.375247 0.01
v 0.173787 0.488661 0.01
v -0.00914 0.457907 0.01
v 0.116165 0.502667 0.01
v 0.12657 0.505554 0.01
v 0.137202 0.507468 0.01
v 0.137202 0.50844 0.01
v 0.126602 0.510398 0.01
v -0.00914 0.558231 0.01
v 0.116165 0.513071 0.01
v -0.00914 0.457907 0.0
v -0.00914 0.558231 0.0
v 0.116165 0.502667 0.0
v 0.12657 0.505554 0.0
v 0.137202 0.507468 0.0
v 0.137202 0.50844 0.0
v 0.126602 0.510398 0.0
v 0.116165 0.513071 0.0
v -0.126213 0.193406 0.01
v -0.126213 0.111832 0.01
v 0.173787 0.111832 0.01
v 0.173787 0.196493 0.01
v 0.02756 0.353295 0.01
v 0.064366 0.349451 0.01
v 0.093777 0.339363 0.01
v 0.118694 0.323426 0.01
v 0.139737 0.301904 0.01
v 0.158336 0.271805 0.01
v 0.170064 0.235658 0.01
v -0.122454 0.233251 0.01
v -0.111513 0.267748 0.01
v -0.092989 0.298326 0.01
v -0.068948 0.322617 0.01
v -0.041857 0.339321 0.01
v -0.009808 0.349682 0.01
v 0.026703 0.313052 0.01
v 0.056557 0.310505 0.01
v 0.080509 0.30339 0.01
v 0.098854 0.293031 0.01
v 0.114313 0.278446 0.01
v 0.128457 0.256517 0.01
v 0.137107 0.231739 0.01
v 0.14086 0.196321 0.01
v 0.14086 0.152076 0.01
v -0.093286 0.152076 0.01
v -0.093286 0.194664 0.01
v -0.09035 0.226264 0.01
v -0.082347 0.251811 0.01
v -0.07036 0.27196 0.01
v -0.053791 0.288719 0.01
v -0.032991 0.301508 0.01
v -0.009394 0.309347 0.01
v 0.14086 0.196321 0.0
v 0.14086 0.152076 0.0
v 0.137107 0.231739 0.0
v 0.128457 0.256517 0.0
v 0.114313 0.278446 0.0
v 0.098854 0.293031 0.0
v 0.080509 0.30339 0.0
v 0.056557 0.310505 0.0
v 0.026703 0.313052 0.0
v -0.009394 0.309347 0.0
v -0.032991 0.301508 0.0
v -0.053791 0.288719 0.0
v -0.07036 0.27196 0.0
v -0.082347 0.251811 0.0
v -0.09035 0.226264 0.0
v -0.093286 0.194664 0.0
v -0.093286 0.152076 0.0
v -0.093286 0.053295 0.01
v -0.126213 0.053295 0.01
v -0.126213 -0.10768 0.01
v 0.173787 -0.10768 0.01
v 0.173787 0.045978 0.01
v 0.14086 0.045978 0.01
v 0.14086 -0.067436 0.01
v 0.04208 -0.067436 0.01
v 0.04208 0.038661 0.01
v 0.009153 0.038661 0.01
v 0.009153 -0.067436 0.01
v -0.093286 -0.067436 0.01
v -0.077737 -0.166217 0.01
v -0.110664 -0.166217 0.01
v -0.123794 -0.198195 0.01
v -0.129871 -0.248763 0.01
v -0.129731 -0.24056 0.01
v -0.126292 -0.284551 0.01
v -0.116285 -0.314326 0.01
v -0.100711 -0.338832 0.01
v -0.076944 -0.361441 0.01
v -0.048387 -0.377451 0.01
v -0.016632 -0.386484 0.01
v 0.018128 -0.389388 0.01
v 0.177446 -0.236815 0.01
v 0.174104 -0.271643 0.01
v 0.163414 -0.304517 0.01
v 0.146155 -0.332436 0.01
v 0.120235 -0.358046 0.01
v 0.091682 -0.374999 0.01
v 0.056514 -0.385941 0.01
v 0.165556 -0.166217 0.01
v 0.174968 -0.200902 0.01
v 0.125312 -0.166217 0.01
v 0.144519 -0.236472 0.01
v 0.139782 -0.200009 0.01
v 0.020586 -0.349144 0.01
v 0.043102 -0.347815 0.01
v 0.075583 -0.339879 0.01
v 0.098787 -0.327636 0.01
v 0.118886 -0.309603 0.01
v 0.133135 -0.288347 0.01
v 0.141209 -0.26601 0.01
v -0.096944 -0.243218 0.01
v -0.093746 -0.271452 0.01
v -0.085524 -0.29352 0.01
v -0.072912 -0.311907 0.01
v -0.058635 -0.325397 0.01
v -0.037827 -0.337897 0.01
v -0.011867 -0.346111 0.01
v -0.080715 -0.171593 0.01
v -0.092525 -0.203395 0.01
v -0.093286 -0.414997 0.01
v -0.126213 -0.414997 0.01
v -0.126213 -0.568656 0.01
v 0.173787 -0.568656 0.01
v 0.173787 -0.528412 0.01
v -0.093286 -0.528412 0.01
v -1.648881 -0.635 -0.143173
v -1.648881 -0.865 -0.143173
v -1.733049 -0.635 -0.149059
newmtl 4
Ka 0.7686274509803922 0.7686274509803922 0.7686274509803922
Kd 0.7686274509803922 0.7686274509803922 0.7686274509803922
Ks 0.615686274509804 0.615686274509804 0.615686274509804
d 0.0
endmtl
v -1.733049 -0.865 -0.149059
v -1.649578 -0.875 -0.133198
v -1.662135 -0.875 0.046364
v -1.733746 -0.875 -0.139083
v -1.746302 -0.875 0.040478
v -1.747 -0.635 0.050454
v -1.747 -0.865 0.050454
v -1.662832 -0.635 0.05634
v -1.662832 -0.865 0.05634
v -1.733746 -0.625 -0.139083
v -1.746302 -0.625 0.040478
v -1.649578 -0.625 -0.133198
v -1.662135 -0.625 0.046364
v -1.62248 -0.865 -0.140147
v -1.62248 -0.635 -0.140147
v -1.614672 -0.865 -0.138542
v -1.614672 -0.635 -0.138542
v -1.59645 -0.865 -0.134797
v -1.59645 -0.635 -0.134797
v -1.581177 -0.865 -0.130217
v -1.581177 -0.635 -0.130217
v -1.570996 -0.865 -0.127164
v -1.570996 -0.635 -0.127164
v -1.548784 -0.865 -0.118294
v -1.548784 -0.635 -0.118294
v -1.546317 -0.865 -0.117308
v -1.546317 -0.635 -0.117308
v -1.522607 -0.865 -0.105308
v -1.522607 -0.635 -0.105308
v -1.518097 -0.865 -0.102498
v -1.518097 -0.635 -0.102498
v -1.500052 -0.865 -0.091256
v -1.500052 -0.635 -0.091256
v -1.489441 -0.865 -0.08326
v -1.489441 -0.635 -0.08326
v -1.478829 -0.865 -0.075263
v -1.478829 -0.635 -0.075263
v -1.463048 -0.865 -0.061016
v -1.463048 -0.635 -0.061016
v -1.459105 -0.865 -0.057455
v -1.459105 -0.635 -0.057455
v -1.441033 -0.865 -0.037972
v -1.441033 -0.635 -0.037972
v -1.439407 -0.865 -0.035872
v -1.439407 -0.635 -0.035872
v -1.424757 -0.865 -0.016965
v -1.424757 -0.635 -0.016965
v -1.419016 -0.865 -0.00802
v -1.419016 -0.635 -0.00802
v -1.410404 -0.865 0.005399
v -1.410404 -0.635 0.005399
v -1.401781 -0.865 0.021883
v -1.401781 -0.635 0.021883
v -1.398086 -0.865 0.028946
v -1.398086 -0.635 0.028946
v -1.3879 -0.865 0.05349
v -1.3879 -0.635 0.05349
v -1.397297 -0.875 0.05691
v -1.566442 -0.875 0.118474
v -1.407143 -0.875 0.033184
v -1.57291 -0.875 0.104031
v -1.591687 -0.875 0.078654
v -1.448659 -0.875 -0.031503
v -1.581384 -0.875 0.090665
v -1.432926 -0.875 -0.011197
v -1.419051 -0.875 0.010422
v -1.631285 -0.875 0.053062
v -1.646468 -0.875 0.048601
v -1.598895 -0.875 -0.1251
v -1.603608 -0.875 0.068246
v -1.485195 -0.875 -0.067551
v -1.466128 -0.875 -0.050337
v -1.624057 -0.875 -0.130272
v -1.57429 -0.875 -0.117722
v -1.550433 -0.875 -0.108195
v -1.616899 -0.875 0.059656
v -1.527514 -0.875 -0.096594
v -1.50571 -0.875 -0.083011
v -1.575839 -0.865 0.121894
v -1.575839 -0.635 0.121894
v -1.581719 -0.865 0.108764
v -1.581719 -0.635 0.108764
v -1.584286 -0.865 0.104715
v -1.584286 -0.635 0.104715
v -1.589422 -0.865 0.096614
v -1.589422 -0.635 0.096614
v -1.595668 -0.865 0.089333
v -1.595668 -0.635 0.089333
v -1.598789 -0.865 0.085694
v -1.598789 -0.635 0.085694
v -1.609626 -0.865 0.076232
v -1.609626 -0.635 0.076232
v -1.621709 -0.865 0.068423
v -1.621709 -0.635 0.068423
v -1.626067 -0.865 0.066426
v -1.626067 -0.635 0.066426
v -1.634787 -0.865 0.062429
v -1.634787 -0.635 0.062429
v -1.643991 -0.865 0.059724
v -1.643991 -0.635 0.059724
v -1.64859 -0.865 0.058373
v -1.64859 -0.635 0.058373
v -1.581384 -0.625 0.090665
v -1.57291 -0.625 0.104031
v -1.419051 -0.625 0.010422
v -1.407143 -0.625 0.033184
v -1.566442 -0.625 0.118474
v -1.397297 -0.625 0.05691
v -1.624057 -0.625 -0.130272
v -1.646468 -0.625 0.048601
v -1.591687 -0.625 0.078654
v -1.485195 -0.625 -0.067551
v -1.603608 -0.625 0.068246
v -1.50571 -0.625 -0.083011
v -1.616899 -0.625 0.059656
v -1.527514 -0.625 -0.096594
v -1.550433 -0.625 -0.108195
v -1.631285 -0.625 0.053062
v -1.57429 -0.625 -0.117722
v -1.598895 -0.625 -0.1251
v -1.432926 -0.625 -0.011197
v -1.448659 -0.625 -0.031503
v -1.466128 -0.625 -0.050337
v -1.303928 -0.635 0.284202
v -1.303928 -0.865 0.284202
v -1.313325 -0.875 0.287622
v -1.482469 -0.875 0.349186
v -1.491866 -0.635 0.352606
v -1.491866 -0.865 0.352606
v -1.313325 -0.625 0.287622
v -1.482469 -0.625 0.349186
v -1.209958 -0.635 0.35
v -1.209958 -0.865 0.35
v -1.223492 -0.635 0.34908
v -1.223492 -0.865 0.34908
v -1.230134 -0.635 0.347709
v -1.230134 -0.865 0.347709
v -1.236776 -0.635 0.346337
v -1.236776 -0.865 0.346337
v -1.249566 -0.635 0.341822
v -1.249566 -0.865 0.341822
v -1.261629 -0.635 0.335617
v -1.261629 -0.865 0.335617
v -1.267184 -0.635 0.331727
v -1.267184 -0.865 0.331727
v -1.27274 -0.635 0.327836
v -1.27274 -0.865 0.327836
v -1.282696 -0.635 0.318624
v -1.282696 -0.865 0.318624
v -1.291314 -0.635 0.308149
v -1.291314 -0.865 0.308149
v -1.294874 -0.635 0.302377
v -1.294874 -0.865 0.302377
v -1.298435 -0.635 0.296604
v -1.298435 -0.865 0.296604
v -1.472788 -0.875 0.372559
v -1.307282 -0.875 0.301265
v -1.28997 -0.875 0.325487
v -1.279018 -0.875 0.33562
v -1.396367 -0.875 0.472153
v -1.376296 -0.875 0.487554
v -1.266795 -0.875 0.344178
v -1.354959 -0.875 0.501147
v -1.41502 -0.875 0.455061
v -1.432111 -0.875 0.436408
v -1.299449 -0.875 0.313964
v -1.447513 -0.875 0.416337
v -1.461106 -0.875 0.395
v -1.332518 -0.875 0.512829
v -1.253527 -0.875 0.351004
v -1.309144 -0.875 0.522511
v -1.239457 -0.875 0.355971
v -1.285016 -0.875 0.530118
v -1.260316 -0.875 0.535594
v -1.224845 -0.875 0.358988
v -1.235234 -0.875 0.538897
v -1.209958 -0.875 0.36
v -1.209958 -0.875 0.54
v -1.481851 -0.635 0.376785
v -1.481851 -0.865 0.376785
v -1.477017 -0.635 0.386071
v -1.477017 -0.865 0.386071
v -1.469766 -0.635 0.4
v -1.469766 -0.865 0.4
v -1.458516 -0.635 0.41766
v -1.458516 -0.865 0.41766
v -1.455704 -0.635 0.422073
v -1.455704 -0.865 0.422073
v -1.439772 -0.635 0.442836
v -1.439772 -0.865 0.442836
v -1.436237 -0.635 0.446694
v -1.436237 -0.865 0.446694
v -1.422091 -0.635 0.462132
v -1.422091 -0.865 0.462132
v -1.410512 -0.635 0.472741
v -1.410512 -0.865 0.472741
v -1.402795 -0.635 0.479813
v -1.402795 -0.865 0.479813
v -1.382031 -0.635 0.495746
v -1.382031 -0.865 0.495746
v -1.359958 -0.635 0.509808
v -1.359958 -0.865 0.509808
v -1.350673 -0.635 0.514641
v -1.350673 -0.865 0.514641
v -1.336744 -0.635 0.521892
v -1.336744 -0.865 0.521892
v -1.317399 -0.635 0.529905
v -1.317399 -0.865 0.529905
v -1.312565 -0.635 0.531908
v -1.312565 -0.865 0.531908
v -1.287604 -0.635 0.539778
v -1.287604 -0.865 0.539778
v -1.282496 -0.635 0.54091
v -1.282496 -0.865 0.54091
v -1.262053 -0.635 0.545442
v -1.262053 -0.865 0.545442
v -1.246484 -0.635 0.547492
v -1.246484 -0.865 0.547492
v -1.236105 -0.635 0.548858
v -1.236105 -0.865 0.548858
v -1.209958 -0.635 0.55
v -1.209958 -0.865 0.55
v -1.472788 -0.625 0.372559
v -1.299449 -0.625 0.313964
v -1.432111 -0.625 0.436408
v -1.28997 -0.625 0.325487
v -1.41502 -0.625 0.455061
v -1.279018 -0.625 0.33562
v -1.307282 -0.625 0.301265
v -1.461106 -0.625 0.395
v -1.447513 -0.625 0.416337
v -1.209958 -0.625 0.54
v -1.209958 -0.625 0.36
v -1.235234 -0.625 0.538897
v -1.224845 -0.625 0.358988
v -1.396367 -0.625 0.472153
v -1.376296 -0.625 0.487554
v -1.266795 -0.625 0.344178
v -1.354959 -0.625 0.501147
v -1.253527 -0.625 0.351004
v -1.332518 -0.625 0.512829
v -1.309144 -0.625 0.522511
v -1.239457 -0.625 0.355971
v -1.285016 -0.625 0.530118
v -1.260316 -0.625 0.535594
v -1.15 -0.625 0.36
v -1.15 -0.625 0.54
v -1.15 -0.635 0.35
v -1.15 -0.865 0.35
v -1.15 -0.875 0.36
v -1.15 -0.875 0.54
v -1.15 -0.635 0.55
v -1.15 -0.865 0.55
v -1.756278 -0.635 0.039781
v -1.743722 -0.635 -0.139781
v -1.756278 -0.865 0.039781
v -1.743722 -0.865 -0.139781
v -1.15 -0.874659 0.357412
v -1.15 -0.627929 0.352929
v -1.15 -0.62634 0.355
v -1.15 -0.625341 0.357412
v -1.15 -0.625341 0.542588
v -1.15 -0.87366 0.355
v -1.15 -0.872071 0.352929
v -1.15 -0.867588 0.350341
v -1.15 -0.87 0.35134
v -1.15 -0.867588 0.549659
v -1.15 -0.63 0.35134
v -1.15 -0.62634 0.545
v -1.15 -0.627929 0.547071
v -1.15 -0.632412 0.350341
v -1.15 -0.63 0.54866
v -1.15 -0.632412 0.549659
v -1.15 -0.87 0.54866
v -1.15 -0.872071 0.547071
v -1.15 -0.87366 0.545
v -1.15 -0.874659 0.542588
v -1.209958 -0.874659 0.542588
v -1.209958 -0.87366 0.545
v -1.209958 -0.872071 0.547071
v -1.209958 -0.87 0.54866
v -1.209958 -0.867588 0.549659
v -1.261994 -0.867588 0.545107
v -1.3366 -0.867588 0.521584
v -1.359788 -0.867588 0.509513
v -1.42185 -0.867588 0.461891
v -1.469471 -0.867588 0.39983
v -1.481542 -0.867588 0.376641
v -1.434094 -0.874659 0.438072
v -1.41685 -0.874659 0.456891
v -1.435942 -0.87366 0.439622
v -1.418555 -0.87366 0.458596
v -1.437528 -0.872071 0.440954
v -1.420019 -0.872071 0.460061
v -1.438745 -0.87 0.441975
v -1.421143 -0.87 0.461185
v -1.439511 -0.867588 0.442617
v -1.285686 -0.874659 0.532618
v -1.260766 -0.874659 0.538143
v -1.28631 -0.87366 0.534948
v -1.261185 -0.87366 0.540518
v -1.286846 -0.872071 0.536949
v -1.261544 -0.872071 0.542558
v -1.287257 -0.87 0.538484
v -1.26182 -0.87 0.544123
v -1.287516 -0.867588 0.539449
v -1.484901 -0.874659 0.350071
v -1.475133 -0.874659 0.373653
v -1.487168 -0.87366 0.350896
v -1.477319 -0.87366 0.374672
v -1.489114 -0.872071 0.351604
v -1.479196 -0.872071 0.375548
v -1.490607 -0.87 0.352148
v -1.480637 -0.87 0.376219
v -1.491546 -0.867588 0.35249
v -1.463347 -0.874659 0.396294
v -1.465436 -0.87366 0.3975
v -1.46723 -0.872071 0.398536
v -1.468606 -0.87 0.39933
v -1.455425 -0.867588 0.421877
v -1.454607 -0.87 0.421304
v -1.453305 -0.872071 0.420393
v -1.451608 -0.87366 0.419205
v -1.449633 -0.874659 0.417822
v -1.402576 -0.867588 0.479552
v -1.401934 -0.87 0.478787
v -1.400912 -0.872071 0.47757
v -1.399581 -0.87366 0.475983
v -1.398031 -0.874659 0.474136
v -1.37778 -0.874659 0.489674
v -1.379164 -0.87366 0.49165
v -1.380352 -0.872071 0.493346
v -1.381263 -0.87 0.494648
v -1.381836 -0.867588 0.495467
v -1.356253 -0.874659 0.503389
v -1.357459 -0.87366 0.505477
v -1.358494 -0.872071 0.507271
v -1.359289 -0.87 0.508647
v -1.333612 -0.874659 0.515175
v -1.334631 -0.87366 0.517361
v -1.335506 -0.872071 0.519238
v -1.336178 -0.87 0.520678
v -1.312448 -0.867588 0.531588
v -1.312106 -0.87 0.530649
v -1.311563 -0.872071 0.529155
v -1.310854 -0.87366 0.527209
v -1.31003 -0.874659 0.524943
v -1.236076 -0.867588 0.548519
v -1.235988 -0.87 0.547524
v -1.23585 -0.872071 0.545941
v -1.235669 -0.87366 0.543877
v -1.235459 -0.874659 0.541475
v -1.209958 -0.632412 0.549659
v -1.209958 -0.63 0.54866
v -1.209958 -0.627929 0.547071
v -1.209958 -0.62634 0.545
v -1.209958 -0.625341 0.542588
v -1.575518 -0.867588 0.121777
v -1.57458 -0.87 0.121436
v -1.573086 -0.872071 0.120892
v -1.57114 -0.87366 0.120184
v -1.568874 -0.874659 0.119359
v -1.209958 -0.867588 0.350341
v -1.209958 -0.87 0.35134
v -1.209958 -0.872071 0.352929
v -1.209958 -0.87366 0.355
v -1.209958 -0.874659 0.357412
v -1.469471 -0.632412 0.39983
v -1.42185 -0.632412 0.461891
v -1.402576 -0.632412 0.479552
v -1.3366 -0.632412 0.521584
v -1.261994 -0.632412 0.545107
v -1.236076 -0.632412 0.548519
v -1.31003 -0.625341 0.524943
v -1.333612 -0.625341 0.515175
v -1.310854 -0.62634 0.527209
v -1.334631 -0.62634 0.517361
v -1.311563 -0.627929 0.529155
v -1.335506 -0.627929 0.519238
v -1.312106 -0.63 0.530649
v -1.336178 -0.63 0.520678
v -1.312448 -0.632412 0.531588
v -1.449633 -0.625341 0.417822
v -1.463347 -0.625341 0.396294
v -1.451608 -0.62634 0.419205
v -1.465436 -0.62634 0.3975
v -1.453305 -0.627929 0.420393
v -1.46723 -0.627929 0.398536
v -1.454607 -0.63 0.421304
v -1.468606 -0.63 0.39933
v -1.455425 -0.632412 0.421877
v -1.235459 -0.625341 0.541475
v -1.235669 -0.62634 0.543877
v -1.23585 -0.627929 0.545941
v -1.235988 -0.63 0.547524
v -1.260766 -0.625341 0.538143
v -1.261185 -0.62634 0.540518
v -1.261544 -0.627929 0.542558
v -1.26182 -0.63 0.544123
v -1.287516 -0.632412 0.539449
v -1.287257 -0.63 0.538484
v -1.286846 -0.627929 0.536949
v -1.28631 -0.62634 0.534948
v -1.285686 -0.625341 0.532618
v -1.359788 -0.632412 0.509513
v -1.359289 -0.63 0.508647
v -1.358494 -0.627929 0.507271
v -1.357459 -0.62634 0.505477
v -1.356253 -0.625341 0.503389
v -1.37778 -0.625341 0.489674
v -1.379164 -0.62634 0.49165
v -1.380352 -0.627929 0.493346
v -1.381263 -0.63 0.494648
v -1.381836 -0.632412 0.495467
v -1.398031 -0.625341 0.474136
v -1.399581 -0.62634 0.475983
v -1.400912 -0.627929 0.47757
v -1.401934 -0.63 0.478787
v -1.41685 -0.625341 0.456891
v -1.418555 -0.62634 0.458596
v -1.420019 -0.627929 0.460061
v -1.421143 -0.63 0.461185
v -1.439511 -0.632412 0.442617
v -1.438745 -0.63 0.441975
v -1.437528 -0.627929 0.440954
v -1.435942 -0.62634 0.439622
v -1.434094 -0.625341 0.438072
v -1.481542 -0.632412 0.376641
v -1.480637 -0.63 0.376219
v -1.479196 -0.627929 0.375548
v -1.477319 -0.62634 0.374672
v -1.475133 -0.625341 0.373653
v -1.484901 -0.625341 0.350071
v -1.487168 -0.62634 0.350896
v -1.489114 -0.627929 0.351604
v -1.490607 -0.63 0.352148
v -1.491546 -0.632412 0.35249
v -1.57519 -0.874659 0.105256
v -1.577314 -0.87366 0.106397
v -1.579139 -0.872071 0.107378
v -1.580539 -0.87 0.10813
v -1.581419 -0.867588 0.108603
v -1.598547 -0.867588 0.085455
v -1.589148 -0.867588 0.096411
v -1.609421 -0.867588 0.07596
v -1.621545 -0.867588 0.068125
v -1.634668 -0.867588 0.06211
v -1.648518 -0.867588 0.05804
v -1.662808 -0.867588 0.056
v -1.588345 -0.87 0.095817
v -1.597838 -0.87 0.084751
v -1.60882 -0.87 0.075162
v -1.621065 -0.87 0.067249
v -1.634318 -0.87 0.061174
v -1.648306 -0.87 0.057064
v -1.662739 -0.87 0.055003
v -1.587068 -0.872071 0.094871
v -1.596709 -0.872071 0.083632
v -1.607864 -0.872071 0.073893
v -1.6203 -0.872071 0.065855
v -1.633761 -0.872071 0.059685
v -1.647969 -0.872071 0.055511
v -1.662628 -0.872071 0.053418
v -1.585403 -0.87366 0.09364
v -1.595238 -0.87366 0.082174
v -1.606617 -0.87366 0.072239
v -1.619304 -0.87366 0.06404
v -1.633036 -0.87366 0.057745
v -1.647529 -0.87366 0.053487
v -1.662483 -0.87366 0.051352
v -1.583464 -0.874659 0.092205
v -1.593526 -0.874659 0.080476
v -1.605166 -0.874659 0.070313
v -1.618144 -0.874659 0.061925
v -1.632191 -0.874659 0.055486
v -1.647018 -0.874659 0.05113
v -1.662315 -0.874659 0.048946
v -1.310892 -0.874659 0.286737
v -1.304992 -0.874659 0.300059
v -1.308626 -0.87366 0.285912
v -1.302858 -0.87366 0.298935
v -1.30668 -0.872071 0.285204
v -1.301026 -0.872071 0.297969
v -1.305187 -0.87 0.28466
v -1.29962 -0.87 0.297229
v -1.304248 -0.867588 0.284319
v -1.298736 -0.867588 0.296763
v -1.291591 -0.867588 0.308347
v -1.282944 -0.867588 0.318858
v -1.261804 -0.867588 0.335908
v -1.272954 -0.867588 0.328102
v -1.249701 -0.867588 0.342134
v -1.236867 -0.867588 0.346665
v -1.223538 -0.867588 0.349418
v -1.292404 -0.87 0.308928
v -1.28367 -0.87 0.319544
v -1.273581 -0.87 0.328879
v -1.262321 -0.87 0.336764
v -1.250097 -0.87 0.343052
v -1.237135 -0.87 0.347628
v -1.223673 -0.87 0.350407
v -1.293697 -0.872071 0.309852
v -1.284826 -0.872071 0.320634
v -1.274578 -0.872071 0.330116
v -1.263142 -0.872071 0.338124
v -1.250726 -0.872071 0.344511
v -1.237561 -0.872071 0.349159
v -1.223888 -0.872071 0.351982
v -1.295381 -0.87366 0.311057
v -1.286333 -0.87366 0.322055
v -1.275879 -0.87366 0.331728
v -1.264212 -0.87366 0.339898
v -1.251547 -0.87366 0.346413
v -1.238117 -0.87366 0.351154
v -1.224168 -0.87366 0.354034
v -1.297344 -0.874659 0.312459
v -1.288087 -0.874659 0.32371
v -1.277393 -0.874659 0.333606
v -1.265458 -0.874659 0.341962
v -1.252502 -0.874659 0.348627
v -1.238763 -0.874659 0.353477
v -1.224495 -0.874659 0.356424
v -1.568874 -0.625341 0.119359
v -1.57114 -0.62634 0.120184
v -1.573086 -0.627929 0.120892
v -1.57458 -0.63 0.121436
v -1.575518 -0.632412 0.121777
v -1.746998 -0.86523 0.050424
v -1.746985 -0.866611 0.050242
v -1.74699 -0.866072 0.050313
v -1.746995 -0.865597 0.050376
v -1.74698 -0.867162 0.05017
v -1.746976 -0.867588 0.050114
v -1.746972 -0.867742 0.05005
v -1.746957 -0.868268 0.049833
v -1.74691 -0.869875 0.049169
v -1.746907 -0.87 0.049117
v -1.746815 -0.871704 0.047813
v -1.746796 -0.872071 0.047532
v -1.746695 -0.873174 0.046098
v -1.746651 -0.87366 0.045466
v -1.746556 -0.874224 0.044109
v -1.746405 -0.874807 0.041941
v -1.746483 -0.874659 0.04306
v -1.394865 -0.874659 0.056025
v -1.392599 -0.87366 0.0552
v -1.390652 -0.872071 0.054492
v -1.389159 -0.87 0.053948
v -1.38822 -0.867588 0.053606
v -1.662315 -0.625341 0.048946
v -1.647018 -0.625341 0.05113
v -1.662483 -0.62634 0.051352
v -1.647529 -0.62634 0.053487
v -1.662628 -0.627929 0.053418
v -1.647969 -0.627929 0.055511
v -1.662739 -0.63 0.055003
v -1.648306 -0.63 0.057064
v -1.662808 -0.632412 0.056
v -1.648518 -0.632412 0.05804
v -1.621545 -0.632412 0.068125
v -1.634668 -0.632412 0.06211
v -1.609421 -0.632412 0.07596
v -1.598547 -0.632412 0.085455
v -1.589148 -0.632412 0.096411
v -1.581419 -0.632412 0.108603
v -1.634318 -0.63 0.061174
v -1.621065 -0.63 0.067249
v -1.60882 -0.63 0.075162
v -1.597838 -0.63 0.084751
v -1.588345 -0.63 0.095817
v -1.580539 -0.63 0.10813
v -1.633761 -0.627929 0.059685
v -1.6203 -0.627929 0.065855
v -1.607864 -0.627929 0.073893
v -1.596709 -0.627929 0.083632
v -1.587068 -0.627929 0.094871
v -1.579139 -0.627929 0.107378
v -1.633036 -0.62634 0.057745
v -1.619304 -0.62634 0.06404
v -1.606617 -0.62634 0.072239
v -1.595238 -0.62634 0.082174
v -1.585403 -0.62634 0.09364
v -1.577314 -0.62634 0.106397
v -1.632191 -0.625341 0.055486
v -1.618144 -0.625341 0.061925
v -1.605166 -0.625341 0.070313
v -1.593526 -0.625341 0.080476
v -1.583464 -0.625341 0.092205
v -1.57519 -0.625341 0.105256
v -1.7483 -0.874088 0.044141
v -1.748071 -0.87305 0.046142
v -1.747515 -0.867563 0.050068
v -1.748058 -0.867226 0.050068
v -1.748512 -0.866777 0.050068
v -1.748854 -0.866237 0.050068
v -1.749066 -0.865635 0.050068
v -1.747752 -0.871598 0.047852
v -1.748425 -0.87466 0.041951
v -1.748442 -0.874718 0.040329
v -1.748884 -0.874659 0.040298
v -1.750534 -0.87394 0.041951
v -1.750551 -0.873967 0.040181
v -1.75129 -0.87366 0.04013
v -1.752428 -0.872766 0.041951
v -1.752438 -0.872777 0.040049
v -1.753356 -0.872071 0.039985
v -1.75401 -0.871198 0.041951
v -1.754018 -0.871207 0.039939
v -1.754942 -0.87 0.039874
v -1.755202 -0.869315 0.041951
v -1.755219 -0.869328 0.039855
v -1.755938 -0.867588 0.039805
v -1.755942 -0.867214 0.041951
v -1.755985 -0.867228 0.039801
v -1.756193 -0.865 0.041951
v -1.747359 -0.869807 0.049183
v -1.748408 -0.869449 0.049183
v -1.74935 -0.868864 0.049183
v -1.750138 -0.868084 0.049183
v -1.750731 -0.867147 0.049183
v -1.751099 -0.866102 0.049183
v -1.749138 -0.865 0.050068
v -1.7492 -0.865 0.050042
v -1.751224 -0.865 0.049183
v -1.751256 -0.865 0.04916
v -1.752886 -0.866512 0.047852
v -1.752381 -0.867947 0.047852
v -1.751567 -0.869233 0.047852
v -1.750486 -0.870304 0.047852
v -1.749192 -0.871106 0.047852
v -1.753058 -0.865 0.047852
v -1.753066 -0.865 0.047842
v -1.754535 -0.865 0.046152
v -1.754335 -0.866845 0.046142
v -1.753718 -0.868596 0.046142
v -1.752725 -0.870165 0.046142
v -1.751406 -0.871471 0.046142
v -1.749828 -0.87245 0.046142
v -1.750283 -0.873411 0.044141
v -1.752065 -0.872306 0.044141
v -1.753554 -0.870831 0.044141
v -1.754675 -0.86906 0.044141
v -1.755372 -0.867083 0.044141
v -1.754544 -0.865 0.046142
v -1.755589 -0.865 0.044176
v -1.755608 -0.865 0.044141
v -1.756176 -0.865 0.042016
v -1.596533 -0.867588 -0.134466
v -1.571108 -0.867588 -0.126842
v -1.500245 -0.867588 -0.090975
v -1.479046 -0.867588 -0.075
v -1.425036 -0.867588 -0.016769
v -1.410699 -0.867588 0.00557
v -1.404799 -0.874659 0.032087
v -1.416813 -0.874659 0.009122
v -1.402615 -0.87366 0.031065
v -1.414727 -0.87366 0.007911
v -1.400739 -0.872071 0.030187
v -1.412937 -0.872071 0.00687
v -1.3993 -0.87 0.029513
v -1.411562 -0.87 0.006072
v -1.398395 -0.867588 0.02909
v -1.46431 -0.874659 -0.052179
v -1.483547 -0.874659 -0.069547
v -1.462616 -0.87366 -0.053896
v -1.482012 -0.87366 -0.071407
v -1.461162 -0.872071 -0.05537
v -1.480694 -0.872071 -0.073004
v -1.460046 -0.87 -0.056502
v -1.479682 -0.87 -0.07423
v -1.459344 -0.867588 -0.057213
v -1.549368 -0.874659 -0.110554
v -1.573437 -0.874659 -0.120166
v -1.548375 -0.87366 -0.112752
v -1.572643 -0.87366 -0.122443
v -1.547523 -0.872071 -0.114639
v -1.571961 -0.872071 -0.124398
v -1.546868 -0.87 -0.116087
v -1.571437 -0.87 -0.125899
v -1.546457 -0.867588 -0.116998
v -1.425852 -0.87 -0.016192
v -1.42715 -0.872071 -0.015276
v -1.428841 -0.87366 -0.014081
v -1.430812 -0.874659 -0.01269
v -1.441293 -0.867588 -0.037751
v -1.442055 -0.87 -0.037105
v -1.443267 -0.872071 -0.036077
v -1.444846 -0.87366 -0.034737
v -1.446686 -0.874659 -0.033177
v -1.504246 -0.874659 -0.085145
v -1.502881 -0.87366 -0.087133
v -1.501709 -0.872071 -0.088841
v -1.50081 -0.87 -0.090151
v -1.522774 -0.867588 -0.105011
v -1.523264 -0.87 -0.10414
v -1.524044 -0.872071 -0.102756
v -1.52506 -0.87366 -0.100951
v -1.526244 -0.874659 -0.098849
v -1.598262 -0.874659 -0.12761
v -1.597673 -0.87366 -0.129949
v -1.597166 -0.872071 -0.131957
v -1.596778 -0.87 -0.133498
v -1.622534 -0.867588 -0.139811
v -1.622691 -0.87 -0.138824
v -1.622942 -0.872071 -0.137255
v -1.623269 -0.87366 -0.13521
v -1.623649 -0.874659 -0.132828
v -1.649398 -0.874659 -0.13578
v -1.64923 -0.87366 -0.138185
v -1.649085 -0.872071 -0.140251
v -1.648974 -0.87 -0.141837
v -1.648905 -0.867588 -0.142833
v -1.746405 -0.625193 0.041941
v -1.746483 -0.625341 0.04306
v -1.746556 -0.625776 0.044109
v -1.746651 -0.62634 0.045466
v -1.746695 -0.626826 0.046098
v -1.746796 -0.627929 0.047532
v -1.746815 -0.628296 0.047813
v -1.746982 -0.633035 0.050196
v -1.746988 -0.633675 0.05028
v -1.746907 -0.63 0.049117
v -1.746972 -0.632258 0.05005
v -1.746976 -0.632412 0.050114
v -1.746976 -0.632427 0.050116
v -1.746993 -0.634261 0.050357
v -1.746997 -0.63472 0.050417
v -1.749138 -0.635 0.050068
v -1.7492 -0.635 0.050042
v -1.751224 -0.635 0.049183
v -1.751256 -0.635 0.04916
v -1.753058 -0.635 0.047852
v -1.753066 -0.635 0.047842
v -1.754535 -0.635 0.046152
v -1.756193 -0.635 0.041951
v -1.756176 -0.635 0.042016
v -1.755608 -0.635 0.044141
v -1.755589 -0.635 0.044176
v -1.754544 -0.635 0.046142
v -1.736328 -0.874659 -0.139264
v -1.738734 -0.87366 -0.139432
v -1.738742 -0.873654 -0.139433
v -1.7408 -0.872071 -0.139576
v -1.742385 -0.87 -0.139687
v -1.742389 -0.86999 -0.139688
v -1.743382 -0.867588 -0.139757
v -1.733597 -0.874718 -0.141223
v -1.733566 -0.874659 -0.141665
v -1.733449 -0.873966 -0.143334
v -1.733397 -0.87366 -0.144071
v -1.733317 -0.872772 -0.145225
v -1.733253 -0.872071 -0.146137
v -1.733206 -0.87119 -0.146812
v -1.733072 -0.867588 -0.148719
v -1.733121 -0.86928 -0.14802
v -1.733142 -0.87 -0.147722
v -1.733072 -0.867573 -0.148721
v -1.733067 -0.866965 -0.148801
v -1.733066 -0.866902 -0.148809
v -1.733061 -0.866325 -0.148885
v -1.733055 -0.865739 -0.148962
v -1.733051 -0.86528 -0.149022
v -1.75129 -0.62634 0.04013
v -1.751299 -0.626346 0.040129
v -1.751248 -0.626434 0.041951
v -1.754942 -0.63 0.039874
v -1.754946 -0.63001 0.039874
v -1.754868 -0.630055 0.041951
v -1.755856 -0.63244 0.041951
v -1.755938 -0.632412 0.039805
v -1.748884 -0.625341 0.040298
v -1.748862 -0.625446 0.041951
v -1.748711 -0.626012 0.044141
v -1.748435 -0.627039 0.046142
v -1.748051 -0.628475 0.047852
v -1.747576 -0.630246 0.049183
v -1.747036 -0.632261 0.050068
v -1.747014 -0.632344 0.050093
v -1.74772 -0.632545 0.050068
v -1.746997 -0.632406 0.050111
v -1.747003 -0.632385 0.050105
v -1.749041 -0.634266 0.050068
v -1.751056 -0.633726 0.049183
v -1.752827 -0.633252 0.047852
v -1.754263 -0.632867 0.046142
v -1.755291 -0.632592 0.044141
v -1.748758 -0.633582 0.050068
v -1.750565 -0.632539 0.049183
v -1.752153 -0.631622 0.047852
v -1.75344 -0.630879 0.046142
v -1.754361 -0.630347 0.044141
v -1.748307 -0.632995 0.050068
v -1.749783 -0.63152 0.049183
v -1.751079 -0.630223 0.047852
v -1.75213 -0.629172 0.046142
v -1.752882 -0.62842 0.044141
v -1.753296 -0.628006 0.041951
v -1.753356 -0.627929 0.039985
v -1.748763 -0.630738 0.049183
v -1.74968 -0.62915 0.047852
v -1.750423 -0.627862 0.046142
v -1.750955 -0.626941 0.044141
v -1.733167 -0.867162 -0.148829
v -1.733746 -0.867238 -0.148829
v -1.733746 -0.865 -0.149083
v -1.733746 -0.874767 -0.14123
v -1.73863 -0.873458 -0.14123
v -1.742205 -0.869883 -0.14123
v -1.74318 -0.867528 -0.14123
v -1.733746 -0.874039 -0.143361
v -1.733746 -0.872852 -0.145276
v -1.733746 -0.871266 -0.146876
v -1.733746 -0.869363 -0.148081
v -1.743431 -0.865 -0.141213
v -1.743201 -0.865 -0.142339
v -1.742477 -0.867339 -0.143361
v -1.74271 -0.865 -0.143324
v -1.742037 -0.865 -0.144675
v -1.741331 -0.867032 -0.145276
v -1.741546 -0.865 -0.14523
v -1.740307 -0.865 -0.14663
v -1.739799 -0.866622 -0.146876
v -1.736274 -0.874434 -0.14123
v -1.736086 -0.873731 -0.143361
v -1.738266 -0.872828 -0.143361
v -1.735778 -0.872584 -0.145276
v -1.737672 -0.8718 -0.145276
v -1.735368 -0.871053 -0.146876
v -1.736879 -0.870427 -0.146876
v -1.734875 -0.869214 -0.148081
v -1.735928 -0.868779 -0.148081
v -1.734326 -0.867162 -0.148829
v -1.734865 -0.866938 -0.148829
v -1.740653 -0.871906 -0.14123
v -1.740138 -0.871391 -0.143361
v -1.739298 -0.870552 -0.145276
v -1.738177 -0.869431 -0.146876
v -1.736831 -0.868085 -0.148081
v -1.735329 -0.866583 -0.148829
v -1.741574 -0.869519 -0.143361
v -1.740546 -0.868926 -0.145276
v -1.739173 -0.868133 -0.146876
v -1.737525 -0.867182 -0.148081
v -1.737961 -0.866129 -0.148081
v -1.735685 -0.866119 -0.148829
v -1.735908 -0.865579 -0.148829
v -1.739989 -0.865 -0.146841
v -1.73813 -0.865 -0.148071
v -1.735973 -0.865 -0.148793
v -1.735654 -0.865 -0.148899
v -1.736328 -0.625341 -0.139264
v -1.738734 -0.62634 -0.139432
v -1.738742 -0.626346 -0.139433
v -1.7408 -0.627929 -0.139576
v -1.742385 -0.63 -0.139687
v -1.742389 -0.63001 -0.139688
v -1.743382 -0.632412 -0.139757
v -1.733746 -0.635 -0.149083
v -1.735654 -0.635 -0.148899
v -1.735973 -0.635 -0.148793
v -1.73813 -0.635 -0.148071
v -1.739989 -0.635 -0.146841
v -1.740307 -0.635 -0.14663
v -1.741546 -0.635 -0.14523
v -1.742037 -0.635 -0.144675
v -1.74271 -0.635 -0.143324
v -1.743201 -0.635 -0.142339
v -1.743431 -0.635 -0.141213
v -1.734326 -0.632838 -0.148829
v -1.733746 -0.632762 -0.148829
v -1.734865 -0.633062 -0.148829
v -1.735329 -0.633417 -0.148829
v -1.737961 -0.633871 -0.148081
v -1.735908 -0.634421 -0.148829
v -1.741331 -0.632968 -0.145276
v -1.733566 -0.625341 -0.141665
v -1.733449 -0.626034 -0.143334
v -1.733746 -0.625961 -0.143361
v -1.733142 -0.63 -0.147722
v -1.733121 -0.63072 -0.14802
v -1.733746 -0.630637 -0.148081
v -1.733066 -0.633098 -0.148809
v -1.733061 -0.633675 -0.148885
v -1.733051 -0.63472 -0.149022
v -1.733055 -0.634261 -0.148962
v -1.733067 -0.633035 -0.148801
v -1.733167 -0.632838 -0.148829
v -1.733072 -0.632427 -0.148721
v -1.733072 -0.632412 -0.148719
v -1.733397 -0.62634 -0.144071
v -1.733317 -0.627228 -0.145225
v -1.733746 -0.627148 -0.145276
v -1.733253 -0.627929 -0.146137
v -1.736274 -0.625566 -0.14123
v -1.740653 -0.628094 -0.14123
v -1.742205 -0.630117 -0.14123
v -1.74318 -0.632472 -0.14123
v -1.742477 -0.632661 -0.143361
v -1.741574 -0.630481 -0.143361
v -1.739799 -0.633378 -0.146876
v -1.740546 -0.631074 -0.145276
v -1.740138 -0.628609 -0.143361
v -1.73863 -0.626542 -0.14123
v -1.735368 -0.628947 -0.146876
v -1.733746 -0.628734 -0.146876
v -1.733206 -0.62881 -0.146812
v -1.739173 -0.631867 -0.146876
v -1.739298 -0.629448 -0.145276
v -1.738266 -0.627172 -0.143361
v -1.737525 -0.632818 -0.148081
v -1.738177 -0.630569 -0.146876
v -1.737672 -0.6282 -0.145276
v -1.736086 -0.626269 -0.143361
v -1.733746 -0.625233 -0.14123
v -1.733597 -0.625282 -0.141223
v -1.735928 -0.631221 -0.148081
v -1.734875 -0.630786 -0.148081
v -1.735778 -0.627416 -0.145276
v -1.736879 -0.629573 -0.146876
v -1.736831 -0.631915 -0.148081
v -1.735685 -0.633881 -0.148829
v -1.648905 -0.632412 -0.142833
v -1.648974 -0.63 -0.141837
v -1.649085 -0.627929 -0.140251
v -1.64923 -0.62634 -0.138185
v -1.649398 -0.625341 -0.13578
v -1.410699 -0.632412 0.00557
v -1.425036 -0.632412 -0.016769
v -1.479046 -0.632412 -0.075
v -1.500245 -0.632412 -0.090975
v -1.571108 -0.632412 -0.126842
v -1.596533 -0.632412 -0.134466
v -1.623649 -0.625341 -0.132828
v -1.598262 -0.625341 -0.12761
v -1.623269 -0.62634 -0.13521
v -1.597673 -0.62634 -0.129949
v -1.622942 -0.627929 -0.137255
v -1.597166 -0.627929 -0.131957
v -1.622691 -0.63 -0.138824
v -1.596778 -0.63 -0.133498
v -1.622534 -0.632412 -0.139811
v -1.526244 -0.625341 -0.098849
v -1.504246 -0.625341 -0.085145
v -1.52506 -0.62634 -0.100951
v -1.502881 -0.62634 -0.087133
v -1.524044 -0.627929 -0.102756
v -1.501709 -0.627929 -0.088841
v -1.523264 -0.63 -0.10414
v -1.50081 -0.63 -0.090151
v -1.522774 -0.632412 -0.105011
v -1.446686 -0.625341 -0.033177
v -1.430812 -0.625341 -0.01269
v -1.444846 -0.62634 -0.034737
v -1.428841 -0.62634 -0.014081
v -1.443267 -0.627929 -0.036077
v -1.42715 -0.627929 -0.015276
v -1.442055 -0.63 -0.037105
v -1.425852 -0.63 -0.016192
v -1.441293 -0.632412 -0.037751
v -1.571437 -0.63 -0.125899
v -1.571961 -0.627929 -0.124398
v -1.572643 -0.62634 -0.122443
v -1.573437 -0.625341 -0.120166
v -1.546457 -0.632412 -0.116998
v -1.546868 -0.63 -0.116087
v -1.547523 -0.627929 -0.114639
v -1.548375 -0.62634 -0.112752
v -1.549368 -0.625341 -0.110554
v -1.479682 -0.63 -0.07423
v -1.480694 -0.627929 -0.073004
v -1.482012 -0.62634 -0.071407
v -1.483547 -0.625341 -0.069547
v -1.459344 -0.632412 -0.057213
v -1.460046 -0.63 -0.056502
v -1.461162 -0.627929 -0.05537
v -1.462616 -0.62634 -0.053896
v -1.46431 -0.625341 -0.052179
v -1.416813 -0.625341 0.009122
v -1.414727 -0.62634 0.007911
v -1.412937 -0.627929 0.00687
v -1.411562 -0.63 0.006072
v -1.398395 -0.632412 0.02909
v -1.3993 -0.63 0.029513
v -1.400739 -0.627929 0.030187
v -1.402615 -0.62634 0.031065
v -1.404799 -0.625341 0.032087
v -1.394865 -0.625341 0.056025
v -1.392599 -0.62634 0.0552
v -1.390652 -0.627929 0.054492
v -1.389159 -0.63 0.053948
v -1.38822 -0.632412 0.053606
v -1.304248 -0.632412 0.284319
v -1.305187 -0.63 0.28466
v -1.30668 -0.627929 0.285204
v -1.308626 -0.62634 0.285912
v -1.310892 -0.625341 0.286737
v -1.209958 -0.625341 0.357412
v -1.224495 -0.625341 0.356424
v -1.209958 -0.62634 0.355
v -1.224168 -0.62634 0.354034
v -1.209958 -0.627929 0.352929
v -1.223888 -0.627929 0.351982
v -1.209958 -0.63 0.35134
v -1.223673 -0.63 0.350407
v -1.209958 -0.632412 0.350341
v -1.223538 -0.632412 0.349418
v -1.236867 -0.632412 0.346665
v -1.249701 -0.632412 0.342134
v -1.272954 -0.632412 0.328102
v -1.261804 -0.632412 0.335908
v -1.282944 -0.632412 0.318858
v -1.298736 -0.632412 0.296763
v -1.291591 -0.632412 0.308347
v -1.237135 -0.63 0.347628
v -1.250097 -0.63 0.343052
v -1.262321 -0.63 0.336764
v -1.273581 -0.63 0.328879
v -1.28367 -0.63 0.319544
v -1.292404 -0.63 0.308928
v -1.29962 -0.63 0.297229
v -1.237561 -0.627929 0.349159
v -1.250726 -0.627929 0.344511
v -1.263142 -0.627929 0.338124
v -1.274578 -0.627929 0.330116
v -1.284826 -0.627929 0.320634
v -1.293697 -0.627929 0.309852
v -1.301026 -0.627929 0.297969
v -1.238117 -0.62634 0.351154
v -1.251547 -0.62634 0.346413
v -1.264212 -0.62634 0.339898
v -1.275879 -0.62634 0.331728
v -1.286333 -0.62634 0.322055
v -1.295381 -0.62634 0.311057
v -1.302858 -0.62634 0.298935
v -1.238763 -0.625341 0.353477
v -1.252502 -0.625341 0.348627
v -1.265458 -0.625341 0.341962
v -1.277393 -0.625341 0.333606
v -1.288087 -0.625341 0.32371
v -1.297344 -0.625341 0.312459
v -1.304992 -0.625341 0.300059
v -1.648881 -0.135 -0.143173
v -1.648881 -0.365 -0.143173
v -1.733049 -0.135 -0.149059
v -1.733049 -0.365 -0.149059
v -1.649578 -0.375 -0.133198
v -1.662135 -0.375 0.046364
v -1.733746 -0.375 -0.139083
v -1.746302 -0.375 0.040478
v -1.747 -0.135 0.050454
v -1.747 -0.365 0.050454
v -1.662832 -0.135 0.05634
v -1.662832 -0.365 0.05634
v -1.733746 -0.125 -0.139083
v -1.746302 -0.125 0.040478
v -1.649578 -0.125 -0.133198
v -1.662135 -0.125 0.046364
v -1.62248 -0.365 -0.140147
v -1.62248 -0.135 -0.140147
v -1.614672 -0.365 -0.138542
v -1.614672 -0.135 -0.138542
v -1.59645 -0.365 -0.134797
v -1.59645 -0.135 -0.134797
v -1.581177 -0.365 -0.130217
v -1.581177 -0.135 -0.130217
v -1.570996 -0.365 -0.127164
v -1.570996 -0.135 -0.127164
v -1.548784 -0.365 -0.118294
v -1.548784 -0.135 -0.118294
v -1.546317 -0.365 -0.117308
v -1.546317 -0.135 -0.117308
v -1.522607 -0.365 -0.105308
v -1.522607 -0.135 -0.105308
v -1.518097 -0.365 -0.102498
v -1.518097 -0.135 -0.102498
v -1.500052 -0.365 -0.091256
v -1.500052 -0.135 -0.091256
v -1.489441 -0.365 -0.08326
v -1.489441 -0.135 -0.08326
v -1.478829 -0.365 -0.075263
v -1.478829 -0.135 -0.075263
v -1.463048 -0.365 -0.061016
v -1.463048 -0.135 -0.061016
v -1.459105 -0.365 -0.057455
v -1.459105 -0.135 -0.057455
v -1.441033 -0.365 -0.037972
v -1.441033 -0.135 -0.037972
v -1.439407 -0.365 -0.035872
v -1.439407 -0.135 -0.035872
v -1.424757 -0.365 -0.016965
v -1.424757 -0.135 -0.016965
v -1.419016 -0.365 -0.00802
v -1.419016 -0.135 -0.00802
v -1.410404 -0.365 0.005399
v -1.410404 -0.135 0.005399
v -1.401781 -0.365 0.021883
v -1.401781 -0.135 0.021883
v -1.398086 -0.365 0.028946
v -1.398086 -0.135 0.028946
v -1.3879 -0.365 0.05349
v -1.3879 -0.135 0.05349
v -1.397297 -0.375 0.05691
v -1.566442 -0.375 0.118474
v -1.407143 -0.375 0.033184
v -1.57291 -0.375 0.104031
v -1.591687 -0.375 0.078654
v -1.448659 -0.375 -0.031503
v -1.581384 -0.375 0.090665
v -1.432926 -0.375 -0.011197
v -1.419051 -0.375 0.010422
v -1.631285 -0.375 0.053062
v -1.646468 -0.375 0.048601
v -1.598895 -0.375 -0.1251
v -1.603608 -0.375 0.068246
v -1.485195 -0.375 -0.067551
v -1.466128 -0.375 -0.050337
v -1.624057 -0.375 -0.130272
v -1.57429 -0.375 -0.117722
v -1.550433 -0.375 -0.108195
v -1.616899 -0.375 0.059656
v -1.527514 -0.375 -0.096594
v -1.50571 -0.375 -0.083011
v -1.575839 -0.365 0.121894
v -1.575839 -0.135 0.121894
v -1.581719 -0.365 0.108764
v -1.581719 -0.135 0.108764
v -1.584286 -0.365 0.104715
v -1.584286 -0.135 0.104715
v -1.589422 -0.365 0.096614
v -1.589422 -0.135 0.096614
v -1.595668 -0.365 0.089333
v -1.595668 -0.135 0.089333
v -1.598789 -0.365 0.085694
v -1.598789 -0.135 0.085694
v -1.609626 -0.365 0.076232
v -1.609626 -0.135 0.076232
v -1.621709 -0.365 0.068423
v -1.621709 -0.135 0.068423
v -1.626067 -0.365 0.066426
v -1.626067 -0.135 0.066426
v -1.634787 -0.365 0.062429
v -1.634787 -0.135 0.062429
v -1.643991 -0.365 0.059724
v -1.643991 -0.135 0.059724
v -1.64859 -0.365 0.058373
v -1.64859 -0.135 0.058373
v -1.581384 -0.125 0.090665
v -1.57291 -0.125 0.104031
v -1.419051 -0.125 0.010422
v -1.407143 -0.125 0.033184
v -1.566442 -0.125 0.118474
v -1.397297 -0.125 0.05691
v -1.624057 -0.125 -0.130272
v -1.646468 -0.125 0.048601
v -1.591687 -0.125 0.078654
v -1.485195 -0.125 -0.067551
v -1.603608 -0.125 0.068246
v -1.50571 -0.125 -0.083011
v -1.616899 -0.125 0.059656
v -1.527514 -0.125 -0.096594
v -1.550433 -0.125 -0.108195
v -1.631285 -0.125 0.053062
v -1.57429 -0.125 -0.117722
v -1.598895 -0.125 -0.1251
v -1.432926 -0.125 -0.011197
v -1.448659 -0.125 -0.031503
v -1.466128 -0.125 -0.050337
v -1.303928 -0.135 0.284202
v -1.303928 -0.365 0.284202
v -1.313325 -0.375 0.287622
v -1.482469 -0.375 0.349186
v -1.491866 -0.135 0.352606
v -1.491866 -0.365 0.352606
v -1.313325 -0.125 0.287622
v -1.482469 -0.125 0.349186
v -1.298435 -0.365 0.296604
v -1.298435 -0.135 0.296604
v -1.294874 -0.365 0.302377
v -1.294874 -0.135 0.302377
v -1.291314 -0.365 0.308149
v -1.291314 -0.135 0.308149
v -1.282696 -0.365 0.318624
v -1.282696 -0.135 0.318624
v -1.27274 -0.365 0.327836
v -1.27274 -0.135 0.327836
v -1.267184 -0.365 0.331727
v -1.267184 -0.135 0.331727
v -1.261629 -0.365 0.335617
v -1.261629 -0.135 0.335617
v -1.249566 -0.365 0.341822
v -1.249566 -0.135 0.341822
v -1.236776 -0.365 0.346337
v -1.236776 -0.135 0.346337
v -1.230134 -0.365 0.347709
v -1.230134 -0.135 0.347709
v -1.223492 -0.365 0.34908
v -1.223492 -0.135 0.34908
v -1.209958 -0.365 0.35
v -1.209958 -0.135 0.35
v -1.472788 -0.375 0.372559
v -1.307282 -0.375 0.301265
v -1.28997 -0.375 0.325487
v -1.279018 -0.375 0.33562
v -1.396367 -0.375 0.472153
v -1.376296 -0.375 0.487554
v -1.266795 -0.375 0.344178
v -1.354959 -0.375 0.501147
v -1.41502 -0.375 0.455061
v -1.432111 -0.375 0.436408
v -1.299449 -0.375 0.313964
v -1.447513 -0.375 0.416337
v -1.461106 -0.375 0.395
v -1.332518 -0.375 0.512829
v -1.253527 -0.375 0.351004
v -1.309144 -0.375 0.522511
v -1.239457 -0.375 0.355971
v -1.285016 -0.375 0.530118
v -1.260316 -0.375 0.535594
v -1.224845 -0.375 0.358988
v -1.235234 -0.375 0.538897
v -1.209958 -0.375 0.36
v -1.209958 -0.375 0.54
v -1.481851 -0.135 0.376785
v -1.481851 -0.365 0.376785
v -1.477017 -0.135 0.386071
v -1.477017 -0.365 0.386071
v -1.469766 -0.135 0.4
v -1.469766 -0.365 0.4
v -1.458516 -0.135 0.41766
v -1.458516 -0.365 0.41766
v -1.455704 -0.135 0.422073
v -1.455704 -0.365 0.422073
v -1.439772 -0.135 0.442836
v -1.439772 -0.365 0.442836
v -1.436237 -0.135 0.446694
v -1.436237 -0.365 0.446694
v -1.422091 -0.135 0.462132
v -1.422091 -0.365 0.462132
v -1.410512 -0.135 0.472741
v -1.410512 -0.365 0.472741
v -1.402795 -0.135 0.479813
v -1.402795 -0.365 0.479813
v -1.382031 -0.135 0.495746
v -1.382031 -0.365 0.495746
v -1.359958 -0.135 0.509808
v -1.359958 -0.365 0.509808
v -1.350673 -0.135 0.514641
v -1.350673 -0.365 0.514641
v -1.336744 -0.135 0.521892
v -1.336744 -0.365 0.521892
v -1.317399 -0.135 0.529905
v -1.317399 -0.365 0.529905
v -1.312565 -0.135 0.531908
v -1.312565 -0.365 0.531908
v -1.287604 -0.135 0.539778
v -1.287604 -0.365 0.539778
v -1.282496 -0.135 0.54091
v -1.282496 -0.365 0.54091
v -1.262053 -0.135 0.545442
v -1.262053 -0.365 0.545442
v -1.246484 -0.135 0.547492
v -1.246484 -0.365 0.547492
v -1.236105 -0.135 0.548858
v -1.236105 -0.365 0.548858
v -1.209958 -0.135 0.55
v -1.209958 -0.365 0.55
v -1.472788 -0.125 0.372559
v -1.299449 -0.125 0.313964
v -1.432111 -0.125 0.436408
v -1.28997 -0.125 0.325487
v -1.41502 -0.125 0.455061
v -1.279018 -0.125 0.33562
v -1.307282 -0.125 0.301265
v -1.461106 -0.125 0.395
v -1.447513 -0.125 0.416337
v -1.209958 -0.125 0.54
v -1.209958 -0.125 0.36
v -1.235234 -0.125 0.538897
v -1.224845 -0.125 0.358988
v -1.396367 -0.125 0.472153
v -1.376296 -0.125 0.487554
v -1.266795 -0.125 0.344178
v -1.354959 -0.125 0.501147
v -1.253527 -0.125 0.351004
v -1.332518 -0.125 0.512829
v -1.309144 -0.125 0.522511
v -1.239457 -0.125 0.355971
v -1.285016 -0.125 0.530118
v -1.260316 -0.125 0.535594
v -1.15 -0.125 0.36
v -1.15 -0.125 0.54
v -1.15 -0.135 0.35
v -1.15 -0.365 0.35
v -1.15 -0.375 0.36
v -1.15 -0.375 0.54
v -1.15 -0.135 0.55
v -1.15 -0.365 0.55
v -1.756278 -0.135 0.039781
v -1.743722 -0.135 -0.139781
v -1.756278 -0.365 0.039781
v -1.743722 -0.365 -0.139781
v -1.15 -0.132412 0.549659
v -1.15 -0.125341 0.542588
v -1.15 -0.12634 0.545
v -1.15 -0.127929 0.547071
v -1.15 -0.13 0.54866
v -1.15 -0.13 0.35134
v -1.15 -0.127929 0.352929
v -1.15 -0.12634 0.355
v -1.15 -0.367588 0.549659
v -1.15 -0.37 0.54866
v -1.15 -0.372071 0.547071
v -1.15 -0.37366 0.545
v -1.15 -0.374659 0.542588
v -1.15 -0.37366 0.355
v -1.15 -0.372071 0.352929
v -1.15 -0.37 0.35134
v -1.15 -0.132412 0.350341
v -1.15 -0.125341 0.357412
v -1.15 -0.374659 0.357412
v -1.15 -0.367588 0.350341
v -1.209958 -0.374659 0.542588
v -1.209958 -0.37366 0.545
v -1.209958 -0.372071 0.547071
v -1.209958 -0.37 0.54866
v -1.209958 -0.367588 0.549659
v -1.261994 -0.367588 0.545107
v -1.3366 -0.367588 0.521584
v -1.359788 -0.367588 0.509513
v -1.42185 -0.367588 0.461891
v -1.469471 -0.367588 0.39983
v -1.481542 -0.367588 0.376641
v -1.434094 -0.374659 0.438072
v -1.41685 -0.374659 0.456891
v -1.435942 -0.37366 0.439622
v -1.418555 -0.37366 0.458596
v -1.437528 -0.372071 0.440954
v -1.420019 -0.372071 0.460061
v -1.438745 -0.37 0.441975
v -1.421143 -0.37 0.461185
v -1.439511 -0.367588 0.442617
v -1.285686 -0.374659 0.532618
v -1.260766 -0.374659 0.538143
v -1.28631 -0.37366 0.534948
v -1.261185 -0.37366 0.540518
v -1.286846 -0.372071 0.536949
v -1.261544 -0.372071 0.542558
v -1.287257 -0.37 0.538484
v -1.26182 -0.37 0.544123
v -1.287516 -0.367588 0.539449
v -1.484901 -0.374659 0.350071
v -1.475133 -0.374659 0.373653
v -1.487168 -0.37366 0.350896
v -1.477319 -0.37366 0.374672
v -1.489114 -0.372071 0.351604
v -1.479196 -0.372071 0.375548
v -1.490607 -0.37 0.352148
v -1.480637 -0.37 0.376219
v -1.491546 -0.367588 0.35249
v -1.463347 -0.374659 0.396294
v -1.465436 -0.37366 0.3975
v -1.46723 -0.372071 0.398536
v -1.468606 -0.37 0.39933
v -1.455425 -0.367588 0.421877
v -1.454607 -0.37 0.421304
v -1.453305 -0.372071 0.420393
v -1.451608 -0.37366 0.419205
v -1.449633 -0.374659 0.417822
v -1.402576 -0.367588 0.479552
v -1.401934 -0.37 0.478787
v -1.400912 -0.372071 0.47757
v -1.399581 -0.37366 0.475983
v -1.398031 -0.374659 0.474136
v -1.37778 -0.374659 0.489674
v -1.379164 -0.37366 0.49165
v -1.380352 -0.372071 0.493346
v -1.381263 -0.37 0.494648
v -1.381836 -0.367588 0.495467
v -1.356253 -0.374659 0.503389
v -1.357459 -0.37366 0.505477
v -1.358494 -0.372071 0.507271
v -1.359289 -0.37 0.508647
v -1.333612 -0.374659 0.515175
v -1.334631 -0.37366 0.517361
v -1.335506 -0.372071 0.519238
v -1.336178 -0.37 0.520678
v -1.312448 -0.367588 0.531588
v -1.312106 -0.37 0.530649
v -1.311563 -0.372071 0.529155
v -1.310854 -0.37366 0.527209
v -1.31003 -0.374659 0.524943
v -1.236076 -0.367588 0.548519
v -1.235988 -0.37 0.547524
v -1.23585 -0.372071 0.545941
v -1.235669 -0.37366 0.543877
v -1.235459 -0.374659 0.541475
v -1.209958 -0.132412 0.549659
v -1.209958 -0.13 0.54866
v -1.209958 -0.127929 0.547071
v -1.209958 -0.12634 0.545
v -1.209958 -0.125341 0.542588
v -1.575518 -0.367588 0.121777
v -1.57458 -0.37 0.121436
v -1.573086 -0.372071 0.120892
v -1.57114 -0.37366 0.120184
v -1.568874 -0.374659 0.119359
v -1.209958 -0.367588 0.350341
v -1.209958 -0.37 0.35134
v -1.209958 -0.372071 0.352929
v -1.209958 -0.37366 0.355
v -1.209958 -0.374659 0.357412
v -1.469471 -0.132412 0.39983
v -1.42185 -0.132412 0.461891
v -1.402576 -0.132412 0.479552
v -1.3366 -0.132412 0.521584
v -1.261994 -0.132412 0.545107
v -1.236076 -0.132412 0.548519
v -1.31003 -0.125341 0.524943
v -1.333612 -0.125341 0.515175
v -1.310854 -0.12634 0.527209
v -1.334631 -0.12634 0.517361
v -1.311563 -0.127929 0.529155
v -1.335506 -0.127929 0.519238
v -1.312106 -0.13 0.530649
v -1.336178 -0.13 0.520678
v -1.312448 -0.132412 0.531588
v -1.449633 -0.125341 0.417822
v -1.463347 -0.125341 0.396294
v -1.451608 -0.12634 0.419205
v -1.465436 -0.12634 0.3975
v -1.453305 -0.127929 0.420393
v -1.46723 -0.127929 0.398536
v -1.454607 -0.13 0.421304
v -1.468606 -0.13 0.39933
v -1.455425 -0.132412 0.421877
v -1.235459 -0.125341 0.541475
v -1.235669 -0.12634 0.543877
v -1.23585 -0.127929 0.545941
v -1.235988 -0.13 0.547524
v -1.260766 -0.125341 0.538143
v -1.261185 -0.12634 0.540518
v -1.261544 -0.127929 0.542558
v -1.26182 -0.13 0.544123
v -1.287516 -0.132412 0.539449
v -1.287257 -0.13 0.538484
v -1.286846 -0.127929 0.536949
v -1.28631 -0.12634 0.534948
v -1.285686 -0.125341 0.532618
v -1.359788 -0.132412 0.509513
v -1.359289 -0.13 0.508647
v -1.358494 -0.127929 0.507271
v -1.357459 -0.12634 0.505477
v -1.356253 -0.125341 0.503389
v -1.37778 -0.125341 0.489674
v -1.379164 -0.12634 0.49165
v -1.380352 -0.127929 0.493346
v -1.381263 -0.13 0.494648
v -1.381836 -0.132412 0.495467
v -1.398031 -0.125341 0.474136
v -1.399581 -0.12634 0.475983
v -1.400912 -0.127929 0.47757
v -1.401934 -0.13 0.478787
v -1.41685 -0.125341 0.456891
v -1.418555 -0.12634 0.458596
v -1.420019 -0.127929 0.460061
v -1.421143 -0.13 0.461185
v -1.439511 -0.132412 0.442617
v -1.438745 -0.13 0.441975
v -1.437528 -0.127929 0.440954
v -1.435942 -0.12634 0.439622
v -1.434094 -0.125341 0.438072
v -1.481542 -0.132412 0.376641
v -1.480637 -0.13 0.376219
v -1.479196 -0.127929 0.375548
v -1.477319 -0.12634 0.374672
v -1.475133 -0.125341 0.373653
v -1.484901 -0.125341 0.350071
v -1.487168 -0.12634 0.350896
v -1.489114 -0.127929 0.351604
v -1.490607 -0.13 0.352148
v -1.491546 -0.132412 0.35249
v -1.57519 -0.374659 0.105256
v -1.577314 -0.37366 0.106397
v -1.579139 -0.372071 0.107378
v -1.580539 -0.37 0.10813
v -1.581419 -0.367588 0.108603
v -1.598547 -0.367588 0.085455
v -1.589148 -0.367588 0.096411
v -1.609421 -0.367588 0.07596
v -1.621545 -0.367588 0.068125
v -1.634668 -0.367588 0.06211
v -1.648518 -0.367588 0.05804
v -1.662808 -0.367588 0.056
v -1.588345 -0.37 0.095817
v -1.597838 -0.37 0.084751
v -1.60882 -0.37 0.075162
v -1.621065 -0.37 0.067249
v -1.634318 -0.37 0.061174
v -1.648306 -0.37 0.057064
v -1.662739 -0.37 0.055003
v -1.587068 -0.372071 0.094871
v -1.596709 -0.372071 0.083632
v -1.607864 -0.372071 0.073893
v -1.6203 -0.372071 0.065855
v -1.633761 -0.372071 0.059685
v -1.647969 -0.372071 0.055511
v -1.662628 -0.372071 0.053418
v -1.585403 -0.37366 0.09364
v -1.595238 -0.37366 0.082174
v -1.606617 -0.37366 0.072239
v -1.619304 -0.37366 0.06404
v -1.633036 -0.37366 0.057745
v -1.647529 -0.37366 0.053487
v -1.662483 -0.37366 0.051352
v -1.583464 -0.374659 0.092205
v -1.593526 -0.374659 0.080476
v -1.605166 -0.374659 0.070313
v -1.618144 -0.374659 0.061925
v -1.632191 -0.374659 0.055486
v -1.647018 -0.374659 0.05113
v -1.662315 -0.374659 0.048946
v -1.310892 -0.374659 0.286737
v -1.304992 -0.374659 0.300059
v -1.308626 -0.37366 0.285912
v -1.302858 -0.37366 0.298935
v -1.30668 -0.372071 0.285204
v -1.301026 -0.372071 0.297969
v -1.305187 -0.37 0.28466
v -1.29962 -0.37 0.297229
v -1.304248 -0.367588 0.284319
v -1.298736 -0.367588 0.296763
v -1.291591 -0.367588 0.308347
v -1.282944 -0.367588 0.318858
v -1.261804 -0.367588 0.335908
v -1.272954 -0.367588 0.328102
v -1.249701 -0.367588 0.342134
v -1.236867 -0.367588 0.346665
v -1.223538 -0.367588 0.349418
v -1.292404 -0.37 0.308928
v -1.28367 -0.37 0.319544
v -1.273581 -0.37 0.328879
v -1.262321 -0.37 0.336764
v -1.250097 -0.37 0.343052
v -1.237135 -0.37 0.347628
v -1.223673 -0.37 0.350407
v -1.293697 -0.372071 0.309852
v -1.284826 -0.372071 0.320634
v -1.274578 -0.372071 0.330116
v -1.263142 -0.372071 0.338124
v -1.250726 -0.372071 0.344511
v -1.237561 -0.372071 0.349159
v -1.223888 -0.372071 0.351982
v -1.295381 -0.37366 0.311057
v -1.286333 -0.37366 0.322055
v -1.275879 -0.37366 0.331728
v -1.264212 -0.37366 0.339898
v -1.251547 -0.37366 0.346413
v -1.238117 -0.37366 0.351154
v -1.224168 -0.37366 0.354034
v -1.297344 -0.374659 0.312459
v -1.288087 -0.374659 0.32371
v -1.277393 -0.374659 0.333606
v -1.265458 -0.374659 0.341962
v -1.252502 -0.374659 0.348627
v -1.238763 -0.374659 0.353477
v -1.224495 -0.374659 0.356424
v -1.568874 -0.125341 0.119359
v -1.57114 -0.12634 0.120184
v -1.573086 -0.127929 0.120892
v -1.57458 -0.13 0.121436
v -1.575518 -0.132412 0.121777
v -1.746998 -0.36523 0.050424
v -1.746985 -0.366611 0.050242
v -1.74699 -0.366072 0.050313
v -1.746995 -0.365597 0.050376
v -1.74698 -0.367162 0.05017
v -1.746976 -0.367588 0.050114
v -1.746972 -0.367742 0.05005
v -1.746957 -0.368268 0.049833
v -1.74691 -0.369875 0.049169
v -1.746907 -0.37 0.049117
v -1.746815 -0.371704 0.047813
v -1.746796 -0.372071 0.047532
v -1.746695 -0.373174 0.046098
v -1.746651 -0.37366 0.045466
v -1.746556 -0.374224 0.044109
v -1.746405 -0.374807 0.041941
v -1.746483 -0.374659 0.04306
v -1.394865 -0.374659 0.056025
v -1.392599 -0.37366 0.0552
v -1.390652 -0.372071 0.054492
v -1.389159 -0.37 0.053948
v -1.38822 -0.367588 0.053606
v -1.662315 -0.125341 0.048946
v -1.647018 -0.125341 0.05113
v -1.662483 -0.12634 0.051352
v -1.647529 -0.12634 0.053487
v -1.662628 -0.127929 0.053418
v -1.647969 -0.127929 0.055511
v -1.662739 -0.13 0.055003
v -1.648306 -0.13 0.057064
v -1.662808 -0.132412 0.056
v -1.648518 -0.132412 0.05804
v -1.621545 -0.132412 0.068125
v -1.634668 -0.132412 0.06211
v -1.609421 -0.132412 0.07596
v -1.598547 -0.132412 0.085455
v -1.589148 -0.132412 0.096411
v -1.581419 -0.132412 0.108603
v -1.634318 -0.13 0.061174
v -1.621065 -0.13 0.067249
v -1.60882 -0.13 0.075162
v -1.597838 -0.13 0.084751
v -1.588345 -0.13 0.095817
v -1.580539 -0.13 0.10813
v -1.633761 -0.127929 0.059685
v -1.6203 -0.127929 0.065855
v -1.607864 -0.127929 0.073893
v -1.596709 -0.127929 0.083632
v -1.587068 -0.127929 0.094871
v -1.579139 -0.127929 0.107378
v -1.633036 -0.12634 0.057745
v -1.619304 -0.12634 0.06404
v -1.606617 -0.12634 0.072239
v -1.595238 -0.12634 0.082174
v -1.585403 -0.12634 0.09364
v -1.577314 -0.12634 0.106397
v -1.632191 -0.125341 0.055486
v -1.618144 -0.125341 0.061925
v -1.605166 -0.125341 0.070313
v -1.593526 -0.125341 0.080476
v -1.583464 -0.125341 0.092205
v -1.57519 -0.125341 0.105256
v -1.7483 -0.374088 0.044141
v -1.748071 -0.37305 0.046142
v -1.747515 -0.367563 0.050068
v -1.748058 -0.367226 0.050068
v -1.748512 -0.366777 0.050068
v -1.748854 -0.366237 0.050068
v -1.749066 -0.365635 0.050068
v -1.747752 -0.371598 0.047852
v -1.748425 -0.37466 0.041951
v -1.748442 -0.374718 0.040329
v -1.748884 -0.374659 0.040298
v -1.750534 -0.37394 0.041951
v -1.750551 -0.373967 0.040181
v -1.75129 -0.37366 0.04013
v -1.752428 -0.372766 0.041951
v -1.752438 -0.372778 0.040049
v -1.753356 -0.372071 0.039985
v -1.75401 -0.371198 0.041951
v -1.754018 -0.371207 0.039939
v -1.754942 -0.37 0.039874
v -1.755202 -0.369315 0.041951
v -1.755219 -0.369328 0.039855
v -1.755938 -0.367588 0.039805
v -1.755942 -0.367214 0.041951
v -1.755985 -0.367228 0.039801
v -1.756193 -0.365 0.041951
v -1.747359 -0.369807 0.049183
v -1.748408 -0.369449 0.049183
v -1.74935 -0.368864 0.049183
v -1.750138 -0.368084 0.049183
v -1.750731 -0.367147 0.049183
v -1.751099 -0.366102 0.049183
v -1.749138 -0.365 0.050068
v -1.7492 -0.365 0.050042
v -1.751224 -0.365 0.049183
v -1.751256 -0.365 0.04916
v -1.752886 -0.366512 0.047852
v -1.752381 -0.367947 0.047852
v -1.751567 -0.369233 0.047852
v -1.750486 -0.370304 0.047852
v -1.749192 -0.371106 0.047852
v -1.753058 -0.365 0.047852
v -1.753066 -0.365 0.047842
v -1.754535 -0.365 0.046152
v -1.754335 -0.366845 0.046142
v -1.753718 -0.368596 0.046142
v -1.752725 -0.370165 0.046142
v -1.751406 -0.371471 0.046142
v -1.749828 -0.37245 0.046142
v -1.750283 -0.373411 0.044141
v -1.752065 -0.372306 0.044141
v -1.753554 -0.370831 0.044141
v -1.754675 -0.36906 0.044141
v -1.755372 -0.367083 0.044141
v -1.754544 -0.365 0.046142
v -1.755589 -0.365 0.044176
v -1.755608 -0.365 0.044141
v -1.756176 -0.365 0.042016
v -1.596533 -0.367588 -0.134466
v -1.571108 -0.367588 -0.126842
v -1.500245 -0.367588 -0.090975
v -1.479046 -0.367588 -0.075
v -1.425036 -0.367588 -0.016769
v -1.410699 -0.367588 0.00557
v -1.404799 -0.374659 0.032087
v -1.416813 -0.374659 0.009122
v -1.402615 -0.37366 0.031065
v -1.414727 -0.37366 0.007911
v -1.400739 -0.372071 0.030187
v -1.412937 -0.372071 0.00687
v -1.3993 -0.37 0.029513
v -1.411562 -0.37 0.006072
v -1.398395 -0.367588 0.02909
v -1.46431 -0.374659 -0.052179
v -1.483547 -0.374659 -0.069547
v -1.462616 -0.37366 -0.053896
v -1.482012 -0.37366 -0.071407
v -1.461162 -0.372071 -0.05537
v -1.480694 -0.372071 -0.073004
v -1.460046 -0.37 -0.056502
v -1.479682 -0.37 -0.07423
v -1.459344 -0.367588 -0.057213
v -1.549368 -0.374659 -0.110554
v -1.573437 -0.374659 -0.120166
v -1.548375 -0.37366 -0.112752
v -1.572643 -0.37366 -0.122443
v -1.547523 -0.372071 -0.114639
v -1.571961 -0.372071 -0.124398
v -1.546868 -0.37 -0.116087
v -1.571437 -0.37 -0.125899
v -1.546457 -0.367588 -0.116998
v -1.425852 -0.37 -0.016192
v -1.42715 -0.372071 -0.015276
v -1.428841 -0.37366 -0.014081
v -1.430812 -0.374659 -0.01269
v -1.441293 -0.367588 -0.037751
v -1.442055 -0.37 -0.037105
v -1.443267 -0.372071 -0.036077
v -1.444846 -0.37366 -0.034737
v -1.446686 -0.374659 -0.033177
v -1.504246 -0.374659 -0.085145
v -1.502881 -0.37366 -0.087133
v -1.501709 -0.372071 -0.088841
v -1.50081 -0.37 -0.090151
v -1.522774 -0.367588 -0.105011
v -1.523264 -0.37 -0.10414
v -1.524044 -0.372071 -0.102756
v -1.52506 -0.37366 -0.100951
v -1.526244 -0.374659 -0.098849
v -1.598262 -0.374659 -0.12761
v -1.597673 -0.37366 -0.129949
v -1.597166 -0.372071 -0.131957
v -1.596778 -0.37 -0.133498
v -1.622534 -0.367588 -0.139811
v -1.622691 -0.37 -0.138824
v -1.622942 -0.372071 -0.137255
v -1.623269 -0.37366 -0.13521
v -1.623649 -0.374659 -0.132828
v -1.649398 -0.374659 -0.13578
v -1.64923 -0.37366 -0.138185
v -1.649085 -0.372071 -0.140251
v -1.648974 -0.37 -0.141837
v -1.648905 -0.367588 -0.142833
v -1.746405 -0.125193 0.041941
v -1.746483 -0.125341 0.04306
v -1.746556 -0.125776 0.044109
v -1.746651 -0.12634 0.045466
v -1.746695 -0.126826 0.046098
v -1.746796 -0.127929 0.047532
v -1.746815 -0.128296 0.047813
v -1.746982 -0.133035 0.050196
v -1.746988 -0.133675 0.05028
v -1.746907 -0.13 0.049117
v -1.746972 -0.132258 0.05005
v -1.746976 -0.132412 0.050114
v -1.746976 -0.132427 0.050116
v -1.746993 -0.134261 0.050357
v -1.746997 -0.13472 0.050417
v -1.749138 -0.135 0.050068
v -1.7492 -0.135 0.050042
v -1.751224 -0.135 0.049183
v -1.751256 -0.135 0.04916
v -1.753058 -0.135 0.047852
v -1.753066 -0.135 0.047842
v -1.754535 -0.135 0.046152
v -1.756193 -0.135 0.041951
v -1.756176 -0.135 0.042016
v -1.755608 -0.135 0.044141
v -1.755589 -0.135 0.044176
v -1.754544 -0.135 0.046142
v -1.736328 -0.374659 -0.139264
v -1.738734 -0.37366 -0.139432
v -1.738742 -0.373654 -0.139433
v -1.7408 -0.372071 -0.139576
v -1.742385 -0.37 -0.139687
v -1.742389 -0.36999 -0.139688
v -1.743382 -0.367588 -0.139757
v -1.733597 -0.374718 -0.141223
v -1.733566 -0.374659 -0.141665
v -1.733449 -0.373966 -0.143334
v -1.733397 -0.37366 -0.144071
v -1.733317 -0.372772 -0.145225
v -1.733253 -0.372071 -0.146137
v -1.733206 -0.37119 -0.146812
v -1.733072 -0.367588 -0.148719
v -1.733121 -0.36928 -0.14802
v -1.733142 -0.37 -0.147722
v -1.733072 -0.367573 -0.148721
v -1.733067 -0.366965 -0.148801
v -1.733066 -0.366902 -0.148809
v -1.733061 -0.366325 -0.148885
v -1.733055 -0.365739 -0.148962
v -1.733051 -0.36528 -0.149022
v -1.75129 -0.12634 0.04013
v -1.751299 -0.126346 0.040129
v -1.751248 -0.126434 0.041951
v -1.754942 -0.13 0.039874
v -1.754946 -0.13001 0.039874
v -1.754868 -0.130055 0.041951
v -1.755856 -0.13244 0.041951
v -1.755938 -0.132412 0.039805
v -1.748884 -0.125341 0.040298
v -1.748862 -0.125446 0.041951
v -1.748711 -0.126012 0.044141
v -1.748435 -0.127039 0.046142
v -1.748051 -0.128475 0.047852
v -1.747576 -0.130246 0.049183
v -1.747036 -0.132261 0.050068
v -1.747014 -0.132344 0.050093
v -1.74772 -0.132544 0.050068
v -1.746997 -0.132406 0.050111
v -1.747003 -0.132385 0.050105
v -1.749041 -0.134266 0.050068
v -1.751056 -0.133726 0.049183
v -1.752827 -0.133252 0.047852
v -1.754263 -0.132867 0.046142
v -1.755291 -0.132592 0.044141
v -1.748758 -0.133582 0.050068
v -1.750565 -0.132539 0.049183
v -1.752153 -0.131622 0.047852
v -1.75344 -0.130879 0.046142
v -1.754361 -0.130347 0.044141
v -1.748307 -0.132995 0.050068
v -1.749783 -0.13152 0.049183
v -1.751079 -0.130223 0.047852
v -1.75213 -0.129172 0.046142
v -1.752882 -0.12842 0.044141
v -1.753296 -0.128006 0.041951
v -1.753356 -0.127929 0.039985
v -1.748763 -0.130738 0.049183
v -1.74968 -0.12915 0.047852
v -1.750423 -0.127862 0.046142
v -1.750955 -0.126941 0.044141
v -1.733167 -0.367162 -0.148829
v -1.733746 -0.367238 -0.148829
v -1.733746 -0.365 -0.149083
v -1.733746 -0.374767 -0.14123
v -1.73863 -0.373458 -0.14123
v -1.742205 -0.369883 -0.14123
v -1.74318 -0.367528 -0.14123
v -1.733746 -0.374039 -0.143361
v -1.733746 -0.372852 -0.145276
v -1.733746 -0.371266 -0.146876
v -1.733746 -0.369363 -0.148081
v -1.743431 -0.365 -0.141213
v -1.743201 -0.365 -0.142339
v -1.742477 -0.367339 -0.143361
v -1.74271 -0.365 -0.143324
v -1.742037 -0.365 -0.144675
v -1.741331 -0.367032 -0.145276
v -1.741546 -0.365 -0.14523
v -1.740307 -0.365 -0.14663
v -1.739799 -0.366622 -0.146876
v -1.736274 -0.374434 -0.14123
v -1.736086 -0.373731 -0.143361
v -1.738266 -0.372828 -0.143361
v -1.735778 -0.372584 -0.145276
v -1.737672 -0.3718 -0.145276
v -1.735368 -0.371053 -0.146876
v -1.736879 -0.370427 -0.146876
v -1.734875 -0.369214 -0.148081
v -1.735928 -0.368779 -0.148081
v -1.734326 -0.367162 -0.148829
v -1.734865 -0.366938 -0.148829
v -1.740653 -0.371906 -0.14123
v -1.740138 -0.371391 -0.143361
v -1.739298 -0.370552 -0.145276
v -1.738177 -0.369431 -0.146876
v -1.736831 -0.368085 -0.148081
v -1.735329 -0.366583 -0.148829
v -1.741574 -0.369519 -0.143361
v -1.740546 -0.368926 -0.145276
v -1.739173 -0.368133 -0.146876
v -1.737525 -0.367182 -0.148081
v -1.737961 -0.366129 -0.148081
v -1.735685 -0.366119 -0.148829
v -1.735908 -0.365579 -0.148829
v -1.739989 -0.365 -0.146841
v -1.73813 -0.365 -0.148071
v -1.735973 -0.365 -0.148793
v -1.735654 -0.365 -0.148899
v -1.736328 -0.125341 -0.139264
v -1.738734 -0.12634 -0.139432
v -1.738742 -0.126346 -0.139433
v -1.7408 -0.127929 -0.139576
v -1.742385 -0.13 -0.139687
v -1.742389 -0.13001 -0.139688
v -1.743382 -0.132412 -0.139757
v -1.733746 -0.135 -0.149083
v -1.735654 -0.135 -0.148899
v -1.735973 -0.135 -0.148793
v -1.73813 -0.135 -0.148071
v -1.739989 -0.135 -0.146841
v -1.740307 -0.135 -0.14663
v -1.741546 -0.135 -0.14523
v -1.742037 -0.135 -0.144675
v -1.74271 -0.135 -0.143324
v -1.743201 -0.135 -0.142339
v -1.743431 -0.135 -0.141213
v -1.734326 -0.132838 -0.148829
v -1.733746 -0.132762 -0.148829
v -1.734865 -0.133062 -0.148829
v -1.735329 -0.133417 -0.148829
v -1.737961 -0.133871 -0.148081
v -1.735908 -0.134421 -0.148829
v -1.741331 -0.132968 -0.145276
v -1.733566 -0.125341 -0.141665
v -1.733449 -0.126034 -0.143334
v -1.733746 -0.125961 -0.143361
v -1.733142 -0.13 -0.147722
v -1.733121 -0.13072 -0.14802
v -1.733746 -0.130637 -0.148081
v -1.733066 -0.133098 -0.148809
v -1.733061 -0.133675 -0.148885
v -1.733051 -0.13472 -0.149022
v -1.733055 -0.134261 -0.148962
v -1.733067 -0.133035 -0.148801
v -1.733167 -0.132838 -0.148829
v -1.733072 -0.132427 -0.148721
v -1.733072 -0.132412 -0.148719
v -1.733397 -0.12634 -0.144071
v -1.733317 -0.127228 -0.145225
v -1.733746 -0.127148 -0.145276
v -1.733253 -0.127929 -0.146137
v -1.736274 -0.125566 -0.14123
v -1.740653 -0.128094 -0.14123
v -1.742205 -0.130117 -0.14123
v -1.74318 -0.132472 -0.14123
v -1.742477 -0.132661 -0.143361
v -1.741574 -0.130481 -0.143361
v -1.739799 -0.133378 -0.146876
v -1.740546 -0.131074 -0.145276
v -1.740138 -0.128609 -0.143361
v -1.73863 -0.126542 -0.14123
v -1.735368 -0.128947 -0.146876
v -1.733746 -0.128734 -0.146876
v -1.733206 -0.128811 -0.146812
v -1.739173 -0.131867 -0.146876
v -1.739298 -0.129448 -0.145276
v -1.738266 -0.127172 -0.143361
v -1.737525 -0.132818 -0.148081
v -1.738177 -0.130569 -0.146876
v -1.737672 -0.1282 -0.145276
v -1.736086 -0.126269 -0.143361
v -1.733746 -0.125233 -0.14123
v -1.733597 -0.125282 -0.141223
v -1.735928 -0.131221 -0.148081
v -1.734875 -0.130786 -0.148081
v -1.735778 -0.127416 -0.145276
v -1.736879 -0.129573 -0.146876
v -1.736831 -0.131915 -0.148081
v -1.735685 -0.133881 -0.148829
v -1.648905 -0.132412 -0.142833
v -1.648974 -0.13 -0.141837
v -1.649085 -0.127929 -0.140251
v -1.64923 -0.12634 -0.138185
v -1.649398 -0.125341 -0.13578
v -1.410699 -0.132412 0.00557
v -1.425036 -0.132412 -0.016769
v -1.479046 -0.132412 -0.075
v -1.500245 -0.132412 -0.090975
v -1.571108 -0.132412 -0.126842
v -1.596533 -0.132412 -0.134466
v -1.623649 -0.125341 -0.132828
v -1.598262 -0.125341 -0.12761
v -1.623269 -0.12634 -0.13521
v -1.597673 -0.12634 -0.129949
v -1.622942 -0.127929 -0.137255
v -1.597166 -0.127929 -0.131957
v -1.622691 -0.13 -0.138824
v -1.596778 -0.13 -0.133498
v -1.622534 -0.132412 -0.139811
v -1.526244 -0.125341 -0.098849
v -1.504246 -0.125341 -0.085145
v -1.52506 -0.12634 -0.100951
v -1.502881 -0.12634 -0.087133
v -1.524044 -0.127929 -0.102756
v -1.501709 -0.127929 -0.088841
v -1.523264 -0.13 -0.10414
v -1.50081 -0.13 -0.090151
v -1.522774 -0.132412 -0.105011
v -1.446686 -0.125341 -0.033177
v -1.430812 -0.125341 -0.01269
v -1.444846 -0.12634 -0.034737
v -1.428841 -0.12634 -0.014081
v -1.443267 -0.127929 -0.036077
v -1.42715 -0.127929 -0.015276
v -1.442055 -0.13 -0.037105
v -1.425852 -0.13 -0.016192
v -1.441293 -0.132412 -0.037751
v -1.571437 -0.13 -0.125899
v -1.571961 -0.127929 -0.124398
v -1.572643 -0.12634 -0.122443
v -1.573437 -0.125341 -0.120166
v -1.546457 -0.132412 -0.116998
v -1.546868 -0.13 -0.116087
v -1.547523 -0.127929 -0.114639
v -1.548375 -0.12634 -0.112752
v -1.549368 -0.125341 -0.110554
v -1.479682 -0.13 -0.07423
v -1.480694 -0.127929 -0.073004
v -1.482012 -0.12634 -0.071407
v -1.483547 -0.125341 -0.069547
v -1.459344 -0.132412 -0.057213
v -1.460046 -0.13 -0.056502
v -1.461162 -0.127929 -0.05537
v -1.462616 -0.12634 -0.053896
v -1.46431 -0.125341 -0.052179
v -1.416813 -0.125341 0.009122
v -1.414727 -0.12634 0.007911
v -1.412937 -0.127929 0.00687
v -1.411562 -0.13 0.006072
v -1.398395 -0.132412 0.02909
v -1.3993 -0.13 0.029513
v -1.400739 -0.127929 0.030187
v -1.402615 -0.12634 0.031065
v -1.404799 -0.125341 0.032087
v -1.394865 -0.125341 0.056025
v -1.392599 -0.12634 0.0552
v -1.390652 -0.127929 0.054492
v -1.389159 -0.13 0.053948
v -1.38822 -0.132412 0.053606
v -1.304248 -0.132412 0.284319
v -1.305187 -0.13 0.28466
v -1.30668 -0.127929 0.285204
v -1.308626 -0.12634 0.285912
v -1.310892 -0.125341 0.286737
v -1.209958 -0.125341 0.357412
v -1.224495 -0.125341 0.356424
v -1.209958 -0.12634 0.355
v -1.224168 -0.12634 0.354034
v -1.209958 -0.127929 0.352929
v -1.223888 -0.127929 0.351982
v -1.209958 -0.13 0.35134
v -1.223673 -0.13 0.350407
v -1.209958 -0.132412 0.350341
v -1.223538 -0.132412 0.349418
v -1.236867 -0.132412 0.346665
v -1.249701 -0.132412 0.342134
v -1.272954 -0.132412 0.328102
v -1.261804 -0.132412 0.335908
v -1.282944 -0.132412 0.318858
v -1.298736 -0.132412 0.296763
v -1.291591 -0.132412 0.308347
v -1.237135 -0.13 0.347628
v -1.250097 -0.13 0.343052
v -1.262321 -0.13 0.336764
v -1.273581 -0.13 0.328879
v -1.28367 -0.13 0.319544
v -1.292404 -0.13 0.308928
v -1.29962 -0.13 0.297229
v -1.237561 -0.127929 0.349159
v -1.250726 -0.127929 0.344511
v -1.263142 -0.127929 0.338124
v -1.274578 -0.127929 0.330116
v -1.284826 -0.127929 0.320634
v -1.293697 -0.127929 0.309852
v -1.301026 -0.127929 0.297969
v -1.238117 -0.12634 0.351154
v -1.251547 -0.12634 0.346413
v -1.264212 -0.12634 0.339898
v -1.275879 -0.12634 0.331728
v -1.286333 -0.12634 0.322055
v -1.295381 -0.12634 0.311057
v -1.302858 -0.12634 0.298935
v -1.238763 -0.125341 0.353477
v -1.252502 -0.125341 0.348627
v -1.265458 -0.125341 0.341962
v -1.277393 -0.125341 0.333606
v -1.288087 -0.125341 0.32371
v -1.297344 -0.125341 0.312459
v -1.304992 -0.125341 0.300059
v -1.648881 0.365 -0.143173
v -1.648881 0.135 -0.143173
v -1.733049 0.365 -0.149059
v -1.733049 0.135 -0.149059
v -1.649578 0.125 -0.133198
v -1.662135 0.125 0.046364
v -1.733746 0.125 -0.139083
v -1.746302 0.125 0.040478
v -1.747 0.365 0.050454
v -1.747 0.135 0.050454
v -1.662832 0.365 0.05634
v -1.662832 0.135 0.05634
v -1.733746 0.375 -0.139083
v -1.746302 0.375 0.040478
v -1.649578 0.375 -0.133198
v -1.662135 0.375 0.046364
v -1.3879 0.365 0.05349
v -1.3879 0.135 0.05349
v -1.398086 0.365 0.028946
v -1.398086 0.135 0.028946
v -1.401781 0.365 0.021883
v -1.401781 0.135 0.021883
v -1.410404 0.365 0.005399
v -1.410404 0.135 0.005399
v -1.419016 0.365 -0.00802
v -1.419016 0.135 -0.00802
v -1.424757 0.365 -0.016965
v -1.424757 0.135 -0.016965
v -1.439407 0.365 -0.035872
v -1.439407 0.135 -0.035872
v -1.441033 0.365 -0.037972
v -1.441033 0.135 -0.037972
v -1.459105 0.365 -0.057455
v -1.459105 0.135 -0.057455
v -1.463048 0.365 -0.061016
v -1.463048 0.135 -0.061016
v -1.478829 0.365 -0.075263
v -1.478829 0.135 -0.075263
v -1.489441 0.365 -0.08326
v -1.489441 0.135 -0.08326
v -1.500052 0.365 -0.091256
v -1.500052 0.135 -0.091256
v -1.518097 0.365 -0.102498
v -1.518097 0.135 -0.102498
v -1.522607 0.365 -0.105308
v -1.522607 0.135 -0.105308
v -1.546317 0.365 -0.117308
v -1.546317 0.135 -0.117308
v -1.548784 0.365 -0.118294
v -1.548784 0.135 -0.118294
v -1.570996 0.365 -0.127164
v -1.570996 0.135 -0.127164
v -1.581177 0.365 -0.130217
v -1.581177 0.135 -0.130217
v -1.59645 0.365 -0.134797
v -1.59645 0.135 -0.134797
v -1.614672 0.365 -0.138542
v -1.614672 0.135 -0.138542
v -1.62248 0.365 -0.140147
v -1.62248 0.135 -0.140147
v -1.397297 0.125 0.05691
v -1.566442 0.125 0.118474
v -1.407143 0.125 0.033184
v -1.57291 0.125 0.104031
v -1.591687 0.125 0.078654
v -1.448659 0.125 -0.031503
v -1.581384 0.125 0.090665
v -1.432926 0.125 -0.011197
v -1.419051 0.125 0.010422
v -1.631285 0.125 0.053062
v -1.646468 0.125 0.048601
v -1.598895 0.125 -0.1251
v -1.603608 0.125 0.068246
v -1.485195 0.125 -0.067551
v -1.466128 0.125 -0.050337
v -1.624057 0.125 -0.130272
v -1.57429 0.125 -0.117722
v -1.550433 0.125 -0.108195
v -1.616899 0.125 0.059656
v -1.527514 0.125 -0.096594
v -1.50571 0.125 -0.083011
v -1.575839 0.135 0.121894
v -1.575839 0.365 0.121894
v -1.581719 0.135 0.108764
v -1.581719 0.365 0.108764
v -1.584286 0.135 0.104715
v -1.584286 0.365 0.104715
v -1.589422 0.135 0.096614
v -1.589422 0.365 0.096614
v -1.595668 0.135 0.089333
v -1.595668 0.365 0.089333
v -1.598789 0.135 0.085694
v -1.598789 0.365 0.085694
v -1.609626 0.135 0.076232
v -1.609626 0.365 0.076232
v -1.621709 0.135 0.068423
v -1.621709 0.365 0.068423
v -1.626067 0.135 0.066426
v -1.626067 0.365 0.066426
v -1.634787 0.135 0.062429
v -1.634787 0.365 0.062429
v -1.643991 0.135 0.059724
v -1.643991 0.365 0.059724
v -1.64859 0.135 0.058373
v -1.64859 0.365 0.058373
v -1.581384 0.375 0.090665
v -1.57291 0.375 0.104031
v -1.419051 0.375 0.010422
v -1.407143 0.375 0.033184
v -1.566442 0.375 0.118474
v -1.397297 0.375 0.05691
v -1.624057 0.375 -0.130272
v -1.646468 0.375 0.048601
v -1.591687 0.375 0.078654
v -1.485195 0.375 -0.067551
v -1.603608 0.375 0.068246
v -1.50571 0.375 -0.083011
v -1.616899 0.375 0.059656
v -1.527514 0.375 -0.096594
v -1.550433 0.375 -0.108195
v -1.631285 0.375 0.053062
v -1.57429 0.375 -0.117722
v -1.598895 0.375 -0.1251
v -1.432926 0.375 -0.011197
v -1.448659 0.375 -0.031503
v -1.466128 0.375 -0.050337
v -1.303928 0.365 0.284202
v -1.303928 0.135 0.284202
v -1.313325 0.125 0.287622
v -1.482469 0.125 0.349186
v -1.491866 0.365 0.352606
v -1.491866 0.135 0.352606
v -1.313325 0.375 0.287622
v -1.482469 0.375 0.349186
v -1.298435 0.135 0.296604
v -1.298435 0.365 0.296604
v -1.294874 0.135 0.302377
v -1.294874 0.365 0.302377
v -1.291314 0.135 0.308149
v -1.291314 0.365 0.308149
v -1.282696 0.135 0.318624
v -1.282696 0.365 0.318624
v -1.27274 0.135 0.327836
v -1.27274 0.365 0.327836
v -1.267184 0.135 0.331727
v -1.267184 0.365 0.331727
v -1.261629 0.135 0.335617
v -1.261629 0.365 0.335617
v -1.249566 0.135 0.341822
v -1.249566 0.365 0.341822
v -1.236776 0.135 0.346337
v -1.236776 0.365 0.346337
v -1.230134 0.135 0.347709
v -1.230134 0.365 0.347709
v -1.223492 0.135 0.34908
v -1.223492 0.365 0.34908
v -1.209958 0.135 0.35
v -1.209958 0.365 0.35
v -1.472788 0.125 0.372559
v -1.307282 0.125 0.301265
v -1.28997 0.125 0.325487
v -1.279018 0.125 0.33562
v -1.396367 0.125 0.472153
v -1.376296 0.125 0.487554
v -1.266795 0.125 0.344178
v -1.354959 0.125 0.501147
v -1.41502 0.125 0.455061
v -1.432111 0.125 0.436408
v -1.299449 0.125 0.313964
v -1.447513 0.125 0.416337
v -1.461106 0.125 0.395
v -1.332518 0.125 0.512829
v -1.253527 0.125 0.351004
v -1.309144 0.125 0.522511
v -1.239457 0.125 0.355971
v -1.285016 0.125 0.530118
v -1.260316 0.125 0.535594
v -1.224845 0.125 0.358988
v -1.235234 0.125 0.538897
v -1.209958 0.125 0.36
v -1.209958 0.125 0.54
v -1.481851 0.365 0.376785
v -1.481851 0.135 0.376785
v -1.477017 0.365 0.386071
v -1.477017 0.135 0.386071
v -1.469766 0.365 0.4
v -1.469766 0.135 0.4
v -1.458516 0.365 0.41766
v -1.458516 0.135 0.41766
v -1.455704 0.365 0.422073
v -1.455704 0.135 0.422073
v -1.439772 0.365 0.442836
v -1.439772 0.135 0.442836
v -1.436237 0.365 0.446694
v -1.436237 0.135 0.446694
v -1.422091 0.365 0.462132
v -1.422091 0.135 0.462132
v -1.410512 0.365 0.472741
v -1.410512 0.135 0.472741
v -1.402795 0.365 0.479813
v -1.402795 0.135 0.479813
v -1.382031 0.365 0.495746
v -1.382031 0.135 0.495746
v -1.359958 0.365 0.509808
v -1.359958 0.135 0.509808
v -1.350673 0.365 0.514641
v -1.350673 0.135 0.514641
v -1.336744 0.365 0.521892
v -1.336744 0.135 0.521892
v -1.317399 0.365 0.529905
v -1.317399 0.135 0.529905
v -1.312565 0.365 0.531908
v -1.312565 0.135 0.531908
v -1.287604 0.365 0.539778
v -1.287604 0.135 0.539778
v -1.282496 0.365 0.54091
v -1.282496 0.135 0.54091
v -1.262053 0.365 0.545442
v -1.262053 0.135 0.545442
v -1.246484 0.365 0.547492
v -1.246484 0.135 0.547492
v -1.236105 0.365 0.548858
v -1.236105 0.135 0.548858
v -1.209958 0.365 0.55
v -1.209958 0.135 0.55
v -1.472788 0.375 0.372559
v -1.299449 0.375 0.313964
v -1.432111 0.375 0.436408
v -1.28997 0.375 0.325487
v -1.41502 0.375 0.455061
v -1.279018 0.375 0.33562
v -1.307282 0.375 0.301265
v -1.461106 0.375 0.395
v -1.447513 0.375 0.416337
v -1.209958 0.375 0.54
v -1.209958 0.375 0.36
v -1.235234 0.375 0.538897
v -1.224845 0.375 0.358988
v -1.396367 0.375 0.472153
v -1.376296 0.375 0.487554
v -1.266795 0.375 0.344178
v -1.354959 0.375 0.501147
v -1.253527 0.375 0.351004
v -1.332518 0.375 0.512829
v -1.309144 0.375 0.522511
v -1.239457 0.375 0.355971
v -1.285016 0.375 0.530118
v -1.260316 0.375 0.535594
v -1.15 0.375 0.36
v -1.15 0.375 0.54
v -1.15 0.365 0.35
v -1.15 0.135 0.35
v -1.15 0.125 0.36
v -1.15 0.125 0.54
v -1.15 0.365 0.55
v -1.15 0.135 0.55
v -1.756278 0.365 0.039781
v -1.743722 0.365 -0.139781
v -1.756278 0.135 0.039781
v -1.743722 0.135 -0.139781
v -1.15 0.367588 0.350341
v -1.15 0.37 0.35134
v -1.15 0.372071 0.547071
v -1.15 0.37 0.54866
v -1.15 0.367588 0.549659
v -1.15 0.12634 0.355
v -1.15 0.127929 0.352929
v -1.15 0.13 0.35134
v -1.15 0.372071 0.352929
v -1.15 0.37366 0.355
v -1.15 0.374659 0.357412
v -1.15 0.125341 0.357412
v -1.15 0.132412 0.350341
v -1.15 0.37366 0.545
v -1.15 0.374659 0.542588
v -1.15 0.12634 0.545
v -1.15 0.132412 0.549659
v -1.15 0.127929 0.547071
v -1.15 0.13 0.54866
v -1.15 0.125341 0.542588
v -1.209958 0.125341 0.542588
v -1.209958 0.12634 0.545
v -1.209958 0.127929 0.547071
v -1.209958 0.13 0.54866
v -1.209958 0.132412 0.549659
v -1.261994 0.132412 0.545107
v -1.3366 0.132412 0.521584
v -1.359788 0.132412 0.509513
v -1.42185 0.132412 0.461891
v -1.469471 0.132412 0.39983
v -1.481542 0.132412 0.376641
v -1.434094 0.125341 0.438072
v -1.41685 0.125341 0.456891
v -1.435942 0.12634 0.439622
v -1.418555 0.12634 0.458596
v -1.437528 0.127929 0.440954
v -1.420019 0.127929 0.460061
v -1.438745 0.13 0.441975
v -1.421143 0.13 0.461185
v -1.439511 0.132412 0.442617
v -1.285686 0.125341 0.532618
v -1.260766 0.125341 0.538143
v -1.28631 0.12634 0.534948
v -1.261185 0.12634 0.540518
v -1.286846 0.127929 0.536949
v -1.261544 0.127929 0.542558
v -1.287257 0.13 0.538484
v -1.26182 0.13 0.544123
v -1.287516 0.132412 0.539449
v -1.484901 0.125341 0.350071
v -1.475133 0.125341 0.373653
v -1.487168 0.12634 0.350896
v -1.477319 0.12634 0.374672
v -1.489114 0.127929 0.351604
v -1.479196 0.127929 0.375548
v -1.490607 0.13 0.352148
v -1.480637 0.13 0.376219
v -1.491546 0.132412 0.35249
v -1.463347 0.125341 0.396294
v -1.465436 0.12634 0.3975
v -1.46723 0.127929 0.398536
v -1.468606 0.13 0.39933
v -1.455425 0.132412 0.421877
v -1.454607 0.13 0.421304
v -1.453305 0.127929 0.420393
v -1.451608 0.12634 0.419205
v -1.449633 0.125341 0.417822
v -1.402576 0.132412 0.479552
v -1.401934 0.13 0.478787
v -1.400912 0.127929 0.47757
v -1.399581 0.12634 0.475983
v -1.398031 0.125341 0.474136
v -1.37778 0.125341 0.489674
v -1.379164 0.12634 0.49165
v -1.380352 0.127929 0.493346
v -1.381263 0.13 0.494648
v -1.381836 0.132412 0.495467
v -1.356253 0.125341 0.503389
v -1.357459 0.12634 0.505477
v -1.358494 0.127929 0.507271
v -1.359289 0.13 0.508647
v -1.333612 0.125341 0.515175
v -1.334631 0.12634 0.517361
v -1.335506 0.127929 0.519238
v -1.336178 0.13 0.520678
v -1.312448 0.132412 0.531588
v -1.312106 0.13 0.530649
v -1.311563 0.127929 0.529155
v -1.310854 0.12634 0.527209
v -1.31003 0.125341 0.524943
v -1.236076 0.132412 0.548519
v -1.235988 0.13 0.547524
v -1.23585 0.127929 0.545941
v -1.235669 0.12634 0.543877
v -1.235459 0.125341 0.541475
v -1.209958 0.367588 0.549659
v -1.209958 0.37 0.54866
v -1.209958 0.372071 0.547071
v -1.209958 0.37366 0.545
v -1.209958 0.374659 0.542588
v -1.575518 0.132412 0.121777
v -1.57458 0.13 0.121436
v -1.573086 0.127929 0.120892
v -1.57114 0.12634 0.120184
v -1.568874 0.125341 0.119359
v -1.209958 0.132412 0.350341
v -1.209958 0.13 0.35134
v -1.209958 0.127929 0.352929
v -1.209958 0.12634 0.355
v -1.209958 0.125341 0.357412
v -1.469471 0.367588 0.39983
v -1.42185 0.367588 0.461891
v -1.402576 0.367588 0.479552
v -1.3366 0.367588 0.521584
v -1.261994 0.367588 0.545107
v -1.236076 0.367588 0.548519
v -1.31003 0.374659 0.524943
v -1.333612 0.374659 0.515175
v -1.310854 0.37366 0.527209
v -1.334631 0.37366 0.517361
v -1.311563 0.372071 0.529155
v -1.335506 0.372071 0.519238
v -1.312106 0.37 0.530649
v -1.336178 0.37 0.520678
v -1.312448 0.367588 0.531588
v -1.449633 0.374659 0.417822
v -1.463347 0.374659 0.396294
v -1.451608 0.37366 0.419205
v -1.465436 0.37366 0.3975
v -1.453305 0.372071 0.420393
v -1.46723 0.372071 0.398536
v -1.454607 0.37 0.421304
v -1.468606 0.37 0.39933
v -1.455425 0.367588 0.421877
v -1.235459 0.374659 0.541475
v -1.235669 0.37366 0.543877
v -1.23585 0.372071 0.545941
v -1.235988 0.37 0.547524
v -1.260766 0.374659 0.538143
v -1.261185 0.37366 0.540518
v -1.261544 0.372071 0.542558
v -1.26182 0.37 0.544123
v -1.287516 0.367588 0.539449
v -1.287257 0.37 0.538484
v -1.286846 0.372071 0.536949
v -1.28631 0.37366 0.534948
v -1.285686 0.374659 0.532618
v -1.359788 0.367588 0.509513
v -1.359289 0.37 0.508647
v -1.358494 0.372071 0.507271
v -1.357459 0.37366 0.505477
v -1.356253 0.374659 0.503389
v -1.37778 0.374659 0.489674
v -1.379164 0.37366 0.49165
v -1.380352 0.372071 0.493346
v -1.381263 0.37 0.494648
v -1.381836 0.367588 0.495467
v -1.398031 0.374659 0.474136
v -1.399581 0.37366 0.475983
v -1.400912 0.372071 0.47757
v -1.401934 0.37 0.478787
v -1.41685 0.374659 0.456891
v -1.418555 0.37366 0.458596
v -1.420019 0.372071 0.460061
v -1.421143 0.37 0.461185
v -1.439511 0.367588 0.442617
v -1.438745 0.37 0.441975
v -1.437528 0.372071 0.440954
v -1.435942 0.37366 0.439622
v -1.434094 0.374659 0.438072
v -1.481542 0.367588 0.376641
v -1.480637 0.37 0.376219
v -1.479196 0.372071 0.375548
v -1.477319 0.37366 0.374672
v -1.475133 0.374659 0.373653
v -1.484901 0.374659 0.350071
v -1.487168 0.37366 0.350896
v -1.489114 0.372071 0.351604
v -1.490607 0.37 0.352148
v -1.491546 0.367588 0.35249
v -1.57519 0.125341 0.105256
v -1.577314 0.12634 0.106397
v -1.579139 0.127929 0.107378
v -1.580539 0.13 0.10813
v -1.581419 0.132412 0.108603
v -1.598547 0.132412 0.085455
v -1.589148 0.132412 0.096411
v -1.609421 0.132412 0.07596
v -1.621545 0.132412 0.068125
v -1.634668 0.132412 0.06211
v -1.648518 0.132412 0.05804
v -1.662808 0.132412 0.056
v -1.588345 0.13 0.095817
v -1.597838 0.13 0.084751
v -1.60882 0.13 0.075162
v -1.621065 0.13 0.067249
v -1.634318 0.13 0.061174
v -1.648306 0.13 0.057064
v -1.662739 0.13 0.055003
v -1.587068 0.127929 0.094871
v -1.596709 0.127929 0.083632
v -1.607864 0.127929 0.073893
v -1.6203 0.127929 0.065855
v -1.633761 0.127929 0.059685
v -1.647969 0.127929 0.055511
v -1.662628 0.127929 0.053418
v -1.585403 0.12634 0.09364
v -1.595238 0.12634 0.082174
v -1.606617 0.12634 0.072239
v -1.619304 0.12634 0.06404
v -1.633036 0.12634 0.057745
v -1.647529 0.12634 0.053487
v -1.662483 0.12634 0.051352
v -1.583464 0.125341 0.092205
v -1.593526 0.125341 0.080476
v -1.605166 0.125341 0.070313
v -1.618144 0.125341 0.061925
v -1.632191 0.125341 0.055486
v -1.647018 0.125341 0.05113
v -1.662315 0.125341 0.048946
v -1.310892 0.125341 0.286737
v -1.304992 0.125341 0.300059
v -1.308626 0.12634 0.285912
v -1.302858 0.12634 0.298935
v -1.30668 0.127929 0.285204
v -1.301026 0.127929 0.297969
v -1.305187 0.13 0.28466
v -1.29962 0.13 0.297229
v -1.304248 0.132412 0.284319
v -1.298736 0.132412 0.296763
v -1.291591 0.132412 0.308347
v -1.282944 0.132412 0.318858
v -1.261804 0.132412 0.335908
v -1.272954 0.132412 0.328102
v -1.249701 0.132412 0.342134
v -1.236867 0.132412 0.346665
v -1.223538 0.132412 0.349418
v -1.292404 0.13 0.308928
v -1.28367 0.13 0.319544
v -1.273581 0.13 0.328879
v -1.262321 0.13 0.336764
v -1.250097 0.13 0.343052
v -1.237135 0.13 0.347628
v -1.223673 0.13 0.350407
v -1.293697 0.127929 0.309852
v -1.284826 0.127929 0.320634
v -1.274578 0.127929 0.330116
v -1.263142 0.127929 0.338124
v -1.250726 0.127929 0.344511
v -1.237561 0.127929 0.349159
v -1.223888 0.127929 0.351982
v -1.295381 0.12634 0.311057
v -1.286333 0.12634 0.322055
v -1.275879 0.12634 0.331728
v -1.264212 0.12634 0.339898
v -1.251547 0.12634 0.346413
v -1.238117 0.12634 0.351154
v -1.224168 0.12634 0.354034
v -1.297344 0.125341 0.312459
v -1.288087 0.125341 0.32371
v -1.277393 0.125341 0.333606
v -1.265458 0.125341 0.341962
v -1.252502 0.125341 0.348627
v -1.238763 0.125341 0.353477
v -1.224495 0.125341 0.356424
v -1.568874 0.374659 0.119359
v -1.57114 0.37366 0.120184
v -1.573086 0.372071 0.120892
v -1.57458 0.37 0.121436
v -1.575518 0.367588 0.121777
v -1.746998 0.13477 0.050424
v -1.746985 0.133389 0.050242
v -1.74699 0.133928 0.050313
v -1.746995 0.134403 0.050376
v -1.74698 0.132838 0.05017
v -1.746976 0.132412 0.050114
v -1.746972 0.132258 0.05005
v -1.746957 0.131732 0.049833
v -1.74691 0.130125 0.049169
v -1.746907 0.13 0.049117
v -1.746815 0.128296 0.047813
v -1.746796 0.127929 0.047532
v -1.746695 0.126826 0.046098
v -1.746651 0.12634 0.045466
v -1.746556 0.125776 0.044109
v -1.746405 0.125193 0.041941
v -1.746483 0.125341 0.04306
v -1.394865 0.125341 0.056025
v -1.392599 0.12634 0.0552
v -1.390652 0.127929 0.054492
v -1.389159 0.13 0.053948
v -1.38822 0.132412 0.053606
v -1.662315 0.374659 0.048946
v -1.647018 0.374659 0.05113
v -1.662483 0.37366 0.051352
v -1.647529 0.37366 0.053487
v -1.662628 0.372071 0.053418
v -1.647969 0.372071 0.055511
v -1.662739 0.37 0.055003
v -1.648306 0.37 0.057064
v -1.662808 0.367588 0.056
v -1.648518 0.367588 0.05804
v -1.621545 0.367588 0.068125
v -1.634668 0.367588 0.06211
v -1.609421 0.367588 0.07596
v -1.598547 0.367588 0.085455
v -1.589148 0.367588 0.096411
v -1.581419 0.367588 0.108603
v -1.634318 0.37 0.061174
v -1.621065 0.37 0.067249
v -1.60882 0.37 0.075162
v -1.597838 0.37 0.084751
v -1.588345 0.37 0.095817
v -1.580539 0.37 0.10813
v -1.633761 0.372071 0.059685
v -1.6203 0.372071 0.065855
v -1.607864 0.372071 0.073893
v -1.596709 0.372071 0.083632
v -1.587068 0.372071 0.094871
v -1.579139 0.372071 0.107378
v -1.633036 0.37366 0.057745
v -1.619304 0.37366 0.06404
v -1.606617 0.37366 0.072239
v -1.595238 0.37366 0.082174
v -1.585403 0.37366 0.09364
v -1.577314 0.37366 0.106397
v -1.632191 0.374659 0.055486
v -1.618144 0.374659 0.061925
v -1.605166 0.374659 0.070313
v -1.593526 0.374659 0.080476
v -1.583464 0.374659 0.092205
v -1.57519 0.374659 0.105256
v -1.7483 0.125912 0.044141
v -1.748071 0.12695 0.046142
v -1.747515 0.132437 0.050068
v -1.748058 0.132774 0.050068
v -1.748512 0.133223 0.050068
v -1.748854 0.133763 0.050068
v -1.749066 0.134365 0.050068
v -1.747752 0.128402 0.047852
v -1.748425 0.12534 0.041951
v -1.748442 0.125282 0.040329
v -1.748884 0.125341 0.040298
v -1.750534 0.12606 0.041951
v -1.750551 0.126033 0.040181
v -1.75129 0.12634 0.04013
v -1.752428 0.127234 0.041951
v -1.752438 0.127222 0.040049
v -1.753356 0.127929 0.039985
v -1.75401 0.128802 0.041951
v -1.754018 0.128793 0.039939
v -1.754942 0.13 0.039874
v -1.755202 0.130685 0.041951
v -1.755219 0.130672 0.039855
v -1.755938 0.132412 0.039805
v -1.755942 0.132786 0.041951
v -1.755985 0.132772 0.039801
v -1.756193 0.135 0.041951
v -1.747359 0.130193 0.049183
v -1.748408 0.130551 0.049183
v -1.74935 0.131136 0.049183
v -1.750138 0.131916 0.049183
v -1.750731 0.132853 0.049183
v -1.751099 0.133898 0.049183
v -1.749138 0.135 0.050068
v -1.7492 0.135 0.050042
v -1.751224 0.135 0.049183
v -1.751256 0.135 0.04916
v -1.752886 0.133488 0.047852
v -1.752381 0.132053 0.047852
v -1.751567 0.130767 0.047852
v -1.750486 0.129696 0.047852
v -1.749192 0.128894 0.047852
v -1.753058 0.135 0.047852
v -1.753066 0.135 0.047842
v -1.754535 0.135 0.046152
v -1.754335 0.133155 0.046142
v -1.753718 0.131404 0.046142
v -1.752725 0.129835 0.046142
v -1.751406 0.128529 0.046142
v -1.749828 0.12755 0.046142
v -1.750283 0.126589 0.044141
v -1.752065 0.127694 0.044141
v -1.753554 0.129169 0.044141
v -1.754675 0.13094 0.044141
v -1.755372 0.132917 0.044141
v -1.754544 0.135 0.046142
v -1.755589 0.135 0.044176
v -1.755608 0.135 0.044141
v -1.756176 0.135 0.042016
v -1.596533 0.132412 -0.134466
v -1.571108 0.132412 -0.126842
v -1.500245 0.132412 -0.090975
v -1.479046 0.132412 -0.075
v -1.425036 0.132412 -0.016769
v -1.410699 0.132412 0.00557
v -1.404799 0.125341 0.032087
v -1.416813 0.125341 0.009122
v -1.402615 0.12634 0.031065
v -1.414727 0.12634 0.007911
v -1.400739 0.127929 0.030187
v -1.412937 0.127929 0.00687
v -1.3993 0.13 0.029513
v -1.411562 0.13 0.006072
v -1.398395 0.132412 0.02909
v -1.46431 0.125341 -0.052179
v -1.483547 0.125341 -0.069547
v -1.462616 0.12634 -0.053896
v -1.482012 0.12634 -0.071407
v -1.461162 0.127929 -0.05537
v -1.480694 0.127929 -0.073004
v -1.460046 0.13 -0.056502
v -1.479682 0.13 -0.07423
v -1.459344 0.132412 -0.057213
v -1.549368 0.125341 -0.110554
v -1.573437 0.125341 -0.120166
v -1.548375 0.12634 -0.112752
v -1.572643 0.12634 -0.122443
v -1.547523 0.127929 -0.114639
v -1.571961 0.127929 -0.124398
v -1.546868 0.13 -0.116087
v -1.571437 0.13 -0.125899
v -1.546457 0.132412 -0.116998
v -1.425852 0.13 -0.016192
v -1.42715 0.127929 -0.015276
v -1.428841 0.12634 -0.014081
v -1.430812 0.125341 -0.01269
v -1.441293 0.132412 -0.037751
v -1.442055 0.13 -0.037105
v -1.443267 0.127929 -0.036077
v -1.444846 0.12634 -0.034737
v -1.446686 0.125341 -0.033177
v -1.504246 0.125341 -0.085145
v -1.502881 0.12634 -0.087133
v -1.501709 0.127929 -0.088841
v -1.50081 0.13 -0.090151
v -1.522774 0.132412 -0.105011
v -1.523264 0.13 -0.10414
v -1.524044 0.127929 -0.102756
v -1.52506 0.12634 -0.100951
v -1.526244 0.125341 -0.098849
v -1.598262 0.125341 -0.12761
v -1.597673 0.12634 -0.129949
v -1.597166 0.127929 -0.131957
v -1.596778 0.13 -0.133498
v -1.622534 0.132412 -0.139811
v -1.622691 0.13 -0.138824
v -1.622942 0.127929 -0.137255
v -1.623269 0.12634 -0.13521
v -1.623649 0.125341 -0.132828
v -1.649398 0.125341 -0.13578
v -1.64923 0.12634 -0.138185
v -1.649085 0.127929 -0.140251
v -1.648974 0.13 -0.141837
v -1.648905 0.132412 -0.142833
v -1.746405 0.374807 0.041941
v -1.746483 0.374659 0.04306
v -1.746556 0.374224 0.044109
v -1.746651 0.37366 0.045466
v -1.746695 0.373174 0.046098
v -1.746796 0.372071 0.047532
v -1.746815 0.371704 0.047813
v -1.746982 0.366965 0.050196
v -1.746988 0.366325 0.05028
v -1.746907 0.37 0.049117
v -1.746972 0.367742 0.05005
v -1.746976 0.367588 0.050114
v -1.746976 0.367573 0.050116
v -1.746993 0.365739 0.050357
v -1.746997 0.36528 0.050417
v -1.749138 0.365 0.050068
v -1.7492 0.365 0.050042
v -1.751224 0.365 0.049183
v -1.751256 0.365 0.04916
v -1.753058 0.365 0.047852
v -1.753066 0.365 0.047842
v -1.754535 0.365 0.046152
v -1.756193 0.365 0.041951
v -1.756176 0.365 0.042016
v -1.755608 0.365 0.044141
v -1.755589 0.365 0.044176
v -1.754544 0.365 0.046142
v -1.736328 0.125341 -0.139264
v -1.738734 0.12634 -0.139432
v -1.738742 0.126346 -0.139433
v -1.7408 0.127929 -0.139576
v -1.742385 0.13 -0.139687
v -1.742389 0.13001 -0.139688
v -1.743382 0.132412 -0.139757
v -1.733597 0.125282 -0.141223
v -1.733566 0.125341 -0.141665
v -1.733449 0.126034 -0.143334
v -1.733397 0.12634 -0.144071
v -1.733317 0.127228 -0.145225
v -1.733253 0.127929 -0.146137
v -1.733206 0.128811 -0.146812
v -1.733072 0.132412 -0.148719
v -1.733121 0.13072 -0.14802
v -1.733142 0.13 -0.147722
v -1.733072 0.132427 -0.148721
v -1.733067 0.133035 -0.148801
v -1.733066 0.133098 -0.148809
v -1.733061 0.133675 -0.148885
v -1.733055 0.134261 -0.148962
v -1.733051 0.13472 -0.149022
v -1.75129 0.37366 0.04013
v -1.751299 0.373654 0.040129
v -1.751248 0.373566 0.041951
v -1.754942 0.37 0.039874
v -1.754946 0.36999 0.039874
v -1.754868 0.369945 0.041951
v -1.755856 0.36756 0.041951
v -1.755938 0.367588 0.039805
v -1.748884 0.374659 0.040298
v -1.748862 0.374554 0.041951
v -1.748711 0.373988 0.044141
v -1.748435 0.372961 0.046142
v -1.748051 0.371525 0.047852
v -1.747576 0.369754 0.049183
v -1.747036 0.367739 0.050068
v -1.747014 0.367656 0.050093
v -1.74772 0.367456 0.050068
v -1.746997 0.367594 0.050111
v -1.747003 0.367615 0.050105
v -1.749041 0.365734 0.050068
v -1.751056 0.366274 0.049183
v -1.752827 0.366748 0.047852
v -1.754263 0.367133 0.046142
v -1.755291 0.367408 0.044141
v -1.748758 0.366418 0.050068
v -1.750565 0.367461 0.049183
v -1.752153 0.368378 0.047852
v -1.75344 0.369121 0.046142
v -1.754361 0.369653 0.044141
v -1.748307 0.367005 0.050068
v -1.749783 0.36848 0.049183
v -1.751079 0.369777 0.047852
v -1.75213 0.370828 0.046142
v -1.752882 0.37158 0.044141
v -1.753296 0.371994 0.041951
v -1.753356 0.372071 0.039985
v -1.748763 0.369262 0.049183
v -1.74968 0.37085 0.047852
v -1.750423 0.372138 0.046142
v -1.750955 0.373059 0.044141
v -1.733167 0.132838 -0.148829
v -1.733746 0.132762 -0.148829
v -1.733746 0.135 -0.149083
v -1.733746 0.125233 -0.14123
v -1.73863 0.126542 -0.14123
v -1.742205 0.130117 -0.14123
v -1.74318 0.132472 -0.14123
v -1.733746 0.125961 -0.143361
v -1.733746 0.127148 -0.145276
v -1.733746 0.128734 -0.146876
v -1.733746 0.130637 -0.148081
v -1.743431 0.135 -0.141213
v -1.743201 0.135 -0.142339
v -1.742477 0.132661 -0.143361
v -1.74271 0.135 -0.143324
v -1.742037 0.135 -0.144675
v -1.741331 0.132968 -0.145276
v -1.741546 0.135 -0.14523
v -1.740307 0.135 -0.14663
v -1.739799 0.133378 -0.146876
v -1.736274 0.125566 -0.14123
v -1.736086 0.126269 -0.143361
v -1.738266 0.127172 -0.143361
v -1.735778 0.127416 -0.145276
v -1.737672 0.1282 -0.145276
v -1.735368 0.128947 -0.146876
v -1.736879 0.129573 -0.146876
v -1.734875 0.130786 -0.148081
v -1.735928 0.131221 -0.148081
v -1.734326 0.132838 -0.148829
v -1.734865 0.133062 -0.148829
v -1.740653 0.128094 -0.14123
v -1.740138 0.128609 -0.143361
v -1.739298 0.129448 -0.145276
v -1.738177 0.130569 -0.146876
v -1.736831 0.131915 -0.148081
v -1.735329 0.133417 -0.148829
v -1.741574 0.130481 -0.143361
v -1.740546 0.131074 -0.145276
v -1.739173 0.131867 -0.146876
v -1.737525 0.132818 -0.148081
v -1.737961 0.133871 -0.148081
v -1.735685 0.133881 -0.148829
v -1.735908 0.134421 -0.148829
v -1.739989 0.135 -0.146841
v -1.73813 0.135 -0.148071
v -1.735973 0.135 -0.148793
v -1.735654 0.135 -0.148899
v -1.736328 0.374659 -0.139264
v -1.738734 0.37366 -0.139432
v -1.738742 0.373654 -0.139433
v -1.7408 0.372071 -0.139576
v -1.742385 0.37 -0.139687
v -1.742389 0.36999 -0.139688
v -1.743382 0.367588 -0.139757
v -1.733746 0.365 -0.149083
v -1.735654 0.365 -0.148899
v -1.735973 0.365 -0.148793
v -1.73813 0.365 -0.148071
v -1.739989 0.365 -0.146841
v -1.740307 0.365 -0.14663
v -1.741546 0.365 -0.14523
v -1.742037 0.365 -0.144675
v -1.74271 0.365 -0.143324
v -1.743201 0.365 -0.142339
v -1.743431 0.365 -0.141213
v -1.734326 0.367162 -0.148829
v -1.733746 0.367238 -0.148829
v -1.734865 0.366938 -0.148829
v -1.735329 0.366583 -0.148829
v -1.737961 0.366129 -0.148081
v -1.735908 0.365579 -0.148829
v -1.741331 0.367032 -0.145276
v -1.733566 0.374659 -0.141665
v -1.733449 0.373966 -0.143334
v -1.733746 0.374039 -0.143361
v -1.733142 0.37 -0.147722
v -1.733121 0.36928 -0.14802
v -1.733746 0.369363 -0.148081
v -1.733066 0.366902 -0.148809
v -1.733061 0.366325 -0.148885
v -1.733051 0.36528 -0.149022
v -1.733055 0.365739 -0.148962
v -1.733067 0.366965 -0.148801
v -1.733167 0.367162 -0.148829
v -1.733072 0.367573 -0.148721
v -1.733072 0.367588 -0.148719
v -1.733397 0.37366 -0.144071
v -1.733317 0.372772 -0.145225
v -1.733746 0.372852 -0.145276
v -1.733253 0.372071 -0.146137
v -1.736274 0.374434 -0.14123
v -1.740653 0.371906 -0.14123
v -1.742205 0.369883 -0.14123
v -1.74318 0.367528 -0.14123
v -1.742477 0.367339 -0.143361
v -1.741574 0.369519 -0.143361
v -1.739799 0.366622 -0.146876
v -1.740546 0.368926 -0.145276
v -1.740138 0.371391 -0.143361
v -1.73863 0.373458 -0.14123
v -1.735368 0.371053 -0.146876
v -1.733746 0.371266 -0.146876
v -1.733206 0.37119 -0.146812
v -1.739173 0.368133 -0.146876
v -1.739298 0.370552 -0.145276
v -1.738266 0.372828 -0.143361
v -1.737525 0.367182 -0.148081
v -1.738177 0.369431 -0.146876
v -1.737672 0.3718 -0.145276
v -1.736086 0.373731 -0.143361
v -1.733746 0.374767 -0.14123
v -1.733597 0.374718 -0.141223
v -1.735928 0.368779 -0.148081
v -1.734875 0.369214 -0.148081
v -1.735778 0.372584 -0.145276
v -1.736879 0.370427 -0.146876
v -1.736831 0.368085 -0.148081
v -1.735685 0.366119 -0.148829
v -1.648905 0.367588 -0.142833
v -1.648974 0.37 -0.141837
v -1.649085 0.372071 -0.140251
v -1.64923 0.37366 -0.138185
v -1.649398 0.374659 -0.13578
v -1.410699 0.367588 0.00557
v -1.425036 0.367588 -0.016769
v -1.479046 0.367588 -0.075
v -1.500245 0.367588 -0.090975
v -1.571108 0.367588 -0.126842
v -1.596533 0.367588 -0.134466
v -1.623649 0.374659 -0.132828
v -1.598262 0.374659 -0.12761
v -1.623269 0.37366 -0.13521
v -1.597673 0.37366 -0.129949
v -1.622942 0.372071 -0.137255
v -1.597166 0.372071 -0.131957
v -1.622691 0.37 -0.138824
v -1.596778 0.37 -0.133498
v -1.622534 0.367588 -0.139811
v -1.526244 0.374659 -0.098849
v -1.504246 0.374659 -0.085145
v -1.52506 0.37366 -0.100951
v -1.502881 0.37366 -0.087133
v -1.524044 0.372071 -0.102756
v -1.501709 0.372071 -0.088841
v -1.523264 0.37 -0.10414
v -1.50081 0.37 -0.090151
v -1.522774 0.367588 -0.105011
v -1.446686 0.374659 -0.033177
v -1.430812 0.374659 -0.01269
v -1.444846 0.37366 -0.034737
v -1.428841 0.37366 -0.014081
v -1.443267 0.372071 -0.036077
v -1.42715 0.372071 -0.015276
v -1.442055 0.37 -0.037105
v -1.425852 0.37 -0.016192
v -1.441293 0.367588 -0.037751
v -1.571437 0.37 -0.125899
v -1.571961 0.372071 -0.124398
v -1.572643 0.37366 -0.122443
v -1.573437 0.374659 -0.120166
v -1.546457 0.367588 -0.116998
v -1.546868 0.37 -0.116087
v -1.547523 0.372071 -0.114639
v -1.548375 0.37366 -0.112752
v -1.549368 0.374659 -0.110554
v -1.479682 0.37 -0.07423
v -1.480694 0.372071 -0.073004
v -1.482012 0.37366 -0.071407
v -1.483547 0.374659 -0.069547
v -1.459344 0.367588 -0.057213
v -1.460046 0.37 -0.056502
v -1.461162 0.372071 -0.05537
v -1.462616 0.37366 -0.053896
v -1.46431 0.374659 -0.052179
v -1.416813 0.374659 0.009122
v -1.414727 0.37366 0.007911
v -1.412937 0.372071 0.00687
v -1.411562 0.37 0.006072
v -1.398395 0.367588 0.02909
v -1.3993 0.37 0.029513
v -1.400739 0.372071 0.030187
v -1.402615 0.37366 0.031065
v -1.404799 0.374659 0.032087
v -1.394865 0.374659 0.056025
v -1.392599 0.37366 0.0552
v -1.390652 0.372071 0.054492
v -1.389159 0.37 0.053948
v -1.38822 0.367588 0.053606
v -1.304248 0.367588 0.284319
v -1.305187 0.37 0.28466
v -1.30668 0.372071 0.285204
v -1.308626 0.37366 0.285912
v -1.310892 0.374659 0.286737
v -1.209958 0.374659 0.357412
v -1.224495 0.374659 0.356424
v -1.209958 0.37366 0.355
v -1.224168 0.37366 0.354034
v -1.209958 0.372071 0.352929
v -1.223888 0.372071 0.351982
v -1.209958 0.37 0.35134
v -1.223673 0.37 0.350407
v -1.209958 0.367588 0.350341
v -1.223538 0.367588 0.349418
v -1.236867 0.367588 0.346665
v -1.249701 0.367588 0.342134
v -1.272954 0.367588 0.328102
v -1.261804 0.367588 0.335908
v -1.282944 0.367588 0.318858
v -1.298736 0.367588 0.296763
v -1.291591 0.367588 0.308347
v -1.237135 0.37 0.347628
v -1.250097 0.37 0.343052
v -1.262321 0.37 0.336764
v -1.273581 0.37 0.328879
v -1.28367 0.37 0.319544
v -1.292404 0.37 0.308928
v -1.29962 0.37 0.297229
v -1.237561 0.372071 0.349159
v -1.250726 0.372071 0.344511
v -1.263142 0.372071 0.338124
v -1.274578 0.372071 0.330116
v -1.284826 0.372071 0.320634
v -1.293697 0.372071 0.309852
v -1.301026 0.372071 0.297969
v -1.238117 0.37366 0.351154
v -1.251547 0.37366 0.346413
v -1.264212 0.37366 0.339898
v -1.275879 0.37366 0.331728
v -1.286333 0.37366 0.322055
v -1.295381 0.37366 0.311057
v -1.302858 0.37366 0.298935
v -1.238763 0.374659 0.353477
v -1.252502 0.374659 0.348627
v -1.265458 0.374659 0.341962
v -1.277393 0.374659 0.333606
v -1.288087 0.374659 0.32371
v -1.297344 0.374659 0.312459
v -1.304992 0.374659 0.300059
v -1.648881 0.865 -0.143173
v -1.648881 0.635 -0.143173
v -1.733049 0.865 -0.149059
v -1.733049 0.635 -0.149059
v -1.649578 0.625 -0.133198
v -1.662135 0.625 0.046364
v -1.733746 0.625 -0.139083
v -1.746302 0.625 0.040478
v -1.747 0.865 0.050454
v -1.747 0.635 0.050454
v -1.662832 0.865 0.05634
v -1.662832 0.635 0.05634
v -1.733746 0.875 -0.139083
v -1.746302 0.875 0.040478
v -1.649578 0.875 -0.133198
v -1.662135 0.875 0.046364
v -1.62248 0.635 -0.140147
v -1.62248 0.865 -0.140147
v -1.614672 0.635 -0.138542
v -1.614672 0.865 -0.138542
v -1.59645 0.635 -0.134797
v -1.59645 0.865 -0.134797
v -1.581177 0.635 -0.130217
v -1.581177 0.865 -0.130217
v -1.570996 0.635 -0.127164
v -1.570996 0.865 -0.127164
v -1.548784 0.635 -0.118294
v -1.548784 0.865 -0.118294
v -1.546317 0.635 -0.117308
v -1.546317 0.865 -0.117308
v -1.522607 0.635 -0.105308
v -1.522607 0.865 -0.105308
v -1.518097 0.635 -0.102498
v -1.518097 0.865 -0.102498
v -1.500052 0.635 -0.091256
v -1.500052 0.865 -0.091256
v -1.489441 0.635 -0.08326
v -1.489441 0.865 -0.08326
v -1.478829 0.635 -0.075263
v -1.478829 0.865 -0.075263
v -1.463048 0.635 -0.061016
v -1.463048 0.865 -0.061016
v -1.459105 0.635 -0.057455
v -1.459105 0.865 -0.057455
v -1.441033 0.635 -0.037972
v -1.441033 0.865 -0.037972
v -1.439407 0.635 -0.035872
v -1.439407 0.865 -0.035872
v -1.424757 0.635 -0.016965
v -1.424757 0.865 -0.016965
v -1.419016 0.635 -0.00802
v -1.419016 0.865 -0.00802
v -1.410404 0.635 0.005399
v -1.410404 0.865 0.005399
v -1.401781 0.635 0.021883
v -1.401781 0.865 0.021883
v -1.398086 0.635 0.028946
v -1.398086 0.865 0.028946
v -1.3879 0.635 0.05349
v -1.3879 0.865 0.05349
v -1.397297 0.625 0.05691
v -1.566442 0.625 0.118474
v -1.407143 0.625 0.033184
v -1.57291 0.625 0.104031
v -1.591687 0.625 0.078654
v -1.448659 0.625 -0.031503
v -1.581384 0.625 0.090665
v -1.432926 0.625 -0.011197
v -1.419051 0.625 0.010422
v -1.631285 0.625 0.053062
v -1.646468 0.625 0.048601
v -1.598895 0.625 -0.1251
v -1.603608 0.625 0.068246
v -1.485195 0.625 -0.067551
v -1.466128 0.625 -0.050337
v -1.624057 0.625 -0.130272
v -1.57429 0.625 -0.117722
v -1.550433 0.625 -0.108195
v -1.616899 0.625 0.059656
v -1.527514 0.625 -0.096594
v -1.50571 0.625 -0.083011
v -1.575839 0.635 0.121894
v -1.575839 0.865 0.121894
v -1.581719 0.635 0.108764
v -1.581719 0.865 0.108764
v -1.584286 0.635 0.104715
v -1.584286 0.865 0.104715
v -1.589422 0.635 0.096614
v -1.589422 0.865 0.096614
v -1.595668 0.635 0.089333
v -1.595668 0.865 0.089333
v -1.598789 0.635 0.085694
v -1.598789 0.865 0.085694
v -1.609626 0.635 0.076232
v -1.609626 0.865 0.076232
v -1.621709 0.635 0.068423
v -1.621709 0.865 0.068423
v -1.626067 0.635 0.066426
v -1.626067 0.865 0.066426
v -1.634787 0.635 0.062429
v -1.634787 0.865 0.062429
v -1.643991 0.635 0.059724
v -1.643991 0.865 0.059724
v -1.64859 0.635 0.058373
v -1.64859 0.865 0.058373
v -1.581384 0.875 0.090665
v -1.57291 0.875 0.104031
v -1.419051 0.875 0.010422
v -1.407143 0.875 0.033184
v -1.566442 0.875 0.118474
v -1.397297 0.875 0.05691
v -1.624057 0.875 -0.130272
v -1.646468 0.875 0.048601
v -1.591687 0.875 0.078654
v -1.485195 0.875 -0.067551
v -1.603608 0.875 0.068246
v -1.50571 0.875 -0.083011
v -1.616899 0.875 0.059656
v -1.527514 0.875 -0.096594
v -1.550433 0.875 -0.108195
v -1.631285 0.875 0.053062
v -1.57429 0.875 -0.117722
v -1.598895 0.875 -0.1251
v -1.432926 0.875 -0.011197
v -1.448659 0.875 -0.031503
v -1.466128 0.875 -0.050337
v -1.303928 0.865 0.284202
v -1.303928 0.635 0.284202
v -1.313325 0.625 0.287622
v -1.482469 0.625 0.349186
v -1.491866 0.865 0.352606
v -1.491866 0.635 0.352606
v -1.313325 0.875 0.287622
v -1.482469 0.875 0.349186
v -1.209958 0.865 0.35
v -1.209958 0.635 0.35
v -1.223492 0.865 0.34908
v -1.223492 0.635 0.34908
v -1.230134 0.865 0.347709
v -1.230134 0.635 0.347709
v -1.236776 0.865 0.346337
v -1.236776 0.635 0.346337
v -1.249566 0.865 0.341822
v -1.249566 0.635 0.341822
v -1.261629 0.865 0.335617
v -1.261629 0.635 0.335617
v -1.267184 0.865 0.331727
v -1.267184 0.635 0.331727
v -1.27274 0.865 0.327836
v -1.27274 0.635 0.327836
v -1.282696 0.865 0.318624
v -1.282696 0.635 0.318624
v -1.291314 0.865 0.308149
v -1.291314 0.635 0.308149
v -1.294874 0.865 0.302377
v -1.294874 0.635 0.302377
v -1.298435 0.865 0.296604
v -1.298435 0.635 0.296604
v -1.472788 0.625 0.372559
v -1.307282 0.625 0.301265
v -1.28997 0.625 0.325487
v -1.279018 0.625 0.33562
v -1.396367 0.625 0.472153
v -1.376296 0.625 0.487554
v -1.266795 0.625 0.344178
v -1.354959 0.625 0.501147
v -1.41502 0.625 0.455061
v -1.432111 0.625 0.436408
v -1.299449 0.625 0.313964
v -1.447513 0.625 0.416337
v -1.461106 0.625 0.395
v -1.332518 0.625 0.512829
v -1.253527 0.625 0.351004
v -1.309144 0.625 0.522511
v -1.239457 0.625 0.355971
v -1.285016 0.625 0.530118
v -1.260316 0.625 0.535594
v -1.224845 0.625 0.358988
v -1.235234 0.625 0.538897
v -1.209958 0.625 0.36
v -1.209958 0.625 0.54
v -1.481851 0.865 0.376785
v -1.481851 0.635 0.376785
v -1.477017 0.865 0.386071
v -1.477017 0.635 0.386071
v -1.469766 0.865 0.4
v -1.469766 0.635 0.4
v -1.458516 0.865 0.41766
v -1.458516 0.635 0.41766
v -1.455704 0.865 0.422073
v -1.455704 0.635 0.422073
v -1.439772 0.865 0.442836
v -1.439772 0.635 0.442836
v -1.436237 0.865 0.446694
v -1.436237 0.635 0.446694
v -1.422091 0.865 0.462132
v -1.422091 0.635 0.462132
v -1.410512 0.865 0.472741
v -1.410512 0.635 0.472741
v -1.402795 0.865 0.479813
v -1.402795 0.635 0.479813
v -1.382031 0.865 0.495746
v -1.382031 0.635 0.495746
v -1.359958 0.865 0.509808
v -1.359958 0.635 0.509808
v -1.350673 0.865 0.514641
v -1.350673 0.635 0.514641
v -1.336744 0.865 0.521892
v -1.336744 0.635 0.521892
v -1.317399 0.865 0.529905
v -1.317399 0.635 0.529905
v -1.312565 0.865 0.531908
v -1.312565 0.635 0.531908
v -1.287604 0.865 0.539778
v -1.287604 0.635 0.539778
v -1.282496 0.865 0.54091
v -1.282496 0.635 0.54091
v -1.262053 0.865 0.545442
v -1.262053 0.635 0.545442
v -1.246484 0.865 0.547492
v -1.246484 0.635 0.547492
v -1.236105 0.865 0.548858
v -1.236105 0.635 0.548858
v -1.209958 0.865 0.55
v -1.209958 0.635 0.55
v -1.472788 0.875 0.372559
v -1.299449 0.875 0.313964
v -1.432111 0.875 0.436408
v -1.28997 0.875 0.325487
v -1.41502 0.875 0.455061
v -1.279018 0.875 0.33562
v -1.307282 0.875 0.301265
v -1.461106 0.875 0.395
v -1.447513 0.875 0.416337
v -1.209958 0.875 0.54
v -1.209958 0.875 0.36
v -1.235234 0.875 0.538897
v -1.224845 0.875 0.358988
v -1.396367 0.875 0.472153
v -1.376296 0.875 0.487554
v -1.266795 0.875 0.344178
v -1.354959 0.875 0.501147
v -1.253527 0.875 0.351004
v -1.332518 0.875 0.512829
v -1.309144 0.875 0.522511
v -1.239457 0.875 0.355971
v -1.285016 0.875 0.530118
v -1.260316 0.875 0.535594
v -1.15 0.875 0.36
v -1.15 0.875 0.54
v -1.15 0.865 0.35
v -1.15 0.635 0.35
v -1.15 0.625 0.36
v -1.15 0.625 0.54
v -1.15 0.865 0.55
v -1.15 0.635 0.55
v -1.756278 0.865 0.039781
v -1.743722 0.865 -0.139781
v -1.756278 0.635 0.039781
v -1.743722 0.635 -0.139781
v -1.15 0.625341 0.357412
v -1.15 0.872071 0.352929
v -1.15 0.87366 0.355
v -1.15 0.874659 0.357412
v -1.15 0.874659 0.542588
v -1.15 0.62634 0.355
v -1.15 0.627929 0.352929
v -1.15 0.632412 0.350341
v -1.15 0.63 0.35134
v -1.15 0.632412 0.549659
v -1.15 0.87 0.35134
v -1.15 0.87366 0.545
v -1.15 0.872071 0.547071
v -1.15 0.867588 0.350341
v -1.15 0.87 0.54866
v -1.15 0.867588 0.549659
v -1.15 0.63 0.54866
v -1.15 0.627929 0.547071
v -1.15 0.62634 0.545
v -1.15 0.625341 0.542588
v -1.209958 0.625341 0.542588
v -1.209958 0.62634 0.545
v -1.209958 0.627929 0.547071
v -1.209958 0.63 0.54866
v -1.209958 0.632412 0.549659
v -1.261994 0.632412 0.545107
v -1.3366 0.632412 0.521584
v -1.359788 0.632412 0.509513
v -1.42185 0.632412 0.461891
v -1.469471 0.632412 0.39983
v -1.481542 0.632412 0.376641
v -1.434094 0.625341 0.438072
v -1.41685 0.625341 0.456891
v -1.435942 0.62634 0.439622
v -1.418555 0.62634 0.458596
v -1.437528 0.627929 0.440954
v -1.420019 0.627929 0.460061
v -1.438745 0.63 0.441975
v -1.421143 0.63 0.461185
v -1.439511 0.632412 0.442617
v -1.285686 0.625341 0.532618
v -1.260766 0.625341 0.538143
v -1.28631 0.62634 0.534948
v -1.261185 0.62634 0.540518
v -1.286846 0.627929 0.536949
v -1.261544 0.627929 0.542558
v -1.287257 0.63 0.538484
v -1.26182 0.63 0.544123
v -1.287516 0.632412 0.539449
v -1.484901 0.625341 0.350071
v -1.475133 0.625341 0.373653
v -1.487168 0.62634 0.350896
v -1.477319 0.62634 0.374672
v -1.489114 0.627929 0.351604
v -1.479196 0.627929 0.375548
v -1.490607 0.63 0.352148
v -1.480637 0.63 0.376219
v -1.491546 0.632412 0.35249
v -1.463347 0.625341 0.396294
v -1.465436 0.62634 0.3975
v -1.46723 0.627929 0.398536
v -1.468606 0.63 0.39933
v -1.455425 0.632412 0.421877
v -1.454607 0.63 0.421304
v -1.453305 0.627929 0.420393
v -1.451608 0.62634 0.419205
v -1.449633 0.625341 0.417822
v -1.402576 0.632412 0.479552
v -1.401934 0.63 0.478787
v -1.400912 0.627929 0.47757
v -1.399581 0.62634 0.475983
v -1.398031 0.625341 0.474136
v -1.37778 0.625341 0.489674
v -1.379164 0.62634 0.49165
v -1.380352 0.627929 0.493346
v -1.381263 0.63 0.494648
v -1.381836 0.632412 0.495467
v -1.356253 0.625341 0.503389
v -1.357459 0.62634 0.505477
v -1.358494 0.627929 0.507271
v -1.359289 0.63 0.508647
v -1.333612 0.625341 0.515175
v -1.334631 0.62634 0.517361
v -1.335506 0.627929 0.519238
v -1.336178 0.63 0.520678
v -1.312448 0.632412 0.531588
v -1.312106 0.63 0.530649
v -1.311563 0.627929 0.529155
v -1.310854 0.62634 0.527209
v -1.31003 0.625341 0.524943
v -1.236076 0.632412 0.548519
v -1.235988 0.63 0.547524
v -1.23585 0.627929 0.545941
v -1.235669 0.62634 0.543877
v -1.235459 0.625341 0.541475
v -1.209958 0.867588 0.549659
v -1.209958 0.87 0.54866
v -1.209958 0.872071 0.547071
v -1.209958 0.87366 0.545
v -1.209958 0.874659 0.542588
v -1.575518 0.632412 0.121777
v -1.57458 0.63 0.121436
v -1.573086 0.627929 0.120892
v -1.57114 0.62634 0.120184
v -1.568874 0.625341 0.119359
v -1.209958 0.632412 0.350341
v -1.209958 0.63 0.35134
v -1.209958 0.627929 0.352929
v -1.209958 0.62634 0.355
v -1.209958 0.625341 0.357412
v -1.469471 0.867588 0.39983
v -1.42185 0.867588 0.461891
v -1.402576 0.867588 0.479552
v -1.3366 0.867588 0.521584
v -1.261994 0.867588 0.545107
v -1.236076 0.867588 0.548519
v -1.31003 0.874659 0.524943
v -1.333612 0.874659 0.515175
v -1.310854 0.87366 0.527209
v -1.334631 0.87366 0.517361
v -1.311563 0.872071 0.529155
v -1.335506 0.872071 0.519238
v -1.312106 0.87 0.530649
v -1.336178 0.87 0.520678
v -1.312448 0.867588 0.531588
v -1.449633 0.874659 0.417822
v -1.463347 0.874659 0.396294
v -1.451608 0.87366 0.419205
v -1.465436 0.87366 0.3975
v -1.453305 0.872071 0.420393
v -1.46723 0.872071 0.398536
v -1.454607 0.87 0.421304
v -1.468606 0.87 0.39933
v -1.455425 0.867588 0.421877
v -1.235459 0.874659 0.541475
v -1.235669 0.87366 0.543877
v -1.23585 0.872071 0.545941
v -1.235988 0.87 0.547524
v -1.260766 0.874659 0.538143
v -1.261185 0.87366 0.540518
v -1.261544 0.872071 0.542558
v -1.26182 0.87 0.544123
v -1.287516 0.867588 0.539449
v -1.287257 0.87 0.538484
v -1.286846 0.872071 0.536949
v -1.28631 0.87366 0.534948
v -1.285686 0.874659 0.532618
v -1.359788 0.867588 0.509513
v -1.359289 0.87 0.508647
v -1.358494 0.872071 0.507271
v -1.357459 0.87366 0.505477
v -1.356253 0.874659 0.503389
v -1.37778 0.874659 0.489674
v -1.379164 0.87366 0.49165
v -1.380352 0.872071 0.493346
v -1.381263 0.87 0.494648
v -1.381836 0.867588 0.495467
v -1.398031 0.874659 0.474136
v -1.399581 0.87366 0.475983
v -1.400912 0.872071 0.47757
v -1.401934 0.87 0.478787
v -1.41685 0.874659 0.456891
v -1.418555 0.87366 0.458596
v -1.420019 0.872071 0.460061
v -1.421143 0.87 0.461185
v -1.439511 0.867588 0.442617
v -1.438745 0.87 0.441975
v -1.437528 0.872071 0.440954
v -1.435942 0.87366 0.439622
v -1.434094 0.874659 0.438072
v -1.481542 0.867588 0.376641
v -1.480637 0.87 0.376219
v -1.479196 0.872071 0.375548
v -1.477319 0.87366 0.374672
v -1.475133 0.874659 0.373653
v -1.484901 0.874659 0.350071
v -1.487168 0.87366 0.350896
v -1.489114 0.872071 0.351604
v -1.490607 0.87 0.352148
v -1.491546 0.867588 0.35249
v -1.57519 0.625341 0.105256
v -1.577314 0.62634 0.106397
v -1.579139 0.627929 0.107378
v -1.580539 0.63 0.10813
v -1.581419 0.632412 0.108603
v -1.598547 0.632412 0.085455
v -1.589148 0.632412 0.096411
v -1.609421 0.632412 0.07596
v -1.621545 0.632412 0.068125
v -1.634668 0.632412 0.06211
v -1.648518 0.632412 0.05804
v -1.662808 0.632412 0.056
v -1.588345 0.63 0.095817
v -1.597838 0.63 0.084751
v -1.60882 0.63 0.075162
v -1.621065 0.63 0.067249
v -1.634318 0.63 0.061174
v -1.648306 0.63 0.057064
v -1.662739 0.63 0.055003
v -1.587068 0.627929 0.094871
v -1.596709 0.627929 0.083632
v -1.607864 0.627929 0.073893
v -1.6203 0.627929 0.065855
v -1.633761 0.627929 0.059685
v -1.647969 0.627929 0.055511
v -1.662628 0.627929 0.053418
v -1.585403 0.62634 0.09364
v -1.595238 0.62634 0.082174
v -1.606617 0.62634 0.072239
v -1.619304 0.62634 0.06404
v -1.633036 0.62634 0.057745
v -1.647529 0.62634 0.053487
v -1.662483 0.62634 0.051352
v -1.583464 0.625341 0.092205
v -1.593526 0.625341 0.080476
v -1.605166 0.625341 0.070313
v -1.618144 0.625341 0.061925
v -1.632191 0.625341 0.055486
v -1.647018 0.625341 0.05113
v -1.662315 0.625341 0.048946
v -1.310892 0.625341 0.286737
v -1.304992 0.625341 0.300059
v -1.308626 0.62634 0.285912
v -1.302858 0.62634 0.298935
v -1.30668 0.627929 0.285204
v -1.301026 0.627929 0.297969
v -1.305187 0.63 0.28466
v -1.29962 0.63 0.297229
v -1.304248 0.632412 0.284319
v -1.298736 0.632412 0.296763
v -1.291591 0.632412 0.308347
v -1.282944 0.632412 0.318858
v -1.261804 0.632412 0.335908
v -1.272954 0.632412 0.328102
v -1.249701 0.632412 0.342134
v -1.236867 0.632412 0.346665
v -1.223538 0.632412 0.349418
v -1.292404 0.63 0.308928
v -1.28367 0.63 0.319544
v -1.273581 0.63 0.328879
v -1.262321 0.63 0.336764
v -1.250097 0.63 0.343052
v -1.237135 0.63 0.347628
v -1.223673 0.63 0.350407
v -1.293697 0.627929 0.309852
v -1.284826 0.627929 0.320634
v -1.274578 0.627929 0.330116
v -1.263142 0.627929 0.338124
v -1.250726 0.627929 0.344511
v -1.237561 0.627929 0.349159
v -1.223888 0.627929 0.351982
v -1.295381 0.62634 0.311057
v -1.286333 0.62634 0.322055
v -1.275879 0.62634 0.331728
v -1.264212 0.62634 0.339898
v -1.251547 0.62634 0.346413
v -1.238117 0.62634 0.351154
v -1.224168 0.62634 0.354034
v -1.297344 0.625341 0.312459
v -1.288087 0.625341 0.32371
v -1.277393 0.625341 0.333606
v -1.265458 0.625341 0.341962
v -1.252502 0.625341 0.348627
v -1.238763 0.625341 0.353477
v -1.224495 0.625341 0.356424
v -1.568874 0.874659 0.119359
v -1.57114 0.87366 0.120184
v -1.573086 0.872071 0.120892
v -1.57458 0.87 0.121436
v -1.575518 0.867588 0.121777
v -1.746998 0.63477 0.050424
v -1.746985 0.633389 0.050242
v -1.74699 0.633928 0.050313
v -1.746995 0.634403 0.050376
v -1.74698 0.632838 0.05017
v -1.746976 0.632412 0.050114
v -1.746972 0.632258 0.05005
v -1.746957 0.631732 0.049833
v -1.74691 0.630125 0.049169
v -1.746907 0.63 0.049117
v -1.746815 0.628296 0.047813
v -1.746796 0.627929 0.047532
v -1.746695 0.626826 0.046098
v -1.746651 0.62634 0.045466
v -1.746556 0.625776 0.044109
v -1.746405 0.625193 0.041941
v -1.746483 0.625341 0.04306
v -1.394865 0.625341 0.056025
v -1.392599 0.62634 0.0552
v -1.390652 0.627929 0.054492
v -1.389159 0.63 0.053948
v -1.38822 0.632412 0.053606
v -1.662315 0.874659 0.048946
v -1.647018 0.874659 0.05113
v -1.662483 0.87366 0.051352
v -1.647529 0.87366 0.053487
v -1.662628 0.872071 0.053418
v -1.647969 0.872071 0.055511
v -1.662739 0.87 0.055003
v -1.648306 0.87 0.057064
v -1.662808 0.867588 0.056
v -1.648518 0.867588 0.05804
v -1.621545 0.867588 0.068125
v -1.634668 0.867588 0.06211
v -1.609421 0.867588 0.07596
v -1.598547 0.867588 0.085455
v -1.589148 0.867588 0.096411
v -1.581419 0.867588 0.108603
v -1.634318 0.87 0.061174
v -1.621065 0.87 0.067249
v -1.60882 0.87 0.075162
v -1.597838 0.87 0.084751
v -1.588345 0.87 0.095817
v -1.580539 0.87 0.10813
v -1.633761 0.872071 0.059685
v -1.6203 0.872071 0.065855
v -1.607864 0.872071 0.073893
v -1.596709 0.872071 0.083632
v -1.587068 0.872071 0.094871
v -1.579139 0.872071 0.107378
v -1.633036 0.87366 0.057745
v -1.619304 0.87366 0.06404
v -1.606617 0.87366 0.072239
v -1.595238 0.87366 0.082174
v -1.585403 0.87366 0.09364
v -1.577314 0.87366 0.106397
v -1.632191 0.874659 0.055486
v -1.618144 0.874659 0.061925
v -1.605166 0.874659 0.070313
v -1.593526 0.874659 0.080476
v -1.583464 0.874659 0.092205
v -1.57519 0.874659 0.105256
v -1.7483 0.625912 0.044141
v -1.748071 0.62695 0.046142
v -1.747515 0.632437 0.050068
v -1.748058 0.632774 0.050068
v -1.748512 0.633223 0.050068
v -1.748854 0.633763 0.050068
v -1.749066 0.634365 0.050068
v -1.747752 0.628402 0.047852
v -1.748425 0.62534 0.041951
v -1.748442 0.625282 0.040329
v -1.748884 0.625341 0.040298
v -1.750534 0.62606 0.041951
v -1.750551 0.626033 0.040181
v -1.75129 0.62634 0.04013
v -1.752428 0.627234 0.041951
v -1.752438 0.627222 0.040049
v -1.753356 0.627929 0.039985
v -1.75401 0.628802 0.041951
v -1.754018 0.628793 0.039939
v -1.754942 0.63 0.039874
v -1.755202 0.630685 0.041951
v -1.755219 0.630672 0.039855
v -1.755938 0.632412 0.039805
v -1.755942 0.632786 0.041951
v -1.755985 0.632772 0.039801
v -1.756193 0.635 0.041951
v -1.747359 0.630193 0.049183
v -1.748408 0.630551 0.049183
v -1.74935 0.631136 0.049183
v -1.750138 0.631916 0.049183
v -1.750731 0.632853 0.049183
v -1.751099 0.633898 0.049183
v -1.749138 0.635 0.050068
v -1.7492 0.635 0.050042
v -1.751224 0.635 0.049183
v -1.751256 0.635 0.04916
v -1.752886 0.633488 0.047852
v -1.752381 0.632053 0.047852
v -1.751567 0.630767 0.047852
v -1.750486 0.629696 0.047852
v -1.749192 0.628894 0.047852
v -1.753058 0.635 0.047852
v -1.753066 0.635 0.047842
v -1.754535 0.635 0.046152
v -1.754335 0.633155 0.046142
v -1.753718 0.631404 0.046142
v -1.752725 0.629835 0.046142
v -1.751406 0.628529 0.046142
v -1.749828 0.62755 0.046142
v -1.750283 0.626589 0.044141
v -1.752065 0.627694 0.044141
v -1.753554 0.629169 0.044141
v -1.754675 0.63094 0.044141
v -1.755372 0.632917 0.044141
v -1.754544 0.635 0.046142
v -1.755589 0.635 0.044176
v -1.755608 0.635 0.044141
v -1.756176 0.635 0.042016
v -1.596533 0.632412 -0.134466
v -1.571108 0.632412 -0.126842
v -1.500245 0.632412 -0.090975
v -1.479046 0.632412 -0.075
v -1.425036 0.632412 -0.016769
v -1.410699 0.632412 0.00557
v -1.404799 0.625341 0.032087
v -1.416813 0.625341 0.009122
v -1.402615 0.62634 0.031065
v -1.414727 0.62634 0.007911
v -1.400739 0.627929 0.030187
v -1.412937 0.627929 0.00687
v -1.3993 0.63 0.029513
v -1.411562 0.63 0.006072
v -1.398395 0.632412 0.02909
v -1.46431 0.625341 -0.052179
v -1.483547 0.625341 -0.069547
v -1.462616 0.62634 -0.053896
v -1.482012 0.62634 -0.071407
v -1.461162 0.627929 -0.05537
v -1.480694 0.627929 -0.073004
v -1.460046 0.63 -0.056502
v -1.479682 0.63 -0.07423
v -1.459344 0.632412 -0.057213
v -1.549368 0.625341 -0.110554
v -1.573437 0.625341 -0.120166
v -1.548375 0.62634 -0.112752
v -1.572643 0.62634 -0.122443
v -1.547523 0.627929 -0.114639
v -1.571961 0.627929 -0.124398
v -1.546868 0.63 -0.116087
v -1.571437 0.63 -0.125899
v -1.546457 0.632412 -0.116998
v -1.425852 0.63 -0.016192
v -1.42715 0.627929 -0.015276
v -1.428841 0.62634 -0.014081
v -1.430812 0.625341 -0.01269
v -1.441293 0.632412 -0.037751
v -1.442055 0.63 -0.037105
v -1.443267 0.627929 -0.036077
v -1.444846 0.62634 -0.034737
v -1.446686 0.625341 -0.033177
v -1.504246 0.625341 -0.085145
v -1.502881 0.62634 -0.087133
v -1.501709 0.627929 -0.088841
v -1.50081 0.63 -0.090151
v -1.522774 0.632412 -0.105011
v -1.523264 0.63 -0.10414
v -1.524044 0.627929 -0.102756
v -1.52506 0.62634 -0.100951
v -1.526244 0.625341 -0.098849
v -1.598262 0.625341 -0.12761
v -1.597673 0.62634 -0.129949
v -1.597166 0.627929 -0.131957
v -1.596778 0.63 -0.133498
v -1.622534 0.632412 -0.139811
v -1.622691 0.63 -0.138824
v -1.622942 0.627929 -0.137255
v -1.623269 0.62634 -0.13521
v -1.623649 0.625341 -0.132828
v -1.649398 0.625341 -0.13578
v -1.64923 0.62634 -0.138185
v -1.649085 0.627929 -0.140251
v -1.648974 0.63 -0.141837
v -1.648905 0.632412 -0.142833
v -1.746405 0.874807 0.041941
v -1.746483 0.874659 0.04306
v -1.746556 0.874224 0.044109
v -1.746651 0.87366 0.045466
v -1.746695 0.873174 0.046098
v -1.746796 0.872071 0.047532
v -1.746815 0.871704 0.047813
v -1.746982 0.866965 0.050196
v -1.746988 0.866325 0.05028
v -1.746907 0.87 0.049117
v -1.746972 0.867742 0.05005
v -1.746976 0.867588 0.050114
v -1.746976 0.867573 0.050116
v -1.746993 0.865739 0.050357
v -1.746997 0.86528 0.050417
v -1.749138 0.865 0.050068
v -1.7492 0.865 0.050042
v -1.751224 0.865 0.049183
v -1.751256 0.865 0.04916
v -1.753058 0.865 0.047852
v -1.753066 0.865 0.047842
v -1.754535 0.865 0.046152
v -1.756193 0.865 0.041951
v -1.756176 0.865 0.042016
v -1.755608 0.865 0.044141
v -1.755589 0.865 0.044176
v -1.754544 0.865 0.046142
v -1.736328 0.625341 -0.139264
v -1.738734 0.62634 -0.139432
v -1.738742 0.626346 -0.139433
v -1.7408 0.627929 -0.139576
v -1.742385 0.63 -0.139687
v -1.742389 0.63001 -0.139688
v -1.743382 0.632412 -0.139757
v -1.733597 0.625282 -0.141223
v -1.733566 0.625341 -0.141665
v -1.733449 0.626034 -0.143334
v -1.733397 0.62634 -0.144071
v -1.733317 0.627228 -0.145225
v -1.733253 0.627929 -0.146137
v -1.733206 0.62881 -0.146812
v -1.733072 0.632412 -0.148719
v -1.733121 0.63072 -0.14802
v -1.733142 0.63 -0.147722
v -1.733072 0.632427 -0.148721
v -1.733067 0.633035 -0.148801
v -1.733066 0.633098 -0.148809
v -1.733061 0.633675 -0.148885
v -1.733055 0.634261 -0.148962
v -1.733051 0.63472 -0.149022
v -1.75129 0.87366 0.04013
v -1.751299 0.873654 0.040129
v -1.751248 0.873566 0.041951
v -1.754942 0.87 0.039874
v -1.754946 0.86999 0.039874
v -1.754868 0.869945 0.041951
v -1.755856 0.86756 0.041951
v -1.755938 0.867588 0.039805
v -1.748884 0.874659 0.040298
v -1.748862 0.874554 0.041951
v -1.748711 0.873988 0.044141
v -1.748435 0.872961 0.046142
v -1.748051 0.871525 0.047852
v -1.747576 0.869754 0.049183
v -1.747036 0.867739 0.050068
v -1.747014 0.867656 0.050093
v -1.74772 0.867455 0.050068
v -1.746997 0.867594 0.050111
v -1.747003 0.867615 0.050105
v -1.749041 0.865734 0.050068
v -1.751056 0.866274 0.049183
v -1.752827 0.866748 0.047852
v -1.754263 0.867133 0.046142
v -1.755291 0.867408 0.044141
v -1.748758 0.866418 0.050068
v -1.750565 0.867461 0.049183
v -1.752153 0.868378 0.047852
v -1.75344 0.869121 0.046142
v -1.754361 0.869653 0.044141
v -1.748307 0.867005 0.050068
v -1.749783 0.86848 0.049183
v -1.751079 0.869777 0.047852
v -1.75213 0.870828 0.046142
v -1.752882 0.87158 0.044141
v -1.753296 0.871994 0.041951
v -1.753356 0.872071 0.039985
v -1.748763 0.869262 0.049183
v -1.74968 0.87085 0.047852
v -1.750423 0.872138 0.046142
v -1.750955 0.873059 0.044141
v -1.733167 0.632838 -0.148829
v -1.733746 0.632762 -0.148829
v -1.733746 0.635 -0.149083
v -1.733746 0.625233 -0.14123
v -1.73863 0.626542 -0.14123
v -1.742205 0.630117 -0.14123
v -1.74318 0.632472 -0.14123
v -1.733746 0.625961 -0.143361
v -1.733746 0.627148 -0.145276
v -1.733746 0.628734 -0.146876
v -1.733746 0.630637 -0.148081
v -1.743431 0.635 -0.141213
v -1.743201 0.635 -0.142339
v -1.742477 0.632661 -0.143361
v -1.74271 0.635 -0.143324
v -1.742037 0.635 -0.144675
v -1.741331 0.632968 -0.145276
v -1.741546 0.635 -0.14523
v -1.740307 0.635 -0.14663
v -1.739799 0.633378 -0.146876
v -1.736274 0.625566 -0.14123
v -1.736086 0.626269 -0.143361
v -1.738266 0.627172 -0.143361
v -1.735778 0.627416 -0.145276
v -1.737672 0.6282 -0.145276
v -1.735368 0.628947 -0.146876
v -1.736879 0.629573 -0.146876
v -1.734875 0.630786 -0.148081
v -1.735928 0.631221 -0.148081
v -1.734326 0.632838 -0.148829
v -1.734865 0.633062 -0.148829
v -1.740653 0.628094 -0.14123
v -1.740138 0.628609 -0.143361
v -1.739298 0.629448 -0.145276
v -1.738177 0.630569 -0.146876
v -1.736831 0.631915 -0.148081
v -1.735329 0.633417 -0.148829
v -1.741574 0.630481 -0.143361
v -1.740546 0.631074 -0.145276
v -1.739173 0.631867 -0.146876
v -1.737525 0.632818 -0.148081
v -1.737961 0.633871 -0.148081
v -1.735685 0.633881 -0.148829
v -1.735908 0.634421 -0.148829
v -1.739989 0.635 -0.146841
v -1.73813 0.635 -0.148071
v -1.735973 0.635 -0.148793
v -1.735654 0.635 -0.148899
v -1.736328 0.874659 -0.139264
v -1.738734 0.87366 -0.139432
v -1.738742 0.873654 -0.139433
v -1.7408 0.872071 -0.139576
v -1.742385 0.87 -0.139687
v -1.742389 0.86999 -0.139688
v -1.743382 0.867588 -0.139757
v -1.733746 0.865 -0.149083
v -1.735654 0.865 -0.148899
v -1.735973 0.865 -0.148793
v -1.73813 0.865 -0.148071
v -1.739989 0.865 -0.146841
v -1.740307 0.865 -0.14663
v -1.741546 0.865 -0.14523
v -1.742037 0.865 -0.144675
v -1.74271 0.865 -0.143324
v -1.743201 0.865 -0.142339
v -1.743431 0.865 -0.141213
v -1.734326 0.867162 -0.148829
v -1.733746 0.867238 -0.148829
v -1.734865 0.866938 -0.148829
v -1.735329 0.866583 -0.148829
v -1.737961 0.866129 -0.148081
v -1.735908 0.865579 -0.148829
v -1.741331 0.867032 -0.145276
v -1.733566 0.874659 -0.141665
v -1.733449 0.873966 -0.143334
v -1.733746 0.874039 -0.143361
v -1.733142 0.87 -0.147722
v -1.733121 0.86928 -0.14802
v -1.733746 0.869363 -0.148081
v -1.733066 0.866902 -0.148809
v -1.733061 0.866325 -0.148885
v -1.733051 0.86528 -0.149022
v -1.733055 0.865739 -0.148962
v -1.733067 0.866965 -0.148801
v -1.733167 0.867162 -0.148829
v -1.733072 0.867573 -0.148721
v -1.733072 0.867588 -0.148719
v -1.733397 0.87366 -0.144071
v -1.733317 0.872772 -0.145225
v -1.733746 0.872852 -0.145276
v -1.733253 0.872071 -0.146137
v -1.736274 0.874434 -0.14123
v -1.740653 0.871906 -0.14123
v -1.742205 0.869883 -0.14123
v -1.74318 0.867528 -0.14123
v -1.742477 0.867339 -0.143361
v -1.741574 0.869519 -0.143361
v -1.739799 0.866622 -0.146876
v -1.740546 0.868926 -0.145276
v -1.740138 0.871391 -0.143361
v -1.73863 0.873458 -0.14123
v -1.735368 0.871053 -0.146876
v -1.733746 0.871266 -0.146876
v -1.733206 0.87119 -0.146812
v -1.739173 0.868133 -0.146876
v -1.739298 0.870552 -0.145276
v -1.738266 0.872828 -0.143361
v -1.737525 0.867182 -0.148081
v -1.738177 0.869431 -0.146876
v -1.737672 0.8718 -0.145276
v -1.736086 0.873731 -0.143361
v -1.733746 0.874767 -0.14123
v -1.733597 0.874718 -0.141223
v -1.735928 0.868779 -0.148081
v -1.734875 0.869214 -0.148081
v -1.735778 0.872584 -0.145276
v -1.736879 0.870427 -0.146876
v -1.736831 0.868085 -0.148081
v -1.735685 0.866119 -0.148829
v -1.648905 0.867588 -0.142833
v -1.648974 0.87 -0.141837
v -1.649085 0.872071 -0.140251
v -1.64923 0.87366 -0.138185
v -1.649398 0.874659 -0.13578
v -1.410699 0.867588 0.00557
v -1.425036 0.867588 -0.016769
v -1.479046 0.867588 -0.075
v -1.500245 0.867588 -0.090975
v -1.571108 0.867588 -0.126842
v -1.596533 0.867588 -0.134466
v -1.623649 0.874659 -0.132828
v -1.598262 0.874659 -0.12761
v -1.623269 0.87366 -0.13521
v -1.597673 0.87366 -0.129949
v -1.622942 0.872071 -0.137255
v -1.597166 0.872071 -0.131957
v -1.622691 0.87 -0.138824
v -1.596778 0.87 -0.133498
v -1.622534 0.867588 -0.139811
v -1.526244 0.874659 -0.098849
v -1.504246 0.874659 -0.085145
v -1.52506 0.87366 -0.100951
v -1.502881 0.87366 -0.087133
v -1.524044 0.872071 -0.102756
v -1.501709 0.872071 -0.088841
v -1.523264 0.87 -0.10414
v -1.50081 0.87 -0.090151
v -1.522774 0.867588 -0.105011
v -1.446686 0.874659 -0.033177
v -1.430812 0.874659 -0.01269
v -1.444846 0.87366 -0.034737
v -1.428841 0.87366 -0.014081
v -1.443267 0.872071 -0.036077
v -1.42715 0.872071 -0.015276
v -1.442055 0.87 -0.037105
v -1.425852 0.87 -0.016192
v -1.441293 0.867588 -0.037751
v -1.571437 0.87 -0.125899
v -1.571961 0.872071 -0.124398
v -1.572643 0.87366 -0.122443
v -1.573437 0.874659 -0.120166
v -1.546457 0.867588 -0.116998
v -1.546868 0.87 -0.116087
v -1.547523 0.872071 -0.114639
v -1.548375 0.87366 -0.112752
v -1.549368 0.874659 -0.110554
v -1.479682 0.87 -0.07423
v -1.480694 0.872071 -0.073004
v -1.482012 0.87366 -0.071407
v -1.483547 0.874659 -0.069547
v -1.459344 0.867588 -0.057213
v -1.460046 0.87 -0.056502
v -1.461162 0.872071 -0.05537
v -1.462616 0.87366 -0.053896
v -1.46431 0.874659 -0.052179
v -1.416813 0.874659 0.009122
v -1.414727 0.87366 0.007911
v -1.412937 0.872071 0.00687
v -1.411562 0.87 0.006072
v -1.398395 0.867588 0.02909
v -1.3993 0.87 0.029513
v -1.400739 0.872071 0.030187
v -1.402615 0.87366 0.031065
v -1.404799 0.874659 0.032087
v -1.394865 0.874659 0.056025
v -1.392599 0.87366 0.0552
v -1.390652 0.872071 0.054492
v -1.389159 0.87 0.053948
v -1.38822 0.867588 0.053606
v -1.304248 0.867588 0.284319
v -1.305187 0.87 0.28466
v -1.30668 0.872071 0.285204
v -1.308626 0.87366 0.285912
v -1.310892 0.874659 0.286737
v -1.209958 0.874659 0.357412
v -1.224495 0.874659 0.356424
v -1.209958 0.87366 0.355
v -1.224168 0.87366 0.354034
v -1.209958 0.872071 0.352929
v -1.223888 0.872071 0.351982
v -1.209958 0.87 0.35134
v -1.223673 0.87 0.350407
v -1.209958 0.867588 0.350341
v -1.223538 0.867588 0.349418
v -1.236867 0.867588 0.346665
v -1.249701 0.867588 0.342134
v -1.272954 0.867588 0.328102
v -1.261804 0.867588 0.335908
v -1.282944 0.867588 0.318858
v -1.298736 0.867588 0.296763
v -1.291591 0.867588 0.308347
v -1.237135 0.87 0.347628
v -1.250097 0.87 0.343052
v -1.262321 0.87 0.336764
v -1.273581 0.87 0.328879
v -1.28367 0.87 0.319544
v -1.292404 0.87 0.308928
v -1.29962 0.87 0.297229
v -1.237561 0.872071 0.349159
v -1.250726 0.872071 0.344511
v -1.263142 0.872071 0.338124
v -1.274578 0.872071 0.330116
v -1.284826 0.872071 0.320634
v -1.293697 0.872071 0.309852
v -1.301026 0.872071 0.297969
v -1.238117 0.87366 0.351154
v -1.251547 0.87366 0.346413
v -1.264212 0.87366 0.339898
v -1.275879 0.87366 0.331728
v -1.286333 0.87366 0.322055
v -1.295381 0.87366 0.311057
v -1.302858 0.87366 0.298935
v -1.238763 0.874659 0.353477
v -1.252502 0.874659 0.348627
v -1.265458 0.874659 0.341962
v -1.277393 0.874659 0.333606
v -1.288087 0.874659 0.32371
v -1.297344 0.874659 0.312459
v -1.304992 0.874659 0.300059
v 1.648881 -0.865 -0.143173
v 1.648881 -0.635 -0.143173
v 1.733049 -0.865 -0.149059
v 1.733049 -0.635 -0.149059
v 1.649578 -0.625 -0.133198
v 1.662135 -0.625 0.046364
v 1.733746 -0.625 -0.139083
v 1.746302 -0.625 0.040478
v 1.747 -0.865 0.050454
v 1.747 -0.635 0.050454
v 1.662832 -0.865 0.05634
v 1.662832 -0.635 0.05634
v 1.733746 -0.875 -0.139083
v 1.746302 -0.875 0.040478
v 1.649578 -0.875 -0.133198
v 1.662135 -0.875 0.046364
v 1.62248 -0.635 -0.140147
v 1.62248 -0.865 -0.140147
v 1.614672 -0.635 -0.138542
v 1.614672 -0.865 -0.138542
v 1.59645 -0.635 -0.134797
v 1.59645 -0.865 -0.134797
v 1.581177 -0.635 -0.130217
v 1.581177 -0.865 -0.130217
v 1.570996 -0.635 -0.127164
v 1.570996 -0.865 -0.127164
v 1.548784 -0.635 -0.118294
v 1.548784 -0.865 -0.118294
v 1.546317 -0.635 -0.117308
v 1.546317 -0.865 -0.117308
v 1.522607 -0.635 -0.105308
v 1.522607 -0.865 -0.105308
v 1.518097 -0.635 -0.102498
v 1.518097 -0.865 -0.102498
v 1.500052 -0.635 -0.091256
v 1.500052 -0.865 -0.091256
v 1.489441 -0.635 -0.08326
v 1.489441 -0.865 -0.08326
v 1.478829 -0.635 -0.075263
v 1.478829 -0.865 -0.075263
v 1.463048 -0.635 -0.061016
v 1.463048 -0.865 -0.061016
v 1.459105 -0.635 -0.057455
v 1.459105 -0.865 -0.057455
v 1.441033 -0.635 -0.037972
v 1.441033 -0.865 -0.037972
v 1.439407 -0.635 -0.035872
v 1.439407 -0.865 -0.035872
v 1.424757 -0.635 -0.016965
v 1.424757 -0.865 -0.016965
v 1.419016 -0.635 -0.00802
v 1.419016 -0.865 -0.00802
v 1.410404 -0.635 0.005399
v 1.410404 -0.865 0.005399
v 1.401781 -0.635 0.021883
v 1.401781 -0.865 0.021883
v 1.398086 -0.635 0.028946
v 1.398086 -0.865 0.028946
v 1.3879 -0.635 0.05349
v 1.3879 -0.865 0.05349
v 1.397297 -0.625 0.05691
v 1.566442 -0.625 0.118474
v 1.407143 -0.625 0.033184
v 1.57291 -0.625 0.104031
v 1.591687 -0.625 0.078654
v 1.448659 -0.625 -0.031503
v 1.581384 -0.625 0.090665
v 1.432926 -0.625 -0.011197
v 1.419051 -0.625 0.010422
v 1.631285 -0.625 0.053062
v 1.646468 -0.625 0.048601
v 1.598895 -0.625 -0.1251
v 1.603608 -0.625 0.068246
v 1.485195 -0.625 -0.067551
v 1.466128 -0.625 -0.050337
v 1.624057 -0.625 -0.130272
v 1.57429 -0.625 -0.117722
v 1.550433 -0.625 -0.108195
v 1.616899 -0.625 0.059656
v 1.527514 -0.625 -0.096594
v 1.50571 -0.625 -0.083011
v 1.64859 -0.865 0.058373
v 1.64859 -0.635 0.058373
v 1.643991 -0.865 0.059724
v 1.643991 -0.635 0.059724
v 1.634787 -0.865 0.062429
v 1.634787 -0.635 0.062429
v 1.626067 -0.865 0.066426
v 1.626067 -0.635 0.066426
v 1.621709 -0.865 0.068423
v 1.621709 -0.635 0.068423
v 1.609626 -0.865 0.076232
v 1.609626 -0.635 0.076232
v 1.598789 -0.865 0.085694
v 1.598789 -0.635 0.085694
v 1.595668 -0.865 0.089333
v 1.595668 -0.635 0.089333
v 1.589422 -0.865 0.096614
v 1.589422 -0.635 0.096614
v 1.584286 -0.865 0.104715
v 1.584286 -0.635 0.104715
v 1.581719 -0.865 0.108764
v 1.581719 -0.635 0.108764
v 1.575839 -0.865 0.121894
v 1.575839 -0.635 0.121894
v 1.581384 -0.875 0.090665
v 1.57291 -0.875 0.104031
v 1.419051 -0.875 0.010422
v 1.407143 -0.875 0.033184
v 1.566442 -0.875 0.118474
v 1.397297 -0.875 0.05691
v 1.624057 -0.875 -0.130272
v 1.646468 -0.875 0.048601
v 1.591687 -0.875 0.078654
v 1.485195 -0.875 -0.067551
v 1.603608 -0.875 0.068246
v 1.50571 -0.875 -0.083011
v 1.616899 -0.875 0.059656
v 1.527514 -0.875 -0.096594
v 1.550433 -0.875 -0.108195
v 1.631285 -0.875 0.053062
v 1.57429 -0.875 -0.117722
v 1.598895 -0.875 -0.1251
v 1.432926 -0.875 -0.011197
v 1.448659 -0.875 -0.031503
v 1.466128 -0.875 -0.050337
v 1.303928 -0.865 0.284202
v 1.303928 -0.635 0.284202
v 1.313325 -0.625 0.287622
v 1.482469 -0.625 0.349186
v 1.491866 -0.865 0.352606
v 1.491866 -0.635 0.352606
v 1.313325 -0.875 0.287622
v 1.482469 -0.875 0.349186
v 1.209958 -0.865 0.35
v 1.209958 -0.635 0.35
v 1.223492 -0.865 0.34908
v 1.223492 -0.635 0.34908
v 1.230134 -0.865 0.347709
v 1.230134 -0.635 0.347709
v 1.236776 -0.865 0.346337
v 1.236776 -0.635 0.346337
v 1.249566 -0.865 0.341822
v 1.249566 -0.635 0.341822
v 1.261629 -0.865 0.335617
v 1.261629 -0.635 0.335617
v 1.267184 -0.865 0.331727
v 1.267184 -0.635 0.331727
v 1.27274 -0.865 0.327836
v 1.27274 -0.635 0.327836
v 1.282696 -0.865 0.318624
v 1.282696 -0.635 0.318624
v 1.291314 -0.865 0.308149
v 1.291314 -0.635 0.308149
v 1.294874 -0.865 0.302377
v 1.294874 -0.635 0.302377
v 1.298435 -0.865 0.296604
v 1.298435 -0.635 0.296604
v 1.472788 -0.625 0.372559
v 1.307282 -0.625 0.301265
v 1.28997 -0.625 0.325487
v 1.279018 -0.625 0.33562
v 1.396367 -0.625 0.472153
v 1.376296 -0.625 0.487554
v 1.266795 -0.625 0.344178
v 1.354959 -0.625 0.501147
v 1.41502 -0.625 0.455061
v 1.432111 -0.625 0.436408
v 1.299449 -0.625 0.313964
v 1.447513 -0.625 0.416337
v 1.461106 -0.625 0.395
v 1.332518 -0.625 0.512829
v 1.253527 -0.625 0.351004
v 1.309144 -0.625 0.522511
v 1.239457 -0.625 0.355971
v 1.285016 -0.625 0.530118
v 1.260316 -0.625 0.535594
v 1.224845 -0.625 0.358988
v 1.235234 -0.625 0.538897
v 1.209958 -0.625 0.36
v 1.209958 -0.625 0.54
v 1.481851 -0.865 0.376785
v 1.481851 -0.635 0.376785
v 1.477017 -0.865 0.386071
v 1.477017 -0.635 0.386071
v 1.469766 -0.865 0.4
v 1.469766 -0.635 0.4
v 1.458516 -0.865 0.41766
v 1.458516 -0.635 0.41766
v 1.455704 -0.865 0.422073
v 1.455704 -0.635 0.422073
v 1.439772 -0.865 0.442836
v 1.439772 -0.635 0.442836
v 1.436237 -0.865 0.446694
v 1.436237 -0.635 0.446694
v 1.422091 -0.865 0.462132
v 1.422091 -0.635 0.462132
v 1.410512 -0.865 0.472741
v 1.410512 -0.635 0.472741
v 1.402795 -0.865 0.479813
v 1.402795 -0.635 0.479813
v 1.382031 -0.865 0.495746
v 1.382031 -0.635 0.495746
v 1.359958 -0.865 0.509808
v 1.359958 -0.635 0.509808
v 1.350673 -0.865 0.514641
v 1.350673 -0.635 0.514641
v 1.336744 -0.865 0.521892
v 1.336744 -0.635 0.521892
v 1.317399 -0.865 0.529905
v 1.317399 -0.635 0.529905
v 1.312565 -0.865 0.531908
v 1.312565 -0.635 0.531908
v 1.287604 -0.865 0.539778
v 1.287604 -0.635 0.539778
v 1.282496 -0.865 0.54091
v 1.282496 -0.635 0.54091
v 1.262053 -0.865 0.545442
v 1.262053 -0.635 0.545442
v 1.246484 -0.865 0.547492
v 1.246484 -0.635 0.547492
v 1.236105 -0.865 0.548858
v 1.236105 -0.635 0.548858
v 1.209958 -0.865 0.55
v 1.209958 -0.635 0.55
v 1.472788 -0.875 0.372559
v 1.299449 -0.875 0.313964
v 1.432111 -0.875 0.436408
v 1.28997 -0.875 0.325487
v 1.41502 -0.875 0.455061
v 1.279018 -0.875 0.33562
v 1.307282 -0.875 0.301265
v 1.461106 -0.875 0.395
v 1.447513 -0.875 0.416337
v 1.209958 -0.875 0.54
v 1.209958 -0.875 0.36
v 1.235234 -0.875 0.538897
v 1.224845 -0.875 0.358988
v 1.396367 -0.875 0.472153
v 1.376296 -0.875 0.487554
v 1.266795 -0.875 0.344178
v 1.354959 -0.875 0.501147
v 1.253527 -0.875 0.351004
v 1.332518 -0.875 0.512829
v 1.309144 -0.875 0.522511
v 1.239457 -0.875 0.355971
v 1.285016 -0.875 0.530118
v 1.260316 -0.875 0.535594
v 1.15 -0.875 0.36
v 1.15 -0.875 0.54
v 1.15 -0.865 0.35
v 1.15 -0.635 0.35
v 1.15 -0.625 0.36
v 1.15 -0.625 0.54
v 1.15 -0.865 0.55
v 1.15 -0.635 0.55
v 1.756278 -0.865 0.039781
v 1.743722 -0.865 -0.139781
v 1.756278 -0.635 0.039781
v 1.743722 -0.635 -0.139781
v 1.15 -0.632412 0.549659
v 1.15 -0.874659 0.542588
v 1.15 -0.625341 0.357412
v 1.15 -0.63 0.54866
v 1.15 -0.627929 0.547071
v 1.15 -0.872071 0.352929
v 1.15 -0.87366 0.355
v 1.15 -0.874659 0.357412
v 1.15 -0.87366 0.545
v 1.15 -0.872071 0.547071
v 1.15 -0.62634 0.545
v 1.15 -0.625341 0.542588
v 1.15 -0.62634 0.355
v 1.15 -0.627929 0.352929
v 1.15 -0.632412 0.350341
v 1.15 -0.63 0.35134
v 1.15 -0.87 0.54866
v 1.15 -0.867588 0.549659
v 1.15 -0.87 0.35134
v 1.15 -0.867588 0.350341
v 1.209958 -0.625341 0.542588
v 1.209958 -0.62634 0.545
v 1.209958 -0.627929 0.547071
v 1.209958 -0.63 0.54866
v 1.209958 -0.632412 0.549659
v 1.261994 -0.632412 0.545107
v 1.3366 -0.632412 0.521584
v 1.359788 -0.632412 0.509513
v 1.42185 -0.632412 0.461891
v 1.469471 -0.632412 0.39983
v 1.481542 -0.632412 0.376641
v 1.434094 -0.625341 0.438072
v 1.41685 -0.625341 0.456891
v 1.435942 -0.62634 0.439622
v 1.418555 -0.62634 0.458596
v 1.437528 -0.627929 0.440954
v 1.420019 -0.627929 0.460061
v 1.438745 -0.63 0.441975
v 1.421143 -0.63 0.461185
v 1.439511 -0.632412 0.442617
v 1.285686 -0.625341 0.532618
v 1.260766 -0.625341 0.538143
v 1.28631 -0.62634 0.534948
v 1.261185 -0.62634 0.540518
v 1.286846 -0.627929 0.536949
v 1.261544 -0.627929 0.542558
v 1.287257 -0.63 0.538484
v 1.26182 -0.63 0.544123
v 1.287516 -0.632412 0.539449
v 1.484901 -0.625341 0.350071
v 1.475133 -0.625341 0.373653
v 1.487168 -0.62634 0.350896
v 1.477319 -0.62634 0.374672
v 1.489114 -0.627929 0.351604
v 1.479196 -0.627929 0.375548
v 1.490607 -0.63 0.352148
v 1.480637 -0.63 0.376219
v 1.491546 -0.632412 0.35249
v 1.463347 -0.625341 0.396294
v 1.465436 -0.62634 0.3975
v 1.46723 -0.627929 0.398536
v 1.468606 -0.63 0.39933
v 1.455425 -0.632412 0.421877
v 1.454607 -0.63 0.421304
v 1.453305 -0.627929 0.420393
v 1.451608 -0.62634 0.419205
v 1.449633 -0.625341 0.417822
v 1.402576 -0.632412 0.479552
v 1.401934 -0.63 0.478787
v 1.400912 -0.627929 0.47757
v 1.399581 -0.62634 0.475983
v 1.398031 -0.625341 0.474136
v 1.37778 -0.625341 0.489674
v 1.379164 -0.62634 0.49165
v 1.380352 -0.627929 0.493346
v 1.381263 -0.63 0.494648
v 1.381836 -0.632412 0.495467
v 1.356253 -0.625341 0.503389
v 1.357459 -0.62634 0.505477
v 1.358494 -0.627929 0.507271
v 1.359289 -0.63 0.508647
v 1.333612 -0.625341 0.515175
v 1.334631 -0.62634 0.517361
v 1.335506 -0.627929 0.519238
v 1.336178 -0.63 0.520678
v 1.312448 -0.632412 0.531588
v 1.312106 -0.63 0.530649
v 1.311563 -0.627929 0.529155
v 1.310854 -0.62634 0.527209
v 1.31003 -0.625341 0.524943
v 1.236076 -0.632412 0.548519
v 1.235988 -0.63 0.547524
v 1.23585 -0.627929 0.545941
v 1.235669 -0.62634 0.543877
v 1.235459 -0.625341 0.541475
v 1.209958 -0.867588 0.549659
v 1.209958 -0.87 0.54866
v 1.209958 -0.872071 0.547071
v 1.209958 -0.87366 0.545
v 1.209958 -0.874659 0.542588
v 1.575518 -0.632412 0.121777
v 1.57458 -0.63 0.121436
v 1.573086 -0.627929 0.120892
v 1.57114 -0.62634 0.120184
v 1.568874 -0.625341 0.119359
v 1.209958 -0.632412 0.350341
v 1.209958 -0.63 0.35134
v 1.209958 -0.627929 0.352929
v 1.209958 -0.62634 0.355
v 1.209958 -0.625341 0.357412
v 1.469471 -0.867588 0.39983
v 1.42185 -0.867588 0.461891
v 1.402576 -0.867588 0.479552
v 1.3366 -0.867588 0.521584
v 1.261994 -0.867588 0.545107
v 1.236076 -0.867588 0.548519
v 1.31003 -0.874659 0.524943
v 1.333612 -0.874659 0.515175
v 1.310854 -0.87366 0.527209
v 1.334631 -0.87366 0.517361
v 1.311563 -0.872071 0.529155
v 1.335506 -0.872071 0.519238
v 1.312106 -0.87 0.530649
v 1.336178 -0.87 0.520678
v 1.312448 -0.867588 0.531588
v 1.449633 -0.874659 0.417822
v 1.463347 -0.874659 0.396294
v 1.451608 -0.87366 0.419205
v 1.465436 -0.87366 0.3975
v 1.453305 -0.872071 0.420393
v 1.46723 -0.872071 0.398536
v 1.454607 -0.87 0.421304
v 1.468606 -0.87 0.39933
v 1.455425 -0.867588 0.421877
v 1.235459 -0.874659 0.541475
v 1.235669 -0.87366 0.543877
v 1.23585 -0.872071 0.545941
v 1.235988 -0.87 0.547524
v 1.260766 -0.874659 0.538143
v 1.261185 -0.87366 0.540518
v 1.261544 -0.872071 0.542558
v 1.26182 -0.87 0.544123
v 1.287516 -0.867588 0.539449
v 1.287257 -0.87 0.538484
v 1.286846 -0.872071 0.536949
v 1.28631 -0.87366 0.534948
v 1.285686 -0.874659 0.532618
v 1.359788 -0.867588 0.509513
v 1.359289 -0.87 0.508647
v 1.358494 -0.872071 0.507271
v 1.357459 -0.87366 0.505477
v 1.356253 -0.874659 0.503389
v 1.37778 -0.874659 0.489674
v 1.379164 -0.87366 0.49165
v 1.380352 -0.872071 0.493346
v 1.381263 -0.87 0.494648
v 1.381836 -0.867588 0.495467
v 1.398031 -0.874659 0.474136
v 1.399581 -0.87366 0.475983
v 1.400912 -0.872071 0.47757
v 1.401934 -0.87 0.478787
v 1.41685 -0.874659 0.456891
v 1.418555 -0.87366 0.458596
v 1.420019 -0.872071 0.460061
v 1.421143 -0.87 0.461185
v 1.439511 -0.867588 0.442617
v 1.438745 -0.87 0.441975
v 1.437528 -0.872071 0.440954
v 1.435942 -0.87366 0.439622
v 1.434094 -0.874659 0.438072
v 1.481542 -0.867588 0.376641
v 1.480637 -0.87 0.376219
v 1.479196 -0.872071 0.375548
v 1.477319 -0.87366 0.374672
v 1.475133 -0.874659 0.373653
v 1.484901 -0.874659 0.350071
v 1.487168 -0.87366 0.350896
v 1.489114 -0.872071 0.351604
v 1.490607 -0.87 0.352148
v 1.491546 -0.867588 0.35249
v 1.57519 -0.625341 0.105256
v 1.577314 -0.62634 0.106397
v 1.579139 -0.627929 0.107378
v 1.580539 -0.63 0.10813
v 1.581419 -0.632412 0.108603
v 1.598547 -0.632412 0.085455
v 1.589148 -0.632412 0.096411
v 1.609421 -0.632412 0.07596
v 1.621545 -0.632412 0.068125
v 1.634668 -0.632412 0.06211
v 1.648518 -0.632412 0.05804
v 1.662808 -0.632412 0.056
v 1.588345 -0.63 0.095817
v 1.597838 -0.63 0.084751
v 1.60882 -0.63 0.075162
v 1.621065 -0.63 0.067249
v 1.634318 -0.63 0.061174
v 1.648306 -0.63 0.057064
v 1.662739 -0.63 0.055003
v 1.587068 -0.627929 0.094871
v 1.596709 -0.627929 0.083632
v 1.607864 -0.627929 0.073893
v 1.6203 -0.627929 0.065855
v 1.633761 -0.627929 0.059685
v 1.647969 -0.627929 0.055511
v 1.662628 -0.627929 0.053418
v 1.585403 -0.62634 0.09364
v 1.595238 -0.62634 0.082174
v 1.606617 -0.62634 0.072239
v 1.619304 -0.62634 0.06404
v 1.633036 -0.62634 0.057745
v 1.647529 -0.62634 0.053487
v 1.662483 -0.62634 0.051352
v 1.583464 -0.625341 0.092205
v 1.593526 -0.625341 0.080476
v 1.605166 -0.625341 0.070313
v 1.618144 -0.625341 0.061925
v 1.632191 -0.625341 0.055486
v 1.647018 -0.625341 0.05113
v 1.662315 -0.625341 0.048946
v 1.310892 -0.625341 0.286737
v 1.304992 -0.625341 0.300059
v 1.308626 -0.62634 0.285912
v 1.302858 -0.62634 0.298935
v 1.30668 -0.627929 0.285204
v 1.301026 -0.627929 0.297969
v 1.305187 -0.63 0.28466
v 1.29962 -0.63 0.297229
v 1.304248 -0.632412 0.284319
v 1.298736 -0.632412 0.296763
v 1.291591 -0.632412 0.308347
v 1.282944 -0.632412 0.318858
v 1.261804 -0.632412 0.335908
v 1.272954 -0.632412 0.328102
v 1.249701 -0.632412 0.342134
v 1.236867 -0.632412 0.346665
v 1.223538 -0.632412 0.349418
v 1.292404 -0.63 0.308928
v 1.28367 -0.63 0.319544
v 1.273581 -0.63 0.328879
v 1.262321 -0.63 0.336764
v 1.250097 -0.63 0.343052
v 1.237135 -0.63 0.347628
v 1.223673 -0.63 0.350407
v 1.293697 -0.627929 0.309852
v 1.284826 -0.627929 0.320634
v 1.274578 -0.627929 0.330116
v 1.263142 -0.627929 0.338124
v 1.250726 -0.627929 0.344511
v 1.237561 -0.627929 0.349159
v 1.223888 -0.627929 0.351982
v 1.295381 -0.62634 0.311057
v 1.286333 -0.62634 0.322055
v 1.275879 -0.62634 0.331728
v 1.264212 -0.62634 0.339898
v 1.251547 -0.62634 0.346413
v 1.238117 -0.62634 0.351154
v 1.224168 -0.62634 0.354034
v 1.297344 -0.625341 0.312459
v 1.288087 -0.625341 0.32371
v 1.277393 -0.625341 0.333606
v 1.265458 -0.625341 0.341962
v 1.252502 -0.625341 0.348627
v 1.238763 -0.625341 0.353477
v 1.224495 -0.625341 0.356424
v 1.568874 -0.874659 0.119359
v 1.57114 -0.87366 0.120184
v 1.573086 -0.872071 0.120892
v 1.57458 -0.87 0.121436
v 1.575518 -0.867588 0.121777
v 1.746998 -0.63477 0.050424
v 1.746985 -0.633389 0.050242
v 1.74699 -0.633928 0.050313
v 1.746995 -0.634403 0.050376
v 1.74698 -0.632838 0.05017
v 1.746976 -0.632412 0.050114
v 1.746972 -0.632258 0.05005
v 1.746957 -0.631732 0.049833
v 1.74691 -0.630125 0.049169
v 1.746907 -0.63 0.049117
v 1.746815 -0.628296 0.047813
v 1.746796 -0.627929 0.047532
v 1.746695 -0.626826 0.046098
v 1.746651 -0.62634 0.045466
v 1.746556 -0.625776 0.044109
v 1.746405 -0.625193 0.041941
v 1.746483 -0.625341 0.04306
v 1.394865 -0.625341 0.056025
v 1.392599 -0.62634 0.0552
v 1.390652 -0.627929 0.054492
v 1.389159 -0.63 0.053948
v 1.38822 -0.632412 0.053606
v 1.662315 -0.874659 0.048946
v 1.647018 -0.874659 0.05113
v 1.662483 -0.87366 0.051352
v 1.647529 -0.87366 0.053487
v 1.662628 -0.872071 0.053418
v 1.647969 -0.872071 0.055511
v 1.662739 -0.87 0.055003
v 1.648306 -0.87 0.057064
v 1.662808 -0.867588 0.056
v 1.648518 -0.867588 0.05804
v 1.621545 -0.867588 0.068125
v 1.634668 -0.867588 0.06211
v 1.609421 -0.867588 0.07596
v 1.598547 -0.867588 0.085455
v 1.589148 -0.867588 0.096411
v 1.581419 -0.867588 0.108603
v 1.634318 -0.87 0.061174
v 1.621065 -0.87 0.067249
v 1.60882 -0.87 0.075162
v 1.597838 -0.87 0.084751
v 1.588345 -0.87 0.095817
v 1.580539 -0.87 0.10813
v 1.633761 -0.872071 0.059685
v 1.6203 -0.872071 0.065855
v 1.607864 -0.872071 0.073893
v 1.596709 -0.872071 0.083632
v 1.587068 -0.872071 0.094871
v 1.579139 -0.872071 0.107378
v 1.633036 -0.87366 0.057745
v 1.619304 -0.87366 0.06404
v 1.606617 -0.87366 0.072239
v 1.595238 -0.87366 0.082174
v 1.585403 -0.87366 0.09364
v 1.577314 -0.87366 0.106397
v 1.632191 -0.874659 0.055486
v 1.618144 -0.874659 0.061925
v 1.605166 -0.874659 0.070313
v 1.593526 -0.874659 0.080476
v 1.583464 -0.874659 0.092205
v 1.57519 -0.874659 0.105256
v 1.7483 -0.625912 0.044141
v 1.748071 -0.62695 0.046142
v 1.747515 -0.632437 0.050068
v 1.748058 -0.632774 0.050068
v 1.748512 -0.633223 0.050068
v 1.748854 -0.633763 0.050068
v 1.749066 -0.634365 0.050068
v 1.747752 -0.628402 0.047852
v 1.748425 -0.62534 0.041951
v 1.748442 -0.625282 0.040329
v 1.748884 -0.625341 0.040298
v 1.750534 -0.62606 0.041951
v 1.750551 -0.626033 0.040181
v 1.75129 -0.62634 0.04013
v 1.752428 -0.627234 0.041951
v 1.752438 -0.627222 0.040049
v 1.753356 -0.627929 0.039985
v 1.75401 -0.628802 0.041951
v 1.754018 -0.628793 0.039939
v 1.754942 -0.63 0.039874
v 1.755202 -0.630685 0.041951
v 1.755219 -0.630672 0.039855
v 1.755938 -0.632412 0.039805
v 1.755942 -0.632786 0.041951
v 1.755985 -0.632772 0.039801
v 1.756193 -0.635 0.041951
v 1.747359 -0.630193 0.049183
v 1.748408 -0.630551 0.049183
v 1.74935 -0.631136 0.049183
v 1.750138 -0.631916 0.049183
v 1.750731 -0.632853 0.049183
v 1.751099 -0.633898 0.049183
v 1.749138 -0.635 0.050068
v 1.7492 -0.635 0.050042
v 1.751224 -0.635 0.049183
v 1.751256 -0.635 0.04916
v 1.752886 -0.633488 0.047852
v 1.752381 -0.632053 0.047852
v 1.751567 -0.630767 0.047852
v 1.750486 -0.629696 0.047852
v 1.749192 -0.628894 0.047852
v 1.753058 -0.635 0.047852
v 1.753066 -0.635 0.047842
v 1.754535 -0.635 0.046152
v 1.754335 -0.633155 0.046142
v 1.753718 -0.631404 0.046142
v 1.752725 -0.629835 0.046142
v 1.751406 -0.628529 0.046142
v 1.749828 -0.62755 0.046142
v 1.750283 -0.626589 0.044141
v 1.752065 -0.627694 0.044141
v 1.753554 -0.629169 0.044141
v 1.754675 -0.63094 0.044141
v 1.755372 -0.632917 0.044141
v 1.754544 -0.635 0.046142
v 1.755589 -0.635 0.044176
v 1.755608 -0.635 0.044141
v 1.756176 -0.635 0.042016
v 1.596533 -0.632412 -0.134466
v 1.571108 -0.632412 -0.126842
v 1.500245 -0.632412 -0.090975
v 1.479046 -0.632412 -0.075
v 1.425036 -0.632412 -0.016769
v 1.410699 -0.632412 0.00557
v 1.404799 -0.625341 0.032087
v 1.416813 -0.625341 0.009122
v 1.402615 -0.62634 0.031065
v 1.414727 -0.62634 0.007911
v 1.400739 -0.627929 0.030187
v 1.412937 -0.627929 0.00687
v 1.3993 -0.63 0.029513
v 1.411562 -0.63 0.006072
v 1.398395 -0.632412 0.02909
v 1.46431 -0.625341 -0.052179
v 1.483547 -0.625341 -0.069547
v 1.462616 -0.62634 -0.053896
v 1.482012 -0.62634 -0.071407
v 1.461162 -0.627929 -0.05537
v 1.480694 -0.627929 -0.073004
v 1.460046 -0.63 -0.056502
v 1.479682 -0.63 -0.07423
v 1.459344 -0.632412 -0.057213
v 1.549368 -0.625341 -0.110554
v 1.573437 -0.625341 -0.120166
v 1.548375 -0.62634 -0.112752
v 1.572643 -0.62634 -0.122443
v 1.547523 -0.627929 -0.114639
v 1.571961 -0.627929 -0.124398
v 1.546868 -0.63 -0.116087
v 1.571437 -0.63 -0.125899
v 1.546457 -0.632412 -0.116998
v 1.425852 -0.63 -0.016192
v 1.42715 -0.627929 -0.015276
v 1.428841 -0.62634 -0.014081
v 1.430812 -0.625341 -0.01269
v 1.441293 -0.632412 -0.037751
v 1.442055 -0.63 -0.037105
v 1.443267 -0.627929 -0.036077
v 1.444846 -0.62634 -0.034737
v 1.446686 -0.625341 -0.033177
v 1.504246 -0.625341 -0.085145
v 1.502881 -0.62634 -0.087133
v 1.501709 -0.627929 -0.088841
v 1.50081 -0.63 -0.090151
v 1.522774 -0.632412 -0.105011
v 1.523264 -0.63 -0.10414
v 1.524044 -0.627929 -0.102756
v 1.52506 -0.62634 -0.100951
v 1.526244 -0.625341 -0.098849
v 1.598262 -0.625341 -0.12761
v 1.597673 -0.62634 -0.129949
v 1.597166 -0.627929 -0.131957
v 1.596778 -0.63 -0.133498
v 1.622534 -0.632412 -0.139811
v 1.622691 -0.63 -0.138824
v 1.622942 -0.627929 -0.137255
v 1.623269 -0.62634 -0.13521
v 1.623649 -0.625341 -0.132828
v 1.649398 -0.625341 -0.13578
v 1.64923 -0.62634 -0.138185
v 1.649085 -0.627929 -0.140251
v 1.648974 -0.63 -0.141837
v 1.648905 -0.632412 -0.142833
v 1.746405 -0.874807 0.041941
v 1.746483 -0.874659 0.04306
v 1.746556 -0.874224 0.044109
v 1.746651 -0.87366 0.045466
v 1.746695 -0.873174 0.046098
v 1.746796 -0.872071 0.047532
v 1.746815 -0.871704 0.047813
v 1.746982 -0.866965 0.050196
v 1.746988 -0.866325 0.05028
v 1.746907 -0.87 0.049117
v 1.746972 -0.867742 0.05005
v 1.746976 -0.867588 0.050114
v 1.746976 -0.867573 0.050116
v 1.746993 -0.865739 0.050357
v 1.746997 -0.86528 0.050417
v 1.749138 -0.865 0.050068
v 1.7492 -0.865 0.050042
v 1.751224 -0.865 0.049183
v 1.751256 -0.865 0.04916
v 1.753058 -0.865 0.047852
v 1.753066 -0.865 0.047842
v 1.754535 -0.865 0.046152
v 1.756193 -0.865 0.041951
v 1.756176 -0.865 0.042016
v 1.755608 -0.865 0.044141
v 1.755589 -0.865 0.044176
v 1.754544 -0.865 0.046142
v 1.736328 -0.625341 -0.139264
v 1.738734 -0.62634 -0.139432
v 1.738742 -0.626346 -0.139433
v 1.7408 -0.627929 -0.139576
v 1.742385 -0.63 -0.139687
v 1.742389 -0.63001 -0.139688
v 1.743382 -0.632412 -0.139757
v 1.733597 -0.625282 -0.141223
v 1.733566 -0.625341 -0.141665
v 1.733449 -0.626034 -0.143334
v 1.733397 -0.62634 -0.144071
v 1.733317 -0.627228 -0.145225
v 1.733253 -0.627929 -0.146137
v 1.733206 -0.62881 -0.146812
v 1.733072 -0.632412 -0.148719
v 1.733121 -0.63072 -0.14802
v 1.733142 -0.63 -0.147722
v 1.733072 -0.632427 -0.148721
v 1.733067 -0.633035 -0.148801
v 1.733066 -0.633098 -0.148809
v 1.733061 -0.633675 -0.148885
v 1.733055 -0.634261 -0.148962
v 1.733051 -0.63472 -0.149022
v 1.75129 -0.87366 0.04013
v 1.751299 -0.873654 0.040129
v 1.751248 -0.873566 0.041951
v 1.754942 -0.87 0.039874
v 1.754946 -0.86999 0.039874
v 1.754868 -0.869945 0.041951
v 1.755856 -0.86756 0.041951
v 1.755938 -0.867588 0.039805
v 1.748884 -0.874659 0.040298
v 1.748862 -0.874554 0.041951
v 1.748711 -0.873988 0.044141
v 1.748435 -0.872961 0.046142
v 1.748051 -0.871525 0.047852
v 1.747576 -0.869754 0.049183
v 1.747036 -0.867739 0.050068
v 1.747014 -0.867656 0.050093
v 1.74772 -0.867455 0.050068
v 1.746997 -0.867594 0.050111
v 1.747003 -0.867615 0.050105
v 1.749041 -0.865734 0.050068
v 1.751056 -0.866274 0.049183
v 1.752827 -0.866748 0.047852
v 1.754263 -0.867133 0.046142
v 1.755291 -0.867408 0.044141
v 1.748758 -0.866418 0.050068
v 1.750565 -0.867461 0.049183
v 1.752153 -0.868378 0.047852
v 1.75344 -0.869121 0.046142
v 1.754361 -0.869653 0.044141
v 1.748307 -0.867005 0.050068
v 1.749783 -0.86848 0.049183
v 1.751079 -0.869777 0.047852
v 1.75213 -0.870828 0.046142
v 1.752882 -0.87158 0.044141
v 1.753296 -0.871994 0.041951
v 1.753356 -0.872071 0.039985
v 1.748763 -0.869262 0.049183
v 1.74968 -0.87085 0.047852
v 1.750423 -0.872138 0.046142
v 1.750955 -0.873059 0.044141
v 1.733167 -0.632838 -0.148829
v 1.733746 -0.632762 -0.148829
v 1.733746 -0.635 -0.149083
v 1.733746 -0.625233 -0.14123
v 1.73863 -0.626542 -0.14123
v 1.742205 -0.630117 -0.14123
v 1.74318 -0.632472 -0.14123
v 1.733746 -0.625961 -0.143361
v 1.733746 -0.627148 -0.145276
v 1.733746 -0.628734 -0.146876
v 1.733746 -0.630637 -0.148081
v 1.743431 -0.635 -0.141213
v 1.743201 -0.635 -0.142339
v 1.742477 -0.632661 -0.143361
v 1.74271 -0.635 -0.143324
v 1.742037 -0.635 -0.144675
v 1.741331 -0.632968 -0.145276
v 1.741546 -0.635 -0.14523
v 1.740307 -0.635 -0.14663
v 1.739799 -0.633378 -0.146876
v 1.736274 -0.625566 -0.14123
v 1.736086 -0.626269 -0.143361
v 1.738266 -0.627172 -0.143361
v 1.735778 -0.627416 -0.145276
v 1.737672 -0.6282 -0.145276
v 1.735368 -0.628947 -0.146876
v 1.736879 -0.629573 -0.146876
v 1.734875 -0.630786 -0.148081
v 1.735928 -0.631221 -0.148081
v 1.734326 -0.632838 -0.148829
v 1.734865 -0.633062 -0.148829
v 1.740653 -0.628094 -0.14123
v 1.740138 -0.628609 -0.143361
v 1.739298 -0.629448 -0.145276
v 1.738177 -0.630569 -0.146876
v 1.736831 -0.631915 -0.148081
v 1.735329 -0.633417 -0.148829
v 1.741574 -0.630481 -0.143361
v 1.740546 -0.631074 -0.145276
v 1.739173 -0.631867 -0.146876
v 1.737525 -0.632818 -0.148081
v 1.737961 -0.633871 -0.148081
v 1.735685 -0.633881 -0.148829
v 1.735908 -0.634421 -0.148829
v 1.739989 -0.635 -0.146841
v 1.73813 -0.635 -0.148071
v 1.735973 -0.635 -0.148793
v 1.735654 -0.635 -0.148899
v 1.736328 -0.874659 -0.139264
v 1.738734 -0.87366 -0.139432
v 1.738742 -0.873654 -0.139433
v 1.7408 -0.872071 -0.139576
v 1.742385 -0.87 -0.139687
v 1.742389 -0.86999 -0.139688
v 1.743382 -0.867588 -0.139757
v 1.733746 -0.865 -0.149083
v 1.735654 -0.865 -0.148899
v 1.735973 -0.865 -0.148793
v 1.73813 -0.865 -0.148071
v 1.739989 -0.865 -0.146841
v 1.740307 -0.865 -0.14663
v 1.741546 -0.865 -0.14523
v 1.742037 -0.865 -0.144675
v 1.74271 -0.865 -0.143324
v 1.743201 -0.865 -0.142339
v 1.743431 -0.865 -0.141213
v 1.734326 -0.867162 -0.148829
v 1.733746 -0.867238 -0.148829
v 1.734865 -0.866938 -0.148829
v 1.735329 -0.866583 -0.148829
v 1.737961 -0.866129 -0.148081
v 1.735908 -0.865579 -0.148829
v 1.741331 -0.867032 -0.145276
v 1.733566 -0.874659 -0.141665
v 1.733449 -0.873966 -0.143334
v 1.733746 -0.874039 -0.143361
v 1.733142 -0.87 -0.147722
v 1.733121 -0.86928 -0.14802
v 1.733746 -0.869363 -0.148081
v 1.733066 -0.866902 -0.148809
v 1.733061 -0.866325 -0.148885
v 1.733051 -0.86528 -0.149022
v 1.733055 -0.865739 -0.148962
v 1.733067 -0.866965 -0.148801
v 1.733167 -0.867162 -0.148829
v 1.733072 -0.867573 -0.148721
v 1.733072 -0.867588 -0.148719
v 1.733397 -0.87366 -0.144071
v 1.733317 -0.872772 -0.145225
v 1.733746 -0.872852 -0.145276
v 1.733253 -0.872071 -0.146137
v 1.736274 -0.874434 -0.14123
v 1.740653 -0.871906 -0.14123
v 1.742205 -0.869883 -0.14123
v 1.74318 -0.867528 -0.14123
v 1.742477 -0.867339 -0.143361
v 1.741574 -0.869519 -0.143361
v 1.739799 -0.866622 -0.146876
v 1.740546 -0.868926 -0.145276
v 1.740138 -0.871391 -0.143361
v 1.73863 -0.873458 -0.14123
v 1.735368 -0.871053 -0.146876
v 1.733746 -0.871266 -0.146876
v 1.733206 -0.87119 -0.146812
v 1.739173 -0.868133 -0.146876
v 1.739298 -0.870552 -0.145276
v 1.738266 -0.872828 -0.143361
v 1.737525 -0.867182 -0.148081
v 1.738177 -0.869431 -0.146876
v 1.737672 -0.8718 -0.145276
v 1.736086 -0.873731 -0.143361
v 1.733746 -0.874767 -0.14123
v 1.733597 -0.874718 -0.141223
v 1.735928 -0.868779 -0.148081
v 1.734875 -0.869214 -0.148081
v 1.735778 -0.872584 -0.145276
v 1.736879 -0.870427 -0.146876
v 1.736831 -0.868085 -0.148081
v 1.735685 -0.866119 -0.148829
v 1.648905 -0.867588 -0.142833
v 1.648974 -0.87 -0.141837
v 1.649085 -0.872071 -0.140251
v 1.64923 -0.87366 -0.138185
v 1.649398 -0.874659 -0.13578
v 1.410699 -0.867588 0.00557
v 1.425036 -0.867588 -0.016769
v 1.479046 -0.867588 -0.075
v 1.500245 -0.867588 -0.090975
v 1.571108 -0.867588 -0.126842
v 1.596533 -0.867588 -0.134466
v 1.623649 -0.874659 -0.132828
v 1.598262 -0.874659 -0.12761
v 1.623269 -0.87366 -0.13521
v 1.597673 -0.87366 -0.129949
v 1.622942 -0.872071 -0.137255
v 1.597166 -0.872071 -0.131957
v 1.622691 -0.87 -0.138824
v 1.596778 -0.87 -0.133498
v 1.622534 -0.867588 -0.139811
v 1.526244 -0.874659 -0.098849
v 1.504246 -0.874659 -0.085145
v 1.52506 -0.87366 -0.100951
v 1.502881 -0.87366 -0.087133
v 1.524044 -0.872071 -0.102756
v 1.501709 -0.872071 -0.088841
v 1.523264 -0.87 -0.10414
v 1.50081 -0.87 -0.090151
v 1.522774 -0.867588 -0.105011
v 1.446686 -0.874659 -0.033177
v 1.430812 -0.874659 -0.01269
v 1.444846 -0.87366 -0.034737
v 1.428841 -0.87366 -0.014081
v 1.443267 -0.872071 -0.036077
v 1.42715 -0.872071 -0.015276
v 1.442055 -0.87 -0.037105
v 1.425852 -0.87 -0.016192
v 1.441293 -0.867588 -0.037751
v 1.571437 -0.87 -0.125899
v 1.571961 -0.872071 -0.124398
v 1.572643 -0.87366 -0.122443
v 1.573437 -0.874659 -0.120166
v 1.546457 -0.867588 -0.116998
v 1.546868 -0.87 -0.116087
v 1.547523 -0.872071 -0.114639
v 1.548375 -0.87366 -0.112752
v 1.549368 -0.874659 -0.110554
v 1.479682 -0.87 -0.07423
v 1.480694 -0.872071 -0.073004
v 1.482012 -0.87366 -0.071407
v 1.483547 -0.874659 -0.069547
v 1.459344 -0.867588 -0.057213
v 1.460046 -0.87 -0.056502
v 1.461162 -0.872071 -0.05537
v 1.462616 -0.87366 -0.053896
v 1.46431 -0.874659 -0.052179
v 1.416813 -0.874659 0.009122
v 1.414727 -0.87366 0.007911
v 1.412937 -0.872071 0.00687
v 1.411562 -0.87 0.006072
v 1.398395 -0.867588 0.02909
v 1.3993 -0.87 0.029513
v 1.400739 -0.872071 0.030187
v 1.402615 -0.87366 0.031065
v 1.404799 -0.874659 0.032087
v 1.394865 -0.874659 0.056025
v 1.392599 -0.87366 0.0552
v 1.390652 -0.872071 0.054492
v 1.389159 -0.87 0.053948
v 1.38822 -0.867588 0.053606
v 1.304248 -0.867588 0.284319
v 1.305187 -0.87 0.28466
v 1.30668 -0.872071 0.285204
v 1.308626 -0.87366 0.285912
v 1.310892 -0.874659 0.286737
v 1.209958 -0.874659 0.357412
v 1.224495 -0.874659 0.356424
v 1.209958 -0.87366 0.355
v 1.224168 -0.87366 0.354034
v 1.209958 -0.872071 0.352929
v 1.223888 -0.872071 0.351982
v 1.209958 -0.87 0.35134
v 1.223673 -0.87 0.350407
v 1.209958 -0.867588 0.350341
v 1.223538 -0.867588 0.349418
v 1.236867 -0.867588 0.346665
v 1.249701 -0.867588 0.342134
v 1.272954 -0.867588 0.328102
v 1.261804 -0.867588 0.335908
v 1.282944 -0.867588 0.318858
v 1.298736 -0.867588 0.296763
v 1.291591 -0.867588 0.308347
v 1.237135 -0.87 0.347628
v 1.250097 -0.87 0.343052
v 1.262321 -0.87 0.336764
v 1.273581 -0.87 0.328879
v 1.28367 -0.87 0.319544
v 1.292404 -0.87 0.308928
v 1.29962 -0.87 0.297229
v 1.237561 -0.872071 0.349159
v 1.250726 -0.872071 0.344511
v 1.263142 -0.872071 0.338124
v 1.274578 -0.872071 0.330116
v 1.284826 -0.872071 0.320634
v 1.293697 -0.872071 0.309852
v 1.301026 -0.872071 0.297969
v 1.238117 -0.87366 0.351154
v 1.251547 -0.87366 0.346413
v 1.264212 -0.87366 0.339898
v 1.275879 -0.87366 0.331728
v 1.286333 -0.87366 0.322055
v 1.295381 -0.87366 0.311057
v 1.302858 -0.87366 0.298935
v 1.238763 -0.874659 0.353477
v 1.252502 -0.874659 0.348627
v 1.265458 -0.874659 0.341962
v 1.277393 -0.874659 0.333606
v 1.288087 -0.874659 0.32371
v 1.297344 -0.874659 0.312459
v 1.304992 -0.874659 0.300059
v 1.648881 -0.365 -0.143173
v 1.648881 -0.135 -0.143173
v 1.733049 -0.365 -0.149059
v 1.733049 -0.135 -0.149059
v 1.649578 -0.125 -0.133198
v 1.662135 -0.125 0.046364
v 1.733746 -0.125 -0.139083
v 1.746302 -0.125 0.040478
v 1.747 -0.365 0.050454
v 1.747 -0.135 0.050454
v 1.662832 -0.365 0.05634
v 1.662832 -0.135 0.05634
v 1.733746 -0.375 -0.139083
v 1.746302 -0.375 0.040478
v 1.649578 -0.375 -0.133198
v 1.662135 -0.375 0.046364
v 1.3879 -0.365 0.05349
v 1.3879 -0.135 0.05349
v 1.398086 -0.365 0.028946
v 1.398086 -0.135 0.028946
v 1.401781 -0.365 0.021883
v 1.401781 -0.135 0.021883
v 1.410404 -0.365 0.005399
v 1.410404 -0.135 0.005399
v 1.419016 -0.365 -0.00802
v 1.419016 -0.135 -0.00802
v 1.424757 -0.365 -0.016965
v 1.424757 -0.135 -0.016965
v 1.439407 -0.365 -0.035872
v 1.439407 -0.135 -0.035872
v 1.441033 -0.365 -0.037972
v 1.441033 -0.135 -0.037972
v 1.459105 -0.365 -0.057455
v 1.459105 -0.135 -0.057455
v 1.463048 -0.365 -0.061016
v 1.463048 -0.135 -0.061016
v 1.478829 -0.365 -0.075263
v 1.478829 -0.135 -0.075263
v 1.489441 -0.365 -0.08326
v 1.489441 -0.135 -0.08326
v 1.500052 -0.365 -0.091256
v 1.500052 -0.135 -0.091256
v 1.518097 -0.365 -0.102498
v 1.518097 -0.135 -0.102498
v 1.522607 -0.365 -0.105308
v 1.522607 -0.135 -0.105308
v 1.546317 -0.365 -0.117308
v 1.546317 -0.135 -0.117308
v 1.548784 -0.365 -0.118294
v 1.548784 -0.135 -0.118294
v 1.570996 -0.365 -0.127164
v 1.570996 -0.135 -0.127164
v 1.581177 -0.365 -0.130217
v 1.581177 -0.135 -0.130217
v 1.59645 -0.365 -0.134797
v 1.59645 -0.135 -0.134797
v 1.614672 -0.365 -0.138542
v 1.614672 -0.135 -0.138542
v 1.62248 -0.365 -0.140147
v 1.62248 -0.135 -0.140147
v 1.397297 -0.125 0.05691
v 1.566442 -0.125 0.118474
v 1.407143 -0.125 0.033184
v 1.57291 -0.125 0.104031
v 1.591687 -0.125 0.078654
v 1.448659 -0.125 -0.031503
v 1.581384 -0.125 0.090665
v 1.432926 -0.125 -0.011197
v 1.419051 -0.125 0.010422
v 1.631285 -0.125 0.053062
v 1.646468 -0.125 0.048601
v 1.598895 -0.125 -0.1251
v 1.603608 -0.125 0.068246
v 1.485195 -0.125 -0.067551
v 1.466128 -0.125 -0.050337
v 1.624057 -0.125 -0.130272
v 1.57429 -0.125 -0.117722
v 1.550433 -0.125 -0.108195
v 1.616899 -0.125 0.059656
v 1.527514 -0.125 -0.096594
v 1.50571 -0.125 -0.083011
v 1.575839 -0.135 0.121894
v 1.575839 -0.365 0.121894
v 1.581719 -0.135 0.108764
v 1.581719 -0.365 0.108764
v 1.584286 -0.135 0.104715
v 1.584286 -0.365 0.104715
v 1.589422 -0.135 0.096614
v 1.589422 -0.365 0.096614
v 1.595668 -0.135 0.089333
v 1.595668 -0.365 0.089333
v 1.598789 -0.135 0.085694
v 1.598789 -0.365 0.085694
v 1.609626 -0.135 0.076232
v 1.609626 -0.365 0.076232
v 1.621709 -0.135 0.068423
v 1.621709 -0.365 0.068423
v 1.626067 -0.135 0.066426
v 1.626067 -0.365 0.066426
v 1.634787 -0.135 0.062429
v 1.634787 -0.365 0.062429
v 1.643991 -0.135 0.059724
v 1.643991 -0.365 0.059724
v 1.64859 -0.135 0.058373
v 1.64859 -0.365 0.058373
v 1.581384 -0.375 0.090665
v 1.57291 -0.375 0.104031
v 1.419051 -0.375 0.010422
v 1.407143 -0.375 0.033184
v 1.566442 -0.375 0.118474
v 1.397297 -0.375 0.05691
v 1.624057 -0.375 -0.130272
v 1.646468 -0.375 0.048601
v 1.591687 -0.375 0.078654
v 1.485195 -0.375 -0.067551
v 1.603608 -0.375 0.068246
v 1.50571 -0.375 -0.083011
v 1.616899 -0.375 0.059656
v 1.527514 -0.375 -0.096594
v 1.550433 -0.375 -0.108195
v 1.631285 -0.375 0.053062
v 1.57429 -0.375 -0.117722
v 1.598895 -0.375 -0.1251
v 1.432926 -0.375 -0.011197
v 1.448659 -0.375 -0.031503
v 1.466128 -0.375 -0.050337
v 1.303928 -0.365 0.284202
v 1.303928 -0.135 0.284202
v 1.313325 -0.125 0.287622
v 1.482469 -0.125 0.349186
v 1.491866 -0.365 0.352606
v 1.491866 -0.135 0.352606
v 1.313325 -0.375 0.287622
v 1.482469 -0.375 0.349186
v 1.298435 -0.135 0.296604
v 1.298435 -0.365 0.296604
v 1.294874 -0.135 0.302377
v 1.294874 -0.365 0.302377
v 1.291314 -0.135 0.308149
v 1.291314 -0.365 0.308149
v 1.282696 -0.135 0.318624
v 1.282696 -0.365 0.318624
v 1.27274 -0.135 0.327836
v 1.27274 -0.365 0.327836
v 1.267184 -0.135 0.331727
v 1.267184 -0.365 0.331727
v 1.261629 -0.135 0.335617
v 1.261629 -0.365 0.335617
v 1.249566 -0.135 0.341822
v 1.249566 -0.365 0.341822
v 1.236776 -0.135 0.346337
v 1.236776 -0.365 0.346337
v 1.230134 -0.135 0.347709
v 1.230134 -0.365 0.347709
v 1.223492 -0.135 0.34908
v 1.223492 -0.365 0.34908
v 1.209958 -0.135 0.35
v 1.209958 -0.365 0.35
v 1.472788 -0.125 0.372559
v 1.307282 -0.125 0.301265
v 1.28997 -0.125 0.325487
v 1.279018 -0.125 0.33562
v 1.396367 -0.125 0.472153
v 1.376296 -0.125 0.487554
v 1.266795 -0.125 0.344178
v 1.354959 -0.125 0.501147
v 1.41502 -0.125 0.455061
v 1.432111 -0.125 0.436408
v 1.299449 -0.125 0.313964
v 1.447513 -0.125 0.416337
v 1.461106 -0.125 0.395
v 1.332518 -0.125 0.512829
v 1.253527 -0.125 0.351004
v 1.309144 -0.125 0.522511
v 1.239457 -0.125 0.355971
v 1.285016 -0.125 0.530118
v 1.260316 -0.125 0.535594
v 1.224845 -0.125 0.358988
v 1.235234 -0.125 0.538897
v 1.209958 -0.125 0.36
v 1.209958 -0.125 0.54
v 1.481851 -0.365 0.376785
v 1.481851 -0.135 0.376785
v 1.477017 -0.365 0.386071
v 1.477017 -0.135 0.386071
v 1.469766 -0.365 0.4
v 1.469766 -0.135 0.4
v 1.458516 -0.365 0.41766
v 1.458516 -0.135 0.41766
v 1.455704 -0.365 0.422073
v 1.455704 -0.135 0.422073
v 1.439772 -0.365 0.442836
v 1.439772 -0.135 0.442836
v 1.436237 -0.365 0.446694
v 1.436237 -0.135 0.446694
v 1.422091 -0.365 0.462132
v 1.422091 -0.135 0.462132
v 1.410512 -0.365 0.472741
v 1.410512 -0.135 0.472741
v 1.402795 -0.365 0.479813
v 1.402795 -0.135 0.479813
v 1.382031 -0.365 0.495746
v 1.382031 -0.135 0.495746
v 1.359958 -0.365 0.509808
v 1.359958 -0.135 0.509808
v 1.350673 -0.365 0.514641
v 1.350673 -0.135 0.514641
v 1.336744 -0.365 0.521892
v 1.336744 -0.135 0.521892
v 1.317399 -0.365 0.529905
v 1.317399 -0.135 0.529905
v 1.312565 -0.365 0.531908
v 1.312565 -0.135 0.531908
v 1.287604 -0.365 0.539778
v 1.287604 -0.135 0.539778
v 1.282496 -0.365 0.54091
v 1.282496 -0.135 0.54091
v 1.262053 -0.365 0.545442
v 1.262053 -0.135 0.545442
v 1.246484 -0.365 0.547492
v 1.246484 -0.135 0.547492
v 1.236105 -0.365 0.548858
v 1.236105 -0.135 0.548858
v 1.209958 -0.365 0.55
v 1.209958 -0.135 0.55
v 1.472788 -0.375 0.372559
v 1.299449 -0.375 0.313964
v 1.432111 -0.375 0.436408
v 1.28997 -0.375 0.325487
v 1.41502 -0.375 0.455061
v 1.279018 -0.375 0.33562
v 1.307282 -0.375 0.301265
v 1.461106 -0.375 0.395
v 1.447513 -0.375 0.416337
v 1.209958 -0.375 0.54
v 1.209958 -0.375 0.36
v 1.235234 -0.375 0.538897
v 1.224845 -0.375 0.358988
v 1.396367 -0.375 0.472153
v 1.376296 -0.375 0.487554
v 1.266795 -0.375 0.344178
v 1.354959 -0.375 0.501147
v 1.253527 -0.375 0.351004
v 1.332518 -0.375 0.512829
v 1.309144 -0.375 0.522511
v 1.239457 -0.375 0.355971
v 1.285016 -0.375 0.530118
v 1.260316 -0.375 0.535594
v 1.15 -0.375 0.36
v 1.15 -0.375 0.54
v 1.15 -0.365 0.35
v 1.15 -0.135 0.35
v 1.15 -0.125 0.36
v 1.15 -0.125 0.54
v 1.15 -0.365 0.55
v 1.15 -0.135 0.55
v 1.756278 -0.365 0.039781
v 1.743722 -0.365 -0.139781
v 1.756278 -0.135 0.039781
v 1.743722 -0.135 -0.139781
v 1.15 -0.12634 0.355
v 1.15 -0.127929 0.352929
v 1.15 -0.13 0.35134
v 1.15 -0.372071 0.547071
v 1.15 -0.37 0.54866
v 1.15 -0.367588 0.549659
v 1.15 -0.125341 0.357412
v 1.15 -0.132412 0.350341
v 1.15 -0.37 0.35134
v 1.15 -0.372071 0.352929
v 1.15 -0.37366 0.355
v 1.15 -0.12634 0.545
v 1.15 -0.132412 0.549659
v 1.15 -0.127929 0.547071
v 1.15 -0.13 0.54866
v 1.15 -0.125341 0.542588
v 1.15 -0.367588 0.350341
v 1.15 -0.374659 0.357412
v 1.15 -0.37366 0.545
v 1.15 -0.374659 0.542588
v 1.209958 -0.125341 0.542588
v 1.209958 -0.12634 0.545
v 1.209958 -0.127929 0.547071
v 1.209958 -0.13 0.54866
v 1.209958 -0.132412 0.549659
v 1.261994 -0.132412 0.545107
v 1.3366 -0.132412 0.521584
v 1.359788 -0.132412 0.509513
v 1.42185 -0.132412 0.461891
v 1.469471 -0.132412 0.39983
v 1.481542 -0.132412 0.376641
v 1.434094 -0.125341 0.438072
v 1.41685 -0.125341 0.456891
v 1.435942 -0.12634 0.439622
v 1.418555 -0.12634 0.458596
v 1.437528 -0.127929 0.440954
v 1.420019 -0.127929 0.460061
v 1.438745 -0.13 0.441975
v 1.421143 -0.13 0.461185
v 1.439511 -0.132412 0.442617
v 1.285686 -0.125341 0.532618
v 1.260766 -0.125341 0.538143
v 1.28631 -0.12634 0.534948
v 1.261185 -0.12634 0.540518
v 1.286846 -0.127929 0.536949
v 1.261544 -0.127929 0.542558
v 1.287257 -0.13 0.538484
v 1.26182 -0.13 0.544123
v 1.287516 -0.132412 0.539449
v 1.484901 -0.125341 0.350071
v 1.475133 -0.125341 0.373653
v 1.487168 -0.12634 0.350896
v 1.477319 -0.12634 0.374672
v 1.489114 -0.127929 0.351604
v 1.479196 -0.127929 0.375548
v 1.490607 -0.13 0.352148
v 1.480637 -0.13 0.376219
v 1.491546 -0.132412 0.35249
v 1.463347 -0.125341 0.396294
v 1.465436 -0.12634 0.3975
v 1.46723 -0.127929 0.398536
v 1.468606 -0.13 0.39933
v 1.455425 -0.132412 0.421877
v 1.454607 -0.13 0.421304
v 1.453305 -0.127929 0.420393
v 1.451608 -0.12634 0.419205
v 1.449633 -0.125341 0.417822
v 1.402576 -0.132412 0.479552
v 1.401934 -0.13 0.478787
v 1.400912 -0.127929 0.47757
v 1.399581 -0.12634 0.475983
v 1.398031 -0.125341 0.474136
v 1.37778 -0.125341 0.489674
v 1.379164 -0.12634 0.49165
v 1.380352 -0.127929 0.493346
v 1.381263 -0.13 0.494648
v 1.381836 -0.132412 0.495467
v 1.356253 -0.125341 0.503389
v 1.357459 -0.12634 0.505477
v 1.358494 -0.127929 0.507271
v 1.359289 -0.13 0.508647
v 1.333612 -0.125341 0.515175
v 1.334631 -0.12634 0.517361
v 1.335506 -0.127929 0.519238
v 1.336178 -0.13 0.520678
v 1.312448 -0.132412 0.531588
v 1.312106 -0.13 0.530649
v 1.311563 -0.127929 0.529155
v 1.310854 -0.12634 0.527209
v 1.31003 -0.125341 0.524943
v 1.236076 -0.132412 0.548519
v 1.235988 -0.13 0.547524
v 1.23585 -0.127929 0.545941
v 1.235669 -0.12634 0.543877
v 1.235459 -0.125341 0.541475
v 1.209958 -0.367588 0.549659
v 1.209958 -0.37 0.54866
v 1.209958 -0.372071 0.547071
v 1.209958 -0.37366 0.545
v 1.209958 -0.374659 0.542588
v 1.575518 -0.132412 0.121777
v 1.57458 -0.13 0.121436
v 1.573086 -0.127929 0.120892
v 1.57114 -0.12634 0.120184
v 1.568874 -0.125341 0.119359
v 1.209958 -0.132412 0.350341
v 1.209958 -0.13 0.35134
v 1.209958 -0.127929 0.352929
v 1.209958 -0.12634 0.355
v 1.209958 -0.125341 0.357412
v 1.469471 -0.367588 0.39983
v 1.42185 -0.367588 0.461891
v 1.402576 -0.367588 0.479552
v 1.3366 -0.367588 0.521584
v 1.261994 -0.367588 0.545107
v 1.236076 -0.367588 0.548519
v 1.31003 -0.374659 0.524943
v 1.333612 -0.374659 0.515175
v 1.310854 -0.37366 0.527209
v 1.334631 -0.37366 0.517361
v 1.311563 -0.372071 0.529155
v 1.335506 -0.372071 0.519238
v 1.312106 -0.37 0.530649
v 1.336178 -0.37 0.520678
v 1.312448 -0.367588 0.531588
v 1.449633 -0.374659 0.417822
v 1.463347 -0.374659 0.396294
v 1.451608 -0.37366 0.419205
v 1.465436 -0.37366 0.3975
v 1.453305 -0.372071 0.420393
v 1.46723 -0.372071 0.398536
v 1.454607 -0.37 0.421304
v 1.468606 -0.37 0.39933
v 1.455425 -0.367588 0.421877
v 1.235459 -0.374659 0.541475
v 1.235669 -0.37366 0.543877
v 1.23585 -0.372071 0.545941
v 1.235988 -0.37 0.547524
v 1.260766 -0.374659 0.538143
v 1.261185 -0.37366 0.540518
v 1.261544 -0.372071 0.542558
v 1.26182 -0.37 0.544123
v 1.287516 -0.367588 0.539449
v 1.287257 -0.37 0.538484
v 1.286846 -0.372071 0.536949
v 1.28631 -0.37366 0.534948
v 1.285686 -0.374659 0.532618
v 1.359788 -0.367588 0.509513
v 1.359289 -0.37 0.508647
v 1.358494 -0.372071 0.507271
v 1.357459 -0.37366 0.505477
v 1.356253 -0.374659 0.503389
v 1.37778 -0.374659 0.489674
v 1.379164 -0.37366 0.49165
v 1.380352 -0.372071 0.493346
v 1.381263 -0.37 0.494648
v 1.381836 -0.367588 0.495467
v 1.398031 -0.374659 0.474136
v 1.399581 -0.37366 0.475983
v 1.400912 -0.372071 0.47757
v 1.401934 -0.37 0.478787
v 1.41685 -0.374659 0.456891
v 1.418555 -0.37366 0.458596
v 1.420019 -0.372071 0.460061
v 1.421143 -0.37 0.461185
v 1.439511 -0.367588 0.442617
v 1.438745 -0.37 0.441975
v 1.437528 -0.372071 0.440954
v 1.435942 -0.37366 0.439622
v 1.434094 -0.374659 0.438072
v 1.481542 -0.367588 0.376641
v 1.480637 -0.37 0.376219
v 1.479196 -0.372071 0.375548
v 1.477319 -0.37366 0.374672
v 1.475133 -0.374659 0.373653
v 1.484901 -0.374659 0.350071
v 1.487168 -0.37366 0.350896
v 1.489114 -0.372071 0.351604
v 1.490607 -0.37 0.352148
v 1.491546 -0.367588 0.35249
v 1.57519 -0.125341 0.105256
v 1.577314 -0.12634 0.106397
v 1.579139 -0.127929 0.107378
v 1.580539 -0.13 0.10813
v 1.581419 -0.132412 0.108603
v 1.598547 -0.132412 0.085455
v 1.589148 -0.132412 0.096411
v 1.609421 -0.132412 0.07596
v 1.621545 -0.132412 0.068125
v 1.634668 -0.132412 0.06211
v 1.648518 -0.132412 0.05804
v 1.662808 -0.132412 0.056
v 1.588345 -0.13 0.095817
v 1.597838 -0.13 0.084751
v 1.60882 -0.13 0.075162
v 1.621065 -0.13 0.067249
v 1.634318 -0.13 0.061174
v 1.648306 -0.13 0.057064
v 1.662739 -0.13 0.055003
v 1.587068 -0.127929 0.094871
v 1.596709 -0.127929 0.083632
v 1.607864 -0.127929 0.073893
v 1.6203 -0.127929 0.065855
v 1.633761 -0.127929 0.059685
v 1.647969 -0.127929 0.055511
v 1.662628 -0.127929 0.053418
v 1.585403 -0.12634 0.09364
v 1.595238 -0.12634 0.082174
v 1.606617 -0.12634 0.072239
v 1.619304 -0.12634 0.06404
v 1.633036 -0.12634 0.057745
v 1.647529 -0.12634 0.053487
v 1.662483 -0.12634 0.051352
v 1.583464 -0.125341 0.092205
v 1.593526 -0.125341 0.080476
v 1.605166 -0.125341 0.070313
v 1.618144 -0.125341 0.061925
v 1.632191 -0.125341 0.055486
v 1.647018 -0.125341 0.05113
v 1.662315 -0.125341 0.048946
v 1.310892 -0.125341 0.286737
v 1.304992 -0.125341 0.300059
v 1.308626 -0.12634 0.285912
v 1.302858 -0.12634 0.298935
v 1.30668 -0.127929 0.285204
v 1.301026 -0.127929 0.297969
v 1.305187 -0.13 0.28466
v 1.29962 -0.13 0.297229
v 1.304248 -0.132412 0.284319
v 1.298736 -0.132412 0.296763
v 1.291591 -0.132412 0.308347
v 1.282944 -0.132412 0.318858
v 1.261804 -0.132412 0.335908
v 1.272954 -0.132412 0.328102
v 1.249701 -0.132412 0.342134
v 1.236867 -0.132412 0.346665
v 1.223538 -0.132412 0.349418
v 1.292404 -0.13 0.308928
v 1.28367 -0.13 0.319544
v 1.273581 -0.13 0.328879
v 1.262321 -0.13 0.336764
v 1.250097 -0.13 0.343052
v 1.237135 -0.13 0.347628
v 1.223673 -0.13 0.350407
v 1.293697 -0.127929 0.309852
v 1.284826 -0.127929 0.320634
v 1.274578 -0.127929 0.330116
v 1.263142 -0.127929 0.338124
v 1.250726 -0.127929 0.344511
v 1.237561 -0.127929 0.349159
v 1.223888 -0.127929 0.351982
v 1.295381 -0.12634 0.311057
v 1.286333 -0.12634 0.322055
v 1.275879 -0.12634 0.331728
v 1.264212 -0.12634 0.339898
v 1.251547 -0.12634 0.346413
v 1.238117 -0.12634 0.351154
v 1.224168 -0.12634 0.354034
v 1.297344 -0.125341 0.312459
v 1.288087 -0.125341 0.32371
v 1.277393 -0.125341 0.333606
v 1.265458 -0.125341 0.341962
v 1.252502 -0.125341 0.348627
v 1.238763 -0.125341 0.353477
v 1.224495 -0.125341 0.356424
v 1.568874 -0.374659 0.119359
v 1.57114 -0.37366 0.120184
v 1.573086 -0.372071 0.120892
v 1.57458 -0.37 0.121436
v 1.575518 -0.367588 0.121777
v 1.746998 -0.13477 0.050424
v 1.746985 -0.133389 0.050242
v 1.74699 -0.133928 0.050313
v 1.746995 -0.134403 0.050376
v 1.74698 -0.132838 0.05017
v 1.746976 -0.132412 0.050114
v 1.746972 -0.132258 0.05005
v 1.746957 -0.131732 0.049833
v 1.74691 -0.130125 0.049169
v 1.746907 -0.13 0.049117
v 1.746815 -0.128296 0.047813
v 1.746796 -0.127929 0.047532
v 1.746695 -0.126826 0.046098
v 1.746651 -0.12634 0.045466
v 1.746556 -0.125776 0.044109
v 1.746405 -0.125193 0.041941
v 1.746483 -0.125341 0.04306
v 1.394865 -0.125341 0.056025
v 1.392599 -0.12634 0.0552
v 1.390652 -0.127929 0.054492
v 1.389159 -0.13 0.053948
v 1.38822 -0.132412 0.053606
v 1.662315 -0.374659 0.048946
v 1.647018 -0.374659 0.05113
v 1.662483 -0.37366 0.051352
v 1.647529 -0.37366 0.053487
v 1.662628 -0.372071 0.053418
v 1.647969 -0.372071 0.055511
v 1.662739 -0.37 0.055003
v 1.648306 -0.37 0.057064
v 1.662808 -0.367588 0.056
v 1.648518 -0.367588 0.05804
v 1.621545 -0.367588 0.068125
v 1.634668 -0.367588 0.06211
v 1.609421 -0.367588 0.07596
v 1.598547 -0.367588 0.085455
v 1.589148 -0.367588 0.096411
v 1.581419 -0.367588 0.108603
v 1.634318 -0.37 0.061174
v 1.621065 -0.37 0.067249
v 1.60882 -0.37 0.075162
v 1.597838 -0.37 0.084751
v 1.588345 -0.37 0.095817
v 1.580539 -0.37 0.10813
v 1.633761 -0.372071 0.059685
v 1.6203 -0.372071 0.065855
v 1.607864 -0.372071 0.073893
v 1.596709 -0.372071 0.083632
v 1.587068 -0.372071 0.094871
v 1.579139 -0.372071 0.107378
v 1.633036 -0.37366 0.057745
v 1.619304 -0.37366 0.06404
v 1.606617 -0.37366 0.072239
v 1.595238 -0.37366 0.082174
v 1.585403 -0.37366 0.09364
v 1.577314 -0.37366 0.106397
v 1.632191 -0.374659 0.055486
v 1.618144 -0.374659 0.061925
v 1.605166 -0.374659 0.070313
v 1.593526 -0.374659 0.080476
v 1.583464 -0.374659 0.092205
v 1.57519 -0.374659 0.105256
v 1.7483 -0.125912 0.044141
v 1.748071 -0.12695 0.046142
v 1.747515 -0.132437 0.050068
v 1.748058 -0.132774 0.050068
v 1.748512 -0.133223 0.050068
v 1.748854 -0.133763 0.050068
v 1.749066 -0.134365 0.050068
v 1.747752 -0.128402 0.047852
v 1.748425 -0.12534 0.041951
v 1.748442 -0.125282 0.040329
v 1.748884 -0.125341 0.040298
v 1.750534 -0.12606 0.041951
v 1.750551 -0.126033 0.040181
v 1.75129 -0.12634 0.04013
v 1.752428 -0.127234 0.041951
v 1.752438 -0.127222 0.040049
v 1.753356 -0.127929 0.039985
v 1.75401 -0.128802 0.041951
v 1.754018 -0.128793 0.039939
v 1.754942 -0.13 0.039874
v 1.755202 -0.130685 0.041951
v 1.755219 -0.130672 0.039855
v 1.755938 -0.132412 0.039805
v 1.755942 -0.132786 0.041951
v 1.755985 -0.132772 0.039801
v 1.756193 -0.135 0.041951
v 1.747359 -0.130193 0.049183
v 1.748408 -0.130551 0.049183
v 1.74935 -0.131136 0.049183
v 1.750138 -0.131916 0.049183
v 1.750731 -0.132853 0.049183
v 1.751099 -0.133898 0.049183
v 1.749138 -0.135 0.050068
v 1.7492 -0.135 0.050042
v 1.751224 -0.135 0.049183
v 1.751256 -0.135 0.04916
v 1.752886 -0.133488 0.047852
v 1.752381 -0.132053 0.047852
v 1.751567 -0.130767 0.047852
v 1.750486 -0.129696 0.047852
v 1.749192 -0.128894 0.047852
v 1.753058 -0.135 0.047852
v 1.753066 -0.135 0.047842
v 1.754535 -0.135 0.046152
v 1.754335 -0.133155 0.046142
v 1.753718 -0.131404 0.046142
v 1.752725 -0.129835 0.046142
v 1.751406 -0.128529 0.046142
v 1.749828 -0.12755 0.046142
v 1.750283 -0.126589 0.044141
v 1.752065 -0.127694 0.044141
v 1.753554 -0.129169 0.044141
v 1.754675 -0.13094 0.044141
v 1.755372 -0.132917 0.044141
v 1.754544 -0.135 0.046142
v 1.755589 -0.135 0.044176
v 1.755608 -0.135 0.044141
v 1.756176 -0.135 0.042016
v 1.596533 -0.132412 -0.134466
v 1.571108 -0.132412 -0.126842
v 1.500245 -0.132412 -0.090975
v 1.479046 -0.132412 -0.075
v 1.425036 -0.132412 -0.016769
v 1.410699 -0.132412 0.00557
v 1.404799 -0.125341 0.032087
v 1.416813 -0.125341 0.009122
v 1.402615 -0.12634 0.031065
v 1.414727 -0.12634 0.007911
v 1.400739 -0.127929 0.030187
v 1.412937 -0.127929 0.00687
v 1.3993 -0.13 0.029513
v 1.411562 -0.13 0.006072
v 1.398395 -0.132412 0.02909
v 1.46431 -0.125341 -0.052179
v 1.483547 -0.125341 -0.069547
v 1.462616 -0.12634 -0.053896
v 1.482012 -0.12634 -0.071407
v 1.461162 -0.127929 -0.05537
v 1.480694 -0.127929 -0.073004
v 1.460046 -0.13 -0.056502
v 1.479682 -0.13 -0.07423
v 1.459344 -0.132412 -0.057213
v 1.549368 -0.125341 -0.110554
v 1.573437 -0.125341 -0.120166
v 1.548375 -0.12634 -0.112752
v 1.572643 -0.12634 -0.122443
v 1.547523 -0.127929 -0.114639
v 1.571961 -0.127929 -0.124398
v 1.546868 -0.13 -0.116087
v 1.571437 -0.13 -0.125899
v 1.546457 -0.132412 -0.116998
v 1.425852 -0.13 -0.016192
v 1.42715 -0.127929 -0.015276
v 1.428841 -0.12634 -0.014081
v 1.430812 -0.125341 -0.01269
v 1.441293 -0.132412 -0.037751
v 1.442055 -0.13 -0.037105
v 1.443267 -0.127929 -0.036077
v 1.444846 -0.12634 -0.034737
v 1.446686 -0.125341 -0.033177
v 1.504246 -0.125341 -0.085145
v 1.502881 -0.12634 -0.087133
v 1.501709 -0.127929 -0.088841
v 1.50081 -0.13 -0.090151
v 1.522774 -0.132412 -0.105011
v 1.523264 -0.13 -0.10414
v 1.524044 -0.127929 -0.102756
v 1.52506 -0.12634 -0.100951
v 1.526244 -0.125341 -0.098849
v 1.598262 -0.125341 -0.12761
v 1.597673 -0.12634 -0.129949
v 1.597166 -0.127929 -0.131957
v 1.596778 -0.13 -0.133498
v 1.622534 -0.132412 -0.139811
v 1.622691 -0.13 -0.138824
v 1.622942 -0.127929 -0.137255
v 1.623269 -0.12634 -0.13521
v 1.623649 -0.125341 -0.132828
v 1.649398 -0.125341 -0.13578
v 1.64923 -0.12634 -0.138185
v 1.649085 -0.127929 -0.140251
v 1.648974 -0.13 -0.141837
v 1.648905 -0.132412 -0.142833
v 1.746405 -0.374807 0.041941
v 1.746483 -0.374659 0.04306
v 1.746556 -0.374224 0.044109
v 1.746651 -0.37366 0.045466
v 1.746695 -0.373174 0.046098
v 1.746796 -0.372071 0.047532
v 1.746815 -0.371704 0.047813
v 1.746982 -0.366965 0.050196
v 1.746988 -0.366325 0.05028
v 1.746907 -0.37 0.049117
v 1.746972 -0.367742 0.05005
v 1.746976 -0.367588 0.050114
v 1.746976 -0.367573 0.050116
v 1.746993 -0.365739 0.050357
v 1.746997 -0.36528 0.050417
v 1.749138 -0.365 0.050068
v 1.7492 -0.365 0.050042
v 1.751224 -0.365 0.049183
v 1.751256 -0.365 0.04916
v 1.753058 -0.365 0.047852
v 1.753066 -0.365 0.047842
v 1.754535 -0.365 0.046152
v 1.756193 -0.365 0.041951
v 1.756176 -0.365 0.042016
v 1.755608 -0.365 0.044141
v 1.755589 -0.365 0.044176
v 1.754544 -0.365 0.046142
v 1.736328 -0.125341 -0.139264
v 1.738734 -0.12634 -0.139432
v 1.738742 -0.126346 -0.139433
v 1.7408 -0.127929 -0.139576
v 1.742385 -0.13 -0.139687
v 1.742389 -0.13001 -0.139688
v 1.743382 -0.132412 -0.139757
v 1.733597 -0.125282 -0.141223
v 1.733566 -0.125341 -0.141665
v 1.733449 -0.126034 -0.143334
v 1.733397 -0.12634 -0.144071
v 1.733317 -0.127228 -0.145225
v 1.733253 -0.127929 -0.146137
v 1.733206 -0.128811 -0.146812
v 1.733072 -0.132412 -0.148719
v 1.733121 -0.13072 -0.14802
v 1.733142 -0.13 -0.147722
v 1.733072 -0.132427 -0.148721
v 1.733067 -0.133035 -0.148801
v 1.733066 -0.133098 -0.148809
v 1.733061 -0.133675 -0.148885
v 1.733055 -0.134261 -0.148962
v 1.733051 -0.13472 -0.149022
v 1.75129 -0.37366 0.04013
v 1.751299 -0.373654 0.040129
v 1.751248 -0.373566 0.041951
v 1.754942 -0.37 0.039874
v 1.754946 -0.36999 0.039874
v 1.754868 -0.369945 0.041951
v 1.755856 -0.36756 0.041951
v 1.755938 -0.367588 0.039805
v 1.748884 -0.374659 0.040298
v 1.748862 -0.374554 0.041951
v 1.748711 -0.373988 0.044141
v 1.748435 -0.372961 0.046142
v 1.748051 -0.371525 0.047852
v 1.747576 -0.369754 0.049183
v 1.747036 -0.367739 0.050068
v 1.747014 -0.367656 0.050093
v 1.74772 -0.367456 0.050068
v 1.746997 -0.367594 0.050111
v 1.747003 -0.367615 0.050105
v 1.749041 -0.365734 0.050068
v 1.751056 -0.366274 0.049183
v 1.752827 -0.366748 0.047852
v 1.754263 -0.367133 0.046142
v 1.755291 -0.367408 0.044141
v 1.748758 -0.366418 0.050068
v 1.750565 -0.367461 0.049183
v 1.752153 -0.368378 0.047852
v 1.75344 -0.369121 0.046142
v 1.754361 -0.369653 0.044141
v 1.748307 -0.367005 0.050068
v 1.749783 -0.36848 0.049183
v 1.751079 -0.369777 0.047852
v 1.75213 -0.370828 0.046142
v 1.752882 -0.37158 0.044141
v 1.753296 -0.371994 0.041951
v 1.753356 -0.372071 0.039985
v 1.748763 -0.369262 0.049183
v 1.74968 -0.37085 0.047852
v 1.750423 -0.372138 0.046142
v 1.750955 -0.373059 0.044141
v 1.733167 -0.132838 -0.148829
v 1.733746 -0.132762 -0.148829
v 1.733746 -0.135 -0.149083
v 1.733746 -0.125233 -0.14123
v 1.73863 -0.126542 -0.14123
v 1.742205 -0.130117 -0.14123
v 1.74318 -0.132472 -0.14123
v 1.733746 -0.125961 -0.143361
v 1.733746 -0.127148 -0.145276
v 1.733746 -0.128734 -0.146876
v 1.733746 -0.130637 -0.148081
v 1.743431 -0.135 -0.141213
v 1.743201 -0.135 -0.142339
v 1.742477 -0.132661 -0.143361
v 1.74271 -0.135 -0.143324
v 1.742037 -0.135 -0.144675
v 1.741331 -0.132968 -0.145276
v 1.741546 -0.135 -0.14523
v 1.740307 -0.135 -0.14663
v 1.739799 -0.133378 -0.146876
v 1.736274 -0.125566 -0.14123
v 1.736086 -0.126269 -0.143361
v 1.738266 -0.127172 -0.143361
v 1.735778 -0.127416 -0.145276
v 1.737672 -0.1282 -0.145276
v 1.735368 -0.128947 -0.146876
v 1.736879 -0.129573 -0.146876
v 1.734875 -0.130786 -0.148081
v 1.735928 -0.131221 -0.148081
v 1.734326 -0.132838 -0.148829
v 1.734865 -0.133062 -0.148829
v 1.740653 -0.128094 -0.14123
v 1.740138 -0.128609 -0.143361
v 1.739298 -0.129448 -0.145276
v 1.738177 -0.130569 -0.146876
v 1.736831 -0.131915 -0.148081
v 1.735329 -0.133417 -0.148829
v 1.741574 -0.130481 -0.143361
v 1.740546 -0.131074 -0.145276
v 1.739173 -0.131867 -0.146876
v 1.737525 -0.132818 -0.148081
v 1.737961 -0.133871 -0.148081
v 1.735685 -0.133881 -0.148829
v 1.735908 -0.134421 -0.148829
v 1.739989 -0.135 -0.146841
v 1.73813 -0.135 -0.148071
v 1.735973 -0.135 -0.148793
v 1.735654 -0.135 -0.148899
v 1.736328 -0.374659 -0.139264
v 1.738734 -0.37366 -0.139432
v 1.738742 -0.373654 -0.139433
v 1.7408 -0.372071 -0.139576
v 1.742385 -0.37 -0.139687
v 1.742389 -0.36999 -0.139688
v 1.743382 -0.367588 -0.139757
v 1.733746 -0.365 -0.149083
v 1.735654 -0.365 -0.148899
v 1.735973 -0.365 -0.148793
v 1.73813 -0.365 -0.148071
v 1.739989 -0.365 -0.146841
v 1.740307 -0.365 -0.14663
v 1.741546 -0.365 -0.14523
v 1.742037 -0.365 -0.144675
v 1.74271 -0.365 -0.143324
v 1.743201 -0.365 -0.142339
v 1.743431 -0.365 -0.141213
v 1.734326 -0.367162 -0.148829
v 1.733746 -0.367238 -0.148829
v 1.734865 -0.366938 -0.148829
v 1.735329 -0.366583 -0.148829
v 1.737961 -0.366129 -0.148081
v 1.735908 -0.365579 -0.148829
v 1.741331 -0.367032 -0.145276
v 1.733566 -0.374659 -0.141665
v 1.733449 -0.373966 -0.143334
v 1.733746 -0.374039 -0.143361
v 1.733142 -0.37 -0.147722
v 1.733121 -0.36928 -0.14802
v 1.733746 -0.369363 -0.148081
v 1.733066 -0.366902 -0.148809
v 1.733061 -0.366325 -0.148885
v 1.733051 -0.36528 -0.149022
v 1.733055 -0.365739 -0.148962
v 1.733067 -0.366965 -0.148801
v 1.733167 -0.367162 -0.148829
v 1.733072 -0.367573 -0.148721
v 1.733072 -0.367588 -0.148719
v 1.733397 -0.37366 -0.144071
v 1.733317 -0.372772 -0.145225
v 1.733746 -0.372852 -0.145276
v 1.733253 -0.372071 -0.146137
v 1.736274 -0.374434 -0.14123
v 1.740653 -0.371906 -0.14123
v 1.742205 -0.369883 -0.14123
v 1.74318 -0.367528 -0.14123
v 1.742477 -0.367339 -0.143361
v 1.741574 -0.369519 -0.143361
v 1.739799 -0.366622 -0.146876
v 1.740546 -0.368926 -0.145276
v 1.740138 -0.371391 -0.143361
v 1.73863 -0.373458 -0.14123
v 1.735368 -0.371053 -0.146876
v 1.733746 -0.371266 -0.146876
v 1.733206 -0.37119 -0.146812
v 1.739173 -0.368133 -0.146876
v 1.739298 -0.370552 -0.145276
v 1.738266 -0.372828 -0.143361
v 1.737525 -0.367182 -0.148081
v 1.738177 -0.369431 -0.146876
v 1.737672 -0.3718 -0.145276
v 1.736086 -0.373731 -0.143361
v 1.733746 -0.374767 -0.14123
v 1.733597 -0.374718 -0.141223
v 1.735928 -0.368779 -0.148081
v 1.734875 -0.369214 -0.148081
v 1.735778 -0.372584 -0.145276
v 1.736879 -0.370427 -0.146876
v 1.736831 -0.368085 -0.148081
v 1.735685 -0.366119 -0.148829
v 1.648905 -0.367588 -0.142833
v 1.648974 -0.37 -0.141837
v 1.649085 -0.372071 -0.140251
v 1.64923 -0.37366 -0.138185
v 1.649398 -0.374659 -0.13578
v 1.410699 -0.367588 0.00557
v 1.425036 -0.367588 -0.016769
v 1.479046 -0.367588 -0.075
v 1.500245 -0.367588 -0.090975
v 1.571108 -0.367588 -0.126842
v 1.596533 -0.367588 -0.134466
v 1.623649 -0.374659 -0.132828
v 1.598262 -0.374659 -0.12761
v 1.623269 -0.37366 -0.13521
v 1.597673 -0.37366 -0.129949
v 1.622942 -0.372071 -0.137255
v 1.597166 -0.372071 -0.131957
v 1.622691 -0.37 -0.138824
v 1.596778 -0.37 -0.133498
v 1.622534 -0.367588 -0.139811
v 1.526244 -0.374659 -0.098849
v 1.504246 -0.374659 -0.085145
v 1.52506 -0.37366 -0.100951
v 1.502881 -0.37366 -0.087133
v 1.524044 -0.372071 -0.102756
v 1.501709 -0.372071 -0.088841
v 1.523264 -0.37 -0.10414
v 1.50081 -0.37 -0.090151
v 1.522774 -0.367588 -0.105011
v 1.446686 -0.374659 -0.033177
v 1.430812 -0.374659 -0.01269
v 1.444846 -0.37366 -0.034737
v 1.428841 -0.37366 -0.014081
v 1.443267 -0.372071 -0.036077
v 1.42715 -0.372071 -0.015276
v 1.442055 -0.37 -0.037105
v 1.425852 -0.37 -0.016192
v 1.441293 -0.367588 -0.037751
v 1.571437 -0.37 -0.125899
v 1.571961 -0.372071 -0.124398
v 1.572643 -0.37366 -0.122443
v 1.573437 -0.374659 -0.120166
v 1.546457 -0.367588 -0.116998
v 1.546868 -0.37 -0.116087
v 1.547523 -0.372071 -0.114639
v 1.548375 -0.37366 -0.112752
v 1.549368 -0.374659 -0.110554
v 1.479682 -0.37 -0.07423
v 1.480694 -0.372071 -0.073004
v 1.482012 -0.37366 -0.071407
v 1.483547 -0.374659 -0.069547
v 1.459344 -0.367588 -0.057213
v 1.460046 -0.37 -0.056502
v 1.461162 -0.372071 -0.05537
v 1.462616 -0.37366 -0.053896
v 1.46431 -0.374659 -0.052179
v 1.416813 -0.374659 0.009122
v 1.414727 -0.37366 0.007911
v 1.412937 -0.372071 0.00687
v 1.411562 -0.37 0.006072
v 1.398395 -0.367588 0.02909
v 1.3993 -0.37 0.029513
v 1.400739 -0.372071 0.030187
v 1.402615 -0.37366 0.031065
v 1.404799 -0.374659 0.032087
v 1.394865 -0.374659 0.056025
v 1.392599 -0.37366 0.0552
v 1.390652 -0.372071 0.054492
v 1.389159 -0.37 0.053948
v 1.38822 -0.367588 0.053606
v 1.304248 -0.367588 0.284319
v 1.305187 -0.37 0.28466
v 1.30668 -0.372071 0.285204
v 1.308626 -0.37366 0.285912
v 1.310892 -0.374659 0.286737
v 1.209958 -0.374659 0.357412
v 1.224495 -0.374659 0.356424
v 1.209958 -0.37366 0.355
v 1.224168 -0.37366 0.354034
v 1.209958 -0.372071 0.352929
v 1.223888 -0.372071 0.351982
v 1.209958 -0.37 0.35134
v 1.223673 -0.37 0.350407
v 1.209958 -0.367588 0.350341
v 1.223538 -0.367588 0.349418
v 1.236867 -0.367588 0.346665
v 1.249701 -0.367588 0.342134
v 1.272954 -0.367588 0.328102
v 1.261804 -0.367588 0.335908
v 1.282944 -0.367588 0.318858
v 1.298736 -0.367588 0.296763
v 1.291591 -0.367588 0.308347
v 1.237135 -0.37 0.347628
v 1.250097 -0.37 0.343052
v 1.262321 -0.37 0.336764
v 1.273581 -0.37 0.328879
v 1.28367 -0.37 0.319544
v 1.292404 -0.37 0.308928
v 1.29962 -0.37 0.297229
v 1.237561 -0.372071 0.349159
v 1.250726 -0.372071 0.344511
v 1.263142 -0.372071 0.338124
v 1.274578 -0.372071 0.330116
v 1.284826 -0.372071 0.320634
v 1.293697 -0.372071 0.309852
v 1.301026 -0.372071 0.297969
v 1.238117 -0.37366 0.351154
v 1.251547 -0.37366 0.346413
v 1.264212 -0.37366 0.339898
v 1.275879 -0.37366 0.331728
v 1.286333 -0.37366 0.322055
v 1.295381 -0.37366 0.311057
v 1.302858 -0.37366 0.298935
v 1.238763 -0.374659 0.353477
v 1.252502 -0.374659 0.348627
v 1.265458 -0.374659 0.341962
v 1.277393 -0.374659 0.333606
v 1.288087 -0.374659 0.32371
v 1.297344 -0.374659 0.312459
v 1.304992 -0.374659 0.300059
v 1.648881 0.135 -0.143173
v 1.648881 0.365 -0.143173
v 1.733049 0.135 -0.149059
v 1.733049 0.365 -0.149059
v 1.649578 0.375 -0.133198
v 1.662135 0.375 0.046364
v 1.733746 0.375 -0.139083
v 1.746302 0.375 0.040478
v 1.747 0.135 0.050454
v 1.747 0.365 0.050454
v 1.662832 0.135 0.05634
v 1.662832 0.365 0.05634
v 1.733746 0.125 -0.139083
v 1.746302 0.125 0.040478
v 1.649578 0.125 -0.133198
v 1.662135 0.125 0.046364
v 1.62248 0.365 -0.140147
v 1.62248 0.135 -0.140147
v 1.614672 0.365 -0.138542
v 1.614672 0.135 -0.138542
v 1.59645 0.365 -0.134797
v 1.59645 0.135 -0.134797
v 1.581177 0.365 -0.130217
v 1.581177 0.135 -0.130217
v 1.570996 0.365 -0.127164
v 1.570996 0.135 -0.127164
v 1.548784 0.365 -0.118294
v 1.548784 0.135 -0.118294
v 1.546317 0.365 -0.117308
v 1.546317 0.135 -0.117308
v 1.522607 0.365 -0.105308
v 1.522607 0.135 -0.105308
v 1.518097 0.365 -0.102498
v 1.518097 0.135 -0.102498
v 1.500052 0.365 -0.091256
v 1.500052 0.135 -0.091256
v 1.489441 0.365 -0.08326
v 1.489441 0.135 -0.08326
v 1.478829 0.365 -0.075263
v 1.478829 0.135 -0.075263
v 1.463048 0.365 -0.061016
v 1.463048 0.135 -0.061016
v 1.459105 0.365 -0.057455
v 1.459105 0.135 -0.057455
v 1.441033 0.365 -0.037972
v 1.441033 0.135 -0.037972
v 1.439407 0.365 -0.035872
v 1.439407 0.135 -0.035872
v 1.424757 0.365 -0.016965
v 1.424757 0.135 -0.016965
v 1.419016 0.365 -0.00802
v 1.419016 0.135 -0.00802
v 1.410404 0.365 0.005399
v 1.410404 0.135 0.005399
v 1.401781 0.365 0.021883
v 1.401781 0.135 0.021883
v 1.398086 0.365 0.028946
v 1.398086 0.135 0.028946
v 1.3879 0.365 0.05349
v 1.3879 0.135 0.05349
v 1.397297 0.375 0.05691
v 1.566442 0.375 0.118474
v 1.407143 0.375 0.033184
v 1.57291 0.375 0.104031
v 1.591687 0.375 0.078654
v 1.448659 0.375 -0.031503
v 1.581384 0.375 0.090665
v 1.432926 0.375 -0.011197
v 1.419051 0.375 0.010422
v 1.631285 0.375 0.053062
v 1.646468 0.375 0.048601
v 1.598895 0.375 -0.1251
v 1.603608 0.375 0.068246
v 1.485195 0.375 -0.067551
v 1.466128 0.375 -0.050337
v 1.624057 0.375 -0.130272
v 1.57429 0.375 -0.117722
v 1.550433 0.375 -0.108195
v 1.616899 0.375 0.059656
v 1.527514 0.375 -0.096594
v 1.50571 0.375 -0.083011
v 1.575839 0.365 0.121894
v 1.575839 0.135 0.121894
v 1.581719 0.365 0.108764
v 1.581719 0.135 0.108764
v 1.584286 0.365 0.104715
v 1.584286 0.135 0.104715
v 1.589422 0.365 0.096614
v 1.589422 0.135 0.096614
v 1.595668 0.365 0.089333
v 1.595668 0.135 0.089333
v 1.598789 0.365 0.085694
v 1.598789 0.135 0.085694
v 1.609626 0.365 0.076232
v 1.609626 0.135 0.076232
v 1.621709 0.365 0.068423
v 1.621709 0.135 0.068423
v 1.626067 0.365 0.066426
v 1.626067 0.135 0.066426
v 1.634787 0.365 0.062429
v 1.634787 0.135 0.062429
v 1.643991 0.365 0.059724
v 1.643991 0.135 0.059724
v 1.64859 0.365 0.058373
v 1.64859 0.135 0.058373
v 1.581384 0.125 0.090665
v 1.57291 0.125 0.104031
v 1.419051 0.125 0.010422
v 1.407143 0.125 0.033184
v 1.566442 0.125 0.118474
v 1.397297 0.125 0.05691
v 1.624057 0.125 -0.130272
v 1.646468 0.125 0.048601
v 1.591687 0.125 0.078654
v 1.485195 0.125 -0.067551
v 1.603608 0.125 0.068246
v 1.50571 0.125 -0.083011
v 1.616899 0.125 0.059656
v 1.527514 0.125 -0.096594
v 1.550433 0.125 -0.108195
v 1.631285 0.125 0.053062
v 1.57429 0.125 -0.117722
v 1.598895 0.125 -0.1251
v 1.432926 0.125 -0.011197
v 1.448659 0.125 -0.031503
v 1.466128 0.125 -0.050337
v 1.303928 0.135 0.284202
v 1.303928 0.365 0.284202
v 1.313325 0.375 0.287622
v 1.482469 0.375 0.349186
v 1.491866 0.135 0.352606
v 1.491866 0.365 0.352606
v 1.313325 0.125 0.287622
v 1.482469 0.125 0.349186
v 1.209958 0.135 0.35
v 1.209958 0.365 0.35
v 1.223492 0.135 0.34908
v 1.223492 0.365 0.34908
v 1.230134 0.135 0.347709
v 1.230134 0.365 0.347709
v 1.236776 0.135 0.346337
v 1.236776 0.365 0.346337
v 1.249566 0.135 0.341822
v 1.249566 0.365 0.341822
v 1.261629 0.135 0.335617
v 1.261629 0.365 0.335617
v 1.267184 0.135 0.331727
v 1.267184 0.365 0.331727
v 1.27274 0.135 0.327836
v 1.27274 0.365 0.327836
v 1.282696 0.135 0.318624
v 1.282696 0.365 0.318624
v 1.291314 0.135 0.308149
v 1.291314 0.365 0.308149
v 1.294874 0.135 0.302377
v 1.294874 0.365 0.302377
v 1.298435 0.135 0.296604
v 1.298435 0.365 0.296604
v 1.472788 0.375 0.372559
v 1.307282 0.375 0.301265
v 1.28997 0.375 0.325487
v 1.279018 0.375 0.33562
v 1.396367 0.375 0.472153
v 1.376296 0.375 0.487554
v 1.266795 0.375 0.344178
v 1.354959 0.375 0.501147
v 1.41502 0.375 0.455061
v 1.432111 0.375 0.436408
v 1.299449 0.375 0.313964
v 1.447513 0.375 0.416337
v 1.461106 0.375 0.395
v 1.332518 0.375 0.512829
v 1.253527 0.375 0.351004
v 1.309144 0.375 0.522511
v 1.239457 0.375 0.355971
v 1.285016 0.375 0.530118
v 1.260316 0.375 0.535594
v 1.224845 0.375 0.358988
v 1.235234 0.375 0.538897
v 1.209958 0.375 0.36
v 1.209958 0.375 0.54
v 1.481851 0.135 0.376785
v 1.481851 0.365 0.376785
v 1.477017 0.135 0.386071
v 1.477017 0.365 0.386071
v 1.469766 0.135 0.4
v 1.469766 0.365 0.4
v 1.458516 0.135 0.41766
v 1.458516 0.365 0.41766
v 1.455704 0.135 0.422073
v 1.455704 0.365 0.422073
v 1.439772 0.135 0.442836
v 1.439772 0.365 0.442836
v 1.436237 0.135 0.446694
v 1.436237 0.365 0.446694
v 1.422091 0.135 0.462132
v 1.422091 0.365 0.462132
v 1.410512 0.135 0.472741
v 1.410512 0.365 0.472741
v 1.402795 0.135 0.479813
v 1.402795 0.365 0.479813
v 1.382031 0.135 0.495746
v 1.382031 0.365 0.495746
v 1.359958 0.135 0.509808
v 1.359958 0.365 0.509808
v 1.350673 0.135 0.514641
v 1.350673 0.365 0.514641
v 1.336744 0.135 0.521892
v 1.336744 0.365 0.521892
v 1.317399 0.135 0.529905
v 1.317399 0.365 0.529905
v 1.312565 0.135 0.531908
v 1.312565 0.365 0.531908
v 1.287604 0.135 0.539778
v 1.287604 0.365 0.539778
v 1.282496 0.135 0.54091
v 1.282496 0.365 0.54091
v 1.262053 0.135 0.545442
v 1.262053 0.365 0.545442
v 1.246484 0.135 0.547492
v 1.246484 0.365 0.547492
v 1.236105 0.135 0.548858
v 1.236105 0.365 0.548858
v 1.209958 0.135 0.55
v 1.209958 0.365 0.55
v 1.472788 0.125 0.372559
v 1.299449 0.125 0.313964
v 1.432111 0.125 0.436408
v 1.28997 0.125 0.325487
v 1.41502 0.125 0.455061
v 1.279018 0.125 0.33562
v 1.307282 0.125 0.301265
v 1.461106 0.125 0.395
v 1.447513 0.125 0.416337
v 1.209958 0.125 0.54
v 1.209958 0.125 0.36
v 1.235234 0.125 0.538897
v 1.224845 0.125 0.358988
v 1.396367 0.125 0.472153
v 1.376296 0.125 0.487554
v 1.266795 0.125 0.344178
v 1.354959 0.125 0.501147
v 1.253527 0.125 0.351004
v 1.332518 0.125 0.512829
v 1.309144 0.125 0.522511
v 1.239457 0.125 0.355971
v 1.285016 0.125 0.530118
v 1.260316 0.125 0.535594
v 1.15 0.125 0.36
v 1.15 0.125 0.54
v 1.15 0.135 0.35
v 1.15 0.365 0.35
v 1.15 0.375 0.36
v 1.15 0.375 0.54
v 1.15 0.135 0.55
v 1.15 0.365 0.55
v 1.756278 0.135 0.039781
v 1.743722 0.135 -0.139781
v 1.756278 0.365 0.039781
v 1.743722 0.365 -0.139781
v 1.15 0.37366 0.355
v 1.15 0.372071 0.352929
v 1.15 0.37 0.35134
v 1.15 0.367588 0.549659
v 1.15 0.37 0.54866
v 1.15 0.372071 0.547071
v 1.15 0.374659 0.542588
v 1.15 0.37366 0.545
v 1.15 0.374659 0.357412
v 1.15 0.367588 0.350341
v 1.15 0.132412 0.350341
v 1.15 0.13 0.35134
v 1.15 0.125341 0.542588
v 1.15 0.132412 0.549659
v 1.15 0.12634 0.545
v 1.15 0.127929 0.547071
v 1.15 0.13 0.54866
v 1.15 0.127929 0.352929
v 1.15 0.12634 0.355
v 1.15 0.125341 0.357412
v 1.209958 0.374659 0.542588
v 1.209958 0.37366 0.545
v 1.209958 0.372071 0.547071
v 1.209958 0.37 0.54866
v 1.209958 0.367588 0.549659
v 1.261994 0.367588 0.545107
v 1.3366 0.367588 0.521584
v 1.359788 0.367588 0.509513
v 1.42185 0.367588 0.461891
v 1.469471 0.367588 0.39983
v 1.481542 0.367588 0.376641
v 1.434094 0.374659 0.438072
v 1.41685 0.374659 0.456891
v 1.435942 0.37366 0.439622
v 1.418555 0.37366 0.458596
v 1.437528 0.372071 0.440954
v 1.420019 0.372071 0.460061
v 1.438745 0.37 0.441975
v 1.421143 0.37 0.461185
v 1.439511 0.367588 0.442617
v 1.285686 0.374659 0.532618
v 1.260766 0.374659 0.538143
v 1.28631 0.37366 0.534948
v 1.261185 0.37366 0.540518
v 1.286846 0.372071 0.536949
v 1.261544 0.372071 0.542558
v 1.287257 0.37 0.538484
v 1.26182 0.37 0.544123
v 1.287516 0.367588 0.539449
v 1.484901 0.374659 0.350071
v 1.475133 0.374659 0.373653
v 1.487168 0.37366 0.350896
v 1.477319 0.37366 0.374672
v 1.489114 0.372071 0.351604
v 1.479196 0.372071 0.375548
v 1.490607 0.37 0.352148
v 1.480637 0.37 0.376219
v 1.491546 0.367588 0.35249
v 1.463347 0.374659 0.396294
v 1.465436 0.37366 0.3975
v 1.46723 0.372071 0.398536
v 1.468606 0.37 0.39933
v 1.455425 0.367588 0.421877
v 1.454607 0.37 0.421304
v 1.453305 0.372071 0.420393
v 1.451608 0.37366 0.419205
v 1.449633 0.374659 0.417822
v 1.402576 0.367588 0.479552
v 1.401934 0.37 0.478787
v 1.400912 0.372071 0.47757
v 1.399581 0.37366 0.475983
v 1.398031 0.374659 0.474136
v 1.37778 0.374659 0.489674
v 1.379164 0.37366 0.49165
v 1.380352 0.372071 0.493346
v 1.381263 0.37 0.494648
v 1.381836 0.367588 0.495467
v 1.356253 0.374659 0.503389
v 1.357459 0.37366 0.505477
v 1.358494 0.372071 0.507271
v 1.359289 0.37 0.508647
v 1.333612 0.374659 0.515175
v 1.334631 0.37366 0.517361
v 1.335506 0.372071 0.519238
v 1.336178 0.37 0.520678
v 1.312448 0.367588 0.531588
v 1.312106 0.37 0.530649
v 1.311563 0.372071 0.529155
v 1.310854 0.37366 0.527209
v 1.31003 0.374659 0.524943
v 1.236076 0.367588 0.548519
v 1.235988 0.37 0.547524
v 1.23585 0.372071 0.545941
v 1.235669 0.37366 0.543877
v 1.235459 0.374659 0.541475
v 1.209958 0.132412 0.549659
v 1.209958 0.13 0.54866
v 1.209958 0.127929 0.547071
v 1.209958 0.12634 0.545
v 1.209958 0.125341 0.542588
v 1.575518 0.367588 0.121777
v 1.57458 0.37 0.121436
v 1.573086 0.372071 0.120892
v 1.57114 0.37366 0.120184
v 1.568874 0.374659 0.119359
v 1.209958 0.367588 0.350341
v 1.209958 0.37 0.35134
v 1.209958 0.372071 0.352929
v 1.209958 0.37366 0.355
v 1.209958 0.374659 0.357412
v 1.469471 0.132412 0.39983
v 1.42185 0.132412 0.461891
v 1.402576 0.132412 0.479552
v 1.3366 0.132412 0.521584
v 1.261994 0.132412 0.545107
v 1.236076 0.132412 0.548519
v 1.31003 0.125341 0.524943
v 1.333612 0.125341 0.515175
v 1.310854 0.12634 0.527209
v 1.334631 0.12634 0.517361
v 1.311563 0.127929 0.529155
v 1.335506 0.127929 0.519238
v 1.312106 0.13 0.530649
v 1.336178 0.13 0.520678
v 1.312448 0.132412 0.531588
v 1.449633 0.125341 0.417822
v 1.463347 0.125341 0.396294
v 1.451608 0.12634 0.419205
v 1.465436 0.12634 0.3975
v 1.453305 0.127929 0.420393
v 1.46723 0.127929 0.398536
v 1.454607 0.13 0.421304
v 1.468606 0.13 0.39933
v 1.455425 0.132412 0.421877
v 1.235459 0.125341 0.541475
v 1.235669 0.12634 0.543877
v 1.23585 0.127929 0.545941
v 1.235988 0.13 0.547524
v 1.260766 0.125341 0.538143
v 1.261185 0.12634 0.540518
v 1.261544 0.127929 0.542558
v 1.26182 0.13 0.544123
v 1.287516 0.132412 0.539449
v 1.287257 0.13 0.538484
v 1.286846 0.127929 0.536949
v 1.28631 0.12634 0.534948
v 1.285686 0.125341 0.532618
v 1.359788 0.132412 0.509513
v 1.359289 0.13 0.508647
v 1.358494 0.127929 0.507271
v 1.357459 0.12634 0.505477
v 1.356253 0.125341 0.503389
v 1.37778 0.125341 0.489674
v 1.379164 0.12634 0.49165
v 1.380352 0.127929 0.493346
v 1.381263 0.13 0.494648
v 1.381836 0.132412 0.495467
v 1.398031 0.125341 0.474136
v 1.399581 0.12634 0.475983
v 1.400912 0.127929 0.47757
v 1.401934 0.13 0.478787
v 1.41685 0.125341 0.456891
v 1.418555 0.12634 0.458596
v 1.420019 0.127929 0.460061
v 1.421143 0.13 0.461185
v 1.439511 0.132412 0.442617
v 1.438745 0.13 0.441975
v 1.437528 0.127929 0.440954
v 1.435942 0.12634 0.439622
v 1.434094 0.125341 0.438072
v 1.481542 0.132412 0.376641
v 1.480637 0.13 0.376219
v 1.479196 0.127929 0.375548
v 1.477319 0.12634 0.374672
v 1.475133 0.125341 0.373653
v 1.484901 0.125341 0.350071
v 1.487168 0.12634 0.350896
v 1.489114 0.127929 0.351604
v 1.490607 0.13 0.352148
v 1.491546 0.132412 0.35249
v 1.57519 0.374659 0.105256
v 1.577314 0.37366 0.106397
v 1.579139 0.372071 0.107378
v 1.580539 0.37 0.10813
v 1.581419 0.367588 0.108603
v 1.598547 0.367588 0.085455
v 1.589148 0.367588 0.096411
v 1.609421 0.367588 0.07596
v 1.621545 0.367588 0.068125
v 1.634668 0.367588 0.06211
v 1.648518 0.367588 0.05804
v 1.662808 0.367588 0.056
v 1.588345 0.37 0.095817
v 1.597838 0.37 0.084751
v 1.60882 0.37 0.075162
v 1.621065 0.37 0.067249
v 1.634318 0.37 0.061174
v 1.648306 0.37 0.057064
v 1.662739 0.37 0.055003
v 1.587068 0.372071 0.094871
v 1.596709 0.372071 0.083632
v 1.607864 0.372071 0.073893
v 1.6203 0.372071 0.065855
v 1.633761 0.372071 0.059685
v 1.647969 0.372071 0.055511
v 1.662628 0.372071 0.053418
v 1.585403 0.37366 0.09364
v 1.595238 0.37366 0.082174
v 1.606617 0.37366 0.072239
v 1.619304 0.37366 0.06404
v 1.633036 0.37366 0.057745
v 1.647529 0.37366 0.053487
v 1.662483 0.37366 0.051352
v 1.583464 0.374659 0.092205
v 1.593526 0.374659 0.080476
v 1.605166 0.374659 0.070313
v 1.618144 0.374659 0.061925
v 1.632191 0.374659 0.055486
v 1.647018 0.374659 0.05113
v 1.662315 0.374659 0.048946
v 1.310892 0.374659 0.286737
v 1.304992 0.374659 0.300059
v 1.308626 0.37366 0.285912
v 1.302858 0.37366 0.298935
v 1.30668 0.372071 0.285204
v 1.301026 0.372071 0.297969
v 1.305187 0.37 0.28466
v 1.29962 0.37 0.297229
v 1.304248 0.367588 0.284319
v 1.298736 0.367588 0.296763
v 1.291591 0.367588 0.308347
v 1.282944 0.367588 0.318858
v 1.261804 0.367588 0.335908
v 1.272954 0.367588 0.328102
v 1.249701 0.367588 0.342134
v 1.236867 0.367588 0.346665
v 1.223538 0.367588 0.349418
v 1.292404 0.37 0.308928
v 1.28367 0.37 0.319544
v 1.273581 0.37 0.328879
v 1.262321 0.37 0.336764
v 1.250097 0.37 0.343052
v 1.237135 0.37 0.347628
v 1.223673 0.37 0.350407
v 1.293697 0.372071 0.309852
v 1.284826 0.372071 0.320634
v 1.274578 0.372071 0.330116
v 1.263142 0.372071 0.338124
v 1.250726 0.372071 0.344511
v 1.237561 0.372071 0.349159
v 1.223888 0.372071 0.351982
v 1.295381 0.37366 0.311057
v 1.286333 0.37366 0.322055
v 1.275879 0.37366 0.331728
v 1.264212 0.37366 0.339898
v 1.251547 0.37366 0.346413
v 1.238117 0.37366 0.351154
v 1.224168 0.37366 0.354034
v 1.297344 0.374659 0.312459
v 1.288087 0.374659 0.32371
v 1.277393 0.374659 0.333606
v 1.265458 0.374659 0.341962
v 1.252502 0.374659 0.348627
v 1.238763 0.374659 0.353477
v 1.224495 0.374659 0.356424
v 1.568874 0.125341 0.119359
v 1.57114 0.12634 0.120184
v 1.573086 0.127929 0.120892
v 1.57458 0.13 0.121436
v 1.575518 0.132412 0.121777
v 1.746998 0.36523 0.050424
v 1.746985 0.366611 0.050242
v 1.74699 0.366072 0.050313
v 1.746995 0.365597 0.050376
v 1.74698 0.367162 0.05017
v 1.746976 0.367588 0.050114
v 1.746972 0.367742 0.05005
v 1.746957 0.368268 0.049833
v 1.74691 0.369875 0.049169
v 1.746907 0.37 0.049117
v 1.746815 0.371704 0.047813
v 1.746796 0.372071 0.047532
v 1.746695 0.373174 0.046098
v 1.746651 0.37366 0.045466
v 1.746556 0.374224 0.044109
v 1.746405 0.374807 0.041941
v 1.746483 0.374659 0.04306
v 1.394865 0.374659 0.056025
v 1.392599 0.37366 0.0552
v 1.390652 0.372071 0.054492
v 1.389159 0.37 0.053948
v 1.38822 0.367588 0.053606
v 1.662315 0.125341 0.048946
v 1.647018 0.125341 0.05113
v 1.662483 0.12634 0.051352
v 1.647529 0.12634 0.053487
v 1.662628 0.127929 0.053418
v 1.647969 0.127929 0.055511
v 1.662739 0.13 0.055003
v 1.648306 0.13 0.057064
v 1.662808 0.132412 0.056
v 1.648518 0.132412 0.05804
v 1.621545 0.132412 0.068125
v 1.634668 0.132412 0.06211
v 1.609421 0.132412 0.07596
v 1.598547 0.132412 0.085455
v 1.589148 0.132412 0.096411
v 1.581419 0.132412 0.108603
v 1.634318 0.13 0.061174
v 1.621065 0.13 0.067249
v 1.60882 0.13 0.075162
v 1.597838 0.13 0.084751
v 1.588345 0.13 0.095817
v 1.580539 0.13 0.10813
v 1.633761 0.127929 0.059685
v 1.6203 0.127929 0.065855
v 1.607864 0.127929 0.073893
v 1.596709 0.127929 0.083632
v 1.587068 0.127929 0.094871
v 1.579139 0.127929 0.107378
v 1.633036 0.12634 0.057745
v 1.619304 0.12634 0.06404
v 1.606617 0.12634 0.072239
v 1.595238 0.12634 0.082174
v 1.585403 0.12634 0.09364
v 1.577314 0.12634 0.106397
v 1.632191 0.125341 0.055486
v 1.618144 0.125341 0.061925
v 1.605166 0.125341 0.070313
v 1.593526 0.125341 0.080476
v 1.583464 0.125341 0.092205
v 1.57519 0.125341 0.105256
v 1.7483 0.374088 0.044141
v 1.748071 0.37305 0.046142
v 1.747515 0.367563 0.050068
v 1.748058 0.367226 0.050068
v 1.748512 0.366777 0.050068
v 1.748854 0.366237 0.050068
v 1.749066 0.365635 0.050068
v 1.747752 0.371598 0.047852
v 1.748425 0.37466 0.041951
v 1.748442 0.374718 0.040329
v 1.748884 0.374659 0.040298
v 1.750534 0.37394 0.041951
v 1.750551 0.373967 0.040181
v 1.75129 0.37366 0.04013
v 1.752428 0.372766 0.041951
v 1.752438 0.372778 0.040049
v 1.753356 0.372071 0.039985
v 1.75401 0.371198 0.041951
v 1.754018 0.371207 0.039939
v 1.754942 0.37 0.039874
v 1.755202 0.369315 0.041951
v 1.755219 0.369328 0.039855
v 1.755938 0.367588 0.039805
v 1.755942 0.367214 0.041951
v 1.755985 0.367228 0.039801
v 1.756193 0.365 0.041951
v 1.747359 0.369807 0.049183
v 1.748408 0.369449 0.049183
v 1.74935 0.368864 0.049183
v 1.750138 0.368084 0.049183
v 1.750731 0.367147 0.049183
v 1.751099 0.366102 0.049183
v 1.749138 0.365 0.050068
v 1.7492 0.365 0.050042
v 1.751224 0.365 0.049183
v 1.751256 0.365 0.04916
v 1.752886 0.366512 0.047852
v 1.752381 0.367947 0.047852
v 1.751567 0.369233 0.047852
v 1.750486 0.370304 0.047852
v 1.749192 0.371106 0.047852
v 1.753058 0.365 0.047852
v 1.753066 0.365 0.047842
v 1.754535 0.365 0.046152
v 1.754335 0.366845 0.046142
v 1.753718 0.368596 0.046142
v 1.752725 0.370165 0.046142
v 1.751406 0.371471 0.046142
v 1.749828 0.37245 0.046142
v 1.750283 0.373411 0.044141
v 1.752065 0.372306 0.044141
v 1.753554 0.370831 0.044141
v 1.754675 0.36906 0.044141
v 1.755372 0.367083 0.044141
v 1.754544 0.365 0.046142
v 1.755589 0.365 0.044176
v 1.755608 0.365 0.044141
v 1.756176 0.365 0.042016
v 1.596533 0.367588 -0.134466
v 1.571108 0.367588 -0.126842
v 1.500245 0.367588 -0.090975
v 1.479046 0.367588 -0.075
v 1.425036 0.367588 -0.016769
v 1.410699 0.367588 0.00557
v 1.404799 0.374659 0.032087
v 1.416813 0.374659 0.009122
v 1.402615 0.37366 0.031065
v 1.414727 0.37366 0.007911
v 1.400739 0.372071 0.030187
v 1.412937 0.372071 0.00687
v 1.3993 0.37 0.029513
v 1.411562 0.37 0.006072
v 1.398395 0.367588 0.02909
v 1.46431 0.374659 -0.052179
v 1.483547 0.374659 -0.069547
v 1.462616 0.37366 -0.053896
v 1.482012 0.37366 -0.071407
v 1.461162 0.372071 -0.05537
v 1.480694 0.372071 -0.073004
v 1.460046 0.37 -0.056502
v 1.479682 0.37 -0.07423
v 1.459344 0.367588 -0.057213
v 1.549368 0.374659 -0.110554
v 1.573437 0.374659 -0.120166
v 1.548375 0.37366 -0.112752
v 1.572643 0.37366 -0.122443
v 1.547523 0.372071 -0.114639
v 1.571961 0.372071 -0.124398
v 1.546868 0.37 -0.116087
v 1.571437 0.37 -0.125899
v 1.546457 0.367588 -0.116998
v 1.425852 0.37 -0.016192
v 1.42715 0.372071 -0.015276
v 1.428841 0.37366 -0.014081
v 1.430812 0.374659 -0.01269
v 1.441293 0.367588 -0.037751
v 1.442055 0.37 -0.037105
v 1.443267 0.372071 -0.036077
v 1.444846 0.37366 -0.034737
v 1.446686 0.374659 -0.033177
v 1.504246 0.374659 -0.085145
v 1.502881 0.37366 -0.087133
v 1.501709 0.372071 -0.088841
v 1.50081 0.37 -0.090151
v 1.522774 0.367588 -0.105011
v 1.523264 0.37 -0.10414
v 1.524044 0.372071 -0.102756
v 1.52506 0.37366 -0.100951
v 1.526244 0.374659 -0.098849
v 1.598262 0.374659 -0.12761
v 1.597673 0.37366 -0.129949
v 1.597166 0.372071 -0.131957
v 1.596778 0.37 -0.133498
v 1.622534 0.367588 -0.139811
v 1.622691 0.37 -0.138824
v 1.622942 0.372071 -0.137255
v 1.623269 0.37366 -0.13521
v 1.623649 0.374659 -0.132828
v 1.649398 0.374659 -0.13578
v 1.64923 0.37366 -0.138185
v 1.649085 0.372071 -0.140251
v 1.648974 0.37 -0.141837
v 1.648905 0.367588 -0.142833
v 1.746405 0.125193 0.041941
v 1.746483 0.125341 0.04306
v 1.746556 0.125776 0.044109
v 1.746651 0.12634 0.045466
v 1.746695 0.126826 0.046098
v 1.746796 0.127929 0.047532
v 1.746815 0.128296 0.047813
v 1.746982 0.133035 0.050196
v 1.746988 0.133675 0.05028
v 1.746907 0.13 0.049117
v 1.746972 0.132258 0.05005
v 1.746976 0.132412 0.050114
v 1.746976 0.132427 0.050116
v 1.746993 0.134261 0.050357
v 1.746997 0.13472 0.050417
v 1.749138 0.135 0.050068
v 1.7492 0.135 0.050042
v 1.751224 0.135 0.049183
v 1.751256 0.135 0.04916
v 1.753058 0.135 0.047852
v 1.753066 0.135 0.047842
v 1.754535 0.135 0.046152
v 1.756193 0.135 0.041951
v 1.756176 0.135 0.042016
v 1.755608 0.135 0.044141
v 1.755589 0.135 0.044176
v 1.754544 0.135 0.046142
v 1.736328 0.374659 -0.139264
v 1.738734 0.37366 -0.139432
v 1.738742 0.373654 -0.139433
v 1.7408 0.372071 -0.139576
v 1.742385 0.37 -0.139687
v 1.742389 0.36999 -0.139688
v 1.743382 0.367588 -0.139757
v 1.733597 0.374718 -0.141223
v 1.733566 0.374659 -0.141665
v 1.733449 0.373966 -0.143334
v 1.733397 0.37366 -0.144071
v 1.733317 0.372772 -0.145225
v 1.733253 0.372071 -0.146137
v 1.733206 0.37119 -0.146812
v 1.733072 0.367588 -0.148719
v 1.733121 0.36928 -0.14802
v 1.733142 0.37 -0.147722
v 1.733072 0.367573 -0.148721
v 1.733067 0.366965 -0.148801
v 1.733066 0.366902 -0.148809
v 1.733061 0.366325 -0.148885
v 1.733055 0.365739 -0.148962
v 1.733051 0.36528 -0.149022
v 1.75129 0.12634 0.04013
v 1.751299 0.126346 0.040129
v 1.751248 0.126434 0.041951
v 1.754942 0.13 0.039874
v 1.754946 0.13001 0.039874
v 1.754868 0.130055 0.041951
v 1.755856 0.13244 0.041951
v 1.755938 0.132412 0.039805
v 1.748884 0.125341 0.040298
v 1.748862 0.125446 0.041951
v 1.748711 0.126012 0.044141
v 1.748435 0.127039 0.046142
v 1.748051 0.128475 0.047852
v 1.747576 0.130246 0.049183
v 1.747036 0.132261 0.050068
v 1.747014 0.132344 0.050093
v 1.74772 0.132544 0.050068
v 1.746997 0.132406 0.050111
v 1.747003 0.132385 0.050105
v 1.749041 0.134266 0.050068
v 1.751056 0.133726 0.049183
v 1.752827 0.133252 0.047852
v 1.754263 0.132867 0.046142
v 1.755291 0.132592 0.044141
v 1.748758 0.133582 0.050068
v 1.750565 0.132539 0.049183
v 1.752153 0.131622 0.047852
v 1.75344 0.130879 0.046142
v 1.754361 0.130347 0.044141
v 1.748307 0.132995 0.050068
v 1.749783 0.13152 0.049183
v 1.751079 0.130223 0.047852
v 1.75213 0.129172 0.046142
v 1.752882 0.12842 0.044141
v 1.753296 0.128006 0.041951
v 1.753356 0.127929 0.039985
v 1.748763 0.130738 0.049183
v 1.74968 0.12915 0.047852
v 1.750423 0.127862 0.046142
v 1.750955 0.126941 0.044141
v 1.733167 0.367162 -0.148829
v 1.733746 0.367238 -0.148829
v 1.733746 0.365 -0.149083
v 1.733746 0.374767 -0.14123
v 1.73863 0.373458 -0.14123
v 1.742205 0.369883 -0.14123
v 1.74318 0.367528 -0.14123
v 1.733746 0.374039 -0.143361
v 1.733746 0.372852 -0.145276
v 1.733746 0.371266 -0.146876
v 1.733746 0.369363 -0.148081
v 1.743431 0.365 -0.141213
v 1.743201 0.365 -0.142339
v 1.742477 0.367339 -0.143361
v 1.74271 0.365 -0.143324
v 1.742037 0.365 -0.144675
v 1.741331 0.367032 -0.145276
v 1.741546 0.365 -0.14523
v 1.740307 0.365 -0.14663
v 1.739799 0.366622 -0.146876
v 1.736274 0.374434 -0.14123
v 1.736086 0.373731 -0.143361
v 1.738266 0.372828 -0.143361
v 1.735778 0.372584 -0.145276
v 1.737672 0.3718 -0.145276
v 1.735368 0.371053 -0.146876
v 1.736879 0.370427 -0.146876
v 1.734875 0.369214 -0.148081
v 1.735928 0.368779 -0.148081
v 1.734326 0.367162 -0.148829
v 1.734865 0.366938 -0.148829
v 1.740653 0.371906 -0.14123
v 1.740138 0.371391 -0.143361
v 1.739298 0.370552 -0.145276
v 1.738177 0.369431 -0.146876
v 1.736831 0.368085 -0.148081
v 1.735329 0.366583 -0.148829
v 1.741574 0.369519 -0.143361
v 1.740546 0.368926 -0.145276
v 1.739173 0.368133 -0.146876
v 1.737525 0.367182 -0.148081
v 1.737961 0.366129 -0.148081
v 1.735685 0.366119 -0.148829
v 1.735908 0.365579 -0.148829
v 1.739989 0.365 -0.146841
v 1.73813 0.365 -0.148071
v 1.735973 0.365 -0.148793
v 1.735654 0.365 -0.148899
v 1.736328 0.125341 -0.139264
v 1.738734 0.12634 -0.139432
v 1.738742 0.126346 -0.139433
v 1.7408 0.127929 -0.139576
v 1.742385 0.13 -0.139687
v 1.742389 0.13001 -0.139688
v 1.743382 0.132412 -0.139757
v 1.733746 0.135 -0.149083
v 1.735654 0.135 -0.148899
v 1.735973 0.135 -0.148793
v 1.73813 0.135 -0.148071
v 1.739989 0.135 -0.146841
v 1.740307 0.135 -0.14663
v 1.741546 0.135 -0.14523
v 1.742037 0.135 -0.144675
v 1.74271 0.135 -0.143324
v 1.743201 0.135 -0.142339
v 1.743431 0.135 -0.141213
v 1.734326 0.132838 -0.148829
v 1.733746 0.132762 -0.148829
v 1.734865 0.133062 -0.148829
v 1.735329 0.133417 -0.148829
v 1.737961 0.133871 -0.148081
v 1.735908 0.134421 -0.148829
v 1.741331 0.132968 -0.145276
v 1.733566 0.125341 -0.141665
v 1.733449 0.126034 -0.143334
v 1.733746 0.125961 -0.143361
v 1.733142 0.13 -0.147722
v 1.733121 0.13072 -0.14802
v 1.733746 0.130637 -0.148081
v 1.733066 0.133098 -0.148809
v 1.733061 0.133675 -0.148885
v 1.733051 0.13472 -0.149022
v 1.733055 0.134261 -0.148962
v 1.733067 0.133035 -0.148801
v 1.733167 0.132838 -0.148829
v 1.733072 0.132427 -0.148721
v 1.733072 0.132412 -0.148719
v 1.733397 0.12634 -0.144071
v 1.733317 0.127228 -0.145225
v 1.733746 0.127148 -0.145276
v 1.733253 0.127929 -0.146137
v 1.736274 0.125566 -0.14123
v 1.740653 0.128094 -0.14123
v 1.742205 0.130117 -0.14123
v 1.74318 0.132472 -0.14123
v 1.742477 0.132661 -0.143361
v 1.741574 0.130481 -0.143361
v 1.739799 0.133378 -0.146876
v 1.740546 0.131074 -0.145276
v 1.740138 0.128609 -0.143361
v 1.73863 0.126542 -0.14123
v 1.735368 0.128947 -0.146876
v 1.733746 0.128734 -0.146876
v 1.733206 0.128811 -0.146812
v 1.739173 0.131867 -0.146876
v 1.739298 0.129448 -0.145276
v 1.738266 0.127172 -0.143361
v 1.737525 0.132818 -0.148081
v 1.738177 0.130569 -0.146876
v 1.737672 0.1282 -0.145276
v 1.736086 0.126269 -0.143361
v 1.733746 0.125233 -0.14123
v 1.733597 0.125282 -0.141223
v 1.735928 0.131221 -0.148081
v 1.734875 0.130786 -0.148081
v 1.735778 0.127416 -0.145276
v 1.736879 0.129573 -0.146876
v 1.736831 0.131915 -0.148081
v 1.735685 0.133881 -0.148829
v 1.648905 0.132412 -0.142833
v 1.648974 0.13 -0.141837
v 1.649085 0.127929 -0.140251
v 1.64923 0.12634 -0.138185
v 1.649398 0.125341 -0.13578
v 1.410699 0.132412 0.00557
v 1.425036 0.132412 -0.016769
v 1.479046 0.132412 -0.075
v 1.500245 0.132412 -0.090975
v 1.571108 0.132412 -0.126842
v 1.596533 0.132412 -0.134466
v 1.623649 0.125341 -0.132828
v 1.598262 0.125341 -0.12761
v 1.623269 0.12634 -0.13521
v 1.597673 0.12634 -0.129949
v 1.622942 0.127929 -0.137255
v 1.597166 0.127929 -0.131957
v 1.622691 0.13 -0.138824
v 1.596778 0.13 -0.133498
v 1.622534 0.132412 -0.139811
v 1.526244 0.125341 -0.098849
v 1.504246 0.125341 -0.085145
v 1.52506 0.12634 -0.100951
v 1.502881 0.12634 -0.087133
v 1.524044 0.127929 -0.102756
v 1.501709 0.127929 -0.088841
v 1.523264 0.13 -0.10414
v 1.50081 0.13 -0.090151
v 1.522774 0.132412 -0.105011
v 1.446686 0.125341 -0.033177
v 1.430812 0.125341 -0.01269
v 1.444846 0.12634 -0.034737
v 1.428841 0.12634 -0.014081
v 1.443267 0.127929 -0.036077
v 1.42715 0.127929 -0.015276
v 1.442055 0.13 -0.037105
v 1.425852 0.13 -0.016192
v 1.441293 0.132412 -0.037751
v 1.571437 0.13 -0.125899
v 1.571961 0.127929 -0.124398
v 1.572643 0.12634 -0.122443
v 1.573437 0.125341 -0.120166
v 1.546457 0.132412 -0.116998
v 1.546868 0.13 -0.116087
v 1.547523 0.127929 -0.114639
v 1.548375 0.12634 -0.112752
v 1.549368 0.125341 -0.110554
v 1.479682 0.13 -0.07423
v 1.480694 0.127929 -0.073004
v 1.482012 0.12634 -0.071407
v 1.483547 0.125341 -0.069547
v 1.459344 0.132412 -0.057213
v 1.460046 0.13 -0.056502
v 1.461162 0.127929 -0.05537
v 1.462616 0.12634 -0.053896
v 1.46431 0.125341 -0.052179
v 1.416813 0.125341 0.009122
v 1.414727 0.12634 0.007911
v 1.412937 0.127929 0.00687
v 1.411562 0.13 0.006072
v 1.398395 0.132412 0.02909
v 1.3993 0.13 0.029513
v 1.400739 0.127929 0.030187
v 1.402615 0.12634 0.031065
v 1.404799 0.125341 0.032087
v 1.394865 0.125341 0.056025
v 1.392599 0.12634 0.0552
v 1.390652 0.127929 0.054492
v 1.389159 0.13 0.053948
v 1.38822 0.132412 0.053606
v 1.304248 0.132412 0.284319
v 1.305187 0.13 0.28466
v 1.30668 0.127929 0.285204
v 1.308626 0.12634 0.285912
v 1.310892 0.125341 0.286737
v 1.209958 0.125341 0.357412
v 1.224495 0.125341 0.356424
v 1.209958 0.12634 0.355
v 1.224168 0.12634 0.354034
v 1.209958 0.127929 0.352929
v 1.223888 0.127929 0.351982
v 1.209958 0.13 0.35134
v 1.223673 0.13 0.350407
v 1.209958 0.132412 0.350341
v 1.223538 0.132412 0.349418
v 1.236867 0.132412 0.346665
v 1.249701 0.132412 0.342134
v 1.272954 0.132412 0.328102
v 1.261804 0.132412 0.335908
v 1.282944 0.132412 0.318858
v 1.298736 0.132412 0.296763
v 1.291591 0.132412 0.308347
v 1.237135 0.13 0.347628
v 1.250097 0.13 0.343052
v 1.262321 0.13 0.336764
v 1.273581 0.13 0.328879
v 1.28367 0.13 0.319544
v 1.292404 0.13 0.308928
v 1.29962 0.13 0.297229
v 1.237561 0.127929 0.349159
v 1.250726 0.127929 0.344511
v 1.263142 0.127929 0.338124
v 1.274578 0.127929 0.330116
v 1.284826 0.127929 0.320634
v 1.293697 0.127929 0.309852
v 1.301026 0.127929 0.297969
v 1.238117 0.12634 0.351154
v 1.251547 0.12634 0.346413
v 1.264212 0.12634 0.339898
v 1.275879 0.12634 0.331728
v 1.286333 0.12634 0.322055
v 1.295381 0.12634 0.311057
v 1.302858 0.12634 0.298935
v 1.238763 0.125341 0.353477
v 1.252502 0.125341 0.348627
v 1.265458 0.125341 0.341962
v 1.277393 0.125341 0.333606
v 1.288087 0.125341 0.32371
v 1.297344 0.125341 0.312459
v 1.304992 0.125341 0.300059
v 1.648881 0.635 -0.143173
v 1.648881 0.865 -0.143173
v 1.733049 0.635 -0.149059
v 1.733049 0.865 -0.149059
v 1.649578 0.875 -0.133198
v 1.662135 0.875 0.046364
v 1.733746 0.875 -0.139083
v 1.746302 0.875 0.040478
v 1.747 0.635 0.050454
v 1.747 0.865 0.050454
v 1.662832 0.635 0.05634
v 1.662832 0.865 0.05634
v 1.733746 0.625 -0.139083
v 1.746302 0.625 0.040478
v 1.649578 0.625 -0.133198
v 1.662135 0.625 0.046364
v 1.62248 0.865 -0.140147
v 1.62248 0.635 -0.140147
v 1.614672 0.865 -0.138542
v 1.614672 0.635 -0.138542
v 1.59645 0.865 -0.134797
v 1.59645 0.635 -0.134797
v 1.581177 0.865 -0.130217
v 1.581177 0.635 -0.130217
v 1.570996 0.865 -0.127164
v 1.570996 0.635 -0.127164
v 1.548784 0.865 -0.118294
v 1.548784 0.635 -0.118294
v 1.546317 0.865 -0.117308
v 1.546317 0.635 -0.117308
v 1.522607 0.865 -0.105308
v 1.522607 0.635 -0.105308
v 1.518097 0.865 -0.102498
v 1.518097 0.635 -0.102498
v 1.500052 0.865 -0.091256
v 1.500052 0.635 -0.091256
v 1.489441 0.865 -0.08326
v 1.489441 0.635 -0.08326
v 1.478829 0.865 -0.075263
v 1.478829 0.635 -0.075263
v 1.463048 0.865 -0.061016
v 1.463048 0.635 -0.061016
v 1.459105 0.865 -0.057455
v 1.459105 0.635 -0.057455
v 1.441033 0.865 -0.037972
v 1.441033 0.635 -0.037972
v 1.439407 0.865 -0.035872
v 1.439407 0.635 -0.035872
v 1.424757 0.865 -0.016965
v 1.424757 0.635 -0.016965
v 1.419016 0.865 -0.00802
v 1.419016 0.635 -0.00802
v 1.410404 0.865 0.005399
v 1.410404 0.635 0.005399
v 1.401781 0.865 0.021883
v 1.401781 0.635 0.021883
v 1.398086 0.865 0.028946
v 1.398086 0.635 0.028946
v 1.3879 0.865 0.05349
v 1.3879 0.635 0.05349
v 1.397297 0.875 0.05691
v 1.566442 0.875 0.118474
v 1.407143 0.875 0.033184
v 1.57291 0.875 0.104031
v 1.591687 0.875 0.078654
v 1.448659 0.875 -0.031503
v 1.581384 0.875 0.090665
v 1.432926 0.875 -0.011197
v 1.419051 0.875 0.010422
v 1.631285 0.875 0.053062
v 1.646468 0.875 0.048601
v 1.598895 0.875 -0.1251
v 1.603608 0.875 0.068246
v 1.485195 0.875 -0.067551
v 1.466128 0.875 -0.050337
v 1.624057 0.875 -0.130272
v 1.57429 0.875 -0.117722
v 1.550433 0.875 -0.108195
v 1.616899 0.875 0.059656
v 1.527514 0.875 -0.096594
v 1.50571 0.875 -0.083011
v 1.64859 0.635 0.058373
v 1.64859 0.865 0.058373
v 1.643991 0.635 0.059724
v 1.643991 0.865 0.059724
v 1.634787 0.635 0.062429
v 1.634787 0.865 0.062429
v 1.626067 0.635 0.066426
v 1.626067 0.865 0.066426
v 1.621709 0.635 0.068423
v 1.621709 0.865 0.068423
v 1.609626 0.635 0.076232
v 1.609626 0.865 0.076232
v 1.598789 0.635 0.085694
v 1.598789 0.865 0.085694
v 1.595668 0.635 0.089333
v 1.595668 0.865 0.089333
v 1.589422 0.635 0.096614
v 1.589422 0.865 0.096614
v 1.584286 0.635 0.104715
v 1.584286 0.865 0.104715
v 1.581719 0.635 0.108764
v 1.581719 0.865 0.108764
v 1.575839 0.635 0.121894
v 1.575839 0.865 0.121894
v 1.581384 0.625 0.090665
v 1.57291 0.625 0.104031
v 1.419051 0.625 0.010422
v 1.407143 0.625 0.033184
v 1.566442 0.625 0.118474
v 1.397297 0.625 0.05691
v 1.624057 0.625 -0.130272
v 1.646468 0.625 0.048601
v 1.591687 0.625 0.078654
v 1.485195 0.625 -0.067551
v 1.603608 0.625 0.068246
v 1.50571 0.625 -0.083011
v 1.616899 0.625 0.059656
v 1.527514 0.625 -0.096594
v 1.550433 0.625 -0.108195
v 1.631285 0.625 0.053062
v 1.57429 0.625 -0.117722
v 1.598895 0.625 -0.1251
v 1.432926 0.625 -0.011197
v 1.448659 0.625 -0.031503
v 1.466128 0.625 -0.050337
v 1.303928 0.635 0.284202
v 1.303928 0.865 0.284202
v 1.313325 0.875 0.287622
v 1.482469 0.875 0.349186
v 1.491866 0.635 0.352606
v 1.491866 0.865 0.352606
v 1.313325 0.625 0.287622
v 1.482469 0.625 0.349186
v 1.209958 0.635 0.35
v 1.209958 0.865 0.35
v 1.223492 0.635 0.34908
v 1.223492 0.865 0.34908
v 1.230134 0.635 0.347709
v 1.230134 0.865 0.347709
v 1.236776 0.635 0.346337
v 1.236776 0.865 0.346337
v 1.249566 0.635 0.341822
v 1.249566 0.865 0.341822
v 1.261629 0.635 0.335617
v 1.261629 0.865 0.335617
v 1.267184 0.635 0.331727
v 1.267184 0.865 0.331727
v 1.27274 0.635 0.327836
v 1.27274 0.865 0.327836
v 1.282696 0.635 0.318624
v 1.282696 0.865 0.318624
v 1.291314 0.635 0.308149
v 1.291314 0.865 0.308149
v 1.294874 0.635 0.302377
v 1.294874 0.865 0.302377
v 1.298435 0.635 0.296604
v 1.298435 0.865 0.296604
v 1.472788 0.875 0.372559
v 1.307282 0.875 0.301265
v 1.28997 0.875 0.325487
v 1.279018 0.875 0.33562
v 1.396367 0.875 0.472153
v 1.376296 0.875 0.487554
v 1.266795 0.875 0.344178
v 1.354959 0.875 0.501147
v 1.41502 0.875 0.455061
v 1.432111 0.875 0.436408
v 1.299449 0.875 0.313964
v 1.447513 0.875 0.416337
v 1.461106 0.875 0.395
v 1.332518 0.875 0.512829
v 1.253527 0.875 0.351004
v 1.309144 0.875 0.522511
v 1.239457 0.875 0.355971
v 1.285016 0.875 0.530118
v 1.260316 0.875 0.535594
v 1.224845 0.875 0.358988
v 1.235234 0.875 0.538897
v 1.209958 0.875 0.36
v 1.209958 0.875 0.54
v 1.481851 0.635 0.376785
v 1.481851 0.865 0.376785
v 1.477017 0.635 0.386071
v 1.477017 0.865 0.386071
v 1.469766 0.635 0.4
v 1.469766 0.865 0.4
v 1.458516 0.635 0.41766
v 1.458516 0.865 0.41766
v 1.455704 0.635 0.422073
v 1.455704 0.865 0.422073
v 1.439772 0.635 0.442836
v 1.439772 0.865 0.442836
v 1.436237 0.635 0.446694
v 1.436237 0.865 0.446694
v 1.422091 0.635 0.462132
v 1.422091 0.865 0.462132
v 1.410512 0.635 0.472741
v 1.410512 0.865 0.472741
v 1.402795 0.635 0.479813
v 1.402795 0.865 0.479813
v 1.382031 0.635 0.495746
v 1.382031 0.865 0.495746
v 1.359958 0.635 0.509808
v 1.359958 0.865 0.509808
v 1.350673 0.635 0.514641
v 1.350673 0.865 0.514641
v 1.336744 0.635 0.521892
v 1.336744 0.865 0.521892
v 1.317399 0.635 0.529905
v 1.317399 0.865 0.529905
v 1.312565 0.635 0.531908
v 1.312565 0.865 0.531908
v 1.287604 0.635 0.539778
v 1.287604 0.865 0.539778
v 1.282496 0.635 0.54091
v 1.282496 0.865 0.54091
v 1.262053 0.635 0.545442
v 1.262053 0.865 0.545442
v 1.246484 0.635 0.547492
v 1.246484 0.865 0.547492
v 1.236105 0.635 0.548858
v 1.236105 0.865 0.548858
v 1.209958 0.635 0.55
v 1.209958 0.865 0.55
v 1.472788 0.625 0.372559
v 1.299449 0.625 0.313964
v 1.432111 0.625 0.436408
v 1.28997 0.625 0.325487
v 1.41502 0.625 0.455061
v 1.279018 0.625 0.33562
v 1.307282 0.625 0.301265
v 1.461106 0.625 0.395
v 1.447513 0.625 0.416337
v 1.209958 0.625 0.54
v 1.209958 0.625 0.36
v 1.235234 0.625 0.538897
v 1.224845 0.625 0.358988
v 1.396367 0.625 0.472153
v 1.376296 0.625 0.487554
v 1.266795 0.625 0.344178
v 1.354959 0.625 0.501147
v 1.253527 0.625 0.351004
v 1.332518 0.625 0.512829
v 1.309144 0.625 0.522511
v 1.239457 0.625 0.355971
v 1.285016 0.625 0.530118
v 1.260316 0.625 0.535594
v 1.15 0.625 0.36
v 1.15 0.625 0.54
v 1.15 0.635 0.35
v 1.15 0.865 0.35
v 1.15 0.875 0.36
v 1.15 0.875 0.54
v 1.15 0.635 0.55
v 1.15 0.865 0.55
v 1.756278 0.635 0.039781
v 1.743722 0.635 -0.139781
v 1.756278 0.865 0.039781
v 1.743722 0.865 -0.139781
v 1.15 0.867588 0.549659
v 1.15 0.625341 0.542588
v 1.15 0.874659 0.357412
v 1.15 0.87 0.54866
v 1.15 0.872071 0.547071
v 1.15 0.627929 0.352929
v 1.15 0.62634 0.355
v 1.15 0.625341 0.357412
v 1.15 0.62634 0.545
v 1.15 0.627929 0.547071
v 1.15 0.87366 0.545
v 1.15 0.874659 0.542588
v 1.15 0.87366 0.355
v 1.15 0.872071 0.352929
v 1.15 0.867588 0.350341
v 1.15 0.87 0.35134
v 1.15 0.63 0.54866
v 1.15 0.632412 0.549659
v 1.15 0.63 0.35134
v 1.15 0.632412 0.350341
v 1.209958 0.874659 0.542588
v 1.209958 0.87366 0.545
v 1.209958 0.872071 0.547071
v 1.209958 0.87 0.54866
v 1.209958 0.867588 0.549659
v 1.261994 0.867588 0.545107
v 1.3366 0.867588 0.521584
v 1.359788 0.867588 0.509513
v 1.42185 0.867588 0.461891
v 1.469471 0.867588 0.39983
v 1.481542 0.867588 0.376641
v 1.434094 0.874659 0.438072
v 1.41685 0.874659 0.456891
v 1.435942 0.87366 0.439622
v 1.418555 0.87366 0.458596
v 1.437528 0.872071 0.440954
v 1.420019 0.872071 0.460061
v 1.438745 0.87 0.441975
v 1.421143 0.87 0.461185
v 1.439511 0.867588 0.442617
v 1.285686 0.874659 0.532618
v 1.260766 0.874659 0.538143
v 1.28631 0.87366 0.534948
v 1.261185 0.87366 0.540518
v 1.286846 0.872071 0.536949
v 1.261544 0.872071 0.542558
v 1.287257 0.87 0.538484
v 1.26182 0.87 0.544123
v 1.287516 0.867588 0.539449
v 1.484901 0.874659 0.350071
v 1.475133 0.874659 0.373653
v 1.487168 0.87366 0.350896
v 1.477319 0.87366 0.374672
v 1.489114 0.872071 0.351604
v 1.479196 0.872071 0.375548
v 1.490607 0.87 0.352148
v 1.480637 0.87 0.376219
v 1.491546 0.867588 0.35249
v 1.463347 0.874659 0.396294
v 1.465436 0.87366 0.3975
v 1.46723 0.872071 0.398536
v 1.468606 0.87 0.39933
v 1.455425 0.867588 0.421877
v 1.454607 0.87 0.421304
v 1.453305 0.872071 0.420393
v 1.451608 0.87366 0.419205
v 1.449633 0.874659 0.417822
v 1.402576 0.867588 0.479552
v 1.401934 0.87 0.478787
v 1.400912 0.872071 0.47757
v 1.399581 0.87366 0.475983
v 1.398031 0.874659 0.474136
v 1.37778 0.874659 0.489674
v 1.379164 0.87366 0.49165
v 1.380352 0.872071 0.493346
v 1.381263 0.87 0.494648
v 1.381836 0.867588 0.495467
v 1.356253 0.874659 0.503389
v 1.357459 0.87366 0.505477
v 1.358494 0.872071 0.507271
v 1.359289 0.87 0.508647
v 1.333612 0.874659 0.515175
v 1.334631 0.87366 0.517361
v 1.335506 0.872071 0.519238
v 1.336178 0.87 0.520678
v 1.312448 0.867588 0.531588
v 1.312106 0.87 0.530649
v 1.311563 0.872071 0.529155
v 1.310854 0.87366 0.527209
v 1.31003 0.874659 0.524943
v 1.236076 0.867588 0.548519
v 1.235988 0.87 0.547524
v 1.23585 0.872071 0.545941
v 1.235669 0.87366 0.543877
v 1.235459 0.874659 0.541475
v 1.209958 0.632412 0.549659
v 1.209958 0.63 0.54866
v 1.209958 0.627929 0.547071
v 1.209958 0.62634 0.545
v 1.209958 0.625341 0.542588
v 1.575518 0.867588 0.121777
v 1.57458 0.87 0.121436
v 1.573086 0.872071 0.120892
v 1.57114 0.87366 0.120184
v 1.568874 0.874659 0.119359
v 1.209958 0.867588 0.350341
v 1.209958 0.87 0.35134
v 1.209958 0.872071 0.352929
v 1.209958 0.87366 0.355
v 1.209958 0.874659 0.357412
v 1.469471 0.632412 0.39983
v 1.42185 0.632412 0.461891
v 1.402576 0.632412 0.479552
v 1.3366 0.632412 0.521584
v 1.261994 0.632412 0.545107
v 1.236076 0.632412 0.548519
v 1.31003 0.625341 0.524943
v 1.333612 0.625341 0.515175
v 1.310854 0.62634 0.527209
v 1.334631 0.62634 0.517361
v 1.311563 0.627929 0.529155
v 1.335506 0.627929 0.519238
v 1.312106 0.63 0.530649
v 1.336178 0.63 0.520678
v 1.312448 0.632412 0.531588
v 1.449633 0.625341 0.417822
v 1.463347 0.625341 0.396294
v 1.451608 0.62634 0.419205
v 1.465436 0.62634 0.3975
v 1.453305 0.627929 0.420393
v 1.46723 0.627929 0.398536
v 1.454607 0.63 0.421304
v 1.468606 0.63 0.39933
v 1.455425 0.632412 0.421877
v 1.235459 0.625341 0.541475
v 1.235669 0.62634 0.543877
v 1.23585 0.627929 0.545941
v 1.235988 0.63 0.547524
v 1.260766 0.625341 0.538143
v 1.261185 0.62634 0.540518
v 1.261544 0.627929 0.542558
v 1.26182 0.63 0.544123
v 1.287516 0.632412 0.539449
v 1.287257 0.63 0.538484
v 1.286846 0.627929 0.536949
v 1.28631 0.62634 0.534948
v 1.285686 0.625341 0.532618
v 1.359788 0.632412 0.509513
v 1.359289 0.63 0.508647
v 1.358494 0.627929 0.507271
v 1.357459 0.62634 0.505477
v 1.356253 0.625341 0.503389
v 1.37778 0.625341 0.489674
v 1.379164 0.62634 0.49165
v 1.380352 0.627929 0.493346
v 1.381263 0.63 0.494648
v 1.381836 0.632412 0.495467
v 1.398031 0.625341 0.474136
v 1.399581 0.62634 0.475983
v 1.400912 0.627929 0.47757
v 1.401934 0.63 0.478787
v 1.41685 0.625341 0.456891
v 1.418555 0.62634 0.458596
v 1.420019 0.627929 0.460061
v 1.421143 0.63 0.461185
v 1.439511 0.632412 0.442617
v 1.438745 0.63 0.441975
v 1.437528 0.627929 0.440954
v 1.435942 0.62634 0.439622
v 1.434094 0.625341 0.438072
v 1.481542 0.632412 0.376641
v 1.480637 0.63 0.376219
v 1.479196 0.627929 0.375548
v 1.477319 0.62634 0.374672
v 1.475133 0.625341 0.373653
v 1.484901 0.625341 0.350071
v 1.487168 0.62634 0.350896
v 1.489114 0.627929 0.351604
v 1.490607 0.63 0.352148
v 1.491546 0.632412 0.35249
v 1.57519 0.874659 0.105256
v 1.577314 0.87366 0.106397
v 1.579139 0.872071 0.107378
v 1.580539 0.87 0.10813
v 1.581419 0.867588 0.108603
v 1.598547 0.867588 0.085455
v 1.589148 0.867588 0.096411
v 1.609421 0.867588 0.07596
v 1.621545 0.867588 0.068125
v 1.634668 0.867588 0.06211
v 1.648518 0.867588 0.05804
v 1.662808 0.867588 0.056
v 1.588345 0.87 0.095817
v 1.597838 0.87 0.084751
v 1.60882 0.87 0.075162
v 1.621065 0.87 0.067249
v 1.634318 0.87 0.061174
v 1.648306 0.87 0.057064
v 1.662739 0.87 0.055003
v 1.587068 0.872071 0.094871
v 1.596709 0.872071 0.083632
v 1.607864 0.872071 0.073893
v 1.6203 0.872071 0.065855
v 1.633761 0.872071 0.059685
v 1.647969 0.872071 0.055511
v 1.662628 0.872071 0.053418
v 1.585403 0.87366 0.09364
v 1.595238 0.87366 0.082174
v 1.606617 0.87366 0.072239
v 1.619304 0.87366 0.06404
v 1.633036 0.87366 0.057745
v 1.647529 0.87366 0.053487
v 1.662483 0.87366 0.051352
v 1.583464 0.874659 0.092205
v 1.593526 0.874659 0.080476
v 1.605166 0.874659 0.070313
v 1.618144 0.874659 0.061925
v 1.632191 0.874659 0.055486
v 1.647018 0.874659 0.05113
v 1.662315 0.874659 0.048946
v 1.310892 0.874659 0.286737
v 1.304992 0.874659 0.300059
v 1.308626 0.87366 0.285912
v 1.302858 0.87366 0.298935
v 1.30668 0.872071 0.285204
v 1.301026 0.872071 0.297969
v 1.305187 0.87 0.28466
v 1.29962 0.87 0.297229
v 1.304248 0.867588 0.284319
v 1.298736 0.867588 0.296763
v 1.291591 0.867588 0.308347
v 1.282944 0.867588 0.318858
v 1.261804 0.867588 0.335908
v 1.272954 0.867588 0.328102
v 1.249701 0.867588 0.342134
v 1.236867 0.867588 0.346665
v 1.223538 0.867588 0.349418
v 1.292404 0.87 0.308928
v 1.28367 0.87 0.319544
v 1.273581 0.87 0.328879
v 1.262321 0.87 0.336764
v 1.250097 0.87 0.343052
v 1.237135 0.87 0.347628
v 1.223673 0.87 0.350407
v 1.293697 0.872071 0.309852
v 1.284826 0.872071 0.320634
v 1.274578 0.872071 0.330116
v 1.263142 0.872071 0.338124
v 1.250726 0.872071 0.344511
v 1.237561 0.872071 0.349159
v 1.223888 0.872071 0.351982
v 1.295381 0.87366 0.311057
v 1.286333 0.87366 0.322055
v 1.275879 0.87366 0.331728
v 1.264212 0.87366 0.339898
v 1.251547 0.87366 0.346413
v 1.238117 0.87366 0.351154
v 1.224168 0.87366 0.354034
v 1.297344 0.874659 0.312459
v 1.288087 0.874659 0.32371
v 1.277393 0.874659 0.333606
v 1.265458 0.874659 0.341962
v 1.252502 0.874659 0.348627
v 1.238763 0.874659 0.353477
v 1.224495 0.874659 0.356424
v 1.568874 0.625341 0.119359
v 1.57114 0.62634 0.120184
v 1.573086 0.627929 0.120892
v 1.57458 0.63 0.121436
v 1.575518 0.632412 0.121777
v 1.746998 0.86523 0.050424
v 1.746985 0.866611 0.050242
v 1.74699 0.866072 0.050313
v 1.746995 0.865597 0.050376
v 1.74698 0.867162 0.05017
v 1.746976 0.867588 0.050114
v 1.746972 0.867742 0.05005
v 1.746957 0.868268 0.049833
v 1.74691 0.869875 0.049169
v 1.746907 0.87 0.049117
v 1.746815 0.871704 0.047813
v 1.746796 0.872071 0.047532
v 1.746695 0.873174 0.046098
v 1.746651 0.87366 0.045466
v 1.746556 0.874224 0.044109
v 1.746405 0.874807 0.041941
v 1.746483 0.874659 0.04306
v 1.394865 0.874659 0.056025
v 1.392599 0.87366 0.0552
v 1.390652 0.872071 0.054492
v 1.389159 0.87 0.053948
v 1.38822 0.867588 0.053606
v 1.662315 0.625341 0.048946
v 1.647018 0.625341 0.05113
v 1.662483 0.62634 0.051352
v 1.647529 0.62634 0.053487
v 1.662628 0.627929 0.053418
v 1.647969 0.627929 0.055511
v 1.662739 0.63 0.055003
v 1.648306 0.63 0.057064
v 1.662808 0.632412 0.056
v 1.648518 0.632412 0.05804
v 1.621545 0.632412 0.068125
v 1.634668 0.632412 0.06211
v 1.609421 0.632412 0.07596
v 1.598547 0.632412 0.085455
v 1.589148 0.632412 0.096411
v 1.581419 0.632412 0.108603
v 1.634318 0.63 0.061174
v 1.621065 0.63 0.067249
v 1.60882 0.63 0.075162
v 1.597838 0.63 0.084751
v 1.588345 0.63 0.095817
v 1.580539 0.63 0.10813
v 1.633761 0.627929 0.059685
v 1.6203 0.627929 0.065855
v 1.607864 0.627929 0.073893
v 1.596709 0.627929 0.083632
v 1.587068 0.627929 0.094871
v 1.579139 0.627929 0.107378
v 1.633036 0.62634 0.057745
v 1.619304 0.62634 0.06404
v 1.606617 0.62634 0.072239
v 1.595238 0.62634 0.082174
v 1.585403 0.62634 0.09364
v 1.577314 0.62634 0.106397
v 1.632191 0.625341 0.055486
v 1.618144 0.625341 0.061925
v 1.605166 0.625341 0.070313
v 1.593526 0.625341 0.080476
v 1.583464 0.625341 0.092205
v 1.57519 0.625341 0.105256
v 1.7483 0.874088 0.044141
v 1.748071 0.87305 0.046142
v 1.747515 0.867563 0.050068
v 1.748058 0.867226 0.050068
v 1.748512 0.866777 0.050068
v 1.748854 0.866237 0.050068
v 1.749066 0.865635 0.050068
v 1.747752 0.871598 0.047852
v 1.748425 0.87466 0.041951
v 1.748442 0.874718 0.040329
v 1.748884 0.874659 0.040298
v 1.750534 0.87394 0.041951
v 1.750551 0.873967 0.040181
v 1.75129 0.87366 0.04013
v 1.752428 0.872766 0.041951
v 1.752438 0.872777 0.040049
v 1.753356 0.872071 0.039985
v 1.75401 0.871198 0.041951
v 1.754018 0.871207 0.039939
v 1.754942 0.87 0.039874
v 1.755202 0.869315 0.041951
v 1.755219 0.869328 0.039855
v 1.755938 0.867588 0.039805
v 1.755942 0.867214 0.041951
v 1.755985 0.867228 0.039801
v 1.756193 0.865 0.041951
v 1.747359 0.869807 0.049183
v 1.748408 0.869449 0.049183
v 1.74935 0.868864 0.049183
v 1.750138 0.868084 0.049183
v 1.750731 0.867147 0.049183
v 1.751099 0.866102 0.049183
v 1.749138 0.865 0.050068
v 1.7492 0.865 0.050042
v 1.751224 0.865 0.049183
v 1.751256 0.865 0.04916
v 1.752886 0.866512 0.047852
v 1.752381 0.867947 0.047852
v 1.751567 0.869233 0.047852
v 1.750486 0.870304 0.047852
v 1.749192 0.871106 0.047852
v 1.753058 0.865 0.047852
v 1.753066 0.865 0.047842
v 1.754535 0.865 0.046152
v 1.754335 0.866845 0.046142
v 1.753718 0.868596 0.046142
v 1.752725 0.870165 0.046142
v 1.751406 0.871471 0.046142
v 1.749828 0.87245 0.046142
v 1.750283 0.873411 0.044141
v 1.752065 0.872306 0.044141
v 1.753554 0.870831 0.044141
v 1.754675 0.86906 0.044141
v 1.755372 0.867083 0.044141
v 1.754544 0.865 0.046142
v 1.755589 0.865 0.044176
v 1.755608 0.865 0.044141
v 1.756176 0.865 0.042016
v 1.596533 0.867588 -0.134466
v 1.571108 0.867588 -0.126842
v 1.500245 0.867588 -0.090975
v 1.479046 0.867588 -0.075
v 1.425036 0.867588 -0.016769
v 1.410699 0.867588 0.00557
v 1.404799 0.874659 0.032087
v 1.416813 0.874659 0.009122
v 1.402615 0.87366 0.031065
v 1.414727 0.87366 0.007911
v 1.400739 0.872071 0.030187
v 1.412937 0.872071 0.00687
v 1.3993 0.87 0.029513
v 1.411562 0.87 0.006072
v 1.398395 0.867588 0.02909
v 1.46431 0.874659 -0.052179
v 1.483547 0.874659 -0.069547
v 1.462616 0.87366 -0.053896
v 1.482012 0.87366 -0.071407
v 1.461162 0.872071 -0.05537
v 1.480694 0.872071 -0.073004
v 1.460046 0.87 -0.056502
v 1.479682 0.87 -0.07423
v 1.459344 0.867588 -0.057213
v 1.549368 0.874659 -0.110554
v 1.573437 0.874659 -0.120166
v 1.548375 0.87366 -0.112752
v 1.572643 0.87366 -0.122443
v 1.547523 0.872071 -0.114639
v 1.571961 0.872071 -0.124398
v 1.546868 0.87 -0.116087
v 1.571437 0.87 -0.125899
v 1.546457 0.867588 -0.116998
v 1.425852 0.87 -0.016192
v 1.42715 0.872071 -0.015276
v 1.428841 0.87366 -0.014081
v 1.430812 0.874659 -0.01269
v 1.441293 0.867588 -0.037751
v 1.442055 0.87 -0.037105
v 1.443267 0.872071 -0.036077
v 1.444846 0.87366 -0.034737
v 1.446686 0.874659 -0.033177
v 1.504246 0.874659 -0.085145
v 1.502881 0.87366 -0.087133
v 1.501709 0.872071 -0.088841
v 1.50081 0.87 -0.090151
v 1.522774 0.867588 -0.105011
v 1.523264 0.87 -0.10414
v 1.524044 0.872071 -0.102756
v 1.52506 0.87366 -0.100951
v 1.526244 0.874659 -0.098849
v 1.598262 0.874659 -0.12761
v 1.597673 0.87366 -0.129949
v 1.597166 0.872071 -0.131957
v 1.596778 0.87 -0.133498
v 1.622534 0.867588 -0.139811
v 1.622691 0.87 -0.138824
v 1.622942 0.872071 -0.137255
v 1.623269 0.87366 -0.13521
v 1.623649 0.874659 -0.132828
v 1.649398 0.874659 -0.13578
v 1.64923 0.87366 -0.138185
v 1.649085 0.872071 -0.140251
v 1.648974 0.87 -0.141837
v 1.648905 0.867588 -0.142833
v 1.746405 0.625193 0.041941
v 1.746483 0.625341 0.04306
v 1.746556 0.625776 0.044109
v 1.746651 0.62634 0.045466
v 1.746695 0.626826 0.046098
v 1.746796 0.627929 0.047532
v 1.746815 0.628296 0.047813
v 1.746982 0.633035 0.050196
v 1.746988 0.633675 0.05028
v 1.746907 0.63 0.049117
v 1.746972 0.632258 0.05005
v 1.746976 0.632412 0.050114
v 1.746976 0.632427 0.050116
v 1.746993 0.634261 0.050357
v 1.746997 0.63472 0.050417
v 1.749138 0.635 0.050068
v 1.7492 0.635 0.050042
v 1.751224 0.635 0.049183
v 1.751256 0.635 0.04916
v 1.753058 0.635 0.047852
v 1.753066 0.635 0.047842
v 1.754535 0.635 0.046152
v 1.756193 0.635 0.041951
v 1.756176 0.635 0.042016
v 1.755608 0.635 0.044141
v 1.755589 0.635 0.044176
v 1.754544 0.635 0.046142
v 1.736328 0.874659 -0.139264
v 1.738734 0.87366 -0.139432
v 1.738742 0.873654 -0.139433
v 1.7408 0.872071 -0.139576
v 1.742385 0.87 -0.139687
v 1.742389 0.86999 -0.139688
v 1.743382 0.867588 -0.139757
v 1.733597 0.874718 -0.141223
v 1.733566 0.874659 -0.141665
v 1.733449 0.873966 -0.143334
v 1.733397 0.87366 -0.144071
v 1.733317 0.872772 -0.145225
v 1.733253 0.872071 -0.146137
v 1.733206 0.87119 -0.146812
v 1.733072 0.867588 -0.148719
v 1.733121 0.86928 -0.14802
v 1.733142 0.87 -0.147722
v 1.733072 0.867573 -0.148721
v 1.733067 0.866965 -0.148801
v 1.733066 0.866902 -0.148809
v 1.733061 0.866325 -0.148885
v 1.733055 0.865739 -0.148962
v 1.733051 0.86528 -0.149022
v 1.75129 0.62634 0.04013
v 1.751299 0.626346 0.040129
v 1.751248 0.626434 0.041951
v 1.754942 0.63 0.039874
v 1.754946 0.63001 0.039874
v 1.754868 0.630055 0.041951
v 1.755856 0.63244 0.041951
v 1.755938 0.632412 0.039805
v 1.748884 0.625341 0.040298
v 1.748862 0.625446 0.041951
v 1.748711 0.626012 0.044141
v 1.748435 0.627039 0.046142
v 1.748051 0.628475 0.047852
v 1.747576 0.630246 0.049183
v 1.747036 0.632261 0.050068
v 1.747014 0.632344 0.050093
v 1.74772 0.632545 0.050068
v 1.746997 0.632406 0.050111
v 1.747003 0.632385 0.050105
v 1.749041 0.634266 0.050068
v 1.751056 0.633726 0.049183
v 1.752827 0.633252 0.047852
v 1.754263 0.632867 0.046142
v 1.755291 0.632592 0.044141
v 1.748758 0.633582 0.050068
v 1.750565 0.632539 0.049183
v 1.752153 0.631622 0.047852
v 1.75344 0.630879 0.046142
v 1.754361 0.630347 0.044141
v 1.748307 0.632995 0.050068
v 1.749783 0.63152 0.049183
v 1.751079 0.630223 0.047852
v 1.75213 0.629172 0.046142
v 1.752882 0.62842 0.044141
v 1.753296 0.628006 0.041951
v 1.753356 0.627929 0.039985
v 1.748763 0.630738 0.049183
v 1.74968 0.62915 0.047852
v 1.750423 0.627862 0.046142
v 1.750955 0.626941 0.044141
v 1.733167 0.867162 -0.148829
v 1.733746 0.867238 -0.148829
v 1.733746 0.865 -0.149083
v 1.733746 0.874767 -0.14123
v 1.73863 0.873458 -0.14123
v 1.742205 0.869883 -0.14123
v 1.74318 0.867528 -0.14123
v 1.733746 0.874039 -0.143361
v 1.733746 0.872852 -0.145276
v 1.733746 0.871266 -0.146876
v 1.733746 0.869363 -0.148081
v 1.743431 0.865 -0.141213
v 1.743201 0.865 -0.142339
v 1.742477 0.867339 -0.143361
v 1.74271 0.865 -0.143324
v 1.742037 0.865 -0.144675
v 1.741331 0.867032 -0.145276
v 1.741546 0.865 -0.14523
v 1.740307 0.865 -0.14663
v 1.739799 0.866622 -0.146876
v 1.736274 0.874434 -0.14123
v 1.736086 0.873731 -0.143361
v 1.738266 0.872828 -0.143361
v 1.735778 0.872584 -0.145276
v 1.737672 0.8718 -0.145276
v 1.735368 0.871053 -0.146876
v 1.736879 0.870427 -0.146876
v 1.734875 0.869214 -0.148081
v 1.735928 0.868779 -0.148081
v 1.734326 0.867162 -0.148829
v 1.734865 0.866938 -0.148829
v 1.740653 0.871906 -0.14123
v 1.740138 0.871391 -0.143361
v 1.739298 0.870552 -0.145276
v 1.738177 0.869431 -0.146876
v 1.736831 0.868085 -0.148081
v 1.735329 0.866583 -0.148829
v 1.741574 0.869519 -0.143361
v 1.740546 0.868926 -0.145276
v 1.739173 0.868133 -0.146876
v 1.737525 0.867182 -0.148081
v 1.737961 0.866129 -0.148081
v 1.735685 0.866119 -0.148829
v 1.735908 0.865579 -0.148829
v 1.739989 0.865 -0.146841
v 1.73813 0.865 -0.148071
v 1.735973 0.865 -0.148793
v 1.735654 0.865 -0.148899
v 1.736328 0.625341 -0.139264
v 1.738734 0.62634 -0.139432
v 1.738742 0.626346 -0.139433
v 1.7408 0.627929 -0.139576
v 1.742385 0.63 -0.139687
v 1.742389 0.63001 -0.139688
v 1.743382 0.632412 -0.139757
v 1.733746 0.635 -0.149083
v 1.735654 0.635 -0.148899
v 1.735973 0.635 -0.148793
v 1.73813 0.635 -0.148071
v 1.739989 0.635 -0.146841
v 1.740307 0.635 -0.14663
v 1.741546 0.635 -0.14523
v 1.742037 0.635 -0.144675
v 1.74271 0.635 -0.143324
v 1.743201 0.635 -0.142339
v 1.743431 0.635 -0.141213
v 1.734326 0.632838 -0.148829
v 1.733746 0.632762 -0.148829
v 1.734865 0.633062 -0.148829
v 1.735329 0.633417 -0.148829
v 1.737961 0.633871 -0.148081
v 1.735908 0.634421 -0.148829
v 1.741331 0.632968 -0.145276
v 1.733566 0.625341 -0.141665
v 1.733449 0.626034 -0.143334
v 1.733746 0.625961 -0.143361
v 1.733142 0.63 -0.147722
v 1.733121 0.63072 -0.14802
v 1.733746 0.630637 -0.148081
v 1.733066 0.633098 -0.148809
v 1.733061 0.633675 -0.148885
v 1.733051 0.63472 -0.149022
v 1.733055 0.634261 -0.148962
v 1.733067 0.633035 -0.148801
v 1.733167 0.632838 -0.148829
v 1.733072 0.632427 -0.148721
v 1.733072 0.632412 -0.148719
v 1.733397 0.62634 -0.144071
v 1.733317 0.627228 -0.145225
v 1.733746 0.627148 -0.145276
v 1.733253 0.627929 -0.146137
v 1.736274 0.625566 -0.14123
v 1.740653 0.628094 -0.14123
v 1.742205 0.630117 -0.14123
v 1.74318 0.632472 -0.14123
v 1.742477 0.632661 -0.143361
v 1.741574 0.630481 -0.143361
v 1.739799 0.633378 -0.146876
v 1.740546 0.631074 -0.145276
v 1.740138 0.628609 -0.143361
v 1.73863 0.626542 -0.14123
v 1.735368 0.628947 -0.146876
v 1.733746 0.628734 -0.146876
v 1.733206 0.62881 -0.146812
v 1.739173 0.631867 -0.146876
v 1.739298 0.629448 -0.145276
v 1.738266 0.627172 -0.143361
v 1.737525 0.632818 -0.148081
v 1.738177 0.630569 -0.146876
v 1.737672 0.6282 -0.145276
v 1.736086 0.626269 -0.143361
v 1.733746 0.625233 -0.14123
v 1.733597 0.625282 -0.141223
v 1.735928 0.631221 -0.148081
v 1.734875 0.630786 -0.148081
v 1.735778 0.627416 -0.145276
v 1.736879 0.629573 -0.146876
v 1.736831 0.631915 -0.148081
v 1.735685 0.633881 -0.148829
v 1.648905 0.632412 -0.142833
v 1.648974 0.63 -0.141837
v 1.649085 0.627929 -0.140251
v 1.64923 0.62634 -0.138185
v 1.649398 0.625341 -0.13578
v 1.410699 0.632412 0.00557
v 1.425036 0.632412 -0.016769
v 1.479046 0.632412 -0.075
v 1.500245 0.632412 -0.090975
v 1.571108 0.632412 -0.126842
v 1.596533 0.632412 -0.134466
v 1.623649 0.625341 -0.132828
v 1.598262 0.625341 -0.12761
v 1.623269 0.62634 -0.13521
v 1.597673 0.62634 -0.129949
v 1.622942 0.627929 -0.137255
v 1.597166 0.627929 -0.131957
v 1.622691 0.63 -0.138824
v 1.596778 0.63 -0.133498
v 1.622534 0.632412 -0.139811
v 1.526244 0.625341 -0.098849
v 1.504246 0.625341 -0.085145
v 1.52506 0.62634 -0.100951
v 1.502881 0.62634 -0.087133
v 1.524044 0.627929 -0.102756
v 1.501709 0.627929 -0.088841
v 1.523264 0.63 -0.10414
v 1.50081 0.63 -0.090151
v 1.522774 0.632412 -0.105011
v 1.446686 0.625341 -0.033177
v 1.430812 0.625341 -0.01269
v 1.444846 0.62634 -0.034737
v 1.428841 0.62634 -0.014081
v 1.443267 0.627929 -0.036077
v 1.42715 0.627929 -0.015276
v 1.442055 0.63 -0.037105
v 1.425852 0.63 -0.016192
v 1.441293 0.632412 -0.037751
v 1.571437 0.63 -0.125899
v 1.571961 0.627929 -0.124398
v 1.572643 0.62634 -0.122443
v 1.573437 0.625341 -0.120166
v 1.546457 0.632412 -0.116998
v 1.546868 0.63 -0.116087
v 1.547523 0.627929 -0.114639
v 1.548375 0.62634 -0.112752
v 1.549368 0.625341 -0.110554
v 1.479682 0.63 -0.07423
v 1.480694 0.627929 -0.073004
v 1.482012 0.62634 -0.071407
v 1.483547 0.625341 -0.069547
v 1.459344 0.632412 -0.057213
v 1.460046 0.63 -0.056502
v 1.461162 0.627929 -0.05537
v 1.462616 0.62634 -0.053896
v 1.46431 0.625341 -0.052179
v 1.416813 0.625341 0.009122
v 1.414727 0.62634 0.007911
v 1.412937 0.627929 0.00687
v 1.411562 0.63 0.006072
v 1.398395 0.632412 0.02909
v 1.3993 0.63 0.029513
v 1.400739 0.627929 0.030187
v 1.402615 0.62634 0.031065
v 1.404799 0.625341 0.032087
v 1.394865 0.625341 0.056025
v 1.392599 0.62634 0.0552
v 1.390652 0.627929 0.054492
v 1.389159 0.63 0.053948
v 1.38822 0.632412 0.053606
v 1.304248 0.632412 0.284319
v 1.305187 0.63 0.28466
v 1.30668 0.627929 0.285204
v 1.308626 0.62634 0.285912
v 1.310892 0.625341 0.286737
v 1.209958 0.625341 0.357412
v 1.224495 0.625341 0.356424
v 1.209958 0.62634 0.355
v 1.224168 0.62634 0.354034
v 1.209958 0.627929 0.352929
v 1.223888 0.627929 0.351982
v 1.209958 0.63 0.35134
v 1.223673 0.63 0.350407
v 1.209958 0.632412 0.350341
v 1.223538 0.632412 0.349418
v 1.236867 0.632412 0.346665
v 1.249701 0.632412 0.342134
v 1.272954 0.632412 0.328102
v 1.261804 0.632412 0.335908
v 1.282944 0.632412 0.318858
v 1.298736 0.632412 0.296763
v 1.291591 0.632412 0.308347
v 1.237135 0.63 0.347628
v 1.250097 0.63 0.343052
v 1.262321 0.63 0.336764
v 1.273581 0.63 0.328879
v 1.28367 0.63 0.319544
v 1.292404 0.63 0.308928
v 1.29962 0.63 0.297229
v 1.237561 0.627929 0.349159
v 1.250726 0.627929 0.344511
v 1.263142 0.627929 0.338124
v 1.274578 0.627929 0.330116
v 1.284826 0.627929 0.320634
v 1.293697 0.627929 0.309852
v 1.301026 0.627929 0.297969
v 1.238117 0.62634 0.351154
v 1.251547 0.62634 0.346413
v 1.264212 0.62634 0.339898
v 1.275879 0.62634 0.331728
v 1.286333 0.62634 0.322055
v 1.295381 0.62634 0.311057
v 1.302858 0.62634 0.298935
v 1.238763 0.625341 0.353477
v 1.252502 0.625341 0.348627
v 1.265458 0.625341 0.341962
v 1.277393 0.625341 0.333606
v 1.288087 0.625341 0.32371
v 1.297344 0.625341 0.312459
v 1.304992 0.625341 0.300059
usemtl 1
f 1// 2// 3//
f 4// 5// 6//
f 7// 8// 9//
f 3// 10// 11//
f 12// 13// 14//
f 14// 15// 12//
f 12// 15// 16//
f 12// 16// 3//
f 17// 18// 19//
f 1// 3// 20//
f 20// 3// 4//
f 20// 4// 21//
f 21// 4// 22//
f 21// 22// 23//
f 2// 24// 3//
f 3// 24// 25//
f 3// 25// 26//
f 26// 27// 3//
f 3// 27// 28//
f 3// 28// 10//
f 11// 29// 3//
f 3// 29// 30//
f 3// 30// 12//
f 31// 32// 33//
f 33// 32// 8//
f 33// 8// 34//
f 35// 36// 22//
f 22// 36// 37//
f 7// 38// 8//
f 8// 38// 39//
f 8// 39// 34//
f 19// 40// 32//
f 31// 41// 32//
f 32// 41// 42//
f 32// 42// 19//
f 19// 42// 43//
f 19// 43// 17//
f 37// 44// 22//
f 22// 44// 45//
f 22// 45// 23//
f 5// 46// 6//
f 6// 46// 47//
f 6// 47// 48//
f 47// 49// 48//
f 48// 49// 50//
f 48// 50// 7//
f 18// 35// 19//
f 19// 35// 22//
f 19// 22// 51//
f 51// 22// 52//
f 51// 52// 9//
f 9// 52// 53//
f 9// 53// 7//
f 7// 53// 54//
f 7// 54// 48//
f 55// 56// 6//
f 6// 56// 57//
f 58// 59// 60//
f 60// 59// 61//
f 60// 61// 62//
f 63// 64// 65//
f 66// 67// 68//
f 68// 67// 69//
f 4// 6// 22//
f 22// 6// 57//
f 22// 57// 70//
f 70// 57// 71//
f 70// 71// 63//
f 72// 73// 74//
f 74// 73// 75//
f 62// 76// 60//
f 60// 76// 77//
f 60// 77// 78//
f 58// 60// 79//
f 79// 60// 67//
f 79// 67// 80//
f 65// 73// 63//
f 63// 73// 72//
f 63// 72// 70//
f 70// 72// 69//
f 66// 81// 67//
f 67// 81// 82//
f 67// 82// 80//
f 83// 84// 74//
f 69// 67// 70//
f 70// 67// 85//
f 70// 85// 83//
f 83// 85// 86//
f 83// 86// 87//
f 88// 89// 87//
f 87// 89// 90//
f 87// 90// 83//
f 83// 90// 60//
f 83// 60// 84//
f 84// 60// 78//
f 48// 91// 6//
f 6// 91// 83//
f 6// 83// 55//
f 55// 83// 74//
f 55// 74// 92//
f 92// 74// 75//
f 92// 75// 93//
f 93// 75// 94//
f 95// 96// 97//
f 98// 99// 100//
f 100// 99// 101//
f 100// 101// 102//
f 103// 104// 105//
f 105// 104// 106//
f 105// 106// 100//
f 100// 106// 107//
f 100// 107// 98//
f 108// 109// 97//
f 110// 111// 96//
f 109// 112// 97//
f 97// 112// 113//
f 97// 113// 114//
f 115// 116// 101//
f 101// 116// 117//
f 101// 117// 118//
f 118// 119// 101//
f 101// 119// 120//
f 101// 120// 102//
f 102// 120// 121//
f 102// 121// 122//
f 110// 96// 123//
f 122// 124// 102//
f 102// 124// 125//
f 102// 125// 126//
f 111// 127// 96//
f 96// 127// 128//
f 96// 128// 97//
f 97// 128// 129//
f 97// 129// 108//
f 130// 131// 132//
f 132// 131// 102//
f 132// 102// 133//
f 133// 102// 126//
f 115// 101// 134//
f 134// 101// 135//
f 134// 135// 136//
f 136// 135// 137//
f 136// 137// 138//
f 123// 96// 139//
f 139// 96// 140//
f 139// 140// 141//
f 141// 140// 142//
f 141// 142// 143//
f 144// 145// 146//
f 137// 147// 138//
f 138// 147// 148//
f 138// 148// 149//
f 150// 151// 152//
f 146// 145// 143//
f 143// 145// 153//
f 143// 153// 154//
f 154// 155// 143//
f 143// 155// 156//
f 143// 156// 141//
f 149// 157// 138//
f 138// 157// 158//
f 138// 158// 159//
f 150// 152// 146//
f 146// 152// 160//
f 146// 160// 144//
f 159// 161// 138//
f 138// 161// 162//
f 138// 162// 163//
f 163// 162// 164//
f 163// 164// 165//
f 166// 167// 168//
f 168// 167// 169//
f 170// 171// 172//
f 172// 171// 173//
f 174// 175// 176//
f 177// 178// 179//
f 174// 176// 180//
f 181// 182// 171//
f 171// 182// 183//
f 171// 183// 173//
f 184// 185// 171//
f 171// 185// 186//
f 171// 186// 181//
f 179// 187// 177//
f 177// 187// 188//
f 177// 188// 171//
f 171// 188// 176//
f 171// 176// 184//
f 184// 176// 175//
f 189// 190// 176//
f 176// 190// 191//
f 176// 191// 180//
f 189// 192// 190//
f 190// 192// 193//
f 190// 193// 194//
f 194// 193// 195//
f 194// 195// 196//
f 197// 198// 199//
f 200// 201// 202//
f 199// 198// 195//
f 195// 198// 203//
f 195// 203// 204//
f 204// 205// 195//
f 195// 205// 206//
f 195// 206// 196//
f 200// 202// 199//
f 199// 202// 207//
f 199// 207// 197//
f 208// 209// 97//
f 208// 97// 210//
f 130// 95// 131//
f 131// 95// 97//
f 131// 97// 211//
f 211// 97// 209//
f 212// 213// 211//
f 212// 211// 214//
f 131// 215// 216//
f 213// 217// 211//
f 211// 217// 218//
f 211// 218// 131//
f 131// 218// 219//
f 131// 219// 215//
f 131// 220// 178//
f 178// 220// 221//
f 178// 221// 179//
f 216// 222// 131//
f 131// 222// 223//
f 131// 223// 220//
f 224// 225// 211//
f 211// 225// 226//
f 211// 226// 214//
f 224// 227// 225//
f 225// 227// 228//
f 225// 228// 229//
f 229// 228// 230//
f 229// 230// 231//
f 231// 230// 232//
f 232// 230// 233//
f 232// 233// 234//
f 234// 235// 232//
f 232// 235// 236//
f 232// 236// 237//
f 237// 238// 232//
f 232// 238// 239//
f 232// 239// 240//
f 240// 239// 241//
f 240// 241// 242//
f 243// 244// 177//
f 243// 177// 245//
f 246// 247// 248//
f 246// 248// 249//
f 250// 251// 252//
f 253// 254// 171//
f 166// 168// 170//
f 170// 168// 255//
f 170// 255// 171//
f 171// 255// 256//
f 171// 256// 253//
f 254// 257// 171//
f 171// 257// 258//
f 171// 258// 259//
f 251// 260// 252//
f 252// 260// 261//
f 252// 261// 262//
f 244// 263// 177//
f 177// 263// 264//
f 177// 264// 248//
f 248// 264// 265//
f 248// 265// 249//
f 247// 266// 248//
f 248// 266// 267//
f 248// 267// 268//
f 259// 269// 171//
f 171// 269// 270//
f 171// 270// 177//
f 177// 270// 271//
f 177// 271// 245//
f 268// 272// 252//
f 252// 272// 273//
f 252// 273// 250//
f 274// 275// 255//
f 255// 275// 276//
f 255// 276// 256//
f 277// 278// 279//
f 279// 278// 280//
f 279// 280// 281//
f 277// 279// 282//
f 282// 279// 283//
f 282// 283// 284//
f 285// 286// 287//
f 288// 289// 290//
f 290// 289// 291//
f 288// 292// 289//
f 289// 292// 293//
f 289// 293// 294//
f 295// 296// 297//
f 297// 296// 298//
f 297// 298// 299//
f 294// 300// 289//
f 289// 300// 301//
f 289// 301// 302//
f 302// 301// 303//
f 302// 303// 304//
f 305// 306// 307//
f 308// 302// 309//
f 309// 302// 304//
f 309// 304// 310//
f 310// 304// 311//
f 310// 311// 312//
f 312// 311// 285//
f 312// 285// 313//
f 313// 285// 287//
f 314// 315// 297//
f 297// 315// 316//
f 297// 316// 295//
f 308// 317// 302//
f 302// 317// 318//
f 302// 318// 319//
f 320// 321// 305//
f 305// 321// 322//
f 305// 322// 306//
f 307// 323// 305//
f 305// 323// 284//
f 305// 284// 324//
f 324// 284// 283//
f 319// 325// 302//
f 302// 325// 326//
f 302// 326// 305//
f 305// 326// 327//
f 305// 327// 320//
f 328// 329// 330//
f 330// 329// 331//
f 330// 331// 332//
f 333// 334// 335//
f 114// 336// 97//
f 97// 336// 103//
f 97// 103// 335//
f 335// 103// 105//
f 335// 105// 333//
f 334// 337// 335//
f 335// 337// 338//
f 335// 338// 339//
f 340// 341// 342//
f 343// 344// 345//
f 345// 344// 346//
f 345// 346// 347//
f 341// 340// 348//
f 348// 340// 349//
f 348// 349// 350//
f 347// 351// 105//
f 105// 351// 352//
f 105// 352// 333//
f 342// 353// 340//
f 340// 353// 354//
f 340// 354// 345//
f 345// 354// 355//
f 345// 355// 343//
f 356// 357// 358//
f 358// 357// 359//
f 358// 359// 349//
f 349// 359// 360//
f 349// 360// 350//
f 361// 362// 168//
f 363// 364// 365//
f 365// 364// 366//
f 365// 366// 358//
f 358// 366// 367//
f 358// 367// 356//
f 210// 97// 169//
f 169// 97// 335//
f 169// 335// 168//
f 168// 335// 339//
f 168// 339// 361//
f 368// 369// 370//
f 370// 369// 371//
f 372// 373// 102//
f 102// 373// 100//
f 100// 373// 374//
f 100// 374// 375//
f 376// 377// 378//
f 378// 377// 379//
f 378// 379// 380//
f 380// 379// 381//
f 380// 381// 371//
f 371// 381// 372//
f 371// 372// 370//
f 370// 372// 102//
f 347// 105// 345//
f 345// 105// 100//
f 345// 100// 368//
f 368// 100// 375//
f 368// 375// 369//
f 382// 383// 302//
f 289// 384// 252//
f 252// 384// 385//
f 252// 385// 386//
f 383// 387// 302//
f 302// 387// 388//
f 302// 388// 389//
f 390// 391// 289//
f 289// 391// 392//
f 289// 392// 393//
f 268// 252// 248//
f 248// 252// 386//
f 248// 386// 302//
f 302// 386// 394//
f 302// 394// 382//
f 389// 395// 302//
f 302// 395// 396//
f 302// 396// 289//
f 289// 396// 397//
f 289// 397// 390//
f 393// 398// 289//
f 289// 398// 399//
f 289// 399// 384//
f 384// 399// 400//
f 384// 400// 401//
f 262// 275// 252//
f 252// 275// 274//
f 252// 274// 289//
f 289// 274// 329//
f 289// 329// 291//
f 291// 329// 328//
f 324// 314// 305//
f 305// 314// 297//
f 305// 297// 402//
f 402// 297// 403//
f 299// 332// 297//
f 297// 332// 331//
f 297// 331// 403//
f 403// 331// 404//
f 362// 363// 168//
f 168// 363// 365//
f 168// 365// 255//
f 255// 365// 405//
f 255// 405// 274//
f 274// 405// 406//
f 274// 406// 329//
f 329// 406// 407//
f 329// 407// 331//
f 331// 407// 408//
f 331// 408// 404//
f 404// 408// 409//
f 410// 411// 412//
f 412// 411// 413//
f 414// 415// 416//
f 416// 415// 417//
f 418// 419// 420//
f 420// 419// 421//
f 422// 423// 424//
f 424// 423// 425//
f 414// 426// 427//
f 414// 427// 415//
f 415// 427// 428//
f 415// 428// 429//
f 421// 430// 431//
f 421// 431// 420//
f 420// 431// 432//
f 420// 432// 433//
f 410// 434// 435//
f 410// 435// 411//
f 411// 435// 436//
f 411// 436// 437//
f 425// 438// 439//
f 425// 439// 424//
f 424// 439// 440//
f 424// 440// 441//
f 422// 442// 443//
f 422// 443// 423//
f 423// 443// 444//
f 423// 444// 445//
f 413// 446// 447//
f 413// 447// 412//
f 412// 447// 448//
f 412// 448// 449//
f 418// 450// 451//
f 418// 451// 419//
f 419// 451// 452//
f 419// 452// 453//
f 417// 454// 455//
f 417// 455// 416//
f 416// 455// 456//
f 416// 456// 457//
f 458// 340// 345//
f 368// 370// 459//
f 428// 427// 460//
f 460// 427// 461//
f 460// 461// 462//
f 462// 461// 463//
f 462// 463// 464//
f 464// 463// 465//
f 464// 465// 466//
f 466// 465// 467//
f 466// 467// 468//
f 468// 467// 469//
f 468// 469// 470//
f 470// 469// 471//
f 470// 471// 472//
f 472// 471// 473//
f 472// 473// 459//
f 459// 473// 458//
f 459// 458// 368//
f 368// 458// 345//
f 462// 464// 474//
f 475// 476// 477//
f 370// 478// 479//
f 480// 478// 370//
f 477// 476// 370//
f 459// 370// 476//
f 481// 482// 483//
f 482// 481// 484//
f 484// 481// 485//
f 484// 485// 486//
f 486// 485// 487//
f 486// 487// 488//
f 488// 487// 489//
f 488// 489// 490//
f 490// 489// 491//
f 491// 489// 492//
f 491// 492// 493//
f 493// 492// 494//
f 494// 492// 495//
f 494// 495// 435//
f 466// 468// 475//
f 475// 468// 470//
f 475// 470// 476//
f 476// 470// 472//
f 476// 472// 459//
f 370// 496// 480//
f 480// 496// 497//
f 480// 497// 498//
f 499// 479// 500//
f 500// 479// 478//
f 500// 478// 501//
f 501// 478// 480//
f 501// 480// 502//
f 502// 480// 498//
f 474// 499// 503//
f 503// 499// 500//
f 503// 500// 504//
f 504// 500// 501//
f 504// 501// 505//
f 505// 501// 502//
f 505// 502// 506//
f 464// 466// 474//
f 474// 466// 475//
f 474// 475// 499//
f 499// 475// 477//
f 499// 477// 479//
f 479// 477// 370//
f 462// 481// 460//
f 460// 481// 483//
f 460// 483// 428//
f 498// 507// 502//
f 502// 507// 508//
f 502// 508// 506//
f 506// 508// 509//
f 506// 509// 510//
f 462// 474// 481//
f 481// 474// 503//
f 481// 503// 485//
f 485// 503// 504//
f 485// 504// 487//
f 487// 504// 505//
f 487// 505// 489//
f 489// 505// 506//
f 489// 506// 492//
f 492// 506// 510//
f 492// 510// 495//
f 340// 511// 512//
f 513// 511// 340//
f 514// 513// 340//
f 340// 515// 516//
f 517// 518// 519//
f 519// 518// 520//
f 521// 522// 523//
f 523// 522// 524//
f 523// 524// 520//
f 520// 524// 525//
f 520// 525// 519//
f 521// 523// 526//
f 526// 523// 527//
f 526// 527// 528//
f 528// 527// 529//
f 528// 529// 530//
f 530// 529// 531//
f 531// 529// 532//
f 531// 532// 533//
f 533// 532// 461//
f 533// 461// 427//
f 534// 535// 516//
f 516// 535// 340//
f 512// 515// 340//
f 536// 537// 538//
f 538// 537// 539//
f 340// 458// 514//
f 514// 458// 473//
f 514// 473// 471//
f 471// 540// 514//
f 514// 540// 541//
f 514// 541// 513//
f 513// 541// 542//
f 513// 542// 511//
f 511// 542// 543//
f 511// 543// 512//
f 512// 543// 544//
f 512// 544// 515//
f 515// 544// 538//
f 515// 538// 516//
f 516// 538// 539//
f 516// 539// 534//
f 545// 546// 547//
f 547// 546// 536//
f 536// 538// 547//
f 547// 538// 544//
f 547// 544// 548//
f 548// 544// 543//
f 548// 543// 549//
f 549// 543// 542//
f 549// 542// 550//
f 550// 542// 541//
f 550// 541// 551//
f 551// 541// 540//
f 551// 540// 552//
f 517// 432// 518//
f 518// 432// 553//
f 518// 553// 545//
f 471// 469// 540//
f 540// 469// 467//
f 540// 467// 552//
f 552// 467// 465//
f 552// 465// 463//
f 545// 547// 518//
f 518// 547// 548//
f 518// 548// 520//
f 520// 548// 549//
f 520// 549// 523//
f 523// 549// 550//
f 523// 550// 527//
f 527// 550// 551//
f 527// 551// 529//
f 529// 551// 552//
f 529// 552// 532//
f 532// 552// 463//
f 532// 463// 461//
f 436// 435// 554//
f 554// 435// 495//
f 554// 495// 555//
f 555// 495// 510//
f 555// 510// 556//
f 556// 510// 509//
f 556// 509// 557//
f 557// 509// 508//
f 557// 508// 558//
f 558// 508// 507//
f 558// 507// 559//
f 559// 507// 498//
f 559// 498// 560//
f 560// 498// 497//
f 560// 497// 561//
f 561// 497// 496//
f 496// 370// 102//
f 102// 131// 496//
f 496// 131// 178//
f 496// 178// 561//
f 561// 178// 177//
f 561// 177// 248//
f 248// 302// 561//
f 561// 302// 305//
f 561// 305// 402//
f 562// 563// 483//
f 483// 563// 564//
f 483// 564// 428//
f 428// 564// 565//
f 428// 565// 429//
f 483// 482// 562//
f 562// 482// 484//
f 562// 484// 566//
f 566// 484// 486//
f 486// 488// 566//
f 566// 488// 490//
f 566// 490// 567//
f 567// 490// 491//
f 567// 491// 568//
f 568// 491// 493//
f 568// 493// 569//
f 569// 493// 494//
f 569// 494// 570//
f 570// 494// 435//
f 570// 435// 434//
f 433// 432// 571//
f 571// 432// 517//
f 571// 517// 572//
f 572// 517// 519//
f 572// 519// 573//
f 573// 519// 525//
f 573// 525// 574//
f 525// 524// 574//
f 574// 524// 522//
f 574// 522// 575//
f 427// 426// 533//
f 533// 426// 576//
f 533// 576// 531//
f 531// 576// 577//
f 531// 577// 530//
f 530// 577// 578//
f 530// 578// 528//
f 528// 578// 579//
f 528// 579// 526//
f 526// 579// 575//
f 526// 575// 521//
f 521// 575// 522//
f 432// 431// 553//
f 553// 431// 580//
f 553// 580// 545//
f 545// 580// 581//
f 545// 581// 546//
f 546// 581// 582//
f 546// 582// 536//
f 536// 582// 583//
f 536// 583// 537//
f 537// 583// 584//
f 537// 584// 539//
f 539// 584// 585//
f 539// 585// 534//
f 534// 585// 586//
f 534// 586// 535//
f 535// 586// 587//
f 409// 408// 587//
f 587// 408// 407//
f 407// 406// 587//
f 587// 406// 405//
f 587// 405// 535//
f 535// 405// 365//
f 365// 358// 535//
f 535// 358// 349//
f 535// 349// 340//
f 440// 439// 588//
f 588// 439// 589//
f 588// 589// 590//
f 590// 589// 591//
f 590// 591// 592//
f 592// 591// 593//
f 592// 593// 594//
f 594// 593// 595//
f 594// 595// 596//
f 596// 595// 597//
f 596// 597// 598//
f 598// 597// 599//
f 598// 599// 600//
f 600// 599// 601//
f 600// 601// 602//
f 602// 601// 603//
f 603// 402// 403//
f 603// 403// 602//
f 602// 403// 404//
f 602// 404// 409//
f 402// 604// 605//
f 606// 604// 402//
f 607// 606// 402//
f 402// 608// 609//
f 610// 611// 612//
f 612// 611// 613//
f 612// 613// 614//
f 614// 613// 615//
f 615// 613// 616//
f 615// 616// 617//
f 617// 616// 618//
f 618// 616// 619//
f 618// 619// 620//
f 620// 619// 621//
f 621// 619// 622//
f 621// 622// 623//
f 623// 622// 624//
f 624// 622// 625//
f 624// 625// 626//
f 626// 625// 589//
f 626// 589// 439//
f 560// 561// 609//
f 609// 561// 402//
f 605// 608// 402//
f 557// 558// 627//
f 627// 558// 559//
f 402// 603// 607//
f 607// 603// 601//
f 607// 601// 599//
f 599// 628// 607//
f 607// 628// 629//
f 607// 629// 606//
f 606// 629// 630//
f 606// 630// 604//
f 604// 630// 631//
f 604// 631// 605//
f 605// 631// 632//
f 605// 632// 608//
f 608// 632// 627//
f 608// 627// 609//
f 609// 627// 559//
f 609// 559// 560//
f 555// 556// 633//
f 633// 556// 557//
f 557// 627// 633//
f 633// 627// 632//
f 633// 632// 634//
f 634// 632// 631//
f 634// 631// 635//
f 635// 631// 630//
f 635// 630// 636//
f 636// 630// 629//
f 636// 629// 637//
f 637// 629// 628//
f 637// 628// 638//
f 610// 436// 611//
f 611// 436// 554//
f 611// 554// 555//
f 599// 597// 628//
f 628// 597// 595//
f 628// 595// 638//
f 638// 595// 593//
f 638// 593// 591//
f 555// 633// 611//
f 611// 633// 634//
f 611// 634// 613//
f 613// 634// 635//
f 613// 635// 616//
f 616// 635// 636//
f 616// 636// 619//
f 619// 636// 637//
f 619// 637// 622//
f 622// 637// 638//
f 622// 638// 625//
f 625// 638// 591//
f 625// 591// 589//
f 410// 412// 434//
f 434// 412// 449//
f 434// 449// 570//
f 570// 449// 639//
f 570// 639// 569//
f 569// 639// 640//
f 569// 640// 568//
f 568// 640// 641//
f 568// 641// 567//
f 567// 641// 642//
f 567// 642// 566//
f 642// 643// 566//
f 566// 643// 644//
f 566// 644// 562//
f 562// 644// 645//
f 562// 645// 563//
f 563// 645// 564//
f 564// 645// 646//
f 564// 646// 565//
f 454// 417// 415//
f 646// 647// 565//
f 565// 647// 454//
f 565// 454// 429//
f 429// 454// 415//
f 648// 576// 426//
f 414// 416// 426//
f 426// 416// 457//
f 426// 457// 648//
f 576// 648// 577//
f 577// 648// 649//
f 577// 649// 578//
f 649// 650// 578//
f 578// 650// 651//
f 578// 651// 579//
f 579// 651// 652//
f 579// 652// 575//
f 575// 652// 574//
f 574// 652// 653//
f 574// 653// 573//
f 573// 653// 654//
f 573// 654// 572//
f 572// 654// 655//
f 572// 655// 571//
f 450// 418// 420//
f 655// 656// 571//
f 571// 656// 450//
f 571// 450// 433//
f 433// 450// 420//
f 409// 657// 658//
f 659// 657// 409//
f 660// 659// 409//
f 409// 661// 662//
f 663// 664// 665//
f 665// 664// 666//
f 667// 668// 669//
f 669// 668// 670//
f 669// 670// 666//
f 666// 670// 671//
f 666// 671// 665//
f 667// 669// 672//
f 672// 669// 673//
f 672// 673// 674//
f 674// 673// 675//
f 674// 675// 676//
f 676// 675// 677//
f 677// 675// 678//
f 677// 678// 679//
f 679// 678// 580//
f 679// 580// 431//
f 600// 602// 662//
f 662// 602// 409//
f 658// 661// 409//
f 594// 596// 680//
f 680// 596// 598//
f 409// 587// 660//
f 660// 587// 586//
f 660// 586// 585//
f 585// 681// 660//
f 660// 681// 682//
f 660// 682// 659//
f 659// 682// 683//
f 659// 683// 657//
f 657// 683// 684//
f 657// 684// 658//
f 658// 684// 685//
f 658// 685// 661//
f 661// 685// 680//
f 661// 680// 662//
f 662// 680// 598//
f 662// 598// 600//
f 590// 592// 686//
f 686// 592// 594//
f 594// 680// 686//
f 686// 680// 685//
f 686// 685// 687//
f 687// 685// 684//
f 687// 684// 688//
f 688// 684// 683//
f 688// 683// 689//
f 689// 683// 682//
f 689// 682// 690//
f 690// 682// 681//
f 690// 681// 691//
f 663// 440// 664//
f 664// 440// 588//
f 664// 588// 590//
f 585// 584// 681//
f 681// 584// 583//
f 681// 583// 691//
f 691// 583// 582//
f 691// 582// 581//
f 590// 686// 664//
f 664// 686// 687//
f 664// 687// 666//
f 666// 687// 688//
f 666// 688// 669//
f 669// 688// 689//
f 669// 689// 673//
f 673// 689// 690//
f 673// 690// 675//
f 675// 690// 691//
f 675// 691// 678//
f 678// 691// 581//
f 678// 581// 580//
f 612// 692// 610//
f 610// 692// 437//
f 610// 437// 436//
f 439// 438// 626//
f 626// 438// 693//
f 626// 693// 624//
f 624// 693// 694//
f 624// 694// 623//
f 623// 694// 695//
f 623// 695// 621//
f 621// 695// 696//
f 621// 696// 620//
f 620// 696// 697//
f 620// 697// 618//
f 618// 697// 698//
f 618// 698// 617//
f 617// 698// 699//
f 617// 699// 615//
f 615// 699// 700//
f 615// 700// 614//
f 614// 700// 701//
f 614// 701// 612//
f 612// 701// 702//
f 612// 702// 692//
f 449// 448// 639//
f 639// 448// 703//
f 639// 703// 640//
f 640// 703// 704//
f 640// 704// 641//
f 641// 704// 705//
f 641// 705// 642//
f 705// 706// 642//
f 642// 706// 707//
f 642// 707// 643//
f 707// 708// 643//
f 643// 708// 709//
f 643// 709// 644//
f 644// 709// 710//
f 644// 710// 645//
f 645// 710// 711//
f 645// 711// 646//
f 646// 711// 712//
f 646// 712// 647//
f 647// 712// 454//
f 454// 712// 713//
f 454// 713// 455//
f 83// 91// 714//
f 456// 455// 715//
f 715// 455// 716//
f 715// 716// 717//
f 717// 716// 718//
f 717// 718// 719//
f 719// 718// 720//
f 719// 720// 721//
f 721// 720// 722//
f 721// 722// 723//
f 723// 722// 724//
f 723// 724// 725//
f 725// 724// 726//
f 725// 726// 727//
f 727// 726// 728//
f 727// 728// 714//
f 714// 728// 729//
f 714// 729// 83//
f 83// 729// 70//
f 651// 650// 730//
f 730// 650// 649//
f 730// 649// 456//
f 456// 649// 648//
f 456// 648// 457//
f 730// 731// 651//
f 651// 731// 732//
f 651// 732// 652//
f 652// 732// 733//
f 733// 734// 652//
f 652// 734// 735//
f 652// 735// 653//
f 653// 735// 736//
f 653// 736// 654//
f 654// 736// 737//
f 654// 737// 655//
f 655// 737// 738//
f 655// 738// 656//
f 656// 738// 451//
f 656// 451// 450//
f 441// 440// 739//
f 739// 440// 663//
f 739// 663// 740//
f 740// 663// 665//
f 740// 665// 741//
f 741// 665// 671//
f 741// 671// 742//
f 671// 670// 742//
f 742// 670// 668//
f 742// 668// 743//
f 431// 430// 679//
f 679// 430// 744//
f 679// 744// 677//
f 677// 744// 745//
f 677// 745// 676//
f 676// 745// 746//
f 676// 746// 674//
f 674// 746// 747//
f 674// 747// 672//
f 672// 747// 743//
f 672// 743// 667//
f 667// 743// 668//
f 748// 693// 438//
f 425// 423// 438//
f 438// 423// 445//
f 438// 445// 748//
f 693// 748// 694//
f 694// 748// 749//
f 694// 749// 695//
f 749// 750// 695//
f 695// 750// 751//
f 695// 751// 696//
f 696// 751// 752//
f 696// 752// 697//
f 697// 752// 698//
f 698// 752// 753//
f 698// 753// 699//
f 753// 754// 699//
f 699// 754// 755//
f 699// 755// 700//
f 700// 755// 756//
f 700// 756// 701//
f 701// 756// 702//
f 702// 756// 757//
f 702// 757// 692//
f 446// 413// 411//
f 757// 758// 692//
f 692// 758// 446//
f 692// 446// 437//
f 437// 446// 411//
f 759// 70// 760//
f 761// 762// 70//
f 726// 724// 763//
f 764// 765// 766//
f 708// 707// 767//
f 706// 705// 768//
f 704// 703// 769//
f 769// 703// 448//
f 770// 709// 708//
f 766// 711// 710//
f 711// 766// 712//
f 712// 766// 765//
f 712// 765// 713//
f 455// 713// 716//
f 716// 713// 765//
f 716// 765// 718//
f 718// 765// 764//
f 718// 764// 720//
f 720// 764// 722//
f 448// 771// 769//
f 769// 771// 772//
f 769// 772// 773//
f 724// 722// 763//
f 763// 722// 764//
f 763// 764// 774//
f 774// 764// 766//
f 774// 766// 770//
f 770// 766// 710//
f 770// 710// 709//
f 772// 775// 773//
f 773// 775// 776//
f 773// 776// 777//
f 708// 767// 770//
f 770// 767// 778//
f 770// 778// 774//
f 774// 778// 779//
f 774// 779// 763//
f 763// 779// 780//
f 763// 780// 726//
f 762// 761// 781//
f 705// 704// 768//
f 768// 704// 769//
f 768// 769// 782//
f 782// 769// 773//
f 782// 773// 783//
f 783// 773// 777//
f 783// 777// 784//
f 784// 777// 760//
f 784// 760// 70//
f 70// 729// 780//
f 780// 729// 728//
f 780// 728// 726//
f 767// 785// 778//
f 778// 785// 786//
f 778// 786// 779//
f 779// 786// 787//
f 779// 787// 780//
f 780// 787// 70//
f 785// 781// 786//
f 786// 781// 761//
f 786// 761// 787//
f 787// 761// 70//
f 776// 788// 777//
f 777// 788// 789//
f 777// 789// 760//
f 760// 789// 790//
f 760// 790// 759//
f 707// 706// 767//
f 767// 706// 768//
f 767// 768// 785//
f 785// 768// 782//
f 785// 782// 781//
f 781// 782// 783//
f 781// 783// 762//
f 762// 783// 784//
f 762// 784// 70//
f 714// 91// 791//
f 792// 793// 794//
f 795// 796// 797//
f 730// 456// 715//
f 732// 731// 798//
f 798// 731// 730//
f 738// 737// 796//
f 796// 737// 736//
f 796// 736// 797//
f 797// 736// 735//
f 797// 735// 734//
f 451// 738// 799//
f 799// 738// 796//
f 799// 796// 800//
f 800// 796// 795//
f 800// 795// 801//
f 801// 795// 802//
f 730// 715// 798//
f 798// 715// 717//
f 798// 717// 803//
f 793// 802// 794//
f 794// 802// 795//
f 794// 795// 804//
f 804// 795// 797//
f 804// 797// 805//
f 805// 797// 734//
f 717// 719// 803//
f 803// 719// 721//
f 803// 721// 806//
f 805// 807// 804//
f 804// 807// 808//
f 804// 808// 794//
f 794// 808// 809//
f 794// 809// 792//
f 733// 732// 810//
f 810// 732// 798//
f 810// 798// 811//
f 811// 798// 803//
f 811// 803// 812//
f 812// 803// 806//
f 812// 806// 813//
f 813// 806// 791//
f 813// 791// 91//
f 91// 814// 809//
f 809// 814// 815//
f 809// 815// 792//
f 807// 816// 808//
f 808// 816// 817//
f 808// 817// 809//
f 809// 817// 91//
f 816// 818// 817//
f 817// 818// 91//
f 721// 723// 806//
f 806// 723// 725//
f 806// 725// 791//
f 791// 725// 727//
f 791// 727// 714//
f 734// 733// 805//
f 805// 733// 810//
f 805// 810// 807//
f 807// 810// 811//
f 807// 811// 816//
f 816// 811// 812//
f 816// 812// 818//
f 818// 812// 813//
f 818// 813// 91//
f 421// 419// 430//
f 430// 419// 453//
f 430// 453// 744//
f 744// 453// 819//
f 744// 819// 745//
f 745// 819// 820//
f 745// 820// 746//
f 746// 820// 821//
f 746// 821// 747//
f 747// 821// 822//
f 747// 822// 743//
f 743// 822// 823//
f 743// 823// 742//
f 742// 823// 824//
f 742// 824// 741//
f 741// 824// 825//
f 741// 825// 740//
f 740// 825// 826//
f 740// 826// 739//
f 442// 422// 424//
f 826// 827// 739//
f 739// 827// 442//
f 739// 442// 441//
f 441// 442// 424//
f 445// 444// 748//
f 748// 444// 828//
f 748// 828// 749//
f 829// 751// 750//
f 749// 828// 750//
f 750// 828// 830//
f 750// 830// 829//
f 831// 753// 752//
f 751// 829// 752//
f 752// 829// 832//
f 752// 832// 831//
f 753// 831// 754//
f 754// 831// 833//
f 754// 833// 755//
f 755// 833// 834//
f 755// 834// 756//
f 756// 834// 835//
f 756// 835// 757//
f 757// 835// 836//
f 757// 836// 758//
f 758// 836// 447//
f 758// 447// 446//
f 22// 70// 759//
f 52// 22// 837//
f 837// 22// 759//
f 837// 759// 838//
f 838// 759// 790//
f 838// 790// 839//
f 839// 790// 789//
f 839// 789// 840//
f 840// 789// 788//
f 840// 788// 841//
f 841// 788// 776//
f 841// 776// 842//
f 842// 776// 775//
f 842// 775// 843//
f 843// 775// 772//
f 843// 772// 844//
f 844// 772// 771//
f 844// 771// 447//
f 447// 771// 448//
f 48// 54// 845//
f 452// 451// 846//
f 846// 451// 799//
f 846// 799// 847//
f 847// 799// 800//
f 847// 800// 848//
f 848// 800// 801//
f 848// 801// 849//
f 849// 801// 802//
f 849// 802// 850//
f 850// 802// 793//
f 850// 793// 851//
f 851// 793// 792//
f 851// 792// 852//
f 852// 792// 815//
f 852// 815// 845//
f 845// 815// 814//
f 845// 814// 48//
f 48// 814// 91//
f 453// 452// 819//
f 819// 452// 853//
f 819// 853// 820//
f 820// 853// 854//
f 820// 854// 821//
f 821// 854// 855//
f 821// 855// 822//
f 855// 856// 822//
f 822// 856// 857//
f 822// 857// 823//
f 857// 858// 823//
f 823// 858// 859//
f 823// 859// 824//
f 824// 859// 860//
f 824// 860// 825//
f 825// 860// 861//
f 825// 861// 826//
f 826// 861// 862//
f 826// 862// 827//
f 827// 862// 442//
f 442// 862// 863//
f 442// 863// 443//
f 864// 52// 865//
f 839// 840// 866//
f 867// 868// 869//
f 828// 444// 870//
f 829// 830// 871//
f 871// 830// 828//
f 836// 835// 868//
f 868// 835// 834//
f 868// 834// 869//
f 869// 834// 833//
f 869// 833// 831//
f 447// 836// 844//
f 844// 836// 868//
f 844// 868// 843//
f 843// 868// 867//
f 843// 867// 842//
f 842// 867// 841//
f 828// 870// 871//
f 871// 870// 872//
f 871// 872// 873//
f 840// 841// 866//
f 866// 841// 867//
f 866// 867// 874//
f 874// 867// 869//
f 874// 869// 875//
f 875// 869// 831//
f 872// 876// 873//
f 873// 876// 877//
f 873// 877// 878//
f 875// 879// 874//
f 874// 879// 880//
f 874// 880// 866//
f 866// 880// 881//
f 866// 881// 839//
f 832// 829// 882//
f 882// 829// 871//
f 882// 871// 883//
f 883// 871// 873//
f 883// 873// 884//
f 884// 873// 878//
f 884// 878// 885//
f 885// 878// 865//
f 885// 865// 52//
f 52// 837// 881//
f 881// 837// 838//
f 881// 838// 839//
f 879// 886// 880//
f 880// 886// 887//
f 880// 887// 881//
f 881// 887// 52//
f 886// 888// 887//
f 887// 888// 52//
f 877// 889// 878//
f 878// 889// 890//
f 878// 890// 865//
f 865// 890// 891//
f 865// 891// 864//
f 831// 832// 875//
f 875// 832// 882//
f 875// 882// 879//
f 879// 882// 883//
f 879// 883// 886//
f 886// 883// 884//
f 886// 884// 888//
f 888// 884// 885//
f 888// 885// 52//
f 845// 54// 892//
f 893// 894// 54//
f 895// 896// 897//
f 898// 899// 900//
f 858// 857// 901//
f 856// 855// 902//
f 854// 853// 903//
f 903// 853// 452//
f 858// 901// 859//
f 900// 861// 860//
f 861// 900// 862//
f 862// 900// 899//
f 862// 899// 863//
f 443// 863// 904//
f 904// 863// 899//
f 904// 899// 905//
f 905// 899// 898//
f 905// 898// 906//
f 906// 898// 907//
f 452// 846// 903//
f 903// 846// 847//
f 903// 847// 908//
f 896// 907// 897//
f 897// 907// 898//
f 897// 898// 909//
f 909// 898// 900//
f 909// 900// 910//
f 910// 900// 860//
f 910// 860// 859//
f 847// 848// 908//
f 908// 848// 849//
f 908// 849// 911//
f 859// 901// 910//
f 910// 901// 912//
f 910// 912// 909//
f 909// 912// 913//
f 909// 913// 897//
f 897// 913// 914//
f 897// 914// 895//
f 894// 893// 915//
f 855// 854// 902//
f 902// 854// 903//
f 902// 903// 916//
f 916// 903// 908//
f 916// 908// 917//
f 917// 908// 911//
f 917// 911// 918//
f 918// 911// 892//
f 918// 892// 54//
f 54// 919// 914//
f 914// 919// 920//
f 914// 920// 895//
f 901// 921// 912//
f 912// 921// 922//
f 912// 922// 913//
f 913// 922// 923//
f 913// 923// 914//
f 914// 923// 54//
f 921// 915// 922//
f 922// 915// 893//
f 922// 893// 923//
f 923// 893// 54//
f 849// 850// 911//
f 911// 850// 851//
f 911// 851// 892//
f 892// 851// 852//
f 892// 852// 845//
f 857// 856// 901//
f 901// 856// 902//
f 901// 902// 921//
f 921// 902// 916//
f 921// 916// 915//
f 915// 916// 917//
f 915// 917// 894//
f 894// 917// 918//
f 894// 918// 54//
f 53// 52// 864//
f 54// 53// 919//
f 919// 53// 864//
f 919// 864// 920//
f 920// 864// 891//
f 920// 891// 895//
f 895// 891// 890//
f 895// 890// 896//
f 896// 890// 889//
f 896// 889// 907//
f 907// 889// 877//
f 907// 877// 906//
f 906// 877// 876//
f 906// 876// 905//
f 905// 876// 872//
f 905// 872// 904//
f 904// 872// 870//
f 904// 870// 443//
f 443// 870// 444//
f 924// 350// 925//
f 925// 350// 360//
f 925// 360// 926//
f 926// 360// 359//
f 926// 359// 927//
f 927// 359// 357//
f 927// 357// 928//
f 357// 356// 928//
f 928// 356// 367//
f 928// 367// 929//
f 929// 367// 366//
f 929// 366// 930//
f 930// 366// 364//
f 930// 364// 931//
f 931// 364// 363//
f 931// 363// 932//
f 932// 363// 362//
f 932// 362// 933//
f 362// 361// 933//
f 933// 361// 339//
f 933// 339// 934//
f 934// 339// 338//
f 934// 338// 935//
f 935// 338// 337//
f 935// 337// 936//
f 936// 337// 334//
f 936// 334// 937//
f 334// 333// 937//
f 937// 333// 352//
f 937// 352// 938//
f 938// 352// 351//
f 938// 351// 939//
f 939// 351// 347//
f 939// 347// 940//
f 940// 347// 346//
f 940// 346// 941//
f 941// 346// 344//
f 941// 344// 942//
f 942// 344// 343//
f 942// 343// 943//
f 943// 343// 355//
f 943// 355// 944//
f 944// 355// 354//
f 944// 354// 945//
f 945// 354// 353//
f 945// 353// 946//
f 946// 353// 342//
f 946// 342// 947//
f 947// 342// 341//
f 947// 341// 924//
f 924// 341// 348//
f 924// 348// 350//
f 935// 936// 948//
f 948// 936// 937//
f 948// 937// 938//
f 932// 933// 948//
f 948// 933// 934//
f 948// 934// 935//
f 929// 930// 948//
f 948// 930// 931//
f 948// 931// 932//
f 926// 927// 948//
f 948// 927// 928//
f 948// 928// 929//
f 947// 924// 948//
f 948// 924// 925//
f 948// 925// 926//
f 944// 945// 948//
f 948// 945// 946//
f 948// 946// 947//
f 941// 942// 948//
f 948// 942// 943//
f 948// 943// 944//
f 938// 939// 948//
f 948// 939// 940//
f 948// 940// 941//
usemtl 2
f 328// 949// 291//
f 291// 949// 950//
f 291// 950// 290//
f 290// 950// 951//
f 290// 951// 288//
f 288// 951// 952//
f 288// 952// 292//
f 292// 952// 953//
f 292// 953// 293//
f 293// 953// 954//
f 293// 954// 294//
f 294// 954// 955//
f 294// 955// 300//
f 300// 955// 956//
f 300// 956// 301//
f 957// 286// 285//
f 957// 285// 958//
f 958// 285// 311//
f 958// 311// 959//
f 959// 311// 304//
f 959// 304// 960//
f 960// 304// 303//
f 960// 303// 961//
f 961// 303// 301//
f 961// 301// 956//
f 962// 309// 310//
f 962// 310// 963//
f 963// 310// 312//
f 963// 312// 964//
f 964// 312// 313//
f 964// 313// 965//
f 965// 313// 287//
f 965// 287// 966//
f 966// 287// 286//
f 966// 286// 957//
f 967// 327// 326//
f 967// 326// 968//
f 968// 326// 325//
f 968// 325// 969//
f 969// 325// 319//
f 969// 319// 970//
f 970// 319// 318//
f 970// 318// 971//
f 971// 318// 317//
f 971// 317// 972//
f 972// 317// 308//
f 972// 308// 973//
f 973// 308// 309//
f 973// 309// 962//
f 974// 284// 323//
f 974// 323// 975//
f 975// 323// 307//
f 975// 307// 976//
f 976// 307// 306//
f 976// 306// 977//
f 977// 306// 322//
f 977// 322// 978//
f 978// 322// 321//
f 978// 321// 979//
f 979// 321// 320//
f 979// 320// 980//
f 980// 320// 327//
f 980// 327// 967//
f 981// 281// 280//
f 981// 280// 982//
f 982// 280// 278//
f 982// 278// 983//
f 983// 278// 277//
f 983// 277// 984//
f 984// 277// 282//
f 984// 282// 985//
f 985// 282// 284//
f 985// 284// 974//
f 986// 315// 314//
f 986// 314// 987//
f 987// 314// 324//
f 987// 324// 988//
f 988// 324// 283//
f 988// 283// 989//
f 989// 283// 279//
f 989// 279// 990//
f 990// 279// 281//
f 990// 281// 981//
f 949// 328// 330//
f 949// 330// 991//
f 991// 330// 332//
f 991// 332// 992//
f 332// 299// 992//
f 992// 299// 298//
f 992// 298// 993//
f 993// 298// 296//
f 993// 296// 994//
f 994// 296// 295//
f 994// 295// 995//
f 995// 295// 316//
f 995// 316// 996//
f 996// 316// 315//
f 996// 315// 986//
f 997// 998// 999//
f 1000// 1001// 957//
f 997// 999// 1002//
f 1001// 1003// 957//
f 957// 1003// 1004//
f 957// 1004// 998//
f 998// 1004// 1005//
f 998// 1005// 999//
f 979// 980// 1006//
f 1006// 980// 1007//
f 1007// 980// 967//
f 1007// 967// 1008//
f 1008// 967// 968//
f 1008// 968// 1009//
f 1009// 968// 969//
f 1009// 969// 1010//
f 1010// 969// 970//
f 1010// 970// 1011//
f 1011// 970// 971//
f 1011// 971// 1012//
f 1012// 971// 972//
f 1012// 972// 1013//
f 1014// 987// 1015//
f 1015// 987// 988//
f 1015// 988// 1016//
f 1016// 988// 989//
f 1016// 989// 1017//
f 1017// 989// 990//
f 1017// 990// 1018//
f 1018// 990// 981//
f 1018// 981// 1019//
f 972// 973// 1013//
f 1013// 973// 962//
f 1013// 962// 1020//
f 1020// 962// 963//
f 1020// 963// 1021//
f 1021// 963// 964//
f 1021// 964// 1022//
f 1022// 964// 965//
f 1022// 965// 1023//
f 1023// 965// 966//
f 1023// 966// 1024//
f 1024// 966// 957//
f 1024// 957// 1025//
f 1025// 957// 998//
f 959// 960// 1026//
f 1026// 960// 961//
f 1026// 961// 1027//
f 1027// 961// 956//
f 1027// 956// 1028//
f 1028// 956// 955//
f 1028// 955// 1029//
f 1029// 955// 954//
f 1029// 954// 1030//
f 1030// 954// 953//
f 1030// 953// 1031//
f 1031// 953// 952//
f 1031// 952// 1032//
f 1032// 952// 951//
f 1032// 951// 1033//
f 1033// 951// 950//
f 1033// 950// 1034//
f 1034// 950// 949//
f 1034// 949// 1035//
f 1035// 949// 991//
f 1035// 991// 1036//
f 1036// 991// 992//
f 1036// 992// 1037//
f 1037// 992// 993//
f 1037// 993// 1038//
f 1038// 993// 994//
f 1038// 994// 1039//
f 1039// 994// 995//
f 1039// 995// 1040//
f 1040// 995// 996//
f 1040// 996// 1014//
f 1014// 996// 986//
f 1014// 986// 987//
f 1041// 976// 1042//
f 1042// 976// 977//
f 1042// 977// 1043//
f 1043// 977// 978//
f 1043// 978// 1044//
f 1044// 978// 979//
f 1044// 979// 1045//
f 1045// 979// 1006//
f 999// 1046// 1002//
f 1002// 1046// 1019//
f 1002// 1019// 1047//
f 1047// 1019// 981//
f 1047// 981// 1048//
f 1048// 981// 982//
f 1048// 982// 1049//
f 1049// 982// 983//
f 1049// 983// 1050//
f 1050// 983// 984//
f 1050// 984// 1051//
f 1051// 984// 985//
f 1051// 985// 1052//
f 1052// 985// 974//
f 1052// 974// 1041//
f 1041// 974// 975//
f 1041// 975// 976//
f 1000// 957// 1026//
f 1026// 957// 958//
f 1026// 958// 959//
f 1027// 1053// 1054//
f 1027// 1054// 1026//
f 1026// 1054// 1055//
f 1026// 1055// 1000//
f 1000// 1055// 1056//
f 1000// 1056// 1001//
f 1001// 1056// 1057//
f 1001// 1057// 1003//
f 1003// 1057// 1058//
f 1003// 1058// 1004//
f 1004// 1058// 1059//
f 1004// 1059// 1005//
f 1005// 1059// 1060//
f 1005// 1060// 999//
f 999// 1060// 1061//
f 999// 1061// 1046//
f 1046// 1061// 1062//
f 1046// 1062// 1019//
f 1019// 1062// 1063//
f 1019// 1063// 1018//
f 1018// 1063// 1064//
f 1018// 1064// 1017//
f 1017// 1064// 1065//
f 1017// 1065// 1016//
f 1016// 1065// 1066//
f 1016// 1066// 1015//
f 1015// 1066// 1067//
f 1015// 1067// 1014//
f 1014// 1067// 1068//
f 1014// 1068// 1040//
f 1040// 1068// 1069//
f 1040// 1069// 1039//
f 1039// 1069// 1070//
f 1039// 1070// 1038//
f 1038// 1070// 1071//
f 1038// 1071// 1037//
f 1037// 1071// 1072//
f 1037// 1072// 1036//
f 1036// 1072// 1073//
f 1036// 1073// 1035//
f 1035// 1073// 1074//
f 1035// 1074// 1034//
f 1034// 1074// 1075//
f 1034// 1075// 1033//
f 1033// 1075// 1076//
f 1033// 1076// 1032//
f 1032// 1076// 1077//
f 1032// 1077// 1031//
f 1031// 1077// 1078//
f 1031// 1078// 1030//
f 1030// 1078// 1079//
f 1030// 1079// 1029//
f 1029// 1079// 1080//
f 1029// 1080// 1028//
f 1028// 1080// 1053//
f 1028// 1053// 1027//
f 1020// 1081// 1082//
f 1020// 1082// 1013//
f 1013// 1082// 1083//
f 1013// 1083// 1012//
f 1012// 1083// 1084//
f 1012// 1084// 1011//
f 1011// 1084// 1085//
f 1011// 1085// 1010//
f 1010// 1085// 1086//
f 1010// 1086// 1009//
f 1009// 1086// 1087//
f 1009// 1087// 1008//
f 1008// 1087// 1088//
f 1008// 1088// 1007//
f 1007// 1088// 1089//
f 1007// 1089// 1006//
f 1006// 1089// 1090//
f 1006// 1090// 1045//
f 1045// 1090// 1091//
f 1045// 1091// 1044//
f 1044// 1091// 1092//
f 1044// 1092// 1043//
f 1043// 1092// 1093//
f 1043// 1093// 1042//
f 1042// 1093// 1094//
f 1042// 1094// 1041//
f 1041// 1094// 1095//
f 1041// 1095// 1052//
f 1052// 1095// 1096//
f 1052// 1096// 1051//
f 1051// 1096// 1097//
f 1051// 1097// 1050//
f 1050// 1097// 1098//
f 1050// 1098// 1049//
f 1049// 1098// 1099//
f 1049// 1099// 1048//
f 1048// 1099// 1100//
f 1048// 1100// 1047//
f 1047// 1100// 1101//
f 1047// 1101// 1002//
f 1002// 1101// 1102//
f 1002// 1102// 997//
f 997// 1102// 1103//
f 997// 1103// 998//
f 998// 1103// 1104//
f 998// 1104// 1025//
f 1025// 1104// 1105//
f 1025// 1105// 1024//
f 1024// 1105// 1106//
f 1024// 1106// 1023//
f 1023// 1106// 1107//
f 1023// 1107// 1022//
f 1022// 1107// 1108//
f 1022// 1108// 1021//
f 1021// 1108// 1081//
f 1021// 1081// 1020//
usemtl 1
f 1060// 1074// 1061//
f 1061// 1074// 1073//
f 1070// 1069// 1061//
f 1061// 1069// 1068//
f 1061// 1068// 1067//
f 1080// 1060// 1053//
f 1053// 1060// 1059//
f 1053// 1059// 1058//
f 1058// 1057// 1053//
f 1053// 1057// 1056//
f 1053// 1056// 1054//
f 1054// 1056// 1055//
f 1073// 1072// 1061//
f 1061// 1072// 1071//
f 1061// 1071// 1070//
f 1080// 1079// 1060//
f 1060// 1079// 1078//
f 1060// 1078// 1077//
f 1064// 1067// 1065//
f 1065// 1067// 1066//
f 1064// 1063// 1067//
f 1067// 1063// 1062//
f 1067// 1062// 1061//
f 1077// 1076// 1060//
f 1060// 1076// 1075//
f 1060// 1075// 1074//
usemtl 2
f 1109// 1110// 400//
f 400// 1110// 401//
f 1110// 1111// 401//
f 401// 1111// 384//
f 1111// 1112// 384//
f 384// 1112// 385//
f 1112// 1113// 385//
f 385// 1113// 386//
f 1113// 1114// 386//
f 386// 1114// 394//
f 1115// 397// 396//
f 1115// 396// 1116//
f 1116// 396// 395//
f 1116// 395// 1117//
f 1117// 395// 389//
f 1117// 389// 1118//
f 1118// 389// 388//
f 1118// 388// 1119//
f 1119// 388// 387//
f 1119// 387// 1120//
f 1120// 387// 383//
f 1120// 383// 1121//
f 1121// 383// 382//
f 1121// 382// 1122//
f 1122// 382// 394//
f 1122// 394// 1114//
f 1109// 400// 399//
f 1109// 399// 1123//
f 1123// 399// 398//
f 1123// 398// 1124//
f 1124// 398// 393//
f 1124// 393// 1125//
f 1125// 393// 392//
f 1125// 392// 1126//
f 1126// 392// 391//
f 1126// 391// 1127//
f 1127// 391// 390//
f 1127// 390// 1128//
f 1128// 390// 397//
f 1128// 397// 1115//
f 1129// 1130// 1110//
f 1110// 1130// 1131//
f 1110// 1131// 1132//
f 1111// 1110// 1112//
f 1112// 1110// 1132//
f 1112// 1132// 1113//
f 1113// 1132// 1133//
f 1113// 1133// 1114//
f 1129// 1110// 1134//
f 1134// 1110// 1109//
f 1134// 1109// 1123//
f 1123// 1124// 1134//
f 1134// 1124// 1125//
f 1134// 1125// 1135//
f 1135// 1125// 1126//
f 1135// 1126// 1136//
f 1136// 1126// 1127//
f 1136// 1127// 1137//
f 1137// 1127// 1128//
f 1137// 1128// 1138//
f 1138// 1128// 1115//
f 1138// 1115// 1139//
f 1139// 1115// 1116//
f 1139// 1116// 1140//
f 1140// 1116// 1117//
f 1140// 1117// 1141//
f 1141// 1117// 1118//
f 1141// 1118// 1142//
f 1142// 1118// 1119//
f 1142// 1119// 1143//
f 1143// 1119// 1120//
f 1143// 1120// 1144//
f 1144// 1120// 1121//
f 1144// 1121// 1145//
f 1145// 1121// 1122//
f 1145// 1122// 1146//
f 1146// 1122// 1114//
f 1146// 1114// 1147//
f 1147// 1114// 1133//
f 1147// 1133// 1148//
f 1148// 1133// 1149//
f 1147// 1148// 1150//
f 1147// 1150// 1146//
f 1146// 1150// 1151//
f 1146// 1151// 1145//
f 1145// 1151// 1152//
f 1145// 1152// 1144//
f 1144// 1152// 1153//
f 1144// 1153// 1143//
f 1143// 1153// 1154//
f 1143// 1154// 1142//
f 1142// 1154// 1155//
f 1142// 1155// 1141//
f 1141// 1155// 1156//
f 1141// 1156// 1140//
f 1140// 1156// 1157//
f 1140// 1157// 1139//
f 1139// 1157// 1158//
f 1139// 1158// 1138//
f 1138// 1158// 1159//
f 1138// 1159// 1137//
f 1137// 1159// 1160//
f 1137// 1160// 1136//
f 1136// 1160// 1161//
f 1136// 1161// 1135//
f 1135// 1161// 1162//
f 1135// 1162// 1134//
f 1134// 1162// 1163//
f 1134// 1163// 1129//
f 1129// 1163// 1164//
f 1129// 1164// 1130//
f 1130// 1164// 1165//
f 1130// 1165// 1131//
f 1132// 1131// 1166//
f 1166// 1131// 1165//
f 1133// 1132// 1149//
f 1149// 1132// 1166//
f 1167// 270// 269//
f 1167// 269// 1168//
f 1168// 269// 259//
f 1168// 259// 1169//
f 1169// 259// 258//
f 1169// 258// 1170//
f 1170// 258// 257//
f 1170// 257// 1171//
f 1171// 257// 254//
f 1171// 254// 1172//
f 1172// 254// 253//
f 1172// 253// 1173//
f 1173// 253// 1174//
f 1174// 253// 256//
f 1174// 256// 276//
f 1175// 265// 264//
f 1175// 264// 1176//
f 1176// 264// 263//
f 1176// 263// 1177//
f 1177// 263// 244//
f 1177// 244// 1178//
f 1178// 244// 243//
f 1178// 243// 1179//
f 1179// 243// 245//
f 1179// 245// 1180//
f 1180// 245// 271//
f 1180// 271// 1181//
f 1181// 271// 270//
f 1181// 270// 1167//
f 1182// 272// 268//
f 1182// 268// 1183//
f 1183// 268// 267//
f 1183// 267// 1184//
f 1184// 267// 266//
f 1184// 266// 1185//
f 1185// 266// 247//
f 1185// 247// 1186//
f 1186// 247// 246//
f 1186// 246// 1187//
f 1187// 246// 249//
f 1187// 249// 1188//
f 1188// 249// 265//
f 1188// 265// 1175//
f 1174// 276// 275//
f 1174// 275// 1189//
f 275// 262// 1189//
f 1189// 262// 261//
f 1189// 261// 1190//
f 1190// 261// 260//
f 1190// 260// 1191//
f 1191// 260// 251//
f 1191// 251// 1192//
f 1192// 251// 250//
f 1192// 250// 1193//
f 1193// 250// 273//
f 1193// 273// 1194//
f 1194// 273// 272//
f 1194// 272// 1182//
f 1195// 1167// 1196//
f 1196// 1167// 1168//
f 1196// 1168// 1197//
f 1197// 1168// 1169//
f 1197// 1169// 1198//
f 1198// 1169// 1170//
f 1198// 1170// 1199//
f 1199// 1170// 1171//
f 1199// 1171// 1200//
f 1200// 1171// 1172//
f 1200// 1172// 1201//
f 1201// 1172// 1173//
f 1201// 1173// 1202//
f 1202// 1173// 1174//
f 1202// 1174// 1203//
f 1203// 1174// 1189//
f 1203// 1189// 1204//
f 1204// 1189// 1190//
f 1204// 1190// 1205//
f 1205// 1190// 1191//
f 1205// 1191// 1206//
f 1206// 1191// 1192//
f 1206// 1192// 1207//
f 1207// 1192// 1193//
f 1207// 1193// 1208//
f 1208// 1193// 1194//
f 1208// 1194// 1209//
f 1209// 1194// 1182//
f 1209// 1182// 1210//
f 1210// 1182// 1183//
f 1210// 1183// 1211//
f 1211// 1183// 1184//
f 1211// 1184// 1212//
f 1212// 1184// 1185//
f 1212// 1185// 1213//
f 1213// 1185// 1186//
f 1213// 1186// 1214//
f 1214// 1186// 1187//
f 1214// 1187// 1215//
f 1215// 1187// 1188//
f 1215// 1188// 1216//
f 1216// 1188// 1175//
f 1216// 1175// 1217//
f 1217// 1175// 1176//
f 1217// 1176// 1218//
f 1218// 1176// 1177//
f 1218// 1177// 1219//
f 1219// 1177// 1178//
f 1219// 1178// 1220//
f 1220// 1178// 1179//
f 1220// 1179// 1221//
f 1221// 1179// 1180//
f 1221// 1180// 1222//
f 1222// 1180// 1181//
f 1222// 1181// 1195//
f 1195// 1181// 1167//
f 1195// 1223// 1224//
f 1195// 1224// 1222//
f 1222// 1224// 1225//
f 1222// 1225// 1221//
f 1221// 1225// 1226//
f 1221// 1226// 1220//
f 1220// 1226// 1227//
f 1220// 1227// 1219//
f 1219// 1227// 1228//
f 1219// 1228// 1218//
f 1218// 1228// 1229//
f 1218// 1229// 1217//
f 1217// 1229// 1230//
f 1217// 1230// 1216//
f 1216// 1230// 1231//
f 1216// 1231// 1215//
f 1215// 1231// 1232//
f 1215// 1232// 1214//
f 1214// 1232// 1233//
f 1214// 1233// 1213//
f 1213// 1233// 1234//
f 1213// 1234// 1212//
f 1212// 1234// 1235//
f 1212// 1235// 1211//
f 1211// 1235// 1236//
f 1211// 1236// 1210//
f 1210// 1236// 1237//
f 1210// 1237// 1209//
f 1209// 1237// 1238//
f 1209// 1238// 1208//
f 1208// 1238// 1239//
f 1208// 1239// 1207//
f 1207// 1239// 1240//
f 1207// 1240// 1206//
f 1206// 1240// 1241//
f 1206// 1241// 1205//
f 1205// 1241// 1242//
f 1205// 1242// 1204//
f 1204// 1242// 1243//
f 1204// 1243// 1203//
f 1203// 1243// 1244//
f 1203// 1244// 1202//
f 1202// 1244// 1245//
f 1202// 1245// 1201//
f 1201// 1245// 1246//
f 1201// 1246// 1200//
f 1200// 1246// 1247//
f 1200// 1247// 1199//
f 1199// 1247// 1248//
f 1199// 1248// 1198//
f 1198// 1248// 1249//
f 1198// 1249// 1197//
f 1197// 1249// 1250//
f 1197// 1250// 1196//
f 1196// 1250// 1223//
f 1196// 1223// 1195//
f 1251// 1252// 209//
f 209// 1252// 211//
f 1253// 228// 227//
f 1253// 227// 1254//
f 1254// 227// 224//
f 1254// 224// 1255//
f 1255// 224// 211//
f 1255// 211// 1252//
f 228// 1253// 230//
f 230// 1253// 1256//
f 230// 1256// 233//
f 233// 1256// 1257//
f 233// 1257// 234//
f 234// 1257// 1258//
f 234// 1258// 235//
f 235// 1258// 1259//
f 235// 1259// 236//
f 236// 1259// 1260//
f 236// 1260// 237//
f 237// 1260// 1261//
f 237// 1261// 238//
f 238// 1261// 1262//
f 238// 1262// 239//
f 1263// 225// 1264//
f 1264// 225// 229//
f 229// 231// 1264//
f 1264// 231// 232//
f 1264// 232// 1265//
f 1265// 232// 240//
f 1265// 240// 1266//
f 1266// 240// 242//
f 1266// 242// 1267//
f 1267// 242// 241//
f 1267// 241// 1268//
f 1268// 241// 239//
f 1268// 239// 1262//
f 1269// 218// 217//
f 1269// 217// 1270//
f 1270// 217// 213//
f 1270// 213// 1271//
f 1271// 213// 212//
f 1271// 212// 1272//
f 1272// 212// 214//
f 1272// 214// 1273//
f 1273// 214// 226//
f 1273// 226// 1274//
f 1274// 226// 225//
f 1274// 225// 1263//
f 1275// 179// 221//
f 1275// 221// 1276//
f 221// 220// 1276//
f 1276// 220// 223//
f 1276// 223// 1277//
f 1277// 223// 222//
f 1277// 222// 1278//
f 1278// 222// 216//
f 1278// 216// 1279//
f 1279// 216// 215//
f 1279// 215// 1280//
f 1280// 215// 219//
f 1280// 219// 1281//
f 1281// 219// 218//
f 1281// 218// 1269//
f 1282// 188// 187//
f 1282// 187// 1283//
f 1283// 187// 179//
f 1283// 179// 1275//
f 1282// 1284// 188//
f 188// 1284// 176//
f 1285// 193// 192//
f 1285// 192// 1286//
f 1286// 192// 189//
f 1286// 189// 1287//
f 1287// 189// 176//
f 1287// 176// 1284//
f 1288// 198// 197//
f 1288// 197// 1289//
f 1289// 197// 207//
f 1289// 207// 1290//
f 1290// 207// 202//
f 1290// 202// 1291//
f 1291// 202// 201//
f 1291// 201// 1292//
f 1292// 201// 200//
f 1292// 200// 1293//
f 1293// 200// 199//
f 1293// 199// 1294//
f 1294// 199// 1285//
f 1285// 199// 195//
f 1285// 195// 193//
f 1295// 190// 194//
f 1295// 194// 1296//
f 194// 196// 1296//
f 1296// 196// 206//
f 1296// 206// 1297//
f 1297// 206// 205//
f 1297// 205// 1298//
f 1298// 205// 204//
f 1298// 204// 1299//
f 1299// 204// 203//
f 1299// 203// 1300//
f 1300// 203// 198//
f 1300// 198// 1288//
f 1301// 185// 184//
f 1301// 184// 1302//
f 1302// 184// 175//
f 1302// 175// 1303//
f 1303// 175// 174//
f 1303// 174// 1304//
f 1304// 174// 180//
f 1304// 180// 1305//
f 1305// 180// 191//
f 1305// 191// 1306//
f 1306// 191// 190//
f 1306// 190// 1295//
f 1307// 167// 1308//
f 1308// 167// 166//
f 1308// 166// 170//
f 170// 172// 1308//
f 1308// 172// 173//
f 1308// 173// 1309//
f 1309// 173// 183//
f 1309// 183// 1310//
f 1310// 183// 182//
f 1310// 182// 1311//
f 1311// 182// 181//
f 1311// 181// 1312//
f 1312// 181// 186//
f 1312// 186// 1313//
f 1313// 186// 185//
f 1313// 185// 1301//
f 1251// 209// 208//
f 1251// 208// 1314//
f 1314// 208// 210//
f 1314// 210// 1315//
f 1315// 210// 1307//
f 1307// 210// 169//
f 1307// 169// 167//
f 1287// 1284// 1282//
f 1288// 1270// 1300//
f 1300// 1270// 1271//
f 1300// 1271// 1299//
f 1299// 1271// 1272//
f 1299// 1272// 1298//
f 1298// 1272// 1273//
f 1298// 1273// 1297//
f 1297// 1273// 1274//
f 1297// 1274// 1296//
f 1296// 1274// 1263//
f 1296// 1263// 1295//
f 1295// 1263// 1264//
f 1295// 1264// 1306//
f 1306// 1264// 1265//
f 1306// 1265// 1305//
f 1305// 1265// 1266//
f 1305// 1266// 1304//
f 1304// 1266// 1267//
f 1304// 1267// 1303//
f 1303// 1267// 1268//
f 1303// 1268// 1302//
f 1302// 1268// 1262//
f 1252// 1251// 1255//
f 1255// 1251// 1314//
f 1255// 1314// 1254//
f 1254// 1314// 1315//
f 1254// 1315// 1253//
f 1253// 1315// 1307//
f 1253// 1307// 1256//
f 1256// 1307// 1308//
f 1256// 1308// 1257//
f 1257// 1308// 1309//
f 1257// 1309// 1258//
f 1258// 1309// 1310//
f 1258// 1310// 1259//
f 1259// 1310// 1311//
f 1259// 1311// 1260//
f 1260// 1311// 1312//
f 1260// 1312// 1261//
f 1261// 1312// 1313//
f 1261// 1313// 1262//
f 1262// 1313// 1301//
f 1262// 1301// 1302//
f 1287// 1282// 1286//
f 1286// 1282// 1283//
f 1286// 1283// 1285//
f 1285// 1283// 1275//
f 1285// 1275// 1294//
f 1294// 1275// 1276//
f 1294// 1276// 1293//
f 1293// 1276// 1277//
f 1293// 1277// 1292//
f 1292// 1277// 1278//
f 1292// 1278// 1291//
f 1291// 1278// 1279//
f 1291// 1279// 1290//
f 1290// 1279// 1280//
f 1290// 1280// 1289//
f 1289// 1280// 1281//
f 1289// 1281// 1288//
f 1288// 1281// 1269//
f 1288// 1269// 1270//
f 1316// 1317// 99//
f 99// 1317// 101//
f 1318// 147// 137//
f 1318// 137// 1319//
f 1319// 137// 135//
f 1319// 135// 1320//
f 1320// 135// 101//
f 1320// 101// 1317//
f 1321// 162// 161//
f 1321// 161// 1322//
f 1322// 161// 159//
f 1322// 159// 1323//
f 1323// 159// 158//
f 1323// 158// 1324//
f 1324// 158// 157//
f 1324// 157// 1325//
f 1325// 157// 149//
f 1325// 149// 1326//
f 1326// 149// 148//
f 1326// 148// 1327//
f 1327// 148// 147//
f 1327// 147// 1318//
f 1328// 134// 136//
f 1328// 136// 1329//
f 1329// 136// 138//
f 1329// 138// 1330//
f 1330// 138// 163//
f 1330// 163// 1331//
f 1331// 163// 165//
f 1331// 165// 1332//
f 1332// 165// 164//
f 1332// 164// 1333//
f 1333// 164// 162//
f 1333// 162// 1321//
f 1334// 120// 119//
f 1334// 119// 1335//
f 1335// 119// 118//
f 1335// 118// 1336//
f 1336// 118// 117//
f 1336// 117// 1337//
f 1337// 117// 116//
f 1337// 116// 1338//
f 1338// 116// 115//
f 1338// 115// 1339//
f 1339// 115// 134//
f 1339// 134// 1328//
f 1340// 132// 133//
f 1340// 133// 1341//
f 1341// 133// 126//
f 1341// 126// 1342//
f 1342// 126// 125//
f 1342// 125// 1343//
f 1343// 125// 124//
f 1343// 124// 1344//
f 1344// 124// 122//
f 1344// 122// 1345//
f 1345// 122// 121//
f 1345// 121// 1346//
f 1346// 121// 120//
f 1346// 120// 1334//
f 1347// 95// 130//
f 1347// 130// 1348//
f 1348// 130// 132//
f 1348// 132// 1340//
f 1347// 1349// 95//
f 95// 1349// 96//
f 1350// 143// 142//
f 1350// 142// 1351//
f 1351// 142// 140//
f 1351// 140// 1352//
f 1352// 140// 96//
f 1352// 96// 1349//
f 1353// 145// 144//
f 1353// 144// 1354//
f 1354// 144// 160//
f 1354// 160// 1355//
f 1355// 160// 152//
f 1355// 152// 1356//
f 1356// 152// 151//
f 1356// 151// 1357//
f 1357// 151// 150//
f 1357// 150// 1358//
f 1358// 150// 146//
f 1358// 146// 1359//
f 1359// 146// 143//
f 1359// 143// 1350//
f 1360// 139// 141//
f 1360// 141// 1361//
f 1361// 141// 156//
f 1361// 156// 1362//
f 1362// 156// 155//
f 1362// 155// 1363//
f 1363// 155// 154//
f 1363// 154// 1364//
f 1364// 154// 153//
f 1364// 153// 1365//
f 1365// 153// 145//
f 1365// 145// 1353//
f 1366// 129// 128//
f 1366// 128// 1367//
f 1367// 128// 127//
f 1367// 127// 1368//
f 1368// 127// 111//
f 1368// 111// 1369//
f 1369// 111// 110//
f 1369// 110// 1370//
f 1370// 110// 123//
f 1370// 123// 1371//
f 1371// 123// 139//
f 1371// 139// 1360//
f 1372// 104// 1373//
f 1373// 104// 103//
f 103// 336// 1373//
f 1373// 336// 114//
f 1373// 114// 1374//
f 1374// 114// 113//
f 1374// 113// 1375//
f 1375// 113// 112//
f 1375// 112// 1376//
f 1376// 112// 109//
f 1376// 109// 1377//
f 1377// 109// 108//
f 1377// 108// 1378//
f 1378// 108// 129//
f 1378// 129// 1366//
f 1316// 99// 98//
f 1316// 98// 1379//
f 1379// 98// 107//
f 1379// 107// 1380//
f 1380// 107// 1372//
f 1372// 107// 106//
f 1372// 106// 104//
f 1352// 1349// 1347//
f 1353// 1335// 1365//
f 1365// 1335// 1336//
f 1365// 1336// 1364//
f 1364// 1336// 1337//
f 1364// 1337// 1363//
f 1363// 1337// 1338//
f 1363// 1338// 1362//
f 1362// 1338// 1339//
f 1362// 1339// 1361//
f 1361// 1339// 1328//
f 1361// 1328// 1360//
f 1360// 1328// 1329//
f 1360// 1329// 1371//
f 1371// 1329// 1330//
f 1371// 1330// 1370//
f 1370// 1330// 1331//
f 1370// 1331// 1369//
f 1369// 1331// 1332//
f 1369// 1332// 1368//
f 1368// 1332// 1333//
f 1368// 1333// 1367//
f 1367// 1333// 1321//
f 1317// 1316// 1320//
f 1320// 1316// 1379//
f 1320// 1379// 1319//
f 1319// 1379// 1380//
f 1319// 1380// 1318//
f 1318// 1380// 1372//
f 1318// 1372// 1327//
f 1327// 1372// 1373//
f 1327// 1373// 1326//
f 1326// 1373// 1374//
f 1326// 1374// 1325//
f 1325// 1374// 1375//
f 1325// 1375// 1324//
f 1324// 1375// 1376//
f 1324// 1376// 1323//
f 1323// 1376// 1377//
f 1323// 1377// 1322//
f 1322// 1377// 1378//
f 1322// 1378// 1321//
f 1321// 1378// 1366//
f 1321// 1366// 1367//
f 1352// 1347// 1351//
f 1351// 1347// 1348//
f 1351// 1348// 1350//
f 1350// 1348// 1340//
f 1350// 1340// 1359//
f 1359// 1340// 1341//
f 1359// 1341// 1358//
f 1358// 1341// 1342//
f 1358// 1342// 1357//
f 1357// 1342// 1343//
f 1357// 1343// 1356//
f 1356// 1343// 1344//
f 1356// 1344// 1355//
f 1355// 1344// 1345//
f 1355// 1345// 1354//
f 1354// 1345// 1346//
f 1354// 1346// 1353//
f 1353// 1346// 1334//
f 1353// 1334// 1335//
f 1381// 1382// 372//
f 372// 1382// 373//
f 1382// 1383// 373//
f 373// 1383// 374//
f 1383// 1384// 374//
f 374// 1384// 375//
f 1384// 1385// 375//
f 375// 1385// 369//
f 1385// 1386// 369//
f 369// 1386// 371//
f 1386// 1387// 371//
f 371// 1387// 380//
f 1388// 376// 378//
f 1388// 378// 1389//
f 1389// 378// 380//
f 1389// 380// 1387//
f 1388// 1390// 376//
f 376// 1390// 377//
f 1391// 381// 379//
f 1391// 379// 1392//
f 1392// 379// 377//
f 1392// 377// 1390//
f 1391// 1381// 381//
f 381// 1381// 372//
f 1386// 1385// 1387//
f 1387// 1385// 1384//
f 1387// 1384// 1389//
f 1382// 1381// 1383//
f 1383// 1381// 1391//
f 1391// 1392// 1383//
f 1383// 1392// 1390//
f 1383// 1390// 1384//
f 1384// 1390// 1388//
f 1384// 1388// 1389//
usemtl 1
f 1094// 1093// 1106//
f 1106// 1093// 1092//
f 1106// 1092// 1091//
f 1098// 1097// 1105//
f 1105// 1097// 1096//
f 1105// 1096// 1106//
f 1106// 1096// 1095//
f 1106// 1095// 1094//
f 1081// 1091// 1082//
f 1082// 1091// 1090//
f 1087// 1086// 1088//
f 1088// 1086// 1085//
f 1088// 1085// 1084//
f 1081// 1108// 1091//
f 1091// 1108// 1107//
f 1091// 1107// 1106//
f 1090// 1089// 1082//
f 1082// 1089// 1088//
f 1082// 1088// 1083//
f 1083// 1088// 1084//
f 1104// 1100// 1105//
f 1105// 1100// 1099//
f 1105// 1099// 1098//
f 1103// 1102// 1104//
f 1104// 1102// 1101//
f 1104// 1101// 1100//
f 1149// 1166// 1148//
f 1148// 1166// 1165//
f 1165// 1164// 1148//
f 1148// 1164// 1163//
f 1148// 1163// 1162//
f 1159// 1158// 1148//
f 1148// 1158// 1157//
f 1148// 1157// 1150//
f 1150// 1157// 1156//
f 1150// 1156// 1151//
f 1151// 1156// 1152//
f 1162// 1161// 1148//
f 1148// 1161// 1160//
f 1148// 1160// 1159//
f 1152// 1156// 1153//
f 1153// 1156// 1155//
f 1153// 1155// 1154//
f 1232// 1231// 1224//
f 1231// 1230// 1224//
f 1224// 1230// 1229//
f 1224// 1229// 1228//
f 1249// 1248// 1245//
f 1245// 1248// 1247//
f 1245// 1247// 1246//
f 1242// 1241// 1223//
f 1223// 1241// 1240//
f 1223// 1240// 1239//
f 1239// 1238// 1223//
f 1223// 1238// 1237//
f 1223// 1237// 1224//
f 1224// 1237// 1236//
f 1224// 1236// 1235//
f 1228// 1227// 1224//
f 1224// 1227// 1226//
f 1224// 1226// 1225//
f 1249// 1245// 1250//
f 1250// 1245// 1244//
f 1250// 1244// 1223//
f 1223// 1244// 1243//
f 1223// 1243// 1242//
f 1235// 1234// 1224//
f 1224// 1234// 1233//
f 1224// 1233// 1232//
usemtl 3
f 1393// 1394// 85//
f 85// 1394// 86//
f 1394// 1395// 86//
f 86// 1395// 87//
f 1395// 1396// 87//
f 87// 1396// 88//
f 1396// 1397// 88//
f 88// 1397// 89//
f 1397// 1398// 89//
f 89// 1398// 90//
f 1398// 1399// 90//
f 90// 1399// 60//
f 1399// 1400// 60//
f 60// 1400// 67//
f 1400// 1393// 67//
f 67// 1393// 85//
f 1401// 1402// 1400//
f 1399// 1398// 1397//
f 1402// 1403// 1400//
f 1400// 1403// 1404//
f 1400// 1404// 1393//
f 1393// 1404// 1405//
f 1393// 1405// 1406//
f 1400// 1399// 1401//
f 1401// 1399// 1397//
f 1401// 1397// 1407//
f 1407// 1397// 1396//
f 1406// 1408// 1393//
f 1393// 1408// 1407//
f 1393// 1407// 1394//
f 1394// 1407// 1396//
f 1394// 1396// 1395//
f 1401// 1407// 1409//
f 1409// 1407// 1410//
f 1402// 1401// 1411//
f 1411// 1401// 1409//
f 1402// 1411// 1412//
f 1402// 1412// 1403//
f 1403// 1412// 1413//
f 1403// 1413// 1404//
f 1405// 1404// 1414//
f 1414// 1404// 1413//
f 1405// 1414// 1415//
f 1405// 1415// 1406//
f 1406// 1415// 1416//
f 1406// 1416// 1408//
f 1407// 1408// 1410//
f 1410// 1408// 1416//
f 1417// 1418// 84//
f 84// 1418// 74//
f 1418// 1419// 74//
f 74// 1419// 72//
f 1419// 1420// 72//
f 72// 1420// 69//
f 1421// 58// 79//
f 1421// 79// 1422//
f 1422// 79// 80//
f 1422// 80// 1423//
f 1423// 80// 82//
f 1423// 82// 1424//
f 1424// 82// 81//
f 1424// 81// 1425//
f 1425// 81// 66//
f 1425// 66// 1426//
f 1426// 66// 68//
f 1426// 68// 1427//
f 1427// 68// 69//
f 1427// 69// 1420//
f 1417// 84// 78//
f 1417// 78// 1428//
f 1428// 78// 77//
f 1428// 77// 1429//
f 1429// 77// 76//
f 1429// 76// 1430//
f 1430// 76// 62//
f 1430// 62// 1431//
f 1431// 62// 61//
f 1431// 61// 1432//
f 1432// 61// 59//
f 1432// 59// 1433//
f 1433// 59// 58//
f 1433// 58// 1421//
f 1434// 1421// 1435//
f 1435// 1421// 1422//
f 1435// 1422// 1436//
f 1436// 1422// 1423//
f 1436// 1423// 1437//
f 1437// 1423// 1424//
f 1437// 1424// 1438//
f 1438// 1424// 1425//
f 1438// 1425// 1439//
f 1439// 1425// 1426//
f 1439// 1426// 1440//
f 1440// 1426// 1427//
f 1440// 1427// 1441//
f 1441// 1427// 1420//
f 1441// 1420// 1442//
f 1442// 1420// 1419//
f 1442// 1419// 1443//
f 1443// 1419// 1418//
f 1443// 1418// 1444//
f 1444// 1418// 1417//
f 1444// 1417// 1445//
f 1445// 1417// 1428//
f 1445// 1428// 1446//
f 1446// 1428// 1429//
f 1446// 1429// 1447//
f 1447// 1429// 1430//
f 1447// 1430// 1448//
f 1448// 1430// 1431//
f 1448// 1431// 1449//
f 1449// 1431// 1432//
f 1449// 1432// 1450//
f 1450// 1432// 1433//
f 1450// 1433// 1434//
f 1434// 1433// 1421//
f 1441// 1442// 1451//
f 1451// 1442// 1452//
f 1441// 1451// 1453//
f 1441// 1453// 1440//
f 1440// 1453// 1454//
f 1440// 1454// 1439//
f 1439// 1454// 1455//
f 1439// 1455// 1438//
f 1438// 1455// 1456//
f 1438// 1456// 1437//
f 1437// 1456// 1457//
f 1437// 1457// 1436//
f 1436// 1457// 1458//
f 1436// 1458// 1435//
f 1435// 1458// 1459//
f 1435// 1459// 1434//
f 1434// 1459// 1460//
f 1434// 1460// 1450//
f 1450// 1460// 1461//
f 1450// 1461// 1449//
f 1449// 1461// 1462//
f 1449// 1462// 1448//
f 1448// 1462// 1463//
f 1448// 1463// 1447//
f 1447// 1463// 1464//
f 1447// 1464// 1446//
f 1446// 1464// 1465//
f 1446// 1465// 1445//
f 1445// 1465// 1466//
f 1445// 1466// 1444//
f 1443// 1444// 1467//
f 1467// 1444// 1466//
f 1442// 1443// 1452//
f 1452// 1443// 1467//
f 1468// 1469// 92//
f 92// 1469// 55//
f 1469// 1470// 55//
f 55// 1470// 56//
f 1470// 1471// 56//
f 56// 1471// 57//
f 1471// 1472// 57//
f 57// 1472// 71//
f 1472// 1473// 71//
f 71// 1473// 63//
f 1473// 1474// 63//
f 63// 1474// 64//
f 1474// 1475// 64//
f 64// 1475// 65//
f 1475// 1476// 65//
f 65// 1476// 73//
f 1476// 1477// 73//
f 73// 1477// 75//
f 1477// 1478// 75//
f 75// 1478// 94//
f 1478// 1479// 94//
f 94// 1479// 93//
f 1479// 1468// 93//
f 93// 1468// 92//
f 1470// 1469// 1468//
f 1468// 1479// 1470//
f 1470// 1479// 1478//
f 1470// 1478// 1471//
f 1473// 1472// 1474//
f 1474// 1472// 1471//
f 1474// 1471// 1475//
f 1475// 1471// 1478//
f 1475// 1478// 1476//
f 1476// 1478// 1477//
f 1480// 1481// 4//
f 4// 1481// 5//
f 5// 1481// 1482//
f 1483// 50// 49//
f 1483// 49// 1484//
f 1484// 49// 47//
f 1484// 47// 1482//
f 1482// 47// 46//
f 1482// 46// 5//
f 50// 1483// 7//
f 7// 1483// 1485//
f 7// 1485// 38//
f 38// 1485// 1486//
f 38// 1486// 39//
f 39// 1486// 1487//
f 39// 1487// 34//
f 34// 1487// 1488//
f 34// 1488// 33//
f 33// 1488// 1489//
f 33// 1489// 31//
f 31// 1489// 1490//
f 31// 1490// 41//
f 41// 1490// 1491//
f 41// 1491// 42//
f 1492// 44// 37//
f 1492// 37// 1493//
f 1493// 37// 36//
f 1493// 36// 1494//
f 1494// 36// 35//
f 1494// 35// 1495//
f 1495// 35// 18//
f 1495// 18// 1496//
f 1496// 18// 17//
f 1496// 17// 1497//
f 1497// 17// 43//
f 1497// 43// 1498//
f 1498// 43// 42//
f 1498// 42// 1491//
f 1499// 23// 45//
f 1499// 45// 1500//
f 1500// 45// 44//
f 1500// 44// 1492//
f 1499// 1501// 23//
f 23// 1501// 21//
f 1502// 1// 20//
f 1502// 20// 1503//
f 1503// 20// 21//
f 1503// 21// 1501//
f 1504// 10// 28//
f 1504// 28// 1505//
f 1505// 28// 27//
f 1505// 27// 1506//
f 1506// 27// 26//
f 1506// 26// 1507//
f 1507// 26// 25//
f 1507// 25// 1508//
f 1508// 25// 24//
f 1508// 24// 1509//
f 1509// 24// 2//
f 1509// 2// 1510//
f 1510// 2// 1//
f 1510// 1// 1502//
f 1511// 15// 14//
f 1511// 14// 1512//
f 1512// 14// 13//
f 1512// 13// 1513//
f 1513// 13// 12//
f 1513// 12// 1514//
f 1514// 12// 30//
f 1514// 30// 1515//
f 1515// 30// 29//
f 1515// 29// 1516//
f 1516// 29// 11//
f 1516// 11// 1517//
f 1517// 11// 10//
f 1517// 10// 1504//
f 1480// 4// 3//
f 1480// 3// 1518//
f 1518// 3// 16//
f 1518// 16// 1519//
f 1519// 16// 15//
f 1519// 15// 1511//
f 1512// 1483// 1511//
f 1511// 1483// 1484//
f 1511// 1484// 1519//
f 1519// 1484// 1482//
f 1519// 1482// 1518//
f 1518// 1482// 1481//
f 1518// 1481// 1480//
f 1501// 1499// 1503//
f 1503// 1499// 1500//
f 1503// 1500// 1502//
f 1502// 1500// 1492//
f 1502// 1492// 1510//
f 1510// 1492// 1493//
f 1510// 1493// 1509//
f 1509// 1493// 1494//
f 1509// 1494// 1508//
f 1508// 1494// 1495//
f 1508// 1495// 1507//
f 1507// 1495// 1496//
f 1507// 1496// 1506//
f 1506// 1496// 1497//
f 1506// 1497// 1505//
f 1505// 1497// 1498//
f 1505// 1498// 1504//
f 1504// 1498// 1491//
f 1504// 1491// 1517//
f 1517// 1491// 1490//
f 1517// 1490// 1516//
f 1516// 1490// 1489//
f 1516// 1489// 1515//
f 1515// 1489// 1488//
f 1515// 1488// 1514//
f 1514// 1488// 1487//
f 1514// 1487// 1513//
f 1513// 1487// 1486//
f 1513// 1486// 1512//
f 1512// 1486// 1485//
f 1512// 1485// 1483//
f 1520// 1521// 32//
f 32// 1521// 8//
f 1521// 1522// 8//
f 8// 1522// 9//
f 1522// 1523// 9//
f 9// 1523// 51//
f 1523// 1524// 51//
f 51// 1524// 19//
f 1524// 1525// 19//
f 19// 1525// 40//
f 1525// 1520// 40//
f 40// 1520// 32//
f 1524// 1523// 1525//
f 1525// 1523// 1522//
f 1525// 1522// 1520//
f 1520// 1522// 1521//
usemtl 1
f 1409// 1410// 1411//
f 1411// 1410// 1416//
f 1411// 1416// 1412//
f 1412// 1416// 1415//
f 1412// 1415// 1413//
f 1413// 1415// 1414//
f 1451// 1452// 1467//
f 1460// 1459// 1451//
f 1460// 1451// 1461//
f 1459// 1458// 1451//
f 1451// 1458// 1457//
f 1451// 1457// 1453//
f 1467// 1466// 1451//
f 1451// 1466// 1465//
f 1451// 1465// 1464//
f 1456// 1455// 1457//
f 1457// 1455// 1454//
f 1457// 1454// 1453//
f 1464// 1463// 1451//
f 1451// 1463// 1462//
f 1451// 1462// 1461//
usemtl 4
f 1526// 1527// 1528//
f 1528// 1527// 1529//
f 1530// 1531// 1532//
f 1532// 1531// 1533//
f 1534// 1535// 1536//
f 1536// 1535// 1537//
f 1538// 1539// 1540//
f 1540// 1539// 1541//
f 1527// 1526// 1542//
f 1542// 1526// 1543//
f 1542// 1543// 1544//
f 1544// 1543// 1545//
f 1544// 1545// 1546//
f 1546// 1545// 1547//
f 1546// 1547// 1548//
f 1548// 1547// 1549//
f 1548// 1549// 1550//
f 1550// 1549// 1551//
f 1550// 1551// 1552//
f 1552// 1551// 1553//
f 1552// 1553// 1554//
f 1554// 1553// 1555//
f 1554// 1555// 1556//
f 1556// 1555// 1557//
f 1556// 1557// 1558//
f 1558// 1557// 1559//
f 1558// 1559// 1560//
f 1560// 1559// 1561//
f 1560// 1561// 1562//
f 1562// 1561// 1563//
f 1562// 1563// 1564//
f 1564// 1563// 1565//
f 1564// 1565// 1566//
f 1566// 1565// 1567//
f 1566// 1567// 1568//
f 1568// 1567// 1569//
f 1568// 1569// 1570//
f 1570// 1569// 1571//
f 1570// 1571// 1572//
f 1572// 1571// 1573//
f 1572// 1573// 1574//
f 1574// 1573// 1575//
f 1574// 1575// 1576//
f 1576// 1575// 1577//
f 1576// 1577// 1578//
f 1578// 1577// 1579//
f 1578// 1579// 1580//
f 1580// 1579// 1581//
f 1580// 1581// 1582//
f 1582// 1581// 1583//
f 1582// 1583// 1584//
f 1584// 1583// 1585//
f 1586// 1587// 1588//
f 1588// 1587// 1589//
f 1590// 1591// 1592//
f 1592// 1591// 1593//
f 1592// 1593// 1589//
f 1589// 1593// 1594//
f 1589// 1594// 1588//
f 1595// 1596// 1597//
f 1598// 1599// 1590//
f 1590// 1599// 1600//
f 1590// 1600// 1591//
f 1597// 1596// 1601//
f 1601// 1596// 1531//
f 1601// 1531// 1530//
f 1597// 1602// 1595//
f 1595// 1602// 1603//
f 1595// 1603// 1604//
f 1604// 1603// 1605//
f 1604// 1605// 1598//
f 1598// 1605// 1606//
f 1598// 1606// 1599//
f 1607// 1608// 1609//
f 1609// 1608// 1610//
f 1609// 1610// 1611//
f 1611// 1610// 1612//
f 1611// 1612// 1613//
f 1613// 1612// 1614//
f 1613// 1614// 1615//
f 1615// 1614// 1616//
f 1615// 1616// 1617//
f 1617// 1616// 1618//
f 1617// 1618// 1619//
f 1619// 1618// 1620//
f 1619// 1620// 1621//
f 1621// 1620// 1622//
f 1621// 1622// 1623//
f 1623// 1622// 1624//
f 1623// 1624// 1625//
f 1625// 1624// 1626//
f 1625// 1626// 1627//
f 1627// 1626// 1628//
f 1627// 1628// 1629//
f 1629// 1628// 1630//
f 1629// 1630// 1537//
f 1537// 1630// 1536//
f 1631// 1632// 1633//
f 1633// 1632// 1634//
f 1634// 1632// 1635//
f 1634// 1635// 1636//
f 1540// 1541// 1637//
f 1637// 1541// 1638//
f 1639// 1640// 1641//
f 1641// 1640// 1642//
f 1641// 1642// 1643//
f 1642// 1644// 1643//
f 1643// 1644// 1645//
f 1643// 1645// 1646//
f 1646// 1645// 1647//
f 1646// 1647// 1638//
f 1638// 1647// 1648//
f 1638// 1648// 1637//
f 1633// 1649// 1631//
f 1631// 1649// 1650//
f 1631// 1650// 1639//
f 1639// 1650// 1651//
f 1639// 1651// 1640//
f 1652// 1653// 1585//
f 1585// 1653// 1584//
f 1654// 1655// 1586//
f 1586// 1655// 1587//
f 1608// 1607// 1656//
f 1656// 1607// 1657//
f 1636// 1635// 1658//
f 1658// 1635// 1659//
f 1660// 1661// 1662//
f 1662// 1661// 1663//
f 1662// 1663// 1664//
f 1664// 1663// 1665//
f 1664// 1665// 1666//
f 1666// 1665// 1667//
f 1666// 1667// 1668//
f 1668// 1667// 1669//
f 1668// 1669// 1670//
f 1670// 1669// 1671//
f 1670// 1671// 1672//
f 1672// 1671// 1673//
f 1672// 1673// 1674//
f 1674// 1673// 1675//
f 1674// 1675// 1676//
f 1676// 1675// 1677//
f 1676// 1677// 1678//
f 1678// 1677// 1679//
f 1678// 1679// 1680//
f 1680// 1679// 1681//
f 1680// 1681// 1682//
f 1682// 1681// 1683//
f 1682// 1683// 1652//
f 1652// 1683// 1653//
f 1655// 1654// 1684//
f 1684// 1654// 1685//
f 1686// 1687// 1688//
f 1688// 1687// 1689//
f 1689// 1687// 1690//
f 1689// 1690// 1691//
f 1688// 1692// 1686//
f 1686// 1692// 1693//
f 1686// 1693// 1694//
f 1694// 1693// 1695//
f 1694// 1695// 1685//
f 1685// 1695// 1696//
f 1685// 1696// 1684//
f 1691// 1690// 1697//
f 1697// 1690// 1698//
f 1697// 1698// 1699//
f 1699// 1698// 1700//
f 1699// 1700// 1701//
f 1701// 1700// 1702//
f 1702// 1700// 1703//
f 1702// 1703// 1704//
f 1704// 1703// 1705//
f 1704// 1705// 1706//
f 1656// 1657// 1707//
f 1707// 1657// 1708//
f 1707// 1708// 1709//
f 1709// 1708// 1710//
f 1709// 1710// 1711//
f 1711// 1710// 1712//
f 1711// 1712// 1713//
f 1713// 1712// 1714//
f 1713// 1714// 1715//
f 1715// 1714// 1716//
f 1715// 1716// 1717//
f 1717// 1716// 1718//
f 1717// 1718// 1719//
f 1719// 1718// 1720//
f 1719// 1720// 1721//
f 1721// 1720// 1722//
f 1721// 1722// 1723//
f 1723// 1722// 1724//
f 1723// 1724// 1725//
f 1725// 1724// 1726//
f 1725// 1726// 1727//
f 1727// 1726// 1728//
f 1727// 1728// 1729//
f 1729// 1728// 1730//
f 1729// 1730// 1731//
f 1731// 1730// 1732//
f 1731// 1732// 1733//
f 1733// 1732// 1734//
f 1733// 1734// 1735//
f 1735// 1734// 1736//
f 1735// 1736// 1737//
f 1737// 1736// 1738//
f 1737// 1738// 1739//
f 1739// 1738// 1740//
f 1739// 1740// 1741//
f 1741// 1740// 1742//
f 1741// 1742// 1743//
f 1743// 1742// 1744//
f 1743// 1744// 1745//
f 1745// 1744// 1746//
f 1745// 1746// 1747//
f 1747// 1746// 1748//
f 1747// 1748// 1749//
f 1749// 1748// 1750//
f 1658// 1659// 1751//
f 1752// 1753// 1754//
f 1754// 1753// 1755//
f 1754// 1755// 1756//
f 1658// 1751// 1757//
f 1757// 1751// 1758//
f 1757// 1758// 1752//
f 1752// 1758// 1759//
f 1752// 1759// 1753//
f 1760// 1761// 1762//
f 1762// 1761// 1763//
f 1755// 1764// 1756//
f 1756// 1764// 1765//
f 1756// 1765// 1766//
f 1766// 1765// 1767//
f 1766// 1767// 1768//
f 1767// 1769// 1768//
f 1768// 1769// 1770//
f 1768// 1770// 1771//
f 1771// 1770// 1772//
f 1771// 1772// 1763//
f 1763// 1772// 1773//
f 1763// 1773// 1762//
f 1761// 1760// 1774//
f 1774// 1760// 1775//
f 1776// 1777// 1660//
f 1660// 1777// 1661//
f 1778// 1779// 1705//
f 1705// 1779// 1706//
f 1749// 1750// 1780//
f 1780// 1750// 1781//
f 1782// 1783// 1784//
f 1784// 1783// 1785//
f 1777// 1778// 1786//
f 1778// 1774// 1779//
f 1779// 1774// 1775//
f 1787// 1788// 1789//
f 1780// 1775// 1790//
f 1786// 1791// 1777//
f 1777// 1791// 1792//
f 1777// 1792// 1793//
f 1793// 1792// 1794//
f 1775// 1780// 1779//
f 1779// 1780// 1781//
f 1779// 1781// 1795//
f 1787// 1789// 1796//
f 1790// 1797// 1798//
f 1778// 1777// 1774//
f 1774// 1777// 1776//
f 1774// 1776// 1789//
f 1789// 1776// 1799//
f 1789// 1799// 1796//
f 1798// 1800// 1790//
f 1790// 1800// 1801//
f 1790// 1801// 1780//
f 1795// 1802// 1803//
f 1803// 1804// 1795//
f 1795// 1804// 1805//
f 1795// 1805// 1779//
f 1706// 1779// 1805//
f 1706// 1805// 1806//
f 1806// 1805// 1804//
f 1806// 1804// 1807//
f 1807// 1804// 1803//
f 1807// 1803// 1808//
f 1808// 1803// 1802//
f 1808// 1802// 1809//
f 1809// 1802// 1795//
f 1809// 1795// 1810//
f 1810// 1795// 1781//
f 1810// 1781// 1750//
f 1746// 1744// 1811//
f 1736// 1734// 1812//
f 1732// 1730// 1813//
f 1724// 1722// 1814//
f 1714// 1712// 1815//
f 1710// 1708// 1816//
f 1693// 1692// 1817//
f 1817// 1692// 1818//
f 1817// 1818// 1819//
f 1819// 1818// 1820//
f 1819// 1820// 1821//
f 1821// 1820// 1822//
f 1821// 1822// 1823//
f 1823// 1822// 1824//
f 1823// 1824// 1825//
f 1825// 1824// 1814//
f 1701// 1702// 1826//
f 1826// 1702// 1827//
f 1826// 1827// 1828//
f 1828// 1827// 1829//
f 1828// 1829// 1830//
f 1830// 1829// 1831//
f 1830// 1831// 1832//
f 1832// 1831// 1833//
f 1832// 1833// 1834//
f 1834// 1833// 1811//
f 1655// 1684// 1835//
f 1835// 1684// 1836//
f 1835// 1836// 1837//
f 1837// 1836// 1838//
f 1837// 1838// 1839//
f 1839// 1838// 1840//
f 1839// 1840// 1841//
f 1841// 1840// 1842//
f 1841// 1842// 1843//
f 1843// 1842// 1816//
f 1843// 1816// 1657//
f 1657// 1816// 1708//
f 1684// 1696// 1836//
f 1836// 1696// 1844//
f 1836// 1844// 1838//
f 1838// 1844// 1845//
f 1838// 1845// 1840//
f 1840// 1845// 1846//
f 1840// 1846// 1842//
f 1842// 1846// 1847//
f 1842// 1847// 1816//
f 1816// 1847// 1815//
f 1816// 1815// 1710//
f 1710// 1815// 1712//
f 1716// 1714// 1848//
f 1848// 1714// 1815//
f 1848// 1815// 1849//
f 1849// 1815// 1847//
f 1849// 1847// 1850//
f 1850// 1847// 1846//
f 1850// 1846// 1851//
f 1851// 1846// 1845//
f 1851// 1845// 1852//
f 1852// 1845// 1844//
f 1852// 1844// 1695//
f 1695// 1844// 1696//
f 1695// 1693// 1852//
f 1852// 1693// 1817//
f 1852// 1817// 1851//
f 1851// 1817// 1819//
f 1851// 1819// 1850//
f 1850// 1819// 1821//
f 1850// 1821// 1849//
f 1849// 1821// 1823//
f 1849// 1823// 1848//
f 1848// 1823// 1825//
f 1848// 1825// 1716//
f 1716// 1825// 1718//
f 1814// 1722// 1825//
f 1825// 1722// 1720//
f 1825// 1720// 1718//
f 1726// 1724// 1853//
f 1853// 1724// 1814//
f 1853// 1814// 1854//
f 1854// 1814// 1824//
f 1854// 1824// 1855//
f 1855// 1824// 1822//
f 1855// 1822// 1856//
f 1856// 1822// 1820//
f 1856// 1820// 1857//
f 1857// 1820// 1818//
f 1857// 1818// 1688//
f 1688// 1818// 1692//
f 1688// 1689// 1857//
f 1857// 1689// 1858//
f 1857// 1858// 1856//
f 1856// 1858// 1859//
f 1856// 1859// 1855//
f 1855// 1859// 1860//
f 1855// 1860// 1854//
f 1854// 1860// 1861//
f 1854// 1861// 1853//
f 1853// 1861// 1862//
f 1853// 1862// 1726//
f 1726// 1862// 1728//
f 1689// 1691// 1858//
f 1858// 1691// 1863//
f 1858// 1863// 1859//
f 1859// 1863// 1864//
f 1859// 1864// 1860//
f 1860// 1864// 1865//
f 1860// 1865// 1861//
f 1861// 1865// 1866//
f 1861// 1866// 1862//
f 1862// 1866// 1813//
f 1862// 1813// 1728//
f 1728// 1813// 1730//
f 1691// 1697// 1863//
f 1863// 1697// 1867//
f 1863// 1867// 1864//
f 1864// 1867// 1868//
f 1864// 1868// 1865//
f 1865// 1868// 1869//
f 1865// 1869// 1866//
f 1866// 1869// 1870//
f 1866// 1870// 1813//
f 1813// 1870// 1812//
f 1813// 1812// 1732//
f 1732// 1812// 1734//
f 1738// 1736// 1871//
f 1871// 1736// 1812//
f 1871// 1812// 1872//
f 1872// 1812// 1870//
f 1872// 1870// 1873//
f 1873// 1870// 1869//
f 1873// 1869// 1874//
f 1874// 1869// 1868//
f 1874// 1868// 1875//
f 1875// 1868// 1867//
f 1875// 1867// 1699//
f 1699// 1867// 1697//
f 1699// 1701// 1875//
f 1875// 1701// 1826//
f 1875// 1826// 1874//
f 1874// 1826// 1828//
f 1874// 1828// 1873//
f 1873// 1828// 1830//
f 1873// 1830// 1872//
f 1872// 1830// 1832//
f 1872// 1832// 1871//
f 1871// 1832// 1834//
f 1871// 1834// 1738//
f 1738// 1834// 1740//
f 1811// 1744// 1834//
f 1834// 1744// 1742//
f 1834// 1742// 1740//
f 1748// 1746// 1876//
f 1876// 1746// 1811//
f 1876// 1811// 1877//
f 1877// 1811// 1833//
f 1877// 1833// 1878//
f 1878// 1833// 1831//
f 1878// 1831// 1879//
f 1879// 1831// 1829//
f 1879// 1829// 1880//
f 1880// 1829// 1827//
f 1880// 1827// 1704//
f 1704// 1827// 1702//
f 1704// 1706// 1880//
f 1880// 1706// 1806//
f 1880// 1806// 1879//
f 1879// 1806// 1807//
f 1879// 1807// 1878//
f 1878// 1807// 1808//
f 1878// 1808// 1877//
f 1877// 1808// 1809//
f 1877// 1809// 1876//
f 1876// 1809// 1810//
f 1876// 1810// 1748//
f 1748// 1810// 1750//
f 1749// 1780// 1801//
f 1749// 1801// 1881//
f 1881// 1801// 1800//
f 1881// 1800// 1882//
f 1882// 1800// 1798//
f 1882// 1798// 1883//
f 1883// 1798// 1797//
f 1883// 1797// 1884//
f 1884// 1797// 1790//
f 1884// 1790// 1885//
f 1885// 1790// 1775//
f 1885// 1775// 1760//
f 1657// 1607// 1886//
f 1657// 1886// 1843//
f 1843// 1886// 1887//
f 1843// 1887// 1841//
f 1841// 1887// 1888//
f 1841// 1888// 1839//
f 1839// 1888// 1889//
f 1839// 1889// 1837//
f 1837// 1889// 1890//
f 1837// 1890// 1835//
f 1835// 1890// 1587//
f 1835// 1587// 1655//
f 1661// 1777// 1793//
f 1661// 1793// 1891//
f 1891// 1793// 1794//
f 1891// 1794// 1892//
f 1892// 1794// 1792//
f 1892// 1792// 1893//
f 1893// 1792// 1791//
f 1893// 1791// 1894//
f 1894// 1791// 1786//
f 1894// 1786// 1895//
f 1895// 1786// 1778//
f 1895// 1778// 1705//
f 1709// 1711// 1896//
f 1719// 1721// 1897//
f 1723// 1725// 1898//
f 1731// 1733// 1899//
f 1741// 1743// 1900//
f 1745// 1747// 1901//
f 1770// 1769// 1902//
f 1902// 1769// 1903//
f 1902// 1903// 1904//
f 1904// 1903// 1905//
f 1904// 1905// 1906//
f 1906// 1905// 1907//
f 1906// 1907// 1908//
f 1908// 1907// 1909//
f 1908// 1909// 1910//
f 1910// 1909// 1899//
f 1759// 1758// 1911//
f 1911// 1758// 1912//
f 1911// 1912// 1913//
f 1913// 1912// 1914//
f 1913// 1914// 1915//
f 1915// 1914// 1916//
f 1915// 1916// 1917//
f 1917// 1916// 1918//
f 1917// 1918// 1919//
f 1919// 1918// 1896//
f 1760// 1762// 1885//
f 1885// 1762// 1920//
f 1885// 1920// 1884//
f 1884// 1920// 1921//
f 1884// 1921// 1883//
f 1883// 1921// 1922//
f 1883// 1922// 1882//
f 1882// 1922// 1923//
f 1882// 1923// 1881//
f 1881// 1923// 1901//
f 1881// 1901// 1749//
f 1749// 1901// 1747//
f 1762// 1773// 1920//
f 1920// 1773// 1924//
f 1920// 1924// 1921//
f 1921// 1924// 1925//
f 1921// 1925// 1922//
f 1922// 1925// 1926//
f 1922// 1926// 1923//
f 1923// 1926// 1927//
f 1923// 1927// 1901//
f 1901// 1927// 1900//
f 1901// 1900// 1745//
f 1745// 1900// 1743//
f 1739// 1741// 1928//
f 1928// 1741// 1900//
f 1928// 1900// 1929//
f 1929// 1900// 1927//
f 1929// 1927// 1930//
f 1930// 1927// 1926//
f 1930// 1926// 1931//
f 1931// 1926// 1925//
f 1931// 1925// 1932//
f 1932// 1925// 1924//
f 1932// 1924// 1772//
f 1772// 1924// 1773//
f 1772// 1770// 1932//
f 1932// 1770// 1902//
f 1932// 1902// 1931//
f 1931// 1902// 1904//
f 1931// 1904// 1930//
f 1930// 1904// 1906//
f 1930// 1906// 1929//
f 1929// 1906// 1908//
f 1929// 1908// 1928//
f 1928// 1908// 1910//
f 1928// 1910// 1739//
f 1739// 1910// 1737//
f 1899// 1733// 1910//
f 1910// 1733// 1735//
f 1910// 1735// 1737//
f 1729// 1731// 1933//
f 1933// 1731// 1899//
f 1933// 1899// 1934//
f 1934// 1899// 1909//
f 1934// 1909// 1935//
f 1935// 1909// 1907//
f 1935// 1907// 1936//
f 1936// 1907// 1905//
f 1936// 1905// 1937//
f 1937// 1905// 1903//
f 1937// 1903// 1767//
f 1767// 1903// 1769//
f 1767// 1765// 1937//
f 1937// 1765// 1938//
f 1937// 1938// 1936//
f 1936// 1938// 1939//
f 1936// 1939// 1935//
f 1935// 1939// 1940//
f 1935// 1940// 1934//
f 1934// 1940// 1941//
f 1934// 1941// 1933//
f 1933// 1941// 1942//
f 1933// 1942// 1729//
f 1729// 1942// 1727//
f 1765// 1764// 1938//
f 1938// 1764// 1943//
f 1938// 1943// 1939//
f 1939// 1943// 1944//
f 1939// 1944// 1940//
f 1940// 1944// 1945//
f 1940// 1945// 1941//
f 1941// 1945// 1946//
f 1941// 1946// 1942//
f 1942// 1946// 1898//
f 1942// 1898// 1727//
f 1727// 1898// 1725//
f 1764// 1755// 1943//
f 1943// 1755// 1947//
f 1943// 1947// 1944//
f 1944// 1947// 1948//
f 1944// 1948// 1945//
f 1945// 1948// 1949//
f 1945// 1949// 1946//
f 1946// 1949// 1950//
f 1946// 1950// 1898//
f 1898// 1950// 1897//
f 1898// 1897// 1723//
f 1723// 1897// 1721//
f 1717// 1719// 1951//
f 1951// 1719// 1897//
f 1951// 1897// 1952//
f 1952// 1897// 1950//
f 1952// 1950// 1953//
f 1953// 1950// 1949//
f 1953// 1949// 1954//
f 1954// 1949// 1948//
f 1954// 1948// 1955//
f 1955// 1948// 1947//
f 1955// 1947// 1753//
f 1753// 1947// 1755//
f 1753// 1759// 1955//
f 1955// 1759// 1911//
f 1955// 1911// 1954//
f 1954// 1911// 1913//
f 1954// 1913// 1953//
f 1953// 1913// 1915//
f 1953// 1915// 1952//
f 1952// 1915// 1917//
f 1952// 1917// 1951//
f 1951// 1917// 1919//
f 1951// 1919// 1717//
f 1717// 1919// 1715//
f 1896// 1711// 1919//
f 1919// 1711// 1713//
f 1919// 1713// 1715//
f 1707// 1709// 1956//
f 1956// 1709// 1896//
f 1956// 1896// 1957//
f 1957// 1896// 1918//
f 1957// 1918// 1958//
f 1958// 1918// 1916//
f 1958// 1916// 1959//
f 1959// 1916// 1914//
f 1959// 1914// 1960//
f 1960// 1914// 1912//
f 1960// 1912// 1751//
f 1751// 1912// 1758//
f 1751// 1659// 1960//
f 1960// 1659// 1961//
f 1960// 1961// 1959//
f 1959// 1961// 1962//
f 1959// 1962// 1958//
f 1958// 1962// 1963//
f 1958// 1963// 1957//
f 1957// 1963// 1964//
f 1957// 1964// 1956//
f 1956// 1964// 1965//
f 1956// 1965// 1707//
f 1707// 1965// 1656//
f 1587// 1890// 1966//
f 1890// 1889// 1967//
f 1889// 1888// 1968//
f 1888// 1887// 1969//
f 1887// 1886// 1970//
f 1615// 1971// 1613//
f 1613// 1971// 1972//
f 1613// 1972// 1611//
f 1611// 1972// 1970//
f 1611// 1970// 1609//
f 1609// 1970// 1886//
f 1609// 1886// 1607//
f 1615// 1617// 1971//
f 1971// 1617// 1619//
f 1971// 1619// 1973//
f 1973// 1619// 1621//
f 1973// 1621// 1974//
f 1974// 1621// 1623//
f 1974// 1623// 1975//
f 1975// 1623// 1625//
f 1975// 1625// 1976//
f 1976// 1625// 1627//
f 1627// 1629// 1976//
f 1976// 1629// 1537//
f 1976// 1537// 1977//
f 1887// 1970// 1969//
f 1969// 1970// 1972//
f 1969// 1972// 1978//
f 1978// 1972// 1971//
f 1978// 1971// 1979//
f 1979// 1971// 1973//
f 1979// 1973// 1980//
f 1980// 1973// 1974//
f 1980// 1974// 1981//
f 1981// 1974// 1975//
f 1981// 1975// 1982//
f 1982// 1975// 1976//
f 1982// 1976// 1983//
f 1983// 1976// 1977//
f 1983// 1977// 1984//
f 1888// 1969// 1968//
f 1968// 1969// 1978//
f 1968// 1978// 1985//
f 1985// 1978// 1979//
f 1985// 1979// 1986//
f 1986// 1979// 1980//
f 1986// 1980// 1987//
f 1987// 1980// 1981//
f 1987// 1981// 1988//
f 1988// 1981// 1982//
f 1988// 1982// 1989//
f 1989// 1982// 1983//
f 1989// 1983// 1990//
f 1990// 1983// 1984//
f 1990// 1984// 1991//
f 1889// 1968// 1967//
f 1967// 1968// 1985//
f 1967// 1985// 1992//
f 1992// 1985// 1986//
f 1992// 1986// 1993//
f 1993// 1986// 1987//
f 1993// 1987// 1994//
f 1994// 1987// 1988//
f 1994// 1988// 1995//
f 1995// 1988// 1989//
f 1995// 1989// 1996//
f 1996// 1989// 1990//
f 1996// 1990// 1997//
f 1997// 1990// 1991//
f 1997// 1991// 1998//
f 1890// 1967// 1966//
f 1966// 1967// 1992//
f 1966// 1992// 1999//
f 1999// 1992// 1993//
f 1999// 1993// 2000//
f 2000// 1993// 1994//
f 2000// 1994// 2001//
f 2001// 1994// 1995//
f 2001// 1995// 2002//
f 2002// 1995// 1996//
f 2002// 1996// 2003//
f 2003// 1996// 1997//
f 2003// 1997// 2004//
f 2004// 1997// 1998//
f 2004// 1998// 2005//
f 1587// 1966// 1589//
f 1589// 1966// 1999//
f 1589// 1999// 1592//
f 1592// 1999// 2000//
f 1592// 2000// 1590//
f 1590// 2000// 2001//
f 1590// 2001// 1598//
f 1598// 2001// 2002//
f 1598// 2002// 1604//
f 1604// 2002// 2003//
f 1604// 2003// 1595//
f 1595// 2003// 2004//
f 1595// 2004// 1596//
f 1596// 2004// 2005//
f 1596// 2005// 1531//
f 1654// 2006// 2007//
f 2006// 2008// 2009//
f 2008// 2010// 2011//
f 2010// 2012// 2013//
f 2012// 2014// 2015//
f 2014// 1653// 1683//
f 2014// 1683// 2015//
f 2015// 1683// 1681//
f 2015// 1681// 2016//
f 1675// 2017// 1677//
f 1677// 2017// 2016//
f 1677// 2016// 1679//
f 1679// 2016// 1681//
f 1673// 2018// 1675//
f 1675// 2018// 2019//
f 1675// 2019// 2017//
f 1673// 1671// 2018//
f 2018// 1671// 1669//
f 2018// 1669// 2020//
f 2020// 1669// 1667//
f 2020// 1667// 2021//
f 2021// 1667// 1665//
f 2021// 1665// 2022//
f 1665// 1663// 2022//
f 2022// 1663// 1661//
f 2022// 1661// 1891//
f 2012// 2015// 2013//
f 2013// 2015// 2016//
f 2013// 2016// 2023//
f 2023// 2016// 2017//
f 2023// 2017// 2024//
f 2024// 2017// 2019//
f 2024// 2019// 2025//
f 2025// 2019// 2018//
f 2025// 2018// 2026//
f 2026// 2018// 2020//
f 2026// 2020// 2027//
f 2027// 2020// 2021//
f 2027// 2021// 2028//
f 2028// 2021// 2022//
f 2028// 2022// 2029//
f 2029// 2022// 1891//
f 2029// 1891// 1892//
f 2010// 2013// 2011//
f 2011// 2013// 2023//
f 2011// 2023// 2030//
f 2030// 2023// 2024//
f 2030// 2024// 2031//
f 2031// 2024// 2025//
f 2031// 2025// 2032//
f 2032// 2025// 2026//
f 2032// 2026// 2033//
f 2033// 2026// 2027//
f 2033// 2027// 2034//
f 2034// 2027// 2028//
f 2034// 2028// 2035//
f 2035// 2028// 2029//
f 2035// 2029// 2036//
f 2036// 2029// 1892//
f 2036// 1892// 1893//
f 2008// 2011// 2009//
f 2009// 2011// 2030//
f 2009// 2030// 2037//
f 2037// 2030// 2031//
f 2037// 2031// 2038//
f 2038// 2031// 2032//
f 2038// 2032// 2039//
f 2039// 2032// 2033//
f 2039// 2033// 2040//
f 2040// 2033// 2034//
f 2040// 2034// 2041//
f 2041// 2034// 2035//
f 2041// 2035// 2042//
f 2042// 2035// 2036//
f 2042// 2036// 2043//
f 2043// 2036// 1893//
f 2043// 1893// 1894//
f 2006// 2009// 2007//
f 2007// 2009// 2037//
f 2007// 2037// 2044//
f 2044// 2037// 2038//
f 2044// 2038// 2045//
f 2045// 2038// 2039//
f 2045// 2039// 2046//
f 2046// 2039// 2040//
f 2046// 2040// 2047//
f 2047// 2040// 2041//
f 2047// 2041// 2048//
f 2048// 2041// 2042//
f 2048// 2042// 2049//
f 2049// 2042// 2043//
f 2049// 2043// 2050//
f 2050// 2043// 1894//
f 2050// 1894// 1895//
f 1654// 2007// 1685//
f 1685// 2007// 2044//
f 1685// 2044// 1694//
f 1694// 2044// 2045//
f 1694// 2045// 1686//
f 1686// 2045// 2046//
f 1686// 2046// 1687//
f 1687// 2046// 2047//
f 1687// 2047// 1690//
f 1690// 2047// 2048//
f 1690// 2048// 1698//
f 1698// 2048// 2049//
f 1698// 2049// 1700//
f 1700// 2049// 2050//
f 1700// 2050// 1703//
f 1703// 2050// 1895//
f 1703// 1895// 1705//
f 1659// 1635// 2051//
f 1659// 2051// 1961//
f 1961// 2051// 2052//
f 1961// 2052// 1962//
f 1962// 2052// 2053//
f 1962// 2053// 1963//
f 1963// 2053// 2054//
f 1963// 2054// 1964//
f 1964// 2054// 2055//
f 1964// 2055// 1965//
f 1965// 2055// 1608//
f 1965// 1608// 1656//
f 1537// 1535// 2056//
f 2057// 1977// 2058//
f 2058// 1977// 1537//
f 2058// 1537// 2059//
f 2059// 1537// 2056//
f 2057// 2060// 1977//
f 1977// 2060// 2061//
f 1977// 2061// 1984//
f 2061// 2062// 1984//
f 1984// 2062// 2063//
f 1984// 2063// 2064//
f 2064// 2065// 1984//
f 1984// 2065// 2066//
f 1984// 2066// 1991//
f 2066// 2067// 1991//
f 1991// 2067// 2068//
f 1991// 2068// 1998//
f 2068// 2069// 1998//
f 1998// 2069// 2070//
f 1998// 2070// 2005//
f 1533// 1531// 2071//
f 2071// 1531// 2005//
f 2071// 2005// 2072//
f 2072// 2005// 2070//
f 1654// 1586// 2073//
f 1654// 2073// 2006//
f 2006// 2073// 2074//
f 2006// 2074// 2008//
f 2008// 2074// 2075//
f 2008// 2075// 2010//
f 2010// 2075// 2076//
f 2010// 2076// 2012//
f 2012// 2076// 2077//
f 2012// 2077// 2014//
f 2014// 2077// 1584//
f 2014// 1584// 1653//
f 1541// 2078// 2079//
f 2078// 2080// 2081//
f 2080// 2082// 2083//
f 2082// 2084// 2085//
f 2084// 2086// 2087//
f 1624// 2088// 1626//
f 1626// 2088// 2089//
f 1626// 2089// 1628//
f 1628// 2089// 2087//
f 1628// 2087// 1630//
f 1630// 2087// 2086//
f 1630// 2086// 1536//
f 1624// 1622// 2088//
f 2088// 1622// 1620//
f 2088// 1620// 2090//
f 2090// 1620// 1618//
f 2090// 1618// 2091//
f 2091// 1618// 1616//
f 2091// 1616// 2092//
f 2092// 1616// 1614//
f 2092// 1614// 2093//
f 2093// 1614// 1612//
f 1612// 1610// 2093//
f 2093// 1610// 1608//
f 2093// 1608// 2055//
f 2084// 2087// 2085//
f 2085// 2087// 2089//
f 2085// 2089// 2094//
f 2094// 2089// 2088//
f 2094// 2088// 2095//
f 2095// 2088// 2090//
f 2095// 2090// 2096//
f 2096// 2090// 2091//
f 2096// 2091// 2097//
f 2097// 2091// 2092//
f 2097// 2092// 2098//
f 2098// 2092// 2093//
f 2098// 2093// 2099//
f 2099// 2093// 2055//
f 2099// 2055// 2054//
f 2082// 2085// 2083//
f 2083// 2085// 2094//
f 2083// 2094// 2100//
f 2100// 2094// 2095//
f 2100// 2095// 2101//
f 2101// 2095// 2096//
f 2101// 2096// 2102//
f 2102// 2096// 2097//
f 2102// 2097// 2103//
f 2103// 2097// 2098//
f 2103// 2098// 2104//
f 2104// 2098// 2099//
f 2104// 2099// 2105//
f 2105// 2099// 2054//
f 2105// 2054// 2053//
f 2080// 2083// 2081//
f 2081// 2083// 2100//
f 2081// 2100// 2106//
f 2106// 2100// 2101//
f 2106// 2101// 2107//
f 2107// 2101// 2102//
f 2107// 2102// 2108//
f 2108// 2102// 2103//
f 2108// 2103// 2109//
f 2109// 2103// 2104//
f 2109// 2104// 2110//
f 2110// 2104// 2105//
f 2110// 2105// 2111//
f 2111// 2105// 2053//
f 2111// 2053// 2052//
f 2078// 2081// 2079//
f 2079// 2081// 2106//
f 2079// 2106// 2112//
f 2112// 2106// 2107//
f 2112// 2107// 2113//
f 2113// 2107// 2108//
f 2113// 2108// 2114//
f 2114// 2108// 2109//
f 2114// 2109// 2115//
f 2115// 2109// 2110//
f 2115// 2110// 2116//
f 2116// 2110// 2111//
f 2116// 2111// 2117//
f 2117// 2111// 2052//
f 2117// 2052// 2051//
f 1541// 2079// 1638//
f 1638// 2079// 2112//
f 1638// 2112// 1646//
f 1646// 2112// 2113//
f 1646// 2113// 1643//
f 1643// 2113// 2114//
f 1643// 2114// 1641//
f 1641// 2114// 2115//
f 1641// 2115// 1639//
f 1639// 2115// 2116//
f 1639// 2116// 1631//
f 1631// 2116// 2117//
f 1631// 2117// 1632//
f 1632// 2117// 2051//
f 1632// 2051// 1635//
f 2072// 2070// 2118//
f 2069// 2068// 2119//
f 2063// 2062// 2120//
f 2120// 2057// 2121//
f 2121// 2057// 2058//
f 2121// 2058// 2122//
f 2122// 2058// 2059//
f 2122// 2059// 2123//
f 2123// 2059// 2056//
f 2123// 2056// 2124//
f 2124// 2056// 1535//
f 2062// 2061// 2120//
f 2120// 2061// 2060//
f 2120// 2060// 2057//
f 2067// 2066// 2125//
f 2125// 2066// 2065//
f 2069// 2119// 2070//
f 2126// 2071// 2072//
f 1533// 2071// 2127//
f 2127// 2071// 2126//
f 2127// 2126// 2128//
f 2128// 2126// 2129//
f 2128// 2129// 2130//
f 2130// 2129// 2131//
f 2131// 2129// 2132//
f 2131// 2132// 2133//
f 2133// 2132// 2134//
f 2134// 2132// 2135//
f 2134// 2135// 2136//
f 2136// 2135// 2137//
f 2137// 2135// 2138//
f 2137// 2138// 2139//
f 2139// 2138// 2140//
f 2140// 2138// 2141//
f 2140// 2141// 2142//
f 2142// 2141// 2143//
f 2142// 2143// 1784//
f 2064// 2063// 2144//
f 2144// 2063// 2120//
f 2144// 2120// 2145//
f 2145// 2120// 2121//
f 2145// 2121// 2146//
f 2146// 2121// 2122//
f 2146// 2122// 2147//
f 2147// 2122// 2123//
f 2147// 2123// 2148//
f 2148// 2123// 2124//
f 2148// 2124// 2149//
f 1535// 2150// 2124//
f 2124// 2150// 2151//
f 2124// 2151// 2149//
f 2149// 2151// 2152//
f 2149// 2152// 2153//
f 2153// 2154// 2149//
f 2149// 2154// 2155//
f 2149// 2155// 2148//
f 2148// 2155// 2156//
f 2148// 2156// 2147//
f 2147// 2156// 2157//
f 2147// 2157// 2146//
f 2146// 2157// 2158//
f 2146// 2158// 2145//
f 2145// 2158// 2125//
f 2145// 2125// 2144//
f 2144// 2125// 2065//
f 2144// 2065// 2064//
f 2153// 2159// 2154//
f 2154// 2159// 2160//
f 2154// 2160// 2161//
f 2161// 2162// 2154//
f 2154// 2162// 2163//
f 2154// 2163// 2155//
f 2155// 2163// 2164//
f 2155// 2164// 2156//
f 2156// 2164// 2165//
f 2156// 2165// 2157//
f 2157// 2165// 2166//
f 2157// 2166// 2158//
f 2158// 2166// 2119//
f 2158// 2119// 2125//
f 2125// 2119// 2068//
f 2125// 2068// 2067//
f 2070// 2119// 2118//
f 2118// 2119// 2166//
f 2118// 2166// 2167//
f 2167// 2166// 2165//
f 2167// 2165// 2168//
f 2168// 2165// 2164//
f 2168// 2164// 2169//
f 2169// 2164// 2163//
f 2169// 2163// 2170//
f 2170// 2163// 2162//
f 2170// 2162// 2171//
f 2161// 2172// 2162//
f 2162// 2172// 2173//
f 2162// 2173// 2171//
f 2171// 2173// 2174//
f 2171// 2174// 2175//
f 2072// 2118// 2126//
f 2126// 2118// 2167//
f 2126// 2167// 2129//
f 2129// 2167// 2168//
f 2129// 2168// 2132//
f 2132// 2168// 2169//
f 2132// 2169// 2135//
f 2135// 2169// 2170//
f 2135// 2170// 2138//
f 2138// 2170// 2171//
f 2138// 2171// 2141//
f 2141// 2171// 2175//
f 2141// 2175// 2143//
f 1544// 1546// 2176//
f 1548// 1550// 2177//
f 1558// 1560// 2178//
f 1562// 1564// 2179//
f 1572// 1574// 2180//
f 1576// 1578// 2181//
f 1588// 1594// 2182//
f 2182// 1594// 2183//
f 2182// 2183// 2184//
f 2184// 2183// 2185//
f 2184// 2185// 2186//
f 2186// 2185// 2187//
f 2186// 2187// 2188//
f 2188// 2187// 2189//
f 2188// 2189// 2190//
f 2190// 2189// 2181//
f 1600// 1599// 2191//
f 2191// 1599// 2192//
f 2191// 2192// 2193//
f 2193// 2192// 2194//
f 2193// 2194// 2195//
f 2195// 2194// 2196//
f 2195// 2196// 2197//
f 2197// 2196// 2198//
f 2197// 2198// 2199//
f 2199// 2198// 2179//
f 1603// 1602// 2200//
f 2200// 1602// 2201//
f 2200// 2201// 2202//
f 2202// 2201// 2203//
f 2202// 2203// 2204//
f 2204// 2203// 2205//
f 2204// 2205// 2206//
f 2206// 2205// 2207//
f 2206// 2207// 2208//
f 2208// 2207// 2177//
f 1586// 1588// 2073//
f 2073// 1588// 2182//
f 2073// 2182// 2074//
f 2074// 2182// 2184//
f 2074// 2184// 2075//
f 2075// 2184// 2186//
f 2075// 2186// 2076//
f 2076// 2186// 2188//
f 2076// 2188// 2077//
f 2077// 2188// 2190//
f 2077// 2190// 1584//
f 1584// 2190// 1582//
f 2181// 1578// 2190//
f 2190// 1578// 1580//
f 2190// 1580// 1582//
f 1574// 1576// 2180//
f 2180// 1576// 2181//
f 2180// 2181// 2209//
f 2209// 2181// 2189//
f 2209// 2189// 2210//
f 2210// 2189// 2187//
f 2210// 2187// 2211//
f 2211// 2187// 2185//
f 2211// 2185// 2212//
f 2212// 2185// 2183//
f 2212// 2183// 1593//
f 1593// 2183// 1594//
f 1570// 1572// 2213//
f 2213// 1572// 2180//
f 2213// 2180// 2214//
f 2214// 2180// 2209//
f 2214// 2209// 2215//
f 2215// 2209// 2210//
f 2215// 2210// 2216//
f 2216// 2210// 2211//
f 2216// 2211// 2217//
f 2217// 2211// 2212//
f 2217// 2212// 1591//
f 1591// 2212// 1593//
f 1591// 1600// 2217//
f 2217// 1600// 2191//
f 2217// 2191// 2216//
f 2216// 2191// 2193//
f 2216// 2193// 2215//
f 2215// 2193// 2195//
f 2215// 2195// 2214//
f 2214// 2195// 2197//
f 2214// 2197// 2213//
f 2213// 2197// 2199//
f 2213// 2199// 1570//
f 1570// 2199// 1568//
f 2179// 1564// 2199//
f 2199// 1564// 1566//
f 2199// 1566// 1568//
f 1599// 1606// 2192//
f 2192// 1606// 2218//
f 2192// 2218// 2194//
f 2194// 2218// 2219//
f 2194// 2219// 2196//
f 2196// 2219// 2220//
f 2196// 2220// 2198//
f 2198// 2220// 2221//
f 2198// 2221// 2179//
f 2179// 2221// 2178//
f 2179// 2178// 1562//
f 1562// 2178// 1560//
f 1556// 1558// 2222//
f 2222// 1558// 2178//
f 2222// 2178// 2223//
f 2223// 2178// 2221//
f 2223// 2221// 2224//
f 2224// 2221// 2220//
f 2224// 2220// 2225//
f 2225// 2220// 2219//
f 2225// 2219// 2226//
f 2226// 2219// 2218//
f 2226// 2218// 1605//
f 1605// 2218// 1606//
f 1605// 1603// 2226//
f 2226// 1603// 2200//
f 2226// 2200// 2225//
f 2225// 2200// 2202//
f 2225// 2202// 2224//
f 2224// 2202// 2204//
f 2224// 2204// 2223//
f 2223// 2204// 2206//
f 2223// 2206// 2222//
f 2222// 2206// 2208//
f 2222// 2208// 1556//
f 1556// 2208// 1554//
f 2177// 1550// 2208//
f 2208// 1550// 1552//
f 2208// 1552// 1554//
f 1602// 1597// 2201//
f 2201// 1597// 2227//
f 2201// 2227// 2203//
f 2203// 2227// 2228//
f 2203// 2228// 2205//
f 2205// 2228// 2229//
f 2205// 2229// 2207//
f 2207// 2229// 2230//
f 2207// 2230// 2177//
f 2177// 2230// 2176//
f 2177// 2176// 1548//
f 1548// 2176// 1546//
f 1542// 1544// 2231//
f 2231// 1544// 2176//
f 2231// 2176// 2232//
f 2232// 2176// 2230//
f 2232// 2230// 2233//
f 2233// 2230// 2229//
f 2233// 2229// 2234//
f 2234// 2229// 2228//
f 2234// 2228// 2235//
f 2235// 2228// 2227//
f 2235// 2227// 1601//
f 1601// 2227// 1597//
f 1601// 1530// 2235//
f 2235// 1530// 2236//
f 2235// 2236// 2234//
f 2234// 2236// 2237//
f 2234// 2237// 2233//
f 2233// 2237// 2238//
f 2233// 2238// 2232//
f 2232// 2238// 2239//
f 2232// 2239// 2231//
f 2231// 2239// 2240//
f 2231// 2240// 1542//
f 1542// 2240// 1527//
f 1539// 2241// 1541//
f 1541// 2241// 2078//
f 2241// 2242// 2078//
f 2078// 2242// 2243//
f 2078// 2243// 2080//
f 2243// 2244// 2080//
f 2080// 2244// 2245//
f 2080// 2245// 2082//
f 2245// 2246// 2082//
f 2082// 2246// 2247//
f 2082// 2247// 2084//
f 2248// 2249// 1536//
f 2247// 2250// 2084//
f 2084// 2250// 2251//
f 2084// 2251// 2086//
f 2086// 2251// 2252//
f 2086// 2252// 1536//
f 1536// 2252// 2253//
f 1536// 2253// 2248//
f 2249// 2254// 1536//
f 1536// 2254// 2255//
f 1536// 2255// 1534//
f 1535// 1534// 2150//
f 2150// 1534// 2256//
f 2150// 2256// 2151//
f 2151// 2256// 2257//
f 2151// 2257// 2152//
f 2152// 2257// 2258//
f 2152// 2258// 2153//
f 2153// 2258// 2259//
f 2153// 2259// 2159//
f 2159// 2259// 2260//
f 2159// 2260// 2160//
f 2160// 2260// 2261//
f 2160// 2261// 2262//
f 1782// 1784// 2263//
f 2263// 1784// 2143//
f 2263// 2143// 2264//
f 2264// 2143// 2175//
f 2264// 2175// 2265//
f 2265// 2175// 2174//
f 2265// 2174// 2266//
f 2266// 2174// 2173//
f 2266// 2173// 2267//
f 2267// 2173// 2172//
f 2267// 2172// 2262//
f 2262// 2172// 2161//
f 2262// 2161// 2160//
f 1533// 2127// 1532//
f 1532// 2127// 2268//
f 2127// 2128// 2268//
f 2268// 2128// 2130//
f 2268// 2130// 2269//
f 2269// 2130// 2131//
f 2269// 2131// 2270//
f 2270// 2131// 2133//
f 2270// 2133// 2271//
f 2133// 2134// 2271//
f 2271// 2134// 2136//
f 2271// 2136// 2272//
f 2272// 2136// 2137//
f 2272// 2137// 2273//
f 2273// 2137// 2139//
f 2273// 2139// 2274//
f 2274// 2139// 2140//
f 2274// 2140// 1785//
f 1785// 2140// 2142//
f 1785// 2142// 1784//
f 1532// 2275// 1530//
f 1530// 2275// 2236//
f 2275// 2276// 2236//
f 2236// 2276// 2277//
f 2236// 2277// 2237//
f 2277// 2278// 2237//
f 2237// 2278// 2279//
f 2237// 2279// 2238//
f 2279// 2280// 2238//
f 2238// 2280// 2281//
f 2238// 2281// 2239//
f 2282// 2240// 2283//
f 2283// 2240// 2239//
f 2283// 2239// 2284//
f 2284// 2239// 2281//
f 2282// 2285// 2240//
f 2240// 2285// 2286//
f 2240// 2286// 2287//
f 2287// 2288// 2240//
f 2240// 2288// 2289//
f 2240// 2289// 1527//
f 1527// 2289// 2290//
f 1527// 2290// 1529//
f 2291// 2292// 2293//
f 2294// 2295// 2296//
f 2297// 2298// 1782//
f 1539// 2299// 2241//
f 2241// 2299// 2300//
f 2241// 2300// 2242//
f 2242// 2300// 2301//
f 2242// 2301// 2243//
f 2243// 2301// 2244//
f 2244// 2301// 2302//
f 2244// 2302// 2245//
f 2245// 2302// 2246//
f 2246// 2302// 2303//
f 2246// 2303// 2247//
f 2247// 2303// 2304//
f 2247// 2304// 2250//
f 2250// 2304// 2305//
f 2250// 2305// 2251//
f 2251// 2305// 2306//
f 2251// 2306// 2252//
f 2307// 2308// 2309//
f 2256// 2310// 2257//
f 2257// 2310// 2311//
f 2257// 2311// 2258//
f 2258// 2311// 2259//
f 2259// 2311// 2312//
f 2259// 2312// 2260//
f 2313// 2262// 2312//
f 2312// 2262// 2261//
f 2312// 2261// 2260//
f 2314// 2266// 2313//
f 2313// 2266// 2267//
f 2313// 2267// 2262//
f 1782// 2263// 2297//
f 2297// 2263// 2264//
f 2297// 2264// 2314//
f 2314// 2264// 2265//
f 2314// 2265// 2266//
f 2310// 2315// 2311//
f 2311// 2315// 2316//
f 2311// 2316// 2312//
f 2312// 2316// 2317//
f 2312// 2317// 2313//
f 2313// 2317// 2318//
f 2313// 2318// 2314//
f 2314// 2318// 2319//
f 2314// 2319// 2297//
f 2297// 2319// 2296//
f 2297// 2296// 2298//
f 2298// 2296// 2295//
f 2315// 2320// 2316//
f 2316// 2320// 2321//
f 2316// 2321// 2317//
f 2317// 2321// 2322//
f 2317// 2322// 2318//
f 2318// 2322// 2323//
f 2318// 2323// 2319//
f 2319// 2323// 2324//
f 2319// 2324// 2296//
f 2296// 2324// 2325//
f 2296// 2325// 2294//
f 2294// 2325// 2326//
f 2320// 2307// 2321//
f 2321// 2307// 2327//
f 2321// 2327// 2322//
f 2322// 2327// 2328//
f 2322// 2328// 2323//
f 2323// 2328// 2329//
f 2323// 2329// 2324//
f 2324// 2329// 2330//
f 2324// 2330// 2325//
f 2325// 2330// 2293//
f 2325// 2293// 2326//
f 2326// 2293// 2292//
f 2299// 2291// 2300//
f 2300// 2291// 2293//
f 2300// 2293// 2301//
f 2301// 2293// 2330//
f 2301// 2330// 2302//
f 2302// 2330// 2329//
f 2302// 2329// 2303//
f 2303// 2329// 2328//
f 2303// 2328// 2304//
f 2304// 2328// 2327//
f 2304// 2327// 2305//
f 2305// 2327// 2307//
f 2305// 2307// 2306//
f 2306// 2307// 2309//
f 2306// 2309// 2252//
f 2252// 2309// 2308//
f 2252// 2308// 2253//
f 2253// 2308// 2307//
f 2253// 2307// 2248//
f 2248// 2307// 2320//
f 2248// 2320// 2249//
f 2249// 2320// 2315//
f 2249// 2315// 2254//
f 2254// 2315// 2310//
f 2254// 2310// 2255//
f 2255// 2310// 2256//
f 2255// 2256// 1534//
f 2331// 2332// 2333//
f 2289// 2333// 2290//
f 2333// 2289// 2288//
f 1529// 2290// 2333//
f 2287// 2286// 2333//
f 1532// 2334// 2275//
f 2269// 2270// 2335//
f 2272// 2273// 2336//
f 2337// 2274// 1785//
f 2275// 2334// 2276//
f 2276// 2334// 2338//
f 2276// 2338// 2277//
f 2277// 2338// 2278//
f 2278// 2338// 2339//
f 2278// 2339// 2279//
f 2279// 2339// 2280//
f 2280// 2339// 2340//
f 2280// 2340// 2281//
f 2281// 2340// 2284//
f 2284// 2340// 2341//
f 2284// 2341// 2283//
f 2283// 2341// 2282//
f 2282// 2341// 2332//
f 2282// 2332// 2285//
f 2285// 2332// 2331//
f 2285// 2331// 2286//
f 2286// 2331// 2333//
f 2288// 2287// 2333//
f 1785// 2342// 2337//
f 2337// 2342// 2343//
f 2337// 2343// 2344//
f 2343// 2345// 2344//
f 2344// 2345// 2346//
f 2344// 2346// 2347//
f 2346// 2348// 2347//
f 2347// 2348// 2349//
f 2347// 2349// 2350//
f 2268// 2269// 2351//
f 2351// 2269// 2335//
f 2351// 2335// 2352//
f 2352// 2335// 2353//
f 2352// 2353// 2354//
f 2354// 2353// 2355//
f 2354// 2355// 2356//
f 2356// 2355// 2357//
f 2356// 2357// 2358//
f 2358// 2357// 2359//
f 2358// 2359// 2360//
f 2360// 2359// 2361//
f 2360// 2361// 2333//
f 2270// 2271// 2335//
f 2335// 2271// 2362//
f 2335// 2362// 2353//
f 2353// 2362// 2363//
f 2353// 2363// 2355//
f 2355// 2363// 2364//
f 2355// 2364// 2357//
f 2357// 2364// 2365//
f 2357// 2365// 2359//
f 2359// 2365// 2366//
f 2359// 2366// 2361//
f 2361// 2366// 2367//
f 2361// 2367// 2333//
f 1532// 2268// 2334//
f 2334// 2268// 2351//
f 2334// 2351// 2338//
f 2338// 2351// 2352//
f 2338// 2352// 2339//
f 2339// 2352// 2354//
f 2339// 2354// 2340//
f 2340// 2354// 2356//
f 2340// 2356// 2341//
f 2341// 2356// 2358//
f 2341// 2358// 2332//
f 2332// 2358// 2360//
f 2332// 2360// 2333//
f 2273// 2274// 2336//
f 2336// 2274// 2337//
f 2336// 2337// 2368//
f 2368// 2337// 2344//
f 2368// 2344// 2369//
f 2369// 2344// 2347//
f 2369// 2347// 2370//
f 2370// 2347// 2350//
f 2370// 2350// 2371//
f 2371// 2350// 2372//
f 2371// 2372// 2373//
f 2373// 2372// 2374//
f 2373// 2374// 2333//
f 2349// 2375// 2350//
f 2350// 2375// 2376//
f 2350// 2376// 2372//
f 2372// 2376// 2377//
f 2372// 2377// 2374//
f 2374// 2377// 2378//
f 2374// 2378// 2333//
f 2271// 2272// 2362//
f 2362// 2272// 2336//
f 2362// 2336// 2363//
f 2363// 2336// 2368//
f 2363// 2368// 2364//
f 2364// 2368// 2369//
f 2364// 2369// 2365//
f 2365// 2369// 2370//
f 2365// 2370// 2366//
f 2366// 2370// 2371//
f 2366// 2371// 2367//
f 2367// 2371// 2373//
f 2367// 2373// 2333//
f 1539// 1538// 2379//
f 1539// 2379// 2299//
f 2299// 2379// 2380//
f 2299// 2380// 2291//
f 2291// 2380// 2292//
f 2292// 2380// 2381//
f 2292// 2381// 2326//
f 2381// 2382// 2326//
f 2326// 2382// 2383//
f 2326// 2383// 2294//
f 2294// 2383// 2295//
f 2295// 2383// 2384//
f 2295// 2384// 2298//
f 2384// 2385// 2298//
f 2298// 2385// 1783//
f 2298// 1783// 1782//
f 1528// 1529// 2386//
f 2386// 1529// 2333//
f 2386// 2333// 2387//
f 2387// 2333// 2378//
f 2387// 2378// 2388//
f 2388// 2378// 2377//
f 2388// 2377// 2389//
f 2389// 2377// 2376//
f 2389// 2376// 2390//
f 2390// 2376// 2375//
f 2390// 2375// 2391//
f 2391// 2375// 2349//
f 2391// 2349// 2392//
f 2392// 2349// 2348//
f 2392// 2348// 2393//
f 2393// 2348// 2346//
f 2393// 2346// 2394//
f 2394// 2346// 2345//
f 2394// 2345// 2395//
f 2395// 2345// 2343//
f 2395// 2343// 2396//
f 2396// 2343// 2342//
f 2396// 2342// 1783//
f 1783// 2342// 1785//
f 2397// 2398// 2386//
f 2397// 2386// 2399//
f 2400// 2399// 2386//
f 2389// 2401// 2402//
f 2391// 2392// 2403//
f 2404// 2405// 2406//
f 2407// 2408// 2409//
f 2410// 2411// 2386//
f 2412// 2386// 2413//
f 2386// 2412// 1528//
f 2411// 2413// 2386//
f 2414// 2410// 2386//
f 2415// 2398// 2416//
f 2416// 2398// 2417//
f 2418// 2419// 2420//
f 2420// 2419// 2421//
f 2422// 2379// 1538//
f 2423// 2382// 2381//
f 2424// 2384// 2383//
f 2385// 2384// 2425//
f 2425// 2384// 2424//
f 2425// 2424// 2426//
f 1783// 2385// 2396//
f 2396// 2385// 2425//
f 2396// 2425// 2395//
f 2395// 2425// 2426//
f 2395// 2426// 2394//
f 2394// 2426// 2393//
f 2392// 2393// 2403//
f 2403// 2393// 2426//
f 2403// 2426// 2427//
f 2427// 2426// 2424//
f 2427// 2424// 2423//
f 2423// 2424// 2383//
f 2423// 2383// 2382//
f 2390// 2391// 2428//
f 2428// 2391// 2403//
f 2428// 2403// 2429//
f 2429// 2403// 2427//
f 2429// 2427// 2430//
f 2430// 2427// 2423//
f 2430// 2423// 2431//
f 2431// 2423// 2381//
f 2431// 2381// 2380//
f 2432// 2420// 2433//
f 2433// 2420// 2421//
f 2433// 2421// 2434//
f 2389// 2390// 2401//
f 2401// 2390// 2428//
f 2401// 2428// 2435//
f 2435// 2428// 2429//
f 2435// 2429// 2436//
f 2436// 2429// 2430//
f 2436// 2430// 2437//
f 2437// 2430// 2431//
f 2437// 2431// 2422//
f 2422// 2431// 2380//
f 2422// 2380// 2379//
f 2402// 2401// 2438//
f 2438// 2401// 2435//
f 2438// 2435// 2439//
f 2439// 2435// 2436//
f 2439// 2436// 2440//
f 2440// 2436// 2437//
f 2440// 2437// 2441//
f 2441// 2437// 2422//
f 2441// 2422// 2442//
f 2442// 2422// 1538//
f 2442// 1538// 2443//
f 2444// 2432// 2445//
f 2445// 2432// 2433//
f 2445// 2433// 2409//
f 2409// 2433// 2434//
f 2409// 2434// 2407//
f 2400// 2444// 2399//
f 2399// 2444// 2445//
f 2399// 2445// 2397//
f 2397// 2445// 2409//
f 2397// 2409// 2398//
f 2398// 2409// 2408//
f 2398// 2408// 2417//
f 2415// 2386// 2398//
f 2416// 2414// 2415//
f 2415// 2414// 2386//
f 2386// 2387// 2402//
f 2402// 2387// 2388//
f 2402// 2388// 2389//
f 2443// 2404// 2442//
f 2442// 2404// 2406//
f 2442// 2406// 2441//
f 2441// 2406// 2446//
f 2441// 2446// 2440//
f 2440// 2446// 2447//
f 2440// 2447// 2439//
f 2439// 2447// 2448//
f 2439// 2448// 2438//
f 2438// 2448// 2449//
f 2438// 2449// 2402//
f 2402// 2449// 2386//
f 2405// 2418// 2406//
f 2406// 2418// 2420//
f 2406// 2420// 2446//
f 2446// 2420// 2432//
f 2446// 2432// 2447//
f 2447// 2432// 2444//
f 2447// 2444// 2448//
f 2448// 2444// 2400//
f 2448// 2400// 2449//
f 2449// 2400// 2386//
f 2450// 1526// 1528//
f 1528// 2412// 2450//
f 2450// 2412// 2413//
f 2450// 2413// 2411//
f 2411// 2410// 2450//
f 2450// 2410// 2414//
f 2450// 2414// 2416//
f 2416// 2417// 2450//
f 2450// 2417// 2408//
f 2450// 2408// 2451//
f 2408// 2407// 2451//
f 2451// 2407// 2434//
f 2451// 2434// 2452//
f 2434// 2421// 2452//
f 2452// 2421// 2419//
f 2452// 2419// 2453//
f 2419// 2418// 2453//
f 2453// 2418// 2405//
f 2453// 2405// 2454//
f 1538// 1540// 2443//
f 2443// 1540// 2454//
f 2443// 2454// 2404//
f 2404// 2454// 2405//
f 1581// 1579// 2455//
f 1577// 1575// 2456//
f 1567// 1565// 2457//
f 1563// 1561// 2458//
f 1553// 1551// 2459//
f 1549// 1547// 2460//
f 1637// 1648// 2461//
f 2461// 1648// 2462//
f 2461// 2462// 2463//
f 2463// 2462// 2464//
f 2463// 2464// 2465//
f 2465// 2464// 2466//
f 2465// 2466// 2467//
f 2467// 2466// 2468//
f 2467// 2468// 2469//
f 2469// 2468// 2460//
f 1644// 1642// 2470//
f 2470// 1642// 2471//
f 2470// 2471// 2472//
f 2472// 2471// 2473//
f 2472// 2473// 2474//
f 2474// 2473// 2475//
f 2474// 2475// 2476//
f 2476// 2475// 2477//
f 2476// 2477// 2478//
f 2478// 2477// 2458//
f 1650// 1649// 2479//
f 2479// 1649// 2480//
f 2479// 2480// 2481//
f 2481// 2480// 2482//
f 2481// 2482// 2483//
f 2483// 2482// 2484//
f 2483// 2484// 2485//
f 2485// 2484// 2486//
f 2485// 2486// 2487//
f 2487// 2486// 2456//
f 1540// 1637// 2454//
f 2454// 1637// 2461//
f 2454// 2461// 2453//
f 2453// 2461// 2463//
f 2453// 2463// 2452//
f 2452// 2463// 2465//
f 2452// 2465// 2451//
f 2451// 2465// 2467//
f 2451// 2467// 2450//
f 2450// 2467// 2469//
f 2450// 2469// 1526//
f 1526// 2469// 1543//
f 2460// 1547// 2469//
f 2469// 1547// 1545//
f 2469// 1545// 1543//
f 1551// 1549// 2459//
f 2459// 1549// 2460//
f 2459// 2460// 2488//
f 2488// 2460// 2468//
f 2488// 2468// 2489//
f 2489// 2468// 2466//
f 2489// 2466// 2490//
f 2490// 2466// 2464//
f 2490// 2464// 2491//
f 2491// 2464// 2462//
f 2491// 2462// 1647//
f 1647// 2462// 1648//
f 1555// 1553// 2492//
f 2492// 1553// 2459//
f 2492// 2459// 2493//
f 2493// 2459// 2488//
f 2493// 2488// 2494//
f 2494// 2488// 2489//
f 2494// 2489// 2495//
f 2495// 2489// 2490//
f 2495// 2490// 2496//
f 2496// 2490// 2491//
f 2496// 2491// 1645//
f 1645// 2491// 1647//
f 1645// 1644// 2496//
f 2496// 1644// 2470//
f 2496// 2470// 2495//
f 2495// 2470// 2472//
f 2495// 2472// 2494//
f 2494// 2472// 2474//
f 2494// 2474// 2493//
f 2493// 2474// 2476//
f 2493// 2476// 2492//
f 2492// 2476// 2478//
f 2492// 2478// 1555//
f 1555// 2478// 1557//
f 2458// 1561// 2478//
f 2478// 1561// 1559//
f 2478// 1559// 1557//
f 1565// 1563// 2457//
f 2457// 1563// 2458//
f 2457// 2458// 2497//
f 2497// 2458// 2477//
f 2497// 2477// 2498//
f 2498// 2477// 2475//
f 2498// 2475// 2499//
f 2499// 2475// 2473//
f 2499// 2473// 2500//
f 2500// 2473// 2471//
f 2500// 2471// 1640//
f 1640// 2471// 1642//
f 1569// 1567// 2501//
f 2501// 1567// 2457//
f 2501// 2457// 2502//
f 2502// 2457// 2497//
f 2502// 2497// 2503//
f 2503// 2497// 2498//
f 2503// 2498// 2504//
f 2504// 2498// 2499//
f 2504// 2499// 2505//
f 2505// 2499// 2500//
f 2505// 2500// 1651//
f 1651// 2500// 1640//
f 1651// 1650// 2505//
f 2505// 1650// 2479//
f 2505// 2479// 2504//
f 2504// 2479// 2481//
f 2504// 2481// 2503//
f 2503// 2481// 2483//
f 2503// 2483// 2502//
f 2502// 2483// 2485//
f 2502// 2485// 2501//
f 2501// 2485// 2487//
f 2501// 2487// 1569//
f 1569// 2487// 1571//
f 2456// 1575// 2487//
f 2487// 1575// 1573//
f 2487// 1573// 1571//
f 1649// 1633// 2480//
f 2480// 1633// 2506//
f 2480// 2506// 2482//
f 2482// 2506// 2507//
f 2482// 2507// 2484//
f 2484// 2507// 2508//
f 2484// 2508// 2486//
f 2486// 2508// 2509//
f 2486// 2509// 2456//
f 2456// 2509// 2455//
f 2456// 2455// 1577//
f 1577// 2455// 1579//
f 1583// 1581// 2510//
f 2510// 1581// 2455//
f 2510// 2455// 2511//
f 2511// 2455// 2509//
f 2511// 2509// 2512//
f 2512// 2509// 2508//
f 2512// 2508// 2513//
f 2513// 2508// 2507//
f 2513// 2507// 2514//
f 2514// 2507// 2506//
f 2514// 2506// 1634//
f 1634// 2506// 1633//
f 1634// 1636// 2514//
f 2514// 1636// 2515//
f 2514// 2515// 2513//
f 2513// 2515// 2516//
f 2513// 2516// 2512//
f 2512// 2516// 2517//
f 2512// 2517// 2511//
f 2511// 2517// 2518//
f 2511// 2518// 2510//
f 2510// 2518// 2519//
f 2510// 2519// 1583//
f 1583// 2519// 1585//
f 1652// 1585// 2519//
f 1652// 2519// 2520//
f 2520// 2519// 2518//
f 2520// 2518// 2521//
f 2521// 2518// 2517//
f 2521// 2517// 2522//
f 2522// 2517// 2516//
f 2522// 2516// 2523//
f 2523// 2516// 2515//
f 2523// 2515// 2524//
f 2524// 2515// 1636//
f 2524// 1636// 1658//
f 1761// 2525// 2526//
f 2525// 2527// 2528//
f 2527// 2529// 2530//
f 2529// 2531// 2532//
f 2533// 1660// 1662//
f 2531// 2533// 2534//
f 2534// 2533// 1662//
f 2534// 1662// 2535//
f 2535// 1662// 1664//
f 1670// 2536// 1668//
f 1668// 2536// 2535//
f 1668// 2535// 1666//
f 1666// 2535// 1664//
f 1672// 2537// 1670//
f 1670// 2537// 2538//
f 1670// 2538// 2536//
f 1678// 2539// 1676//
f 1676// 2539// 2537//
f 1676// 2537// 1674//
f 1674// 2537// 1672//
f 1680// 2540// 1678//
f 1678// 2540// 2541//
f 1678// 2541// 2539//
f 1680// 1682// 2540//
f 2540// 1682// 1652//
f 2540// 1652// 2520//
f 2531// 2534// 2532//
f 2532// 2534// 2535//
f 2532// 2535// 2542//
f 2542// 2535// 2536//
f 2542// 2536// 2543//
f 2543// 2536// 2538//
f 2543// 2538// 2544//
f 2544// 2538// 2537//
f 2544// 2537// 2545//
f 2545// 2537// 2539//
f 2545// 2539// 2546//
f 2546// 2539// 2541//
f 2546// 2541// 2547//
f 2547// 2541// 2540//
f 2547// 2540// 2548//
f 2548// 2540// 2520//
f 2548// 2520// 2521//
f 2529// 2532// 2530//
f 2530// 2532// 2542//
f 2530// 2542// 2549//
f 2549// 2542// 2543//
f 2549// 2543// 2550//
f 2550// 2543// 2544//
f 2550// 2544// 2551//
f 2551// 2544// 2545//
f 2551// 2545// 2552//
f 2552// 2545// 2546//
f 2552// 2546// 2553//
f 2553// 2546// 2547//
f 2553// 2547// 2554//
f 2554// 2547// 2548//
f 2554// 2548// 2555//
f 2555// 2548// 2521//
f 2555// 2521// 2522//
f 2527// 2530// 2528//
f 2528// 2530// 2549//
f 2528// 2549// 2556//
f 2556// 2549// 2550//
f 2556// 2550// 2557//
f 2557// 2550// 2551//
f 2557// 2551// 2558//
f 2558// 2551// 2552//
f 2558// 2552// 2559//
f 2559// 2552// 2553//
f 2559// 2553// 2560//
f 2560// 2553// 2554//
f 2560// 2554// 2561//
f 2561// 2554// 2555//
f 2561// 2555// 2562//
f 2562// 2555// 2522//
f 2562// 2522// 2523//
f 2525// 2528// 2526//
f 2526// 2528// 2556//
f 2526// 2556// 2563//
f 2563// 2556// 2557//
f 2563// 2557// 2564//
f 2564// 2557// 2558//
f 2564// 2558// 2565//
f 2565// 2558// 2559//
f 2565// 2559// 2566//
f 2566// 2559// 2560//
f 2566// 2560// 2567//
f 2567// 2560// 2561//
f 2567// 2561// 2568//
f 2568// 2561// 2562//
f 2568// 2562// 2569//
f 2569// 2562// 2523//
f 2569// 2523// 2524//
f 1761// 2526// 1763//
f 1763// 2526// 2563//
f 1763// 2563// 1771//
f 1771// 2563// 2564//
f 1771// 2564// 1768//
f 1768// 2564// 2565//
f 1768// 2565// 1766//
f 1766// 2565// 2566//
f 1766// 2566// 1756//
f 1756// 2566// 2567//
f 1756// 2567// 1754//
f 1754// 2567// 2568//
f 1754// 2568// 1752//
f 1752// 2568// 2569//
f 1752// 2569// 1757//
f 1757// 2569// 2524//
f 1757// 2524// 1658//
f 1761// 1774// 1789//
f 1761// 1789// 2525//
f 2525// 1789// 1788//
f 2525// 1788// 2527//
f 2527// 1788// 1787//
f 2527// 1787// 2529//
f 2529// 1787// 1796//
f 2529// 1796// 2531//
f 2531// 1796// 1799//
f 2531// 1799// 2533//
f 2533// 1799// 1776//
f 2533// 1776// 1660//
f 2570// 2571// 2572//
f 2572// 2571// 2573//
f 2574// 2575// 2576//
f 2576// 2575// 2577//
f 2578// 2579// 2580//
f 2580// 2579// 2581//
f 2582// 2583// 2584//
f 2584// 2583// 2585//
f 2571// 2570// 2586//
f 2586// 2570// 2587//
f 2586// 2587// 2588//
f 2588// 2587// 2589//
f 2588// 2589// 2590//
f 2590// 2589// 2591//
f 2590// 2591// 2592//
f 2592// 2591// 2593//
f 2592// 2593// 2594//
f 2594// 2593// 2595//
f 2594// 2595// 2596//
f 2596// 2595// 2597//
f 2596// 2597// 2598//
f 2598// 2597// 2599//
f 2598// 2599// 2600//
f 2600// 2599// 2601//
f 2600// 2601// 2602//
f 2602// 2601// 2603//
f 2602// 2603// 2604//
f 2604// 2603// 2605//
f 2604// 2605// 2606//
f 2606// 2605// 2607//
f 2606// 2607// 2608//
f 2608// 2607// 2609//
f 2608// 2609// 2610//
f 2610// 2609// 2611//
f 2610// 2611// 2612//
f 2612// 2611// 2613//
f 2612// 2613// 2614//
f 2614// 2613// 2615//
f 2614// 2615// 2616//
f 2616// 2615// 2617//
f 2616// 2617// 2618//
f 2618// 2617// 2619//
f 2618// 2619// 2620//
f 2620// 2619// 2621//
f 2620// 2621// 2622//
f 2622// 2621// 2623//
f 2622// 2623// 2624//
f 2624// 2623// 2625//
f 2624// 2625// 2626//
f 2626// 2625// 2627//
f 2626// 2627// 2628//
f 2628// 2627// 2629//
f 2630// 2631// 2632//
f 2632// 2631// 2633//
f 2634// 2635// 2636//
f 2636// 2635// 2637//
f 2636// 2637// 2633//
f 2633// 2637// 2638//
f 2633// 2638// 2632//
f 2639// 2640// 2641//
f 2642// 2643// 2634//
f 2634// 2643// 2644//
f 2634// 2644// 2635//
f 2641// 2640// 2645//
f 2645// 2640// 2575//
f 2645// 2575// 2574//
f 2641// 2646// 2639//
f 2639// 2646// 2647//
f 2639// 2647// 2648//
f 2648// 2647// 2649//
f 2648// 2649// 2642//
f 2642// 2649// 2650//
f 2642// 2650// 2643//
f 2651// 2652// 2653//
f 2653// 2652// 2654//
f 2653// 2654// 2655//
f 2655// 2654// 2656//
f 2655// 2656// 2657//
f 2657// 2656// 2658//
f 2657// 2658// 2659//
f 2659// 2658// 2660//
f 2659// 2660// 2661//
f 2661// 2660// 2662//
f 2661// 2662// 2663//
f 2663// 2662// 2664//
f 2663// 2664// 2665//
f 2665// 2664// 2666//
f 2665// 2666// 2667//
f 2667// 2666// 2668//
f 2667// 2668// 2669//
f 2669// 2668// 2670//
f 2669// 2670// 2671//
f 2671// 2670// 2672//
f 2671// 2672// 2673//
f 2673// 2672// 2674//
f 2673// 2674// 2581//
f 2581// 2674// 2580//
f 2675// 2676// 2677//
f 2677// 2676// 2678//
f 2678// 2676// 2679//
f 2678// 2679// 2680//
f 2584// 2585// 2681//
f 2681// 2585// 2682//
f 2683// 2684// 2685//
f 2685// 2684// 2686//
f 2685// 2686// 2687//
f 2686// 2688// 2687//
f 2687// 2688// 2689//
f 2687// 2689// 2690//
f 2690// 2689// 2691//
f 2690// 2691// 2682//
f 2682// 2691// 2692//
f 2682// 2692// 2681//
f 2677// 2693// 2675//
f 2675// 2693// 2694//
f 2675// 2694// 2683//
f 2683// 2694// 2695//
f 2683// 2695// 2684//
f 2696// 2697// 2629//
f 2629// 2697// 2628//
f 2698// 2699// 2630//
f 2630// 2699// 2631//
f 2652// 2651// 2700//
f 2700// 2651// 2701//
f 2680// 2679// 2702//
f 2702// 2679// 2703//
f 2697// 2696// 2704//
f 2704// 2696// 2705//
f 2704// 2705// 2706//
f 2706// 2705// 2707//
f 2706// 2707// 2708//
f 2708// 2707// 2709//
f 2708// 2709// 2710//
f 2710// 2709// 2711//
f 2710// 2711// 2712//
f 2712// 2711// 2713//
f 2712// 2713// 2714//
f 2714// 2713// 2715//
f 2714// 2715// 2716//
f 2716// 2715// 2717//
f 2716// 2717// 2718//
f 2718// 2717// 2719//
f 2718// 2719// 2720//
f 2720// 2719// 2721//
f 2720// 2721// 2722//
f 2722// 2721// 2723//
f 2722// 2723// 2724//
f 2724// 2723// 2725//
f 2724// 2725// 2726//
f 2726// 2725// 2727//
f 2699// 2698// 2728//
f 2728// 2698// 2729//
f 2730// 2731// 2732//
f 2732// 2731// 2733//
f 2733// 2731// 2734//
f 2733// 2734// 2735//
f 2732// 2736// 2730//
f 2730// 2736// 2737//
f 2730// 2737// 2738//
f 2738// 2737// 2739//
f 2738// 2739// 2729//
f 2729// 2739// 2740//
f 2729// 2740// 2728//
f 2735// 2734// 2741//
f 2741// 2734// 2742//
f 2741// 2742// 2743//
f 2743// 2742// 2744//
f 2743// 2744// 2745//
f 2745// 2744// 2746//
f 2746// 2744// 2747//
f 2746// 2747// 2748//
f 2748// 2747// 2749//
f 2748// 2749// 2750//
f 2700// 2701// 2751//
f 2751// 2701// 2752//
f 2751// 2752// 2753//
f 2753// 2752// 2754//
f 2753// 2754// 2755//
f 2755// 2754// 2756//
f 2755// 2756// 2757//
f 2757// 2756// 2758//
f 2757// 2758// 2759//
f 2759// 2758// 2760//
f 2759// 2760// 2761//
f 2761// 2760// 2762//
f 2761// 2762// 2763//
f 2763// 2762// 2764//
f 2763// 2764// 2765//
f 2765// 2764// 2766//
f 2765// 2766// 2767//
f 2767// 2766// 2768//
f 2767// 2768// 2769//
f 2769// 2768// 2770//
f 2769// 2770// 2771//
f 2771// 2770// 2772//
f 2771// 2772// 2773//
f 2773// 2772// 2774//
f 2773// 2774// 2775//
f 2775// 2774// 2776//
f 2775// 2776// 2777//
f 2777// 2776// 2778//
f 2777// 2778// 2779//
f 2779// 2778// 2780//
f 2779// 2780// 2781//
f 2781// 2780// 2782//
f 2781// 2782// 2783//
f 2783// 2782// 2784//
f 2783// 2784// 2785//
f 2785// 2784// 2786//
f 2785// 2786// 2787//
f 2787// 2786// 2788//
f 2787// 2788// 2789//
f 2789// 2788// 2790//
f 2789// 2790// 2791//
f 2791// 2790// 2792//
f 2791// 2792// 2793//
f 2793// 2792// 2794//
f 2702// 2703// 2795//
f 2796// 2797// 2798//
f 2798// 2797// 2799//
f 2798// 2799// 2800//
f 2702// 2795// 2801//
f 2801// 2795// 2802//
f 2801// 2802// 2796//
f 2796// 2802// 2803//
f 2796// 2803// 2797//
f 2804// 2805// 2806//
f 2806// 2805// 2807//
f 2799// 2808// 2800//
f 2800// 2808// 2809//
f 2800// 2809// 2810//
f 2810// 2809// 2811//
f 2810// 2811// 2812//
f 2811// 2813// 2812//
f 2812// 2813// 2814//
f 2812// 2814// 2815//
f 2815// 2814// 2816//
f 2815// 2816// 2807//
f 2807// 2816// 2817//
f 2807// 2817// 2806//
f 2805// 2804// 2818//
f 2818// 2804// 2819//
f 2820// 2821// 2727//
f 2727// 2821// 2726//
f 2822// 2823// 2749//
f 2749// 2823// 2750//
f 2793// 2794// 2824//
f 2824// 2794// 2825//
f 2826// 2827// 2828//
f 2828// 2827// 2829//
f 2821// 2820// 2818//
f 2830// 2819// 2831//
f 2831// 2832// 2830//
f 2830// 2832// 2833//
f 2830// 2833// 2834//
f 2830// 2824// 2819//
f 2819// 2824// 2823//
f 2819// 2823// 2818//
f 2818// 2823// 2822//
f 2818// 2822// 2821//
f 2835// 2836// 2837//
f 2824// 2825// 2823//
f 2823// 2825// 2838//
f 2823// 2838// 2839//
f 2839// 2840// 2823//
f 2823// 2840// 2841//
f 2823// 2841// 2842//
f 2843// 2844// 2845//
f 2820// 2846// 2818//
f 2818// 2846// 2835//
f 2818// 2835// 2847//
f 2847// 2835// 2837//
f 2822// 2848// 2821//
f 2821// 2848// 2843//
f 2821// 2843// 2849//
f 2849// 2843// 2845//
f 2750// 2823// 2842//
f 2750// 2842// 2850//
f 2850// 2842// 2841//
f 2850// 2841// 2851//
f 2851// 2841// 2840//
f 2851// 2840// 2852//
f 2852// 2840// 2839//
f 2852// 2839// 2853//
f 2853// 2839// 2838//
f 2853// 2838// 2854//
f 2854// 2838// 2825//
f 2854// 2825// 2794//
f 2790// 2788// 2855//
f 2780// 2778// 2856//
f 2776// 2774// 2857//
f 2768// 2766// 2858//
f 2758// 2756// 2859//
f 2754// 2752// 2860//
f 2737// 2736// 2861//
f 2861// 2736// 2862//
f 2861// 2862// 2863//
f 2863// 2862// 2864//
f 2863// 2864// 2865//
f 2865// 2864// 2866//
f 2865// 2866// 2867//
f 2867// 2866// 2868//
f 2867// 2868// 2869//
f 2869// 2868// 2858//
f 2745// 2746// 2870//
f 2870// 2746// 2871//
f 2870// 2871// 2872//
f 2872// 2871// 2873//
f 2872// 2873// 2874//
f 2874// 2873// 2875//
f 2874// 2875// 2876//
f 2876// 2875// 2877//
f 2876// 2877// 2878//
f 2878// 2877// 2855//
f 2699// 2728// 2879//
f 2879// 2728// 2880//
f 2879// 2880// 2881//
f 2881// 2880// 2882//
f 2881// 2882// 2883//
f 2883// 2882// 2884//
f 2883// 2884// 2885//
f 2885// 2884// 2886//
f 2885// 2886// 2887//
f 2887// 2886// 2860//
f 2887// 2860// 2701//
f 2701// 2860// 2752//
f 2728// 2740// 2880//
f 2880// 2740// 2888//
f 2880// 2888// 2882//
f 2882// 2888// 2889//
f 2882// 2889// 2884//
f 2884// 2889// 2890//
f 2884// 2890// 2886//
f 2886// 2890// 2891//
f 2886// 2891// 2860//
f 2860// 2891// 2859//
f 2860// 2859// 2754//
f 2754// 2859// 2756//
f 2760// 2758// 2892//
f 2892// 2758// 2859//
f 2892// 2859// 2893//
f 2893// 2859// 2891//
f 2893// 2891// 2894//
f 2894// 2891// 2890//
f 2894// 2890// 2895//
f 2895// 2890// 2889//
f 2895// 2889// 2896//
f 2896// 2889// 2888//
f 2896// 2888// 2739//
f 2739// 2888// 2740//
f 2739// 2737// 2896//
f 2896// 2737// 2861//
f 2896// 2861// 2895//
f 2895// 2861// 2863//
f 2895// 2863// 2894//
f 2894// 2863// 2865//
f 2894// 2865// 2893//
f 2893// 2865// 2867//
f 2893// 2867// 2892//
f 2892// 2867// 2869//
f 2892// 2869// 2760//
f 2760// 2869// 2762//
f 2858// 2766// 2869//
f 2869// 2766// 2764//
f 2869// 2764// 2762//
f 2770// 2768// 2897//
f 2897// 2768// 2858//
f 2897// 2858// 2898//
f 2898// 2858// 2868//
f 2898// 2868// 2899//
f 2899// 2868// 2866//
f 2899// 2866// 2900//
f 2900// 2866// 2864//
f 2900// 2864// 2901//
f 2901// 2864// 2862//
f 2901// 2862// 2732//
f 2732// 2862// 2736//
f 2732// 2733// 2901//
f 2901// 2733// 2902//
f 2901// 2902// 2900//
f 2900// 2902// 2903//
f 2900// 2903// 2899//
f 2899// 2903// 2904//
f 2899// 2904// 2898//
f 2898// 2904// 2905//
f 2898// 2905// 2897//
f 2897// 2905// 2906//
f 2897// 2906// 2770//
f 2770// 2906// 2772//
f 2733// 2735// 2902//
f 2902// 2735// 2907//
f 2902// 2907// 2903//
f 2903// 2907// 2908//
f 2903// 2908// 2904//
f 2904// 2908// 2909//
f 2904// 2909// 2905//
f 2905// 2909// 2910//
f 2905// 2910// 2906//
f 2906// 2910// 2857//
f 2906// 2857// 2772//
f 2772// 2857// 2774//
f 2735// 2741// 2907//
f 2907// 2741// 2911//
f 2907// 2911// 2908//
f 2908// 2911// 2912//
f 2908// 2912// 2909//
f 2909// 2912// 2913//
f 2909// 2913// 2910//
f 2910// 2913// 2914//
f 2910// 2914// 2857//
f 2857// 2914// 2856//
f 2857// 2856// 2776//
f 2776// 2856// 2778//
f 2782// 2780// 2915//
f 2915// 2780// 2856//
f 2915// 2856// 2916//
f 2916// 2856// 2914//
f 2916// 2914// 2917//
f 2917// 2914// 2913//
f 2917// 2913// 2918//
f 2918// 2913// 2912//
f 2918// 2912// 2919//
f 2919// 2912// 2911//
f 2919// 2911// 2743//
f 2743// 2911// 2741//
f 2743// 2745// 2919//
f 2919// 2745// 2870//
f 2919// 2870// 2918//
f 2918// 2870// 2872//
f 2918// 2872// 2917//
f 2917// 2872// 2874//
f 2917// 2874// 2916//
f 2916// 2874// 2876//
f 2916// 2876// 2915//
f 2915// 2876// 2878//
f 2915// 2878// 2782//
f 2782// 2878// 2784//
f 2855// 2788// 2878//
f 2878// 2788// 2786//
f 2878// 2786// 2784//
f 2792// 2790// 2920//
f 2920// 2790// 2855//
f 2920// 2855// 2921//
f 2921// 2855// 2877//
f 2921// 2877// 2922//
f 2922// 2877// 2875//
f 2922// 2875// 2923//
f 2923// 2875// 2873//
f 2923// 2873// 2924//
f 2924// 2873// 2871//
f 2924// 2871// 2748//
f 2748// 2871// 2746//
f 2748// 2750// 2924//
f 2924// 2750// 2850//
f 2924// 2850// 2923//
f 2923// 2850// 2851//
f 2923// 2851// 2922//
f 2922// 2851// 2852//
f 2922// 2852// 2921//
f 2921// 2852// 2853//
f 2921// 2853// 2920//
f 2920// 2853// 2854//
f 2920// 2854// 2792//
f 2792// 2854// 2794//
f 2793// 2824// 2830//
f 2793// 2830// 2925//
f 2925// 2830// 2834//
f 2925// 2834// 2926//
f 2926// 2834// 2833//
f 2926// 2833// 2927//
f 2927// 2833// 2832//
f 2927// 2832// 2928//
f 2928// 2832// 2831//
f 2928// 2831// 2929//
f 2929// 2831// 2819//
f 2929// 2819// 2804//
f 2701// 2651// 2930//
f 2701// 2930// 2887//
f 2887// 2930// 2931//
f 2887// 2931// 2885//
f 2885// 2931// 2932//
f 2885// 2932// 2883//
f 2883// 2932// 2933//
f 2883// 2933// 2881//
f 2881// 2933// 2934//
f 2881// 2934// 2879//
f 2879// 2934// 2631//
f 2879// 2631// 2699//
f 2726// 2821// 2849//
f 2726// 2849// 2935//
f 2935// 2849// 2845//
f 2935// 2845// 2936//
f 2936// 2845// 2844//
f 2936// 2844// 2937//
f 2937// 2844// 2843//
f 2937// 2843// 2938//
f 2938// 2843// 2848//
f 2938// 2848// 2939//
f 2939// 2848// 2822//
f 2939// 2822// 2749//
f 2753// 2755// 2940//
f 2763// 2765// 2941//
f 2767// 2769// 2942//
f 2775// 2777// 2943//
f 2785// 2787// 2944//
f 2789// 2791// 2945//
f 2814// 2813// 2946//
f 2946// 2813// 2947//
f 2946// 2947// 2948//
f 2948// 2947// 2949//
f 2948// 2949// 2950//
f 2950// 2949// 2951//
f 2950// 2951// 2952//
f 2952// 2951// 2953//
f 2952// 2953// 2954//
f 2954// 2953// 2943//
f 2803// 2802// 2955//
f 2955// 2802// 2956//
f 2955// 2956// 2957//
f 2957// 2956// 2958//
f 2957// 2958// 2959//
f 2959// 2958// 2960//
f 2959// 2960// 2961//
f 2961// 2960// 2962//
f 2961// 2962// 2963//
f 2963// 2962// 2940//
f 2804// 2806// 2929//
f 2929// 2806// 2964//
f 2929// 2964// 2928//
f 2928// 2964// 2965//
f 2928// 2965// 2927//
f 2927// 2965// 2966//
f 2927// 2966// 2926//
f 2926// 2966// 2967//
f 2926// 2967// 2925//
f 2925// 2967// 2945//
f 2925// 2945// 2793//
f 2793// 2945// 2791//
f 2806// 2817// 2964//
f 2964// 2817// 2968//
f 2964// 2968// 2965//
f 2965// 2968// 2969//
f 2965// 2969// 2966//
f 2966// 2969// 2970//
f 2966// 2970// 2967//
f 2967// 2970// 2971//
f 2967// 2971// 2945//
f 2945// 2971// 2944//
f 2945// 2944// 2789//
f 2789// 2944// 2787//
f 2783// 2785// 2972//
f 2972// 2785// 2944//
f 2972// 2944// 2973//
f 2973// 2944// 2971//
f 2973// 2971// 2974//
f 2974// 2971// 2970//
f 2974// 2970// 2975//
f 2975// 2970// 2969//
f 2975// 2969// 2976//
f 2976// 2969// 2968//
f 2976// 2968// 2816//
f 2816// 2968// 2817//
f 2816// 2814// 2976//
f 2976// 2814// 2946//
f 2976// 2946// 2975//
f 2975// 2946// 2948//
f 2975// 2948// 2974//
f 2974// 2948// 2950//
f 2974// 2950// 2973//
f 2973// 2950// 2952//
f 2973// 2952// 2972//
f 2972// 2952// 2954//
f 2972// 2954// 2783//
f 2783// 2954// 2781//
f 2943// 2777// 2954//
f 2954// 2777// 2779//
f 2954// 2779// 2781//
f 2773// 2775// 2977//
f 2977// 2775// 2943//
f 2977// 2943// 2978//
f 2978// 2943// 2953//
f 2978// 2953// 2979//
f 2979// 2953// 2951//
f 2979// 2951// 2980//
f 2980// 2951// 2949//
f 2980// 2949// 2981//
f 2981// 2949// 2947//
f 2981// 2947// 2811//
f 2811// 2947// 2813//
f 2811// 2809// 2981//
f 2981// 2809// 2982//
f 2981// 2982// 2980//
f 2980// 2982// 2983//
f 2980// 2983// 2979//
f 2979// 2983// 2984//
f 2979// 2984// 2978//
f 2978// 2984// 2985//
f 2978// 2985// 2977//
f 2977// 2985// 2986//
f 2977// 2986// 2773//
f 2773// 2986// 2771//
f 2809// 2808// 2982//
f 2982// 2808// 2987//
f 2982// 2987// 2983//
f 2983// 2987// 2988//
f 2983// 2988// 2984//
f 2984// 2988// 2989//
f 2984// 2989// 2985//
f 2985// 2989// 2990//
f 2985// 2990// 2986//
f 2986// 2990// 2942//
f 2986// 2942// 2771//
f 2771// 2942// 2769//
f 2808// 2799// 2987//
f 2987// 2799// 2991//
f 2987// 2991// 2988//
f 2988// 2991// 2992//
f 2988// 2992// 2989//
f 2989// 2992// 2993//
f 2989// 2993// 2990//
f 2990// 2993// 2994//
f 2990// 2994// 2942//
f 2942// 2994// 2941//
f 2942// 2941// 2767//
f 2767// 2941// 2765//
f 2761// 2763// 2995//
f 2995// 2763// 2941//
f 2995// 2941// 2996//
f 2996// 2941// 2994//
f 2996// 2994// 2997//
f 2997// 2994// 2993//
f 2997// 2993// 2998//
f 2998// 2993// 2992//
f 2998// 2992// 2999//
f 2999// 2992// 2991//
f 2999// 2991// 2797//
f 2797// 2991// 2799//
f 2797// 2803// 2999//
f 2999// 2803// 2955//
f 2999// 2955// 2998//
f 2998// 2955// 2957//
f 2998// 2957// 2997//
f 2997// 2957// 2959//
f 2997// 2959// 2996//
f 2996// 2959// 2961//
f 2996// 2961// 2995//
f 2995// 2961// 2963//
f 2995// 2963// 2761//
f 2761// 2963// 2759//
f 2940// 2755// 2963//
f 2963// 2755// 2757//
f 2963// 2757// 2759//
f 2751// 2753// 3000//
f 3000// 2753// 2940//
f 3000// 2940// 3001//
f 3001// 2940// 2962//
f 3001// 2962// 3002//
f 3002// 2962// 2960//
f 3002// 2960// 3003//
f 3003// 2960// 2958//
f 3003// 2958// 3004//
f 3004// 2958// 2956//
f 3004// 2956// 2795//
f 2795// 2956// 2802//
f 2795// 2703// 3004//
f 3004// 2703// 3005//
f 3004// 3005// 3003//
f 3003// 3005// 3006//
f 3003// 3006// 3002//
f 3002// 3006// 3007//
f 3002// 3007// 3001//
f 3001// 3007// 3008//
f 3001// 3008// 3000//
f 3000// 3008// 3009//
f 3000// 3009// 2751//
f 2751// 3009// 2700//
f 2631// 2934// 3010//
f 2934// 2933// 3011//
f 2933// 2932// 3012//
f 2932// 2931// 3013//
f 2931// 2930// 3014//
f 2659// 3015// 2657//
f 2657// 3015// 3016//
f 2657// 3016// 2655//
f 2655// 3016// 3014//
f 2655// 3014// 2653//
f 2653// 3014// 2930//
f 2653// 2930// 2651//
f 2659// 2661// 3015//
f 3015// 2661// 2663//
f 3015// 2663// 3017//
f 3017// 2663// 2665//
f 3017// 2665// 3018//
f 3018// 2665// 2667//
f 3018// 2667// 3019//
f 3019// 2667// 2669//
f 3019// 2669// 3020//
f 3020// 2669// 2671//
f 2671// 2673// 3020//
f 3020// 2673// 2581//
f 3020// 2581// 3021//
f 2931// 3014// 3013//
f 3013// 3014// 3016//
f 3013// 3016// 3022//
f 3022// 3016// 3015//
f 3022// 3015// 3023//
f 3023// 3015// 3017//
f 3023// 3017// 3024//
f 3024// 3017// 3018//
f 3024// 3018// 3025//
f 3025// 3018// 3019//
f 3025// 3019// 3026//
f 3026// 3019// 3020//
f 3026// 3020// 3027//
f 3027// 3020// 3021//
f 3027// 3021// 3028//
f 2932// 3013// 3012//
f 3012// 3013// 3022//
f 3012// 3022// 3029//
f 3029// 3022// 3023//
f 3029// 3023// 3030//
f 3030// 3023// 3024//
f 3030// 3024// 3031//
f 3031// 3024// 3025//
f 3031// 3025// 3032//
f 3032// 3025// 3026//
f 3032// 3026// 3033//
f 3033// 3026// 3027//
f 3033// 3027// 3034//
f 3034// 3027// 3028//
f 3034// 3028// 3035//
f 2933// 3012// 3011//
f 3011// 3012// 3029//
f 3011// 3029// 3036//
f 3036// 3029// 3030//
f 3036// 3030// 3037//
f 3037// 3030// 3031//
f 3037// 3031// 3038//
f 3038// 3031// 3032//
f 3038// 3032// 3039//
f 3039// 3032// 3033//
f 3039// 3033// 3040//
f 3040// 3033// 3034//
f 3040// 3034// 3041//
f 3041// 3034// 3035//
f 3041// 3035// 3042//
f 2934// 3011// 3010//
f 3010// 3011// 3036//
f 3010// 3036// 3043//
f 3043// 3036// 3037//
f 3043// 3037// 3044//
f 3044// 3037// 3038//
f 3044// 3038// 3045//
f 3045// 3038// 3039//
f 3045// 3039// 3046//
f 3046// 3039// 3040//
f 3046// 3040// 3047//
f 3047// 3040// 3041//
f 3047// 3041// 3048//
f 3048// 3041// 3042//
f 3048// 3042// 3049//
f 2631// 3010// 2633//
f 2633// 3010// 3043//
f 2633// 3043// 2636//
f 2636// 3043// 3044//
f 2636// 3044// 2634//
f 2634// 3044// 3045//
f 2634// 3045// 2642//
f 2642// 3045// 3046//
f 2642// 3046// 2648//
f 2648// 3046// 3047//
f 2648// 3047// 2639//
f 2639// 3047// 3048//
f 2639// 3048// 2640//
f 2640// 3048// 3049//
f 2640// 3049// 2575//
f 2698// 3050// 3051//
f 3050// 3052// 3053//
f 3052// 3054// 3055//
f 3054// 3056// 3057//
f 3056// 3058// 3059//
f 3058// 2697// 2704//
f 3058// 2704// 3059//
f 3059// 2704// 2706//
f 3059// 2706// 3060//
f 2712// 3061// 2710//
f 2710// 3061// 3060//
f 2710// 3060// 2708//
f 2708// 3060// 2706//
f 2714// 3062// 2712//
f 2712// 3062// 3063//
f 2712// 3063// 3061//
f 2714// 2716// 3062//
f 3062// 2716// 2718//
f 3062// 2718// 3064//
f 3064// 2718// 2720//
f 3064// 2720// 3065//
f 3065// 2720// 2722//
f 3065// 2722// 3066//
f 2722// 2724// 3066//
f 3066// 2724// 2726//
f 3066// 2726// 2935//
f 3056// 3059// 3057//
f 3057// 3059// 3060//
f 3057// 3060// 3067//
f 3067// 3060// 3061//
f 3067// 3061// 3068//
f 3068// 3061// 3063//
f 3068// 3063// 3069//
f 3069// 3063// 3062//
f 3069// 3062// 3070//
f 3070// 3062// 3064//
f 3070// 3064// 3071//
f 3071// 3064// 3065//
f 3071// 3065// 3072//
f 3072// 3065// 3066//
f 3072// 3066// 3073//
f 3073// 3066// 2935//
f 3073// 2935// 2936//
f 3054// 3057// 3055//
f 3055// 3057// 3067//
f 3055// 3067// 3074//
f 3074// 3067// 3068//
f 3074// 3068// 3075//
f 3075// 3068// 3069//
f 3075// 3069// 3076//
f 3076// 3069// 3070//
f 3076// 3070// 3077//
f 3077// 3070// 3071//
f 3077// 3071// 3078//
f 3078// 3071// 3072//
f 3078// 3072// 3079//
f 3079// 3072// 3073//
f 3079// 3073// 3080//
f 3080// 3073// 2936//
f 3080// 2936// 2937//
f 3052// 3055// 3053//
f 3053// 3055// 3074//
f 3053// 3074// 3081//
f 3081// 3074// 3075//
f 3081// 3075// 3082//
f 3082// 3075// 3076//
f 3082// 3076// 3083//
f 3083// 3076// 3077//
f 3083// 3077// 3084//
f 3084// 3077// 3078//
f 3084// 3078// 3085//
f 3085// 3078// 3079//
f 3085// 3079// 3086//
f 3086// 3079// 3080//
f 3086// 3080// 3087//
f 3087// 3080// 2937//
f 3087// 2937// 2938//
f 3050// 3053// 3051//
f 3051// 3053// 3081//
f 3051// 3081// 3088//
f 3088// 3081// 3082//
f 3088// 3082// 3089//
f 3089// 3082// 3083//
f 3089// 3083// 3090//
f 3090// 3083// 3084//
f 3090// 3084// 3091//
f 3091// 3084// 3085//
f 3091// 3085// 3092//
f 3092// 3085// 3086//
f 3092// 3086// 3093//
f 3093// 3086// 3087//
f 3093// 3087// 3094//
f 3094// 3087// 2938//
f 3094// 2938// 2939//
f 2698// 3051// 2729//
f 2729// 3051// 3088//
f 2729// 3088// 2738//
f 2738// 3088// 3089//
f 2738// 3089// 2730//
f 2730// 3089// 3090//
f 2730// 3090// 2731//
f 2731// 3090// 3091//
f 2731// 3091// 2734//
f 2734// 3091// 3092//
f 2734// 3092// 2742//
f 2742// 3092// 3093//
f 2742// 3093// 2744//
f 2744// 3093// 3094//
f 2744// 3094// 2747//
f 2747// 3094// 2939//
f 2747// 2939// 2749//
f 2703// 2679// 3095//
f 2703// 3095// 3005//
f 3005// 3095// 3096//
f 3005// 3096// 3006//
f 3006// 3096// 3097//
f 3006// 3097// 3007//
f 3007// 3097// 3098//
f 3007// 3098// 3008//
f 3008// 3098// 3099//
f 3008// 3099// 3009//
f 3009// 3099// 2652//
f 3009// 2652// 2700//
f 2581// 2579// 3100//
f 3101// 3021// 3102//
f 3102// 3021// 2581//
f 3102// 2581// 3103//
f 3103// 2581// 3100//
f 3101// 3104// 3021//
f 3021// 3104// 3105//
f 3021// 3105// 3028//
f 3105// 3106// 3028//
f 3028// 3106// 3107//
f 3028// 3107// 3108//
f 3108// 3109// 3028//
f 3028// 3109// 3110//
f 3028// 3110// 3035//
f 3110// 3111// 3035//
f 3035// 3111// 3112//
f 3035// 3112// 3042//
f 3112// 3113// 3042//
f 3042// 3113// 3114//
f 3042// 3114// 3049//
f 2577// 2575// 3115//
f 3115// 2575// 3049//
f 3115// 3049// 3116//
f 3116// 3049// 3114//
f 2698// 2630// 3117//
f 2698// 3117// 3050//
f 3050// 3117// 3118//
f 3050// 3118// 3052//
f 3052// 3118// 3119//
f 3052// 3119// 3054//
f 3054// 3119// 3120//
f 3054// 3120// 3056//
f 3056// 3120// 3121//
f 3056// 3121// 3058//
f 3058// 3121// 2628//
f 3058// 2628// 2697//
f 2585// 3122// 3123//
f 3122// 3124// 3125//
f 3124// 3126// 3127//
f 3126// 3128// 3129//
f 3128// 3130// 3131//
f 2668// 3132// 2670//
f 2670// 3132// 3133//
f 2670// 3133// 2672//
f 2672// 3133// 3131//
f 2672// 3131// 2674//
f 2674// 3131// 3130//
f 2674// 3130// 2580//
f 2668// 2666// 3132//
f 3132// 2666// 2664//
f 3132// 2664// 3134//
f 3134// 2664// 2662//
f 3134// 2662// 3135//
f 3135// 2662// 2660//
f 3135// 2660// 3136//
f 3136// 2660// 2658//
f 3136// 2658// 3137//
f 3137// 2658// 2656//
f 2656// 2654// 3137//
f 3137// 2654// 2652//
f 3137// 2652// 3099//
f 3128// 3131// 3129//
f 3129// 3131// 3133//
f 3129// 3133// 3138//
f 3138// 3133// 3132//
f 3138// 3132// 3139//
f 3139// 3132// 3134//
f 3139// 3134// 3140//
f 3140// 3134// 3135//
f 3140// 3135// 3141//
f 3141// 3135// 3136//
f 3141// 3136// 3142//
f 3142// 3136// 3137//
f 3142// 3137// 3143//
f 3143// 3137// 3099//
f 3143// 3099// 3098//
f 3126// 3129// 3127//
f 3127// 3129// 3138//
f 3127// 3138// 3144//
f 3144// 3138// 3139//
f 3144// 3139// 3145//
f 3145// 3139// 3140//
f 3145// 3140// 3146//
f 3146// 3140// 3141//
f 3146// 3141// 3147//
f 3147// 3141// 3142//
f 3147// 3142// 3148//
f 3148// 3142// 3143//
f 3148// 3143// 3149//
f 3149// 3143// 3098//
f 3149// 3098// 3097//
f 3124// 3127// 3125//
f 3125// 3127// 3144//
f 3125// 3144// 3150//
f 3150// 3144// 3145//
f 3150// 3145// 3151//
f 3151// 3145// 3146//
f 3151// 3146// 3152//
f 3152// 3146// 3147//
f 3152// 3147// 3153//
f 3153// 3147// 3148//
f 3153// 3148// 3154//
f 3154// 3148// 3149//
f 3154// 3149// 3155//
f 3155// 3149// 3097//
f 3155// 3097// 3096//
f 3122// 3125// 3123//
f 3123// 3125// 3150//
f 3123// 3150// 3156//
f 3156// 3150// 3151//
f 3156// 3151// 3157//
f 3157// 3151// 3152//
f 3157// 3152// 3158//
f 3158// 3152// 3153//
f 3158// 3153// 3159//
f 3159// 3153// 3154//
f 3159// 3154// 3160//
f 3160// 3154// 3155//
f 3160// 3155// 3161//
f 3161// 3155// 3096//
f 3161// 3096// 3095//
f 2585// 3123// 2682//
f 2682// 3123// 3156//
f 2682// 3156// 2690//
f 2690// 3156// 3157//
f 2690// 3157// 2687//
f 2687// 3157// 3158//
f 2687// 3158// 2685//
f 2685// 3158// 3159//
f 2685// 3159// 2683//
f 2683// 3159// 3160//
f 2683// 3160// 2675//
f 2675// 3160// 3161//
f 2675// 3161// 2676//
f 2676// 3161// 3095//
f 2676// 3095// 2679//
f 3116// 3114// 3162//
f 3113// 3112// 3163//
f 3107// 3106// 3164//
f 3164// 3101// 3165//
f 3165// 3101// 3102//
f 3165// 3102// 3166//
f 3166// 3102// 3103//
f 3166// 3103// 3167//
f 3167// 3103// 3100//
f 3167// 3100// 3168//
f 3168// 3100// 2579//
f 3106// 3105// 3164//
f 3164// 3105// 3104//
f 3164// 3104// 3101//
f 3111// 3110// 3169//
f 3169// 3110// 3109//
f 3113// 3163// 3114//
f 3170// 3115// 3116//
f 2577// 3115// 3171//
f 3171// 3115// 3170//
f 3171// 3170// 3172//
f 3172// 3170// 3173//
f 3172// 3173// 3174//
f 3174// 3173// 3175//
f 3175// 3173// 3176//
f 3175// 3176// 3177//
f 3177// 3176// 3178//
f 3178// 3176// 3179//
f 3178// 3179// 3180//
f 3180// 3179// 3181//
f 3181// 3179// 3182//
f 3181// 3182// 3183//
f 3183// 3182// 3184//
f 3184// 3182// 3185//
f 3184// 3185// 3186//
f 3186// 3185// 3187//
f 3186// 3187// 2828//
f 3108// 3107// 3188//
f 3188// 3107// 3164//
f 3188// 3164// 3189//
f 3189// 3164// 3165//
f 3189// 3165// 3190//
f 3190// 3165// 3166//
f 3190// 3166// 3191//
f 3191// 3166// 3167//
f 3191// 3167// 3192//
f 3192// 3167// 3168//
f 3192// 3168// 3193//
f 2579// 3194// 3168//
f 3168// 3194// 3195//
f 3168// 3195// 3193//
f 3193// 3195// 3196//
f 3193// 3196// 3197//
f 3197// 3198// 3193//
f 3193// 3198// 3199//
f 3193// 3199// 3192//
f 3192// 3199// 3200//
f 3192// 3200// 3191//
f 3191// 3200// 3201//
f 3191// 3201// 3190//
f 3190// 3201// 3202//
f 3190// 3202// 3189//
f 3189// 3202// 3169//
f 3189// 3169// 3188//
f 3188// 3169// 3109//
f 3188// 3109// 3108//
f 3197// 3203// 3198//
f 3198// 3203// 3204//
f 3198// 3204// 3205//
f 3205// 3206// 3198//
f 3198// 3206// 3207//
f 3198// 3207// 3199//
f 3199// 3207// 3208//
f 3199// 3208// 3200//
f 3200// 3208// 3209//
f 3200// 3209// 3201//
f 3201// 3209// 3210//
f 3201// 3210// 3202//
f 3202// 3210// 3163//
f 3202// 3163// 3169//
f 3169// 3163// 3112//
f 3169// 3112// 3111//
f 3114// 3163// 3162//
f 3162// 3163// 3210//
f 3162// 3210// 3211//
f 3211// 3210// 3209//
f 3211// 3209// 3212//
f 3212// 3209// 3208//
f 3212// 3208// 3213//
f 3213// 3208// 3207//
f 3213// 3207// 3214//
f 3214// 3207// 3206//
f 3214// 3206// 3215//
f 3205// 3216// 3206//
f 3206// 3216// 3217//
f 3206// 3217// 3215//
f 3215// 3217// 3218//
f 3215// 3218// 3219//
f 3116// 3162// 3170//
f 3170// 3162// 3211//
f 3170// 3211// 3173//
f 3173// 3211// 3212//
f 3173// 3212// 3176//
f 3176// 3212// 3213//
f 3176// 3213// 3179//
f 3179// 3213// 3214//
f 3179// 3214// 3182//
f 3182// 3214// 3215//
f 3182// 3215// 3185//
f 3185// 3215// 3219//
f 3185// 3219// 3187//
f 2588// 2590// 3220//
f 2592// 2594// 3221//
f 2602// 2604// 3222//
f 2606// 2608// 3223//
f 2616// 2618// 3224//
f 2620// 2622// 3225//
f 2632// 2638// 3226//
f 3226// 2638// 3227//
f 3226// 3227// 3228//
f 3228// 3227// 3229//
f 3228// 3229// 3230//
f 3230// 3229// 3231//
f 3230// 3231// 3232//
f 3232// 3231// 3233//
f 3232// 3233// 3234//
f 3234// 3233// 3225//
f 2644// 2643// 3235//
f 3235// 2643// 3236//
f 3235// 3236// 3237//
f 3237// 3236// 3238//
f 3237// 3238// 3239//
f 3239// 3238// 3240//
f 3239// 3240// 3241//
f 3241// 3240// 3242//
f 3241// 3242// 3243//
f 3243// 3242// 3223//
f 2647// 2646// 3244//
f 3244// 2646// 3245//
f 3244// 3245// 3246//
f 3246// 3245// 3247//
f 3246// 3247// 3248//
f 3248// 3247// 3249//
f 3248// 3249// 3250//
f 3250// 3249// 3251//
f 3250// 3251// 3252//
f 3252// 3251// 3221//
f 2630// 2632// 3117//
f 3117// 2632// 3226//
f 3117// 3226// 3118//
f 3118// 3226// 3228//
f 3118// 3228// 3119//
f 3119// 3228// 3230//
f 3119// 3230// 3120//
f 3120// 3230// 3232//
f 3120// 3232// 3121//
f 3121// 3232// 3234//
f 3121// 3234// 2628//
f 2628// 3234// 2626//
f 3225// 2622// 3234//
f 3234// 2622// 2624//
f 3234// 2624// 2626//
f 2618// 2620// 3224//
f 3224// 2620// 3225//
f 3224// 3225// 3253//
f 3253// 3225// 3233//
f 3253// 3233// 3254//
f 3254// 3233// 3231//
f 3254// 3231// 3255//
f 3255// 3231// 3229//
f 3255// 3229// 3256//
f 3256// 3229// 3227//
f 3256// 3227// 2637//
f 2637// 3227// 2638//
f 2614// 2616// 3257//
f 3257// 2616// 3224//
f 3257// 3224// 3258//
f 3258// 3224// 3253//
f 3258// 3253// 3259//
f 3259// 3253// 3254//
f 3259// 3254// 3260//
f 3260// 3254// 3255//
f 3260// 3255// 3261//
f 3261// 3255// 3256//
f 3261// 3256// 2635//
f 2635// 3256// 2637//
f 2635// 2644// 3261//
f 3261// 2644// 3235//
f 3261// 3235// 3260//
f 3260// 3235// 3237//
f 3260// 3237// 3259//
f 3259// 3237// 3239//
f 3259// 3239// 3258//
f 3258// 3239// 3241//
f 3258// 3241// 3257//
f 3257// 3241// 3243//
f 3257// 3243// 2614//
f 2614// 3243// 2612//
f 3223// 2608// 3243//
f 3243// 2608// 2610//
f 3243// 2610// 2612//
f 2643// 2650// 3236//
f 3236// 2650// 3262//
f 3236// 3262// 3238//
f 3238// 3262// 3263//
f 3238// 3263// 3240//
f 3240// 3263// 3264//
f 3240// 3264// 3242//
f 3242// 3264// 3265//
f 3242// 3265// 3223//
f 3223// 3265// 3222//
f 3223// 3222// 2606//
f 2606// 3222// 2604//
f 2600// 2602// 3266//
f 3266// 2602// 3222//
f 3266// 3222// 3267//
f 3267// 3222// 3265//
f 3267// 3265// 3268//
f 3268// 3265// 3264//
f 3268// 3264// 3269//
f 3269// 3264// 3263//
f 3269// 3263// 3270//
f 3270// 3263// 3262//
f 3270// 3262// 2649//
f 2649// 3262// 2650//
f 2649// 2647// 3270//
f 3270// 2647// 3244//
f 3270// 3244// 3269//
f 3269// 3244// 3246//
f 3269// 3246// 3268//
f 3268// 3246// 3248//
f 3268// 3248// 3267//
f 3267// 3248// 3250//
f 3267// 3250// 3266//
f 3266// 3250// 3252//
f 3266// 3252// 2600//
f 2600// 3252// 2598//
f 3221// 2594// 3252//
f 3252// 2594// 2596//
f 3252// 2596// 2598//
f 2646// 2641// 3245//
f 3245// 2641// 3271//
f 3245// 3271// 3247//
f 3247// 3271// 3272//
f 3247// 3272// 3249//
f 3249// 3272// 3273//
f 3249// 3273// 3251//
f 3251// 3273// 3274//
f 3251// 3274// 3221//
f 3221// 3274// 3220//
f 3221// 3220// 2592//
f 2592// 3220// 2590//
f 2586// 2588// 3275//
f 3275// 2588// 3220//
f 3275// 3220// 3276//
f 3276// 3220// 3274//
f 3276// 3274// 3277//
f 3277// 3274// 3273//
f 3277// 3273// 3278//
f 3278// 3273// 3272//
f 3278// 3272// 3279//
f 3279// 3272// 3271//
f 3279// 3271// 2645//
f 2645// 3271// 2641//
f 2645// 2574// 3279//
f 3279// 2574// 3280//
f 3279// 3280// 3278//
f 3278// 3280// 3281//
f 3278// 3281// 3277//
f 3277// 3281// 3282//
f 3277// 3282// 3276//
f 3276// 3282// 3283//
f 3276// 3283// 3275//
f 3275// 3283// 3284//
f 3275// 3284// 2586//
f 2586// 3284// 2571//
f 2583// 3285// 2585//
f 2585// 3285// 3122//
f 3285// 3286// 3122//
f 3122// 3286// 3287//
f 3122// 3287// 3124//
f 3287// 3288// 3124//
f 3124// 3288// 3289//
f 3124// 3289// 3126//
f 3289// 3290// 3126//
f 3126// 3290// 3291//
f 3126// 3291// 3128//
f 3292// 3293// 2580//
f 3291// 3294// 3128//
f 3128// 3294// 3295//
f 3128// 3295// 3130//
f 3130// 3295// 3296//
f 3130// 3296// 2580//
f 2580// 3296// 3297//
f 2580// 3297// 3292//
f 3293// 3298// 2580//
f 2580// 3298// 3299//
f 2580// 3299// 2578//
f 2579// 2578// 3194//
f 3194// 2578// 3300//
f 3194// 3300// 3195//
f 3195// 3300// 3301//
f 3195// 3301// 3196//
f 3196// 3301// 3302//
f 3196// 3302// 3197//
f 3197// 3302// 3303//
f 3197// 3303// 3203//
f 3203// 3303// 3304//
f 3203// 3304// 3204//
f 3204// 3304// 3305//
f 3204// 3305// 3306//
f 2826// 2828// 3307//
f 3307// 2828// 3187//
f 3307// 3187// 3308//
f 3308// 3187// 3219//
f 3308// 3219// 3309//
f 3309// 3219// 3218//
f 3309// 3218// 3310//
f 3310// 3218// 3217//
f 3310// 3217// 3311//
f 3311// 3217// 3216//
f 3311// 3216// 3306//
f 3306// 3216// 3205//
f 3306// 3205// 3204//
f 2577// 3171// 2576//
f 2576// 3171// 3312//
f 3171// 3172// 3312//
f 3312// 3172// 3174//
f 3312// 3174// 3313//
f 3313// 3174// 3175//
f 3313// 3175// 3314//
f 3314// 3175// 3177//
f 3314// 3177// 3315//
f 3177// 3178// 3315//
f 3315// 3178// 3180//
f 3315// 3180// 3316//
f 3316// 3180// 3181//
f 3316// 3181// 3317//
f 3317// 3181// 3183//
f 3317// 3183// 3318//
f 3318// 3183// 3184//
f 3318// 3184// 2829//
f 2829// 3184// 3186//
f 2829// 3186// 2828//
f 2576// 3319// 2574//
f 2574// 3319// 3280//
f 3319// 3320// 3280//
f 3280// 3320// 3321//
f 3280// 3321// 3281//
f 3321// 3322// 3281//
f 3281// 3322// 3323//
f 3281// 3323// 3282//
f 3323// 3324// 3282//
f 3282// 3324// 3325//
f 3282// 3325// 3283//
f 3326// 3284// 3327//
f 3327// 3284// 3283//
f 3327// 3283// 3328//
f 3328// 3283// 3325//
f 3326// 3329// 3284//
f 3284// 3329// 3330//
f 3284// 3330// 3331//
f 3331// 3332// 3284//
f 3284// 3332// 3333//
f 3284// 3333// 2571//
f 2571// 3333// 3334//
f 2571// 3334// 2573//
f 3335// 3336// 3337//
f 3338// 3339// 3340//
f 3341// 3342// 2826//
f 2583// 3343// 3285//
f 3285// 3343// 3344//
f 3285// 3344// 3286//
f 3286// 3344// 3345//
f 3286// 3345// 3287//
f 3287// 3345// 3288//
f 3288// 3345// 3346//
f 3288// 3346// 3289//
f 3289// 3346// 3290//
f 3290// 3346// 3347//
f 3290// 3347// 3291//
f 3291// 3347// 3348//
f 3291// 3348// 3294//
f 3294// 3348// 3349//
f 3294// 3349// 3295//
f 3295// 3349// 3350//
f 3295// 3350// 3296//
f 3351// 3352// 3353//
f 3300// 3354// 3301//
f 3301// 3354// 3355//
f 3301// 3355// 3302//
f 3302// 3355// 3303//
f 3303// 3355// 3356//
f 3303// 3356// 3304//
f 3357// 3306// 3356//
f 3356// 3306// 3305//
f 3356// 3305// 3304//
f 3358// 3310// 3357//
f 3357// 3310// 3311//
f 3357// 3311// 3306//
f 2826// 3307// 3341//
f 3341// 3307// 3308//
f 3341// 3308// 3358//
f 3358// 3308// 3309//
f 3358// 3309// 3310//
f 3354// 3359// 3355//
f 3355// 3359// 3360//
f 3355// 3360// 3356//
f 3356// 3360// 3361//
f 3356// 3361// 3357//
f 3357// 3361// 3362//
f 3357// 3362// 3358//
f 3358// 3362// 3363//
f 3358// 3363// 3341//
f 3341// 3363// 3340//
f 3341// 3340// 3342//
f 3342// 3340// 3339//
f 3359// 3364// 3360//
f 3360// 3364// 3365//
f 3360// 3365// 3361//
f 3361// 3365// 3366//
f 3361// 3366// 3362//
f 3362// 3366// 3367//
f 3362// 3367// 3363//
f 3363// 3367// 3368//
f 3363// 3368// 3340//
f 3340// 3368// 3369//
f 3340// 3369// 3338//
f 3338// 3369// 3370//
f 3364// 3351// 3365//
f 3365// 3351// 3371//
f 3365// 3371// 3366//
f 3366// 3371// 3372//
f 3366// 3372// 3367//
f 3367// 3372// 3373//
f 3367// 3373// 3368//
f 3368// 3373// 3374//
f 3368// 3374// 3369//
f 3369// 3374// 3337//
f 3369// 3337// 3370//
f 3370// 3337// 3336//
f 3343// 3335// 3344//
f 3344// 3335// 3337//
f 3344// 3337// 3345//
f 3345// 3337// 3374//
f 3345// 3374// 3346//
f 3346// 3374// 3373//
f 3346// 3373// 3347//
f 3347// 3373// 3372//
f 3347// 3372// 3348//
f 3348// 3372// 3371//
f 3348// 3371// 3349//
f 3349// 3371// 3351//
f 3349// 3351// 3350//
f 3350// 3351// 3353//
f 3350// 3353// 3296//
f 3296// 3353// 3352//
f 3296// 3352// 3297//
f 3297// 3352// 3351//
f 3297// 3351// 3292//
f 3292// 3351// 3364//
f 3292// 3364// 3293//
f 3293// 3364// 3359//
f 3293// 3359// 3298//
f 3298// 3359// 3354//
f 3298// 3354// 3299//
f 3299// 3354// 3300//
f 3299// 3300// 2578//
f 3375// 3376// 3377//
f 3333// 3377// 3334//
f 3377// 3333// 3332//
f 2573// 3334// 3377//
f 3331// 3330// 3377//
f 2576// 3378// 3319//
f 3313// 3314// 3379//
f 3316// 3317// 3380//
f 3381// 3318// 2829//
f 3319// 3378// 3320//
f 3320// 3378// 3382//
f 3320// 3382// 3321//
f 3321// 3382// 3322//
f 3322// 3382// 3383//
f 3322// 3383// 3323//
f 3323// 3383// 3324//
f 3324// 3383// 3384//
f 3324// 3384// 3325//
f 3325// 3384// 3328//
f 3328// 3384// 3385//
f 3328// 3385// 3327//
f 3327// 3385// 3326//
f 3326// 3385// 3376//
f 3326// 3376// 3329//
f 3329// 3376// 3375//
f 3329// 3375// 3330//
f 3330// 3375// 3377//
f 3332// 3331// 3377//
f 2829// 3386// 3381//
f 3381// 3386// 3387//
f 3381// 3387// 3388//
f 3387// 3389// 3388//
f 3388// 3389// 3390//
f 3388// 3390// 3391//
f 3390// 3392// 3391//
f 3391// 3392// 3393//
f 3391// 3393// 3394//
f 3312// 3313// 3395//
f 3395// 3313// 3379//
f 3395// 3379// 3396//
f 3396// 3379// 3397//
f 3396// 3397// 3398//
f 3398// 3397// 3399//
f 3398// 3399// 3400//
f 3400// 3399// 3401//
f 3400// 3401// 3402//
f 3402// 3401// 3403//
f 3402// 3403// 3404//
f 3404// 3403// 3405//
f 3404// 3405// 3377//
f 3314// 3315// 3379//
f 3379// 3315// 3406//
f 3379// 3406// 3397//
f 3397// 3406// 3407//
f 3397// 3407// 3399//
f 3399// 3407// 3408//
f 3399// 3408// 3401//
f 3401// 3408// 3409//
f 3401// 3409// 3403//
f 3403// 3409// 3410//
f 3403// 3410// 3405//
f 3405// 3410// 3411//
f 3405// 3411// 3377//
f 2576// 3312// 3378//
f 3378// 3312// 3395//
f 3378// 3395// 3382//
f 3382// 3395// 3396//
f 3382// 3396// 3383//
f 3383// 3396// 3398//
f 3383// 3398// 3384//
f 3384// 3398// 3400//
f 3384// 3400// 3385//
f 3385// 3400// 3402//
f 3385// 3402// 3376//
f 3376// 3402// 3404//
f 3376// 3404// 3377//
f 3317// 3318// 3380//
f 3380// 3318// 3381//
f 3380// 3381// 3412//
f 3412// 3381// 3388//
f 3412// 3388// 3413//
f 3413// 3388// 3391//
f 3413// 3391// 3414//
f 3414// 3391// 3394//
f 3414// 3394// 3415//
f 3415// 3394// 3416//
f 3415// 3416// 3417//
f 3417// 3416// 3418//
f 3417// 3418// 3377//
f 3393// 3419// 3394//
f 3394// 3419// 3420//
f 3394// 3420// 3416//
f 3416// 3420// 3421//
f 3416// 3421// 3418//
f 3418// 3421// 3422//
f 3418// 3422// 3377//
f 3315// 3316// 3406//
f 3406// 3316// 3380//
f 3406// 3380// 3407//
f 3407// 3380// 3412//
f 3407// 3412// 3408//
f 3408// 3412// 3413//
f 3408// 3413// 3409//
f 3409// 3413// 3414//
f 3409// 3414// 3410//
f 3410// 3414// 3415//
f 3410// 3415// 3411//
f 3411// 3415// 3417//
f 3411// 3417// 3377//
f 2583// 2582// 3423//
f 2583// 3423// 3343//
f 3343// 3423// 3424//
f 3343// 3424// 3335//
f 3335// 3424// 3336//
f 3336// 3424// 3425//
f 3336// 3425// 3370//
f 3425// 3426// 3370//
f 3370// 3426// 3427//
f 3370// 3427// 3338//
f 3338// 3427// 3339//
f 3339// 3427// 3428//
f 3339// 3428// 3342//
f 3428// 3429// 3342//
f 3342// 3429// 2827//
f 3342// 2827// 2826//
f 2572// 2573// 3430//
f 3430// 2573// 3377//
f 3430// 3377// 3431//
f 3431// 3377// 3422//
f 3431// 3422// 3432//
f 3432// 3422// 3421//
f 3432// 3421// 3433//
f 3433// 3421// 3420//
f 3433// 3420// 3434//
f 3434// 3420// 3419//
f 3434// 3419// 3435//
f 3435// 3419// 3393//
f 3435// 3393// 3436//
f 3436// 3393// 3392//
f 3436// 3392// 3437//
f 3437// 3392// 3390//
f 3437// 3390// 3438//
f 3438// 3390// 3389//
f 3438// 3389// 3439//
f 3439// 3389// 3387//
f 3439// 3387// 3440//
f 3440// 3387// 3386//
f 3440// 3386// 2827//
f 2827// 3386// 2829//
f 3441// 3442// 3430//
f 3441// 3430// 3443//
f 3444// 3443// 3430//
f 3433// 3445// 3446//
f 3435// 3436// 3447//
f 3448// 3449// 3450//
f 3451// 3452// 3453//
f 3454// 3455// 3430//
f 3456// 3430// 3457//
f 3430// 3456// 2572//
f 3455// 3457// 3430//
f 3458// 3454// 3430//
f 3459// 3442// 3460//
f 3460// 3442// 3461//
f 3462// 3463// 3464//
f 3464// 3463// 3465//
f 3466// 3423// 2582//
f 3467// 3426// 3425//
f 3468// 3428// 3427//
f 3429// 3428// 3469//
f 3469// 3428// 3468//
f 3469// 3468// 3470//
f 2827// 3429// 3440//
f 3440// 3429// 3469//
f 3440// 3469// 3439//
f 3439// 3469// 3470//
f 3439// 3470// 3438//
f 3438// 3470// 3437//
f 3436// 3437// 3447//
f 3447// 3437// 3470//
f 3447// 3470// 3471//
f 3471// 3470// 3468//
f 3471// 3468// 3467//
f 3467// 3468// 3427//
f 3467// 3427// 3426//
f 3434// 3435// 3472//
f 3472// 3435// 3447//
f 3472// 3447// 3473//
f 3473// 3447// 3471//
f 3473// 3471// 3474//
f 3474// 3471// 3467//
f 3474// 3467// 3475//
f 3475// 3467// 3425//
f 3475// 3425// 3424//
f 3476// 3464// 3477//
f 3477// 3464// 3465//
f 3477// 3465// 3478//
f 3433// 3434// 3445//
f 3445// 3434// 3472//
f 3445// 3472// 3479//
f 3479// 3472// 3473//
f 3479// 3473// 3480//
f 3480// 3473// 3474//
f 3480// 3474// 3481//
f 3481// 3474// 3475//
f 3481// 3475// 3466//
f 3466// 3475// 3424//
f 3466// 3424// 3423//
f 3446// 3445// 3482//
f 3482// 3445// 3479//
f 3482// 3479// 3483//
f 3483// 3479// 3480//
f 3483// 3480// 3484//
f 3484// 3480// 3481//
f 3484// 3481// 3485//
f 3485// 3481// 3466//
f 3485// 3466// 3486//
f 3486// 3466// 2582//
f 3486// 2582// 3487//
f 3488// 3476// 3489//
f 3489// 3476// 3477//
f 3489// 3477// 3453//
f 3453// 3477// 3478//
f 3453// 3478// 3451//
f 3444// 3488// 3443//
f 3443// 3488// 3489//
f 3443// 3489// 3441//
f 3441// 3489// 3453//
f 3441// 3453// 3442//
f 3442// 3453// 3452//
f 3442// 3452// 3461//
f 3459// 3430// 3442//
f 3460// 3458// 3459//
f 3459// 3458// 3430//
f 3430// 3431// 3446//
f 3446// 3431// 3432//
f 3446// 3432// 3433//
f 3487// 3448// 3486//
f 3486// 3448// 3450//
f 3486// 3450// 3485//
f 3485// 3450// 3490//
f 3485// 3490// 3484//
f 3484// 3490// 3491//
f 3484// 3491// 3483//
f 3483// 3491// 3492//
f 3483// 3492// 3482//
f 3482// 3492// 3493//
f 3482// 3493// 3446//
f 3446// 3493// 3430//
f 3449// 3462// 3450//
f 3450// 3462// 3464//
f 3450// 3464// 3490//
f 3490// 3464// 3476//
f 3490// 3476// 3491//
f 3491// 3476// 3488//
f 3491// 3488// 3492//
f 3492// 3488// 3444//
f 3492// 3444// 3493//
f 3493// 3444// 3430//
f 3494// 2570// 2572//
f 2572// 3456// 3494//
f 3494// 3456// 3457//
f 3494// 3457// 3455//
f 3455// 3454// 3494//
f 3494// 3454// 3458//
f 3494// 3458// 3460//
f 3460// 3461// 3494//
f 3494// 3461// 3452//
f 3494// 3452// 3495//
f 3452// 3451// 3495//
f 3495// 3451// 3478//
f 3495// 3478// 3496//
f 3478// 3465// 3496//
f 3496// 3465// 3463//
f 3496// 3463// 3497//
f 3463// 3462// 3497//
f 3497// 3462// 3449//
f 3497// 3449// 3498//
f 2582// 2584// 3487//
f 3487// 2584// 3498//
f 3487// 3498// 3448//
f 3448// 3498// 3449//
f 2625// 2623// 3499//
f 2621// 2619// 3500//
f 2611// 2609// 3501//
f 2607// 2605// 3502//
f 2597// 2595// 3503//
f 2593// 2591// 3504//
f 2681// 2692// 3505//
f 3505// 2692// 3506//
f 3505// 3506// 3507//
f 3507// 3506// 3508//
f 3507// 3508// 3509//
f 3509// 3508// 3510//
f 3509// 3510// 3511//
f 3511// 3510// 3512//
f 3511// 3512// 3513//
f 3513// 3512// 3504//
f 2688// 2686// 3514//
f 3514// 2686// 3515//
f 3514// 3515// 3516//
f 3516// 3515// 3517//
f 3516// 3517// 3518//
f 3518// 3517// 3519//
f 3518// 3519// 3520//
f 3520// 3519// 3521//
f 3520// 3521// 3522//
f 3522// 3521// 3502//
f 2694// 2693// 3523//
f 3523// 2693// 3524//
f 3523// 3524// 3525//
f 3525// 3524// 3526//
f 3525// 3526// 3527//
f 3527// 3526// 3528//
f 3527// 3528// 3529//
f 3529// 3528// 3530//
f 3529// 3530// 3531//
f 3531// 3530// 3500//
f 2584// 2681// 3498//
f 3498// 2681// 3505//
f 3498// 3505// 3497//
f 3497// 3505// 3507//
f 3497// 3507// 3496//
f 3496// 3507// 3509//
f 3496// 3509// 3495//
f 3495// 3509// 3511//
f 3495// 3511// 3494//
f 3494// 3511// 3513//
f 3494// 3513// 2570//
f 2570// 3513// 2587//
f 3504// 2591// 3513//
f 3513// 2591// 2589//
f 3513// 2589// 2587//
f 2595// 2593// 3503//
f 3503// 2593// 3504//
f 3503// 3504// 3532//
f 3532// 3504// 3512//
f 3532// 3512// 3533//
f 3533// 3512// 3510//
f 3533// 3510// 3534//
f 3534// 3510// 3508//
f 3534// 3508// 3535//
f 3535// 3508// 3506//
f 3535// 3506// 2691//
f 2691// 3506// 2692//
f 2599// 2597// 3536//
f 3536// 2597// 3503//
f 3536// 3503// 3537//
f 3537// 3503// 3532//
f 3537// 3532// 3538//
f 3538// 3532// 3533//
f 3538// 3533// 3539//
f 3539// 3533// 3534//
f 3539// 3534// 3540//
f 3540// 3534// 3535//
f 3540// 3535// 2689//
f 2689// 3535// 2691//
f 2689// 2688// 3540//
f 3540// 2688// 3514//
f 3540// 3514// 3539//
f 3539// 3514// 3516//
f 3539// 3516// 3538//
f 3538// 3516// 3518//
f 3538// 3518// 3537//
f 3537// 3518// 3520//
f 3537// 3520// 3536//
f 3536// 3520// 3522//
f 3536// 3522// 2599//
f 2599// 3522// 2601//
f 3502// 2605// 3522//
f 3522// 2605// 2603//
f 3522// 2603// 2601//
f 2609// 2607// 3501//
f 3501// 2607// 3502//
f 3501// 3502// 3541//
f 3541// 3502// 3521//
f 3541// 3521// 3542//
f 3542// 3521// 3519//
f 3542// 3519// 3543//
f 3543// 3519// 3517//
f 3543// 3517// 3544//
f 3544// 3517// 3515//
f 3544// 3515// 2684//
f 2684// 3515// 2686//
f 2613// 2611// 3545//
f 3545// 2611// 3501//
f 3545// 3501// 3546//
f 3546// 3501// 3541//
f 3546// 3541// 3547//
f 3547// 3541// 3542//
f 3547// 3542// 3548//
f 3548// 3542// 3543//
f 3548// 3543// 3549//
f 3549// 3543// 3544//
f 3549// 3544// 2695//
f 2695// 3544// 2684//
f 2695// 2694// 3549//
f 3549// 2694// 3523//
f 3549// 3523// 3548//
f 3548// 3523// 3525//
f 3548// 3525// 3547//
f 3547// 3525// 3527//
f 3547// 3527// 3546//
f 3546// 3527// 3529//
f 3546// 3529// 3545//
f 3545// 3529// 3531//
f 3545// 3531// 2613//
f 2613// 3531// 2615//
f 3500// 2619// 3531//
f 3531// 2619// 2617//
f 3531// 2617// 2615//
f 2693// 2677// 3524//
f 3524// 2677// 3550//
f 3524// 3550// 3526//
f 3526// 3550// 3551//
f 3526// 3551// 3528//
f 3528// 3551// 3552//
f 3528// 3552// 3530//
f 3530// 3552// 3553//
f 3530// 3553// 3500//
f 3500// 3553// 3499//
f 3500// 3499// 2621//
f 2621// 3499// 2623//
f 2627// 2625// 3554//
f 3554// 2625// 3499//
f 3554// 3499// 3555//
f 3555// 3499// 3553//
f 3555// 3553// 3556//
f 3556// 3553// 3552//
f 3556// 3552// 3557//
f 3557// 3552// 3551//
f 3557// 3551// 3558//
f 3558// 3551// 3550//
f 3558// 3550// 2678//
f 2678// 3550// 2677//
f 2678// 2680// 3558//
f 3558// 2680// 3559//
f 3558// 3559// 3557//
f 3557// 3559// 3560//
f 3557// 3560// 3556//
f 3556// 3560// 3561//
f 3556// 3561// 3555//
f 3555// 3561// 3562//
f 3555// 3562// 3554//
f 3554// 3562// 3563//
f 3554// 3563// 2627//
f 2627// 3563// 2629//
f 2696// 2629// 3563//
f 2696// 3563// 3564//
f 3564// 3563// 3562//
f 3564// 3562// 3565//
f 3565// 3562// 3561//
f 3565// 3561// 3566//
f 3566// 3561// 3560//
f 3566// 3560// 3567//
f 3567// 3560// 3559//
f 3567// 3559// 3568//
f 3568// 3559// 2680//
f 3568// 2680// 2702//
f 2805// 3569// 3570//
f 3569// 3571// 3572//
f 3571// 3573// 3574//
f 3573// 3575// 3576//
f 3577// 2727// 2725//
f 3575// 3577// 3578//
f 3578// 3577// 2725//
f 3578// 2725// 3579//
f 3579// 2725// 2723//
f 2717// 3580// 2719//
f 2719// 3580// 3579//
f 2719// 3579// 2721//
f 2721// 3579// 2723//
f 2715// 3581// 2717//
f 2717// 3581// 3582//
f 2717// 3582// 3580//
f 2709// 3583// 2711//
f 2711// 3583// 3581//
f 2711// 3581// 2713//
f 2713// 3581// 2715//
f 2707// 3584// 2709//
f 2709// 3584// 3585//
f 2709// 3585// 3583//
f 2707// 2705// 3584//
f 3584// 2705// 2696//
f 3584// 2696// 3564//
f 3575// 3578// 3576//
f 3576// 3578// 3579//
f 3576// 3579// 3586//
f 3586// 3579// 3580//
f 3586// 3580// 3587//
f 3587// 3580// 3582//
f 3587// 3582// 3588//
f 3588// 3582// 3581//
f 3588// 3581// 3589//
f 3589// 3581// 3583//
f 3589// 3583// 3590//
f 3590// 3583// 3585//
f 3590// 3585// 3591//
f 3591// 3585// 3584//
f 3591// 3584// 3592//
f 3592// 3584// 3564//
f 3592// 3564// 3565//
f 3573// 3576// 3574//
f 3574// 3576// 3586//
f 3574// 3586// 3593//
f 3593// 3586// 3587//
f 3593// 3587// 3594//
f 3594// 3587// 3588//
f 3594// 3588// 3595//
f 3595// 3588// 3589//
f 3595// 3589// 3596//
f 3596// 3589// 3590//
f 3596// 3590// 3597//
f 3597// 3590// 3591//
f 3597// 3591// 3598//
f 3598// 3591// 3592//
f 3598// 3592// 3599//
f 3599// 3592// 3565//
f 3599// 3565// 3566//
f 3571// 3574// 3572//
f 3572// 3574// 3593//
f 3572// 3593// 3600//
f 3600// 3593// 3594//
f 3600// 3594// 3601//
f 3601// 3594// 3595//
f 3601// 3595// 3602//
f 3602// 3595// 3596//
f 3602// 3596// 3603//
f 3603// 3596// 3597//
f 3603// 3597// 3604//
f 3604// 3597// 3598//
f 3604// 3598// 3605//
f 3605// 3598// 3599//
f 3605// 3599// 3606//
f 3606// 3599// 3566//
f 3606// 3566// 3567//
f 3569// 3572// 3570//
f 3570// 3572// 3600//
f 3570// 3600// 3607//
f 3607// 3600// 3601//
f 3607// 3601// 3608//
f 3608// 3601// 3602//
f 3608// 3602// 3609//
f 3609// 3602// 3603//
f 3609// 3603// 3610//
f 3610// 3603// 3604//
f 3610// 3604// 3611//
f 3611// 3604// 3605//
f 3611// 3605// 3612//
f 3612// 3605// 3606//
f 3612// 3606// 3613//
f 3613// 3606// 3567//
f 3613// 3567// 3568//
f 2805// 3570// 2807//
f 2807// 3570// 3607//
f 2807// 3607// 2815//
f 2815// 3607// 3608//
f 2815// 3608// 2812//
f 2812// 3608// 3609//
f 2812// 3609// 2810//
f 2810// 3609// 3610//
f 2810// 3610// 2800//
f 2800// 3610// 3611//
f 2800// 3611// 2798//
f 2798// 3611// 3612//
f 2798// 3612// 2796//
f 2796// 3612// 3613//
f 2796// 3613// 2801//
f 2801// 3613// 3568//
f 2801// 3568// 2702//
f 2805// 2818// 2847//
f 2805// 2847// 3569//
f 3569// 2847// 2837//
f 3569// 2837// 3571//
f 3571// 2837// 2836//
f 3571// 2836// 3573//
f 3573// 2836// 2835//
f 3573// 2835// 3575//
f 3575// 2835// 2846//
f 3575// 2846// 3577//
f 3577// 2846// 2820//
f 3577// 2820// 2727//
f 3614// 3615// 3616//
f 3616// 3615// 3617//
f 3618// 3619// 3620//
f 3620// 3619// 3621//
f 3622// 3623// 3624//
f 3624// 3623// 3625//
f 3626// 3627// 3628//
f 3628// 3627// 3629//
f 3630// 3631// 3632//
f 3632// 3631// 3633//
f 3632// 3633// 3634//
f 3634// 3633// 3635//
f 3634// 3635// 3636//
f 3636// 3635// 3637//
f 3636// 3637// 3638//
f 3638// 3637// 3639//
f 3638// 3639// 3640//
f 3640// 3639// 3641//
f 3640// 3641// 3642//
f 3642// 3641// 3643//
f 3642// 3643// 3644//
f 3644// 3643// 3645//
f 3644// 3645// 3646//
f 3646// 3645// 3647//
f 3646// 3647// 3648//
f 3648// 3647// 3649//
f 3648// 3649// 3650//
f 3650// 3649// 3651//
f 3650// 3651// 3652//
f 3652// 3651// 3653//
f 3652// 3653// 3654//
f 3654// 3653// 3655//
f 3654// 3655// 3656//
f 3656// 3655// 3657//
f 3656// 3657// 3658//
f 3658// 3657// 3659//
f 3658// 3659// 3660//
f 3660// 3659// 3661//
f 3660// 3661// 3662//
f 3662// 3661// 3663//
f 3662// 3663// 3664//
f 3664// 3663// 3665//
f 3664// 3665// 3666//
f 3666// 3665// 3667//
f 3666// 3667// 3668//
f 3668// 3667// 3669//
f 3668// 3669// 3670//
f 3670// 3669// 3671//
f 3670// 3671// 3672//
f 3672// 3671// 3673//
f 3672// 3673// 3614//
f 3614// 3673// 3615//
f 3674// 3675// 3676//
f 3676// 3675// 3677//
f 3678// 3679// 3680//
f 3680// 3679// 3681//
f 3680// 3681// 3677//
f 3677// 3681// 3682//
f 3677// 3682// 3676//
f 3683// 3684// 3685//
f 3686// 3687// 3678//
f 3678// 3687// 3688//
f 3678// 3688// 3679//
f 3685// 3684// 3689//
f 3689// 3684// 3619//
f 3689// 3619// 3618//
f 3685// 3690// 3683//
f 3683// 3690// 3691//
f 3683// 3691// 3692//
f 3692// 3691// 3693//
f 3692// 3693// 3686//
f 3686// 3693// 3694//
f 3686// 3694// 3687//
f 3695// 3696// 3697//
f 3697// 3696// 3698//
f 3697// 3698// 3699//
f 3699// 3698// 3700//
f 3699// 3700// 3701//
f 3701// 3700// 3702//
f 3701// 3702// 3703//
f 3703// 3702// 3704//
f 3703// 3704// 3705//
f 3705// 3704// 3706//
f 3705// 3706// 3707//
f 3707// 3706// 3708//
f 3707// 3708// 3709//
f 3709// 3708// 3710//
f 3709// 3710// 3711//
f 3711// 3710// 3712//
f 3711// 3712// 3713//
f 3713// 3712// 3714//
f 3713// 3714// 3715//
f 3715// 3714// 3716//
f 3715// 3716// 3717//
f 3717// 3716// 3718//
f 3717// 3718// 3625//
f 3625// 3718// 3624//
f 3719// 3720// 3721//
f 3721// 3720// 3722//
f 3722// 3720// 3723//
f 3722// 3723// 3724//
f 3628// 3629// 3725//
f 3725// 3629// 3726//
f 3727// 3728// 3729//
f 3729// 3728// 3730//
f 3729// 3730// 3731//
f 3730// 3732// 3731//
f 3731// 3732// 3733//
f 3731// 3733// 3734//
f 3734// 3733// 3735//
f 3734// 3735// 3726//
f 3726// 3735// 3736//
f 3726// 3736// 3725//
f 3721// 3737// 3719//
f 3719// 3737// 3738//
f 3719// 3738// 3727//
f 3727// 3738// 3739//
f 3727// 3739// 3728//
f 3740// 3741// 3630//
f 3630// 3741// 3631//
f 3742// 3743// 3674//
f 3674// 3743// 3675//
f 3696// 3695// 3744//
f 3744// 3695// 3745//
f 3724// 3723// 3746//
f 3746// 3723// 3747//
f 3741// 3740// 3748//
f 3748// 3740// 3749//
f 3748// 3749// 3750//
f 3750// 3749// 3751//
f 3750// 3751// 3752//
f 3752// 3751// 3753//
f 3752// 3753// 3754//
f 3754// 3753// 3755//
f 3754// 3755// 3756//
f 3756// 3755// 3757//
f 3756// 3757// 3758//
f 3758// 3757// 3759//
f 3758// 3759// 3760//
f 3760// 3759// 3761//
f 3760// 3761// 3762//
f 3762// 3761// 3763//
f 3762// 3763// 3764//
f 3764// 3763// 3765//
f 3764// 3765// 3766//
f 3766// 3765// 3767//
f 3766// 3767// 3768//
f 3768// 3767// 3769//
f 3768// 3769// 3770//
f 3770// 3769// 3771//
f 3743// 3742// 3772//
f 3772// 3742// 3773//
f 3774// 3775// 3776//
f 3776// 3775// 3777//
f 3777// 3775// 3778//
f 3777// 3778// 3779//
f 3776// 3780// 3774//
f 3774// 3780// 3781//
f 3774// 3781// 3782//
f 3782// 3781// 3783//
f 3782// 3783// 3773//
f 3773// 3783// 3784//
f 3773// 3784// 3772//
f 3779// 3778// 3785//
f 3785// 3778// 3786//
f 3785// 3786// 3787//
f 3787// 3786// 3788//
f 3787// 3788// 3789//
f 3789// 3788// 3790//
f 3790// 3788// 3791//
f 3790// 3791// 3792//
f 3792// 3791// 3793//
f 3792// 3793// 3794//
f 3744// 3745// 3795//
f 3795// 3745// 3796//
f 3795// 3796// 3797//
f 3797// 3796// 3798//
f 3797// 3798// 3799//
f 3799// 3798// 3800//
f 3799// 3800// 3801//
f 3801// 3800// 3802//
f 3801// 3802// 3803//
f 3803// 3802// 3804//
f 3803// 3804// 3805//
f 3805// 3804// 3806//
f 3805// 3806// 3807//
f 3807// 3806// 3808//
f 3807// 3808// 3809//
f 3809// 3808// 3810//
f 3809// 3810// 3811//
f 3811// 3810// 3812//
f 3811// 3812// 3813//
f 3813// 3812// 3814//
f 3813// 3814// 3815//
f 3815// 3814// 3816//
f 3815// 3816// 3817//
f 3817// 3816// 3818//
f 3817// 3818// 3819//
f 3819// 3818// 3820//
f 3819// 3820// 3821//
f 3821// 3820// 3822//
f 3821// 3822// 3823//
f 3823// 3822// 3824//
f 3823// 3824// 3825//
f 3825// 3824// 3826//
f 3825// 3826// 3827//
f 3827// 3826// 3828//
f 3827// 3828// 3829//
f 3829// 3828// 3830//
f 3829// 3830// 3831//
f 3831// 3830// 3832//
f 3831// 3832// 3833//
f 3833// 3832// 3834//
f 3833// 3834// 3835//
f 3835// 3834// 3836//
f 3835// 3836// 3837//
f 3837// 3836// 3838//
f 3746// 3747// 3839//
f 3840// 3841// 3842//
f 3842// 3841// 3843//
f 3842// 3843// 3844//
f 3746// 3839// 3845//
f 3845// 3839// 3846//
f 3845// 3846// 3840//
f 3840// 3846// 3847//
f 3840// 3847// 3841//
f 3848// 3849// 3850//
f 3850// 3849// 3851//
f 3843// 3852// 3844//
f 3844// 3852// 3853//
f 3844// 3853// 3854//
f 3854// 3853// 3855//
f 3854// 3855// 3856//
f 3855// 3857// 3856//
f 3856// 3857// 3858//
f 3856// 3858// 3859//
f 3859// 3858// 3860//
f 3859// 3860// 3851//
f 3851// 3860// 3861//
f 3851// 3861// 3850//
f 3849// 3848// 3862//
f 3862// 3848// 3863//
f 3864// 3865// 3771//
f 3771// 3865// 3770//
f 3866// 3867// 3793//
f 3793// 3867// 3794//
f 3837// 3838// 3868//
f 3868// 3838// 3869//
f 3870// 3871// 3872//
f 3872// 3871// 3873//
f 3862// 3866// 3865//
f 3865// 3864// 3862//
f 3862// 3864// 3874//
f 3862// 3874// 3875//
f 3876// 3877// 3878//
f 3866// 3862// 3867//
f 3867// 3862// 3863//
f 3867// 3863// 3868//
f 3879// 3880// 3881//
f 3875// 3882// 3862//
f 3862// 3882// 3883//
f 3862// 3883// 3884//
f 3866// 3885// 3865//
f 3865// 3885// 3879//
f 3865// 3879// 3886//
f 3886// 3879// 3881//
f 3876// 3878// 3887//
f 3868// 3863// 3878//
f 3878// 3863// 3888//
f 3878// 3888// 3887//
f 3889// 3890// 3891//
f 3891// 3890// 3892//
f 3868// 3869// 3867//
f 3867// 3869// 3890//
f 3867// 3890// 3893//
f 3893// 3890// 3889//
f 3794// 3867// 3893//
f 3794// 3893// 3894//
f 3894// 3893// 3889//
f 3894// 3889// 3895//
f 3895// 3889// 3891//
f 3895// 3891// 3896//
f 3896// 3891// 3892//
f 3896// 3892// 3897//
f 3897// 3892// 3890//
f 3897// 3890// 3898//
f 3898// 3890// 3869//
f 3898// 3869// 3838//
f 3834// 3832// 3899//
f 3824// 3822// 3900//
f 3820// 3818// 3901//
f 3812// 3810// 3902//
f 3802// 3800// 3903//
f 3798// 3796// 3904//
f 3781// 3780// 3905//
f 3905// 3780// 3906//
f 3905// 3906// 3907//
f 3907// 3906// 3908//
f 3907// 3908// 3909//
f 3909// 3908// 3910//
f 3909// 3910// 3911//
f 3911// 3910// 3912//
f 3911// 3912// 3913//
f 3913// 3912// 3902//
f 3789// 3790// 3914//
f 3914// 3790// 3915//
f 3914// 3915// 3916//
f 3916// 3915// 3917//
f 3916// 3917// 3918//
f 3918// 3917// 3919//
f 3918// 3919// 3920//
f 3920// 3919// 3921//
f 3920// 3921// 3922//
f 3922// 3921// 3899//
f 3743// 3772// 3923//
f 3923// 3772// 3924//
f 3923// 3924// 3925//
f 3925// 3924// 3926//
f 3925// 3926// 3927//
f 3927// 3926// 3928//
f 3927// 3928// 3929//
f 3929// 3928// 3930//
f 3929// 3930// 3931//
f 3931// 3930// 3904//
f 3931// 3904// 3745//
f 3745// 3904// 3796//
f 3772// 3784// 3924//
f 3924// 3784// 3932//
f 3924// 3932// 3926//
f 3926// 3932// 3933//
f 3926// 3933// 3928//
f 3928// 3933// 3934//
f 3928// 3934// 3930//
f 3930// 3934// 3935//
f 3930// 3935// 3904//
f 3904// 3935// 3903//
f 3904// 3903// 3798//
f 3798// 3903// 3800//
f 3804// 3802// 3936//
f 3936// 3802// 3903//
f 3936// 3903// 3937//
f 3937// 3903// 3935//
f 3937// 3935// 3938//
f 3938// 3935// 3934//
f 3938// 3934// 3939//
f 3939// 3934// 3933//
f 3939// 3933// 3940//
f 3940// 3933// 3932//
f 3940// 3932// 3783//
f 3783// 3932// 3784//
f 3783// 3781// 3940//
f 3940// 3781// 3905//
f 3940// 3905// 3939//
f 3939// 3905// 3907//
f 3939// 3907// 3938//
f 3938// 3907// 3909//
f 3938// 3909// 3937//
f 3937// 3909// 3911//
f 3937// 3911// 3936//
f 3936// 3911// 3913//
f 3936// 3913// 3804//
f 3804// 3913// 3806//
f 3902// 3810// 3913//
f 3913// 3810// 3808//
f 3913// 3808// 3806//
f 3814// 3812// 3941//
f 3941// 3812// 3902//
f 3941// 3902// 3942//
f 3942// 3902// 3912//
f 3942// 3912// 3943//
f 3943// 3912// 3910//
f 3943// 3910// 3944//
f 3944// 3910// 3908//
f 3944// 3908// 3945//
f 3945// 3908// 3906//
f 3945// 3906// 3776//
f 3776// 3906// 3780//
f 3776// 3777// 3945//
f 3945// 3777// 3946//
f 3945// 3946// 3944//
f 3944// 3946// 3947//
f 3944// 3947// 3943//
f 3943// 3947// 3948//
f 3943// 3948// 3942//
f 3942// 3948// 3949//
f 3942// 3949// 3941//
f 3941// 3949// 3950//
f 3941// 3950// 3814//
f 3814// 3950// 3816//
f 3777// 3779// 3946//
f 3946// 3779// 3951//
f 3946// 3951// 3947//
f 3947// 3951// 3952//
f 3947// 3952// 3948//
f 3948// 3952// 3953//
f 3948// 3953// 3949//
f 3949// 3953// 3954//
f 3949// 3954// 3950//
f 3950// 3954// 3901//
f 3950// 3901// 3816//
f 3816// 3901// 3818//
f 3779// 3785// 3951//
f 3951// 3785// 3955//
f 3951// 3955// 3952//
f 3952// 3955// 3956//
f 3952// 3956// 3953//
f 3953// 3956// 3957//
f 3953// 3957// 3954//
f 3954// 3957// 3958//
f 3954// 3958// 3901//
f 3901// 3958// 3900//
f 3901// 3900// 3820//
f 3820// 3900// 3822//
f 3826// 3824// 3959//
f 3959// 3824// 3900//
f 3959// 3900// 3960//
f 3960// 3900// 3958//
f 3960// 3958// 3961//
f 3961// 3958// 3957//
f 3961// 3957// 3962//
f 3962// 3957// 3956//
f 3962// 3956// 3963//
f 3963// 3956// 3955//
f 3963// 3955// 3787//
f 3787// 3955// 3785//
f 3787// 3789// 3963//
f 3963// 3789// 3914//
f 3963// 3914// 3962//
f 3962// 3914// 3916//
f 3962// 3916// 3961//
f 3961// 3916// 3918//
f 3961// 3918// 3960//
f 3960// 3918// 3920//
f 3960// 3920// 3959//
f 3959// 3920// 3922//
f 3959// 3922// 3826//
f 3826// 3922// 3828//
f 3899// 3832// 3922//
f 3922// 3832// 3830//
f 3922// 3830// 3828//
f 3836// 3834// 3964//
f 3964// 3834// 3899//
f 3964// 3899// 3965//
f 3965// 3899// 3921//
f 3965// 3921// 3966//
f 3966// 3921// 3919//
f 3966// 3919// 3967//
f 3967// 3919// 3917//
f 3967// 3917// 3968//
f 3968// 3917// 3915//
f 3968// 3915// 3792//
f 3792// 3915// 3790//
f 3792// 3794// 3968//
f 3968// 3794// 3894//
f 3968// 3894// 3967//
f 3967// 3894// 3895//
f 3967// 3895// 3966//
f 3966// 3895// 3896//
f 3966// 3896// 3965//
f 3965// 3896// 3897//
f 3965// 3897// 3964//
f 3964// 3897// 3898//
f 3964// 3898// 3836//
f 3836// 3898// 3838//
f 3837// 3868// 3878//
f 3837// 3878// 3969//
f 3969// 3878// 3877//
f 3969// 3877// 3970//
f 3970// 3877// 3876//
f 3970// 3876// 3971//
f 3971// 3876// 3887//
f 3971// 3887// 3972//
f 3972// 3887// 3888//
f 3972// 3888// 3973//
f 3973// 3888// 3863//
f 3973// 3863// 3848//
f 3745// 3695// 3974//
f 3745// 3974// 3931//
f 3931// 3974// 3975//
f 3931// 3975// 3929//
f 3929// 3975// 3976//
f 3929// 3976// 3927//
f 3927// 3976// 3977//
f 3927// 3977// 3925//
f 3925// 3977// 3978//
f 3925// 3978// 3923//
f 3923// 3978// 3675//
f 3923// 3675// 3743//
f 3770// 3865// 3886//
f 3770// 3886// 3979//
f 3979// 3886// 3881//
f 3979// 3881// 3980//
f 3980// 3881// 3880//
f 3980// 3880// 3981//
f 3981// 3880// 3879//
f 3981// 3879// 3982//
f 3982// 3879// 3885//
f 3982// 3885// 3983//
f 3983// 3885// 3866//
f 3983// 3866// 3793//
f 3797// 3799// 3984//
f 3807// 3809// 3985//
f 3811// 3813// 3986//
f 3819// 3821// 3987//
f 3829// 3831// 3988//
f 3833// 3835// 3989//
f 3858// 3857// 3990//
f 3990// 3857// 3991//
f 3990// 3991// 3992//
f 3992// 3991// 3993//
f 3992// 3993// 3994//
f 3994// 3993// 3995//
f 3994// 3995// 3996//
f 3996// 3995// 3997//
f 3996// 3997// 3998//
f 3998// 3997// 3987//
f 3847// 3846// 3999//
f 3999// 3846// 4000//
f 3999// 4000// 4001//
f 4001// 4000// 4002//
f 4001// 4002// 4003//
f 4003// 4002// 4004//
f 4003// 4004// 4005//
f 4005// 4004// 4006//
f 4005// 4006// 4007//
f 4007// 4006// 3984//
f 3848// 3850// 3973//
f 3973// 3850// 4008//
f 3973// 4008// 3972//
f 3972// 4008// 4009//
f 3972// 4009// 3971//
f 3971// 4009// 4010//
f 3971// 4010// 3970//
f 3970// 4010// 4011//
f 3970// 4011// 3969//
f 3969// 4011// 3989//
f 3969// 3989// 3837//
f 3837// 3989// 3835//
f 3850// 3861// 4008//
f 4008// 3861// 4012//
f 4008// 4012// 4009//
f 4009// 4012// 4013//
f 4009// 4013// 4010//
f 4010// 4013// 4014//
f 4010// 4014// 4011//
f 4011// 4014// 4015//
f 4011// 4015// 3989//
f 3989// 4015// 3988//
f 3989// 3988// 3833//
f 3833// 3988// 3831//
f 3827// 3829// 4016//
f 4016// 3829// 3988//
f 4016// 3988// 4017//
f 4017// 3988// 4015//
f 4017// 4015// 4018//
f 4018// 4015// 4014//
f 4018// 4014// 4019//
f 4019// 4014// 4013//
f 4019// 4013// 4020//
f 4020// 4013// 4012//
f 4020// 4012// 3860//
f 3860// 4012// 3861//
f 3860// 3858// 4020//
f 4020// 3858// 3990//
f 4020// 3990// 4019//
f 4019// 3990// 3992//
f 4019// 3992// 4018//
f 4018// 3992// 3994//
f 4018// 3994// 4017//
f 4017// 3994// 3996//
f 4017// 3996// 4016//
f 4016// 3996// 3998//
f 4016// 3998// 3827//
f 3827// 3998// 3825//
f 3987// 3821// 3998//
f 3998// 3821// 3823//
f 3998// 3823// 3825//
f 3817// 3819// 4021//
f 4021// 3819// 3987//
f 4021// 3987// 4022//
f 4022// 3987// 3997//
f 4022// 3997// 4023//
f 4023// 3997// 3995//
f 4023// 3995// 4024//
f 4024// 3995// 3993//
f 4024// 3993// 4025//
f 4025// 3993// 3991//
f 4025// 3991// 3855//
f 3855// 3991// 3857//
f 3855// 3853// 4025//
f 4025// 3853// 4026//
f 4025// 4026// 4024//
f 4024// 4026// 4027//
f 4024// 4027// 4023//
f 4023// 4027// 4028//
f 4023// 4028// 4022//
f 4022// 4028// 4029//
f 4022// 4029// 4021//
f 4021// 4029// 4030//
f 4021// 4030// 3817//
f 3817// 4030// 3815//
f 3853// 3852// 4026//
f 4026// 3852// 4031//
f 4026// 4031// 4027//
f 4027// 4031// 4032//
f 4027// 4032// 4028//
f 4028// 4032// 4033//
f 4028// 4033// 4029//
f 4029// 4033// 4034//
f 4029// 4034// 4030//
f 4030// 4034// 3986//
f 4030// 3986// 3815//
f 3815// 3986// 3813//
f 3852// 3843// 4031//
f 4031// 3843// 4035//
f 4031// 4035// 4032//
f 4032// 4035// 4036//
f 4032// 4036// 4033//
f 4033// 4036// 4037//
f 4033// 4037// 4034//
f 4034// 4037// 4038//
f 4034// 4038// 3986//
f 3986// 4038// 3985//
f 3986// 3985// 3811//
f 3811// 3985// 3809//
f 3805// 3807// 4039//
f 4039// 3807// 3985//
f 4039// 3985// 4040//
f 4040// 3985// 4038//
f 4040// 4038// 4041//
f 4041// 4038// 4037//
f 4041// 4037// 4042//
f 4042// 4037// 4036//
f 4042// 4036// 4043//
f 4043// 4036// 4035//
f 4043// 4035// 3841//
f 3841// 4035// 3843//
f 3841// 3847// 4043//
f 4043// 3847// 3999//
f 4043// 3999// 4042//
f 4042// 3999// 4001//
f 4042// 4001// 4041//
f 4041// 4001// 4003//
f 4041// 4003// 4040//
f 4040// 4003// 4005//
f 4040// 4005// 4039//
f 4039// 4005// 4007//
f 4039// 4007// 3805//
f 3805// 4007// 3803//
f 3984// 3799// 4007//
f 4007// 3799// 3801//
f 4007// 3801// 3803//
f 3795// 3797// 4044//
f 4044// 3797// 3984//
f 4044// 3984// 4045//
f 4045// 3984// 4006//
f 4045// 4006// 4046//
f 4046// 4006// 4004//
f 4046// 4004// 4047//
f 4047// 4004// 4002//
f 4047// 4002// 4048//
f 4048// 4002// 4000//
f 4048// 4000// 3839//
f 3839// 4000// 3846//
f 3839// 3747// 4048//
f 4048// 3747// 4049//
f 4048// 4049// 4047//
f 4047// 4049// 4050//
f 4047// 4050// 4046//
f 4046// 4050// 4051//
f 4046// 4051// 4045//
f 4045// 4051// 4052//
f 4045// 4052// 4044//
f 4044// 4052// 4053//
f 4044// 4053// 3795//
f 3795// 4053// 3744//
f 3675// 3978// 4054//
f 3978// 3977// 4055//
f 3977// 3976// 4056//
f 3976// 3975// 4057//
f 3975// 3974// 4058//
f 3703// 4059// 3701//
f 3701// 4059// 4060//
f 3701// 4060// 3699//
f 3699// 4060// 4058//
f 3699// 4058// 3697//
f 3697// 4058// 3974//
f 3697// 3974// 3695//
f 3703// 3705// 4059//
f 4059// 3705// 3707//
f 4059// 3707// 4061//
f 4061// 3707// 3709//
f 4061// 3709// 4062//
f 4062// 3709// 3711//
f 4062// 3711// 4063//
f 4063// 3711// 3713//
f 4063// 3713// 4064//
f 4064// 3713// 3715//
f 3715// 3717// 4064//
f 4064// 3717// 3625//
f 4064// 3625// 4065//
f 3975// 4058// 4057//
f 4057// 4058// 4060//
f 4057// 4060// 4066//
f 4066// 4060// 4059//
f 4066// 4059// 4067//
f 4067// 4059// 4061//
f 4067// 4061// 4068//
f 4068// 4061// 4062//
f 4068// 4062// 4069//
f 4069// 4062// 4063//
f 4069// 4063// 4070//
f 4070// 4063// 4064//
f 4070// 4064// 4071//
f 4071// 4064// 4065//
f 4071// 4065// 4072//
f 3976// 4057// 4056//
f 4056// 4057// 4066//
f 4056// 4066// 4073//
f 4073// 4066// 4067//
f 4073// 4067// 4074//
f 4074// 4067// 4068//
f 4074// 4068// 4075//
f 4075// 4068// 4069//
f 4075// 4069// 4076//
f 4076// 4069// 4070//
f 4076// 4070// 4077//
f 4077// 4070// 4071//
f 4077// 4071// 4078//
f 4078// 4071// 4072//
f 4078// 4072// 4079//
f 3977// 4056// 4055//
f 4055// 4056// 4073//
f 4055// 4073// 4080//
f 4080// 4073// 4074//
f 4080// 4074// 4081//
f 4081// 4074// 4075//
f 4081// 4075// 4082//
f 4082// 4075// 4076//
f 4082// 4076// 4083//
f 4083// 4076// 4077//
f 4083// 4077// 4084//
f 4084// 4077// 4078//
f 4084// 4078// 4085//
f 4085// 4078// 4079//
f 4085// 4079// 4086//
f 3978// 4055// 4054//
f 4054// 4055// 4080//
f 4054// 4080// 4087//
f 4087// 4080// 4081//
f 4087// 4081// 4088//
f 4088// 4081// 4082//
f 4088// 4082// 4089//
f 4089// 4082// 4083//
f 4089// 4083// 4090//
f 4090// 4083// 4084//
f 4090// 4084// 4091//
f 4091// 4084// 4085//
f 4091// 4085// 4092//
f 4092// 4085// 4086//
f 4092// 4086// 4093//
f 3675// 4054// 3677//
f 3677// 4054// 4087//
f 3677// 4087// 3680//
f 3680// 4087// 4088//
f 3680// 4088// 3678//
f 3678// 4088// 4089//
f 3678// 4089// 3686//
f 3686// 4089// 4090//
f 3686// 4090// 3692//
f 3692// 4090// 4091//
f 3692// 4091// 3683//
f 3683// 4091// 4092//
f 3683// 4092// 3684//
f 3684// 4092// 4093//
f 3684// 4093// 3619//
f 3742// 4094// 4095//
f 4094// 4096// 4097//
f 4096// 4098// 4099//
f 4098// 4100// 4101//
f 4100// 4102// 4103//
f 4102// 3741// 3748//
f 4102// 3748// 4103//
f 4103// 3748// 3750//
f 4103// 3750// 4104//
f 3756// 4105// 3754//
f 3754// 4105// 4104//
f 3754// 4104// 3752//
f 3752// 4104// 3750//
f 3758// 4106// 3756//
f 3756// 4106// 4107//
f 3756// 4107// 4105//
f 3758// 3760// 4106//
f 4106// 3760// 3762//
f 4106// 3762// 4108//
f 4108// 3762// 3764//
f 4108// 3764// 4109//
f 4109// 3764// 3766//
f 4109// 3766// 4110//
f 3766// 3768// 4110//
f 4110// 3768// 3770//
f 4110// 3770// 3979//
f 4100// 4103// 4101//
f 4101// 4103// 4104//
f 4101// 4104// 4111//
f 4111// 4104// 4105//
f 4111// 4105// 4112//
f 4112// 4105// 4107//
f 4112// 4107// 4113//
f 4113// 4107// 4106//
f 4113// 4106// 4114//
f 4114// 4106// 4108//
f 4114// 4108// 4115//
f 4115// 4108// 4109//
f 4115// 4109// 4116//
f 4116// 4109// 4110//
f 4116// 4110// 4117//
f 4117// 4110// 3979//
f 4117// 3979// 3980//
f 4098// 4101// 4099//
f 4099// 4101// 4111//
f 4099// 4111// 4118//
f 4118// 4111// 4112//
f 4118// 4112// 4119//
f 4119// 4112// 4113//
f 4119// 4113// 4120//
f 4120// 4113// 4114//
f 4120// 4114// 4121//
f 4121// 4114// 4115//
f 4121// 4115// 4122//
f 4122// 4115// 4116//
f 4122// 4116// 4123//
f 4123// 4116// 4117//
f 4123// 4117// 4124//
f 4124// 4117// 3980//
f 4124// 3980// 3981//
f 4096// 4099// 4097//
f 4097// 4099// 4118//
f 4097// 4118// 4125//
f 4125// 4118// 4119//
f 4125// 4119// 4126//
f 4126// 4119// 4120//
f 4126// 4120// 4127//
f 4127// 4120// 4121//
f 4127// 4121// 4128//
f 4128// 4121// 4122//
f 4128// 4122// 4129//
f 4129// 4122// 4123//
f 4129// 4123// 4130//
f 4130// 4123// 4124//
f 4130// 4124// 4131//
f 4131// 4124// 3981//
f 4131// 3981// 3982//
f 4094// 4097// 4095//
f 4095// 4097// 4125//
f 4095// 4125// 4132//
f 4132// 4125// 4126//
f 4132// 4126// 4133//
f 4133// 4126// 4127//
f 4133// 4127// 4134//
f 4134// 4127// 4128//
f 4134// 4128// 4135//
f 4135// 4128// 4129//
f 4135// 4129// 4136//
f 4136// 4129// 4130//
f 4136// 4130// 4137//
f 4137// 4130// 4131//
f 4137// 4131// 4138//
f 4138// 4131// 3982//
f 4138// 3982// 3983//
f 3742// 4095// 3773//
f 3773// 4095// 4132//
f 3773// 4132// 3782//
f 3782// 4132// 4133//
f 3782// 4133// 3774//
f 3774// 4133// 4134//
f 3774// 4134// 3775//
f 3775// 4134// 4135//
f 3775// 4135// 3778//
f 3778// 4135// 4136//
f 3778// 4136// 3786//
f 3786// 4136// 4137//
f 3786// 4137// 3788//
f 3788// 4137// 4138//
f 3788// 4138// 3791//
f 3791// 4138// 3983//
f 3791// 3983// 3793//
f 3747// 3723// 4139//
f 3747// 4139// 4049//
f 4049// 4139// 4140//
f 4049// 4140// 4050//
f 4050// 4140// 4141//
f 4050// 4141// 4051//
f 4051// 4141// 4142//
f 4051// 4142// 4052//
f 4052// 4142// 4143//
f 4052// 4143// 4053//
f 4053// 4143// 3696//
f 4053// 3696// 3744//
f 3625// 3623// 4144//
f 4145// 4065// 4146//
f 4146// 4065// 3625//
f 4146// 3625// 4147//
f 4147// 3625// 4144//
f 4145// 4148// 4065//
f 4065// 4148// 4149//
f 4065// 4149// 4072//
f 4149// 4150// 4072//
f 4072// 4150// 4151//
f 4072// 4151// 4152//
f 4152// 4153// 4072//
f 4072// 4153// 4154//
f 4072// 4154// 4079//
f 4154// 4155// 4079//
f 4079// 4155// 4156//
f 4079// 4156// 4086//
f 4156// 4157// 4086//
f 4086// 4157// 4158//
f 4086// 4158// 4093//
f 3621// 3619// 4159//
f 4159// 3619// 4093//
f 4159// 4093// 4160//
f 4160// 4093// 4158//
f 3742// 3674// 4161//
f 3742// 4161// 4094//
f 4094// 4161// 4162//
f 4094// 4162// 4096//
f 4096// 4162// 4163//
f 4096// 4163// 4098//
f 4098// 4163// 4164//
f 4098// 4164// 4100//
f 4100// 4164// 4165//
f 4100// 4165// 4102//
f 4102// 4165// 3631//
f 4102// 3631// 3741//
f 3629// 4166// 4167//
f 4166// 4168// 4169//
f 4168// 4170// 4171//
f 4170// 4172// 4173//
f 4172// 4174// 4175//
f 3712// 4176// 3714//
f 3714// 4176// 4177//
f 3714// 4177// 3716//
f 3716// 4177// 4175//
f 3716// 4175// 3718//
f 3718// 4175// 4174//
f 3718// 4174// 3624//
f 3712// 3710// 4176//
f 4176// 3710// 3708//
f 4176// 3708// 4178//
f 4178// 3708// 3706//
f 4178// 3706// 4179//
f 4179// 3706// 3704//
f 4179// 3704// 4180//
f 4180// 3704// 3702//
f 4180// 3702// 4181//
f 4181// 3702// 3700//
f 3700// 3698// 4181//
f 4181// 3698// 3696//
f 4181// 3696// 4143//
f 4172// 4175// 4173//
f 4173// 4175// 4177//
f 4173// 4177// 4182//
f 4182// 4177// 4176//
f 4182// 4176// 4183//
f 4183// 4176// 4178//
f 4183// 4178// 4184//
f 4184// 4178// 4179//
f 4184// 4179// 4185//
f 4185// 4179// 4180//
f 4185// 4180// 4186//
f 4186// 4180// 4181//
f 4186// 4181// 4187//
f 4187// 4181// 4143//
f 4187// 4143// 4142//
f 4170// 4173// 4171//
f 4171// 4173// 4182//
f 4171// 4182// 4188//
f 4188// 4182// 4183//
f 4188// 4183// 4189//
f 4189// 4183// 4184//
f 4189// 4184// 4190//
f 4190// 4184// 4185//
f 4190// 4185// 4191//
f 4191// 4185// 4186//
f 4191// 4186// 4192//
f 4192// 4186// 4187//
f 4192// 4187// 4193//
f 4193// 4187// 4142//
f 4193// 4142// 4141//
f 4168// 4171// 4169//
f 4169// 4171// 4188//
f 4169// 4188// 4194//
f 4194// 4188// 4189//
f 4194// 4189// 4195//
f 4195// 4189// 4190//
f 4195// 4190// 4196//
f 4196// 4190// 4191//
f 4196// 4191// 4197//
f 4197// 4191// 4192//
f 4197// 4192// 4198//
f 4198// 4192// 4193//
f 4198// 4193// 4199//
f 4199// 4193// 4141//
f 4199// 4141// 4140//
f 4166// 4169// 4167//
f 4167// 4169// 4194//
f 4167// 4194// 4200//
f 4200// 4194// 4195//
f 4200// 4195// 4201//
f 4201// 4195// 4196//
f 4201// 4196// 4202//
f 4202// 4196// 4197//
f 4202// 4197// 4203//
f 4203// 4197// 4198//
f 4203// 4198// 4204//
f 4204// 4198// 4199//
f 4204// 4199// 4205//
f 4205// 4199// 4140//
f 4205// 4140// 4139//
f 3629// 4167// 3726//
f 3726// 4167// 4200//
f 3726// 4200// 3734//
f 3734// 4200// 4201//
f 3734// 4201// 3731//
f 3731// 4201// 4202//
f 3731// 4202// 3729//
f 3729// 4202// 4203//
f 3729// 4203// 3727//
f 3727// 4203// 4204//
f 3727// 4204// 3719//
f 3719// 4204// 4205//
f 3719// 4205// 3720//
f 3720// 4205// 4139//
f 3720// 4139// 3723//
f 4160// 4158// 4206//
f 4157// 4156// 4207//
f 4151// 4150// 4208//
f 4208// 4145// 4209//
f 4209// 4145// 4146//
f 4209// 4146// 4210//
f 4210// 4146// 4147//
f 4210// 4147// 4211//
f 4211// 4147// 4144//
f 4211// 4144// 4212//
f 4212// 4144// 3623//
f 4150// 4149// 4208//
f 4208// 4149// 4148//
f 4208// 4148// 4145//
f 4155// 4154// 4213//
f 4213// 4154// 4153//
f 4157// 4207// 4158//
f 4214// 4159// 4160//
f 3621// 4159// 4215//
f 4215// 4159// 4214//
f 4215// 4214// 4216//
f 4216// 4214// 4217//
f 4216// 4217// 4218//
f 4218// 4217// 4219//
f 4219// 4217// 4220//
f 4219// 4220// 4221//
f 4221// 4220// 4222//
f 4222// 4220// 4223//
f 4222// 4223// 4224//
f 4224// 4223// 4225//
f 4225// 4223// 4226//
f 4225// 4226// 4227//
f 4227// 4226// 4228//
f 4228// 4226// 4229//
f 4228// 4229// 4230//
f 4230// 4229// 4231//
f 4230// 4231// 3872//
f 4152// 4151// 4232//
f 4232// 4151// 4208//
f 4232// 4208// 4233//
f 4233// 4208// 4209//
f 4233// 4209// 4234//
f 4234// 4209// 4210//
f 4234// 4210// 4235//
f 4235// 4210// 4211//
f 4235// 4211// 4236//
f 4236// 4211// 4212//
f 4236// 4212// 4237//
f 3623// 4238// 4212//
f 4212// 4238// 4239//
f 4212// 4239// 4237//
f 4237// 4239// 4240//
f 4237// 4240// 4241//
f 4241// 4242// 4237//
f 4237// 4242// 4243//
f 4237// 4243// 4236//
f 4236// 4243// 4244//
f 4236// 4244// 4235//
f 4235// 4244// 4245//
f 4235// 4245// 4234//
f 4234// 4245// 4246//
f 4234// 4246// 4233//
f 4233// 4246// 4213//
f 4233// 4213// 4232//
f 4232// 4213// 4153//
f 4232// 4153// 4152//
f 4241// 4247// 4242//
f 4242// 4247// 4248//
f 4242// 4248// 4249//
f 4249// 4250// 4242//
f 4242// 4250// 4251//
f 4242// 4251// 4243//
f 4243// 4251// 4252//
f 4243// 4252// 4244//
f 4244// 4252// 4253//
f 4244// 4253// 4245//
f 4245// 4253// 4254//
f 4245// 4254// 4246//
f 4246// 4254// 4207//
f 4246// 4207// 4213//
f 4213// 4207// 4156//
f 4213// 4156// 4155//
f 4158// 4207// 4206//
f 4206// 4207// 4254//
f 4206// 4254// 4255//
f 4255// 4254// 4253//
f 4255// 4253// 4256//
f 4256// 4253// 4252//
f 4256// 4252// 4257//
f 4257// 4252// 4251//
f 4257// 4251// 4258//
f 4258// 4251// 4250//
f 4258// 4250// 4259//
f 4249// 4260// 4250//
f 4250// 4260// 4261//
f 4250// 4261// 4259//
f 4259// 4261// 4262//
f 4259// 4262// 4263//
f 4160// 4206// 4214//
f 4214// 4206// 4255//
f 4214// 4255// 4217//
f 4217// 4255// 4256//
f 4217// 4256// 4220//
f 4220// 4256// 4257//
f 4220// 4257// 4223//
f 4223// 4257// 4258//
f 4223// 4258// 4226//
f 4226// 4258// 4259//
f 4226// 4259// 4229//
f 4229// 4259// 4263//
f 4229// 4263// 4231//
f 3671// 3669// 4264//
f 3667// 3665// 4265//
f 3657// 3655// 4266//
f 3653// 3651// 4267//
f 3643// 3641// 4268//
f 3639// 3637// 4269//
f 3676// 3682// 4270//
f 4270// 3682// 4271//
f 4270// 4271// 4272//
f 4272// 4271// 4273//
f 4272// 4273// 4274//
f 4274// 4273// 4275//
f 4274// 4275// 4276//
f 4276// 4275// 4277//
f 4276// 4277// 4278//
f 4278// 4277// 4269//
f 3688// 3687// 4279//
f 4279// 3687// 4280//
f 4279// 4280// 4281//
f 4281// 4280// 4282//
f 4281// 4282// 4283//
f 4283// 4282// 4284//
f 4283// 4284// 4285//
f 4285// 4284// 4286//
f 4285// 4286// 4287//
f 4287// 4286// 4267//
f 3691// 3690// 4288//
f 4288// 3690// 4289//
f 4288// 4289// 4290//
f 4290// 4289// 4291//
f 4290// 4291// 4292//
f 4292// 4291// 4293//
f 4292// 4293// 4294//
f 4294// 4293// 4295//
f 4294// 4295// 4296//
f 4296// 4295// 4265//
f 3674// 3676// 4161//
f 4161// 3676// 4270//
f 4161// 4270// 4162//
f 4162// 4270// 4272//
f 4162// 4272// 4163//
f 4163// 4272// 4274//
f 4163// 4274// 4164//
f 4164// 4274// 4276//
f 4164// 4276// 4165//
f 4165// 4276// 4278//
f 4165// 4278// 3631//
f 3631// 4278// 3633//
f 4269// 3637// 4278//
f 4278// 3637// 3635//
f 4278// 3635// 3633//
f 3641// 3639// 4268//
f 4268// 3639// 4269//
f 4268// 4269// 4297//
f 4297// 4269// 4277//
f 4297// 4277// 4298//
f 4298// 4277// 4275//
f 4298// 4275// 4299//
f 4299// 4275// 4273//
f 4299// 4273// 4300//
f 4300// 4273// 4271//
f 4300// 4271// 3681//
f 3681// 4271// 3682//
f 3645// 3643// 4301//
f 4301// 3643// 4268//
f 4301// 4268// 4302//
f 4302// 4268// 4297//
f 4302// 4297// 4303//
f 4303// 4297// 4298//
f 4303// 4298// 4304//
f 4304// 4298// 4299//
f 4304// 4299// 4305//
f 4305// 4299// 4300//
f 4305// 4300// 3679//
f 3679// 4300// 3681//
f 3679// 3688// 4305//
f 4305// 3688// 4279//
f 4305// 4279// 4304//
f 4304// 4279// 4281//
f 4304// 4281// 4303//
f 4303// 4281// 4283//
f 4303// 4283// 4302//
f 4302// 4283// 4285//
f 4302// 4285// 4301//
f 4301// 4285// 4287//
f 4301// 4287// 3645//
f 3645// 4287// 3647//
f 4267// 3651// 4287//
f 4287// 3651// 3649//
f 4287// 3649// 3647//
f 3687// 3694// 4280//
f 4280// 3694// 4306//
f 4280// 4306// 4282//
f 4282// 4306// 4307//
f 4282// 4307// 4284//
f 4284// 4307// 4308//
f 4284// 4308// 4286//
f 4286// 4308// 4309//
f 4286// 4309// 4267//
f 4267// 4309// 4266//
f 4267// 4266// 3653//
f 3653// 4266// 3655//
f 3659// 3657// 4310//
f 4310// 3657// 4266//
f 4310// 4266// 4311//
f 4311// 4266// 4309//
f 4311// 4309// 4312//
f 4312// 4309// 4308//
f 4312// 4308// 4313//
f 4313// 4308// 4307//
f 4313// 4307// 4314//
f 4314// 4307// 4306//
f 4314// 4306// 3693//
f 3693// 4306// 3694//
f 3693// 3691// 4314//
f 4314// 3691// 4288//
f 4314// 4288// 4313//
f 4313// 4288// 4290//
f 4313// 4290// 4312//
f 4312// 4290// 4292//
f 4312// 4292// 4311//
f 4311// 4292// 4294//
f 4311// 4294// 4310//
f 4310// 4294// 4296//
f 4310// 4296// 3659//
f 3659// 4296// 3661//
f 4265// 3665// 4296//
f 4296// 3665// 3663//
f 4296// 3663// 3661//
f 3690// 3685// 4289//
f 4289// 3685// 4315//
f 4289// 4315// 4291//
f 4291// 4315// 4316//
f 4291// 4316// 4293//
f 4293// 4316// 4317//
f 4293// 4317// 4295//
f 4295// 4317// 4318//
f 4295// 4318// 4265//
f 4265// 4318// 4264//
f 4265// 4264// 3667//
f 3667// 4264// 3669//
f 3673// 3671// 4319//
f 4319// 3671// 4264//
f 4319// 4264// 4320//
f 4320// 4264// 4318//
f 4320// 4318// 4321//
f 4321// 4318// 4317//
f 4321// 4317// 4322//
f 4322// 4317// 4316//
f 4322// 4316// 4323//
f 4323// 4316// 4315//
f 4323// 4315// 3689//
f 3689// 4315// 3685//
f 3689// 3618// 4323//
f 4323// 3618// 4324//
f 4323// 4324// 4322//
f 4322// 4324// 4325//
f 4322// 4325// 4321//
f 4321// 4325// 4326//
f 4321// 4326// 4320//
f 4320// 4326// 4327//
f 4320// 4327// 4319//
f 4319// 4327// 4328//
f 4319// 4328// 3673//
f 3673// 4328// 3615//
f 3627// 4329// 3629//
f 3629// 4329// 4166//
f 4329// 4330// 4166//
f 4166// 4330// 4331//
f 4166// 4331// 4168//
f 4331// 4332// 4168//
f 4168// 4332// 4333//
f 4168// 4333// 4170//
f 4333// 4334// 4170//
f 4170// 4334// 4335//
f 4170// 4335// 4172//
f 4336// 4337// 3624//
f 4335// 4338// 4172//
f 4172// 4338// 4339//
f 4172// 4339// 4174//
f 4174// 4339// 4340//
f 4174// 4340// 3624//
f 3624// 4340// 4341//
f 3624// 4341// 4336//
f 4337// 4342// 3624//
f 3624// 4342// 4343//
f 3624// 4343// 3622//
f 3623// 3622// 4238//
f 4238// 3622// 4344//
f 4238// 4344// 4239//
f 4239// 4344// 4345//
f 4239// 4345// 4240//
f 4240// 4345// 4346//
f 4240// 4346// 4241//
f 4241// 4346// 4347//
f 4241// 4347// 4247//
f 4247// 4347// 4348//
f 4247// 4348// 4248//
f 4248// 4348// 4349//
f 4248// 4349// 4350//
f 3870// 3872// 4351//
f 4351// 3872// 4231//
f 4351// 4231// 4352//
f 4352// 4231// 4263//
f 4352// 4263// 4353//
f 4353// 4263// 4262//
f 4353// 4262// 4354//
f 4354// 4262// 4261//
f 4354// 4261// 4355//
f 4355// 4261// 4260//
f 4355// 4260// 4350//
f 4350// 4260// 4249//
f 4350// 4249// 4248//
f 3621// 4215// 3620//
f 3620// 4215// 4356//
f 4215// 4216// 4356//
f 4356// 4216// 4218//
f 4356// 4218// 4357//
f 4357// 4218// 4219//
f 4357// 4219// 4358//
f 4358// 4219// 4221//
f 4358// 4221// 4359//
f 4221// 4222// 4359//
f 4359// 4222// 4224//
f 4359// 4224// 4360//
f 4360// 4224// 4225//
f 4360// 4225// 4361//
f 4361// 4225// 4362//
f 4225// 4227// 4362//
f 4362// 4227// 4228//
f 4362// 4228// 3873//
f 3873// 4228// 4230//
f 3873// 4230// 3872//
f 3620// 4363// 3618//
f 3618// 4363// 4324//
f 4363// 4364// 4324//
f 4324// 4364// 4365//
f 4324// 4365// 4325//
f 4365// 4366// 4325//
f 4325// 4366// 4367//
f 4325// 4367// 4326//
f 4367// 4368// 4326//
f 4326// 4368// 4369//
f 4326// 4369// 4327//
f 4370// 4328// 4371//
f 4371// 4328// 4327//
f 4371// 4327// 4372//
f 4372// 4327// 4369//
f 4370// 4373// 4328//
f 4328// 4373// 4374//
f 4328// 4374// 4375//
f 4375// 4376// 4328//
f 4328// 4376// 4377//
f 4328// 4377// 3615//
f 3615// 4377// 4378//
f 3615// 4378// 3617//
f 4379// 4380// 4381//
f 4382// 4383// 4384//
f 4385// 4386// 3870//
f 3627// 4387// 4329//
f 4329// 4387// 4388//
f 4329// 4388// 4330//
f 4330// 4388// 4389//
f 4330// 4389// 4331//
f 4331// 4389// 4332//
f 4332// 4389// 4390//
f 4332// 4390// 4333//
f 4333// 4390// 4334//
f 4334// 4390// 4391//
f 4334// 4391// 4335//
f 4335// 4391// 4392//
f 4335// 4392// 4338//
f 4338// 4392// 4393//
f 4338// 4393// 4339//
f 4339// 4393// 4394//
f 4339// 4394// 4340//
f 4395// 4396// 4397//
f 4344// 4398// 4345//
f 4345// 4398// 4399//
f 4345// 4399// 4346//
f 4346// 4399// 4347//
f 4347// 4399// 4400//
f 4347// 4400// 4348//
f 4401// 4350// 4400//
f 4400// 4350// 4349//
f 4400// 4349// 4348//
f 4402// 4354// 4401//
f 4401// 4354// 4355//
f 4401// 4355// 4350//
f 3870// 4351// 4385//
f 4385// 4351// 4352//
f 4385// 4352// 4402//
f 4402// 4352// 4353//
f 4402// 4353// 4354//
f 4398// 4403// 4399//
f 4399// 4403// 4404//
f 4399// 4404// 4400//
f 4400// 4404// 4405//
f 4400// 4405// 4401//
f 4401// 4405// 4406//
f 4401// 4406// 4402//
f 4402// 4406// 4407//
f 4402// 4407// 4385//
f 4385// 4407// 4384//
f 4385// 4384// 4386//
f 4386// 4384// 4383//
f 4403// 4408// 4404//
f 4404// 4408// 4409//
f 4404// 4409// 4405//
f 4405// 4409// 4410//
f 4405// 4410// 4406//
f 4406// 4410// 4411//
f 4406// 4411// 4407//
f 4407// 4411// 4412//
f 4407// 4412// 4384//
f 4384// 4412// 4413//
f 4384// 4413// 4382//
f 4382// 4413// 4414//
f 4408// 4395// 4409//
f 4409// 4395// 4415//
f 4409// 4415// 4410//
f 4410// 4415// 4416//
f 4410// 4416// 4411//
f 4411// 4416// 4417//
f 4411// 4417// 4412//
f 4412// 4417// 4418//
f 4412// 4418// 4413//
f 4413// 4418// 4381//
f 4413// 4381// 4414//
f 4414// 4381// 4380//
f 4387// 4379// 4388//
f 4388// 4379// 4381//
f 4388// 4381// 4389//
f 4389// 4381// 4418//
f 4389// 4418// 4390//
f 4390// 4418// 4417//
f 4390// 4417// 4391//
f 4391// 4417// 4416//
f 4391// 4416// 4392//
f 4392// 4416// 4415//
f 4392// 4415// 4393//
f 4393// 4415// 4395//
f 4393// 4395// 4394//
f 4394// 4395// 4397//
f 4394// 4397// 4340//
f 4340// 4397// 4396//
f 4340// 4396// 4341//
f 4341// 4396// 4395//
f 4341// 4395// 4336//
f 4336// 4395// 4408//
f 4336// 4408// 4337//
f 4337// 4408// 4403//
f 4337// 4403// 4342//
f 4342// 4403// 4398//
f 4342// 4398// 4343//
f 4343// 4398// 4344//
f 4343// 4344// 3622//
f 4419// 4420// 4421//
f 4377// 4421// 4378//
f 4421// 4377// 4376//
f 3617// 4378// 4421//
f 4375// 4374// 4421//
f 3620// 4422// 4363//
f 4357// 4358// 4423//
f 4360// 4361// 4424//
f 4425// 4362// 3873//
f 4363// 4422// 4364//
f 4364// 4422// 4426//
f 4364// 4426// 4365//
f 4365// 4426// 4366//
f 4366// 4426// 4427//
f 4366// 4427// 4367//
f 4367// 4427// 4368//
f 4368// 4427// 4428//
f 4368// 4428// 4369//
f 4369// 4428// 4372//
f 4372// 4428// 4429//
f 4372// 4429// 4371//
f 4371// 4429// 4370//
f 4370// 4429// 4420//
f 4370// 4420// 4373//
f 4373// 4420// 4419//
f 4373// 4419// 4374//
f 4374// 4419// 4421//
f 4376// 4375// 4421//
f 3873// 4430// 4425//
f 4425// 4430// 4431//
f 4425// 4431// 4432//
f 4431// 4433// 4432//
f 4432// 4433// 4434//
f 4432// 4434// 4435//
f 4434// 4436// 4435//
f 4435// 4436// 4437//
f 4435// 4437// 4438//
f 4356// 4357// 4439//
f 4439// 4357// 4423//
f 4439// 4423// 4440//
f 4440// 4423// 4441//
f 4440// 4441// 4442//
f 4442// 4441// 4443//
f 4442// 4443// 4444//
f 4444// 4443// 4445//
f 4444// 4445// 4446//
f 4446// 4445// 4447//
f 4446// 4447// 4448//
f 4448// 4447// 4449//
f 4448// 4449// 4421//
f 4358// 4359// 4423//
f 4423// 4359// 4450//
f 4423// 4450// 4441//
f 4441// 4450// 4451//
f 4441// 4451// 4443//
f 4443// 4451// 4452//
f 4443// 4452// 4445//
f 4445// 4452// 4453//
f 4445// 4453// 4447//
f 4447// 4453// 4454//
f 4447// 4454// 4449//
f 4449// 4454// 4455//
f 4449// 4455// 4421//
f 3620// 4356// 4422//
f 4422// 4356// 4439//
f 4422// 4439// 4426//
f 4426// 4439// 4440//
f 4426// 4440// 4427//
f 4427// 4440// 4442//
f 4427// 4442// 4428//
f 4428// 4442// 4444//
f 4428// 4444// 4429//
f 4429// 4444// 4446//
f 4429// 4446// 4420//
f 4420// 4446// 4448//
f 4420// 4448// 4421//
f 4361// 4362// 4424//
f 4424// 4362// 4425//
f 4424// 4425// 4456//
f 4456// 4425// 4432//
f 4456// 4432// 4457//
f 4457// 4432// 4435//
f 4457// 4435// 4458//
f 4458// 4435// 4438//
f 4458// 4438// 4459//
f 4459// 4438// 4460//
f 4459// 4460// 4461//
f 4461// 4460// 4462//
f 4461// 4462// 4421//
f 4437// 4463// 4438//
f 4438// 4463// 4464//
f 4438// 4464// 4460//
f 4460// 4464// 4465//
f 4460// 4465// 4462//
f 4462// 4465// 4466//
f 4462// 4466// 4421//
f 4359// 4360// 4450//
f 4450// 4360// 4424//
f 4450// 4424// 4451//
f 4451// 4424// 4456//
f 4451// 4456// 4452//
f 4452// 4456// 4457//
f 4452// 4457// 4453//
f 4453// 4457// 4458//
f 4453// 4458// 4454//
f 4454// 4458// 4459//
f 4454// 4459// 4455//
f 4455// 4459// 4461//
f 4455// 4461// 4421//
f 3627// 3626// 4467//
f 3627// 4467// 4387//
f 4387// 4467// 4468//
f 4387// 4468// 4379//
f 4379// 4468// 4380//
f 4380// 4468// 4469//
f 4380// 4469// 4414//
f 4469// 4470// 4414//
f 4414// 4470// 4471//
f 4414// 4471// 4382//
f 4382// 4471// 4383//
f 4383// 4471// 4472//
f 4383// 4472// 4386//
f 4472// 4473// 4386//
f 4386// 4473// 3871//
f 4386// 3871// 3870//
f 3616// 3617// 4474//
f 4474// 3617// 4421//
f 4474// 4421// 4475//
f 4475// 4421// 4466//
f 4475// 4466// 4476//
f 4476// 4466// 4465//
f 4476// 4465// 4477//
f 4477// 4465// 4464//
f 4477// 4464// 4478//
f 4478// 4464// 4463//
f 4478// 4463// 4479//
f 4479// 4463// 4437//
f 4479// 4437// 4480//
f 4480// 4437// 4436//
f 4480// 4436// 4481//
f 4481// 4436// 4434//
f 4481// 4434// 4482//
f 4482// 4434// 4433//
f 4482// 4433// 4483//
f 4483// 4433// 4431//
f 4483// 4431// 4484//
f 4484// 4431// 4430//
f 4484// 4430// 3871//
f 3871// 4430// 3873//
f 4485// 4486// 4474//
f 4485// 4474// 4487//
f 4488// 4487// 4474//
f 4477// 4489// 4490//
f 4479// 4480// 4491//
f 4492// 4493// 4494//
f 4495// 4496// 4497//
f 4498// 4499// 4474//
f 4500// 4474// 4501//
f 4474// 4500// 3616//
f 4499// 4501// 4474//
f 4502// 4498// 4474//
f 4503// 4486// 4504//
f 4504// 4486// 4505//
f 4506// 4507// 4508//
f 4508// 4507// 4509//
f 4510// 4467// 3626//
f 4511// 4470// 4469//
f 4512// 4472// 4471//
f 4473// 4472// 4513//
f 4513// 4472// 4512//
f 4513// 4512// 4514//
f 3871// 4473// 4484//
f 4484// 4473// 4513//
f 4484// 4513// 4483//
f 4483// 4513// 4514//
f 4483// 4514// 4482//
f 4482// 4514// 4481//
f 4480// 4481// 4491//
f 4491// 4481// 4514//
f 4491// 4514// 4515//
f 4515// 4514// 4512//
f 4515// 4512// 4511//
f 4511// 4512// 4471//
f 4511// 4471// 4470//
f 4478// 4479// 4516//
f 4516// 4479// 4491//
f 4516// 4491// 4517//
f 4517// 4491// 4515//
f 4517// 4515// 4518//
f 4518// 4515// 4511//
f 4518// 4511// 4519//
f 4519// 4511// 4469//
f 4519// 4469// 4468//
f 4520// 4508// 4521//
f 4521// 4508// 4509//
f 4521// 4509// 4522//
f 4477// 4478// 4489//
f 4489// 4478// 4516//
f 4489// 4516// 4523//
f 4523// 4516// 4517//
f 4523// 4517// 4524//
f 4524// 4517// 4518//
f 4524// 4518// 4525//
f 4525// 4518// 4519//
f 4525// 4519// 4510//
f 4510// 4519// 4468//
f 4510// 4468// 4467//
f 4490// 4489// 4526//
f 4526// 4489// 4523//
f 4526// 4523// 4527//
f 4527// 4523// 4524//
f 4527// 4524// 4528//
f 4528// 4524// 4525//
f 4528// 4525// 4529//
f 4529// 4525// 4510//
f 4529// 4510// 4530//
f 4530// 4510// 3626//
f 4530// 3626// 4531//
f 4532// 4520// 4533//
f 4533// 4520// 4521//
f 4533// 4521// 4497//
f 4497// 4521// 4522//
f 4497// 4522// 4495//
f 4488// 4532// 4487//
f 4487// 4532// 4533//
f 4487// 4533// 4485//
f 4485// 4533// 4497//
f 4485// 4497// 4486//
f 4486// 4497// 4496//
f 4486// 4496// 4505//
f 4503// 4474// 4486//
f 4504// 4502// 4503//
f 4503// 4502// 4474//
f 4474// 4475// 4490//
f 4490// 4475// 4476//
f 4490// 4476// 4477//
f 4531// 4492// 4530//
f 4530// 4492// 4494//
f 4530// 4494// 4529//
f 4529// 4494// 4534//
f 4529// 4534// 4528//
f 4528// 4534// 4535//
f 4528// 4535// 4527//
f 4527// 4535// 4536//
f 4527// 4536// 4526//
f 4526// 4536// 4537//
f 4526// 4537// 4490//
f 4490// 4537// 4474//
f 4493// 4506// 4494//
f 4494// 4506// 4508//
f 4494// 4508// 4534//
f 4534// 4508// 4520//
f 4534// 4520// 4535//
f 4535// 4520// 4532//
f 4535// 4532// 4536//
f 4536// 4532// 4488//
f 4536// 4488// 4537//
f 4537// 4488// 4474//
f 4538// 3614// 3616//
f 3616// 4500// 4538//
f 4538// 4500// 4501//
f 4538// 4501// 4499//
f 4499// 4498// 4538//
f 4538// 4498// 4502//
f 4538// 4502// 4504//
f 4504// 4505// 4538//
f 4538// 4505// 4496//
f 4538// 4496// 4539//
f 4496// 4495// 4539//
f 4539// 4495// 4522//
f 4539// 4522// 4540//
f 4522// 4509// 4540//
f 4540// 4509// 4507//
f 4540// 4507// 4541//
f 4507// 4506// 4541//
f 4541// 4506// 4493//
f 4541// 4493// 4542//
f 3626// 3628// 4531//
f 4531// 3628// 4542//
f 4531// 4542// 4492//
f 4492// 4542// 4493//
f 3634// 3636// 4543//
f 3638// 3640// 4544//
f 3648// 3650// 4545//
f 3652// 3654// 4546//
f 3662// 3664// 4547//
f 3666// 3668// 4548//
f 3725// 3736// 4549//
f 4549// 3736// 4550//
f 4549// 4550// 4551//
f 4551// 4550// 4552//
f 4551// 4552// 4553//
f 4553// 4552// 4554//
f 4553// 4554// 4555//
f 4555// 4554// 4556//
f 4555// 4556// 4557//
f 4557// 4556// 4548//
f 3732// 3730// 4558//
f 4558// 3730// 4559//
f 4558// 4559// 4560//
f 4560// 4559// 4561//
f 4560// 4561// 4562//
f 4562// 4561// 4563//
f 4562// 4563// 4564//
f 4564// 4563// 4565//
f 4564// 4565// 4566//
f 4566// 4565// 4546//
f 3738// 3737// 4567//
f 4567// 3737// 4568//
f 4567// 4568// 4569//
f 4569// 4568// 4570//
f 4569// 4570// 4571//
f 4571// 4570// 4572//
f 4571// 4572// 4573//
f 4573// 4572// 4574//
f 4573// 4574// 4575//
f 4575// 4574// 4544//
f 3628// 3725// 4542//
f 4542// 3725// 4549//
f 4542// 4549// 4541//
f 4541// 4549// 4551//
f 4541// 4551// 4540//
f 4540// 4551// 4553//
f 4540// 4553// 4539//
f 4539// 4553// 4555//
f 4539// 4555// 4538//
f 4538// 4555// 4557//
f 4538// 4557// 3614//
f 3614// 4557// 3672//
f 4548// 3668// 4557//
f 4557// 3668// 3670//
f 4557// 3670// 3672//
f 3664// 3666// 4547//
f 4547// 3666// 4548//
f 4547// 4548// 4576//
f 4576// 4548// 4556//
f 4576// 4556// 4577//
f 4577// 4556// 4554//
f 4577// 4554// 4578//
f 4578// 4554// 4552//
f 4578// 4552// 4579//
f 4579// 4552// 4550//
f 4579// 4550// 3735//
f 3735// 4550// 3736//
f 3660// 3662// 4580//
f 4580// 3662// 4547//
f 4580// 4547// 4581//
f 4581// 4547// 4576//
f 4581// 4576// 4582//
f 4582// 4576// 4577//
f 4582// 4577// 4583//
f 4583// 4577// 4578//
f 4583// 4578// 4584//
f 4584// 4578// 4579//
f 4584// 4579// 3733//
f 3733// 4579// 3735//
f 3733// 3732// 4584//
f 4584// 3732// 4558//
f 4584// 4558// 4583//
f 4583// 4558// 4560//
f 4583// 4560// 4582//
f 4582// 4560// 4562//
f 4582// 4562// 4581//
f 4581// 4562// 4564//
f 4581// 4564// 4580//
f 4580// 4564// 4566//
f 4580// 4566// 3660//
f 3660// 4566// 3658//
f 4546// 3654// 4566//
f 4566// 3654// 3656//
f 4566// 3656// 3658//
f 3650// 3652// 4545//
f 4545// 3652// 4546//
f 4545// 4546// 4585//
f 4585// 4546// 4565//
f 4585// 4565// 4586//
f 4586// 4565// 4563//
f 4586// 4563// 4587//
f 4587// 4563// 4561//
f 4587// 4561// 4588//
f 4588// 4561// 4559//
f 4588// 4559// 3728//
f 3728// 4559// 3730//
f 3646// 3648// 4589//
f 4589// 3648// 4545//
f 4589// 4545// 4590//
f 4590// 4545// 4585//
f 4590// 4585// 4591//
f 4591// 4585// 4586//
f 4591// 4586// 4592//
f 4592// 4586// 4587//
f 4592// 4587// 4593//
f 4593// 4587// 4588//
f 4593// 4588// 3739//
f 3739// 4588// 3728//
f 3739// 3738// 4593//
f 4593// 3738// 4567//
f 4593// 4567// 4592//
f 4592// 4567// 4569//
f 4592// 4569// 4591//
f 4591// 4569// 4571//
f 4591// 4571// 4590//
f 4590// 4571// 4573//
f 4590// 4573// 4589//
f 4589// 4573// 4575//
f 4589// 4575// 3646//
f 3646// 4575// 3644//
f 4544// 3640// 4575//
f 4575// 3640// 3642//
f 4575// 3642// 3644//
f 3737// 3721// 4568//
f 4568// 3721// 4594//
f 4568// 4594// 4570//
f 4570// 4594// 4595//
f 4570// 4595// 4572//
f 4572// 4595// 4596//
f 4572// 4596// 4574//
f 4574// 4596// 4597//
f 4574// 4597// 4544//
f 4544// 4597// 4543//
f 4544// 4543// 3638//
f 3638// 4543// 3636//
f 3632// 3634// 4598//
f 4598// 3634// 4543//
f 4598// 4543// 4599//
f 4599// 4543// 4597//
f 4599// 4597// 4600//
f 4600// 4597// 4596//
f 4600// 4596// 4601//
f 4601// 4596// 4595//
f 4601// 4595// 4602//
f 4602// 4595// 4594//
f 4602// 4594// 3722//
f 3722// 4594// 3721//
f 3722// 3724// 4602//
f 4602// 3724// 4603//
f 4602// 4603// 4601//
f 4601// 4603// 4604//
f 4601// 4604// 4600//
f 4600// 4604// 4605//
f 4600// 4605// 4599//
f 4599// 4605// 4606//
f 4599// 4606// 4598//
f 4598// 4606// 4607//
f 4598// 4607// 3632//
f 3632// 4607// 3630//
f 3740// 3630// 4607//
f 3740// 4607// 4608//
f 4608// 4607// 4606//
f 4608// 4606// 4609//
f 4609// 4606// 4605//
f 4609// 4605// 4610//
f 4610// 4605// 4604//
f 4610// 4604// 4611//
f 4611// 4604// 4603//
f 4611// 4603// 4612//
f 4612// 4603// 3724//
f 4612// 3724// 3746//
f 3849// 4613// 4614//
f 4613// 4615// 4616//
f 4615// 4617// 4618//
f 4617// 4619// 4620//
f 4621// 3771// 3769//
f 4619// 4621// 4622//
f 4622// 4621// 3769//
f 4622// 3769// 4623//
f 4623// 3769// 3767//
f 3761// 4624// 3763//
f 3763// 4624// 4623//
f 3763// 4623// 3765//
f 3765// 4623// 3767//
f 3759// 4625// 3761//
f 3761// 4625// 4626//
f 3761// 4626// 4624//
f 3753// 4627// 3755//
f 3755// 4627// 4625//
f 3755// 4625// 3757//
f 3757// 4625// 3759//
f 3751// 4628// 3753//
f 3753// 4628// 4629//
f 3753// 4629// 4627//
f 3751// 3749// 4628//
f 4628// 3749// 3740//
f 4628// 3740// 4608//
f 4619// 4622// 4620//
f 4620// 4622// 4623//
f 4620// 4623// 4630//
f 4630// 4623// 4624//
f 4630// 4624// 4631//
f 4631// 4624// 4626//
f 4631// 4626// 4632//
f 4632// 4626// 4625//
f 4632// 4625// 4633//
f 4633// 4625// 4627//
f 4633// 4627// 4634//
f 4634// 4627// 4629//
f 4634// 4629// 4635//
f 4635// 4629// 4628//
f 4635// 4628// 4636//
f 4636// 4628// 4608//
f 4636// 4608// 4609//
f 4617// 4620// 4618//
f 4618// 4620// 4630//
f 4618// 4630// 4637//
f 4637// 4630// 4631//
f 4637// 4631// 4638//
f 4638// 4631// 4632//
f 4638// 4632// 4639//
f 4639// 4632// 4633//
f 4639// 4633// 4640//
f 4640// 4633// 4634//
f 4640// 4634// 4641//
f 4641// 4634// 4635//
f 4641// 4635// 4642//
f 4642// 4635// 4636//
f 4642// 4636// 4643//
f 4643// 4636// 4609//
f 4643// 4609// 4610//
f 4615// 4618// 4616//
f 4616// 4618// 4637//
f 4616// 4637// 4644//
f 4644// 4637// 4638//
f 4644// 4638// 4645//
f 4645// 4638// 4639//
f 4645// 4639// 4646//
f 4646// 4639// 4640//
f 4646// 4640// 4647//
f 4647// 4640// 4641//
f 4647// 4641// 4648//
f 4648// 4641// 4642//
f 4648// 4642// 4649//
f 4649// 4642// 4643//
f 4649// 4643// 4650//
f 4650// 4643// 4610//
f 4650// 4610// 4611//
f 4613// 4616// 4614//
f 4614// 4616// 4644//
f 4614// 4644// 4651//
f 4651// 4644// 4645//
f 4651// 4645// 4652//
f 4652// 4645// 4646//
f 4652// 4646// 4653//
f 4653// 4646// 4647//
f 4653// 4647// 4654//
f 4654// 4647// 4648//
f 4654// 4648// 4655//
f 4655// 4648// 4649//
f 4655// 4649// 4656//
f 4656// 4649// 4650//
f 4656// 4650// 4657//
f 4657// 4650// 4611//
f 4657// 4611// 4612//
f 3849// 4614// 3851//
f 3851// 4614// 4651//
f 3851// 4651// 3859//
f 3859// 4651// 4652//
f 3859// 4652// 3856//
f 3856// 4652// 4653//
f 3856// 4653// 3854//
f 3854// 4653// 4654//
f 3854// 4654// 3844//
f 3844// 4654// 4655//
f 3844// 4655// 3842//
f 3842// 4655// 4656//
f 3842// 4656// 3840//
f 3840// 4656// 4657//
f 3840// 4657// 3845//
f 3845// 4657// 4612//
f 3845// 4612// 3746//
f 3849// 3862// 3884//
f 3849// 3884// 4613//
f 4613// 3884// 3883//
f 4613// 3883// 4615//
f 4615// 3883// 3882//
f 4615// 3882// 4617//
f 4617// 3882// 3875//
f 4617// 3875// 4619//
f 4619// 3875// 3874//
f 4619// 3874// 4621//
f 4621// 3874// 3864//
f 4621// 3864// 3771//
f 4658// 4659// 4660//
f 4660// 4659// 4661//
f 4662// 4663// 4664//
f 4664// 4663// 4665//
f 4666// 4667// 4668//
f 4668// 4667// 4669//
f 4670// 4671// 4672//
f 4672// 4671// 4673//
f 4659// 4658// 4674//
f 4674// 4658// 4675//
f 4674// 4675// 4676//
f 4676// 4675// 4677//
f 4676// 4677// 4678//
f 4678// 4677// 4679//
f 4678// 4679// 4680//
f 4680// 4679// 4681//
f 4680// 4681// 4682//
f 4682// 4681// 4683//
f 4682// 4683// 4684//
f 4684// 4683// 4685//
f 4684// 4685// 4686//
f 4686// 4685// 4687//
f 4686// 4687// 4688//
f 4688// 4687// 4689//
f 4688// 4689// 4690//
f 4690// 4689// 4691//
f 4690// 4691// 4692//
f 4692// 4691// 4693//
f 4692// 4693// 4694//
f 4694// 4693// 4695//
f 4694// 4695// 4696//
f 4696// 4695// 4697//
f 4696// 4697// 4698//
f 4698// 4697// 4699//
f 4698// 4699// 4700//
f 4700// 4699// 4701//
f 4700// 4701// 4702//
f 4702// 4701// 4703//
f 4702// 4703// 4704//
f 4704// 4703// 4705//
f 4704// 4705// 4706//
f 4706// 4705// 4707//
f 4706// 4707// 4708//
f 4708// 4707// 4709//
f 4708// 4709// 4710//
f 4710// 4709// 4711//
f 4710// 4711// 4712//
f 4712// 4711// 4713//
f 4712// 4713// 4714//
f 4714// 4713// 4715//
f 4714// 4715// 4716//
f 4716// 4715// 4717//
f 4718// 4719// 4720//
f 4720// 4719// 4721//
f 4722// 4723// 4724//
f 4724// 4723// 4725//
f 4724// 4725// 4721//
f 4721// 4725// 4726//
f 4721// 4726// 4720//
f 4727// 4728// 4729//
f 4730// 4731// 4722//
f 4722// 4731// 4732//
f 4722// 4732// 4723//
f 4729// 4728// 4733//
f 4733// 4728// 4663//
f 4733// 4663// 4662//
f 4729// 4734// 4727//
f 4727// 4734// 4735//
f 4727// 4735// 4736//
f 4736// 4735// 4737//
f 4736// 4737// 4730//
f 4730// 4737// 4738//
f 4730// 4738// 4731//
f 4739// 4740// 4741//
f 4741// 4740// 4742//
f 4741// 4742// 4743//
f 4743// 4742// 4744//
f 4743// 4744// 4745//
f 4745// 4744// 4746//
f 4745// 4746// 4747//
f 4747// 4746// 4748//
f 4747// 4748// 4749//
f 4749// 4748// 4750//
f 4749// 4750// 4751//
f 4751// 4750// 4752//
f 4751// 4752// 4753//
f 4753// 4752// 4754//
f 4753// 4754// 4755//
f 4755// 4754// 4756//
f 4755// 4756// 4757//
f 4757// 4756// 4758//
f 4757// 4758// 4759//
f 4759// 4758// 4760//
f 4759// 4760// 4761//
f 4761// 4760// 4762//
f 4761// 4762// 4669//
f 4669// 4762// 4668//
f 4763// 4764// 4765//
f 4765// 4764// 4766//
f 4766// 4764// 4767//
f 4766// 4767// 4768//
f 4672// 4673// 4769//
f 4769// 4673// 4770//
f 4771// 4772// 4773//
f 4773// 4772// 4774//
f 4773// 4774// 4775//
f 4774// 4776// 4775//
f 4775// 4776// 4777//
f 4775// 4777// 4778//
f 4778// 4777// 4779//
f 4778// 4779// 4770//
f 4770// 4779// 4780//
f 4770// 4780// 4769//
f 4765// 4781// 4763//
f 4763// 4781// 4782//
f 4763// 4782// 4771//
f 4771// 4782// 4783//
f 4771// 4783// 4772//
f 4784// 4785// 4717//
f 4717// 4785// 4716//
f 4786// 4787// 4718//
f 4718// 4787// 4719//
f 4740// 4739// 4788//
f 4788// 4739// 4789//
f 4768// 4767// 4790//
f 4790// 4767// 4791//
f 4792// 4793// 4794//
f 4794// 4793// 4795//
f 4794// 4795// 4796//
f 4796// 4795// 4797//
f 4796// 4797// 4798//
f 4798// 4797// 4799//
f 4798// 4799// 4800//
f 4800// 4799// 4801//
f 4800// 4801// 4802//
f 4802// 4801// 4803//
f 4802// 4803// 4804//
f 4804// 4803// 4805//
f 4804// 4805// 4806//
f 4806// 4805// 4807//
f 4806// 4807// 4808//
f 4808// 4807// 4809//
f 4808// 4809// 4810//
f 4810// 4809// 4811//
f 4810// 4811// 4812//
f 4812// 4811// 4813//
f 4812// 4813// 4814//
f 4814// 4813// 4815//
f 4814// 4815// 4784//
f 4784// 4815// 4785//
f 4787// 4786// 4816//
f 4816// 4786// 4817//
f 4818// 4819// 4820//
f 4820// 4819// 4821//
f 4821// 4819// 4822//
f 4821// 4822// 4823//
f 4820// 4824// 4818//
f 4818// 4824// 4825//
f 4818// 4825// 4826//
f 4826// 4825// 4827//
f 4826// 4827// 4817//
f 4817// 4827// 4828//
f 4817// 4828// 4816//
f 4823// 4822// 4829//
f 4829// 4822// 4830//
f 4829// 4830// 4831//
f 4831// 4830// 4832//
f 4831// 4832// 4833//
f 4833// 4832// 4834//
f 4834// 4832// 4835//
f 4834// 4835// 4836//
f 4836// 4835// 4837//
f 4836// 4837// 4838//
f 4788// 4789// 4839//
f 4839// 4789// 4840//
f 4839// 4840// 4841//
f 4841// 4840// 4842//
f 4841// 4842// 4843//
f 4843// 4842// 4844//
f 4843// 4844// 4845//
f 4845// 4844// 4846//
f 4845// 4846// 4847//
f 4847// 4846// 4848//
f 4847// 4848// 4849//
f 4849// 4848// 4850//
f 4849// 4850// 4851//
f 4851// 4850// 4852//
f 4851// 4852// 4853//
f 4853// 4852// 4854//
f 4853// 4854// 4855//
f 4855// 4854// 4856//
f 4855// 4856// 4857//
f 4857// 4856// 4858//
f 4857// 4858// 4859//
f 4859// 4858// 4860//
f 4859// 4860// 4861//
f 4861// 4860// 4862//
f 4861// 4862// 4863//
f 4863// 4862// 4864//
f 4863// 4864// 4865//
f 4865// 4864// 4866//
f 4865// 4866// 4867//
f 4867// 4866// 4868//
f 4867// 4868// 4869//
f 4869// 4868// 4870//
f 4869// 4870// 4871//
f 4871// 4870// 4872//
f 4871// 4872// 4873//
f 4873// 4872// 4874//
f 4873// 4874// 4875//
f 4875// 4874// 4876//
f 4875// 4876// 4877//
f 4877// 4876// 4878//
f 4877// 4878// 4879//
f 4879// 4878// 4880//
f 4879// 4880// 4881//
f 4881// 4880// 4882//
f 4790// 4791// 4883//
f 4884// 4885// 4886//
f 4886// 4885// 4887//
f 4886// 4887// 4888//
f 4790// 4883// 4889//
f 4889// 4883// 4890//
f 4889// 4890// 4884//
f 4884// 4890// 4891//
f 4884// 4891// 4885//
f 4892// 4893// 4894//
f 4894// 4893// 4895//
f 4887// 4896// 4888//
f 4888// 4896// 4897//
f 4888// 4897// 4898//
f 4898// 4897// 4899//
f 4898// 4899// 4900//
f 4899// 4901// 4900//
f 4900// 4901// 4902//
f 4900// 4902// 4903//
f 4903// 4902// 4904//
f 4903// 4904// 4895//
f 4895// 4904// 4905//
f 4895// 4905// 4894//
f 4893// 4892// 4906//
f 4906// 4892// 4907//
f 4908// 4909// 4792//
f 4792// 4909// 4793//
f 4910// 4911// 4837//
f 4837// 4911// 4838//
f 4881// 4882// 4912//
f 4912// 4882// 4913//
f 4914// 4915// 4916//
f 4916// 4915// 4917//
f 4909// 4910// 4918//
f 4910// 4906// 4911//
f 4911// 4906// 4907//
f 4919// 4920// 4921//
f 4912// 4907// 4922//
f 4918// 4923// 4909//
f 4909// 4923// 4924//
f 4909// 4924// 4925//
f 4925// 4924// 4926//
f 4907// 4912// 4911//
f 4911// 4912// 4913//
f 4911// 4913// 4927//
f 4919// 4921// 4928//
f 4922// 4929// 4930//
f 4910// 4909// 4906//
f 4906// 4909// 4908//
f 4906// 4908// 4921//
f 4921// 4908// 4931//
f 4921// 4931// 4928//
f 4930// 4932// 4922//
f 4922// 4932// 4933//
f 4922// 4933// 4912//
f 4927// 4934// 4935//
f 4935// 4936// 4927//
f 4927// 4936// 4937//
f 4927// 4937// 4911//
f 4838// 4911// 4937//
f 4838// 4937// 4938//
f 4938// 4937// 4936//
f 4938// 4936// 4939//
f 4939// 4936// 4935//
f 4939// 4935// 4940//
f 4940// 4935// 4934//
f 4940// 4934// 4941//
f 4941// 4934// 4927//
f 4941// 4927// 4942//
f 4942// 4927// 4913//
f 4942// 4913// 4882//
f 4878// 4876// 4943//
f 4868// 4866// 4944//
f 4864// 4862// 4945//
f 4856// 4854// 4946//
f 4846// 4844// 4947//
f 4842// 4840// 4948//
f 4825// 4824// 4949//
f 4949// 4824// 4950//
f 4949// 4950// 4951//
f 4951// 4950// 4952//
f 4951// 4952// 4953//
f 4953// 4952// 4954//
f 4953// 4954// 4955//
f 4955// 4954// 4956//
f 4955// 4956// 4957//
f 4957// 4956// 4946//
f 4833// 4834// 4958//
f 4958// 4834// 4959//
f 4958// 4959// 4960//
f 4960// 4959// 4961//
f 4960// 4961// 4962//
f 4962// 4961// 4963//
f 4962// 4963// 4964//
f 4964// 4963// 4965//
f 4964// 4965// 4966//
f 4966// 4965// 4943//
f 4787// 4816// 4967//
f 4967// 4816// 4968//
f 4967// 4968// 4969//
f 4969// 4968// 4970//
f 4969// 4970// 4971//
f 4971// 4970// 4972//
f 4971// 4972// 4973//
f 4973// 4972// 4974//
f 4973// 4974// 4975//
f 4975// 4974// 4948//
f 4975// 4948// 4789//
f 4789// 4948// 4840//
f 4816// 4828// 4968//
f 4968// 4828// 4976//
f 4968// 4976// 4970//
f 4970// 4976// 4977//
f 4970// 4977// 4972//
f 4972// 4977// 4978//
f 4972// 4978// 4974//
f 4974// 4978// 4979//
f 4974// 4979// 4948//
f 4948// 4979// 4947//
f 4948// 4947// 4842//
f 4842// 4947// 4844//
f 4848// 4846// 4980//
f 4980// 4846// 4947//
f 4980// 4947// 4981//
f 4981// 4947// 4979//
f 4981// 4979// 4982//
f 4982// 4979// 4978//
f 4982// 4978// 4983//
f 4983// 4978// 4977//
f 4983// 4977// 4984//
f 4984// 4977// 4976//
f 4984// 4976// 4827//
f 4827// 4976// 4828//
f 4827// 4825// 4984//
f 4984// 4825// 4949//
f 4984// 4949// 4983//
f 4983// 4949// 4951//
f 4983// 4951// 4982//
f 4982// 4951// 4953//
f 4982// 4953// 4981//
f 4981// 4953// 4955//
f 4981// 4955// 4980//
f 4980// 4955// 4957//
f 4980// 4957// 4848//
f 4848// 4957// 4850//
f 4946// 4854// 4957//
f 4957// 4854// 4852//
f 4957// 4852// 4850//
f 4858// 4856// 4985//
f 4985// 4856// 4946//
f 4985// 4946// 4986//
f 4986// 4946// 4956//
f 4986// 4956// 4987//
f 4987// 4956// 4954//
f 4987// 4954// 4988//
f 4988// 4954// 4952//
f 4988// 4952// 4989//
f 4989// 4952// 4950//
f 4989// 4950// 4820//
f 4820// 4950// 4824//
f 4820// 4821// 4989//
f 4989// 4821// 4990//
f 4989// 4990// 4988//
f 4988// 4990// 4991//
f 4988// 4991// 4987//
f 4987// 4991// 4992//
f 4987// 4992// 4986//
f 4986// 4992// 4993//
f 4986// 4993// 4985//
f 4985// 4993// 4994//
f 4985// 4994// 4858//
f 4858// 4994// 4860//
f 4821// 4823// 4990//
f 4990// 4823// 4995//
f 4990// 4995// 4991//
f 4991// 4995// 4996//
f 4991// 4996// 4992//
f 4992// 4996// 4997//
f 4992// 4997// 4993//
f 4993// 4997// 4998//
f 4993// 4998// 4994//
f 4994// 4998// 4945//
f 4994// 4945// 4860//
f 4860// 4945// 4862//
f 4823// 4829// 4995//
f 4995// 4829// 4999//
f 4995// 4999// 4996//
f 4996// 4999// 5000//
f 4996// 5000// 4997//
f 4997// 5000// 5001//
f 4997// 5001// 4998//
f 4998// 5001// 5002//
f 4998// 5002// 4945//
f 4945// 5002// 4944//
f 4945// 4944// 4864//
f 4864// 4944// 4866//
f 4870// 4868// 5003//
f 5003// 4868// 4944//
f 5003// 4944// 5004//
f 5004// 4944// 5002//
f 5004// 5002// 5005//
f 5005// 5002// 5001//
f 5005// 5001// 5006//
f 5006// 5001// 5000//
f 5006// 5000// 5007//
f 5007// 5000// 4999//
f 5007// 4999// 4831//
f 4831// 4999// 4829//
f 4831// 4833// 5007//
f 5007// 4833// 4958//
f 5007// 4958// 5006//
f 5006// 4958// 4960//
f 5006// 4960// 5005//
f 5005// 4960// 4962//
f 5005// 4962// 5004//
f 5004// 4962// 4964//
f 5004// 4964// 5003//
f 5003// 4964// 4966//
f 5003// 4966// 4870//
f 4870// 4966// 4872//
f 4943// 4876// 4966//
f 4966// 4876// 4874//
f 4966// 4874// 4872//
f 4880// 4878// 5008//
f 5008// 4878// 4943//
f 5008// 4943// 5009//
f 5009// 4943// 4965//
f 5009// 4965// 5010//
f 5010// 4965// 4963//
f 5010// 4963// 5011//
f 5011// 4963// 4961//
f 5011// 4961// 5012//
f 5012// 4961// 4959//
f 5012// 4959// 4836//
f 4836// 4959// 4834//
f 4836// 4838// 5012//
f 5012// 4838// 4938//
f 5012// 4938// 5011//
f 5011// 4938// 4939//
f 5011// 4939// 5010//
f 5010// 4939// 4940//
f 5010// 4940// 5009//
f 5009// 4940// 4941//
f 5009// 4941// 5008//
f 5008// 4941// 4942//
f 5008// 4942// 4880//
f 4880// 4942// 4882//
f 4881// 4912// 4933//
f 4881// 4933// 5013//
f 5013// 4933// 4932//
f 5013// 4932// 5014//
f 5014// 4932// 4930//
f 5014// 4930// 5015//
f 5015// 4930// 4929//
f 5015// 4929// 5016//
f 5016// 4929// 4922//
f 5016// 4922// 5017//
f 5017// 4922// 4907//
f 5017// 4907// 4892//
f 4789// 4739// 5018//
f 4789// 5018// 4975//
f 4975// 5018// 5019//
f 4975// 5019// 4973//
f 4973// 5019// 5020//
f 4973// 5020// 4971//
f 4971// 5020// 5021//
f 4971// 5021// 4969//
f 4969// 5021// 5022//
f 4969// 5022// 4967//
f 4967// 5022// 4719//
f 4967// 4719// 4787//
f 4793// 4909// 4925//
f 4793// 4925// 5023//
f 5023// 4925// 4926//
f 5023// 4926// 5024//
f 5024// 4926// 4924//
f 5024// 4924// 5025//
f 5025// 4924// 4923//
f 5025// 4923// 5026//
f 5026// 4923// 4918//
f 5026// 4918// 5027//
f 5027// 4918// 4910//
f 5027// 4910// 4837//
f 4841// 4843// 5028//
f 4851// 4853// 5029//
f 4855// 4857// 5030//
f 4863// 4865// 5031//
f 4873// 4875// 5032//
f 4877// 4879// 5033//
f 4902// 4901// 5034//
f 5034// 4901// 5035//
f 5034// 5035// 5036//
f 5036// 5035// 5037//
f 5036// 5037// 5038//
f 5038// 5037// 5039//
f 5038// 5039// 5040//
f 5040// 5039// 5041//
f 5040// 5041// 5042//
f 5042// 5041// 5031//
f 4891// 4890// 5043//
f 5043// 4890// 5044//
f 5043// 5044// 5045//
f 5045// 5044// 5046//
f 5045// 5046// 5047//
f 5047// 5046// 5048//
f 5047// 5048// 5049//
f 5049// 5048// 5050//
f 5049// 5050// 5051//
f 5051// 5050// 5028//
f 4892// 4894// 5017//
f 5017// 4894// 5052//
f 5017// 5052// 5016//
f 5016// 5052// 5053//
f 5016// 5053// 5015//
f 5015// 5053// 5054//
f 5015// 5054// 5014//
f 5014// 5054// 5055//
f 5014// 5055// 5013//
f 5013// 5055// 5033//
f 5013// 5033// 4881//
f 4881// 5033// 4879//
f 4894// 4905// 5052//
f 5052// 4905// 5056//
f 5052// 5056// 5053//
f 5053// 5056// 5057//
f 5053// 5057// 5054//
f 5054// 5057// 5058//
f 5054// 5058// 5055//
f 5055// 5058// 5059//
f 5055// 5059// 5033//
f 5033// 5059// 5032//
f 5033// 5032// 4877//
f 4877// 5032// 4875//
f 4871// 4873// 5060//
f 5060// 4873// 5032//
f 5060// 5032// 5061//
f 5061// 5032// 5059//
f 5061// 5059// 5062//
f 5062// 5059// 5058//
f 5062// 5058// 5063//
f 5063// 5058// 5057//
f 5063// 5057// 5064//
f 5064// 5057// 5056//
f 5064// 5056// 4904//
f 4904// 5056// 4905//
f 4904// 4902// 5064//
f 5064// 4902// 5034//
f 5064// 5034// 5063//
f 5063// 5034// 5036//
f 5063// 5036// 5062//
f 5062// 5036// 5038//
f 5062// 5038// 5061//
f 5061// 5038// 5040//
f 5061// 5040// 5060//
f 5060// 5040// 5042//
f 5060// 5042// 4871//
f 4871// 5042// 4869//
f 5031// 4865// 5042//
f 5042// 4865// 4867//
f 5042// 4867// 4869//
f 4861// 4863// 5065//
f 5065// 4863// 5031//
f 5065// 5031// 5066//
f 5066// 5031// 5041//
f 5066// 5041// 5067//
f 5067// 5041// 5039//
f 5067// 5039// 5068//
f 5068// 5039// 5037//
f 5068// 5037// 5069//
f 5069// 5037// 5035//
f 5069// 5035// 4899//
f 4899// 5035// 4901//
f 4899// 4897// 5069//
f 5069// 4897// 5070//
f 5069// 5070// 5068//
f 5068// 5070// 5071//
f 5068// 5071// 5067//
f 5067// 5071// 5072//
f 5067// 5072// 5066//
f 5066// 5072// 5073//
f 5066// 5073// 5065//
f 5065// 5073// 5074//
f 5065// 5074// 4861//
f 4861// 5074// 4859//
f 4897// 4896// 5070//
f 5070// 4896// 5075//
f 5070// 5075// 5071//
f 5071// 5075// 5076//
f 5071// 5076// 5072//
f 5072// 5076// 5077//
f 5072// 5077// 5073//
f 5073// 5077// 5078//
f 5073// 5078// 5074//
f 5074// 5078// 5030//
f 5074// 5030// 4859//
f 4859// 5030// 4857//
f 4896// 4887// 5075//
f 5075// 4887// 5079//
f 5075// 5079// 5076//
f 5076// 5079// 5080//
f 5076// 5080// 5077//
f 5077// 5080// 5081//
f 5077// 5081// 5078//
f 5078// 5081// 5082//
f 5078// 5082// 5030//
f 5030// 5082// 5029//
f 5030// 5029// 4855//
f 4855// 5029// 4853//
f 4849// 4851// 5083//
f 5083// 4851// 5029//
f 5083// 5029// 5084//
f 5084// 5029// 5082//
f 5084// 5082// 5085//
f 5085// 5082// 5081//
f 5085// 5081// 5086//
f 5086// 5081// 5080//
f 5086// 5080// 5087//
f 5087// 5080// 5079//
f 5087// 5079// 4885//
f 4885// 5079// 4887//
f 4885// 4891// 5087//
f 5087// 4891// 5043//
f 5087// 5043// 5086//
f 5086// 5043// 5045//
f 5086// 5045// 5085//
f 5085// 5045// 5047//
f 5085// 5047// 5084//
f 5084// 5047// 5049//
f 5084// 5049// 5083//
f 5083// 5049// 5051//
f 5083// 5051// 4849//
f 4849// 5051// 4847//
f 5028// 4843// 5051//
f 5051// 4843// 4845//
f 5051// 4845// 4847//
f 4839// 4841// 5088//
f 5088// 4841// 5028//
f 5088// 5028// 5089//
f 5089// 5028// 5050//
f 5089// 5050// 5090//
f 5090// 5050// 5048//
f 5090// 5048// 5091//
f 5091// 5048// 5046//
f 5091// 5046// 5092//
f 5092// 5046// 5044//
f 5092// 5044// 4883//
f 4883// 5044// 4890//
f 4883// 4791// 5092//
f 5092// 4791// 5093//
f 5092// 5093// 5091//
f 5091// 5093// 5094//
f 5091// 5094// 5090//
f 5090// 5094// 5095//
f 5090// 5095// 5089//
f 5089// 5095// 5096//
f 5089// 5096// 5088//
f 5088// 5096// 5097//
f 5088// 5097// 4839//
f 4839// 5097// 4788//
f 4719// 5022// 5098//
f 5022// 5021// 5099//
f 5021// 5020// 5100//
f 5020// 5019// 5101//
f 5019// 5018// 5102//
f 4747// 5103// 4745//
f 4745// 5103// 5104//
f 4745// 5104// 4743//
f 4743// 5104// 5102//
f 4743// 5102// 4741//
f 4741// 5102// 5018//
f 4741// 5018// 4739//
f 4747// 4749// 5103//
f 5103// 4749// 4751//
f 5103// 4751// 5105//
f 5105// 4751// 4753//
f 5105// 4753// 5106//
f 5106// 4753// 4755//
f 5106// 4755// 5107//
f 5107// 4755// 4757//
f 5107// 4757// 5108//
f 5108// 4757// 4759//
f 4759// 4761// 5108//
f 5108// 4761// 4669//
f 5108// 4669// 5109//
f 5019// 5102// 5101//
f 5101// 5102// 5104//
f 5101// 5104// 5110//
f 5110// 5104// 5103//
f 5110// 5103// 5111//
f 5111// 5103// 5105//
f 5111// 5105// 5112//
f 5112// 5105// 5106//
f 5112// 5106// 5113//
f 5113// 5106// 5107//
f 5113// 5107// 5114//
f 5114// 5107// 5108//
f 5114// 5108// 5115//
f 5115// 5108// 5109//
f 5115// 5109// 5116//
f 5020// 5101// 5100//
f 5100// 5101// 5110//
f 5100// 5110// 5117//
f 5117// 5110// 5111//
f 5117// 5111// 5118//
f 5118// 5111// 5112//
f 5118// 5112// 5119//
f 5119// 5112// 5113//
f 5119// 5113// 5120//
f 5120// 5113// 5114//
f 5120// 5114// 5121//
f 5121// 5114// 5115//
f 5121// 5115// 5122//
f 5122// 5115// 5116//
f 5122// 5116// 5123//
f 5021// 5100// 5099//
f 5099// 5100// 5117//
f 5099// 5117// 5124//
f 5124// 5117// 5118//
f 5124// 5118// 5125//
f 5125// 5118// 5119//
f 5125// 5119// 5126//
f 5126// 5119// 5120//
f 5126// 5120// 5127//
f 5127// 5120// 5121//
f 5127// 5121// 5128//
f 5128// 5121// 5122//
f 5128// 5122// 5129//
f 5129// 5122// 5123//
f 5129// 5123// 5130//
f 5022// 5099// 5098//
f 5098// 5099// 5124//
f 5098// 5124// 5131//
f 5131// 5124// 5125//
f 5131// 5125// 5132//
f 5132// 5125// 5126//
f 5132// 5126// 5133//
f 5133// 5126// 5127//
f 5133// 5127// 5134//
f 5134// 5127// 5128//
f 5134// 5128// 5135//
f 5135// 5128// 5129//
f 5135// 5129// 5136//
f 5136// 5129// 5130//
f 5136// 5130// 5137//
f 4719// 5098// 4721//
f 4721// 5098// 5131//
f 4721// 5131// 4724//
f 4724// 5131// 5132//
f 4724// 5132// 4722//
f 4722// 5132// 5133//
f 4722// 5133// 4730//
f 4730// 5133// 5134//
f 4730// 5134// 4736//
f 4736// 5134// 5135//
f 4736// 5135// 4727//
f 4727// 5135// 5136//
f 4727// 5136// 4728//
f 4728// 5136// 5137//
f 4728// 5137// 4663//
f 4786// 5138// 5139//
f 5138// 5140// 5141//
f 5140// 5142// 5143//
f 5142// 5144// 5145//
f 5144// 5146// 5147//
f 5146// 4785// 4815//
f 5146// 4815// 5147//
f 5147// 4815// 4813//
f 5147// 4813// 5148//
f 4807// 5149// 4809//
f 4809// 5149// 5148//
f 4809// 5148// 4811//
f 4811// 5148// 4813//
f 4805// 5150// 4807//
f 4807// 5150// 5151//
f 4807// 5151// 5149//
f 4805// 4803// 5150//
f 5150// 4803// 4801//
f 5150// 4801// 5152//
f 5152// 4801// 4799//
f 5152// 4799// 5153//
f 5153// 4799// 4797//
f 5153// 4797// 5154//
f 4797// 4795// 5154//
f 5154// 4795// 4793//
f 5154// 4793// 5023//
f 5144// 5147// 5145//
f 5145// 5147// 5148//
f 5145// 5148// 5155//
f 5155// 5148// 5149//
f 5155// 5149// 5156//
f 5156// 5149// 5151//
f 5156// 5151// 5157//
f 5157// 5151// 5150//
f 5157// 5150// 5158//
f 5158// 5150// 5152//
f 5158// 5152// 5159//
f 5159// 5152// 5153//
f 5159// 5153// 5160//
f 5160// 5153// 5154//
f 5160// 5154// 5161//
f 5161// 5154// 5023//
f 5161// 5023// 5024//
f 5142// 5145// 5143//
f 5143// 5145// 5155//
f 5143// 5155// 5162//
f 5162// 5155// 5156//
f 5162// 5156// 5163//
f 5163// 5156// 5157//
f 5163// 5157// 5164//
f 5164// 5157// 5158//
f 5164// 5158// 5165//
f 5165// 5158// 5159//
f 5165// 5159// 5166//
f 5166// 5159// 5160//
f 5166// 5160// 5167//
f 5167// 5160// 5161//
f 5167// 5161// 5168//
f 5168// 5161// 5024//
f 5168// 5024// 5025//
f 5140// 5143// 5141//
f 5141// 5143// 5162//
f 5141// 5162// 5169//
f 5169// 5162// 5163//
f 5169// 5163// 5170//
f 5170// 5163// 5164//
f 5170// 5164// 5171//
f 5171// 5164// 5165//
f 5171// 5165// 5172//
f 5172// 5165// 5166//
f 5172// 5166// 5173//
f 5173// 5166// 5167//
f 5173// 5167// 5174//
f 5174// 5167// 5168//
f 5174// 5168// 5175//
f 5175// 5168// 5025//
f 5175// 5025// 5026//
f 5138// 5141// 5139//
f 5139// 5141// 5169//
f 5139// 5169// 5176//
f 5176// 5169// 5170//
f 5176// 5170// 5177//
f 5177// 5170// 5171//
f 5177// 5171// 5178//
f 5178// 5171// 5172//
f 5178// 5172// 5179//
f 5179// 5172// 5173//
f 5179// 5173// 5180//
f 5180// 5173// 5174//
f 5180// 5174// 5181//
f 5181// 5174// 5175//
f 5181// 5175// 5182//
f 5182// 5175// 5026//
f 5182// 5026// 5027//
f 4786// 5139// 4817//
f 4817// 5139// 5176//
f 4817// 5176// 4826//
f 4826// 5176// 5177//
f 4826// 5177// 4818//
f 4818// 5177// 5178//
f 4818// 5178// 4819//
f 4819// 5178// 5179//
f 4819// 5179// 4822//
f 4822// 5179// 5180//
f 4822// 5180// 4830//
f 4830// 5180// 5181//
f 4830// 5181// 4832//
f 4832// 5181// 5182//
f 4832// 5182// 4835//
f 4835// 5182// 5027//
f 4835// 5027// 4837//
f 4791// 4767// 5183//
f 4791// 5183// 5093//
f 5093// 5183// 5184//
f 5093// 5184// 5094//
f 5094// 5184// 5185//
f 5094// 5185// 5095//
f 5095// 5185// 5186//
f 5095// 5186// 5096//
f 5096// 5186// 5187//
f 5096// 5187// 5097//
f 5097// 5187// 4740//
f 5097// 4740// 4788//
f 4669// 4667// 5188//
f 5189// 5109// 5190//
f 5190// 5109// 4669//
f 5190// 4669// 5191//
f 5191// 4669// 5188//
f 5189// 5192// 5109//
f 5109// 5192// 5193//
f 5109// 5193// 5116//
f 5193// 5194// 5116//
f 5116// 5194// 5195//
f 5116// 5195// 5196//
f 5196// 5197// 5116//
f 5116// 5197// 5198//
f 5116// 5198// 5123//
f 5198// 5199// 5123//
f 5123// 5199// 5200//
f 5123// 5200// 5130//
f 5200// 5201// 5130//
f 5130// 5201// 5202//
f 5130// 5202// 5137//
f 4665// 4663// 5203//
f 5203// 4663// 5137//
f 5203// 5137// 5204//
f 5204// 5137// 5202//
f 4786// 4718// 5205//
f 4786// 5205// 5138//
f 5138// 5205// 5206//
f 5138// 5206// 5140//
f 5140// 5206// 5207//
f 5140// 5207// 5142//
f 5142// 5207// 5208//
f 5142// 5208// 5144//
f 5144// 5208// 5209//
f 5144// 5209// 5146//
f 5146// 5209// 4716//
f 5146// 4716// 4785//
f 4673// 5210// 5211//
f 5210// 5212// 5213//
f 5212// 5214// 5215//
f 5214// 5216// 5217//
f 5216// 5218// 5219//
f 4756// 5220// 4758//
f 4758// 5220// 5221//
f 4758// 5221// 4760//
f 4760// 5221// 5219//
f 4760// 5219// 4762//
f 4762// 5219// 5218//
f 4762// 5218// 4668//
f 4756// 4754// 5220//
f 5220// 4754// 4752//
f 5220// 4752// 5222//
f 5222// 4752// 4750//
f 5222// 4750// 5223//
f 5223// 4750// 4748//
f 5223// 4748// 5224//
f 5224// 4748// 4746//
f 5224// 4746// 5225//
f 5225// 4746// 4744//
f 4744// 4742// 5225//
f 5225// 4742// 4740//
f 5225// 4740// 5187//
f 5216// 5219// 5217//
f 5217// 5219// 5221//
f 5217// 5221// 5226//
f 5226// 5221// 5220//
f 5226// 5220// 5227//
f 5227// 5220// 5222//
f 5227// 5222// 5228//
f 5228// 5222// 5223//
f 5228// 5223// 5229//
f 5229// 5223// 5224//
f 5229// 5224// 5230//
f 5230// 5224// 5225//
f 5230// 5225// 5231//
f 5231// 5225// 5187//
f 5231// 5187// 5186//
f 5214// 5217// 5215//
f 5215// 5217// 5226//
f 5215// 5226// 5232//
f 5232// 5226// 5227//
f 5232// 5227// 5233//
f 5233// 5227// 5228//
f 5233// 5228// 5234//
f 5234// 5228// 5229//
f 5234// 5229// 5235//
f 5235// 5229// 5230//
f 5235// 5230// 5236//
f 5236// 5230// 5231//
f 5236// 5231// 5237//
f 5237// 5231// 5186//
f 5237// 5186// 5185//
f 5212// 5215// 5213//
f 5213// 5215// 5232//
f 5213// 5232// 5238//
f 5238// 5232// 5233//
f 5238// 5233// 5239//
f 5239// 5233// 5234//
f 5239// 5234// 5240//
f 5240// 5234// 5235//
f 5240// 5235// 5241//
f 5241// 5235// 5236//
f 5241// 5236// 5242//
f 5242// 5236// 5237//
f 5242// 5237// 5243//
f 5243// 5237// 5185//
f 5243// 5185// 5184//
f 5210// 5213// 5211//
f 5211// 5213// 5238//
f 5211// 5238// 5244//
f 5244// 5238// 5239//
f 5244// 5239// 5245//
f 5245// 5239// 5240//
f 5245// 5240// 5246//
f 5246// 5240// 5241//
f 5246// 5241// 5247//
f 5247// 5241// 5242//
f 5247// 5242// 5248//
f 5248// 5242// 5243//
f 5248// 5243// 5249//
f 5249// 5243// 5184//
f 5249// 5184// 5183//
f 4673// 5211// 4770//
f 4770// 5211// 5244//
f 4770// 5244// 4778//
f 4778// 5244// 5245//
f 4778// 5245// 4775//
f 4775// 5245// 5246//
f 4775// 5246// 4773//
f 4773// 5246// 5247//
f 4773// 5247// 4771//
f 4771// 5247// 5248//
f 4771// 5248// 4763//
f 4763// 5248// 5249//
f 4763// 5249// 4764//
f 4764// 5249// 5183//
f 4764// 5183// 4767//
f 5204// 5202// 5250//
f 5201// 5200// 5251//
f 5195// 5194// 5252//
f 5252// 5189// 5253//
f 5253// 5189// 5190//
f 5253// 5190// 5254//
f 5254// 5190// 5191//
f 5254// 5191// 5255//
f 5255// 5191// 5188//
f 5255// 5188// 5256//
f 5256// 5188// 4667//
f 5194// 5193// 5252//
f 5252// 5193// 5192//
f 5252// 5192// 5189//
f 5199// 5198// 5257//
f 5257// 5198// 5197//
f 5201// 5251// 5202//
f 5258// 5203// 5204//
f 4665// 5203// 5259//
f 5259// 5203// 5258//
f 5259// 5258// 5260//
f 5260// 5258// 5261//
f 5260// 5261// 5262//
f 5262// 5261// 5263//
f 5263// 5261// 5264//
f 5263// 5264// 5265//
f 5265// 5264// 5266//
f 5266// 5264// 5267//
f 5266// 5267// 5268//
f 5268// 5267// 5269//
f 5269// 5267// 5270//
f 5269// 5270// 5271//
f 5271// 5270// 5272//
f 5272// 5270// 5273//
f 5272// 5273// 5274//
f 5274// 5273// 5275//
f 5274// 5275// 4916//
f 5196// 5195// 5276//
f 5276// 5195// 5252//
f 5276// 5252// 5277//
f 5277// 5252// 5253//
f 5277// 5253// 5278//
f 5278// 5253// 5254//
f 5278// 5254// 5279//
f 5279// 5254// 5255//
f 5279// 5255// 5280//
f 5280// 5255// 5256//
f 5280// 5256// 5281//
f 4667// 5282// 5256//
f 5256// 5282// 5283//
f 5256// 5283// 5281//
f 5281// 5283// 5284//
f 5281// 5284// 5285//
f 5285// 5286// 5281//
f 5281// 5286// 5287//
f 5281// 5287// 5280//
f 5280// 5287// 5288//
f 5280// 5288// 5279//
f 5279// 5288// 5289//
f 5279// 5289// 5278//
f 5278// 5289// 5290//
f 5278// 5290// 5277//
f 5277// 5290// 5257//
f 5277// 5257// 5276//
f 5276// 5257// 5197//
f 5276// 5197// 5196//
f 5285// 5291// 5286//
f 5286// 5291// 5292//
f 5286// 5292// 5293//
f 5293// 5294// 5286//
f 5286// 5294// 5295//
f 5286// 5295// 5287//
f 5287// 5295// 5296//
f 5287// 5296// 5288//
f 5288// 5296// 5297//
f 5288// 5297// 5289//
f 5289// 5297// 5298//
f 5289// 5298// 5290//
f 5290// 5298// 5251//
f 5290// 5251// 5257//
f 5257// 5251// 5200//
f 5257// 5200// 5199//
f 5202// 5251// 5250//
f 5250// 5251// 5298//
f 5250// 5298// 5299//
f 5299// 5298// 5297//
f 5299// 5297// 5300//
f 5300// 5297// 5296//
f 5300// 5296// 5301//
f 5301// 5296// 5295//
f 5301// 5295// 5302//
f 5302// 5295// 5294//
f 5302// 5294// 5303//
f 5293// 5304// 5294//
f 5294// 5304// 5305//
f 5294// 5305// 5303//
f 5303// 5305// 5306//
f 5303// 5306// 5307//
f 5204// 5250// 5258//
f 5258// 5250// 5299//
f 5258// 5299// 5261//
f 5261// 5299// 5300//
f 5261// 5300// 5264//
f 5264// 5300// 5301//
f 5264// 5301// 5267//
f 5267// 5301// 5302//
f 5267// 5302// 5270//
f 5270// 5302// 5303//
f 5270// 5303// 5273//
f 5273// 5303// 5307//
f 5273// 5307// 5275//
f 4676// 4678// 5308//
f 4680// 4682// 5309//
f 4690// 4692// 5310//
f 4694// 4696// 5311//
f 4704// 4706// 5312//
f 4708// 4710// 5313//
f 4720// 4726// 5314//
f 5314// 4726// 5315//
f 5314// 5315// 5316//
f 5316// 5315// 5317//
f 5316// 5317// 5318//
f 5318// 5317// 5319//
f 5318// 5319// 5320//
f 5320// 5319// 5321//
f 5320// 5321// 5322//
f 5322// 5321// 5313//
f 4732// 4731// 5323//
f 5323// 4731// 5324//
f 5323// 5324// 5325//
f 5325// 5324// 5326//
f 5325// 5326// 5327//
f 5327// 5326// 5328//
f 5327// 5328// 5329//
f 5329// 5328// 5330//
f 5329// 5330// 5331//
f 5331// 5330// 5311//
f 4735// 4734// 5332//
f 5332// 4734// 5333//
f 5332// 5333// 5334//
f 5334// 5333// 5335//
f 5334// 5335// 5336//
f 5336// 5335// 5337//
f 5336// 5337// 5338//
f 5338// 5337// 5339//
f 5338// 5339// 5340//
f 5340// 5339// 5309//
f 4718// 4720// 5205//
f 5205// 4720// 5314//
f 5205// 5314// 5206//
f 5206// 5314// 5316//
f 5206// 5316// 5207//
f 5207// 5316// 5318//
f 5207// 5318// 5208//
f 5208// 5318// 5320//
f 5208// 5320// 5209//
f 5209// 5320// 5322//
f 5209// 5322// 4716//
f 4716// 5322// 4714//
f 5313// 4710// 5322//
f 5322// 4710// 4712//
f 5322// 4712// 4714//
f 4706// 4708// 5312//
f 5312// 4708// 5313//
f 5312// 5313// 5341//
f 5341// 5313// 5321//
f 5341// 5321// 5342//
f 5342// 5321// 5319//
f 5342// 5319// 5343//
f 5343// 5319// 5317//
f 5343// 5317// 5344//
f 5344// 5317// 5315//
f 5344// 5315// 4725//
f 4725// 5315// 4726//
f 4702// 4704// 5345//
f 5345// 4704// 5312//
f 5345// 5312// 5346//
f 5346// 5312// 5341//
f 5346// 5341// 5347//
f 5347// 5341// 5342//
f 5347// 5342// 5348//
f 5348// 5342// 5343//
f 5348// 5343// 5349//
f 5349// 5343// 5344//
f 5349// 5344// 4723//
f 4723// 5344// 4725//
f 4723// 4732// 5349//
f 5349// 4732// 5323//
f 5349// 5323// 5348//
f 5348// 5323// 5325//
f 5348// 5325// 5347//
f 5347// 5325// 5327//
f 5347// 5327// 5346//
f 5346// 5327// 5329//
f 5346// 5329// 5345//
f 5345// 5329// 5331//
f 5345// 5331// 4702//
f 4702// 5331// 4700//
f 5311// 4696// 5331//
f 5331// 4696// 4698//
f 5331// 4698// 4700//
f 4731// 4738// 5324//
f 5324// 4738// 5350//
f 5324// 5350// 5326//
f 5326// 5350// 5351//
f 5326// 5351// 5328//
f 5328// 5351// 5352//
f 5328// 5352// 5330//
f 5330// 5352// 5353//
f 5330// 5353// 5311//
f 5311// 5353// 5310//
f 5311// 5310// 4694//
f 4694// 5310// 4692//
f 4688// 4690// 5354//
f 5354// 4690// 5310//
f 5354// 5310// 5355//
f 5355// 5310// 5353//
f 5355// 5353// 5356//
f 5356// 5353// 5352//
f 5356// 5352// 5357//
f 5357// 5352// 5351//
f 5357// 5351// 5358//
f 5358// 5351// 5350//
f 5358// 5350// 4737//
f 4737// 5350// 4738//
f 4737// 4735// 5358//
f 5358// 4735// 5332//
f 5358// 5332// 5357//
f 5357// 5332// 5334//
f 5357// 5334// 5356//
f 5356// 5334// 5336//
f 5356// 5336// 5355//
f 5355// 5336// 5338//
f 5355// 5338// 5354//
f 5354// 5338// 5340//
f 5354// 5340// 4688//
f 4688// 5340// 4686//
f 5309// 4682// 5340//
f 5340// 4682// 4684//
f 5340// 4684// 4686//
f 4734// 4729// 5333//
f 5333// 4729// 5359//
f 5333// 5359// 5335//
f 5335// 5359// 5360//
f 5335// 5360// 5337//
f 5337// 5360// 5361//
f 5337// 5361// 5339//
f 5339// 5361// 5362//
f 5339// 5362// 5309//
f 5309// 5362// 5308//
f 5309// 5308// 4680//
f 4680// 5308// 4678//
f 4674// 4676// 5363//
f 5363// 4676// 5308//
f 5363// 5308// 5364//
f 5364// 5308// 5362//
f 5364// 5362// 5365//
f 5365// 5362// 5361//
f 5365// 5361// 5366//
f 5366// 5361// 5360//
f 5366// 5360// 5367//
f 5367// 5360// 5359//
f 5367// 5359// 4733//
f 4733// 5359// 4729//
f 4733// 4662// 5367//
f 5367// 4662// 5368//
f 5367// 5368// 5366//
f 5366// 5368// 5369//
f 5366// 5369// 5365//
f 5365// 5369// 5370//
f 5365// 5370// 5364//
f 5364// 5370// 5371//
f 5364// 5371// 5363//
f 5363// 5371// 5372//
f 5363// 5372// 4674//
f 4674// 5372// 4659//
f 4671// 5373// 4673//
f 4673// 5373// 5210//
f 5373// 5374// 5210//
f 5210// 5374// 5375//
f 5210// 5375// 5212//
f 5375// 5376// 5212//
f 5212// 5376// 5377//
f 5212// 5377// 5214//
f 5377// 5378// 5214//
f 5214// 5378// 5379//
f 5214// 5379// 5216//
f 5380// 5381// 4668//
f 5379// 5382// 5216//
f 5216// 5382// 5383//
f 5216// 5383// 5218//
f 5218// 5383// 5384//
f 5218// 5384// 4668//
f 4668// 5384// 5385//
f 4668// 5385// 5380//
f 5381// 5386// 4668//
f 4668// 5386// 5387//
f 4668// 5387// 4666//
f 4667// 4666// 5282//
f 5282// 4666// 5388//
f 5282// 5388// 5283//
f 5283// 5388// 5389//
f 5283// 5389// 5284//
f 5284// 5389// 5390//
f 5284// 5390// 5285//
f 5285// 5390// 5391//
f 5285// 5391// 5291//
f 5291// 5391// 5392//
f 5291// 5392// 5292//
f 5292// 5392// 5393//
f 5292// 5393// 5394//
f 4914// 4916// 5395//
f 5395// 4916// 5275//
f 5395// 5275// 5396//
f 5396// 5275// 5307//
f 5396// 5307// 5397//
f 5397// 5307// 5306//
f 5397// 5306// 5398//
f 5398// 5306// 5305//
f 5398// 5305// 5399//
f 5399// 5305// 5304//
f 5399// 5304// 5394//
f 5394// 5304// 5293//
f 5394// 5293// 5292//
f 4665// 5259// 4664//
f 4664// 5259// 5400//
f 5259// 5260// 5400//
f 5400// 5260// 5262//
f 5400// 5262// 5401//
f 5401// 5262// 5263//
f 5401// 5263// 5402//
f 5402// 5263// 5265//
f 5402// 5265// 5403//
f 5265// 5266// 5403//
f 5403// 5266// 5268//
f 5403// 5268// 5404//
f 5404// 5268// 5269//
f 5404// 5269// 5405//
f 5405// 5269// 5271//
f 5405// 5271// 5406//
f 5406// 5271// 5272//
f 5406// 5272// 4917//
f 4917// 5272// 5274//
f 4917// 5274// 4916//
f 4664// 5407// 4662//
f 4662// 5407// 5368//
f 5407// 5408// 5368//
f 5368// 5408// 5409//
f 5368// 5409// 5369//
f 5409// 5410// 5369//
f 5369// 5410// 5411//
f 5369// 5411// 5370//
f 5411// 5412// 5370//
f 5370// 5412// 5413//
f 5370// 5413// 5371//
f 5414// 5372// 5415//
f 5415// 5372// 5371//
f 5415// 5371// 5416//
f 5416// 5371// 5413//
f 5414// 5417// 5372//
f 5372// 5417// 5418//
f 5372// 5418// 5419//
f 5419// 5420// 5372//
f 5372// 5420// 5421//
f 5372// 5421// 4659//
f 4659// 5421// 5422//
f 4659// 5422// 4661//
f 5423// 5424// 5425//
f 5426// 5427// 5428//
f 5429// 5430// 4914//
f 4671// 5431// 5373//
f 5373// 5431// 5432//
f 5373// 5432// 5374//
f 5374// 5432// 5433//
f 5374// 5433// 5375//
f 5375// 5433// 5376//
f 5376// 5433// 5434//
f 5376// 5434// 5377//
f 5377// 5434// 5378//
f 5378// 5434// 5435//
f 5378// 5435// 5379//
f 5379// 5435// 5436//
f 5379// 5436// 5382//
f 5382// 5436// 5437//
f 5382// 5437// 5383//
f 5383// 5437// 5438//
f 5383// 5438// 5384//
f 5439// 5440// 5441//
f 5388// 5442// 5389//
f 5389// 5442// 5443//
f 5389// 5443// 5390//
f 5390// 5443// 5391//
f 5391// 5443// 5444//
f 5391// 5444// 5392//
f 5445// 5394// 5444//
f 5444// 5394// 5393//
f 5444// 5393// 5392//
f 5446// 5398// 5445//
f 5445// 5398// 5399//
f 5445// 5399// 5394//
f 4914// 5395// 5429//
f 5429// 5395// 5396//
f 5429// 5396// 5446//
f 5446// 5396// 5397//
f 5446// 5397// 5398//
f 5442// 5447// 5443//
f 5443// 5447// 5448//
f 5443// 5448// 5444//
f 5444// 5448// 5449//
f 5444// 5449// 5445//
f 5445// 5449// 5450//
f 5445// 5450// 5446//
f 5446// 5450// 5451//
f 5446// 5451// 5429//
f 5429// 5451// 5428//
f 5429// 5428// 5430//
f 5430// 5428// 5427//
f 5447// 5452// 5448//
f 5448// 5452// 5453//
f 5448// 5453// 5449//
f 5449// 5453// 5454//
f 5449// 5454// 5450//
f 5450// 5454// 5455//
f 5450// 5455// 5451//
f 5451// 5455// 5456//
f 5451// 5456// 5428//
f 5428// 5456// 5457//
f 5428// 5457// 5426//
f 5426// 5457// 5458//
f 5452// 5439// 5453//
f 5453// 5439// 5459//
f 5453// 5459// 5454//
f 5454// 5459// 5460//
f 5454// 5460// 5455//
f 5455// 5460// 5461//
f 5455// 5461// 5456//
f 5456// 5461// 5462//
f 5456// 5462// 5457//
f 5457// 5462// 5425//
f 5457// 5425// 5458//
f 5458// 5425// 5424//
f 5431// 5423// 5432//
f 5432// 5423// 5425//
f 5432// 5425// 5433//
f 5433// 5425// 5462//
f 5433// 5462// 5434//
f 5434// 5462// 5461//
f 5434// 5461// 5435//
f 5435// 5461// 5460//
f 5435// 5460// 5436//
f 5436// 5460// 5459//
f 5436// 5459// 5437//
f 5437// 5459// 5439//
f 5437// 5439// 5438//
f 5438// 5439// 5441//
f 5438// 5441// 5384//
f 5384// 5441// 5440//
f 5384// 5440// 5385//
f 5385// 5440// 5439//
f 5385// 5439// 5380//
f 5380// 5439// 5452//
f 5380// 5452// 5381//
f 5381// 5452// 5447//
f 5381// 5447// 5386//
f 5386// 5447// 5442//
f 5386// 5442// 5387//
f 5387// 5442// 5388//
f 5387// 5388// 4666//
f 5463// 5464// 5465//
f 5421// 5465// 5422//
f 5465// 5421// 5420//
f 4661// 5422// 5465//
f 5419// 5418// 5465//
f 4664// 5466// 5407//
f 5401// 5402// 5467//
f 5404// 5405// 5468//
f 5469// 5406// 4917//
f 5407// 5466// 5408//
f 5408// 5466// 5470//
f 5408// 5470// 5409//
f 5409// 5470// 5410//
f 5410// 5470// 5471//
f 5410// 5471// 5411//
f 5411// 5471// 5412//
f 5412// 5471// 5472//
f 5412// 5472// 5413//
f 5413// 5472// 5416//
f 5416// 5472// 5473//
f 5416// 5473// 5415//
f 5415// 5473// 5414//
f 5414// 5473// 5464//
f 5414// 5464// 5417//
f 5417// 5464// 5463//
f 5417// 5463// 5418//
f 5418// 5463// 5465//
f 5420// 5419// 5465//
f 4917// 5474// 5469//
f 5469// 5474// 5475//
f 5469// 5475// 5476//
f 5475// 5477// 5476//
f 5476// 5477// 5478//
f 5476// 5478// 5479//
f 5478// 5480// 5479//
f 5479// 5480// 5481//
f 5479// 5481// 5482//
f 5400// 5401// 5483//
f 5483// 5401// 5467//
f 5483// 5467// 5484//
f 5484// 5467// 5485//
f 5484// 5485// 5486//
f 5486// 5485// 5487//
f 5486// 5487// 5488//
f 5488// 5487// 5489//
f 5488// 5489// 5490//
f 5490// 5489// 5491//
f 5490// 5491// 5492//
f 5492// 5491// 5493//
f 5492// 5493// 5465//
f 5402// 5403// 5467//
f 5467// 5403// 5494//
f 5467// 5494// 5485//
f 5485// 5494// 5495//
f 5485// 5495// 5487//
f 5487// 5495// 5496//
f 5487// 5496// 5489//
f 5489// 5496// 5497//
f 5489// 5497// 5491//
f 5491// 5497// 5498//
f 5491// 5498// 5493//
f 5493// 5498// 5499//
f 5493// 5499// 5465//
f 4664// 5400// 5466//
f 5466// 5400// 5483//
f 5466// 5483// 5470//
f 5470// 5483// 5484//
f 5470// 5484// 5471//
f 5471// 5484// 5486//
f 5471// 5486// 5472//
f 5472// 5486// 5488//
f 5472// 5488// 5473//
f 5473// 5488// 5490//
f 5473// 5490// 5464//
f 5464// 5490// 5492//
f 5464// 5492// 5465//
f 5405// 5406// 5468//
f 5468// 5406// 5469//
f 5468// 5469// 5500//
f 5500// 5469// 5476//
f 5500// 5476// 5501//
f 5501// 5476// 5479//
f 5501// 5479// 5502//
f 5502// 5479// 5482//
f 5502// 5482// 5503//
f 5503// 5482// 5504//
f 5503// 5504// 5505//
f 5505// 5504// 5506//
f 5505// 5506// 5465//
f 5481// 5507// 5482//
f 5482// 5507// 5508//
f 5482// 5508// 5504//
f 5504// 5508// 5509//
f 5504// 5509// 5506//
f 5506// 5509// 5510//
f 5506// 5510// 5465//
f 5403// 5404// 5494//
f 5494// 5404// 5468//
f 5494// 5468// 5495//
f 5495// 5468// 5500//
f 5495// 5500// 5496//
f 5496// 5500// 5501//
f 5496// 5501// 5497//
f 5497// 5501// 5502//
f 5497// 5502// 5498//
f 5498// 5502// 5503//
f 5498// 5503// 5499//
f 5499// 5503// 5505//
f 5499// 5505// 5465//
f 4671// 4670// 5511//
f 4671// 5511// 5431//
f 5431// 5511// 5512//
f 5431// 5512// 5423//
f 5423// 5512// 5424//
f 5424// 5512// 5513//
f 5424// 5513// 5458//
f 5513// 5514// 5458//
f 5458// 5514// 5515//
f 5458// 5515// 5426//
f 5426// 5515// 5427//
f 5427// 5515// 5516//
f 5427// 5516// 5430//
f 5516// 5517// 5430//
f 5430// 5517// 4915//
f 5430// 4915// 4914//
f 4660// 4661// 5518//
f 5518// 4661// 5465//
f 5518// 5465// 5519//
f 5519// 5465// 5510//
f 5519// 5510// 5520//
f 5520// 5510// 5509//
f 5520// 5509// 5521//
f 5521// 5509// 5508//
f 5521// 5508// 5522//
f 5522// 5508// 5507//
f 5522// 5507// 5523//
f 5523// 5507// 5481//
f 5523// 5481// 5524//
f 5524// 5481// 5480//
f 5524// 5480// 5525//
f 5525// 5480// 5478//
f 5525// 5478// 5526//
f 5526// 5478// 5477//
f 5526// 5477// 5527//
f 5527// 5477// 5475//
f 5527// 5475// 5528//
f 5528// 5475// 5474//
f 5528// 5474// 4915//
f 4915// 5474// 4917//
f 5529// 5530// 5518//
f 5529// 5518// 5531//
f 5532// 5531// 5518//
f 5521// 5533// 5534//
f 5523// 5524// 5535//
f 5536// 5537// 5538//
f 5539// 5540// 5541//
f 5542// 5543// 5518//
f 5544// 5518// 5545//
f 5518// 5544// 4660//
f 5543// 5545// 5518//
f 5546// 5542// 5518//
f 5547// 5530// 5548//
f 5548// 5530// 5549//
f 5550// 5551// 5552//
f 5552// 5551// 5553//
f 5554// 5511// 4670//
f 5555// 5514// 5513//
f 5556// 5516// 5515//
f 5517// 5516// 5557//
f 5557// 5516// 5556//
f 5557// 5556// 5558//
f 4915// 5517// 5528//
f 5528// 5517// 5557//
f 5528// 5557// 5527//
f 5527// 5557// 5558//
f 5527// 5558// 5526//
f 5526// 5558// 5525//
f 5524// 5525// 5535//
f 5535// 5525// 5558//
f 5535// 5558// 5559//
f 5559// 5558// 5556//
f 5559// 5556// 5555//
f 5555// 5556// 5515//
f 5555// 5515// 5514//
f 5522// 5523// 5560//
f 5560// 5523// 5535//
f 5560// 5535// 5561//
f 5561// 5535// 5559//
f 5561// 5559// 5562//
f 5562// 5559// 5555//
f 5562// 5555// 5563//
f 5563// 5555// 5513//
f 5563// 5513// 5512//
f 5564// 5552// 5565//
f 5565// 5552// 5553//
f 5565// 5553// 5566//
f 5521// 5522// 5533//
f 5533// 5522// 5560//
f 5533// 5560// 5567//
f 5567// 5560// 5561//
f 5567// 5561// 5568//
f 5568// 5561// 5562//
f 5568// 5562// 5569//
f 5569// 5562// 5563//
f 5569// 5563// 5554//
f 5554// 5563// 5512//
f 5554// 5512// 5511//
f 5534// 5533// 5570//
f 5570// 5533// 5567//
f 5570// 5567// 5571//
f 5571// 5567// 5568//
f 5571// 5568// 5572//
f 5572// 5568// 5569//
f 5572// 5569// 5573//
f 5573// 5569// 5554//
f 5573// 5554// 5574//
f 5574// 5554// 4670//
f 5574// 4670// 5575//
f 5576// 5564// 5577//
f 5577// 5564// 5565//
f 5577// 5565// 5541//
f 5541// 5565// 5566//
f 5541// 5566// 5539//
f 5532// 5576// 5531//
f 5531// 5576// 5577//
f 5531// 5577// 5529//
f 5529// 5577// 5541//
f 5529// 5541// 5530//
f 5530// 5541// 5540//
f 5530// 5540// 5549//
f 5547// 5518// 5530//
f 5548// 5546// 5547//
f 5547// 5546// 5518//
f 5518// 5519// 5534//
f 5534// 5519// 5520//
f 5534// 5520// 5521//
f 5575// 5536// 5574//
f 5574// 5536// 5538//
f 5574// 5538// 5573//
f 5573// 5538// 5578//
f 5573// 5578// 5572//
f 5572// 5578// 5579//
f 5572// 5579// 5571//
f 5571// 5579// 5580//
f 5571// 5580// 5570//
f 5570// 5580// 5581//
f 5570// 5581// 5534//
f 5534// 5581// 5518//
f 5537// 5550// 5538//
f 5538// 5550// 5552//
f 5538// 5552// 5578//
f 5578// 5552// 5564//
f 5578// 5564// 5579//
f 5579// 5564// 5576//
f 5579// 5576// 5580//
f 5580// 5576// 5532//
f 5580// 5532// 5581//
f 5581// 5532// 5518//
f 5582// 4658// 4660//
f 4660// 5544// 5582//
f 5582// 5544// 5545//
f 5582// 5545// 5543//
f 5543// 5542// 5582//
f 5582// 5542// 5546//
f 5582// 5546// 5548//
f 5548// 5549// 5582//
f 5582// 5549// 5540//
f 5582// 5540// 5583//
f 5540// 5539// 5583//
f 5583// 5539// 5566//
f 5583// 5566// 5584//
f 5566// 5553// 5584//
f 5584// 5553// 5551//
f 5584// 5551// 5585//
f 5551// 5550// 5585//
f 5585// 5550// 5537//
f 5585// 5537// 5586//
f 4670// 4672// 5575//
f 5575// 4672// 5586//
f 5575// 5586// 5536//
f 5536// 5586// 5537//
f 4713// 4711// 5587//
f 4709// 4707// 5588//
f 4699// 4697// 5589//
f 4695// 4693// 5590//
f 4685// 4683// 5591//
f 4681// 4679// 5592//
f 4769// 4780// 5593//
f 5593// 4780// 5594//
f 5593// 5594// 5595//
f 5595// 5594// 5596//
f 5595// 5596// 5597//
f 5597// 5596// 5598//
f 5597// 5598// 5599//
f 5599// 5598// 5600//
f 5599// 5600// 5601//
f 5601// 5600// 5592//
f 4776// 4774// 5602//
f 5602// 4774// 5603//
f 5602// 5603// 5604//
f 5604// 5603// 5605//
f 5604// 5605// 5606//
f 5606// 5605// 5607//
f 5606// 5607// 5608//
f 5608// 5607// 5609//
f 5608// 5609// 5610//
f 5610// 5609// 5590//
f 4782// 4781// 5611//
f 5611// 4781// 5612//
f 5611// 5612// 5613//
f 5613// 5612// 5614//
f 5613// 5614// 5615//
f 5615// 5614// 5616//
f 5615// 5616// 5617//
f 5617// 5616// 5618//
f 5617// 5618// 5619//
f 5619// 5618// 5588//
f 4672// 4769// 5586//
f 5586// 4769// 5593//
f 5586// 5593// 5585//
f 5585// 5593// 5595//
f 5585// 5595// 5584//
f 5584// 5595// 5597//
f 5584// 5597// 5583//
f 5583// 5597// 5599//
f 5583// 5599// 5582//
f 5582// 5599// 5601//
f 5582// 5601// 4658//
f 4658// 5601// 4675//
f 5592// 4679// 5601//
f 5601// 4679// 4677//
f 5601// 4677// 4675//
f 4683// 4681// 5591//
f 5591// 4681// 5592//
f 5591// 5592// 5620//
f 5620// 5592// 5600//
f 5620// 5600// 5621//
f 5621// 5600// 5598//
f 5621// 5598// 5622//
f 5622// 5598// 5596//
f 5622// 5596// 5623//
f 5623// 5596// 5594//
f 5623// 5594// 4779//
f 4779// 5594// 4780//
f 4687// 4685// 5624//
f 5624// 4685// 5591//
f 5624// 5591// 5625//
f 5625// 5591// 5620//
f 5625// 5620// 5626//
f 5626// 5620// 5621//
f 5626// 5621// 5627//
f 5627// 5621// 5622//
f 5627// 5622// 5628//
f 5628// 5622// 5623//
f 5628// 5623// 4777//
f 4777// 5623// 4779//
f 4777// 4776// 5628//
f 5628// 4776// 5602//
f 5628// 5602// 5627//
f 5627// 5602// 5604//
f 5627// 5604// 5626//
f 5626// 5604// 5606//
f 5626// 5606// 5625//
f 5625// 5606// 5608//
f 5625// 5608// 5624//
f 5624// 5608// 5610//
f 5624// 5610// 4687//
f 4687// 5610// 4689//
f 5590// 4693// 5610//
f 5610// 4693// 4691//
f 5610// 4691// 4689//
f 4697// 4695// 5589//
f 5589// 4695// 5590//
f 5589// 5590// 5629//
f 5629// 5590// 5609//
f 5629// 5609// 5630//
f 5630// 5609// 5607//
f 5630// 5607// 5631//
f 5631// 5607// 5605//
f 5631// 5605// 5632//
f 5632// 5605// 5603//
f 5632// 5603// 4772//
f 4772// 5603// 4774//
f 4701// 4699// 5633//
f 5633// 4699// 5589//
f 5633// 5589// 5634//
f 5634// 5589// 5629//
f 5634// 5629// 5635//
f 5635// 5629// 5630//
f 5635// 5630// 5636//
f 5636// 5630// 5631//
f 5636// 5631// 5637//
f 5637// 5631// 5632//
f 5637// 5632// 4783//
f 4783// 5632// 4772//
f 4783// 4782// 5637//
f 5637// 4782// 5611//
f 5637// 5611// 5636//
f 5636// 5611// 5613//
f 5636// 5613// 5635//
f 5635// 5613// 5615//
f 5635// 5615// 5634//
f 5634// 5615// 5617//
f 5634// 5617// 5633//
f 5633// 5617// 5619//
f 5633// 5619// 4701//
f 4701// 5619// 4703//
f 5588// 4707// 5619//
f 5619// 4707// 4705//
f 5619// 4705// 4703//
f 4781// 4765// 5612//
f 5612// 4765// 5638//
f 5612// 5638// 5614//
f 5614// 5638// 5639//
f 5614// 5639// 5616//
f 5616// 5639// 5640//
f 5616// 5640// 5618//
f 5618// 5640// 5641//
f 5618// 5641// 5588//
f 5588// 5641// 5587//
f 5588// 5587// 4709//
f 4709// 5587// 4711//
f 4715// 4713// 5642//
f 5642// 4713// 5587//
f 5642// 5587// 5643//
f 5643// 5587// 5641//
f 5643// 5641// 5644//
f 5644// 5641// 5640//
f 5644// 5640// 5645//
f 5645// 5640// 5639//
f 5645// 5639// 5646//
f 5646// 5639// 5638//
f 5646// 5638// 4766//
f 4766// 5638// 4765//
f 4766// 4768// 5646//
f 5646// 4768// 5647//
f 5646// 5647// 5645//
f 5645// 5647// 5648//
f 5645// 5648// 5644//
f 5644// 5648// 5649//
f 5644// 5649// 5643//
f 5643// 5649// 5650//
f 5643// 5650// 5642//
f 5642// 5650// 5651//
f 5642// 5651// 4715//
f 4715// 5651// 4717//
f 4784// 4717// 5651//
f 4784// 5651// 5652//
f 5652// 5651// 5650//
f 5652// 5650// 5653//
f 5653// 5650// 5649//
f 5653// 5649// 5654//
f 5654// 5649// 5648//
f 5654// 5648// 5655//
f 5655// 5648// 5647//
f 5655// 5647// 5656//
f 5656// 5647// 4768//
f 5656// 4768// 4790//
f 4893// 5657// 5658//
f 5657// 5659// 5660//
f 5659// 5661// 5662//
f 5661// 5663// 5664//
f 5665// 4792// 4794//
f 5663// 5665// 5666//
f 5666// 5665// 4794//
f 5666// 4794// 5667//
f 5667// 4794// 4796//
f 4802// 5668// 4800//
f 4800// 5668// 5667//
f 4800// 5667// 4798//
f 4798// 5667// 4796//
f 4804// 5669// 4802//
f 4802// 5669// 5670//
f 4802// 5670// 5668//
f 4810// 5671// 4808//
f 4808// 5671// 5669//
f 4808// 5669// 4806//
f 4806// 5669// 4804//
f 4812// 5672// 4810//
f 4810// 5672// 5673//
f 4810// 5673// 5671//
f 4812// 4814// 5672//
f 5672// 4814// 4784//
f 5672// 4784// 5652//
f 5663// 5666// 5664//
f 5664// 5666// 5667//
f 5664// 5667// 5674//
f 5674// 5667// 5668//
f 5674// 5668// 5675//
f 5675// 5668// 5670//
f 5675// 5670// 5676//
f 5676// 5670// 5669//
f 5676// 5669// 5677//
f 5677// 5669// 5671//
f 5677// 5671// 5678//
f 5678// 5671// 5673//
f 5678// 5673// 5679//
f 5679// 5673// 5672//
f 5679// 5672// 5680//
f 5680// 5672// 5652//
f 5680// 5652// 5653//
f 5661// 5664// 5662//
f 5662// 5664// 5674//
f 5662// 5674// 5681//
f 5681// 5674// 5675//
f 5681// 5675// 5682//
f 5682// 5675// 5676//
f 5682// 5676// 5683//
f 5683// 5676// 5677//
f 5683// 5677// 5684//
f 5684// 5677// 5678//
f 5684// 5678// 5685//
f 5685// 5678// 5679//
f 5685// 5679// 5686//
f 5686// 5679// 5680//
f 5686// 5680// 5687//
f 5687// 5680// 5653//
f 5687// 5653// 5654//
f 5659// 5662// 5660//
f 5660// 5662// 5681//
f 5660// 5681// 5688//
f 5688// 5681// 5682//
f 5688// 5682// 5689//
f 5689// 5682// 5683//
f 5689// 5683// 5690//
f 5690// 5683// 5684//
f 5690// 5684// 5691//
f 5691// 5684// 5685//
f 5691// 5685// 5692//
f 5692// 5685// 5686//
f 5692// 5686// 5693//
f 5693// 5686// 5687//
f 5693// 5687// 5694//
f 5694// 5687// 5654//
f 5694// 5654// 5655//
f 5657// 5660// 5658//
f 5658// 5660// 5688//
f 5658// 5688// 5695//
f 5695// 5688// 5689//
f 5695// 5689// 5696//
f 5696// 5689// 5690//
f 5696// 5690// 5697//
f 5697// 5690// 5691//
f 5697// 5691// 5698//
f 5698// 5691// 5692//
f 5698// 5692// 5699//
f 5699// 5692// 5693//
f 5699// 5693// 5700//
f 5700// 5693// 5694//
f 5700// 5694// 5701//
f 5701// 5694// 5655//
f 5701// 5655// 5656//
f 4893// 5658// 4895//
f 4895// 5658// 5695//
f 4895// 5695// 4903//
f 4903// 5695// 5696//
f 4903// 5696// 4900//
f 4900// 5696// 5697//
f 4900// 5697// 4898//
f 4898// 5697// 5698//
f 4898// 5698// 4888//
f 4888// 5698// 5699//
f 4888// 5699// 4886//
f 4886// 5699// 5700//
f 4886// 5700// 4884//
f 4884// 5700// 5701//
f 4884// 5701// 4889//
f 4889// 5701// 5656//
f 4889// 5656// 4790//
f 4893// 4906// 4921//
f 4893// 4921// 5657//
f 5657// 4921// 4920//
f 5657// 4920// 5659//
f 5659// 4920// 4919//
f 5659// 4919// 5661//
f 5661// 4919// 4928//
f 5661// 4928// 5663//
f 5663// 4928// 4931//
f 5663// 4931// 5665//
f 5665// 4931// 4908//
f 5665// 4908// 4792//
f 5702// 5703// 5704//
f 5704// 5703// 5705//
f 5706// 5707// 5708//
f 5708// 5707// 5709//
f 5710// 5711// 5712//
f 5712// 5711// 5713//
f 5714// 5715// 5716//
f 5716// 5715// 5717//
f 5703// 5702// 5718//
f 5718// 5702// 5719//
f 5718// 5719// 5720//
f 5720// 5719// 5721//
f 5720// 5721// 5722//
f 5722// 5721// 5723//
f 5722// 5723// 5724//
f 5724// 5723// 5725//
f 5724// 5725// 5726//
f 5726// 5725// 5727//
f 5726// 5727// 5728//
f 5728// 5727// 5729//
f 5728// 5729// 5730//
f 5730// 5729// 5731//
f 5730// 5731// 5732//
f 5732// 5731// 5733//
f 5732// 5733// 5734//
f 5734// 5733// 5735//
f 5734// 5735// 5736//
f 5736// 5735// 5737//
f 5736// 5737// 5738//
f 5738// 5737// 5739//
f 5738// 5739// 5740//
f 5740// 5739// 5741//
f 5740// 5741// 5742//
f 5742// 5741// 5743//
f 5742// 5743// 5744//
f 5744// 5743// 5745//
f 5744// 5745// 5746//
f 5746// 5745// 5747//
f 5746// 5747// 5748//
f 5748// 5747// 5749//
f 5748// 5749// 5750//
f 5750// 5749// 5751//
f 5750// 5751// 5752//
f 5752// 5751// 5753//
f 5752// 5753// 5754//
f 5754// 5753// 5755//
f 5754// 5755// 5756//
f 5756// 5755// 5757//
f 5756// 5757// 5758//
f 5758// 5757// 5759//
f 5758// 5759// 5760//
f 5760// 5759// 5761//
f 5762// 5763// 5764//
f 5764// 5763// 5765//
f 5766// 5767// 5768//
f 5768// 5767// 5769//
f 5768// 5769// 5765//
f 5765// 5769// 5770//
f 5765// 5770// 5764//
f 5771// 5772// 5773//
f 5774// 5775// 5766//
f 5766// 5775// 5776//
f 5766// 5776// 5767//
f 5773// 5772// 5777//
f 5777// 5772// 5707//
f 5777// 5707// 5706//
f 5773// 5778// 5771//
f 5771// 5778// 5779//
f 5771// 5779// 5780//
f 5780// 5779// 5781//
f 5780// 5781// 5774//
f 5774// 5781// 5782//
f 5774// 5782// 5775//
f 5712// 5713// 5783//
f 5783// 5713// 5784//
f 5783// 5784// 5785//
f 5785// 5784// 5786//
f 5785// 5786// 5787//
f 5787// 5786// 5788//
f 5787// 5788// 5789//
f 5789// 5788// 5790//
f 5789// 5790// 5791//
f 5791// 5790// 5792//
f 5791// 5792// 5793//
f 5793// 5792// 5794//
f 5793// 5794// 5795//
f 5795// 5794// 5796//
f 5795// 5796// 5797//
f 5797// 5796// 5798//
f 5797// 5798// 5799//
f 5799// 5798// 5800//
f 5799// 5800// 5801//
f 5801// 5800// 5802//
f 5801// 5802// 5803//
f 5803// 5802// 5804//
f 5803// 5804// 5805//
f 5805// 5804// 5806//
f 5807// 5808// 5809//
f 5809// 5808// 5810//
f 5810// 5808// 5811//
f 5810// 5811// 5812//
f 5716// 5717// 5813//
f 5813// 5717// 5814//
f 5815// 5816// 5817//
f 5817// 5816// 5818//
f 5817// 5818// 5819//
f 5818// 5820// 5819//
f 5819// 5820// 5821//
f 5819// 5821// 5822//
f 5822// 5821// 5823//
f 5822// 5823// 5814//
f 5814// 5823// 5824//
f 5814// 5824// 5813//
f 5809// 5825// 5807//
f 5807// 5825// 5826//
f 5807// 5826// 5815//
f 5815// 5826// 5827//
f 5815// 5827// 5816//
f 5828// 5829// 5761//
f 5761// 5829// 5760//
f 5830// 5831// 5762//
f 5762// 5831// 5763//
f 5805// 5806// 5832//
f 5832// 5806// 5833//
f 5812// 5811// 5834//
f 5834// 5811// 5835//
f 5836// 5837// 5838//
f 5838// 5837// 5839//
f 5838// 5839// 5840//
f 5840// 5839// 5841//
f 5840// 5841// 5842//
f 5842// 5841// 5843//
f 5842// 5843// 5844//
f 5844// 5843// 5845//
f 5844// 5845// 5846//
f 5846// 5845// 5847//
f 5846// 5847// 5848//
f 5848// 5847// 5849//
f 5848// 5849// 5850//
f 5850// 5849// 5851//
f 5850// 5851// 5852//
f 5852// 5851// 5853//
f 5852// 5853// 5854//
f 5854// 5853// 5855//
f 5854// 5855// 5856//
f 5856// 5855// 5857//
f 5856// 5857// 5858//
f 5858// 5857// 5859//
f 5858// 5859// 5828//
f 5828// 5859// 5829//
f 5831// 5830// 5860//
f 5860// 5830// 5861//
f 5862// 5863// 5864//
f 5864// 5863// 5865//
f 5865// 5863// 5866//
f 5865// 5866// 5867//
f 5864// 5868// 5862//
f 5862// 5868// 5869//
f 5862// 5869// 5870//
f 5870// 5869// 5871//
f 5870// 5871// 5861//
f 5861// 5871// 5872//
f 5861// 5872// 5860//
f 5867// 5866// 5873//
f 5873// 5866// 5874//
f 5873// 5874// 5875//
f 5875// 5874// 5876//
f 5875// 5876// 5877//
f 5877// 5876// 5878//
f 5878// 5876// 5879//
f 5878// 5879// 5880//
f 5880// 5879// 5881//
f 5880// 5881// 5882//
f 5832// 5833// 5883//
f 5883// 5833// 5884//
f 5883// 5884// 5885//
f 5885// 5884// 5886//
f 5885// 5886// 5887//
f 5887// 5886// 5888//
f 5887// 5888// 5889//
f 5889// 5888// 5890//
f 5889// 5890// 5891//
f 5891// 5890// 5892//
f 5891// 5892// 5893//
f 5893// 5892// 5894//
f 5893// 5894// 5895//
f 5895// 5894// 5896//
f 5895// 5896// 5897//
f 5897// 5896// 5898//
f 5897// 5898// 5899//
f 5899// 5898// 5900//
f 5899// 5900// 5901//
f 5901// 5900// 5902//
f 5901// 5902// 5903//
f 5903// 5902// 5904//
f 5903// 5904// 5905//
f 5905// 5904// 5906//
f 5905// 5906// 5907//
f 5907// 5906// 5908//
f 5907// 5908// 5909//
f 5909// 5908// 5910//
f 5909// 5910// 5911//
f 5911// 5910// 5912//
f 5911// 5912// 5913//
f 5913// 5912// 5914//
f 5913// 5914// 5915//
f 5915// 5914// 5916//
f 5915// 5916// 5917//
f 5917// 5916// 5918//
f 5917// 5918// 5919//
f 5919// 5918// 5920//
f 5919// 5920// 5921//
f 5921// 5920// 5922//
f 5921// 5922// 5923//
f 5923// 5922// 5924//
f 5923// 5924// 5925//
f 5925// 5924// 5926//
f 5834// 5835// 5927//
f 5928// 5929// 5930//
f 5930// 5929// 5931//
f 5930// 5931// 5932//
f 5834// 5927// 5933//
f 5933// 5927// 5934//
f 5933// 5934// 5928//
f 5928// 5934// 5935//
f 5928// 5935// 5929//
f 5936// 5937// 5938//
f 5938// 5937// 5939//
f 5931// 5940// 5932//
f 5932// 5940// 5941//
f 5932// 5941// 5942//
f 5942// 5941// 5943//
f 5942// 5943// 5944//
f 5943// 5945// 5944//
f 5944// 5945// 5946//
f 5944// 5946// 5947//
f 5947// 5946// 5948//
f 5947// 5948// 5939//
f 5939// 5948// 5949//
f 5939// 5949// 5938//
f 5937// 5936// 5950//
f 5950// 5936// 5951//
f 5952// 5953// 5836//
f 5836// 5953// 5837//
f 5954// 5955// 5881//
f 5881// 5955// 5882//
f 5925// 5926// 5956//
f 5956// 5926// 5957//
f 5958// 5959// 5960//
f 5960// 5959// 5961//
f 5955// 5957// 5962//
f 5957// 5955// 5956//
f 5956// 5955// 5951//
f 5956// 5951// 5963//
f 5955// 5954// 5953//
f 5953// 5954// 5964//
f 5955// 5953// 5951//
f 5951// 5953// 5952//
f 5951// 5952// 5950//
f 5962// 5965// 5966//
f 5967// 5968// 5969//
f 5963// 5970// 5971//
f 5966// 5972// 5962//
f 5962// 5972// 5973//
f 5962// 5973// 5955//
f 5964// 5974// 5953//
f 5953// 5974// 5975//
f 5953// 5975// 5976//
f 5976// 5975// 5977//
f 5971// 5978// 5963//
f 5963// 5978// 5979//
f 5963// 5979// 5956//
f 5967// 5969// 5980//
f 5950// 5952// 5969//
f 5969// 5952// 5981//
f 5969// 5981// 5980//
f 5882// 5955// 5973//
f 5882// 5973// 5982//
f 5982// 5973// 5972//
f 5982// 5972// 5983//
f 5983// 5972// 5966//
f 5983// 5966// 5984//
f 5984// 5966// 5965//
f 5984// 5965// 5985//
f 5985// 5965// 5962//
f 5985// 5962// 5986//
f 5986// 5962// 5957//
f 5986// 5957// 5926//
f 5922// 5920// 5987//
f 5912// 5910// 5988//
f 5908// 5906// 5989//
f 5900// 5898// 5990//
f 5890// 5888// 5991//
f 5886// 5884// 5992//
f 5869// 5868// 5993//
f 5993// 5868// 5994//
f 5993// 5994// 5995//
f 5995// 5994// 5996//
f 5995// 5996// 5997//
f 5997// 5996// 5998//
f 5997// 5998// 5999//
f 5999// 5998// 6000//
f 5999// 6000// 6001//
f 6001// 6000// 5990//
f 5877// 5878// 6002//
f 6002// 5878// 6003//
f 6002// 6003// 6004//
f 6004// 6003// 6005//
f 6004// 6005// 6006//
f 6006// 6005// 6007//
f 6006// 6007// 6008//
f 6008// 6007// 6009//
f 6008// 6009// 6010//
f 6010// 6009// 5987//
f 5831// 5860// 6011//
f 6011// 5860// 6012//
f 6011// 6012// 6013//
f 6013// 6012// 6014//
f 6013// 6014// 6015//
f 6015// 6014// 6016//
f 6015// 6016// 6017//
f 6017// 6016// 6018//
f 6017// 6018// 6019//
f 6019// 6018// 5992//
f 6019// 5992// 5833//
f 5833// 5992// 5884//
f 5860// 5872// 6012//
f 6012// 5872// 6020//
f 6012// 6020// 6014//
f 6014// 6020// 6021//
f 6014// 6021// 6016//
f 6016// 6021// 6022//
f 6016// 6022// 6018//
f 6018// 6022// 6023//
f 6018// 6023// 5992//
f 5992// 6023// 5991//
f 5992// 5991// 5886//
f 5886// 5991// 5888//
f 5892// 5890// 6024//
f 6024// 5890// 5991//
f 6024// 5991// 6025//
f 6025// 5991// 6023//
f 6025// 6023// 6026//
f 6026// 6023// 6022//
f 6026// 6022// 6027//
f 6027// 6022// 6021//
f 6027// 6021// 6028//
f 6028// 6021// 6020//
f 6028// 6020// 5871//
f 5871// 6020// 5872//
f 5871// 5869// 6028//
f 6028// 5869// 5993//
f 6028// 5993// 6027//
f 6027// 5993// 5995//
f 6027// 5995// 6026//
f 6026// 5995// 5997//
f 6026// 5997// 6025//
f 6025// 5997// 5999//
f 6025// 5999// 6024//
f 6024// 5999// 6001//
f 6024// 6001// 5892//
f 5892// 6001// 5894//
f 5990// 5898// 6001//
f 6001// 5898// 5896//
f 6001// 5896// 5894//
f 5902// 5900// 6029//
f 6029// 5900// 5990//
f 6029// 5990// 6030//
f 6030// 5990// 6000//
f 6030// 6000// 6031//
f 6031// 6000// 5998//
f 6031// 5998// 6032//
f 6032// 5998// 5996//
f 6032// 5996// 6033//
f 6033// 5996// 5994//
f 6033// 5994// 5864//
f 5864// 5994// 5868//
f 5864// 5865// 6033//
f 6033// 5865// 6034//
f 6033// 6034// 6032//
f 6032// 6034// 6035//
f 6032// 6035// 6031//
f 6031// 6035// 6036//
f 6031// 6036// 6030//
f 6030// 6036// 6037//
f 6030// 6037// 6029//
f 6029// 6037// 6038//
f 6029// 6038// 5902//
f 5902// 6038// 5904//
f 5865// 5867// 6034//
f 6034// 5867// 6039//
f 6034// 6039// 6035//
f 6035// 6039// 6040//
f 6035// 6040// 6036//
f 6036// 6040// 6041//
f 6036// 6041// 6037//
f 6037// 6041// 6042//
f 6037// 6042// 6038//
f 6038// 6042// 5989//
f 6038// 5989// 5904//
f 5904// 5989// 5906//
f 5867// 5873// 6039//
f 6039// 5873// 6043//
f 6039// 6043// 6040//
f 6040// 6043// 6044//
f 6040// 6044// 6041//
f 6041// 6044// 6045//
f 6041// 6045// 6042//
f 6042// 6045// 6046//
f 6042// 6046// 5989//
f 5989// 6046// 5988//
f 5989// 5988// 5908//
f 5908// 5988// 5910//
f 5914// 5912// 6047//
f 6047// 5912// 5988//
f 6047// 5988// 6048//
f 6048// 5988// 6046//
f 6048// 6046// 6049//
f 6049// 6046// 6045//
f 6049// 6045// 6050//
f 6050// 6045// 6044//
f 6050// 6044// 6051//
f 6051// 6044// 6043//
f 6051// 6043// 5875//
f 5875// 6043// 5873//
f 5875// 5877// 6051//
f 6051// 5877// 6002//
f 6051// 6002// 6050//
f 6050// 6002// 6004//
f 6050// 6004// 6049//
f 6049// 6004// 6006//
f 6049// 6006// 6048//
f 6048// 6006// 6008//
f 6048// 6008// 6047//
f 6047// 6008// 6010//
f 6047// 6010// 5914//
f 5914// 6010// 5916//
f 5987// 5920// 6010//
f 6010// 5920// 5918//
f 6010// 5918// 5916//
f 5924// 5922// 6052//
f 6052// 5922// 5987//
f 6052// 5987// 6053//
f 6053// 5987// 6009//
f 6053// 6009// 6054//
f 6054// 6009// 6007//
f 6054// 6007// 6055//
f 6055// 6007// 6005//
f 6055// 6005// 6056//
f 6056// 6005// 6003//
f 6056// 6003// 5880//
f 5880// 6003// 5878//
f 5880// 5882// 6056//
f 6056// 5882// 5982//
f 6056// 5982// 6055//
f 6055// 5982// 5983//
f 6055// 5983// 6054//
f 6054// 5983// 5984//
f 6054// 5984// 6053//
f 6053// 5984// 5985//
f 6053// 5985// 6052//
f 6052// 5985// 5986//
f 6052// 5986// 5924//
f 5924// 5986// 5926//
f 5925// 5956// 5979//
f 5925// 5979// 6057//
f 6057// 5979// 5978//
f 6057// 5978// 6058//
f 6058// 5978// 5971//
f 6058// 5971// 6059//
f 6059// 5971// 5970//
f 6059// 5970// 6060//
f 6060// 5970// 5963//
f 6060// 5963// 6061//
f 6061// 5963// 5951//
f 6061// 5951// 5936//
f 5833// 5806// 6062//
f 5833// 6062// 6019//
f 6019// 6062// 6063//
f 6019// 6063// 6017//
f 6017// 6063// 6064//
f 6017// 6064// 6015//
f 6015// 6064// 6065//
f 6015// 6065// 6013//
f 6013// 6065// 6066//
f 6013// 6066// 6011//
f 6011// 6066// 5763//
f 6011// 5763// 5831//
f 5837// 5953// 5976//
f 5837// 5976// 6067//
f 6067// 5976// 5977//
f 6067// 5977// 6068//
f 6068// 5977// 5975//
f 6068// 5975// 6069//
f 6069// 5975// 5974//
f 6069// 5974// 6070//
f 6070// 5974// 5964//
f 6070// 5964// 6071//
f 6071// 5964// 5954//
f 6071// 5954// 5881//
f 5885// 5887// 6072//
f 5895// 5897// 6073//
f 5899// 5901// 6074//
f 5907// 5909// 6075//
f 5917// 5919// 6076//
f 5921// 5923// 6077//
f 5946// 5945// 6078//
f 6078// 5945// 6079//
f 6078// 6079// 6080//
f 6080// 6079// 6081//
f 6080// 6081// 6082//
f 6082// 6081// 6083//
f 6082// 6083// 6084//
f 6084// 6083// 6085//
f 6084// 6085// 6086//
f 6086// 6085// 6075//
f 5935// 5934// 6087//
f 6087// 5934// 6088//
f 6087// 6088// 6089//
f 6089// 6088// 6090//
f 6089// 6090// 6091//
f 6091// 6090// 6092//
f 6091// 6092// 6093//
f 6093// 6092// 6094//
f 6093// 6094// 6095//
f 6095// 6094// 6072//
f 5936// 5938// 6061//
f 6061// 5938// 6096//
f 6061// 6096// 6060//
f 6060// 6096// 6097//
f 6060// 6097// 6059//
f 6059// 6097// 6098//
f 6059// 6098// 6058//
f 6058// 6098// 6099//
f 6058// 6099// 6057//
f 6057// 6099// 6077//
f 6057// 6077// 5925//
f 5925// 6077// 5923//
f 5938// 5949// 6096//
f 6096// 5949// 6100//
f 6096// 6100// 6097//
f 6097// 6100// 6101//
f 6097// 6101// 6098//
f 6098// 6101// 6102//
f 6098// 6102// 6099//
f 6099// 6102// 6103//
f 6099// 6103// 6077//
f 6077// 6103// 6076//
f 6077// 6076// 5921//
f 5921// 6076// 5919//
f 5915// 5917// 6104//
f 6104// 5917// 6076//
f 6104// 6076// 6105//
f 6105// 6076// 6103//
f 6105// 6103// 6106//
f 6106// 6103// 6102//
f 6106// 6102// 6107//
f 6107// 6102// 6101//
f 6107// 6101// 6108//
f 6108// 6101// 6100//
f 6108// 6100// 5948//
f 5948// 6100// 5949//
f 5948// 5946// 6108//
f 6108// 5946// 6078//
f 6108// 6078// 6107//
f 6107// 6078// 6080//
f 6107// 6080// 6106//
f 6106// 6080// 6082//
f 6106// 6082// 6105//
f 6105// 6082// 6084//
f 6105// 6084// 6104//
f 6104// 6084// 6086//
f 6104// 6086// 5915//
f 5915// 6086// 5913//
f 6075// 5909// 6086//
f 6086// 5909// 5911//
f 6086// 5911// 5913//
f 5905// 5907// 6109//
f 6109// 5907// 6075//
f 6109// 6075// 6110//
f 6110// 6075// 6085//
f 6110// 6085// 6111//
f 6111// 6085// 6083//
f 6111// 6083// 6112//
f 6112// 6083// 6081//
f 6112// 6081// 6113//
f 6113// 6081// 6079//
f 6113// 6079// 5943//
f 5943// 6079// 5945//
f 5943// 5941// 6113//
f 6113// 5941// 6114//
f 6113// 6114// 6112//
f 6112// 6114// 6115//
f 6112// 6115// 6111//
f 6111// 6115// 6116//
f 6111// 6116// 6110//
f 6110// 6116// 6117//
f 6110// 6117// 6109//
f 6109// 6117// 6118//
f 6109// 6118// 5905//
f 5905// 6118// 5903//
f 5941// 5940// 6114//
f 6114// 5940// 6119//
f 6114// 6119// 6115//
f 6115// 6119// 6120//
f 6115// 6120// 6116//
f 6116// 6120// 6121//
f 6116// 6121// 6117//
f 6117// 6121// 6122//
f 6117// 6122// 6118//
f 6118// 6122// 6074//
f 6118// 6074// 5903//
f 5903// 6074// 5901//
f 5940// 5931// 6119//
f 6119// 5931// 6123//
f 6119// 6123// 6120//
f 6120// 6123// 6124//
f 6120// 6124// 6121//
f 6121// 6124// 6125//
f 6121// 6125// 6122//
f 6122// 6125// 6126//
f 6122// 6126// 6074//
f 6074// 6126// 6073//
f 6074// 6073// 5899//
f 5899// 6073// 5897//
f 5893// 5895// 6127//
f 6127// 5895// 6073//
f 6127// 6073// 6128//
f 6128// 6073// 6126//
f 6128// 6126// 6129//
f 6129// 6126// 6125//
f 6129// 6125// 6130//
f 6130// 6125// 6124//
f 6130// 6124// 6131//
f 6131// 6124// 6123//
f 6131// 6123// 5929//
f 5929// 6123// 5931//
f 5929// 5935// 6131//
f 6131// 5935// 6087//
f 6131// 6087// 6130//
f 6130// 6087// 6089//
f 6130// 6089// 6129//
f 6129// 6089// 6091//
f 6129// 6091// 6128//
f 6128// 6091// 6093//
f 6128// 6093// 6127//
f 6127// 6093// 6095//
f 6127// 6095// 5893//
f 5893// 6095// 5891//
f 6072// 5887// 6095//
f 6095// 5887// 5889//
f 6095// 5889// 5891//
f 5883// 5885// 6132//
f 6132// 5885// 6072//
f 6132// 6072// 6133//
f 6133// 6072// 6094//
f 6133// 6094// 6134//
f 6134// 6094// 6092//
f 6134// 6092// 6135//
f 6135// 6092// 6090//
f 6135// 6090// 6136//
f 6136// 6090// 6088//
f 6136// 6088// 5927//
f 5927// 6088// 5934//
f 5927// 5835// 6136//
f 6136// 5835// 6137//
f 6136// 6137// 6135//
f 6135// 6137// 6138//
f 6135// 6138// 6134//
f 6134// 6138// 6139//
f 6134// 6139// 6133//
f 6133// 6139// 6140//
f 6133// 6140// 6132//
f 6132// 6140// 6141//
f 6132// 6141// 5883//
f 5883// 6141// 5832//
f 5763// 6066// 6142//
f 6066// 6065// 6143//
f 6065// 6064// 6144//
f 6064// 6063// 6145//
f 6063// 6062// 6146//
f 5798// 6147// 5800//
f 5800// 6147// 6148//
f 5800// 6148// 5802//
f 5802// 6148// 6146//
f 5802// 6146// 5804//
f 5804// 6146// 6062//
f 5804// 6062// 5806//
f 5798// 5796// 6147//
f 6147// 5796// 5794//
f 6147// 5794// 6149//
f 6149// 5794// 5792//
f 6149// 5792// 6150//
f 6150// 5792// 5790//
f 6150// 5790// 6151//
f 6151// 5790// 5788//
f 6151// 5788// 6152//
f 6152// 5788// 5786//
f 5786// 5784// 6152//
f 6152// 5784// 5713//
f 6152// 5713// 6153//
f 6063// 6146// 6145//
f 6145// 6146// 6148//
f 6145// 6148// 6154//
f 6154// 6148// 6147//
f 6154// 6147// 6155//
f 6155// 6147// 6149//
f 6155// 6149// 6156//
f 6156// 6149// 6150//
f 6156// 6150// 6157//
f 6157// 6150// 6151//
f 6157// 6151// 6158//
f 6158// 6151// 6152//
f 6158// 6152// 6159//
f 6159// 6152// 6153//
f 6159// 6153// 6160//
f 6064// 6145// 6144//
f 6144// 6145// 6154//
f 6144// 6154// 6161//
f 6161// 6154// 6155//
f 6161// 6155// 6162//
f 6162// 6155// 6156//
f 6162// 6156// 6163//
f 6163// 6156// 6157//
f 6163// 6157// 6164//
f 6164// 6157// 6158//
f 6164// 6158// 6165//
f 6165// 6158// 6159//
f 6165// 6159// 6166//
f 6166// 6159// 6160//
f 6166// 6160// 6167//
f 6065// 6144// 6143//
f 6143// 6144// 6161//
f 6143// 6161// 6168//
f 6168// 6161// 6162//
f 6168// 6162// 6169//
f 6169// 6162// 6163//
f 6169// 6163// 6170//
f 6170// 6163// 6164//
f 6170// 6164// 6171//
f 6171// 6164// 6165//
f 6171// 6165// 6172//
f 6172// 6165// 6166//
f 6172// 6166// 6173//
f 6173// 6166// 6167//
f 6173// 6167// 6174//
f 6066// 6143// 6142//
f 6142// 6143// 6168//
f 6142// 6168// 6175//
f 6175// 6168// 6169//
f 6175// 6169// 6176//
f 6176// 6169// 6170//
f 6176// 6170// 6177//
f 6177// 6170// 6171//
f 6177// 6171// 6178//
f 6178// 6171// 6172//
f 6178// 6172// 6179//
f 6179// 6172// 6173//
f 6179// 6173// 6180//
f 6180// 6173// 6174//
f 6180// 6174// 6181//
f 5763// 6142// 5765//
f 5765// 6142// 6175//
f 5765// 6175// 5768//
f 5768// 6175// 6176//
f 5768// 6176// 5766//
f 5766// 6176// 6177//
f 5766// 6177// 5774//
f 5774// 6177// 6178//
f 5774// 6178// 5780//
f 5780// 6178// 6179//
f 5780// 6179// 5771//
f 5771// 6179// 6180//
f 5771// 6180// 5772//
f 5772// 6180// 6181//
f 5772// 6181// 5707//
f 5830// 6182// 6183//
f 6182// 6184// 6185//
f 6184// 6186// 6187//
f 6186// 6188// 6189//
f 6188// 6190// 6191//
f 6190// 5829// 5859//
f 6190// 5859// 6191//
f 6191// 5859// 5857//
f 6191// 5857// 6192//
f 5851// 6193// 5853//
f 5853// 6193// 6192//
f 5853// 6192// 5855//
f 5855// 6192// 5857//
f 5849// 6194// 5851//
f 5851// 6194// 6195//
f 5851// 6195// 6193//
f 5849// 5847// 6194//
f 6194// 5847// 5845//
f 6194// 5845// 6196//
f 6196// 5845// 5843//
f 6196// 5843// 6197//
f 6197// 5843// 5841//
f 6197// 5841// 6198//
f 5841// 5839// 6198//
f 6198// 5839// 5837//
f 6198// 5837// 6067//
f 6188// 6191// 6189//
f 6189// 6191// 6192//
f 6189// 6192// 6199//
f 6199// 6192// 6193//
f 6199// 6193// 6200//
f 6200// 6193// 6195//
f 6200// 6195// 6201//
f 6201// 6195// 6194//
f 6201// 6194// 6202//
f 6202// 6194// 6196//
f 6202// 6196// 6203//
f 6203// 6196// 6197//
f 6203// 6197// 6204//
f 6204// 6197// 6198//
f 6204// 6198// 6205//
f 6205// 6198// 6067//
f 6205// 6067// 6068//
f 6186// 6189// 6187//
f 6187// 6189// 6199//
f 6187// 6199// 6206//
f 6206// 6199// 6200//
f 6206// 6200// 6207//
f 6207// 6200// 6201//
f 6207// 6201// 6208//
f 6208// 6201// 6202//
f 6208// 6202// 6209//
f 6209// 6202// 6203//
f 6209// 6203// 6210//
f 6210// 6203// 6204//
f 6210// 6204// 6211//
f 6211// 6204// 6205//
f 6211// 6205// 6212//
f 6212// 6205// 6068//
f 6212// 6068// 6069//
f 6184// 6187// 6185//
f 6185// 6187// 6206//
f 6185// 6206// 6213//
f 6213// 6206// 6207//
f 6213// 6207// 6214//
f 6214// 6207// 6208//
f 6214// 6208// 6215//
f 6215// 6208// 6209//
f 6215// 6209// 6216//
f 6216// 6209// 6210//
f 6216// 6210// 6217//
f 6217// 6210// 6211//
f 6217// 6211// 6218//
f 6218// 6211// 6212//
f 6218// 6212// 6219//
f 6219// 6212// 6069//
f 6219// 6069// 6070//
f 6182// 6185// 6183//
f 6183// 6185// 6213//
f 6183// 6213// 6220//
f 6220// 6213// 6214//
f 6220// 6214// 6221//
f 6221// 6214// 6215//
f 6221// 6215// 6222//
f 6222// 6215// 6216//
f 6222// 6216// 6223//
f 6223// 6216// 6217//
f 6223// 6217// 6224//
f 6224// 6217// 6218//
f 6224// 6218// 6225//
f 6225// 6218// 6219//
f 6225// 6219// 6226//
f 6226// 6219// 6070//
f 6226// 6070// 6071//
f 5830// 6183// 5861//
f 5861// 6183// 6220//
f 5861// 6220// 5870//
f 5870// 6220// 6221//
f 5870// 6221// 5862//
f 5862// 6221// 6222//
f 5862// 6222// 5863//
f 5863// 6222// 6223//
f 5863// 6223// 5866//
f 5866// 6223// 6224//
f 5866// 6224// 5874//
f 5874// 6224// 6225//
f 5874// 6225// 5876//
f 5876// 6225// 6226//
f 5876// 6226// 5879//
f 5879// 6226// 6071//
f 5879// 6071// 5881//
f 5835// 5811// 6227//
f 5835// 6227// 6137//
f 6137// 6227// 6228//
f 6137// 6228// 6138//
f 6138// 6228// 6229//
f 6138// 6229// 6139//
f 6139// 6229// 6230//
f 6139// 6230// 6140//
f 6140// 6230// 6231//
f 6140// 6231// 6141//
f 6141// 6231// 5805//
f 6141// 5805// 5832//
f 5713// 5711// 6232//
f 6233// 6153// 6234//
f 6234// 6153// 5713//
f 6234// 5713// 6235//
f 6235// 5713// 6232//
f 6233// 6236// 6153//
f 6153// 6236// 6237//
f 6153// 6237// 6160//
f 6237// 6238// 6160//
f 6160// 6238// 6239//
f 6160// 6239// 6240//
f 6240// 6241// 6160//
f 6160// 6241// 6242//
f 6160// 6242// 6167//
f 6242// 6243// 6167//
f 6167// 6243// 6244//
f 6167// 6244// 6174//
f 6244// 6245// 6174//
f 6174// 6245// 6246//
f 6174// 6246// 6181//
f 5709// 5707// 6247//
f 6247// 5707// 6181//
f 6247// 6181// 6248//
f 6248// 6181// 6246//
f 5830// 5762// 6249//
f 5830// 6249// 6182//
f 6182// 6249// 6250//
f 6182// 6250// 6184//
f 6184// 6250// 6251//
f 6184// 6251// 6186//
f 6186// 6251// 6252//
f 6186// 6252// 6188//
f 6188// 6252// 6253//
f 6188// 6253// 6190//
f 6190// 6253// 5760//
f 6190// 5760// 5829//
f 5717// 6254// 6255//
f 6254// 6256// 6257//
f 6256// 6258// 6259//
f 6258// 6260// 6261//
f 6260// 6262// 6263//
f 5789// 6264// 5787//
f 5787// 6264// 6265//
f 5787// 6265// 5785//
f 5785// 6265// 6263//
f 5785// 6263// 5783//
f 5783// 6263// 6262//
f 5783// 6262// 5712//
f 5789// 5791// 6264//
f 6264// 5791// 5793//
f 6264// 5793// 6266//
f 6266// 5793// 5795//
f 6266// 5795// 6267//
f 6267// 5795// 5797//
f 6267// 5797// 6268//
f 6268// 5797// 5799//
f 6268// 5799// 6269//
f 6269// 5799// 5801//
f 5801// 5803// 6269//
f 6269// 5803// 5805//
f 6269// 5805// 6231//
f 6260// 6263// 6261//
f 6261// 6263// 6265//
f 6261// 6265// 6270//
f 6270// 6265// 6264//
f 6270// 6264// 6271//
f 6271// 6264// 6266//
f 6271// 6266// 6272//
f 6272// 6266// 6267//
f 6272// 6267// 6273//
f 6273// 6267// 6268//
f 6273// 6268// 6274//
f 6274// 6268// 6269//
f 6274// 6269// 6275//
f 6275// 6269// 6231//
f 6275// 6231// 6230//
f 6258// 6261// 6259//
f 6259// 6261// 6270//
f 6259// 6270// 6276//
f 6276// 6270// 6271//
f 6276// 6271// 6277//
f 6277// 6271// 6272//
f 6277// 6272// 6278//
f 6278// 6272// 6273//
f 6278// 6273// 6279//
f 6279// 6273// 6274//
f 6279// 6274// 6280//
f 6280// 6274// 6275//
f 6280// 6275// 6281//
f 6281// 6275// 6230//
f 6281// 6230// 6229//
f 6256// 6259// 6257//
f 6257// 6259// 6276//
f 6257// 6276// 6282//
f 6282// 6276// 6277//
f 6282// 6277// 6283//
f 6283// 6277// 6278//
f 6283// 6278// 6284//
f 6284// 6278// 6279//
f 6284// 6279// 6285//
f 6285// 6279// 6280//
f 6285// 6280// 6286//
f 6286// 6280// 6281//
f 6286// 6281// 6287//
f 6287// 6281// 6229//
f 6287// 6229// 6228//
f 6254// 6257// 6255//
f 6255// 6257// 6282//
f 6255// 6282// 6288//
f 6288// 6282// 6283//
f 6288// 6283// 6289//
f 6289// 6283// 6284//
f 6289// 6284// 6290//
f 6290// 6284// 6285//
f 6290// 6285// 6291//
f 6291// 6285// 6286//
f 6291// 6286// 6292//
f 6292// 6286// 6287//
f 6292// 6287// 6293//
f 6293// 6287// 6228//
f 6293// 6228// 6227//
f 5717// 6255// 5814//
f 5814// 6255// 6288//
f 5814// 6288// 5822//
f 5822// 6288// 6289//
f 5822// 6289// 5819//
f 5819// 6289// 6290//
f 5819// 6290// 5817//
f 5817// 6290// 6291//
f 5817// 6291// 5815//
f 5815// 6291// 6292//
f 5815// 6292// 5807//
f 5807// 6292// 6293//
f 5807// 6293// 5808//
f 5808// 6293// 6227//
f 5808// 6227// 5811//
f 6248// 6246// 6294//
f 6245// 6244// 6295//
f 6239// 6238// 6296//
f 6296// 6233// 6297//
f 6297// 6233// 6234//
f 6297// 6234// 6298//
f 6298// 6234// 6235//
f 6298// 6235// 6299//
f 6299// 6235// 6232//
f 6299// 6232// 6300//
f 6300// 6232// 5711//
f 6238// 6237// 6296//
f 6296// 6237// 6236//
f 6296// 6236// 6233//
f 6243// 6242// 6301//
f 6301// 6242// 6241//
f 6245// 6295// 6246//
f 6302// 6247// 6248//
f 5709// 6247// 6303//
f 6303// 6247// 6302//
f 6303// 6302// 6304//
f 6304// 6302// 6305//
f 6304// 6305// 6306//
f 6306// 6305// 6307//
f 6307// 6305// 6308//
f 6307// 6308// 6309//
f 6309// 6308// 6310//
f 6310// 6308// 6311//
f 6310// 6311// 6312//
f 6312// 6311// 6313//
f 6313// 6311// 6314//
f 6313// 6314// 6315//
f 6315// 6314// 6316//
f 6316// 6314// 6317//
f 6316// 6317// 6318//
f 6318// 6317// 6319//
f 6318// 6319// 5960//
f 6240// 6239// 6320//
f 6320// 6239// 6296//
f 6320// 6296// 6321//
f 6321// 6296// 6297//
f 6321// 6297// 6322//
f 6322// 6297// 6298//
f 6322// 6298// 6323//
f 6323// 6298// 6299//
f 6323// 6299// 6324//
f 6324// 6299// 6300//
f 6324// 6300// 6325//
f 5711// 6326// 6300//
f 6300// 6326// 6327//
f 6300// 6327// 6325//
f 6325// 6327// 6328//
f 6325// 6328// 6329//
f 6329// 6330// 6325//
f 6325// 6330// 6331//
f 6325// 6331// 6324//
f 6324// 6331// 6332//
f 6324// 6332// 6323//
f 6323// 6332// 6333//
f 6323// 6333// 6322//
f 6322// 6333// 6334//
f 6322// 6334// 6321//
f 6321// 6334// 6301//
f 6321// 6301// 6320//
f 6320// 6301// 6241//
f 6320// 6241// 6240//
f 6329// 6335// 6330//
f 6330// 6335// 6336//
f 6330// 6336// 6337//
f 6337// 6338// 6330//
f 6330// 6338// 6339//
f 6330// 6339// 6331//
f 6331// 6339// 6340//
f 6331// 6340// 6332//
f 6332// 6340// 6341//
f 6332// 6341// 6333//
f 6333// 6341// 6342//
f 6333// 6342// 6334//
f 6334// 6342// 6295//
f 6334// 6295// 6301//
f 6301// 6295// 6244//
f 6301// 6244// 6243//
f 6246// 6295// 6294//
f 6294// 6295// 6342//
f 6294// 6342// 6343//
f 6343// 6342// 6341//
f 6343// 6341// 6344//
f 6344// 6341// 6340//
f 6344// 6340// 6345//
f 6345// 6340// 6339//
f 6345// 6339// 6346//
f 6346// 6339// 6338//
f 6346// 6338// 6347//
f 6337// 6348// 6338//
f 6338// 6348// 6349//
f 6338// 6349// 6347//
f 6347// 6349// 6350//
f 6347// 6350// 6351//
f 6248// 6294// 6302//
f 6302// 6294// 6343//
f 6302// 6343// 6305//
f 6305// 6343// 6344//
f 6305// 6344// 6308//
f 6308// 6344// 6345//
f 6308// 6345// 6311//
f 6311// 6345// 6346//
f 6311// 6346// 6314//
f 6314// 6346// 6347//
f 6314// 6347// 6317//
f 6317// 6347// 6351//
f 6317// 6351// 6319//
f 5720// 5722// 6352//
f 5724// 5726// 6353//
f 5734// 5736// 6354//
f 5738// 5740// 6355//
f 5748// 5750// 6356//
f 5752// 5754// 6357//
f 5764// 5770// 6358//
f 6358// 5770// 6359//
f 6358// 6359// 6360//
f 6360// 6359// 6361//
f 6360// 6361// 6362//
f 6362// 6361// 6363//
f 6362// 6363// 6364//
f 6364// 6363// 6365//
f 6364// 6365// 6366//
f 6366// 6365// 6357//
f 5776// 5775// 6367//
f 6367// 5775// 6368//
f 6367// 6368// 6369//
f 6369// 6368// 6370//
f 6369// 6370// 6371//
f 6371// 6370// 6372//
f 6371// 6372// 6373//
f 6373// 6372// 6374//
f 6373// 6374// 6375//
f 6375// 6374// 6355//
f 5779// 5778// 6376//
f 6376// 5778// 6377//
f 6376// 6377// 6378//
f 6378// 6377// 6379//
f 6378// 6379// 6380//
f 6380// 6379// 6381//
f 6380// 6381// 6382//
f 6382// 6381// 6383//
f 6382// 6383// 6384//
f 6384// 6383// 6353//
f 5762// 5764// 6249//
f 6249// 5764// 6358//
f 6249// 6358// 6250//
f 6250// 6358// 6360//
f 6250// 6360// 6251//
f 6251// 6360// 6362//
f 6251// 6362// 6252//
f 6252// 6362// 6364//
f 6252// 6364// 6253//
f 6253// 6364// 6366//
f 6253// 6366// 5760//
f 5760// 6366// 5758//
f 6357// 5754// 6366//
f 6366// 5754// 5756//
f 6366// 5756// 5758//
f 5750// 5752// 6356//
f 6356// 5752// 6357//
f 6356// 6357// 6385//
f 6385// 6357// 6365//
f 6385// 6365// 6386//
f 6386// 6365// 6363//
f 6386// 6363// 6387//
f 6387// 6363// 6361//
f 6387// 6361// 6388//
f 6388// 6361// 6359//
f 6388// 6359// 5769//
f 5769// 6359// 5770//
f 5746// 5748// 6389//
f 6389// 5748// 6356//
f 6389// 6356// 6390//
f 6390// 6356// 6385//
f 6390// 6385// 6391//
f 6391// 6385// 6386//
f 6391// 6386// 6392//
f 6392// 6386// 6387//
f 6392// 6387// 6393//
f 6393// 6387// 6388//
f 6393// 6388// 5767//
f 5767// 6388// 5769//
f 5767// 5776// 6393//
f 6393// 5776// 6367//
f 6393// 6367// 6392//
f 6392// 6367// 6369//
f 6392// 6369// 6391//
f 6391// 6369// 6371//
f 6391// 6371// 6390//
f 6390// 6371// 6373//
f 6390// 6373// 6389//
f 6389// 6373// 6375//
f 6389// 6375// 5746//
f 5746// 6375// 5744//
f 6355// 5740// 6375//
f 6375// 5740// 5742//
f 6375// 5742// 5744//
f 5775// 5782// 6368//
f 6368// 5782// 6394//
f 6368// 6394// 6370//
f 6370// 6394// 6395//
f 6370// 6395// 6372//
f 6372// 6395// 6396//
f 6372// 6396// 6374//
f 6374// 6396// 6397//
f 6374// 6397// 6355//
f 6355// 6397// 6354//
f 6355// 6354// 5738//
f 5738// 6354// 5736//
f 5732// 5734// 6398//
f 6398// 5734// 6354//
f 6398// 6354// 6399//
f 6399// 6354// 6397//
f 6399// 6397// 6400//
f 6400// 6397// 6396//
f 6400// 6396// 6401//
f 6401// 6396// 6395//
f 6401// 6395// 6402//
f 6402// 6395// 6394//
f 6402// 6394// 5781//
f 5781// 6394// 5782//
f 5781// 5779// 6402//
f 6402// 5779// 6376//
f 6402// 6376// 6401//
f 6401// 6376// 6378//
f 6401// 6378// 6400//
f 6400// 6378// 6380//
f 6400// 6380// 6399//
f 6399// 6380// 6382//
f 6399// 6382// 6398//
f 6398// 6382// 6384//
f 6398// 6384// 5732//
f 5732// 6384// 5730//
f 6353// 5726// 6384//
f 6384// 5726// 5728//
f 6384// 5728// 5730//
f 5778// 5773// 6377//
f 6377// 5773// 6403//
f 6377// 6403// 6379//
f 6379// 6403// 6404//
f 6379// 6404// 6381//
f 6381// 6404// 6405//
f 6381// 6405// 6383//
f 6383// 6405// 6406//
f 6383// 6406// 6353//
f 6353// 6406// 6352//
f 6353// 6352// 5724//
f 5724// 6352// 5722//
f 5718// 5720// 6407//
f 6407// 5720// 6352//
f 6407// 6352// 6408//
f 6408// 6352// 6406//
f 6408// 6406// 6409//
f 6409// 6406// 6405//
f 6409// 6405// 6410//
f 6410// 6405// 6404//
f 6410// 6404// 6411//
f 6411// 6404// 6403//
f 6411// 6403// 5777//
f 5777// 6403// 5773//
f 5777// 5706// 6411//
f 6411// 5706// 6412//
f 6411// 6412// 6410//
f 6410// 6412// 6413//
f 6410// 6413// 6409//
f 6409// 6413// 6414//
f 6409// 6414// 6408//
f 6408// 6414// 6415//
f 6408// 6415// 6407//
f 6407// 6415// 6416//
f 6407// 6416// 5718//
f 5718// 6416// 5703//
f 5715// 6417// 5717//
f 5717// 6417// 6254//
f 6417// 6418// 6254//
f 6254// 6418// 6419//
f 6254// 6419// 6256//
f 6419// 6420// 6256//
f 6256// 6420// 6421//
f 6256// 6421// 6258//
f 6421// 6422// 6258//
f 6258// 6422// 6423//
f 6258// 6423// 6260//
f 6424// 6425// 5712//
f 6423// 6426// 6260//
f 6260// 6426// 6427//
f 6260// 6427// 6262//
f 6262// 6427// 6428//
f 6262// 6428// 5712//
f 5712// 6428// 6429//
f 5712// 6429// 6424//
f 6425// 6430// 5712//
f 5712// 6430// 6431//
f 5712// 6431// 5710//
f 5711// 5710// 6326//
f 6326// 5710// 6432//
f 6326// 6432// 6327//
f 6327// 6432// 6433//
f 6327// 6433// 6328//
f 6328// 6433// 6434//
f 6328// 6434// 6329//
f 6329// 6434// 6435//
f 6329// 6435// 6335//
f 6335// 6435// 6436//
f 6335// 6436// 6336//
f 6336// 6436// 6437//
f 6336// 6437// 6438//
f 5958// 5960// 6439//
f 6439// 5960// 6319//
f 6439// 6319// 6440//
f 6440// 6319// 6351//
f 6440// 6351// 6441//
f 6441// 6351// 6350//
f 6441// 6350// 6442//
f 6442// 6350// 6349//
f 6442// 6349// 6443//
f 6443// 6349// 6348//
f 6443// 6348// 6438//
f 6438// 6348// 6337//
f 6438// 6337// 6336//
f 5709// 6303// 5708//
f 5708// 6303// 6444//
f 6303// 6304// 6444//
f 6444// 6304// 6306//
f 6444// 6306// 6445//
f 6445// 6306// 6307//
f 6445// 6307// 6446//
f 6446// 6307// 6309//
f 6446// 6309// 6447//
f 6309// 6310// 6447//
f 6447// 6310// 6312//
f 6447// 6312// 6448//
f 6448// 6312// 6313//
f 6448// 6313// 6449//
f 6449// 6313// 6315//
f 6449// 6315// 6450//
f 6450// 6315// 6316//
f 6450// 6316// 5961//
f 5961// 6316// 6318//
f 5961// 6318// 5960//
f 5708// 6451// 5706//
f 5706// 6451// 6412//
f 6451// 6452// 6412//
f 6412// 6452// 6453//
f 6412// 6453// 6413//
f 6453// 6454// 6413//
f 6413// 6454// 6455//
f 6413// 6455// 6414//
f 6455// 6456// 6414//
f 6414// 6456// 6457//
f 6414// 6457// 6415//
f 6458// 6416// 6459//
f 6459// 6416// 6415//
f 6459// 6415// 6460//
f 6460// 6415// 6457//
f 6458// 6461// 6416//
f 6416// 6461// 6462//
f 6416// 6462// 6463//
f 6463// 6464// 6416//
f 6416// 6464// 6465//
f 6416// 6465// 5703//
f 5703// 6465// 6466//
f 5703// 6466// 5705//
f 6467// 6468// 6469//
f 6470// 6471// 6472//
f 6473// 6474// 5958//
f 5715// 6475// 6417//
f 6417// 6475// 6476//
f 6417// 6476// 6418//
f 6418// 6476// 6477//
f 6418// 6477// 6419//
f 6419// 6477// 6420//
f 6420// 6477// 6478//
f 6420// 6478// 6421//
f 6421// 6478// 6422//
f 6422// 6478// 6479//
f 6422// 6479// 6423//
f 6423// 6479// 6480//
f 6423// 6480// 6426//
f 6426// 6480// 6481//
f 6426// 6481// 6427//
f 6427// 6481// 6482//
f 6427// 6482// 6428//
f 6483// 6484// 6485//
f 6432// 6486// 6433//
f 6433// 6486// 6487//
f 6433// 6487// 6434//
f 6434// 6487// 6435//
f 6435// 6487// 6488//
f 6435// 6488// 6436//
f 6489// 6438// 6488//
f 6488// 6438// 6437//
f 6488// 6437// 6436//
f 6490// 6442// 6489//
f 6489// 6442// 6443//
f 6489// 6443// 6438//
f 5958// 6439// 6473//
f 6473// 6439// 6440//
f 6473// 6440// 6490//
f 6490// 6440// 6441//
f 6490// 6441// 6442//
f 6486// 6491// 6487//
f 6487// 6491// 6492//
f 6487// 6492// 6488//
f 6488// 6492// 6493//
f 6488// 6493// 6489//
f 6489// 6493// 6494//
f 6489// 6494// 6490//
f 6490// 6494// 6495//
f 6490// 6495// 6473//
f 6473// 6495// 6472//
f 6473// 6472// 6474//
f 6474// 6472// 6471//
f 6491// 6496// 6492//
f 6492// 6496// 6497//
f 6492// 6497// 6493//
f 6493// 6497// 6498//
f 6493// 6498// 6494//
f 6494// 6498// 6499//
f 6494// 6499// 6495//
f 6495// 6499// 6500//
f 6495// 6500// 6472//
f 6472// 6500// 6501//
f 6472// 6501// 6470//
f 6470// 6501// 6502//
f 6496// 6483// 6497//
f 6497// 6483// 6503//
f 6497// 6503// 6498//
f 6498// 6503// 6504//
f 6498// 6504// 6499//
f 6499// 6504// 6505//
f 6499// 6505// 6500//
f 6500// 6505// 6506//
f 6500// 6506// 6501//
f 6501// 6506// 6469//
f 6501// 6469// 6502//
f 6502// 6469// 6468//
f 6475// 6467// 6476//
f 6476// 6467// 6469//
f 6476// 6469// 6477//
f 6477// 6469// 6506//
f 6477// 6506// 6478//
f 6478// 6506// 6505//
f 6478// 6505// 6479//
f 6479// 6505// 6504//
f 6479// 6504// 6480//
f 6480// 6504// 6503//
f 6480// 6503// 6481//
f 6481// 6503// 6483//
f 6481// 6483// 6482//
f 6482// 6483// 6485//
f 6482// 6485// 6428//
f 6428// 6485// 6484//
f 6428// 6484// 6429//
f 6429// 6484// 6483//
f 6429// 6483// 6424//
f 6424// 6483// 6496//
f 6424// 6496// 6425//
f 6425// 6496// 6491//
f 6425// 6491// 6430//
f 6430// 6491// 6486//
f 6430// 6486// 6431//
f 6431// 6486// 6432//
f 6431// 6432// 5710//
f 6507// 6508// 6509//
f 6465// 6509// 6466//
f 6509// 6465// 6464//
f 5705// 6466// 6509//
f 6463// 6462// 6509//
f 5708// 6510// 6451//
f 6445// 6446// 6511//
f 6448// 6449// 6512//
f 6513// 6450// 5961//
f 6451// 6510// 6452//
f 6452// 6510// 6514//
f 6452// 6514// 6453//
f 6453// 6514// 6454//
f 6454// 6514// 6515//
f 6454// 6515// 6455//
f 6455// 6515// 6456//
f 6456// 6515// 6516//
f 6456// 6516// 6457//
f 6457// 6516// 6460//
f 6460// 6516// 6517//
f 6460// 6517// 6459//
f 6459// 6517// 6458//
f 6458// 6517// 6508//
f 6458// 6508// 6461//
f 6461// 6508// 6507//
f 6461// 6507// 6462//
f 6462// 6507// 6509//
f 6464// 6463// 6509//
f 5961// 6518// 6513//
f 6513// 6518// 6519//
f 6513// 6519// 6520//
f 6519// 6521// 6520//
f 6520// 6521// 6522//
f 6520// 6522// 6523//
f 6522// 6524// 6523//
f 6523// 6524// 6525//
f 6523// 6525// 6526//
f 6444// 6445// 6527//
f 6527// 6445// 6511//
f 6527// 6511// 6528//
f 6528// 6511// 6529//
f 6528// 6529// 6530//
f 6530// 6529// 6531//
f 6530// 6531// 6532//
f 6532// 6531// 6533//
f 6532// 6533// 6534//
f 6534// 6533// 6535//
f 6534// 6535// 6536//
f 6536// 6535// 6537//
f 6536// 6537// 6509//
f 6446// 6447// 6511//
f 6511// 6447// 6538//
f 6511// 6538// 6529//
f 6529// 6538// 6539//
f 6529// 6539// 6531//
f 6531// 6539// 6540//
f 6531// 6540// 6533//
f 6533// 6540// 6541//
f 6533// 6541// 6535//
f 6535// 6541// 6542//
f 6535// 6542// 6537//
f 6537// 6542// 6543//
f 6537// 6543// 6509//
f 5708// 6444// 6510//
f 6510// 6444// 6527//
f 6510// 6527// 6514//
f 6514// 6527// 6528//
f 6514// 6528// 6515//
f 6515// 6528// 6530//
f 6515// 6530// 6516//
f 6516// 6530// 6532//
f 6516// 6532// 6517//
f 6517// 6532// 6534//
f 6517// 6534// 6508//
f 6508// 6534// 6536//
f 6508// 6536// 6509//
f 6449// 6450// 6512//
f 6512// 6450// 6513//
f 6512// 6513// 6544//
f 6544// 6513// 6520//
f 6544// 6520// 6545//
f 6545// 6520// 6523//
f 6545// 6523// 6546//
f 6546// 6523// 6526//
f 6546// 6526// 6547//
f 6547// 6526// 6548//
f 6547// 6548// 6549//
f 6549// 6548// 6550//
f 6549// 6550// 6509//
f 6525// 6551// 6526//
f 6526// 6551// 6552//
f 6526// 6552// 6548//
f 6548// 6552// 6553//
f 6548// 6553// 6550//
f 6550// 6553// 6554//
f 6550// 6554// 6509//
f 6447// 6448// 6538//
f 6538// 6448// 6512//
f 6538// 6512// 6539//
f 6539// 6512// 6544//
f 6539// 6544// 6540//
f 6540// 6544// 6545//
f 6540// 6545// 6541//
f 6541// 6545// 6546//
f 6541// 6546// 6542//
f 6542// 6546// 6547//
f 6542// 6547// 6543//
f 6543// 6547// 6549//
f 6543// 6549// 6509//
f 5715// 5714// 6555//
f 5715// 6555// 6475//
f 6475// 6555// 6556//
f 6475// 6556// 6467//
f 6467// 6556// 6468//
f 6468// 6556// 6557//
f 6468// 6557// 6502//
f 6557// 6558// 6502//
f 6502// 6558// 6559//
f 6502// 6559// 6470//
f 6470// 6559// 6471//
f 6471// 6559// 6560//
f 6471// 6560// 6474//
f 6560// 6561// 6474//
f 6474// 6561// 5959//
f 6474// 5959// 5958//
f 5704// 5705// 6562//
f 6562// 5705// 6509//
f 6562// 6509// 6563//
f 6563// 6509// 6554//
f 6563// 6554// 6564//
f 6564// 6554// 6553//
f 6564// 6553// 6565//
f 6565// 6553// 6552//
f 6565// 6552// 6566//
f 6566// 6552// 6551//
f 6566// 6551// 6567//
f 6567// 6551// 6525//
f 6567// 6525// 6568//
f 6568// 6525// 6524//
f 6568// 6524// 6569//
f 6569// 6524// 6522//
f 6569// 6522// 6570//
f 6570// 6522// 6521//
f 6570// 6521// 6571//
f 6571// 6521// 6519//
f 6571// 6519// 6572//
f 6572// 6519// 6518//
f 6572// 6518// 5959//
f 5959// 6518// 5961//
f 6573// 6574// 6562//
f 6573// 6562// 6575//
f 6576// 6575// 6562//
f 6565// 6577// 6578//
f 6567// 6568// 6579//
f 6580// 6581// 6582//
f 6583// 6584// 6585//
f 6586// 6587// 6562//
f 6588// 6562// 6589//
f 6562// 6588// 5704//
f 6587// 6589// 6562//
f 6590// 6586// 6562//
f 6591// 6574// 6592//
f 6592// 6574// 6593//
f 6594// 6595// 6596//
f 6596// 6595// 6597//
f 6598// 6555// 5714//
f 6599// 6558// 6557//
f 6600// 6560// 6559//
f 6561// 6560// 6601//
f 6601// 6560// 6600//
f 6601// 6600// 6602//
f 5959// 6561// 6572//
f 6572// 6561// 6601//
f 6572// 6601// 6571//
f 6571// 6601// 6602//
f 6571// 6602// 6570//
f 6570// 6602// 6569//
f 6568// 6569// 6579//
f 6579// 6569// 6602//
f 6579// 6602// 6603//
f 6603// 6602// 6600//
f 6603// 6600// 6599//
f 6599// 6600// 6559//
f 6599// 6559// 6558//
f 6566// 6567// 6604//
f 6604// 6567// 6579//
f 6604// 6579// 6605//
f 6605// 6579// 6603//
f 6605// 6603// 6606//
f 6606// 6603// 6599//
f 6606// 6599// 6607//
f 6607// 6599// 6557//
f 6607// 6557// 6556//
f 6608// 6596// 6609//
f 6609// 6596// 6597//
f 6609// 6597// 6610//
f 6565// 6566// 6577//
f 6577// 6566// 6604//
f 6577// 6604// 6611//
f 6611// 6604// 6605//
f 6611// 6605// 6612//
f 6612// 6605// 6606//
f 6612// 6606// 6613//
f 6613// 6606// 6607//
f 6613// 6607// 6598//
f 6598// 6607// 6556//
f 6598// 6556// 6555//
f 6578// 6577// 6614//
f 6614// 6577// 6611//
f 6614// 6611// 6615//
f 6615// 6611// 6612//
f 6615// 6612// 6616//
f 6616// 6612// 6613//
f 6616// 6613// 6617//
f 6617// 6613// 6598//
f 6617// 6598// 6618//
f 6618// 6598// 5714//
f 6618// 5714// 6619//
f 6620// 6608// 6621//
f 6621// 6608// 6609//
f 6621// 6609// 6585//
f 6585// 6609// 6610//
f 6585// 6610// 6583//
f 6576// 6620// 6575//
f 6575// 6620// 6621//
f 6575// 6621// 6573//
f 6573// 6621// 6585//
f 6573// 6585// 6574//
f 6574// 6585// 6584//
f 6574// 6584// 6593//
f 6591// 6562// 6574//
f 6592// 6590// 6591//
f 6591// 6590// 6562//
f 6562// 6563// 6578//
f 6578// 6563// 6564//
f 6578// 6564// 6565//
f 6619// 6580// 6618//
f 6618// 6580// 6582//
f 6618// 6582// 6617//
f 6617// 6582// 6622//
f 6617// 6622// 6616//
f 6616// 6622// 6623//
f 6616// 6623// 6615//
f 6615// 6623// 6624//
f 6615// 6624// 6614//
f 6614// 6624// 6625//
f 6614// 6625// 6578//
f 6578// 6625// 6562//
f 6581// 6594// 6582//
f 6582// 6594// 6596//
f 6582// 6596// 6622//
f 6622// 6596// 6608//
f 6622// 6608// 6623//
f 6623// 6608// 6620//
f 6623// 6620// 6624//
f 6624// 6620// 6576//
f 6624// 6576// 6625//
f 6625// 6576// 6562//
f 6626// 5702// 5704//
f 5704// 6588// 6626//
f 6626// 6588// 6589//
f 6626// 6589// 6587//
f 6587// 6586// 6626//
f 6626// 6586// 6590//
f 6626// 6590// 6592//
f 6592// 6593// 6626//
f 6626// 6593// 6584//
f 6626// 6584// 6627//
f 6584// 6583// 6627//
f 6627// 6583// 6610//
f 6627// 6610// 6628//
f 6610// 6597// 6628//
f 6628// 6597// 6595//
f 6628// 6595// 6629//
f 6595// 6594// 6629//
f 6629// 6594// 6581//
f 6629// 6581// 6630//
f 5714// 5716// 6619//
f 6619// 5716// 6630//
f 6619// 6630// 6580//
f 6580// 6630// 6581//
f 5757// 5755// 6631//
f 5753// 5751// 6632//
f 5743// 5741// 6633//
f 5739// 5737// 6634//
f 5729// 5727// 6635//
f 5725// 5723// 6636//
f 5813// 5824// 6637//
f 6637// 5824// 6638//
f 6637// 6638// 6639//
f 6639// 6638// 6640//
f 6639// 6640// 6641//
f 6641// 6640// 6642//
f 6641// 6642// 6643//
f 6643// 6642// 6644//
f 6643// 6644// 6645//
f 6645// 6644// 6636//
f 5820// 5818// 6646//
f 6646// 5818// 6647//
f 6646// 6647// 6648//
f 6648// 6647// 6649//
f 6648// 6649// 6650//
f 6650// 6649// 6651//
f 6650// 6651// 6652//
f 6652// 6651// 6653//
f 6652// 6653// 6654//
f 6654// 6653// 6634//
f 5826// 5825// 6655//
f 6655// 5825// 6656//
f 6655// 6656// 6657//
f 6657// 6656// 6658//
f 6657// 6658// 6659//
f 6659// 6658// 6660//
f 6659// 6660// 6661//
f 6661// 6660// 6662//
f 6661// 6662// 6663//
f 6663// 6662// 6632//
f 5716// 5813// 6630//
f 6630// 5813// 6637//
f 6630// 6637// 6629//
f 6629// 6637// 6639//
f 6629// 6639// 6628//
f 6628// 6639// 6641//
f 6628// 6641// 6627//
f 6627// 6641// 6643//
f 6627// 6643// 6626//
f 6626// 6643// 6645//
f 6626// 6645// 5702//
f 5702// 6645// 5719//
f 6636// 5723// 6645//
f 6645// 5723// 5721//
f 6645// 5721// 5719//
f 5727// 5725// 6635//
f 6635// 5725// 6636//
f 6635// 6636// 6664//
f 6664// 6636// 6644//
f 6664// 6644// 6665//
f 6665// 6644// 6642//
f 6665// 6642// 6666//
f 6666// 6642// 6640//
f 6666// 6640// 6667//
f 6667// 6640// 6638//
f 6667// 6638// 5823//
f 5823// 6638// 5824//
f 5731// 5729// 6668//
f 6668// 5729// 6635//
f 6668// 6635// 6669//
f 6669// 6635// 6664//
f 6669// 6664// 6670//
f 6670// 6664// 6665//
f 6670// 6665// 6671//
f 6671// 6665// 6666//
f 6671// 6666// 6672//
f 6672// 6666// 6667//
f 6672// 6667// 5821//
f 5821// 6667// 5823//
f 5821// 5820// 6672//
f 6672// 5820// 6646//
f 6672// 6646// 6671//
f 6671// 6646// 6648//
f 6671// 6648// 6670//
f 6670// 6648// 6650//
f 6670// 6650// 6669//
f 6669// 6650// 6652//
f 6669// 6652// 6668//
f 6668// 6652// 6654//
f 6668// 6654// 5731//
f 5731// 6654// 5733//
f 6634// 5737// 6654//
f 6654// 5737// 5735//
f 6654// 5735// 5733//
f 5741// 5739// 6633//
f 6633// 5739// 6634//
f 6633// 6634// 6673//
f 6673// 6634// 6653//
f 6673// 6653// 6674//
f 6674// 6653// 6651//
f 6674// 6651// 6675//
f 6675// 6651// 6649//
f 6675// 6649// 6676//
f 6676// 6649// 6647//
f 6676// 6647// 5816//
f 5816// 6647// 5818//
f 5745// 5743// 6677//
f 6677// 5743// 6633//
f 6677// 6633// 6678//
f 6678// 6633// 6673//
f 6678// 6673// 6679//
f 6679// 6673// 6674//
f 6679// 6674// 6680//
f 6680// 6674// 6675//
f 6680// 6675// 6681//
f 6681// 6675// 6676//
f 6681// 6676// 5827//
f 5827// 6676// 5816//
f 5827// 5826// 6681//
f 6681// 5826// 6655//
f 6681// 6655// 6680//
f 6680// 6655// 6657//
f 6680// 6657// 6679//
f 6679// 6657// 6659//
f 6679// 6659// 6678//
f 6678// 6659// 6661//
f 6678// 6661// 6677//
f 6677// 6661// 6663//
f 6677// 6663// 5745//
f 5745// 6663// 5747//
f 6632// 5751// 6663//
f 6663// 5751// 5749//
f 6663// 5749// 5747//
f 5825// 5809// 6656//
f 6656// 5809// 6682//
f 6656// 6682// 6658//
f 6658// 6682// 6683//
f 6658// 6683// 6660//
f 6660// 6683// 6684//
f 6660// 6684// 6662//
f 6662// 6684// 6685//
f 6662// 6685// 6632//
f 6632// 6685// 6631//
f 6632// 6631// 5753//
f 5753// 6631// 5755//
f 5759// 5757// 6686//
f 6686// 5757// 6631//
f 6686// 6631// 6687//
f 6687// 6631// 6685//
f 6687// 6685// 6688//
f 6688// 6685// 6684//
f 6688// 6684// 6689//
f 6689// 6684// 6683//
f 6689// 6683// 6690//
f 6690// 6683// 6682//
f 6690// 6682// 5810//
f 5810// 6682// 5809//
f 5810// 5812// 6690//
f 6690// 5812// 6691//
f 6690// 6691// 6689//
f 6689// 6691// 6692//
f 6689// 6692// 6688//
f 6688// 6692// 6693//
f 6688// 6693// 6687//
f 6687// 6693// 6694//
f 6687// 6694// 6686//
f 6686// 6694// 6695//
f 6686// 6695// 5759//
f 5759// 6695// 5761//
f 5828// 5761// 6695//
f 5828// 6695// 6696//
f 6696// 6695// 6694//
f 6696// 6694// 6697//
f 6697// 6694// 6693//
f 6697// 6693// 6698//
f 6698// 6693// 6692//
f 6698// 6692// 6699//
f 6699// 6692// 6691//
f 6699// 6691// 6700//
f 6700// 6691// 5812//
f 6700// 5812// 5834//
f 5937// 6701// 6702//
f 6701// 6703// 6704//
f 6703// 6705// 6706//
f 6705// 6707// 6708//
f 6709// 5836// 5838//
f 6707// 6709// 6710//
f 6710// 6709// 5838//
f 6710// 5838// 6711//
f 6711// 5838// 5840//
f 5846// 6712// 5844//
f 5844// 6712// 6711//
f 5844// 6711// 5842//
f 5842// 6711// 5840//
f 5848// 6713// 5846//
f 5846// 6713// 6714//
f 5846// 6714// 6712//
f 5854// 6715// 5852//
f 5852// 6715// 6713//
f 5852// 6713// 5850//
f 5850// 6713// 5848//
f 5856// 6716// 5854//
f 5854// 6716// 6717//
f 5854// 6717// 6715//
f 5856// 5858// 6716//
f 6716// 5858// 5828//
f 6716// 5828// 6696//
f 6707// 6710// 6708//
f 6708// 6710// 6711//
f 6708// 6711// 6718//
f 6718// 6711// 6712//
f 6718// 6712// 6719//
f 6719// 6712// 6714//
f 6719// 6714// 6720//
f 6720// 6714// 6713//
f 6720// 6713// 6721//
f 6721// 6713// 6715//
f 6721// 6715// 6722//
f 6722// 6715// 6717//
f 6722// 6717// 6723//
f 6723// 6717// 6716//
f 6723// 6716// 6724//
f 6724// 6716// 6696//
f 6724// 6696// 6697//
f 6705// 6708// 6706//
f 6706// 6708// 6718//
f 6706// 6718// 6725//
f 6725// 6718// 6719//
f 6725// 6719// 6726//
f 6726// 6719// 6720//
f 6726// 6720// 6727//
f 6727// 6720// 6721//
f 6727// 6721// 6728//
f 6728// 6721// 6722//
f 6728// 6722// 6729//
f 6729// 6722// 6723//
f 6729// 6723// 6730//
f 6730// 6723// 6724//
f 6730// 6724// 6731//
f 6731// 6724// 6697//
f 6731// 6697// 6698//
f 6703// 6706// 6704//
f 6704// 6706// 6725//
f 6704// 6725// 6732//
f 6732// 6725// 6726//
f 6732// 6726// 6733//
f 6733// 6726// 6727//
f 6733// 6727// 6734//
f 6734// 6727// 6728//
f 6734// 6728// 6735//
f 6735// 6728// 6729//
f 6735// 6729// 6736//
f 6736// 6729// 6730//
f 6736// 6730// 6737//
f 6737// 6730// 6731//
f 6737// 6731// 6738//
f 6738// 6731// 6698//
f 6738// 6698// 6699//
f 6701// 6704// 6702//
f 6702// 6704// 6732//
f 6702// 6732// 6739//
f 6739// 6732// 6733//
f 6739// 6733// 6740//
f 6740// 6733// 6734//
f 6740// 6734// 6741//
f 6741// 6734// 6735//
f 6741// 6735// 6742//
f 6742// 6735// 6736//
f 6742// 6736// 6743//
f 6743// 6736// 6737//
f 6743// 6737// 6744//
f 6744// 6737// 6738//
f 6744// 6738// 6745//
f 6745// 6738// 6699//
f 6745// 6699// 6700//
f 5937// 6702// 5939//
f 5939// 6702// 6739//
f 5939// 6739// 5947//
f 5947// 6739// 6740//
f 5947// 6740// 5944//
f 5944// 6740// 6741//
f 5944// 6741// 5942//
f 5942// 6741// 6742//
f 5942// 6742// 5932//
f 5932// 6742// 6743//
f 5932// 6743// 5930//
f 5930// 6743// 6744//
f 5930// 6744// 5928//
f 5928// 6744// 6745//
f 5928// 6745// 5933//
f 5933// 6745// 6700//
f 5933// 6700// 5834//
f 5937// 5950// 5969//
f 5937// 5969// 6701//
f 6701// 5969// 5968//
f 6701// 5968// 6703//
f 6703// 5968// 5967//
f 6703// 5967// 6705//
f 6705// 5967// 5980//
f 6705// 5980// 6707//
f 6707// 5980// 5981//
f 6707// 5981// 6709//
f 6709// 5981// 5952//
f 6709// 5952// 5836//
f 6746// 6747// 6748//
f 6748// 6747// 6749//
f 6750// 6751// 6752//
f 6752// 6751// 6753//
f 6754// 6755// 6756//
f 6756// 6755// 6757//
f 6758// 6759// 6760//
f 6760// 6759// 6761//
f 6762// 6763// 6764//
f 6764// 6763// 6765//
f 6764// 6765// 6766//
f 6766// 6765// 6767//
f 6766// 6767// 6768//
f 6768// 6767// 6769//
f 6768// 6769// 6770//
f 6770// 6769// 6771//
f 6770// 6771// 6772//
f 6772// 6771// 6773//
f 6772// 6773// 6774//
f 6774// 6773// 6775//
f 6774// 6775// 6776//
f 6776// 6775// 6777//
f 6776// 6777// 6778//
f 6778// 6777// 6779//
f 6778// 6779// 6780//
f 6780// 6779// 6781//
f 6780// 6781// 6782//
f 6782// 6781// 6783//
f 6782// 6783// 6784//
f 6784// 6783// 6785//
f 6784// 6785// 6786//
f 6786// 6785// 6787//
f 6786// 6787// 6788//
f 6788// 6787// 6789//
f 6788// 6789// 6790//
f 6790// 6789// 6791//
f 6790// 6791// 6792//
f 6792// 6791// 6793//
f 6792// 6793// 6794//
f 6794// 6793// 6795//
f 6794// 6795// 6796//
f 6796// 6795// 6797//
f 6796// 6797// 6798//
f 6798// 6797// 6799//
f 6798// 6799// 6800//
f 6800// 6799// 6801//
f 6800// 6801// 6802//
f 6802// 6801// 6803//
f 6802// 6803// 6804//
f 6804// 6803// 6805//
f 6804// 6805// 6746//
f 6746// 6805// 6747//
f 6806// 6807// 6808//
f 6808// 6807// 6809//
f 6810// 6811// 6812//
f 6812// 6811// 6813//
f 6812// 6813// 6809//
f 6809// 6813// 6814//
f 6809// 6814// 6808//
f 6815// 6816// 6817//
f 6818// 6819// 6810//
f 6810// 6819// 6820//
f 6810// 6820// 6811//
f 6817// 6816// 6821//
f 6821// 6816// 6751//
f 6821// 6751// 6750//
f 6817// 6822// 6815//
f 6815// 6822// 6823//
f 6815// 6823// 6824//
f 6824// 6823// 6825//
f 6824// 6825// 6818//
f 6818// 6825// 6826//
f 6818// 6826// 6819//
f 6827// 6828// 6829//
f 6829// 6828// 6830//
f 6829// 6830// 6831//
f 6831// 6830// 6832//
f 6831// 6832// 6833//
f 6833// 6832// 6834//
f 6833// 6834// 6835//
f 6835// 6834// 6836//
f 6835// 6836// 6837//
f 6837// 6836// 6838//
f 6837// 6838// 6839//
f 6839// 6838// 6840//
f 6839// 6840// 6841//
f 6841// 6840// 6842//
f 6841// 6842// 6843//
f 6843// 6842// 6844//
f 6843// 6844// 6845//
f 6845// 6844// 6846//
f 6845// 6846// 6847//
f 6847// 6846// 6848//
f 6847// 6848// 6849//
f 6849// 6848// 6850//
f 6849// 6850// 6757//
f 6757// 6850// 6756//
f 6851// 6852// 6853//
f 6853// 6852// 6854//
f 6854// 6852// 6855//
f 6854// 6855// 6856//
f 6760// 6761// 6857//
f 6857// 6761// 6858//
f 6859// 6860// 6861//
f 6861// 6860// 6862//
f 6861// 6862// 6863//
f 6862// 6864// 6863//
f 6863// 6864// 6865//
f 6863// 6865// 6866//
f 6866// 6865// 6867//
f 6866// 6867// 6858//
f 6858// 6867// 6868//
f 6858// 6868// 6857//
f 6853// 6869// 6851//
f 6851// 6869// 6870//
f 6851// 6870// 6859//
f 6859// 6870// 6871//
f 6859// 6871// 6860//
f 6872// 6873// 6762//
f 6762// 6873// 6763//
f 6874// 6875// 6806//
f 6806// 6875// 6807//
f 6828// 6827// 6876//
f 6876// 6827// 6877//
f 6856// 6855// 6878//
f 6878// 6855// 6879//
f 6873// 6872// 6880//
f 6880// 6872// 6881//
f 6880// 6881// 6882//
f 6882// 6881// 6883//
f 6882// 6883// 6884//
f 6884// 6883// 6885//
f 6884// 6885// 6886//
f 6886// 6885// 6887//
f 6886// 6887// 6888//
f 6888// 6887// 6889//
f 6888// 6889// 6890//
f 6890// 6889// 6891//
f 6890// 6891// 6892//
f 6892// 6891// 6893//
f 6892// 6893// 6894//
f 6894// 6893// 6895//
f 6894// 6895// 6896//
f 6896// 6895// 6897//
f 6896// 6897// 6898//
f 6898// 6897// 6899//
f 6898// 6899// 6900//
f 6900// 6899// 6901//
f 6900// 6901// 6902//
f 6902// 6901// 6903//
f 6875// 6874// 6904//
f 6904// 6874// 6905//
f 6906// 6907// 6908//
f 6908// 6907// 6909//
f 6909// 6907// 6910//
f 6909// 6910// 6911//
f 6908// 6912// 6906//
f 6906// 6912// 6913//
f 6906// 6913// 6914//
f 6914// 6913// 6915//
f 6914// 6915// 6905//
f 6905// 6915// 6916//
f 6905// 6916// 6904//
f 6911// 6910// 6917//
f 6917// 6910// 6918//
f 6917// 6918// 6919//
f 6919// 6918// 6920//
f 6919// 6920// 6921//
f 6921// 6920// 6922//
f 6922// 6920// 6923//
f 6922// 6923// 6924//
f 6924// 6923// 6925//
f 6924// 6925// 6926//
f 6876// 6877// 6927//
f 6927// 6877// 6928//
f 6927// 6928// 6929//
f 6929// 6928// 6930//
f 6929// 6930// 6931//
f 6931// 6930// 6932//
f 6931// 6932// 6933//
f 6933// 6932// 6934//
f 6933// 6934// 6935//
f 6935// 6934// 6936//
f 6935// 6936// 6937//
f 6937// 6936// 6938//
f 6937// 6938// 6939//
f 6939// 6938// 6940//
f 6939// 6940// 6941//
f 6941// 6940// 6942//
f 6941// 6942// 6943//
f 6943// 6942// 6944//
f 6943// 6944// 6945//
f 6945// 6944// 6946//
f 6945// 6946// 6947//
f 6947// 6946// 6948//
f 6947// 6948// 6949//
f 6949// 6948// 6950//
f 6949// 6950// 6951//
f 6951// 6950// 6952//
f 6951// 6952// 6953//
f 6953// 6952// 6954//
f 6953// 6954// 6955//
f 6955// 6954// 6956//
f 6955// 6956// 6957//
f 6957// 6956// 6958//
f 6957// 6958// 6959//
f 6959// 6958// 6960//
f 6959// 6960// 6961//
f 6961// 6960// 6962//
f 6961// 6962// 6963//
f 6963// 6962// 6964//
f 6963// 6964// 6965//
f 6965// 6964// 6966//
f 6965// 6966// 6967//
f 6967// 6966// 6968//
f 6967// 6968// 6969//
f 6969// 6968// 6970//
f 6878// 6879// 6971//
f 6972// 6973// 6974//
f 6974// 6973// 6975//
f 6974// 6975// 6976//
f 6878// 6971// 6977//
f 6977// 6971// 6978//
f 6977// 6978// 6972//
f 6972// 6978// 6979//
f 6972// 6979// 6973//
f 6980// 6981// 6982//
f 6982// 6981// 6983//
f 6975// 6984// 6976//
f 6976// 6984// 6985//
f 6976// 6985// 6986//
f 6986// 6985// 6987//
f 6986// 6987// 6988//
f 6987// 6989// 6988//
f 6988// 6989// 6990//
f 6988// 6990// 6991//
f 6991// 6990// 6992//
f 6991// 6992// 6983//
f 6983// 6992// 6993//
f 6983// 6993// 6982//
f 6981// 6980// 6994//
f 6994// 6980// 6995//
f 6996// 6997// 6903//
f 6903// 6997// 6902//
f 6998// 6999// 6925//
f 6925// 6999// 6926//
f 6969// 6970// 7000//
f 7000// 6970// 7001//
f 7002// 7003// 7004//
f 7004// 7003// 7005//
f 6994// 6995// 6999//
f 7006// 7007// 7008//
f 6999// 6998// 6994//
f 6994// 6998// 6997//
f 6994// 6997// 6996//
f 7009// 7010// 7011//
f 6998// 7012// 6997//
f 6997// 7012// 7006//
f 6997// 7006// 7013//
f 7013// 7006// 7008//
f 7014// 7015// 7016//
f 7017// 7018// 7019//
f 7019// 7018// 7020//
f 7017// 7021// 7018//
f 7018// 7021// 6999//
f 7018// 6999// 7001//
f 6996// 7022// 6994//
f 6994// 7022// 7014//
f 6994// 7014// 7023//
f 7023// 7014// 7016//
f 7009// 7011// 7024//
f 7001// 6999// 7000//
f 7000// 6999// 6995//
f 7000// 6995// 7011//
f 7011// 6995// 7025//
f 7011// 7025// 7024//
f 6926// 6999// 7021//
f 6926// 7021// 7026//
f 7026// 7021// 7017//
f 7026// 7017// 7027//
f 7027// 7017// 7019//
f 7027// 7019// 7028//
f 7028// 7019// 7020//
f 7028// 7020// 7029//
f 7029// 7020// 7018//
f 7029// 7018// 7030//
f 7030// 7018// 7001//
f 7030// 7001// 6970//
f 6966// 6964// 7031//
f 6956// 6954// 7032//
f 6952// 6950// 7033//
f 6944// 6942// 7034//
f 6934// 6932// 7035//
f 6930// 6928// 7036//
f 6913// 6912// 7037//
f 7037// 6912// 7038//
f 7037// 7038// 7039//
f 7039// 7038// 7040//
f 7039// 7040// 7041//
f 7041// 7040// 7042//
f 7041// 7042// 7043//
f 7043// 7042// 7044//
f 7043// 7044// 7045//
f 7045// 7044// 7034//
f 6921// 6922// 7046//
f 7046// 6922// 7047//
f 7046// 7047// 7048//
f 7048// 7047// 7049//
f 7048// 7049// 7050//
f 7050// 7049// 7051//
f 7050// 7051// 7052//
f 7052// 7051// 7053//
f 7052// 7053// 7054//
f 7054// 7053// 7031//
f 6875// 6904// 7055//
f 7055// 6904// 7056//
f 7055// 7056// 7057//
f 7057// 7056// 7058//
f 7057// 7058// 7059//
f 7059// 7058// 7060//
f 7059// 7060// 7061//
f 7061// 7060// 7062//
f 7061// 7062// 7063//
f 7063// 7062// 7036//
f 7063// 7036// 6877//
f 6877// 7036// 6928//
f 6904// 6916// 7056//
f 7056// 6916// 7064//
f 7056// 7064// 7058//
f 7058// 7064// 7065//
f 7058// 7065// 7060//
f 7060// 7065// 7066//
f 7060// 7066// 7062//
f 7062// 7066// 7067//
f 7062// 7067// 7036//
f 7036// 7067// 7035//
f 7036// 7035// 6930//
f 6930// 7035// 6932//
f 6936// 6934// 7068//
f 7068// 6934// 7035//
f 7068// 7035// 7069//
f 7069// 7035// 7067//
f 7069// 7067// 7070//
f 7070// 7067// 7066//
f 7070// 7066// 7071//
f 7071// 7066// 7065//
f 7071// 7065// 7072//
f 7072// 7065// 7064//
f 7072// 7064// 6915//
f 6915// 7064// 6916//
f 6915// 6913// 7072//
f 7072// 6913// 7037//
f 7072// 7037// 7071//
f 7071// 7037// 7039//
f 7071// 7039// 7070//
f 7070// 7039// 7041//
f 7070// 7041// 7069//
f 7069// 7041// 7043//
f 7069// 7043// 7068//
f 7068// 7043// 7045//
f 7068// 7045// 6936//
f 6936// 7045// 6938//
f 7034// 6942// 7045//
f 7045// 6942// 6940//
f 7045// 6940// 6938//
f 6946// 6944// 7073//
f 7073// 6944// 7034//
f 7073// 7034// 7074//
f 7074// 7034// 7044//
f 7074// 7044// 7075//
f 7075// 7044// 7042//
f 7075// 7042// 7076//
f 7076// 7042// 7040//
f 7076// 7040// 7077//
f 7077// 7040// 7038//
f 7077// 7038// 6908//
f 6908// 7038// 6912//
f 6908// 6909// 7077//
f 7077// 6909// 7078//
f 7077// 7078// 7076//
f 7076// 7078// 7079//
f 7076// 7079// 7075//
f 7075// 7079// 7080//
f 7075// 7080// 7074//
f 7074// 7080// 7081//
f 7074// 7081// 7073//
f 7073// 7081// 7082//
f 7073// 7082// 6946//
f 6946// 7082// 6948//
f 6909// 6911// 7078//
f 7078// 6911// 7083//
f 7078// 7083// 7079//
f 7079// 7083// 7084//
f 7079// 7084// 7080//
f 7080// 7084// 7085//
f 7080// 7085// 7081//
f 7081// 7085// 7086//
f 7081// 7086// 7082//
f 7082// 7086// 7033//
f 7082// 7033// 6948//
f 6948// 7033// 6950//
f 6911// 6917// 7083//
f 7083// 6917// 7087//
f 7083// 7087// 7084//
f 7084// 7087// 7088//
f 7084// 7088// 7085//
f 7085// 7088// 7089//
f 7085// 7089// 7086//
f 7086// 7089// 7090//
f 7086// 7090// 7033//
f 7033// 7090// 7032//
f 7033// 7032// 6952//
f 6952// 7032// 6954//
f 6958// 6956// 7091//
f 7091// 6956// 7032//
f 7091// 7032// 7092//
f 7092// 7032// 7090//
f 7092// 7090// 7093//
f 7093// 7090// 7089//
f 7093// 7089// 7094//
f 7094// 7089// 7088//
f 7094// 7088// 7095//
f 7095// 7088// 7087//
f 7095// 7087// 6919//
f 6919// 7087// 6917//
f 6919// 6921// 7095//
f 7095// 6921// 7046//
f 7095// 7046// 7094//
f 7094// 7046// 7048//
f 7094// 7048// 7093//
f 7093// 7048// 7050//
f 7093// 7050// 7092//
f 7092// 7050// 7052//
f 7092// 7052// 7091//
f 7091// 7052// 7054//
f 7091// 7054// 6958//
f 6958// 7054// 6960//
f 7031// 6964// 7054//
f 7054// 6964// 6962//
f 7054// 6962// 6960//
f 6968// 6966// 7096//
f 7096// 6966// 7031//
f 7096// 7031// 7097//
f 7097// 7031// 7053//
f 7097// 7053// 7098//
f 7098// 7053// 7051//
f 7098// 7051// 7099//
f 7099// 7051// 7049//
f 7099// 7049// 7100//
f 7100// 7049// 7047//
f 7100// 7047// 6924//
f 6924// 7047// 6922//
f 6924// 6926// 7100//
f 7100// 6926// 7026//
f 7100// 7026// 7099//
f 7099// 7026// 7027//
f 7099// 7027// 7098//
f 7098// 7027// 7028//
f 7098// 7028// 7097//
f 7097// 7028// 7029//
f 7097// 7029// 7096//
f 7096// 7029// 7030//
f 7096// 7030// 6968//
f 6968// 7030// 6970//
f 6969// 7000// 7011//
f 6969// 7011// 7101//
f 7101// 7011// 7010//
f 7101// 7010// 7102//
f 7102// 7010// 7009//
f 7102// 7009// 7103//
f 7103// 7009// 7024//
f 7103// 7024// 7104//
f 7104// 7024// 7025//
f 7104// 7025// 7105//
f 7105// 7025// 6995//
f 7105// 6995// 6980//
f 6877// 6827// 7106//
f 6877// 7106// 7063//
f 7063// 7106// 7107//
f 7063// 7107// 7061//
f 7061// 7107// 7108//
f 7061// 7108// 7059//
f 7059// 7108// 7109//
f 7059// 7109// 7057//
f 7057// 7109// 7110//
f 7057// 7110// 7055//
f 7055// 7110// 6807//
f 7055// 6807// 6875//
f 6902// 6997// 7013//
f 6902// 7013// 7111//
f 7111// 7013// 7008//
f 7111// 7008// 7112//
f 7112// 7008// 7007//
f 7112// 7007// 7113//
f 7113// 7007// 7006//
f 7113// 7006// 7114//
f 7114// 7006// 7012//
f 7114// 7012// 7115//
f 7115// 7012// 6998//
f 7115// 6998// 6925//
f 6929// 6931// 7116//
f 6939// 6941// 7117//
f 6943// 6945// 7118//
f 6951// 6953// 7119//
f 6961// 6963// 7120//
f 6965// 6967// 7121//
f 6990// 6989// 7122//
f 7122// 6989// 7123//
f 7122// 7123// 7124//
f 7124// 7123// 7125//
f 7124// 7125// 7126//
f 7126// 7125// 7127//
f 7126// 7127// 7128//
f 7128// 7127// 7129//
f 7128// 7129// 7130//
f 7130// 7129// 7119//
f 6979// 6978// 7131//
f 7131// 6978// 7132//
f 7131// 7132// 7133//
f 7133// 7132// 7134//
f 7133// 7134// 7135//
f 7135// 7134// 7136//
f 7135// 7136// 7137//
f 7137// 7136// 7138//
f 7137// 7138// 7139//
f 7139// 7138// 7116//
f 6980// 6982// 7105//
f 7105// 6982// 7140//
f 7105// 7140// 7104//
f 7104// 7140// 7141//
f 7104// 7141// 7103//
f 7103// 7141// 7142//
f 7103// 7142// 7102//
f 7102// 7142// 7143//
f 7102// 7143// 7101//
f 7101// 7143// 7121//
f 7101// 7121// 6969//
f 6969// 7121// 6967//
f 6982// 6993// 7140//
f 7140// 6993// 7144//
f 7140// 7144// 7141//
f 7141// 7144// 7145//
f 7141// 7145// 7142//
f 7142// 7145// 7146//
f 7142// 7146// 7143//
f 7143// 7146// 7147//
f 7143// 7147// 7121//
f 7121// 7147// 7120//
f 7121// 7120// 6965//
f 6965// 7120// 6963//
f 6959// 6961// 7148//
f 7148// 6961// 7120//
f 7148// 7120// 7149//
f 7149// 7120// 7147//
f 7149// 7147// 7150//
f 7150// 7147// 7146//
f 7150// 7146// 7151//
f 7151// 7146// 7145//
f 7151// 7145// 7152//
f 7152// 7145// 7144//
f 7152// 7144// 6992//
f 6992// 7144// 6993//
f 6992// 6990// 7152//
f 7152// 6990// 7122//
f 7152// 7122// 7151//
f 7151// 7122// 7124//
f 7151// 7124// 7150//
f 7150// 7124// 7126//
f 7150// 7126// 7149//
f 7149// 7126// 7128//
f 7149// 7128// 7148//
f 7148// 7128// 7130//
f 7148// 7130// 6959//
f 6959// 7130// 6957//
f 7119// 6953// 7130//
f 7130// 6953// 6955//
f 7130// 6955// 6957//
f 6949// 6951// 7153//
f 7153// 6951// 7119//
f 7153// 7119// 7154//
f 7154// 7119// 7129//
f 7154// 7129// 7155//
f 7155// 7129// 7127//
f 7155// 7127// 7156//
f 7156// 7127// 7125//
f 7156// 7125// 7157//
f 7157// 7125// 7123//
f 7157// 7123// 6987//
f 6987// 7123// 6989//
f 6987// 6985// 7157//
f 7157// 6985// 7158//
f 7157// 7158// 7156//
f 7156// 7158// 7159//
f 7156// 7159// 7155//
f 7155// 7159// 7160//
f 7155// 7160// 7154//
f 7154// 7160// 7161//
f 7154// 7161// 7153//
f 7153// 7161// 7162//
f 7153// 7162// 6949//
f 6949// 7162// 6947//
f 6985// 6984// 7158//
f 7158// 6984// 7163//
f 7158// 7163// 7159//
f 7159// 7163// 7164//
f 7159// 7164// 7160//
f 7160// 7164// 7165//
f 7160// 7165// 7161//
f 7161// 7165// 7166//
f 7161// 7166// 7162//
f 7162// 7166// 7118//
f 7162// 7118// 6947//
f 6947// 7118// 6945//
f 6984// 6975// 7163//
f 7163// 6975// 7167//
f 7163// 7167// 7164//
f 7164// 7167// 7168//
f 7164// 7168// 7165//
f 7165// 7168// 7169//
f 7165// 7169// 7166//
f 7166// 7169// 7170//
f 7166// 7170// 7118//
f 7118// 7170// 7117//
f 7118// 7117// 6943//
f 6943// 7117// 6941//
f 6937// 6939// 7171//
f 7171// 6939// 7117//
f 7171// 7117// 7172//
f 7172// 7117// 7170//
f 7172// 7170// 7173//
f 7173// 7170// 7169//
f 7173// 7169// 7174//
f 7174// 7169// 7168//
f 7174// 7168// 7175//
f 7175// 7168// 7167//
f 7175// 7167// 6973//
f 6973// 7167// 6975//
f 6973// 6979// 7175//
f 7175// 6979// 7131//
f 7175// 7131// 7174//
f 7174// 7131// 7133//
f 7174// 7133// 7173//
f 7173// 7133// 7135//
f 7173// 7135// 7172//
f 7172// 7135// 7137//
f 7172// 7137// 7171//
f 7171// 7137// 7139//
f 7171// 7139// 6937//
f 6937// 7139// 6935//
f 7116// 6931// 7139//
f 7139// 6931// 6933//
f 7139// 6933// 6935//
f 6927// 6929// 7176//
f 7176// 6929// 7116//
f 7176// 7116// 7177//
f 7177// 7116// 7138//
f 7177// 7138// 7178//
f 7178// 7138// 7136//
f 7178// 7136// 7179//
f 7179// 7136// 7134//
f 7179// 7134// 7180//
f 7180// 7134// 7132//
f 7180// 7132// 6971//
f 6971// 7132// 6978//
f 6971// 6879// 7180//
f 7180// 6879// 7181//
f 7180// 7181// 7179//
f 7179// 7181// 7182//
f 7179// 7182// 7178//
f 7178// 7182// 7183//
f 7178// 7183// 7177//
f 7177// 7183// 7184//
f 7177// 7184// 7176//
f 7176// 7184// 7185//
f 7176// 7185// 6927//
f 6927// 7185// 6876//
f 6807// 7110// 7186//
f 7110// 7109// 7187//
f 7109// 7108// 7188//
f 7108// 7107// 7189//
f 7107// 7106// 7190//
f 6835// 7191// 6833//
f 6833// 7191// 7192//
f 6833// 7192// 6831//
f 6831// 7192// 7190//
f 6831// 7190// 6829//
f 6829// 7190// 7106//
f 6829// 7106// 6827//
f 6835// 6837// 7191//
f 7191// 6837// 6839//
f 7191// 6839// 7193//
f 7193// 6839// 6841//
f 7193// 6841// 7194//
f 7194// 6841// 6843//
f 7194// 6843// 7195//
f 7195// 6843// 6845//
f 7195// 6845// 7196//
f 7196// 6845// 6847//
f 6847// 6849// 7196//
f 7196// 6849// 6757//
f 7196// 6757// 7197//
f 7107// 7190// 7189//
f 7189// 7190// 7192//
f 7189// 7192// 7198//
f 7198// 7192// 7191//
f 7198// 7191// 7199//
f 7199// 7191// 7193//
f 7199// 7193// 7200//
f 7200// 7193// 7194//
f 7200// 7194// 7201//
f 7201// 7194// 7195//
f 7201// 7195// 7202//
f 7202// 7195// 7196//
f 7202// 7196// 7203//
f 7203// 7196// 7197//
f 7203// 7197// 7204//
f 7108// 7189// 7188//
f 7188// 7189// 7198//
f 7188// 7198// 7205//
f 7205// 7198// 7199//
f 7205// 7199// 7206//
f 7206// 7199// 7200//
f 7206// 7200// 7207//
f 7207// 7200// 7201//
f 7207// 7201// 7208//
f 7208// 7201// 7202//
f 7208// 7202// 7209//
f 7209// 7202// 7203//
f 7209// 7203// 7210//
f 7210// 7203// 7204//
f 7210// 7204// 7211//
f 7109// 7188// 7187//
f 7187// 7188// 7205//
f 7187// 7205// 7212//
f 7212// 7205// 7206//
f 7212// 7206// 7213//
f 7213// 7206// 7207//
f 7213// 7207// 7214//
f 7214// 7207// 7208//
f 7214// 7208// 7215//
f 7215// 7208// 7209//
f 7215// 7209// 7216//
f 7216// 7209// 7210//
f 7216// 7210// 7217//
f 7217// 7210// 7211//
f 7217// 7211// 7218//
f 7110// 7187// 7186//
f 7186// 7187// 7212//
f 7186// 7212// 7219//
f 7219// 7212// 7213//
f 7219// 7213// 7220//
f 7220// 7213// 7214//
f 7220// 7214// 7221//
f 7221// 7214// 7215//
f 7221// 7215// 7222//
f 7222// 7215// 7216//
f 7222// 7216// 7223//
f 7223// 7216// 7217//
f 7223// 7217// 7224//
f 7224// 7217// 7218//
f 7224// 7218// 7225//
f 6807// 7186// 6809//
f 6809// 7186// 7219//
f 6809// 7219// 6812//
f 6812// 7219// 7220//
f 6812// 7220// 6810//
f 6810// 7220// 7221//
f 6810// 7221// 6818//
f 6818// 7221// 7222//
f 6818// 7222// 6824//
f 6824// 7222// 7223//
f 6824// 7223// 6815//
f 6815// 7223// 7224//
f 6815// 7224// 6816//
f 6816// 7224// 7225//
f 6816// 7225// 6751//
f 6874// 7226// 7227//
f 7226// 7228// 7229//
f 7228// 7230// 7231//
f 7230// 7232// 7233//
f 7232// 7234// 7235//
f 7234// 6873// 6880//
f 7234// 6880// 7235//
f 7235// 6880// 6882//
f 7235// 6882// 7236//
f 6888// 7237// 6886//
f 6886// 7237// 7236//
f 6886// 7236// 6884//
f 6884// 7236// 6882//
f 6890// 7238// 6888//
f 6888// 7238// 7239//
f 6888// 7239// 7237//
f 6890// 6892// 7238//
f 7238// 6892// 6894//
f 7238// 6894// 7240//
f 7240// 6894// 6896//
f 7240// 6896// 7241//
f 7241// 6896// 6898//
f 7241// 6898// 7242//
f 6898// 6900// 7242//
f 7242// 6900// 6902//
f 7242// 6902// 7111//
f 7232// 7235// 7233//
f 7233// 7235// 7236//
f 7233// 7236// 7243//
f 7243// 7236// 7237//
f 7243// 7237// 7244//
f 7244// 7237// 7239//
f 7244// 7239// 7245//
f 7245// 7239// 7238//
f 7245// 7238// 7246//
f 7246// 7238// 7240//
f 7246// 7240// 7247//
f 7247// 7240// 7241//
f 7247// 7241// 7248//
f 7248// 7241// 7242//
f 7248// 7242// 7249//
f 7249// 7242// 7111//
f 7249// 7111// 7112//
f 7230// 7233// 7231//
f 7231// 7233// 7243//
f 7231// 7243// 7250//
f 7250// 7243// 7244//
f 7250// 7244// 7251//
f 7251// 7244// 7245//
f 7251// 7245// 7252//
f 7252// 7245// 7246//
f 7252// 7246// 7253//
f 7253// 7246// 7247//
f 7253// 7247// 7254//
f 7254// 7247// 7248//
f 7254// 7248// 7255//
f 7255// 7248// 7249//
f 7255// 7249// 7256//
f 7256// 7249// 7112//
f 7256// 7112// 7113//
f 7228// 7231// 7229//
f 7229// 7231// 7250//
f 7229// 7250// 7257//
f 7257// 7250// 7251//
f 7257// 7251// 7258//
f 7258// 7251// 7252//
f 7258// 7252// 7259//
f 7259// 7252// 7253//
f 7259// 7253// 7260//
f 7260// 7253// 7254//
f 7260// 7254// 7261//
f 7261// 7254// 7255//
f 7261// 7255// 7262//
f 7262// 7255// 7256//
f 7262// 7256// 7263//
f 7263// 7256// 7113//
f 7263// 7113// 7114//
f 7226// 7229// 7227//
f 7227// 7229// 7257//
f 7227// 7257// 7264//
f 7264// 7257// 7258//
f 7264// 7258// 7265//
f 7265// 7258// 7259//
f 7265// 7259// 7266//
f 7266// 7259// 7260//
f 7266// 7260// 7267//
f 7267// 7260// 7261//
f 7267// 7261// 7268//
f 7268// 7261// 7262//
f 7268// 7262// 7269//
f 7269// 7262// 7263//
f 7269// 7263// 7270//
f 7270// 7263// 7114//
f 7270// 7114// 7115//
f 6874// 7227// 6905//
f 6905// 7227// 7264//
f 6905// 7264// 6914//
f 6914// 7264// 7265//
f 6914// 7265// 6906//
f 6906// 7265// 7266//
f 6906// 7266// 6907//
f 6907// 7266// 7267//
f 6907// 7267// 6910//
f 6910// 7267// 7268//
f 6910// 7268// 6918//
f 6918// 7268// 7269//
f 6918// 7269// 6920//
f 6920// 7269// 7270//
f 6920// 7270// 6923//
f 6923// 7270// 7115//
f 6923// 7115// 6925//
f 6879// 6855// 7271//
f 6879// 7271// 7181//
f 7181// 7271// 7272//
f 7181// 7272// 7182//
f 7182// 7272// 7273//
f 7182// 7273// 7183//
f 7183// 7273// 7274//
f 7183// 7274// 7184//
f 7184// 7274// 7275//
f 7184// 7275// 7185//
f 7185// 7275// 6828//
f 7185// 6828// 6876//
f 6757// 6755// 7276//
f 7277// 7197// 7278//
f 7278// 7197// 6757//
f 7278// 6757// 7279//
f 7279// 6757// 7276//
f 7277// 7280// 7197//
f 7197// 7280// 7281//
f 7197// 7281// 7204//
f 7281// 7282// 7204//
f 7204// 7282// 7283//
f 7204// 7283// 7284//
f 7284// 7285// 7204//
f 7204// 7285// 7286//
f 7204// 7286// 7211//
f 7286// 7287// 7211//
f 7211// 7287// 7288//
f 7211// 7288// 7218//
f 7288// 7289// 7218//
f 7218// 7289// 7290//
f 7218// 7290// 7225//
f 6753// 6751// 7291//
f 7291// 6751// 7225//
f 7291// 7225// 7292//
f 7292// 7225// 7290//
f 6874// 6806// 7293//
f 6874// 7293// 7226//
f 7226// 7293// 7294//
f 7226// 7294// 7228//
f 7228// 7294// 7295//
f 7228// 7295// 7230//
f 7230// 7295// 7296//
f 7230// 7296// 7232//
f 7232// 7296// 7297//
f 7232// 7297// 7234//
f 7234// 7297// 6763//
f 7234// 6763// 6873//
f 6761// 7298// 7299//
f 7298// 7300// 7301//
f 7300// 7302// 7303//
f 7302// 7304// 7305//
f 7304// 7306// 7307//
f 6844// 7308// 6846//
f 6846// 7308// 7309//
f 6846// 7309// 6848//
f 6848// 7309// 7307//
f 6848// 7307// 6850//
f 6850// 7307// 7306//
f 6850// 7306// 6756//
f 6844// 6842// 7308//
f 7308// 6842// 6840//
f 7308// 6840// 7310//
f 7310// 6840// 6838//
f 7310// 6838// 7311//
f 7311// 6838// 6836//
f 7311// 6836// 7312//
f 7312// 6836// 6834//
f 7312// 6834// 7313//
f 7313// 6834// 6832//
f 6832// 6830// 7313//
f 7313// 6830// 6828//
f 7313// 6828// 7275//
f 7304// 7307// 7305//
f 7305// 7307// 7309//
f 7305// 7309// 7314//
f 7314// 7309// 7308//
f 7314// 7308// 7315//
f 7315// 7308// 7310//
f 7315// 7310// 7316//
f 7316// 7310// 7311//
f 7316// 7311// 7317//
f 7317// 7311// 7312//
f 7317// 7312// 7318//
f 7318// 7312// 7313//
f 7318// 7313// 7319//
f 7319// 7313// 7275//
f 7319// 7275// 7274//
f 7302// 7305// 7303//
f 7303// 7305// 7314//
f 7303// 7314// 7320//
f 7320// 7314// 7315//
f 7320// 7315// 7321//
f 7321// 7315// 7316//
f 7321// 7316// 7322//
f 7322// 7316// 7317//
f 7322// 7317// 7323//
f 7323// 7317// 7318//
f 7323// 7318// 7324//
f 7324// 7318// 7319//
f 7324// 7319// 7325//
f 7325// 7319// 7274//
f 7325// 7274// 7273//
f 7300// 7303// 7301//
f 7301// 7303// 7320//
f 7301// 7320// 7326//
f 7326// 7320// 7321//
f 7326// 7321// 7327//
f 7327// 7321// 7322//
f 7327// 7322// 7328//
f 7328// 7322// 7323//
f 7328// 7323// 7329//
f 7329// 7323// 7324//
f 7329// 7324// 7330//
f 7330// 7324// 7325//
f 7330// 7325// 7331//
f 7331// 7325// 7273//
f 7331// 7273// 7272//
f 7298// 7301// 7299//
f 7299// 7301// 7326//
f 7299// 7326// 7332//
f 7332// 7326// 7327//
f 7332// 7327// 7333//
f 7333// 7327// 7328//
f 7333// 7328// 7334//
f 7334// 7328// 7329//
f 7334// 7329// 7335//
f 7335// 7329// 7330//
f 7335// 7330// 7336//
f 7336// 7330// 7331//
f 7336// 7331// 7337//
f 7337// 7331// 7272//
f 7337// 7272// 7271//
f 6761// 7299// 6858//
f 6858// 7299// 7332//
f 6858// 7332// 6866//
f 6866// 7332// 7333//
f 6866// 7333// 6863//
f 6863// 7333// 7334//
f 6863// 7334// 6861//
f 6861// 7334// 7335//
f 6861// 7335// 6859//
f 6859// 7335// 7336//
f 6859// 7336// 6851//
f 6851// 7336// 7337//
f 6851// 7337// 6852//
f 6852// 7337// 7271//
f 6852// 7271// 6855//
f 7292// 7290// 7338//
f 7289// 7288// 7339//
f 7283// 7282// 7340//
f 7340// 7277// 7341//
f 7341// 7277// 7278//
f 7341// 7278// 7342//
f 7342// 7278// 7279//
f 7342// 7279// 7343//
f 7343// 7279// 7276//
f 7343// 7276// 7344//
f 7344// 7276// 6755//
f 7282// 7281// 7340//
f 7340// 7281// 7280//
f 7340// 7280// 7277//
f 7287// 7286// 7345//
f 7345// 7286// 7285//
f 7289// 7339// 7290//
f 7346// 7291// 7292//
f 6753// 7291// 7347//
f 7347// 7291// 7346//
f 7347// 7346// 7348//
f 7348// 7346// 7349//
f 7348// 7349// 7350//
f 7350// 7349// 7351//
f 7351// 7349// 7352//
f 7351// 7352// 7353//
f 7353// 7352// 7354//
f 7354// 7352// 7355//
f 7354// 7355// 7356//
f 7356// 7355// 7357//
f 7357// 7355// 7358//
f 7357// 7358// 7359//
f 7359// 7358// 7360//
f 7360// 7358// 7361//
f 7360// 7361// 7362//
f 7362// 7361// 7363//
f 7362// 7363// 7004//
f 7284// 7283// 7364//
f 7364// 7283// 7340//
f 7364// 7340// 7365//
f 7365// 7340// 7341//
f 7365// 7341// 7366//
f 7366// 7341// 7342//
f 7366// 7342// 7367//
f 7367// 7342// 7343//
f 7367// 7343// 7368//
f 7368// 7343// 7344//
f 7368// 7344// 7369//
f 6755// 7370// 7344//
f 7344// 7370// 7371//
f 7344// 7371// 7369//
f 7369// 7371// 7372//
f 7369// 7372// 7373//
f 7373// 7374// 7369//
f 7369// 7374// 7375//
f 7369// 7375// 7368//
f 7368// 7375// 7376//
f 7368// 7376// 7367//
f 7367// 7376// 7377//
f 7367// 7377// 7366//
f 7366// 7377// 7378//
f 7366// 7378// 7365//
f 7365// 7378// 7345//
f 7365// 7345// 7364//
f 7364// 7345// 7285//
f 7364// 7285// 7284//
f 7373// 7379// 7374//
f 7374// 7379// 7380//
f 7374// 7380// 7381//
f 7381// 7382// 7374//
f 7374// 7382// 7383//
f 7374// 7383// 7375//
f 7375// 7383// 7384//
f 7375// 7384// 7376//
f 7376// 7384// 7385//
f 7376// 7385// 7377//
f 7377// 7385// 7386//
f 7377// 7386// 7378//
f 7378// 7386// 7339//
f 7378// 7339// 7345//
f 7345// 7339// 7288//
f 7345// 7288// 7287//
f 7290// 7339// 7338//
f 7338// 7339// 7386//
f 7338// 7386// 7387//
f 7387// 7386// 7385//
f 7387// 7385// 7388//
f 7388// 7385// 7384//
f 7388// 7384// 7389//
f 7389// 7384// 7383//
f 7389// 7383// 7390//
f 7390// 7383// 7382//
f 7390// 7382// 7391//
f 7381// 7392// 7382//
f 7382// 7392// 7393//
f 7382// 7393// 7391//
f 7391// 7393// 7394//
f 7391// 7394// 7395//
f 7292// 7338// 7346//
f 7346// 7338// 7387//
f 7346// 7387// 7349//
f 7349// 7387// 7388//
f 7349// 7388// 7352//
f 7352// 7388// 7389//
f 7352// 7389// 7355//
f 7355// 7389// 7390//
f 7355// 7390// 7358//
f 7358// 7390// 7391//
f 7358// 7391// 7361//
f 7361// 7391// 7395//
f 7361// 7395// 7363//
f 6803// 6801// 7396//
f 6799// 6797// 7397//
f 6789// 6787// 7398//
f 6785// 6783// 7399//
f 6775// 6773// 7400//
f 6771// 6769// 7401//
f 6808// 6814// 7402//
f 7402// 6814// 7403//
f 7402// 7403// 7404//
f 7404// 7403// 7405//
f 7404// 7405// 7406//
f 7406// 7405// 7407//
f 7406// 7407// 7408//
f 7408// 7407// 7409//
f 7408// 7409// 7410//
f 7410// 7409// 7401//
f 6820// 6819// 7411//
f 7411// 6819// 7412//
f 7411// 7412// 7413//
f 7413// 7412// 7414//
f 7413// 7414// 7415//
f 7415// 7414// 7416//
f 7415// 7416// 7417//
f 7417// 7416// 7418//
f 7417// 7418// 7419//
f 7419// 7418// 7399//
f 6823// 6822// 7420//
f 7420// 6822// 7421//
f 7420// 7421// 7422//
f 7422// 7421// 7423//
f 7422// 7423// 7424//
f 7424// 7423// 7425//
f 7424// 7425// 7426//
f 7426// 7425// 7427//
f 7426// 7427// 7428//
f 7428// 7427// 7397//
f 6806// 6808// 7293//
f 7293// 6808// 7402//
f 7293// 7402// 7294//
f 7294// 7402// 7404//
f 7294// 7404// 7295//
f 7295// 7404// 7406//
f 7295// 7406// 7296//
f 7296// 7406// 7408//
f 7296// 7408// 7297//
f 7297// 7408// 7410//
f 7297// 7410// 6763//
f 6763// 7410// 6765//
f 7401// 6769// 7410//
f 7410// 6769// 6767//
f 7410// 6767// 6765//
f 6773// 6771// 7400//
f 7400// 6771// 7401//
f 7400// 7401// 7429//
f 7429// 7401// 7409//
f 7429// 7409// 7430//
f 7430// 7409// 7407//
f 7430// 7407// 7431//
f 7431// 7407// 7405//
f 7431// 7405// 7432//
f 7432// 7405// 7403//
f 7432// 7403// 6813//
f 6813// 7403// 6814//
f 6777// 6775// 7433//
f 7433// 6775// 7400//
f 7433// 7400// 7434//
f 7434// 7400// 7429//
f 7434// 7429// 7435//
f 7435// 7429// 7430//
f 7435// 7430// 7436//
f 7436// 7430// 7431//
f 7436// 7431// 7437//
f 7437// 7431// 7432//
f 7437// 7432// 6811//
f 6811// 7432// 6813//
f 6811// 6820// 7437//
f 7437// 6820// 7411//
f 7437// 7411// 7436//
f 7436// 7411// 7413//
f 7436// 7413// 7435//
f 7435// 7413// 7415//
f 7435// 7415// 7434//
f 7434// 7415// 7417//
f 7434// 7417// 7433//
f 7433// 7417// 7419//
f 7433// 7419// 6777//
f 6777// 7419// 6779//
f 7399// 6783// 7419//
f 7419// 6783// 6781//
f 7419// 6781// 6779//
f 6819// 6826// 7412//
f 7412// 6826// 7438//
f 7412// 7438// 7414//
f 7414// 7438// 7439//
f 7414// 7439// 7416//
f 7416// 7439// 7440//
f 7416// 7440// 7418//
f 7418// 7440// 7441//
f 7418// 7441// 7399//
f 7399// 7441// 7398//
f 7399// 7398// 6785//
f 6785// 7398// 6787//
f 6791// 6789// 7442//
f 7442// 6789// 7398//
f 7442// 7398// 7443//
f 7443// 7398// 7441//
f 7443// 7441// 7444//
f 7444// 7441// 7440//
f 7444// 7440// 7445//
f 7445// 7440// 7439//
f 7445// 7439// 7446//
f 7446// 7439// 7438//
f 7446// 7438// 6825//
f 6825// 7438// 6826//
f 6825// 6823// 7446//
f 7446// 6823// 7420//
f 7446// 7420// 7445//
f 7445// 7420// 7422//
f 7445// 7422// 7444//
f 7444// 7422// 7424//
f 7444// 7424// 7443//
f 7443// 7424// 7426//
f 7443// 7426// 7442//
f 7442// 7426// 7428//
f 7442// 7428// 6791//
f 6791// 7428// 6793//
f 7397// 6797// 7428//
f 7428// 6797// 6795//
f 7428// 6795// 6793//
f 6822// 6817// 7421//
f 7421// 6817// 7447//
f 7421// 7447// 7423//
f 7423// 7447// 7448//
f 7423// 7448// 7425//
f 7425// 7448// 7449//
f 7425// 7449// 7427//
f 7427// 7449// 7450//
f 7427// 7450// 7397//
f 7397// 7450// 7396//
f 7397// 7396// 6799//
f 6799// 7396// 6801//
f 6805// 6803// 7451//
f 7451// 6803// 7396//
f 7451// 7396// 7452//
f 7452// 7396// 7450//
f 7452// 7450// 7453//
f 7453// 7450// 7449//
f 7453// 7449// 7454//
f 7454// 7449// 7448//
f 7454// 7448// 7455//
f 7455// 7448// 7447//
f 7455// 7447// 6821//
f 6821// 7447// 6817//
f 6821// 6750// 7455//
f 7455// 6750// 7456//
f 7455// 7456// 7454//
f 7454// 7456// 7457//
f 7454// 7457// 7453//
f 7453// 7457// 7458//
f 7453// 7458// 7452//
f 7452// 7458// 7459//
f 7452// 7459// 7451//
f 7451// 7459// 7460//
f 7451// 7460// 6805//
f 6805// 7460// 6747//
f 6759// 7461// 6761//
f 6761// 7461// 7298//
f 7461// 7462// 7298//
f 7298// 7462// 7463//
f 7298// 7463// 7300//
f 7463// 7464// 7300//
f 7300// 7464// 7465//
f 7300// 7465// 7302//
f 7465// 7466// 7302//
f 7302// 7466// 7467//
f 7302// 7467// 7304//
f 7468// 7469// 6756//
f 7467// 7470// 7304//
f 7304// 7470// 7471//
f 7304// 7471// 7306//
f 7306// 7471// 7472//
f 7306// 7472// 6756//
f 6756// 7472// 7473//
f 6756// 7473// 7468//
f 7469// 7474// 6756//
f 6756// 7474// 7475//
f 6756// 7475// 6754//
f 6755// 6754// 7370//
f 7370// 6754// 7476//
f 7370// 7476// 7371//
f 7371// 7476// 7477//
f 7371// 7477// 7372//
f 7372// 7477// 7478//
f 7372// 7478// 7373//
f 7373// 7478// 7479//
f 7373// 7479// 7379//
f 7379// 7479// 7480//
f 7379// 7480// 7380//
f 7380// 7480// 7481//
f 7380// 7481// 7482//
f 7002// 7004// 7483//
f 7483// 7004// 7363//
f 7483// 7363// 7484//
f 7484// 7363// 7395//
f 7484// 7395// 7485//
f 7485// 7395// 7394//
f 7485// 7394// 7486//
f 7486// 7394// 7393//
f 7486// 7393// 7487//
f 7487// 7393// 7392//
f 7487// 7392// 7482//
f 7482// 7392// 7381//
f 7482// 7381// 7380//
f 6753// 7347// 6752//
f 6752// 7347// 7488//
f 7347// 7348// 7488//
f 7488// 7348// 7350//
f 7488// 7350// 7489//
f 7489// 7350// 7351//
f 7489// 7351// 7490//
f 7490// 7351// 7353//
f 7490// 7353// 7491//
f 7353// 7354// 7491//
f 7491// 7354// 7356//
f 7491// 7356// 7492//
f 7492// 7356// 7357//
f 7492// 7357// 7493//
f 7493// 7357// 7359//
f 7493// 7359// 7494//
f 7494// 7359// 7360//
f 7494// 7360// 7005//
f 7005// 7360// 7362//
f 7005// 7362// 7004//
f 6752// 7495// 6750//
f 6750// 7495// 7456//
f 7495// 7496// 7456//
f 7456// 7496// 7497//
f 7456// 7497// 7457//
f 7497// 7498// 7457//
f 7457// 7498// 7499//
f 7457// 7499// 7458//
f 7499// 7500// 7458//
f 7458// 7500// 7501//
f 7458// 7501// 7459//
f 7502// 7460// 7503//
f 7503// 7460// 7459//
f 7503// 7459// 7504//
f 7504// 7459// 7501//
f 7502// 7505// 7460//
f 7460// 7505// 7506//
f 7460// 7506// 7507//
f 7507// 7508// 7460//
f 7460// 7508// 7509//
f 7460// 7509// 6747//
f 6747// 7509// 7510//
f 6747// 7510// 6749//
f 7511// 7512// 7513//
f 7514// 7515// 7516//
f 7517// 7518// 7002//
f 6759// 7519// 7461//
f 7461// 7519// 7520//
f 7461// 7520// 7462//
f 7462// 7520// 7521//
f 7462// 7521// 7463//
f 7463// 7521// 7464//
f 7464// 7521// 7522//
f 7464// 7522// 7465//
f 7465// 7522// 7466//
f 7466// 7522// 7523//
f 7466// 7523// 7467//
f 7467// 7523// 7524//
f 7467// 7524// 7470//
f 7470// 7524// 7525//
f 7470// 7525// 7471//
f 7471// 7525// 7526//
f 7471// 7526// 7472//
f 7527// 7528// 7529//
f 7476// 7530// 7477//
f 7477// 7530// 7531//
f 7477// 7531// 7478//
f 7478// 7531// 7479//
f 7479// 7531// 7532//
f 7479// 7532// 7480//
f 7533// 7482// 7532//
f 7532// 7482// 7481//
f 7532// 7481// 7480//
f 7534// 7486// 7533//
f 7533// 7486// 7487//
f 7533// 7487// 7482//
f 7002// 7483// 7517//
f 7517// 7483// 7484//
f 7517// 7484// 7534//
f 7534// 7484// 7485//
f 7534// 7485// 7486//
f 7530// 7535// 7531//
f 7531// 7535// 7536//
f 7531// 7536// 7532//
f 7532// 7536// 7537//
f 7532// 7537// 7533//
f 7533// 7537// 7538//
f 7533// 7538// 7534//
f 7534// 7538// 7539//
f 7534// 7539// 7517//
f 7517// 7539// 7516//
f 7517// 7516// 7518//
f 7518// 7516// 7515//
f 7535// 7540// 7536//
f 7536// 7540// 7541//
f 7536// 7541// 7537//
f 7537// 7541// 7542//
f 7537// 7542// 7538//
f 7538// 7542// 7543//
f 7538// 7543// 7539//
f 7539// 7543// 7544//
f 7539// 7544// 7516//
f 7516// 7544// 7545//
f 7516// 7545// 7514//
f 7514// 7545// 7546//
f 7540// 7527// 7541//
f 7541// 7527// 7547//
f 7541// 7547// 7542//
f 7542// 7547// 7548//
f 7542// 7548// 7543//
f 7543// 7548// 7549//
f 7543// 7549// 7544//
f 7544// 7549// 7550//
f 7544// 7550// 7545//
f 7545// 7550// 7513//
f 7545// 7513// 7546//
f 7546// 7513// 7512//
f 7519// 7511// 7520//
f 7520// 7511// 7513//
f 7520// 7513// 7521//
f 7521// 7513// 7550//
f 7521// 7550// 7522//
f 7522// 7550// 7549//
f 7522// 7549// 7523//
f 7523// 7549// 7548//
f 7523// 7548// 7524//
f 7524// 7548// 7547//
f 7524// 7547// 7525//
f 7525// 7547// 7527//
f 7525// 7527// 7526//
f 7526// 7527// 7529//
f 7526// 7529// 7472//
f 7472// 7529// 7528//
f 7472// 7528// 7473//
f 7473// 7528// 7527//
f 7473// 7527// 7468//
f 7468// 7527// 7540//
f 7468// 7540// 7469//
f 7469// 7540// 7535//
f 7469// 7535// 7474//
f 7474// 7535// 7530//
f 7474// 7530// 7475//
f 7475// 7530// 7476//
f 7475// 7476// 6754//
f 7551// 7552// 7553//
f 7509// 7553// 7510//
f 7553// 7509// 7508//
f 6749// 7510// 7553//
f 7507// 7506// 7553//
f 6752// 7554// 7495//
f 7489// 7490// 7555//
f 7492// 7493// 7556//
f 7557// 7494// 7005//
f 7495// 7554// 7496//
f 7496// 7554// 7558//
f 7496// 7558// 7497//
f 7497// 7558// 7498//
f 7498// 7558// 7559//
f 7498// 7559// 7499//
f 7499// 7559// 7500//
f 7500// 7559// 7560//
f 7500// 7560// 7501//
f 7501// 7560// 7504//
f 7504// 7560// 7561//
f 7504// 7561// 7503//
f 7503// 7561// 7502//
f 7502// 7561// 7552//
f 7502// 7552// 7505//
f 7505// 7552// 7551//
f 7505// 7551// 7506//
f 7506// 7551// 7553//
f 7508// 7507// 7553//
f 7005// 7562// 7557//
f 7557// 7562// 7563//
f 7557// 7563// 7564//
f 7563// 7565// 7564//
f 7564// 7565// 7566//
f 7564// 7566// 7567//
f 7566// 7568// 7567//
f 7567// 7568// 7569//
f 7567// 7569// 7570//
f 7488// 7489// 7571//
f 7571// 7489// 7555//
f 7571// 7555// 7572//
f 7572// 7555// 7573//
f 7572// 7573// 7574//
f 7574// 7573// 7575//
f 7574// 7575// 7576//
f 7576// 7575// 7577//
f 7576// 7577// 7578//
f 7578// 7577// 7579//
f 7578// 7579// 7580//
f 7580// 7579// 7581//
f 7580// 7581// 7553//
f 7490// 7491// 7555//
f 7555// 7491// 7582//
f 7555// 7582// 7573//
f 7573// 7582// 7583//
f 7573// 7583// 7575//
f 7575// 7583// 7584//
f 7575// 7584// 7577//
f 7577// 7584// 7585//
f 7577// 7585// 7579//
f 7579// 7585// 7586//
f 7579// 7586// 7581//
f 7581// 7586// 7587//
f 7581// 7587// 7553//
f 6752// 7488// 7554//
f 7554// 7488// 7571//
f 7554// 7571// 7558//
f 7558// 7571// 7572//
f 7558// 7572// 7559//
f 7559// 7572// 7574//
f 7559// 7574// 7560//
f 7560// 7574// 7576//
f 7560// 7576// 7561//
f 7561// 7576// 7578//
f 7561// 7578// 7552//
f 7552// 7578// 7580//
f 7552// 7580// 7553//
f 7493// 7494// 7556//
f 7556// 7494// 7557//
f 7556// 7557// 7588//
f 7588// 7557// 7564//
f 7588// 7564// 7589//
f 7589// 7564// 7567//
f 7589// 7567// 7590//
f 7590// 7567// 7570//
f 7590// 7570// 7591//
f 7591// 7570// 7592//
f 7591// 7592// 7593//
f 7593// 7592// 7594//
f 7593// 7594// 7553//
f 7569// 7595// 7570//
f 7570// 7595// 7596//
f 7570// 7596// 7592//
f 7592// 7596// 7597//
f 7592// 7597// 7594//
f 7594// 7597// 7598//
f 7594// 7598// 7553//
f 7491// 7492// 7582//
f 7582// 7492// 7556//
f 7582// 7556// 7583//
f 7583// 7556// 7588//
f 7583// 7588// 7584//
f 7584// 7588// 7589//
f 7584// 7589// 7585//
f 7585// 7589// 7590//
f 7585// 7590// 7586//
f 7586// 7590// 7591//
f 7586// 7591// 7587//
f 7587// 7591// 7593//
f 7587// 7593// 7553//
f 6759// 6758// 7599//
f 6759// 7599// 7519//
f 7519// 7599// 7600//
f 7519// 7600// 7511//
f 7511// 7600// 7512//
f 7512// 7600// 7601//
f 7512// 7601// 7546//
f 7601// 7602// 7546//
f 7546// 7602// 7603//
f 7546// 7603// 7514//
f 7514// 7603// 7515//
f 7515// 7603// 7604//
f 7515// 7604// 7518//
f 7604// 7605// 7518//
f 7518// 7605// 7003//
f 7518// 7003// 7002//
f 6748// 6749// 7606//
f 7606// 6749// 7553//
f 7606// 7553// 7607//
f 7607// 7553// 7598//
f 7607// 7598// 7608//
f 7608// 7598// 7597//
f 7608// 7597// 7609//
f 7609// 7597// 7596//
f 7609// 7596// 7610//
f 7610// 7596// 7595//
f 7610// 7595// 7611//
f 7611// 7595// 7569//
f 7611// 7569// 7612//
f 7612// 7569// 7568//
f 7612// 7568// 7613//
f 7613// 7568// 7566//
f 7613// 7566// 7614//
f 7614// 7566// 7565//
f 7614// 7565// 7615//
f 7615// 7565// 7563//
f 7615// 7563// 7616//
f 7616// 7563// 7562//
f 7616// 7562// 7003//
f 7003// 7562// 7005//
f 7617// 7618// 7606//
f 7617// 7606// 7619//
f 7620// 7619// 7606//
f 7609// 7621// 7622//
f 7611// 7612// 7623//
f 7624// 7625// 7626//
f 7627// 7628// 7629//
f 7630// 7631// 7606//
f 7632// 7606// 7633//
f 7606// 7632// 6748//
f 7631// 7633// 7606//
f 7634// 7630// 7606//
f 7635// 7618// 7636//
f 7636// 7618// 7637//
f 7638// 7639// 7640//
f 7640// 7639// 7641//
f 7642// 7599// 6758//
f 7643// 7602// 7601//
f 7644// 7604// 7603//
f 7605// 7604// 7645//
f 7645// 7604// 7644//
f 7645// 7644// 7646//
f 7003// 7605// 7616//
f 7616// 7605// 7645//
f 7616// 7645// 7615//
f 7615// 7645// 7646//
f 7615// 7646// 7614//
f 7614// 7646// 7613//
f 7612// 7613// 7623//
f 7623// 7613// 7646//
f 7623// 7646// 7647//
f 7647// 7646// 7644//
f 7647// 7644// 7643//
f 7643// 7644// 7603//
f 7643// 7603// 7602//
f 7610// 7611// 7648//
f 7648// 7611// 7623//
f 7648// 7623// 7649//
f 7649// 7623// 7647//
f 7649// 7647// 7650//
f 7650// 7647// 7643//
f 7650// 7643// 7651//
f 7651// 7643// 7601//
f 7651// 7601// 7600//
f 7652// 7640// 7653//
f 7653// 7640// 7641//
f 7653// 7641// 7654//
f 7609// 7610// 7621//
f 7621// 7610// 7648//
f 7621// 7648// 7655//
f 7655// 7648// 7649//
f 7655// 7649// 7656//
f 7656// 7649// 7650//
f 7656// 7650// 7657//
f 7657// 7650// 7651//
f 7657// 7651// 7642//
f 7642// 7651// 7600//
f 7642// 7600// 7599//
f 7622// 7621// 7658//
f 7658// 7621// 7655//
f 7658// 7655// 7659//
f 7659// 7655// 7656//
f 7659// 7656// 7660//
f 7660// 7656// 7657//
f 7660// 7657// 7661//
f 7661// 7657// 7642//
f 7661// 7642// 7662//
f 7662// 7642// 6758//
f 7662// 6758// 7663//
f 7664// 7652// 7665//
f 7665// 7652// 7653//
f 7665// 7653// 7629//
f 7629// 7653// 7654//
f 7629// 7654// 7627//
f 7620// 7664// 7619//
f 7619// 7664// 7665//
f 7619// 7665// 7617//
f 7617// 7665// 7629//
f 7617// 7629// 7618//
f 7618// 7629// 7628//
f 7618// 7628// 7637//
f 7635// 7606// 7618//
f 7636// 7634// 7635//
f 7635// 7634// 7606//
f 7606// 7607// 7622//
f 7622// 7607// 7608//
f 7622// 7608// 7609//
f 7663// 7624// 7662//
f 7662// 7624// 7626//
f 7662// 7626// 7661//
f 7661// 7626// 7666//
f 7661// 7666// 7660//
f 7660// 7666// 7667//
f 7660// 7667// 7659//
f 7659// 7667// 7668//
f 7659// 7668// 7658//
f 7658// 7668// 7669//
f 7658// 7669// 7622//
f 7622// 7669// 7606//
f 7625// 7638// 7626//
f 7626// 7638// 7640//
f 7626// 7640// 7666//
f 7666// 7640// 7652//
f 7666// 7652// 7667//
f 7667// 7652// 7664//
f 7667// 7664// 7668//
f 7668// 7664// 7620//
f 7668// 7620// 7669//
f 7669// 7620// 7606//
f 7670// 6746// 6748//
f 6748// 7632// 7670//
f 7670// 7632// 7633//
f 7670// 7633// 7631//
f 7631// 7630// 7670//
f 7670// 7630// 7634//
f 7670// 7634// 7636//
f 7636// 7637// 7670//
f 7670// 7637// 7628//
f 7670// 7628// 7671//
f 7628// 7627// 7671//
f 7671// 7627// 7654//
f 7671// 7654// 7672//
f 7654// 7641// 7672//
f 7672// 7641// 7639//
f 7672// 7639// 7673//
f 7639// 7638// 7673//
f 7673// 7638// 7625//
f 7673// 7625// 7674//
f 6758// 6760// 7663//
f 7663// 6760// 7674//
f 7663// 7674// 7624//
f 7624// 7674// 7625//
f 6766// 6768// 7675//
f 6770// 6772// 7676//
f 6780// 6782// 7677//
f 6784// 6786// 7678//
f 6794// 6796// 7679//
f 6798// 6800// 7680//
f 6857// 6868// 7681//
f 7681// 6868// 7682//
f 7681// 7682// 7683//
f 7683// 7682// 7684//
f 7683// 7684// 7685//
f 7685// 7684// 7686//
f 7685// 7686// 7687//
f 7687// 7686// 7688//
f 7687// 7688// 7689//
f 7689// 7688// 7680//
f 6864// 6862// 7690//
f 7690// 6862// 7691//
f 7690// 7691// 7692//
f 7692// 7691// 7693//
f 7692// 7693// 7694//
f 7694// 7693// 7695//
f 7694// 7695// 7696//
f 7696// 7695// 7697//
f 7696// 7697// 7698//
f 7698// 7697// 7678//
f 6870// 6869// 7699//
f 7699// 6869// 7700//
f 7699// 7700// 7701//
f 7701// 7700// 7702//
f 7701// 7702// 7703//
f 7703// 7702// 7704//
f 7703// 7704// 7705//
f 7705// 7704// 7706//
f 7705// 7706// 7707//
f 7707// 7706// 7676//
f 6760// 6857// 7674//
f 7674// 6857// 7681//
f 7674// 7681// 7673//
f 7673// 7681// 7683//
f 7673// 7683// 7672//
f 7672// 7683// 7685//
f 7672// 7685// 7671//
f 7671// 7685// 7687//
f 7671// 7687// 7670//
f 7670// 7687// 7689//
f 7670// 7689// 6746//
f 6746// 7689// 6804//
f 7680// 6800// 7689//
f 7689// 6800// 6802//
f 7689// 6802// 6804//
f 6796// 6798// 7679//
f 7679// 6798// 7680//
f 7679// 7680// 7708//
f 7708// 7680// 7688//
f 7708// 7688// 7709//
f 7709// 7688// 7686//
f 7709// 7686// 7710//
f 7710// 7686// 7684//
f 7710// 7684// 7711//
f 7711// 7684// 7682//
f 7711// 7682// 6867//
f 6867// 7682// 6868//
f 6792// 6794// 7712//
f 7712// 6794// 7679//
f 7712// 7679// 7713//
f 7713// 7679// 7708//
f 7713// 7708// 7714//
f 7714// 7708// 7709//
f 7714// 7709// 7715//
f 7715// 7709// 7710//
f 7715// 7710// 7716//
f 7716// 7710// 7711//
f 7716// 7711// 6865//
f 6865// 7711// 6867//
f 6865// 6864// 7716//
f 7716// 6864// 7690//
f 7716// 7690// 7715//
f 7715// 7690// 7692//
f 7715// 7692// 7714//
f 7714// 7692// 7694//
f 7714// 7694// 7713//
f 7713// 7694// 7696//
f 7713// 7696// 7712//
f 7712// 7696// 7698//
f 7712// 7698// 6792//
f 6792// 7698// 6790//
f 7678// 6786// 7698//
f 7698// 6786// 6788//
f 7698// 6788// 6790//
f 6782// 6784// 7677//
f 7677// 6784// 7678//
f 7677// 7678// 7717//
f 7717// 7678// 7697//
f 7717// 7697// 7718//
f 7718// 7697// 7695//
f 7718// 7695// 7719//
f 7719// 7695// 7693//
f 7719// 7693// 7720//
f 7720// 7693// 7691//
f 7720// 7691// 6860//
f 6860// 7691// 6862//
f 6778// 6780// 7721//
f 7721// 6780// 7677//
f 7721// 7677// 7722//
f 7722// 7677// 7717//
f 7722// 7717// 7723//
f 7723// 7717// 7718//
f 7723// 7718// 7724//
f 7724// 7718// 7719//
f 7724// 7719// 7725//
f 7725// 7719// 7720//
f 7725// 7720// 6871//
f 6871// 7720// 6860//
f 6871// 6870// 7725//
f 7725// 6870// 7699//
f 7725// 7699// 7724//
f 7724// 7699// 7701//
f 7724// 7701// 7723//
f 7723// 7701// 7703//
f 7723// 7703// 7722//
f 7722// 7703// 7705//
f 7722// 7705// 7721//
f 7721// 7705// 7707//
f 7721// 7707// 6778//
f 6778// 7707// 6776//
f 7676// 6772// 7707//
f 7707// 6772// 6774//
f 7707// 6774// 6776//
f 6869// 6853// 7700//
f 7700// 6853// 7726//
f 7700// 7726// 7702//
f 7702// 7726// 7727//
f 7702// 7727// 7704//
f 7704// 7727// 7728//
f 7704// 7728// 7706//
f 7706// 7728// 7729//
f 7706// 7729// 7676//
f 7676// 7729// 7675//
f 7676// 7675// 6770//
f 6770// 7675// 6768//
f 6764// 6766// 7730//
f 7730// 6766// 7675//
f 7730// 7675// 7731//
f 7731// 7675// 7729//
f 7731// 7729// 7732//
f 7732// 7729// 7728//
f 7732// 7728// 7733//
f 7733// 7728// 7727//
f 7733// 7727// 7734//
f 7734// 7727// 7726//
f 7734// 7726// 6854//
f 6854// 7726// 6853//
f 6854// 6856// 7734//
f 7734// 6856// 7735//
f 7734// 7735// 7733//
f 7733// 7735// 7736//
f 7733// 7736// 7732//
f 7732// 7736// 7737//
f 7732// 7737// 7731//
f 7731// 7737// 7738//
f 7731// 7738// 7730//
f 7730// 7738// 7739//
f 7730// 7739// 6764//
f 6764// 7739// 6762//
f 6872// 6762// 7739//
f 6872// 7739// 7740//
f 7740// 7739// 7738//
f 7740// 7738// 7741//
f 7741// 7738// 7737//
f 7741// 7737// 7742//
f 7742// 7737// 7736//
f 7742// 7736// 7743//
f 7743// 7736// 7735//
f 7743// 7735// 7744//
f 7744// 7735// 6856//
f 7744// 6856// 6878//
f 6981// 7745// 7746//
f 7745// 7747// 7748//
f 7747// 7749// 7750//
f 7749// 7751// 7752//
f 7753// 6903// 6901//
f 7751// 7753// 7754//
f 7754// 7753// 6901//
f 7754// 6901// 7755//
f 7755// 6901// 6899//
f 6893// 7756// 6895//
f 6895// 7756// 7755//
f 6895// 7755// 6897//
f 6897// 7755// 6899//
f 6891// 7757// 6893//
f 6893// 7757// 7758//
f 6893// 7758// 7756//
f 6885// 7759// 6887//
f 6887// 7759// 7757//
f 6887// 7757// 6889//
f 6889// 7757// 6891//
f 6883// 7760// 6885//
f 6885// 7760// 7761//
f 6885// 7761// 7759//
f 6883// 6881// 7760//
f 7760// 6881// 6872//
f 7760// 6872// 7740//
f 7751// 7754// 7752//
f 7752// 7754// 7755//
f 7752// 7755// 7762//
f 7762// 7755// 7756//
f 7762// 7756// 7763//
f 7763// 7756// 7758//
f 7763// 7758// 7764//
f 7764// 7758// 7757//
f 7764// 7757// 7765//
f 7765// 7757// 7759//
f 7765// 7759// 7766//
f 7766// 7759// 7761//
f 7766// 7761// 7767//
f 7767// 7761// 7760//
f 7767// 7760// 7768//
f 7768// 7760// 7740//
f 7768// 7740// 7741//
f 7749// 7752// 7750//
f 7750// 7752// 7762//
f 7750// 7762// 7769//
f 7769// 7762// 7763//
f 7769// 7763// 7770//
f 7770// 7763// 7764//
f 7770// 7764// 7771//
f 7771// 7764// 7765//
f 7771// 7765// 7772//
f 7772// 7765// 7766//
f 7772// 7766// 7773//
f 7773// 7766// 7767//
f 7773// 7767// 7774//
f 7774// 7767// 7768//
f 7774// 7768// 7775//
f 7775// 7768// 7741//
f 7775// 7741// 7742//
f 7747// 7750// 7748//
f 7748// 7750// 7769//
f 7748// 7769// 7776//
f 7776// 7769// 7770//
f 7776// 7770// 7777//
f 7777// 7770// 7771//
f 7777// 7771// 7778//
f 7778// 7771// 7772//
f 7778// 7772// 7779//
f 7779// 7772// 7773//
f 7779// 7773// 7780//
f 7780// 7773// 7774//
f 7780// 7774// 7781//
f 7781// 7774// 7775//
f 7781// 7775// 7782//
f 7782// 7775// 7742//
f 7782// 7742// 7743//
f 7745// 7748// 7746//
f 7746// 7748// 7776//
f 7746// 7776// 7783//
f 7783// 7776// 7777//
f 7783// 7777// 7784//
f 7784// 7777// 7778//
f 7784// 7778// 7785//
f 7785// 7778// 7779//
f 7785// 7779// 7786//
f 7786// 7779// 7780//
f 7786// 7780// 7787//
f 7787// 7780// 7781//
f 7787// 7781// 7788//
f 7788// 7781// 7782//
f 7788// 7782// 7789//
f 7789// 7782// 7743//
f 7789// 7743// 7744//
f 6981// 7746// 6983//
f 6983// 7746// 7783//
f 6983// 7783// 6991//
f 6991// 7783// 7784//
f 6991// 7784// 6988//
f 6988// 7784// 7785//
f 6988// 7785// 6986//
f 6986// 7785// 7786//
f 6986// 7786// 6976//
f 6976// 7786// 7787//
f 6976// 7787// 6974//
f 6974// 7787// 7788//
f 6974// 7788// 6972//
f 6972// 7788// 7789//
f 6972// 7789// 6977//
f 6977// 7789// 7744//
f 6977// 7744// 6878//
f 6981// 6994// 7023//
f 6981// 7023// 7745//
f 7745// 7023// 7016//
f 7745// 7016// 7747//
f 7747// 7016// 7015//
f 7747// 7015// 7749//
f 7749// 7015// 7014//
f 7749// 7014// 7751//
f 7751// 7014// 7022//
f 7751// 7022// 7753//
f 7753// 7022// 6996//
f 7753// 6996// 6903//
f 7790// 7791// 7792//
f 7792// 7791// 7793//
f 7794// 7795// 7796//
f 7796// 7795// 7797//
f 7798// 7799// 7800//
f 7800// 7799// 7801//
f 7802// 7803// 7804//
f 7804// 7803// 7805//
f 7791// 7790// 7806//
f 7806// 7790// 7807//
f 7806// 7807// 7808//
f 7808// 7807// 7809//
f 7808// 7809// 7810//
f 7810// 7809// 7811//
f 7810// 7811// 7812//
f 7812// 7811// 7813//
f 7812// 7813// 7814//
f 7814// 7813// 7815//
f 7814// 7815// 7816//
f 7816// 7815// 7817//
f 7816// 7817// 7818//
f 7818// 7817// 7819//
f 7818// 7819// 7820//
f 7820// 7819// 7821//
f 7820// 7821// 7822//
f 7822// 7821// 7823//
f 7822// 7823// 7824//
f 7824// 7823// 7825//
f 7824// 7825// 7826//
f 7826// 7825// 7827//
f 7826// 7827// 7828//
f 7828// 7827// 7829//
f 7828// 7829// 7830//
f 7830// 7829// 7831//
f 7830// 7831// 7832//
f 7832// 7831// 7833//
f 7832// 7833// 7834//
f 7834// 7833// 7835//
f 7834// 7835// 7836//
f 7836// 7835// 7837//
f 7836// 7837// 7838//
f 7838// 7837// 7839//
f 7838// 7839// 7840//
f 7840// 7839// 7841//
f 7840// 7841// 7842//
f 7842// 7841// 7843//
f 7842// 7843// 7844//
f 7844// 7843// 7845//
f 7844// 7845// 7846//
f 7846// 7845// 7847//
f 7846// 7847// 7848//
f 7848// 7847// 7849//
f 7850// 7851// 7852//
f 7852// 7851// 7853//
f 7854// 7855// 7856//
f 7856// 7855// 7857//
f 7856// 7857// 7853//
f 7853// 7857// 7858//
f 7853// 7858// 7852//
f 7859// 7860// 7861//
f 7862// 7863// 7854//
f 7854// 7863// 7864//
f 7854// 7864// 7855//
f 7861// 7860// 7865//
f 7865// 7860// 7795//
f 7865// 7795// 7794//
f 7861// 7866// 7859//
f 7859// 7866// 7867//
f 7859// 7867// 7868//
f 7868// 7867// 7869//
f 7868// 7869// 7862//
f 7862// 7869// 7870//
f 7862// 7870// 7863//
f 7871// 7872// 7873//
f 7873// 7872// 7874//
f 7873// 7874// 7875//
f 7875// 7874// 7876//
f 7875// 7876// 7877//
f 7877// 7876// 7878//
f 7877// 7878// 7879//
f 7879// 7878// 7880//
f 7879// 7880// 7881//
f 7881// 7880// 7882//
f 7881// 7882// 7883//
f 7883// 7882// 7884//
f 7883// 7884// 7885//
f 7885// 7884// 7886//
f 7885// 7886// 7887//
f 7887// 7886// 7888//
f 7887// 7888// 7889//
f 7889// 7888// 7890//
f 7889// 7890// 7891//
f 7891// 7890// 7892//
f 7891// 7892// 7893//
f 7893// 7892// 7894//
f 7893// 7894// 7801//
f 7801// 7894// 7800//
f 7895// 7896// 7897//
f 7897// 7896// 7898//
f 7898// 7896// 7899//
f 7898// 7899// 7900//
f 7804// 7805// 7901//
f 7901// 7805// 7902//
f 7903// 7904// 7905//
f 7905// 7904// 7906//
f 7905// 7906// 7907//
f 7906// 7908// 7907//
f 7907// 7908// 7909//
f 7907// 7909// 7910//
f 7910// 7909// 7911//
f 7910// 7911// 7902//
f 7902// 7911// 7912//
f 7902// 7912// 7901//
f 7897// 7913// 7895//
f 7895// 7913// 7914//
f 7895// 7914// 7903//
f 7903// 7914// 7915//
f 7903// 7915// 7904//
f 7916// 7917// 7849//
f 7849// 7917// 7848//
f 7918// 7919// 7850//
f 7850// 7919// 7851//
f 7872// 7871// 7920//
f 7920// 7871// 7921//
f 7900// 7899// 7922//
f 7922// 7899// 7923//
f 7924// 7925// 7926//
f 7926// 7925// 7927//
f 7926// 7927// 7928//
f 7928// 7927// 7929//
f 7928// 7929// 7930//
f 7930// 7929// 7931//
f 7930// 7931// 7932//
f 7932// 7931// 7933//
f 7932// 7933// 7934//
f 7934// 7933// 7935//
f 7934// 7935// 7936//
f 7936// 7935// 7937//
f 7936// 7937// 7938//
f 7938// 7937// 7939//
f 7938// 7939// 7940//
f 7940// 7939// 7941//
f 7940// 7941// 7942//
f 7942// 7941// 7943//
f 7942// 7943// 7944//
f 7944// 7943// 7945//
f 7944// 7945// 7946//
f 7946// 7945// 7947//
f 7946// 7947// 7916//
f 7916// 7947// 7917//
f 7919// 7918// 7948//
f 7948// 7918// 7949//
f 7950// 7951// 7952//
f 7952// 7951// 7953//
f 7953// 7951// 7954//
f 7953// 7954// 7955//
f 7952// 7956// 7950//
f 7950// 7956// 7957//
f 7950// 7957// 7958//
f 7958// 7957// 7959//
f 7958// 7959// 7949//
f 7949// 7959// 7960//
f 7949// 7960// 7948//
f 7955// 7954// 7961//
f 7961// 7954// 7962//
f 7961// 7962// 7963//
f 7963// 7962// 7964//
f 7963// 7964// 7965//
f 7965// 7964// 7966//
f 7966// 7964// 7967//
f 7966// 7967// 7968//
f 7968// 7967// 7969//
f 7968// 7969// 7970//
f 7920// 7921// 7971//
f 7971// 7921// 7972//
f 7971// 7972// 7973//
f 7973// 7972// 7974//
f 7973// 7974// 7975//
f 7975// 7974// 7976//
f 7975// 7976// 7977//
f 7977// 7976// 7978//
f 7977// 7978// 7979//
f 7979// 7978// 7980//
f 7979// 7980// 7981//
f 7981// 7980// 7982//
f 7981// 7982// 7983//
f 7983// 7982// 7984//
f 7983// 7984// 7985//
f 7985// 7984// 7986//
f 7985// 7986// 7987//
f 7987// 7986// 7988//
f 7987// 7988// 7989//
f 7989// 7988// 7990//
f 7989// 7990// 7991//
f 7991// 7990// 7992//
f 7991// 7992// 7993//
f 7993// 7992// 7994//
f 7993// 7994// 7995//
f 7995// 7994// 7996//
f 7995// 7996// 7997//
f 7997// 7996// 7998//
f 7997// 7998// 7999//
f 7999// 7998// 8000//
f 7999// 8000// 8001//
f 8001// 8000// 8002//
f 8001// 8002// 8003//
f 8003// 8002// 8004//
f 8003// 8004// 8005//
f 8005// 8004// 8006//
f 8005// 8006// 8007//
f 8007// 8006// 8008//
f 8007// 8008// 8009//
f 8009// 8008// 8010//
f 8009// 8010// 8011//
f 8011// 8010// 8012//
f 8011// 8012// 8013//
f 8013// 8012// 8014//
f 7922// 7923// 8015//
f 8016// 8017// 8018//
f 8018// 8017// 8019//
f 8018// 8019// 8020//
f 7922// 8015// 8021//
f 8021// 8015// 8022//
f 8021// 8022// 8016//
f 8016// 8022// 8023//
f 8016// 8023// 8017//
f 8024// 8025// 8026//
f 8026// 8025// 8027//
f 8019// 8028// 8020//
f 8020// 8028// 8029//
f 8020// 8029// 8030//
f 8030// 8029// 8031//
f 8030// 8031// 8032//
f 8031// 8033// 8032//
f 8032// 8033// 8034//
f 8032// 8034// 8035//
f 8035// 8034// 8036//
f 8035// 8036// 8027//
f 8027// 8036// 8037//
f 8027// 8037// 8026//
f 8025// 8024// 8038//
f 8038// 8024// 8039//
f 8040// 8041// 7924//
f 7924// 8041// 7925//
f 8042// 8043// 7969//
f 7969// 8043// 7970//
f 8013// 8014// 8044//
f 8044// 8014// 8045//
f 8046// 8047// 8048//
f 8048// 8047// 8049//
f 8041// 8043// 8042//
f 8050// 8051// 8052//
f 8053// 8054// 8043//
f 8043// 8054// 8055//
f 8043// 8055// 8056//
f 8056// 8055// 8057//
f 8042// 8058// 8041//
f 8041// 8058// 8050//
f 8041// 8050// 8059//
f 8059// 8050// 8052//
f 8043// 8041// 8039//
f 8039// 8041// 8040//
f 8039// 8040// 8038//
f 8038// 8040// 8060//
f 8038// 8060// 8061//
f 8062// 8063// 8039//
f 8039// 8063// 8044//
f 8039// 8044// 8043//
f 8043// 8044// 8045//
f 8043// 8045// 8053//
f 8062// 8064// 8063//
f 8063// 8064// 8065//
f 8063// 8065// 8066//
f 8067// 8068// 8061//
f 8061// 8068// 8069//
f 8061// 8069// 8038//
f 7970// 8043// 8056//
f 7970// 8056// 8070//
f 8070// 8056// 8057//
f 8070// 8057// 8071//
f 8071// 8057// 8055//
f 8071// 8055// 8072//
f 8072// 8055// 8054//
f 8072// 8054// 8073//
f 8073// 8054// 8053//
f 8073// 8053// 8074//
f 8074// 8053// 8045//
f 8074// 8045// 8014//
f 8010// 8008// 8075//
f 8000// 7998// 8076//
f 7996// 7994// 8077//
f 7988// 7986// 8078//
f 7978// 7976// 8079//
f 7974// 7972// 8080//
f 7957// 7956// 8081//
f 8081// 7956// 8082//
f 8081// 8082// 8083//
f 8083// 8082// 8084//
f 8083// 8084// 8085//
f 8085// 8084// 8086//
f 8085// 8086// 8087//
f 8087// 8086// 8088//
f 8087// 8088// 8089//
f 8089// 8088// 8078//
f 7965// 7966// 8090//
f 8090// 7966// 8091//
f 8090// 8091// 8092//
f 8092// 8091// 8093//
f 8092// 8093// 8094//
f 8094// 8093// 8095//
f 8094// 8095// 8096//
f 8096// 8095// 8097//
f 8096// 8097// 8098//
f 8098// 8097// 8075//
f 7919// 7948// 8099//
f 8099// 7948// 8100//
f 8099// 8100// 8101//
f 8101// 8100// 8102//
f 8101// 8102// 8103//
f 8103// 8102// 8104//
f 8103// 8104// 8105//
f 8105// 8104// 8106//
f 8105// 8106// 8107//
f 8107// 8106// 8080//
f 8107// 8080// 7921//
f 7921// 8080// 7972//
f 7948// 7960// 8100//
f 8100// 7960// 8108//
f 8100// 8108// 8102//
f 8102// 8108// 8109//
f 8102// 8109// 8104//
f 8104// 8109// 8110//
f 8104// 8110// 8106//
f 8106// 8110// 8111//
f 8106// 8111// 8080//
f 8080// 8111// 8079//
f 8080// 8079// 7974//
f 7974// 8079// 7976//
f 7980// 7978// 8112//
f 8112// 7978// 8079//
f 8112// 8079// 8113//
f 8113// 8079// 8111//
f 8113// 8111// 8114//
f 8114// 8111// 8110//
f 8114// 8110// 8115//
f 8115// 8110// 8109//
f 8115// 8109// 8116//
f 8116// 8109// 8108//
f 8116// 8108// 7959//
f 7959// 8108// 7960//
f 7959// 7957// 8116//
f 8116// 7957// 8081//
f 8116// 8081// 8115//
f 8115// 8081// 8083//
f 8115// 8083// 8114//
f 8114// 8083// 8085//
f 8114// 8085// 8113//
f 8113// 8085// 8087//
f 8113// 8087// 8112//
f 8112// 8087// 8089//
f 8112// 8089// 7980//
f 7980// 8089// 7982//
f 8078// 7986// 8089//
f 8089// 7986// 7984//
f 8089// 7984// 7982//
f 7990// 7988// 8117//
f 8117// 7988// 8078//
f 8117// 8078// 8118//
f 8118// 8078// 8088//
f 8118// 8088// 8119//
f 8119// 8088// 8086//
f 8119// 8086// 8120//
f 8120// 8086// 8084//
f 8120// 8084// 8121//
f 8121// 8084// 8082//
f 8121// 8082// 7952//
f 7952// 8082// 7956//
f 7952// 7953// 8121//
f 8121// 7953// 8122//
f 8121// 8122// 8120//
f 8120// 8122// 8123//
f 8120// 8123// 8119//
f 8119// 8123// 8124//
f 8119// 8124// 8118//
f 8118// 8124// 8125//
f 8118// 8125// 8117//
f 8117// 8125// 8126//
f 8117// 8126// 7990//
f 7990// 8126// 7992//
f 7953// 7955// 8122//
f 8122// 7955// 8127//
f 8122// 8127// 8123//
f 8123// 8127// 8128//
f 8123// 8128// 8124//
f 8124// 8128// 8129//
f 8124// 8129// 8125//
f 8125// 8129// 8130//
f 8125// 8130// 8126//
f 8126// 8130// 8077//
f 8126// 8077// 7992//
f 7992// 8077// 7994//
f 7955// 7961// 8127//
f 8127// 7961// 8131//
f 8127// 8131// 8128//
f 8128// 8131// 8132//
f 8128// 8132// 8129//
f 8129// 8132// 8133//
f 8129// 8133// 8130//
f 8130// 8133// 8134//
f 8130// 8134// 8077//
f 8077// 8134// 8076//
f 8077// 8076// 7996//
f 7996// 8076// 7998//
f 8002// 8000// 8135//
f 8135// 8000// 8076//
f 8135// 8076// 8136//
f 8136// 8076// 8134//
f 8136// 8134// 8137//
f 8137// 8134// 8133//
f 8137// 8133// 8138//
f 8138// 8133// 8132//
f 8138// 8132// 8139//
f 8139// 8132// 8131//
f 8139// 8131// 7963//
f 7963// 8131// 7961//
f 7963// 7965// 8139//
f 8139// 7965// 8090//
f 8139// 8090// 8138//
f 8138// 8090// 8092//
f 8138// 8092// 8137//
f 8137// 8092// 8094//
f 8137// 8094// 8136//
f 8136// 8094// 8096//
f 8136// 8096// 8135//
f 8135// 8096// 8098//
f 8135// 8098// 8002//
f 8002// 8098// 8004//
f 8075// 8008// 8098//
f 8098// 8008// 8006//
f 8098// 8006// 8004//
f 8012// 8010// 8140//
f 8140// 8010// 8075//
f 8140// 8075// 8141//
f 8141// 8075// 8097//
f 8141// 8097// 8142//
f 8142// 8097// 8095//
f 8142// 8095// 8143//
f 8143// 8095// 8093//
f 8143// 8093// 8144//
f 8144// 8093// 8091//
f 8144// 8091// 7968//
f 7968// 8091// 7966//
f 7968// 7970// 8144//
f 8144// 7970// 8070//
f 8144// 8070// 8143//
f 8143// 8070// 8071//
f 8143// 8071// 8142//
f 8142// 8071// 8072//
f 8142// 8072// 8141//
f 8141// 8072// 8073//
f 8141// 8073// 8140//
f 8140// 8073// 8074//
f 8140// 8074// 8012//
f 8012// 8074// 8014//
f 8013// 8044// 8063//
f 8013// 8063// 8145//
f 8145// 8063// 8066//
f 8145// 8066// 8146//
f 8146// 8066// 8065//
f 8146// 8065// 8147//
f 8147// 8065// 8064//
f 8147// 8064// 8148//
f 8148// 8064// 8062//
f 8148// 8062// 8149//
f 8149// 8062// 8039//
f 8149// 8039// 8024//
f 7921// 7871// 8150//
f 7921// 8150// 8107//
f 8107// 8150// 8151//
f 8107// 8151// 8105//
f 8105// 8151// 8152//
f 8105// 8152// 8103//
f 8103// 8152// 8153//
f 8103// 8153// 8101//
f 8101// 8153// 8154//
f 8101// 8154// 8099//
f 8099// 8154// 7851//
f 8099// 7851// 7919//
f 7925// 8041// 8059//
f 7925// 8059// 8155//
f 8155// 8059// 8052//
f 8155// 8052// 8156//
f 8156// 8052// 8051//
f 8156// 8051// 8157//
f 8157// 8051// 8050//
f 8157// 8050// 8158//
f 8158// 8050// 8058//
f 8158// 8058// 8159//
f 8159// 8058// 8042//
f 8159// 8042// 7969//
f 7973// 7975// 8160//
f 7983// 7985// 8161//
f 7987// 7989// 8162//
f 7995// 7997// 8163//
f 8005// 8007// 8164//
f 8009// 8011// 8165//
f 8034// 8033// 8166//
f 8166// 8033// 8167//
f 8166// 8167// 8168//
f 8168// 8167// 8169//
f 8168// 8169// 8170//
f 8170// 8169// 8171//
f 8170// 8171// 8172//
f 8172// 8171// 8173//
f 8172// 8173// 8174//
f 8174// 8173// 8163//
f 8023// 8022// 8175//
f 8175// 8022// 8176//
f 8175// 8176// 8177//
f 8177// 8176// 8178//
f 8177// 8178// 8179//
f 8179// 8178// 8180//
f 8179// 8180// 8181//
f 8181// 8180// 8182//
f 8181// 8182// 8183//
f 8183// 8182// 8160//
f 8024// 8026// 8149//
f 8149// 8026// 8184//
f 8149// 8184// 8148//
f 8148// 8184// 8185//
f 8148// 8185// 8147//
f 8147// 8185// 8186//
f 8147// 8186// 8146//
f 8146// 8186// 8187//
f 8146// 8187// 8145//
f 8145// 8187// 8165//
f 8145// 8165// 8013//
f 8013// 8165// 8011//
f 8026// 8037// 8184//
f 8184// 8037// 8188//
f 8184// 8188// 8185//
f 8185// 8188// 8189//
f 8185// 8189// 8186//
f 8186// 8189// 8190//
f 8186// 8190// 8187//
f 8187// 8190// 8191//
f 8187// 8191// 8165//
f 8165// 8191// 8164//
f 8165// 8164// 8009//
f 8009// 8164// 8007//
f 8003// 8005// 8192//
f 8192// 8005// 8164//
f 8192// 8164// 8193//
f 8193// 8164// 8191//
f 8193// 8191// 8194//
f 8194// 8191// 8190//
f 8194// 8190// 8195//
f 8195// 8190// 8189//
f 8195// 8189// 8196//
f 8196// 8189// 8188//
f 8196// 8188// 8036//
f 8036// 8188// 8037//
f 8036// 8034// 8196//
f 8196// 8034// 8166//
f 8196// 8166// 8195//
f 8195// 8166// 8168//
f 8195// 8168// 8194//
f 8194// 8168// 8170//
f 8194// 8170// 8193//
f 8193// 8170// 8172//
f 8193// 8172// 8192//
f 8192// 8172// 8174//
f 8192// 8174// 8003//
f 8003// 8174// 8001//
f 8163// 7997// 8174//
f 8174// 7997// 7999//
f 8174// 7999// 8001//
f 7993// 7995// 8197//
f 8197// 7995// 8163//
f 8197// 8163// 8198//
f 8198// 8163// 8173//
f 8198// 8173// 8199//
f 8199// 8173// 8171//
f 8199// 8171// 8200//
f 8200// 8171// 8169//
f 8200// 8169// 8201//
f 8201// 8169// 8167//
f 8201// 8167// 8031//
f 8031// 8167// 8033//
f 8031// 8029// 8201//
f 8201// 8029// 8202//
f 8201// 8202// 8200//
f 8200// 8202// 8203//
f 8200// 8203// 8199//
f 8199// 8203// 8204//
f 8199// 8204// 8198//
f 8198// 8204// 8205//
f 8198// 8205// 8197//
f 8197// 8205// 8206//
f 8197// 8206// 7993//
f 7993// 8206// 7991//
f 8029// 8028// 8202//
f 8202// 8028// 8207//
f 8202// 8207// 8203//
f 8203// 8207// 8208//
f 8203// 8208// 8204//
f 8204// 8208// 8209//
f 8204// 8209// 8205//
f 8205// 8209// 8210//
f 8205// 8210// 8206//
f 8206// 8210// 8162//
f 8206// 8162// 7991//
f 7991// 8162// 7989//
f 8028// 8019// 8207//
f 8207// 8019// 8211//
f 8207// 8211// 8208//
f 8208// 8211// 8212//
f 8208// 8212// 8209//
f 8209// 8212// 8213//
f 8209// 8213// 8210//
f 8210// 8213// 8214//
f 8210// 8214// 8162//
f 8162// 8214// 8161//
f 8162// 8161// 7987//
f 7987// 8161// 7985//
f 7981// 7983// 8215//
f 8215// 7983// 8161//
f 8215// 8161// 8216//
f 8216// 8161// 8214//
f 8216// 8214// 8217//
f 8217// 8214// 8213//
f 8217// 8213// 8218//
f 8218// 8213// 8212//
f 8218// 8212// 8219//
f 8219// 8212// 8211//
f 8219// 8211// 8017//
f 8017// 8211// 8019//
f 8017// 8023// 8219//
f 8219// 8023// 8175//
f 8219// 8175// 8218//
f 8218// 8175// 8177//
f 8218// 8177// 8217//
f 8217// 8177// 8179//
f 8217// 8179// 8216//
f 8216// 8179// 8181//
f 8216// 8181// 8215//
f 8215// 8181// 8183//
f 8215// 8183// 7981//
f 7981// 8183// 7979//
f 8160// 7975// 8183//
f 8183// 7975// 7977//
f 8183// 7977// 7979//
f 7971// 7973// 8220//
f 8220// 7973// 8160//
f 8220// 8160// 8221//
f 8221// 8160// 8182//
f 8221// 8182// 8222//
f 8222// 8182// 8180//
f 8222// 8180// 8223//
f 8223// 8180// 8178//
f 8223// 8178// 8224//
f 8224// 8178// 8176//
f 8224// 8176// 8015//
f 8015// 8176// 8022//
f 8015// 7923// 8224//
f 8224// 7923// 8225//
f 8224// 8225// 8223//
f 8223// 8225// 8226//
f 8223// 8226// 8222//
f 8222// 8226// 8227//
f 8222// 8227// 8221//
f 8221// 8227// 8228//
f 8221// 8228// 8220//
f 8220// 8228// 8229//
f 8220// 8229// 7971//
f 7971// 8229// 7920//
f 7851// 8154// 8230//
f 8154// 8153// 8231//
f 8153// 8152// 8232//
f 8152// 8151// 8233//
f 8151// 8150// 8234//
f 7879// 8235// 7877//
f 7877// 8235// 8236//
f 7877// 8236// 7875//
f 7875// 8236// 8234//
f 7875// 8234// 7873//
f 7873// 8234// 8150//
f 7873// 8150// 7871//
f 7879// 7881// 8235//
f 8235// 7881// 7883//
f 8235// 7883// 8237//
f 8237// 7883// 7885//
f 8237// 7885// 8238//
f 8238// 7885// 7887//
f 8238// 7887// 8239//
f 8239// 7887// 7889//
f 8239// 7889// 8240//
f 8240// 7889// 7891//
f 7891// 7893// 8240//
f 8240// 7893// 7801//
f 8240// 7801// 8241//
f 8151// 8234// 8233//
f 8233// 8234// 8236//
f 8233// 8236// 8242//
f 8242// 8236// 8235//
f 8242// 8235// 8243//
f 8243// 8235// 8237//
f 8243// 8237// 8244//
f 8244// 8237// 8238//
f 8244// 8238// 8245//
f 8245// 8238// 8239//
f 8245// 8239// 8246//
f 8246// 8239// 8240//
f 8246// 8240// 8247//
f 8247// 8240// 8241//
f 8247// 8241// 8248//
f 8152// 8233// 8232//
f 8232// 8233// 8242//
f 8232// 8242// 8249//
f 8249// 8242// 8243//
f 8249// 8243// 8250//
f 8250// 8243// 8244//
f 8250// 8244// 8251//
f 8251// 8244// 8245//
f 8251// 8245// 8252//
f 8252// 8245// 8246//
f 8252// 8246// 8253//
f 8253// 8246// 8247//
f 8253// 8247// 8254//
f 8254// 8247// 8248//
f 8254// 8248// 8255//
f 8153// 8232// 8231//
f 8231// 8232// 8249//
f 8231// 8249// 8256//
f 8256// 8249// 8250//
f 8256// 8250// 8257//
f 8257// 8250// 8251//
f 8257// 8251// 8258//
f 8258// 8251// 8252//
f 8258// 8252// 8259//
f 8259// 8252// 8253//
f 8259// 8253// 8260//
f 8260// 8253// 8254//
f 8260// 8254// 8261//
f 8261// 8254// 8255//
f 8261// 8255// 8262//
f 8154// 8231// 8230//
f 8230// 8231// 8256//
f 8230// 8256// 8263//
f 8263// 8256// 8257//
f 8263// 8257// 8264//
f 8264// 8257// 8258//
f 8264// 8258// 8265//
f 8265// 8258// 8259//
f 8265// 8259// 8266//
f 8266// 8259// 8260//
f 8266// 8260// 8267//
f 8267// 8260// 8261//
f 8267// 8261// 8268//
f 8268// 8261// 8262//
f 8268// 8262// 8269//
f 7851// 8230// 7853//
f 7853// 8230// 8263//
f 7853// 8263// 7856//
f 7856// 8263// 8264//
f 7856// 8264// 7854//
f 7854// 8264// 8265//
f 7854// 8265// 7862//
f 7862// 8265// 8266//
f 7862// 8266// 7868//
f 7868// 8266// 8267//
f 7868// 8267// 7859//
f 7859// 8267// 8268//
f 7859// 8268// 7860//
f 7860// 8268// 8269//
f 7860// 8269// 7795//
f 7918// 8270// 8271//
f 8270// 8272// 8273//
f 8272// 8274// 8275//
f 8274// 8276// 8277//
f 8276// 8278// 8279//
f 8278// 7917// 7947//
f 8278// 7947// 8279//
f 8279// 7947// 7945//
f 8279// 7945// 8280//
f 7939// 8281// 7941//
f 7941// 8281// 8280//
f 7941// 8280// 7943//
f 7943// 8280// 7945//
f 7937// 8282// 7939//
f 7939// 8282// 8283//
f 7939// 8283// 8281//
f 7937// 7935// 8282//
f 8282// 7935// 7933//
f 8282// 7933// 8284//
f 8284// 7933// 7931//
f 8284// 7931// 8285//
f 8285// 7931// 7929//
f 8285// 7929// 8286//
f 7929// 7927// 8286//
f 8286// 7927// 7925//
f 8286// 7925// 8155//
f 8276// 8279// 8277//
f 8277// 8279// 8280//
f 8277// 8280// 8287//
f 8287// 8280// 8281//
f 8287// 8281// 8288//
f 8288// 8281// 8283//
f 8288// 8283// 8289//
f 8289// 8283// 8282//
f 8289// 8282// 8290//
f 8290// 8282// 8284//
f 8290// 8284// 8291//
f 8291// 8284// 8285//
f 8291// 8285// 8292//
f 8292// 8285// 8286//
f 8292// 8286// 8293//
f 8293// 8286// 8155//
f 8293// 8155// 8156//
f 8274// 8277// 8275//
f 8275// 8277// 8287//
f 8275// 8287// 8294//
f 8294// 8287// 8288//
f 8294// 8288// 8295//
f 8295// 8288// 8289//
f 8295// 8289// 8296//
f 8296// 8289// 8290//
f 8296// 8290// 8297//
f 8297// 8290// 8291//
f 8297// 8291// 8298//
f 8298// 8291// 8292//
f 8298// 8292// 8299//
f 8299// 8292// 8293//
f 8299// 8293// 8300//
f 8300// 8293// 8156//
f 8300// 8156// 8157//
f 8272// 8275// 8273//
f 8273// 8275// 8294//
f 8273// 8294// 8301//
f 8301// 8294// 8295//
f 8301// 8295// 8302//
f 8302// 8295// 8296//
f 8302// 8296// 8303//
f 8303// 8296// 8297//
f 8303// 8297// 8304//
f 8304// 8297// 8298//
f 8304// 8298// 8305//
f 8305// 8298// 8299//
f 8305// 8299// 8306//
f 8306// 8299// 8300//
f 8306// 8300// 8307//
f 8307// 8300// 8157//
f 8307// 8157// 8158//
f 8270// 8273// 8271//
f 8271// 8273// 8301//
f 8271// 8301// 8308//
f 8308// 8301// 8302//
f 8308// 8302// 8309//
f 8309// 8302// 8303//
f 8309// 8303// 8310//
f 8310// 8303// 8304//
f 8310// 8304// 8311//
f 8311// 8304// 8305//
f 8311// 8305// 8312//
f 8312// 8305// 8306//
f 8312// 8306// 8313//
f 8313// 8306// 8307//
f 8313// 8307// 8314//
f 8314// 8307// 8158//
f 8314// 8158// 8159//
f 7918// 8271// 7949//
f 7949// 8271// 8308//
f 7949// 8308// 7958//
f 7958// 8308// 8309//
f 7958// 8309// 7950//
f 7950// 8309// 8310//
f 7950// 8310// 7951//
f 7951// 8310// 8311//
f 7951// 8311// 7954//
f 7954// 8311// 8312//
f 7954// 8312// 7962//
f 7962// 8312// 8313//
f 7962// 8313// 7964//
f 7964// 8313// 8314//
f 7964// 8314// 7967//
f 7967// 8314// 8159//
f 7967// 8159// 7969//
f 7923// 7899// 8315//
f 7923// 8315// 8225//
f 8225// 8315// 8316//
f 8225// 8316// 8226//
f 8226// 8316// 8317//
f 8226// 8317// 8227//
f 8227// 8317// 8318//
f 8227// 8318// 8228//
f 8228// 8318// 8319//
f 8228// 8319// 8229//
f 8229// 8319// 7872//
f 8229// 7872// 7920//
f 7801// 7799// 8320//
f 8321// 8241// 8322//
f 8322// 8241// 7801//
f 8322// 7801// 8323//
f 8323// 7801// 8320//
f 8321// 8324// 8241//
f 8241// 8324// 8325//
f 8241// 8325// 8248//
f 8325// 8326// 8248//
f 8248// 8326// 8327//
f 8248// 8327// 8328//
f 8328// 8329// 8248//
f 8248// 8329// 8330//
f 8248// 8330// 8255//
f 8330// 8331// 8255//
f 8255// 8331// 8332//
f 8255// 8332// 8262//
f 8332// 8333// 8262//
f 8262// 8333// 8334//
f 8262// 8334// 8269//
f 7797// 7795// 8335//
f 8335// 7795// 8269//
f 8335// 8269// 8336//
f 8336// 8269// 8334//
f 7918// 7850// 8337//
f 7918// 8337// 8270//
f 8270// 8337// 8338//
f 8270// 8338// 8272//
f 8272// 8338// 8339//
f 8272// 8339// 8274//
f 8274// 8339// 8340//
f 8274// 8340// 8276//
f 8276// 8340// 8341//
f 8276// 8341// 8278//
f 8278// 8341// 7848//
f 8278// 7848// 7917//
f 7805// 8342// 8343//
f 8342// 8344// 8345//
f 8344// 8346// 8347//
f 8346// 8348// 8349//
f 8348// 8350// 8351//
f 7888// 8352// 7890//
f 7890// 8352// 8353//
f 7890// 8353// 7892//
f 7892// 8353// 8351//
f 7892// 8351// 7894//
f 7894// 8351// 8350//
f 7894// 8350// 7800//
f 7888// 7886// 8352//
f 8352// 7886// 7884//
f 8352// 7884// 8354//
f 8354// 7884// 7882//
f 8354// 7882// 8355//
f 8355// 7882// 7880//
f 8355// 7880// 8356//
f 8356// 7880// 7878//
f 8356// 7878// 8357//
f 8357// 7878// 7876//
f 7876// 7874// 8357//
f 8357// 7874// 7872//
f 8357// 7872// 8319//
f 8348// 8351// 8349//
f 8349// 8351// 8353//
f 8349// 8353// 8358//
f 8358// 8353// 8352//
f 8358// 8352// 8359//
f 8359// 8352// 8354//
f 8359// 8354// 8360//
f 8360// 8354// 8355//
f 8360// 8355// 8361//
f 8361// 8355// 8356//
f 8361// 8356// 8362//
f 8362// 8356// 8357//
f 8362// 8357// 8363//
f 8363// 8357// 8319//
f 8363// 8319// 8318//
f 8346// 8349// 8347//
f 8347// 8349// 8358//
f 8347// 8358// 8364//
f 8364// 8358// 8359//
f 8364// 8359// 8365//
f 8365// 8359// 8360//
f 8365// 8360// 8366//
f 8366// 8360// 8361//
f 8366// 8361// 8367//
f 8367// 8361// 8362//
f 8367// 8362// 8368//
f 8368// 8362// 8363//
f 8368// 8363// 8369//
f 8369// 8363// 8318//
f 8369// 8318// 8317//
f 8344// 8347// 8345//
f 8345// 8347// 8364//
f 8345// 8364// 8370//
f 8370// 8364// 8365//
f 8370// 8365// 8371//
f 8371// 8365// 8366//
f 8371// 8366// 8372//
f 8372// 8366// 8367//
f 8372// 8367// 8373//
f 8373// 8367// 8368//
f 8373// 8368// 8374//
f 8374// 8368// 8369//
f 8374// 8369// 8375//
f 8375// 8369// 8317//
f 8375// 8317// 8316//
f 8342// 8345// 8343//
f 8343// 8345// 8370//
f 8343// 8370// 8376//
f 8376// 8370// 8371//
f 8376// 8371// 8377//
f 8377// 8371// 8372//
f 8377// 8372// 8378//
f 8378// 8372// 8373//
f 8378// 8373// 8379//
f 8379// 8373// 8374//
f 8379// 8374// 8380//
f 8380// 8374// 8375//
f 8380// 8375// 8381//
f 8381// 8375// 8316//
f 8381// 8316// 8315//
f 7805// 8343// 7902//
f 7902// 8343// 8376//
f 7902// 8376// 7910//
f 7910// 8376// 8377//
f 7910// 8377// 7907//
f 7907// 8377// 8378//
f 7907// 8378// 7905//
f 7905// 8378// 8379//
f 7905// 8379// 7903//
f 7903// 8379// 8380//
f 7903// 8380// 7895//
f 7895// 8380// 8381//
f 7895// 8381// 7896//
f 7896// 8381// 8315//
f 7896// 8315// 7899//
f 8336// 8334// 8382//
f 8333// 8332// 8383//
f 8327// 8326// 8384//
f 8384// 8321// 8385//
f 8385// 8321// 8322//
f 8385// 8322// 8386//
f 8386// 8322// 8323//
f 8386// 8323// 8387//
f 8387// 8323// 8320//
f 8387// 8320// 8388//
f 8388// 8320// 7799//
f 8326// 8325// 8384//
f 8384// 8325// 8324//
f 8384// 8324// 8321//
f 8331// 8330// 8389//
f 8389// 8330// 8329//
f 8333// 8383// 8334//
f 8390// 8335// 8336//
f 7797// 8335// 8391//
f 8391// 8335// 8390//
f 8391// 8390// 8392//
f 8392// 8390// 8393//
f 8392// 8393// 8394//
f 8394// 8393// 8395//
f 8395// 8393// 8396//
f 8395// 8396// 8397//
f 8397// 8396// 8398//
f 8398// 8396// 8399//
f 8398// 8399// 8400//
f 8400// 8399// 8401//
f 8401// 8399// 8402//
f 8401// 8402// 8403//
f 8403// 8402// 8404//
f 8404// 8402// 8405//
f 8404// 8405// 8406//
f 8406// 8405// 8407//
f 8406// 8407// 8048//
f 8328// 8327// 8408//
f 8408// 8327// 8384//
f 8408// 8384// 8409//
f 8409// 8384// 8385//
f 8409// 8385// 8410//
f 8410// 8385// 8386//
f 8410// 8386// 8411//
f 8411// 8386// 8387//
f 8411// 8387// 8412//
f 8412// 8387// 8388//
f 8412// 8388// 8413//
f 7799// 8414// 8388//
f 8388// 8414// 8415//
f 8388// 8415// 8413//
f 8413// 8415// 8416//
f 8413// 8416// 8417//
f 8417// 8418// 8413//
f 8413// 8418// 8419//
f 8413// 8419// 8412//
f 8412// 8419// 8420//
f 8412// 8420// 8411//
f 8411// 8420// 8421//
f 8411// 8421// 8410//
f 8410// 8421// 8422//
f 8410// 8422// 8409//
f 8409// 8422// 8389//
f 8409// 8389// 8408//
f 8408// 8389// 8329//
f 8408// 8329// 8328//
f 8417// 8423// 8418//
f 8418// 8423// 8424//
f 8418// 8424// 8425//
f 8425// 8426// 8418//
f 8418// 8426// 8427//
f 8418// 8427// 8419//
f 8419// 8427// 8428//
f 8419// 8428// 8420//
f 8420// 8428// 8429//
f 8420// 8429// 8421//
f 8421// 8429// 8430//
f 8421// 8430// 8422//
f 8422// 8430// 8383//
f 8422// 8383// 8389//
f 8389// 8383// 8332//
f 8389// 8332// 8331//
f 8334// 8383// 8382//
f 8382// 8383// 8430//
f 8382// 8430// 8431//
f 8431// 8430// 8429//
f 8431// 8429// 8432//
f 8432// 8429// 8428//
f 8432// 8428// 8433//
f 8433// 8428// 8427//
f 8433// 8427// 8434//
f 8434// 8427// 8426//
f 8434// 8426// 8435//
f 8425// 8436// 8426//
f 8426// 8436// 8437//
f 8426// 8437// 8435//
f 8435// 8437// 8438//
f 8435// 8438// 8439//
f 8336// 8382// 8390//
f 8390// 8382// 8431//
f 8390// 8431// 8393//
f 8393// 8431// 8432//
f 8393// 8432// 8396//
f 8396// 8432// 8433//
f 8396// 8433// 8399//
f 8399// 8433// 8434//
f 8399// 8434// 8402//
f 8402// 8434// 8435//
f 8402// 8435// 8405//
f 8405// 8435// 8439//
f 8405// 8439// 8407//
f 7808// 7810// 8440//
f 7812// 7814// 8441//
f 7822// 7824// 8442//
f 7826// 7828// 8443//
f 7836// 7838// 8444//
f 7840// 7842// 8445//
f 7852// 7858// 8446//
f 8446// 7858// 8447//
f 8446// 8447// 8448//
f 8448// 8447// 8449//
f 8448// 8449// 8450//
f 8450// 8449// 8451//
f 8450// 8451// 8452//
f 8452// 8451// 8453//
f 8452// 8453// 8454//
f 8454// 8453// 8445//
f 7864// 7863// 8455//
f 8455// 7863// 8456//
f 8455// 8456// 8457//
f 8457// 8456// 8458//
f 8457// 8458// 8459//
f 8459// 8458// 8460//
f 8459// 8460// 8461//
f 8461// 8460// 8462//
f 8461// 8462// 8463//
f 8463// 8462// 8443//
f 7867// 7866// 8464//
f 8464// 7866// 8465//
f 8464// 8465// 8466//
f 8466// 8465// 8467//
f 8466// 8467// 8468//
f 8468// 8467// 8469//
f 8468// 8469// 8470//
f 8470// 8469// 8471//
f 8470// 8471// 8472//
f 8472// 8471// 8441//
f 7850// 7852// 8337//
f 8337// 7852// 8446//
f 8337// 8446// 8338//
f 8338// 8446// 8448//
f 8338// 8448// 8339//
f 8339// 8448// 8450//
f 8339// 8450// 8340//
f 8340// 8450// 8452//
f 8340// 8452// 8341//
f 8341// 8452// 8454//
f 8341// 8454// 7848//
f 7848// 8454// 7846//
f 8445// 7842// 8454//
f 8454// 7842// 7844//
f 8454// 7844// 7846//
f 7838// 7840// 8444//
f 8444// 7840// 8445//
f 8444// 8445// 8473//
f 8473// 8445// 8453//
f 8473// 8453// 8474//
f 8474// 8453// 8451//
f 8474// 8451// 8475//
f 8475// 8451// 8449//
f 8475// 8449// 8476//
f 8476// 8449// 8447//
f 8476// 8447// 7857//
f 7857// 8447// 7858//
f 7834// 7836// 8477//
f 8477// 7836// 8444//
f 8477// 8444// 8478//
f 8478// 8444// 8473//
f 8478// 8473// 8479//
f 8479// 8473// 8474//
f 8479// 8474// 8480//
f 8480// 8474// 8475//
f 8480// 8475// 8481//
f 8481// 8475// 8476//
f 8481// 8476// 7855//
f 7855// 8476// 7857//
f 7855// 7864// 8481//
f 8481// 7864// 8455//
f 8481// 8455// 8480//
f 8480// 8455// 8457//
f 8480// 8457// 8479//
f 8479// 8457// 8459//
f 8479// 8459// 8478//
f 8478// 8459// 8461//
f 8478// 8461// 8477//
f 8477// 8461// 8463//
f 8477// 8463// 7834//
f 7834// 8463// 7832//
f 8443// 7828// 8463//
f 8463// 7828// 7830//
f 8463// 7830// 7832//
f 7863// 7870// 8456//
f 8456// 7870// 8482//
f 8456// 8482// 8458//
f 8458// 8482// 8483//
f 8458// 8483// 8460//
f 8460// 8483// 8484//
f 8460// 8484// 8462//
f 8462// 8484// 8485//
f 8462// 8485// 8443//
f 8443// 8485// 8442//
f 8443// 8442// 7826//
f 7826// 8442// 7824//
f 7820// 7822// 8486//
f 8486// 7822// 8442//
f 8486// 8442// 8487//
f 8487// 8442// 8485//
f 8487// 8485// 8488//
f 8488// 8485// 8484//
f 8488// 8484// 8489//
f 8489// 8484// 8483//
f 8489// 8483// 8490//
f 8490// 8483// 8482//
f 8490// 8482// 7869//
f 7869// 8482// 7870//
f 7869// 7867// 8490//
f 8490// 7867// 8464//
f 8490// 8464// 8489//
f 8489// 8464// 8466//
f 8489// 8466// 8488//
f 8488// 8466// 8468//
f 8488// 8468// 8487//
f 8487// 8468// 8470//
f 8487// 8470// 8486//
f 8486// 8470// 8472//
f 8486// 8472// 7820//
f 7820// 8472// 7818//
f 8441// 7814// 8472//
f 8472// 7814// 7816//
f 8472// 7816// 7818//
f 7866// 7861// 8465//
f 8465// 7861// 8491//
f 8465// 8491// 8467//
f 8467// 8491// 8492//
f 8467// 8492// 8469//
f 8469// 8492// 8493//
f 8469// 8493// 8471//
f 8471// 8493// 8494//
f 8471// 8494// 8441//
f 8441// 8494// 8440//
f 8441// 8440// 7812//
f 7812// 8440// 7810//
f 7806// 7808// 8495//
f 8495// 7808// 8440//
f 8495// 8440// 8496//
f 8496// 8440// 8494//
f 8496// 8494// 8497//
f 8497// 8494// 8493//
f 8497// 8493// 8498//
f 8498// 8493// 8492//
f 8498// 8492// 8499//
f 8499// 8492// 8491//
f 8499// 8491// 7865//
f 7865// 8491// 7861//
f 7865// 7794// 8499//
f 8499// 7794// 8500//
f 8499// 8500// 8498//
f 8498// 8500// 8501//
f 8498// 8501// 8497//
f 8497// 8501// 8502//
f 8497// 8502// 8496//
f 8496// 8502// 8503//
f 8496// 8503// 8495//
f 8495// 8503// 8504//
f 8495// 8504// 7806//
f 7806// 8504// 7791//
f 7803// 8505// 7805//
f 7805// 8505// 8342//
f 8505// 8506// 8342//
f 8342// 8506// 8507//
f 8342// 8507// 8344//
f 8507// 8508// 8344//
f 8344// 8508// 8509//
f 8344// 8509// 8346//
f 8509// 8510// 8346//
f 8346// 8510// 8511//
f 8346// 8511// 8348//
f 8512// 8513// 7800//
f 8511// 8514// 8348//
f 8348// 8514// 8515//
f 8348// 8515// 8350//
f 8350// 8515// 8516//
f 8350// 8516// 7800//
f 7800// 8516// 8517//
f 7800// 8517// 8512//
f 8513// 8518// 7800//
f 7800// 8518// 8519//
f 7800// 8519// 7798//
f 7799// 7798// 8414//
f 8414// 7798// 8520//
f 8414// 8520// 8415//
f 8415// 8520// 8521//
f 8415// 8521// 8416//
f 8416// 8521// 8522//
f 8416// 8522// 8417//
f 8417// 8522// 8523//
f 8417// 8523// 8423//
f 8423// 8523// 8524//
f 8423// 8524// 8424//
f 8424// 8524// 8525//
f 8424// 8525// 8526//
f 8046// 8048// 8527//
f 8527// 8048// 8407//
f 8527// 8407// 8528//
f 8528// 8407// 8439//
f 8528// 8439// 8529//
f 8529// 8439// 8438//
f 8529// 8438// 8530//
f 8530// 8438// 8437//
f 8530// 8437// 8531//
f 8531// 8437// 8436//
f 8531// 8436// 8526//
f 8526// 8436// 8425//
f 8526// 8425// 8424//
f 7797// 8391// 7796//
f 7796// 8391// 8532//
f 8391// 8392// 8532//
f 8532// 8392// 8394//
f 8532// 8394// 8533//
f 8533// 8394// 8395//
f 8533// 8395// 8534//
f 8534// 8395// 8397//
f 8534// 8397// 8535//
f 8397// 8398// 8535//
f 8535// 8398// 8400//
f 8535// 8400// 8536//
f 8536// 8400// 8401//
f 8536// 8401// 8537//
f 8537// 8401// 8403//
f 8537// 8403// 8538//
f 8538// 8403// 8404//
f 8538// 8404// 8049//
f 8049// 8404// 8406//
f 8049// 8406// 8048//
f 7796// 8539// 7794//
f 7794// 8539// 8500//
f 8539// 8540// 8500//
f 8500// 8540// 8541//
f 8500// 8541// 8501//
f 8541// 8542// 8501//
f 8501// 8542// 8543//
f 8501// 8543// 8502//
f 8543// 8544// 8502//
f 8502// 8544// 8545//
f 8502// 8545// 8503//
f 8546// 8504// 8547//
f 8547// 8504// 8503//
f 8547// 8503// 8548//
f 8548// 8503// 8545//
f 8546// 8549// 8504//
f 8504// 8549// 8550//
f 8504// 8550// 8551//
f 8551// 8552// 8504//
f 8504// 8552// 8553//
f 8504// 8553// 7791//
f 7791// 8553// 8554//
f 7791// 8554// 7793//
f 8555// 8556// 8557//
f 8558// 8559// 8560//
f 8561// 8562// 8046//
f 7803// 8563// 8505//
f 8505// 8563// 8564//
f 8505// 8564// 8506//
f 8506// 8564// 8565//
f 8506// 8565// 8507//
f 8507// 8565// 8508//
f 8508// 8565// 8566//
f 8508// 8566// 8509//
f 8509// 8566// 8510//
f 8510// 8566// 8567//
f 8510// 8567// 8511//
f 8511// 8567// 8568//
f 8511// 8568// 8514//
f 8514// 8568// 8569//
f 8514// 8569// 8515//
f 8515// 8569// 8570//
f 8515// 8570// 8516//
f 8571// 8572// 8573//
f 8520// 8574// 8521//
f 8521// 8574// 8575//
f 8521// 8575// 8522//
f 8522// 8575// 8523//
f 8523// 8575// 8576//
f 8523// 8576// 8524//
f 8577// 8526// 8576//
f 8576// 8526// 8525//
f 8576// 8525// 8524//
f 8578// 8530// 8577//
f 8577// 8530// 8531//
f 8577// 8531// 8526//
f 8046// 8527// 8561//
f 8561// 8527// 8528//
f 8561// 8528// 8578//
f 8578// 8528// 8529//
f 8578// 8529// 8530//
f 8574// 8579// 8575//
f 8575// 8579// 8580//
f 8575// 8580// 8576//
f 8576// 8580// 8581//
f 8576// 8581// 8577//
f 8577// 8581// 8582//
f 8577// 8582// 8578//
f 8578// 8582// 8583//
f 8578// 8583// 8561//
f 8561// 8583// 8560//
f 8561// 8560// 8562//
f 8562// 8560// 8559//
f 8579// 8584// 8580//
f 8580// 8584// 8585//
f 8580// 8585// 8581//
f 8581// 8585// 8586//
f 8581// 8586// 8582//
f 8582// 8586// 8587//
f 8582// 8587// 8583//
f 8583// 8587// 8588//
f 8583// 8588// 8560//
f 8560// 8588// 8589//
f 8560// 8589// 8558//
f 8558// 8589// 8590//
f 8584// 8571// 8585//
f 8585// 8571// 8591//
f 8585// 8591// 8586//
f 8586// 8591// 8592//
f 8586// 8592// 8587//
f 8587// 8592// 8593//
f 8587// 8593// 8588//
f 8588// 8593// 8594//
f 8588// 8594// 8589//
f 8589// 8594// 8557//
f 8589// 8557// 8590//
f 8590// 8557// 8556//
f 8563// 8555// 8564//
f 8564// 8555// 8557//
f 8564// 8557// 8565//
f 8565// 8557// 8594//
f 8565// 8594// 8566//
f 8566// 8594// 8593//
f 8566// 8593// 8567//
f 8567// 8593// 8592//
f 8567// 8592// 8568//
f 8568// 8592// 8591//
f 8568// 8591// 8569//
f 8569// 8591// 8571//
f 8569// 8571// 8570//
f 8570// 8571// 8573//
f 8570// 8573// 8516//
f 8516// 8573// 8572//
f 8516// 8572// 8517//
f 8517// 8572// 8571//
f 8517// 8571// 8512//
f 8512// 8571// 8584//
f 8512// 8584// 8513//
f 8513// 8584// 8579//
f 8513// 8579// 8518//
f 8518// 8579// 8574//
f 8518// 8574// 8519//
f 8519// 8574// 8520//
f 8519// 8520// 7798//
f 8595// 8596// 8597//
f 8553// 8597// 8554//
f 8597// 8553// 8552//
f 7793// 8554// 8597//
f 8551// 8550// 8597//
f 7796// 8598// 8539//
f 8533// 8534// 8599//
f 8536// 8537// 8600//
f 8601// 8538// 8049//
f 8539// 8598// 8540//
f 8540// 8598// 8602//
f 8540// 8602// 8541//
f 8541// 8602// 8542//
f 8542// 8602// 8603//
f 8542// 8603// 8543//
f 8543// 8603// 8544//
f 8544// 8603// 8604//
f 8544// 8604// 8545//
f 8545// 8604// 8548//
f 8548// 8604// 8605//
f 8548// 8605// 8547//
f 8547// 8605// 8546//
f 8546// 8605// 8596//
f 8546// 8596// 8549//
f 8549// 8596// 8595//
f 8549// 8595// 8550//
f 8550// 8595// 8597//
f 8552// 8551// 8597//
f 8049// 8606// 8601//
f 8601// 8606// 8607//
f 8601// 8607// 8608//
f 8607// 8609// 8608//
f 8608// 8609// 8610//
f 8608// 8610// 8611//
f 8610// 8612// 8611//
f 8611// 8612// 8613//
f 8611// 8613// 8614//
f 8532// 8533// 8615//
f 8615// 8533// 8599//
f 8615// 8599// 8616//
f 8616// 8599// 8617//
f 8616// 8617// 8618//
f 8618// 8617// 8619//
f 8618// 8619// 8620//
f 8620// 8619// 8621//
f 8620// 8621// 8622//
f 8622// 8621// 8623//
f 8622// 8623// 8624//
f 8624// 8623// 8625//
f 8624// 8625// 8597//
f 8534// 8535// 8599//
f 8599// 8535// 8626//
f 8599// 8626// 8617//
f 8617// 8626// 8627//
f 8617// 8627// 8619//
f 8619// 8627// 8628//
f 8619// 8628// 8621//
f 8621// 8628// 8629//
f 8621// 8629// 8623//
f 8623// 8629// 8630//
f 8623// 8630// 8625//
f 8625// 8630// 8631//
f 8625// 8631// 8597//
f 7796// 8532// 8598//
f 8598// 8532// 8615//
f 8598// 8615// 8602//
f 8602// 8615// 8616//
f 8602// 8616// 8603//
f 8603// 8616// 8618//
f 8603// 8618// 8604//
f 8604// 8618// 8620//
f 8604// 8620// 8605//
f 8605// 8620// 8622//
f 8605// 8622// 8596//
f 8596// 8622// 8624//
f 8596// 8624// 8597//
f 8537// 8538// 8600//
f 8600// 8538// 8601//
f 8600// 8601// 8632//
f 8632// 8601// 8608//
f 8632// 8608// 8633//
f 8633// 8608// 8611//
f 8633// 8611// 8634//
f 8634// 8611// 8614//
f 8634// 8614// 8635//
f 8635// 8614// 8636//
f 8635// 8636// 8637//
f 8637// 8636// 8638//
f 8637// 8638// 8597//
f 8613// 8639// 8614//
f 8614// 8639// 8640//
f 8614// 8640// 8636//
f 8636// 8640// 8641//
f 8636// 8641// 8638//
f 8638// 8641// 8642//
f 8638// 8642// 8597//
f 8535// 8536// 8626//
f 8626// 8536// 8600//
f 8626// 8600// 8627//
f 8627// 8600// 8632//
f 8627// 8632// 8628//
f 8628// 8632// 8633//
f 8628// 8633// 8629//
f 8629// 8633// 8634//
f 8629// 8634// 8630//
f 8630// 8634// 8635//
f 8630// 8635// 8631//
f 8631// 8635// 8637//
f 8631// 8637// 8597//
f 7803// 7802// 8643//
f 7803// 8643// 8563//
f 8563// 8643// 8644//
f 8563// 8644// 8555//
f 8555// 8644// 8556//
f 8556// 8644// 8645//
f 8556// 8645// 8590//
f 8645// 8646// 8590//
f 8590// 8646// 8647//
f 8590// 8647// 8558//
f 8558// 8647// 8559//
f 8559// 8647// 8648//
f 8559// 8648// 8562//
f 8648// 8649// 8562//
f 8562// 8649// 8047//
f 8562// 8047// 8046//
f 7792// 7793// 8650//
f 8650// 7793// 8597//
f 8650// 8597// 8651//
f 8651// 8597// 8642//
f 8651// 8642// 8652//
f 8652// 8642// 8641//
f 8652// 8641// 8653//
f 8653// 8641// 8640//
f 8653// 8640// 8654//
f 8654// 8640// 8639//
f 8654// 8639// 8655//
f 8655// 8639// 8613//
f 8655// 8613// 8656//
f 8656// 8613// 8612//
f 8656// 8612// 8657//
f 8657// 8612// 8610//
f 8657// 8610// 8658//
f 8658// 8610// 8609//
f 8658// 8609// 8659//
f 8659// 8609// 8607//
f 8659// 8607// 8660//
f 8660// 8607// 8606//
f 8660// 8606// 8047//
f 8047// 8606// 8049//
f 8661// 8662// 8650//
f 8661// 8650// 8663//
f 8664// 8663// 8650//
f 8653// 8665// 8666//
f 8655// 8656// 8667//
f 8668// 8669// 8670//
f 8671// 8672// 8673//
f 8674// 8675// 8650//
f 8676// 8650// 8677//
f 8650// 8676// 7792//
f 8675// 8677// 8650//
f 8678// 8674// 8650//
f 8679// 8662// 8680//
f 8680// 8662// 8681//
f 8682// 8683// 8684//
f 8684// 8683// 8685//
f 8686// 8643// 7802//
f 8687// 8646// 8645//
f 8688// 8648// 8647//
f 8649// 8648// 8689//
f 8689// 8648// 8688//
f 8689// 8688// 8690//
f 8047// 8649// 8660//
f 8660// 8649// 8689//
f 8660// 8689// 8659//
f 8659// 8689// 8690//
f 8659// 8690// 8658//
f 8658// 8690// 8657//
f 8656// 8657// 8667//
f 8667// 8657// 8690//
f 8667// 8690// 8691//
f 8691// 8690// 8688//
f 8691// 8688// 8687//
f 8687// 8688// 8647//
f 8687// 8647// 8646//
f 8654// 8655// 8692//
f 8692// 8655// 8667//
f 8692// 8667// 8693//
f 8693// 8667// 8691//
f 8693// 8691// 8694//
f 8694// 8691// 8687//
f 8694// 8687// 8695//
f 8695// 8687// 8645//
f 8695// 8645// 8644//
f 8696// 8684// 8697//
f 8697// 8684// 8685//
f 8697// 8685// 8698//
f 8653// 8654// 8665//
f 8665// 8654// 8692//
f 8665// 8692// 8699//
f 8699// 8692// 8693//
f 8699// 8693// 8700//
f 8700// 8693// 8694//
f 8700// 8694// 8701//
f 8701// 8694// 8695//
f 8701// 8695// 8686//
f 8686// 8695// 8644//
f 8686// 8644// 8643//
f 8666// 8665// 8702//
f 8702// 8665// 8699//
f 8702// 8699// 8703//
f 8703// 8699// 8700//
f 8703// 8700// 8704//
f 8704// 8700// 8701//
f 8704// 8701// 8705//
f 8705// 8701// 8686//
f 8705// 8686// 8706//
f 8706// 8686// 7802//
f 8706// 7802// 8707//
f 8708// 8696// 8709//
f 8709// 8696// 8697//
f 8709// 8697// 8673//
f 8673// 8697// 8698//
f 8673// 8698// 8671//
f 8664// 8708// 8663//
f 8663// 8708// 8709//
f 8663// 8709// 8661//
f 8661// 8709// 8673//
f 8661// 8673// 8662//
f 8662// 8673// 8672//
f 8662// 8672// 8681//
f 8679// 8650// 8662//
f 8680// 8678// 8679//
f 8679// 8678// 8650//
f 8650// 8651// 8666//
f 8666// 8651// 8652//
f 8666// 8652// 8653//
f 8707// 8668// 8706//
f 8706// 8668// 8670//
f 8706// 8670// 8705//
f 8705// 8670// 8710//
f 8705// 8710// 8704//
f 8704// 8710// 8711//
f 8704// 8711// 8703//
f 8703// 8711// 8712//
f 8703// 8712// 8702//
f 8702// 8712// 8713//
f 8702// 8713// 8666//
f 8666// 8713// 8650//
f 8669// 8682// 8670//
f 8670// 8682// 8684//
f 8670// 8684// 8710//
f 8710// 8684// 8696//
f 8710// 8696// 8711//
f 8711// 8696// 8708//
f 8711// 8708// 8712//
f 8712// 8708// 8664//
f 8712// 8664// 8713//
f 8713// 8664// 8650//
f 8714// 7790// 7792//
f 7792// 8676// 8714//
f 8714// 8676// 8677//
f 8714// 8677// 8675//
f 8675// 8674// 8714//
f 8714// 8674// 8678//
f 8714// 8678// 8680//
f 8680// 8681// 8714//
f 8714// 8681// 8672//
f 8714// 8672// 8715//
f 8672// 8671// 8715//
f 8715// 8671// 8698//
f 8715// 8698// 8716//
f 8698// 8685// 8716//
f 8716// 8685// 8683//
f 8716// 8683// 8717//
f 8683// 8682// 8717//
f 8717// 8682// 8669//
f 8717// 8669// 8718//
f 7802// 7804// 8707//
f 8707// 7804// 8718//
f 8707// 8718// 8668//
f 8668// 8718// 8669//
f 7845// 7843// 8719//
f 7841// 7839// 8720//
f 7831// 7829// 8721//
f 7827// 7825// 8722//
f 7817// 7815// 8723//
f 7813// 7811// 8724//
f 7901// 7912// 8725//
f 8725// 7912// 8726//
f 8725// 8726// 8727//
f 8727// 8726// 8728//
f 8727// 8728// 8729//
f 8729// 8728// 8730//
f 8729// 8730// 8731//
f 8731// 8730// 8732//
f 8731// 8732// 8733//
f 8733// 8732// 8724//
f 7908// 7906// 8734//
f 8734// 7906// 8735//
f 8734// 8735// 8736//
f 8736// 8735// 8737//
f 8736// 8737// 8738//
f 8738// 8737// 8739//
f 8738// 8739// 8740//
f 8740// 8739// 8741//
f 8740// 8741// 8742//
f 8742// 8741// 8722//
f 7914// 7913// 8743//
f 8743// 7913// 8744//
f 8743// 8744// 8745//
f 8745// 8744// 8746//
f 8745// 8746// 8747//
f 8747// 8746// 8748//
f 8747// 8748// 8749//
f 8749// 8748// 8750//
f 8749// 8750// 8751//
f 8751// 8750// 8720//
f 7804// 7901// 8718//
f 8718// 7901// 8725//
f 8718// 8725// 8717//
f 8717// 8725// 8727//
f 8717// 8727// 8716//
f 8716// 8727// 8729//
f 8716// 8729// 8715//
f 8715// 8729// 8731//
f 8715// 8731// 8714//
f 8714// 8731// 8733//
f 8714// 8733// 7790//
f 7790// 8733// 7807//
f 8724// 7811// 8733//
f 8733// 7811// 7809//
f 8733// 7809// 7807//
f 7815// 7813// 8723//
f 8723// 7813// 8724//
f 8723// 8724// 8752//
f 8752// 8724// 8732//
f 8752// 8732// 8753//
f 8753// 8732// 8730//
f 8753// 8730// 8754//
f 8754// 8730// 8728//
f 8754// 8728// 8755//
f 8755// 8728// 8726//
f 8755// 8726// 7911//
f 7911// 8726// 7912//
f 7819// 7817// 8756//
f 8756// 7817// 8723//
f 8756// 8723// 8757//
f 8757// 8723// 8752//
f 8757// 8752// 8758//
f 8758// 8752// 8753//
f 8758// 8753// 8759//
f 8759// 8753// 8754//
f 8759// 8754// 8760//
f 8760// 8754// 8755//
f 8760// 8755// 7909//
f 7909// 8755// 7911//
f 7909// 7908// 8760//
f 8760// 7908// 8734//
f 8760// 8734// 8759//
f 8759// 8734// 8736//
f 8759// 8736// 8758//
f 8758// 8736// 8738//
f 8758// 8738// 8757//
f 8757// 8738// 8740//
f 8757// 8740// 8756//
f 8756// 8740// 8742//
f 8756// 8742// 7819//
f 7819// 8742// 7821//
f 8722// 7825// 8742//
f 8742// 7825// 7823//
f 8742// 7823// 7821//
f 7829// 7827// 8721//
f 8721// 7827// 8722//
f 8721// 8722// 8761//
f 8761// 8722// 8741//
f 8761// 8741// 8762//
f 8762// 8741// 8739//
f 8762// 8739// 8763//
f 8763// 8739// 8737//
f 8763// 8737// 8764//
f 8764// 8737// 8735//
f 8764// 8735// 7904//
f 7904// 8735// 7906//
f 7833// 7831// 8765//
f 8765// 7831// 8721//
f 8765// 8721// 8766//
f 8766// 8721// 8761//
f 8766// 8761// 8767//
f 8767// 8761// 8762//
f 8767// 8762// 8768//
f 8768// 8762// 8763//
f 8768// 8763// 8769//
f 8769// 8763// 8764//
f 8769// 8764// 7915//
f 7915// 8764// 7904//
f 7915// 7914// 8769//
f 8769// 7914// 8743//
f 8769// 8743// 8768//
f 8768// 8743// 8745//
f 8768// 8745// 8767//
f 8767// 8745// 8747//
f 8767// 8747// 8766//
f 8766// 8747// 8749//
f 8766// 8749// 8765//
f 8765// 8749// 8751//
f 8765// 8751// 7833//
f 7833// 8751// 7835//
f 8720// 7839// 8751//
f 8751// 7839// 7837//
f 8751// 7837// 7835//
f 7913// 7897// 8744//
f 8744// 7897// 8770//
f 8744// 8770// 8746//
f 8746// 8770// 8771//
f 8746// 8771// 8748//
f 8748// 8771// 8772//
f 8748// 8772// 8750//
f 8750// 8772// 8773//
f 8750// 8773// 8720//
f 8720// 8773// 8719//
f 8720// 8719// 7841//
f 7841// 8719// 7843//
f 7847// 7845// 8774//
f 8774// 7845// 8719//
f 8774// 8719// 8775//
f 8775// 8719// 8773//
f 8775// 8773// 8776//
f 8776// 8773// 8772//
f 8776// 8772// 8777//
f 8777// 8772// 8771//
f 8777// 8771// 8778//
f 8778// 8771// 8770//
f 8778// 8770// 7898//
f 7898// 8770// 7897//
f 7898// 7900// 8778//
f 8778// 7900// 8779//
f 8778// 8779// 8777//
f 8777// 8779// 8780//
f 8777// 8780// 8776//
f 8776// 8780// 8781//
f 8776// 8781// 8775//
f 8775// 8781// 8782//
f 8775// 8782// 8774//
f 8774// 8782// 8783//
f 8774// 8783// 7847//
f 7847// 8783// 7849//
f 7916// 7849// 8783//
f 7916// 8783// 8784//
f 8784// 8783// 8782//
f 8784// 8782// 8785//
f 8785// 8782// 8781//
f 8785// 8781// 8786//
f 8786// 8781// 8780//
f 8786// 8780// 8787//
f 8787// 8780// 8779//
f 8787// 8779// 8788//
f 8788// 8779// 7900//
f 8788// 7900// 7922//
f 8025// 8789// 8790//
f 8789// 8791// 8792//
f 8791// 8793// 8794//
f 8793// 8795// 8796//
f 8797// 7924// 7926//
f 8795// 8797// 8798//
f 8798// 8797// 7926//
f 8798// 7926// 8799//
f 8799// 7926// 7928//
f 7934// 8800// 7932//
f 7932// 8800// 8799//
f 7932// 8799// 7930//
f 7930// 8799// 7928//
f 7936// 8801// 7934//
f 7934// 8801// 8802//
f 7934// 8802// 8800//
f 7942// 8803// 7940//
f 7940// 8803// 8801//
f 7940// 8801// 7938//
f 7938// 8801// 7936//
f 7944// 8804// 7942//
f 7942// 8804// 8805//
f 7942// 8805// 8803//
f 7944// 7946// 8804//
f 8804// 7946// 7916//
f 8804// 7916// 8784//
f 8795// 8798// 8796//
f 8796// 8798// 8799//
f 8796// 8799// 8806//
f 8806// 8799// 8800//
f 8806// 8800// 8807//
f 8807// 8800// 8802//
f 8807// 8802// 8808//
f 8808// 8802// 8801//
f 8808// 8801// 8809//
f 8809// 8801// 8803//
f 8809// 8803// 8810//
f 8810// 8803// 8805//
f 8810// 8805// 8811//
f 8811// 8805// 8804//
f 8811// 8804// 8812//
f 8812// 8804// 8784//
f 8812// 8784// 8785//
f 8793// 8796// 8794//
f 8794// 8796// 8806//
f 8794// 8806// 8813//
f 8813// 8806// 8807//
f 8813// 8807// 8814//
f 8814// 8807// 8808//
f 8814// 8808// 8815//
f 8815// 8808// 8809//
f 8815// 8809// 8816//
f 8816// 8809// 8810//
f 8816// 8810// 8817//
f 8817// 8810// 8811//
f 8817// 8811// 8818//
f 8818// 8811// 8812//
f 8818// 8812// 8819//
f 8819// 8812// 8785//
f 8819// 8785// 8786//
f 8791// 8794// 8792//
f 8792// 8794// 8813//
f 8792// 8813// 8820//
f 8820// 8813// 8814//
f 8820// 8814// 8821//
f 8821// 8814// 8815//
f 8821// 8815// 8822//
f 8822// 8815// 8816//
f 8822// 8816// 8823//
f 8823// 8816// 8817//
f 8823// 8817// 8824//
f 8824// 8817// 8818//
f 8824// 8818// 8825//
f 8825// 8818// 8819//
f 8825// 8819// 8826//
f 8826// 8819// 8786//
f 8826// 8786// 8787//
f 8789// 8792// 8790//
f 8790// 8792// 8820//
f 8790// 8820// 8827//
f 8827// 8820// 8821//
f 8827// 8821// 8828//
f 8828// 8821// 8822//
f 8828// 8822// 8829//
f 8829// 8822// 8823//
f 8829// 8823// 8830//
f 8830// 8823// 8824//
f 8830// 8824// 8831//
f 8831// 8824// 8825//
f 8831// 8825// 8832//
f 8832// 8825// 8826//
f 8832// 8826// 8833//
f 8833// 8826// 8787//
f 8833// 8787// 8788//
f 8025// 8790// 8027//
f 8027// 8790// 8827//
f 8027// 8827// 8035//
f 8035// 8827// 8828//
f 8035// 8828// 8032//
f 8032// 8828// 8829//
f 8032// 8829// 8030//
f 8030// 8829// 8830//
f 8030// 8830// 8020//
f 8020// 8830// 8831//
f 8020// 8831// 8018//
f 8018// 8831// 8832//
f 8018// 8832// 8016//
f 8016// 8832// 8833//
f 8016// 8833// 8021//
f 8021// 8833// 8788//
f 8021// 8788// 7922//
f 8025// 8038// 8069//
f 8025// 8069// 8789//
f 8789// 8069// 8068//
f 8789// 8068// 8791//
f 8791// 8068// 8067//
f 8791// 8067// 8793//
f 8793// 8067// 8061//
f 8793// 8061// 8795//
f 8795// 8061// 8060//
f 8795// 8060// 8797//
f 8797// 8060// 8040//
f 8797// 8040// 7924//
f 8834// 8835// 8836//
f 8836// 8835// 8837//
f 8838// 8839// 8840//
f 8840// 8839// 8841//
f 8842// 8843// 8844//
f 8844// 8843// 8845//
f 8846// 8847// 8848//
f 8848// 8847// 8849//
f 8835// 8834// 8850//
f 8850// 8834// 8851//
f 8850// 8851// 8852//
f 8852// 8851// 8853//
f 8852// 8853// 8854//
f 8854// 8853// 8855//
f 8854// 8855// 8856//
f 8856// 8855// 8857//
f 8856// 8857// 8858//
f 8858// 8857// 8859//
f 8858// 8859// 8860//
f 8860// 8859// 8861//
f 8860// 8861// 8862//
f 8862// 8861// 8863//
f 8862// 8863// 8864//
f 8864// 8863// 8865//
f 8864// 8865// 8866//
f 8866// 8865// 8867//
f 8866// 8867// 8868//
f 8868// 8867// 8869//
f 8868// 8869// 8870//
f 8870// 8869// 8871//
f 8870// 8871// 8872//
f 8872// 8871// 8873//
f 8872// 8873// 8874//
f 8874// 8873// 8875//
f 8874// 8875// 8876//
f 8876// 8875// 8877//
f 8876// 8877// 8878//
f 8878// 8877// 8879//
f 8878// 8879// 8880//
f 8880// 8879// 8881//
f 8880// 8881// 8882//
f 8882// 8881// 8883//
f 8882// 8883// 8884//
f 8884// 8883// 8885//
f 8884// 8885// 8886//
f 8886// 8885// 8887//
f 8886// 8887// 8888//
f 8888// 8887// 8889//
f 8888// 8889// 8890//
f 8890// 8889// 8891//
f 8890// 8891// 8892//
f 8892// 8891// 8893//
f 8894// 8895// 8896//
f 8896// 8895// 8897//
f 8898// 8899// 8900//
f 8900// 8899// 8901//
f 8900// 8901// 8897//
f 8897// 8901// 8902//
f 8897// 8902// 8896//
f 8903// 8904// 8905//
f 8906// 8907// 8898//
f 8898// 8907// 8908//
f 8898// 8908// 8899//
f 8905// 8904// 8909//
f 8909// 8904// 8839//
f 8909// 8839// 8838//
f 8905// 8910// 8903//
f 8903// 8910// 8911//
f 8903// 8911// 8912//
f 8912// 8911// 8913//
f 8912// 8913// 8906//
f 8906// 8913// 8914//
f 8906// 8914// 8907//
f 8844// 8845// 8915//
f 8915// 8845// 8916//
f 8915// 8916// 8917//
f 8917// 8916// 8918//
f 8917// 8918// 8919//
f 8919// 8918// 8920//
f 8919// 8920// 8921//
f 8921// 8920// 8922//
f 8921// 8922// 8923//
f 8923// 8922// 8924//
f 8923// 8924// 8925//
f 8925// 8924// 8926//
f 8925// 8926// 8927//
f 8927// 8926// 8928//
f 8927// 8928// 8929//
f 8929// 8928// 8930//
f 8929// 8930// 8931//
f 8931// 8930// 8932//
f 8931// 8932// 8933//
f 8933// 8932// 8934//
f 8933// 8934// 8935//
f 8935// 8934// 8936//
f 8935// 8936// 8937//
f 8937// 8936// 8938//
f 8939// 8940// 8941//
f 8941// 8940// 8942//
f 8942// 8940// 8943//
f 8942// 8943// 8944//
f 8848// 8849// 8945//
f 8945// 8849// 8946//
f 8947// 8948// 8949//
f 8949// 8948// 8950//
f 8949// 8950// 8951//
f 8950// 8952// 8951//
f 8951// 8952// 8953//
f 8951// 8953// 8954//
f 8954// 8953// 8955//
f 8954// 8955// 8946//
f 8946// 8955// 8956//
f 8946// 8956// 8945//
f 8941// 8957// 8939//
f 8939// 8957// 8958//
f 8939// 8958// 8947//
f 8947// 8958// 8959//
f 8947// 8959// 8948//
f 8960// 8961// 8893//
f 8893// 8961// 8892//
f 8962// 8963// 8894//
f 8894// 8963// 8895//
f 8937// 8938// 8964//
f 8964// 8938// 8965//
f 8944// 8943// 8966//
f 8966// 8943// 8967//
f 8968// 8969// 8970//
f 8970// 8969// 8971//
f 8970// 8971// 8972//
f 8972// 8971// 8973//
f 8972// 8973// 8974//
f 8974// 8973// 8975//
f 8974// 8975// 8976//
f 8976// 8975// 8977//
f 8976// 8977// 8978//
f 8978// 8977// 8979//
f 8978// 8979// 8980//
f 8980// 8979// 8981//
f 8980// 8981// 8982//
f 8982// 8981// 8983//
f 8982// 8983// 8984//
f 8984// 8983// 8985//
f 8984// 8985// 8986//
f 8986// 8985// 8987//
f 8986// 8987// 8988//
f 8988// 8987// 8989//
f 8988// 8989// 8990//
f 8990// 8989// 8991//
f 8990// 8991// 8960//
f 8960// 8991// 8961//
f 8963// 8962// 8992//
f 8992// 8962// 8993//
f 8994// 8995// 8996//
f 8996// 8995// 8997//
f 8997// 8995// 8998//
f 8997// 8998// 8999//
f 8996// 9000// 8994//
f 8994// 9000// 9001//
f 8994// 9001// 9002//
f 9002// 9001// 9003//
f 9002// 9003// 8993//
f 8993// 9003// 9004//
f 8993// 9004// 8992//
f 8999// 8998// 9005//
f 9005// 8998// 9006//
f 9005// 9006// 9007//
f 9007// 9006// 9008//
f 9007// 9008// 9009//
f 9009// 9008// 9010//
f 9010// 9008// 9011//
f 9010// 9011// 9012//
f 9012// 9011// 9013//
f 9012// 9013// 9014//
f 8964// 8965// 9015//
f 9015// 8965// 9016//
f 9015// 9016// 9017//
f 9017// 9016// 9018//
f 9017// 9018// 9019//
f 9019// 9018// 9020//
f 9019// 9020// 9021//
f 9021// 9020// 9022//
f 9021// 9022// 9023//
f 9023// 9022// 9024//
f 9023// 9024// 9025//
f 9025// 9024// 9026//
f 9025// 9026// 9027//
f 9027// 9026// 9028//
f 9027// 9028// 9029//
f 9029// 9028// 9030//
f 9029// 9030// 9031//
f 9031// 9030// 9032//
f 9031// 9032// 9033//
f 9033// 9032// 9034//
f 9033// 9034// 9035//
f 9035// 9034// 9036//
f 9035// 9036// 9037//
f 9037// 9036// 9038//
f 9037// 9038// 9039//
f 9039// 9038// 9040//
f 9039// 9040// 9041//
f 9041// 9040// 9042//
f 9041// 9042// 9043//
f 9043// 9042// 9044//
f 9043// 9044// 9045//
f 9045// 9044// 9046//
f 9045// 9046// 9047//
f 9047// 9046// 9048//
f 9047// 9048// 9049//
f 9049// 9048// 9050//
f 9049// 9050// 9051//
f 9051// 9050// 9052//
f 9051// 9052// 9053//
f 9053// 9052// 9054//
f 9053// 9054// 9055//
f 9055// 9054// 9056//
f 9055// 9056// 9057//
f 9057// 9056// 9058//
f 8966// 8967// 9059//
f 9060// 9061// 9062//
f 9062// 9061// 9063//
f 9062// 9063// 9064//
f 8966// 9059// 9065//
f 9065// 9059// 9066//
f 9065// 9066// 9060//
f 9060// 9066// 9067//
f 9060// 9067// 9061//
f 9068// 9069// 9070//
f 9070// 9069// 9071//
f 9063// 9072// 9064//
f 9064// 9072// 9073//
f 9064// 9073// 9074//
f 9074// 9073// 9075//
f 9074// 9075// 9076//
f 9075// 9077// 9076//
f 9076// 9077// 9078//
f 9076// 9078// 9079//
f 9079// 9078// 9080//
f 9079// 9080// 9071//
f 9071// 9080// 9081//
f 9071// 9081// 9070//
f 9069// 9068// 9082//
f 9082// 9068// 9083//
f 9084// 9085// 8968//
f 8968// 9085// 8969//
f 9086// 9087// 9013//
f 9013// 9087// 9014//
f 9057// 9058// 9088//
f 9088// 9058// 9089//
f 9090// 9091// 9092//
f 9092// 9091// 9093//
f 9087// 9089// 9094//
f 9089// 9087// 9088//
f 9088// 9087// 9083//
f 9088// 9083// 9095//
f 9087// 9086// 9085//
f 9085// 9086// 9096//
f 9087// 9085// 9083//
f 9083// 9085// 9084//
f 9083// 9084// 9082//
f 9094// 9097// 9098//
f 9099// 9100// 9101//
f 9095// 9102// 9103//
f 9098// 9104// 9094//
f 9094// 9104// 9105//
f 9094// 9105// 9087//
f 9096// 9106// 9085//
f 9085// 9106// 9107//
f 9085// 9107// 9108//
f 9108// 9107// 9109//
f 9103// 9110// 9095//
f 9095// 9110// 9111//
f 9095// 9111// 9088//
f 9099// 9101// 9112//
f 9082// 9084// 9101//
f 9101// 9084// 9113//
f 9101// 9113// 9112//
f 9014// 9087// 9105//
f 9014// 9105// 9114//
f 9114// 9105// 9104//
f 9114// 9104// 9115//
f 9115// 9104// 9098//
f 9115// 9098// 9116//
f 9116// 9098// 9097//
f 9116// 9097// 9117//
f 9117// 9097// 9094//
f 9117// 9094// 9118//
f 9118// 9094// 9089//
f 9118// 9089// 9058//
f 9054// 9052// 9119//
f 9044// 9042// 9120//
f 9040// 9038// 9121//
f 9032// 9030// 9122//
f 9022// 9020// 9123//
f 9018// 9016// 9124//
f 9001// 9000// 9125//
f 9125// 9000// 9126//
f 9125// 9126// 9127//
f 9127// 9126// 9128//
f 9127// 9128// 9129//
f 9129// 9128// 9130//
f 9129// 9130// 9131//
f 9131// 9130// 9132//
f 9131// 9132// 9133//
f 9133// 9132// 9122//
f 9009// 9010// 9134//
f 9134// 9010// 9135//
f 9134// 9135// 9136//
f 9136// 9135// 9137//
f 9136// 9137// 9138//
f 9138// 9137// 9139//
f 9138// 9139// 9140//
f 9140// 9139// 9141//
f 9140// 9141// 9142//
f 9142// 9141// 9119//
f 8963// 8992// 9143//
f 9143// 8992// 9144//
f 9143// 9144// 9145//
f 9145// 9144// 9146//
f 9145// 9146// 9147//
f 9147// 9146// 9148//
f 9147// 9148// 9149//
f 9149// 9148// 9150//
f 9149// 9150// 9151//
f 9151// 9150// 9124//
f 9151// 9124// 8965//
f 8965// 9124// 9016//
f 8992// 9004// 9144//
f 9144// 9004// 9152//
f 9144// 9152// 9146//
f 9146// 9152// 9153//
f 9146// 9153// 9148//
f 9148// 9153// 9154//
f 9148// 9154// 9150//
f 9150// 9154// 9155//
f 9150// 9155// 9124//
f 9124// 9155// 9123//
f 9124// 9123// 9018//
f 9018// 9123// 9020//
f 9024// 9022// 9156//
f 9156// 9022// 9123//
f 9156// 9123// 9157//
f 9157// 9123// 9155//
f 9157// 9155// 9158//
f 9158// 9155// 9154//
f 9158// 9154// 9159//
f 9159// 9154// 9153//
f 9159// 9153// 9160//
f 9160// 9153// 9152//
f 9160// 9152// 9003//
f 9003// 9152// 9004//
f 9003// 9001// 9160//
f 9160// 9001// 9125//
f 9160// 9125// 9159//
f 9159// 9125// 9127//
f 9159// 9127// 9158//
f 9158// 9127// 9129//
f 9158// 9129// 9157//
f 9157// 9129// 9131//
f 9157// 9131// 9156//
f 9156// 9131// 9133//
f 9156// 9133// 9024//
f 9024// 9133// 9026//
f 9122// 9030// 9133//
f 9133// 9030// 9028//
f 9133// 9028// 9026//
f 9034// 9032// 9161//
f 9161// 9032// 9122//
f 9161// 9122// 9162//
f 9162// 9122// 9132//
f 9162// 9132// 9163//
f 9163// 9132// 9130//
f 9163// 9130// 9164//
f 9164// 9130// 9128//
f 9164// 9128// 9165//
f 9165// 9128// 9126//
f 9165// 9126// 8996//
f 8996// 9126// 9000//
f 8996// 8997// 9165//
f 9165// 8997// 9166//
f 9165// 9166// 9164//
f 9164// 9166// 9167//
f 9164// 9167// 9163//
f 9163// 9167// 9168//
f 9163// 9168// 9162//
f 9162// 9168// 9169//
f 9162// 9169// 9161//
f 9161// 9169// 9170//
f 9161// 9170// 9034//
f 9034// 9170// 9036//
f 8997// 8999// 9166//
f 9166// 8999// 9171//
f 9166// 9171// 9167//
f 9167// 9171// 9172//
f 9167// 9172// 9168//
f 9168// 9172// 9173//
f 9168// 9173// 9169//
f 9169// 9173// 9174//
f 9169// 9174// 9170//
f 9170// 9174// 9121//
f 9170// 9121// 9036//
f 9036// 9121// 9038//
f 8999// 9005// 9171//
f 9171// 9005// 9175//
f 9171// 9175// 9172//
f 9172// 9175// 9176//
f 9172// 9176// 9173//
f 9173// 9176// 9177//
f 9173// 9177// 9174//
f 9174// 9177// 9178//
f 9174// 9178// 9121//
f 9121// 9178// 9120//
f 9121// 9120// 9040//
f 9040// 9120// 9042//
f 9046// 9044// 9179//
f 9179// 9044// 9120//
f 9179// 9120// 9180//
f 9180// 9120// 9178//
f 9180// 9178// 9181//
f 9181// 9178// 9177//
f 9181// 9177// 9182//
f 9182// 9177// 9176//
f 9182// 9176// 9183//
f 9183// 9176// 9175//
f 9183// 9175// 9007//
f 9007// 9175// 9005//
f 9007// 9009// 9183//
f 9183// 9009// 9134//
f 9183// 9134// 9182//
f 9182// 9134// 9136//
f 9182// 9136// 9181//
f 9181// 9136// 9138//
f 9181// 9138// 9180//
f 9180// 9138// 9140//
f 9180// 9140// 9179//
f 9179// 9140// 9142//
f 9179// 9142// 9046//
f 9046// 9142// 9048//
f 9119// 9052// 9142//
f 9142// 9052// 9050//
f 9142// 9050// 9048//
f 9056// 9054// 9184//
f 9184// 9054// 9119//
f 9184// 9119// 9185//
f 9185// 9119// 9141//
f 9185// 9141// 9186//
f 9186// 9141// 9139//
f 9186// 9139// 9187//
f 9187// 9139// 9137//
f 9187// 9137// 9188//
f 9188// 9137// 9135//
f 9188// 9135// 9012//
f 9012// 9135// 9010//
f 9012// 9014// 9188//
f 9188// 9014// 9114//
f 9188// 9114// 9187//
f 9187// 9114// 9115//
f 9187// 9115// 9186//
f 9186// 9115// 9116//
f 9186// 9116// 9185//
f 9185// 9116// 9117//
f 9185// 9117// 9184//
f 9184// 9117// 9118//
f 9184// 9118// 9056//
f 9056// 9118// 9058//
f 9057// 9088// 9111//
f 9057// 9111// 9189//
f 9189// 9111// 9110//
f 9189// 9110// 9190//
f 9190// 9110// 9103//
f 9190// 9103// 9191//
f 9191// 9103// 9102//
f 9191// 9102// 9192//
f 9192// 9102// 9095//
f 9192// 9095// 9193//
f 9193// 9095// 9083//
f 9193// 9083// 9068//
f 8965// 8938// 9194//
f 8965// 9194// 9151//
f 9151// 9194// 9195//
f 9151// 9195// 9149//
f 9149// 9195// 9196//
f 9149// 9196// 9147//
f 9147// 9196// 9197//
f 9147// 9197// 9145//
f 9145// 9197// 9198//
f 9145// 9198// 9143//
f 9143// 9198// 8895//
f 9143// 8895// 8963//
f 8969// 9085// 9108//
f 8969// 9108// 9199//
f 9199// 9108// 9109//
f 9199// 9109// 9200//
f 9200// 9109// 9107//
f 9200// 9107// 9201//
f 9201// 9107// 9106//
f 9201// 9106// 9202//
f 9202// 9106// 9096//
f 9202// 9096// 9203//
f 9203// 9096// 9086//
f 9203// 9086// 9013//
f 9017// 9019// 9204//
f 9027// 9029// 9205//
f 9031// 9033// 9206//
f 9039// 9041// 9207//
f 9049// 9051// 9208//
f 9053// 9055// 9209//
f 9078// 9077// 9210//
f 9210// 9077// 9211//
f 9210// 9211// 9212//
f 9212// 9211// 9213//
f 9212// 9213// 9214//
f 9214// 9213// 9215//
f 9214// 9215// 9216//
f 9216// 9215// 9217//
f 9216// 9217// 9218//
f 9218// 9217// 9207//
f 9067// 9066// 9219//
f 9219// 9066// 9220//
f 9219// 9220// 9221//
f 9221// 9220// 9222//
f 9221// 9222// 9223//
f 9223// 9222// 9224//
f 9223// 9224// 9225//
f 9225// 9224// 9226//
f 9225// 9226// 9227//
f 9227// 9226// 9204//
f 9068// 9070// 9193//
f 9193// 9070// 9228//
f 9193// 9228// 9192//
f 9192// 9228// 9229//
f 9192// 9229// 9191//
f 9191// 9229// 9230//
f 9191// 9230// 9190//
f 9190// 9230// 9231//
f 9190// 9231// 9189//
f 9189// 9231// 9209//
f 9189// 9209// 9057//
f 9057// 9209// 9055//
f 9070// 9081// 9228//
f 9228// 9081// 9232//
f 9228// 9232// 9229//
f 9229// 9232// 9233//
f 9229// 9233// 9230//
f 9230// 9233// 9234//
f 9230// 9234// 9231//
f 9231// 9234// 9235//
f 9231// 9235// 9209//
f 9209// 9235// 9208//
f 9209// 9208// 9053//
f 9053// 9208// 9051//
f 9047// 9049// 9236//
f 9236// 9049// 9208//
f 9236// 9208// 9237//
f 9237// 9208// 9235//
f 9237// 9235// 9238//
f 9238// 9235// 9234//
f 9238// 9234// 9239//
f 9239// 9234// 9233//
f 9239// 9233// 9240//
f 9240// 9233// 9232//
f 9240// 9232// 9080//
f 9080// 9232// 9081//
f 9080// 9078// 9240//
f 9240// 9078// 9210//
f 9240// 9210// 9239//
f 9239// 9210// 9212//
f 9239// 9212// 9238//
f 9238// 9212// 9214//
f 9238// 9214// 9237//
f 9237// 9214// 9216//
f 9237// 9216// 9236//
f 9236// 9216// 9218//
f 9236// 9218// 9047//
f 9047// 9218// 9045//
f 9207// 9041// 9218//
f 9218// 9041// 9043//
f 9218// 9043// 9045//
f 9037// 9039// 9241//
f 9241// 9039// 9207//
f 9241// 9207// 9242//
f 9242// 9207// 9217//
f 9242// 9217// 9243//
f 9243// 9217// 9215//
f 9243// 9215// 9244//
f 9244// 9215// 9213//
f 9244// 9213// 9245//
f 9245// 9213// 9211//
f 9245// 9211// 9075//
f 9075// 9211// 9077//
f 9075// 9073// 9245//
f 9245// 9073// 9246//
f 9245// 9246// 9244//
f 9244// 9246// 9247//
f 9244// 9247// 9243//
f 9243// 9247// 9248//
f 9243// 9248// 9242//
f 9242// 9248// 9249//
f 9242// 9249// 9241//
f 9241// 9249// 9250//
f 9241// 9250// 9037//
f 9037// 9250// 9035//
f 9073// 9072// 9246//
f 9246// 9072// 9251//
f 9246// 9251// 9247//
f 9247// 9251// 9252//
f 9247// 9252// 9248//
f 9248// 9252// 9253//
f 9248// 9253// 9249//
f 9249// 9253// 9254//
f 9249// 9254// 9250//
f 9250// 9254// 9206//
f 9250// 9206// 9035//
f 9035// 9206// 9033//
f 9072// 9063// 9251//
f 9251// 9063// 9255//
f 9251// 9255// 9252//
f 9252// 9255// 9256//
f 9252// 9256// 9253//
f 9253// 9256// 9257//
f 9253// 9257// 9254//
f 9254// 9257// 9258//
f 9254// 9258// 9206//
f 9206// 9258// 9205//
f 9206// 9205// 9031//
f 9031// 9205// 9029//
f 9025// 9027// 9259//
f 9259// 9027// 9205//
f 9259// 9205// 9260//
f 9260// 9205// 9258//
f 9260// 9258// 9261//
f 9261// 9258// 9257//
f 9261// 9257// 9262//
f 9262// 9257// 9256//
f 9262// 9256// 9263//
f 9263// 9256// 9255//
f 9263// 9255// 9061//
f 9061// 9255// 9063//
f 9061// 9067// 9263//
f 9263// 9067// 9219//
f 9263// 9219// 9262//
f 9262// 9219// 9221//
f 9262// 9221// 9261//
f 9261// 9221// 9223//
f 9261// 9223// 9260//
f 9260// 9223// 9225//
f 9260// 9225// 9259//
f 9259// 9225// 9227//
f 9259// 9227// 9025//
f 9025// 9227// 9023//
f 9204// 9019// 9227//
f 9227// 9019// 9021//
f 9227// 9021// 9023//
f 9015// 9017// 9264//
f 9264// 9017// 9204//
f 9264// 9204// 9265//
f 9265// 9204// 9226//
f 9265// 9226// 9266//
f 9266// 9226// 9224//
f 9266// 9224// 9267//
f 9267// 9224// 9222//
f 9267// 9222// 9268//
f 9268// 9222// 9220//
f 9268// 9220// 9059//
f 9059// 9220// 9066//
f 9059// 8967// 9268//
f 9268// 8967// 9269//
f 9268// 9269// 9267//
f 9267// 9269// 9270//
f 9267// 9270// 9266//
f 9266// 9270// 9271//
f 9266// 9271// 9265//
f 9265// 9271// 9272//
f 9265// 9272// 9264//
f 9264// 9272// 9273//
f 9264// 9273// 9015//
f 9015// 9273// 8964//
f 8895// 9198// 9274//
f 9198// 9197// 9275//
f 9197// 9196// 9276//
f 9196// 9195// 9277//
f 9195// 9194// 9278//
f 8930// 9279// 8932//
f 8932// 9279// 9280//
f 8932// 9280// 8934//
f 8934// 9280// 9278//
f 8934// 9278// 8936//
f 8936// 9278// 9194//
f 8936// 9194// 8938//
f 8930// 8928// 9279//
f 9279// 8928// 8926//
f 9279// 8926// 9281//
f 9281// 8926// 8924//
f 9281// 8924// 9282//
f 9282// 8924// 8922//
f 9282// 8922// 9283//
f 9283// 8922// 8920//
f 9283// 8920// 9284//
f 9284// 8920// 8918//
f 8918// 8916// 9284//
f 9284// 8916// 8845//
f 9284// 8845// 9285//
f 9195// 9278// 9277//
f 9277// 9278// 9280//
f 9277// 9280// 9286//
f 9286// 9280// 9279//
f 9286// 9279// 9287//
f 9287// 9279// 9281//
f 9287// 9281// 9288//
f 9288// 9281// 9282//
f 9288// 9282// 9289//
f 9289// 9282// 9283//
f 9289// 9283// 9290//
f 9290// 9283// 9284//
f 9290// 9284// 9291//
f 9291// 9284// 9285//
f 9291// 9285// 9292//
f 9196// 9277// 9276//
f 9276// 9277// 9286//
f 9276// 9286// 9293//
f 9293// 9286// 9287//
f 9293// 9287// 9294//
f 9294// 9287// 9288//
f 9294// 9288// 9295//
f 9295// 9288// 9289//
f 9295// 9289// 9296//
f 9296// 9289// 9290//
f 9296// 9290// 9297//
f 9297// 9290// 9291//
f 9297// 9291// 9298//
f 9298// 9291// 9292//
f 9298// 9292// 9299//
f 9197// 9276// 9275//
f 9275// 9276// 9293//
f 9275// 9293// 9300//
f 9300// 9293// 9294//
f 9300// 9294// 9301//
f 9301// 9294// 9295//
f 9301// 9295// 9302//
f 9302// 9295// 9296//
f 9302// 9296// 9303//
f 9303// 9296// 9297//
f 9303// 9297// 9304//
f 9304// 9297// 9298//
f 9304// 9298// 9305//
f 9305// 9298// 9299//
f 9305// 9299// 9306//
f 9198// 9275// 9274//
f 9274// 9275// 9300//
f 9274// 9300// 9307//
f 9307// 9300// 9301//
f 9307// 9301// 9308//
f 9308// 9301// 9302//
f 9308// 9302// 9309//
f 9309// 9302// 9303//
f 9309// 9303// 9310//
f 9310// 9303// 9304//
f 9310// 9304// 9311//
f 9311// 9304// 9305//
f 9311// 9305// 9312//
f 9312// 9305// 9306//
f 9312// 9306// 9313//
f 8895// 9274// 8897//
f 8897// 9274// 9307//
f 8897// 9307// 8900//
f 8900// 9307// 9308//
f 8900// 9308// 8898//
f 8898// 9308// 9309//
f 8898// 9309// 8906//
f 8906// 9309// 9310//
f 8906// 9310// 8912//
f 8912// 9310// 9311//
f 8912// 9311// 8903//
f 8903// 9311// 9312//
f 8903// 9312// 8904//
f 8904// 9312// 9313//
f 8904// 9313// 8839//
f 8962// 9314// 9315//
f 9314// 9316// 9317//
f 9316// 9318// 9319//
f 9318// 9320// 9321//
f 9320// 9322// 9323//
f 9322// 8961// 8991//
f 9322// 8991// 9323//
f 9323// 8991// 8989//
f 9323// 8989// 9324//
f 8983// 9325// 8985//
f 8985// 9325// 9324//
f 8985// 9324// 8987//
f 8987// 9324// 8989//
f 8981// 9326// 8983//
f 8983// 9326// 9327//
f 8983// 9327// 9325//
f 8981// 8979// 9326//
f 9326// 8979// 8977//
f 9326// 8977// 9328//
f 9328// 8977// 8975//
f 9328// 8975// 9329//
f 9329// 8975// 8973//
f 9329// 8973// 9330//
f 8973// 8971// 9330//
f 9330// 8971// 8969//
f 9330// 8969// 9199//
f 9320// 9323// 9321//
f 9321// 9323// 9324//
f 9321// 9324// 9331//
f 9331// 9324// 9325//
f 9331// 9325// 9332//
f 9332// 9325// 9327//
f 9332// 9327// 9333//
f 9333// 9327// 9326//
f 9333// 9326// 9334//
f 9334// 9326// 9328//
f 9334// 9328// 9335//
f 9335// 9328// 9329//
f 9335// 9329// 9336//
f 9336// 9329// 9330//
f 9336// 9330// 9337//
f 9337// 9330// 9199//
f 9337// 9199// 9200//
f 9318// 9321// 9319//
f 9319// 9321// 9331//
f 9319// 9331// 9338//
f 9338// 9331// 9332//
f 9338// 9332// 9339//
f 9339// 9332// 9333//
f 9339// 9333// 9340//
f 9340// 9333// 9334//
f 9340// 9334// 9341//
f 9341// 9334// 9335//
f 9341// 9335// 9342//
f 9342// 9335// 9336//
f 9342// 9336// 9343//
f 9343// 9336// 9337//
f 9343// 9337// 9344//
f 9344// 9337// 9200//
f 9344// 9200// 9201//
f 9316// 9319// 9317//
f 9317// 9319// 9338//
f 9317// 9338// 9345//
f 9345// 9338// 9339//
f 9345// 9339// 9346//
f 9346// 9339// 9340//
f 9346// 9340// 9347//
f 9347// 9340// 9341//
f 9347// 9341// 9348//
f 9348// 9341// 9342//
f 9348// 9342// 9349//
f 9349// 9342// 9343//
f 9349// 9343// 9350//
f 9350// 9343// 9344//
f 9350// 9344// 9351//
f 9351// 9344// 9201//
f 9351// 9201// 9202//
f 9314// 9317// 9315//
f 9315// 9317// 9345//
f 9315// 9345// 9352//
f 9352// 9345// 9346//
f 9352// 9346// 9353//
f 9353// 9346// 9347//
f 9353// 9347// 9354//
f 9354// 9347// 9348//
f 9354// 9348// 9355//
f 9355// 9348// 9349//
f 9355// 9349// 9356//
f 9356// 9349// 9350//
f 9356// 9350// 9357//
f 9357// 9350// 9351//
f 9357// 9351// 9358//
f 9358// 9351// 9202//
f 9358// 9202// 9203//
f 8962// 9315// 8993//
f 8993// 9315// 9352//
f 8993// 9352// 9002//
f 9002// 9352// 9353//
f 9002// 9353// 8994//
f 8994// 9353// 9354//
f 8994// 9354// 8995//
f 8995// 9354// 9355//
f 8995// 9355// 8998//
f 8998// 9355// 9356//
f 8998// 9356// 9006//
f 9006// 9356// 9357//
f 9006// 9357// 9008//
f 9008// 9357// 9358//
f 9008// 9358// 9011//
f 9011// 9358// 9203//
f 9011// 9203// 9013//
f 8967// 8943// 9359//
f 8967// 9359// 9269//
f 9269// 9359// 9360//
f 9269// 9360// 9270//
f 9270// 9360// 9361//
f 9270// 9361// 9271//
f 9271// 9361// 9362//
f 9271// 9362// 9272//
f 9272// 9362// 9363//
f 9272// 9363// 9273//
f 9273// 9363// 8937//
f 9273// 8937// 8964//
f 8845// 8843// 9364//
f 9365// 9285// 9366//
f 9366// 9285// 8845//
f 9366// 8845// 9367//
f 9367// 8845// 9364//
f 9365// 9368// 9285//
f 9285// 9368// 9369//
f 9285// 9369// 9292//
f 9369// 9370// 9292//
f 9292// 9370// 9371//
f 9292// 9371// 9372//
f 9372// 9373// 9292//
f 9292// 9373// 9374//
f 9292// 9374// 9299//
f 9374// 9375// 9299//
f 9299// 9375// 9376//
f 9299// 9376// 9306//
f 9376// 9377// 9306//
f 9306// 9377// 9378//
f 9306// 9378// 9313//
f 8841// 8839// 9379//
f 9379// 8839// 9313//
f 9379// 9313// 9380//
f 9380// 9313// 9378//
f 8962// 8894// 9381//
f 8962// 9381// 9314//
f 9314// 9381// 9382//
f 9314// 9382// 9316//
f 9316// 9382// 9383//
f 9316// 9383// 9318//
f 9318// 9383// 9384//
f 9318// 9384// 9320//
f 9320// 9384// 9385//
f 9320// 9385// 9322//
f 9322// 9385// 8892//
f 9322// 8892// 8961//
f 8849// 9386// 9387//
f 9386// 9388// 9389//
f 9388// 9390// 9391//
f 9390// 9392// 9393//
f 9392// 9394// 9395//
f 8921// 9396// 8919//
f 8919// 9396// 9397//
f 8919// 9397// 8917//
f 8917// 9397// 9395//
f 8917// 9395// 8915//
f 8915// 9395// 9394//
f 8915// 9394// 8844//
f 8921// 8923// 9396//
f 9396// 8923// 8925//
f 9396// 8925// 9398//
f 9398// 8925// 8927//
f 9398// 8927// 9399//
f 9399// 8927// 8929//
f 9399// 8929// 9400//
f 9400// 8929// 8931//
f 9400// 8931// 9401//
f 9401// 8931// 8933//
f 8933// 8935// 9401//
f 9401// 8935// 8937//
f 9401// 8937// 9363//
f 9392// 9395// 9393//
f 9393// 9395// 9397//
f 9393// 9397// 9402//
f 9402// 9397// 9396//
f 9402// 9396// 9403//
f 9403// 9396// 9398//
f 9403// 9398// 9404//
f 9404// 9398// 9399//
f 9404// 9399// 9405//
f 9405// 9399// 9400//
f 9405// 9400// 9406//
f 9406// 9400// 9401//
f 9406// 9401// 9407//
f 9407// 9401// 9363//
f 9407// 9363// 9362//
f 9390// 9393// 9391//
f 9391// 9393// 9402//
f 9391// 9402// 9408//
f 9408// 9402// 9403//
f 9408// 9403// 9409//
f 9409// 9403// 9404//
f 9409// 9404// 9410//
f 9410// 9404// 9405//
f 9410// 9405// 9411//
f 9411// 9405// 9406//
f 9411// 9406// 9412//
f 9412// 9406// 9407//
f 9412// 9407// 9413//
f 9413// 9407// 9362//
f 9413// 9362// 9361//
f 9388// 9391// 9389//
f 9389// 9391// 9408//
f 9389// 9408// 9414//
f 9414// 9408// 9409//
f 9414// 9409// 9415//
f 9415// 9409// 9410//
f 9415// 9410// 9416//
f 9416// 9410// 9411//
f 9416// 9411// 9417//
f 9417// 9411// 9412//
f 9417// 9412// 9418//
f 9418// 9412// 9413//
f 9418// 9413// 9419//
f 9419// 9413// 9361//
f 9419// 9361// 9360//
f 9386// 9389// 9387//
f 9387// 9389// 9414//
f 9387// 9414// 9420//
f 9420// 9414// 9415//
f 9420// 9415// 9421//
f 9421// 9415// 9416//
f 9421// 9416// 9422//
f 9422// 9416// 9417//
f 9422// 9417// 9423//
f 9423// 9417// 9418//
f 9423// 9418// 9424//
f 9424// 9418// 9419//
f 9424// 9419// 9425//
f 9425// 9419// 9360//
f 9425// 9360// 9359//
f 8849// 9387// 8946//
f 8946// 9387// 9420//
f 8946// 9420// 8954//
f 8954// 9420// 9421//
f 8954// 9421// 8951//
f 8951// 9421// 9422//
f 8951// 9422// 8949//
f 8949// 9422// 9423//
f 8949// 9423// 8947//
f 8947// 9423// 9424//
f 8947// 9424// 8939//
f 8939// 9424// 9425//
f 8939// 9425// 8940//
f 8940// 9425// 9359//
f 8940// 9359// 8943//
f 9380// 9378// 9426//
f 9377// 9376// 9427//
f 9371// 9370// 9428//
f 9428// 9365// 9429//
f 9429// 9365// 9366//
f 9429// 9366// 9430//
f 9430// 9366// 9367//
f 9430// 9367// 9431//
f 9431// 9367// 9364//
f 9431// 9364// 9432//
f 9432// 9364// 8843//
f 9370// 9369// 9428//
f 9428// 9369// 9368//
f 9428// 9368// 9365//
f 9375// 9374// 9433//
f 9433// 9374// 9373//
f 9377// 9427// 9378//
f 9434// 9379// 9380//
f 8841// 9379// 9435//
f 9435// 9379// 9434//
f 9435// 9434// 9436//
f 9436// 9434// 9437//
f 9436// 9437// 9438//
f 9438// 9437// 9439//
f 9439// 9437// 9440//
f 9439// 9440// 9441//
f 9441// 9440// 9442//
f 9442// 9440// 9443//
f 9442// 9443// 9444//
f 9444// 9443// 9445//
f 9445// 9443// 9446//
f 9445// 9446// 9447//
f 9447// 9446// 9448//
f 9448// 9446// 9449//
f 9448// 9449// 9450//
f 9450// 9449// 9451//
f 9450// 9451// 9092//
f 9372// 9371// 9452//
f 9452// 9371// 9428//
f 9452// 9428// 9453//
f 9453// 9428// 9429//
f 9453// 9429// 9454//
f 9454// 9429// 9430//
f 9454// 9430// 9455//
f 9455// 9430// 9431//
f 9455// 9431// 9456//
f 9456// 9431// 9432//
f 9456// 9432// 9457//
f 8843// 9458// 9432//
f 9432// 9458// 9459//
f 9432// 9459// 9457//
f 9457// 9459// 9460//
f 9457// 9460// 9461//
f 9461// 9462// 9457//
f 9457// 9462// 9463//
f 9457// 9463// 9456//
f 9456// 9463// 9464//
f 9456// 9464// 9455//
f 9455// 9464// 9465//
f 9455// 9465// 9454//
f 9454// 9465// 9466//
f 9454// 9466// 9453//
f 9453// 9466// 9433//
f 9453// 9433// 9452//
f 9452// 9433// 9373//
f 9452// 9373// 9372//
f 9461// 9467// 9462//
f 9462// 9467// 9468//
f 9462// 9468// 9469//
f 9469// 9470// 9462//
f 9462// 9470// 9471//
f 9462// 9471// 9463//
f 9463// 9471// 9472//
f 9463// 9472// 9464//
f 9464// 9472// 9473//
f 9464// 9473// 9465//
f 9465// 9473// 9474//
f 9465// 9474// 9466//
f 9466// 9474// 9427//
f 9466// 9427// 9433//
f 9433// 9427// 9376//
f 9433// 9376// 9375//
f 9378// 9427// 9426//
f 9426// 9427// 9474//
f 9426// 9474// 9475//
f 9475// 9474// 9473//
f 9475// 9473// 9476//
f 9476// 9473// 9472//
f 9476// 9472// 9477//
f 9477// 9472// 9471//
f 9477// 9471// 9478//
f 9478// 9471// 9470//
f 9478// 9470// 9479//
f 9469// 9480// 9470//
f 9470// 9480// 9481//
f 9470// 9481// 9479//
f 9479// 9481// 9482//
f 9479// 9482// 9483//
f 9380// 9426// 9434//
f 9434// 9426// 9475//
f 9434// 9475// 9437//
f 9437// 9475// 9476//
f 9437// 9476// 9440//
f 9440// 9476// 9477//
f 9440// 9477// 9443//
f 9443// 9477// 9478//
f 9443// 9478// 9446//
f 9446// 9478// 9479//
f 9446// 9479// 9449//
f 9449// 9479// 9483//
f 9449// 9483// 9451//
f 8852// 8854// 9484//
f 8856// 8858// 9485//
f 8866// 8868// 9486//
f 8870// 8872// 9487//
f 8880// 8882// 9488//
f 8884// 8886// 9489//
f 8896// 8902// 9490//
f 9490// 8902// 9491//
f 9490// 9491// 9492//
f 9492// 9491// 9493//
f 9492// 9493// 9494//
f 9494// 9493// 9495//
f 9494// 9495// 9496//
f 9496// 9495// 9497//
f 9496// 9497// 9498//
f 9498// 9497// 9489//
f 8908// 8907// 9499//
f 9499// 8907// 9500//
f 9499// 9500// 9501//
f 9501// 9500// 9502//
f 9501// 9502// 9503//
f 9503// 9502// 9504//
f 9503// 9504// 9505//
f 9505// 9504// 9506//
f 9505// 9506// 9507//
f 9507// 9506// 9487//
f 8911// 8910// 9508//
f 9508// 8910// 9509//
f 9508// 9509// 9510//
f 9510// 9509// 9511//
f 9510// 9511// 9512//
f 9512// 9511// 9513//
f 9512// 9513// 9514//
f 9514// 9513// 9515//
f 9514// 9515// 9516//
f 9516// 9515// 9485//
f 8894// 8896// 9381//
f 9381// 8896// 9490//
f 9381// 9490// 9382//
f 9382// 9490// 9492//
f 9382// 9492// 9383//
f 9383// 9492// 9494//
f 9383// 9494// 9384//
f 9384// 9494// 9496//
f 9384// 9496// 9385//
f 9385// 9496// 9498//
f 9385// 9498// 8892//
f 8892// 9498// 8890//
f 9489// 8886// 9498//
f 9498// 8886// 8888//
f 9498// 8888// 8890//
f 8882// 8884// 9488//
f 9488// 8884// 9489//
f 9488// 9489// 9517//
f 9517// 9489// 9497//
f 9517// 9497// 9518//
f 9518// 9497// 9495//
f 9518// 9495// 9519//
f 9519// 9495// 9493//
f 9519// 9493// 9520//
f 9520// 9493// 9491//
f 9520// 9491// 8901//
f 8901// 9491// 8902//
f 8878// 8880// 9521//
f 9521// 8880// 9488//
f 9521// 9488// 9522//
f 9522// 9488// 9517//
f 9522// 9517// 9523//
f 9523// 9517// 9518//
f 9523// 9518// 9524//
f 9524// 9518// 9519//
f 9524// 9519// 9525//
f 9525// 9519// 9520//
f 9525// 9520// 8899//
f 8899// 9520// 8901//
f 8899// 8908// 9525//
f 9525// 8908// 9499//
f 9525// 9499// 9524//
f 9524// 9499// 9501//
f 9524// 9501// 9523//
f 9523// 9501// 9503//
f 9523// 9503// 9522//
f 9522// 9503// 9505//
f 9522// 9505// 9521//
f 9521// 9505// 9507//
f 9521// 9507// 8878//
f 8878// 9507// 8876//
f 9487// 8872// 9507//
f 9507// 8872// 8874//
f 9507// 8874// 8876//
f 8907// 8914// 9500//
f 9500// 8914// 9526//
f 9500// 9526// 9502//
f 9502// 9526// 9527//
f 9502// 9527// 9504//
f 9504// 9527// 9528//
f 9504// 9528// 9506//
f 9506// 9528// 9529//
f 9506// 9529// 9487//
f 9487// 9529// 9486//
f 9487// 9486// 8870//
f 8870// 9486// 8868//
f 8864// 8866// 9530//
f 9530// 8866// 9486//
f 9530// 9486// 9531//
f 9531// 9486// 9529//
f 9531// 9529// 9532//
f 9532// 9529// 9528//
f 9532// 9528// 9533//
f 9533// 9528// 9527//
f 9533// 9527// 9534//
f 9534// 9527// 9526//
f 9534// 9526// 8913//
f 8913// 9526// 8914//
f 8913// 8911// 9534//
f 9534// 8911// 9508//
f 9534// 9508// 9533//
f 9533// 9508// 9510//
f 9533// 9510// 9532//
f 9532// 9510// 9512//
f 9532// 9512// 9531//
f 9531// 9512// 9514//
f 9531// 9514// 9530//
f 9530// 9514// 9516//
f 9530// 9516// 8864//
f 8864// 9516// 8862//
f 9485// 8858// 9516//
f 9516// 8858// 8860//
f 9516// 8860// 8862//
f 8910// 8905// 9509//
f 9509// 8905// 9535//
f 9509// 9535// 9511//
f 9511// 9535// 9536//
f 9511// 9536// 9513//
f 9513// 9536// 9537//
f 9513// 9537// 9515//
f 9515// 9537// 9538//
f 9515// 9538// 9485//
f 9485// 9538// 9484//
f 9485// 9484// 8856//
f 8856// 9484// 8854//
f 8850// 8852// 9539//
f 9539// 8852// 9484//
f 9539// 9484// 9540//
f 9540// 9484// 9538//
f 9540// 9538// 9541//
f 9541// 9538// 9537//
f 9541// 9537// 9542//
f 9542// 9537// 9536//
f 9542// 9536// 9543//
f 9543// 9536// 9535//
f 9543// 9535// 8909//
f 8909// 9535// 8905//
f 8909// 8838// 9543//
f 9543// 8838// 9544//
f 9543// 9544// 9542//
f 9542// 9544// 9545//
f 9542// 9545// 9541//
f 9541// 9545// 9546//
f 9541// 9546// 9540//
f 9540// 9546// 9547//
f 9540// 9547// 9539//
f 9539// 9547// 9548//
f 9539// 9548// 8850//
f 8850// 9548// 8835//
f 8847// 9549// 8849//
f 8849// 9549// 9386//
f 9549// 9550// 9386//
f 9386// 9550// 9551//
f 9386// 9551// 9388//
f 9551// 9552// 9388//
f 9388// 9552// 9553//
f 9388// 9553// 9390//
f 9553// 9554// 9390//
f 9390// 9554// 9555//
f 9390// 9555// 9392//
f 9556// 9557// 8844//
f 9555// 9558// 9392//
f 9392// 9558// 9559//
f 9392// 9559// 9394//
f 9394// 9559// 9560//
f 9394// 9560// 8844//
f 8844// 9560// 9561//
f 8844// 9561// 9556//
f 9557// 9562// 8844//
f 8844// 9562// 9563//
f 8844// 9563// 8842//
f 8843// 8842// 9458//
f 9458// 8842// 9564//
f 9458// 9564// 9459//
f 9459// 9564// 9565//
f 9459// 9565// 9460//
f 9460// 9565// 9566//
f 9460// 9566// 9461//
f 9461// 9566// 9567//
f 9461// 9567// 9467//
f 9467// 9567// 9568//
f 9467// 9568// 9468//
f 9468// 9568// 9569//
f 9468// 9569// 9570//
f 9090// 9092// 9571//
f 9571// 9092// 9451//
f 9571// 9451// 9572//
f 9572// 9451// 9483//
f 9572// 9483// 9573//
f 9573// 9483// 9482//
f 9573// 9482// 9574//
f 9574// 9482// 9481//
f 9574// 9481// 9575//
f 9575// 9481// 9480//
f 9575// 9480// 9570//
f 9570// 9480// 9469//
f 9570// 9469// 9468//
f 8841// 9435// 8840//
f 8840// 9435// 9576//
f 9435// 9436// 9576//
f 9576// 9436// 9438//
f 9576// 9438// 9577//
f 9577// 9438// 9439//
f 9577// 9439// 9578//
f 9578// 9439// 9441//
f 9578// 9441// 9579//
f 9441// 9442// 9579//
f 9579// 9442// 9444//
f 9579// 9444// 9580//
f 9580// 9444// 9445//
f 9580// 9445// 9581//
f 9581// 9445// 9447//
f 9581// 9447// 9582//
f 9582// 9447// 9448//
f 9582// 9448// 9093//
f 9093// 9448// 9450//
f 9093// 9450// 9092//
f 8840// 9583// 8838//
f 8838// 9583// 9544//
f 9583// 9584// 9544//
f 9544// 9584// 9585//
f 9544// 9585// 9545//
f 9585// 9586// 9545//
f 9545// 9586// 9587//
f 9545// 9587// 9546//
f 9587// 9588// 9546//
f 9546// 9588// 9589//
f 9546// 9589// 9547//
f 9590// 9548// 9591//
f 9591// 9548// 9547//
f 9591// 9547// 9592//
f 9592// 9547// 9589//
f 9590// 9593// 9548//
f 9548// 9593// 9594//
f 9548// 9594// 9595//
f 9595// 9596// 9548//
f 9548// 9596// 9597//
f 9548// 9597// 8835//
f 8835// 9597// 9598//
f 8835// 9598// 8837//
f 9599// 9600// 9601//
f 9602// 9603// 9604//
f 9605// 9606// 9090//
f 8847// 9607// 9549//
f 9549// 9607// 9608//
f 9549// 9608// 9550//
f 9550// 9608// 9609//
f 9550// 9609// 9551//
f 9551// 9609// 9552//
f 9552// 9609// 9610//
f 9552// 9610// 9553//
f 9553// 9610// 9554//
f 9554// 9610// 9611//
f 9554// 9611// 9555//
f 9555// 9611// 9612//
f 9555// 9612// 9558//
f 9558// 9612// 9613//
f 9558// 9613// 9559//
f 9559// 9613// 9614//
f 9559// 9614// 9560//
f 9615// 9616// 9617//
f 9564// 9618// 9565//
f 9565// 9618// 9619//
f 9565// 9619// 9566//
f 9566// 9619// 9567//
f 9567// 9619// 9620//
f 9567// 9620// 9568//
f 9621// 9570// 9620//
f 9620// 9570// 9569//
f 9620// 9569// 9568//
f 9622// 9574// 9621//
f 9621// 9574// 9575//
f 9621// 9575// 9570//
f 9090// 9571// 9605//
f 9605// 9571// 9572//
f 9605// 9572// 9622//
f 9622// 9572// 9573//
f 9622// 9573// 9574//
f 9618// 9623// 9619//
f 9619// 9623// 9624//
f 9619// 9624// 9620//
f 9620// 9624// 9625//
f 9620// 9625// 9621//
f 9621// 9625// 9626//
f 9621// 9626// 9622//
f 9622// 9626// 9627//
f 9622// 9627// 9605//
f 9605// 9627// 9604//
f 9605// 9604// 9606//
f 9606// 9604// 9603//
f 9623// 9628// 9624//
f 9624// 9628// 9629//
f 9624// 9629// 9625//
f 9625// 9629// 9630//
f 9625// 9630// 9626//
f 9626// 9630// 9631//
f 9626// 9631// 9627//
f 9627// 9631// 9632//
f 9627// 9632// 9604//
f 9604// 9632// 9633//
f 9604// 9633// 9602//
f 9602// 9633// 9634//
f 9628// 9615// 9629//
f 9629// 9615// 9635//
f 9629// 9635// 9630//
f 9630// 9635// 9636//
f 9630// 9636// 9631//
f 9631// 9636// 9637//
f 9631// 9637// 9632//
f 9632// 9637// 9638//
f 9632// 9638// 9633//
f 9633// 9638// 9601//
f 9633// 9601// 9634//
f 9634// 9601// 9600//
f 9607// 9599// 9608//
f 9608// 9599// 9601//
f 9608// 9601// 9609//
f 9609// 9601// 9638//
f 9609// 9638// 9610//
f 9610// 9638// 9637//
f 9610// 9637// 9611//
f 9611// 9637// 9636//
f 9611// 9636// 9612//
f 9612// 9636// 9635//
f 9612// 9635// 9613//
f 9613// 9635// 9615//
f 9613// 9615// 9614//
f 9614// 9615// 9617//
f 9614// 9617// 9560//
f 9560// 9617// 9616//
f 9560// 9616// 9561//
f 9561// 9616// 9615//
f 9561// 9615// 9556//
f 9556// 9615// 9628//
f 9556// 9628// 9557//
f 9557// 9628// 9623//
f 9557// 9623// 9562//
f 9562// 9623// 9618//
f 9562// 9618// 9563//
f 9563// 9618// 9564//
f 9563// 9564// 8842//
f 9639// 9640// 9641//
f 9597// 9641// 9598//
f 9641// 9597// 9596//
f 8837// 9598// 9641//
f 9595// 9594// 9641//
f 8840// 9642// 9583//
f 9577// 9578// 9643//
f 9580// 9581// 9644//
f 9645// 9582// 9093//
f 9583// 9642// 9584//
f 9584// 9642// 9646//
f 9584// 9646// 9585//
f 9585// 9646// 9586//
f 9586// 9646// 9647//
f 9586// 9647// 9587//
f 9587// 9647// 9588//
f 9588// 9647// 9648//
f 9588// 9648// 9589//
f 9589// 9648// 9592//
f 9592// 9648// 9649//
f 9592// 9649// 9591//
f 9591// 9649// 9590//
f 9590// 9649// 9640//
f 9590// 9640// 9593//
f 9593// 9640// 9639//
f 9593// 9639// 9594//
f 9594// 9639// 9641//
f 9596// 9595// 9641//
f 9093// 9650// 9645//
f 9645// 9650// 9651//
f 9645// 9651// 9652//
f 9651// 9653// 9652//
f 9652// 9653// 9654//
f 9652// 9654// 9655//
f 9654// 9656// 9655//
f 9655// 9656// 9657//
f 9655// 9657// 9658//
f 9576// 9577// 9659//
f 9659// 9577// 9643//
f 9659// 9643// 9660//
f 9660// 9643// 9661//
f 9660// 9661// 9662//
f 9662// 9661// 9663//
f 9662// 9663// 9664//
f 9664// 9663// 9665//
f 9664// 9665// 9666//
f 9666// 9665// 9667//
f 9666// 9667// 9668//
f 9668// 9667// 9669//
f 9668// 9669// 9641//
f 9578// 9579// 9643//
f 9643// 9579// 9670//
f 9643// 9670// 9661//
f 9661// 9670// 9671//
f 9661// 9671// 9663//
f 9663// 9671// 9672//
f 9663// 9672// 9665//
f 9665// 9672// 9673//
f 9665// 9673// 9667//
f 9667// 9673// 9674//
f 9667// 9674// 9669//
f 9669// 9674// 9675//
f 9669// 9675// 9641//
f 8840// 9576// 9642//
f 9642// 9576// 9659//
f 9642// 9659// 9646//
f 9646// 9659// 9660//
f 9646// 9660// 9647//
f 9647// 9660// 9662//
f 9647// 9662// 9648//
f 9648// 9662// 9664//
f 9648// 9664// 9649//
f 9649// 9664// 9666//
f 9649// 9666// 9640//
f 9640// 9666// 9668//
f 9640// 9668// 9641//
f 9581// 9582// 9644//
f 9644// 9582// 9645//
f 9644// 9645// 9676//
f 9676// 9645// 9652//
f 9676// 9652// 9677//
f 9677// 9652// 9655//
f 9677// 9655// 9678//
f 9678// 9655// 9658//
f 9678// 9658// 9679//
f 9679// 9658// 9680//
f 9679// 9680// 9681//
f 9681// 9680// 9682//
f 9681// 9682// 9641//
f 9657// 9683// 9658//
f 9658// 9683// 9684//
f 9658// 9684// 9680//
f 9680// 9684// 9685//
f 9680// 9685// 9682//
f 9682// 9685// 9686//
f 9682// 9686// 9641//
f 9579// 9580// 9670//
f 9670// 9580// 9644//
f 9670// 9644// 9671//
f 9671// 9644// 9676//
f 9671// 9676// 9672//
f 9672// 9676// 9677//
f 9672// 9677// 9673//
f 9673// 9677// 9678//
f 9673// 9678// 9674//
f 9674// 9678// 9679//
f 9674// 9679// 9675//
f 9675// 9679// 9681//
f 9675// 9681// 9641//
f 8847// 8846// 9687//
f 8847// 9687// 9607//
f 9607// 9687// 9688//
f 9607// 9688// 9599//
f 9599// 9688// 9600//
f 9600// 9688// 9689//
f 9600// 9689// 9634//
f 9689// 9690// 9634//
f 9634// 9690// 9691//
f 9634// 9691// 9602//
f 9602// 9691// 9603//
f 9603// 9691// 9692//
f 9603// 9692// 9606//
f 9692// 9693// 9606//
f 9606// 9693// 9091//
f 9606// 9091// 9090//
f 8836// 8837// 9694//
f 9694// 8837// 9641//
f 9694// 9641// 9695//
f 9695// 9641// 9686//
f 9695// 9686// 9696//
f 9696// 9686// 9685//
f 9696// 9685// 9697//
f 9697// 9685// 9684//
f 9697// 9684// 9698//
f 9698// 9684// 9683//
f 9698// 9683// 9699//
f 9699// 9683// 9657//
f 9699// 9657// 9700//
f 9700// 9657// 9656//
f 9700// 9656// 9701//
f 9701// 9656// 9654//
f 9701// 9654// 9702//
f 9702// 9654// 9653//
f 9702// 9653// 9703//
f 9703// 9653// 9651//
f 9703// 9651// 9704//
f 9704// 9651// 9650//
f 9704// 9650// 9091//
f 9091// 9650// 9093//
f 9705// 9706// 9694//
f 9705// 9694// 9707//
f 9708// 9707// 9694//
f 9697// 9709// 9710//
f 9699// 9700// 9711//
f 9712// 9713// 9714//
f 9715// 9716// 9717//
f 9718// 9719// 9694//
f 9720// 9694// 9721//
f 9694// 9720// 8836//
f 9719// 9721// 9694//
f 9722// 9718// 9694//
f 9723// 9706// 9724//
f 9724// 9706// 9725//
f 9726// 9727// 9728//
f 9728// 9727// 9729//
f 9730// 9687// 8846//
f 9731// 9690// 9689//
f 9732// 9692// 9691//
f 9693// 9692// 9733//
f 9733// 9692// 9732//
f 9733// 9732// 9734//
f 9091// 9693// 9704//
f 9704// 9693// 9733//
f 9704// 9733// 9703//
f 9703// 9733// 9734//
f 9703// 9734// 9702//
f 9702// 9734// 9701//
f 9700// 9701// 9711//
f 9711// 9701// 9734//
f 9711// 9734// 9735//
f 9735// 9734// 9732//
f 9735// 9732// 9731//
f 9731// 9732// 9691//
f 9731// 9691// 9690//
f 9698// 9699// 9736//
f 9736// 9699// 9711//
f 9736// 9711// 9737//
f 9737// 9711// 9735//
f 9737// 9735// 9738//
f 9738// 9735// 9731//
f 9738// 9731// 9739//
f 9739// 9731// 9689//
f 9739// 9689// 9688//
f 9740// 9728// 9741//
f 9741// 9728// 9729//
f 9741// 9729// 9742//
f 9697// 9698// 9709//
f 9709// 9698// 9736//
f 9709// 9736// 9743//
f 9743// 9736// 9737//
f 9743// 9737// 9744//
f 9744// 9737// 9738//
f 9744// 9738// 9745//
f 9745// 9738// 9739//
f 9745// 9739// 9730//
f 9730// 9739// 9688//
f 9730// 9688// 9687//
f 9710// 9709// 9746//
f 9746// 9709// 9743//
f 9746// 9743// 9747//
f 9747// 9743// 9744//
f 9747// 9744// 9748//
f 9748// 9744// 9745//
f 9748// 9745// 9749//
f 9749// 9745// 9730//
f 9749// 9730// 9750//
f 9750// 9730// 8846//
f 9750// 8846// 9751//
f 9752// 9740// 9753//
f 9753// 9740// 9741//
f 9753// 9741// 9717//
f 9717// 9741// 9742//
f 9717// 9742// 9715//
f 9708// 9752// 9707//
f 9707// 9752// 9753//
f 9707// 9753// 9705//
f 9705// 9753// 9717//
f 9705// 9717// 9706//
f 9706// 9717// 9716//
f 9706// 9716// 9725//
f 9723// 9694// 9706//
f 9724// 9722// 9723//
f 9723// 9722// 9694//
f 9694// 9695// 9710//
f 9710// 9695// 9696//
f 9710// 9696// 9697//
f 9751// 9712// 9750//
f 9750// 9712// 9714//
f 9750// 9714// 9749//
f 9749// 9714// 9754//
f 9749// 9754// 9748//
f 9748// 9754// 9755//
f 9748// 9755// 9747//
f 9747// 9755// 9756//
f 9747// 9756// 9746//
f 9746// 9756// 9757//
f 9746// 9757// 9710//
f 9710// 9757// 9694//
f 9713// 9726// 9714//
f 9714// 9726// 9728//
f 9714// 9728// 9754//
f 9754// 9728// 9740//
f 9754// 9740// 9755//
f 9755// 9740// 9752//
f 9755// 9752// 9756//
f 9756// 9752// 9708//
f 9756// 9708// 9757//
f 9757// 9708// 9694//
f 9758// 8834// 8836//
f 8836// 9720// 9758//
f 9758// 9720// 9721//
f 9758// 9721// 9719//
f 9719// 9718// 9758//
f 9758// 9718// 9722//
f 9758// 9722// 9724//
f 9724// 9725// 9758//
f 9758// 9725// 9716//
f 9758// 9716// 9759//
f 9716// 9715// 9759//
f 9759// 9715// 9742//
f 9759// 9742// 9760//
f 9742// 9729// 9760//
f 9760// 9729// 9727//
f 9760// 9727// 9761//
f 9727// 9726// 9761//
f 9761// 9726// 9713//
f 9761// 9713// 9762//
f 8846// 8848// 9751//
f 9751// 8848// 9762//
f 9751// 9762// 9712//
f 9712// 9762// 9713//
f 8889// 8887// 9763//
f 8885// 8883// 9764//
f 8875// 8873// 9765//
f 8871// 8869// 9766//
f 8861// 8859// 9767//
f 8857// 8855// 9768//
f 8945// 8956// 9769//
f 9769// 8956// 9770//
f 9769// 9770// 9771//
f 9771// 9770// 9772//
f 9771// 9772// 9773//
f 9773// 9772// 9774//
f 9773// 9774// 9775//
f 9775// 9774// 9776//
f 9775// 9776// 9777//
f 9777// 9776// 9768//
f 8952// 8950// 9778//
f 9778// 8950// 9779//
f 9778// 9779// 9780//
f 9780// 9779// 9781//
f 9780// 9781// 9782//
f 9782// 9781// 9783//
f 9782// 9783// 9784//
f 9784// 9783// 9785//
f 9784// 9785// 9786//
f 9786// 9785// 9766//
f 8958// 8957// 9787//
f 9787// 8957// 9788//
f 9787// 9788// 9789//
f 9789// 9788// 9790//
f 9789// 9790// 9791//
f 9791// 9790// 9792//
f 9791// 9792// 9793//
f 9793// 9792// 9794//
f 9793// 9794// 9795//
f 9795// 9794// 9764//
f 8848// 8945// 9762//
f 9762// 8945// 9769//
f 9762// 9769// 9761//
f 9761// 9769// 9771//
f 9761// 9771// 9760//
f 9760// 9771// 9773//
f 9760// 9773// 9759//
f 9759// 9773// 9775//
f 9759// 9775// 9758//
f 9758// 9775// 9777//
f 9758// 9777// 8834//
f 8834// 9777// 8851//
f 9768// 8855// 9777//
f 9777// 8855// 8853//
f 9777// 8853// 8851//
f 8859// 8857// 9767//
f 9767// 8857// 9768//
f 9767// 9768// 9796//
f 9796// 9768// 9776//
f 9796// 9776// 9797//
f 9797// 9776// 9774//
f 9797// 9774// 9798//
f 9798// 9774// 9772//
f 9798// 9772// 9799//
f 9799// 9772// 9770//
f 9799// 9770// 8955//
f 8955// 9770// 8956//
f 8863// 8861// 9800//
f 9800// 8861// 9767//
f 9800// 9767// 9801//
f 9801// 9767// 9796//
f 9801// 9796// 9802//
f 9802// 9796// 9797//
f 9802// 9797// 9803//
f 9803// 9797// 9798//
f 9803// 9798// 9804//
f 9804// 9798// 9799//
f 9804// 9799// 8953//
f 8953// 9799// 8955//
f 8953// 8952// 9804//
f 9804// 8952// 9778//
f 9804// 9778// 9803//
f 9803// 9778// 9780//
f 9803// 9780// 9802//
f 9802// 9780// 9782//
f 9802// 9782// 9801//
f 9801// 9782// 9784//
f 9801// 9784// 9800//
f 9800// 9784// 9786//
f 9800// 9786// 8863//
f 8863// 9786// 8865//
f 9766// 8869// 9786//
f 9786// 8869// 8867//
f 9786// 8867// 8865//
f 8873// 8871// 9765//
f 9765// 8871// 9766//
f 9765// 9766// 9805//
f 9805// 9766// 9785//
f 9805// 9785// 9806//
f 9806// 9785// 9783//
f 9806// 9783// 9807//
f 9807// 9783// 9781//
f 9807// 9781// 9808//
f 9808// 9781// 9779//
f 9808// 9779// 8948//
f 8948// 9779// 8950//
f 8877// 8875// 9809//
f 9809// 8875// 9765//
f 9809// 9765// 9810//
f 9810// 9765// 9805//
f 9810// 9805// 9811//
f 9811// 9805// 9806//
f 9811// 9806// 9812//
f 9812// 9806// 9807//
f 9812// 9807// 9813//
f 9813// 9807// 9808//
f 9813// 9808// 8959//
f 8959// 9808// 8948//
f 8959// 8958// 9813//
f 9813// 8958// 9787//
f 9813// 9787// 9812//
f 9812// 9787// 9789//
f 9812// 9789// 9811//
f 9811// 9789// 9791//
f 9811// 9791// 9810//
f 9810// 9791// 9793//
f 9810// 9793// 9809//
f 9809// 9793// 9795//
f 9809// 9795// 8877//
f 8877// 9795// 8879//
f 9764// 8883// 9795//
f 9795// 8883// 8881//
f 9795// 8881// 8879//
f 8957// 8941// 9788//
f 9788// 8941// 9814//
f 9788// 9814// 9790//
f 9790// 9814// 9815//
f 9790// 9815// 9792//
f 9792// 9815// 9816//
f 9792// 9816// 9794//
f 9794// 9816// 9817//
f 9794// 9817// 9764//
f 9764// 9817// 9763//
f 9764// 9763// 8885//
f 8885// 9763// 8887//
f 8891// 8889// 9818//
f 9818// 8889// 9763//
f 9818// 9763// 9819//
f 9819// 9763// 9817//
f 9819// 9817// 9820//
f 9820// 9817// 9816//
f 9820// 9816// 9821//
f 9821// 9816// 9815//
f 9821// 9815// 9822//
f 9822// 9815// 9814//
f 9822// 9814// 8942//
f 8942// 9814// 8941//
f 8942// 8944// 9822//
f 9822// 8944// 9823//
f 9822// 9823// 9821//
f 9821// 9823// 9824//
f 9821// 9824// 9820//
f 9820// 9824// 9825//
f 9820// 9825// 9819//
f 9819// 9825// 9826//
f 9819// 9826// 9818//
f 9818// 9826// 9827//
f 9818// 9827// 8891//
f 8891// 9827// 8893//
f 8960// 8893// 9827//
f 8960// 9827// 9828//
f 9828// 9827// 9826//
f 9828// 9826// 9829//
f 9829// 9826// 9825//
f 9829// 9825// 9830//
f 9830// 9825// 9824//
f 9830// 9824// 9831//
f 9831// 9824// 9823//
f 9831// 9823// 9832//
f 9832// 9823// 8944//
f 9832// 8944// 8966//
f 9069// 9833// 9834//
f 9833// 9835// 9836//
f 9835// 9837// 9838//
f 9837// 9839// 9840//
f 9841// 8968// 8970//
f 9839// 9841// 9842//
f 9842// 9841// 8970//
f 9842// 8970// 9843//
f 9843// 8970// 8972//
f 8978// 9844// 8976//
f 8976// 9844// 9843//
f 8976// 9843// 8974//
f 8974// 9843// 8972//
f 8980// 9845// 8978//
f 8978// 9845// 9846//
f 8978// 9846// 9844//
f 8986// 9847// 8984//
f 8984// 9847// 9845//
f 8984// 9845// 8982//
f 8982// 9845// 8980//
f 8988// 9848// 8986//
f 8986// 9848// 9849//
f 8986// 9849// 9847//
f 8988// 8990// 9848//
f 9848// 8990// 8960//
f 9848// 8960// 9828//
f 9839// 9842// 9840//
f 9840// 9842// 9843//
f 9840// 9843// 9850//
f 9850// 9843// 9844//
f 9850// 9844// 9851//
f 9851// 9844// 9846//
f 9851// 9846// 9852//
f 9852// 9846// 9845//
f 9852// 9845// 9853//
f 9853// 9845// 9847//
f 9853// 9847// 9854//
f 9854// 9847// 9849//
f 9854// 9849// 9855//
f 9855// 9849// 9848//
f 9855// 9848// 9856//
f 9856// 9848// 9828//
f 9856// 9828// 9829//
f 9837// 9840// 9838//
f 9838// 9840// 9850//
f 9838// 9850// 9857//
f 9857// 9850// 9851//
f 9857// 9851// 9858//
f 9858// 9851// 9852//
f 9858// 9852// 9859//
f 9859// 9852// 9853//
f 9859// 9853// 9860//
f 9860// 9853// 9854//
f 9860// 9854// 9861//
f 9861// 9854// 9855//
f 9861// 9855// 9862//
f 9862// 9855// 9856//
f 9862// 9856// 9863//
f 9863// 9856// 9829//
f 9863// 9829// 9830//
f 9835// 9838// 9836//
f 9836// 9838// 9857//
f 9836// 9857// 9864//
f 9864// 9857// 9858//
f 9864// 9858// 9865//
f 9865// 9858// 9859//
f 9865// 9859// 9866//
f 9866// 9859// 9860//
f 9866// 9860// 9867//
f 9867// 9860// 9861//
f 9867// 9861// 9868//
f 9868// 9861// 9862//
f 9868// 9862// 9869//
f 9869// 9862// 9863//
f 9869// 9863// 9870//
f 9870// 9863// 9830//
f 9870// 9830// 9831//
f 9833// 9836// 9834//
f 9834// 9836// 9864//
f 9834// 9864// 9871//
f 9871// 9864// 9865//
f 9871// 9865// 9872//
f 9872// 9865// 9866//
f 9872// 9866// 9873//
f 9873// 9866// 9867//
f 9873// 9867// 9874//
f 9874// 9867// 9868//
f 9874// 9868// 9875//
f 9875// 9868// 9869//
f 9875// 9869// 9876//
f 9876// 9869// 9870//
f 9876// 9870// 9877//
f 9877// 9870// 9831//
f 9877// 9831// 9832//
f 9069// 9834// 9071//
f 9071// 9834// 9871//
f 9071// 9871// 9079//
f 9079// 9871// 9872//
f 9079// 9872// 9076//
f 9076// 9872// 9873//
f 9076// 9873// 9074//
f 9074// 9873// 9874//
f 9074// 9874// 9064//
f 9064// 9874// 9875//
f 9064// 9875// 9062//
f 9062// 9875// 9876//
f 9062// 9876// 9060//
f 9060// 9876// 9877//
f 9060// 9877// 9065//
f 9065// 9877// 9832//
f 9065// 9832// 8966//
f 9069// 9082// 9101//
f 9069// 9101// 9833//
f 9833// 9101// 9100//
f 9833// 9100// 9835//
f 9835// 9100// 9099//
f 9835// 9099// 9837//
f 9837// 9099// 9112//
f 9837// 9112// 9839//
f 9839// 9112// 9113//
f 9839// 9113// 9841//
f 9841// 9113// 9084//
f 9841// 9084// 8968//
