v 0.2 3.1 0.0
v 0.212662 3.101667 0.0
v 0.212662 2.594566 0.0
newmtl 1
Ka 0.25098039215686274 0.25098039215686274 0.25098039215686274
Kd 0.25098039215686274 0.25098039215686274 0.25098039215686274
Ks 0.12549019607843137 0.12549019607843137 0.12549019607843137
d 0.0
endmtl
v 0.645 3.112058 0.0
v 0.654735 3.119528 0.0
v 0.654735 2.594566 0.0
v 2.69 3.19 0.0
v 2.69 3.5 0.0
v 3.5 3.5 0.0
v 0.865101 2.591517 0.0
v 0.932174 2.591517 0.0
v 3.100715 2.594566 0.0
v 0.932174 2.091517 0.0
v 3.103067 2.576706 0.0
v 3.166706 2.113067 0.0
v 3.19 2.11 0.0
v 3.103067 2.176706 0.0
v 3.112058 2.155 0.0
v 0.676076 2.146395 0.0
v 0.676076 2.091517 0.0
v 0.654735 2.088468 0.0
v 3.5 2.088468 0.0
v 3.5 2.11 0.0
v 3.12636 2.13636 0.0
v 3.145 2.122058 0.0
v 3.5 2.51 0.0
v 3.5 2.29 0.0
v 3.19 2.51 0.0
v 3.19 2.29 0.0
v 3.166706 2.513067 0.0
v 3.166706 2.286933 0.0
v 3.145 2.522058 0.0
v 3.145 2.277942 0.0
v 3.12636 2.26364 0.0
v 3.112058 2.555 0.0
v 3.12636 2.536361 0.0
v 3.112058 2.245 0.0
v 3.103067 2.223294 0.0
v 3.1 2.2 0.0
v 1.355 3.112058 0.0
v 1.376706 3.103067 0.0
v 1.06364 3.12636 0.0
v 1.73636 3.12636 0.0
v 1.755 3.112058 0.0
v 0.976706 3.103067 0.0
v 0.66364 3.12636 0.0
v 0.955 3.112058 0.0
v 0.922058 3.145 0.0
v 0.93636 3.12636 0.0
v 0.686933 3.166706 0.0
v 2.277942 3.145 0.0
v 2.286933 3.166706 0.0
v 2.536361 3.12636 0.0
v 3.1 2.6 0.0
v 2.623294 3.103067 0.0
v 1.0 3.1 0.0
v 1.023294 3.103067 0.0
v 1.045 3.112058 0.0
v 1.776706 3.103067 0.0
v 1.8 3.1 0.0
v 1.823294 3.103067 0.0
v 2.113067 3.166706 0.0
v 2.122058 3.145 0.0
v 2.13636 3.12636 0.0
v 2.26364 3.12636 0.0
v 2.245 3.112058 0.0
v 2.223294 3.103067 0.0
v 0.677942 3.145 0.0
v 1.33636 3.12636 0.0
v 1.077942 3.145 0.0
v 1.086933 3.166706 0.0
v 1.4 3.1 0.0
v 1.423294 3.103067 0.0
v 1.445 3.112058 0.0
v 1.46364 3.12636 0.0
v 2.155 3.112058 0.0
v 2.176706 3.103067 0.0
v 2.2 3.1 0.0
v 2.6 3.1 0.0
v 1.477942 3.145 0.0
v 1.713067 3.166706 0.0
v 1.722058 3.145 0.0
v 1.845 3.112058 0.0
v 1.86364 3.12636 0.0
v 1.877942 3.145 0.0
v 2.29 3.19 0.0
v 2.29 3.5 0.0
v 2.51 3.5 0.0
v 2.555 3.112058 0.0
v 2.576706 3.103067 0.0
v 3.19 2.69 0.0
v 3.166706 2.686933 0.0
v 2.686933 3.166706 0.0
v 3.145 2.677942 0.0
v 2.677942 3.145 0.0
v 1.09 3.19 0.0
v 1.09 3.5 0.0
v 1.31 3.5 0.0
v 1.49 3.19 0.0
v 1.49 3.5 0.0
v 1.71 3.5 0.0
v 1.89 3.19 0.0
v 1.89 3.5 0.0
v 2.11 3.5 0.0
v 2.51 3.19 0.0
v 2.513067 3.166706 0.0
v 2.522058 3.145 0.0
v 3.5 2.69 0.0
v 0.69 3.5 0.0
v 0.91 3.5 0.0
v 0.69 3.19 0.0
v 0.91 3.19 0.0
v 0.913067 3.166706 0.0
v 1.31 3.19 0.0
v 1.313067 3.166706 0.0
v 1.322058 3.145 0.0
v 1.486933 3.166706 0.0
v 1.71 3.19 0.0
v 1.886933 3.166706 0.0
v 2.11 3.19 0.0
v 2.66364 3.12636 0.0
v 3.12636 2.66364 0.0
v 2.645 3.112058 0.0
v 3.112058 2.645 0.0
v 3.103067 2.623294 0.0
v 0.576706 3.103067 0.0
v 0.6 3.1 0.0
v 0.623294 3.103067 0.0
v 0.223294 3.103067 0.0
v 0.379106 2.597615 0.0
v 0.334923 2.594566 0.0
v 0.416451 2.594566 0.0
v 0.245 3.112058 0.0
v 0.26364 3.12636 0.0
v 0.277942 3.145 0.0
v 0.513067 3.166706 0.0
v 0.522058 3.145 0.0
v 0.53636 3.12636 0.0
v 0.555 3.112058 0.0
v 0.29 3.19 0.0
v 0.29 3.5 0.0
v 0.51 3.5 0.0
v 0.286933 3.166706 0.0
v 0.51 3.19 0.0
v -0.153192 2.594566 0.0
v 0.13636 3.12636 0.0
v 0.155 3.112058 0.0
v 0.176706 3.103067 0.0
v 0.113067 3.166706 0.0
v -0.13636 3.12636 0.0
v -0.122058 3.145 0.0
v -0.11 3.19 0.0
v -0.11 3.5 0.0
v 0.11 3.5 0.0
v -0.113067 3.166706 0.0
v 0.11 3.19 0.0
v -0.623294 3.103067 0.0
v -0.622704 3.102989 0.0
v -0.622704 2.594566 0.0
v -0.6 3.1 0.0
v -0.555 3.112058 0.0
v -0.53636 3.12636 0.0
v -0.176706 3.103067 0.0
v -0.2 3.1 0.0
v -0.223294 3.103067 0.0
v 0.122058 3.145 0.0
v -0.153192 3.113445 0.0
v -0.155 3.112058 0.0
v -0.576706 3.103067 0.0
v -0.522058 3.145 0.0
v -0.26364 3.12636 0.0
v -0.513067 3.166706 0.0
v -0.277942 3.145 0.0
v -0.245 3.112058 0.0
v -0.51 3.5 0.0
v -0.29 3.5 0.0
v -0.51 3.19 0.0
v -0.29 3.19 0.0
v -0.286933 3.166706 0.0
v -1.086933 3.166706 0.0
v -1.313067 3.166706 0.0
v -1.31 3.19 0.0
v -1.06364 3.12636 0.0
v -1.045 3.112058 0.0
v -1.321108 2.594566 0.0
v -1.023294 3.103067 0.0
v -1.0 3.1 0.0
v -0.93636 3.12636 0.0
v -0.955 3.112058 0.0
v -0.976706 3.103067 0.0
v -1.31 3.5 0.0
v -1.09 3.5 0.0
v -1.09 3.19 0.0
v -0.922058 3.145 0.0
v -0.66364 3.12636 0.0
v -0.913067 3.166706 0.0
v -0.677942 3.145 0.0
v -0.645 3.112058 0.0
v -0.91 3.5 0.0
v -0.69 3.5 0.0
v -0.91 3.19 0.0
v -0.69 3.19 0.0
v -0.686933 3.166706 0.0
v -3.166706 2.686933 0.0
v -3.19 2.69 0.0
v -2.686933 3.166706 0.0
v -3.5 2.69 0.0
v -2.69 3.19 0.0
v -3.5 3.5 0.0
v -2.69 3.5 0.0
v -3.145 2.677942 0.0
v -2.677942 3.145 0.0
v -3.12636 2.66364 0.0
v -2.66364 3.12636 0.0
v -3.112058 2.645 0.0
v -2.245 3.112058 0.0
v -2.536361 3.12636 0.0
v -2.26364 3.12636 0.0
v -2.522058 3.145 0.0
v -2.513067 3.166706 0.0
v -2.576706 3.103067 0.0
v -2.6 3.1 0.0
v -3.103067 2.623294 0.0
v -2.623294 3.103067 0.0
v -2.645 3.112058 0.0
v -2.51 3.19 0.0
v -2.51 3.5 0.0
v -2.29 3.5 0.0
v -2.555 3.112058 0.0
v -2.223294 3.103067 0.0
v -2.2 3.1 0.0
v -2.176706 3.103067 0.0
v -2.155 3.112058 0.0
v -1.776706 3.103067 0.0
v -1.49 3.19 0.0
v -1.486933 3.166706 0.0
v -2.29 3.19 0.0
v -2.286933 3.166706 0.0
v -2.277942 3.145 0.0
v -1.877942 3.145 0.0
v -1.86364 3.12636 0.0
v -2.113067 3.166706 0.0
v -1.445 3.112058 0.0
v -1.423294 3.103067 0.0
v -1.4 3.1 0.0
v -1.477942 3.145 0.0
v -1.46364 3.12636 0.0
v -1.8 3.1 0.0
v -1.755 3.112058 0.0
v -1.73636 3.12636 0.0
v -1.722058 3.145 0.0
v -1.376706 3.103067 0.0
v -1.355 3.112058 0.0
v -1.33636 3.12636 0.0
v -1.077942 3.145 0.0
v -1.321108 3.147292 0.0
v -1.322058 3.145 0.0
v -1.71 3.5 0.0
v -1.49 3.5 0.0
v -1.71 3.19 0.0
v -1.713067 3.166706 0.0
v -2.13636 3.12636 0.0
v -2.122058 3.145 0.0
v -1.823294 3.103067 0.0
v -1.845 3.112058 0.0
v -2.11 3.5 0.0
v -1.89 3.5 0.0
v -2.11 3.19 0.0
v -1.89 3.19 0.0
v -1.886933 3.166706 0.0
v -3.166706 2.113067 0.0
v -3.145 2.122058 0.0
v -1.321108 2.088468 0.0
v -3.12636 2.13636 0.0
v -3.112058 2.155 0.0
v -3.103067 2.576706 0.0
v -3.100715 2.594566 0.0
v -3.1 2.6 0.0
v -3.19 2.11 0.0
v -3.5 2.088468 0.0
v -3.5 2.11 0.0
v -3.103067 2.176706 0.0
v -3.1 2.2 0.0
v -3.103067 2.223294 0.0
v -3.112058 2.245 0.0
v -3.166706 2.286933 0.0
v -3.145 2.277942 0.0
v -3.12636 2.26364 0.0
v -3.145 2.522058 0.0
v -3.12636 2.536361 0.0
v -3.112058 2.555 0.0
v -3.5 2.29 0.0
v -3.5 2.51 0.0
v -3.19 2.29 0.0
v -3.19 2.51 0.0
v -3.166706 2.513067 0.0
v -3.102331 1.81771 0.0
v -3.103067 1.823294 0.0
v -3.112058 1.845 0.0
v -3.12636 1.86364 0.0
v -3.145 1.877942 0.0
v -3.166706 1.886933 0.0
v -3.19 1.89 0.0
v -3.5 1.89 0.0
v -1.321108 1.81771 0.0
v -1.321108 1.55 0.0
v -1.55 1.55 0.0
v -3.145 -0.122058 0.0
v -3.166706 -0.113067 0.0
v -1.55 1.29357 0.0
v -1.322058 -3.145 0.0
v -1.33636 -3.12636 0.0
v -1.321108 -1.55 0.0
v -3.1 -2.2 0.0
v -3.103067 -2.176706 0.0
v -1.55 -1.55 0.0
v -1.355 -3.112058 0.0
v -1.376706 -3.103067 0.0
v -1.4 -3.1 0.0
v -1.776706 -3.103067 0.0
v -1.755 -3.112058 0.0
v -1.73636 -3.12636 0.0
v -1.51708 1.289236 0.0
v -1.55 1.039185 0.0
v -1.486404 1.27653 0.0
v -3.103067 -2.576706 0.0
v -3.19 -2.29 0.0
v -3.166706 -2.286933 0.0
v -3.1 0.2 0.0
v -3.103067 0.223294 0.0
v -3.112058 0.245 0.0
v -3.12636 0.26364 0.0
v -3.103067 0.623294 0.0
v -3.1 0.6 0.0
v -3.103067 0.576706 0.0
v -3.103067 1.423294 0.0
v -3.1 1.4 0.0
v -3.103067 1.376706 0.0
v -1.460061 1.256316 0.0
v -1.439848 1.229974 0.0
v -1.51708 1.043519 0.0
v -1.486404 1.056225 0.0
v -1.427141 1.199297 0.0
v -1.422807 1.166377 0.0
v -1.46364 -3.12636 0.0
v -1.445 -3.112058 0.0
v -1.423294 -3.103067 0.0
v -3.5 -3.5 0.0
v -2.66364 -3.12636 0.0
v -2.677942 -3.145 0.0
v -2.686933 -3.166706 0.0
v -2.69 -3.19 0.0
v -2.69 -3.5 0.0
v -2.555 -3.112058 0.0
v -2.26364 -3.12636 0.0
v -2.536361 -3.12636 0.0
v -2.277942 -3.145 0.0
v -2.286933 -3.166706 0.0
v -3.145 0.122058 0.0
v -3.12636 0.13636 0.0
v -3.112058 0.155 0.0
v -3.103067 0.176706 0.0
v -3.103067 1.023294 0.0
v -3.1 1.0 0.0
v -3.103067 0.976706 0.0
v -3.12636 1.06364 0.0
v -3.12636 1.33636 0.0
v -3.112058 1.045 0.0
v -3.112058 1.355 0.0
v -1.427141 1.133458 0.0
v -1.439848 1.102781 0.0
v -1.460061 1.076439 0.0
v -3.112058 -2.555 0.0
v -3.12636 -2.536361 0.0
v -3.145 -2.522058 0.0
v -1.477942 -3.145 0.0
v -1.713067 -3.166706 0.0
v -1.722058 -3.145 0.0
v -2.113067 -3.166706 0.0
v -2.122058 -3.145 0.0
v -1.823294 -3.103067 0.0
v -1.8 -3.1 0.0
v -2.13636 -3.12636 0.0
v -2.155 -3.112058 0.0
v -2.176706 -3.103067 0.0
v -2.2 -3.1 0.0
v -3.12636 0.53636 0.0
v -3.112058 0.555 0.0
v -3.112058 0.645 0.0
v -3.145 0.922058 0.0
v -3.12636 0.93636 0.0
v -3.112058 0.955 0.0
v -3.12636 0.66364 0.0
v -3.145 0.677942 0.0
v -3.166706 0.686933 0.0
v -3.145 1.077942 0.0
v -3.166706 1.086933 0.0
v -3.145 1.322058 0.0
v -3.103067 1.776706 0.0
v -3.112058 1.755 0.0
v -3.12636 1.73636 0.0
v -3.5 -2.51 0.0
v -3.5 -2.29 0.0
v -3.19 -2.51 0.0
v -3.166706 -2.513067 0.0
v -3.5 -2.69 0.0
v -3.19 -2.69 0.0
v -3.166706 -2.686933 0.0
v -3.145 -2.677942 0.0
v -3.112058 -1.845 0.0
v -3.103067 -1.823294 0.0
v -3.1 -1.8 0.0
v -3.103067 -1.776706 0.0
v -3.112058 -1.755 0.0
v -3.12636 -1.73636 0.0
v -1.49 -3.19 0.0
v -1.49 -3.5 0.0
v -1.71 -3.5 0.0
v -1.845 -3.112058 0.0
v -1.86364 -3.12636 0.0
v -1.877942 -3.145 0.0
v -2.29 -3.19 0.0
v -2.29 -3.5 0.0
v -2.51 -3.5 0.0
v -3.5 -0.11 0.0
v -3.5 0.11 0.0
v -3.19 -0.11 0.0
v -3.19 0.11 0.0
v -3.166706 0.113067 0.0
v -3.145 0.277942 0.0
v -3.166706 0.513067 0.0
v -3.145 0.522058 0.0
v -3.12636 -2.13636 0.0
v -3.145 -2.122058 0.0
v -3.145 -1.877942 0.0
v -3.166706 -2.113067 0.0
v -1.486933 -3.166706 0.0
v -1.71 -3.19 0.0
v -1.89 -3.19 0.0
v -1.89 -3.5 0.0
v -2.11 -3.5 0.0
v -2.223294 -3.103067 0.0
v -2.245 -3.112058 0.0
v -3.12636 -2.66364 0.0
v -2.645 -3.112058 0.0
v -2.51 -3.19 0.0
v -2.513067 -3.166706 0.0
v -2.522058 -3.145 0.0
v -3.19 0.29 0.0
v -3.5 0.29 0.0
v -3.5 0.51 0.0
v -3.5 0.69 0.0
v -3.5 0.91 0.0
v -3.19 0.69 0.0
v -3.19 0.91 0.0
v -3.166706 0.913067 0.0
v -3.112058 -2.645 0.0
v -3.103067 -2.623294 0.0
v -3.1 -2.6 0.0
v -3.12636 -1.86364 0.0
v -3.112058 -2.155 0.0
v -3.112058 -1.445 0.0
v -3.103067 -1.423294 0.0
v -3.1 -1.4 0.0
v -3.112058 -1.045 0.0
v -3.103067 -1.023294 0.0
v -3.1 -1.0 0.0
v -1.886933 -3.166706 0.0
v -2.11 -3.19 0.0
v -2.576706 -3.103067 0.0
v -2.6 -3.1 0.0
v -2.623294 -3.103067 0.0
v -3.166706 0.286933 0.0
v -3.19 0.51 0.0
v -3.5 1.09 0.0
v -3.5 1.31 0.0
v -3.19 1.09 0.0
v -3.19 1.31 0.0
v -3.166706 1.313067 0.0
v -3.112058 1.445 0.0
v -3.12636 1.46364 0.0
v -3.145 1.477942 0.0
v -3.166706 1.486933 0.0
v -3.145 -2.277942 0.0
v -3.12636 -2.26364 0.0
v -3.112058 -2.245 0.0
v -3.103067 -2.223294 0.0
v -3.145 -1.322058 0.0
v -3.166706 -1.086933 0.0
v -3.12636 -1.33636 0.0
v -3.145 -1.077942 0.0
v -3.19 1.49 0.0
v -3.5 1.49 0.0
v -3.5 1.71 0.0
v -3.145 -1.722058 0.0
v -3.166706 -1.486933 0.0
v -3.145 -1.477942 0.0
v -3.12636 -1.46364 0.0
v -3.103067 -1.376706 0.0
v -3.112058 -1.355 0.0
v -3.12636 -1.06364 0.0
v -3.145 -0.677942 0.0
v -3.12636 -0.66364 0.0
v -3.166706 -0.913067 0.0
v -3.112058 -0.645 0.0
v -3.145 -0.922058 0.0
v -3.103067 -0.576706 0.0
v -3.1 -0.6 0.0
v -3.103067 -0.623294 0.0
v -3.1 -0.2 0.0
v -3.103067 -0.176706 0.0
v -3.112058 -0.155 0.0
v -3.12636 -0.13636 0.0
v -3.19 1.71 0.0
v -3.166706 1.713067 0.0
v -3.145 1.722058 0.0
v -3.5 -2.11 0.0
v -3.5 -1.89 0.0
v -3.19 -2.11 0.0
v -3.19 -1.89 0.0
v -3.166706 -1.886933 0.0
v -3.19 -1.71 0.0
v -3.5 -1.71 0.0
v -3.5 -1.49 0.0
v -3.103067 -0.976706 0.0
v -3.112058 -0.955 0.0
v -3.12636 -0.93636 0.0
v -3.166706 -1.713067 0.0
v -3.19 -1.49 0.0
v -3.19 -1.31 0.0
v -3.5 -1.31 0.0
v -3.5 -1.09 0.0
v -3.112058 -0.555 0.0
v -3.12636 -0.26364 0.0
v -3.112058 -0.245 0.0
v -3.103067 -0.223294 0.0
v -3.12636 -0.53636 0.0
v -3.145 -0.522058 0.0
v -3.166706 -0.513067 0.0
v -3.166706 -1.313067 0.0
v -3.19 -1.09 0.0
v -3.5 -0.91 0.0
v -3.5 -0.69 0.0
v -3.19 -0.91 0.0
v -3.19 -0.69 0.0
v -3.166706 -0.686933 0.0
v -3.19 -0.51 0.0
v -3.5 -0.51 0.0
v -3.5 -0.29 0.0
v -3.19 -0.29 0.0
v -3.166706 -0.286933 0.0
v -3.145 -0.277942 0.0
v -0.645 -3.112058 0.0
v -0.66364 -3.12636 0.0
v -0.976706 -3.103067 0.0
v -1.0 -3.1 0.0
v -1.023294 -3.103067 0.0
v -1.045 -3.112058 0.0
v -1.06364 -3.12636 0.0
v -1.313067 -3.166706 0.0
v -1.321108 -3.147292 0.0
v -0.677942 -3.145 0.0
v -0.93636 -3.12636 0.0
v -0.686933 -3.166706 0.0
v -0.922058 -3.145 0.0
v -0.955 -3.112058 0.0
v -1.09 -3.5 0.0
v -1.31 -3.5 0.0
v -1.09 -3.19 0.0
v -1.31 -3.19 0.0
v -1.086933 -3.166706 0.0
v -1.077942 -3.145 0.0
v -0.69 -3.5 0.0
v -0.91 -3.5 0.0
v -0.69 -3.19 0.0
v -0.91 -3.19 0.0
v -0.913067 -3.166706 0.0
v -0.622704 -1.55 0.0
v -0.153192 -1.55 0.0
v -0.576706 -3.103067 0.0
v -0.155 -3.112058 0.0
v -0.176706 -3.103067 0.0
v -0.2 -3.1 0.0
v -0.6 -3.1 0.0
v -0.622704 -3.102989 0.0
v -0.623294 -3.103067 0.0
v -0.223294 -3.103067 0.0
v -0.245 -3.112058 0.0
v -0.26364 -3.12636 0.0
v -0.555 -3.112058 0.0
v -0.53636 -3.12636 0.0
v -0.277942 -3.145 0.0
v -0.513067 -3.166706 0.0
v -0.522058 -3.145 0.0
v -0.29 -3.19 0.0
v -0.29 -3.5 0.0
v -0.51 -3.5 0.0
v -0.286933 -3.166706 0.0
v -0.51 -3.19 0.0
v 0.155 -3.112058 0.0
v 0.13636 -3.12636 0.0
v 0.223294 -3.103067 0.0
v 0.212662 -3.101667 0.0
v 0.212662 -1.55 0.0
v 0.2 -3.1 0.0
v 0.176706 -3.103067 0.0
v -0.13636 -3.12636 0.0
v -0.153192 -3.113445 0.0
v 0.122058 -3.145 0.0
v -0.113067 -3.166706 0.0
v -0.122058 -3.145 0.0
v 0.11 -3.19 0.0
v 0.11 -3.5 0.0
v -0.11 -3.5 0.0
v 0.113067 -3.166706 0.0
v -0.11 -3.19 0.0
v 0.53636 -3.12636 0.0
v 0.555 -3.112058 0.0
v 0.576706 -3.103067 0.0
v 0.6 -3.1 0.0
v 0.654735 -1.55 0.0
v 0.623294 -3.103067 0.0
v 0.522058 -3.145 0.0
v 0.26364 -3.12636 0.0
v 0.513067 -3.166706 0.0
v 0.277942 -3.145 0.0
v 0.245 -3.112058 0.0
v 0.51 -3.5 0.0
v 0.29 -3.5 0.0
v 0.51 -3.19 0.0
v 0.29 -3.19 0.0
v 0.286933 -3.166706 0.0
v 0.66364 -3.12636 0.0
v 0.654735 -3.119528 0.0
v 0.645 -3.112058 0.0
v 3.12636 0.66364 0.0
v 3.112058 0.645 0.0
v 3.145 0.922058 0.0
v 2.686933 -3.166706 0.0
v 3.5 -3.5 0.0
v 2.69 -3.19 0.0
v 2.69 -3.5 0.0
v 2.677942 -3.145 0.0
v 2.66364 -3.12636 0.0
v 1.55 -1.55 0.0
v 2.645 -3.112058 0.0
v 2.623294 -3.103067 0.0
v 2.6 -3.1 0.0
v 2.513067 -3.166706 0.0
v 2.26364 -3.12636 0.0
v 2.522058 -3.145 0.0
v 2.536361 -3.12636 0.0
v 2.245 -3.112058 0.0
v 2.223294 -3.103067 0.0
v 3.1 1.8 0.0
v 3.103067 1.776706 0.0
v 1.55 1.55 0.0
v 2.51 -3.19 0.0
v 2.51 -3.5 0.0
v 2.29 -3.5 0.0
v 2.555 -3.112058 0.0
v 2.576706 -3.103067 0.0
v 2.2 -3.1 0.0
v 2.176706 -3.103067 0.0
v 2.155 -3.112058 0.0
v 1.776706 -3.103067 0.0
v 1.49 -3.19 0.0
v 1.486933 -3.166706 0.0
v 3.103067 0.623294 0.0
v 3.1 0.6 0.0
v 3.103067 0.576706 0.0
v 3.112058 0.555 0.0
v 2.29 -3.19 0.0
v 2.286933 -3.166706 0.0
v 2.277942 -3.145 0.0
v 1.376706 -3.103067 0.0
v 1.09 -3.19 0.0
v 1.086933 -3.166706 0.0
v 1.0 -3.1 0.0
v 0.976706 -3.103067 0.0
v 3.103067 0.176706 0.0
v 3.112058 0.155 0.0
v 3.12636 0.13636 0.0
v 3.145 0.122058 0.0
v 3.103067 -0.223294 0.0
v 3.1 -0.2 0.0
v 3.103067 -0.176706 0.0
v 3.112058 -0.245 0.0
v 3.12636 -0.26364 0.0
v 3.145 -0.277942 0.0
v 3.166706 -2.113067 0.0
v 3.145 -2.122058 0.0
v 3.12636 -1.86364 0.0
v 3.166706 -1.086933 0.0
v 3.145 -1.322058 0.0
v 3.145 -1.077942 0.0
v 3.12636 -1.33636 0.0
v 1.477942 -3.145 0.0
v 1.46364 -3.12636 0.0
v 1.8 -3.1 0.0
v 1.755 -3.112058 0.0
v 1.73636 -3.12636 0.0
v 1.722058 -3.145 0.0
v 1.877942 -3.145 0.0
v 1.86364 -3.12636 0.0
v 2.113067 -3.166706 0.0
v 3.12636 1.73636 0.0
v 3.12636 1.46364 0.0
v 3.112058 1.755 0.0
v 3.145 1.722058 0.0
v 3.166706 1.713067 0.0
v 3.145 1.477942 0.0
v 3.5 0.91 0.0
v 3.5 0.69 0.0
v 3.19 0.91 0.0
v 3.19 0.69 0.0
v 3.166706 0.913067 0.0
v 3.166706 0.686933 0.0
v 3.145 0.677942 0.0
v 3.5 0.51 0.0
v 3.5 0.29 0.0
v 3.19 0.51 0.0
v 3.19 0.29 0.0
v 3.166706 0.513067 0.0
v 3.166706 0.286933 0.0
v 3.145 0.277942 0.0
v 3.12636 0.26364 0.0
v 3.112058 -0.155 0.0
v 3.12636 -0.13636 0.0
v 1.71 -3.5 0.0
v 1.49 -3.5 0.0
v 1.71 -3.19 0.0
v 1.713067 -3.166706 0.0
v 1.355 -3.112058 0.0
v 1.33636 -3.12636 0.0
v 1.322058 -3.145 0.0
v 0.677942 -3.145 0.0
v 0.913067 -3.166706 0.0
v 3.1 1.0 0.0
v 3.103067 0.976706 0.0
v 3.112058 0.955 0.0
v 3.12636 0.93636 0.0
v 3.12636 0.53636 0.0
v 3.145 0.522058 0.0
v 3.5 0.11 0.0
v 3.5 -0.11 0.0
v 3.19 0.11 0.0
v 3.19 -0.11 0.0
v 3.166706 0.113067 0.0
v 3.166706 -0.113067 0.0
v 3.145 -0.122058 0.0
v 3.5 -2.69 0.0
v 3.19 -2.69 0.0
v 3.166706 -2.686933 0.0
v 1.31 -3.5 0.0
v 1.09 -3.5 0.0
v 1.31 -3.19 0.0
v 1.313067 -3.166706 0.0
v 1.445 -3.112058 0.0
v 1.423294 -3.103067 0.0
v 1.4 -3.1 0.0
v 3.5 1.71 0.0
v 3.5 1.49 0.0
v 3.19 1.71 0.0
v 3.19 1.49 0.0
v 3.166706 1.486933 0.0
v 3.103067 1.423294 0.0
v 3.1 1.4 0.0
v 3.103067 1.376706 0.0
v 3.112058 1.355 0.0
v 3.12636 1.33636 0.0
v 3.103067 1.023294 0.0
v 3.145 1.322058 0.0
v 3.112058 1.045 0.0
v 3.12636 1.06364 0.0
v 3.5 1.31 0.0
v 3.5 1.09 0.0
v 3.19 1.31 0.0
v 3.19 1.09 0.0
v 3.166706 1.313067 0.0
v 3.166706 1.086933 0.0
v 3.145 1.077942 0.0
v 3.112058 0.245 0.0
v 3.103067 0.223294 0.0
v 3.1 0.2 0.0
v 3.1 -2.6 0.0
v 3.103067 -2.623294 0.0
v 3.5 -1.09 0.0
v 3.5 -1.31 0.0
v 3.19 -1.09 0.0
v 3.19 -1.31 0.0
v 3.166706 -1.313067 0.0
v 1.077942 -3.145 0.0
v 1.06364 -3.12636 0.0
v 1.045 -3.112058 0.0
v 1.023294 -3.103067 0.0
v 0.955 -3.112058 0.0
v 0.93636 -3.12636 0.0
v 0.922058 -3.145 0.0
v 3.112058 1.445 0.0
v 3.145 -1.722058 0.0
v 3.12636 -1.73636 0.0
v 3.166706 -1.486933 0.0
v 3.112058 -1.755 0.0
v 3.103067 -1.776706 0.0
v 3.112058 -2.155 0.0
v 3.103067 -2.176706 0.0
v 3.1 -2.2 0.0
v 3.112058 -2.645 0.0
v 3.12636 -2.66364 0.0
v 3.145 -2.677942 0.0
v 2.13636 -3.12636 0.0
v 2.122058 -3.145 0.0
v 2.11 -3.5 0.0
v 1.89 -3.5 0.0
v 2.11 -3.19 0.0
v 1.89 -3.19 0.0
v 1.886933 -3.166706 0.0
v 3.103067 -1.423294 0.0
v 3.112058 -1.445 0.0
v 3.5 -1.89 0.0
v 3.5 -2.11 0.0
v 3.19 -1.89 0.0
v 3.19 -2.11 0.0
v 3.166706 -1.886933 0.0
v 3.145 -1.877942 0.0
v 1.823294 -3.103067 0.0
v 1.845 -3.112058 0.0
v 3.5 -1.49 0.0
v 3.5 -1.71 0.0
v 3.19 -1.49 0.0
v 3.19 -1.71 0.0
v 3.166706 -1.713067 0.0
v 3.5 -0.69 0.0
v 3.5 -0.91 0.0
v 3.19 -0.69 0.0
v 3.19 -0.91 0.0
v 3.166706 -0.686933 0.0
v 3.166706 -0.913067 0.0
v 3.145 -0.677942 0.0
v 3.145 -0.922058 0.0
v 3.12636 -0.93636 0.0
v 3.103067 -2.223294 0.0
v 3.112058 -2.245 0.0
v 3.12636 -2.26364 0.0
v 3.103067 -2.576706 0.0
v 3.145 -2.277942 0.0
v 3.112058 -2.555 0.0
v 3.12636 -2.536361 0.0
v 3.5 -2.29 0.0
v 3.5 -2.51 0.0
v 3.19 -2.29 0.0
v 3.19 -2.51 0.0
v 3.166706 -2.286933 0.0
v 3.166706 -2.513067 0.0
v 3.145 -2.522058 0.0
v 0.91 -3.5 0.0
v 0.69 -3.5 0.0
v 0.91 -3.19 0.0
v 0.69 -3.19 0.0
v 0.686933 -3.166706 0.0
v 3.19 -0.29 0.0
v 3.5 -0.29 0.0
v 3.5 -0.51 0.0
v 3.103067 -0.623294 0.0
v 3.1 -0.6 0.0
v 3.103067 -0.576706 0.0
v 3.166706 -0.286933 0.0
v 3.166706 -0.513067 0.0
v 3.19 -0.51 0.0
v 3.12636 -2.13636 0.0
v 3.112058 -1.845 0.0
v 3.103067 -1.823294 0.0
v 3.1 -1.8 0.0
v 3.145 -0.522058 0.0
v 3.12636 -0.53636 0.0
v 3.112058 -0.555 0.0
v 3.103067 -1.023294 0.0
v 3.112058 -1.045 0.0
v 3.12636 -1.06364 0.0
v 3.12636 -1.46364 0.0
v 3.145 -1.477942 0.0
v 3.112058 -0.645 0.0
v 3.12636 -0.66364 0.0
v 3.112058 -1.355 0.0
v 3.103067 -1.376706 0.0
v 3.1 -1.4 0.0
v 3.112058 -0.955 0.0
v 3.103067 -0.976706 0.0
v 3.1 -1.0 0.0
v 3.102331 1.81771 0.0
v 0.654735 1.81771 0.0
v 3.103067 1.823294 0.0
v 3.112058 1.845 0.0
v 3.12636 1.86364 0.0
v 3.5 1.89 0.0
v 3.19 1.89 0.0
v 3.166706 1.886933 0.0
v 3.145 1.877942 0.0
v -0.622704 1.55 0.0
v -0.622704 1.81771 0.0
v -0.153192 1.55 0.0
v -0.153192 1.81771 0.0
v 0.212662 1.55 0.0
v 0.212662 1.81771 0.0
v 0.654735 1.55 0.0
v 0.261442 2.117432 0.0
v 0.212662 2.088468 0.0
v 0.261442 2.17231 0.0
v 0.31925 2.593484 0.0
v 0.261442 2.577797 0.0
v 0.261442 2.510724 0.0
v 0.317762 2.534841 0.0
v 0.270403 2.167346 0.0
v 0.378534 2.542737 0.0
v 0.427769 2.537207 0.0
v 0.465193 2.523701 0.0
v 0.4998 2.500549 0.0
v 0.529994 2.467216 0.0
v 0.56632 2.336182 0.0
v 0.561257 2.282054 0.0
v 0.547673 2.239047 0.0
v 0.436413 2.145529 0.0
v 0.389777 2.140298 0.0
v 0.472845 2.158941 0.0
v 0.503531 2.179624 0.0
v 0.526994 2.204377 0.0
v 0.323406 2.147664 0.0
v 0.550607 2.428611 0.0
v 0.563935 2.375085 0.0
v 0.509098 2.10849 0.0
v 0.549318 2.134172 0.0
v 0.577699 2.506571 0.0
v 0.532558 2.549984 0.0
v 0.485066 2.577322 0.0
v 0.633393 2.332085 0.0
v 0.626201 2.40317 0.0
v 0.607005 2.459824 0.0
v 0.429326 2.593515 0.0
v 0.586874 2.173711 0.0
v 0.61351 2.221254 0.0
v 0.628558 2.274179 0.0
v 0.865101 2.146395 0.0
v 0.314739 2.095548 0.0
v 0.365263 2.088468 0.0
v 0.385347 2.085654 0.0
v 0.399018 2.08542 0.0
v 0.428422 2.088468 0.0
v 0.460636 2.091809 0.0
v -3.1 1.8 0.0
v -0.622704 2.088468 0.0
v -0.153192 2.088468 0.0
v -0.092216 2.591517 0.0
v 0.163881 2.091517 0.0
v 0.163881 2.591517 0.0
v -0.092216 2.536639 0.0
v -0.104411 2.146395 0.0
v -0.104411 2.091517 0.0
v 0.096808 2.317127 0.0
v 0.096808 2.146395 0.0
v -0.080021 2.317127 0.0
v -0.080021 2.372005 0.0
v 0.096808 2.372005 0.0
v 0.096808 2.536639 0.0
v -0.579444 2.228556 0.0
v -0.550771 2.183834 0.0
v -0.509616 2.144429 0.0
v -0.457409 2.11409 0.0
v -0.343074 2.591517 0.0
v -0.41531 2.583796 0.0
v -0.473811 2.563253 0.0
v -0.528231 2.526782 0.0
v -0.528754 2.526323 0.0
v -0.564112 2.487117 0.0
v -0.587349 2.444116 0.0
v -0.399795 2.096917 0.0
v -0.337929 2.091517 0.0
v -0.201972 2.091517 0.0
v -0.201972 2.591517 0.0
v -0.600778 2.394853 0.0
v -0.604411 2.347805 0.0
v -0.597395 2.280891 0.0
v -0.968455 2.231761 0.0
v -0.7619 2.231761 0.0
v -1.019046 2.091517 0.0
v -0.714168 2.091517 0.0
v -1.092216 2.091517 0.0
v -0.640997 2.091517 0.0
v -0.830021 2.591517 0.0
v -0.897094 2.591517 0.0
v 3.237732 3.5 0.07809
v 3.237732 3.5 0.17809
v 3.5 3.5 0.85
v 2.937732 3.5 0.17809
v -3.5 3.5 0.85
v 0.11 3.5 0.003
v -0.11 3.5 0.003
v 0.16359 3.5 0.203
v 2.11 3.5 0.003
v 1.89 3.5 0.003
v 2.16359 3.5 0.203
v -0.29 3.5 0.003
v -0.51 3.5 0.003
v -0.23641 3.5 0.203
v -0.56359 3.5 0.203
v -0.63641 3.5 0.203
v 2.51 3.5 0.003
v 2.56359 3.5 0.203
v 1.43641 3.5 0.203
v 1.36359 3.5 0.203
v -1.03641 3.5 0.203
v -0.96359 3.5 0.203
v -0.91 3.5 0.003
v -0.69 3.5 0.003
v -1.76359 3.5 0.203
v -1.83641 3.5 0.203
v 1.71 3.5 0.003
v 1.49 3.5 0.003
v 1.76359 3.5 0.203
v -1.49 3.5 0.003
v -1.71 3.5 0.003
v -1.43641 3.5 0.203
v -1.36359 3.5 0.203
v -1.31 3.5 0.003
v -1.09 3.5 0.003
v 1.83641 3.5 0.203
v 2.937732 3.5 0.07809
v 2.69 3.5 0.003
v 2.63641 3.5 0.203
v 2.29 3.5 0.003
v 2.23641 3.5 0.203
v 1.31 3.5 0.003
v 1.09 3.5 0.003
v 1.03641 3.5 0.203
v 0.96359 3.5 0.203
v -2.56359 3.5 0.203
v -2.63641 3.5 0.203
v 0.91 3.5 0.003
v 0.69 3.5 0.003
v 0.63641 3.5 0.203
v 0.56359 3.5 0.203
v -0.16359 3.5 0.203
v -2.29 3.5 0.003
v -2.51 3.5 0.003
v -2.23641 3.5 0.203
v -2.16359 3.5 0.203
v -2.11 3.5 0.003
v -1.89 3.5 0.003
v -2.69 3.5 0.003
v -2.937732 3.5 0.07809
v -3.237732 3.5 0.07809
v -3.237732 3.5 0.17809
v -2.937732 3.5 0.17809
v 0.51 3.5 0.003
v 0.29 3.5 0.003
v 0.23641 3.5 0.203
v -3.5 3.237732 0.07809
v -3.5 3.237732 0.17809
v -3.5 2.937732 0.17809
v -3.5 -3.5 0.85
v -3.5 0.11 0.003
v -3.5 -0.11 0.003
v -3.5 0.16359 0.203
v -3.5 2.11 0.003
v -3.5 1.89 0.003
v -3.5 2.16359 0.203
v -3.5 -0.29 0.003
v -3.5 -0.51 0.003
v -3.5 -0.23641 0.203
v -3.5 2.51 0.003
v -3.5 2.56359 0.203
v -3.5 1.43641 0.203
v -3.5 1.36359 0.203
v -3.5 -0.56359 0.203
v -3.5 -0.63641 0.203
v -3.5 1.71 0.003
v -3.5 1.49 0.003
v -3.5 1.76359 0.203
v -3.5 -1.03641 0.203
v -3.5 -0.96359 0.203
v -3.5 -0.91 0.003
v -3.5 -0.69 0.003
v -3.5 -1.76359 0.203
v -3.5 -1.83641 0.203
v -3.5 1.83641 0.203
v -3.5 -1.49 0.003
v -3.5 -1.71 0.003
v -3.5 -1.43641 0.203
v -3.5 -1.36359 0.203
v -3.5 -1.31 0.003
v -3.5 -1.09 0.003
v -3.5 2.937732 0.07809
v -3.5 2.69 0.003
v -3.5 2.63641 0.203
v -3.5 2.29 0.003
v -3.5 2.23641 0.203
v -3.5 1.31 0.003
v -3.5 1.09 0.003
v -3.5 1.03641 0.203
v -3.5 0.96359 0.203
v -3.5 0.91 0.003
v -3.5 0.69 0.003
v -3.5 0.63641 0.203
v -3.5 0.56359 0.203
v -3.5 -0.16359 0.203
v -3.5 0.51 0.003
v -3.5 0.29 0.003
v -3.5 0.23641 0.203
v -3.5 -2.56359 0.203
v -3.5 -2.63641 0.203
v -3.5 -2.29 0.003
v -3.5 -2.51 0.003
v -3.5 -2.23641 0.203
v -3.5 -2.16359 0.203
v -3.5 -2.11 0.003
v -3.5 -1.89 0.003
v -3.5 -2.69 0.003
v -3.5 -2.937732 0.07809
v -3.5 -3.237732 0.07809
v -3.5 -3.237732 0.17809
v -3.5 -2.937732 0.17809
v -3.237732 -3.5 0.07809
v -3.237732 -3.5 0.17809
v -2.937732 -3.5 0.17809
v 3.5 -3.5 0.85
v -0.11 -3.5 0.003
v 0.11 -3.5 0.003
v -0.16359 -3.5 0.203
v -2.11 -3.5 0.003
v -1.89 -3.5 0.003
v -2.16359 -3.5 0.203
v 0.29 -3.5 0.003
v 0.51 -3.5 0.003
v 0.23641 -3.5 0.203
v -2.51 -3.5 0.003
v -2.56359 -3.5 0.203
v -1.43641 -3.5 0.203
v -1.36359 -3.5 0.203
v 0.56359 -3.5 0.203
v 0.63641 -3.5 0.203
v -1.71 -3.5 0.003
v -1.49 -3.5 0.003
v -1.76359 -3.5 0.203
v 1.03641 -3.5 0.203
v 0.96359 -3.5 0.203
v 0.91 -3.5 0.003
v 0.69 -3.5 0.003
v 1.76359 -3.5 0.203
v 1.83641 -3.5 0.203
v -1.83641 -3.5 0.203
v 1.49 -3.5 0.003
v 1.71 -3.5 0.003
v 1.43641 -3.5 0.203
v 1.36359 -3.5 0.203
v 1.31 -3.5 0.003
v 1.09 -3.5 0.003
v -2.937732 -3.5 0.07809
v -2.69 -3.5 0.003
v -2.63641 -3.5 0.203
v -2.29 -3.5 0.003
v -2.23641 -3.5 0.203
v -1.31 -3.5 0.003
v -1.09 -3.5 0.003
v -1.03641 -3.5 0.203
v -0.96359 -3.5 0.203
v -0.91 -3.5 0.003
v -0.69 -3.5 0.003
v -0.63641 -3.5 0.203
v -0.56359 -3.5 0.203
v 0.16359 -3.5 0.203
v -0.51 -3.5 0.003
v -0.29 -3.5 0.003
v -0.23641 -3.5 0.203
v 2.56359 -3.5 0.203
v 2.63641 -3.5 0.203
v 2.29 -3.5 0.003
v 2.51 -3.5 0.003
v 2.23641 -3.5 0.203
v 2.16359 -3.5 0.203
v 2.11 -3.5 0.003
v 1.89 -3.5 0.003
v 2.69 -3.5 0.003
v 2.937732 -3.5 0.07809
v 3.237732 -3.5 0.07809
v 3.237732 -3.5 0.17809
v 2.937732 -3.5 0.17809
v 3.5 -0.63641 0.203
v 3.5 -0.56359 0.203
v 3.5 -0.11 0.003
v 3.5 0.11 0.003
v 3.5 -0.16359 0.203
v 3.5 0.16359 0.203
v 3.5 0.23641 0.203
v 3.5 0.29 0.003
v 3.5 0.51 0.003
v 3.5 0.56359 0.203
v 3.5 0.63641 0.203
v 3.5 -3.237732 0.07809
v 3.5 -3.237732 0.17809
v 3.5 -2.937732 0.17809
v 3.5 -2.937732 0.07809
v 3.5 -2.69 0.003
v 3.5 -2.63641 0.203
v 3.5 -2.56359 0.203
v 3.5 -2.11 0.003
v 3.5 -1.89 0.003
v 3.5 -2.16359 0.203
v 3.5 -1.83641 0.203
v 3.5 -1.76359 0.203
v 3.5 -0.91 0.003
v 3.5 -0.69 0.003
v 3.5 -0.96359 0.203
v 3.5 -0.51 0.003
v 3.5 -0.29 0.003
v 3.5 -0.23641 0.203
v 3.5 -2.51 0.003
v 3.5 -2.29 0.003
v 3.5 -2.23641 0.203
v 3.5 -1.71 0.003
v 3.5 -1.49 0.003
v 3.5 -1.43641 0.203
v 3.5 -1.36359 0.203
v 3.5 2.937732 0.07809
v 3.5 2.937732 0.17809
v 3.5 2.63641 0.203
v 3.5 2.29 0.003
v 3.5 2.51 0.003
v 3.5 2.23641 0.203
v 3.5 -1.31 0.003
v 3.5 -1.09 0.003
v 3.5 -1.03641 0.203
v 3.5 0.69 0.003
v 3.5 0.91 0.003
v 3.5 0.96359 0.203
v 3.5 1.03641 0.203
v 3.5 1.09 0.003
v 3.5 1.31 0.003
v 3.5 1.36359 0.203
v 3.5 1.43641 0.203
v 3.5 1.49 0.003
v 3.5 1.71 0.003
v 3.5 1.76359 0.203
v 3.5 1.83641 0.203
v 3.5 2.69 0.003
v 3.5 3.237732 0.07809
v 3.5 3.237732 0.17809
v 3.5 2.56359 0.203
v 3.5 1.89 0.003
v 3.5 2.11 0.003
v 3.5 2.16359 0.203
v -2.969343 2.53284 0.85
v -2.954995 2.56748 0.85
v -2.950101 2.604653 0.85
v -2.992168 2.503094 0.85
v -3.021913 2.48027 0.85
v -3.056553 2.465921 0.85
v -3.093726 2.461027 0.85
v -3.130899 2.465921 0.85
v -3.165539 2.48027 0.85
v -3.195284 2.503094 0.85
v -3.232457 2.641826 0.85
v -3.218109 2.676465 0.85
v -3.218109 2.53284 0.85
v -3.232457 2.56748 0.85
v -3.237351 2.604653 0.85
v -3.195284 2.706211 0.85
v -3.165539 2.729036 0.85
v -3.130899 2.743384 0.85
v -2.992168 2.706211 0.85
v -2.969343 2.676465 0.85
v -2.954995 2.641826 0.85
v -3.093726 2.748278 0.85
v -3.056553 2.743384 0.85
v -3.021913 2.729036 0.85
v -2.950101 2.604653 0.849
v -2.954995 2.641826 0.849
newmtl 2
Ka 0.0 0.0 0.0
Kd 0.0 0.0 0.0
Ks 0.0 0.0 0.0
d 0.0
endmtl
v -2.969343 2.676465 0.849
v -2.992168 2.706211 0.849
v -3.021913 2.729036 0.849
v -3.056553 2.743384 0.849
v -3.093726 2.748278 0.849
v -3.130899 2.743384 0.849
v -3.165539 2.729036 0.849
v -3.195284 2.706211 0.849
v -3.218109 2.676465 0.849
v -3.232457 2.641826 0.849
v -3.237351 2.604653 0.849
v -3.232457 2.56748 0.849
v -3.218109 2.53284 0.849
v -3.195284 2.503094 0.849
v -3.165539 2.48027 0.849
v -3.130899 2.465921 0.849
v -3.093726 2.461027 0.849
v -3.056553 2.465921 0.849
v -3.021913 2.48027 0.849
v -2.992168 2.503094 0.849
v -2.969343 2.53284 0.849
v -2.954995 2.56748 0.849
v -3.093726 2.604653 0.849
v -0.16359 3.51 0.203
v -0.23641 3.51 0.203
newmtl 3
Ka 1.0 1.0 0.0
Kd 1.0 1.0 0.0
Ks 0.5019607843137255 0.5019607843137255 0.0
d 0.0
endmtl
v -0.11 3.19 -0.02
newmtl 4
Ka 1.0 1.0 1.0
Kd 1.0 1.0 1.0
Ks 0.5019607843137255 0.5019607843137255 0.5019607843137255
d 0.0
endmtl
v -0.11 3.51 -0.02
v -0.11 3.51 0.003
v -0.29 3.51 0.003
v -0.29 3.51 -0.02
v -0.29 3.19 -0.02
v -0.286933 3.166706 -0.02
v -0.277942 3.145 -0.02
v -0.26364 3.12636 -0.02
v -0.245 3.112058 -0.02
v -0.223294 3.103067 -0.02
v -0.2 3.1 -0.02
v -0.176706 3.103067 -0.02
v -0.155 3.112058 -0.02
v -0.13636 3.12636 -0.02
v -0.122058 3.145 -0.02
v -0.113067 3.166706 -0.02
v 0.23641 3.51 0.203
v 0.16359 3.51 0.203
v 0.29 3.19 -0.02
v 0.29 3.51 -0.02
v 0.29 3.51 0.003
v 0.11 3.51 0.003
v 0.11 3.51 -0.02
v 0.11 3.19 -0.02
v 0.113067 3.166706 -0.02
v 0.122058 3.145 -0.02
v 0.13636 3.12636 -0.02
v 0.155 3.112058 -0.02
v 0.176706 3.103067 -0.02
v 0.2 3.1 -0.02
v 0.223294 3.103067 -0.02
v 0.245 3.112058 -0.02
v 0.26364 3.12636 -0.02
v 0.277942 3.145 -0.02
v 0.286933 3.166706 -0.02
v 0.63641 3.51 0.203
v 0.56359 3.51 0.203
v 0.69 3.19 -0.02
v 0.69 3.51 -0.02
v 0.69 3.51 0.003
v 0.51 3.51 0.003
v 0.51 3.51 -0.02
v 0.51 3.19 -0.02
v 0.513067 3.166706 -0.02
v 0.522058 3.145 -0.02
v 0.53636 3.12636 -0.02
v 0.555 3.112058 -0.02
v 0.576706 3.103067 -0.02
v 0.6 3.1 -0.02
v 0.623294 3.103067 -0.02
v 0.645 3.112058 -0.02
v 0.66364 3.12636 -0.02
v 0.677942 3.145 -0.02
v 0.686933 3.166706 -0.02
v 1.03641 3.51 0.203
v 0.96359 3.51 0.203
v 1.09 3.19 -0.02
v 1.09 3.51 -0.02
v 1.09 3.51 0.003
v 0.91 3.51 0.003
v 0.91 3.51 -0.02
v 0.91 3.19 -0.02
v 0.913067 3.166706 -0.02
v 0.922058 3.145 -0.02
v 0.93636 3.12636 -0.02
v 0.955 3.112058 -0.02
v 0.976706 3.103067 -0.02
v 1.0 3.1 -0.02
v 1.023294 3.103067 -0.02
v 1.045 3.112058 -0.02
v 1.06364 3.12636 -0.02
v 1.077942 3.145 -0.02
v 1.086933 3.166706 -0.02
v 1.43641 3.51 0.203
v 1.36359 3.51 0.203
v 1.49 3.19 -0.02
v 1.49 3.51 -0.02
v 1.49 3.51 0.003
v 1.31 3.51 0.003
v 1.31 3.51 -0.02
v 1.31 3.19 -0.02
v 1.313067 3.166706 -0.02
v 1.322058 3.145 -0.02
v 1.33636 3.12636 -0.02
v 1.355 3.112058 -0.02
v 1.376706 3.103067 -0.02
v 1.4 3.1 -0.02
v 1.423294 3.103067 -0.02
v 1.445 3.112058 -0.02
v 1.46364 3.12636 -0.02
v 1.477942 3.145 -0.02
v 1.486933 3.166706 -0.02
v 1.83641 3.51 0.203
v 1.76359 3.51 0.203
v 1.89 3.19 -0.02
v 1.89 3.51 -0.02
v 1.89 3.51 0.003
v 1.71 3.51 0.003
v 1.71 3.51 -0.02
v 1.71 3.19 -0.02
v 1.713067 3.166706 -0.02
v 1.722058 3.145 -0.02
v 1.73636 3.12636 -0.02
v 1.755 3.112058 -0.02
v 1.776706 3.103067 -0.02
v 1.8 3.1 -0.02
v 1.823294 3.103067 -0.02
v 1.845 3.112058 -0.02
v 1.86364 3.12636 -0.02
v 1.877942 3.145 -0.02
v 1.886933 3.166706 -0.02
v 2.23641 3.51 0.203
v 2.16359 3.51 0.203
v 2.29 3.19 -0.02
v 2.29 3.51 -0.02
v 2.29 3.51 0.003
v 2.11 3.51 0.003
v 2.11 3.51 -0.02
v 2.11 3.19 -0.02
v 2.113067 3.166706 -0.02
v 2.122058 3.145 -0.02
v 2.13636 3.12636 -0.02
v 2.155 3.112058 -0.02
v 2.176706 3.103067 -0.02
v 2.2 3.1 -0.02
v 2.223294 3.103067 -0.02
v 2.245 3.112058 -0.02
v 2.26364 3.12636 -0.02
v 2.277942 3.145 -0.02
v 2.286933 3.166706 -0.02
v 2.63641 3.51 0.203
v 2.56359 3.51 0.203
v 2.69 3.19 -0.02
v 2.69 3.51 -0.02
v 2.69 3.51 0.003
v 2.51 3.51 0.003
v 2.51 3.51 -0.02
v 2.51 3.19 -0.02
v 2.513067 3.166706 -0.02
v 2.522058 3.145 -0.02
v 2.536361 3.12636 -0.02
v 2.555 3.112058 -0.02
v 2.576706 3.103067 -0.02
v 2.6 3.1 -0.02
v 2.623294 3.103067 -0.02
v 2.645 3.112058 -0.02
v 2.66364 3.12636 -0.02
v 2.677942 3.145 -0.02
v 2.686933 3.166706 -0.02
v -0.56359 3.51 0.203
v -0.63641 3.51 0.203
v -0.51 3.19 -0.02
v -0.51 3.51 -0.02
v -0.51 3.51 0.003
v -0.69 3.51 0.003
v -0.69 3.51 -0.02
v -0.69 3.19 -0.02
v -0.686933 3.166706 -0.02
v -0.677942 3.145 -0.02
v -0.66364 3.12636 -0.02
v -0.645 3.112058 -0.02
v -0.623294 3.103067 -0.02
v -0.6 3.1 -0.02
v -0.576706 3.103067 -0.02
v -0.555 3.112058 -0.02
v -0.53636 3.12636 -0.02
v -0.522058 3.145 -0.02
v -0.513067 3.166706 -0.02
v -0.96359 3.51 0.203
v -1.03641 3.51 0.203
v -0.91 3.19 -0.02
v -0.91 3.51 -0.02
v -0.91 3.51 0.003
v -1.09 3.51 0.003
v -1.09 3.51 -0.02
v -1.09 3.19 -0.02
v -1.086933 3.166706 -0.02
v -1.077942 3.145 -0.02
v -1.06364 3.12636 -0.02
v -1.045 3.112058 -0.02
v -1.023294 3.103067 -0.02
v -1.0 3.1 -0.02
v -0.976706 3.103067 -0.02
v -0.955 3.112058 -0.02
v -0.93636 3.12636 -0.02
v -0.922058 3.145 -0.02
v -0.913067 3.166706 -0.02
v -1.36359 3.51 0.203
v -1.43641 3.51 0.203
v -1.31 3.19 -0.02
v -1.31 3.51 -0.02
v -1.31 3.51 0.003
v -1.49 3.51 0.003
v -1.49 3.51 -0.02
v -1.49 3.19 -0.02
v -1.486933 3.166706 -0.02
v -1.477942 3.145 -0.02
v -1.46364 3.12636 -0.02
v -1.445 3.112058 -0.02
v -1.423294 3.103067 -0.02
v -1.4 3.1 -0.02
v -1.376706 3.103067 -0.02
v -1.355 3.112058 -0.02
v -1.33636 3.12636 -0.02
v -1.322058 3.145 -0.02
v -1.313067 3.166706 -0.02
v -1.76359 3.51 0.203
v -1.83641 3.51 0.203
v -1.71 3.19 -0.02
v -1.71 3.51 -0.02
v -1.71 3.51 0.003
v -1.89 3.51 0.003
v -1.89 3.51 -0.02
v -1.89 3.19 -0.02
v -1.886933 3.166706 -0.02
v -1.877942 3.145 -0.02
v -1.86364 3.12636 -0.02
v -1.845 3.112058 -0.02
v -1.823294 3.103067 -0.02
v -1.8 3.1 -0.02
v -1.776706 3.103067 -0.02
v -1.755 3.112058 -0.02
v -1.73636 3.12636 -0.02
v -1.722058 3.145 -0.02
v -1.713067 3.166706 -0.02
v -2.16359 3.51 0.203
v -2.23641 3.51 0.203
v -2.11 3.19 -0.02
v -2.11 3.51 -0.02
v -2.11 3.51 0.003
v -2.29 3.51 0.003
v -2.29 3.51 -0.02
v -2.29 3.19 -0.02
v -2.286933 3.166706 -0.02
v -2.277942 3.145 -0.02
v -2.26364 3.12636 -0.02
v -2.245 3.112058 -0.02
v -2.223294 3.103067 -0.02
v -2.2 3.1 -0.02
v -2.176706 3.103067 -0.02
v -2.155 3.112058 -0.02
v -2.13636 3.12636 -0.02
v -2.122058 3.145 -0.02
v -2.113067 3.166706 -0.02
v -2.56359 3.51 0.203
v -2.63641 3.51 0.203
v -2.51 3.19 -0.02
v -2.51 3.51 -0.02
v -2.51 3.51 0.003
v -2.69 3.51 0.003
v -2.69 3.51 -0.02
v -2.69 3.19 -0.02
v -2.686933 3.166706 -0.02
v -2.677942 3.145 -0.02
v -2.66364 3.12636 -0.02
v -2.645 3.112058 -0.02
v -2.623294 3.103067 -0.02
v -2.6 3.1 -0.02
v -2.576706 3.103067 -0.02
v -2.555 3.112058 -0.02
v -2.536361 3.12636 -0.02
v -2.522058 3.145 -0.02
v -2.513067 3.166706 -0.02
v -3.51 -0.16359 0.203
v -3.51 -0.23641 0.203
v -3.51 -0.29 0.003
v -3.51 -0.29 -0.02
v -3.19 -0.29 -0.02
v -3.166706 -0.286933 -0.02
v -3.145 -0.277942 -0.02
v -3.12636 -0.26364 -0.02
v -3.112058 -0.245 -0.02
v -3.103067 -0.223294 -0.02
v -3.1 -0.2 -0.02
v -3.103067 -0.176706 -0.02
v -3.112058 -0.155 -0.02
v -3.12636 -0.13636 -0.02
v -3.145 -0.122058 -0.02
v -3.166706 -0.113067 -0.02
v -3.19 -0.11 -0.02
v -3.51 -0.11 -0.02
v -3.51 -0.11 0.003
v 0.16359 -3.51 0.203
v 0.23641 -3.51 0.203
v 0.29 -3.51 0.003
v 0.29 -3.51 -0.02
v 0.29 -3.19 -0.02
v 0.286933 -3.166706 -0.02
v 0.277942 -3.145 -0.02
v 0.26364 -3.12636 -0.02
v 0.245 -3.112058 -0.02
v 0.223294 -3.103067 -0.02
v 0.2 -3.1 -0.02
v 0.176706 -3.103067 -0.02
v 0.155 -3.112058 -0.02
v 0.13636 -3.12636 -0.02
v 0.122058 -3.145 -0.02
v 0.113067 -3.166706 -0.02
v 0.11 -3.19 -0.02
v 0.11 -3.51 -0.02
v 0.11 -3.51 0.003
v 3.51 0.16359 0.203
v 3.51 0.23641 0.203
v 3.51 0.29 0.003
v 3.51 0.29 -0.02
v 3.19 0.29 -0.02
v 3.166706 0.286933 -0.02
v 3.145 0.277942 -0.02
v 3.12636 0.26364 -0.02
v 3.112058 0.245 -0.02
v 3.103067 0.223294 -0.02
v 3.1 0.2 -0.02
v 3.103067 0.176706 -0.02
v 3.112058 0.155 -0.02
v 3.12636 0.13636 -0.02
v 3.145 0.122058 -0.02
v 3.166706 0.113067 -0.02
v 3.19 0.11 -0.02
v 3.51 0.11 -0.02
v 3.51 0.11 0.003
v -3.51 -2.56359 0.203
v -3.51 -2.63641 0.203
v -3.51 -2.69 0.003
v -3.51 -2.69 -0.02
v -3.19 -2.69 -0.02
v -3.166706 -2.686933 -0.02
v -3.145 -2.677942 -0.02
v -3.12636 -2.66364 -0.02
v -3.112058 -2.645 -0.02
v -3.103067 -2.623294 -0.02
v -3.1 -2.6 -0.02
v -3.103067 -2.576706 -0.02
v -3.112058 -2.555 -0.02
v -3.12636 -2.536361 -0.02
v -3.145 -2.522058 -0.02
v -3.166706 -2.513067 -0.02
v -3.19 -2.51 -0.02
v -3.51 -2.51 -0.02
v -3.51 -2.51 0.003
v 2.56359 -3.51 0.203
v 2.63641 -3.51 0.203
v 2.69 -3.51 0.003
v 2.69 -3.51 -0.02
v 2.69 -3.19 -0.02
v 2.686933 -3.166706 -0.02
v 2.677942 -3.145 -0.02
v 2.66364 -3.12636 -0.02
v 2.645 -3.112058 -0.02
v 2.623294 -3.103067 -0.02
v 2.6 -3.1 -0.02
v 2.576706 -3.103067 -0.02
v 2.555 -3.112058 -0.02
v 2.536361 -3.12636 -0.02
v 2.522058 -3.145 -0.02
v 2.513067 -3.166706 -0.02
v 2.51 -3.19 -0.02
v 2.51 -3.51 -0.02
v 2.51 -3.51 0.003
v 3.51 2.56359 0.203
v 3.51 2.63641 0.203
v 3.51 2.69 0.003
v 3.51 2.69 -0.02
v 3.19 2.69 -0.02
v 3.166706 2.686933 -0.02
v 3.145 2.677942 -0.02
v 3.12636 2.66364 -0.02
v 3.112058 2.645 -0.02
v 3.103067 2.623294 -0.02
v 3.1 2.6 -0.02
v 3.103067 2.576706 -0.02
v 3.112058 2.555 -0.02
v 3.12636 2.536361 -0.02
v 3.145 2.522058 -0.02
v 3.166706 2.513067 -0.02
v 3.19 2.51 -0.02
v 3.51 2.51 -0.02
v 3.51 2.51 0.003
v -3.51 0.23641 0.203
v -3.51 0.16359 0.203
v -3.51 0.11 0.003
v -3.51 0.11 -0.02
v -3.19 0.11 -0.02
v -3.166706 0.113067 -0.02
v -3.145 0.122058 -0.02
v -3.12636 0.13636 -0.02
v -3.112058 0.155 -0.02
v -3.103067 0.176706 -0.02
v -3.1 0.2 -0.02
v -3.103067 0.223294 -0.02
v -3.112058 0.245 -0.02
v -3.12636 0.26364 -0.02
v -3.145 0.277942 -0.02
v -3.166706 0.286933 -0.02
v -3.19 0.29 -0.02
v -3.51 0.29 -0.02
v -3.51 0.29 0.003
v -0.23641 -3.51 0.203
v -0.16359 -3.51 0.203
v -0.11 -3.51 0.003
v -0.11 -3.51 -0.02
v -0.11 -3.19 -0.02
v -0.113067 -3.166706 -0.02
v -0.122058 -3.145 -0.02
v -0.13636 -3.12636 -0.02
v -0.155 -3.112058 -0.02
v -0.176706 -3.103067 -0.02
v -0.2 -3.1 -0.02
v -0.223294 -3.103067 -0.02
v -0.245 -3.112058 -0.02
v -0.26364 -3.12636 -0.02
v -0.277942 -3.145 -0.02
v -0.286933 -3.166706 -0.02
v -0.29 -3.19 -0.02
v -0.29 -3.51 -0.02
v -0.29 -3.51 0.003
v 3.51 -0.23641 0.203
v 3.51 -0.16359 0.203
v 3.51 -0.11 0.003
v 3.51 -0.11 -0.02
v 3.19 -0.11 -0.02
v 3.166706 -0.113067 -0.02
v 3.145 -0.122058 -0.02
v 3.12636 -0.13636 -0.02
v 3.112058 -0.155 -0.02
v 3.103067 -0.176706 -0.02
v 3.1 -0.2 -0.02
v 3.103067 -0.223294 -0.02
v 3.112058 -0.245 -0.02
v 3.12636 -0.26364 -0.02
v 3.145 -0.277942 -0.02
v 3.166706 -0.286933 -0.02
v 3.19 -0.29 -0.02
v 3.51 -0.29 -0.02
v 3.51 -0.29 0.003
v -3.51 0.63641 0.203
v -3.51 0.56359 0.203
v -3.51 0.51 0.003
v -3.51 0.51 -0.02
v -3.19 0.51 -0.02
v -3.166706 0.513067 -0.02
v -3.145 0.522058 -0.02
v -3.12636 0.53636 -0.02
v -3.112058 0.555 -0.02
v -3.103067 0.576706 -0.02
v -3.1 0.6 -0.02
v -3.103067 0.623294 -0.02
v -3.112058 0.645 -0.02
v -3.12636 0.66364 -0.02
v -3.145 0.677942 -0.02
v -3.166706 0.686933 -0.02
v -3.19 0.69 -0.02
v -3.51 0.69 -0.02
v -3.51 0.69 0.003
v -0.63641 -3.51 0.203
v -0.56359 -3.51 0.203
v -0.51 -3.51 0.003
v -0.51 -3.51 -0.02
v -0.51 -3.19 -0.02
v -0.513067 -3.166706 -0.02
v -0.522058 -3.145 -0.02
v -0.53636 -3.12636 -0.02
v -0.555 -3.112058 -0.02
v -0.576706 -3.103067 -0.02
v -0.6 -3.1 -0.02
v -0.623294 -3.103067 -0.02
v -0.645 -3.112058 -0.02
v -0.66364 -3.12636 -0.02
v -0.677942 -3.145 -0.02
v -0.686933 -3.166706 -0.02
v -0.69 -3.19 -0.02
v -0.69 -3.51 -0.02
v -0.69 -3.51 0.003
v 3.51 -0.63641 0.203
v 3.51 -0.56359 0.203
v 3.51 -0.51 0.003
v 3.51 -0.51 -0.02
v 3.19 -0.51 -0.02
v 3.166706 -0.513067 -0.02
v 3.145 -0.522058 -0.02
v 3.12636 -0.53636 -0.02
v 3.112058 -0.555 -0.02
v 3.103067 -0.576706 -0.02
v 3.1 -0.6 -0.02
v 3.103067 -0.623294 -0.02
v 3.112058 -0.645 -0.02
v 3.12636 -0.66364 -0.02
v 3.145 -0.677942 -0.02
v 3.166706 -0.686933 -0.02
v 3.19 -0.69 -0.02
v 3.51 -0.69 -0.02
v 3.51 -0.69 0.003
v -3.51 1.03641 0.203
v -3.51 0.96359 0.203
v -3.51 0.91 0.003
v -3.51 0.91 -0.02
v -3.19 0.91 -0.02
v -3.166706 0.913067 -0.02
v -3.145 0.922058 -0.02
v -3.12636 0.93636 -0.02
v -3.112058 0.955 -0.02
v -3.103067 0.976706 -0.02
v -3.1 1.0 -0.02
v -3.103067 1.023294 -0.02
v -3.112058 1.045 -0.02
v -3.12636 1.06364 -0.02
v -3.145 1.077942 -0.02
v -3.166706 1.086933 -0.02
v -3.19 1.09 -0.02
v -3.51 1.09 -0.02
v -3.51 1.09 0.003
v -1.03641 -3.51 0.203
v -0.96359 -3.51 0.203
v -0.91 -3.51 0.003
v -0.91 -3.51 -0.02
v -0.91 -3.19 -0.02
v -0.913067 -3.166706 -0.02
v -0.922058 -3.145 -0.02
v -0.93636 -3.12636 -0.02
v -0.955 -3.112058 -0.02
v -0.976706 -3.103067 -0.02
v -1.0 -3.1 -0.02
v -1.023294 -3.103067 -0.02
v -1.045 -3.112058 -0.02
v -1.06364 -3.12636 -0.02
v -1.077942 -3.145 -0.02
v -1.086933 -3.166706 -0.02
v -1.09 -3.19 -0.02
v -1.09 -3.51 -0.02
v -1.09 -3.51 0.003
v 3.51 -1.03641 0.203
v 3.51 -0.96359 0.203
v 3.51 -0.91 0.003
v 3.51 -0.91 -0.02
v 3.19 -0.91 -0.02
v 3.166706 -0.913067 -0.02
v 3.145 -0.922058 -0.02
v 3.12636 -0.93636 -0.02
v 3.112058 -0.955 -0.02
v 3.103067 -0.976706 -0.02
v 3.1 -1.0 -0.02
v 3.103067 -1.023294 -0.02
v 3.112058 -1.045 -0.02
v 3.12636 -1.06364 -0.02
v 3.145 -1.077942 -0.02
v 3.166706 -1.086933 -0.02
v 3.19 -1.09 -0.02
v 3.51 -1.09 -0.02
v 3.51 -1.09 0.003
v -3.51 1.43641 0.203
v -3.51 1.36359 0.203
v -3.51 1.31 0.003
v -3.51 1.31 -0.02
v -3.19 1.31 -0.02
v -3.166706 1.313067 -0.02
v -3.145 1.322058 -0.02
v -3.12636 1.33636 -0.02
v -3.112058 1.355 -0.02
v -3.103067 1.376706 -0.02
v -3.1 1.4 -0.02
v -3.103067 1.423294 -0.02
v -3.112058 1.445 -0.02
v -3.12636 1.46364 -0.02
v -3.145 1.477942 -0.02
v -3.166706 1.486933 -0.02
v -3.19 1.49 -0.02
v -3.51 1.49 -0.02
v -3.51 1.49 0.003
v -1.43641 -3.51 0.203
v -1.36359 -3.51 0.203
v -1.31 -3.51 0.003
v -1.31 -3.51 -0.02
v -1.31 -3.19 -0.02
v -1.313067 -3.166706 -0.02
v -1.322058 -3.145 -0.02
v -1.33636 -3.12636 -0.02
v -1.355 -3.112058 -0.02
v -1.376706 -3.103067 -0.02
v -1.4 -3.1 -0.02
v -1.423294 -3.103067 -0.02
v -1.445 -3.112058 -0.02
v -1.46364 -3.12636 -0.02
v -1.477942 -3.145 -0.02
v -1.486933 -3.166706 -0.02
v -1.49 -3.19 -0.02
v -1.49 -3.51 -0.02
v -1.49 -3.51 0.003
v 3.51 -1.43641 0.203
v 3.51 -1.36359 0.203
v 3.51 -1.31 0.003
v 3.51 -1.31 -0.02
v 3.19 -1.31 -0.02
v 3.166706 -1.313067 -0.02
v 3.145 -1.322058 -0.02
v 3.12636 -1.33636 -0.02
v 3.112058 -1.355 -0.02
v 3.103067 -1.376706 -0.02
v 3.1 -1.4 -0.02
v 3.103067 -1.423294 -0.02
v 3.112058 -1.445 -0.02
v 3.12636 -1.46364 -0.02
v 3.145 -1.477942 -0.02
v 3.166706 -1.486933 -0.02
v 3.19 -1.49 -0.02
v 3.51 -1.49 -0.02
v 3.51 -1.49 0.003
v -3.51 1.83641 0.203
v -3.51 1.76359 0.203
v -3.51 1.71 0.003
v -3.51 1.71 -0.02
v -3.19 1.71 -0.02
v -3.166706 1.713067 -0.02
v -3.145 1.722058 -0.02
v -3.12636 1.73636 -0.02
v -3.112058 1.755 -0.02
v -3.103067 1.776706 -0.02
v -3.1 1.8 -0.02
v -3.103067 1.823294 -0.02
v -3.112058 1.845 -0.02
v -3.12636 1.86364 -0.02
v -3.145 1.877942 -0.02
v -3.166706 1.886933 -0.02
v -3.19 1.89 -0.02
v -3.51 1.89 -0.02
v -3.51 1.89 0.003
v -1.83641 -3.51 0.203
v -1.76359 -3.51 0.203
v -1.71 -3.51 0.003
v -1.71 -3.51 -0.02
v -1.71 -3.19 -0.02
v -1.713067 -3.166706 -0.02
v -1.722058 -3.145 -0.02
v -1.73636 -3.12636 -0.02
v -1.755 -3.112058 -0.02
v -1.776706 -3.103067 -0.02
v -1.8 -3.1 -0.02
v -1.823294 -3.103067 -0.02
v -1.845 -3.112058 -0.02
v -1.86364 -3.12636 -0.02
v -1.877942 -3.145 -0.02
v -1.886933 -3.166706 -0.02
v -1.89 -3.19 -0.02
v -1.89 -3.51 -0.02
v -1.89 -3.51 0.003
v 3.51 -1.83641 0.203
v 3.51 -1.76359 0.203
v 3.51 -1.71 0.003
v 3.51 -1.71 -0.02
v 3.19 -1.71 -0.02
v 3.166706 -1.713067 -0.02
v 3.145 -1.722058 -0.02
v 3.12636 -1.73636 -0.02
v 3.112058 -1.755 -0.02
v 3.103067 -1.776706 -0.02
v 3.1 -1.8 -0.02
v 3.103067 -1.823294 -0.02
v 3.112058 -1.845 -0.02
v 3.12636 -1.86364 -0.02
v 3.145 -1.877942 -0.02
v 3.166706 -1.886933 -0.02
v 3.19 -1.89 -0.02
v 3.51 -1.89 -0.02
v 3.51 -1.89 0.003
v -3.51 2.23641 0.203
v -3.51 2.16359 0.203
v -3.51 2.11 0.003
v -3.51 2.11 -0.02
v -3.19 2.11 -0.02
v -3.166706 2.113067 -0.02
v -3.145 2.122058 -0.02
v -3.12636 2.13636 -0.02
v -3.112058 2.155 -0.02
v -3.103067 2.176706 -0.02
v -3.1 2.2 -0.02
v -3.103067 2.223294 -0.02
v -3.112058 2.245 -0.02
v -3.12636 2.26364 -0.02
v -3.145 2.277942 -0.02
v -3.166706 2.286933 -0.02
v -3.19 2.29 -0.02
v -3.51 2.29 -0.02
v -3.51 2.29 0.003
v -2.23641 -3.51 0.203
v -2.16359 -3.51 0.203
v -2.11 -3.51 0.003
v -2.11 -3.51 -0.02
v -2.11 -3.19 -0.02
v -2.113067 -3.166706 -0.02
v -2.122058 -3.145 -0.02
v -2.13636 -3.12636 -0.02
v -2.155 -3.112058 -0.02
v -2.176706 -3.103067 -0.02
v -2.2 -3.1 -0.02
v -2.223294 -3.103067 -0.02
v -2.245 -3.112058 -0.02
v -2.26364 -3.12636 -0.02
v -2.277942 -3.145 -0.02
v -2.286933 -3.166706 -0.02
v -2.29 -3.19 -0.02
v -2.29 -3.51 -0.02
v -2.29 -3.51 0.003
v 3.51 -2.23641 0.203
v 3.51 -2.16359 0.203
v 3.51 -2.11 0.003
v 3.51 -2.11 -0.02
v 3.19 -2.11 -0.02
v 3.166706 -2.113067 -0.02
v 3.145 -2.122058 -0.02
v 3.12636 -2.13636 -0.02
v 3.112058 -2.155 -0.02
v 3.103067 -2.176706 -0.02
v 3.1 -2.2 -0.02
v 3.103067 -2.223294 -0.02
v 3.112058 -2.245 -0.02
v 3.12636 -2.26364 -0.02
v 3.145 -2.277942 -0.02
v 3.166706 -2.286933 -0.02
v 3.19 -2.29 -0.02
v 3.51 -2.29 -0.02
v 3.51 -2.29 0.003
v -3.51 2.63641 0.203
v -3.51 2.56359 0.203
v -3.51 2.51 0.003
v -3.51 2.51 -0.02
v -3.19 2.51 -0.02
v -3.166706 2.513067 -0.02
v -3.145 2.522058 -0.02
v -3.12636 2.536361 -0.02
v -3.112058 2.555 -0.02
v -3.103067 2.576706 -0.02
v -3.1 2.6 -0.02
v -3.103067 2.623294 -0.02
v -3.112058 2.645 -0.02
v -3.12636 2.66364 -0.02
v -3.145 2.677942 -0.02
v -3.166706 2.686933 -0.02
v -3.19 2.69 -0.02
v -3.51 2.69 -0.02
v -3.51 2.69 0.003
v -2.63641 -3.51 0.203
v -2.56359 -3.51 0.203
v -2.51 -3.51 0.003
v -2.51 -3.51 -0.02
v -2.51 -3.19 -0.02
v -2.513067 -3.166706 -0.02
v -2.522058 -3.145 -0.02
v -2.536361 -3.12636 -0.02
v -2.555 -3.112058 -0.02
v -2.576706 -3.103067 -0.02
v -2.6 -3.1 -0.02
v -2.623294 -3.103067 -0.02
v -2.645 -3.112058 -0.02
v -2.66364 -3.12636 -0.02
v -2.677942 -3.145 -0.02
v -2.686933 -3.166706 -0.02
v -2.69 -3.19 -0.02
v -2.69 -3.51 -0.02
v -2.69 -3.51 0.003
v 3.51 -2.63641 0.203
v 3.51 -2.56359 0.203
v 3.51 -2.51 0.003
v 3.51 -2.51 -0.02
v 3.19 -2.51 -0.02
v 3.166706 -2.513067 -0.02
v 3.145 -2.522058 -0.02
v 3.12636 -2.536361 -0.02
v 3.112058 -2.555 -0.02
v 3.103067 -2.576706 -0.02
v 3.1 -2.6 -0.02
v 3.103067 -2.623294 -0.02
v 3.112058 -2.645 -0.02
v 3.12636 -2.66364 -0.02
v 3.145 -2.677942 -0.02
v 3.166706 -2.686933 -0.02
v 3.19 -2.69 -0.02
v 3.51 -2.69 -0.02
v 3.51 -2.69 0.003
v -3.51 -0.56359 0.203
v -3.51 -0.63641 0.203
v -3.51 -0.69 0.003
v -3.51 -0.69 -0.02
v -3.19 -0.69 -0.02
v -3.166706 -0.686933 -0.02
v -3.145 -0.677942 -0.02
v -3.12636 -0.66364 -0.02
v -3.112058 -0.645 -0.02
v -3.103067 -0.623294 -0.02
v -3.1 -0.6 -0.02
v -3.103067 -0.576706 -0.02
v -3.112058 -0.555 -0.02
v -3.12636 -0.53636 -0.02
v -3.145 -0.522058 -0.02
v -3.166706 -0.513067 -0.02
v -3.19 -0.51 -0.02
v -3.51 -0.51 -0.02
v -3.51 -0.51 0.003
v 0.56359 -3.51 0.203
v 0.63641 -3.51 0.203
v 0.69 -3.51 0.003
v 0.69 -3.51 -0.02
v 0.69 -3.19 -0.02
v 0.686933 -3.166706 -0.02
v 0.677942 -3.145 -0.02
v 0.66364 -3.12636 -0.02
v 0.645 -3.112058 -0.02
v 0.623294 -3.103067 -0.02
v 0.6 -3.1 -0.02
v 0.576706 -3.103067 -0.02
v 0.555 -3.112058 -0.02
v 0.53636 -3.12636 -0.02
v 0.522058 -3.145 -0.02
v 0.513067 -3.166706 -0.02
v 0.51 -3.19 -0.02
v 0.51 -3.51 -0.02
v 0.51 -3.51 0.003
v 3.51 0.56359 0.203
v 3.51 0.63641 0.203
v 3.51 0.69 0.003
v 3.51 0.69 -0.02
v 3.19 0.69 -0.02
v 3.166706 0.686933 -0.02
v 3.145 0.677942 -0.02
v 3.12636 0.66364 -0.02
v 3.112058 0.645 -0.02
v 3.103067 0.623294 -0.02
v 3.1 0.6 -0.02
v 3.103067 0.576706 -0.02
v 3.112058 0.555 -0.02
v 3.12636 0.53636 -0.02
v 3.145 0.522058 -0.02
v 3.166706 0.513067 -0.02
v 3.19 0.51 -0.02
v 3.51 0.51 -0.02
v 3.51 0.51 0.003
v -3.51 -0.96359 0.203
v -3.51 -1.03641 0.203
v -3.51 -1.09 0.003
v -3.51 -1.09 -0.02
v -3.19 -1.09 -0.02
v -3.166706 -1.086933 -0.02
v -3.145 -1.077942 -0.02
v -3.12636 -1.06364 -0.02
v -3.112058 -1.045 -0.02
v -3.103067 -1.023294 -0.02
v -3.1 -1.0 -0.02
v -3.103067 -0.976706 -0.02
v -3.112058 -0.955 -0.02
v -3.12636 -0.93636 -0.02
v -3.145 -0.922058 -0.02
v -3.166706 -0.913067 -0.02
v -3.19 -0.91 -0.02
v -3.51 -0.91 -0.02
v -3.51 -0.91 0.003
v 0.96359 -3.51 0.203
v 1.03641 -3.51 0.203
v 1.09 -3.51 0.003
v 1.09 -3.51 -0.02
v 1.09 -3.19 -0.02
v 1.086933 -3.166706 -0.02
v 1.077942 -3.145 -0.02
v 1.06364 -3.12636 -0.02
v 1.045 -3.112058 -0.02
v 1.023294 -3.103067 -0.02
v 1.0 -3.1 -0.02
v 0.976706 -3.103067 -0.02
v 0.955 -3.112058 -0.02
v 0.93636 -3.12636 -0.02
v 0.922058 -3.145 -0.02
v 0.913067 -3.166706 -0.02
v 0.91 -3.19 -0.02
v 0.91 -3.51 -0.02
v 0.91 -3.51 0.003
v 3.51 0.96359 0.203
v 3.51 1.03641 0.203
v 3.51 1.09 0.003
v 3.51 1.09 -0.02
v 3.19 1.09 -0.02
v 3.166706 1.086933 -0.02
v 3.145 1.077942 -0.02
v 3.12636 1.06364 -0.02
v 3.112058 1.045 -0.02
v 3.103067 1.023294 -0.02
v 3.1 1.0 -0.02
v 3.103067 0.976706 -0.02
v 3.112058 0.955 -0.02
v 3.12636 0.93636 -0.02
v 3.145 0.922058 -0.02
v 3.166706 0.913067 -0.02
v 3.19 0.91 -0.02
v 3.51 0.91 -0.02
v 3.51 0.91 0.003
v -3.51 -1.36359 0.203
v -3.51 -1.43641 0.203
v -3.51 -1.49 0.003
v -3.51 -1.49 -0.02
v -3.19 -1.49 -0.02
v -3.166706 -1.486933 -0.02
v -3.145 -1.477942 -0.02
v -3.12636 -1.46364 -0.02
v -3.112058 -1.445 -0.02
v -3.103067 -1.423294 -0.02
v -3.1 -1.4 -0.02
v -3.103067 -1.376706 -0.02
v -3.112058 -1.355 -0.02
v -3.12636 -1.33636 -0.02
v -3.145 -1.322058 -0.02
v -3.166706 -1.313067 -0.02
v -3.19 -1.31 -0.02
v -3.51 -1.31 -0.02
v -3.51 -1.31 0.003
v 1.36359 -3.51 0.203
v 1.43641 -3.51 0.203
v 1.49 -3.51 0.003
v 1.49 -3.51 -0.02
v 1.49 -3.19 -0.02
v 1.486933 -3.166706 -0.02
v 1.477942 -3.145 -0.02
v 1.46364 -3.12636 -0.02
v 1.445 -3.112058 -0.02
v 1.423294 -3.103067 -0.02
v 1.4 -3.1 -0.02
v 1.376706 -3.103067 -0.02
v 1.355 -3.112058 -0.02
v 1.33636 -3.12636 -0.02
v 1.322058 -3.145 -0.02
v 1.313067 -3.166706 -0.02
v 1.31 -3.19 -0.02
v 1.31 -3.51 -0.02
v 1.31 -3.51 0.003
v 3.51 1.36359 0.203
v 3.51 1.43641 0.203
v 3.51 1.49 0.003
v 3.51 1.49 -0.02
v 3.19 1.49 -0.02
v 3.166706 1.486933 -0.02
v 3.145 1.477942 -0.02
v 3.12636 1.46364 -0.02
v 3.112058 1.445 -0.02
v 3.103067 1.423294 -0.02
v 3.1 1.4 -0.02
v 3.103067 1.376706 -0.02
v 3.112058 1.355 -0.02
v 3.12636 1.33636 -0.02
v 3.145 1.322058 -0.02
v 3.166706 1.313067 -0.02
v 3.19 1.31 -0.02
v 3.51 1.31 -0.02
v 3.51 1.31 0.003
v -3.51 -1.76359 0.203
v -3.51 -1.83641 0.203
v -3.51 -1.89 0.003
v -3.51 -1.89 -0.02
v -3.19 -1.89 -0.02
v -3.166706 -1.886933 -0.02
v -3.145 -1.877942 -0.02
v -3.12636 -1.86364 -0.02
v -3.112058 -1.845 -0.02
v -3.103067 -1.823294 -0.02
v -3.1 -1.8 -0.02
v -3.103067 -1.776706 -0.02
v -3.112058 -1.755 -0.02
v -3.12636 -1.73636 -0.02
v -3.145 -1.722058 -0.02
v -3.166706 -1.713067 -0.02
v -3.19 -1.71 -0.02
v -3.51 -1.71 -0.02
v -3.51 -1.71 0.003
v 1.76359 -3.51 0.203
v 1.83641 -3.51 0.203
v 1.89 -3.51 0.003
v 1.89 -3.51 -0.02
v 1.89 -3.19 -0.02
v 1.886933 -3.166706 -0.02
v 1.877942 -3.145 -0.02
v 1.86364 -3.12636 -0.02
v 1.845 -3.112058 -0.02
v 1.823294 -3.103067 -0.02
v 1.8 -3.1 -0.02
v 1.776706 -3.103067 -0.02
v 1.755 -3.112058 -0.02
v 1.73636 -3.12636 -0.02
v 1.722058 -3.145 -0.02
v 1.713067 -3.166706 -0.02
v 1.71 -3.19 -0.02
v 1.71 -3.51 -0.02
v 1.71 -3.51 0.003
v 3.51 1.76359 0.203
v 3.51 1.83641 0.203
v 3.51 1.89 0.003
v 3.51 1.89 -0.02
v 3.19 1.89 -0.02
v 3.166706 1.886933 -0.02
v 3.145 1.877942 -0.02
v 3.12636 1.86364 -0.02
v 3.112058 1.845 -0.02
v 3.103067 1.823294 -0.02
v 3.1 1.8 -0.02
v 3.103067 1.776706 -0.02
v 3.112058 1.755 -0.02
v 3.12636 1.73636 -0.02
v 3.145 1.722058 -0.02
v 3.166706 1.713067 -0.02
v 3.19 1.71 -0.02
v 3.51 1.71 -0.02
v 3.51 1.71 0.003
v -3.51 -2.16359 0.203
v -3.51 -2.23641 0.203
v -3.51 -2.29 0.003
v -3.51 -2.29 -0.02
v -3.19 -2.29 -0.02
v -3.166706 -2.286933 -0.02
v -3.145 -2.277942 -0.02
v -3.12636 -2.26364 -0.02
v -3.112058 -2.245 -0.02
v -3.103067 -2.223294 -0.02
v -3.1 -2.2 -0.02
v -3.103067 -2.176706 -0.02
v -3.112058 -2.155 -0.02
v -3.12636 -2.13636 -0.02
v -3.145 -2.122058 -0.02
v -3.166706 -2.113067 -0.02
v -3.19 -2.11 -0.02
v -3.51 -2.11 -0.02
v -3.51 -2.11 0.003
v 2.16359 -3.51 0.203
v 2.23641 -3.51 0.203
v 2.29 -3.51 0.003
v 2.29 -3.51 -0.02
v 2.29 -3.19 -0.02
v 2.286933 -3.166706 -0.02
v 2.277942 -3.145 -0.02
v 2.26364 -3.12636 -0.02
v 2.245 -3.112058 -0.02
v 2.223294 -3.103067 -0.02
v 2.2 -3.1 -0.02
v 2.176706 -3.103067 -0.02
v 2.155 -3.112058 -0.02
v 2.13636 -3.12636 -0.02
v 2.122058 -3.145 -0.02
v 2.113067 -3.166706 -0.02
v 2.11 -3.19 -0.02
v 2.11 -3.51 -0.02
v 2.11 -3.51 0.003
v 3.51 2.16359 0.203
v 3.51 2.23641 0.203
v 3.51 2.29 0.003
v 3.51 2.29 -0.02
v 3.19 2.29 -0.02
v 3.166706 2.286933 -0.02
v 3.145 2.277942 -0.02
v 3.12636 2.26364 -0.02
v 3.112058 2.245 -0.02
v 3.103067 2.223294 -0.02
v 3.1 2.2 -0.02
v 3.103067 2.176706 -0.02
v 3.112058 2.155 -0.02
v 3.12636 2.13636 -0.02
v 3.145 2.122058 -0.02
v 3.166706 2.113067 -0.02
v 3.19 2.11 -0.02
v 3.51 2.11 -0.02
v 3.51 2.11 0.003
v 1.55 -1.55 -0.02
v 1.55 1.55 -0.02
v -1.55 -1.55 -0.02
v -1.55 1.039185 -0.02
v -1.51708 1.043519 -0.02
v -1.486404 1.056225 -0.02
v -1.460061 1.076439 -0.02
v -1.439848 1.102781 -0.02
v -1.427141 1.133458 -0.02
v -1.422807 1.166377 -0.02
v -1.427141 1.199297 -0.02
v -1.439848 1.229974 -0.02
v -1.460061 1.256316 -0.02
v -1.486404 1.27653 -0.02
v -1.51708 1.289236 -0.02
v -1.55 1.29357 -0.02
v -1.55 1.55 -0.02
v 3.51 3.237732 0.07809
v 3.51 2.937732 0.07809
v 3.51 3.237732 0.17809
v 3.51 2.937732 0.17809
v 3.51 -3.237732 0.17809
v 3.51 -2.937732 0.17809
v 3.51 -3.237732 0.07809
v 3.51 -2.937732 0.07809
v -3.237732 -3.51 0.17809
v -2.937732 -3.51 0.17809
v -3.237732 -3.51 0.07809
v -2.937732 -3.51 0.07809
v -3.51 3.237732 0.17809
v -3.51 2.937732 0.17809
v -3.51 3.237732 0.07809
v -3.51 2.937732 0.07809
v 3.237732 3.51 0.17809
v 2.937732 3.51 0.17809
v 3.237732 3.51 0.07809
v 2.937732 3.51 0.07809
v 3.237732 -3.51 0.07809
v 2.937732 -3.51 0.07809
v 3.237732 -3.51 0.17809
v 2.937732 -3.51 0.17809
v -3.51 -3.237732 0.07809
v -3.51 -2.937732 0.07809
v -3.51 -3.237732 0.17809
v -3.51 -2.937732 0.17809
v -3.237732 3.51 0.07809
v -2.937732 3.51 0.07809
v -3.237732 3.51 0.17809
v -2.937732 3.51 0.17809
v -0.897094 2.591517 0.001
v -1.092216 2.091517 0.001
v -1.019046 2.091517 0.001
v -0.968455 2.231761 0.001
v -0.7619 2.231761 0.001
v -0.714168 2.091517 0.001
v -0.640997 2.091517 0.001
v -0.830021 2.591517 0.001
v -0.778764 2.286639 0.001
v -0.94597 2.286639 0.001
v -0.853363 2.495481 0.001
v -0.858175 2.512822 0.001
v -0.861367 2.530541 0.001
v -0.862986 2.530541 0.001
v -0.866249 2.512875 0.001
v -0.870703 2.495481 0.001
v -0.778764 2.286639 0.0
v -0.94597 2.286639 0.0
v -0.853363 2.495481 0.0
v -0.858175 2.512822 0.0
v -0.861367 2.530541 0.0
v -0.862986 2.530541 0.0
v -0.866249 2.512875 0.0
v -0.870703 2.495481 0.0
v -0.337929 2.091517 0.001
v -0.201972 2.091517 0.001
v -0.201972 2.591517 0.001
v -0.343074 2.591517 0.001
v -0.604411 2.347805 0.001
v -0.600778 2.394853 0.001
v -0.587349 2.444116 0.001
v -0.564112 2.487117 0.001
v -0.528754 2.526323 0.001
v -0.528231 2.526782 0.001
v -0.473811 2.563253 0.001
v -0.41531 2.583796 0.001
v -0.399795 2.096917 0.001
v -0.457409 2.11409 0.001
v -0.509616 2.144429 0.001
v -0.550771 2.183834 0.001
v -0.579444 2.228556 0.001
v -0.597395 2.280891 0.001
v -0.504048 2.466524 0.001
v -0.479762 2.492311 0.001
v -0.443239 2.515905 0.001
v -0.401968 2.530348 0.001
v -0.342788 2.536639 0.001
v -0.269046 2.536639 0.001
v -0.269046 2.146395 0.001
v -0.340025 2.146395 0.001
v -0.392775 2.151305 0.001
v -0.434851 2.164438 0.001
v -0.468951 2.184687 0.001
v -0.496994 2.212386 0.001
v -0.518083 2.24686 0.001
v -0.532748 2.29386 0.001
v -0.537338 2.346376 0.001
v -0.53309 2.396138 0.001
v -0.521418 2.435685 0.001
v -0.342788 2.536639 0.0
v -0.269046 2.536639 0.0
v -0.401968 2.530348 0.0
v -0.443239 2.515905 0.0
v -0.479762 2.492311 0.0
v -0.504048 2.466524 0.0
v -0.521418 2.435685 0.0
v -0.53309 2.396138 0.0
v -0.537338 2.346376 0.0
v -0.532748 2.29386 0.0
v -0.518083 2.24686 0.0
v -0.496994 2.212386 0.0
v -0.468951 2.184687 0.0
v -0.434851 2.164438 0.0
v -0.392775 2.151305 0.0
v -0.340025 2.146395 0.0
v -0.269046 2.146395 0.0
v -0.104411 2.146395 0.001
v -0.104411 2.091517 0.001
v 0.163881 2.091517 0.001
v 0.163881 2.591517 0.001
v -0.092216 2.591517 0.001
v -0.092216 2.536639 0.001
v 0.096808 2.536639 0.001
v 0.096808 2.372005 0.001
v -0.080021 2.372005 0.001
v -0.080021 2.317127 0.001
v 0.096808 2.317127 0.001
v 0.096808 2.146395 0.001
v 0.261442 2.17231 0.001
v 0.261442 2.117432 0.001
v 0.314739 2.095548 0.001
v 0.399018 2.08542 0.001
v 0.385347 2.085654 0.001
v 0.460636 2.091809 0.001
v 0.509098 2.10849 0.001
v 0.549318 2.134172 0.001
v 0.586874 2.173711 0.001
v 0.61351 2.221254 0.001
v 0.628558 2.274179 0.001
v 0.633393 2.332085 0.001
v 0.429326 2.593515 0.001
v 0.379106 2.597615 0.001
v 0.485066 2.577322 0.001
v 0.532558 2.549984 0.001
v 0.577699 2.506571 0.001
v 0.607005 2.459824 0.001
v 0.626201 2.40317 0.001
v 0.31925 2.593484 0.001
v 0.261442 2.577797 0.001
v 0.261442 2.510724 0.001
v 0.378534 2.542737 0.001
v 0.317762 2.534841 0.001
v 0.56632 2.336182 0.001
v 0.563935 2.375085 0.001
v 0.550607 2.428611 0.001
v 0.529994 2.467216 0.001
v 0.4998 2.500549 0.001
v 0.465193 2.523701 0.001
v 0.427769 2.537207 0.001
v 0.389777 2.140298 0.001
v 0.436413 2.145529 0.001
v 0.472845 2.158941 0.001
v 0.503531 2.179624 0.001
v 0.526994 2.204377 0.001
v 0.547673 2.239047 0.001
v 0.561257 2.282054 0.001
v 0.270403 2.167346 0.001
v 0.323406 2.147664 0.001
v 0.676076 2.146395 0.001
v 0.676076 2.091517 0.001
v 0.932174 2.091517 0.001
v 0.932174 2.591517 0.001
v 0.865101 2.591517 0.001
v 0.865101 2.146395 0.001
usemtl 1
f 1// 2// 3//
f 4// 5// 6//
f 7// 8// 9//
f 10// 6// 11//
f 11// 6// 12//
f 11// 12// 13//
f 13// 12// 14//
f 15// 16// 13//
f 17// 18// 13//
f 19// 20// 21//
f 21// 20// 13//
f 21// 13// 22//
f 22// 13// 16//
f 22// 16// 23//
f 18// 24// 13//
f 13// 24// 25//
f 13// 25// 15//
f 26// 27// 28//
f 28// 27// 29//
f 28// 29// 30//
f 30// 29// 31//
f 30// 31// 32//
f 32// 31// 33//
f 32// 33// 34//
f 14// 35// 13//
f 13// 35// 36//
f 13// 36// 32//
f 34// 37// 32//
f 32// 37// 38//
f 32// 38// 13//
f 13// 38// 39//
f 13// 39// 17//
f 40// 41// 42//
f 6// 43// 44//
f 6// 5// 45//
f 45// 5// 46//
f 45// 46// 47//
f 48// 49// 50//
f 51// 52// 53//
f 54// 12// 55//
f 45// 56// 6//
f 6// 56// 57//
f 6// 57// 41//
f 41// 57// 58//
f 41// 58// 42//
f 44// 59// 6//
f 6// 59// 60//
f 6// 60// 61//
f 62// 63// 61//
f 61// 63// 64//
f 61// 64// 6//
f 65// 12// 66//
f 66// 12// 67//
f 47// 46// 49//
f 49// 46// 68//
f 49// 68// 50//
f 40// 42// 69//
f 69// 42// 70//
f 69// 70// 71//
f 41// 72// 6//
f 6// 72// 73//
f 6// 73// 43//
f 43// 73// 74//
f 43// 74// 75//
f 64// 76// 6//
f 6// 76// 77//
f 6// 77// 12//
f 12// 77// 78//
f 12// 78// 67//
f 55// 12// 79//
f 80// 81// 75//
f 75// 81// 82//
f 75// 82// 43//
f 61// 83// 62//
f 62// 83// 84//
f 62// 84// 85//
f 86// 87// 88//
f 51// 53// 65//
f 65// 53// 89//
f 65// 89// 12//
f 12// 89// 90//
f 12// 90// 79//
f 91// 92// 93//
f 93// 92// 94//
f 93// 94// 95//
f 96// 97// 98//
f 99// 100// 101//
f 102// 103// 104//
f 88// 105// 86//
f 86// 105// 106//
f 86// 106// 52//
f 52// 106// 107//
f 52// 107// 53//
f 7// 9// 93//
f 93// 9// 108//
f 93// 108// 91//
f 109// 110// 111//
f 111// 110// 112//
f 111// 112// 50//
f 50// 112// 113//
f 50// 113// 48//
f 98// 114// 96//
f 96// 114// 115//
f 96// 115// 71//
f 71// 115// 116//
f 71// 116// 69//
f 80// 117// 81//
f 81// 117// 99//
f 81// 99// 118//
f 118// 99// 101//
f 85// 119// 62//
f 62// 119// 102//
f 62// 102// 120//
f 120// 102// 104//
f 95// 94// 121//
f 121// 94// 122//
f 121// 122// 123//
f 123// 122// 124//
f 123// 124// 55//
f 55// 124// 125//
f 55// 125// 54//
f 126// 127// 6//
f 6// 127// 128//
f 6// 128// 4//
f 129// 130// 131//
f 130// 129// 132//
f 132// 129// 133//
f 132// 133// 134//
f 135// 136// 134//
f 134// 136// 137//
f 134// 137// 132//
f 132// 137// 138//
f 132// 138// 139//
f 140// 141// 142//
f 135// 143// 136//
f 136// 143// 140//
f 136// 140// 144//
f 144// 140// 142//
f 145// 146// 147//
f 1// 3// 148//
f 149// 150// 151//
f 152// 153// 154//
f 151// 155// 149//
f 149// 155// 152//
f 149// 152// 156//
f 156// 152// 154//
f 157// 158// 159//
f 159// 158// 160//
f 161// 162// 145//
f 163// 145// 164//
f 164// 145// 165//
f 149// 166// 150//
f 150// 166// 146//
f 150// 146// 167//
f 167// 146// 145//
f 167// 145// 168//
f 168// 145// 163//
f 161// 145// 169//
f 162// 170// 171//
f 171// 170// 172//
f 171// 172// 173//
f 162// 171// 145//
f 145// 171// 174//
f 145// 174// 165//
f 175// 176// 177//
f 177// 176// 178//
f 177// 178// 172//
f 172// 178// 179//
f 172// 179// 173//
f 180// 181// 182//
f 183// 184// 185//
f 185// 184// 186//
f 185// 186// 187//
f 188// 159// 189//
f 189// 159// 190//
f 191// 192// 182//
f 182// 192// 193//
f 182// 193// 180//
f 188// 194// 195//
f 195// 194// 196//
f 195// 196// 197//
f 188// 195// 159//
f 159// 195// 198//
f 159// 198// 157//
f 199// 200// 201//
f 201// 200// 202//
f 201// 202// 196//
f 196// 202// 203//
f 196// 203// 197//
f 204// 205// 206//
f 206// 205// 207//
f 206// 207// 208//
f 208// 207// 209//
f 208// 209// 210//
f 204// 206// 211//
f 211// 206// 212//
f 211// 212// 213//
f 213// 212// 214//
f 213// 214// 215//
f 216// 217// 218//
f 218// 217// 219//
f 218// 219// 220//
f 221// 185// 222//
f 222// 185// 223//
f 222// 223// 224//
f 224// 223// 215//
f 224// 215// 225//
f 225// 215// 214//
f 226// 227// 228//
f 221// 229// 185//
f 185// 229// 217//
f 185// 217// 230//
f 230// 217// 216//
f 230// 231// 185//
f 185// 231// 232//
f 185// 232// 233//
f 234// 235// 236//
f 228// 237// 226//
f 226// 237// 238//
f 226// 238// 220//
f 220// 238// 239//
f 220// 239// 218//
f 240// 241// 242//
f 243// 244// 185//
f 185// 244// 245//
f 236// 246// 234//
f 234// 246// 247//
f 234// 247// 248//
f 234// 249// 235//
f 235// 249// 250//
f 235// 250// 251//
f 245// 252// 185//
f 185// 252// 253//
f 185// 253// 254//
f 180// 255// 181//
f 181// 255// 183//
f 181// 183// 256//
f 256// 183// 185//
f 256// 185// 257//
f 257// 185// 254//
f 258// 259// 260//
f 260// 259// 235//
f 260// 235// 261//
f 261// 235// 251//
f 233// 262// 185//
f 185// 262// 263//
f 185// 263// 242//
f 247// 243// 248//
f 248// 243// 185//
f 248// 185// 264//
f 264// 185// 242//
f 264// 242// 265//
f 265// 242// 241//
f 266// 267// 268//
f 268// 267// 269//
f 268// 269// 242//
f 242// 269// 270//
f 242// 270// 240//
f 271// 272// 273//
f 273// 272// 274//
f 273// 274// 275//
f 276// 277// 185//
f 185// 277// 278//
f 185// 278// 223//
f 271// 273// 279//
f 279// 273// 280//
f 279// 280// 281//
f 275// 282// 273//
f 273// 282// 283//
f 273// 283// 185//
f 185// 283// 284//
f 185// 284// 285//
f 286// 276// 287//
f 287// 276// 185//
f 287// 185// 288//
f 288// 185// 285//
f 289// 290// 286//
f 286// 290// 291//
f 286// 291// 276//
f 292// 293// 294//
f 294// 293// 295//
f 294// 295// 286//
f 286// 295// 296//
f 286// 296// 289//
f 297// 298// 273//
f 273// 298// 299//
f 273// 299// 300//
f 300// 301// 273//
f 273// 301// 302//
f 273// 302// 280//
f 280// 302// 303//
f 280// 303// 304//
f 305// 306// 307//
f 308// 309// 310//
f 311// 312// 313//
f 314// 315// 316//
f 312// 317// 313//
f 313// 317// 318//
f 313// 318// 319//
f 320// 313// 321//
f 321// 313// 322//
f 310// 323// 324//
f 324// 323// 325//
f 326// 327// 328//
f 329// 330// 310//
f 310// 330// 331//
f 310// 331// 332//
f 333// 310// 334//
f 334// 310// 335//
f 336// 307// 337//
f 337// 307// 338//
f 325// 339// 324//
f 324// 339// 340//
f 324// 340// 341//
f 341// 340// 342//
f 342// 340// 343//
f 342// 343// 344//
f 345// 322// 346//
f 346// 322// 313//
f 346// 313// 347//
f 347// 313// 319//
f 348// 349// 350//
f 350// 351// 348//
f 348// 351// 352//
f 348// 352// 353//
f 354// 355// 356//
f 356// 355// 357//
f 356// 357// 358//
f 359// 360// 309//
f 309// 360// 361//
f 309// 361// 310//
f 310// 361// 362//
f 310// 362// 329//
f 363// 307// 364//
f 364// 307// 310//
f 364// 310// 365//
f 366// 367// 368//
f 368// 367// 363//
f 363// 367// 307//
f 307// 367// 369//
f 307// 369// 338//
f 344// 370// 342//
f 342// 370// 371//
f 342// 371// 372//
f 326// 373// 327//
f 327// 373// 374//
f 327// 374// 375//
f 376// 377// 345//
f 345// 377// 378//
f 345// 378// 322//
f 379// 380// 381//
f 381// 380// 313//
f 381// 313// 382//
f 382// 313// 320//
f 380// 383// 313//
f 313// 383// 384//
f 313// 384// 316//
f 316// 384// 385//
f 316// 385// 386//
f 332// 387// 310//
f 310// 387// 388//
f 310// 388// 335//
f 389// 390// 333//
f 333// 390// 391//
f 333// 391// 310//
f 310// 391// 392//
f 310// 392// 365//
f 389// 393// 390//
f 390// 393// 394//
f 390// 394// 395//
f 366// 396// 367//
f 367// 396// 397//
f 367// 397// 398//
f 399// 307// 400//
f 400// 307// 401//
f 402// 403// 404//
f 404// 403// 327//
f 404// 327// 405//
f 405// 327// 375//
f 406// 407// 348//
f 348// 407// 408//
f 348// 408// 409//
f 410// 411// 316//
f 316// 411// 412//
f 412// 413// 316//
f 316// 413// 414//
f 316// 414// 415//
f 416// 417// 418//
f 381// 419// 379//
f 379// 419// 420//
f 379// 420// 421//
f 422// 423// 424//
f 425// 426// 427//
f 427// 426// 428//
f 427// 428// 309//
f 309// 428// 429//
f 309// 429// 359//
f 430// 431// 332//
f 332// 431// 432//
f 332// 432// 387//
f 433// 434// 435//
f 435// 434// 436//
f 376// 437// 377//
f 377// 437// 416//
f 377// 416// 438//
f 438// 416// 418//
f 439// 440// 441//
f 386// 442// 316//
f 316// 442// 443//
f 316// 443// 355//
f 409// 444// 348//
f 348// 444// 316//
f 348// 316// 349//
f 349// 316// 445//
f 424// 446// 422//
f 422// 446// 447//
f 422// 447// 358//
f 358// 447// 448//
f 358// 448// 356//
f 449// 450// 451//
f 452// 453// 454//
f 454// 453// 455//
f 454// 455// 395//
f 395// 455// 456//
f 395// 456// 390//
f 444// 457// 316//
f 316// 457// 458//
f 316// 458// 459//
f 410// 316// 460//
f 460// 316// 315//
f 460// 315// 435//
f 435// 315// 461//
f 435// 461// 433//
f 462// 463// 316//
f 316// 463// 464//
f 465// 466// 316//
f 316// 466// 467//
f 421// 468// 379//
f 379// 468// 439//
f 379// 439// 469//
f 469// 439// 441//
f 354// 470// 355//
f 355// 470// 471//
f 355// 471// 316//
f 316// 471// 472//
f 316// 472// 445//
f 430// 473// 431//
f 431// 473// 449//
f 431// 449// 474//
f 474// 449// 451//
f 475// 476// 477//
f 477// 476// 478//
f 477// 478// 397//
f 397// 478// 479//
f 397// 479// 398//
f 336// 480// 307//
f 307// 480// 481//
f 307// 481// 401//
f 401// 481// 482//
f 401// 482// 483//
f 328// 484// 326//
f 326// 484// 485//
f 326// 485// 459//
f 459// 485// 486//
f 459// 486// 316//
f 316// 486// 487//
f 316// 487// 314//
f 488// 489// 490//
f 490// 489// 491//
f 492// 493// 494//
f 495// 496// 415//
f 415// 496// 497//
f 415// 497// 316//
f 316// 497// 498//
f 316// 498// 462//
f 464// 499// 316//
f 316// 499// 500//
f 316// 500// 465//
f 465// 500// 490//
f 465// 490// 501//
f 501// 490// 491//
f 502// 503// 504//
f 504// 503// 505//
f 504// 505// 506//
f 507// 324// 508//
f 508// 324// 316//
f 508// 316// 509//
f 509// 316// 505//
f 510// 511// 324//
f 324// 511// 512//
f 324// 512// 310//
f 310// 512// 513//
f 310// 513// 308//
f 494// 514// 492//
f 492// 514// 515//
f 492// 515// 483//
f 483// 515// 516//
f 483// 516// 401//
f 517// 518// 519//
f 519// 518// 520//
f 519// 520// 436//
f 436// 520// 521//
f 436// 521// 435//
f 522// 523// 524//
f 467// 525// 316//
f 316// 525// 526//
f 316// 526// 505//
f 505// 526// 527//
f 505// 527// 506//
f 495// 528// 496//
f 496// 528// 522//
f 496// 522// 529//
f 529// 522// 524//
f 530// 531// 532//
f 533// 534// 507//
f 507// 534// 535//
f 507// 535// 324//
f 324// 535// 536//
f 324// 536// 510//
f 533// 537// 534//
f 534// 537// 538//
f 534// 538// 539//
f 488// 540// 489//
f 489// 540// 530//
f 489// 530// 541//
f 541// 530// 532//
f 542// 543// 544//
f 544// 543// 545//
f 544// 545// 504//
f 504// 545// 546//
f 504// 546// 502//
f 547// 548// 549//
f 549// 550// 547//
f 547// 550// 551//
f 547// 551// 539//
f 539// 551// 552//
f 539// 552// 534//
f 553// 554// 313//
f 313// 555// 556//
f 556// 557// 313//
f 313// 557// 558//
f 313// 558// 559//
f 559// 560// 313//
f 313// 560// 561//
f 313// 561// 311//
f 554// 562// 563//
f 563// 562// 564//
f 563// 564// 565//
f 554// 563// 313//
f 313// 563// 566//
f 313// 566// 555//
f 567// 568// 569//
f 569// 568// 570//
f 569// 570// 571//
f 571// 570// 560//
f 571// 560// 572//
f 572// 560// 559//
f 573// 574// 575//
f 575// 574// 576//
f 575// 576// 564//
f 564// 576// 577//
f 564// 577// 565//
f 578// 579// 580//
f 581// 582// 579//
f 579// 582// 583//
f 580// 584// 578//
f 578// 584// 585//
f 578// 585// 313//
f 313// 585// 586//
f 313// 586// 553//
f 583// 587// 579//
f 579// 587// 588//
f 579// 588// 580//
f 580// 588// 589//
f 580// 589// 590//
f 590// 589// 591//
f 592// 593// 589//
f 589// 593// 594//
f 589// 594// 591//
f 595// 596// 597//
f 592// 598// 593//
f 593// 598// 595//
f 593// 595// 599//
f 599// 595// 597//
f 600// 601// 579//
f 602// 603// 604//
f 604// 603// 605//
f 604// 605// 579//
f 579// 605// 606//
f 579// 606// 600//
f 601// 607// 579//
f 579// 607// 608//
f 579// 608// 581//
f 609// 610// 601//
f 601// 610// 611//
f 601// 611// 607//
f 612// 613// 614//
f 609// 615// 610//
f 610// 615// 612//
f 610// 612// 616//
f 616// 612// 614//
f 617// 604// 618//
f 618// 604// 619//
f 619// 604// 620//
f 620// 604// 621//
f 620// 621// 622//
f 617// 623// 624//
f 624// 623// 625//
f 624// 625// 626//
f 617// 624// 604//
f 604// 624// 627//
f 604// 627// 602//
f 628// 629// 630//
f 630// 629// 631//
f 630// 631// 625//
f 625// 631// 632//
f 625// 632// 626//
f 633// 634// 621//
f 621// 634// 635//
f 621// 635// 622//
f 636// 637// 638//
f 639// 640// 641//
f 641// 640// 642//
f 639// 643// 640//
f 640// 643// 644//
f 640// 644// 645//
f 644// 646// 645//
f 645// 646// 647//
f 645// 647// 648//
f 649// 650// 651//
f 651// 650// 652//
f 653// 654// 621//
f 655// 656// 657//
f 658// 659// 660//
f 650// 653// 652//
f 652// 653// 621//
f 652// 621// 661//
f 661// 621// 645//
f 661// 645// 662//
f 662// 645// 648//
f 654// 663// 621//
f 621// 663// 664//
f 621// 664// 665//
f 666// 667// 668//
f 637// 669// 657//
f 657// 669// 670//
f 657// 670// 645//
f 645// 670// 671//
f 645// 671// 672//
f 660// 673// 658//
f 658// 673// 674//
f 658// 674// 649//
f 649// 674// 675//
f 649// 675// 650//
f 676// 677// 678//
f 679// 680// 621//
f 681// 682// 645//
f 645// 682// 683//
f 645// 683// 684//
f 685// 645// 686//
f 686// 645// 687//
f 685// 688// 645//
f 645// 688// 689//
f 645// 689// 690//
f 691// 692// 693//
f 694// 695// 696//
f 696// 695// 697//
f 668// 698// 666//
f 666// 698// 699//
f 666// 699// 700//
f 666// 701// 667//
f 667// 701// 702//
f 667// 702// 703//
f 704// 705// 706//
f 707// 708// 709//
f 709// 708// 656//
f 707// 710// 708//
f 708// 710// 711//
f 708// 711// 712//
f 713// 714// 715//
f 715// 714// 716//
f 715// 716// 717//
f 717// 716// 718//
f 717// 718// 638//
f 638// 718// 719//
f 638// 719// 636//
f 720// 721// 722//
f 722// 721// 723//
f 722// 723// 724//
f 723// 725// 724//
f 724// 725// 726//
f 724// 726// 727//
f 687// 645// 728//
f 728// 645// 684//
f 728// 684// 729//
f 730// 731// 732//
f 732// 731// 667//
f 732// 667// 733//
f 733// 667// 703//
f 676// 734// 677//
f 677// 734// 735//
f 677// 735// 736//
f 737// 633// 738//
f 739// 740// 657//
f 657// 740// 741//
f 657// 741// 637//
f 637// 741// 742//
f 637// 742// 638//
f 672// 743// 645//
f 645// 743// 744//
f 645// 744// 724//
f 745// 746// 747//
f 747// 746// 748//
f 747// 748// 749//
f 749// 748// 750//
f 749// 750// 684//
f 684// 750// 751//
f 684// 751// 729//
f 752// 640// 753//
f 753// 640// 754//
f 755// 756// 757//
f 757// 756// 677//
f 757// 677// 758//
f 758// 677// 736//
f 759// 760// 621//
f 621// 760// 761//
f 762// 763// 764//
f 764// 763// 765//
f 764// 765// 711//
f 711// 765// 766//
f 711// 766// 712//
f 657// 767// 768//
f 768// 769// 657//
f 657// 769// 770//
f 657// 770// 739//
f 739// 770// 771//
f 739// 771// 772//
f 772// 771// 773//
f 772// 773// 774//
f 774// 773// 775//
f 776// 777// 778//
f 778// 777// 779//
f 778// 779// 780//
f 780// 779// 781//
f 780// 781// 773//
f 773// 781// 782//
f 773// 782// 775//
f 727// 783// 724//
f 724// 783// 784//
f 724// 784// 645//
f 645// 784// 785//
f 645// 785// 681//
f 786// 787// 645//
f 788// 789// 790//
f 790// 789// 791//
f 790// 791// 694//
f 694// 791// 792//
f 694// 792// 695//
f 678// 793// 676//
f 676// 793// 794//
f 676// 794// 761//
f 761// 794// 795//
f 761// 795// 621//
f 621// 795// 796//
f 621// 796// 679//
f 680// 797// 621//
f 621// 797// 798//
f 621// 798// 633//
f 633// 798// 799//
f 633// 799// 738//
f 656// 708// 657//
f 657// 708// 800//
f 657// 800// 767//
f 801// 802// 803//
f 803// 802// 804//
f 803// 804// 805//
f 806// 807// 645//
f 645// 807// 808//
f 787// 809// 645//
f 645// 809// 810//
f 645// 810// 640//
f 640// 810// 811//
f 640// 811// 754//
f 665// 812// 621//
f 621// 812// 813//
f 621// 813// 706//
f 814// 815// 816//
f 816// 815// 817//
f 816// 817// 706//
f 706// 817// 818//
f 706// 818// 704//
f 819// 820// 645//
f 821// 822// 823//
f 823// 822// 824//
f 823// 824// 825//
f 825// 824// 691//
f 825// 691// 826//
f 826// 691// 693//
f 699// 759// 700//
f 700// 759// 621//
f 700// 621// 827//
f 827// 621// 706//
f 827// 706// 828//
f 828// 706// 705//
f 829// 830// 831//
f 831// 830// 832//
f 831// 832// 803//
f 803// 832// 833//
f 803// 833// 801//
f 834// 835// 836//
f 836// 835// 837//
f 836// 837// 838//
f 838// 837// 839//
f 838// 839// 840//
f 840// 839// 841//
f 840// 841// 842//
f 808// 843// 645//
f 645// 843// 844//
f 645// 844// 786//
f 786// 844// 845//
f 786// 845// 846//
f 846// 845// 847//
f 846// 847// 848//
f 848// 847// 849//
f 850// 851// 852//
f 852// 851// 853//
f 852// 853// 854//
f 854// 853// 855//
f 854// 855// 847//
f 847// 855// 856//
f 847// 856// 849//
f 857// 858// 859//
f 859// 858// 860//
f 859// 860// 738//
f 738// 860// 861//
f 738// 861// 737//
f 862// 863// 864//
f 865// 645// 866//
f 866// 645// 867//
f 690// 868// 869//
f 869// 868// 862//
f 869// 862// 870//
f 870// 862// 864//
f 692// 871// 693//
f 693// 871// 806//
f 693// 806// 872//
f 872// 806// 645//
f 872// 645// 873//
f 873// 645// 874//
f 869// 875// 690//
f 690// 875// 876//
f 690// 876// 645//
f 645// 876// 877//
f 645// 877// 867//
f 878// 879// 645//
f 645// 879// 880//
f 645// 880// 696//
f 645// 820// 874//
f 874// 820// 881//
f 874// 881// 805//
f 805// 881// 882//
f 805// 882// 803//
f 865// 883// 645//
f 645// 883// 884//
f 645// 884// 840//
f 697// 885// 696//
f 696// 885// 886//
f 696// 886// 645//
f 645// 886// 887//
f 645// 887// 819//
f 842// 888// 840//
f 840// 888// 889//
f 840// 889// 645//
f 645// 889// 890//
f 645// 890// 878//
f 891// 892// 893//
f 893// 892// 21//
f 893// 21// 894//
f 894// 21// 895//
f 896// 897// 22//
f 22// 897// 898//
f 22// 898// 21//
f 21// 898// 899//
f 21// 899// 895//
f 306// 305// 900//
f 900// 305// 901//
f 900// 901// 902//
f 902// 901// 903//
f 902// 903// 904//
f 904// 905// 906//
f 906// 905// 892//
f 906// 892// 657//
f 657// 892// 891//
f 657// 891// 655//
f 907// 908// 909//
f 909// 908// 3//
f 910// 3// 131//
f 131// 3// 2//
f 131// 2// 129//
f 910// 911// 3//
f 3// 911// 912//
f 3// 912// 909//
f 909// 912// 913//
f 909// 913// 914//
f 914// 913// 915//
f 914// 915// 916//
f 916// 917// 914//
f 914// 917// 918//
f 914// 918// 919//
f 920// 921// 914//
f 914// 921// 922//
f 923// 924// 925//
f 925// 924// 926//
f 922// 927// 914//
f 914// 927// 926//
f 914// 926// 928//
f 928// 926// 924//
f 919// 929// 914//
f 914// 929// 930//
f 914// 930// 920//
f 931// 932// 21//
f 933// 934// 6//
f 6// 934// 935//
f 936// 937// 6//
f 6// 937// 938//
f 6// 938// 933//
f 139// 126// 132//
f 132// 126// 6//
f 132// 6// 939//
f 939// 6// 935//
f 932// 940// 21//
f 21// 940// 941//
f 21// 941// 942//
f 942// 936// 21//
f 21// 936// 6//
f 21// 6// 19//
f 19// 6// 10//
f 19// 10// 943//
f 907// 944// 908//
f 908// 944// 945//
f 908// 945// 905//
f 945// 946// 905//
f 905// 946// 947//
f 905// 947// 892//
f 892// 947// 948//
f 892// 948// 21//
f 21// 948// 949//
f 21// 949// 931//
f 399// 950// 307//
f 307// 950// 297//
f 307// 297// 305//
f 305// 297// 273//
f 305// 273// 901//
f 901// 273// 951//
f 901// 951// 903//
f 903// 951// 952//
f 147// 148// 145//
f 145// 148// 3//
f 145// 3// 953//
f 904// 903// 905//
f 905// 903// 952//
f 905// 952// 908//
f 908// 952// 954//
f 908// 954// 3//
f 3// 954// 955//
f 3// 955// 953//
f 953// 956// 145//
f 145// 956// 957//
f 145// 957// 952//
f 952// 957// 958//
f 952// 958// 954//
f 959// 960// 961//
f 961// 960// 957//
f 961// 957// 962//
f 962// 957// 956//
f 962// 956// 963//
f 963// 956// 964//
f 965// 966// 951//
f 951// 966// 967//
f 951// 967// 968//
f 160// 169// 159//
f 159// 169// 145//
f 159// 145// 969//
f 969// 970// 159//
f 159// 970// 971//
f 159// 971// 972//
f 972// 973// 159//
f 159// 973// 974//
f 159// 974// 975//
f 968// 976// 951//
f 951// 976// 977//
f 951// 977// 952//
f 952// 977// 978//
f 952// 978// 145//
f 145// 978// 979//
f 145// 979// 969//
f 975// 980// 159//
f 159// 980// 981//
f 159// 981// 951//
f 951// 981// 982//
f 951// 982// 965//
f 983// 984// 985//
f 985// 984// 986//
f 987// 985// 273//
f 273// 985// 986//
f 273// 986// 951//
f 951// 986// 988//
f 951// 988// 159//
f 159// 988// 989//
f 159// 989// 990//
f 987// 273// 990//
f 990// 273// 185//
f 990// 185// 159//
f 159// 185// 187//
f 159// 187// 190//
f 991// 992// 993//
f 993// 992// 994//
f 993// 994// 995//
f 154// 153// 996//
f 996// 153// 997//
f 996// 997// 998//
f 104// 103// 999//
f 999// 103// 1000//
f 999// 1000// 1001//
f 176// 175// 1002//
f 1002// 175// 1003//
f 1002// 1003// 1004//
f 995// 1005// 1006//
f 88// 87// 1007//
f 1007// 87// 1008//
f 1009// 1010// 995//
f 1011// 995// 1012//
f 1012// 995// 1006//
f 1012// 1006// 1013//
f 1013// 1006// 1014//
f 1013// 1014// 199//
f 199// 1014// 200//
f 1015// 1016// 995//
f 101// 100// 1017//
f 1017// 100// 1018//
f 1017// 1018// 1019//
f 259// 258// 1020//
f 1020// 258// 1021//
f 1020// 1021// 1022//
f 1021// 1015// 1022//
f 1022// 1015// 995//
f 1022// 995// 1023//
f 1023// 995// 1011//
f 1023// 1011// 1024//
f 1024// 1011// 1025//
f 1024// 1025// 191//
f 191// 1025// 192//
f 1018// 1009// 1019//
f 1019// 1009// 995//
f 1019// 995// 1026//
f 993// 9// 991//
f 991// 9// 8//
f 991// 8// 1027//
f 1027// 8// 1028//
f 1027// 1028// 994//
f 994// 1028// 1029//
f 994// 1029// 995//
f 995// 1029// 1008//
f 87// 1030// 1008//
f 1008// 1030// 1031//
f 1008// 1031// 995//
f 995// 1031// 1001//
f 995// 1001// 1026//
f 1026// 1001// 1000//
f 98// 97// 1032//
f 1032// 97// 1033//
f 1032// 1033// 1010//
f 1010// 1033// 1034//
f 1010// 1034// 995//
f 995// 1034// 1035//
f 1036// 1037// 995//
f 110// 109// 1038//
f 1038// 109// 1039//
f 1038// 1039// 1035//
f 1035// 1039// 1040//
f 1035// 1040// 995//
f 995// 1040// 1041//
f 1003// 1005// 1004//
f 1004// 1005// 995//
f 1004// 995// 1042//
f 228// 227// 1043//
f 1043// 227// 1044//
f 1043// 1044// 1045//
f 1044// 1036// 1045//
f 1045// 1036// 995//
f 1045// 995// 1046//
f 1046// 995// 1016//
f 1046// 1016// 1047//
f 1047// 1016// 1048//
f 1047// 1048// 266//
f 266// 1048// 267//
f 1037// 1049// 1050//
f 1050// 1049// 210//
f 1050// 210// 1051//
f 1051// 210// 209//
f 1051// 209// 1052//
f 1052// 209// 995//
f 1052// 995// 1053//
f 1053// 995// 1037//
f 1053// 1037// 1050//
f 142// 141// 1054//
f 1054// 141// 1055//
f 1054// 1055// 1041//
f 1041// 1055// 1056//
f 1041// 1056// 995//
f 995// 1056// 998//
f 995// 998// 1042//
f 1042// 998// 997//
f 1057// 1058// 995//
f 995// 1058// 1059//
f 995// 1059// 1060//
f 426// 425// 1061//
f 1061// 425// 1062//
f 1061// 1062// 1063//
f 281// 304// 1064//
f 1064// 304// 1065//
f 1064// 1065// 1066//
f 549// 548// 1067//
f 1067// 548// 1068//
f 1067// 1068// 1069//
f 293// 292// 1070//
f 1070// 292// 1071//
f 1072// 1073// 1060//
f 1060// 1074// 1075//
f 494// 493// 1076//
f 1076// 493// 1077//
f 1076// 1077// 1078//
f 1079// 1060// 1080//
f 1080// 1060// 1075//
f 1080// 1075// 1081//
f 1081// 1075// 1082//
f 1081// 1082// 542//
f 542// 1082// 543//
f 1083// 1084// 1060//
f 1077// 1072// 1078//
f 1078// 1072// 1060//
f 1078// 1060// 1085//
f 524// 523// 1086//
f 1086// 523// 1087//
f 1086// 1087// 1088//
f 1087// 1083// 1088//
f 1088// 1083// 1060//
f 1088// 1060// 1089//
f 1089// 1060// 1079//
f 1089// 1079// 1090//
f 1090// 1079// 1091//
f 1090// 1091// 531//
f 531// 1091// 532//
f 995// 209// 1057//
f 1057// 209// 207//
f 1057// 207// 1092//
f 1092// 207// 1093//
f 1092// 1093// 1059//
f 1059// 1093// 1094//
f 1059// 1094// 1060//
f 1060// 1094// 1071//
f 292// 1095// 1071//
f 1071// 1095// 1096//
f 1071// 1096// 1060//
f 1060// 1096// 1066//
f 1060// 1066// 1085//
f 1085// 1066// 1065//
f 476// 475// 1097//
f 1097// 475// 1098//
f 1097// 1098// 1073//
f 1073// 1098// 1099//
f 1073// 1099// 1060//
f 1060// 1099// 1100//
f 453// 452// 1101//
f 1101// 452// 1102//
f 1101// 1102// 1100//
f 1100// 1102// 1103//
f 1100// 1103// 1060//
f 1060// 1103// 1104//
f 1068// 1074// 1069//
f 1069// 1074// 1060//
f 1069// 1060// 1105//
f 451// 450// 1106//
f 1106// 450// 1107//
f 1106// 1107// 1104//
f 1104// 1107// 1108//
f 1104// 1108// 1060//
f 1060// 1108// 1063//
f 1060// 1063// 1105//
f 1105// 1063// 1062//
f 1109// 1110// 1060//
f 403// 402// 1111//
f 1111// 402// 1112//
f 1111// 1112// 1113//
f 1112// 1109// 1113//
f 1113// 1109// 1060//
f 1113// 1060// 1114//
f 1114// 1060// 1084//
f 1114// 1084// 1115//
f 1115// 1084// 1116//
f 1115// 1116// 517//
f 517// 1116// 518//
f 1110// 1117// 1118//
f 1118// 1117// 406//
f 1118// 406// 1119//
f 1119// 406// 348//
f 1119// 348// 1120//
f 1120// 348// 1060//
f 1120// 1060// 1121//
f 1121// 1060// 1110//
f 1121// 1110// 1118//
f 1122// 1123// 1060//
f 1060// 1123// 1124//
f 1060// 1124// 1125//
f 614// 613// 1126//
f 1126// 613// 1127//
f 1126// 1127// 1128//
f 441// 440// 1129//
f 1129// 440// 1130//
f 1129// 1130// 1131//
f 629// 628// 1132//
f 1132// 628// 1133//
f 1132// 1133// 1134//
f 424// 423// 1135//
f 1135// 423// 1136//
f 1137// 1138// 1125//
f 1125// 1139// 1140//
f 418// 417// 1141//
f 1141// 417// 1142//
f 1141// 1142// 1143//
f 1144// 1125// 1145//
f 1145// 1125// 1140//
f 1145// 1140// 1146//
f 1146// 1140// 1147//
f 1146// 1147// 857//
f 857// 1147// 858//
f 1148// 1149// 1125//
f 1142// 1137// 1143//
f 1143// 1137// 1125//
f 1143// 1125// 1150//
f 731// 730// 1151//
f 1151// 730// 1152//
f 1151// 1152// 1153//
f 1152// 1148// 1153//
f 1153// 1148// 1125//
f 1153// 1125// 1154//
f 1154// 1125// 1144//
f 1154// 1144// 1155//
f 1155// 1144// 1156//
f 1155// 1156// 755//
f 755// 1156// 756//
f 1060// 348// 1122//
f 1122// 348// 353//
f 1122// 353// 1157//
f 1157// 353// 1158//
f 1157// 1158// 1124//
f 1124// 1158// 1159//
f 1124// 1159// 1125//
f 1125// 1159// 1136//
f 423// 1160// 1136//
f 1136// 1160// 1161//
f 1136// 1161// 1125//
f 1125// 1161// 1131//
f 1125// 1131// 1150//
f 1150// 1131// 1130//
f 568// 567// 1162//
f 1162// 567// 1163//
f 1162// 1163// 1138//
f 1138// 1163// 1164//
f 1138// 1164// 1125//
f 1125// 1164// 1165//
f 574// 573// 1166//
f 1166// 573// 1167//
f 1166// 1167// 1165//
f 1165// 1167// 1168//
f 1165// 1168// 1125//
f 1125// 1168// 1169//
f 1133// 1139// 1134//
f 1134// 1139// 1125//
f 1134// 1125// 1170//
f 597// 596// 1171//
f 1171// 596// 1172//
f 1171// 1172// 1169//
f 1169// 1172// 1173//
f 1169// 1173// 1125//
f 1125// 1173// 1128//
f 1125// 1128// 1170//
f 1170// 1128// 1127//
f 1174// 1175// 1125//
f 660// 659// 1176//
f 1176// 659// 1177//
f 1176// 1177// 1178//
f 1177// 1174// 1178//
f 1178// 1174// 1125//
f 1178// 1125// 1179//
f 1179// 1125// 1149//
f 1179// 1149// 1180//
f 1180// 1149// 1181//
f 1180// 1181// 814//
f 814// 1181// 815//
f 1175// 1182// 1183//
f 1183// 1182// 642//
f 1183// 642// 1184//
f 1184// 642// 640//
f 1184// 640// 1185//
f 1185// 640// 1125//
f 1185// 1125// 1186//
f 1186// 1125// 1175//
f 1186// 1175// 1183//
f 1125// 1187// 1188//
f 746// 745// 1189//
f 1189// 745// 1190//
f 1189// 1190// 1191//
f 1125// 1192// 1193//
f 721// 720// 1194//
f 1194// 720// 1195//
f 1194// 1195// 1193//
f 1193// 1195// 1196//
f 1193// 1196// 1125//
f 1125// 1196// 1197//
f 1198// 1199// 1125//
f 1125// 1199// 1200//
f 1125// 640// 1198//
f 1198// 640// 752//
f 1198// 752// 1201//
f 1201// 752// 1202//
f 1201// 1202// 1200//
f 1200// 1202// 1203//
f 1200// 1203// 1125//
f 1125// 1203// 1204//
f 822// 821// 1205//
f 1205// 821// 1206//
f 1205// 1206// 1207//
f 1125// 1208// 1209//
f 835// 834// 1210//
f 1210// 834// 1211//
f 1210// 1211// 1212//
f 864// 863// 1213//
f 1213// 863// 1214//
f 1213// 1214// 1188//
f 1188// 1214// 1215//
f 1188// 1215// 1125//
f 1125// 1215// 1191//
f 1125// 1191// 1192//
f 1192// 1191// 1190//
f 851// 850// 1216//
f 1216// 850// 1217//
f 1216// 1217// 1204//
f 1204// 1217// 1218//
f 1204// 1218// 1125//
f 1125// 1218// 1207//
f 1125// 1207// 1208//
f 1208// 1207// 1206//
f 830// 829// 1219//
f 1219// 829// 1220//
f 1219// 1220// 1209//
f 1209// 1220// 1221//
f 1209// 1221// 1125//
f 1125// 1221// 1222//
f 1223// 1224// 1225//
f 27// 26// 1226//
f 1226// 26// 1227//
f 1226// 1227// 1228//
f 789// 788// 1229//
f 1229// 788// 1230//
f 1229// 1230// 1222//
f 1222// 1230// 1231//
f 1222// 1231// 1125//
f 1125// 1231// 1212//
f 1125// 1212// 1187//
f 1187// 1212// 1211//
f 714// 713// 1232//
f 1232// 713// 1233//
f 1232// 1233// 1197//
f 1197// 1233// 1234//
f 1197// 1234// 1125//
f 1125// 1234// 1235//
f 777// 776// 1236//
f 1236// 776// 1237//
f 1236// 1237// 1235//
f 1235// 1237// 1238//
f 1235// 1238// 1125//
f 1125// 1238// 1239//
f 763// 762// 1240//
f 1240// 762// 1241//
f 1240// 1241// 1239//
f 1239// 1241// 1242//
f 1239// 1242// 1125//
f 1125// 1242// 1243//
f 1225// 1244// 1223//
f 1223// 1244// 108//
f 1223// 108// 1245//
f 1245// 108// 9//
f 1245// 9// 1246//
f 1246// 9// 993//
f 1246// 993// 1224//
f 1224// 993// 1125//
f 1224// 1125// 1225//
f 1225// 1125// 1247//
f 896// 23// 1248//
f 1248// 23// 1249//
f 1248// 1249// 1243//
f 1243// 1249// 1250//
f 1243// 1250// 1125//
f 1125// 1250// 1228//
f 1125// 1228// 1247//
f 1247// 1228// 1227//
f 1251// 1125// 1252//
f 1252// 1125// 993//
f 1252// 993// 1253//
f 1251// 1254// 1125//
f 1125// 1254// 1255//
f 1125// 1255// 1060//
f 1060// 1255// 1256//
f 1060// 1256// 1257//
f 1257// 1258// 1060//
f 1060// 1258// 1259//
f 1060// 1259// 1260//
f 1261// 1262// 995//
f 1260// 1263// 1060//
f 1060// 1263// 1264//
f 1060// 1264// 995//
f 995// 1264// 1265//
f 995// 1265// 1261//
f 1262// 1266// 995//
f 995// 1266// 1267//
f 995// 1267// 1268//
f 1269// 1270// 993//
f 993// 1270// 1271//
f 993// 1271// 1253//
f 1268// 1272// 995//
f 995// 1272// 1273//
f 995// 1273// 993//
f 993// 1273// 1274//
f 993// 1274// 1269//
usemtl 2
f 1275// 1253// 1276//
f 1276// 1253// 1271//
f 1276// 1271// 1277//
f 1277// 1271// 1270//
f 1277// 1270// 1278//
f 1278// 1270// 1269//
f 1278// 1269// 1279//
f 1279// 1269// 1274//
f 1279// 1274// 1280//
f 1280// 1274// 1273//
f 1280// 1273// 1281//
f 1281// 1273// 1272//
f 1281// 1272// 1282//
f 1282// 1272// 1268//
f 1282// 1268// 1283//
f 1283// 1268// 1267//
f 1283// 1267// 1284//
f 1284// 1267// 1266//
f 1284// 1266// 1285//
f 1285// 1266// 1262//
f 1285// 1262// 1286//
f 1286// 1262// 1261//
f 1286// 1261// 1287//
f 1287// 1261// 1265//
f 1287// 1265// 1288//
f 1288// 1265// 1264//
f 1288// 1264// 1289//
f 1289// 1264// 1263//
f 1289// 1263// 1290//
f 1290// 1263// 1260//
f 1290// 1260// 1291//
f 1291// 1260// 1259//
f 1291// 1259// 1292//
f 1292// 1259// 1258//
f 1292// 1258// 1293//
f 1293// 1258// 1257//
f 1293// 1257// 1294//
f 1294// 1257// 1256//
f 1294// 1256// 1295//
f 1295// 1256// 1255//
f 1295// 1255// 1296//
f 1296// 1255// 1254//
f 1296// 1254// 1297//
f 1297// 1254// 1251//
f 1297// 1251// 1298//
f 1298// 1251// 1252//
f 1298// 1252// 1275//
f 1275// 1252// 1253//
f 1297// 1298// 1299//
f 1299// 1298// 1275//
f 1299// 1275// 1276//
f 1294// 1295// 1299//
f 1299// 1295// 1296//
f 1299// 1296// 1297//
f 1291// 1292// 1299//
f 1299// 1292// 1293//
f 1299// 1293// 1294//
f 1288// 1289// 1299//
f 1299// 1289// 1290//
f 1299// 1290// 1291//
f 1285// 1286// 1299//
f 1299// 1286// 1287//
f 1299// 1287// 1288//
f 1282// 1283// 1299//
f 1299// 1283// 1284//
f 1299// 1284// 1285//
f 1279// 1280// 1299//
f 1299// 1280// 1281//
f 1299// 1281// 1282//
f 1276// 1277// 1299//
f 1299// 1277// 1278//
f 1299// 1278// 1279//
usemtl 3
f 1300// 1301// 1042//
f 1042// 1301// 1004//
usemtl 4
f 152// 1302// 153//
f 153// 1302// 1303//
f 153// 1303// 997//
f 997// 1303// 1304//
f 1002// 1305// 176//
f 176// 1305// 1306//
f 176// 1306// 178//
f 178// 1306// 1307//
f 178// 1307// 1308//
f 178// 1308// 179//
f 179// 1308// 1309//
f 179// 1309// 173//
f 173// 1309// 1310//
f 173// 1310// 171//
f 171// 1310// 1311//
f 171// 1311// 174//
f 174// 1311// 1312//
f 174// 1312// 165//
f 165// 1312// 1313//
f 165// 1313// 164//
f 164// 1313// 1314//
f 164// 1314// 163//
f 163// 1314// 1315//
f 163// 1315// 168//
f 168// 1315// 1316//
f 168// 1316// 150//
f 150// 1316// 1317//
f 150// 1317// 151//
f 151// 1317// 1318//
f 151// 1318// 155//
f 155// 1318// 1302//
f 155// 1302// 152//
usemtl 3
f 1303// 1306// 1305//
f 1303// 1305// 1304//
f 1304// 1305// 1301//
f 1304// 1301// 1300//
usemtl 4
f 1307// 1306// 1303//
f 1314// 1313// 1307//
f 1307// 1313// 1312//
f 1307// 1312// 1311//
f 1303// 1302// 1307//
f 1307// 1302// 1318//
f 1307// 1318// 1317//
f 1317// 1316// 1307//
f 1307// 1316// 1315//
f 1307// 1315// 1314//
f 1311// 1310// 1307//
f 1307// 1310// 1309//
f 1307// 1309// 1308//
usemtl 3
f 1042// 997// 1300//
f 1300// 997// 1304//
f 1301// 1305// 1004//
f 1004// 1305// 1002//
f 1319// 1320// 1056//
f 1056// 1320// 998//
usemtl 4
f 140// 1321// 141//
f 141// 1321// 1322//
f 141// 1322// 1055//
f 1055// 1322// 1323//
f 996// 1324// 154//
f 154// 1324// 1325//
f 154// 1325// 156//
f 156// 1325// 1326//
f 156// 1326// 1327//
f 156// 1327// 149//
f 149// 1327// 1328//
f 149// 1328// 166//
f 166// 1328// 1329//
f 166// 1329// 146//
f 146// 1329// 1330//
f 146// 1330// 147//
f 147// 1330// 1331//
f 147// 1331// 148//
f 148// 1331// 1332//
f 148// 1332// 1//
f 1// 1332// 1333//
f 1// 1333// 129//
f 129// 1333// 1334//
f 129// 1334// 133//
f 133// 1334// 1335//
f 133// 1335// 134//
f 134// 1335// 1336//
f 134// 1336// 135//
f 135// 1336// 1337//
f 135// 1337// 143//
f 143// 1337// 1321//
f 143// 1321// 140//
usemtl 3
f 1322// 1325// 1324//
f 1322// 1324// 1323//
f 1323// 1324// 1320//
f 1323// 1320// 1319//
usemtl 4
f 1326// 1325// 1322//
f 1333// 1332// 1326//
f 1330// 1329// 1328//
f 1322// 1321// 1326//
f 1326// 1321// 1337//
f 1326// 1337// 1336//
f 1332// 1331// 1326//
f 1326// 1331// 1330//
f 1326// 1330// 1327//
f 1327// 1330// 1328//
f 1336// 1335// 1326//
f 1326// 1335// 1334//
f 1326// 1334// 1333//
usemtl 3
f 1338// 1339// 1040//
f 1040// 1339// 1041//
usemtl 4
f 111// 1340// 109//
f 109// 1340// 1341//
f 109// 1341// 1039//
f 1039// 1341// 1342//
f 1054// 1343// 142//
f 142// 1343// 1344//
f 142// 1344// 144//
f 144// 1344// 1345//
f 144// 1345// 1346//
f 144// 1346// 136//
f 136// 1346// 1347//
f 136// 1347// 137//
f 137// 1347// 1348//
f 137// 1348// 138//
f 138// 1348// 1349//
f 138// 1349// 139//
f 139// 1349// 1350//
f 139// 1350// 126//
f 126// 1350// 1351//
f 126// 1351// 127//
f 127// 1351// 1352//
f 127// 1352// 128//
f 128// 1352// 1353//
f 128// 1353// 4//
f 4// 1353// 1354//
f 4// 1354// 46//
f 46// 1354// 1355//
f 46// 1355// 68//
f 68// 1355// 1356//
f 68// 1356// 50//
f 50// 1356// 1340//
f 50// 1340// 111//
usemtl 3
f 1339// 1338// 1343//
f 1343// 1338// 1342//
f 1343// 1342// 1344//
f 1344// 1342// 1341//
usemtl 4
f 1355// 1354// 1353//
f 1352// 1351// 1340//
f 1340// 1351// 1350//
f 1352// 1340// 1353//
f 1353// 1340// 1356//
f 1353// 1356// 1355//
f 1350// 1349// 1340//
f 1340// 1349// 1348//
f 1340// 1348// 1347//
f 1344// 1341// 1345//
f 1345// 1341// 1340//
f 1345// 1340// 1346//
f 1346// 1340// 1347//
usemtl 3
f 1357// 1358// 1034//
f 1034// 1358// 1035//
usemtl 4
f 96// 1359// 97//
f 97// 1359// 1360//
f 97// 1360// 1033//
f 1033// 1360// 1361//
f 1038// 1362// 110//
f 110// 1362// 1363//
f 110// 1363// 112//
f 112// 1363// 1364//
f 112// 1364// 1365//
f 112// 1365// 113//
f 113// 1365// 1366//
f 113// 1366// 48//
f 48// 1366// 1367//
f 48// 1367// 49//
f 49// 1367// 1368//
f 49// 1368// 47//
f 47// 1368// 1369//
f 47// 1369// 45//
f 45// 1369// 1370//
f 45// 1370// 56//
f 56// 1370// 1371//
f 56// 1371// 57//
f 57// 1371// 1372//
f 57// 1372// 58//
f 58// 1372// 1373//
f 58// 1373// 42//
f 42// 1373// 1374//
f 42// 1374// 70//
f 70// 1374// 1375//
f 70// 1375// 71//
f 71// 1375// 1359//
f 71// 1359// 96//
usemtl 3
f 1358// 1357// 1362//
f 1362// 1357// 1361//
f 1362// 1361// 1363//
f 1363// 1361// 1360//
usemtl 4
f 1364// 1363// 1360//
f 1371// 1370// 1364//
f 1368// 1367// 1366//
f 1360// 1359// 1364//
f 1364// 1359// 1375//
f 1364// 1375// 1374//
f 1374// 1373// 1364//
f 1364// 1373// 1372//
f 1364// 1372// 1371//
f 1370// 1369// 1364//
f 1364// 1369// 1368//
f 1364// 1368// 1365//
f 1365// 1368// 1366//
usemtl 3
f 1376// 1377// 1009//
f 1009// 1377// 1010//
usemtl 4
f 99// 1378// 100//
f 100// 1378// 1379//
f 100// 1379// 1018//
f 1018// 1379// 1380//
f 1032// 1381// 98//
f 98// 1381// 1382//
f 98// 1382// 114//
f 114// 1382// 1383//
f 114// 1383// 1384//
f 114// 1384// 115//
f 115// 1384// 1385//
f 115// 1385// 116//
f 116// 1385// 1386//
f 116// 1386// 69//
f 69// 1386// 1387//
f 69// 1387// 40//
f 40// 1387// 1388//
f 40// 1388// 41//
f 41// 1388// 1389//
f 41// 1389// 72//
f 72// 1389// 1390//
f 72// 1390// 73//
f 73// 1390// 1391//
f 73// 1391// 74//
f 74// 1391// 1392//
f 74// 1392// 75//
f 75// 1392// 1393//
f 75// 1393// 80//
f 80// 1393// 1394//
f 80// 1394// 117//
f 117// 1394// 1378//
f 117// 1378// 99//
usemtl 3
f 1377// 1376// 1381//
f 1381// 1376// 1380//
f 1381// 1380// 1382//
f 1382// 1380// 1379//
usemtl 4
f 1393// 1392// 1391//
f 1390// 1389// 1378//
f 1378// 1389// 1388//
f 1390// 1378// 1391//
f 1391// 1378// 1394//
f 1391// 1394// 1393//
f 1388// 1387// 1378//
f 1378// 1387// 1386//
f 1378// 1386// 1385//
f 1382// 1379// 1383//
f 1383// 1379// 1378//
f 1383// 1378// 1384//
f 1384// 1378// 1385//
usemtl 3
f 1395// 1396// 1026//
f 1026// 1396// 1019//
usemtl 4
f 102// 1397// 103//
f 103// 1397// 1398//
f 103// 1398// 1000//
f 1000// 1398// 1399//
f 1017// 1400// 101//
f 101// 1400// 1401//
f 101// 1401// 118//
f 118// 1401// 1402//
f 118// 1402// 1403//
f 118// 1403// 81//
f 81// 1403// 1404//
f 81// 1404// 82//
f 82// 1404// 1405//
f 82// 1405// 43//
f 43// 1405// 1406//
f 43// 1406// 44//
f 44// 1406// 1407//
f 44// 1407// 59//
f 59// 1407// 1408//
f 59// 1408// 60//
f 60// 1408// 1409//
f 60// 1409// 61//
f 61// 1409// 1410//
f 61// 1410// 83//
f 83// 1410// 1411//
f 83// 1411// 84//
f 84// 1411// 1412//
f 84// 1412// 85//
f 85// 1412// 1413//
f 85// 1413// 119//
f 119// 1413// 1397//
f 119// 1397// 102//
usemtl 3
f 1396// 1395// 1400//
f 1400// 1395// 1399//
f 1400// 1399// 1401//
f 1401// 1399// 1398//
usemtl 4
f 1402// 1401// 1398//
f 1409// 1408// 1402//
f 1406// 1405// 1404//
f 1398// 1397// 1402//
f 1402// 1397// 1413//
f 1402// 1413// 1412//
f 1412// 1411// 1402//
f 1402// 1411// 1410//
f 1402// 1410// 1409//
f 1408// 1407// 1402//
f 1402// 1407// 1406//
f 1402// 1406// 1403//
f 1403// 1406// 1404//
usemtl 3
f 1414// 1415// 1031//
f 1031// 1415// 1001//
usemtl 4
f 86// 1416// 87//
f 87// 1416// 1417//
f 87// 1417// 1030//
f 1030// 1417// 1418//
f 999// 1419// 104//
f 104// 1419// 1420//
f 104// 1420// 120//
f 120// 1420// 1421//
f 120// 1421// 1422//
f 120// 1422// 62//
f 62// 1422// 1423//
f 62// 1423// 63//
f 63// 1423// 1424//
f 63// 1424// 64//
f 64// 1424// 1425//
f 64// 1425// 76//
f 76// 1425// 1426//
f 76// 1426// 77//
f 77// 1426// 1427//
f 77// 1427// 78//
f 78// 1427// 1428//
f 78// 1428// 67//
f 67// 1428// 1429//
f 67// 1429// 66//
f 66// 1429// 1430//
f 66// 1430// 65//
f 65// 1430// 1431//
f 65// 1431// 51//
f 51// 1431// 1432//
f 51// 1432// 52//
f 52// 1432// 1416//
f 52// 1416// 86//
usemtl 3
f 1417// 1420// 1419//
f 1417// 1419// 1418//
f 1418// 1419// 1415//
f 1418// 1415// 1414//
usemtl 4
f 1431// 1430// 1429//
f 1416// 1427// 1426//
f 1416// 1432// 1427//
f 1427// 1432// 1431//
f 1427// 1431// 1428//
f 1428// 1431// 1429//
f 1426// 1425// 1416//
f 1416// 1425// 1424//
f 1416// 1424// 1423//
f 1420// 1417// 1421//
f 1421// 1417// 1416//
f 1421// 1416// 1422//
f 1422// 1416// 1423//
usemtl 3
f 1433// 1434// 1029//
f 1029// 1434// 1008//
usemtl 4
f 7// 1435// 8//
f 8// 1435// 1436//
f 8// 1436// 1028//
f 1028// 1436// 1437//
f 1007// 1438// 88//
f 88// 1438// 1439//
f 88// 1439// 105//
f 105// 1439// 1440//
f 105// 1440// 1441//
f 105// 1441// 106//
f 106// 1441// 1442//
f 106// 1442// 107//
f 107// 1442// 1443//
f 107// 1443// 53//
f 53// 1443// 1444//
f 53// 1444// 89//
f 89// 1444// 1445//
f 89// 1445// 90//
f 90// 1445// 1446//
f 90// 1446// 79//
f 79// 1446// 1447//
f 79// 1447// 55//
f 55// 1447// 1448//
f 55// 1448// 123//
f 123// 1448// 1449//
f 123// 1449// 121//
f 121// 1449// 1450//
f 121// 1450// 95//
f 95// 1450// 1451//
f 95// 1451// 93//
f 93// 1451// 1435//
f 93// 1435// 7//
usemtl 3
f 1436// 1439// 1438//
f 1436// 1438// 1437//
f 1437// 1438// 1434//
f 1437// 1434// 1433//
usemtl 4
f 1450// 1449// 1448//
f 1435// 1446// 1445//
f 1435// 1451// 1446//
f 1446// 1451// 1450//
f 1446// 1450// 1447//
f 1447// 1450// 1448//
f 1445// 1444// 1435//
f 1435// 1444// 1443//
f 1435// 1443// 1442//
f 1439// 1436// 1440//
f 1440// 1436// 1435//
f 1440// 1435// 1441//
f 1441// 1435// 1442//
usemtl 3
f 1452// 1453// 1005//
f 1005// 1453// 1006//
usemtl 4
f 177// 1454// 175//
f 175// 1454// 1455//
f 175// 1455// 1003//
f 1003// 1455// 1456//
f 1014// 1457// 200//
f 200// 1457// 1458//
f 200// 1458// 202//
f 202// 1458// 1459//
f 202// 1459// 1460//
f 202// 1460// 203//
f 203// 1460// 1461//
f 203// 1461// 197//
f 197// 1461// 1462//
f 197// 1462// 195//
f 195// 1462// 1463//
f 195// 1463// 198//
f 198// 1463// 1464//
f 198// 1464// 157//
f 157// 1464// 1465//
f 157// 1465// 160//
f 160// 1465// 1466//
f 160// 1466// 169//
f 169// 1466// 1467//
f 169// 1467// 161//
f 161// 1467// 1468//
f 161// 1468// 162//
f 162// 1468// 1469//
f 162// 1469// 170//
f 170// 1469// 1470//
f 170// 1470// 172//
f 172// 1470// 1454//
f 172// 1454// 177//
usemtl 3
f 1453// 1452// 1457//
f 1457// 1452// 1456//
f 1457// 1456// 1458//
f 1458// 1456// 1455//
usemtl 4
f 1454// 1470// 1469//
f 1466// 1465// 1454//
f 1454// 1465// 1464//
f 1469// 1468// 1454//
f 1454// 1468// 1467//
f 1454// 1467// 1466//
f 1464// 1463// 1454//
f 1454// 1463// 1462//
f 1454// 1462// 1461//
f 1458// 1455// 1459//
f 1459// 1455// 1454//
f 1459// 1454// 1460//
f 1460// 1454// 1461//
usemtl 3
f 1471// 1472// 1012//
f 1012// 1472// 1011//
usemtl 4
f 201// 1473// 199//
f 199// 1473// 1474//
f 199// 1474// 1013//
f 1013// 1474// 1475//
f 1025// 1476// 192//
f 192// 1476// 1477//
f 192// 1477// 193//
f 193// 1477// 1478//
f 193// 1478// 1479//
f 193// 1479// 180//
f 180// 1479// 1480//
f 180// 1480// 255//
f 255// 1480// 1481//
f 255// 1481// 183//
f 183// 1481// 1482//
f 183// 1482// 184//
f 184// 1482// 1483//
f 184// 1483// 186//
f 186// 1483// 1484//
f 186// 1484// 187//
f 187// 1484// 1485//
f 187// 1485// 190//
f 190// 1485// 1486//
f 190// 1486// 189//
f 189// 1486// 1487//
f 189// 1487// 188//
f 188// 1487// 1488//
f 188// 1488// 194//
f 194// 1488// 1489//
f 194// 1489// 196//
f 196// 1489// 1473//
f 196// 1473// 201//
usemtl 3
f 1472// 1471// 1476//
f 1476// 1471// 1475//
f 1476// 1475// 1477//
f 1477// 1475// 1474//
usemtl 4
f 1473// 1489// 1488//
f 1485// 1484// 1473//
f 1473// 1484// 1483//
f 1488// 1487// 1473//
f 1473// 1487// 1486//
f 1473// 1486// 1485//
f 1483// 1482// 1473//
f 1473// 1482// 1481//
f 1473// 1481// 1480//
f 1477// 1474// 1478//
f 1478// 1474// 1473//
f 1478// 1473// 1479//
f 1479// 1473// 1480//
usemtl 3
f 1490// 1491// 1023//
f 1023// 1491// 1022//
usemtl 4
f 182// 1492// 191//
f 191// 1492// 1493//
f 191// 1493// 1024//
f 1024// 1493// 1494//
f 1020// 1495// 259//
f 259// 1495// 1496//
f 259// 1496// 235//
f 235// 1496// 1497//
f 235// 1497// 1498//
f 235// 1498// 236//
f 236// 1498// 1499//
f 236// 1499// 246//
f 246// 1499// 1500//
f 246// 1500// 247//
f 247// 1500// 1501//
f 247// 1501// 243//
f 243// 1501// 1502//
f 243// 1502// 244//
f 244// 1502// 1503//
f 244// 1503// 245//
f 245// 1503// 1504//
f 245// 1504// 252//
f 252// 1504// 1505//
f 252// 1505// 253//
f 253// 1505// 1506//
f 253// 1506// 254//
f 254// 1506// 1507//
f 254// 1507// 257//
f 257// 1507// 1508//
f 257// 1508// 181//
f 181// 1508// 1492//
f 181// 1492// 182//
usemtl 3
f 1491// 1490// 1495//
f 1495// 1490// 1494//
f 1495// 1494// 1496//
f 1496// 1494// 1493//
usemtl 4
f 1497// 1496// 1493//
f 1504// 1503// 1497//
f 1501// 1500// 1499//
f 1493// 1492// 1497//
f 1497// 1492// 1508//
f 1497// 1508// 1507//
f 1507// 1506// 1497//
f 1497// 1506// 1505//
f 1497// 1505// 1504//
f 1503// 1502// 1497//
f 1497// 1502// 1501//
f 1497// 1501// 1498//
f 1498// 1501// 1499//
usemtl 3
f 1509// 1510// 1015//
f 1015// 1510// 1016//
usemtl 4
f 260// 1511// 258//
f 258// 1511// 1512//
f 258// 1512// 1021//
f 1021// 1512// 1513//
f 1048// 1514// 267//
f 267// 1514// 1515//
f 267// 1515// 269//
f 269// 1515// 1516//
f 269// 1516// 1517//
f 269// 1517// 270//
f 270// 1517// 1518//
f 270// 1518// 240//
f 240// 1518// 1519//
f 240// 1519// 241//
f 241// 1519// 1520//
f 241// 1520// 265//
f 265// 1520// 1521//
f 265// 1521// 264//
f 264// 1521// 1522//
f 264// 1522// 248//
f 248// 1522// 1523//
f 248// 1523// 234//
f 234// 1523// 1524//
f 234// 1524// 249//
f 249// 1524// 1525//
f 249// 1525// 250//
f 250// 1525// 1526//
f 250// 1526// 251//
f 251// 1526// 1527//
f 251// 1527// 261//
f 261// 1527// 1511//
f 261// 1511// 260//
usemtl 3
f 1510// 1509// 1514//
f 1514// 1509// 1513//
f 1514// 1513// 1515//
f 1515// 1513// 1512//
usemtl 4
f 1526// 1525// 1524//
f 1523// 1522// 1511//
f 1511// 1522// 1521//
f 1523// 1511// 1524//
f 1524// 1511// 1527//
f 1524// 1527// 1526//
f 1521// 1520// 1511//
f 1511// 1520// 1519//
f 1511// 1519// 1518//
f 1515// 1512// 1516//
f 1516// 1512// 1511//
f 1516// 1511// 1517//
f 1517// 1511// 1518//
usemtl 3
f 1528// 1529// 1046//
f 1046// 1529// 1045//
usemtl 4
f 268// 1530// 266//
f 266// 1530// 1531//
f 266// 1531// 1047//
f 1047// 1531// 1532//
f 1043// 1533// 228//
f 228// 1533// 1534//
f 228// 1534// 237//
f 237// 1534// 1535//
f 237// 1535// 1536//
f 237// 1536// 238//
f 238// 1536// 1537//
f 238// 1537// 239//
f 239// 1537// 1538//
f 239// 1538// 218//
f 218// 1538// 1539//
f 218// 1539// 216//
f 216// 1539// 1540//
f 216// 1540// 230//
f 230// 1540// 1541//
f 230// 1541// 231//
f 231// 1541// 1542//
f 231// 1542// 232//
f 232// 1542// 1543//
f 232// 1543// 233//
f 233// 1543// 1544//
f 233// 1544// 262//
f 262// 1544// 1545//
f 262// 1545// 263//
f 263// 1545// 1546//
f 263// 1546// 242//
f 242// 1546// 1530//
f 242// 1530// 268//
usemtl 3
f 1531// 1534// 1533//
f 1531// 1533// 1532//
f 1532// 1533// 1529//
f 1532// 1529// 1528//
usemtl 4
f 1545// 1544// 1543//
f 1530// 1541// 1540//
f 1530// 1546// 1541//
f 1541// 1546// 1545//
f 1541// 1545// 1542//
f 1542// 1545// 1543//
f 1540// 1539// 1530//
f 1530// 1539// 1538//
f 1530// 1538// 1537//
f 1534// 1531// 1535//
f 1535// 1531// 1530//
f 1535// 1530// 1536//
f 1536// 1530// 1537//
usemtl 3
f 1547// 1548// 1036//
f 1036// 1548// 1037//
usemtl 4
f 226// 1549// 227//
f 227// 1549// 1550//
f 227// 1550// 1044//
f 1044// 1550// 1551//
f 1049// 1552// 210//
f 210// 1552// 1553//
f 210// 1553// 208//
f 208// 1553// 1554//
f 208// 1554// 1555//
f 208// 1555// 206//
f 206// 1555// 1556//
f 206// 1556// 212//
f 212// 1556// 1557//
f 212// 1557// 214//
f 214// 1557// 1558//
f 214// 1558// 225//
f 225// 1558// 1559//
f 225// 1559// 224//
f 224// 1559// 1560//
f 224// 1560// 222//
f 222// 1560// 1561//
f 222// 1561// 221//
f 221// 1561// 1562//
f 221// 1562// 229//
f 229// 1562// 1563//
f 229// 1563// 217//
f 217// 1563// 1564//
f 217// 1564// 219//
f 219// 1564// 1565//
f 219// 1565// 220//
f 220// 1565// 1549//
f 220// 1549// 226//
usemtl 3
f 1550// 1553// 1552//
f 1550// 1552// 1551//
f 1551// 1552// 1548//
f 1551// 1548// 1547//
usemtl 4
f 1564// 1563// 1562//
f 1549// 1560// 1559//
f 1549// 1565// 1560//
f 1560// 1565// 1564//
f 1560// 1564// 1561//
f 1561// 1564// 1562//
f 1559// 1558// 1549//
f 1549// 1558// 1557//
f 1549// 1557// 1556//
f 1553// 1550// 1554//
f 1554// 1550// 1549//
f 1554// 1549// 1555//
f 1555// 1549// 1556//
usemtl 3
f 1056// 1055// 1319//
f 1319// 1055// 1323//
f 1320// 1324// 998//
f 998// 1324// 996//
f 1040// 1039// 1338//
f 1338// 1039// 1342//
f 1339// 1343// 1041//
f 1041// 1343// 1054//
f 1034// 1033// 1357//
f 1357// 1033// 1361//
f 1358// 1362// 1035//
f 1035// 1362// 1038//
f 1009// 1018// 1376//
f 1376// 1018// 1380//
f 1377// 1381// 1010//
f 1010// 1381// 1032//
f 1026// 1000// 1395//
f 1395// 1000// 1399//
f 1396// 1400// 1019//
f 1019// 1400// 1017//
f 1031// 1030// 1414//
f 1414// 1030// 1418//
f 1415// 1419// 1001//
f 1001// 1419// 999//
f 1029// 1028// 1433//
f 1433// 1028// 1437//
f 1434// 1438// 1008//
f 1008// 1438// 1007//
f 1005// 1003// 1452//
f 1452// 1003// 1456//
f 1453// 1457// 1006//
f 1006// 1457// 1014//
f 1012// 1013// 1471//
f 1471// 1013// 1475//
f 1472// 1476// 1011//
f 1011// 1476// 1025//
f 1023// 1024// 1490//
f 1490// 1024// 1494//
f 1491// 1495// 1022//
f 1022// 1495// 1020//
f 1015// 1021// 1509//
f 1509// 1021// 1513//
f 1510// 1514// 1016//
f 1016// 1514// 1048//
f 1046// 1047// 1528//
f 1528// 1047// 1532//
f 1529// 1533// 1045//
f 1045// 1533// 1043//
f 1036// 1044// 1547//
f 1547// 1044// 1551//
f 1548// 1552// 1037//
f 1037// 1552// 1049//
f 1566// 1567// 1105//
f 1105// 1567// 1069//
usemtl 4
f 1067// 1568// 549//
f 549// 1568// 1569//
f 549// 1569// 550//
f 550// 1569// 1570//
f 550// 1570// 1571//
f 550// 1571// 551//
f 551// 1571// 1572//
f 551// 1572// 552//
f 552// 1572// 1573//
f 552// 1573// 534//
f 534// 1573// 1574//
f 534// 1574// 535//
f 535// 1574// 1575//
f 535// 1575// 536//
f 536// 1575// 1576//
f 536// 1576// 510//
f 510// 1576// 1577//
f 510// 1577// 511//
f 511// 1577// 1578//
f 511// 1578// 512//
f 512// 1578// 1579//
f 512// 1579// 513//
f 513// 1579// 1580//
f 513// 1580// 308//
f 308// 1580// 1581//
f 308// 1581// 309//
f 309// 1581// 1582//
f 309// 1582// 427//
f 1569// 1583// 1570//
f 1570// 1583// 1582//
f 1582// 1581// 1570//
f 1570// 1581// 1580//
f 1570// 1580// 1579//
f 1579// 1578// 1570//
f 1570// 1578// 1577//
f 1570// 1577// 1571//
f 1574// 1573// 1575//
f 1575// 1573// 1576//
f 1576// 1573// 1577//
f 1577// 1573// 1572//
f 1577// 1572// 1571//
f 427// 1582// 425//
f 425// 1582// 1583//
f 425// 1583// 1062//
f 1062// 1583// 1584//
usemtl 3
f 1105// 1062// 1566//
f 1566// 1062// 1584//
f 1583// 1569// 1568//
f 1583// 1568// 1584//
f 1584// 1568// 1567//
f 1584// 1567// 1566//
f 1567// 1568// 1069//
f 1069// 1568// 1067//
f 1585// 1586// 1170//
f 1170// 1586// 1134//
usemtl 4
f 1132// 1587// 629//
f 629// 1587// 1588//
f 629// 1588// 631//
f 631// 1588// 1589//
f 631// 1589// 1590//
f 631// 1590// 632//
f 632// 1590// 1591//
f 632// 1591// 626//
f 626// 1591// 1592//
f 626// 1592// 624//
f 624// 1592// 1593//
f 624// 1593// 627//
f 627// 1593// 1594//
f 627// 1594// 602//
f 602// 1594// 1595//
f 602// 1595// 605//
f 605// 1595// 1596//
f 605// 1596// 606//
f 606// 1596// 1597//
f 606// 1597// 600//
f 600// 1597// 1598//
f 600// 1598// 601//
f 601// 1598// 1599//
f 601// 1599// 609//
f 609// 1599// 1600//
f 609// 1600// 615//
f 615// 1600// 1601//
f 615// 1601// 612//
f 1589// 1588// 1602//
f 1596// 1595// 1589//
f 1589// 1595// 1594//
f 1589// 1594// 1593//
f 1602// 1601// 1589//
f 1589// 1601// 1600//
f 1589// 1600// 1599//
f 1599// 1598// 1589//
f 1589// 1598// 1597//
f 1589// 1597// 1596//
f 1593// 1592// 1589//
f 1589// 1592// 1591//
f 1589// 1591// 1590//
f 612// 1601// 613//
f 613// 1601// 1602//
f 613// 1602// 1127//
f 1127// 1602// 1603//
usemtl 3
f 1170// 1127// 1585//
f 1585// 1127// 1603//
f 1602// 1588// 1587//
f 1602// 1587// 1603//
f 1603// 1587// 1586//
f 1603// 1586// 1585//
f 1586// 1587// 1134//
f 1134// 1587// 1132//
f 1604// 1605// 1192//
f 1192// 1605// 1193//
usemtl 4
f 1194// 1606// 721//
f 721// 1606// 1607//
f 721// 1607// 723//
f 723// 1607// 1608//
f 723// 1608// 1609//
f 723// 1609// 725//
f 725// 1609// 1610//
f 725// 1610// 726//
f 726// 1610// 1611//
f 726// 1611// 727//
f 727// 1611// 1612//
f 727// 1612// 783//
f 783// 1612// 1613//
f 783// 1613// 784//
f 784// 1613// 1614//
f 784// 1614// 785//
f 785// 1614// 1615//
f 785// 1615// 681//
f 681// 1615// 1616//
f 681// 1616// 682//
f 682// 1616// 1617//
f 682// 1617// 683//
f 683// 1617// 1618//
f 683// 1618// 684//
f 684// 1618// 1619//
f 684// 1619// 749//
f 749// 1619// 1620//
f 749// 1620// 747//
f 1607// 1621// 1608//
f 1608// 1621// 1620//
f 1612// 1611// 1620//
f 1619// 1618// 1614//
f 1614// 1618// 1617//
f 1614// 1617// 1615//
f 1615// 1617// 1616//
f 1619// 1614// 1620//
f 1620// 1614// 1613//
f 1620// 1613// 1612//
f 1611// 1610// 1620//
f 1620// 1610// 1609//
f 1620// 1609// 1608//
f 747// 1620// 745//
f 745// 1620// 1621//
f 745// 1621// 1190//
f 1190// 1621// 1622//
usemtl 3
f 1192// 1190// 1604//
f 1604// 1190// 1622//
f 1621// 1607// 1606//
f 1621// 1606// 1622//
f 1622// 1606// 1605//
f 1622// 1605// 1604//
f 1605// 1606// 1193//
f 1193// 1606// 1194//
f 1623// 1624// 1109//
f 1109// 1624// 1110//
usemtl 4
f 1117// 1625// 406//
f 406// 1625// 1626//
f 406// 1626// 407//
f 407// 1626// 1627//
f 407// 1627// 1628//
f 407// 1628// 408//
f 408// 1628// 1629//
f 408// 1629// 409//
f 409// 1629// 1630//
f 409// 1630// 444//
f 444// 1630// 1631//
f 444// 1631// 457//
f 457// 1631// 1632//
f 457// 1632// 458//
f 458// 1632// 1633//
f 458// 1633// 459//
f 459// 1633// 1634//
f 459// 1634// 326//
f 326// 1634// 1635//
f 326// 1635// 373//
f 373// 1635// 1636//
f 373// 1636// 374//
f 374// 1636// 1637//
f 374// 1637// 375//
f 375// 1637// 1638//
f 375// 1638// 405//
f 405// 1638// 1639//
f 405// 1639// 404//
f 1626// 1640// 1627//
f 1627// 1640// 1639//
f 1627// 1639// 1638//
f 1638// 1637// 1627//
f 1627// 1637// 1636//
f 1627// 1636// 1628//
f 1635// 1634// 1630//
f 1635// 1630// 1636//
f 1636// 1630// 1629//
f 1636// 1629// 1628//
f 1634// 1633// 1630//
f 1630// 1633// 1632//
f 1630// 1632// 1631//
f 404// 1639// 402//
f 402// 1639// 1640//
f 402// 1640// 1112//
f 1112// 1640// 1641//
usemtl 3
f 1109// 1112// 1623//
f 1623// 1112// 1641//
f 1640// 1626// 1625//
f 1640// 1625// 1641//
f 1641// 1625// 1624//
f 1641// 1624// 1623//
f 1624// 1625// 1110//
f 1110// 1625// 1117//
f 1642// 1643// 1174//
f 1174// 1643// 1175//
usemtl 4
f 1182// 1644// 642//
f 642// 1644// 1645//
f 642// 1645// 641//
f 641// 1645// 1646//
f 641// 1646// 1647//
f 641// 1647// 639//
f 639// 1647// 1648//
f 639// 1648// 643//
f 643// 1648// 1649//
f 643// 1649// 644//
f 644// 1649// 1650//
f 644// 1650// 646//
f 646// 1650// 1651//
f 646// 1651// 647//
f 647// 1651// 1652//
f 647// 1652// 648//
f 648// 1652// 1653//
f 648// 1653// 662//
f 662// 1653// 1654//
f 662// 1654// 661//
f 661// 1654// 1655//
f 661// 1655// 652//
f 652// 1655// 1656//
f 652// 1656// 651//
f 651// 1656// 1657//
f 651// 1657// 649//
f 649// 1657// 1658//
f 649// 1658// 658//
f 1656// 1655// 1654//
f 1658// 1652// 1651//
f 1658// 1657// 1652//
f 1652// 1657// 1656//
f 1652// 1656// 1653//
f 1653// 1656// 1654//
f 1651// 1650// 1658//
f 1658// 1650// 1649//
f 1658// 1649// 1648//
f 1645// 1659// 1646//
f 1646// 1659// 1658//
f 1646// 1658// 1647//
f 1647// 1658// 1648//
f 658// 1658// 659//
f 659// 1658// 1659//
f 659// 1659// 1177//
f 1177// 1659// 1660//
usemtl 3
f 1174// 1177// 1642//
f 1642// 1177// 1660//
f 1659// 1645// 1644//
f 1659// 1644// 1660//
f 1660// 1644// 1643//
f 1660// 1643// 1642//
f 1643// 1644// 1175//
f 1175// 1644// 1182//
f 1661// 1662// 1247//
f 1247// 1662// 1225//
usemtl 4
f 1244// 1663// 108//
f 108// 1663// 1664//
f 108// 1664// 91//
f 91// 1664// 1665//
f 91// 1665// 1666//
f 91// 1666// 92//
f 92// 1666// 1667//
f 92// 1667// 94//
f 94// 1667// 1668//
f 94// 1668// 122//
f 122// 1668// 1669//
f 122// 1669// 124//
f 124// 1669// 1670//
f 124// 1670// 125//
f 125// 1670// 1671//
f 125// 1671// 54//
f 54// 1671// 1672//
f 54// 1672// 14//
f 14// 1672// 1673//
f 14// 1673// 35//
f 35// 1673// 1674//
f 35// 1674// 36//
f 36// 1674// 1675//
f 36// 1675// 32//
f 32// 1675// 1676//
f 32// 1676// 30//
f 30// 1676// 1677//
f 30// 1677// 28//
f 1664// 1678// 1665//
f 1665// 1678// 1677//
f 1671// 1677// 1676//
f 1671// 1670// 1677//
f 1677// 1670// 1669//
f 1677// 1669// 1668//
f 1676// 1675// 1671//
f 1671// 1675// 1674//
f 1671// 1674// 1672//
f 1672// 1674// 1673//
f 1668// 1667// 1677//
f 1677// 1667// 1666//
f 1677// 1666// 1665//
f 28// 1677// 26//
f 26// 1677// 1678//
f 26// 1678// 1227//
f 1227// 1678// 1679//
usemtl 3
f 1247// 1227// 1661//
f 1661// 1227// 1679//
f 1678// 1664// 1663//
f 1678// 1663// 1679//
f 1679// 1663// 1662//
f 1679// 1662// 1661//
f 1662// 1663// 1225//
f 1225// 1663// 1244//
f 1680// 1681// 1108//
f 1108// 1681// 1063//
usemtl 4
f 1061// 1682// 426//
f 426// 1682// 1683//
f 426// 1683// 428//
f 428// 1683// 1684//
f 428// 1684// 1685//
f 428// 1685// 429//
f 429// 1685// 1686//
f 429// 1686// 359//
f 359// 1686// 1687//
f 359// 1687// 360//
f 360// 1687// 1688//
f 360// 1688// 361//
f 361// 1688// 1689//
f 361// 1689// 362//
f 362// 1689// 1690//
f 362// 1690// 329//
f 329// 1690// 1691//
f 329// 1691// 330//
f 330// 1691// 1692//
f 330// 1692// 331//
f 331// 1692// 1693//
f 331// 1693// 332//
f 332// 1693// 1694//
f 332// 1694// 430//
f 430// 1694// 1695//
f 430// 1695// 473//
f 473// 1695// 1696//
f 473// 1696// 449//
f 1683// 1697// 1684//
f 1684// 1697// 1696//
f 1696// 1695// 1684//
f 1684// 1695// 1694//
f 1684// 1694// 1693//
f 1691// 1687// 1686//
f 1691// 1690// 1687//
f 1687// 1690// 1689//
f 1687// 1689// 1688//
f 1693// 1692// 1684//
f 1684// 1692// 1691//
f 1684// 1691// 1685//
f 1685// 1691// 1686//
f 449// 1696// 450//
f 450// 1696// 1697//
f 450// 1697// 1107//
f 1107// 1697// 1698//
usemtl 3
f 1108// 1107// 1680//
f 1680// 1107// 1698//
f 1697// 1683// 1682//
f 1697// 1682// 1698//
f 1698// 1682// 1681//
f 1698// 1681// 1680//
f 1681// 1682// 1063//
f 1063// 1682// 1061//
f 1699// 1700// 1173//
f 1173// 1700// 1128//
usemtl 4
f 1126// 1701// 614//
f 614// 1701// 1702//
f 614// 1702// 616//
f 616// 1702// 1703//
f 616// 1703// 1704//
f 616// 1704// 610//
f 610// 1704// 1705//
f 610// 1705// 611//
f 611// 1705// 1706//
f 611// 1706// 607//
f 607// 1706// 1707//
f 607// 1707// 581//
f 581// 1707// 1708//
f 581// 1708// 582//
f 582// 1708// 1709//
f 582// 1709// 583//
f 583// 1709// 1710//
f 583// 1710// 587//
f 587// 1710// 1711//
f 587// 1711// 588//
f 588// 1711// 1712//
f 588// 1712// 589//
f 589// 1712// 1713//
f 589// 1713// 592//
f 592// 1713// 1714//
f 592// 1714// 598//
f 598// 1714// 1715//
f 598// 1715// 595//
f 1703// 1702// 1716//
f 1710// 1709// 1703//
f 1707// 1706// 1705//
f 1716// 1715// 1703//
f 1703// 1715// 1714//
f 1703// 1714// 1713//
f 1709// 1708// 1703//
f 1703// 1708// 1707//
f 1703// 1707// 1704//
f 1704// 1707// 1705//
f 1713// 1712// 1703//
f 1703// 1712// 1711//
f 1703// 1711// 1710//
f 595// 1715// 596//
f 596// 1715// 1716//
f 596// 1716// 1172//
f 1172// 1716// 1717//
usemtl 3
f 1173// 1172// 1699//
f 1699// 1172// 1717//
f 1716// 1702// 1701//
f 1716// 1701// 1717//
f 1717// 1701// 1700//
f 1717// 1700// 1699//
f 1700// 1701// 1128//
f 1128// 1701// 1126//
f 1718// 1719// 1215//
f 1215// 1719// 1191//
usemtl 4
f 1189// 1720// 746//
f 746// 1720// 1721//
f 746// 1721// 748//
f 748// 1721// 1722//
f 748// 1722// 1723//
f 748// 1723// 750//
f 750// 1723// 1724//
f 750// 1724// 751//
f 751// 1724// 1725//
f 751// 1725// 729//
f 729// 1725// 1726//
f 729// 1726// 728//
f 728// 1726// 1727//
f 728// 1727// 687//
f 687// 1727// 1728//
f 687// 1728// 686//
f 686// 1728// 1729//
f 686// 1729// 685//
f 685// 1729// 1730//
f 685// 1730// 688//
f 688// 1730// 1731//
f 688// 1731// 689//
f 689// 1731// 1732//
f 689// 1732// 690//
f 690// 1732// 1733//
f 690// 1733// 868//
f 868// 1733// 1734//
f 868// 1734// 862//
f 1729// 1728// 1734//
f 1721// 1735// 1722//
f 1722// 1735// 1734//
f 1734// 1733// 1732//
f 1732// 1731// 1734//
f 1734// 1731// 1730//
f 1734// 1730// 1729//
f 1728// 1727// 1734//
f 1734// 1727// 1726//
f 1734// 1726// 1725//
f 1725// 1724// 1734//
f 1734// 1724// 1723//
f 1734// 1723// 1722//
f 862// 1734// 863//
f 863// 1734// 1735//
f 863// 1735// 1214//
f 1214// 1735// 1736//
usemtl 3
f 1215// 1214// 1718//
f 1718// 1214// 1736//
f 1735// 1721// 1720//
f 1735// 1720// 1736//
f 1736// 1720// 1719//
f 1736// 1719// 1718//
f 1719// 1720// 1191//
f 1191// 1720// 1189//
f 1737// 1738// 1103//
f 1103// 1738// 1104//
usemtl 4
f 1106// 1739// 451//
f 451// 1739// 1740//
f 451// 1740// 474//
f 474// 1740// 1741//
f 474// 1741// 1742//
f 474// 1742// 431//
f 431// 1742// 1743//
f 431// 1743// 432//
f 432// 1743// 1744//
f 432// 1744// 387//
f 387// 1744// 1745//
f 387// 1745// 388//
f 388// 1745// 1746//
f 388// 1746// 335//
f 335// 1746// 1747//
f 335// 1747// 334//
f 334// 1747// 1748//
f 334// 1748// 333//
f 333// 1748// 1749//
f 333// 1749// 389//
f 389// 1749// 1750//
f 389// 1750// 393//
f 393// 1750// 1751//
f 393// 1751// 394//
f 394// 1751// 1752//
f 394// 1752// 395//
f 395// 1752// 1753//
f 395// 1753// 454//
f 1740// 1754// 1741//
f 1741// 1754// 1753//
f 1753// 1752// 1741//
f 1741// 1752// 1751//
f 1741// 1751// 1750//
f 1745// 1744// 1743//
f 1750// 1749// 1741//
f 1741// 1749// 1748//
f 1741// 1748// 1747//
f 1747// 1746// 1741//
f 1741// 1746// 1745//
f 1741// 1745// 1742//
f 1742// 1745// 1743//
f 454// 1753// 452//
f 452// 1753// 1754//
f 452// 1754// 1102//
f 1102// 1754// 1755//
usemtl 3
f 1103// 1102// 1737//
f 1737// 1102// 1755//
f 1738// 1737// 1739//
f 1739// 1737// 1755//
f 1739// 1755// 1740//
f 1740// 1755// 1754//
f 1738// 1739// 1104//
f 1104// 1739// 1106//
f 1756// 1757// 1168//
f 1168// 1757// 1169//
usemtl 4
f 1171// 1758// 597//
f 597// 1758// 1759//
f 597// 1759// 599//
f 599// 1759// 1760//
f 599// 1760// 1761//
f 599// 1761// 593//
f 593// 1761// 1762//
f 593// 1762// 594//
f 594// 1762// 1763//
f 594// 1763// 591//
f 591// 1763// 1764//
f 591// 1764// 590//
f 590// 1764// 1765//
f 590// 1765// 580//
f 580// 1765// 1766//
f 580// 1766// 584//
f 584// 1766// 1767//
f 584// 1767// 586//
f 586// 1767// 1768//
f 586// 1768// 553//
f 553// 1768// 1769//
f 553// 1769// 554//
f 554// 1769// 1770//
f 554// 1770// 562//
f 562// 1770// 1771//
f 562// 1771// 564//
f 564// 1771// 1772//
f 564// 1772// 575//
f 1770// 1769// 1768//
f 1767// 1766// 1772//
f 1772// 1766// 1765//
f 1767// 1772// 1768//
f 1768// 1772// 1771//
f 1768// 1771// 1770//
f 1765// 1764// 1772//
f 1772// 1764// 1763//
f 1772// 1763// 1762//
f 1759// 1773// 1760//
f 1760// 1773// 1772//
f 1760// 1772// 1761//
f 1761// 1772// 1762//
f 575// 1772// 573//
f 573// 1772// 1773//
f 573// 1773// 1167//
f 1167// 1773// 1774//
usemtl 3
f 1168// 1167// 1756//
f 1756// 1167// 1774//
f 1757// 1756// 1758//
f 1758// 1756// 1774//
f 1758// 1774// 1759//
f 1759// 1774// 1773//
f 1757// 1758// 1169//
f 1169// 1758// 1171//
f 1775// 1776// 1187//
f 1187// 1776// 1188//
usemtl 4
f 1213// 1777// 864//
f 864// 1777// 1778//
f 864// 1778// 870//
f 870// 1778// 1779//
f 870// 1779// 1780//
f 870// 1780// 869//
f 869// 1780// 1781//
f 869// 1781// 875//
f 875// 1781// 1782//
f 875// 1782// 876//
f 876// 1782// 1783//
f 876// 1783// 877//
f 877// 1783// 1784//
f 877// 1784// 867//
f 867// 1784// 1785//
f 867// 1785// 866//
f 866// 1785// 1786//
f 866// 1786// 865//
f 865// 1786// 1787//
f 865// 1787// 883//
f 883// 1787// 1788//
f 883// 1788// 884//
f 884// 1788// 1789//
f 884// 1789// 840//
f 840// 1789// 1790//
f 840// 1790// 838//
f 838// 1790// 1791//
f 838// 1791// 836//
f 1778// 1792// 1779//
f 1779// 1792// 1791//
f 1785// 1791// 1790//
f 1785// 1784// 1791//
f 1791// 1784// 1783//
f 1791// 1783// 1782//
f 1790// 1789// 1785//
f 1785// 1789// 1788//
f 1785// 1788// 1786//
f 1786// 1788// 1787//
f 1782// 1781// 1791//
f 1791// 1781// 1780//
f 1791// 1780// 1779//
f 836// 1791// 834//
f 834// 1791// 1792//
f 834// 1792// 1211//
f 1211// 1792// 1793//
usemtl 3
f 1187// 1211// 1775//
f 1775// 1211// 1793//
f 1776// 1775// 1777//
f 1777// 1775// 1793//
f 1777// 1793// 1778//
f 1778// 1793// 1792//
f 1776// 1777// 1188//
f 1188// 1777// 1213//
f 1794// 1795// 1099//
f 1099// 1795// 1100//
usemtl 4
f 1101// 1796// 453//
f 453// 1796// 1797//
f 453// 1797// 455//
f 455// 1797// 1798//
f 455// 1798// 1799//
f 455// 1799// 456//
f 456// 1799// 1800//
f 456// 1800// 390//
f 390// 1800// 1801//
f 390// 1801// 391//
f 391// 1801// 1802//
f 391// 1802// 392//
f 392// 1802// 1803//
f 392// 1803// 365//
f 365// 1803// 1804//
f 365// 1804// 364//
f 364// 1804// 1805//
f 364// 1805// 363//
f 363// 1805// 1806//
f 363// 1806// 368//
f 368// 1806// 1807//
f 368// 1807// 366//
f 366// 1807// 1808//
f 366// 1808// 396//
f 396// 1808// 1809//
f 396// 1809// 397//
f 397// 1809// 1810//
f 397// 1810// 477//
f 1797// 1811// 1798//
f 1798// 1811// 1810//
f 1810// 1809// 1798//
f 1798// 1809// 1808//
f 1798// 1808// 1807//
f 1807// 1806// 1798//
f 1798// 1806// 1805//
f 1798// 1805// 1804//
f 1801// 1804// 1802//
f 1802// 1804// 1803//
f 1801// 1800// 1804//
f 1804// 1800// 1799//
f 1804// 1799// 1798//
f 477// 1810// 475//
f 475// 1810// 1811//
f 475// 1811// 1098//
f 1098// 1811// 1812//
usemtl 3
f 1099// 1098// 1794//
f 1794// 1098// 1812//
f 1795// 1794// 1796//
f 1796// 1794// 1812//
f 1796// 1812// 1797//
f 1797// 1812// 1811//
f 1795// 1796// 1100//
f 1100// 1796// 1101//
f 1813// 1814// 1164//
f 1164// 1814// 1165//
usemtl 4
f 1166// 1815// 574//
f 574// 1815// 1816//
f 574// 1816// 576//
f 576// 1816// 1817//
f 576// 1817// 1818//
f 576// 1818// 577//
f 577// 1818// 1819//
f 577// 1819// 565//
f 565// 1819// 1820//
f 565// 1820// 563//
f 563// 1820// 1821//
f 563// 1821// 566//
f 566// 1821// 1822//
f 566// 1822// 555//
f 555// 1822// 1823//
f 555// 1823// 556//
f 556// 1823// 1824//
f 556// 1824// 557//
f 557// 1824// 1825//
f 557// 1825// 558//
f 558// 1825// 1826//
f 558// 1826// 559//
f 559// 1826// 1827//
f 559// 1827// 572//
f 572// 1827// 1828//
f 572// 1828// 571//
f 571// 1828// 1829//
f 571// 1829// 569//
f 1817// 1816// 1830//
f 1824// 1823// 1817//
f 1821// 1820// 1819//
f 1830// 1829// 1817//
f 1817// 1829// 1828//
f 1817// 1828// 1827//
f 1827// 1826// 1817//
f 1817// 1826// 1825//
f 1817// 1825// 1824//
f 1823// 1822// 1817//
f 1817// 1822// 1821//
f 1817// 1821// 1818//
f 1818// 1821// 1819//
f 569// 1829// 567//
f 567// 1829// 1830//
f 567// 1830// 1163//
f 1163// 1830// 1831//
usemtl 3
f 1164// 1163// 1813//
f 1813// 1163// 1831//
f 1814// 1813// 1815//
f 1815// 1813// 1831//
f 1815// 1831// 1816//
f 1816// 1831// 1830//
f 1814// 1815// 1165//
f 1165// 1815// 1166//
f 1832// 1833// 1231//
f 1231// 1833// 1212//
usemtl 4
f 1210// 1834// 835//
f 835// 1834// 1835//
f 835// 1835// 837//
f 837// 1835// 1836//
f 837// 1836// 1837//
f 837// 1837// 839//
f 839// 1837// 1838//
f 839// 1838// 841//
f 841// 1838// 1839//
f 841// 1839// 842//
f 842// 1839// 1840//
f 842// 1840// 888//
f 888// 1840// 1841//
f 888// 1841// 889//
f 889// 1841// 1842//
f 889// 1842// 890//
f 890// 1842// 1843//
f 890// 1843// 878//
f 878// 1843// 1844//
f 878// 1844// 879//
f 879// 1844// 1845//
f 879// 1845// 880//
f 880// 1845// 1846//
f 880// 1846// 696//
f 696// 1846// 1847//
f 696// 1847// 694//
f 694// 1847// 1848//
f 694// 1848// 790//
f 1835// 1849// 1836//
f 1836// 1849// 1848//
f 1836// 1848// 1847//
f 1846// 1845// 1844//
f 1842// 1841// 1847//
f 1847// 1841// 1840//
f 1847// 1840// 1839//
f 1846// 1844// 1847//
f 1847// 1844// 1843//
f 1847// 1843// 1842//
f 1839// 1838// 1847//
f 1847// 1838// 1837//
f 1847// 1837// 1836//
f 790// 1848// 788//
f 788// 1848// 1849//
f 788// 1849// 1230//
f 1230// 1849// 1850//
usemtl 3
f 1231// 1230// 1832//
f 1832// 1230// 1850//
f 1833// 1832// 1834//
f 1834// 1832// 1850//
f 1834// 1850// 1835//
f 1835// 1850// 1849//
f 1833// 1834// 1212//
f 1212// 1834// 1210//
f 1851// 1852// 1072//
f 1072// 1852// 1073//
usemtl 4
f 1097// 1853// 476//
f 476// 1853// 1854//
f 476// 1854// 478//
f 478// 1854// 1855//
f 478// 1855// 1856//
f 478// 1856// 479//
f 479// 1856// 1857//
f 479// 1857// 398//
f 398// 1857// 1858//
f 398// 1858// 367//
f 367// 1858// 1859//
f 367// 1859// 369//
f 369// 1859// 1860//
f 369// 1860// 338//
f 338// 1860// 1861//
f 338// 1861// 337//
f 337// 1861// 1862//
f 337// 1862// 336//
f 336// 1862// 1863//
f 336// 1863// 480//
f 480// 1863// 1864//
f 480// 1864// 481//
f 481// 1864// 1865//
f 481// 1865// 482//
f 482// 1865// 1866//
f 482// 1866// 483//
f 483// 1866// 1867//
f 483// 1867// 492//
f 1854// 1868// 1855//
f 1855// 1868// 1867//
f 1859// 1858// 1857//
f 1867// 1866// 1855//
f 1855// 1866// 1865//
f 1855// 1865// 1864//
f 1864// 1863// 1855//
f 1855// 1863// 1862//
f 1855// 1862// 1856//
f 1859// 1857// 1860//
f 1856// 1862// 1857//
f 1857// 1862// 1861//
f 1857// 1861// 1860//
f 492// 1867// 493//
f 493// 1867// 1868//
f 493// 1868// 1077//
f 1077// 1868// 1869//
usemtl 3
f 1072// 1077// 1851//
f 1851// 1077// 1869//
f 1852// 1851// 1853//
f 1853// 1851// 1869//
f 1853// 1869// 1854//
f 1854// 1869// 1868//
f 1852// 1853// 1073//
f 1073// 1853// 1097//
f 1870// 1871// 1137//
f 1137// 1871// 1138//
usemtl 4
f 1162// 1872// 568//
f 568// 1872// 1873//
f 568// 1873// 570//
f 570// 1873// 1874//
f 570// 1874// 1875//
f 570// 1875// 560//
f 560// 1875// 1876//
f 560// 1876// 311//
f 311// 1876// 1877//
f 311// 1877// 312//
f 312// 1877// 1878//
f 312// 1878// 317//
f 317// 1878// 1879//
f 317// 1879// 318//
f 318// 1879// 1880//
f 318// 1880// 319//
f 319// 1880// 1881//
f 319// 1881// 347//
f 347// 1881// 1882//
f 347// 1882// 346//
f 346// 1882// 1883//
f 346// 1883// 345//
f 345// 1883// 1884//
f 345// 1884// 376//
f 376// 1884// 1885//
f 376// 1885// 437//
f 437// 1885// 1886//
f 437// 1886// 416//
f 1884// 1883// 1882//
f 1881// 1880// 1886//
f 1886// 1880// 1879//
f 1881// 1886// 1882//
f 1882// 1886// 1885//
f 1882// 1885// 1884//
f 1879// 1878// 1886//
f 1886// 1878// 1877//
f 1886// 1877// 1876//
f 1873// 1887// 1874//
f 1874// 1887// 1886//
f 1874// 1886// 1875//
f 1875// 1886// 1876//
f 416// 1886// 417//
f 417// 1886// 1887//
f 417// 1887// 1142//
f 1142// 1887// 1888//
usemtl 3
f 1137// 1142// 1870//
f 1870// 1142// 1888//
f 1871// 1870// 1872//
f 1872// 1870// 1888//
f 1872// 1888// 1873//
f 1873// 1888// 1887//
f 1871// 1872// 1138//
f 1138// 1872// 1162//
f 1889// 1890// 1221//
f 1221// 1890// 1222//
usemtl 4
f 1229// 1891// 789//
f 789// 1891// 1892//
f 789// 1892// 791//
f 791// 1892// 1893//
f 791// 1893// 1894//
f 791// 1894// 792//
f 792// 1894// 1895//
f 792// 1895// 695//
f 695// 1895// 1896//
f 695// 1896// 697//
f 697// 1896// 1897//
f 697// 1897// 885//
f 885// 1897// 1898//
f 885// 1898// 886//
f 886// 1898// 1899//
f 886// 1899// 887//
f 887// 1899// 1900//
f 887// 1900// 819//
f 819// 1900// 1901//
f 819// 1901// 820//
f 820// 1901// 1902//
f 820// 1902// 881//
f 881// 1902// 1903//
f 881// 1903// 882//
f 882// 1903// 1904//
f 882// 1904// 803//
f 803// 1904// 1905//
f 803// 1905// 831//
f 1892// 1906// 1893//
f 1893// 1906// 1905//
f 1893// 1905// 1894//
f 1894// 1905// 1895//
f 1905// 1899// 1898//
f 1903// 1902// 1901//
f 1898// 1897// 1905//
f 1905// 1897// 1896//
f 1905// 1896// 1895//
f 1905// 1904// 1899//
f 1899// 1904// 1903//
f 1899// 1903// 1900//
f 1900// 1903// 1901//
f 831// 1905// 829//
f 829// 1905// 1906//
f 829// 1906// 1220//
f 1220// 1906// 1907//
usemtl 3
f 1221// 1220// 1889//
f 1889// 1220// 1907//
f 1890// 1889// 1891//
f 1891// 1889// 1907//
f 1891// 1907// 1892//
f 1892// 1907// 1906//
f 1890// 1891// 1222//
f 1222// 1891// 1229//
f 1908// 1909// 1085//
f 1085// 1909// 1078//
usemtl 4
f 1076// 1910// 494//
f 494// 1910// 1911//
f 494// 1911// 514//
f 514// 1911// 1912//
f 514// 1912// 1913//
f 514// 1913// 515//
f 515// 1913// 1914//
f 515// 1914// 516//
f 516// 1914// 1915//
f 516// 1915// 401//
f 401// 1915// 1916//
f 401// 1916// 400//
f 400// 1916// 1917//
f 400// 1917// 399//
f 399// 1917// 1918//
f 399// 1918// 950//
f 950// 1918// 1919//
f 950// 1919// 298//
f 298// 1919// 1920//
f 298// 1920// 299//
f 299// 1920// 1921//
f 299// 1921// 300//
f 300// 1921// 1922//
f 300// 1922// 301//
f 301// 1922// 1923//
f 301// 1923// 302//
f 302// 1923// 1924//
f 302// 1924// 303//
f 1911// 1925// 1912//
f 1912// 1925// 1924//
f 1924// 1923// 1912//
f 1912// 1923// 1922//
f 1912// 1922// 1921//
f 1919// 1915// 1914//
f 1919// 1918// 1915//
f 1915// 1918// 1917//
f 1915// 1917// 1916//
f 1921// 1920// 1912//
f 1912// 1920// 1919//
f 1912// 1919// 1913//
f 1913// 1919// 1914//
f 303// 1924// 304//
f 304// 1924// 1925//
f 304// 1925// 1065//
f 1065// 1925// 1926//
usemtl 3
f 1085// 1065// 1908//
f 1908// 1065// 1926//
f 1909// 1908// 1910//
f 1910// 1908// 1926//
f 1910// 1926// 1911//
f 1911// 1926// 1925//
f 1909// 1910// 1078//
f 1078// 1910// 1076//
f 1927// 1928// 1150//
f 1150// 1928// 1143//
usemtl 4
f 1141// 1929// 418//
f 418// 1929// 1930//
f 418// 1930// 438//
f 438// 1930// 1931//
f 438// 1931// 1932//
f 438// 1932// 377//
f 377// 1932// 1933//
f 377// 1933// 378//
f 378// 1933// 1934//
f 378// 1934// 322//
f 322// 1934// 1935//
f 322// 1935// 321//
f 321// 1935// 1936//
f 321// 1936// 320//
f 320// 1936// 1937//
f 320// 1937// 382//
f 382// 1937// 1938//
f 382// 1938// 381//
f 381// 1938// 1939//
f 381// 1939// 419//
f 419// 1939// 1940//
f 419// 1940// 420//
f 420// 1940// 1941//
f 420// 1941// 421//
f 421// 1941// 1942//
f 421// 1942// 468//
f 468// 1942// 1943//
f 468// 1943// 439//
f 1931// 1930// 1944//
f 1938// 1937// 1931//
f 1935// 1934// 1933//
f 1944// 1943// 1931//
f 1931// 1943// 1942//
f 1931// 1942// 1941//
f 1941// 1940// 1931//
f 1931// 1940// 1939//
f 1931// 1939// 1938//
f 1937// 1936// 1931//
f 1931// 1936// 1935//
f 1931// 1935// 1932//
f 1932// 1935// 1933//
f 439// 1943// 440//
f 440// 1943// 1944//
f 440// 1944// 1130//
f 1130// 1944// 1945//
usemtl 3
f 1150// 1130// 1927//
f 1927// 1130// 1945//
f 1928// 1927// 1929//
f 1929// 1927// 1945//
f 1929// 1945// 1930//
f 1930// 1945// 1944//
f 1928// 1929// 1143//
f 1143// 1929// 1141//
f 1946// 1947// 1208//
f 1208// 1947// 1209//
usemtl 4
f 1219// 1948// 830//
f 830// 1948// 1949//
f 830// 1949// 832//
f 832// 1949// 1950//
f 832// 1950// 1951//
f 832// 1951// 833//
f 833// 1951// 1952//
f 833// 1952// 801//
f 801// 1952// 1953//
f 801// 1953// 802//
f 802// 1953// 1954//
f 802// 1954// 804//
f 804// 1954// 1955//
f 804// 1955// 805//
f 805// 1955// 1956//
f 805// 1956// 874//
f 874// 1956// 1957//
f 874// 1957// 873//
f 873// 1957// 1958//
f 873// 1958// 872//
f 872// 1958// 1959//
f 872// 1959// 693//
f 693// 1959// 1960//
f 693// 1960// 826//
f 826// 1960// 1961//
f 826// 1961// 825//
f 825// 1961// 1962//
f 825// 1962// 823//
f 1950// 1949// 1963//
f 1963// 1962// 1950//
f 1950// 1962// 1961//
f 1950// 1961// 1951//
f 1951// 1961// 1952//
f 1960// 1959// 1958//
f 1961// 1956// 1955//
f 1960// 1958// 1961//
f 1961// 1958// 1957//
f 1961// 1957// 1956//
f 1955// 1954// 1961//
f 1961// 1954// 1953//
f 1961// 1953// 1952//
f 823// 1962// 821//
f 821// 1962// 1963//
f 821// 1963// 1206//
f 1206// 1963// 1964//
usemtl 3
f 1208// 1206// 1946//
f 1946// 1206// 1964//
f 1947// 1946// 1948//
f 1948// 1946// 1964//
f 1948// 1964// 1949//
f 1949// 1964// 1963//
f 1947// 1948// 1209//
f 1209// 1948// 1219//
f 1965// 1966// 1096//
f 1096// 1966// 1066//
usemtl 4
f 1064// 1967// 281//
f 281// 1967// 1968//
f 281// 1968// 279//
f 279// 1968// 1969//
f 279// 1969// 1970//
f 279// 1970// 271//
f 271// 1970// 1971//
f 271// 1971// 272//
f 272// 1971// 1972//
f 272// 1972// 274//
f 274// 1972// 1973//
f 274// 1973// 275//
f 275// 1973// 1974//
f 275// 1974// 282//
f 282// 1974// 1975//
f 282// 1975// 283//
f 283// 1975// 1976//
f 283// 1976// 284//
f 284// 1976// 1977//
f 284// 1977// 285//
f 285// 1977// 1978//
f 285// 1978// 288//
f 288// 1978// 1979//
f 288// 1979// 287//
f 287// 1979// 1980//
f 287// 1980// 286//
f 286// 1980// 1981//
f 286// 1981// 294//
f 1968// 1982// 1969//
f 1969// 1982// 1981//
f 1969// 1981// 1980//
f 1980// 1979// 1969//
f 1969// 1979// 1978//
f 1969// 1978// 1970//
f 1977// 1976// 1972//
f 1977// 1972// 1978//
f 1978// 1972// 1971//
f 1978// 1971// 1970//
f 1976// 1975// 1972//
f 1972// 1975// 1974//
f 1972// 1974// 1973//
f 294// 1981// 292//
f 292// 1981// 1982//
f 292// 1982// 1095//
f 1095// 1982// 1983//
usemtl 3
f 1096// 1095// 1965//
f 1965// 1095// 1983//
f 1982// 1968// 1967//
f 1982// 1967// 1983//
f 1983// 1967// 1966//
f 1983// 1966// 1965//
f 1966// 1967// 1066//
f 1066// 1967// 1064//
f 1984// 1985// 1161//
f 1161// 1985// 1131//
usemtl 4
f 1129// 1986// 441//
f 441// 1986// 1987//
f 441// 1987// 469//
f 469// 1987// 1988//
f 469// 1988// 1989//
f 469// 1989// 379//
f 379// 1989// 1990//
f 379// 1990// 380//
f 380// 1990// 1991//
f 380// 1991// 383//
f 383// 1991// 1992//
f 383// 1992// 384//
f 384// 1992// 1993//
f 384// 1993// 385//
f 385// 1993// 1994//
f 385// 1994// 386//
f 386// 1994// 1995//
f 386// 1995// 442//
f 442// 1995// 1996//
f 442// 1996// 443//
f 443// 1996// 1997//
f 443// 1997// 355//
f 355// 1997// 1998//
f 355// 1998// 357//
f 357// 1998// 1999//
f 357// 1999// 358//
f 358// 1999// 2000//
f 358// 2000// 422//
f 1998// 1997// 1996//
f 2000// 1994// 1993//
f 2000// 1999// 1994//
f 1994// 1999// 1998//
f 1994// 1998// 1995//
f 1995// 1998// 1996//
f 1993// 1992// 2000//
f 2000// 1992// 1991//
f 2000// 1991// 1990//
f 1987// 2001// 1988//
f 1988// 2001// 2000//
f 1988// 2000// 1989//
f 1989// 2000// 1990//
f 422// 2000// 423//
f 423// 2000// 2001//
f 423// 2001// 1160//
f 1160// 2001// 2002//
usemtl 3
f 1161// 1160// 1984//
f 1984// 1160// 2002//
f 2001// 1987// 1986//
f 2001// 1986// 2002//
f 2002// 1986// 1985//
f 2002// 1985// 1984//
f 1985// 1986// 1131//
f 1131// 1986// 1129//
f 2003// 2004// 1218//
f 1218// 2004// 1207//
usemtl 4
f 1205// 2005// 822//
f 822// 2005// 2006//
f 822// 2006// 824//
f 824// 2006// 2007//
f 824// 2007// 2008//
f 824// 2008// 691//
f 691// 2008// 2009//
f 691// 2009// 692//
f 692// 2009// 2010//
f 692// 2010// 871//
f 871// 2010// 2011//
f 871// 2011// 806//
f 806// 2011// 2012//
f 806// 2012// 807//
f 807// 2012// 2013//
f 807// 2013// 808//
f 808// 2013// 2014//
f 808// 2014// 843//
f 843// 2014// 2015//
f 843// 2015// 844//
f 844// 2015// 2016//
f 844// 2016// 845//
f 845// 2016// 2017//
f 845// 2017// 847//
f 847// 2017// 2018//
f 847// 2018// 854//
f 854// 2018// 2019//
f 854// 2019// 852//
f 2006// 2020// 2007//
f 2007// 2020// 2019//
f 2013// 2019// 2018//
f 2013// 2012// 2019//
f 2019// 2012// 2011//
f 2019// 2011// 2010//
f 2018// 2017// 2013//
f 2013// 2017// 2016//
f 2013// 2016// 2014//
f 2014// 2016// 2015//
f 2010// 2009// 2019//
f 2019// 2009// 2008//
f 2019// 2008// 2007//
f 852// 2019// 850//
f 850// 2019// 2020//
f 850// 2020// 1217//
f 1217// 2020// 2021//
usemtl 3
f 1218// 1217// 2003//
f 2003// 1217// 2021//
f 2020// 2006// 2005//
f 2020// 2005// 2021//
f 2021// 2005// 2004//
f 2021// 2004// 2003//
f 2004// 2005// 1207//
f 1207// 2005// 1205//
f 2022// 2023// 1094//
f 1094// 2023// 1071//
usemtl 4
f 1070// 2024// 293//
f 293// 2024// 2025//
f 293// 2025// 295//
f 295// 2025// 2026//
f 295// 2026// 2027//
f 295// 2027// 296//
f 296// 2027// 2028//
f 296// 2028// 289//
f 289// 2028// 2029//
f 289// 2029// 290//
f 290// 2029// 2030//
f 290// 2030// 291//
f 291// 2030// 2031//
f 291// 2031// 276//
f 276// 2031// 2032//
f 276// 2032// 278//
f 278// 2032// 2033//
f 278// 2033// 223//
f 223// 2033// 2034//
f 223// 2034// 215//
f 215// 2034// 2035//
f 215// 2035// 213//
f 213// 2035// 2036//
f 213// 2036// 211//
f 211// 2036// 2037//
f 211// 2037// 204//
f 204// 2037// 2038//
f 204// 2038// 205//
f 2025// 2039// 2026//
f 2026// 2039// 2038//
f 2038// 2037// 2026//
f 2026// 2037// 2036//
f 2026// 2036// 2035//
f 2035// 2034// 2026//
f 2026// 2034// 2033//
f 2026// 2033// 2027//
f 2027// 2033// 2032//
f 2027// 2032// 2031//
f 2031// 2030// 2027//
f 2027// 2030// 2029//
f 2027// 2029// 2028//
f 205// 2038// 207//
f 207// 2038// 2039//
f 207// 2039// 1093//
f 1093// 2039// 2040//
usemtl 3
f 1094// 1093// 2022//
f 2022// 1093// 2040//
f 2039// 2025// 2024//
f 2039// 2024// 2040//
f 2040// 2024// 2023//
f 2040// 2023// 2022//
f 2023// 2024// 1071//
f 1071// 2024// 1070//
f 2041// 2042// 1159//
f 1159// 2042// 1136//
usemtl 4
f 1135// 2043// 424//
f 424// 2043// 2044//
f 424// 2044// 446//
f 446// 2044// 2045//
f 446// 2045// 2046//
f 446// 2046// 447//
f 447// 2046// 2047//
f 447// 2047// 448//
f 448// 2047// 2048//
f 448// 2048// 356//
f 356// 2048// 2049//
f 356// 2049// 354//
f 354// 2049// 2050//
f 354// 2050// 470//
f 470// 2050// 2051//
f 470// 2051// 471//
f 471// 2051// 2052//
f 471// 2052// 472//
f 472// 2052// 2053//
f 472// 2053// 445//
f 445// 2053// 2054//
f 445// 2054// 349//
f 349// 2054// 2055//
f 349// 2055// 350//
f 350// 2055// 2056//
f 350// 2056// 351//
f 351// 2056// 2057//
f 351// 2057// 352//
f 2055// 2054// 2053//
f 2057// 2051// 2050//
f 2057// 2056// 2051//
f 2051// 2056// 2055//
f 2051// 2055// 2052//
f 2052// 2055// 2053//
f 2050// 2049// 2057//
f 2057// 2049// 2048//
f 2057// 2048// 2047//
f 2044// 2058// 2045//
f 2045// 2058// 2057//
f 2045// 2057// 2046//
f 2046// 2057// 2047//
f 352// 2057// 353//
f 353// 2057// 2058//
f 353// 2058// 1158//
f 1158// 2058// 2059//
usemtl 3
f 1159// 1158// 2041//
f 2041// 1158// 2059//
f 2058// 2044// 2043//
f 2058// 2043// 2059//
f 2059// 2043// 2042//
f 2059// 2042// 2041//
f 2042// 2043// 1136//
f 1136// 2043// 1135//
f 2060// 2061// 1203//
f 1203// 2061// 1204//
usemtl 4
f 1216// 2062// 851//
f 851// 2062// 2063//
f 851// 2063// 853//
f 853// 2063// 2064//
f 853// 2064// 2065//
f 853// 2065// 855//
f 855// 2065// 2066//
f 855// 2066// 856//
f 856// 2066// 2067//
f 856// 2067// 849//
f 849// 2067// 2068//
f 849// 2068// 848//
f 848// 2068// 2069//
f 848// 2069// 846//
f 846// 2069// 2070//
f 846// 2070// 786//
f 786// 2070// 2071//
f 786// 2071// 787//
f 787// 2071// 2072//
f 787// 2072// 809//
f 809// 2072// 2073//
f 809// 2073// 810//
f 810// 2073// 2074//
f 810// 2074// 811//
f 811// 2074// 2075//
f 811// 2075// 754//
f 754// 2075// 2076//
f 754// 2076// 753//
f 2063// 2077// 2064//
f 2064// 2077// 2076//
f 2070// 2076// 2075//
f 2070// 2069// 2076//
f 2076// 2069// 2068//
f 2076// 2068// 2067//
f 2075// 2074// 2070//
f 2070// 2074// 2073//
f 2070// 2073// 2071//
f 2071// 2073// 2072//
f 2067// 2066// 2076//
f 2076// 2066// 2065//
f 2076// 2065// 2064//
f 753// 2076// 752//
f 752// 2076// 2077//
f 752// 2077// 1202//
f 1202// 2077// 2078//
usemtl 3
f 1203// 1202// 2060//
f 2060// 1202// 2078//
f 2077// 2063// 2062//
f 2077// 2062// 2078//
f 2078// 2062// 2061//
f 2078// 2061// 2060//
f 2061// 2062// 1204//
f 1204// 2062// 1216//
f 2079// 2080// 1074//
f 1074// 2080// 1075//
usemtl 4
f 1082// 2081// 543//
f 543// 2081// 2082//
f 543// 2082// 545//
f 545// 2082// 2083//
f 545// 2083// 2084//
f 545// 2084// 546//
f 546// 2084// 2085//
f 546// 2085// 502//
f 502// 2085// 2086//
f 502// 2086// 503//
f 503// 2086// 2087//
f 503// 2087// 505//
f 505// 2087// 2088//
f 505// 2088// 509//
f 509// 2088// 2089//
f 509// 2089// 508//
f 508// 2089// 2090//
f 508// 2090// 507//
f 507// 2090// 2091//
f 507// 2091// 533//
f 533// 2091// 2092//
f 533// 2092// 537//
f 537// 2092// 2093//
f 537// 2093// 538//
f 538// 2093// 2094//
f 538// 2094// 539//
f 539// 2094// 2095//
f 539// 2095// 547//
f 2082// 2096// 2083//
f 2083// 2096// 2095//
f 2083// 2095// 2094//
f 2094// 2093// 2083//
f 2083// 2093// 2092//
f 2083// 2092// 2091//
f 2091// 2090// 2083//
f 2083// 2090// 2089//
f 2083// 2089// 2084//
f 2084// 2089// 2088//
f 2088// 2087// 2084//
f 2084// 2087// 2086//
f 2084// 2086// 2085//
f 547// 2095// 548//
f 548// 2095// 2096//
f 548// 2096// 1068//
f 1068// 2096// 2097//
usemtl 3
f 1074// 1068// 2079//
f 2079// 1068// 2097//
f 2080// 2079// 2081//
f 2081// 2079// 2097//
f 2081// 2097// 2082//
f 2082// 2097// 2096//
f 2080// 2081// 1075//
f 1075// 2081// 1082//
f 2098// 2099// 1139//
f 1139// 2099// 1140//
usemtl 4
f 1147// 2100// 858//
f 858// 2100// 2101//
f 858// 2101// 860//
f 860// 2101// 2102//
f 860// 2102// 2103//
f 860// 2103// 861//
f 861// 2103// 2104//
f 861// 2104// 737//
f 737// 2104// 2105//
f 737// 2105// 633//
f 633// 2105// 2106//
f 633// 2106// 635//
f 635// 2106// 2107//
f 635// 2107// 622//
f 622// 2107// 2108//
f 622// 2108// 620//
f 620// 2108// 2109//
f 620// 2109// 619//
f 619// 2109// 2110//
f 619// 2110// 618//
f 618// 2110// 2111//
f 618// 2111// 617//
f 617// 2111// 2112//
f 617// 2112// 623//
f 623// 2112// 2113//
f 623// 2113// 625//
f 625// 2113// 2114//
f 625// 2114// 630//
f 2114// 2113// 2112//
f 2109// 2108// 2114//
f 2114// 2108// 2107//
f 2112// 2111// 2114//
f 2114// 2111// 2110//
f 2114// 2110// 2109//
f 2107// 2106// 2114//
f 2114// 2106// 2105//
f 2114// 2105// 2104//
f 2101// 2115// 2102//
f 2102// 2115// 2114//
f 2102// 2114// 2103//
f 2103// 2114// 2104//
f 630// 2114// 628//
f 628// 2114// 2115//
f 628// 2115// 1133//
f 1133// 2115// 2116//
usemtl 3
f 1139// 1133// 2098//
f 2098// 1133// 2116//
f 2099// 2098// 2100//
f 2100// 2098// 2116//
f 2100// 2116// 2101//
f 2101// 2116// 2115//
f 2099// 2100// 1140//
f 1140// 2100// 1147//
f 2117// 2118// 1196//
f 1196// 2118// 1197//
usemtl 4
f 1232// 2119// 714//
f 714// 2119// 2120//
f 714// 2120// 716//
f 716// 2120// 2121//
f 716// 2121// 2122//
f 716// 2122// 718//
f 718// 2122// 2123//
f 718// 2123// 719//
f 719// 2123// 2124//
f 719// 2124// 636//
f 636// 2124// 2125//
f 636// 2125// 637//
f 637// 2125// 2126//
f 637// 2126// 669//
f 669// 2126// 2127//
f 669// 2127// 670//
f 670// 2127// 2128//
f 670// 2128// 671//
f 671// 2128// 2129//
f 671// 2129// 672//
f 672// 2129// 2130//
f 672// 2130// 743//
f 743// 2130// 2131//
f 743// 2131// 744//
f 744// 2131// 2132//
f 744// 2132// 724//
f 724// 2132// 2133//
f 724// 2133// 722//
f 2120// 2134// 2121//
f 2121// 2134// 2133//
f 2126// 2125// 2133//
f 2133// 2125// 2124//
f 2129// 2128// 2130//
f 2130// 2128// 2127//
f 2130// 2127// 2131//
f 2124// 2123// 2133//
f 2133// 2123// 2122//
f 2133// 2122// 2121//
f 2126// 2133// 2127//
f 2127// 2133// 2132//
f 2127// 2132// 2131//
f 722// 2133// 720//
f 720// 2133// 2134//
f 720// 2134// 1195//
f 1195// 2134// 2135//
usemtl 3
f 1196// 1195// 2117//
f 2117// 1195// 2135//
f 2118// 2117// 2119//
f 2119// 2117// 2135//
f 2119// 2135// 2120//
f 2120// 2135// 2134//
f 2118// 2119// 1197//
f 1197// 2119// 1232//
f 2136// 2137// 1080//
f 1080// 2137// 1079//
usemtl 4
f 1091// 2138// 532//
f 532// 2138// 2139//
f 532// 2139// 541//
f 541// 2139// 2140//
f 541// 2140// 2141//
f 541// 2141// 489//
f 489// 2141// 2142//
f 489// 2142// 491//
f 491// 2142// 2143//
f 491// 2143// 501//
f 501// 2143// 2144//
f 501// 2144// 465//
f 465// 2144// 2145//
f 465// 2145// 466//
f 466// 2145// 2146//
f 466// 2146// 467//
f 467// 2146// 2147//
f 467// 2147// 525//
f 525// 2147// 2148//
f 525// 2148// 526//
f 526// 2148// 2149//
f 526// 2149// 527//
f 527// 2149// 2150//
f 527// 2150// 506//
f 506// 2150// 2151//
f 506// 2151// 504//
f 504// 2151// 2152//
f 504// 2152// 544//
f 2139// 2153// 2140//
f 2140// 2153// 2152//
f 2152// 2151// 2140//
f 2140// 2151// 2150//
f 2140// 2150// 2149//
f 2147// 2143// 2142//
f 2147// 2146// 2143//
f 2143// 2146// 2145//
f 2143// 2145// 2144//
f 2149// 2148// 2140//
f 2140// 2148// 2147//
f 2140// 2147// 2141//
f 2141// 2147// 2142//
f 544// 2152// 542//
f 542// 2152// 2153//
f 542// 2153// 1081//
f 1081// 2153// 2154//
usemtl 3
f 1080// 1081// 2136//
f 2136// 1081// 2154//
f 2137// 2136// 2138//
f 2138// 2136// 2154//
f 2138// 2154// 2139//
f 2139// 2154// 2153//
f 2137// 2138// 1079//
f 1079// 2138// 1091//
f 2155// 2156// 1145//
f 1145// 2156// 1144//
usemtl 4
f 1156// 2157// 756//
f 756// 2157// 2158//
f 756// 2158// 677//
f 677// 2158// 2159//
f 677// 2159// 2160//
f 677// 2160// 678//
f 678// 2160// 2161//
f 678// 2161// 793//
f 793// 2161// 2162//
f 793// 2162// 794//
f 794// 2162// 2163//
f 794// 2163// 795//
f 795// 2163// 2164//
f 795// 2164// 796//
f 796// 2164// 2165//
f 796// 2165// 679//
f 679// 2165// 2166//
f 679// 2166// 680//
f 680// 2166// 2167//
f 680// 2167// 797//
f 797// 2167// 2168//
f 797// 2168// 798//
f 798// 2168// 2169//
f 798// 2169// 799//
f 799// 2169// 2170//
f 799// 2170// 738//
f 738// 2170// 2171//
f 738// 2171// 859//
f 2171// 2170// 2169//
f 2166// 2165// 2171//
f 2171// 2165// 2164//
f 2169// 2168// 2171//
f 2171// 2168// 2167//
f 2171// 2167// 2166//
f 2164// 2163// 2171//
f 2171// 2163// 2162//
f 2171// 2162// 2161//
f 2158// 2172// 2159//
f 2159// 2172// 2171//
f 2159// 2171// 2160//
f 2160// 2171// 2161//
f 859// 2171// 857//
f 857// 2171// 2172//
f 857// 2172// 1146//
f 1146// 2172// 2173//
usemtl 3
f 1145// 1146// 2155//
f 2155// 1146// 2173//
f 2156// 2155// 2157//
f 2157// 2155// 2173//
f 2157// 2173// 2158//
f 2158// 2173// 2172//
f 2156// 2157// 1144//
f 1144// 2157// 1156//
f 2174// 2175// 1234//
f 1234// 2175// 1235//
usemtl 4
f 1236// 2176// 777//
f 777// 2176// 2177//
f 777// 2177// 779//
f 779// 2177// 2178//
f 779// 2178// 2179//
f 779// 2179// 781//
f 781// 2179// 2180//
f 781// 2180// 782//
f 782// 2180// 2181//
f 782// 2181// 775//
f 775// 2181// 2182//
f 775// 2182// 774//
f 774// 2182// 2183//
f 774// 2183// 772//
f 772// 2183// 2184//
f 772// 2184// 739//
f 739// 2184// 2185//
f 739// 2185// 740//
f 740// 2185// 2186//
f 740// 2186// 741//
f 741// 2186// 2187//
f 741// 2187// 742//
f 742// 2187// 2188//
f 742// 2188// 638//
f 638// 2188// 2189//
f 638// 2189// 717//
f 717// 2189// 2190//
f 717// 2190// 715//
f 2177// 2191// 2178//
f 2178// 2191// 2190//
f 2178// 2190// 2179//
f 2179// 2190// 2180//
f 2186// 2185// 2187//
f 2187// 2185// 2184//
f 2187// 2184// 2188//
f 2183// 2182// 2190//
f 2190// 2182// 2181//
f 2190// 2181// 2180//
f 2183// 2190// 2184//
f 2184// 2190// 2189//
f 2184// 2189// 2188//
f 715// 2190// 713//
f 713// 2190// 2191//
f 713// 2191// 1233//
f 1233// 2191// 2192//
usemtl 3
f 1234// 1233// 2174//
f 2174// 1233// 2192//
f 2175// 2174// 2176//
f 2176// 2174// 2192//
f 2176// 2192// 2177//
f 2177// 2192// 2191//
f 2175// 2176// 1235//
f 1235// 2176// 1236//
f 2193// 2194// 1089//
f 1089// 2194// 1088//
usemtl 4
f 1086// 2195// 524//
f 524// 2195// 2196//
f 524// 2196// 529//
f 529// 2196// 2197//
f 529// 2197// 2198//
f 529// 2198// 496//
f 496// 2198// 2199//
f 496// 2199// 497//
f 497// 2199// 2200//
f 497// 2200// 498//
f 498// 2200// 2201//
f 498// 2201// 462//
f 462// 2201// 2202//
f 462// 2202// 463//
f 463// 2202// 2203//
f 463// 2203// 464//
f 464// 2203// 2204//
f 464// 2204// 499//
f 499// 2204// 2205//
f 499// 2205// 500//
f 500// 2205// 2206//
f 500// 2206// 490//
f 490// 2206// 2207//
f 490// 2207// 488//
f 488// 2207// 2208//
f 488// 2208// 540//
f 540// 2208// 2209//
f 540// 2209// 530//
f 2196// 2210// 2197//
f 2197// 2210// 2209//
f 2201// 2200// 2199//
f 2209// 2208// 2197//
f 2197// 2208// 2207//
f 2197// 2207// 2206//
f 2206// 2205// 2197//
f 2197// 2205// 2204//
f 2197// 2204// 2198//
f 2201// 2199// 2202//
f 2198// 2204// 2199//
f 2199// 2204// 2203//
f 2199// 2203// 2202//
f 530// 2209// 531//
f 531// 2209// 2210//
f 531// 2210// 1090//
f 1090// 2210// 2211//
usemtl 3
f 1089// 1090// 2193//
f 2193// 1090// 2211//
f 2194// 2193// 2195//
f 2195// 2193// 2211//
f 2195// 2211// 2196//
f 2196// 2211// 2210//
f 2194// 2195// 1088//
f 1088// 2195// 1086//
f 2212// 2213// 1154//
f 1154// 2213// 1153//
usemtl 4
f 1151// 2214// 731//
f 731// 2214// 2215//
f 731// 2215// 667//
f 667// 2215// 2216//
f 667// 2216// 2217//
f 667// 2217// 668//
f 668// 2217// 2218//
f 668// 2218// 698//
f 698// 2218// 2219//
f 698// 2219// 699//
f 699// 2219// 2220//
f 699// 2220// 759//
f 759// 2220// 2221//
f 759// 2221// 760//
f 760// 2221// 2222//
f 760// 2222// 761//
f 761// 2222// 2223//
f 761// 2223// 676//
f 676// 2223// 2224//
f 676// 2224// 734//
f 734// 2224// 2225//
f 734// 2225// 735//
f 735// 2225// 2226//
f 735// 2226// 736//
f 736// 2226// 2227//
f 736// 2227// 758//
f 758// 2227// 2228//
f 758// 2228// 757//
f 2216// 2215// 2229//
f 2223// 2222// 2216//
f 2220// 2219// 2218//
f 2229// 2228// 2216//
f 2216// 2228// 2227//
f 2216// 2227// 2226//
f 2226// 2225// 2216//
f 2216// 2225// 2224//
f 2216// 2224// 2223//
f 2222// 2221// 2216//
f 2216// 2221// 2220//
f 2216// 2220// 2217//
f 2217// 2220// 2218//
f 757// 2228// 755//
f 755// 2228// 2229//
f 755// 2229// 1155//
f 1155// 2229// 2230//
usemtl 3
f 1154// 1155// 2212//
f 2212// 1155// 2230//
f 2213// 2212// 2214//
f 2214// 2212// 2230//
f 2214// 2230// 2215//
f 2215// 2230// 2229//
f 2213// 2214// 1153//
f 1153// 2214// 1151//
f 2231// 2232// 1238//
f 1238// 2232// 1239//
usemtl 4
f 1240// 2233// 763//
f 763// 2233// 2234//
f 763// 2234// 765//
f 765// 2234// 2235//
f 765// 2235// 2236//
f 765// 2236// 766//
f 766// 2236// 2237//
f 766// 2237// 712//
f 712// 2237// 2238//
f 712// 2238// 708//
f 708// 2238// 2239//
f 708// 2239// 800//
f 800// 2239// 2240//
f 800// 2240// 767//
f 767// 2240// 2241//
f 767// 2241// 768//
f 768// 2241// 2242//
f 768// 2242// 769//
f 769// 2242// 2243//
f 769// 2243// 770//
f 770// 2243// 2244//
f 770// 2244// 771//
f 771// 2244// 2245//
f 771// 2245// 773//
f 773// 2245// 2246//
f 773// 2246// 780//
f 780// 2246// 2247//
f 780// 2247// 778//
f 2235// 2234// 2248//
f 2248// 2247// 2235//
f 2235// 2247// 2246//
f 2235// 2246// 2236//
f 2236// 2246// 2237//
f 2245// 2244// 2243//
f 2246// 2241// 2240//
f 2245// 2243// 2246//
f 2246// 2243// 2242//
f 2246// 2242// 2241//
f 2240// 2239// 2246//
f 2246// 2239// 2238//
f 2246// 2238// 2237//
f 778// 2247// 776//
f 776// 2247// 2248//
f 776// 2248// 1237//
f 1237// 2248// 2249//
usemtl 3
f 1238// 1237// 2231//
f 2231// 1237// 2249//
f 2232// 2231// 2233//
f 2233// 2231// 2249//
f 2233// 2249// 2234//
f 2234// 2249// 2248//
f 2232// 2233// 1239//
f 1239// 2233// 1240//
f 2250// 2251// 1083//
f 1083// 2251// 1084//
usemtl 4
f 1116// 2252// 518//
f 518// 2252// 2253//
f 518// 2253// 520//
f 520// 2253// 2254//
f 520// 2254// 2255//
f 520// 2255// 521//
f 521// 2255// 2256//
f 521// 2256// 435//
f 435// 2256// 2257//
f 435// 2257// 460//
f 460// 2257// 2258//
f 460// 2258// 410//
f 410// 2258// 2259//
f 410// 2259// 411//
f 411// 2259// 2260//
f 411// 2260// 412//
f 412// 2260// 2261//
f 412// 2261// 413//
f 413// 2261// 2262//
f 413// 2262// 414//
f 414// 2262// 2263//
f 414// 2263// 415//
f 415// 2263// 2264//
f 415// 2264// 495//
f 495// 2264// 2265//
f 495// 2265// 528//
f 528// 2265// 2266//
f 528// 2266// 522//
f 2253// 2267// 2254//
f 2254// 2267// 2266//
f 2266// 2265// 2254//
f 2254// 2265// 2264//
f 2254// 2264// 2263//
f 2261// 2257// 2256//
f 2261// 2260// 2257//
f 2257// 2260// 2259//
f 2257// 2259// 2258//
f 2263// 2262// 2254//
f 2254// 2262// 2261//
f 2254// 2261// 2255//
f 2255// 2261// 2256//
f 522// 2266// 523//
f 523// 2266// 2267//
f 523// 2267// 1087//
f 1087// 2267// 2268//
usemtl 3
f 1083// 1087// 2250//
f 2250// 1087// 2268//
f 2251// 2250// 2252//
f 2252// 2250// 2268//
f 2252// 2268// 2253//
f 2253// 2268// 2267//
f 2251// 2252// 1084//
f 1084// 2252// 1116//
f 2269// 2270// 1148//
f 1148// 2270// 1149//
usemtl 4
f 1181// 2271// 815//
f 815// 2271// 2272//
f 815// 2272// 817//
f 817// 2272// 2273//
f 817// 2273// 2274//
f 817// 2274// 818//
f 818// 2274// 2275//
f 818// 2275// 704//
f 704// 2275// 2276//
f 704// 2276// 705//
f 705// 2276// 2277//
f 705// 2277// 828//
f 828// 2277// 2278//
f 828// 2278// 827//
f 827// 2278// 2279//
f 827// 2279// 700//
f 700// 2279// 2280//
f 700// 2280// 666//
f 666// 2280// 2281//
f 666// 2281// 701//
f 701// 2281// 2282//
f 701// 2282// 702//
f 702// 2282// 2283//
f 702// 2283// 703//
f 703// 2283// 2284//
f 703// 2284// 733//
f 733// 2284// 2285//
f 733// 2285// 732//
f 2283// 2282// 2281//
f 2280// 2279// 2285//
f 2285// 2279// 2278//
f 2280// 2285// 2281//
f 2281// 2285// 2284//
f 2281// 2284// 2283//
f 2278// 2277// 2285//
f 2285// 2277// 2276//
f 2285// 2276// 2275//
f 2272// 2286// 2273//
f 2273// 2286// 2285//
f 2273// 2285// 2274//
f 2274// 2285// 2275//
f 732// 2285// 730//
f 730// 2285// 2286//
f 730// 2286// 1152//
f 1152// 2286// 2287//
usemtl 3
f 1148// 1152// 2269//
f 2269// 1152// 2287//
f 2270// 2269// 2271//
f 2271// 2269// 2287//
f 2271// 2287// 2272//
f 2272// 2287// 2286//
f 2270// 2271// 1149//
f 1149// 2271// 1181//
f 2288// 2289// 1242//
f 1242// 2289// 1243//
usemtl 4
f 1248// 2290// 896//
f 896// 2290// 2291//
f 896// 2291// 897//
f 897// 2291// 2292//
f 897// 2292// 2293//
f 897// 2293// 898//
f 898// 2293// 2294//
f 898// 2294// 899//
f 899// 2294// 2295//
f 899// 2295// 895//
f 895// 2295// 2296//
f 895// 2296// 894//
f 894// 2296// 2297//
f 894// 2297// 893//
f 893// 2297// 2298//
f 893// 2298// 655//
f 655// 2298// 2299//
f 655// 2299// 656//
f 656// 2299// 2300//
f 656// 2300// 709//
f 709// 2300// 2301//
f 709// 2301// 707//
f 707// 2301// 2302//
f 707// 2302// 710//
f 710// 2302// 2303//
f 710// 2303// 711//
f 711// 2303// 2304//
f 711// 2304// 764//
f 2291// 2305// 2292//
f 2292// 2305// 2304//
f 2292// 2304// 2293//
f 2293// 2304// 2294//
f 2304// 2298// 2297//
f 2302// 2301// 2300//
f 2297// 2296// 2304//
f 2304// 2296// 2295//
f 2304// 2295// 2294//
f 2304// 2303// 2298//
f 2298// 2303// 2302//
f 2298// 2302// 2299//
f 2299// 2302// 2300//
f 764// 2304// 762//
f 762// 2304// 2305//
f 762// 2305// 1241//
f 1241// 2305// 2306//
usemtl 3
f 1242// 1241// 2288//
f 2288// 1241// 2306//
f 2289// 2288// 2290//
f 2290// 2288// 2306//
f 2290// 2306// 2291//
f 2291// 2306// 2305//
f 2289// 2290// 1243//
f 1243// 2290// 1248//
f 2307// 2308// 1114//
f 1114// 2308// 1113//
usemtl 4
f 1111// 2309// 403//
f 403// 2309// 2310//
f 403// 2310// 327//
f 327// 2310// 2311//
f 327// 2311// 2312//
f 327// 2312// 328//
f 328// 2312// 2313//
f 328// 2313// 484//
f 484// 2313// 2314//
f 484// 2314// 485//
f 485// 2314// 2315//
f 485// 2315// 486//
f 486// 2315// 2316//
f 486// 2316// 487//
f 487// 2316// 2317//
f 487// 2317// 314//
f 314// 2317// 2318//
f 314// 2318// 315//
f 315// 2318// 2319//
f 315// 2319// 461//
f 461// 2319// 2320//
f 461// 2320// 433//
f 433// 2320// 2321//
f 433// 2321// 434//
f 434// 2321// 2322//
f 434// 2322// 436//
f 436// 2322// 2323//
f 436// 2323// 519//
f 2310// 2324// 2311//
f 2311// 2324// 2323//
f 2311// 2323// 2322//
f 2322// 2321// 2311//
f 2311// 2321// 2320//
f 2311// 2320// 2312//
f 2319// 2318// 2314//
f 2319// 2314// 2320//
f 2320// 2314// 2313//
f 2320// 2313// 2312//
f 2318// 2317// 2314//
f 2314// 2317// 2316//
f 2314// 2316// 2315//
f 519// 2323// 517//
f 517// 2323// 2324//
f 517// 2324// 1115//
f 1115// 2324// 2325//
usemtl 3
f 1114// 1115// 2307//
f 2307// 1115// 2325//
f 2324// 2310// 2309//
f 2324// 2309// 2325//
f 2325// 2309// 2308//
f 2325// 2308// 2307//
f 2308// 2309// 1113//
f 1113// 2309// 1111//
f 2326// 2327// 1179//
f 1179// 2327// 1178//
usemtl 4
f 1176// 2328// 660//
f 660// 2328// 2329//
f 660// 2329// 673//
f 673// 2329// 2330//
f 673// 2330// 2331//
f 673// 2331// 674//
f 674// 2331// 2332//
f 674// 2332// 675//
f 675// 2332// 2333//
f 675// 2333// 650//
f 650// 2333// 2334//
f 650// 2334// 653//
f 653// 2334// 2335//
f 653// 2335// 654//
f 654// 2335// 2336//
f 654// 2336// 663//
f 663// 2336// 2337//
f 663// 2337// 664//
f 664// 2337// 2338//
f 664// 2338// 665//
f 665// 2338// 2339//
f 665// 2339// 812//
f 812// 2339// 2340//
f 812// 2340// 813//
f 813// 2340// 2341//
f 813// 2341// 706//
f 706// 2341// 2342//
f 706// 2342// 816//
f 2340// 2339// 2338//
f 2342// 2336// 2335//
f 2342// 2341// 2336//
f 2336// 2341// 2340//
f 2336// 2340// 2337//
f 2337// 2340// 2338//
f 2335// 2334// 2342//
f 2342// 2334// 2333//
f 2342// 2333// 2332//
f 2329// 2343// 2330//
f 2330// 2343// 2342//
f 2330// 2342// 2331//
f 2331// 2342// 2332//
f 816// 2342// 814//
f 814// 2342// 2343//
f 814// 2343// 1180//
f 1180// 2343// 2344//
usemtl 3
f 1179// 1180// 2326//
f 2326// 1180// 2344//
f 2343// 2329// 2328//
f 2343// 2328// 2344//
f 2344// 2328// 2327//
f 2344// 2327// 2326//
f 2327// 2328// 1178//
f 1178// 2328// 1176//
f 2345// 2346// 1250//
f 1250// 2346// 1228//
usemtl 4
f 1226// 2347// 27//
f 27// 2347// 2348//
f 27// 2348// 29//
f 29// 2348// 2349//
f 29// 2349// 2350//
f 29// 2350// 31//
f 31// 2350// 2351//
f 31// 2351// 33//
f 33// 2351// 2352//
f 33// 2352// 34//
f 34// 2352// 2353//
f 34// 2353// 37//
f 37// 2353// 2354//
f 37// 2354// 38//
f 38// 2354// 2355//
f 38// 2355// 39//
f 39// 2355// 2356//
f 39// 2356// 17//
f 17// 2356// 2357//
f 17// 2357// 18//
f 18// 2357// 2358//
f 18// 2358// 24//
f 24// 2358// 2359//
f 24// 2359// 25//
f 25// 2359// 2360//
f 25// 2360// 15//
f 15// 2360// 2361//
f 15// 2361// 16//
f 2348// 2362// 2349//
f 2349// 2362// 2361//
f 2355// 2361// 2360//
f 2355// 2354// 2361//
f 2361// 2354// 2353//
f 2361// 2353// 2352//
f 2360// 2359// 2355//
f 2355// 2359// 2358//
f 2355// 2358// 2356//
f 2356// 2358// 2357//
f 2352// 2351// 2361//
f 2361// 2351// 2350//
f 2361// 2350// 2349//
f 16// 2361// 23//
f 23// 2361// 2362//
f 23// 2362// 1249//
f 1249// 2362// 2363//
usemtl 3
f 1250// 1249// 2345//
f 2345// 1249// 2363//
f 2362// 2348// 2347//
f 2362// 2347// 2363//
f 2363// 2347// 2346//
f 2363// 2346// 2345//
f 2346// 2347// 1228//
f 1228// 2347// 1226//
usemtl 4
f 2364// 2365// 645//
f 645// 2365// 657//
f 2366// 2364// 316//
f 316// 2364// 645//
f 2367// 2366// 324//
f 324// 2366// 316//
f 2367// 324// 2368//
f 2368// 324// 341//
f 2368// 341// 2369//
f 2369// 341// 342//
f 2369// 342// 2370//
f 2370// 342// 372//
f 2370// 372// 2371//
f 2371// 372// 371//
f 2371// 371// 2372//
f 2372// 371// 370//
f 2372// 370// 2373//
f 2373// 370// 344//
f 2373// 344// 2374//
f 2374// 344// 343//
f 2374// 343// 2375//
f 2375// 343// 340//
f 2375// 340// 2376//
f 2376// 340// 339//
f 2376// 339// 2377//
f 2377// 339// 325//
f 2377// 325// 2378//
f 2378// 325// 323//
f 2378// 323// 2379//
f 2379// 323// 310//
f 2380// 2379// 307//
f 307// 2379// 310//
f 2365// 2380// 657//
f 657// 2380// 307//
f 2378// 2379// 2380//
f 2373// 2374// 2365//
f 2369// 2364// 2368//
f 2368// 2364// 2366//
f 2368// 2366// 2367//
f 2369// 2370// 2364//
f 2364// 2370// 2371//
f 2364// 2371// 2365//
f 2365// 2371// 2372//
f 2365// 2372// 2373//
f 2374// 2375// 2365//
f 2365// 2375// 2376//
f 2365// 2376// 2380//
f 2380// 2376// 2377//
f 2380// 2377// 2378//
usemtl 3
f 2381// 2382// 1245//
f 1245// 2382// 1223//
f 2383// 2381// 1246//
f 1246// 2381// 1245//
f 2384// 2383// 1224//
f 1224// 2383// 1246//
f 2382// 2384// 1223//
f 1223// 2384// 1224//
f 2383// 2384// 2381//
f 2381// 2384// 2382//
f 2385// 2386// 1199//
f 1199// 2386// 1200//
f 2387// 2385// 1198//
f 1198// 2385// 1199//
f 2388// 2387// 1201//
f 1201// 2387// 1198//
f 2386// 2388// 1200//
f 1200// 2388// 1201//
f 2387// 2388// 2385//
f 2385// 2388// 2386//
f 2389// 2390// 1123//
f 1123// 2390// 1124//
f 2391// 2389// 1122//
f 1122// 2389// 1123//
f 2392// 2391// 1157//
f 1157// 2391// 1122//
f 2390// 2392// 1124//
f 1124// 2392// 1157//
f 2391// 2392// 2389//
f 2389// 2392// 2390//
f 2393// 2394// 1058//
f 1058// 2394// 1059//
f 2395// 2393// 1057//
f 1057// 2393// 1058//
f 2396// 2395// 1092//
f 1092// 2395// 1057//
f 2394// 2396// 1059//
f 1059// 2396// 1092//
f 2395// 2396// 2393//
f 2393// 2396// 2394//
f 2397// 2398// 992//
f 992// 2398// 994//
f 2399// 2397// 991//
f 991// 2397// 992//
f 2400// 2399// 1027//
f 1027// 2399// 991//
f 2398// 2400// 994//
f 994// 2400// 1027//
f 2399// 2400// 2397//
f 2397// 2400// 2398//
f 2401// 2402// 1184//
f 1184// 2402// 1183//
f 2403// 2401// 1185//
f 1185// 2401// 1184//
f 2404// 2403// 1186//
f 1186// 2403// 1185//
f 2402// 2404// 1183//
f 1183// 2404// 1186//
f 2403// 2404// 2401//
f 2401// 2404// 2402//
f 2405// 2406// 1119//
f 1119// 2406// 1118//
f 2407// 2405// 1120//
f 1120// 2405// 1119//
f 2408// 2407// 1121//
f 1121// 2407// 1120//
f 2406// 2408// 1118//
f 1118// 2408// 1121//
f 2407// 2408// 2405//
f 2405// 2408// 2406//
f 2409// 2410// 1051//
f 1051// 2410// 1050//
f 2411// 2409// 1052//
f 1052// 2409// 1051//
f 2412// 2411// 1053//
f 1053// 2411// 1052//
f 2410// 2412// 1050//
f 1050// 2412// 1053//
f 2411// 2412// 2409//
f 2409// 2412// 2410//
usemtl 2
f 2413// 2414// 990//
f 990// 2414// 987//
f 2414// 2415// 987//
f 987// 2415// 985//
f 2415// 2416// 985//
f 985// 2416// 983//
f 2416// 2417// 983//
f 983// 2417// 984//
f 2417// 2418// 984//
f 984// 2418// 986//
f 2418// 2419// 986//
f 986// 2419// 988//
f 2419// 2420// 988//
f 988// 2420// 989//
f 2420// 2413// 989//
f 989// 2413// 990//
f 2421// 2417// 2422//
f 2422// 2417// 2416//
f 2423// 2420// 2421//
f 2421// 2420// 2419//
f 2421// 2419// 2417//
f 2417// 2419// 2418//
f 2423// 2424// 2420//
f 2420// 2424// 2425//
f 2420// 2425// 2413//
f 2413// 2425// 2426//
f 2413// 2426// 2427//
f 2427// 2428// 2413//
f 2413// 2428// 2422//
f 2413// 2422// 2414//
f 2414// 2422// 2416//
f 2414// 2416// 2415//
f 2421// 2422// 2429//
f 2429// 2422// 2430//
f 2423// 2421// 2431//
f 2431// 2421// 2429//
f 2423// 2431// 2432//
f 2423// 2432// 2424//
f 2424// 2432// 2433//
f 2424// 2433// 2425//
f 2426// 2425// 2434//
f 2434// 2425// 2433//
f 2426// 2434// 2435//
f 2426// 2435// 2427//
f 2427// 2435// 2436//
f 2427// 2436// 2428//
f 2422// 2428// 2430//
f 2430// 2428// 2436//
f 2437// 2438// 977//
f 977// 2438// 978//
f 2438// 2439// 978//
f 978// 2439// 979//
f 2439// 2440// 979//
f 979// 2440// 969//
f 2441// 981// 980//
f 2441// 980// 2442//
f 2442// 980// 975//
f 2442// 975// 2443//
f 2443// 975// 974//
f 2443// 974// 2444//
f 2444// 974// 973//
f 2444// 973// 2445//
f 2445// 973// 972//
f 2445// 972// 2446//
f 2446// 972// 971//
f 2446// 971// 2447//
f 2447// 971// 970//
f 2447// 970// 2448//
f 2448// 970// 969//
f 2448// 969// 2440//
f 2437// 977// 976//
f 2437// 976// 2449//
f 2449// 976// 968//
f 2449// 968// 2450//
f 2450// 968// 967//
f 2450// 967// 2451//
f 2451// 967// 966//
f 2451// 966// 2452//
f 2452// 966// 965//
f 2452// 965// 2453//
f 2453// 965// 982//
f 2453// 982// 2454//
f 2454// 982// 981//
f 2454// 981// 2441//
f 2443// 2444// 2455//
f 2455// 2444// 2445//
f 2455// 2445// 2456//
f 2456// 2445// 2446//
f 2456// 2446// 2457//
f 2457// 2446// 2447//
f 2457// 2447// 2458//
f 2458// 2447// 2448//
f 2458// 2448// 2459//
f 2459// 2448// 2440//
f 2459// 2440// 2460//
f 2460// 2440// 2439//
f 2460// 2439// 2461//
f 2461// 2439// 2438//
f 2461// 2438// 2462//
f 2462// 2438// 2437//
f 2462// 2437// 2463//
f 2463// 2437// 2449//
f 2463// 2449// 2464//
f 2464// 2449// 2450//
f 2464// 2450// 2465//
f 2465// 2450// 2451//
f 2465// 2451// 2466//
f 2466// 2451// 2452//
f 2466// 2452// 2467//
f 2467// 2452// 2453//
f 2467// 2453// 2468//
f 2468// 2453// 2454//
f 2468// 2454// 2469//
f 2469// 2454// 2441//
f 2469// 2441// 2470//
f 2470// 2441// 2442//
f 2470// 2442// 2471//
f 2471// 2442// 2443//
f 2471// 2443// 2455//
f 2459// 2460// 2472//
f 2472// 2460// 2473//
f 2459// 2472// 2474//
f 2459// 2474// 2458//
f 2458// 2474// 2475//
f 2458// 2475// 2457//
f 2457// 2475// 2476//
f 2457// 2476// 2456//
f 2456// 2476// 2477//
f 2456// 2477// 2455//
f 2455// 2477// 2478//
f 2455// 2478// 2471//
f 2471// 2478// 2479//
f 2471// 2479// 2470//
f 2470// 2479// 2480//
f 2470// 2480// 2469//
f 2469// 2480// 2481//
f 2469// 2481// 2468//
f 2468// 2481// 2482//
f 2468// 2482// 2467//
f 2467// 2482// 2483//
f 2467// 2483// 2466//
f 2466// 2483// 2484//
f 2466// 2484// 2465//
f 2465// 2484// 2485//
f 2465// 2485// 2464//
f 2464// 2485// 2486//
f 2464// 2486// 2463//
f 2463// 2486// 2487//
f 2463// 2487// 2462//
f 2461// 2462// 2488//
f 2488// 2462// 2487//
f 2460// 2461// 2473//
f 2473// 2461// 2488//
f 2489// 2490// 957//
f 957// 2490// 958//
f 2490// 2491// 958//
f 958// 2491// 954//
f 2491// 2492// 954//
f 954// 2492// 955//
f 2492// 2493// 955//
f 955// 2493// 953//
f 2493// 2494// 953//
f 953// 2494// 956//
f 2494// 2495// 956//
f 956// 2495// 964//
f 2495// 2496// 964//
f 964// 2496// 963//
f 2496// 2497// 963//
f 963// 2497// 962//
f 2497// 2498// 962//
f 962// 2498// 961//
f 2498// 2499// 961//
f 961// 2499// 959//
f 2499// 2500// 959//
f 959// 2500// 960//
f 2500// 2489// 960//
f 960// 2489// 957//
f 2491// 2490// 2489//
f 2489// 2500// 2491//
f 2491// 2500// 2499//
f 2491// 2499// 2492//
f 2494// 2493// 2495//
f 2495// 2493// 2492//
f 2495// 2492// 2496//
f 2496// 2492// 2499//
f 2496// 2499// 2497//
f 2497// 2499// 2498//
f 2501// 2502// 909//
f 909// 2502// 907//
f 907// 2502// 2503//
f 2504// 947// 946//
f 2504// 946// 2505//
f 2505// 946// 945//
f 2505// 945// 2503//
f 2503// 945// 944//
f 2503// 944// 907//
f 947// 2504// 948//
f 948// 2504// 2506//
f 948// 2506// 949//
f 949// 2506// 2507//
f 949// 2507// 931//
f 931// 2507// 2508//
f 931// 2508// 932//
f 932// 2508// 2509//
f 932// 2509// 940//
f 940// 2509// 2510//
f 940// 2510// 941//
f 941// 2510// 2511//
f 941// 2511// 942//
f 942// 2511// 2512//
f 942// 2512// 936//
f 2513// 2514// 132//
f 132// 2514// 130//
f 132// 939// 2513//
f 2513// 939// 935//
f 2513// 935// 2515//
f 2515// 935// 934//
f 2515// 934// 2516//
f 2516// 934// 933//
f 2516// 933// 2517//
f 2517// 933// 938//
f 2517// 938// 2518//
f 2518// 938// 937//
f 2518// 937// 2519//
f 2519// 937// 936//
f 2519// 936// 2512//
f 130// 2514// 131//
f 131// 2514// 2520//
f 131// 2520// 910//
f 910// 2520// 2521//
f 910// 2521// 911//
f 2521// 2522// 911//
f 911// 2522// 912//
f 2523// 915// 913//
f 2523// 913// 2524//
f 2524// 913// 912//
f 2524// 912// 2522//
f 2525// 920// 930//
f 2525// 930// 2526//
f 2526// 930// 929//
f 2526// 929// 2527//
f 2527// 929// 919//
f 2527// 919// 2528//
f 2528// 919// 918//
f 2528// 918// 2529//
f 2529// 918// 917//
f 2529// 917// 2530//
f 2530// 917// 916//
f 2530// 916// 2531//
f 2531// 916// 915//
f 2531// 915// 2523//
f 2532// 924// 923//
f 2532// 923// 2533//
f 2533// 923// 925//
f 2533// 925// 2534//
f 2534// 925// 926//
f 2534// 926// 2535//
f 2535// 926// 927//
f 2535// 927// 2536//
f 2536// 927// 922//
f 2536// 922// 2537//
f 2537// 922// 921//
f 2537// 921// 2538//
f 2538// 921// 920//
f 2538// 920// 2525//
f 2501// 909// 914//
f 2501// 914// 2539//
f 2539// 914// 928//
f 2539// 928// 2540//
f 2540// 928// 924//
f 2540// 924// 2532//
f 2533// 2504// 2532//
f 2532// 2504// 2505//
f 2532// 2505// 2540//
f 2540// 2505// 2503//
f 2540// 2503// 2539//
f 2539// 2503// 2502//
f 2539// 2502// 2501//
f 2522// 2521// 2524//
f 2524// 2521// 2520//
f 2524// 2520// 2523//
f 2523// 2520// 2514//
f 2523// 2514// 2531//
f 2531// 2514// 2513//
f 2531// 2513// 2530//
f 2530// 2513// 2515//
f 2530// 2515// 2529//
f 2529// 2515// 2516//
f 2529// 2516// 2528//
f 2528// 2516// 2517//
f 2528// 2517// 2527//
f 2527// 2517// 2518//
f 2527// 2518// 2526//
f 2526// 2518// 2519//
f 2526// 2519// 2525//
f 2525// 2519// 2512//
f 2525// 2512// 2538//
f 2538// 2512// 2511//
f 2538// 2511// 2537//
f 2537// 2511// 2510//
f 2537// 2510// 2536//
f 2536// 2510// 2509//
f 2536// 2509// 2535//
f 2535// 2509// 2508//
f 2535// 2508// 2534//
f 2534// 2508// 2507//
f 2534// 2507// 2533//
f 2533// 2507// 2506//
f 2533// 2506// 2504//
f 2541// 2542// 19//
f 19// 2542// 20//
f 2542// 2543// 20//
f 20// 2543// 13//
f 2543// 2544// 13//
f 13// 2544// 11//
f 2544// 2545// 11//
f 11// 2545// 10//
f 2545// 2546// 10//
f 10// 2546// 943//
f 2546// 2541// 943//
f 943// 2541// 19//
f 2545// 2544// 2546//
f 2546// 2544// 2543//
f 2546// 2543// 2541//
f 2541// 2543// 2542//
usemtl 1
f 2429// 2430// 2431//
f 2431// 2430// 2436//
f 2431// 2436// 2432//
f 2432// 2436// 2435//
f 2432// 2435// 2433//
f 2433// 2435// 2434//
f 2473// 2488// 2472//
f 2472// 2488// 2487//
f 2472// 2487// 2486//
f 2480// 2479// 2472//
f 2472// 2479// 2478//
f 2472// 2478// 2474//
f 2486// 2485// 2472//
f 2472// 2485// 2484//
f 2472// 2484// 2483//
f 2483// 2482// 2472//
f 2472// 2482// 2481//
f 2472// 2481// 2480//
f 2477// 2476// 2478//
f 2478// 2476// 2475//
f 2478// 2475// 2474//
