v 0.16425 0.083984 0.0
v 0.183944 0.081772 0.0
v 0.120997 -0.066172 0.0
newmtl 1
Ka 0.25098039215686274 0.25098039215686274 0.25098039215686274
Kd 0.25098039215686274 0.25098039215686274 0.25098039215686274
Ks 0.12549019607843137 0.12549019607843137 0.12549019607843137
d 0.0
endmtl
v 0.216475 -0.089715 0.0
v 0.283267 -0.096504 0.0
v 0.197091 -0.096387 0.0
v 0.184205 -0.097723 0.0
v 0.139941 0.080826 0.0
v 0.117413 -0.064187 0.0
v 0.117413 0.071179 0.0
v 0.097901 2.0 0.0
v 0.117413 0.098008 0.0
v 0.198913 0.07637 0.0
v 0.212756 0.067109 0.0
v 0.224834 0.053776 0.0
v 0.239364 0.001362 0.0
v 0.237339 -0.020289 0.0
v 0.231905 -0.037492 0.0
v 0.187401 -0.074899 0.0
v 0.168747 -0.076992 0.0
v 0.201974 -0.069534 0.0
v 0.214249 -0.061261 0.0
v 0.223634 -0.05136 0.0
v 0.142199 -0.074045 0.0
v 0.255638 0.050819 0.0
v 0.243916 0.069518 0.0
v 0.358876 0.103496 0.0
v 0.385706 0.103496 0.0
v 2.5 2.0 0.0
v 0.385706 -0.096504 0.0
v 2.5 -0.097723 0.0
v 0.233079 0.038334 0.0
v 0.23841 0.016923 0.0
v 0.232563 -0.079442 0.0
v 0.247586 -0.063626 0.0
v 0.283267 -0.074553 0.0
v 0.25824 -0.044609 0.0
v 0.358876 -0.074553 0.0
v 0.225859 0.086883 0.0
v 0.206863 0.097818 0.0
v 0.184566 0.104295 0.0
v 0.264259 -0.023439 0.0
v 0.266193 -2.77E-4 0.0
v 0.263316 0.028157 0.0
v 0.164478 0.105935 0.0
v 0.140536 0.104283 0.0
v 0.117413 -0.086138 0.0
v 0.138732 -0.094891 0.0
v 0.097901 -0.097723 0.0
v 0.158941 -0.097723 0.0
v 0.097901 -2.0 0.0
v 0.166975 -0.098849 0.0
v 2.5 -2.0 0.0
v 0.172443 -0.098943 0.0
v -0.067953 -0.096504 0.0
v -0.028929 -0.074553 0.0
v -0.028929 -0.096504 0.0
v 0.078389 -0.096504 0.0
v 0.078389 0.103496 0.0
v -0.024051 0.103496 0.0
v -2.5 2.0 0.0
v -0.243563 -0.096504 0.0
v -0.218942 -0.041688 0.0
v -0.207472 -0.059577 0.0
v -0.319172 0.103496 0.0
v -0.346002 0.103496 0.0
v -2.5 -0.097723 0.0
v 0.051559 0.081545 0.0
v 0.051559 0.015691 0.0
v -0.024051 0.081545 0.0
v -0.019172 0.015691 0.0
v -0.019172 -0.00626 0.0
v 0.051559 -0.00626 0.0
v 0.051559 -0.074553 0.0
v -0.19101 -0.075339 0.0
v -0.170128 -0.087475 0.0
v -0.147082 -0.094344 0.0
v -0.067953 0.103496 0.0
v -0.153288 0.100408 0.0
v -0.176688 0.092191 0.0
v -0.198457 0.077602 0.0
v -0.124393 0.103496 0.0
v -0.198666 0.077419 0.0
v -0.212809 0.061736 0.0
v -0.222103 0.044536 0.0
v -0.227475 0.024831 0.0
v -0.228929 0.006011 0.0
v -0.226122 -0.020754 0.0
v -0.42405 -0.096504 0.0
v -0.394782 -0.096504 0.0
v -0.122336 -0.096504 0.0
v -0.374546 -0.040406 0.0
v -0.291924 -0.040406 0.0
v -0.272831 -0.096504 0.0
v -2.5 -2.0 0.0
v 1.784496 -2.0 1.0
v 2.5 -2.0 1.0
v 2.5 -0.871194 1.0
v -0.627821 0.148249 1.0
v -0.605064 0.185718 1.0
v -0.662716 0.251291 1.0
v -0.57419 0.216433 1.0
v -0.537275 0.238077 1.0
v -0.496784 0.249957 1.0
v -0.508651 -0.150837 1.0
v -0.546238 -0.137911 1.0
v -0.662716 -0.177977 1.0
v -0.459667 -0.156026 1.0
v -0.35432 -0.177977 1.0
v -0.395185 -0.147032 1.0
v -0.427094 -0.153882 1.0
v -0.578958 -0.117069 1.0
v -0.607692 -0.087324 1.0
v -0.629851 -0.049983 1.0
v -0.643373 -0.006756 1.0
v -0.648082 0.044127 1.0
v -0.642613 0.101926 1.0
v -0.213935 -0.177977 1.0
v -0.270553 -0.177977 1.0
v -0.233448 -0.204806 1.0
v -0.290925 -0.057488 1.0
v -0.31988 -0.099471 1.0
v -0.367073 0.234981 1.0
v -0.213935 0.251291 1.0
v -0.404888 0.248439 1.0
v -0.430925 0.251291 1.0
v -0.332622 -0.111924 1.0
v -0.346557 -0.123023 1.0
v -0.332292 0.211593 1.0
v -0.302615 0.178184 1.0
v -0.281761 0.138242 1.0
v -0.270423 0.093646 1.0
v -0.267594 0.053578 1.0
v -0.275156 -0.014205 1.0
v -0.453188 0.25373 1.0
v -0.213935 2.0 1.0
v -0.481364 0.251291 1.0
v -0.662716 2.0 1.0
v 0.535325 0.23304 1.0
v 0.562391 0.246264 1.0
v 0.454357 0.251291 1.0
v 0.732406 0.146566 1.0
v 0.728471 0.109802 1.0
v 0.742162 -0.107245 1.0
v 0.493382 -0.131331 1.0
v 0.496821 -0.0936 1.0
v 0.454357 -0.177977 1.0
v 0.508016 0.1612 1.0
v 0.508016 0.210133 1.0
v 0.506737 -0.064065 1.0
v 0.522951 -0.038818 1.0
v 0.555714 -0.006189 1.0
v 0.759235 0.251291 1.0
v 0.672431 0.241934 1.0
v 0.69666 0.226901 1.0
v 0.59765 0.025524 1.0
v 0.601995 0.028578 1.0
v 0.521574 0.174213 1.0
v 0.717279 0.079235 1.0
v 0.701199 0.055107 1.0
v 0.663026 0.01887 1.0
v 0.712819 0.210283 1.0
v 0.723688 0.191722 1.0
v 0.730262 0.17042 1.0
v 0.759235 -0.177977 1.0
v 0.742162 -0.151148 1.0
v 0.493382 -0.151148 1.0
v 0.643001 0.004188 1.0
v 0.580567 -0.041513 1.0
v 0.561292 -0.060549 1.0
v 0.673253 0.097688 1.0
v 0.681109 0.119537 1.0
v 0.549251 0.193708 1.0
v 0.552475 -0.074123 1.0
v 0.547642 -0.088417 1.0
v 0.545821 -0.107245 1.0
v 0.658045 0.075713 1.0
v 0.683626 0.142679 1.0
v 0.681832 0.160012 1.0
v 0.677262 0.173281 1.0
v 0.648558 0.20134 1.0
v 0.629747 0.207635 1.0
v 0.606644 0.209828 1.0
v 0.576644 0.205397 1.0
v 0.670187 0.184479 1.0
v 0.660924 0.193541 1.0
v 0.586186 0.251291 1.0
v 0.593957 0.252933 1.0
v 0.454357 2.0 1.0
v 0.759235 2.0 1.0
v 0.611522 0.25373 1.0
v 0.637422 0.251291 1.0
v 0.645496 0.250531 1.0
v -2.037581 -1.65 1.0
v -1.530637 -2.0 1.0
v -2.041412 -1.620904 1.0
v -1.530637 -0.871194 1.0
v -2.052643 -1.593791 1.0
v -2.041412 -1.679096 1.0
v -2.052643 -1.706209 1.0
v -2.070508 -1.729492 1.0
v -2.179096 -1.758588 1.0
v -2.206209 -1.747357 1.0
v -2.5 -2.0 1.0
v -2.229492 -1.729492 1.0
v -2.247357 -1.706209 1.0
v -2.247357 -1.593791 1.0
v -2.229492 -1.570508 1.0
v -2.5 -0.871194 1.0
v -2.258588 -1.679096 1.0
v -2.262419 -1.65 1.0
v -2.258588 -1.620904 1.0
v -2.093791 -1.747357 1.0
v -2.120904 -1.758588 1.0
v -2.15 -1.762418 1.0
v -2.15 -1.537582 1.0
v -2.120904 -1.541412 1.0
v -2.206209 -1.552643 1.0
v -2.179096 -1.541412 1.0
v -2.093791 -1.552643 1.0
v -2.070508 -1.570508 1.0
v -0.213935 -0.871194 1.0
v -0.662716 -0.871194 1.0
v -0.662716 -2.0 1.0
v 1.784496 -0.871194 1.0
v 0.759235 -2.0 1.0
v 0.759235 -0.871194 1.0
v 0.454357 -2.0 1.0
v 0.454357 -0.871194 1.0
v 0.049479 -2.0 1.0
v 0.049479 -0.871194 1.0
v -0.213935 -2.0 1.0
v -0.31889 -0.204806 1.0
v 0.049479 -0.177977 1.0
v 1.784496 -0.177977 1.0
v -1.530637 -0.177977 1.0
v -2.5 -0.177977 1.0
v -1.530637 0.251291 1.0
v -2.5 0.251291 1.0
v -0.731009 0.248852 1.0
v -0.67735 0.248852 1.0
v -0.818813 -0.151148 1.0
v -0.87735 -0.151148 1.0
v -0.847853 -0.097489 1.0
v -0.846633 -0.097489 1.0
v -0.850909 -0.079428 1.0
v -0.843247 -0.079136 1.0
v -0.855932 -0.061818 1.0
v -0.837792 -0.061285 1.0
v -0.965155 0.248852 1.0
v -1.023692 0.248852 1.0
v 0.010455 0.248852 1.0
v 0.049479 0.251291 1.0
v 0.010455 0.20495 1.0
v -0.140765 0.20495 1.0
v -0.140765 0.068365 1.0
v 6.99E-4 0.068365 1.0
v 6.99E-4 0.024462 1.0
v -0.140765 0.024462 1.0
v -0.140765 -0.151148 1.0
v -0.194423 -0.151148 1.0
v -0.194423 0.248852 1.0
v 0.142162 -0.151148 1.0
v 0.088504 -0.151148 1.0
v 0.088504 0.248852 1.0
v 0.142162 0.185438 1.0
v 0.140562 0.185438 1.0
v 0.148227 0.172096 1.0
v 0.14193 0.157486 1.0
v 0.155501 0.159371 1.0
v 0.35169 -0.151148 1.0
v 0.142162 0.129493 1.0
v 0.156796 0.248852 1.0
v 0.361674 0.248852 1.0
v 0.415333 0.248852 1.0
v 0.415333 -0.151148 1.0
v 0.363199 -0.082855 1.0
v 0.364266 -0.082855 1.0
v 0.355497 -0.068903 1.0
v 0.362118 -0.053861 1.0
v 0.347116 -0.05534 1.0
v 0.361674 -0.024776 1.0
v 1.784496 0.251291 1.0
v 1.068992 -0.014562 1.0
v 1.068992 -0.058465 1.0
v 1.010455 -0.058465 1.0
v 1.010455 -0.151148 1.0
v 0.961674 -0.151148 1.0
v 0.961674 -0.058465 1.0
v 0.958321 0.248852 1.0
v 1.010455 0.248852 1.0
v 0.776309 -0.058465 1.0
v 0.776309 -0.016849 1.0
v 0.885858 0.126789 1.0
v -1.530637 2.0 1.0
v -2.5 2.0 1.0
v 0.049479 2.0 1.0
v 1.010455 -0.014562 1.0
v 1.784496 2.0 1.0
v 2.5 -0.177977 1.0
v 2.5 0.251291 1.0
v 2.5 2.0 1.0
v 0.6 -2.0 0.12
v 0.4 -2.0 0.12
v 0.4 -2.0 0.18
v -0.6 -2.0 0.18
v -0.6 -2.0 0.12
v -0.4 -2.0 0.12
v -0.4 -2.0 0.18
v 0.6 -2.0 0.18
v -0.731009 0.248852 0.99
v -0.67735 0.248852 0.99
newmtl 2
Ka 0.6666666666666666 0.6666666666666666 0.6666666666666666
Kd 0.6666666666666666 0.6666666666666666 0.6666666666666666
Ks 0.3333333333333333 0.3333333333333333 0.3333333333333333
d 0.0
endmtl
v -0.818813 -0.151148 0.99
v -0.87735 -0.151148 0.99
v -1.023692 0.248852 0.99
v -0.965155 0.248852 0.99
v -0.855932 -0.061818 0.99
v -0.847853 -0.097489 0.99
v -0.850909 -0.079428 0.99
v -0.846633 -0.097489 0.99
v -0.837792 -0.061285 0.99
v -0.843247 -0.079136 0.99
v -2.037581 -1.65 0.99
v -2.041412 -1.620904 0.99
v -2.052643 -1.593791 0.99
v -2.070508 -1.570508 0.99
v -2.093791 -1.552643 0.99
v -2.120904 -1.541412 0.99
v -2.15 -1.537582 0.99
v -2.179096 -1.541412 0.99
v -2.206209 -1.552643 0.99
v -2.229492 -1.570508 0.99
v -2.247357 -1.593791 0.99
v -2.258588 -1.620904 0.99
v -2.262419 -1.65 0.99
v -2.258588 -1.679096 0.99
v -2.247357 -1.706209 0.99
v -2.229492 -1.729492 0.99
v -2.206209 -1.747357 0.99
v -2.179096 -1.758588 0.99
v -2.15 -1.762418 0.99
v -2.120904 -1.758588 0.99
v -2.093791 -1.747357 0.99
v -2.070508 -1.729492 0.99
v -2.052643 -1.706209 0.99
v -2.041412 -1.679096 0.99
v -2.15 -1.65 0.99
v 0.958321 0.248852 0.99
v 1.010455 0.248852 0.99
v 1.010455 -0.014562 0.99
v 1.068992 -0.014562 0.99
v 1.068992 -0.058465 0.99
v 1.010455 -0.058465 0.99
v 1.010455 -0.151148 0.99
v 0.961674 -0.151148 0.99
v 0.961674 -0.058465 0.99
v 0.776309 -0.058465 0.99
v 0.776309 -0.016849 0.99
v 0.885858 0.126789 0.99
v 0.961674 0.175453 0.99
v 0.961674 -0.014562 0.99
v 0.901536 0.077587 0.99
v 0.83294 -0.014562 0.99
v 0.83294 -0.014562 1.0
v 0.901536 0.077587 1.0
v 0.961674 0.175453 1.0
v 0.961674 -0.014562 1.0
v 0.683626 0.142679 0.99
v 0.681109 0.119537 0.99
v 0.673253 0.097688 0.99
v 0.658045 0.075713 0.99
v 0.601995 0.028578 0.99
v 0.606644 0.209828 0.99
v 0.629747 0.207635 0.99
v 0.648558 0.20134 0.99
v 0.660924 0.193541 0.99
v 0.670187 0.184479 0.99
v 0.677262 0.173281 0.99
v 0.681832 0.160012 0.99
v 0.508016 0.1612 0.99
v 0.521574 0.174213 0.99
v 0.549251 0.193708 0.99
v 0.576644 0.205397 0.99
v 0.508016 0.210133 0.99
v 0.611522 0.25373 0.99
v 0.593957 0.252933 0.99
v 0.562391 0.246264 0.99
v 0.535325 0.23304 0.99
v 0.645496 0.250531 0.99
v 0.672431 0.241934 0.99
v 0.69666 0.226901 0.99
v 0.712819 0.210283 0.99
v 0.723688 0.191722 0.99
v 0.730262 0.17042 0.99
v 0.732406 0.146566 0.99
v 0.643001 0.004188 0.99
v 0.663026 0.01887 0.99
v 0.701199 0.055107 0.99
v 0.717279 0.079235 0.99
v 0.728471 0.109802 0.99
v 0.545821 -0.107245 0.99
v 0.547642 -0.088417 0.99
v 0.552475 -0.074123 0.99
v 0.561292 -0.060549 0.99
v 0.580567 -0.041513 0.99
v 0.742162 -0.107245 0.99
v 0.742162 -0.151148 0.99
v 0.493382 -0.151148 0.99
v 0.493382 -0.131331 0.99
v 0.59765 0.025524 0.99
v 0.555714 -0.006189 0.99
v 0.522951 -0.038818 0.99
v 0.506737 -0.064065 0.99
v 0.496821 -0.0936 0.99
v 0.415333 0.248852 0.99
v 0.415333 -0.151148 0.99
v 0.35169 -0.151148 0.99
v 0.155501 0.159371 0.99
v 0.142162 0.185438 0.99
v 0.148227 0.172096 0.99
v 0.140562 0.185438 0.99
v 0.142162 0.129493 0.99
v 0.14193 0.157486 0.99
v 0.142162 -0.151148 0.99
v 0.088504 -0.151148 0.99
v 0.088504 0.248852 0.99
v 0.156796 0.248852 0.99
v 0.347116 -0.05534 0.99
v 0.363199 -0.082855 0.99
v 0.355497 -0.068903 0.99
v 0.364266 -0.082855 0.99
v 0.361674 -0.024776 0.99
v 0.362118 -0.053861 0.99
v 0.361674 0.248852 0.99
v 0.010455 0.248852 0.99
v 0.010455 0.20495 0.99
v -0.140765 0.20495 0.99
v -0.140765 0.068365 0.99
v 6.99E-4 0.068365 0.99
v 6.99E-4 0.024462 0.99
v -0.140765 0.024462 0.99
v -0.140765 -0.151148 0.99
v -0.194423 -0.151148 0.99
v -0.194423 0.248852 0.99
v -0.648082 0.044127 0.99
v -0.643373 -0.006756 0.99
v -0.629851 -0.049983 0.99
v -0.607692 -0.087324 0.99
v -0.578958 -0.117069 0.99
v -0.546238 -0.137911 0.99
v -0.508651 -0.150837 0.99
v -0.459667 -0.156026 0.99
v -0.453188 0.25373 0.99
v -0.496784 0.249957 0.99
v -0.537275 0.238077 0.99
v -0.57419 0.216433 0.99
v -0.605064 0.185718 0.99
v -0.627821 0.148249 0.99
v -0.642613 0.101926 0.99
v -0.267594 0.053578 0.99
v -0.270423 0.093646 0.99
v -0.281761 0.138242 0.99
v -0.302615 0.178184 0.99
v -0.332292 0.211593 0.99
v -0.367073 0.234981 0.99
v -0.404888 0.248439 0.99
v -0.31988 -0.099471 0.99
v -0.290925 -0.057488 0.99
v -0.275156 -0.014205 0.99
v -0.346557 -0.123023 0.99
v -0.332622 -0.111924 0.99
v -0.233448 -0.204806 0.99
v -0.31889 -0.204806 0.99
v -0.395185 -0.147032 0.99
v -0.427094 -0.153882 0.99
v -0.423577 -0.108364 0.99
v -0.459515 -0.112123 0.99
v -0.488816 -0.109247 0.99
v -0.516452 -0.099982 0.99
v -0.539988 -0.085038 0.99
v -0.561641 -0.062576 0.99
v -0.578652 -0.034006 0.99
v -0.590126 0.002443 0.99
v -0.594423 0.048471 0.99
v -0.592829 0.077052 0.99
v -0.582146 0.121401 0.99
v -0.56582 0.152693 0.99
v -0.542765 0.178879 0.99
v -0.518781 0.195387 0.99
v -0.491921 0.205589 0.99
v -0.456161 0.209828 0.99
v -0.420367 0.205884 0.99
v -0.393948 0.196494 0.99
v -0.37169 0.181879 0.99
v -0.352103 0.161067 0.99
v -0.335409 0.131079 0.99
v -0.325207 0.094983 0.99
v -0.321252 0.047709 0.99
v -0.325869 -0.00169 0.99
v -0.338324 -0.039725 0.99
v -0.354063 -0.06512 0.99
v -0.372552 -0.084032 0.99
v -0.395845 -0.098897 0.99
v -0.594423 0.048471 1.0
v -0.592829 0.077052 1.0
v -0.582146 0.121401 1.0
v -0.56582 0.152693 1.0
v -0.542765 0.178879 1.0
v -0.518781 0.195387 1.0
v -0.491921 0.205589 1.0
v -0.456161 0.209828 1.0
v -0.420367 0.205884 1.0
v -0.393948 0.196494 1.0
v -0.37169 0.181879 1.0
v -0.352103 0.161067 1.0
v -0.335409 0.131079 1.0
v -0.325207 0.094983 1.0
v -0.321252 0.047709 1.0
v -0.325869 -0.00169 1.0
v -0.338324 -0.039725 1.0
v -0.354063 -0.06512 1.0
v -0.372552 -0.084032 1.0
v -0.395845 -0.098897 1.0
v -0.423577 -0.108364 1.0
v -0.459515 -0.112123 1.0
v -0.488816 -0.109247 1.0
v -0.516452 -0.099982 1.0
v -0.539988 -0.085038 1.0
v -0.561641 -0.062576 1.0
v -0.578652 -0.034006 1.0
v -0.590126 0.002443 1.0
v 0.6 -2.001 0.18
v 0.6 -2.001 0.12
newmtl 3
Ka 1.0 1.0 0.0
Kd 1.0 1.0 0.0
Ks 0.5019607843137255 0.5019607843137255 0.0
d 0.0
endmtl
v 0.4 -2.001 0.12
v 0.4 -2.001 0.18
v -0.4 -2.001 0.18
v -0.4 -2.001 0.12
v -0.6 -2.001 0.12
v -0.6 -2.001 0.18
v -0.346002 0.103496 0.01
v -0.42405 -0.096504 0.01
newmtl 4
Ka 1.0 1.0 1.0
Kd 1.0 1.0 1.0
Ks 0.8784313725490196 0.8784313725490196 0.8784313725490196
d 0.0
endmtl
v -0.394782 -0.096504 0.01
v -0.374546 -0.040406 0.01
v -0.291924 -0.040406 0.01
v -0.272831 -0.096504 0.01
v -0.243563 -0.096504 0.01
v -0.319172 0.103496 0.01
v -0.298669 -0.018455 0.01
v -0.365552 -0.018455 0.01
v -0.328509 0.065082 0.01
v -0.330434 0.072018 0.01
v -0.331711 0.079106 0.01
v -0.332358 0.079106 0.01
v -0.333664 0.072039 0.01
v -0.335445 0.065082 0.01
v -0.298669 -0.018455 0.0
v -0.365552 -0.018455 0.0
v -0.328509 0.065082 0.0
v -0.330434 0.072018 0.0
v -0.331711 0.079106 0.0
v -0.332358 0.079106 0.0
v -0.333664 0.072039 0.0
v -0.335445 0.065082 0.0
v -0.122336 -0.096504 0.01
v -0.067953 -0.096504 0.01
v -0.067953 0.103496 0.01
v -0.124393 0.103496 0.01
v -0.228929 0.006011 0.01
v -0.227475 0.024831 0.01
v -0.222103 0.044536 0.01
v -0.212809 0.061736 0.01
v -0.198666 0.077419 0.01
v -0.198457 0.077602 0.01
v -0.176688 0.092191 0.01
v -0.153288 0.100408 0.01
v -0.147082 -0.094344 0.01
v -0.170128 -0.087475 0.01
v -0.19101 -0.075339 0.01
v -0.207472 -0.059577 0.01
v -0.218942 -0.041688 0.01
v -0.226122 -0.020754 0.01
v -0.188783 0.053499 0.01
v -0.179069 0.063814 0.01
v -0.16446 0.073252 0.01
v -0.147951 0.079029 0.01
v -0.124279 0.081545 0.01
v -0.094782 0.081545 0.01
v -0.094782 -0.074553 0.01
v -0.123174 -0.074553 0.01
v -0.144274 -0.072589 0.01
v -0.161104 -0.067335 0.01
v -0.174744 -0.059236 0.01
v -0.185962 -0.048156 0.01
v -0.194397 -0.034367 0.01
v -0.200263 -0.015567 0.01
v -0.202099 0.00544 0.01
v -0.2004 0.025345 0.01
v -0.195731 0.041164 0.01
v -0.124279 0.081545 0.0
v -0.094782 0.081545 0.0
v -0.147951 0.079029 0.0
v -0.16446 0.073252 0.0
v -0.179069 0.063814 0.0
v -0.188783 0.053499 0.0
v -0.195731 0.041164 0.0
v -0.2004 0.025345 0.0
v -0.202099 0.00544 0.0
v -0.200263 -0.015567 0.0
v -0.194397 -0.034367 0.0
v -0.185962 -0.048156 0.0
v -0.174744 -0.059236 0.0
v -0.161104 -0.067335 0.0
v -0.144274 -0.072589 0.0
v -0.123174 -0.074553 0.0
v -0.094782 -0.074553 0.0
v -0.028929 -0.074553 0.01
v -0.028929 -0.096504 0.01
v 0.078389 -0.096504 0.01
v 0.078389 0.103496 0.01
v -0.024051 0.103496 0.01
v -0.024051 0.081545 0.01
v 0.051559 0.081545 0.01
v 0.051559 0.015691 0.01
v -0.019172 0.015691 0.01
v -0.019172 -0.00626 0.01
v 0.051559 -0.00626 0.01
v 0.051559 -0.074553 0.01
v 0.117413 -0.064187 0.01
v 0.117413 -0.086138 0.01
v 0.138732 -0.094891 0.01
v 0.172443 -0.098943 0.01
v 0.166975 -0.098849 0.01
v 0.266193 -2.77E-4 0.01
v 0.264259 -0.023439 0.01
v 0.25824 -0.044609 0.01
v 0.247586 -0.063626 0.01
v 0.232563 -0.079442 0.01
v 0.216475 -0.089715 0.01
v 0.197091 -0.096387 0.01
v 0.164478 0.105935 0.01
v 0.184566 0.104295 0.01
v 0.206863 0.097818 0.01
v 0.225859 0.086883 0.01
v 0.243916 0.069518 0.01
v 0.255638 0.050819 0.01
v 0.263316 0.028157 0.01
v 0.117413 0.098008 0.01
v 0.140536 0.104283 0.01
v 0.117413 0.071179 0.01
v 0.16425 0.083984 0.01
v 0.139941 0.080826 0.01
v 0.239364 0.001362 0.01
v 0.23841 0.016923 0.01
v 0.233079 0.038334 0.01
v 0.224834 0.053776 0.01
v 0.212756 0.067109 0.01
v 0.198913 0.07637 0.01
v 0.183944 0.081772 0.01
v 0.168747 -0.076992 0.01
v 0.187401 -0.074899 0.01
v 0.201974 -0.069534 0.01
v 0.214249 -0.061261 0.01
v 0.223634 -0.05136 0.01
v 0.231905 -0.037492 0.01
v 0.237339 -0.020289 0.01
v 0.120997 -0.066172 0.01
v 0.142199 -0.074045 0.01
v 0.283267 -0.074553 0.01
v 0.283267 -0.096504 0.01
v 0.385706 -0.096504 0.01
v 0.385706 0.103496 0.01
v 0.358876 0.103496 0.01
v 0.358876 -0.074553 0.01
v 2.31 -0.9 0.18
v 2.51 -0.9 0.18
v 2.31 -0.9 -0.02
newmtl 5
Ka 0.7686274509803922 0.7686274509803922 0.7686274509803922
Kd 0.7686274509803922 0.7686274509803922 0.7686274509803922
Ks 0.615686274509804 0.615686274509804 0.615686274509804
d 0.0
endmtl
v 2.51 -0.9 -0.02
v 2.295768 -0.901018 -0.02
v 2.295768 -0.901018 0.18
v 2.281827 -0.904051 -0.02
v 2.281827 -0.904051 0.18
v 2.268458 -0.909037 -0.02
v 2.268458 -0.909037 0.18
v 2.255936 -0.915875 -0.02
v 2.255936 -0.915875 0.18
v 2.244514 -0.924425 -0.02
v 2.244514 -0.924425 0.18
v 2.234425 -0.934514 -0.02
v 2.234425 -0.934514 0.18
v 2.225875 -0.945936 -0.02
v 2.225875 -0.945936 0.18
v 2.219037 -0.958459 -0.02
v 2.219037 -0.958459 0.18
v 2.214051 -0.971827 -0.02
v 2.214051 -0.971827 0.18
v 2.211018 -0.985768 -0.02
v 2.211018 -0.985768 0.18
v 2.21 -1.0 -0.02
v 2.21 -1.0 0.18
v 2.211018 -1.014231 -0.02
v 2.211018 -1.014231 0.18
v 2.214051 -1.028173 -0.02
v 2.214051 -1.028173 0.18
v 2.219037 -1.041541 -0.02
v 2.219037 -1.041541 0.18
v 2.225875 -1.054064 -0.02
v 2.225875 -1.054064 0.18
v 2.234425 -1.065486 -0.02
v 2.234425 -1.065486 0.18
v 2.244514 -1.075575 -0.02
v 2.244514 -1.075575 0.18
v 2.255936 -1.084125 -0.02
v 2.255936 -1.084125 0.18
v 2.268458 -1.090963 -0.02
v 2.268458 -1.090963 0.18
v 2.281827 -1.095949 -0.02
v 2.281827 -1.095949 0.18
v 2.295768 -1.098982 -0.02
v 2.295768 -1.098982 0.18
v 2.31 -1.1 -0.02
v 2.31 -1.1 0.18
v 2.51 -1.1 0.18
v 2.51 -1.1 -0.02
v -1.4 -1.81 0.18
v -1.4 -2.01 0.18
v -1.4 -1.81 -0.02
v -1.4 -2.01 -0.02
v -1.401018 -1.795768 -0.02
v -1.401018 -1.795768 0.18
v -1.404051 -1.781827 -0.02
v -1.404051 -1.781827 0.18
v -1.409037 -1.768458 -0.02
v -1.409037 -1.768458 0.18
v -1.415875 -1.755936 -0.02
v -1.415875 -1.755936 0.18
v -1.424425 -1.744514 -0.02
v -1.424425 -1.744514 0.18
v -1.434514 -1.734425 -0.02
v -1.434514 -1.734425 0.18
v -1.445936 -1.725875 -0.02
v -1.445936 -1.725875 0.18
v -1.458459 -1.719037 -0.02
v -1.458459 -1.719037 0.18
v -1.471827 -1.714051 -0.02
v -1.471827 -1.714051 0.18
v -1.485768 -1.711018 -0.02
v -1.485768 -1.711018 0.18
v -1.5 -1.71 -0.02
v -1.5 -1.71 0.18
v -1.514231 -1.711018 -0.02
v -1.514231 -1.711018 0.18
v -1.528173 -1.714051 -0.02
v -1.528173 -1.714051 0.18
v -1.541542 -1.719037 -0.02
v -1.541542 -1.719037 0.18
v -1.554064 -1.725875 -0.02
v -1.554064 -1.725875 0.18
v -1.565486 -1.734425 -0.02
v -1.565486 -1.734425 0.18
v -1.575575 -1.744514 -0.02
v -1.575575 -1.744514 0.18
v -1.584125 -1.755936 -0.02
v -1.584125 -1.755936 0.18
v -1.590963 -1.768458 -0.02
v -1.590963 -1.768458 0.18
v -1.595949 -1.781827 -0.02
v -1.595949 -1.781827 0.18
v -1.598982 -1.795768 -0.02
v -1.598982 -1.795768 0.18
v -1.6 -1.81 -0.02
v -1.6 -1.81 0.18
v -1.6 -2.01 0.18
v -1.6 -2.01 -0.02
v 2.31 -0.4 0.18
v 2.51 -0.4 0.18
v 2.31 -0.4 -0.02
v 2.51 -0.4 -0.02
v 2.295768 -0.401018 -0.02
v 2.295768 -0.401018 0.18
v 2.281827 -0.404051 -0.02
v 2.281827 -0.404051 0.18
v 2.268458 -0.409037 -0.02
v 2.268458 -0.409037 0.18
v 2.255936 -0.415875 -0.02
v 2.255936 -0.415875 0.18
v 2.244514 -0.424425 -0.02
v 2.244514 -0.424425 0.18
v 2.234425 -0.434514 -0.02
v 2.234425 -0.434514 0.18
v 2.225875 -0.445936 -0.02
v 2.225875 -0.445936 0.18
v 2.219037 -0.458458 -0.02
v 2.219037 -0.458458 0.18
v 2.214051 -0.471827 -0.02
v 2.214051 -0.471827 0.18
v 2.211018 -0.485769 -0.02
v 2.211018 -0.485769 0.18
v 2.21 -0.5 -0.02
v 2.21 -0.5 0.18
v 2.211018 -0.514232 -0.02
v 2.211018 -0.514232 0.18
v 2.214051 -0.528173 -0.02
v 2.214051 -0.528173 0.18
v 2.219037 -0.541542 -0.02
v 2.219037 -0.541542 0.18
v 2.225875 -0.554064 -0.02
v 2.225875 -0.554064 0.18
v 2.234425 -0.565486 -0.02
v 2.234425 -0.565486 0.18
v 2.244514 -0.575575 -0.02
v 2.244514 -0.575575 0.18
v 2.255936 -0.584125 -0.02
v 2.255936 -0.584125 0.18
v 2.268458 -0.590963 -0.02
v 2.268458 -0.590963 0.18
v 2.281827 -0.595949 -0.02
v 2.281827 -0.595949 0.18
v 2.295768 -0.598982 -0.02
v 2.295768 -0.598982 0.18
v 2.31 -0.6 -0.02
v 2.31 -0.6 0.18
v 2.51 -0.6 0.18
v 2.51 -0.6 -0.02
v 2.31 0.1 0.18
v 2.51 0.1 0.18
v 2.31 0.1 -0.02
v 2.51 0.1 -0.02
v 2.295768 0.098982 -0.02
v 2.295768 0.098982 0.18
v 2.281827 0.095949 -0.02
v 2.281827 0.095949 0.18
v 2.268458 0.090963 -0.02
v 2.268458 0.090963 0.18
v 2.255936 0.084125 -0.02
v 2.255936 0.084125 0.18
v 2.244514 0.075575 -0.02
v 2.244514 0.075575 0.18
v 2.234425 0.065486 -0.02
v 2.234425 0.065486 0.18
v 2.225875 0.054064 -0.02
v 2.225875 0.054064 0.18
v 2.219037 0.041542 -0.02
v 2.219037 0.041542 0.18
v 2.214051 0.028173 -0.02
v 2.214051 0.028173 0.18
v 2.211018 0.014231 -0.02
v 2.211018 0.014231 0.18
v 2.21 0.0 -0.02
v 2.21 0.0 0.18
v 2.211018 -0.014231 -0.02
v 2.211018 -0.014231 0.18
v 2.214051 -0.028173 -0.02
v 2.214051 -0.028173 0.18
v 2.219037 -0.041542 -0.02
v 2.219037 -0.041542 0.18
v 2.225875 -0.054064 -0.02
v 2.225875 -0.054064 0.18
v 2.234425 -0.065486 -0.02
v 2.234425 -0.065486 0.18
v 2.244514 -0.075575 -0.02
v 2.244514 -0.075575 0.18
v 2.255936 -0.084125 -0.02
v 2.255936 -0.084125 0.18
v 2.268458 -0.090963 -0.02
v 2.268458 -0.090963 0.18
v 2.281827 -0.095949 -0.02
v 2.281827 -0.095949 0.18
v 2.295768 -0.098982 -0.02
v 2.295768 -0.098982 0.18
v 2.31 -0.1 -0.02
v 2.31 -0.1 0.18
v 2.51 -0.1 0.18
v 2.51 -0.1 -0.02
v 2.31 0.6 0.18
v 2.51 0.6 0.18
v 2.31 0.6 -0.02
v 2.51 0.6 -0.02
v 2.295768 0.598982 -0.02
v 2.295768 0.598982 0.18
v 2.281827 0.595949 -0.02
v 2.281827 0.595949 0.18
v 2.268458 0.590963 -0.02
v 2.268458 0.590963 0.18
v 2.255936 0.584125 -0.02
v 2.255936 0.584125 0.18
v 2.244514 0.575575 -0.02
v 2.244514 0.575575 0.18
v 2.234425 0.565486 -0.02
v 2.234425 0.565486 0.18
v 2.225875 0.554064 -0.02
v 2.225875 0.554064 0.18
v 2.219037 0.541542 -0.02
v 2.219037 0.541542 0.18
v 2.214051 0.528173 -0.02
v 2.214051 0.528173 0.18
v 2.211018 0.514232 -0.02
v 2.211018 0.514232 0.18
v 2.21 0.5 -0.02
v 2.21 0.5 0.18
v 2.211018 0.485769 -0.02
v 2.211018 0.485769 0.18
v 2.214051 0.471827 -0.02
v 2.214051 0.471827 0.18
v 2.219037 0.458458 -0.02
v 2.219037 0.458458 0.18
v 2.225875 0.445936 -0.02
v 2.225875 0.445936 0.18
v 2.234425 0.434514 -0.02
v 2.234425 0.434514 0.18
v 2.244514 0.424425 -0.02
v 2.244514 0.424425 0.18
v 2.255936 0.415875 -0.02
v 2.255936 0.415875 0.18
v 2.268458 0.409037 -0.02
v 2.268458 0.409037 0.18
v 2.281827 0.404051 -0.02
v 2.281827 0.404051 0.18
v 2.295768 0.401018 -0.02
v 2.295768 0.401018 0.18
v 2.31 0.4 -0.02
v 2.31 0.4 0.18
v 2.51 0.4 0.18
v 2.51 0.4 -0.02
v 2.31 1.1 0.18
v 2.51 1.1 0.18
v 2.31 1.1 -0.02
v 2.51 1.1 -0.02
v 2.295768 1.098982 -0.02
v 2.295768 1.098982 0.18
v 2.281827 1.095949 -0.02
v 2.281827 1.095949 0.18
v 2.268458 1.090963 -0.02
v 2.268458 1.090963 0.18
v 2.255936 1.084125 -0.02
v 2.255936 1.084125 0.18
v 2.244514 1.075575 -0.02
v 2.244514 1.075575 0.18
v 2.234425 1.065486 -0.02
v 2.234425 1.065486 0.18
v 2.225875 1.054064 -0.02
v 2.225875 1.054064 0.18
v 2.219037 1.041541 -0.02
v 2.219037 1.041541 0.18
v 2.214051 1.028173 -0.02
v 2.214051 1.028173 0.18
v 2.211018 1.014231 -0.02
v 2.211018 1.014231 0.18
v 2.21 1.0 -0.02
v 2.21 1.0 0.18
v 2.211018 0.985768 -0.02
v 2.211018 0.985768 0.18
v 2.214051 0.971827 -0.02
v 2.214051 0.971827 0.18
v 2.219037 0.958459 -0.02
v 2.219037 0.958459 0.18
v 2.225875 0.945936 -0.02
v 2.225875 0.945936 0.18
v 2.234425 0.934514 -0.02
v 2.234425 0.934514 0.18
v 2.244514 0.924425 -0.02
v 2.244514 0.924425 0.18
v 2.255936 0.915875 -0.02
v 2.255936 0.915875 0.18
v 2.268458 0.909037 -0.02
v 2.268458 0.909037 0.18
v 2.281827 0.904051 -0.02
v 2.281827 0.904051 0.18
v 2.295768 0.901018 -0.02
v 2.295768 0.901018 0.18
v 2.31 0.9 -0.02
v 2.31 0.9 0.18
v 2.51 0.9 0.18
v 2.51 0.9 -0.02
v -0.9 -1.81 0.18
v -0.9 -2.01 0.18
v -0.9 -1.81 -0.02
v -0.9 -2.01 -0.02
v -0.901018 -1.795768 -0.02
v -0.901018 -1.795768 0.18
v -0.904051 -1.781827 -0.02
v -0.904051 -1.781827 0.18
v -0.909037 -1.768458 -0.02
v -0.909037 -1.768458 0.18
v -0.915875 -1.755936 -0.02
v -0.915875 -1.755936 0.18
v -0.924425 -1.744514 -0.02
v -0.924425 -1.744514 0.18
v -0.934514 -1.734425 -0.02
v -0.934514 -1.734425 0.18
v -0.945936 -1.725875 -0.02
v -0.945936 -1.725875 0.18
v -0.958459 -1.719037 -0.02
v -0.958459 -1.719037 0.18
v -0.971827 -1.714051 -0.02
v -0.971827 -1.714051 0.18
v -0.985768 -1.711018 -0.02
v -0.985768 -1.711018 0.18
v -1.0 -1.71 -0.02
v -1.0 -1.71 0.18
v -1.014231 -1.711018 -0.02
v -1.014231 -1.711018 0.18
v -1.028173 -1.714051 -0.02
v -1.028173 -1.714051 0.18
v -1.041541 -1.719037 -0.02
v -1.041541 -1.719037 0.18
v -1.054064 -1.725875 -0.02
v -1.054064 -1.725875 0.18
v -1.065486 -1.734425 -0.02
v -1.065486 -1.734425 0.18
v -1.075575 -1.744514 -0.02
v -1.075575 -1.744514 0.18
v -1.084125 -1.755936 -0.02
v -1.084125 -1.755936 0.18
v -1.090963 -1.768458 -0.02
v -1.090963 -1.768458 0.18
v -1.095949 -1.781827 -0.02
v -1.095949 -1.781827 0.18
v -1.098982 -1.795768 -0.02
v -1.098982 -1.795768 0.18
v -1.1 -1.81 -0.02
v -1.1 -1.81 0.18
v -1.1 -2.01 0.18
v -1.1 -2.01 -0.02
v -0.4 -1.81 0.18
v -0.4 -2.01 0.18
v -0.4 -1.81 -0.02
v -0.4 -2.01 -0.02
v -0.401018 -1.795768 -0.02
v -0.401018 -1.795768 0.18
v -0.404051 -1.781827 -0.02
v -0.404051 -1.781827 0.18
v -0.409037 -1.768458 -0.02
v -0.409037 -1.768458 0.18
v -0.415875 -1.755936 -0.02
v -0.415875 -1.755936 0.18
v -0.424425 -1.744514 -0.02
v -0.424425 -1.744514 0.18
v -0.434514 -1.734425 -0.02
v -0.434514 -1.734425 0.18
v -0.445936 -1.725875 -0.02
v -0.445936 -1.725875 0.18
v -0.458458 -1.719037 -0.02
v -0.458458 -1.719037 0.18
v -0.471827 -1.714051 -0.02
v -0.471827 -1.714051 0.18
v -0.485769 -1.711018 -0.02
v -0.485769 -1.711018 0.18
v -0.5 -1.71 -0.02
v -0.5 -1.71 0.18
v -0.514232 -1.711018 -0.02
v -0.514232 -1.711018 0.18
v -0.528173 -1.714051 -0.02
v -0.528173 -1.714051 0.18
v -0.541542 -1.719037 -0.02
v -0.541542 -1.719037 0.18
v -0.554064 -1.725875 -0.02
v -0.554064 -1.725875 0.18
v -0.565486 -1.734425 -0.02
v -0.565486 -1.734425 0.18
v -0.575575 -1.744514 -0.02
v -0.575575 -1.744514 0.18
v -0.584125 -1.755936 -0.02
v -0.584125 -1.755936 0.18
v -0.590963 -1.768458 -0.02
v -0.590963 -1.768458 0.18
v -0.595949 -1.781827 -0.02
v -0.595949 -1.781827 0.18
v -0.598982 -1.795768 -0.02
v -0.598982 -1.795768 0.18
v -0.6 -1.81 -0.02
v -0.6 -1.81 0.18
v -0.6 -2.01 0.18
v -0.6 -2.01 -0.02
v 0.1 -1.81 0.18
v 0.1 -2.01 0.18
v 0.1 -1.81 -0.02
v 0.1 -2.01 -0.02
v 0.098982 -1.795768 -0.02
v 0.098982 -1.795768 0.18
v 0.095949 -1.781827 -0.02
v 0.095949 -1.781827 0.18
v 0.090963 -1.768458 -0.02
v 0.090963 -1.768458 0.18
v 0.084125 -1.755936 -0.02
v 0.084125 -1.755936 0.18
v 0.075575 -1.744514 -0.02
v 0.075575 -1.744514 0.18
v 0.065486 -1.734425 -0.02
v 0.065486 -1.734425 0.18
v 0.054064 -1.725875 -0.02
v 0.054064 -1.725875 0.18
v 0.041542 -1.719037 -0.02
v 0.041542 -1.719037 0.18
v 0.028173 -1.714051 -0.02
v 0.028173 -1.714051 0.18
v 0.014231 -1.711018 -0.02
v 0.014231 -1.711018 0.18
v 0.0 -1.71 -0.02
v 0.0 -1.71 0.18
v -0.014231 -1.711018 -0.02
v -0.014231 -1.711018 0.18
v -0.028173 -1.714051 -0.02
v -0.028173 -1.714051 0.18
v -0.041542 -1.719037 -0.02
v -0.041542 -1.719037 0.18
v -0.054064 -1.725875 -0.02
v -0.054064 -1.725875 0.18
v -0.065486 -1.734425 -0.02
v -0.065486 -1.734425 0.18
v -0.075575 -1.744514 -0.02
v -0.075575 -1.744514 0.18
v -0.084125 -1.755936 -0.02
v -0.084125 -1.755936 0.18
v -0.090963 -1.768458 -0.02
v -0.090963 -1.768458 0.18
v -0.095949 -1.781827 -0.02
v -0.095949 -1.781827 0.18
v -0.098982 -1.795768 -0.02
v -0.098982 -1.795768 0.18
v -0.1 -1.81 -0.02
v -0.1 -1.81 0.18
v -0.1 -2.01 0.18
v -0.1 -2.01 -0.02
v 0.6 -1.81 0.18
v 0.6 -2.01 0.18
v 0.6 -1.81 -0.02
v 0.6 -2.01 -0.02
v 0.598982 -1.795768 -0.02
v 0.598982 -1.795768 0.18
v 0.595949 -1.781827 -0.02
v 0.595949 -1.781827 0.18
v 0.590963 -1.768458 -0.02
v 0.590963 -1.768458 0.18
v 0.584125 -1.755936 -0.02
v 0.584125 -1.755936 0.18
v 0.575575 -1.744514 -0.02
v 0.575575 -1.744514 0.18
v 0.565486 -1.734425 -0.02
v 0.565486 -1.734425 0.18
v 0.554064 -1.725875 -0.02
v 0.554064 -1.725875 0.18
v 0.541542 -1.719037 -0.02
v 0.541542 -1.719037 0.18
v 0.528173 -1.714051 -0.02
v 0.528173 -1.714051 0.18
v 0.514232 -1.711018 -0.02
v 0.514232 -1.711018 0.18
v 0.5 -1.71 -0.02
v 0.5 -1.71 0.18
v 0.485769 -1.711018 -0.02
v 0.485769 -1.711018 0.18
v 0.471827 -1.714051 -0.02
v 0.471827 -1.714051 0.18
v 0.458458 -1.719037 -0.02
v 0.458458 -1.719037 0.18
v 0.445936 -1.725875 -0.02
v 0.445936 -1.725875 0.18
v 0.434514 -1.734425 -0.02
v 0.434514 -1.734425 0.18
v 0.424425 -1.744514 -0.02
v 0.424425 -1.744514 0.18
v 0.415875 -1.755936 -0.02
v 0.415875 -1.755936 0.18
v 0.409037 -1.768458 -0.02
v 0.409037 -1.768458 0.18
v 0.404051 -1.781827 -0.02
v 0.404051 -1.781827 0.18
v 0.401018 -1.795768 -0.02
v 0.401018 -1.795768 0.18
v 0.4 -1.81 -0.02
v 0.4 -1.81 0.18
v 0.4 -2.01 0.18
v 0.4 -2.01 -0.02
v 1.1 -1.81 0.18
v 1.1 -2.01 0.18
v 1.1 -1.81 -0.02
v 1.1 -2.01 -0.02
v 1.098982 -1.795768 -0.02
v 1.098982 -1.795768 0.18
v 1.095949 -1.781827 -0.02
v 1.095949 -1.781827 0.18
v 1.090963 -1.768458 -0.02
v 1.090963 -1.768458 0.18
v 1.084125 -1.755936 -0.02
v 1.084125 -1.755936 0.18
v 1.075575 -1.744514 -0.02
v 1.075575 -1.744514 0.18
v 1.065486 -1.734425 -0.02
v 1.065486 -1.734425 0.18
v 1.054064 -1.725875 -0.02
v 1.054064 -1.725875 0.18
v 1.041541 -1.719037 -0.02
v 1.041541 -1.719037 0.18
v 1.028173 -1.714051 -0.02
v 1.028173 -1.714051 0.18
v 1.014231 -1.711018 -0.02
v 1.014231 -1.711018 0.18
v 1.0 -1.71 -0.02
v 1.0 -1.71 0.18
v 0.985768 -1.711018 -0.02
v 0.985768 -1.711018 0.18
v 0.971827 -1.714051 -0.02
v 0.971827 -1.714051 0.18
v 0.958459 -1.719037 -0.02
v 0.958459 -1.719037 0.18
v 0.945936 -1.725875 -0.02
v 0.945936 -1.725875 0.18
v 0.934514 -1.734425 -0.02
v 0.934514 -1.734425 0.18
v 0.924425 -1.744514 -0.02
v 0.924425 -1.744514 0.18
v 0.915875 -1.755936 -0.02
v 0.915875 -1.755936 0.18
v 0.909037 -1.768458 -0.02
v 0.909037 -1.768458 0.18
v 0.904051 -1.781827 -0.02
v 0.904051 -1.781827 0.18
v 0.901018 -1.795768 -0.02
v 0.901018 -1.795768 0.18
v 0.9 -1.81 -0.02
v 0.9 -1.81 0.18
v 0.9 -2.01 0.18
v 0.9 -2.01 -0.02
v 1.6 -1.81 0.18
v 1.6 -2.01 0.18
v 1.6 -1.81 -0.02
v 1.6 -2.01 -0.02
v 1.598982 -1.795768 -0.02
v 1.598982 -1.795768 0.18
v 1.595949 -1.781827 -0.02
v 1.595949 -1.781827 0.18
v 1.590963 -1.768458 -0.02
v 1.590963 -1.768458 0.18
v 1.584125 -1.755936 -0.02
v 1.584125 -1.755936 0.18
v 1.575575 -1.744514 -0.02
v 1.575575 -1.744514 0.18
v 1.565486 -1.734425 -0.02
v 1.565486 -1.734425 0.18
v 1.554064 -1.725875 -0.02
v 1.554064 -1.725875 0.18
v 1.541542 -1.719037 -0.02
v 1.541542 -1.719037 0.18
v 1.528173 -1.714051 -0.02
v 1.528173 -1.714051 0.18
v 1.514231 -1.711018 -0.02
v 1.514231 -1.711018 0.18
v 1.5 -1.71 -0.02
v 1.5 -1.71 0.18
v 1.485768 -1.711018 -0.02
v 1.485768 -1.711018 0.18
v 1.471827 -1.714051 -0.02
v 1.471827 -1.714051 0.18
v 1.458459 -1.719037 -0.02
v 1.458459 -1.719037 0.18
v 1.445936 -1.725875 -0.02
v 1.445936 -1.725875 0.18
v 1.434514 -1.734425 -0.02
v 1.434514 -1.734425 0.18
v 1.424425 -1.744514 -0.02
v 1.424425 -1.744514 0.18
v 1.415875 -1.755936 -0.02
v 1.415875 -1.755936 0.18
v 1.409037 -1.768458 -0.02
v 1.409037 -1.768458 0.18
v 1.404051 -1.781827 -0.02
v 1.404051 -1.781827 0.18
v 1.401018 -1.795768 -0.02
v 1.401018 -1.795768 0.18
v 1.4 -1.81 -0.02
v 1.4 -1.81 0.18
v 1.4 -2.01 0.18
v 1.4 -2.01 -0.02
v -2.31 -0.9 -0.02
v -2.51 -0.9 -0.02
v -2.31 -0.9 0.18
v -2.51 -0.9 0.18
v -2.295768 -0.901018 0.18
v -2.295768 -0.901018 -0.02
v -2.281827 -0.904051 0.18
v -2.281827 -0.904051 -0.02
v -2.268458 -0.909037 0.18
v -2.268458 -0.909037 -0.02
v -2.255936 -0.915875 0.18
v -2.255936 -0.915875 -0.02
v -2.244514 -0.924425 0.18
v -2.244514 -0.924425 -0.02
v -2.234425 -0.934514 0.18
v -2.234425 -0.934514 -0.02
v -2.225875 -0.945936 0.18
v -2.225875 -0.945936 -0.02
v -2.219037 -0.958459 0.18
v -2.219037 -0.958459 -0.02
v -2.214051 -0.971827 0.18
v -2.214051 -0.971827 -0.02
v -2.211018 -0.985768 0.18
v -2.211018 -0.985768 -0.02
v -2.21 -1.0 0.18
v -2.21 -1.0 -0.02
v -2.211018 -1.014231 0.18
v -2.211018 -1.014231 -0.02
v -2.214051 -1.028173 0.18
v -2.214051 -1.028173 -0.02
v -2.219037 -1.041541 0.18
v -2.219037 -1.041541 -0.02
v -2.225875 -1.054064 0.18
v -2.225875 -1.054064 -0.02
v -2.234425 -1.065486 0.18
v -2.234425 -1.065486 -0.02
v -2.244514 -1.075575 0.18
v -2.244514 -1.075575 -0.02
v -2.255936 -1.084125 0.18
v -2.255936 -1.084125 -0.02
v -2.268458 -1.090963 0.18
v -2.268458 -1.090963 -0.02
v -2.281827 -1.095949 0.18
v -2.281827 -1.095949 -0.02
v -2.295768 -1.098982 0.18
v -2.295768 -1.098982 -0.02
v -2.31 -1.1 0.18
v -2.31 -1.1 -0.02
v -2.51 -1.1 -0.02
v -2.51 -1.1 0.18
v -2.31 -0.4 -0.02
v -2.51 -0.4 -0.02
v -2.31 -0.4 0.18
v -2.51 -0.4 0.18
v -2.295768 -0.401018 0.18
v -2.295768 -0.401018 -0.02
v -2.281827 -0.404051 0.18
v -2.281827 -0.404051 -0.02
v -2.268458 -0.409037 0.18
v -2.268458 -0.409037 -0.02
v -2.255936 -0.415875 0.18
v -2.255936 -0.415875 -0.02
v -2.244514 -0.424425 0.18
v -2.244514 -0.424425 -0.02
v -2.234425 -0.434514 0.18
v -2.234425 -0.434514 -0.02
v -2.225875 -0.445936 0.18
v -2.225875 -0.445936 -0.02
v -2.219037 -0.458458 0.18
v -2.219037 -0.458458 -0.02
v -2.214051 -0.471827 0.18
v -2.214051 -0.471827 -0.02
v -2.211018 -0.485769 0.18
v -2.211018 -0.485769 -0.02
v -2.21 -0.5 0.18
v -2.21 -0.5 -0.02
v -2.211018 -0.514232 0.18
v -2.211018 -0.514232 -0.02
v -2.214051 -0.528173 0.18
v -2.214051 -0.528173 -0.02
v -2.219037 -0.541542 0.18
v -2.219037 -0.541542 -0.02
v -2.225875 -0.554064 0.18
v -2.225875 -0.554064 -0.02
v -2.234425 -0.565486 0.18
v -2.234425 -0.565486 -0.02
v -2.244514 -0.575575 0.18
v -2.244514 -0.575575 -0.02
v -2.255936 -0.584125 0.18
v -2.255936 -0.584125 -0.02
v -2.268458 -0.590963 0.18
v -2.268458 -0.590963 -0.02
v -2.281827 -0.595949 0.18
v -2.281827 -0.595949 -0.02
v -2.295768 -0.598982 0.18
v -2.295768 -0.598982 -0.02
v -2.31 -0.6 0.18
v -2.31 -0.6 -0.02
v -2.51 -0.6 -0.02
v -2.51 -0.6 0.18
v -2.31 0.1 -0.02
v -2.51 0.1 -0.02
v -2.31 0.1 0.18
v -2.51 0.1 0.18
v -2.295768 0.098982 0.18
v -2.295768 0.098982 -0.02
v -2.281827 0.095949 0.18
v -2.281827 0.095949 -0.02
v -2.268458 0.090963 0.18
v -2.268458 0.090963 -0.02
v -2.255936 0.084125 0.18
v -2.255936 0.084125 -0.02
v -2.244514 0.075575 0.18
v -2.244514 0.075575 -0.02
v -2.234425 0.065486 0.18
v -2.234425 0.065486 -0.02
v -2.225875 0.054064 0.18
v -2.225875 0.054064 -0.02
v -2.219037 0.041542 0.18
v -2.219037 0.041542 -0.02
v -2.214051 0.028173 0.18
v -2.214051 0.028173 -0.02
v -2.211018 0.014231 0.18
v -2.211018 0.014231 -0.02
v -2.21 0.0 0.18
v -2.21 0.0 -0.02
v -2.211018 -0.014231 0.18
v -2.211018 -0.014231 -0.02
v -2.214051 -0.028173 0.18
v -2.214051 -0.028173 -0.02
v -2.219037 -0.041542 0.18
v -2.219037 -0.041542 -0.02
v -2.225875 -0.054064 0.18
v -2.225875 -0.054064 -0.02
v -2.234425 -0.065486 0.18
v -2.234425 -0.065486 -0.02
v -2.244514 -0.075575 0.18
v -2.244514 -0.075575 -0.02
v -2.255936 -0.084125 0.18
v -2.255936 -0.084125 -0.02
v -2.268458 -0.090963 0.18
v -2.268458 -0.090963 -0.02
v -2.281827 -0.095949 0.18
v -2.281827 -0.095949 -0.02
v -2.295768 -0.098982 0.18
v -2.295768 -0.098982 -0.02
v -2.31 -0.1 0.18
v -2.31 -0.1 -0.02
v -2.51 -0.1 -0.02
v -2.51 -0.1 0.18
v -2.31 0.6 -0.02
v -2.51 0.6 -0.02
v -2.31 0.6 0.18
v -2.51 0.6 0.18
v -2.295768 0.598982 0.18
v -2.295768 0.598982 -0.02
v -2.281827 0.595949 0.18
v -2.281827 0.595949 -0.02
v -2.268458 0.590963 0.18
v -2.268458 0.590963 -0.02
v -2.255936 0.584125 0.18
v -2.255936 0.584125 -0.02
v -2.244514 0.575575 0.18
v -2.244514 0.575575 -0.02
v -2.234425 0.565486 0.18
v -2.234425 0.565486 -0.02
v -2.225875 0.554064 0.18
v -2.225875 0.554064 -0.02
v -2.219037 0.541542 0.18
v -2.219037 0.541542 -0.02
v -2.214051 0.528173 0.18
v -2.214051 0.528173 -0.02
v -2.211018 0.514232 0.18
v -2.211018 0.514232 -0.02
v -2.21 0.5 0.18
v -2.21 0.5 -0.02
v -2.211018 0.485769 0.18
v -2.211018 0.485769 -0.02
v -2.214051 0.471827 0.18
v -2.214051 0.471827 -0.02
v -2.219037 0.458458 0.18
v -2.219037 0.458458 -0.02
v -2.225875 0.445936 0.18
v -2.225875 0.445936 -0.02
v -2.234425 0.434514 0.18
v -2.234425 0.434514 -0.02
v -2.244514 0.424425 0.18
v -2.244514 0.424425 -0.02
v -2.255936 0.415875 0.18
v -2.255936 0.415875 -0.02
v -2.268458 0.409037 0.18
v -2.268458 0.409037 -0.02
v -2.281827 0.404051 0.18
v -2.281827 0.404051 -0.02
v -2.295768 0.401018 0.18
v -2.295768 0.401018 -0.02
v -2.31 0.4 0.18
v -2.31 0.4 -0.02
v -2.51 0.4 -0.02
v -2.51 0.4 0.18
v -2.31 1.1 -0.02
v -2.51 1.1 -0.02
v -2.31 1.1 0.18
v -2.51 1.1 0.18
v -2.295768 1.098982 0.18
v -2.295768 1.098982 -0.02
v -2.281827 1.095949 0.18
v -2.281827 1.095949 -0.02
v -2.268458 1.090963 0.18
v -2.268458 1.090963 -0.02
v -2.255936 1.084125 0.18
v -2.255936 1.084125 -0.02
v -2.244514 1.075575 0.18
v -2.244514 1.075575 -0.02
v -2.234425 1.065486 0.18
v -2.234425 1.065486 -0.02
v -2.225875 1.054064 0.18
v -2.225875 1.054064 -0.02
v -2.219037 1.041541 0.18
v -2.219037 1.041541 -0.02
v -2.214051 1.028173 0.18
v -2.214051 1.028173 -0.02
v -2.211018 1.014231 0.18
v -2.211018 1.014231 -0.02
v -2.21 1.0 0.18
v -2.21 1.0 -0.02
v -2.211018 0.985768 0.18
v -2.211018 0.985768 -0.02
v -2.214051 0.971827 0.18
v -2.214051 0.971827 -0.02
v -2.219037 0.958459 0.18
v -2.219037 0.958459 -0.02
v -2.225875 0.945936 0.18
v -2.225875 0.945936 -0.02
v -2.234425 0.934514 0.18
v -2.234425 0.934514 -0.02
v -2.244514 0.924425 0.18
v -2.244514 0.924425 -0.02
v -2.255936 0.915875 0.18
v -2.255936 0.915875 -0.02
v -2.268458 0.909037 0.18
v -2.268458 0.909037 -0.02
v -2.281827 0.904051 0.18
v -2.281827 0.904051 -0.02
v -2.295768 0.901018 0.18
v -2.295768 0.901018 -0.02
v -2.31 0.9 0.18
v -2.31 0.9 -0.02
v -2.51 0.9 -0.02
v -2.51 0.9 0.18
v -1.4 1.81 -0.02
v -1.4 2.01 -0.02
v -1.4 1.81 0.18
v -1.4 2.01 0.18
v -1.401018 1.795768 0.18
v -1.401018 1.795768 -0.02
v -1.404051 1.781827 0.18
v -1.404051 1.781827 -0.02
v -1.409037 1.768458 0.18
v -1.409037 1.768458 -0.02
v -1.415875 1.755936 0.18
v -1.415875 1.755936 -0.02
v -1.424425 1.744514 0.18
v -1.424425 1.744514 -0.02
v -1.434514 1.734425 0.18
v -1.434514 1.734425 -0.02
v -1.445936 1.725875 0.18
v -1.445936 1.725875 -0.02
v -1.458459 1.719037 0.18
v -1.458459 1.719037 -0.02
v -1.471827 1.714051 0.18
v -1.471827 1.714051 -0.02
v -1.485768 1.711018 0.18
v -1.485768 1.711018 -0.02
v -1.5 1.71 0.18
v -1.5 1.71 -0.02
v -1.514231 1.711018 0.18
v -1.514231 1.711018 -0.02
v -1.528173 1.714051 0.18
v -1.528173 1.714051 -0.02
v -1.541542 1.719037 0.18
v -1.541542 1.719037 -0.02
v -1.554064 1.725875 0.18
v -1.554064 1.725875 -0.02
v -1.565486 1.734425 0.18
v -1.565486 1.734425 -0.02
v -1.575575 1.744514 0.18
v -1.575575 1.744514 -0.02
v -1.584125 1.755936 0.18
v -1.584125 1.755936 -0.02
v -1.590963 1.768458 0.18
v -1.590963 1.768458 -0.02
v -1.595949 1.781827 0.18
v -1.595949 1.781827 -0.02
v -1.598982 1.795768 0.18
v -1.598982 1.795768 -0.02
v -1.6 1.81 0.18
v -1.6 1.81 -0.02
v -1.6 2.01 -0.02
v -1.6 2.01 0.18
v -0.9 1.81 -0.02
v -0.9 2.01 -0.02
v -0.9 1.81 0.18
v -0.9 2.01 0.18
v -0.901018 1.795768 0.18
v -0.901018 1.795768 -0.02
v -0.904051 1.781827 0.18
v -0.904051 1.781827 -0.02
v -0.909037 1.768458 0.18
v -0.909037 1.768458 -0.02
v -0.915875 1.755936 0.18
v -0.915875 1.755936 -0.02
v -0.924425 1.744514 0.18
v -0.924425 1.744514 -0.02
v -0.934514 1.734425 0.18
v -0.934514 1.734425 -0.02
v -0.945936 1.725875 0.18
v -0.945936 1.725875 -0.02
v -0.958459 1.719037 0.18
v -0.958459 1.719037 -0.02
v -0.971827 1.714051 0.18
v -0.971827 1.714051 -0.02
v -0.985768 1.711018 0.18
v -0.985768 1.711018 -0.02
v -1.0 1.71 0.18
v -1.0 1.71 -0.02
v -1.014231 1.711018 0.18
v -1.014231 1.711018 -0.02
v -1.028173 1.714051 0.18
v -1.028173 1.714051 -0.02
v -1.041541 1.719037 0.18
v -1.041541 1.719037 -0.02
v -1.054064 1.725875 0.18
v -1.054064 1.725875 -0.02
v -1.065486 1.734425 0.18
v -1.065486 1.734425 -0.02
v -1.075575 1.744514 0.18
v -1.075575 1.744514 -0.02
v -1.084125 1.755936 0.18
v -1.084125 1.755936 -0.02
v -1.090963 1.768458 0.18
v -1.090963 1.768458 -0.02
v -1.095949 1.781827 0.18
v -1.095949 1.781827 -0.02
v -1.098982 1.795768 0.18
v -1.098982 1.795768 -0.02
v -1.1 1.81 0.18
v -1.1 1.81 -0.02
v -1.1 2.01 -0.02
v -1.1 2.01 0.18
v -0.4 1.81 -0.02
v -0.4 2.01 -0.02
v -0.4 1.81 0.18
v -0.4 2.01 0.18
v -0.401018 1.795768 0.18
v -0.401018 1.795768 -0.02
v -0.404051 1.781827 0.18
v -0.404051 1.781827 -0.02
v -0.409037 1.768458 0.18
v -0.409037 1.768458 -0.02
v -0.415875 1.755936 0.18
v -0.415875 1.755936 -0.02
v -0.424425 1.744514 0.18
v -0.424425 1.744514 -0.02
v -0.434514 1.734425 0.18
v -0.434514 1.734425 -0.02
v -0.445936 1.725875 0.18
v -0.445936 1.725875 -0.02
v -0.458458 1.719037 0.18
v -0.458458 1.719037 -0.02
v -0.471827 1.714051 0.18
v -0.471827 1.714051 -0.02
v -0.485769 1.711018 0.18
v -0.485769 1.711018 -0.02
v -0.5 1.71 0.18
v -0.5 1.71 -0.02
v -0.514232 1.711018 0.18
v -0.514232 1.711018 -0.02
v -0.528173 1.714051 0.18
v -0.528173 1.714051 -0.02
v -0.541542 1.719037 0.18
v -0.541542 1.719037 -0.02
v -0.554064 1.725875 0.18
v -0.554064 1.725875 -0.02
v -0.565486 1.734425 0.18
v -0.565486 1.734425 -0.02
v -0.575575 1.744514 0.18
v -0.575575 1.744514 -0.02
v -0.584125 1.755936 0.18
v -0.584125 1.755936 -0.02
v -0.590963 1.768458 0.18
v -0.590963 1.768458 -0.02
v -0.595949 1.781827 0.18
v -0.595949 1.781827 -0.02
v -0.598982 1.795768 0.18
v -0.598982 1.795768 -0.02
v -0.6 1.81 0.18
v -0.6 1.81 -0.02
v -0.6 2.01 -0.02
v -0.6 2.01 0.18
v 0.1 1.81 -0.02
v 0.1 2.01 -0.02
v 0.1 1.81 0.18
v 0.1 2.01 0.18
v 0.098982 1.795768 0.18
v 0.098982 1.795768 -0.02
v 0.095949 1.781827 0.18
v 0.095949 1.781827 -0.02
v 0.090963 1.768458 0.18
v 0.090963 1.768458 -0.02
v 0.084125 1.755936 0.18
v 0.084125 1.755936 -0.02
v 0.075575 1.744514 0.18
v 0.075575 1.744514 -0.02
v 0.065486 1.734425 0.18
v 0.065486 1.734425 -0.02
v 0.054064 1.725875 0.18
v 0.054064 1.725875 -0.02
v 0.041542 1.719037 0.18
v 0.041542 1.719037 -0.02
v 0.028173 1.714051 0.18
v 0.028173 1.714051 -0.02
v 0.014231 1.711018 0.18
v 0.014231 1.711018 -0.02
v 0.0 1.71 0.18
v 0.0 1.71 -0.02
v -0.014231 1.711018 0.18
v -0.014231 1.711018 -0.02
v -0.028173 1.714051 0.18
v -0.028173 1.714051 -0.02
v -0.041542 1.719037 0.18
v -0.041542 1.719037 -0.02
v -0.054064 1.725875 0.18
v -0.054064 1.725875 -0.02
v -0.065486 1.734425 0.18
v -0.065486 1.734425 -0.02
v -0.075575 1.744514 0.18
v -0.075575 1.744514 -0.02
v -0.084125 1.755936 0.18
v -0.084125 1.755936 -0.02
v -0.090963 1.768458 0.18
v -0.090963 1.768458 -0.02
v -0.095949 1.781827 0.18
v -0.095949 1.781827 -0.02
v -0.098982 1.795768 0.18
v -0.098982 1.795768 -0.02
v -0.1 1.81 0.18
v -0.1 1.81 -0.02
v -0.1 2.01 -0.02
v -0.1 2.01 0.18
v 0.6 1.81 -0.02
v 0.6 2.01 -0.02
v 0.6 1.81 0.18
v 0.6 2.01 0.18
v 0.598982 1.795768 0.18
v 0.598982 1.795768 -0.02
v 0.595949 1.781827 0.18
v 0.595949 1.781827 -0.02
v 0.590963 1.768458 0.18
v 0.590963 1.768458 -0.02
v 0.584125 1.755936 0.18
v 0.584125 1.755936 -0.02
v 0.575575 1.744514 0.18
v 0.575575 1.744514 -0.02
v 0.565486 1.734425 0.18
v 0.565486 1.734425 -0.02
v 0.554064 1.725875 0.18
v 0.554064 1.725875 -0.02
v 0.541542 1.719037 0.18
v 0.541542 1.719037 -0.02
v 0.528173 1.714051 0.18
v 0.528173 1.714051 -0.02
v 0.514232 1.711018 0.18
v 0.514232 1.711018 -0.02
v 0.5 1.71 0.18
v 0.5 1.71 -0.02
v 0.485769 1.711018 0.18
v 0.485769 1.711018 -0.02
v 0.471827 1.714051 0.18
v 0.471827 1.714051 -0.02
v 0.458458 1.719037 0.18
v 0.458458 1.719037 -0.02
v 0.445936 1.725875 0.18
v 0.445936 1.725875 -0.02
v 0.434514 1.734425 0.18
v 0.434514 1.734425 -0.02
v 0.424425 1.744514 0.18
v 0.424425 1.744514 -0.02
v 0.415875 1.755936 0.18
v 0.415875 1.755936 -0.02
v 0.409037 1.768458 0.18
v 0.409037 1.768458 -0.02
v 0.404051 1.781827 0.18
v 0.404051 1.781827 -0.02
v 0.401018 1.795768 0.18
v 0.401018 1.795768 -0.02
v 0.4 1.81 0.18
v 0.4 1.81 -0.02
v 0.4 2.01 -0.02
v 0.4 2.01 0.18
v 1.1 1.81 -0.02
v 1.1 2.01 -0.02
v 1.1 1.81 0.18
v 1.1 2.01 0.18
v 1.098982 1.795768 0.18
v 1.098982 1.795768 -0.02
v 1.095949 1.781827 0.18
v 1.095949 1.781827 -0.02
v 1.090963 1.768458 0.18
v 1.090963 1.768458 -0.02
v 1.084125 1.755936 0.18
v 1.084125 1.755936 -0.02
v 1.075575 1.744514 0.18
v 1.075575 1.744514 -0.02
v 1.065486 1.734425 0.18
v 1.065486 1.734425 -0.02
v 1.054064 1.725875 0.18
v 1.054064 1.725875 -0.02
v 1.041541 1.719037 0.18
v 1.041541 1.719037 -0.02
v 1.028173 1.714051 0.18
v 1.028173 1.714051 -0.02
v 1.014231 1.711018 0.18
v 1.014231 1.711018 -0.02
v 1.0 1.71 0.18
v 1.0 1.71 -0.02
v 0.985768 1.711018 0.18
v 0.985768 1.711018 -0.02
v 0.971827 1.714051 0.18
v 0.971827 1.714051 -0.02
v 0.958459 1.719037 0.18
v 0.958459 1.719037 -0.02
v 0.945936 1.725875 0.18
v 0.945936 1.725875 -0.02
v 0.934514 1.734425 0.18
v 0.934514 1.734425 -0.02
v 0.924425 1.744514 0.18
v 0.924425 1.744514 -0.02
v 0.915875 1.755936 0.18
v 0.915875 1.755936 -0.02
v 0.909037 1.768458 0.18
v 0.909037 1.768458 -0.02
v 0.904051 1.781827 0.18
v 0.904051 1.781827 -0.02
v 0.901018 1.795768 0.18
v 0.901018 1.795768 -0.02
v 0.9 1.81 0.18
v 0.9 1.81 -0.02
v 0.9 2.01 -0.02
v 0.9 2.01 0.18
v 1.6 1.81 -0.02
v 1.6 2.01 -0.02
v 1.6 1.81 0.18
v 1.6 2.01 0.18
v 1.598982 1.795768 0.18
v 1.598982 1.795768 -0.02
v 1.595949 1.781827 0.18
v 1.595949 1.781827 -0.02
v 1.590963 1.768458 0.18
v 1.590963 1.768458 -0.02
v 1.584125 1.755936 0.18
v 1.584125 1.755936 -0.02
v 1.575575 1.744514 0.18
v 1.575575 1.744514 -0.02
v 1.565486 1.734425 0.18
v 1.565486 1.734425 -0.02
v 1.554064 1.725875 0.18
v 1.554064 1.725875 -0.02
v 1.541542 1.719037 0.18
v 1.541542 1.719037 -0.02
v 1.528173 1.714051 0.18
v 1.528173 1.714051 -0.02
v 1.514231 1.711018 0.18
v 1.514231 1.711018 -0.02
v 1.5 1.71 0.18
v 1.5 1.71 -0.02
v 1.485768 1.711018 0.18
v 1.485768 1.711018 -0.02
v 1.471827 1.714051 0.18
v 1.471827 1.714051 -0.02
v 1.458459 1.719037 0.18
v 1.458459 1.719037 -0.02
v 1.445936 1.725875 0.18
v 1.445936 1.725875 -0.02
v 1.434514 1.734425 0.18
v 1.434514 1.734425 -0.02
v 1.424425 1.744514 0.18
v 1.424425 1.744514 -0.02
v 1.415875 1.755936 0.18
v 1.415875 1.755936 -0.02
v 1.409037 1.768458 0.18
v 1.409037 1.768458 -0.02
v 1.404051 1.781827 0.18
v 1.404051 1.781827 -0.02
v 1.401018 1.795768 0.18
v 1.401018 1.795768 -0.02
v 1.4 1.81 0.18
v 1.4 1.81 -0.02
v 1.4 2.01 -0.02
v 1.4 2.01 0.18
usemtl 1
f 1// 2// 3//
f 4// 5// 6//
f 6// 5// 7//
f 1// 3// 8//
f 8// 3// 9//
f 8// 9// 10//
f 10// 9// 11//
f 10// 11// 12//
f 2// 13// 3//
f 3// 13// 14//
f 3// 14// 15//
f 16// 17// 3//
f 3// 17// 18//
f 19// 20// 21//
f 21// 20// 22//
f 18// 23// 3//
f 3// 23// 22//
f 3// 22// 24//
f 24// 22// 20//
f 25// 26// 27//
f 27// 26// 11//
f 27// 11// 28//
f 28// 11// 29//
f 28// 29// 30//
f 30// 29// 31//
f 15// 32// 3//
f 3// 32// 33//
f 3// 33// 16//
f 4// 34// 5//
f 5// 34// 35//
f 5// 35// 36//
f 36// 35// 37//
f 36// 37// 38//
f 26// 39// 11//
f 11// 39// 40//
f 11// 40// 41//
f 37// 42// 38//
f 38// 42// 43//
f 38// 43// 27//
f 27// 43// 44//
f 27// 44// 25//
f 41// 45// 11//
f 11// 45// 46//
f 11// 46// 12//
f 47// 48// 49//
f 49// 48// 50//
f 49// 50// 51//
f 51// 50// 52//
f 51// 52// 53//
f 53// 52// 54//
f 53// 54// 31//
f 31// 54// 7//
f 31// 7// 30//
f 30// 7// 5//
f 55// 56// 57//
f 49// 58// 59//
f 60// 61// 59//
f 59// 61// 11//
f 59// 11// 49//
f 49// 11// 9//
f 49// 9// 47//
f 62// 63// 64//
f 65// 66// 61//
f 61// 66// 67//
f 68// 69// 70//
f 70// 69// 71//
f 72// 73// 74//
f 64// 75// 62//
f 62// 75// 76//
f 62// 76// 77//
f 74// 56// 72//
f 72// 56// 55//
f 72// 55// 71//
f 71// 55// 78//
f 71// 78// 70//
f 79// 80// 65//
f 65// 80// 81//
f 79// 65// 82//
f 82// 65// 61//
f 82// 61// 78//
f 78// 61// 60//
f 78// 60// 70//
f 81// 83// 65//
f 65// 83// 84//
f 65// 84// 85//
f 85// 86// 65//
f 65// 86// 87//
f 65// 87// 62//
f 62// 87// 88//
f 62// 88// 63//
f 89// 90// 49//
f 91// 55// 49//
f 49// 55// 57//
f 49// 57// 58//
f 92// 93// 90//
f 90// 93// 94//
f 90// 94// 49//
f 49// 94// 62//
f 49// 62// 91//
f 91// 62// 77//
f 66// 89// 67//
f 67// 89// 49//
f 67// 49// 95//
f 95// 49// 51//
f 96// 97// 98//
f 99// 100// 101//
f 100// 102// 101//
f 101// 102// 103//
f 101// 103// 104//
f 105// 106// 107//
f 105// 107// 108//
f 109// 110// 111//
f 106// 112// 107//
f 107// 112// 113//
f 107// 113// 114//
f 114// 115// 107//
f 107// 115// 116//
f 107// 116// 101//
f 101// 116// 117//
f 101// 117// 99//
f 118// 119// 120//
f 118// 121// 122//
f 123// 124// 125//
f 125// 124// 126//
f 118// 122// 119//
f 119// 122// 127//
f 119// 127// 128//
f 123// 129// 124//
f 124// 129// 130//
f 124// 130// 131//
f 131// 132// 124//
f 124// 132// 133//
f 124// 133// 118//
f 118// 133// 134//
f 118// 134// 121//
f 135// 136// 137//
f 137// 136// 138//
f 139// 140// 141//
f 142// 143// 144//
f 145// 146// 147//
f 147// 146// 148//
f 147// 148// 141//
f 141// 148// 149//
f 141// 149// 139//
f 146// 150// 148//
f 148// 150// 151//
f 148// 151// 152//
f 153// 154// 155//
f 152// 156// 148//
f 148// 156// 157//
f 148// 157// 158//
f 143// 159// 144//
f 144// 159// 160//
f 144// 160// 161//
f 155// 162// 153//
f 153// 162// 163//
f 153// 163// 164//
f 164// 142// 153//
f 153// 142// 144//
f 153// 144// 165//
f 165// 144// 166//
f 165// 166// 147//
f 147// 166// 167//
f 147// 167// 145//
f 161// 168// 144//
f 144// 168// 169//
f 144// 169// 170//
f 171// 172// 173//
f 170// 174// 144//
f 144// 174// 175//
f 144// 175// 176//
f 158// 157// 173//
f 173// 157// 177//
f 173// 177// 171//
f 172// 178// 173//
f 173// 178// 179//
f 173// 179// 180//
f 181// 182// 173//
f 173// 182// 183//
f 173// 183// 184//
f 180// 185// 173//
f 173// 185// 186//
f 173// 186// 181//
f 187// 188// 189//
f 189// 188// 190//
f 188// 191// 190//
f 190// 191// 192//
f 190// 192// 153//
f 153// 192// 193//
f 153// 193// 154//
f 194// 195// 196//
f 196// 195// 197//
f 196// 197// 198//
f 194// 199// 195//
f 195// 199// 200//
f 195// 200// 201//
f 202// 203// 204//
f 204// 203// 205//
f 204// 205// 206//
f 207// 208// 209//
f 206// 210// 204//
f 204// 210// 211//
f 204// 211// 209//
f 209// 211// 212//
f 209// 212// 207//
f 201// 213// 195//
f 195// 213// 214//
f 195// 214// 204//
f 204// 214// 215//
f 204// 215// 202//
f 216// 217// 197//
f 208// 218// 209//
f 209// 218// 219//
f 209// 219// 216//
f 217// 220// 197//
f 197// 220// 221//
f 197// 221// 198//
f 222// 223// 224//
f 96// 225// 226//
f 226// 225// 227//
f 226// 227// 228//
f 228// 227// 229//
f 228// 229// 230//
f 230// 229// 231//
f 230// 231// 232//
f 111// 108// 109//
f 109// 108// 107//
f 109// 107// 233//
f 233// 107// 223//
f 233// 223// 120//
f 120// 223// 222//
f 120// 222// 118//
f 118// 222// 234//
f 225// 235// 227//
f 227// 235// 165//
f 227// 165// 229//
f 229// 165// 147//
f 229// 147// 231//
f 216// 197// 209//
f 209// 197// 236//
f 209// 236// 237//
f 237// 236// 238//
f 237// 238// 239//
f 240// 241// 101//
f 101// 241// 107//
f 107// 241// 242//
f 107// 242// 243//
f 244// 245// 246//
f 246// 245// 247//
f 246// 247// 248//
f 248// 247// 249//
f 248// 249// 250//
f 249// 240// 250//
f 250// 240// 101//
f 250// 101// 251//
f 251// 101// 238//
f 251// 238// 243//
f 243// 238// 236//
f 243// 236// 107//
f 107// 236// 197//
f 107// 197// 223//
f 223// 197// 195//
f 223// 195// 224//
f 124// 252// 253//
f 253// 252// 254//
f 254// 255// 256//
f 234// 257// 258//
f 258// 259// 234//
f 234// 259// 260//
f 234// 260// 118//
f 118// 260// 261//
f 118// 261// 124//
f 124// 261// 262//
f 124// 262// 252//
f 263// 264// 234//
f 256// 257// 254//
f 254// 257// 234//
f 254// 234// 253//
f 253// 234// 264//
f 253// 264// 265//
f 266// 267// 268//
f 268// 267// 269//
f 268// 269// 270//
f 270// 269// 271//
f 224// 232// 222//
f 222// 232// 231//
f 222// 231// 234//
f 234// 231// 147//
f 234// 147// 263//
f 263// 147// 271//
f 263// 271// 272//
f 272// 271// 269//
f 265// 273// 253//
f 253// 273// 274//
f 253// 274// 141//
f 141// 274// 275//
f 141// 275// 147//
f 147// 275// 276//
f 147// 276// 271//
f 277// 278// 279//
f 279// 278// 280//
f 279// 280// 281//
f 281// 280// 273//
f 273// 280// 282//
f 273// 282// 274//
f 235// 283// 284//
f 285// 286// 287//
f 284// 285// 235//
f 235// 285// 287//
f 235// 287// 165//
f 165// 287// 288//
f 165// 288// 289//
f 290// 291// 153//
f 289// 292// 165//
f 165// 292// 293//
f 165// 293// 153//
f 153// 293// 294//
f 153// 294// 290//
f 104// 137// 101//
f 101// 137// 138//
f 101// 138// 238//
f 238// 138// 295//
f 238// 295// 239//
f 239// 295// 296//
f 140// 187// 141//
f 141// 187// 189//
f 141// 189// 253//
f 253// 189// 297//
f 253// 297// 124//
f 124// 297// 136//
f 124// 136// 126//
f 126// 136// 135//
f 298// 284// 291//
f 291// 284// 283//
f 291// 283// 153//
f 153// 283// 299//
f 153// 299// 190//
f 96// 98// 225//
f 225// 98// 300//
f 225// 300// 235//
f 235// 300// 301//
f 235// 301// 283//
f 283// 301// 302//
f 283// 302// 299//
f 302// 301// 29//
f 29// 301// 31//
f 97// 53// 98//
f 98// 53// 31//
f 98// 31// 300//
f 300// 31// 301//
f 136// 297// 11//
f 61// 296// 295//
f 61// 295// 11//
f 11// 295// 138//
f 11// 138// 136//
f 297// 189// 11//
f 11// 189// 190//
f 11// 190// 29//
f 29// 190// 299//
f 29// 299// 302//
f 296// 61// 239//
f 239// 61// 67//
f 239// 67// 237//
f 95// 204// 67//
f 67// 204// 209//
f 67// 209// 237//
f 303// 304// 51//
f 51// 304// 305//
f 195// 204// 95//
f 53// 97// 96//
f 224// 195// 306//
f 306// 195// 95//
f 306// 95// 307//
f 307// 95// 51//
f 307// 51// 308//
f 308// 51// 305//
f 308// 305// 309//
f 51// 53// 303//
f 303// 53// 96//
f 303// 96// 310//
f 310// 96// 226//
f 310// 226// 305//
f 305// 226// 228//
f 305// 228// 230//
f 306// 309// 224//
f 224// 309// 305//
f 224// 305// 232//
f 232// 305// 230//
usemtl 2
f 311// 312// 240//
f 240// 312// 241//
f 312// 313// 241//
f 241// 313// 242//
f 313// 314// 242//
f 242// 314// 243//
f 314// 315// 243//
f 243// 315// 251//
f 315// 316// 251//
f 251// 316// 250//
f 316// 317// 250//
f 250// 317// 248//
f 318// 244// 246//
f 318// 246// 319//
f 319// 246// 248//
f 319// 248// 317//
f 318// 320// 244//
f 244// 320// 245//
f 321// 249// 247//
f 321// 247// 322//
f 322// 247// 245//
f 322// 245// 320//
f 321// 311// 249//
f 249// 311// 240//
f 316// 315// 317//
f 317// 315// 314//
f 317// 314// 319//
f 312// 311// 313//
f 313// 311// 321//
f 321// 322// 313//
f 313// 322// 320//
f 313// 320// 314//
f 314// 320// 318//
f 314// 318// 319//
f 323// 194// 324//
f 324// 194// 196//
f 324// 196// 325//
f 325// 196// 198//
f 325// 198// 326//
f 326// 198// 221//
f 326// 221// 327//
f 327// 221// 220//
f 327// 220// 328//
f 328// 220// 217//
f 328// 217// 329//
f 329// 217// 216//
f 329// 216// 330//
f 330// 216// 219//
f 330// 219// 331//
f 331// 219// 218//
f 331// 218// 332//
f 332// 218// 208//
f 332// 208// 333//
f 333// 208// 207//
f 333// 207// 334//
f 334// 207// 212//
f 334// 212// 335//
f 335// 212// 211//
f 335// 211// 336//
f 336// 211// 210//
f 336// 210// 337//
f 337// 210// 206//
f 337// 206// 338//
f 338// 206// 205//
f 338// 205// 339//
f 339// 205// 203//
f 339// 203// 340//
f 340// 203// 202//
f 340// 202// 341//
f 341// 202// 215//
f 341// 215// 342//
f 342// 215// 214//
f 342// 214// 343//
f 343// 214// 213//
f 343// 213// 344//
f 344// 213// 201//
f 344// 201// 345//
f 345// 201// 200//
f 345// 200// 346//
f 346// 200// 199//
f 346// 199// 323//
f 323// 199// 194//
f 345// 346// 347//
f 347// 346// 323//
f 347// 323// 324//
f 342// 343// 347//
f 347// 343// 344//
f 347// 344// 345//
f 339// 340// 347//
f 347// 340// 341//
f 347// 341// 342//
f 336// 337// 347//
f 347// 337// 338//
f 347// 338// 339//
f 333// 334// 347//
f 347// 334// 335//
f 347// 335// 336//
f 330// 331// 347//
f 347// 331// 332//
f 347// 332// 333//
f 327// 328// 347//
f 347// 328// 329//
f 347// 329// 330//
f 324// 325// 347//
f 347// 325// 326//
f 347// 326// 327//
f 348// 349// 290//
f 290// 349// 291//
f 349// 350// 291//
f 291// 350// 298//
f 350// 351// 298//
f 298// 351// 284//
f 351// 352// 284//
f 284// 352// 285//
f 352// 353// 285//
f 285// 353// 286//
f 353// 354// 286//
f 286// 354// 287//
f 354// 355// 287//
f 287// 355// 288//
f 355// 356// 288//
f 288// 356// 289//
f 356// 357// 289//
f 289// 357// 292//
f 357// 358// 292//
f 292// 358// 293//
f 348// 290// 294//
f 348// 294// 359//
f 359// 294// 293//
f 359// 293// 358//
f 360// 361// 350//
f 355// 354// 356//
f 356// 354// 353//
f 350// 349// 360//
f 360// 349// 348//
f 360// 348// 362//
f 362// 348// 359//
f 362// 359// 363//
f 352// 351// 353//
f 353// 351// 350//
f 353// 350// 356//
f 356// 350// 361//
f 356// 361// 357//
f 357// 361// 363//
f 357// 363// 358//
f 358// 363// 359//
f 363// 364// 365//
f 363// 365// 362//
f 362// 365// 366//
f 362// 366// 360//
f 361// 360// 367//
f 367// 360// 366//
f 363// 361// 364//
f 364// 361// 367//
f 368// 178// 172//
f 368// 172// 369//
f 369// 172// 171//
f 369// 171// 370//
f 370// 171// 177//
f 370// 177// 371//
f 371// 177// 157//
f 371// 157// 372//
f 373// 183// 182//
f 373// 182// 374//
f 374// 182// 181//
f 374// 181// 375//
f 375// 181// 186//
f 375// 186// 376//
f 376// 186// 185//
f 376// 185// 377//
f 377// 185// 180//
f 377// 180// 378//
f 378// 180// 179//
f 378// 179// 379//
f 379// 179// 178//
f 379// 178// 368//
f 380// 148// 158//
f 380// 158// 381//
f 381// 158// 173//
f 381// 173// 382//
f 382// 173// 184//
f 382// 184// 383//
f 383// 184// 183//
f 383// 183// 373//
f 380// 384// 148//
f 148// 384// 149//
f 385// 191// 188//
f 385// 188// 386//
f 386// 188// 187//
f 386// 187// 387//
f 187// 140// 387//
f 387// 140// 139//
f 387// 139// 388//
f 388// 139// 149//
f 388// 149// 384//
f 191// 385// 192//
f 192// 385// 389//
f 192// 389// 193//
f 193// 389// 390//
f 193// 390// 154//
f 154// 390// 391//
f 154// 391// 155//
f 155// 391// 392//
f 155// 392// 162//
f 162// 392// 393//
f 162// 393// 163//
f 163// 393// 394//
f 163// 394// 164//
f 164// 394// 395//
f 164// 395// 142//
f 396// 168// 161//
f 396// 161// 397//
f 397// 161// 160//
f 397// 160// 398//
f 398// 160// 159//
f 398// 159// 399//
f 399// 159// 143//
f 399// 143// 400//
f 400// 143// 142//
f 400// 142// 395//
f 401// 176// 175//
f 401// 175// 402//
f 402// 175// 174//
f 402// 174// 403//
f 403// 174// 170//
f 403// 170// 404//
f 404// 170// 169//
f 404// 169// 405//
f 405// 169// 168//
f 405// 168// 396//
f 401// 406// 176//
f 176// 406// 144//
f 406// 407// 144//
f 144// 407// 166//
f 407// 408// 166//
f 166// 408// 167//
f 408// 409// 167//
f 167// 409// 145//
f 372// 157// 156//
f 372// 156// 410//
f 410// 156// 152//
f 410// 152// 411//
f 411// 152// 151//
f 411// 151// 412//
f 412// 151// 150//
f 412// 150// 413//
f 413// 150// 146//
f 413// 146// 414//
f 414// 146// 145//
f 414// 145// 409//
f 407// 406// 408//
f 408// 406// 401//
f 373// 386// 383//
f 383// 386// 387//
f 383// 387// 382//
f 382// 387// 388//
f 382// 388// 381//
f 381// 388// 384//
f 381// 384// 380//
f 371// 372// 396//
f 396// 372// 410//
f 396// 410// 405//
f 405// 410// 411//
f 405// 411// 404//
f 404// 411// 412//
f 404// 412// 403//
f 403// 412// 413//
f 403// 413// 402//
f 402// 413// 414//
f 402// 414// 401//
f 401// 414// 409//
f 401// 409// 408//
f 396// 397// 371//
f 371// 397// 398//
f 371// 398// 370//
f 370// 398// 399//
f 370// 399// 369//
f 369// 399// 400//
f 369// 400// 368//
f 368// 400// 395//
f 368// 395// 379//
f 379// 395// 394//
f 379// 394// 378//
f 378// 394// 393//
f 378// 393// 377//
f 377// 393// 392//
f 377// 392// 376//
f 376// 392// 391//
f 376// 391// 375//
f 375// 391// 390//
f 375// 390// 374//
f 374// 390// 389//
f 374// 389// 373//
f 373// 389// 385//
f 373// 385// 386//
f 415// 416// 275//
f 275// 416// 276//
f 416// 417// 276//
f 276// 417// 271//
f 417// 418// 271//
f 271// 418// 270//
f 419// 266// 268//
f 419// 268// 420//
f 420// 268// 270//
f 420// 270// 418//
f 419// 421// 266//
f 266// 421// 267//
f 422// 272// 269//
f 422// 269// 423//
f 423// 269// 267//
f 423// 267// 421//
f 422// 424// 272//
f 272// 424// 263//
f 424// 425// 263//
f 263// 425// 264//
f 425// 426// 264//
f 264// 426// 265//
f 426// 427// 265//
f 265// 427// 273//
f 427// 428// 273//
f 273// 428// 281//
f 429// 277// 279//
f 429// 279// 430//
f 430// 279// 281//
f 430// 281// 428//
f 429// 431// 277//
f 277// 431// 278//
f 432// 282// 280//
f 432// 280// 433//
f 433// 280// 278//
f 433// 278// 431//
f 432// 434// 282//
f 282// 434// 274//
f 434// 415// 274//
f 274// 415// 275//
f 415// 434// 416//
f 416// 434// 432//
f 425// 424// 426//
f 426// 424// 422//
f 422// 423// 426//
f 426// 423// 421//
f 426// 421// 427//
f 427// 421// 419//
f 432// 433// 416//
f 416// 433// 431//
f 416// 431// 417//
f 417// 431// 429//
f 429// 430// 417//
f 417// 430// 428//
f 417// 428// 418//
f 418// 428// 427//
f 418// 427// 420//
f 420// 427// 419//
f 435// 436// 252//
f 252// 436// 254//
f 436// 437// 254//
f 254// 437// 255//
f 437// 438// 255//
f 255// 438// 256//
f 438// 439// 256//
f 256// 439// 257//
f 439// 440// 257//
f 257// 440// 258//
f 440// 441// 258//
f 258// 441// 259//
f 441// 442// 259//
f 259// 442// 260//
f 442// 443// 260//
f 260// 443// 261//
f 443// 444// 261//
f 261// 444// 262//
f 444// 435// 262//
f 262// 435// 252//
f 444// 443// 441//
f 441// 443// 442//
f 436// 435// 437//
f 437// 435// 444//
f 437// 444// 438//
f 438// 444// 441//
f 438// 441// 439//
f 439// 441// 440//
f 445// 116// 115//
f 445// 115// 446//
f 446// 115// 114//
f 446// 114// 447//
f 447// 114// 113//
f 447// 113// 448//
f 448// 113// 112//
f 448// 112// 449//
f 449// 112// 106//
f 449// 106// 450//
f 450// 106// 105//
f 450// 105// 451//
f 451// 105// 108//
f 451// 108// 452//
f 453// 135// 454//
f 454// 135// 137//
f 137// 104// 454//
f 454// 104// 103//
f 454// 103// 455//
f 455// 103// 102//
f 455// 102// 456//
f 456// 102// 100//
f 456// 100// 457//
f 457// 100// 99//
f 457// 99// 458//
f 458// 99// 117//
f 458// 117// 459//
f 459// 117// 116//
f 459// 116// 445//
f 460// 133// 132//
f 460// 132// 461//
f 461// 132// 131//
f 461// 131// 462//
f 462// 131// 130//
f 462// 130// 463//
f 463// 130// 129//
f 463// 129// 464//
f 464// 129// 123//
f 464// 123// 465//
f 465// 123// 125//
f 465// 125// 466//
f 466// 125// 453//
f 453// 125// 126//
f 453// 126// 135//
f 467// 122// 121//
f 467// 121// 468//
f 468// 121// 134//
f 468// 134// 469//
f 469// 134// 133//
f 469// 133// 460//
f 470// 128// 127//
f 470// 127// 471//
f 471// 127// 122//
f 471// 122// 467//
f 128// 470// 119//
f 119// 470// 472//
f 119// 472// 120//
f 472// 473// 120//
f 120// 473// 233//
f 233// 473// 109//
f 109// 473// 474//
f 109// 474// 110//
f 452// 108// 111//
f 452// 111// 475//
f 475// 111// 110//
f 475// 110// 474//
f 449// 475// 474//
f 450// 451// 449//
f 449// 451// 452//
f 449// 452// 475//
f 470// 476// 477//
f 473// 472// 474//
f 474// 472// 470//
f 474// 470// 449//
f 449// 470// 477//
f 449// 477// 478//
f 478// 479// 449//
f 449// 479// 480//
f 449// 480// 448//
f 448// 480// 481//
f 448// 481// 447//
f 447// 481// 482//
f 447// 482// 446//
f 446// 482// 483//
f 446// 483// 445//
f 445// 483// 484//
f 445// 484// 459//
f 459// 484// 485//
f 459// 485// 458//
f 458// 485// 486//
f 458// 486// 457//
f 457// 486// 487//
f 457// 487// 456//
f 456// 487// 488//
f 456// 488// 455//
f 455// 488// 489//
f 455// 489// 454//
f 454// 489// 490//
f 454// 490// 453//
f 453// 490// 491//
f 453// 491// 466//
f 466// 491// 492//
f 466// 492// 465//
f 465// 492// 493//
f 465// 493// 464//
f 464// 493// 494//
f 464// 494// 463//
f 463// 494// 495//
f 463// 495// 462//
f 462// 495// 496//
f 462// 496// 461//
f 461// 496// 497//
f 461// 497// 460//
f 460// 497// 498//
f 460// 498// 469//
f 469// 498// 499//
f 469// 499// 468//
f 468// 499// 500//
f 468// 500// 467//
f 467// 500// 501//
f 467// 501// 471//
f 471// 501// 502//
f 471// 502// 470//
f 470// 502// 503//
f 470// 503// 476//
f 484// 504// 505//
f 484// 505// 485//
f 485// 505// 506//
f 485// 506// 486//
f 486// 506// 507//
f 486// 507// 487//
f 487// 507// 508//
f 487// 508// 488//
f 488// 508// 509//
f 488// 509// 489//
f 489// 509// 510//
f 489// 510// 490//
f 490// 510// 511//
f 490// 511// 491//
f 491// 511// 512//
f 491// 512// 492//
f 492// 512// 513//
f 492// 513// 493//
f 493// 513// 514//
f 493// 514// 494//
f 494// 514// 515//
f 494// 515// 495//
f 495// 515// 516//
f 495// 516// 496//
f 496// 516// 517//
f 496// 517// 497//
f 497// 517// 518//
f 497// 518// 498//
f 498// 518// 519//
f 498// 519// 499//
f 499// 519// 520//
f 499// 520// 500//
f 500// 520// 521//
f 500// 521// 501//
f 501// 521// 522//
f 501// 522// 502//
f 502// 522// 523//
f 502// 523// 503//
f 503// 523// 524//
f 503// 524// 476//
f 476// 524// 525//
f 476// 525// 477//
f 477// 525// 526//
f 477// 526// 478//
f 478// 526// 527//
f 478// 527// 479//
f 479// 527// 528//
f 479// 528// 480//
f 480// 528// 529//
f 480// 529// 481//
f 481// 529// 530//
f 481// 530// 482//
f 482// 530// 531//
f 482// 531// 483//
f 483// 531// 504//
f 483// 504// 484//
usemtl 1
f 364// 367// 365//
f 365// 367// 366//
f 504// 518// 505//
f 505// 518// 517//
f 522// 521// 504//
f 522// 504// 523//
f 521// 520// 504//
f 504// 520// 519//
f 504// 519// 518//
f 509// 505// 510//
f 510// 505// 511//
f 530// 529// 526//
f 526// 529// 528//
f 526// 528// 527//
f 530// 526// 531//
f 531// 526// 525//
f 531// 525// 504//
f 504// 525// 524//
f 504// 524// 523//
f 509// 508// 505//
f 505// 508// 507//
f 505// 507// 506//
f 517// 516// 505//
f 505// 516// 515//
f 505// 515// 514//
f 514// 513// 505//
f 505// 513// 512//
f 505// 512// 511//
usemtl 3
f 532// 533// 310//
f 310// 533// 303//
f 533// 534// 303//
f 303// 534// 304//
f 534// 535// 304//
f 304// 535// 305//
f 535// 532// 305//
f 305// 532// 310//
f 535// 534// 532//
f 532// 534// 533//
f 536// 537// 309//
f 309// 537// 308//
f 537// 538// 308//
f 308// 538// 307//
f 538// 539// 307//
f 307// 539// 306//
f 539// 536// 306//
f 306// 536// 309//
f 539// 538// 536//
f 536// 538// 537//
usemtl 4
f 540// 541// 66//
f 66// 541// 89//
f 541// 542// 89//
f 89// 542// 90//
f 542// 543// 90//
f 90// 543// 92//
f 543// 544// 92//
f 92// 544// 93//
f 544// 545// 93//
f 93// 545// 94//
f 545// 546// 94//
f 94// 546// 62//
f 546// 547// 62//
f 62// 547// 65//
f 547// 540// 65//
f 65// 540// 66//
f 548// 544// 549//
f 549// 544// 543//
f 550// 547// 548//
f 548// 547// 546//
f 548// 546// 544//
f 544// 546// 545//
f 550// 551// 547//
f 547// 551// 552//
f 547// 552// 540//
f 540// 552// 553//
f 540// 553// 554//
f 554// 555// 540//
f 540// 555// 549//
f 540// 549// 541//
f 541// 549// 543//
f 541// 543// 542//
f 548// 549// 556//
f 556// 549// 557//
f 550// 548// 558//
f 558// 548// 556//
f 550// 558// 559//
f 550// 559// 551//
f 551// 559// 560//
f 551// 560// 552//
f 553// 552// 561//
f 561// 552// 560//
f 553// 561// 562//
f 553// 562// 554//
f 554// 562// 563//
f 554// 563// 555//
f 549// 555// 557//
f 557// 555// 563//
f 564// 565// 91//
f 91// 565// 55//
f 565// 566// 55//
f 55// 566// 78//
f 566// 567// 78//
f 78// 567// 82//
f 568// 87// 86//
f 568// 86// 569//
f 569// 86// 85//
f 569// 85// 570//
f 570// 85// 84//
f 570// 84// 571//
f 571// 84// 83//
f 571// 83// 572//
f 572// 83// 81//
f 572// 81// 573//
f 573// 81// 80//
f 573// 80// 574//
f 574// 80// 79//
f 574// 79// 575//
f 575// 79// 82//
f 575// 82// 567//
f 564// 91// 77//
f 564// 77// 576//
f 576// 77// 76//
f 576// 76// 577//
f 577// 76// 75//
f 577// 75// 578//
f 578// 75// 64//
f 578// 64// 579//
f 579// 64// 63//
f 579// 63// 580//
f 580// 63// 88//
f 580// 88// 581//
f 581// 88// 87//
f 581// 87// 568//
f 570// 571// 582//
f 582// 571// 572//
f 582// 572// 583//
f 583// 572// 573//
f 583// 573// 584//
f 584// 573// 574//
f 584// 574// 585//
f 585// 574// 575//
f 585// 575// 586//
f 586// 575// 567//
f 586// 567// 587//
f 587// 567// 566//
f 587// 566// 588//
f 588// 566// 565//
f 588// 565// 589//
f 589// 565// 564//
f 589// 564// 590//
f 590// 564// 576//
f 590// 576// 591//
f 591// 576// 577//
f 591// 577// 592//
f 592// 577// 578//
f 592// 578// 593//
f 593// 578// 579//
f 593// 579// 594//
f 594// 579// 580//
f 594// 580// 595//
f 595// 580// 581//
f 595// 581// 596//
f 596// 581// 568//
f 596// 568// 597//
f 597// 568// 569//
f 597// 569// 598//
f 598// 569// 570//
f 598// 570// 582//
f 586// 587// 599//
f 599// 587// 600//
f 586// 599// 601//
f 586// 601// 585//
f 585// 601// 602//
f 585// 602// 584//
f 584// 602// 603//
f 584// 603// 583//
f 583// 603// 604//
f 583// 604// 582//
f 582// 604// 605//
f 582// 605// 598//
f 598// 605// 606//
f 598// 606// 597//
f 597// 606// 607//
f 597// 607// 596//
f 596// 607// 608//
f 596// 608// 595//
f 595// 608// 609//
f 595// 609// 594//
f 594// 609// 610//
f 594// 610// 593//
f 593// 610// 611//
f 593// 611// 592//
f 592// 611// 612//
f 592// 612// 591//
f 591// 612// 613//
f 591// 613// 590//
f 590// 613// 614//
f 590// 614// 589//
f 588// 589// 615//
f 615// 589// 614//
f 587// 588// 600//
f 600// 588// 615//
f 616// 617// 56//
f 56// 617// 57//
f 617// 618// 57//
f 57// 618// 58//
f 618// 619// 58//
f 58// 619// 59//
f 619// 620// 59//
f 59// 620// 60//
f 620// 621// 60//
f 60// 621// 70//
f 621// 622// 70//
f 70// 622// 68//
f 622// 623// 68//
f 68// 623// 69//
f 623// 624// 69//
f 69// 624// 71//
f 624// 625// 71//
f 71// 625// 72//
f 625// 626// 72//
f 72// 626// 73//
f 626// 627// 73//
f 73// 627// 74//
f 627// 616// 74//
f 74// 616// 56//
f 618// 617// 616//
f 616// 627// 618//
f 618// 627// 626//
f 618// 626// 619//
f 621// 620// 622//
f 622// 620// 619//
f 622// 619// 623//
f 623// 619// 626//
f 623// 626// 624//
f 624// 626// 625//
f 628// 629// 9//
f 9// 629// 47//
f 47// 629// 630//
f 631// 54// 52//
f 631// 52// 632//
f 632// 52// 50//
f 632// 50// 630//
f 630// 50// 48//
f 630// 48// 47//
f 633// 43// 42//
f 633// 42// 634//
f 634// 42// 37//
f 634// 37// 635//
f 635// 37// 35//
f 635// 35// 636//
f 636// 35// 34//
f 636// 34// 637//
f 637// 34// 4//
f 637// 4// 638//
f 638// 4// 6//
f 638// 6// 639//
f 639// 6// 631//
f 631// 6// 7//
f 631// 7// 54//
f 640// 45// 41//
f 640// 41// 641//
f 641// 41// 40//
f 641// 40// 642//
f 642// 40// 39//
f 642// 39// 643//
f 643// 39// 26//
f 643// 26// 644//
f 644// 26// 25//
f 644// 25// 645//
f 645// 25// 44//
f 645// 44// 646//
f 646// 44// 43//
f 646// 43// 633//
f 647// 12// 46//
f 647// 46// 648//
f 648// 46// 45//
f 648// 45// 640//
f 647// 649// 12//
f 12// 649// 10//
f 650// 1// 8//
f 650// 8// 651//
f 651// 8// 10//
f 651// 10// 649//
f 652// 16// 33//
f 652// 33// 653//
f 653// 33// 32//
f 653// 32// 654//
f 654// 32// 15//
f 654// 15// 655//
f 655// 15// 14//
f 655// 14// 656//
f 656// 14// 13//
f 656// 13// 657//
f 657// 13// 2//
f 657// 2// 658//
f 658// 2// 1//
f 658// 1// 650//
f 659// 20// 19//
f 659// 19// 660//
f 660// 19// 21//
f 660// 21// 661//
f 661// 21// 22//
f 661// 22// 662//
f 662// 22// 23//
f 662// 23// 663//
f 663// 23// 18//
f 663// 18// 664//
f 664// 18// 17//
f 664// 17// 665//
f 665// 17// 16//
f 665// 16// 652//
f 628// 9// 3//
f 628// 3// 666//
f 666// 3// 24//
f 666// 24// 667//
f 667// 24// 20//
f 667// 20// 659//
f 660// 631// 659//
f 659// 631// 632//
f 659// 632// 667//
f 667// 632// 630//
f 667// 630// 666//
f 666// 630// 629//
f 666// 629// 628//
f 649// 647// 651//
f 651// 647// 648//
f 651// 648// 650//
f 650// 648// 640//
f 650// 640// 658//
f 658// 640// 641//
f 658// 641// 657//
f 657// 641// 642//
f 657// 642// 656//
f 656// 642// 643//
f 656// 643// 655//
f 655// 643// 644//
f 655// 644// 654//
f 654// 644// 645//
f 654// 645// 653//
f 653// 645// 646//
f 653// 646// 652//
f 652// 646// 633//
f 652// 633// 665//
f 665// 633// 634//
f 665// 634// 664//
f 664// 634// 635//
f 664// 635// 663//
f 663// 635// 636//
f 663// 636// 662//
f 662// 636// 637//
f 662// 637// 661//
f 661// 637// 638//
f 661// 638// 660//
f 660// 638// 639//
f 660// 639// 631//
f 668// 669// 36//
f 36// 669// 5//
f 669// 670// 5//
f 5// 670// 30//
f 670// 671// 30//
f 30// 671// 28//
f 671// 672// 28//
f 28// 672// 27//
f 672// 673// 27//
f 27// 673// 38//
f 673// 668// 38//
f 38// 668// 36//
f 672// 671// 673//
f 673// 671// 670//
f 673// 670// 668//
f 668// 670// 669//
usemtl 1
f 556// 557// 558//
f 558// 557// 563//
f 558// 563// 559//
f 559// 563// 562//
f 559// 562// 560//
f 560// 562// 561//
f 600// 615// 599//
f 599// 615// 614//
f 599// 614// 613//
f 607// 606// 599//
f 599// 606// 605//
f 599// 605// 601//
f 613// 612// 599//
f 599// 612// 611//
f 599// 611// 610//
f 610// 609// 599//
f 599// 609// 608//
f 599// 608// 607//
f 604// 603// 605//
f 605// 603// 602//
f 605// 602// 601//
usemtl 5
f 674// 675// 676//
f 676// 675// 677//
f 674// 676// 678//
f 674// 678// 679//
f 679// 678// 680//
f 679// 680// 681//
f 681// 680// 682//
f 681// 682// 683//
f 683// 682// 684//
f 683// 684// 685//
f 685// 684// 686//
f 685// 686// 687//
f 687// 686// 688//
f 687// 688// 689//
f 689// 688// 690//
f 689// 690// 691//
f 691// 690// 692//
f 691// 692// 693//
f 693// 692// 694//
f 693// 694// 695//
f 695// 694// 696//
f 695// 696// 697//
f 697// 696// 698//
f 697// 698// 699//
f 699// 698// 700//
f 699// 700// 701//
f 701// 700// 702//
f 701// 702// 703//
f 703// 702// 704//
f 703// 704// 705//
f 705// 704// 706//
f 705// 706// 707//
f 707// 706// 708//
f 707// 708// 709//
f 709// 708// 710//
f 709// 710// 711//
f 711// 710// 712//
f 711// 712// 713//
f 713// 712// 714//
f 713// 714// 715//
f 715// 714// 716//
f 715// 716// 717//
f 717// 716// 718//
f 717// 718// 719//
f 719// 718// 720//
f 719// 720// 721//
f 722// 721// 723//
f 723// 721// 720//
f 675// 722// 677//
f 677// 722// 723//
f 722// 675// 721//
f 721// 675// 674//
f 695// 697// 721//
f 674// 679// 721//
f 721// 679// 681//
f 721// 681// 683//
f 697// 699// 721//
f 721// 699// 701//
f 721// 701// 719//
f 719// 701// 717//
f 683// 685// 721//
f 721// 685// 687//
f 721// 687// 689//
f 689// 691// 721//
f 721// 691// 693//
f 721// 693// 695//
f 717// 701// 715//
f 715// 701// 703//
f 715// 703// 705//
f 705// 707// 715//
f 715// 707// 709//
f 715// 709// 713//
f 713// 709// 711//
f 688// 686// 720//
f 686// 684// 720//
f 720// 684// 682//
f 720// 682// 680//
f 677// 723// 676//
f 676// 723// 720//
f 676// 720// 678//
f 678// 720// 680//
f 696// 718// 698//
f 698// 718// 700//
f 696// 694// 718//
f 718// 694// 692//
f 718// 692// 720//
f 720// 692// 690//
f 720// 690// 688//
f 712// 710// 708//
f 718// 716// 700//
f 700// 716// 714//
f 700// 714// 702//
f 702// 714// 704//
f 712// 708// 714//
f 714// 708// 706//
f 714// 706// 704//
f 724// 725// 726//
f 726// 725// 727//
f 724// 726// 728//
f 724// 728// 729//
f 729// 728// 730//
f 729// 730// 731//
f 731// 730// 732//
f 731// 732// 733//
f 733// 732// 734//
f 733// 734// 735//
f 735// 734// 736//
f 735// 736// 737//
f 737// 736// 738//
f 737// 738// 739//
f 739// 738// 740//
f 739// 740// 741//
f 741// 740// 742//
f 741// 742// 743//
f 743// 742// 744//
f 743// 744// 745//
f 745// 744// 746//
f 745// 746// 747//
f 747// 746// 748//
f 747// 748// 749//
f 749// 748// 750//
f 749// 750// 751//
f 751// 750// 752//
f 751// 752// 753//
f 753// 752// 754//
f 753// 754// 755//
f 755// 754// 756//
f 755// 756// 757//
f 757// 756// 758//
f 757// 758// 759//
f 759// 758// 760//
f 759// 760// 761//
f 761// 760// 762//
f 761// 762// 763//
f 763// 762// 764//
f 763// 764// 765//
f 765// 764// 766//
f 765// 766// 767//
f 767// 766// 768//
f 767// 768// 769//
f 769// 768// 770//
f 769// 770// 771//
f 772// 771// 773//
f 773// 771// 770//
f 725// 772// 727//
f 727// 772// 773//
f 772// 725// 771//
f 771// 725// 724//
f 724// 729// 771//
f 771// 729// 731//
f 771// 731// 733//
f 733// 735// 771//
f 771// 735// 737//
f 771// 737// 739//
f 739// 741// 771//
f 771// 741// 743//
f 771// 743// 745//
f 745// 747// 771//
f 771// 747// 749//
f 771// 749// 751//
f 767// 755// 765//
f 765// 755// 757//
f 757// 759// 765//
f 765// 759// 761//
f 765// 761// 763//
f 751// 753// 771//
f 771// 753// 755//
f 771// 755// 769//
f 769// 755// 767//
f 727// 773// 726//
f 726// 773// 770//
f 770// 768// 726//
f 726// 768// 766//
f 726// 766// 764//
f 764// 762// 726//
f 726// 762// 760//
f 726// 760// 758//
f 758// 756// 726//
f 726// 756// 754//
f 726// 754// 752//
f 752// 750// 726//
f 726// 750// 748//
f 726// 748// 746//
f 730// 742// 732//
f 732// 742// 740//
f 740// 738// 732//
f 732// 738// 736//
f 732// 736// 734//
f 746// 744// 726//
f 726// 744// 742//
f 726// 742// 728//
f 728// 742// 730//
f 774// 775// 776//
f 776// 775// 777//
f 774// 776// 778//
f 774// 778// 779//
f 779// 778// 780//
f 779// 780// 781//
f 781// 780// 782//
f 781// 782// 783//
f 783// 782// 784//
f 783// 784// 785//
f 785// 784// 786//
f 785// 786// 787//
f 787// 786// 788//
f 787// 788// 789//
f 789// 788// 790//
f 789// 790// 791//
f 791// 790// 792//
f 791// 792// 793//
f 793// 792// 794//
f 793// 794// 795//
f 795// 794// 796//
f 795// 796// 797//
f 797// 796// 798//
f 797// 798// 799//
f 799// 798// 800//
f 799// 800// 801//
f 801// 800// 802//
f 801// 802// 803//
f 803// 802// 804//
f 803// 804// 805//
f 805// 804// 806//
f 805// 806// 807//
f 807// 806// 808//
f 807// 808// 809//
f 809// 808// 810//
f 809// 810// 811//
f 811// 810// 812//
f 811// 812// 813//
f 813// 812// 814//
f 813// 814// 815//
f 815// 814// 816//
f 815// 816// 817//
f 817// 816// 818//
f 817// 818// 819//
f 819// 818// 820//
f 819// 820// 821//
f 822// 821// 823//
f 823// 821// 820//
f 775// 822// 777//
f 777// 822// 823//
f 822// 775// 821//
f 821// 775// 774//
f 821// 774// 819//
f 774// 779// 819//
f 819// 779// 781//
f 819// 781// 783//
f 789// 791// 819//
f 819// 791// 793//
f 819// 793// 795//
f 795// 797// 819//
f 819// 797// 799//
f 819// 799// 801//
f 783// 785// 819//
f 819// 785// 787//
f 819// 787// 789//
f 803// 815// 801//
f 801// 815// 817//
f 801// 817// 819//
f 807// 809// 811//
f 803// 805// 815//
f 815// 805// 807//
f 815// 807// 813//
f 813// 807// 811//
f 794// 792// 818//
f 788// 786// 820//
f 818// 792// 820//
f 820// 792// 790//
f 820// 790// 788//
f 777// 823// 776//
f 776// 823// 820//
f 776// 820// 778//
f 778// 820// 780//
f 800// 798// 818//
f 818// 798// 796//
f 818// 796// 794//
f 786// 784// 820//
f 820// 784// 782//
f 820// 782// 780//
f 810// 808// 806//
f 818// 816// 800//
f 800// 816// 814//
f 800// 814// 802//
f 802// 814// 804//
f 804// 814// 806//
f 806// 814// 812//
f 806// 812// 810//
f 824// 825// 826//
f 826// 825// 827//
f 824// 826// 828//
f 824// 828// 829//
f 829// 828// 830//
f 829// 830// 831//
f 831// 830// 832//
f 831// 832// 833//
f 833// 832// 834//
f 833// 834// 835//
f 835// 834// 836//
f 835// 836// 837//
f 837// 836// 838//
f 837// 838// 839//
f 839// 838// 840//
f 839// 840// 841//
f 841// 840// 842//
f 841// 842// 843//
f 843// 842// 844//
f 843// 844// 845//
f 845// 844// 846//
f 845// 846// 847//
f 847// 846// 848//
f 847// 848// 849//
f 849// 848// 850//
f 849// 850// 851//
f 851// 850// 852//
f 851// 852// 853//
f 853// 852// 854//
f 853// 854// 855//
f 855// 854// 856//
f 855// 856// 857//
f 857// 856// 858//
f 857// 858// 859//
f 859// 858// 860//
f 859// 860// 861//
f 861// 860// 862//
f 861// 862// 863//
f 863// 862// 864//
f 863// 864// 865//
f 865// 864// 866//
f 865// 866// 867//
f 867// 866// 868//
f 867// 868// 869//
f 869// 868// 870//
f 869// 870// 871//
f 872// 871// 873//
f 873// 871// 870//
f 825// 872// 827//
f 827// 872// 873//
f 872// 825// 871//
f 871// 825// 824//
f 845// 847// 871//
f 833// 835// 871//
f 871// 835// 837//
f 871// 837// 839//
f 839// 841// 871//
f 871// 841// 843//
f 871// 843// 845//
f 824// 829// 871//
f 871// 829// 831//
f 871// 831// 833//
f 847// 849// 871//
f 871// 849// 851//
f 871// 851// 853//
f 853// 855// 871//
f 871// 855// 857//
f 871// 857// 859//
f 859// 861// 871//
f 871// 861// 863//
f 871// 863// 869//
f 869// 863// 865//
f 869// 865// 867//
f 844// 842// 870//
f 852// 850// 870//
f 850// 848// 870//
f 870// 848// 846//
f 870// 846// 844//
f 842// 840// 870//
f 870// 840// 838//
f 870// 838// 836//
f 836// 834// 870//
f 870// 834// 832//
f 870// 832// 830//
f 827// 873// 826//
f 826// 873// 870//
f 826// 870// 828//
f 828// 870// 830//
f 866// 864// 868//
f 868// 864// 862//
f 868// 862// 860//
f 860// 858// 868//
f 868// 858// 856//
f 868// 856// 870//
f 870// 856// 854//
f 870// 854// 852//
f 874// 875// 876//
f 876// 875// 877//
f 874// 876// 878//
f 874// 878// 879//
f 879// 878// 880//
f 879// 880// 881//
f 881// 880// 882//
f 881// 882// 883//
f 883// 882// 884//
f 883// 884// 885//
f 885// 884// 886//
f 885// 886// 887//
f 887// 886// 888//
f 887// 888// 889//
f 889// 888// 890//
f 889// 890// 891//
f 891// 890// 892//
f 891// 892// 893//
f 893// 892// 894//
f 893// 894// 895//
f 895// 894// 896//
f 895// 896// 897//
f 897// 896// 898//
f 897// 898// 899//
f 899// 898// 900//
f 899// 900// 901//
f 901// 900// 902//
f 901// 902// 903//
f 903// 902// 904//
f 903// 904// 905//
f 905// 904// 906//
f 905// 906// 907//
f 907// 906// 908//
f 907// 908// 909//
f 909// 908// 910//
f 909// 910// 911//
f 911// 910// 912//
f 911// 912// 913//
f 913// 912// 914//
f 913// 914// 915//
f 915// 914// 916//
f 915// 916// 917//
f 917// 916// 918//
f 917// 918// 919//
f 919// 918// 920//
f 919// 920// 921//
f 922// 921// 923//
f 923// 921// 920//
f 875// 922// 877//
f 877// 922// 923//
f 922// 875// 921//
f 921// 875// 874//
f 895// 897// 913//
f 874// 879// 921//
f 921// 879// 881//
f 921// 881// 883//
f 883// 885// 921//
f 921// 885// 887//
f 921// 887// 889//
f 895// 913// 893//
f 893// 913// 915//
f 893// 915// 917//
f 917// 919// 893//
f 893// 919// 921//
f 893// 921// 891//
f 891// 921// 889//
f 897// 899// 913//
f 913// 899// 901//
f 913// 901// 903//
f 909// 911// 907//
f 907// 911// 913//
f 907// 913// 905//
f 905// 913// 903//
f 877// 923// 876//
f 876// 923// 920//
f 892// 918// 916//
f 902// 900// 912//
f 888// 886// 920//
f 920// 886// 884//
f 920// 884// 882//
f 882// 880// 920//
f 920// 880// 878//
f 920// 878// 876//
f 916// 914// 892//
f 892// 914// 912//
f 892// 912// 894//
f 910// 908// 906//
f 900// 898// 912//
f 912// 898// 896//
f 912// 896// 894//
f 918// 892// 920//
f 920// 892// 890//
f 920// 890// 888//
f 910// 906// 912//
f 912// 906// 904//
f 912// 904// 902//
f 924// 925// 926//
f 926// 925// 927//
f 924// 926// 928//
f 924// 928// 929//
f 929// 928// 930//
f 929// 930// 931//
f 931// 930// 932//
f 931// 932// 933//
f 933// 932// 934//
f 933// 934// 935//
f 935// 934// 936//
f 935// 936// 937//
f 937// 936// 938//
f 937// 938// 939//
f 939// 938// 940//
f 939// 940// 941//
f 941// 940// 942//
f 941// 942// 943//
f 943// 942// 944//
f 943// 944// 945//
f 945// 944// 946//
f 945// 946// 947//
f 947// 946// 948//
f 947// 948// 949//
f 949// 948// 950//
f 949// 950// 951//
f 951// 950// 952//
f 951// 952// 953//
f 953// 952// 954//
f 953// 954// 955//
f 955// 954// 956//
f 955// 956// 957//
f 957// 956// 958//
f 957// 958// 959//
f 959// 958// 960//
f 959// 960// 961//
f 961// 960// 962//
f 961// 962// 963//
f 963// 962// 964//
f 963// 964// 965//
f 965// 964// 966//
f 965// 966// 967//
f 967// 966// 968//
f 967// 968// 969//
f 969// 968// 970//
f 969// 970// 971//
f 972// 971// 973//
f 973// 971// 970//
f 925// 972// 927//
f 927// 972// 973//
f 971// 972// 925//
f 945// 947// 971//
f 925// 924// 971//
f 971// 924// 929//
f 971// 929// 931//
f 971// 937// 939//
f 939// 941// 971//
f 971// 941// 943//
f 971// 943// 945//
f 947// 949// 971//
f 971// 949// 951//
f 971// 951// 969//
f 969// 951// 967//
f 931// 933// 971//
f 971// 933// 935//
f 971// 935// 937//
f 953// 955// 963//
f 963// 955// 957//
f 963// 957// 961//
f 961// 957// 959//
f 953// 963// 951//
f 951// 963// 965//
f 951// 965// 967//
f 927// 973// 926//
f 926// 973// 970//
f 926// 970// 928//
f 948// 946// 970//
f 948// 970// 950//
f 950// 970// 968//
f 950// 968// 966//
f 946// 944// 970//
f 970// 944// 942//
f 970// 942// 940//
f 940// 938// 970//
f 970// 938// 936//
f 970// 936// 934//
f 954// 952// 962//
f 962// 952// 950//
f 962// 950// 964//
f 964// 950// 966//
f 954// 962// 956//
f 956// 962// 960//
f 956// 960// 958//
f 934// 932// 970//
f 970// 932// 930//
f 970// 930// 928//
f 974// 975// 976//
f 976// 975// 977//
f 974// 976// 978//
f 974// 978// 979//
f 979// 978// 980//
f 979// 980// 981//
f 981// 980// 982//
f 981// 982// 983//
f 983// 982// 984//
f 983// 984// 985//
f 985// 984// 986//
f 985// 986// 987//
f 987// 986// 988//
f 987// 988// 989//
f 989// 988// 990//
f 989// 990// 991//
f 991// 990// 992//
f 991// 992// 993//
f 993// 992// 994//
f 993// 994// 995//
f 995// 994// 996//
f 995// 996// 997//
f 997// 996// 998//
f 997// 998// 999//
f 999// 998// 1000//
f 999// 1000// 1001//
f 1001// 1000// 1002//
f 1001// 1002// 1003//
f 1003// 1002// 1004//
f 1003// 1004// 1005//
f 1005// 1004// 1006//
f 1005// 1006// 1007//
f 1007// 1006// 1008//
f 1007// 1008// 1009//
f 1009// 1008// 1010//
f 1009// 1010// 1011//
f 1011// 1010// 1012//
f 1011// 1012// 1013//
f 1013// 1012// 1014//
f 1013// 1014// 1015//
f 1015// 1014// 1016//
f 1015// 1016// 1017//
f 1017// 1016// 1018//
f 1017// 1018// 1019//
f 1019// 1018// 1020//
f 1019// 1020// 1021//
f 1022// 1021// 1023//
f 1023// 1021// 1020//
f 975// 1022// 977//
f 977// 1022// 1023//
f 1003// 1005// 989//
f 1022// 975// 1021//
f 1021// 975// 974//
f 1021// 974// 979//
f 983// 985// 1005//
f 1005// 985// 987//
f 1005// 987// 989//
f 1005// 1007// 983//
f 983// 1007// 1009//
f 983// 1009// 1011//
f 979// 981// 1021//
f 1021// 981// 983//
f 1021// 983// 1019//
f 1019// 983// 1017//
f 991// 993// 999//
f 999// 993// 995//
f 999// 995// 997//
f 991// 999// 989//
f 989// 999// 1001//
f 989// 1001// 1003//
f 1011// 1013// 983//
f 983// 1013// 1015//
f 983// 1015// 1017//
f 977// 1023// 976//
f 976// 1023// 1020//
f 1020// 1018// 976//
f 976// 1018// 1016//
f 976// 1016// 1014//
f 1014// 1012// 976//
f 976// 1012// 1010//
f 976// 1010// 1008//
f 1008// 1006// 976//
f 976// 1006// 1004//
f 976// 1004// 978//
f 978// 1004// 980//
f 986// 1004// 988//
f 988// 1004// 1002//
f 986// 984// 1004//
f 1004// 984// 982//
f 1004// 982// 980//
f 992// 998// 994//
f 994// 998// 996//
f 1002// 1000// 988//
f 988// 1000// 998//
f 988// 998// 990//
f 990// 998// 992//
f 1024// 1025// 1026//
f 1026// 1025// 1027//
f 1024// 1026// 1028//
f 1024// 1028// 1029//
f 1029// 1028// 1030//
f 1029// 1030// 1031//
f 1031// 1030// 1032//
f 1031// 1032// 1033//
f 1033// 1032// 1034//
f 1033// 1034// 1035//
f 1035// 1034// 1036//
f 1035// 1036// 1037//
f 1037// 1036// 1038//
f 1037// 1038// 1039//
f 1039// 1038// 1040//
f 1039// 1040// 1041//
f 1041// 1040// 1042//
f 1041// 1042// 1043//
f 1043// 1042// 1044//
f 1043// 1044// 1045//
f 1045// 1044// 1046//
f 1045// 1046// 1047//
f 1047// 1046// 1048//
f 1047// 1048// 1049//
f 1049// 1048// 1050//
f 1049// 1050// 1051//
f 1051// 1050// 1052//
f 1051// 1052// 1053//
f 1053// 1052// 1054//
f 1053// 1054// 1055//
f 1055// 1054// 1056//
f 1055// 1056// 1057//
f 1057// 1056// 1058//
f 1057// 1058// 1059//
f 1059// 1058// 1060//
f 1059// 1060// 1061//
f 1061// 1060// 1062//
f 1061// 1062// 1063//
f 1063// 1062// 1064//
f 1063// 1064// 1065//
f 1065// 1064// 1066//
f 1065// 1066// 1067//
f 1067// 1066// 1068//
f 1067// 1068// 1069//
f 1069// 1068// 1070//
f 1069// 1070// 1071//
f 1072// 1071// 1073//
f 1073// 1071// 1070//
f 1025// 1072// 1027//
f 1027// 1072// 1073//
f 1057// 1059// 1024//
f 1024// 1059// 1061//
f 1051// 1053// 1024//
f 1024// 1053// 1055//
f 1024// 1055// 1057//
f 1061// 1063// 1024//
f 1024// 1063// 1065//
f 1024// 1065// 1067//
f 1072// 1025// 1071//
f 1071// 1025// 1024//
f 1071// 1024// 1069//
f 1069// 1024// 1067//
f 1039// 1041// 1024//
f 1024// 1041// 1043//
f 1024// 1043// 1045//
f 1045// 1047// 1024//
f 1024// 1047// 1049//
f 1024// 1049// 1051//
f 1031// 1033// 1029//
f 1029// 1033// 1035//
f 1029// 1035// 1024//
f 1024// 1035// 1037//
f 1024// 1037// 1039//
f 1027// 1073// 1026//
f 1026// 1073// 1070//
f 1026// 1058// 1056//
f 1070// 1068// 1026//
f 1026// 1068// 1066//
f 1026// 1066// 1064//
f 1064// 1062// 1026//
f 1026// 1062// 1060//
f 1026// 1060// 1058//
f 1056// 1054// 1026//
f 1026// 1054// 1052//
f 1026// 1052// 1050//
f 1050// 1048// 1026//
f 1026// 1048// 1046//
f 1026// 1046// 1044//
f 1044// 1042// 1026//
f 1026// 1042// 1040//
f 1026// 1040// 1038//
f 1038// 1036// 1026//
f 1026// 1036// 1034//
f 1026// 1034// 1028//
f 1028// 1034// 1032//
f 1028// 1032// 1030//
f 1074// 1075// 1076//
f 1076// 1075// 1077//
f 1074// 1076// 1078//
f 1074// 1078// 1079//
f 1079// 1078// 1080//
f 1079// 1080// 1081//
f 1081// 1080// 1082//
f 1081// 1082// 1083//
f 1083// 1082// 1084//
f 1083// 1084// 1085//
f 1085// 1084// 1086//
f 1085// 1086// 1087//
f 1087// 1086// 1088//
f 1087// 1088// 1089//
f 1089// 1088// 1090//
f 1089// 1090// 1091//
f 1091// 1090// 1092//
f 1091// 1092// 1093//
f 1093// 1092// 1094//
f 1093// 1094// 1095//
f 1095// 1094// 1096//
f 1095// 1096// 1097//
f 1097// 1096// 1098//
f 1097// 1098// 1099//
f 1099// 1098// 1100//
f 1099// 1100// 1101//
f 1101// 1100// 1102//
f 1101// 1102// 1103//
f 1103// 1102// 1104//
f 1103// 1104// 1105//
f 1105// 1104// 1106//
f 1105// 1106// 1107//
f 1107// 1106// 1108//
f 1107// 1108// 1109//
f 1109// 1108// 1110//
f 1109// 1110// 1111//
f 1111// 1110// 1112//
f 1111// 1112// 1113//
f 1113// 1112// 1114//
f 1113// 1114// 1115//
f 1115// 1114// 1116//
f 1115// 1116// 1117//
f 1117// 1116// 1118//
f 1117// 1118// 1119//
f 1119// 1118// 1120//
f 1119// 1120// 1121//
f 1122// 1121// 1123//
f 1123// 1121// 1120//
f 1075// 1122// 1077//
f 1077// 1122// 1123//
f 1122// 1075// 1121//
f 1121// 1075// 1074//
f 1121// 1074// 1119//
f 1087// 1089// 1074//
f 1089// 1091// 1074//
f 1074// 1091// 1093//
f 1074// 1093// 1095//
f 1101// 1103// 1074//
f 1074// 1103// 1105//
f 1074// 1105// 1107//
f 1074// 1079// 1081//
f 1095// 1097// 1074//
f 1074// 1097// 1099//
f 1074// 1099// 1101//
f 1107// 1109// 1074//
f 1074// 1109// 1111//
f 1074// 1111// 1113//
f 1081// 1083// 1074//
f 1074// 1083// 1085//
f 1074// 1085// 1087//
f 1113// 1115// 1074//
f 1074// 1115// 1117//
f 1074// 1117// 1119//
f 1076// 1077// 1123//
f 1110// 1108// 1076//
f 1076// 1108// 1106//
f 1106// 1104// 1076//
f 1076// 1104// 1102//
f 1076// 1102// 1100//
f 1123// 1120// 1076//
f 1076// 1120// 1118//
f 1076// 1118// 1116//
f 1100// 1098// 1076//
f 1076// 1098// 1096//
f 1076// 1096// 1094//
f 1094// 1092// 1076//
f 1076// 1092// 1090//
f 1076// 1090// 1088//
f 1116// 1114// 1076//
f 1076// 1114// 1112//
f 1076// 1112// 1110//
f 1084// 1082// 1080//
f 1088// 1086// 1076//
f 1076// 1086// 1084//
f 1076// 1084// 1078//
f 1078// 1084// 1080//
f 1124// 1125// 1126//
f 1126// 1125// 1127//
f 1124// 1126// 1128//
f 1124// 1128// 1129//
f 1129// 1128// 1130//
f 1129// 1130// 1131//
f 1131// 1130// 1132//
f 1131// 1132// 1133//
f 1133// 1132// 1134//
f 1133// 1134// 1135//
f 1135// 1134// 1136//
f 1135// 1136// 1137//
f 1137// 1136// 1138//
f 1137// 1138// 1139//
f 1139// 1138// 1140//
f 1139// 1140// 1141//
f 1141// 1140// 1142//
f 1141// 1142// 1143//
f 1143// 1142// 1144//
f 1143// 1144// 1145//
f 1145// 1144// 1146//
f 1145// 1146// 1147//
f 1147// 1146// 1148//
f 1147// 1148// 1149//
f 1149// 1148// 1150//
f 1149// 1150// 1151//
f 1151// 1150// 1152//
f 1151// 1152// 1153//
f 1153// 1152// 1154//
f 1153// 1154// 1155//
f 1155// 1154// 1156//
f 1155// 1156// 1157//
f 1157// 1156// 1158//
f 1157// 1158// 1159//
f 1159// 1158// 1160//
f 1159// 1160// 1161//
f 1161// 1160// 1162//
f 1161// 1162// 1163//
f 1163// 1162// 1164//
f 1163// 1164// 1165//
f 1165// 1164// 1166//
f 1165// 1166// 1167//
f 1167// 1166// 1168//
f 1167// 1168// 1169//
f 1169// 1168// 1170//
f 1169// 1170// 1171//
f 1172// 1171// 1173//
f 1173// 1171// 1170//
f 1125// 1172// 1127//
f 1127// 1172// 1173//
f 1171// 1172// 1125//
f 1125// 1124// 1171//
f 1171// 1124// 1129//
f 1171// 1129// 1131//
f 1131// 1133// 1171//
f 1171// 1133// 1135//
f 1171// 1135// 1137//
f 1137// 1139// 1171//
f 1171// 1139// 1141//
f 1171// 1141// 1143//
f 1159// 1171// 1157//
f 1157// 1171// 1155//
f 1143// 1145// 1171//
f 1171// 1145// 1147//
f 1171// 1147// 1149//
f 1149// 1151// 1171//
f 1171// 1151// 1153//
f 1171// 1153// 1155//
f 1159// 1161// 1171//
f 1171// 1161// 1163//
f 1171// 1163// 1169//
f 1169// 1163// 1165//
f 1169// 1165// 1167//
f 1127// 1173// 1126//
f 1126// 1173// 1170//
f 1126// 1170// 1128//
f 1128// 1170// 1130//
f 1154// 1170// 1156//
f 1156// 1170// 1158//
f 1142// 1140// 1170//
f 1170// 1140// 1138//
f 1170// 1138// 1136//
f 1136// 1134// 1170//
f 1170// 1134// 1132//
f 1170// 1132// 1130//
f 1166// 1164// 1168//
f 1168// 1164// 1162//
f 1168// 1162// 1170//
f 1170// 1162// 1160//
f 1170// 1160// 1158//
f 1154// 1152// 1170//
f 1170// 1152// 1150//
f 1170// 1150// 1148//
f 1148// 1146// 1170//
f 1170// 1146// 1144//
f 1170// 1144// 1142//
f 1174// 1175// 1176//
f 1176// 1175// 1177//
f 1174// 1176// 1178//
f 1174// 1178// 1179//
f 1179// 1178// 1180//
f 1179// 1180// 1181//
f 1181// 1180// 1182//
f 1181// 1182// 1183//
f 1183// 1182// 1184//
f 1183// 1184// 1185//
f 1185// 1184// 1186//
f 1185// 1186// 1187//
f 1187// 1186// 1188//
f 1187// 1188// 1189//
f 1189// 1188// 1190//
f 1189// 1190// 1191//
f 1191// 1190// 1192//
f 1191// 1192// 1193//
f 1193// 1192// 1194//
f 1193// 1194// 1195//
f 1195// 1194// 1196//
f 1195// 1196// 1197//
f 1197// 1196// 1198//
f 1197// 1198// 1199//
f 1199// 1198// 1200//
f 1199// 1200// 1201//
f 1201// 1200// 1202//
f 1201// 1202// 1203//
f 1203// 1202// 1204//
f 1203// 1204// 1205//
f 1205// 1204// 1206//
f 1205// 1206// 1207//
f 1207// 1206// 1208//
f 1207// 1208// 1209//
f 1209// 1208// 1210//
f 1209// 1210// 1211//
f 1211// 1210// 1212//
f 1211// 1212// 1213//
f 1213// 1212// 1214//
f 1213// 1214// 1215//
f 1215// 1214// 1216//
f 1215// 1216// 1217//
f 1217// 1216// 1218//
f 1217// 1218// 1219//
f 1219// 1218// 1220//
f 1219// 1220// 1221//
f 1222// 1221// 1223//
f 1223// 1221// 1220//
f 1175// 1222// 1177//
f 1177// 1222// 1223//
f 1181// 1183// 1205//
f 1207// 1209// 1174//
f 1174// 1209// 1211//
f 1211// 1213// 1174//
f 1174// 1213// 1215//
f 1174// 1215// 1217//
f 1222// 1175// 1221//
f 1221// 1175// 1174//
f 1221// 1174// 1219//
f 1219// 1174// 1217//
f 1207// 1174// 1205//
f 1205// 1174// 1179//
f 1205// 1179// 1181//
f 1195// 1197// 1199//
f 1183// 1185// 1205//
f 1205// 1185// 1187//
f 1205// 1187// 1189//
f 1189// 1191// 1205//
f 1205// 1191// 1193//
f 1205// 1193// 1203//
f 1195// 1199// 1193//
f 1193// 1199// 1201//
f 1193// 1201// 1203//
f 1177// 1223// 1176//
f 1176// 1223// 1220//
f 1220// 1218// 1176//
f 1176// 1218// 1216//
f 1176// 1216// 1214//
f 1214// 1212// 1176//
f 1176// 1212// 1210//
f 1176// 1210// 1208//
f 1208// 1206// 1176//
f 1176// 1206// 1204//
f 1176// 1204// 1202//
f 1202// 1200// 1176//
f 1176// 1200// 1198//
f 1176// 1198// 1196//
f 1180// 1192// 1182//
f 1182// 1192// 1190//
f 1190// 1188// 1182//
f 1182// 1188// 1186//
f 1182// 1186// 1184//
f 1196// 1194// 1176//
f 1176// 1194// 1192//
f 1176// 1192// 1178//
f 1178// 1192// 1180//
f 1224// 1225// 1226//
f 1226// 1225// 1227//
f 1224// 1226// 1228//
f 1224// 1228// 1229//
f 1229// 1228// 1230//
f 1229// 1230// 1231//
f 1231// 1230// 1232//
f 1231// 1232// 1233//
f 1233// 1232// 1234//
f 1233// 1234// 1235//
f 1235// 1234// 1236//
f 1235// 1236// 1237//
f 1237// 1236// 1238//
f 1237// 1238// 1239//
f 1239// 1238// 1240//
f 1239// 1240// 1241//
f 1241// 1240// 1242//
f 1241// 1242// 1243//
f 1243// 1242// 1244//
f 1243// 1244// 1245//
f 1245// 1244// 1246//
f 1245// 1246// 1247//
f 1247// 1246// 1248//
f 1247// 1248// 1249//
f 1249// 1248// 1250//
f 1249// 1250// 1251//
f 1251// 1250// 1252//
f 1251// 1252// 1253//
f 1253// 1252// 1254//
f 1253// 1254// 1255//
f 1255// 1254// 1256//
f 1255// 1256// 1257//
f 1257// 1256// 1258//
f 1257// 1258// 1259//
f 1259// 1258// 1260//
f 1259// 1260// 1261//
f 1261// 1260// 1262//
f 1261// 1262// 1263//
f 1263// 1262// 1264//
f 1263// 1264// 1265//
f 1265// 1264// 1266//
f 1265// 1266// 1267//
f 1267// 1266// 1268//
f 1267// 1268// 1269//
f 1269// 1268// 1270//
f 1269// 1270// 1271//
f 1272// 1271// 1273//
f 1273// 1271// 1270//
f 1225// 1272// 1227//
f 1227// 1272// 1273//
f 1272// 1225// 1271//
f 1271// 1225// 1224//
f 1224// 1229// 1271//
f 1271// 1229// 1231//
f 1271// 1231// 1233//
f 1233// 1235// 1271//
f 1271// 1235// 1237//
f 1271// 1237// 1239//
f 1239// 1241// 1271//
f 1271// 1241// 1243//
f 1271// 1243// 1245//
f 1245// 1247// 1271//
f 1271// 1247// 1249//
f 1271// 1249// 1251//
f 1267// 1255// 1265//
f 1265// 1255// 1257//
f 1257// 1259// 1265//
f 1265// 1259// 1261//
f 1265// 1261// 1263//
f 1251// 1253// 1271//
f 1271// 1253// 1255//
f 1271// 1255// 1269//
f 1269// 1255// 1267//
f 1227// 1273// 1226//
f 1226// 1273// 1270//
f 1270// 1268// 1226//
f 1226// 1268// 1266//
f 1226// 1266// 1264//
f 1264// 1262// 1226//
f 1226// 1262// 1260//
f 1226// 1260// 1258//
f 1258// 1256// 1226//
f 1226// 1256// 1254//
f 1226// 1254// 1252//
f 1252// 1250// 1226//
f 1226// 1250// 1248//
f 1226// 1248// 1246//
f 1230// 1242// 1232//
f 1232// 1242// 1240//
f 1240// 1238// 1232//
f 1232// 1238// 1236//
f 1232// 1236// 1234//
f 1246// 1244// 1226//
f 1226// 1244// 1242//
f 1226// 1242// 1228//
f 1228// 1242// 1230//
f 1274// 1275// 1276//
f 1276// 1275// 1277//
f 1274// 1276// 1278//
f 1274// 1278// 1279//
f 1279// 1278// 1280//
f 1279// 1280// 1281//
f 1281// 1280// 1282//
f 1281// 1282// 1283//
f 1283// 1282// 1284//
f 1283// 1284// 1285//
f 1285// 1284// 1286//
f 1285// 1286// 1287//
f 1287// 1286// 1288//
f 1287// 1288// 1289//
f 1289// 1288// 1290//
f 1289// 1290// 1291//
f 1291// 1290// 1292//
f 1291// 1292// 1293//
f 1293// 1292// 1294//
f 1293// 1294// 1295//
f 1295// 1294// 1296//
f 1295// 1296// 1297//
f 1297// 1296// 1298//
f 1297// 1298// 1299//
f 1299// 1298// 1300//
f 1299// 1300// 1301//
f 1301// 1300// 1302//
f 1301// 1302// 1303//
f 1303// 1302// 1304//
f 1303// 1304// 1305//
f 1305// 1304// 1306//
f 1305// 1306// 1307//
f 1307// 1306// 1308//
f 1307// 1308// 1309//
f 1309// 1308// 1310//
f 1309// 1310// 1311//
f 1311// 1310// 1312//
f 1311// 1312// 1313//
f 1313// 1312// 1314//
f 1313// 1314// 1315//
f 1315// 1314// 1316//
f 1315// 1316// 1317//
f 1317// 1316// 1318//
f 1317// 1318// 1319//
f 1319// 1318// 1320//
f 1319// 1320// 1321//
f 1322// 1321// 1323//
f 1323// 1321// 1320//
f 1275// 1322// 1277//
f 1277// 1322// 1323//
f 1322// 1275// 1321//
f 1321// 1275// 1274//
f 1295// 1297// 1321//
f 1274// 1279// 1321//
f 1321// 1279// 1281//
f 1321// 1281// 1283//
f 1297// 1299// 1321//
f 1321// 1299// 1301//
f 1321// 1301// 1319//
f 1319// 1301// 1317//
f 1283// 1285// 1321//
f 1321// 1285// 1287//
f 1321// 1287// 1289//
f 1289// 1291// 1321//
f 1321// 1291// 1293//
f 1321// 1293// 1295//
f 1317// 1301// 1315//
f 1315// 1301// 1303//
f 1315// 1303// 1305//
f 1305// 1307// 1315//
f 1315// 1307// 1309//
f 1315// 1309// 1313//
f 1313// 1309// 1311//
f 1288// 1286// 1320//
f 1286// 1284// 1320//
f 1320// 1284// 1282//
f 1320// 1282// 1280//
f 1277// 1323// 1276//
f 1276// 1323// 1320//
f 1276// 1320// 1278//
f 1278// 1320// 1280//
f 1296// 1318// 1298//
f 1298// 1318// 1300//
f 1296// 1294// 1318//
f 1318// 1294// 1292//
f 1318// 1292// 1320//
f 1320// 1292// 1290//
f 1320// 1290// 1288//
f 1312// 1310// 1308//
f 1318// 1316// 1300//
f 1300// 1316// 1314//
f 1300// 1314// 1302//
f 1302// 1314// 1304//
f 1312// 1308// 1314//
f 1314// 1308// 1306//
f 1314// 1306// 1304//
f 1324// 1325// 1326//
f 1326// 1325// 1327//
f 1324// 1326// 1328//
f 1324// 1328// 1329//
f 1329// 1328// 1330//
f 1329// 1330// 1331//
f 1331// 1330// 1332//
f 1331// 1332// 1333//
f 1333// 1332// 1334//
f 1333// 1334// 1335//
f 1335// 1334// 1336//
f 1335// 1336// 1337//
f 1337// 1336// 1338//
f 1337// 1338// 1339//
f 1339// 1338// 1340//
f 1339// 1340// 1341//
f 1341// 1340// 1342//
f 1341// 1342// 1343//
f 1343// 1342// 1344//
f 1343// 1344// 1345//
f 1345// 1344// 1346//
f 1345// 1346// 1347//
f 1347// 1346// 1348//
f 1347// 1348// 1349//
f 1349// 1348// 1350//
f 1349// 1350// 1351//
f 1351// 1350// 1352//
f 1351// 1352// 1353//
f 1353// 1352// 1354//
f 1353// 1354// 1355//
f 1355// 1354// 1356//
f 1355// 1356// 1357//
f 1357// 1356// 1358//
f 1357// 1358// 1359//
f 1359// 1358// 1360//
f 1359// 1360// 1361//
f 1361// 1360// 1362//
f 1361// 1362// 1363//
f 1363// 1362// 1364//
f 1363// 1364// 1365//
f 1365// 1364// 1366//
f 1365// 1366// 1367//
f 1367// 1366// 1368//
f 1367// 1368// 1369//
f 1369// 1368// 1370//
f 1369// 1370// 1371//
f 1372// 1371// 1373//
f 1373// 1371// 1370//
f 1325// 1372// 1327//
f 1327// 1372// 1373//
f 1372// 1325// 1371//
f 1371// 1325// 1324//
f 1371// 1324// 1369//
f 1324// 1329// 1369//
f 1369// 1329// 1331//
f 1369// 1331// 1333//
f 1339// 1341// 1369//
f 1369// 1341// 1343//
f 1369// 1343// 1345//
f 1345// 1347// 1369//
f 1369// 1347// 1349//
f 1369// 1349// 1351//
f 1333// 1335// 1369//
f 1369// 1335// 1337//
f 1369// 1337// 1339//
f 1353// 1365// 1351//
f 1351// 1365// 1367//
f 1351// 1367// 1369//
f 1357// 1359// 1361//
f 1353// 1355// 1365//
f 1365// 1355// 1357//
f 1365// 1357// 1363//
f 1363// 1357// 1361//
f 1344// 1342// 1368//
f 1338// 1336// 1370//
f 1368// 1342// 1370//
f 1370// 1342// 1340//
f 1370// 1340// 1338//
f 1327// 1373// 1326//
f 1326// 1373// 1370//
f 1326// 1370// 1328//
f 1328// 1370// 1330//
f 1350// 1348// 1368//
f 1368// 1348// 1346//
f 1368// 1346// 1344//
f 1336// 1334// 1370//
f 1370// 1334// 1332//
f 1370// 1332// 1330//
f 1360// 1358// 1356//
f 1368// 1366// 1350//
f 1350// 1366// 1364//
f 1350// 1364// 1352//
f 1352// 1364// 1354//
f 1354// 1364// 1356//
f 1356// 1364// 1362//
f 1356// 1362// 1360//
f 1374// 1375// 1376//
f 1376// 1375// 1377//
f 1374// 1376// 1378//
f 1374// 1378// 1379//
f 1379// 1378// 1380//
f 1379// 1380// 1381//
f 1381// 1380// 1382//
f 1381// 1382// 1383//
f 1383// 1382// 1384//
f 1383// 1384// 1385//
f 1385// 1384// 1386//
f 1385// 1386// 1387//
f 1387// 1386// 1388//
f 1387// 1388// 1389//
f 1389// 1388// 1390//
f 1389// 1390// 1391//
f 1391// 1390// 1392//
f 1391// 1392// 1393//
f 1393// 1392// 1394//
f 1393// 1394// 1395//
f 1395// 1394// 1396//
f 1395// 1396// 1397//
f 1397// 1396// 1398//
f 1397// 1398// 1399//
f 1399// 1398// 1400//
f 1399// 1400// 1401//
f 1401// 1400// 1402//
f 1401// 1402// 1403//
f 1403// 1402// 1404//
f 1403// 1404// 1405//
f 1405// 1404// 1406//
f 1405// 1406// 1407//
f 1407// 1406// 1408//
f 1407// 1408// 1409//
f 1409// 1408// 1410//
f 1409// 1410// 1411//
f 1411// 1410// 1412//
f 1411// 1412// 1413//
f 1413// 1412// 1414//
f 1413// 1414// 1415//
f 1415// 1414// 1416//
f 1415// 1416// 1417//
f 1417// 1416// 1418//
f 1417// 1418// 1419//
f 1419// 1418// 1420//
f 1419// 1420// 1421//
f 1422// 1421// 1423//
f 1423// 1421// 1420//
f 1375// 1422// 1377//
f 1377// 1422// 1423//
f 1422// 1375// 1421//
f 1421// 1375// 1374//
f 1395// 1397// 1421//
f 1383// 1385// 1421//
f 1421// 1385// 1387//
f 1421// 1387// 1389//
f 1389// 1391// 1421//
f 1421// 1391// 1393//
f 1421// 1393// 1395//
f 1374// 1379// 1421//
f 1421// 1379// 1381//
f 1421// 1381// 1383//
f 1397// 1399// 1421//
f 1421// 1399// 1401//
f 1421// 1401// 1403//
f 1403// 1405// 1421//
f 1421// 1405// 1407//
f 1421// 1407// 1409//
f 1409// 1411// 1421//
f 1421// 1411// 1413//
f 1421// 1413// 1419//
f 1419// 1413// 1415//
f 1419// 1415// 1417//
f 1394// 1392// 1420//
f 1402// 1400// 1420//
f 1400// 1398// 1420//
f 1420// 1398// 1396//
f 1420// 1396// 1394//
f 1392// 1390// 1420//
f 1420// 1390// 1388//
f 1420// 1388// 1386//
f 1386// 1384// 1420//
f 1420// 1384// 1382//
f 1420// 1382// 1380//
f 1377// 1423// 1376//
f 1376// 1423// 1420//
f 1376// 1420// 1378//
f 1378// 1420// 1380//
f 1416// 1414// 1418//
f 1418// 1414// 1412//
f 1418// 1412// 1410//
f 1410// 1408// 1418//
f 1418// 1408// 1406//
f 1418// 1406// 1420//
f 1420// 1406// 1404//
f 1420// 1404// 1402//
f 1424// 1425// 1426//
f 1426// 1425// 1427//
f 1424// 1426// 1428//
f 1424// 1428// 1429//
f 1429// 1428// 1430//
f 1429// 1430// 1431//
f 1431// 1430// 1432//
f 1431// 1432// 1433//
f 1433// 1432// 1434//
f 1433// 1434// 1435//
f 1435// 1434// 1436//
f 1435// 1436// 1437//
f 1437// 1436// 1438//
f 1437// 1438// 1439//
f 1439// 1438// 1440//
f 1439// 1440// 1441//
f 1441// 1440// 1442//
f 1441// 1442// 1443//
f 1443// 1442// 1444//
f 1443// 1444// 1445//
f 1445// 1444// 1446//
f 1445// 1446// 1447//
f 1447// 1446// 1448//
f 1447// 1448// 1449//
f 1449// 1448// 1450//
f 1449// 1450// 1451//
f 1451// 1450// 1452//
f 1451// 1452// 1453//
f 1453// 1452// 1454//
f 1453// 1454// 1455//
f 1455// 1454// 1456//
f 1455// 1456// 1457//
f 1457// 1456// 1458//
f 1457// 1458// 1459//
f 1459// 1458// 1460//
f 1459// 1460// 1461//
f 1461// 1460// 1462//
f 1461// 1462// 1463//
f 1463// 1462// 1464//
f 1463// 1464// 1465//
f 1465// 1464// 1466//
f 1465// 1466// 1467//
f 1467// 1466// 1468//
f 1467// 1468// 1469//
f 1469// 1468// 1470//
f 1469// 1470// 1471//
f 1472// 1471// 1473//
f 1473// 1471// 1470//
f 1425// 1472// 1427//
f 1427// 1472// 1473//
f 1472// 1425// 1471//
f 1471// 1425// 1424//
f 1445// 1447// 1463//
f 1424// 1429// 1471//
f 1471// 1429// 1431//
f 1471// 1431// 1433//
f 1433// 1435// 1471//
f 1471// 1435// 1437//
f 1471// 1437// 1439//
f 1445// 1463// 1443//
f 1443// 1463// 1465//
f 1443// 1465// 1467//
f 1467// 1469// 1443//
f 1443// 1469// 1471//
f 1443// 1471// 1441//
f 1441// 1471// 1439//
f 1447// 1449// 1463//
f 1463// 1449// 1451//
f 1463// 1451// 1453//
f 1459// 1461// 1457//
f 1457// 1461// 1463//
f 1457// 1463// 1455//
f 1455// 1463// 1453//
f 1427// 1473// 1426//
f 1426// 1473// 1470//
f 1442// 1468// 1466//
f 1452// 1450// 1462//
f 1438// 1436// 1470//
f 1470// 1436// 1434//
f 1470// 1434// 1432//
f 1432// 1430// 1470//
f 1470// 1430// 1428//
f 1470// 1428// 1426//
f 1466// 1464// 1442//
f 1442// 1464// 1462//
f 1442// 1462// 1444//
f 1460// 1458// 1456//
f 1450// 1448// 1462//
f 1462// 1448// 1446//
f 1462// 1446// 1444//
f 1468// 1442// 1470//
f 1470// 1442// 1440//
f 1470// 1440// 1438//
f 1460// 1456// 1462//
f 1462// 1456// 1454//
f 1462// 1454// 1452//
f 1474// 1475// 1476//
f 1476// 1475// 1477//
f 1474// 1476// 1478//
f 1474// 1478// 1479//
f 1479// 1478// 1480//
f 1479// 1480// 1481//
f 1481// 1480// 1482//
f 1481// 1482// 1483//
f 1483// 1482// 1484//
f 1483// 1484// 1485//
f 1485// 1484// 1486//
f 1485// 1486// 1487//
f 1487// 1486// 1488//
f 1487// 1488// 1489//
f 1489// 1488// 1490//
f 1489// 1490// 1491//
f 1491// 1490// 1492//
f 1491// 1492// 1493//
f 1493// 1492// 1494//
f 1493// 1494// 1495//
f 1495// 1494// 1496//
f 1495// 1496// 1497//
f 1497// 1496// 1498//
f 1497// 1498// 1499//
f 1499// 1498// 1500//
f 1499// 1500// 1501//
f 1501// 1500// 1502//
f 1501// 1502// 1503//
f 1503// 1502// 1504//
f 1503// 1504// 1505//
f 1505// 1504// 1506//
f 1505// 1506// 1507//
f 1507// 1506// 1508//
f 1507// 1508// 1509//
f 1509// 1508// 1510//
f 1509// 1510// 1511//
f 1511// 1510// 1512//
f 1511// 1512// 1513//
f 1513// 1512// 1514//
f 1513// 1514// 1515//
f 1515// 1514// 1516//
f 1515// 1516// 1517//
f 1517// 1516// 1518//
f 1517// 1518// 1519//
f 1519// 1518// 1520//
f 1519// 1520// 1521//
f 1522// 1521// 1523//
f 1523// 1521// 1520//
f 1475// 1522// 1477//
f 1477// 1522// 1523//
f 1521// 1522// 1475//
f 1495// 1497// 1521//
f 1475// 1474// 1521//
f 1521// 1474// 1479//
f 1521// 1479// 1481//
f 1521// 1487// 1489//
f 1489// 1491// 1521//
f 1521// 1491// 1493//
f 1521// 1493// 1495//
f 1497// 1499// 1521//
f 1521// 1499// 1501//
f 1521// 1501// 1519//
f 1519// 1501// 1517//
f 1481// 1483// 1521//
f 1521// 1483// 1485//
f 1521// 1485// 1487//
f 1503// 1505// 1513//
f 1513// 1505// 1507//
f 1513// 1507// 1511//
f 1511// 1507// 1509//
f 1503// 1513// 1501//
f 1501// 1513// 1515//
f 1501// 1515// 1517//
f 1477// 1523// 1476//
f 1476// 1523// 1520//
f 1476// 1520// 1478//
f 1498// 1496// 1520//
f 1498// 1520// 1500//
f 1500// 1520// 1518//
f 1500// 1518// 1516//
f 1496// 1494// 1520//
f 1520// 1494// 1492//
f 1520// 1492// 1490//
f 1490// 1488// 1520//
f 1520// 1488// 1486//
f 1520// 1486// 1484//
f 1504// 1502// 1512//
f 1512// 1502// 1500//
f 1512// 1500// 1514//
f 1514// 1500// 1516//
f 1504// 1512// 1506//
f 1506// 1512// 1510//
f 1506// 1510// 1508//
f 1484// 1482// 1520//
f 1520// 1482// 1480//
f 1520// 1480// 1478//
f 1524// 1525// 1526//
f 1526// 1525// 1527//
f 1524// 1526// 1528//
f 1524// 1528// 1529//
f 1529// 1528// 1530//
f 1529// 1530// 1531//
f 1531// 1530// 1532//
f 1531// 1532// 1533//
f 1533// 1532// 1534//
f 1533// 1534// 1535//
f 1535// 1534// 1536//
f 1535// 1536// 1537//
f 1537// 1536// 1538//
f 1537// 1538// 1539//
f 1539// 1538// 1540//
f 1539// 1540// 1541//
f 1541// 1540// 1542//
f 1541// 1542// 1543//
f 1543// 1542// 1544//
f 1543// 1544// 1545//
f 1545// 1544// 1546//
f 1545// 1546// 1547//
f 1547// 1546// 1548//
f 1547// 1548// 1549//
f 1549// 1548// 1550//
f 1549// 1550// 1551//
f 1551// 1550// 1552//
f 1551// 1552// 1553//
f 1553// 1552// 1554//
f 1553// 1554// 1555//
f 1555// 1554// 1556//
f 1555// 1556// 1557//
f 1557// 1556// 1558//
f 1557// 1558// 1559//
f 1559// 1558// 1560//
f 1559// 1560// 1561//
f 1561// 1560// 1562//
f 1561// 1562// 1563//
f 1563// 1562// 1564//
f 1563// 1564// 1565//
f 1565// 1564// 1566//
f 1565// 1566// 1567//
f 1567// 1566// 1568//
f 1567// 1568// 1569//
f 1569// 1568// 1570//
f 1569// 1570// 1571//
f 1572// 1571// 1573//
f 1573// 1571// 1570//
f 1525// 1572// 1527//
f 1527// 1572// 1573//
f 1572// 1525// 1571//
f 1571// 1525// 1524//
f 1524// 1529// 1571//
f 1571// 1529// 1531//
f 1571// 1531// 1533//
f 1533// 1535// 1571//
f 1571// 1535// 1537//
f 1571// 1537// 1539//
f 1539// 1541// 1571//
f 1571// 1541// 1543//
f 1571// 1543// 1545//
f 1545// 1547// 1571//
f 1571// 1547// 1549//
f 1571// 1549// 1551//
f 1567// 1555// 1565//
f 1565// 1555// 1557//
f 1557// 1559// 1565//
f 1565// 1559// 1561//
f 1565// 1561// 1563//
f 1551// 1553// 1571//
f 1571// 1553// 1555//
f 1571// 1555// 1569//
f 1569// 1555// 1567//
f 1527// 1573// 1526//
f 1526// 1573// 1570//
f 1570// 1568// 1526//
f 1526// 1568// 1566//
f 1526// 1566// 1564//
f 1564// 1562// 1526//
f 1526// 1562// 1560//
f 1526// 1560// 1558//
f 1558// 1556// 1526//
f 1526// 1556// 1554//
f 1526// 1554// 1552//
f 1552// 1550// 1526//
f 1526// 1550// 1548//
f 1526// 1548// 1546//
f 1530// 1542// 1532//
f 1532// 1542// 1540//
f 1540// 1538// 1532//
f 1532// 1538// 1536//
f 1532// 1536// 1534//
f 1546// 1544// 1526//
f 1526// 1544// 1542//
f 1526// 1542// 1528//
f 1528// 1542// 1530//
f 1574// 1575// 1576//
f 1576// 1575// 1577//
f 1574// 1576// 1578//
f 1574// 1578// 1579//
f 1579// 1578// 1580//
f 1579// 1580// 1581//
f 1581// 1580// 1582//
f 1581// 1582// 1583//
f 1583// 1582// 1584//
f 1583// 1584// 1585//
f 1585// 1584// 1586//
f 1585// 1586// 1587//
f 1587// 1586// 1588//
f 1587// 1588// 1589//
f 1589// 1588// 1590//
f 1589// 1590// 1591//
f 1591// 1590// 1592//
f 1591// 1592// 1593//
f 1593// 1592// 1594//
f 1593// 1594// 1595//
f 1595// 1594// 1596//
f 1595// 1596// 1597//
f 1597// 1596// 1598//
f 1597// 1598// 1599//
f 1599// 1598// 1600//
f 1599// 1600// 1601//
f 1601// 1600// 1602//
f 1601// 1602// 1603//
f 1603// 1602// 1604//
f 1603// 1604// 1605//
f 1605// 1604// 1606//
f 1605// 1606// 1607//
f 1607// 1606// 1608//
f 1607// 1608// 1609//
f 1609// 1608// 1610//
f 1609// 1610// 1611//
f 1611// 1610// 1612//
f 1611// 1612// 1613//
f 1613// 1612// 1614//
f 1613// 1614// 1615//
f 1615// 1614// 1616//
f 1615// 1616// 1617//
f 1617// 1616// 1618//
f 1617// 1618// 1619//
f 1619// 1618// 1620//
f 1619// 1620// 1621//
f 1622// 1621// 1623//
f 1623// 1621// 1620//
f 1575// 1622// 1577//
f 1577// 1622// 1623//
f 1603// 1605// 1589//
f 1622// 1575// 1621//
f 1621// 1575// 1574//
f 1621// 1574// 1579//
f 1583// 1585// 1605//
f 1605// 1585// 1587//
f 1605// 1587// 1589//
f 1605// 1607// 1583//
f 1583// 1607// 1609//
f 1583// 1609// 1611//
f 1579// 1581// 1621//
f 1621// 1581// 1583//
f 1621// 1583// 1619//
f 1619// 1583// 1617//
f 1591// 1593// 1599//
f 1599// 1593// 1595//
f 1599// 1595// 1597//
f 1591// 1599// 1589//
f 1589// 1599// 1601//
f 1589// 1601// 1603//
f 1611// 1613// 1583//
f 1583// 1613// 1615//
f 1583// 1615// 1617//
f 1577// 1623// 1576//
f 1576// 1623// 1620//
f 1620// 1618// 1576//
f 1576// 1618// 1616//
f 1576// 1616// 1614//
f 1614// 1612// 1576//
f 1576// 1612// 1610//
f 1576// 1610// 1608//
f 1608// 1606// 1576//
f 1576// 1606// 1604//
f 1576// 1604// 1578//
f 1578// 1604// 1580//
f 1586// 1604// 1588//
f 1588// 1604// 1602//
f 1586// 1584// 1604//
f 1604// 1584// 1582//
f 1604// 1582// 1580//
f 1592// 1598// 1594//
f 1594// 1598// 1596//
f 1602// 1600// 1588//
f 1588// 1600// 1598//
f 1588// 1598// 1590//
f 1590// 1598// 1592//
f 1624// 1625// 1626//
f 1626// 1625// 1627//
f 1624// 1626// 1628//
f 1624// 1628// 1629//
f 1629// 1628// 1630//
f 1629// 1630// 1631//
f 1631// 1630// 1632//
f 1631// 1632// 1633//
f 1633// 1632// 1634//
f 1633// 1634// 1635//
f 1635// 1634// 1636//
f 1635// 1636// 1637//
f 1637// 1636// 1638//
f 1637// 1638// 1639//
f 1639// 1638// 1640//
f 1639// 1640// 1641//
f 1641// 1640// 1642//
f 1641// 1642// 1643//
f 1643// 1642// 1644//
f 1643// 1644// 1645//
f 1645// 1644// 1646//
f 1645// 1646// 1647//
f 1647// 1646// 1648//
f 1647// 1648// 1649//
f 1649// 1648// 1650//
f 1649// 1650// 1651//
f 1651// 1650// 1652//
f 1651// 1652// 1653//
f 1653// 1652// 1654//
f 1653// 1654// 1655//
f 1655// 1654// 1656//
f 1655// 1656// 1657//
f 1657// 1656// 1658//
f 1657// 1658// 1659//
f 1659// 1658// 1660//
f 1659// 1660// 1661//
f 1661// 1660// 1662//
f 1661// 1662// 1663//
f 1663// 1662// 1664//
f 1663// 1664// 1665//
f 1665// 1664// 1666//
f 1665// 1666// 1667//
f 1667// 1666// 1668//
f 1667// 1668// 1669//
f 1669// 1668// 1670//
f 1669// 1670// 1671//
f 1672// 1671// 1673//
f 1673// 1671// 1670//
f 1625// 1672// 1627//
f 1627// 1672// 1673//
f 1672// 1625// 1671//
f 1671// 1625// 1624//
f 1671// 1624// 1669//
f 1669// 1624// 1667//
f 1639// 1641// 1624//
f 1624// 1641// 1643//
f 1643// 1645// 1624//
f 1624// 1645// 1647//
f 1624// 1647// 1649//
f 1655// 1657// 1624//
f 1624// 1657// 1659//
f 1624// 1659// 1661//
f 1661// 1663// 1624//
f 1624// 1663// 1665//
f 1624// 1665// 1667//
f 1631// 1633// 1629//
f 1629// 1633// 1635//
f 1629// 1635// 1624//
f 1624// 1635// 1637//
f 1624// 1637// 1639//
f 1649// 1651// 1624//
f 1624// 1651// 1653//
f 1624// 1653// 1655//
f 1627// 1673// 1626//
f 1626// 1673// 1670//
f 1670// 1668// 1626//
f 1626// 1668// 1666//
f 1626// 1666// 1664//
f 1646// 1644// 1626//
f 1664// 1662// 1626//
f 1626// 1662// 1660//
f 1626// 1660// 1658//
f 1658// 1656// 1626//
f 1626// 1656// 1654//
f 1626// 1654// 1652//
f 1644// 1642// 1626//
f 1626// 1642// 1640//
f 1626// 1640// 1638//
f 1652// 1650// 1626//
f 1626// 1650// 1648//
f 1626// 1648// 1646//
f 1638// 1636// 1626//
f 1626// 1636// 1634//
f 1626// 1634// 1628//
f 1628// 1634// 1632//
f 1628// 1632// 1630//
f 1674// 1675// 1676//
f 1676// 1675// 1677//
f 1674// 1676// 1678//
f 1674// 1678// 1679//
f 1679// 1678// 1680//
f 1679// 1680// 1681//
f 1681// 1680// 1682//
f 1681// 1682// 1683//
f 1683// 1682// 1684//
f 1683// 1684// 1685//
f 1685// 1684// 1686//
f 1685// 1686// 1687//
f 1687// 1686// 1688//
f 1687// 1688// 1689//
f 1689// 1688// 1690//
f 1689// 1690// 1691//
f 1691// 1690// 1692//
f 1691// 1692// 1693//
f 1693// 1692// 1694//
f 1693// 1694// 1695//
f 1695// 1694// 1696//
f 1695// 1696// 1697//
f 1697// 1696// 1698//
f 1697// 1698// 1699//
f 1699// 1698// 1700//
f 1699// 1700// 1701//
f 1701// 1700// 1702//
f 1701// 1702// 1703//
f 1703// 1702// 1704//
f 1703// 1704// 1705//
f 1705// 1704// 1706//
f 1705// 1706// 1707//
f 1707// 1706// 1708//
f 1707// 1708// 1709//
f 1709// 1708// 1710//
f 1709// 1710// 1711//
f 1711// 1710// 1712//
f 1711// 1712// 1713//
f 1713// 1712// 1714//
f 1713// 1714// 1715//
f 1715// 1714// 1716//
f 1715// 1716// 1717//
f 1717// 1716// 1718//
f 1717// 1718// 1719//
f 1719// 1718// 1720//
f 1719// 1720// 1721//
f 1722// 1721// 1723//
f 1723// 1721// 1720//
f 1675// 1722// 1677//
f 1677// 1722// 1723//
f 1722// 1675// 1721//
f 1721// 1675// 1674//
f 1721// 1674// 1719//
f 1705// 1707// 1674//
f 1687// 1689// 1674//
f 1674// 1689// 1691//
f 1674// 1691// 1693//
f 1693// 1695// 1674//
f 1674// 1695// 1697//
f 1674// 1697// 1699//
f 1674// 1679// 1681//
f 1699// 1701// 1674//
f 1674// 1701// 1703//
f 1674// 1703// 1705//
f 1707// 1709// 1674//
f 1674// 1709// 1711//
f 1674// 1711// 1713//
f 1681// 1683// 1674//
f 1674// 1683// 1685//
f 1674// 1685// 1687//
f 1713// 1715// 1674//
f 1674// 1715// 1717//
f 1674// 1717// 1719//
f 1676// 1677// 1723//
f 1696// 1694// 1676//
f 1710// 1708// 1676//
f 1708// 1706// 1676//
f 1676// 1706// 1704//
f 1676// 1704// 1702//
f 1694// 1692// 1676//
f 1676// 1692// 1690//
f 1676// 1690// 1688//
f 1723// 1720// 1676//
f 1676// 1720// 1718//
f 1676// 1718// 1716//
f 1702// 1700// 1676//
f 1676// 1700// 1698//
f 1676// 1698// 1696//
f 1684// 1682// 1680//
f 1716// 1714// 1676//
f 1676// 1714// 1712//
f 1676// 1712// 1710//
f 1688// 1686// 1676//
f 1676// 1686// 1684//
f 1676// 1684// 1678//
f 1678// 1684// 1680//
f 1724// 1725// 1726//
f 1726// 1725// 1727//
f 1724// 1726// 1728//
f 1724// 1728// 1729//
f 1729// 1728// 1730//
f 1729// 1730// 1731//
f 1731// 1730// 1732//
f 1731// 1732// 1733//
f 1733// 1732// 1734//
f 1733// 1734// 1735//
f 1735// 1734// 1736//
f 1735// 1736// 1737//
f 1737// 1736// 1738//
f 1737// 1738// 1739//
f 1739// 1738// 1740//
f 1739// 1740// 1741//
f 1741// 1740// 1742//
f 1741// 1742// 1743//
f 1743// 1742// 1744//
f 1743// 1744// 1745//
f 1745// 1744// 1746//
f 1745// 1746// 1747//
f 1747// 1746// 1748//
f 1747// 1748// 1749//
f 1749// 1748// 1750//
f 1749// 1750// 1751//
f 1751// 1750// 1752//
f 1751// 1752// 1753//
f 1753// 1752// 1754//
f 1753// 1754// 1755//
f 1755// 1754// 1756//
f 1755// 1756// 1757//
f 1757// 1756// 1758//
f 1757// 1758// 1759//
f 1759// 1758// 1760//
f 1759// 1760// 1761//
f 1761// 1760// 1762//
f 1761// 1762// 1763//
f 1763// 1762// 1764//
f 1763// 1764// 1765//
f 1765// 1764// 1766//
f 1765// 1766// 1767//
f 1767// 1766// 1768//
f 1767// 1768// 1769//
f 1769// 1768// 1770//
f 1769// 1770// 1771//
f 1772// 1771// 1773//
f 1773// 1771// 1770//
f 1725// 1772// 1727//
f 1727// 1772// 1773//
f 1772// 1725// 1771//
f 1771// 1725// 1724//
f 1724// 1729// 1771//
f 1771// 1729// 1731//
f 1771// 1731// 1733//
f 1751// 1753// 1771//
f 1733// 1735// 1771//
f 1771// 1735// 1737//
f 1771// 1737// 1739//
f 1739// 1741// 1771//
f 1771// 1741// 1743//
f 1771// 1743// 1745//
f 1753// 1755// 1771//
f 1771// 1755// 1757//
f 1771// 1757// 1759//
f 1745// 1747// 1771//
f 1771// 1747// 1749//
f 1771// 1749// 1751//
f 1759// 1761// 1771//
f 1771// 1761// 1763//
f 1771// 1763// 1769//
f 1769// 1763// 1765//
f 1769// 1765// 1767//
f 1727// 1773// 1726//
f 1726// 1773// 1770//
f 1726// 1770// 1728//
f 1728// 1770// 1730//
f 1758// 1756// 1770//
f 1770// 1756// 1754//
f 1754// 1752// 1770//
f 1770// 1752// 1750//
f 1770// 1750// 1748//
f 1742// 1740// 1770//
f 1770// 1740// 1738//
f 1770// 1738// 1736//
f 1736// 1734// 1770//
f 1770// 1734// 1732//
f 1770// 1732// 1730//
f 1766// 1764// 1768//
f 1768// 1764// 1762//
f 1768// 1762// 1770//
f 1770// 1762// 1760//
f 1770// 1760// 1758//
f 1748// 1746// 1770//
f 1770// 1746// 1744//
f 1770// 1744// 1742//
f 1774// 1775// 1776//
f 1776// 1775// 1777//
f 1774// 1776// 1778//
f 1774// 1778// 1779//
f 1779// 1778// 1780//
f 1779// 1780// 1781//
f 1781// 1780// 1782//
f 1781// 1782// 1783//
f 1783// 1782// 1784//
f 1783// 1784// 1785//
f 1785// 1784// 1786//
f 1785// 1786// 1787//
f 1787// 1786// 1788//
f 1787// 1788// 1789//
f 1789// 1788// 1790//
f 1789// 1790// 1791//
f 1791// 1790// 1792//
f 1791// 1792// 1793//
f 1793// 1792// 1794//
f 1793// 1794// 1795//
f 1795// 1794// 1796//
f 1795// 1796// 1797//
f 1797// 1796// 1798//
f 1797// 1798// 1799//
f 1799// 1798// 1800//
f 1799// 1800// 1801//
f 1801// 1800// 1802//
f 1801// 1802// 1803//
f 1803// 1802// 1804//
f 1803// 1804// 1805//
f 1805// 1804// 1806//
f 1805// 1806// 1807//
f 1807// 1806// 1808//
f 1807// 1808// 1809//
f 1809// 1808// 1810//
f 1809// 1810// 1811//
f 1811// 1810// 1812//
f 1811// 1812// 1813//
f 1813// 1812// 1814//
f 1813// 1814// 1815//
f 1815// 1814// 1816//
f 1815// 1816// 1817//
f 1817// 1816// 1818//
f 1817// 1818// 1819//
f 1819// 1818// 1820//
f 1819// 1820// 1821//
f 1822// 1821// 1823//
f 1823// 1821// 1820//
f 1775// 1822// 1777//
f 1777// 1822// 1823//
f 1822// 1775// 1821//
f 1821// 1775// 1774//
f 1774// 1779// 1821//
f 1821// 1779// 1781//
f 1821// 1781// 1783//
f 1783// 1785// 1821//
f 1821// 1785// 1787//
f 1821// 1787// 1789//
f 1789// 1791// 1821//
f 1821// 1791// 1793//
f 1821// 1793// 1819//
f 1819// 1793// 1817//
f 1811// 1793// 1809//
f 1809// 1793// 1795//
f 1811// 1813// 1793//
f 1793// 1813// 1815//
f 1793// 1815// 1817//
f 1805// 1799// 1803//
f 1803// 1799// 1801//
f 1795// 1797// 1809//
f 1809// 1797// 1799//
f 1809// 1799// 1807//
f 1807// 1799// 1805//
f 1794// 1792// 1808//
f 1777// 1823// 1776//
f 1776// 1823// 1820//
f 1776// 1820// 1818//
f 1814// 1812// 1792//
f 1792// 1812// 1810//
f 1792// 1810// 1808//
f 1792// 1790// 1814//
f 1814// 1790// 1788//
f 1814// 1788// 1786//
f 1818// 1816// 1776//
f 1776// 1816// 1814//
f 1776// 1814// 1778//
f 1778// 1814// 1780//
f 1806// 1804// 1798//
f 1798// 1804// 1802//
f 1798// 1802// 1800//
f 1806// 1798// 1808//
f 1808// 1798// 1796//
f 1808// 1796// 1794//
f 1786// 1784// 1814//
f 1814// 1784// 1782//
f 1814// 1782// 1780//
f 1824// 1825// 1826//
f 1826// 1825// 1827//
f 1824// 1826// 1828//
f 1824// 1828// 1829//
f 1829// 1828// 1830//
f 1829// 1830// 1831//
f 1831// 1830// 1832//
f 1831// 1832// 1833//
f 1833// 1832// 1834//
f 1833// 1834// 1835//
f 1835// 1834// 1836//
f 1835// 1836// 1837//
f 1837// 1836// 1838//
f 1837// 1838// 1839//
f 1839// 1838// 1840//
f 1839// 1840// 1841//
f 1841// 1840// 1842//
f 1841// 1842// 1843//
f 1843// 1842// 1844//
f 1843// 1844// 1845//
f 1845// 1844// 1846//
f 1845// 1846// 1847//
f 1847// 1846// 1848//
f 1847// 1848// 1849//
f 1849// 1848// 1850//
f 1849// 1850// 1851//
f 1851// 1850// 1852//
f 1851// 1852// 1853//
f 1853// 1852// 1854//
f 1853// 1854// 1855//
f 1855// 1854// 1856//
f 1855// 1856// 1857//
f 1857// 1856// 1858//
f 1857// 1858// 1859//
f 1859// 1858// 1860//
f 1859// 1860// 1861//
f 1861// 1860// 1862//
f 1861// 1862// 1863//
f 1863// 1862// 1864//
f 1863// 1864// 1865//
f 1865// 1864// 1866//
f 1865// 1866// 1867//
f 1867// 1866// 1868//
f 1867// 1868// 1869//
f 1869// 1868// 1870//
f 1869// 1870// 1871//
f 1872// 1871// 1873//
f 1873// 1871// 1870//
f 1825// 1872// 1827//
f 1827// 1872// 1873//
f 1872// 1825// 1871//
f 1871// 1825// 1824//
f 1824// 1829// 1871//
f 1871// 1829// 1831//
f 1871// 1831// 1833//
f 1833// 1835// 1871//
f 1871// 1835// 1837//
f 1871// 1837// 1839//
f 1839// 1841// 1871//
f 1871// 1841// 1843//
f 1871// 1843// 1845//
f 1845// 1847// 1871//
f 1871// 1847// 1849//
f 1871// 1849// 1851//
f 1867// 1855// 1865//
f 1865// 1855// 1857//
f 1857// 1859// 1865//
f 1865// 1859// 1861//
f 1865// 1861// 1863//
f 1851// 1853// 1871//
f 1871// 1853// 1855//
f 1871// 1855// 1869//
f 1869// 1855// 1867//
f 1827// 1873// 1826//
f 1826// 1873// 1870//
f 1870// 1868// 1826//
f 1826// 1868// 1866//
f 1826// 1866// 1864//
f 1864// 1862// 1826//
f 1826// 1862// 1860//
f 1826// 1860// 1858//
f 1858// 1856// 1826//
f 1826// 1856// 1854//
f 1826// 1854// 1852//
f 1852// 1850// 1826//
f 1826// 1850// 1848//
f 1826// 1848// 1846//
f 1830// 1842// 1832//
f 1832// 1842// 1840//
f 1840// 1838// 1832//
f 1832// 1838// 1836//
f 1832// 1836// 1834//
f 1846// 1844// 1826//
f 1826// 1844// 1842//
f 1826// 1842// 1828//
f 1828// 1842// 1830//
