v 0.16425 0.083984 0.0
v 0.183944 0.081772 0.0
v 0.120997 -0.066172 0.0
newmtl 1
Ka 0.25098039215686274 0.25098039215686274 0.25098039215686274
Kd 0.25098039215686274 0.25098039215686274 0.25098039215686274
Ks 0.12549019607843137 0.12549019607843137 0.12549019607843137
d 0.0
endmtl
v 0.117413 -0.064187 0.0
v 0.117413 -0.086138 0.0
v 0.097901 -0.097723 0.0
v 0.216475 -0.089715 0.0
v 0.283267 -0.096504 0.0
v 0.197091 -0.096387 0.0
v 0.184205 -0.097723 0.0
v 0.139941 0.080826 0.0
v 0.117413 0.071179 0.0
v 0.097901 2.5 0.0
v 0.117413 0.098008 0.0
v 0.198913 0.07637 0.0
v 0.212756 0.067109 0.0
v 0.224834 0.053776 0.0
v 0.239364 0.001362 0.0
v 0.237339 -0.020289 0.0
v 0.231905 -0.037492 0.0
v 0.187401 -0.074899 0.0
v 0.168747 -0.076992 0.0
v 0.201974 -0.069534 0.0
v 0.214249 -0.061261 0.0
v 0.223634 -0.05136 0.0
v 0.142199 -0.074045 0.0
v 0.255638 0.050819 0.0
v 0.243916 0.069518 0.0
v 0.358876 0.103496 0.0
v 0.385706 0.103496 0.0
v 2.5 2.5 0.0
v 0.385706 -0.096504 0.0
v 2.5 -0.097723 0.0
v 0.233079 0.038334 0.0
v 0.23841 0.016923 0.0
v 0.232563 -0.079442 0.0
v 0.247586 -0.063626 0.0
v 0.283267 -0.074553 0.0
v 0.25824 -0.044609 0.0
v 0.358876 -0.074553 0.0
v 0.225859 0.086883 0.0
v 0.206863 0.097818 0.0
v 0.184566 0.104295 0.0
v 0.264259 -0.023439 0.0
v 0.266193 -2.77E-4 0.0
v 0.263316 0.028157 0.0
v 0.164478 0.105935 0.0
v 0.140536 0.104283 0.0
v 0.138732 -0.094891 0.0
v 0.158941 -0.097723 0.0
v 0.097901 -2.5 0.0
v 0.166975 -0.098849 0.0
v 2.5 -2.5 0.0
v 0.172443 -0.098943 0.0
v -0.243563 -0.096504 0.0
v -0.218942 -0.041688 0.0
v -0.207472 -0.059577 0.0
v -0.028929 -0.096504 0.0
v 0.078389 -0.096504 0.0
v 0.078389 0.103496 0.0
v -0.319172 0.103496 0.0
v -0.346002 0.103496 0.0
v -2.5 2.5 0.0
v -0.024051 0.081545 0.0
v 0.051559 0.081545 0.0
v 0.051559 0.015691 0.0
v -0.19101 -0.075339 0.0
v -0.170128 -0.087475 0.0
v -0.147082 -0.094344 0.0
v -2.5 -0.097723 0.0
v -0.024051 0.103496 0.0
v -0.067953 0.103496 0.0
v -0.019172 0.015691 0.0
v -0.019172 -0.00626 0.0
v 0.051559 -0.00626 0.0
v 0.051559 -0.074553 0.0
v -0.028929 -0.074553 0.0
v -0.067953 -0.096504 0.0
v -0.122336 -0.096504 0.0
v -0.42405 -0.096504 0.0
v -0.394782 -0.096504 0.0
v -0.124393 0.103496 0.0
v -0.153288 0.100408 0.0
v -0.176688 0.092191 0.0
v -0.198457 0.077602 0.0
v -0.374546 -0.040406 0.0
v -0.291924 -0.040406 0.0
v -0.272831 -0.096504 0.0
v -0.198666 0.077419 0.0
v -0.212809 0.061736 0.0
v -0.222103 0.044536 0.0
v -0.227475 0.024831 0.0
v -0.228929 0.006011 0.0
v -0.226122 -0.020754 0.0
v -2.5 -2.5 0.0
v 0.02265 -1.352403 0.8
v 0.427528 -1.352403 0.8
v 0.427528 -0.153587 0.8
v 1.763764 -2.5 0.8
v 2.5 -2.5 0.8
v 2.5 -1.352403 0.8
v 0.742162 -2.5 0.8
v 1.763764 -1.352403 0.8
v -2.5 -2.5 0.8
v -1.512344 -2.5 0.8
v -1.512344 -1.352403 0.8
v -0.240765 -0.153587 0.8
v -0.331115 -0.153587 0.8
v -0.260277 -0.204806 0.8
v -0.453923 -0.153882 0.8
v -0.486496 -0.156026 0.8
v -0.689545 -1.352403 0.8
v -0.452548 -0.153587 0.8
v -0.413358 -0.153587 0.8
v -0.422015 -0.147032 0.8
v -0.317696 -0.057372 0.8
v -0.34671 -0.099471 0.8
v -0.393903 0.234981 0.8
v -0.240765 0.251291 0.8
v -0.431718 0.248439 0.8
v -0.457754 0.251291 0.8
v -0.359451 -0.111924 0.8
v -0.373387 -0.123023 0.8
v -0.359122 0.211593 0.8
v -0.329444 0.178184 0.8
v -0.308591 0.138242 0.8
v -0.297253 0.093646 0.8
v -0.294423 0.053578 0.8
v -0.301985 -0.014205 0.8
v -0.631931 0.18567 0.8
v -0.600873 0.216545 0.8
v -0.689545 0.251291 0.8
v -0.563928 0.238151 0.8
v -0.523428 0.24999 0.8
v -0.689545 -0.153587 0.8
v -0.509521 -0.153587 0.8
v -0.53548 -0.150837 0.8
v -0.573067 -0.137911 0.8
v -0.605788 -0.117069 0.8
v -0.634521 -0.087324 0.8
v -0.674911 0.044127 0.8
v -0.669442 0.101926 0.8
v -0.654676 0.148193 0.8
v -0.65668 -0.049983 0.8
v -0.670203 -0.006756 0.8
v 0.926195 -0.153587 0.8
v 0.924547 -0.154037 0.8
v 0.742162 -1.352403 0.8
v 0.962495 0.240133 0.8
v 1.763764 0.251291 0.8
v 0.935442 0.250066 0.8
v 0.924588 0.251291 0.8
v 0.982561 0.22717 0.8
v 0.998167 0.211013 0.8
v 1.010029 0.190795 0.8
v 1.015147 -0.09268 0.8
v 1.000042 -0.114926 0.8
v 1.763764 -0.153587 0.8
v 0.979244 -0.133083 0.8
v 1.005033 0.107128 0.8
v 0.991118 0.088769 0.8
v 0.984114 0.051701 0.8
v 0.970773 0.071667 0.8
v 0.960684 0.065468 0.8
v 1.014576 0.129012 0.8
v 1.017772 0.152282 0.8
v 1.016195 0.170511 0.8
v 1.003073 0.032417 0.8
v 1.01876 0.005438 0.8
v 1.025998 -0.01972 0.8
v 1.027528 -0.038953 0.8
v 1.024006 -0.069002 0.8
v 0.885336 0.252663 0.8
v 0.742162 1.145656 0.8
v 0.879755 0.251291 0.8
v 0.742162 0.251291 0.8
v 1.763764 1.145656 0.8
v 0.902985 0.25373 0.8
v 0.797891 0.033225 0.8
v 0.819986 0.052338 0.8
v 0.788504 0.152282 0.8
v 0.792033 0.178555 0.8
v 0.800786 0.199508 0.8
v 0.814909 0.218615 0.8
v 0.781691 0.010514 0.8
v 0.846126 0.065468 0.8
v 0.820651 0.083622 0.8
v 0.833572 0.234068 0.8
v 0.856193 0.245502 0.8
v 0.832303 -0.141566 0.8
v 0.807494 -0.125354 0.8
v 0.742162 -0.153587 0.8
v 0.790023 -0.106298 0.8
v 0.777011 -0.082577 0.8
v 0.770029 -0.055114 0.8
v 0.768991 -0.038953 0.8
v 0.77261 -0.01179 0.8
v 0.898107 -0.156026 0.8
v 0.875646 -0.153587 0.8
v 0.862298 -0.152137 0.8
v 0.804249 0.102492 0.8
v 0.794174 0.121538 0.8
v 0.78937 0.140178 0.8
v 0.508496 0.23304 0.8
v 0.535562 0.246264 0.8
v 0.427528 0.251291 0.8
v 0.645602 0.241934 0.8
v 0.669831 0.226901 0.8
v 0.68599 0.210283 0.8
v 0.701642 0.109802 0.8
v 0.690449 0.079235 0.8
v 0.715333 -0.107245 0.8
v 0.674369 0.055107 0.8
v 0.636196 0.01887 0.8
v 0.466552 -0.151148 0.8
v 0.466552 -0.131331 0.8
v 0.469992 -0.0936 0.8
v 0.481187 0.1612 0.8
v 0.481187 0.210133 0.8
v 0.479908 -0.064065 0.8
v 0.496122 -0.038818 0.8
v 0.528885 -0.006189 0.8
v 0.696858 0.191722 0.8
v 0.703433 0.17042 0.8
v 0.705577 0.146566 0.8
v 0.57082 0.025524 0.8
v 0.575165 0.028578 0.8
v 0.494744 0.174213 0.8
v 0.715333 -0.151148 0.8
v 0.616171 0.004188 0.8
v 0.553738 -0.041513 0.8
v 0.534463 -0.060549 0.8
v 0.525646 -0.074123 0.8
v 0.520812 -0.088417 0.8
v 0.518991 -0.107245 0.8
v 0.646423 0.097688 0.8
v 0.65428 0.119537 0.8
v 0.522422 0.193708 0.8
v 0.631216 0.075713 0.8
v 0.656796 0.142679 0.8
v 0.655002 0.160012 0.8
v 0.650432 0.173281 0.8
v 0.621728 0.20134 0.8
v 0.602918 0.207635 0.8
v 0.579815 0.209828 0.8
v 0.549815 0.205397 0.8
v 0.643357 0.184479 0.8
v 0.634095 0.193541 0.8
v 0.559357 0.251291 0.8
v 0.567128 0.252933 0.8
v 0.427528 1.145656 0.8
v 0.584693 0.25373 0.8
v 0.610593 0.251291 0.8
v 0.618667 0.250531 0.8
v -0.689545 -2.5 0.8
v -0.240765 -1.352403 0.8
v 0.427528 -2.5 0.8
v 0.02265 -2.5 0.8
v -0.240765 -2.5 0.8
v 0.955166 -0.145661 0.8
v -1.512344 -0.153587 0.8
v 0.02265 -0.153587 0.8
v -0.345719 -0.204806 0.8
v -0.704179 0.20495 0.8
v -0.821252 0.20495 0.8
v -0.874911 -0.151148 0.8
v -0.874911 0.20495 0.8
v -0.987106 0.20495 0.8
v -0.821252 -0.151148 0.8
v -1.512344 0.251291 0.8
v -0.987106 0.248852 0.8
v -0.704179 0.248852 0.8
v -0.016374 0.248852 0.8
v 0.02265 0.251291 0.8
v -0.016374 0.20495 0.8
v -0.167594 0.20495 0.8
v -0.167594 0.068365 0.8
v -0.02613 0.068365 0.8
v -0.02613 0.024462 0.8
v -0.167594 0.024462 0.8
v -0.167594 -0.151148 0.8
v -0.221252 -0.151148 0.8
v -0.221252 0.248852 0.8
v 0.115333 -0.151148 0.8
v 0.061674 -0.151148 0.8
v 0.061674 0.248852 0.8
v 0.115333 0.185438 0.8
v 0.113732 0.185438 0.8
v 0.121398 0.172096 0.8
v 0.115101 0.157486 0.8
v 0.128671 0.159371 0.8
v 0.32486 -0.151148 0.8
v 0.115333 0.129493 0.8
v 0.129967 0.248852 0.8
v 0.334845 0.248852 0.8
v 0.388504 0.248852 0.8
v 0.388504 -0.151148 0.8
v 0.33637 -0.082855 0.8
v 0.337437 -0.082855 0.8
v 0.328668 -0.068903 0.8
v 0.335289 -0.053861 0.8
v 0.320287 -0.05534 0.8
v 0.334845 -0.024776 0.8
v -0.508326 0.251291 0.8
v -0.689545 1.145656 0.8
v -1.512344 1.145656 0.8
v 0.02265 1.145656 0.8
v -0.240765 1.145656 0.8
v -0.480018 0.25373 0.8
v 2.5 -0.153587 0.8
v 2.5 0.251291 0.8
v 2.5 1.145656 0.8
v -2.093791 2.247357 0.8
v -2.070508 2.229492 0.8
v -1.512344 2.5 0.8
v -2.052643 2.206209 0.8
v -2.041412 2.179096 0.8
v -2.037581 2.15 0.8
v -2.041412 2.120904 0.8
v -2.052643 2.093791 0.8
v -2.258588 2.179096 0.8
v -2.247357 2.206209 0.8
v -2.5 2.5 0.8
v -2.229492 2.229492 0.8
v -2.206209 2.247357 0.8
v -2.15 2.037581 0.8
v -2.179096 2.041412 0.8
v -2.5 1.145656 0.8
v -2.206209 2.052643 0.8
v -2.229492 2.070508 0.8
v -2.179096 2.258588 0.8
v -2.15 2.262419 0.8
v -2.120904 2.258588 0.8
v -2.070508 2.070508 0.8
v -2.093791 2.052643 0.8
v -2.120904 2.041412 0.8
v -2.5 -1.352403 0.8
v -2.5 -0.153587 0.8
v -2.5 0.251291 0.8
v -2.247357 2.093791 0.8
v -2.258588 2.120904 0.8
v -2.262419 2.15 0.8
v 2.5 2.5 0.8
v 1.763764 2.5 0.8
v 0.742162 2.5 0.8
v 0.427528 2.5 0.8
v 0.02265 2.5 0.8
v -0.240765 2.5 0.8
v -0.689545 2.5 0.8
v 0.6 -2.5 0.12
v 0.4 -2.5 0.12
v -0.6 -2.5 0.12
v -0.6 -2.5 0.18
v -0.4 -2.5 0.18
v 0.6 -2.5 0.18
v 0.4 -2.5 0.18
v -0.4 -2.5 0.12
v -0.704179 0.248852 0.79
v -0.704179 0.20495 0.79
newmtl 2
Ka 0.6666666666666666 0.6666666666666666 0.6666666666666666
Kd 0.6666666666666666 0.6666666666666666 0.6666666666666666
Ks 0.3333333333333333 0.3333333333333333 0.3333333333333333
d 0.0
endmtl
v -0.821252 0.20495 0.79
v -0.821252 -0.151148 0.79
v -0.874911 -0.151148 0.79
v -0.874911 0.20495 0.79
v -0.987106 0.20495 0.79
v -0.987106 0.248852 0.79
v -2.037581 2.15 0.79
v -2.041412 2.179096 0.79
v -2.052643 2.206209 0.79
v -2.070508 2.229492 0.79
v -2.093791 2.247357 0.79
v -2.120904 2.258588 0.79
v -2.15 2.262419 0.79
v -2.179096 2.258588 0.79
v -2.206209 2.247357 0.79
v -2.229492 2.229492 0.79
v -2.247357 2.206209 0.79
v -2.258588 2.179096 0.79
v -2.262419 2.15 0.79
v -2.258588 2.120904 0.79
v -2.247357 2.093791 0.79
v -2.229492 2.070508 0.79
v -2.206209 2.052643 0.79
v -2.179096 2.041412 0.79
v -2.15 2.037581 0.79
v -2.120904 2.041412 0.79
v -2.093791 2.052643 0.79
v -2.070508 2.070508 0.79
v -2.052643 2.093791 0.79
v -2.041412 2.120904 0.79
v -2.15 2.15 0.79
v 0.898107 -0.156026 0.79
v 0.862298 -0.152137 0.79
v 0.832303 -0.141566 0.79
v 0.807494 -0.125354 0.79
v 0.790023 -0.106298 0.79
v 0.777011 -0.082577 0.79
v 0.770029 -0.055114 0.79
v 0.768991 -0.038953 0.79
v 0.846126 0.065468 0.79
v 0.819986 0.052338 0.79
v 0.797891 0.033225 0.79
v 0.781691 0.010514 0.79
v 0.77261 -0.01179 0.79
v 0.788504 0.152282 0.79
v 0.78937 0.140178 0.79
v 0.794174 0.121538 0.79
v 0.804249 0.102492 0.79
v 0.820651 0.083622 0.79
v 0.902985 0.25373 0.79
v 0.885336 0.252663 0.79
v 0.856193 0.245502 0.79
v 0.833572 0.234068 0.79
v 0.814909 0.218615 0.79
v 0.800786 0.199508 0.79
v 0.792033 0.178555 0.79
v 0.935442 0.250066 0.79
v 0.962495 0.240133 0.79
v 0.982561 0.22717 0.79
v 0.998167 0.211013 0.79
v 1.010029 0.190795 0.79
v 1.016195 0.170511 0.79
v 1.017772 0.152282 0.79
v 0.960684 0.065468 0.79
v 0.970773 0.071667 0.79
v 0.991118 0.088769 0.79
v 1.005033 0.107128 0.79
v 1.014576 0.129012 0.79
v 1.027528 -0.038953 0.79
v 1.025998 -0.01972 0.79
v 1.01876 0.005438 0.79
v 1.003073 0.032417 0.79
v 0.984114 0.051701 0.79
v 0.924547 -0.154037 0.79
v 0.955166 -0.145661 0.79
v 0.979244 -0.133083 0.79
v 1.000042 -0.114926 0.79
v 1.015147 -0.09268 0.79
v 1.024006 -0.069002 0.79
v 0.918831 0.085151 0.79
v 0.902757 0.082999 0.79
v 0.912016 0.038173 0.79
v 0.930984 0.090115 0.79
v 0.960638 0.125434 0.79
v 0.963787 0.139996 0.79
v 0.964113 0.146642 0.79
v 0.858924 0.030636 0.79
v 0.876444 0.036823 0.79
v 0.886591 0.08513 0.79
v 0.954391 0.112486 0.79
v 0.942554 0.098562 0.79
v 0.898031 0.039096 0.79
v 0.930876 0.033361 0.79
v 0.947861 0.024019 0.79
v 0.962111 0.163682 0.79
v 0.956926 0.177289 0.79
v 0.948407 0.189566 0.79
v 0.941519 0.196272 0.79
v 0.930318 0.203734 0.79
v 0.960772 0.012167 0.79
v 0.970458 -0.001616 0.79
v 0.976264 -0.016427 0.79
v 0.978748 -0.036361 0.79
v 0.873604 0.090597 0.79
v 0.862957 0.098527 0.79
v 0.858245 0.103433 0.79
v 0.849516 0.115893 0.79
v 0.844245 0.129338 0.79
v 0.842162 0.146642 0.79
v 0.84347 0.160996 0.79
v 0.91658 0.208449 0.79
v 0.902757 0.209828 0.79
v 0.886812 0.207958 0.79
v 0.874802 0.203471 0.79
v 0.863686 0.195927 0.79
v 0.854699 0.186346 0.79
v 0.847739 0.174623 0.79
v 0.844234 0.021078 0.79
v 0.833611 0.010429 0.79
v 0.824877 -0.003267 0.79
v 0.819502 -0.019226 0.79
v 0.817772 -0.036361 0.79
v 0.819831 -0.056194 0.79
v 0.82509 -0.07154 0.79
v 0.833136 -0.084378 0.79
v 0.846555 -0.097234 0.79
v 0.862274 -0.105813 0.79
v 0.879414 -0.110612 0.79
v 0.898031 -0.112123 0.79
v 0.919821 -0.109888 0.79
v 0.937706 -0.103762 0.79
v 0.952416 -0.094391 0.79
v 0.96317 -0.083594 0.79
v 0.971277 -0.070898 0.79
v 0.976573 -0.0561 0.79
v 0.817772 -0.036361 0.8
v 0.819502 -0.019226 0.8
v 0.824877 -0.003267 0.8
v 0.833611 0.010429 0.8
v 0.844234 0.021078 0.8
v 0.858924 0.030636 0.8
v 0.876444 0.036823 0.8
v 0.898031 0.039096 0.8
v 0.912016 0.038173 0.8
v 0.930876 0.033361 0.8
v 0.947861 0.024019 0.8
v 0.960772 0.012167 0.8
v 0.970458 -0.001616 0.8
v 0.976264 -0.016427 0.8
v 0.978748 -0.036361 0.8
v 0.976573 -0.0561 0.8
v 0.971277 -0.070898 0.8
v 0.96317 -0.083594 0.8
v 0.952416 -0.094391 0.8
v 0.937706 -0.103762 0.8
v 0.919821 -0.109888 0.8
v 0.898031 -0.112123 0.8
v 0.879414 -0.110612 0.8
v 0.862274 -0.105813 0.8
v 0.846555 -0.097234 0.8
v 0.833136 -0.084378 0.8
v 0.82509 -0.07154 0.8
v 0.819831 -0.056194 0.8
v 0.842162 0.146642 0.8
v 0.84347 0.160996 0.8
v 0.847739 0.174623 0.8
v 0.854699 0.186346 0.8
v 0.863686 0.195927 0.8
v 0.874802 0.203471 0.8
v 0.886812 0.207958 0.8
v 0.902757 0.209828 0.8
v 0.91658 0.208449 0.8
v 0.930318 0.203734 0.8
v 0.941519 0.196272 0.8
v 0.948407 0.189566 0.8
v 0.956926 0.177289 0.8
v 0.962111 0.163682 0.8
v 0.964113 0.146642 0.8
v 0.963787 0.139996 0.8
v 0.960638 0.125434 0.8
v 0.954391 0.112486 0.8
v 0.942554 0.098562 0.8
v 0.930984 0.090115 0.8
v 0.918831 0.085151 0.8
v 0.902757 0.082999 0.8
v 0.886591 0.08513 0.8
v 0.873604 0.090597 0.8
v 0.862957 0.098527 0.8
v 0.858245 0.103433 0.8
v 0.849516 0.115893 0.8
v 0.844245 0.129338 0.8
v 0.656796 0.142679 0.79
v 0.65428 0.119537 0.79
v 0.646423 0.097688 0.79
v 0.631216 0.075713 0.79
v 0.575165 0.028578 0.79
v 0.579815 0.209828 0.79
v 0.602918 0.207635 0.79
v 0.621728 0.20134 0.79
v 0.634095 0.193541 0.79
v 0.643357 0.184479 0.79
v 0.650432 0.173281 0.79
v 0.655002 0.160012 0.79
v 0.481187 0.1612 0.79
v 0.494744 0.174213 0.79
v 0.522422 0.193708 0.79
v 0.549815 0.205397 0.79
v 0.481187 0.210133 0.79
v 0.584693 0.25373 0.79
v 0.567128 0.252933 0.79
v 0.535562 0.246264 0.79
v 0.508496 0.23304 0.79
v 0.618667 0.250531 0.79
v 0.645602 0.241934 0.79
v 0.669831 0.226901 0.79
v 0.68599 0.210283 0.79
v 0.696858 0.191722 0.79
v 0.703433 0.17042 0.79
v 0.705577 0.146566 0.79
v 0.616171 0.004188 0.79
v 0.636196 0.01887 0.79
v 0.674369 0.055107 0.79
v 0.690449 0.079235 0.79
v 0.701642 0.109802 0.79
v 0.518991 -0.107245 0.79
v 0.520812 -0.088417 0.79
v 0.525646 -0.074123 0.79
v 0.534463 -0.060549 0.79
v 0.553738 -0.041513 0.79
v 0.715333 -0.107245 0.79
v 0.715333 -0.151148 0.79
v 0.466552 -0.151148 0.79
v 0.466552 -0.131331 0.79
v 0.57082 0.025524 0.79
v 0.528885 -0.006189 0.79
v 0.496122 -0.038818 0.79
v 0.479908 -0.064065 0.79
v 0.469992 -0.0936 0.79
v 0.388504 0.248852 0.79
v 0.388504 -0.151148 0.79
v 0.32486 -0.151148 0.79
v 0.128671 0.159371 0.79
v 0.115333 0.185438 0.79
v 0.121398 0.172096 0.79
v 0.113732 0.185438 0.79
v 0.115333 0.129493 0.79
v 0.115101 0.157486 0.79
v 0.115333 -0.151148 0.79
v 0.061674 -0.151148 0.79
v 0.061674 0.248852 0.79
v 0.129967 0.248852 0.79
v 0.320287 -0.05534 0.79
v 0.33637 -0.082855 0.79
v 0.328668 -0.068903 0.79
v 0.337437 -0.082855 0.79
v 0.334845 -0.024776 0.79
v 0.335289 -0.053861 0.79
v 0.334845 0.248852 0.79
v -0.016374 0.248852 0.79
v -0.016374 0.20495 0.79
v -0.167594 0.20495 0.79
v -0.167594 0.068365 0.79
v -0.02613 0.068365 0.79
v -0.02613 0.024462 0.79
v -0.167594 0.024462 0.79
v -0.167594 -0.151148 0.79
v -0.221252 -0.151148 0.79
v -0.221252 0.248852 0.79
v -0.674911 0.044127 0.79
v -0.670203 -0.006756 0.79
v -0.65668 -0.049983 0.79
v -0.634521 -0.087324 0.79
v -0.605788 -0.117069 0.79
v -0.573067 -0.137911 0.79
v -0.53548 -0.150837 0.79
v -0.486496 -0.156026 0.79
v -0.480018 0.25373 0.79
v -0.523428 0.24999 0.79
v -0.563928 0.238151 0.79
v -0.600873 0.216545 0.79
v -0.631931 0.18567 0.79
v -0.654676 0.148193 0.79
v -0.669442 0.101926 0.79
v -0.294423 0.053578 0.79
v -0.297253 0.093646 0.79
v -0.308591 0.138242 0.79
v -0.329444 0.178184 0.79
v -0.359122 0.211593 0.79
v -0.393903 0.234981 0.79
v -0.431718 0.248439 0.79
v -0.34671 -0.099471 0.79
v -0.317696 -0.057372 0.79
v -0.301985 -0.014205 0.79
v -0.373387 -0.123023 0.79
v -0.359451 -0.111924 0.79
v -0.260277 -0.204806 0.79
v -0.345719 -0.204806 0.79
v -0.422015 -0.147032 0.79
v -0.453923 -0.153882 0.79
v -0.365153 -0.039725 0.79
v -0.380893 -0.06512 0.79
v -0.352698 -0.00169 0.79
v -0.348082 0.047709 0.79
v -0.352036 0.094983 0.79
v -0.362239 0.131079 0.79
v -0.378932 0.161067 0.79
v -0.39852 0.181879 0.79
v -0.420777 0.196494 0.79
v -0.447197 0.205884 0.79
v -0.48299 0.209828 0.79
v -0.518751 0.205589 0.79
v -0.545611 0.195387 0.79
v -0.569594 0.178879 0.79
v -0.59265 0.152693 0.79
v -0.608975 0.121401 0.79
v -0.619658 0.077052 0.79
v -0.621252 0.048471 0.79
v -0.616955 0.002443 0.79
v -0.605481 -0.034006 0.79
v -0.58847 -0.062576 0.79
v -0.566818 -0.085038 0.79
v -0.543281 -0.099982 0.79
v -0.515645 -0.109247 0.79
v -0.486344 -0.112123 0.79
v -0.450406 -0.108364 0.79
v -0.422674 -0.098897 0.79
v -0.399381 -0.084032 0.79
v -0.621252 0.048471 0.8
v -0.619658 0.077052 0.8
v -0.608975 0.121401 0.8
v -0.59265 0.152693 0.8
v -0.569594 0.178879 0.8
v -0.545611 0.195387 0.8
v -0.518751 0.205589 0.8
v -0.48299 0.209828 0.8
v -0.447197 0.205884 0.8
v -0.420777 0.196494 0.8
v -0.39852 0.181879 0.8
v -0.378932 0.161067 0.8
v -0.362239 0.131079 0.8
v -0.352036 0.094983 0.8
v -0.348082 0.047709 0.8
v -0.352698 -0.00169 0.8
v -0.365153 -0.039725 0.8
v -0.380893 -0.06512 0.8
v -0.399381 -0.084032 0.8
v -0.422674 -0.098897 0.8
v -0.450406 -0.108364 0.8
v -0.486344 -0.112123 0.8
v -0.515645 -0.109247 0.8
v -0.543281 -0.099982 0.8
v -0.566818 -0.085038 0.8
v -0.58847 -0.062576 0.8
v -0.605481 -0.034006 0.8
v -0.616955 0.002443 0.8
v 0.6 -2.501 0.18
v 0.6 -2.501 0.12
newmtl 3
Ka 1.0 1.0 0.0
Kd 1.0 1.0 0.0
Ks 0.5019607843137255 0.5019607843137255 0.0
d 0.0
endmtl
v 0.4 -2.501 0.12
v 0.4 -2.501 0.18
v -0.4 -2.501 0.18
v -0.4 -2.501 0.12
v -0.6 -2.501 0.12
v -0.6 -2.501 0.18
v -0.346002 0.103496 0.01
v -0.42405 -0.096504 0.01
newmtl 4
Ka 1.0 1.0 1.0
Kd 1.0 1.0 1.0
Ks 0.8784313725490196 0.8784313725490196 0.8784313725490196
d 0.0
endmtl
v -0.394782 -0.096504 0.01
v -0.374546 -0.040406 0.01
v -0.291924 -0.040406 0.01
v -0.272831 -0.096504 0.01
v -0.243563 -0.096504 0.01
v -0.319172 0.103496 0.01
v -0.298669 -0.018455 0.01
v -0.365552 -0.018455 0.01
v -0.328509 0.065082 0.01
v -0.330434 0.072018 0.01
v -0.331711 0.079106 0.01
v -0.332358 0.079106 0.01
v -0.333664 0.072039 0.01
v -0.335445 0.065082 0.01
v -0.298669 -0.018455 0.0
v -0.365552 -0.018455 0.0
v -0.328509 0.065082 0.0
v -0.330434 0.072018 0.0
v -0.331711 0.079106 0.0
v -0.332358 0.079106 0.0
v -0.333664 0.072039 0.0
v -0.335445 0.065082 0.0
v -0.122336 -0.096504 0.01
v -0.067953 -0.096504 0.01
v -0.067953 0.103496 0.01
v -0.124393 0.103496 0.01
v -0.228929 0.006011 0.01
v -0.227475 0.024831 0.01
v -0.222103 0.044536 0.01
v -0.212809 0.061736 0.01
v -0.198666 0.077419 0.01
v -0.198457 0.077602 0.01
v -0.176688 0.092191 0.01
v -0.153288 0.100408 0.01
v -0.147082 -0.094344 0.01
v -0.170128 -0.087475 0.01
v -0.19101 -0.075339 0.01
v -0.207472 -0.059577 0.01
v -0.218942 -0.041688 0.01
v -0.226122 -0.020754 0.01
v -0.188783 0.053499 0.01
v -0.179069 0.063814 0.01
v -0.16446 0.073252 0.01
v -0.147951 0.079029 0.01
v -0.124279 0.081545 0.01
v -0.094782 0.081545 0.01
v -0.094782 -0.074553 0.01
v -0.123174 -0.074553 0.01
v -0.144274 -0.072589 0.01
v -0.161104 -0.067335 0.01
v -0.174744 -0.059236 0.01
v -0.185962 -0.048156 0.01
v -0.194397 -0.034367 0.01
v -0.200263 -0.015567 0.01
v -0.202099 0.00544 0.01
v -0.2004 0.025345 0.01
v -0.195731 0.041164 0.01
v -0.124279 0.081545 0.0
v -0.094782 0.081545 0.0
v -0.147951 0.079029 0.0
v -0.16446 0.073252 0.0
v -0.179069 0.063814 0.0
v -0.188783 0.053499 0.0
v -0.195731 0.041164 0.0
v -0.2004 0.025345 0.0
v -0.202099 0.00544 0.0
v -0.200263 -0.015567 0.0
v -0.194397 -0.034367 0.0
v -0.185962 -0.048156 0.0
v -0.174744 -0.059236 0.0
v -0.161104 -0.067335 0.0
v -0.144274 -0.072589 0.0
v -0.123174 -0.074553 0.0
v -0.094782 -0.074553 0.0
v -0.028929 -0.074553 0.01
v -0.028929 -0.096504 0.01
v 0.078389 -0.096504 0.01
v 0.078389 0.103496 0.01
v -0.024051 0.103496 0.01
v -0.024051 0.081545 0.01
v 0.051559 0.081545 0.01
v 0.051559 0.015691 0.01
v -0.019172 0.015691 0.01
v -0.019172 -0.00626 0.01
v 0.051559 -0.00626 0.01
v 0.051559 -0.074553 0.01
v 0.117413 -0.064187 0.01
v 0.117413 -0.086138 0.01
v 0.138732 -0.094891 0.01
v 0.172443 -0.098943 0.01
v 0.166975 -0.098849 0.01
v 0.266193 -2.77E-4 0.01
v 0.264259 -0.023439 0.01
v 0.25824 -0.044609 0.01
v 0.247586 -0.063626 0.01
v 0.232563 -0.079442 0.01
v 0.216475 -0.089715 0.01
v 0.197091 -0.096387 0.01
v 0.164478 0.105935 0.01
v 0.184566 0.104295 0.01
v 0.206863 0.097818 0.01
v 0.225859 0.086883 0.01
v 0.243916 0.069518 0.01
v 0.255638 0.050819 0.01
v 0.263316 0.028157 0.01
v 0.117413 0.098008 0.01
v 0.140536 0.104283 0.01
v 0.117413 0.071179 0.01
v 0.16425 0.083984 0.01
v 0.139941 0.080826 0.01
v 0.239364 0.001362 0.01
v 0.23841 0.016923 0.01
v 0.233079 0.038334 0.01
v 0.224834 0.053776 0.01
v 0.212756 0.067109 0.01
v 0.198913 0.07637 0.01
v 0.183944 0.081772 0.01
v 0.168747 -0.076992 0.01
v 0.187401 -0.074899 0.01
v 0.201974 -0.069534 0.01
v 0.214249 -0.061261 0.01
v 0.223634 -0.05136 0.01
v 0.231905 -0.037492 0.01
v 0.237339 -0.020289 0.01
v 0.120997 -0.066172 0.01
v 0.142199 -0.074045 0.01
v 0.283267 -0.074553 0.01
v 0.283267 -0.096504 0.01
v 0.385706 -0.096504 0.01
v 0.385706 0.103496 0.01
v 0.358876 0.103496 0.01
v 0.358876 -0.074553 0.01
v 2.31 -1.4 0.18
v 2.51 -1.4 0.18
v 2.31 -1.4 -0.02
newmtl 5
Ka 0.7686274509803922 0.7686274509803922 0.7686274509803922
Kd 0.7686274509803922 0.7686274509803922 0.7686274509803922
Ks 0.615686274509804 0.615686274509804 0.615686274509804
d 0.0
endmtl
v 2.51 -1.4 -0.02
v 2.295768 -1.401018 -0.02
v 2.295768 -1.401018 0.18
v 2.281827 -1.404051 -0.02
v 2.281827 -1.404051 0.18
v 2.268458 -1.409037 -0.02
v 2.268458 -1.409037 0.18
v 2.255936 -1.415875 -0.02
v 2.255936 -1.415875 0.18
v 2.244514 -1.424425 -0.02
v 2.244514 -1.424425 0.18
v 2.234425 -1.434514 -0.02
v 2.234425 -1.434514 0.18
v 2.225875 -1.445936 -0.02
v 2.225875 -1.445936 0.18
v 2.219037 -1.458459 -0.02
v 2.219037 -1.458459 0.18
v 2.214051 -1.471827 -0.02
v 2.214051 -1.471827 0.18
v 2.211018 -1.485768 -0.02
v 2.211018 -1.485768 0.18
v 2.21 -1.5 -0.02
v 2.21 -1.5 0.18
v 2.211018 -1.514231 -0.02
v 2.211018 -1.514231 0.18
v 2.214051 -1.528173 -0.02
v 2.214051 -1.528173 0.18
v 2.219037 -1.541542 -0.02
v 2.219037 -1.541542 0.18
v 2.225875 -1.554064 -0.02
v 2.225875 -1.554064 0.18
v 2.234425 -1.565486 -0.02
v 2.234425 -1.565486 0.18
v 2.244514 -1.575575 -0.02
v 2.244514 -1.575575 0.18
v 2.255936 -1.584125 -0.02
v 2.255936 -1.584125 0.18
v 2.268458 -1.590963 -0.02
v 2.268458 -1.590963 0.18
v 2.281827 -1.595949 -0.02
v 2.281827 -1.595949 0.18
v 2.295768 -1.598982 -0.02
v 2.295768 -1.598982 0.18
v 2.31 -1.6 -0.02
v 2.31 -1.6 0.18
v 2.51 -1.6 0.18
v 2.51 -1.6 -0.02
v -1.4 -2.31 0.18
v -1.4 -2.51 0.18
v -1.4 -2.31 -0.02
v -1.4 -2.51 -0.02
v -1.401018 -2.295768 -0.02
v -1.401018 -2.295768 0.18
v -1.404051 -2.281827 -0.02
v -1.404051 -2.281827 0.18
v -1.409037 -2.268458 -0.02
v -1.409037 -2.268458 0.18
v -1.415875 -2.255936 -0.02
v -1.415875 -2.255936 0.18
v -1.424425 -2.244514 -0.02
v -1.424425 -2.244514 0.18
v -1.434514 -2.234425 -0.02
v -1.434514 -2.234425 0.18
v -1.445936 -2.225875 -0.02
v -1.445936 -2.225875 0.18
v -1.458459 -2.219037 -0.02
v -1.458459 -2.219037 0.18
v -1.471827 -2.214051 -0.02
v -1.471827 -2.214051 0.18
v -1.485768 -2.211018 -0.02
v -1.485768 -2.211018 0.18
v -1.5 -2.21 -0.02
v -1.5 -2.21 0.18
v -1.514231 -2.211018 -0.02
v -1.514231 -2.211018 0.18
v -1.528173 -2.214051 -0.02
v -1.528173 -2.214051 0.18
v -1.541542 -2.219037 -0.02
v -1.541542 -2.219037 0.18
v -1.554064 -2.225875 -0.02
v -1.554064 -2.225875 0.18
v -1.565486 -2.234425 -0.02
v -1.565486 -2.234425 0.18
v -1.575575 -2.244514 -0.02
v -1.575575 -2.244514 0.18
v -1.584125 -2.255936 -0.02
v -1.584125 -2.255936 0.18
v -1.590963 -2.268458 -0.02
v -1.590963 -2.268458 0.18
v -1.595949 -2.281827 -0.02
v -1.595949 -2.281827 0.18
v -1.598982 -2.295768 -0.02
v -1.598982 -2.295768 0.18
v -1.6 -2.31 -0.02
v -1.6 -2.31 0.18
v -1.6 -2.51 0.18
v -1.6 -2.51 -0.02
v 2.31 -0.9 0.18
v 2.51 -0.9 0.18
v 2.31 -0.9 -0.02
v 2.51 -0.9 -0.02
v 2.295768 -0.901018 -0.02
v 2.295768 -0.901018 0.18
v 2.281827 -0.904051 -0.02
v 2.281827 -0.904051 0.18
v 2.268458 -0.909037 -0.02
v 2.268458 -0.909037 0.18
v 2.255936 -0.915875 -0.02
v 2.255936 -0.915875 0.18
v 2.244514 -0.924425 -0.02
v 2.244514 -0.924425 0.18
v 2.234425 -0.934514 -0.02
v 2.234425 -0.934514 0.18
v 2.225875 -0.945936 -0.02
v 2.225875 -0.945936 0.18
v 2.219037 -0.958459 -0.02
v 2.219037 -0.958459 0.18
v 2.214051 -0.971827 -0.02
v 2.214051 -0.971827 0.18
v 2.211018 -0.985768 -0.02
v 2.211018 -0.985768 0.18
v 2.21 -1.0 -0.02
v 2.21 -1.0 0.18
v 2.211018 -1.014231 -0.02
v 2.211018 -1.014231 0.18
v 2.214051 -1.028173 -0.02
v 2.214051 -1.028173 0.18
v 2.219037 -1.041541 -0.02
v 2.219037 -1.041541 0.18
v 2.225875 -1.054064 -0.02
v 2.225875 -1.054064 0.18
v 2.234425 -1.065486 -0.02
v 2.234425 -1.065486 0.18
v 2.244514 -1.075575 -0.02
v 2.244514 -1.075575 0.18
v 2.255936 -1.084125 -0.02
v 2.255936 -1.084125 0.18
v 2.268458 -1.090963 -0.02
v 2.268458 -1.090963 0.18
v 2.281827 -1.095949 -0.02
v 2.281827 -1.095949 0.18
v 2.295768 -1.098982 -0.02
v 2.295768 -1.098982 0.18
v 2.31 -1.1 -0.02
v 2.31 -1.1 0.18
v 2.51 -1.1 0.18
v 2.51 -1.1 -0.02
v 2.31 -0.4 0.18
v 2.51 -0.4 0.18
v 2.31 -0.4 -0.02
v 2.51 -0.4 -0.02
v 2.295768 -0.401018 -0.02
v 2.295768 -0.401018 0.18
v 2.281827 -0.404051 -0.02
v 2.281827 -0.404051 0.18
v 2.268458 -0.409037 -0.02
v 2.268458 -0.409037 0.18
v 2.255936 -0.415875 -0.02
v 2.255936 -0.415875 0.18
v 2.244514 -0.424425 -0.02
v 2.244514 -0.424425 0.18
v 2.234425 -0.434514 -0.02
v 2.234425 -0.434514 0.18
v 2.225875 -0.445936 -0.02
v 2.225875 -0.445936 0.18
v 2.219037 -0.458458 -0.02
v 2.219037 -0.458458 0.18
v 2.214051 -0.471827 -0.02
v 2.214051 -0.471827 0.18
v 2.211018 -0.485769 -0.02
v 2.211018 -0.485769 0.18
v 2.21 -0.5 -0.02
v 2.21 -0.5 0.18
v 2.211018 -0.514232 -0.02
v 2.211018 -0.514232 0.18
v 2.214051 -0.528173 -0.02
v 2.214051 -0.528173 0.18
v 2.219037 -0.541542 -0.02
v 2.219037 -0.541542 0.18
v 2.225875 -0.554064 -0.02
v 2.225875 -0.554064 0.18
v 2.234425 -0.565486 -0.02
v 2.234425 -0.565486 0.18
v 2.244514 -0.575575 -0.02
v 2.244514 -0.575575 0.18
v 2.255936 -0.584125 -0.02
v 2.255936 -0.584125 0.18
v 2.268458 -0.590963 -0.02
v 2.268458 -0.590963 0.18
v 2.281827 -0.595949 -0.02
v 2.281827 -0.595949 0.18
v 2.295768 -0.598982 -0.02
v 2.295768 -0.598982 0.18
v 2.31 -0.6 -0.02
v 2.31 -0.6 0.18
v 2.51 -0.6 0.18
v 2.51 -0.6 -0.02
v 2.31 0.1 0.18
v 2.51 0.1 0.18
v 2.31 0.1 -0.02
v 2.51 0.1 -0.02
v 2.295768 0.098982 -0.02
v 2.295768 0.098982 0.18
v 2.281827 0.095949 -0.02
v 2.281827 0.095949 0.18
v 2.268458 0.090963 -0.02
v 2.268458 0.090963 0.18
v 2.255936 0.084125 -0.02
v 2.255936 0.084125 0.18
v 2.244514 0.075575 -0.02
v 2.244514 0.075575 0.18
v 2.234425 0.065486 -0.02
v 2.234425 0.065486 0.18
v 2.225875 0.054064 -0.02
v 2.225875 0.054064 0.18
v 2.219037 0.041542 -0.02
v 2.219037 0.041542 0.18
v 2.214051 0.028173 -0.02
v 2.214051 0.028173 0.18
v 2.211018 0.014231 -0.02
v 2.211018 0.014231 0.18
v 2.21 0.0 -0.02
v 2.21 0.0 0.18
v 2.211018 -0.014231 -0.02
v 2.211018 -0.014231 0.18
v 2.214051 -0.028173 -0.02
v 2.214051 -0.028173 0.18
v 2.219037 -0.041542 -0.02
v 2.219037 -0.041542 0.18
v 2.225875 -0.054064 -0.02
v 2.225875 -0.054064 0.18
v 2.234425 -0.065486 -0.02
v 2.234425 -0.065486 0.18
v 2.244514 -0.075575 -0.02
v 2.244514 -0.075575 0.18
v 2.255936 -0.084125 -0.02
v 2.255936 -0.084125 0.18
v 2.268458 -0.090963 -0.02
v 2.268458 -0.090963 0.18
v 2.281827 -0.095949 -0.02
v 2.281827 -0.095949 0.18
v 2.295768 -0.098982 -0.02
v 2.295768 -0.098982 0.18
v 2.31 -0.1 -0.02
v 2.31 -0.1 0.18
v 2.51 -0.1 0.18
v 2.51 -0.1 -0.02
v 2.31 0.6 0.18
v 2.51 0.6 0.18
v 2.31 0.6 -0.02
v 2.51 0.6 -0.02
v 2.295768 0.598982 -0.02
v 2.295768 0.598982 0.18
v 2.281827 0.595949 -0.02
v 2.281827 0.595949 0.18
v 2.268458 0.590963 -0.02
v 2.268458 0.590963 0.18
v 2.255936 0.584125 -0.02
v 2.255936 0.584125 0.18
v 2.244514 0.575575 -0.02
v 2.244514 0.575575 0.18
v 2.234425 0.565486 -0.02
v 2.234425 0.565486 0.18
v 2.225875 0.554064 -0.02
v 2.225875 0.554064 0.18
v 2.219037 0.541542 -0.02
v 2.219037 0.541542 0.18
v 2.214051 0.528173 -0.02
v 2.214051 0.528173 0.18
v 2.211018 0.514232 -0.02
v 2.211018 0.514232 0.18
v 2.21 0.5 -0.02
v 2.21 0.5 0.18
v 2.211018 0.485769 -0.02
v 2.211018 0.485769 0.18
v 2.214051 0.471827 -0.02
v 2.214051 0.471827 0.18
v 2.219037 0.458458 -0.02
v 2.219037 0.458458 0.18
v 2.225875 0.445936 -0.02
v 2.225875 0.445936 0.18
v 2.234425 0.434514 -0.02
v 2.234425 0.434514 0.18
v 2.244514 0.424425 -0.02
v 2.244514 0.424425 0.18
v 2.255936 0.415875 -0.02
v 2.255936 0.415875 0.18
v 2.268458 0.409037 -0.02
v 2.268458 0.409037 0.18
v 2.281827 0.404051 -0.02
v 2.281827 0.404051 0.18
v 2.295768 0.401018 -0.02
v 2.295768 0.401018 0.18
v 2.31 0.4 -0.02
v 2.31 0.4 0.18
v 2.51 0.4 0.18
v 2.51 0.4 -0.02
v 2.31 1.1 0.18
v 2.51 1.1 0.18
v 2.31 1.1 -0.02
v 2.51 1.1 -0.02
v 2.295768 1.098982 -0.02
v 2.295768 1.098982 0.18
v 2.281827 1.095949 -0.02
v 2.281827 1.095949 0.18
v 2.268458 1.090963 -0.02
v 2.268458 1.090963 0.18
v 2.255936 1.084125 -0.02
v 2.255936 1.084125 0.18
v 2.244514 1.075575 -0.02
v 2.244514 1.075575 0.18
v 2.234425 1.065486 -0.02
v 2.234425 1.065486 0.18
v 2.225875 1.054064 -0.02
v 2.225875 1.054064 0.18
v 2.219037 1.041541 -0.02
v 2.219037 1.041541 0.18
v 2.214051 1.028173 -0.02
v 2.214051 1.028173 0.18
v 2.211018 1.014231 -0.02
v 2.211018 1.014231 0.18
v 2.21 1.0 -0.02
v 2.21 1.0 0.18
v 2.211018 0.985768 -0.02
v 2.211018 0.985768 0.18
v 2.214051 0.971827 -0.02
v 2.214051 0.971827 0.18
v 2.219037 0.958459 -0.02
v 2.219037 0.958459 0.18
v 2.225875 0.945936 -0.02
v 2.225875 0.945936 0.18
v 2.234425 0.934514 -0.02
v 2.234425 0.934514 0.18
v 2.244514 0.924425 -0.02
v 2.244514 0.924425 0.18
v 2.255936 0.915875 -0.02
v 2.255936 0.915875 0.18
v 2.268458 0.909037 -0.02
v 2.268458 0.909037 0.18
v 2.281827 0.904051 -0.02
v 2.281827 0.904051 0.18
v 2.295768 0.901018 -0.02
v 2.295768 0.901018 0.18
v 2.31 0.9 -0.02
v 2.31 0.9 0.18
v 2.51 0.9 0.18
v 2.51 0.9 -0.02
v 2.31 1.6 0.18
v 2.51 1.6 0.18
v 2.31 1.6 -0.02
v 2.51 1.6 -0.02
v 2.295768 1.598982 -0.02
v 2.295768 1.598982 0.18
v 2.281827 1.595949 -0.02
v 2.281827 1.595949 0.18
v 2.268458 1.590963 -0.02
v 2.268458 1.590963 0.18
v 2.255936 1.584125 -0.02
v 2.255936 1.584125 0.18
v 2.244514 1.575575 -0.02
v 2.244514 1.575575 0.18
v 2.234425 1.565486 -0.02
v 2.234425 1.565486 0.18
v 2.225875 1.554064 -0.02
v 2.225875 1.554064 0.18
v 2.219037 1.541542 -0.02
v 2.219037 1.541542 0.18
v 2.214051 1.528173 -0.02
v 2.214051 1.528173 0.18
v 2.211018 1.514231 -0.02
v 2.211018 1.514231 0.18
v 2.21 1.5 -0.02
v 2.21 1.5 0.18
v 2.211018 1.485768 -0.02
v 2.211018 1.485768 0.18
v 2.214051 1.471827 -0.02
v 2.214051 1.471827 0.18
v 2.219037 1.458459 -0.02
v 2.219037 1.458459 0.18
v 2.225875 1.445936 -0.02
v 2.225875 1.445936 0.18
v 2.234425 1.434514 -0.02
v 2.234425 1.434514 0.18
v 2.244514 1.424425 -0.02
v 2.244514 1.424425 0.18
v 2.255936 1.415875 -0.02
v 2.255936 1.415875 0.18
v 2.268458 1.409037 -0.02
v 2.268458 1.409037 0.18
v 2.281827 1.404051 -0.02
v 2.281827 1.404051 0.18
v 2.295768 1.401018 -0.02
v 2.295768 1.401018 0.18
v 2.31 1.4 -0.02
v 2.31 1.4 0.18
v 2.51 1.4 0.18
v 2.51 1.4 -0.02
v -0.9 -2.31 0.18
v -0.9 -2.51 0.18
v -0.9 -2.31 -0.02
v -0.9 -2.51 -0.02
v -0.901018 -2.295768 -0.02
v -0.901018 -2.295768 0.18
v -0.904051 -2.281827 -0.02
v -0.904051 -2.281827 0.18
v -0.909037 -2.268458 -0.02
v -0.909037 -2.268458 0.18
v -0.915875 -2.255936 -0.02
v -0.915875 -2.255936 0.18
v -0.924425 -2.244514 -0.02
v -0.924425 -2.244514 0.18
v -0.934514 -2.234425 -0.02
v -0.934514 -2.234425 0.18
v -0.945936 -2.225875 -0.02
v -0.945936 -2.225875 0.18
v -0.958459 -2.219037 -0.02
v -0.958459 -2.219037 0.18
v -0.971827 -2.214051 -0.02
v -0.971827 -2.214051 0.18
v -0.985768 -2.211018 -0.02
v -0.985768 -2.211018 0.18
v -1.0 -2.21 -0.02
v -1.0 -2.21 0.18
v -1.014231 -2.211018 -0.02
v -1.014231 -2.211018 0.18
v -1.028173 -2.214051 -0.02
v -1.028173 -2.214051 0.18
v -1.041541 -2.219037 -0.02
v -1.041541 -2.219037 0.18
v -1.054064 -2.225875 -0.02
v -1.054064 -2.225875 0.18
v -1.065486 -2.234425 -0.02
v -1.065486 -2.234425 0.18
v -1.075575 -2.244514 -0.02
v -1.075575 -2.244514 0.18
v -1.084125 -2.255936 -0.02
v -1.084125 -2.255936 0.18
v -1.090963 -2.268458 -0.02
v -1.090963 -2.268458 0.18
v -1.095949 -2.281827 -0.02
v -1.095949 -2.281827 0.18
v -1.098982 -2.295768 -0.02
v -1.098982 -2.295768 0.18
v -1.1 -2.31 -0.02
v -1.1 -2.31 0.18
v -1.1 -2.51 0.18
v -1.1 -2.51 -0.02
v -0.4 -2.31 0.18
v -0.4 -2.51 0.18
v -0.4 -2.31 -0.02
v -0.4 -2.51 -0.02
v -0.401018 -2.295768 -0.02
v -0.401018 -2.295768 0.18
v -0.404051 -2.281827 -0.02
v -0.404051 -2.281827 0.18
v -0.409037 -2.268458 -0.02
v -0.409037 -2.268458 0.18
v -0.415875 -2.255936 -0.02
v -0.415875 -2.255936 0.18
v -0.424425 -2.244514 -0.02
v -0.424425 -2.244514 0.18
v -0.434514 -2.234425 -0.02
v -0.434514 -2.234425 0.18
v -0.445936 -2.225875 -0.02
v -0.445936 -2.225875 0.18
v -0.458458 -2.219037 -0.02
v -0.458458 -2.219037 0.18
v -0.471827 -2.214051 -0.02
v -0.471827 -2.214051 0.18
v -0.485769 -2.211018 -0.02
v -0.485769 -2.211018 0.18
v -0.5 -2.21 -0.02
v -0.5 -2.21 0.18
v -0.514232 -2.211018 -0.02
v -0.514232 -2.211018 0.18
v -0.528173 -2.214051 -0.02
v -0.528173 -2.214051 0.18
v -0.541542 -2.219037 -0.02
v -0.541542 -2.219037 0.18
v -0.554064 -2.225875 -0.02
v -0.554064 -2.225875 0.18
v -0.565486 -2.234425 -0.02
v -0.565486 -2.234425 0.18
v -0.575575 -2.244514 -0.02
v -0.575575 -2.244514 0.18
v -0.584125 -2.255936 -0.02
v -0.584125 -2.255936 0.18
v -0.590963 -2.268458 -0.02
v -0.590963 -2.268458 0.18
v -0.595949 -2.281827 -0.02
v -0.595949 -2.281827 0.18
v -0.598982 -2.295768 -0.02
v -0.598982 -2.295768 0.18
v -0.6 -2.31 -0.02
v -0.6 -2.31 0.18
v -0.6 -2.51 0.18
v -0.6 -2.51 -0.02
v 0.1 -2.31 0.18
v 0.1 -2.51 0.18
v 0.1 -2.31 -0.02
v 0.1 -2.51 -0.02
v 0.098982 -2.295768 -0.02
v 0.098982 -2.295768 0.18
v 0.095949 -2.281827 -0.02
v 0.095949 -2.281827 0.18
v 0.090963 -2.268458 -0.02
v 0.090963 -2.268458 0.18
v 0.084125 -2.255936 -0.02
v 0.084125 -2.255936 0.18
v 0.075575 -2.244514 -0.02
v 0.075575 -2.244514 0.18
v 0.065486 -2.234425 -0.02
v 0.065486 -2.234425 0.18
v 0.054064 -2.225875 -0.02
v 0.054064 -2.225875 0.18
v 0.041542 -2.219037 -0.02
v 0.041542 -2.219037 0.18
v 0.028173 -2.214051 -0.02
v 0.028173 -2.214051 0.18
v 0.014231 -2.211018 -0.02
v 0.014231 -2.211018 0.18
v 0.0 -2.21 -0.02
v 0.0 -2.21 0.18
v -0.014231 -2.211018 -0.02
v -0.014231 -2.211018 0.18
v -0.028173 -2.214051 -0.02
v -0.028173 -2.214051 0.18
v -0.041542 -2.219037 -0.02
v -0.041542 -2.219037 0.18
v -0.054064 -2.225875 -0.02
v -0.054064 -2.225875 0.18
v -0.065486 -2.234425 -0.02
v -0.065486 -2.234425 0.18
v -0.075575 -2.244514 -0.02
v -0.075575 -2.244514 0.18
v -0.084125 -2.255936 -0.02
v -0.084125 -2.255936 0.18
v -0.090963 -2.268458 -0.02
v -0.090963 -2.268458 0.18
v -0.095949 -2.281827 -0.02
v -0.095949 -2.281827 0.18
v -0.098982 -2.295768 -0.02
v -0.098982 -2.295768 0.18
v -0.1 -2.31 -0.02
v -0.1 -2.31 0.18
v -0.1 -2.51 0.18
v -0.1 -2.51 -0.02
v 0.6 -2.31 0.18
v 0.6 -2.51 0.18
v 0.6 -2.31 -0.02
v 0.6 -2.51 -0.02
v 0.598982 -2.295768 -0.02
v 0.598982 -2.295768 0.18
v 0.595949 -2.281827 -0.02
v 0.595949 -2.281827 0.18
v 0.590963 -2.268458 -0.02
v 0.590963 -2.268458 0.18
v 0.584125 -2.255936 -0.02
v 0.584125 -2.255936 0.18
v 0.575575 -2.244514 -0.02
v 0.575575 -2.244514 0.18
v 0.565486 -2.234425 -0.02
v 0.565486 -2.234425 0.18
v 0.554064 -2.225875 -0.02
v 0.554064 -2.225875 0.18
v 0.541542 -2.219037 -0.02
v 0.541542 -2.219037 0.18
v 0.528173 -2.214051 -0.02
v 0.528173 -2.214051 0.18
v 0.514232 -2.211018 -0.02
v 0.514232 -2.211018 0.18
v 0.5 -2.21 -0.02
v 0.5 -2.21 0.18
v 0.485769 -2.211018 -0.02
v 0.485769 -2.211018 0.18
v 0.471827 -2.214051 -0.02
v 0.471827 -2.214051 0.18
v 0.458458 -2.219037 -0.02
v 0.458458 -2.219037 0.18
v 0.445936 -2.225875 -0.02
v 0.445936 -2.225875 0.18
v 0.434514 -2.234425 -0.02
v 0.434514 -2.234425 0.18
v 0.424425 -2.244514 -0.02
v 0.424425 -2.244514 0.18
v 0.415875 -2.255936 -0.02
v 0.415875 -2.255936 0.18
v 0.409037 -2.268458 -0.02
v 0.409037 -2.268458 0.18
v 0.404051 -2.281827 -0.02
v 0.404051 -2.281827 0.18
v 0.401018 -2.295768 -0.02
v 0.401018 -2.295768 0.18
v 0.4 -2.31 -0.02
v 0.4 -2.31 0.18
v 0.4 -2.51 0.18
v 0.4 -2.51 -0.02
v 1.1 -2.31 0.18
v 1.1 -2.51 0.18
v 1.1 -2.31 -0.02
v 1.1 -2.51 -0.02
v 1.098982 -2.295768 -0.02
v 1.098982 -2.295768 0.18
v 1.095949 -2.281827 -0.02
v 1.095949 -2.281827 0.18
v 1.090963 -2.268458 -0.02
v 1.090963 -2.268458 0.18
v 1.084125 -2.255936 -0.02
v 1.084125 -2.255936 0.18
v 1.075575 -2.244514 -0.02
v 1.075575 -2.244514 0.18
v 1.065486 -2.234425 -0.02
v 1.065486 -2.234425 0.18
v 1.054064 -2.225875 -0.02
v 1.054064 -2.225875 0.18
v 1.041541 -2.219037 -0.02
v 1.041541 -2.219037 0.18
v 1.028173 -2.214051 -0.02
v 1.028173 -2.214051 0.18
v 1.014231 -2.211018 -0.02
v 1.014231 -2.211018 0.18
v 1.0 -2.21 -0.02
v 1.0 -2.21 0.18
v 0.985768 -2.211018 -0.02
v 0.985768 -2.211018 0.18
v 0.971827 -2.214051 -0.02
v 0.971827 -2.214051 0.18
v 0.958459 -2.219037 -0.02
v 0.958459 -2.219037 0.18
v 0.945936 -2.225875 -0.02
v 0.945936 -2.225875 0.18
v 0.934514 -2.234425 -0.02
v 0.934514 -2.234425 0.18
v 0.924425 -2.244514 -0.02
v 0.924425 -2.244514 0.18
v 0.915875 -2.255936 -0.02
v 0.915875 -2.255936 0.18
v 0.909037 -2.268458 -0.02
v 0.909037 -2.268458 0.18
v 0.904051 -2.281827 -0.02
v 0.904051 -2.281827 0.18
v 0.901018 -2.295768 -0.02
v 0.901018 -2.295768 0.18
v 0.9 -2.31 -0.02
v 0.9 -2.31 0.18
v 0.9 -2.51 0.18
v 0.9 -2.51 -0.02
v 1.6 -2.31 0.18
v 1.6 -2.51 0.18
v 1.6 -2.31 -0.02
v 1.6 -2.51 -0.02
v 1.598982 -2.295768 -0.02
v 1.598982 -2.295768 0.18
v 1.595949 -2.281827 -0.02
v 1.595949 -2.281827 0.18
v 1.590963 -2.268458 -0.02
v 1.590963 -2.268458 0.18
v 1.584125 -2.255936 -0.02
v 1.584125 -2.255936 0.18
v 1.575575 -2.244514 -0.02
v 1.575575 -2.244514 0.18
v 1.565486 -2.234425 -0.02
v 1.565486 -2.234425 0.18
v 1.554064 -2.225875 -0.02
v 1.554064 -2.225875 0.18
v 1.541542 -2.219037 -0.02
v 1.541542 -2.219037 0.18
v 1.528173 -2.214051 -0.02
v 1.528173 -2.214051 0.18
v 1.514231 -2.211018 -0.02
v 1.514231 -2.211018 0.18
v 1.5 -2.21 -0.02
v 1.5 -2.21 0.18
v 1.485768 -2.211018 -0.02
v 1.485768 -2.211018 0.18
v 1.471827 -2.214051 -0.02
v 1.471827 -2.214051 0.18
v 1.458459 -2.219037 -0.02
v 1.458459 -2.219037 0.18
v 1.445936 -2.225875 -0.02
v 1.445936 -2.225875 0.18
v 1.434514 -2.234425 -0.02
v 1.434514 -2.234425 0.18
v 1.424425 -2.244514 -0.02
v 1.424425 -2.244514 0.18
v 1.415875 -2.255936 -0.02
v 1.415875 -2.255936 0.18
v 1.409037 -2.268458 -0.02
v 1.409037 -2.268458 0.18
v 1.404051 -2.281827 -0.02
v 1.404051 -2.281827 0.18
v 1.401018 -2.295768 -0.02
v 1.401018 -2.295768 0.18
v 1.4 -2.31 -0.02
v 1.4 -2.31 0.18
v 1.4 -2.51 0.18
v 1.4 -2.51 -0.02
v -2.31 -1.4 -0.02
v -2.51 -1.4 -0.02
v -2.31 -1.4 0.18
v -2.51 -1.4 0.18
v -2.295768 -1.401018 0.18
v -2.295768 -1.401018 -0.02
v -2.281827 -1.404051 0.18
v -2.281827 -1.404051 -0.02
v -2.268458 -1.409037 0.18
v -2.268458 -1.409037 -0.02
v -2.255936 -1.415875 0.18
v -2.255936 -1.415875 -0.02
v -2.244514 -1.424425 0.18
v -2.244514 -1.424425 -0.02
v -2.234425 -1.434514 0.18
v -2.234425 -1.434514 -0.02
v -2.225875 -1.445936 0.18
v -2.225875 -1.445936 -0.02
v -2.219037 -1.458459 0.18
v -2.219037 -1.458459 -0.02
v -2.214051 -1.471827 0.18
v -2.214051 -1.471827 -0.02
v -2.211018 -1.485768 0.18
v -2.211018 -1.485768 -0.02
v -2.21 -1.5 0.18
v -2.21 -1.5 -0.02
v -2.211018 -1.514231 0.18
v -2.211018 -1.514231 -0.02
v -2.214051 -1.528173 0.18
v -2.214051 -1.528173 -0.02
v -2.219037 -1.541542 0.18
v -2.219037 -1.541542 -0.02
v -2.225875 -1.554064 0.18
v -2.225875 -1.554064 -0.02
v -2.234425 -1.565486 0.18
v -2.234425 -1.565486 -0.02
v -2.244514 -1.575575 0.18
v -2.244514 -1.575575 -0.02
v -2.255936 -1.584125 0.18
v -2.255936 -1.584125 -0.02
v -2.268458 -1.590963 0.18
v -2.268458 -1.590963 -0.02
v -2.281827 -1.595949 0.18
v -2.281827 -1.595949 -0.02
v -2.295768 -1.598982 0.18
v -2.295768 -1.598982 -0.02
v -2.31 -1.6 0.18
v -2.31 -1.6 -0.02
v -2.51 -1.6 -0.02
v -2.51 -1.6 0.18
v -2.31 -0.9 -0.02
v -2.51 -0.9 -0.02
v -2.31 -0.9 0.18
v -2.51 -0.9 0.18
v -2.295768 -0.901018 0.18
v -2.295768 -0.901018 -0.02
v -2.281827 -0.904051 0.18
v -2.281827 -0.904051 -0.02
v -2.268458 -0.909037 0.18
v -2.268458 -0.909037 -0.02
v -2.255936 -0.915875 0.18
v -2.255936 -0.915875 -0.02
v -2.244514 -0.924425 0.18
v -2.244514 -0.924425 -0.02
v -2.234425 -0.934514 0.18
v -2.234425 -0.934514 -0.02
v -2.225875 -0.945936 0.18
v -2.225875 -0.945936 -0.02
v -2.219037 -0.958459 0.18
v -2.219037 -0.958459 -0.02
v -2.214051 -0.971827 0.18
v -2.214051 -0.971827 -0.02
v -2.211018 -0.985768 0.18
v -2.211018 -0.985768 -0.02
v -2.21 -1.0 0.18
v -2.21 -1.0 -0.02
v -2.211018 -1.014231 0.18
v -2.211018 -1.014231 -0.02
v -2.214051 -1.028173 0.18
v -2.214051 -1.028173 -0.02
v -2.219037 -1.041541 0.18
v -2.219037 -1.041541 -0.02
v -2.225875 -1.054064 0.18
v -2.225875 -1.054064 -0.02
v -2.234425 -1.065486 0.18
v -2.234425 -1.065486 -0.02
v -2.244514 -1.075575 0.18
v -2.244514 -1.075575 -0.02
v -2.255936 -1.084125 0.18
v -2.255936 -1.084125 -0.02
v -2.268458 -1.090963 0.18
v -2.268458 -1.090963 -0.02
v -2.281827 -1.095949 0.18
v -2.281827 -1.095949 -0.02
v -2.295768 -1.098982 0.18
v -2.295768 -1.098982 -0.02
v -2.31 -1.1 0.18
v -2.31 -1.1 -0.02
v -2.51 -1.1 -0.02
v -2.51 -1.1 0.18
v -2.31 -0.4 -0.02
v -2.51 -0.4 -0.02
v -2.31 -0.4 0.18
v -2.51 -0.4 0.18
v -2.295768 -0.401018 0.18
v -2.295768 -0.401018 -0.02
v -2.281827 -0.404051 0.18
v -2.281827 -0.404051 -0.02
v -2.268458 -0.409037 0.18
v -2.268458 -0.409037 -0.02
v -2.255936 -0.415875 0.18
v -2.255936 -0.415875 -0.02
v -2.244514 -0.424425 0.18
v -2.244514 -0.424425 -0.02
v -2.234425 -0.434514 0.18
v -2.234425 -0.434514 -0.02
v -2.225875 -0.445936 0.18
v -2.225875 -0.445936 -0.02
v -2.219037 -0.458458 0.18
v -2.219037 -0.458458 -0.02
v -2.214051 -0.471827 0.18
v -2.214051 -0.471827 -0.02
v -2.211018 -0.485769 0.18
v -2.211018 -0.485769 -0.02
v -2.21 -0.5 0.18
v -2.21 -0.5 -0.02
v -2.211018 -0.514232 0.18
v -2.211018 -0.514232 -0.02
v -2.214051 -0.528173 0.18
v -2.214051 -0.528173 -0.02
v -2.219037 -0.541542 0.18
v -2.219037 -0.541542 -0.02
v -2.225875 -0.554064 0.18
v -2.225875 -0.554064 -0.02
v -2.234425 -0.565486 0.18
v -2.234425 -0.565486 -0.02
v -2.244514 -0.575575 0.18
v -2.244514 -0.575575 -0.02
v -2.255936 -0.584125 0.18
v -2.255936 -0.584125 -0.02
v -2.268458 -0.590963 0.18
v -2.268458 -0.590963 -0.02
v -2.281827 -0.595949 0.18
v -2.281827 -0.595949 -0.02
v -2.295768 -0.598982 0.18
v -2.295768 -0.598982 -0.02
v -2.31 -0.6 0.18
v -2.31 -0.6 -0.02
v -2.51 -0.6 -0.02
v -2.51 -0.6 0.18
v -2.31 0.1 -0.02
v -2.51 0.1 -0.02
v -2.31 0.1 0.18
v -2.51 0.1 0.18
v -2.295768 0.098982 0.18
v -2.295768 0.098982 -0.02
v -2.281827 0.095949 0.18
v -2.281827 0.095949 -0.02
v -2.268458 0.090963 0.18
v -2.268458 0.090963 -0.02
v -2.255936 0.084125 0.18
v -2.255936 0.084125 -0.02
v -2.244514 0.075575 0.18
v -2.244514 0.075575 -0.02
v -2.234425 0.065486 0.18
v -2.234425 0.065486 -0.02
v -2.225875 0.054064 0.18
v -2.225875 0.054064 -0.02
v -2.219037 0.041542 0.18
v -2.219037 0.041542 -0.02
v -2.214051 0.028173 0.18
v -2.214051 0.028173 -0.02
v -2.211018 0.014231 0.18
v -2.211018 0.014231 -0.02
v -2.21 0.0 0.18
v -2.21 0.0 -0.02
v -2.211018 -0.014231 0.18
v -2.211018 -0.014231 -0.02
v -2.214051 -0.028173 0.18
v -2.214051 -0.028173 -0.02
v -2.219037 -0.041542 0.18
v -2.219037 -0.041542 -0.02
v -2.225875 -0.054064 0.18
v -2.225875 -0.054064 -0.02
v -2.234425 -0.065486 0.18
v -2.234425 -0.065486 -0.02
v -2.244514 -0.075575 0.18
v -2.244514 -0.075575 -0.02
v -2.255936 -0.084125 0.18
v -2.255936 -0.084125 -0.02
v -2.268458 -0.090963 0.18
v -2.268458 -0.090963 -0.02
v -2.281827 -0.095949 0.18
v -2.281827 -0.095949 -0.02
v -2.295768 -0.098982 0.18
v -2.295768 -0.098982 -0.02
v -2.31 -0.1 0.18
v -2.31 -0.1 -0.02
v -2.51 -0.1 -0.02
v -2.51 -0.1 0.18
v -2.31 0.6 -0.02
v -2.51 0.6 -0.02
v -2.31 0.6 0.18
v -2.51 0.6 0.18
v -2.295768 0.598982 0.18
v -2.295768 0.598982 -0.02
v -2.281827 0.595949 0.18
v -2.281827 0.595949 -0.02
v -2.268458 0.590963 0.18
v -2.268458 0.590963 -0.02
v -2.255936 0.584125 0.18
v -2.255936 0.584125 -0.02
v -2.244514 0.575575 0.18
v -2.244514 0.575575 -0.02
v -2.234425 0.565486 0.18
v -2.234425 0.565486 -0.02
v -2.225875 0.554064 0.18
v -2.225875 0.554064 -0.02
v -2.219037 0.541542 0.18
v -2.219037 0.541542 -0.02
v -2.214051 0.528173 0.18
v -2.214051 0.528173 -0.02
v -2.211018 0.514232 0.18
v -2.211018 0.514232 -0.02
v -2.21 0.5 0.18
v -2.21 0.5 -0.02
v -2.211018 0.485769 0.18
v -2.211018 0.485769 -0.02
v -2.214051 0.471827 0.18
v -2.214051 0.471827 -0.02
v -2.219037 0.458458 0.18
v -2.219037 0.458458 -0.02
v -2.225875 0.445936 0.18
v -2.225875 0.445936 -0.02
v -2.234425 0.434514 0.18
v -2.234425 0.434514 -0.02
v -2.244514 0.424425 0.18
v -2.244514 0.424425 -0.02
v -2.255936 0.415875 0.18
v -2.255936 0.415875 -0.02
v -2.268458 0.409037 0.18
v -2.268458 0.409037 -0.02
v -2.281827 0.404051 0.18
v -2.281827 0.404051 -0.02
v -2.295768 0.401018 0.18
v -2.295768 0.401018 -0.02
v -2.31 0.4 0.18
v -2.31 0.4 -0.02
v -2.51 0.4 -0.02
v -2.51 0.4 0.18
v -2.31 1.1 -0.02
v -2.51 1.1 -0.02
v -2.31 1.1 0.18
v -2.51 1.1 0.18
v -2.295768 1.098982 0.18
v -2.295768 1.098982 -0.02
v -2.281827 1.095949 0.18
v -2.281827 1.095949 -0.02
v -2.268458 1.090963 0.18
v -2.268458 1.090963 -0.02
v -2.255936 1.084125 0.18
v -2.255936 1.084125 -0.02
v -2.244514 1.075575 0.18
v -2.244514 1.075575 -0.02
v -2.234425 1.065486 0.18
v -2.234425 1.065486 -0.02
v -2.225875 1.054064 0.18
v -2.225875 1.054064 -0.02
v -2.219037 1.041541 0.18
v -2.219037 1.041541 -0.02
v -2.214051 1.028173 0.18
v -2.214051 1.028173 -0.02
v -2.211018 1.014231 0.18
v -2.211018 1.014231 -0.02
v -2.21 1.0 0.18
v -2.21 1.0 -0.02
v -2.211018 0.985768 0.18
v -2.211018 0.985768 -0.02
v -2.214051 0.971827 0.18
v -2.214051 0.971827 -0.02
v -2.219037 0.958459 0.18
v -2.219037 0.958459 -0.02
v -2.225875 0.945936 0.18
v -2.225875 0.945936 -0.02
v -2.234425 0.934514 0.18
v -2.234425 0.934514 -0.02
v -2.244514 0.924425 0.18
v -2.244514 0.924425 -0.02
v -2.255936 0.915875 0.18
v -2.255936 0.915875 -0.02
v -2.268458 0.909037 0.18
v -2.268458 0.909037 -0.02
v -2.281827 0.904051 0.18
v -2.281827 0.904051 -0.02
v -2.295768 0.901018 0.18
v -2.295768 0.901018 -0.02
v -2.31 0.9 0.18
v -2.31 0.9 -0.02
v -2.51 0.9 -0.02
v -2.51 0.9 0.18
v -2.31 1.6 -0.02
v -2.51 1.6 -0.02
v -2.31 1.6 0.18
v -2.51 1.6 0.18
v -2.295768 1.598982 0.18
v -2.295768 1.598982 -0.02
v -2.281827 1.595949 0.18
v -2.281827 1.595949 -0.02
v -2.268458 1.590963 0.18
v -2.268458 1.590963 -0.02
v -2.255936 1.584125 0.18
v -2.255936 1.584125 -0.02
v -2.244514 1.575575 0.18
v -2.244514 1.575575 -0.02
v -2.234425 1.565486 0.18
v -2.234425 1.565486 -0.02
v -2.225875 1.554064 0.18
v -2.225875 1.554064 -0.02
v -2.219037 1.541542 0.18
v -2.219037 1.541542 -0.02
v -2.214051 1.528173 0.18
v -2.214051 1.528173 -0.02
v -2.211018 1.514231 0.18
v -2.211018 1.514231 -0.02
v -2.21 1.5 0.18
v -2.21 1.5 -0.02
v -2.211018 1.485768 0.18
v -2.211018 1.485768 -0.02
v -2.214051 1.471827 0.18
v -2.214051 1.471827 -0.02
v -2.219037 1.458459 0.18
v -2.219037 1.458459 -0.02
v -2.225875 1.445936 0.18
v -2.225875 1.445936 -0.02
v -2.234425 1.434514 0.18
v -2.234425 1.434514 -0.02
v -2.244514 1.424425 0.18
v -2.244514 1.424425 -0.02
v -2.255936 1.415875 0.18
v -2.255936 1.415875 -0.02
v -2.268458 1.409037 0.18
v -2.268458 1.409037 -0.02
v -2.281827 1.404051 0.18
v -2.281827 1.404051 -0.02
v -2.295768 1.401018 0.18
v -2.295768 1.401018 -0.02
v -2.31 1.4 0.18
v -2.31 1.4 -0.02
v -2.51 1.4 -0.02
v -2.51 1.4 0.18
v -1.4 2.31 -0.02
v -1.4 2.51 -0.02
v -1.4 2.31 0.18
v -1.4 2.51 0.18
v -1.401018 2.295768 0.18
v -1.401018 2.295768 -0.02
v -1.404051 2.281827 0.18
v -1.404051 2.281827 -0.02
v -1.409037 2.268458 0.18
v -1.409037 2.268458 -0.02
v -1.415875 2.255936 0.18
v -1.415875 2.255936 -0.02
v -1.424425 2.244514 0.18
v -1.424425 2.244514 -0.02
v -1.434514 2.234425 0.18
v -1.434514 2.234425 -0.02
v -1.445936 2.225875 0.18
v -1.445936 2.225875 -0.02
v -1.458459 2.219037 0.18
v -1.458459 2.219037 -0.02
v -1.471827 2.214051 0.18
v -1.471827 2.214051 -0.02
v -1.485768 2.211018 0.18
v -1.485768 2.211018 -0.02
v -1.5 2.21 0.18
v -1.5 2.21 -0.02
v -1.514231 2.211018 0.18
v -1.514231 2.211018 -0.02
v -1.528173 2.214051 0.18
v -1.528173 2.214051 -0.02
v -1.541542 2.219037 0.18
v -1.541542 2.219037 -0.02
v -1.554064 2.225875 0.18
v -1.554064 2.225875 -0.02
v -1.565486 2.234425 0.18
v -1.565486 2.234425 -0.02
v -1.575575 2.244514 0.18
v -1.575575 2.244514 -0.02
v -1.584125 2.255936 0.18
v -1.584125 2.255936 -0.02
v -1.590963 2.268458 0.18
v -1.590963 2.268458 -0.02
v -1.595949 2.281827 0.18
v -1.595949 2.281827 -0.02
v -1.598982 2.295768 0.18
v -1.598982 2.295768 -0.02
v -1.6 2.31 0.18
v -1.6 2.31 -0.02
v -1.6 2.51 -0.02
v -1.6 2.51 0.18
v -0.9 2.31 -0.02
v -0.9 2.51 -0.02
v -0.9 2.31 0.18
v -0.9 2.51 0.18
v -0.901018 2.295768 0.18
v -0.901018 2.295768 -0.02
v -0.904051 2.281827 0.18
v -0.904051 2.281827 -0.02
v -0.909037 2.268458 0.18
v -0.909037 2.268458 -0.02
v -0.915875 2.255936 0.18
v -0.915875 2.255936 -0.02
v -0.924425 2.244514 0.18
v -0.924425 2.244514 -0.02
v -0.934514 2.234425 0.18
v -0.934514 2.234425 -0.02
v -0.945936 2.225875 0.18
v -0.945936 2.225875 -0.02
v -0.958459 2.219037 0.18
v -0.958459 2.219037 -0.02
v -0.971827 2.214051 0.18
v -0.971827 2.214051 -0.02
v -0.985768 2.211018 0.18
v -0.985768 2.211018 -0.02
v -1.0 2.21 0.18
v -1.0 2.21 -0.02
v -1.014231 2.211018 0.18
v -1.014231 2.211018 -0.02
v -1.028173 2.214051 0.18
v -1.028173 2.214051 -0.02
v -1.041541 2.219037 0.18
v -1.041541 2.219037 -0.02
v -1.054064 2.225875 0.18
v -1.054064 2.225875 -0.02
v -1.065486 2.234425 0.18
v -1.065486 2.234425 -0.02
v -1.075575 2.244514 0.18
v -1.075575 2.244514 -0.02
v -1.084125 2.255936 0.18
v -1.084125 2.255936 -0.02
v -1.090963 2.268458 0.18
v -1.090963 2.268458 -0.02
v -1.095949 2.281827 0.18
v -1.095949 2.281827 -0.02
v -1.098982 2.295768 0.18
v -1.098982 2.295768 -0.02
v -1.1 2.31 0.18
v -1.1 2.31 -0.02
v -1.1 2.51 -0.02
v -1.1 2.51 0.18
v -0.4 2.31 -0.02
v -0.4 2.51 -0.02
v -0.4 2.31 0.18
v -0.4 2.51 0.18
v -0.401018 2.295768 0.18
v -0.401018 2.295768 -0.02
v -0.404051 2.281827 0.18
v -0.404051 2.281827 -0.02
v -0.409037 2.268458 0.18
v -0.409037 2.268458 -0.02
v -0.415875 2.255936 0.18
v -0.415875 2.255936 -0.02
v -0.424425 2.244514 0.18
v -0.424425 2.244514 -0.02
v -0.434514 2.234425 0.18
v -0.434514 2.234425 -0.02
v -0.445936 2.225875 0.18
v -0.445936 2.225875 -0.02
v -0.458458 2.219037 0.18
v -0.458458 2.219037 -0.02
v -0.471827 2.214051 0.18
v -0.471827 2.214051 -0.02
v -0.485769 2.211018 0.18
v -0.485769 2.211018 -0.02
v -0.5 2.21 0.18
v -0.5 2.21 -0.02
v -0.514232 2.211018 0.18
v -0.514232 2.211018 -0.02
v -0.528173 2.214051 0.18
v -0.528173 2.214051 -0.02
v -0.541542 2.219037 0.18
v -0.541542 2.219037 -0.02
v -0.554064 2.225875 0.18
v -0.554064 2.225875 -0.02
v -0.565486 2.234425 0.18
v -0.565486 2.234425 -0.02
v -0.575575 2.244514 0.18
v -0.575575 2.244514 -0.02
v -0.584125 2.255936 0.18
v -0.584125 2.255936 -0.02
v -0.590963 2.268458 0.18
v -0.590963 2.268458 -0.02
v -0.595949 2.281827 0.18
v -0.595949 2.281827 -0.02
v -0.598982 2.295768 0.18
v -0.598982 2.295768 -0.02
v -0.6 2.31 0.18
v -0.6 2.31 -0.02
v -0.6 2.51 -0.02
v -0.6 2.51 0.18
v 0.1 2.31 -0.02
v 0.1 2.51 -0.02
v 0.1 2.31 0.18
v 0.1 2.51 0.18
v 0.098982 2.295768 0.18
v 0.098982 2.295768 -0.02
v 0.095949 2.281827 0.18
v 0.095949 2.281827 -0.02
v 0.090963 2.268458 0.18
v 0.090963 2.268458 -0.02
v 0.084125 2.255936 0.18
v 0.084125 2.255936 -0.02
v 0.075575 2.244514 0.18
v 0.075575 2.244514 -0.02
v 0.065486 2.234425 0.18
v 0.065486 2.234425 -0.02
v 0.054064 2.225875 0.18
v 0.054064 2.225875 -0.02
v 0.041542 2.219037 0.18
v 0.041542 2.219037 -0.02
v 0.028173 2.214051 0.18
v 0.028173 2.214051 -0.02
v 0.014231 2.211018 0.18
v 0.014231 2.211018 -0.02
v 0.0 2.21 0.18
v 0.0 2.21 -0.02
v -0.014231 2.211018 0.18
v -0.014231 2.211018 -0.02
v -0.028173 2.214051 0.18
v -0.028173 2.214051 -0.02
v -0.041542 2.219037 0.18
v -0.041542 2.219037 -0.02
v -0.054064 2.225875 0.18
v -0.054064 2.225875 -0.02
v -0.065486 2.234425 0.18
v -0.065486 2.234425 -0.02
v -0.075575 2.244514 0.18
v -0.075575 2.244514 -0.02
v -0.084125 2.255936 0.18
v -0.084125 2.255936 -0.02
v -0.090963 2.268458 0.18
v -0.090963 2.268458 -0.02
v -0.095949 2.281827 0.18
v -0.095949 2.281827 -0.02
v -0.098982 2.295768 0.18
v -0.098982 2.295768 -0.02
v -0.1 2.31 0.18
v -0.1 2.31 -0.02
v -0.1 2.51 -0.02
v -0.1 2.51 0.18
v 0.6 2.31 -0.02
v 0.6 2.51 -0.02
v 0.6 2.31 0.18
v 0.6 2.51 0.18
v 0.598982 2.295768 0.18
v 0.598982 2.295768 -0.02
v 0.595949 2.281827 0.18
v 0.595949 2.281827 -0.02
v 0.590963 2.268458 0.18
v 0.590963 2.268458 -0.02
v 0.584125 2.255936 0.18
v 0.584125 2.255936 -0.02
v 0.575575 2.244514 0.18
v 0.575575 2.244514 -0.02
v 0.565486 2.234425 0.18
v 0.565486 2.234425 -0.02
v 0.554064 2.225875 0.18
v 0.554064 2.225875 -0.02
v 0.541542 2.219037 0.18
v 0.541542 2.219037 -0.02
v 0.528173 2.214051 0.18
v 0.528173 2.214051 -0.02
v 0.514232 2.211018 0.18
v 0.514232 2.211018 -0.02
v 0.5 2.21 0.18
v 0.5 2.21 -0.02
v 0.485769 2.211018 0.18
v 0.485769 2.211018 -0.02
v 0.471827 2.214051 0.18
v 0.471827 2.214051 -0.02
v 0.458458 2.219037 0.18
v 0.458458 2.219037 -0.02
v 0.445936 2.225875 0.18
v 0.445936 2.225875 -0.02
v 0.434514 2.234425 0.18
v 0.434514 2.234425 -0.02
v 0.424425 2.244514 0.18
v 0.424425 2.244514 -0.02
v 0.415875 2.255936 0.18
v 0.415875 2.255936 -0.02
v 0.409037 2.268458 0.18
v 0.409037 2.268458 -0.02
v 0.404051 2.281827 0.18
v 0.404051 2.281827 -0.02
v 0.401018 2.295768 0.18
v 0.401018 2.295768 -0.02
v 0.4 2.31 0.18
v 0.4 2.31 -0.02
v 0.4 2.51 -0.02
v 0.4 2.51 0.18
v 1.1 2.31 -0.02
v 1.1 2.51 -0.02
v 1.1 2.31 0.18
v 1.1 2.51 0.18
v 1.098982 2.295768 0.18
v 1.098982 2.295768 -0.02
v 1.095949 2.281827 0.18
v 1.095949 2.281827 -0.02
v 1.090963 2.268458 0.18
v 1.090963 2.268458 -0.02
v 1.084125 2.255936 0.18
v 1.084125 2.255936 -0.02
v 1.075575 2.244514 0.18
v 1.075575 2.244514 -0.02
v 1.065486 2.234425 0.18
v 1.065486 2.234425 -0.02
v 1.054064 2.225875 0.18
v 1.054064 2.225875 -0.02
v 1.041541 2.219037 0.18
v 1.041541 2.219037 -0.02
v 1.028173 2.214051 0.18
v 1.028173 2.214051 -0.02
v 1.014231 2.211018 0.18
v 1.014231 2.211018 -0.02
v 1.0 2.21 0.18
v 1.0 2.21 -0.02
v 0.985768 2.211018 0.18
v 0.985768 2.211018 -0.02
v 0.971827 2.214051 0.18
v 0.971827 2.214051 -0.02
v 0.958459 2.219037 0.18
v 0.958459 2.219037 -0.02
v 0.945936 2.225875 0.18
v 0.945936 2.225875 -0.02
v 0.934514 2.234425 0.18
v 0.934514 2.234425 -0.02
v 0.924425 2.244514 0.18
v 0.924425 2.244514 -0.02
v 0.915875 2.255936 0.18
v 0.915875 2.255936 -0.02
v 0.909037 2.268458 0.18
v 0.909037 2.268458 -0.02
v 0.904051 2.281827 0.18
v 0.904051 2.281827 -0.02
v 0.901018 2.295768 0.18
v 0.901018 2.295768 -0.02
v 0.9 2.31 0.18
v 0.9 2.31 -0.02
v 0.9 2.51 -0.02
v 0.9 2.51 0.18
v 1.6 2.31 -0.02
v 1.6 2.51 -0.02
v 1.6 2.31 0.18
v 1.6 2.51 0.18
v 1.598982 2.295768 0.18
v 1.598982 2.295768 -0.02
v 1.595949 2.281827 0.18
v 1.595949 2.281827 -0.02
v 1.590963 2.268458 0.18
v 1.590963 2.268458 -0.02
v 1.584125 2.255936 0.18
v 1.584125 2.255936 -0.02
v 1.575575 2.244514 0.18
v 1.575575 2.244514 -0.02
v 1.565486 2.234425 0.18
v 1.565486 2.234425 -0.02
v 1.554064 2.225875 0.18
v 1.554064 2.225875 -0.02
v 1.541542 2.219037 0.18
v 1.541542 2.219037 -0.02
v 1.528173 2.214051 0.18
v 1.528173 2.214051 -0.02
v 1.514231 2.211018 0.18
v 1.514231 2.211018 -0.02
v 1.5 2.21 0.18
v 1.5 2.21 -0.02
v 1.485768 2.211018 0.18
v 1.485768 2.211018 -0.02
v 1.471827 2.214051 0.18
v 1.471827 2.214051 -0.02
v 1.458459 2.219037 0.18
v 1.458459 2.219037 -0.02
v 1.445936 2.225875 0.18
v 1.445936 2.225875 -0.02
v 1.434514 2.234425 0.18
v 1.434514 2.234425 -0.02
v 1.424425 2.244514 0.18
v 1.424425 2.244514 -0.02
v 1.415875 2.255936 0.18
v 1.415875 2.255936 -0.02
v 1.409037 2.268458 0.18
v 1.409037 2.268458 -0.02
v 1.404051 2.281827 0.18
v 1.404051 2.281827 -0.02
v 1.401018 2.295768 0.18
v 1.401018 2.295768 -0.02
v 1.4 2.31 0.18
v 1.4 2.31 -0.02
v 1.4 2.51 -0.02
v 1.4 2.51 0.18
usemtl 1
f 1// 2// 3//
f 4// 5// 6//
f 7// 8// 9//
f 9// 8// 10//
f 1// 3// 11//
f 11// 3// 4//
f 11// 4// 12//
f 12// 4// 13//
f 12// 13// 14//
f 2// 15// 3//
f 3// 15// 16//
f 3// 16// 17//
f 18// 19// 3//
f 3// 19// 20//
f 21// 22// 23//
f 23// 22// 24//
f 20// 25// 3//
f 3// 25// 24//
f 3// 24// 26//
f 26// 24// 22//
f 27// 28// 29//
f 29// 28// 13//
f 29// 13// 30//
f 30// 13// 31//
f 30// 31// 32//
f 32// 31// 33//
f 17// 34// 3//
f 3// 34// 35//
f 3// 35// 18//
f 7// 36// 8//
f 8// 36// 37//
f 8// 37// 38//
f 38// 37// 39//
f 38// 39// 40//
f 28// 41// 13//
f 13// 41// 42//
f 13// 42// 43//
f 39// 44// 40//
f 40// 44// 45//
f 40// 45// 29//
f 29// 45// 46//
f 29// 46// 27//
f 43// 47// 13//
f 13// 47// 48//
f 13// 48// 14//
f 5// 49// 6//
f 6// 49// 50//
f 6// 50// 51//
f 51// 50// 52//
f 51// 52// 53//
f 53// 52// 54//
f 53// 54// 33//
f 33// 54// 10//
f 33// 10// 32//
f 32// 10// 8//
f 55// 56// 57//
f 58// 59// 6//
f 6// 59// 60//
f 61// 62// 63//
f 64// 65// 66//
f 57// 67// 55//
f 55// 67// 68//
f 55// 68// 69//
f 63// 62// 70//
f 4// 6// 13//
f 13// 6// 60//
f 13// 60// 63//
f 63// 60// 71//
f 63// 71// 64//
f 72// 73// 74//
f 75// 76// 74//
f 74// 76// 77//
f 74// 77// 72//
f 72// 77// 58//
f 72// 58// 78//
f 78// 58// 6//
f 78// 6// 79//
f 80// 81// 6//
f 66// 73// 64//
f 64// 73// 72//
f 64// 72// 63//
f 63// 72// 82//
f 82// 83// 63//
f 63// 83// 84//
f 63// 84// 85//
f 86// 87// 81//
f 81// 87// 88//
f 81// 88// 6//
f 6// 88// 55//
f 6// 55// 79//
f 79// 55// 69//
f 85// 89// 63//
f 63// 89// 90//
f 63// 90// 61//
f 61// 90// 91//
f 91// 92// 61//
f 61// 92// 93//
f 61// 93// 55//
f 55// 93// 94//
f 55// 94// 56//
f 62// 80// 70//
f 70// 80// 6//
f 70// 6// 95//
f 95// 6// 51//
f 96// 97// 98//
f 99// 100// 101//
f 102// 99// 103//
f 104// 105// 106//
f 107// 108// 109//
f 110// 111// 112//
f 110// 112// 113//
f 113// 112// 114//
f 113// 114// 115//
f 107// 116// 117//
f 118// 119// 120//
f 120// 119// 121//
f 107// 117// 108//
f 108// 117// 122//
f 108// 122// 123//
f 118// 124// 119//
f 119// 124// 125//
f 119// 125// 126//
f 126// 127// 119//
f 119// 127// 128//
f 119// 128// 107//
f 107// 128// 129//
f 107// 129// 116//
f 130// 131// 132//
f 132// 131// 133//
f 132// 133// 134//
f 135// 136// 137//
f 137// 138// 135//
f 135// 138// 139//
f 135// 139// 140//
f 141// 142// 132//
f 132// 142// 143//
f 132// 143// 130//
f 140// 144// 135//
f 135// 144// 145//
f 135// 145// 141//
f 146// 147// 148//
f 149// 150// 151//
f 151// 150// 152//
f 149// 153// 150//
f 150// 153// 154//
f 150// 154// 155//
f 156// 157// 158//
f 158// 157// 159//
f 160// 161// 162//
f 162// 161// 163//
f 162// 163// 164//
f 165// 158// 166//
f 166// 158// 150//
f 166// 150// 167//
f 167// 150// 155//
f 160// 162// 165//
f 165// 162// 168//
f 165// 168// 158//
f 158// 168// 169//
f 158// 169// 170//
f 170// 171// 158//
f 158// 171// 172//
f 158// 172// 156//
f 173// 174// 175//
f 175// 174// 176//
f 150// 177// 152//
f 152// 177// 174//
f 152// 174// 178//
f 178// 174// 173//
f 179// 180// 176//
f 181// 182// 176//
f 176// 182// 183//
f 176// 183// 184//
f 179// 176// 185//
f 180// 186// 187//
f 184// 188// 176//
f 176// 188// 189//
f 176// 189// 175//
f 190// 191// 192//
f 192// 191// 193//
f 192// 193// 194//
f 194// 195// 192//
f 192// 195// 196//
f 192// 196// 176//
f 176// 196// 197//
f 176// 197// 185//
f 147// 198// 148//
f 148// 198// 199//
f 148// 199// 192//
f 192// 199// 200//
f 192// 200// 190//
f 187// 201// 180//
f 180// 201// 202//
f 180// 202// 176//
f 176// 202// 203//
f 176// 203// 181//
f 204// 205// 206//
f 207// 208// 176//
f 176// 208// 209//
f 210// 211// 212//
f 212// 211// 213//
f 212// 213// 214//
f 98// 215// 216//
f 216// 217// 98//
f 98// 217// 218//
f 98// 218// 206//
f 206// 218// 219//
f 206// 219// 204//
f 217// 220// 218//
f 218// 220// 221//
f 218// 221// 222//
f 209// 223// 176//
f 176// 223// 224//
f 176// 224// 225//
f 222// 226// 218//
f 218// 226// 227//
f 218// 227// 228//
f 225// 210// 176//
f 176// 210// 212//
f 176// 212// 192//
f 192// 212// 229//
f 192// 229// 215//
f 214// 230// 212//
f 212// 230// 231//
f 212// 231// 232//
f 232// 233// 212//
f 212// 233// 234//
f 212// 234// 235//
f 236// 237// 238//
f 228// 227// 238//
f 238// 227// 239//
f 238// 239// 236//
f 237// 240// 238//
f 238// 240// 241//
f 238// 241// 242//
f 243// 244// 238//
f 238// 244// 245//
f 238// 245// 246//
f 242// 247// 238//
f 238// 247// 248//
f 238// 248// 243//
f 249// 250// 251//
f 251// 250// 174//
f 250// 252// 174//
f 174// 252// 253//
f 174// 253// 176//
f 176// 253// 254//
f 176// 254// 207//
f 106// 105// 112//
f 112// 105// 255//
f 112// 255// 256//
f 257// 97// 258//
f 258// 97// 96//
f 258// 96// 259//
f 159// 260// 158//
f 158// 260// 146//
f 158// 146// 103//
f 103// 146// 148//
f 103// 148// 102//
f 111// 136// 112//
f 112// 136// 135//
f 112// 135// 106//
f 106// 135// 261//
f 262// 107// 256//
f 256// 107// 109//
f 256// 109// 112//
f 112// 109// 263//
f 112// 263// 114//
f 215// 98// 192//
f 192// 98// 97//
f 192// 97// 148//
f 148// 97// 257//
f 148// 257// 102//
f 141// 132// 135//
f 135// 132// 264//
f 135// 264// 265//
f 266// 267// 268//
f 265// 269// 135//
f 135// 269// 266//
f 135// 266// 261//
f 261// 266// 268//
f 261// 268// 270//
f 270// 268// 271//
f 270// 271// 132//
f 132// 271// 272//
f 132// 272// 264//
f 119// 273// 274//
f 274// 273// 275//
f 275// 276// 277//
f 262// 278// 279//
f 279// 280// 262//
f 262// 280// 281//
f 262// 281// 107//
f 107// 281// 282//
f 107// 282// 119//
f 119// 282// 283//
f 119// 283// 273//
f 284// 285// 262//
f 277// 278// 275//
f 275// 278// 262//
f 275// 262// 274//
f 274// 262// 285//
f 274// 285// 286//
f 287// 288// 289//
f 289// 288// 290//
f 289// 290// 291//
f 291// 290// 292//
f 255// 259// 256//
f 256// 259// 96//
f 256// 96// 262//
f 262// 96// 98//
f 262// 98// 284//
f 284// 98// 292//
f 284// 292// 293//
f 293// 292// 290//
f 286// 294// 274//
f 274// 294// 295//
f 274// 295// 206//
f 206// 295// 296//
f 206// 296// 98//
f 98// 296// 297//
f 98// 297// 292//
f 298// 299// 300//
f 300// 299// 301//
f 300// 301// 302//
f 302// 301// 294//
f 294// 301// 303//
f 294// 303// 295//
f 134// 304// 132//
f 132// 304// 305//
f 132// 305// 270//
f 270// 305// 306//
f 205// 249// 206//
f 206// 249// 251//
f 206// 251// 274//
f 274// 251// 307//
f 274// 307// 119//
f 119// 307// 308//
f 119// 308// 121//
f 121// 308// 305//
f 121// 305// 309//
f 309// 305// 304//
f 99// 101// 103//
f 103// 101// 310//
f 103// 310// 158//
f 158// 310// 311//
f 158// 311// 150//
f 150// 311// 312//
f 150// 312// 177//
f 313// 314// 315//
f 315// 314// 316//
f 315// 316// 317//
f 318// 319// 306//
f 306// 319// 320//
f 321// 322// 323//
f 323// 322// 324//
f 323// 324// 325//
f 326// 327// 328//
f 328// 327// 329//
f 328// 329// 330//
f 325// 331// 323//
f 323// 331// 332//
f 323// 332// 315//
f 315// 332// 333//
f 315// 333// 313//
f 320// 334// 306//
f 306// 334// 335//
f 306// 335// 336//
f 104// 106// 337//
f 337// 106// 261//
f 337// 261// 338//
f 338// 261// 270//
f 338// 270// 339//
f 339// 270// 306//
f 339// 306// 328//
f 328// 306// 336//
f 328// 336// 326//
f 330// 340// 328//
f 328// 340// 341//
f 328// 341// 323//
f 323// 341// 342//
f 323// 342// 321//
f 312// 343// 177//
f 177// 343// 344//
f 177// 344// 174//
f 174// 344// 345//
f 174// 345// 251//
f 251// 345// 346//
f 251// 346// 307//
f 307// 346// 347//
f 307// 347// 308//
f 308// 347// 348//
f 308// 348// 305//
f 305// 348// 349//
f 305// 349// 306//
f 306// 349// 315//
f 306// 315// 318//
f 318// 315// 317//
f 31// 343// 33//
f 33// 343// 312//
f 312// 311// 33//
f 33// 311// 310//
f 33// 310// 53//
f 53// 310// 101//
f 53// 101// 100//
f 348// 347// 13//
f 63// 323// 315//
f 63// 315// 13//
f 13// 315// 349//
f 13// 349// 348//
f 347// 346// 13//
f 13// 346// 345//
f 13// 345// 31//
f 31// 345// 344//
f 31// 344// 343//
f 338// 70// 337//
f 337// 70// 95//
f 337// 95// 104//
f 323// 63// 328//
f 328// 63// 70//
f 328// 70// 339//
f 339// 70// 338//
f 350// 351// 51//
f 51// 352// 95//
f 95// 352// 353//
f 53// 100// 99//
f 104// 95// 105//
f 105// 95// 353//
f 105// 353// 255//
f 255// 353// 354//
f 255// 354// 259//
f 51// 53// 350//
f 350// 53// 99//
f 350// 99// 355//
f 355// 99// 102//
f 355// 102// 356//
f 356// 102// 257//
f 257// 258// 356//
f 356// 258// 259//
f 356// 259// 351//
f 351// 259// 354//
f 351// 354// 51//
f 51// 354// 357//
f 51// 357// 352//
usemtl 2
f 358// 359// 272//
f 272// 359// 264//
f 359// 360// 264//
f 264// 360// 265//
f 360// 361// 265//
f 265// 361// 269//
f 361// 362// 269//
f 269// 362// 266//
f 362// 363// 266//
f 266// 363// 267//
f 363// 364// 267//
f 267// 364// 268//
f 364// 365// 268//
f 268// 365// 271//
f 365// 358// 271//
f 271// 358// 272//
f 358// 365// 363//
f 363// 365// 364//
f 359// 358// 360//
f 360// 358// 363//
f 360// 363// 361//
f 361// 363// 362//
f 366// 318// 367//
f 367// 318// 317//
f 367// 317// 368//
f 368// 317// 316//
f 368// 316// 369//
f 369// 316// 314//
f 369// 314// 370//
f 370// 314// 313//
f 370// 313// 371//
f 371// 313// 333//
f 371// 333// 372//
f 372// 333// 332//
f 372// 332// 373//
f 373// 332// 331//
f 373// 331// 374//
f 374// 331// 325//
f 374// 325// 375//
f 375// 325// 324//
f 375// 324// 376//
f 376// 324// 322//
f 376// 322// 377//
f 377// 322// 321//
f 377// 321// 378//
f 378// 321// 342//
f 378// 342// 379//
f 379// 342// 341//
f 379// 341// 380//
f 380// 341// 340//
f 380// 340// 381//
f 381// 340// 330//
f 381// 330// 382//
f 382// 330// 329//
f 382// 329// 383//
f 383// 329// 327//
f 383// 327// 384//
f 384// 327// 326//
f 384// 326// 385//
f 385// 326// 336//
f 385// 336// 386//
f 386// 336// 335//
f 386// 335// 387//
f 387// 335// 334//
f 387// 334// 388//
f 388// 334// 320//
f 388// 320// 389//
f 389// 320// 319//
f 389// 319// 366//
f 366// 319// 318//
f 388// 389// 390//
f 390// 389// 366//
f 390// 366// 367//
f 385// 386// 390//
f 390// 386// 387//
f 390// 387// 388//
f 382// 383// 390//
f 390// 383// 384//
f 390// 384// 385//
f 379// 380// 390//
f 390// 380// 381//
f 390// 381// 382//
f 376// 377// 390//
f 390// 377// 378//
f 390// 378// 379//
f 373// 374// 390//
f 390// 374// 375//
f 390// 375// 376//
f 370// 371// 390//
f 390// 371// 372//
f 390// 372// 373//
f 367// 368// 390//
f 390// 368// 369//
f 390// 369// 370//
f 198// 391// 199//
f 199// 391// 392//
f 199// 392// 200//
f 200// 392// 393//
f 200// 393// 190//
f 190// 393// 394//
f 190// 394// 191//
f 191// 394// 395//
f 191// 395// 193//
f 193// 395// 396//
f 193// 396// 194//
f 194// 396// 397//
f 194// 397// 195//
f 195// 397// 398//
f 195// 398// 196//
f 399// 186// 180//
f 399// 180// 400//
f 400// 180// 179//
f 400// 179// 401//
f 401// 179// 185//
f 401// 185// 402//
f 402// 185// 197//
f 402// 197// 403//
f 403// 197// 196//
f 403// 196// 398//
f 404// 181// 203//
f 404// 203// 405//
f 405// 203// 202//
f 405// 202// 406//
f 406// 202// 201//
f 406// 201// 407//
f 407// 201// 187//
f 407// 187// 408//
f 408// 187// 186//
f 408// 186// 399//
f 409// 178// 173//
f 409// 173// 410//
f 410// 173// 175//
f 410// 175// 411//
f 175// 189// 411//
f 411// 189// 188//
f 411// 188// 412//
f 412// 188// 184//
f 412// 184// 413//
f 413// 184// 183//
f 413// 183// 414//
f 414// 183// 182//
f 414// 182// 415//
f 415// 182// 181//
f 415// 181// 404//
f 178// 409// 152//
f 152// 409// 416//
f 152// 416// 151//
f 151// 416// 417//
f 151// 417// 149//
f 149// 417// 418//
f 149// 418// 153//
f 153// 418// 419//
f 153// 419// 154//
f 154// 419// 420//
f 154// 420// 155//
f 155// 420// 421//
f 155// 421// 167//
f 167// 421// 422//
f 167// 422// 166//
f 423// 164// 163//
f 423// 163// 424//
f 424// 163// 161//
f 424// 161// 425//
f 425// 161// 160//
f 425// 160// 426//
f 426// 160// 165//
f 426// 165// 427//
f 427// 165// 166//
f 427// 166// 422//
f 428// 171// 170//
f 428// 170// 429//
f 429// 170// 169//
f 429// 169// 430//
f 430// 169// 168//
f 430// 168// 431//
f 431// 168// 162//
f 431// 162// 432//
f 432// 162// 164//
f 432// 164// 423//
f 391// 198// 147//
f 391// 147// 433//
f 433// 147// 146//
f 433// 146// 434//
f 146// 260// 434//
f 434// 260// 159//
f 434// 159// 435//
f 435// 159// 157//
f 435// 157// 436//
f 436// 157// 156//
f 436// 156// 437//
f 437// 156// 172//
f 437// 172// 438//
f 438// 172// 171//
f 438// 171// 428//
f 439// 440// 441//
f 439// 441// 442//
f 443// 423// 444//
f 444// 423// 445//
f 446// 447// 399//
f 399// 447// 448//
f 443// 449// 423//
f 423// 449// 450//
f 423// 450// 442//
f 448// 447// 440//
f 440// 447// 451//
f 440// 451// 441//
f 442// 441// 423//
f 423// 441// 452//
f 423// 452// 432//
f 432// 452// 453//
f 432// 453// 431//
f 454// 420// 455//
f 455// 420// 419//
f 455// 419// 456//
f 456// 419// 418//
f 456// 418// 457//
f 457// 418// 417//
f 457// 417// 458//
f 423// 424// 445//
f 445// 424// 425//
f 445// 425// 426//
f 453// 459// 431//
f 431// 459// 460//
f 431// 460// 430//
f 430// 460// 461//
f 430// 461// 429//
f 429// 461// 462//
f 426// 427// 445//
f 445// 427// 422//
f 445// 422// 454//
f 454// 422// 421//
f 454// 421// 420//
f 448// 463// 399//
f 399// 463// 464//
f 399// 464// 408//
f 408// 464// 465//
f 408// 465// 407//
f 407// 465// 466//
f 407// 466// 406//
f 406// 466// 467//
f 406// 467// 405//
f 405// 467// 468//
f 405// 468// 404//
f 404// 468// 469//
f 458// 417// 470//
f 470// 417// 416//
f 470// 416// 471//
f 471// 416// 409//
f 471// 409// 472//
f 472// 409// 410//
f 472// 410// 473//
f 473// 410// 411//
f 473// 411// 474//
f 474// 411// 412//
f 474// 412// 475//
f 475// 412// 413//
f 475// 413// 476//
f 476// 413// 414//
f 476// 414// 469//
f 469// 414// 415//
f 469// 415// 404//
f 446// 399// 477//
f 477// 399// 400//
f 477// 400// 478//
f 478// 400// 401//
f 478// 401// 479//
f 479// 401// 402//
f 479// 402// 480//
f 480// 402// 403//
f 480// 403// 481//
f 481// 403// 398//
f 481// 398// 482//
f 482// 398// 397//
f 482// 397// 483//
f 483// 397// 396//
f 483// 396// 484//
f 484// 396// 395//
f 484// 395// 485//
f 485// 395// 394//
f 485// 394// 486//
f 486// 394// 393//
f 486// 393// 487//
f 487// 393// 392//
f 487// 392// 488//
f 488// 392// 391//
f 488// 391// 489//
f 489// 391// 433//
f 489// 433// 490//
f 490// 433// 434//
f 490// 434// 491//
f 491// 434// 435//
f 491// 435// 492//
f 492// 435// 436//
f 492// 436// 493//
f 493// 436// 437//
f 493// 437// 494//
f 494// 437// 438//
f 494// 438// 462//
f 462// 438// 428//
f 462// 428// 429//
f 481// 495// 496//
f 481// 496// 480//
f 480// 496// 497//
f 480// 497// 479//
f 479// 497// 498//
f 479// 498// 478//
f 478// 498// 499//
f 478// 499// 477//
f 477// 499// 500//
f 477// 500// 446//
f 446// 500// 501//
f 446// 501// 447//
f 447// 501// 502//
f 447// 502// 451//
f 451// 502// 503//
f 451// 503// 441//
f 441// 503// 504//
f 441// 504// 452//
f 452// 504// 505//
f 452// 505// 453//
f 453// 505// 506//
f 453// 506// 459//
f 459// 506// 507//
f 459// 507// 460//
f 460// 507// 508//
f 460// 508// 461//
f 461// 508// 509//
f 461// 509// 462//
f 462// 509// 510//
f 462// 510// 494//
f 494// 510// 511//
f 494// 511// 493//
f 493// 511// 512//
f 493// 512// 492//
f 492// 512// 513//
f 492// 513// 491//
f 491// 513// 514//
f 491// 514// 490//
f 490// 514// 515//
f 490// 515// 489//
f 489// 515// 516//
f 489// 516// 488//
f 488// 516// 517//
f 488// 517// 487//
f 487// 517// 518//
f 487// 518// 486//
f 486// 518// 519//
f 486// 519// 485//
f 485// 519// 520//
f 485// 520// 484//
f 484// 520// 521//
f 484// 521// 483//
f 483// 521// 522//
f 483// 522// 482//
f 482// 522// 495//
f 482// 495// 481//
f 468// 523// 524//
f 468// 524// 469//
f 469// 524// 525//
f 469// 525// 476//
f 476// 525// 526//
f 476// 526// 475//
f 475// 526// 527//
f 475// 527// 474//
f 474// 527// 528//
f 474// 528// 473//
f 473// 528// 529//
f 473// 529// 472//
f 472// 529// 530//
f 472// 530// 471//
f 471// 530// 531//
f 471// 531// 470//
f 470// 531// 532//
f 470// 532// 458//
f 458// 532// 533//
f 458// 533// 457//
f 457// 533// 534//
f 457// 534// 456//
f 456// 534// 535//
f 456// 535// 455//
f 455// 535// 536//
f 455// 536// 454//
f 454// 536// 537//
f 454// 537// 445//
f 445// 537// 538//
f 445// 538// 444//
f 444// 538// 539//
f 444// 539// 443//
f 443// 539// 540//
f 443// 540// 449//
f 449// 540// 541//
f 449// 541// 450//
f 450// 541// 542//
f 450// 542// 442//
f 442// 542// 543//
f 442// 543// 439//
f 439// 543// 544//
f 439// 544// 440//
f 440// 544// 545//
f 440// 545// 448//
f 448// 545// 546//
f 448// 546// 463//
f 463// 546// 547//
f 463// 547// 464//
f 464// 547// 548//
f 464// 548// 465//
f 465// 548// 549//
f 465// 549// 466//
f 466// 549// 550//
f 466// 550// 467//
f 467// 550// 523//
f 467// 523// 468//
usemtl 1
f 517// 516// 502//
f 511// 506// 512//
f 512// 506// 505//
f 502// 516// 503//
f 503// 516// 515//
f 503// 515// 514//
f 514// 513// 503//
f 503// 513// 512//
f 503// 512// 504//
f 504// 512// 505//
f 502// 501// 495//
f 495// 501// 500//
f 500// 499// 495//
f 495// 499// 498//
f 495// 498// 496//
f 496// 498// 497//
f 511// 510// 506//
f 506// 510// 509//
f 506// 509// 507//
f 507// 509// 508//
f 495// 522// 502//
f 502// 522// 521//
f 502// 521// 520//
f 520// 519// 502//
f 502// 519// 518//
f 502// 518// 517//
usemtl 2
f 551// 240// 237//
f 551// 237// 552//
f 552// 237// 236//
f 552// 236// 553//
f 553// 236// 239//
f 553// 239// 554//
f 554// 239// 227//
f 554// 227// 555//
f 556// 245// 244//
f 556// 244// 557//
f 557// 244// 243//
f 557// 243// 558//
f 558// 243// 248//
f 558// 248// 559//
f 559// 248// 247//
f 559// 247// 560//
f 560// 247// 242//
f 560// 242// 561//
f 561// 242// 241//
f 561// 241// 562//
f 562// 241// 240//
f 562// 240// 551//
f 563// 218// 228//
f 563// 228// 564//
f 564// 228// 238//
f 564// 238// 565//
f 565// 238// 246//
f 565// 246// 566//
f 566// 246// 245//
f 566// 245// 556//
f 563// 567// 218//
f 218// 567// 219//
f 568// 252// 250//
f 568// 250// 569//
f 569// 250// 249//
f 569// 249// 570//
f 249// 205// 570//
f 570// 205// 204//
f 570// 204// 571//
f 571// 204// 219//
f 571// 219// 567//
f 252// 568// 253//
f 253// 568// 572//
f 253// 572// 254//
f 254// 572// 573//
f 254// 573// 207//
f 207// 573// 574//
f 207// 574// 208//
f 208// 574// 575//
f 208// 575// 209//
f 209// 575// 576//
f 209// 576// 223//
f 223// 576// 577//
f 223// 577// 224//
f 224// 577// 578//
f 224// 578// 225//
f 579// 230// 214//
f 579// 214// 580//
f 580// 214// 213//
f 580// 213// 581//
f 581// 213// 211//
f 581// 211// 582//
f 582// 211// 210//
f 582// 210// 583//
f 583// 210// 225//
f 583// 225// 578//
f 584// 235// 234//
f 584// 234// 585//
f 585// 234// 233//
f 585// 233// 586//
f 586// 233// 232//
f 586// 232// 587//
f 587// 232// 231//
f 587// 231// 588//
f 588// 231// 230//
f 588// 230// 579//
f 584// 589// 235//
f 235// 589// 212//
f 589// 590// 212//
f 212// 590// 229//
f 590// 591// 229//
f 229// 591// 215//
f 591// 592// 215//
f 215// 592// 216//
f 555// 227// 226//
f 555// 226// 593//
f 593// 226// 222//
f 593// 222// 594//
f 594// 222// 221//
f 594// 221// 595//
f 595// 221// 220//
f 595// 220// 596//
f 596// 220// 217//
f 596// 217// 597//
f 597// 217// 216//
f 597// 216// 592//
f 590// 589// 591//
f 591// 589// 584//
f 556// 569// 566//
f 566// 569// 570//
f 566// 570// 565//
f 565// 570// 571//
f 565// 571// 564//
f 564// 571// 567//
f 564// 567// 563//
f 554// 555// 579//
f 579// 555// 593//
f 579// 593// 588//
f 588// 593// 594//
f 588// 594// 587//
f 587// 594// 595//
f 587// 595// 586//
f 586// 595// 596//
f 586// 596// 585//
f 585// 596// 597//
f 585// 597// 584//
f 584// 597// 592//
f 584// 592// 591//
f 579// 580// 554//
f 554// 580// 581//
f 554// 581// 553//
f 553// 581// 582//
f 553// 582// 552//
f 552// 582// 583//
f 552// 583// 551//
f 551// 583// 578//
f 551// 578// 562//
f 562// 578// 577//
f 562// 577// 561//
f 561// 577// 576//
f 561// 576// 560//
f 560// 576// 575//
f 560// 575// 559//
f 559// 575// 574//
f 559// 574// 558//
f 558// 574// 573//
f 558// 573// 557//
f 557// 573// 572//
f 557// 572// 556//
f 556// 572// 568//
f 556// 568// 569//
f 598// 599// 296//
f 296// 599// 297//
f 599// 600// 297//
f 297// 600// 292//
f 600// 601// 292//
f 292// 601// 291//
f 602// 287// 289//
f 602// 289// 603//
f 603// 289// 291//
f 603// 291// 601//
f 602// 604// 287//
f 287// 604// 288//
f 605// 293// 290//
f 605// 290// 606//
f 606// 290// 288//
f 606// 288// 604//
f 605// 607// 293//
f 293// 607// 284//
f 607// 608// 284//
f 284// 608// 285//
f 608// 609// 285//
f 285// 609// 286//
f 609// 610// 286//
f 286// 610// 294//
f 610// 611// 294//
f 294// 611// 302//
f 612// 298// 300//
f 612// 300// 613//
f 613// 300// 302//
f 613// 302// 611//
f 612// 614// 298//
f 298// 614// 299//
f 615// 303// 301//
f 615// 301// 616//
f 616// 301// 299//
f 616// 299// 614//
f 615// 617// 303//
f 303// 617// 295//
f 617// 598// 295//
f 295// 598// 296//
f 598// 617// 599//
f 599// 617// 615//
f 608// 607// 609//
f 609// 607// 605//
f 605// 606// 609//
f 609// 606// 604//
f 609// 604// 610//
f 610// 604// 602//
f 615// 616// 599//
f 599// 616// 614//
f 599// 614// 600//
f 600// 614// 612//
f 612// 613// 600//
f 600// 613// 611//
f 600// 611// 601//
f 601// 611// 610//
f 601// 610// 603//
f 603// 610// 602//
f 618// 619// 273//
f 273// 619// 275//
f 619// 620// 275//
f 275// 620// 276//
f 620// 621// 276//
f 276// 621// 277//
f 621// 622// 277//
f 277// 622// 278//
f 622// 623// 278//
f 278// 623// 279//
f 623// 624// 279//
f 279// 624// 280//
f 624// 625// 280//
f 280// 625// 281//
f 625// 626// 281//
f 281// 626// 282//
f 626// 627// 282//
f 282// 627// 283//
f 627// 618// 283//
f 283// 618// 273//
f 627// 626// 624//
f 624// 626// 625//
f 619// 618// 620//
f 620// 618// 627//
f 620// 627// 621//
f 621// 627// 624//
f 621// 624// 622//
f 622// 624// 623//
f 628// 141// 145//
f 628// 145// 629//
f 629// 145// 144//
f 629// 144// 630//
f 630// 144// 140//
f 630// 140// 631//
f 631// 140// 139//
f 631// 139// 632//
f 632// 139// 138//
f 632// 138// 633//
f 633// 138// 137//
f 633// 137// 634//
f 634// 137// 635//
f 635// 137// 136//
f 635// 136// 111//
f 636// 309// 637//
f 637// 309// 304//
f 304// 134// 637//
f 637// 134// 133//
f 637// 133// 638//
f 638// 133// 131//
f 638// 131// 639//
f 639// 131// 130//
f 639// 130// 640//
f 640// 130// 143//
f 640// 143// 641//
f 641// 143// 142//
f 641// 142// 642//
f 642// 142// 141//
f 642// 141// 628//
f 643// 128// 127//
f 643// 127// 644//
f 644// 127// 126//
f 644// 126// 645//
f 645// 126// 125//
f 645// 125// 646//
f 646// 125// 124//
f 646// 124// 647//
f 647// 124// 118//
f 647// 118// 648//
f 648// 118// 120//
f 648// 120// 649//
f 649// 120// 636//
f 636// 120// 121//
f 636// 121// 309//
f 650// 117// 116//
f 650// 116// 651//
f 651// 116// 129//
f 651// 129// 652//
f 652// 129// 128//
f 652// 128// 643//
f 653// 123// 122//
f 653// 122// 654//
f 654// 122// 117//
f 654// 117// 650//
f 123// 653// 108//
f 108// 653// 655//
f 108// 655// 109//
f 655// 656// 109//
f 109// 656// 263//
f 263// 656// 114//
f 114// 656// 657//
f 114// 657// 115//
f 115// 657// 113//
f 113// 657// 658//
f 113// 658// 110//
f 110// 658// 635//
f 110// 635// 111//
f 656// 655// 657//
f 657// 655// 653//
f 657// 653// 658//
f 653// 659// 660//
f 659// 653// 661//
f 661// 653// 654//
f 661// 654// 650//
f 650// 651// 661//
f 661// 651// 652//
f 661// 652// 662//
f 662// 652// 643//
f 662// 643// 663//
f 663// 643// 644//
f 663// 644// 664//
f 664// 644// 645//
f 664// 645// 665//
f 665// 645// 646//
f 665// 646// 666//
f 666// 646// 647//
f 666// 647// 667//
f 667// 647// 648//
f 667// 648// 668//
f 668// 648// 649//
f 668// 649// 669//
f 669// 649// 636//
f 669// 636// 670//
f 670// 636// 637//
f 670// 637// 671//
f 671// 637// 638//
f 671// 638// 672//
f 672// 638// 639//
f 672// 639// 673//
f 673// 639// 640//
f 673// 640// 674//
f 674// 640// 641//
f 674// 641// 675//
f 675// 641// 642//
f 675// 642// 676//
f 676// 642// 628//
f 676// 628// 677//
f 677// 628// 629//
f 677// 629// 678//
f 678// 629// 630//
f 678// 630// 679//
f 679// 630// 631//
f 679// 631// 680//
f 680// 631// 632//
f 680// 632// 681//
f 681// 632// 633//
f 681// 633// 682//
f 682// 633// 634//
f 682// 634// 683//
f 683// 634// 635//
f 683// 635// 684//
f 684// 635// 658//
f 684// 658// 685//
f 685// 658// 653//
f 685// 653// 686//
f 686// 653// 660//
f 676// 687// 688//
f 676// 688// 675//
f 675// 688// 689//
f 675// 689// 674//
f 674// 689// 690//
f 674// 690// 673//
f 673// 690// 691//
f 673// 691// 672//
f 672// 691// 692//
f 672// 692// 671//
f 671// 692// 693//
f 671// 693// 670//
f 670// 693// 694//
f 670// 694// 669//
f 669// 694// 695//
f 669// 695// 668//
f 668// 695// 696//
f 668// 696// 667//
f 667// 696// 697//
f 667// 697// 666//
f 666// 697// 698//
f 666// 698// 665//
f 665// 698// 699//
f 665// 699// 664//
f 664// 699// 700//
f 664// 700// 663//
f 663// 700// 701//
f 663// 701// 662//
f 662// 701// 702//
f 662// 702// 661//
f 661// 702// 703//
f 661// 703// 659//
f 659// 703// 704//
f 659// 704// 660//
f 660// 704// 705//
f 660// 705// 686//
f 686// 705// 706//
f 686// 706// 685//
f 685// 706// 707//
f 685// 707// 684//
f 684// 707// 708//
f 684// 708// 683//
f 683// 708// 709//
f 683// 709// 682//
f 682// 709// 710//
f 682// 710// 681//
f 681// 710// 711//
f 681// 711// 680//
f 680// 711// 712//
f 680// 712// 679//
f 679// 712// 713//
f 679// 713// 678//
f 678// 713// 714//
f 678// 714// 677//
f 677// 714// 687//
f 677// 687// 676//
usemtl 1
f 536// 535// 548//
f 539// 538// 547//
f 535// 534// 548//
f 548// 534// 533//
f 548// 533// 549//
f 549// 533// 550//
f 542// 541// 546//
f 547// 538// 548//
f 548// 538// 537//
f 548// 537// 536//
f 546// 541// 547//
f 547// 541// 540//
f 547// 540// 539//
f 532// 524// 533//
f 533// 524// 523//
f 533// 523// 550//
f 532// 531// 524//
f 524// 531// 530//
f 524// 530// 525//
f 525// 530// 526//
f 529// 528// 530//
f 530// 528// 527//
f 530// 527// 526//
f 545// 544// 546//
f 546// 544// 543//
f 546// 543// 542//
f 687// 701// 688//
f 688// 701// 700//
f 705// 704// 687//
f 705// 687// 706//
f 704// 703// 687//
f 687// 703// 702//
f 687// 702// 701//
f 692// 688// 693//
f 693// 688// 694//
f 713// 712// 709//
f 709// 712// 711//
f 709// 711// 710//
f 713// 709// 714//
f 714// 709// 708//
f 714// 708// 687//
f 687// 708// 707//
f 687// 707// 706//
f 692// 691// 688//
f 688// 691// 690//
f 688// 690// 689//
f 700// 699// 688//
f 688// 699// 698//
f 688// 698// 697//
f 697// 696// 688//
f 688// 696// 695//
f 688// 695// 694//
usemtl 3
f 715// 716// 355//
f 355// 716// 350//
f 716// 717// 350//
f 350// 717// 351//
f 717// 718// 351//
f 351// 718// 356//
f 718// 715// 356//
f 356// 715// 355//
f 718// 717// 715//
f 715// 717// 716//
f 719// 720// 354//
f 354// 720// 357//
f 720// 721// 357//
f 357// 721// 352//
f 721// 722// 352//
f 352// 722// 353//
f 722// 719// 353//
f 353// 719// 354//
f 722// 721// 719//
f 719// 721// 720//
usemtl 4
f 723// 724// 62//
f 62// 724// 80//
f 724// 725// 80//
f 80// 725// 81//
f 725// 726// 81//
f 81// 726// 86//
f 726// 727// 86//
f 86// 727// 87//
f 727// 728// 87//
f 87// 728// 88//
f 728// 729// 88//
f 88// 729// 55//
f 729// 730// 55//
f 55// 730// 61//
f 730// 723// 61//
f 61// 723// 62//
f 731// 727// 732//
f 732// 727// 726//
f 733// 730// 731//
f 731// 730// 729//
f 731// 729// 727//
f 727// 729// 728//
f 733// 734// 730//
f 730// 734// 735//
f 730// 735// 723//
f 723// 735// 736//
f 723// 736// 737//
f 737// 738// 723//
f 723// 738// 732//
f 723// 732// 724//
f 724// 732// 726//
f 724// 726// 725//
f 731// 732// 739//
f 739// 732// 740//
f 733// 731// 741//
f 741// 731// 739//
f 733// 741// 742//
f 733// 742// 734//
f 734// 742// 743//
f 734// 743// 735//
f 736// 735// 744//
f 744// 735// 743//
f 736// 744// 745//
f 736// 745// 737//
f 737// 745// 746//
f 737// 746// 738//
f 732// 738// 740//
f 740// 738// 746//
f 747// 748// 79//
f 79// 748// 78//
f 748// 749// 78//
f 78// 749// 72//
f 749// 750// 72//
f 72// 750// 82//
f 751// 93// 92//
f 751// 92// 752//
f 752// 92// 91//
f 752// 91// 753//
f 753// 91// 90//
f 753// 90// 754//
f 754// 90// 89//
f 754// 89// 755//
f 755// 89// 85//
f 755// 85// 756//
f 756// 85// 84//
f 756// 84// 757//
f 757// 84// 83//
f 757// 83// 758//
f 758// 83// 82//
f 758// 82// 750//
f 747// 79// 69//
f 747// 69// 759//
f 759// 69// 68//
f 759// 68// 760//
f 760// 68// 67//
f 760// 67// 761//
f 761// 67// 57//
f 761// 57// 762//
f 762// 57// 56//
f 762// 56// 763//
f 763// 56// 94//
f 763// 94// 764//
f 764// 94// 93//
f 764// 93// 751//
f 753// 754// 765//
f 765// 754// 755//
f 765// 755// 766//
f 766// 755// 756//
f 766// 756// 767//
f 767// 756// 757//
f 767// 757// 768//
f 768// 757// 758//
f 768// 758// 769//
f 769// 758// 750//
f 769// 750// 770//
f 770// 750// 749//
f 770// 749// 771//
f 771// 749// 748//
f 771// 748// 772//
f 772// 748// 747//
f 772// 747// 773//
f 773// 747// 759//
f 773// 759// 774//
f 774// 759// 760//
f 774// 760// 775//
f 775// 760// 761//
f 775// 761// 776//
f 776// 761// 762//
f 776// 762// 777//
f 777// 762// 763//
f 777// 763// 778//
f 778// 763// 764//
f 778// 764// 779//
f 779// 764// 751//
f 779// 751// 780//
f 780// 751// 752//
f 780// 752// 781//
f 781// 752// 753//
f 781// 753// 765//
f 769// 770// 782//
f 782// 770// 783//
f 769// 782// 784//
f 769// 784// 768//
f 768// 784// 785//
f 768// 785// 767//
f 767// 785// 786//
f 767// 786// 766//
f 766// 786// 787//
f 766// 787// 765//
f 765// 787// 788//
f 765// 788// 781//
f 781// 788// 789//
f 781// 789// 780//
f 780// 789// 790//
f 780// 790// 779//
f 779// 790// 791//
f 779// 791// 778//
f 778// 791// 792//
f 778// 792// 777//
f 777// 792// 793//
f 777// 793// 776//
f 776// 793// 794//
f 776// 794// 775//
f 775// 794// 795//
f 775// 795// 774//
f 774// 795// 796//
f 774// 796// 773//
f 773// 796// 797//
f 773// 797// 772//
f 771// 772// 798//
f 798// 772// 797//
f 770// 771// 783//
f 783// 771// 798//
f 799// 800// 77//
f 77// 800// 58//
f 800// 801// 58//
f 58// 801// 59//
f 801// 802// 59//
f 59// 802// 60//
f 802// 803// 60//
f 60// 803// 71//
f 803// 804// 71//
f 71// 804// 64//
f 804// 805// 64//
f 64// 805// 65//
f 805// 806// 65//
f 65// 806// 66//
f 806// 807// 66//
f 66// 807// 73//
f 807// 808// 73//
f 73// 808// 74//
f 808// 809// 74//
f 74// 809// 75//
f 809// 810// 75//
f 75// 810// 76//
f 810// 799// 76//
f 76// 799// 77//
f 801// 800// 799//
f 799// 810// 801//
f 801// 810// 809//
f 801// 809// 802//
f 804// 803// 805//
f 805// 803// 802//
f 805// 802// 806//
f 806// 802// 809//
f 806// 809// 807//
f 807// 809// 808//
f 811// 812// 4//
f 4// 812// 5//
f 5// 812// 813//
f 814// 54// 52//
f 814// 52// 815//
f 815// 52// 50//
f 815// 50// 813//
f 813// 50// 49//
f 813// 49// 5//
f 816// 45// 44//
f 816// 44// 817//
f 817// 44// 39//
f 817// 39// 818//
f 818// 39// 37//
f 818// 37// 819//
f 819// 37// 36//
f 819// 36// 820//
f 820// 36// 7//
f 820// 7// 821//
f 821// 7// 9//
f 821// 9// 822//
f 822// 9// 814//
f 814// 9// 10//
f 814// 10// 54//
f 823// 47// 43//
f 823// 43// 824//
f 824// 43// 42//
f 824// 42// 825//
f 825// 42// 41//
f 825// 41// 826//
f 826// 41// 28//
f 826// 28// 827//
f 827// 28// 27//
f 827// 27// 828//
f 828// 27// 46//
f 828// 46// 829//
f 829// 46// 45//
f 829// 45// 816//
f 830// 14// 48//
f 830// 48// 831//
f 831// 48// 47//
f 831// 47// 823//
f 830// 832// 14//
f 14// 832// 12//
f 833// 1// 11//
f 833// 11// 834//
f 834// 11// 12//
f 834// 12// 832//
f 835// 18// 35//
f 835// 35// 836//
f 836// 35// 34//
f 836// 34// 837//
f 837// 34// 17//
f 837// 17// 838//
f 838// 17// 16//
f 838// 16// 839//
f 839// 16// 15//
f 839// 15// 840//
f 840// 15// 2//
f 840// 2// 841//
f 841// 2// 1//
f 841// 1// 833//
f 842// 22// 21//
f 842// 21// 843//
f 843// 21// 23//
f 843// 23// 844//
f 844// 23// 24//
f 844// 24// 845//
f 845// 24// 25//
f 845// 25// 846//
f 846// 25// 20//
f 846// 20// 847//
f 847// 20// 19//
f 847// 19// 848//
f 848// 19// 18//
f 848// 18// 835//
f 811// 4// 3//
f 811// 3// 849//
f 849// 3// 26//
f 849// 26// 850//
f 850// 26// 22//
f 850// 22// 842//
f 843// 814// 842//
f 842// 814// 815//
f 842// 815// 850//
f 850// 815// 813//
f 850// 813// 849//
f 849// 813// 812//
f 849// 812// 811//
f 832// 830// 834//
f 834// 830// 831//
f 834// 831// 833//
f 833// 831// 823//
f 833// 823// 841//
f 841// 823// 824//
f 841// 824// 840//
f 840// 824// 825//
f 840// 825// 839//
f 839// 825// 826//
f 839// 826// 838//
f 838// 826// 827//
f 838// 827// 837//
f 837// 827// 828//
f 837// 828// 836//
f 836// 828// 829//
f 836// 829// 835//
f 835// 829// 816//
f 835// 816// 848//
f 848// 816// 817//
f 848// 817// 847//
f 847// 817// 818//
f 847// 818// 846//
f 846// 818// 819//
f 846// 819// 845//
f 845// 819// 820//
f 845// 820// 844//
f 844// 820// 821//
f 844// 821// 843//
f 843// 821// 822//
f 843// 822// 814//
f 851// 852// 38//
f 38// 852// 8//
f 852// 853// 8//
f 8// 853// 32//
f 853// 854// 32//
f 32// 854// 30//
f 854// 855// 30//
f 30// 855// 29//
f 855// 856// 29//
f 29// 856// 40//
f 856// 851// 40//
f 40// 851// 38//
f 855// 854// 856//
f 856// 854// 853//
f 856// 853// 851//
f 851// 853// 852//
usemtl 1
f 739// 740// 741//
f 741// 740// 746//
f 741// 746// 742//
f 742// 746// 745//
f 742// 745// 743//
f 743// 745// 744//
f 783// 798// 782//
f 782// 798// 797//
f 782// 797// 796//
f 790// 789// 782//
f 782// 789// 788//
f 782// 788// 784//
f 796// 795// 782//
f 782// 795// 794//
f 782// 794// 793//
f 793// 792// 782//
f 782// 792// 791//
f 782// 791// 790//
f 787// 786// 788//
f 788// 786// 785//
f 788// 785// 784//
usemtl 5
f 857// 858// 859//
f 859// 858// 860//
f 857// 859// 861//
f 857// 861// 862//
f 862// 861// 863//
f 862// 863// 864//
f 864// 863// 865//
f 864// 865// 866//
f 866// 865// 867//
f 866// 867// 868//
f 868// 867// 869//
f 868// 869// 870//
f 870// 869// 871//
f 870// 871// 872//
f 872// 871// 873//
f 872// 873// 874//
f 874// 873// 875//
f 874// 875// 876//
f 876// 875// 877//
f 876// 877// 878//
f 878// 877// 879//
f 878// 879// 880//
f 880// 879// 881//
f 880// 881// 882//
f 882// 881// 883//
f 882// 883// 884//
f 884// 883// 885//
f 884// 885// 886//
f 886// 885// 887//
f 886// 887// 888//
f 888// 887// 889//
f 888// 889// 890//
f 890// 889// 891//
f 890// 891// 892//
f 892// 891// 893//
f 892// 893// 894//
f 894// 893// 895//
f 894// 895// 896//
f 896// 895// 897//
f 896// 897// 898//
f 898// 897// 899//
f 898// 899// 900//
f 900// 899// 901//
f 900// 901// 902//
f 902// 901// 903//
f 902// 903// 904//
f 905// 904// 906//
f 906// 904// 903//
f 858// 905// 860//
f 860// 905// 906//
f 904// 905// 858//
f 878// 880// 904//
f 858// 857// 904//
f 904// 857// 862//
f 904// 862// 864//
f 904// 870// 872//
f 880// 882// 904//
f 904// 882// 884//
f 904// 884// 902//
f 902// 884// 900//
f 872// 874// 904//
f 904// 874// 876//
f 904// 876// 878//
f 864// 866// 904//
f 904// 866// 868//
f 904// 868// 870//
f 900// 884// 898//
f 898// 884// 886//
f 898// 886// 888//
f 888// 890// 898//
f 898// 890// 892//
f 898// 892// 896//
f 896// 892// 894//
f 860// 906// 859//
f 859// 906// 903//
f 859// 903// 861//
f 879// 901// 881//
f 881// 901// 883//
f 879// 877// 901//
f 901// 877// 875//
f 901// 875// 903//
f 903// 875// 873//
f 873// 871// 903//
f 903// 871// 869//
f 903// 869// 867//
f 895// 893// 891//
f 901// 899// 883//
f 883// 899// 897//
f 883// 897// 885//
f 885// 897// 887//
f 867// 865// 903//
f 903// 865// 863//
f 903// 863// 861//
f 895// 891// 897//
f 897// 891// 889//
f 897// 889// 887//
f 907// 908// 909//
f 909// 908// 910//
f 907// 909// 911//
f 907// 911// 912//
f 912// 911// 913//
f 912// 913// 914//
f 914// 913// 915//
f 914// 915// 916//
f 916// 915// 917//
f 916// 917// 918//
f 918// 917// 919//
f 918// 919// 920//
f 920// 919// 921//
f 920// 921// 922//
f 922// 921// 923//
f 922// 923// 924//
f 924// 923// 925//
f 924// 925// 926//
f 926// 925// 927//
f 926// 927// 928//
f 928// 927// 929//
f 928// 929// 930//
f 930// 929// 931//
f 930// 931// 932//
f 932// 931// 933//
f 932// 933// 934//
f 934// 933// 935//
f 934// 935// 936//
f 936// 935// 937//
f 936// 937// 938//
f 938// 937// 939//
f 938// 939// 940//
f 940// 939// 941//
f 940// 941// 942//
f 942// 941// 943//
f 942// 943// 944//
f 944// 943// 945//
f 944// 945// 946//
f 946// 945// 947//
f 946// 947// 948//
f 948// 947// 949//
f 948// 949// 950//
f 950// 949// 951//
f 950// 951// 952//
f 952// 951// 953//
f 952// 953// 954//
f 955// 954// 956//
f 956// 954// 953//
f 908// 955// 910//
f 910// 955// 956//
f 954// 955// 908//
f 908// 907// 954//
f 954// 907// 912//
f 954// 912// 914//
f 914// 916// 954//
f 954// 916// 918//
f 954// 918// 920//
f 926// 928// 940//
f 940// 928// 930//
f 940// 930// 932//
f 932// 934// 940//
f 940// 934// 936//
f 940// 936// 938//
f 926// 940// 924//
f 924// 940// 942//
f 924// 942// 944//
f 944// 946// 924//
f 924// 946// 948//
f 924// 948// 950//
f 920// 922// 954//
f 954// 922// 924//
f 954// 924// 952//
f 952// 924// 950//
f 909// 910// 956//
f 956// 953// 909//
f 909// 953// 951//
f 909// 951// 949//
f 949// 947// 909//
f 909// 947// 945//
f 909// 945// 943//
f 937// 935// 923//
f 923// 935// 933//
f 923// 933// 931//
f 931// 929// 923//
f 923// 929// 927//
f 923// 927// 925//
f 937// 923// 939//
f 939// 923// 921//
f 939// 921// 919//
f 919// 917// 939//
f 939// 917// 915//
f 939// 915// 913//
f 943// 941// 909//
f 909// 941// 939//
f 909// 939// 911//
f 911// 939// 913//
f 957// 958// 959//
f 959// 958// 960//
f 957// 959// 961//
f 957// 961// 962//
f 962// 961// 963//
f 962// 963// 964//
f 964// 963// 965//
f 964// 965// 966//
f 966// 965// 967//
f 966// 967// 968//
f 968// 967// 969//
f 968// 969// 970//
f 970// 969// 971//
f 970// 971// 972//
f 972// 971// 973//
f 972// 973// 974//
f 974// 973// 975//
f 974// 975// 976//
f 976// 975// 977//
f 976// 977// 978//
f 978// 977// 979//
f 978// 979// 980//
f 980// 979// 981//
f 980// 981// 982//
f 982// 981// 983//
f 982// 983// 984//
f 984// 983// 985//
f 984// 985// 986//
f 986// 985// 987//
f 986// 987// 988//
f 988// 987// 989//
f 988// 989// 990//
f 990// 989// 991//
f 990// 991// 992//
f 992// 991// 993//
f 992// 993// 994//
f 994// 993// 995//
f 994// 995// 996//
f 996// 995// 997//
f 996// 997// 998//
f 998// 997// 999//
f 998// 999// 1000//
f 1000// 999// 1001//
f 1000// 1001// 1002//
f 1002// 1001// 1003//
f 1002// 1003// 1004//
f 1005// 1004// 1006//
f 1006// 1004// 1003//
f 958// 1005// 960//
f 960// 1005// 1006//
f 1005// 958// 1004//
f 1004// 958// 957//
f 1004// 957// 1002//
f 964// 966// 1000//
f 978// 980// 1000//
f 1002// 957// 1000//
f 1000// 957// 962//
f 1000// 962// 964//
f 966// 968// 1000//
f 1000// 968// 970//
f 1000// 970// 972//
f 980// 982// 1000//
f 1000// 982// 984//
f 1000// 984// 986//
f 972// 974// 1000//
f 1000// 974// 976//
f 1000// 976// 978//
f 986// 988// 1000//
f 1000// 988// 990//
f 1000// 990// 992//
f 992// 994// 1000//
f 1000// 994// 996//
f 1000// 996// 998//
f 960// 1006// 959//
f 959// 1006// 1003//
f 999// 983// 981//
f 981// 979// 999//
f 999// 979// 977//
f 999// 977// 975//
f 969// 967// 999//
f 999// 967// 965//
f 999// 965// 963//
f 1003// 1001// 959//
f 959// 1001// 999//
f 959// 999// 961//
f 961// 999// 963//
f 999// 997// 995//
f 989// 987// 999//
f 999// 987// 985//
f 999// 985// 983//
f 975// 973// 999//
f 999// 973// 971//
f 999// 971// 969//
f 995// 993// 999//
f 999// 993// 991//
f 999// 991// 989//
f 1007// 1008// 1009//
f 1009// 1008// 1010//
f 1007// 1009// 1011//
f 1007// 1011// 1012//
f 1012// 1011// 1013//
f 1012// 1013// 1014//
f 1014// 1013// 1015//
f 1014// 1015// 1016//
f 1016// 1015// 1017//
f 1016// 1017// 1018//
f 1018// 1017// 1019//
f 1018// 1019// 1020//
f 1020// 1019// 1021//
f 1020// 1021// 1022//
f 1022// 1021// 1023//
f 1022// 1023// 1024//
f 1024// 1023// 1025//
f 1024// 1025// 1026//
f 1026// 1025// 1027//
f 1026// 1027// 1028//
f 1028// 1027// 1029//
f 1028// 1029// 1030//
f 1030// 1029// 1031//
f 1030// 1031// 1032//
f 1032// 1031// 1033//
f 1032// 1033// 1034//
f 1034// 1033// 1035//
f 1034// 1035// 1036//
f 1036// 1035// 1037//
f 1036// 1037// 1038//
f 1038// 1037// 1039//
f 1038// 1039// 1040//
f 1040// 1039// 1041//
f 1040// 1041// 1042//
f 1042// 1041// 1043//
f 1042// 1043// 1044//
f 1044// 1043// 1045//
f 1044// 1045// 1046//
f 1046// 1045// 1047//
f 1046// 1047// 1048//
f 1048// 1047// 1049//
f 1048// 1049// 1050//
f 1050// 1049// 1051//
f 1050// 1051// 1052//
f 1052// 1051// 1053//
f 1052// 1053// 1054//
f 1055// 1054// 1056//
f 1056// 1054// 1053//
f 1008// 1055// 1010//
f 1010// 1055// 1056//
f 1055// 1008// 1054//
f 1054// 1008// 1007//
f 1054// 1007// 1052//
f 1007// 1012// 1052//
f 1052// 1012// 1014//
f 1052// 1014// 1016//
f 1022// 1024// 1052//
f 1052// 1024// 1026//
f 1052// 1026// 1028//
f 1028// 1030// 1052//
f 1052// 1030// 1032//
f 1052// 1032// 1034//
f 1016// 1018// 1052//
f 1052// 1018// 1020//
f 1052// 1020// 1022//
f 1036// 1048// 1034//
f 1034// 1048// 1050//
f 1034// 1050// 1052//
f 1040// 1042// 1044//
f 1036// 1038// 1048//
f 1048// 1038// 1040//
f 1048// 1040// 1046//
f 1046// 1040// 1044//
f 1027// 1025// 1051//
f 1021// 1019// 1053//
f 1051// 1025// 1053//
f 1053// 1025// 1023//
f 1053// 1023// 1021//
f 1010// 1056// 1009//
f 1009// 1056// 1053//
f 1009// 1053// 1011//
f 1011// 1053// 1013//
f 1033// 1031// 1051//
f 1051// 1031// 1029//
f 1051// 1029// 1027//
f 1019// 1017// 1053//
f 1053// 1017// 1015//
f 1053// 1015// 1013//
f 1043// 1041// 1039//
f 1051// 1049// 1033//
f 1033// 1049// 1047//
f 1033// 1047// 1035//
f 1035// 1047// 1037//
f 1037// 1047// 1039//
f 1039// 1047// 1045//
f 1039// 1045// 1043//
f 1057// 1058// 1059//
f 1059// 1058// 1060//
f 1057// 1059// 1061//
f 1057// 1061// 1062//
f 1062// 1061// 1063//
f 1062// 1063// 1064//
f 1064// 1063// 1065//
f 1064// 1065// 1066//
f 1066// 1065// 1067//
f 1066// 1067// 1068//
f 1068// 1067// 1069//
f 1068// 1069// 1070//
f 1070// 1069// 1071//
f 1070// 1071// 1072//
f 1072// 1071// 1073//
f 1072// 1073// 1074//
f 1074// 1073// 1075//
f 1074// 1075// 1076//
f 1076// 1075// 1077//
f 1076// 1077// 1078//
f 1078// 1077// 1079//
f 1078// 1079// 1080//
f 1080// 1079// 1081//
f 1080// 1081// 1082//
f 1082// 1081// 1083//
f 1082// 1083// 1084//
f 1084// 1083// 1085//
f 1084// 1085// 1086//
f 1086// 1085// 1087//
f 1086// 1087// 1088//
f 1088// 1087// 1089//
f 1088// 1089// 1090//
f 1090// 1089// 1091//
f 1090// 1091// 1092//
f 1092// 1091// 1093//
f 1092// 1093// 1094//
f 1094// 1093// 1095//
f 1094// 1095// 1096//
f 1096// 1095// 1097//
f 1096// 1097// 1098//
f 1098// 1097// 1099//
f 1098// 1099// 1100//
f 1100// 1099// 1101//
f 1100// 1101// 1102//
f 1102// 1101// 1103//
f 1102// 1103// 1104//
f 1105// 1104// 1106//
f 1106// 1104// 1103//
f 1058// 1105// 1060//
f 1060// 1105// 1106//
f 1105// 1058// 1104//
f 1104// 1058// 1057//
f 1078// 1080// 1104//
f 1066// 1068// 1104//
f 1104// 1068// 1070//
f 1104// 1070// 1072//
f 1072// 1074// 1104//
f 1104// 1074// 1076//
f 1104// 1076// 1078//
f 1057// 1062// 1104//
f 1104// 1062// 1064//
f 1104// 1064// 1066//
f 1080// 1082// 1104//
f 1104// 1082// 1084//
f 1104// 1084// 1086//
f 1086// 1088// 1104//
f 1104// 1088// 1090//
f 1104// 1090// 1092//
f 1092// 1094// 1104//
f 1104// 1094// 1096//
f 1104// 1096// 1102//
f 1102// 1096// 1098//
f 1102// 1098// 1100//
f 1077// 1075// 1103//
f 1085// 1083// 1103//
f 1083// 1081// 1103//
f 1103// 1081// 1079//
f 1103// 1079// 1077//
f 1075// 1073// 1103//
f 1103// 1073// 1071//
f 1103// 1071// 1069//
f 1069// 1067// 1103//
f 1103// 1067// 1065//
f 1103// 1065// 1063//
f 1060// 1106// 1059//
f 1059// 1106// 1103//
f 1059// 1103// 1061//
f 1061// 1103// 1063//
f 1099// 1097// 1101//
f 1101// 1097// 1095//
f 1101// 1095// 1093//
f 1093// 1091// 1101//
f 1101// 1091// 1089//
f 1101// 1089// 1103//
f 1103// 1089// 1087//
f 1103// 1087// 1085//
f 1107// 1108// 1109//
f 1109// 1108// 1110//
f 1107// 1109// 1111//
f 1107// 1111// 1112//
f 1112// 1111// 1113//
f 1112// 1113// 1114//
f 1114// 1113// 1115//
f 1114// 1115// 1116//
f 1116// 1115// 1117//
f 1116// 1117// 1118//
f 1118// 1117// 1119//
f 1118// 1119// 1120//
f 1120// 1119// 1121//
f 1120// 1121// 1122//
f 1122// 1121// 1123//
f 1122// 1123// 1124//
f 1124// 1123// 1125//
f 1124// 1125// 1126//
f 1126// 1125// 1127//
f 1126// 1127// 1128//
f 1128// 1127// 1129//
f 1128// 1129// 1130//
f 1130// 1129// 1131//
f 1130// 1131// 1132//
f 1132// 1131// 1133//
f 1132// 1133// 1134//
f 1134// 1133// 1135//
f 1134// 1135// 1136//
f 1136// 1135// 1137//
f 1136// 1137// 1138//
f 1138// 1137// 1139//
f 1138// 1139// 1140//
f 1140// 1139// 1141//
f 1140// 1141// 1142//
f 1142// 1141// 1143//
f 1142// 1143// 1144//
f 1144// 1143// 1145//
f 1144// 1145// 1146//
f 1146// 1145// 1147//
f 1146// 1147// 1148//
f 1148// 1147// 1149//
f 1148// 1149// 1150//
f 1150// 1149// 1151//
f 1150// 1151// 1152//
f 1152// 1151// 1153//
f 1152// 1153// 1154//
f 1155// 1154// 1156//
f 1156// 1154// 1153//
f 1108// 1155// 1110//
f 1110// 1155// 1156//
f 1155// 1108// 1154//
f 1154// 1108// 1107//
f 1128// 1130// 1146//
f 1107// 1112// 1154//
f 1154// 1112// 1114//
f 1154// 1114// 1116//
f 1116// 1118// 1154//
f 1154// 1118// 1120//
f 1154// 1120// 1122//
f 1128// 1146// 1126//
f 1126// 1146// 1148//
f 1126// 1148// 1150//
f 1150// 1152// 1126//
f 1126// 1152// 1154//
f 1126// 1154// 1124//
f 1124// 1154// 1122//
f 1130// 1132// 1146//
f 1146// 1132// 1134//
f 1146// 1134// 1136//
f 1142// 1144// 1140//
f 1140// 1144// 1146//
f 1140// 1146// 1138//
f 1138// 1146// 1136//
f 1110// 1156// 1109//
f 1109// 1156// 1153//
f 1125// 1151// 1149//
f 1135// 1133// 1145//
f 1121// 1119// 1153//
f 1153// 1119// 1117//
f 1153// 1117// 1115//
f 1115// 1113// 1153//
f 1153// 1113// 1111//
f 1153// 1111// 1109//
f 1149// 1147// 1125//
f 1125// 1147// 1145//
f 1125// 1145// 1127//
f 1143// 1141// 1139//
f 1133// 1131// 1145//
f 1145// 1131// 1129//
f 1145// 1129// 1127//
f 1151// 1125// 1153//
f 1153// 1125// 1123//
f 1153// 1123// 1121//
f 1143// 1139// 1145//
f 1145// 1139// 1137//
f 1145// 1137// 1135//
f 1157// 1158// 1159//
f 1159// 1158// 1160//
f 1157// 1159// 1161//
f 1157// 1161// 1162//
f 1162// 1161// 1163//
f 1162// 1163// 1164//
f 1164// 1163// 1165//
f 1164// 1165// 1166//
f 1166// 1165// 1167//
f 1166// 1167// 1168//
f 1168// 1167// 1169//
f 1168// 1169// 1170//
f 1170// 1169// 1171//
f 1170// 1171// 1172//
f 1172// 1171// 1173//
f 1172// 1173// 1174//
f 1174// 1173// 1175//
f 1174// 1175// 1176//
f 1176// 1175// 1177//
f 1176// 1177// 1178//
f 1178// 1177// 1179//
f 1178// 1179// 1180//
f 1180// 1179// 1181//
f 1180// 1181// 1182//
f 1182// 1181// 1183//
f 1182// 1183// 1184//
f 1184// 1183// 1185//
f 1184// 1185// 1186//
f 1186// 1185// 1187//
f 1186// 1187// 1188//
f 1188// 1187// 1189//
f 1188// 1189// 1190//
f 1190// 1189// 1191//
f 1190// 1191// 1192//
f 1192// 1191// 1193//
f 1192// 1193// 1194//
f 1194// 1193// 1195//
f 1194// 1195// 1196//
f 1196// 1195// 1197//
f 1196// 1197// 1198//
f 1198// 1197// 1199//
f 1198// 1199// 1200//
f 1200// 1199// 1201//
f 1200// 1201// 1202//
f 1202// 1201// 1203//
f 1202// 1203// 1204//
f 1205// 1204// 1206//
f 1206// 1204// 1203//
f 1158// 1205// 1160//
f 1160// 1205// 1206//
f 1204// 1205// 1158//
f 1178// 1180// 1204//
f 1158// 1157// 1204//
f 1204// 1157// 1162//
f 1204// 1162// 1164//
f 1204// 1170// 1172//
f 1172// 1174// 1204//
f 1204// 1174// 1176//
f 1204// 1176// 1178//
f 1180// 1182// 1204//
f 1204// 1182// 1184//
f 1204// 1184// 1202//
f 1202// 1184// 1200//
f 1164// 1166// 1204//
f 1204// 1166// 1168//
f 1204// 1168// 1170//
f 1186// 1188// 1196//
f 1196// 1188// 1190//
f 1196// 1190// 1194//
f 1194// 1190// 1192//
f 1186// 1196// 1184//
f 1184// 1196// 1198//
f 1184// 1198// 1200//
f 1160// 1206// 1159//
f 1159// 1206// 1203//
f 1159// 1203// 1161//
f 1181// 1179// 1203//
f 1181// 1203// 1183//
f 1183// 1203// 1201//
f 1183// 1201// 1199//
f 1179// 1177// 1203//
f 1203// 1177// 1175//
f 1203// 1175// 1173//
f 1173// 1171// 1203//
f 1203// 1171// 1169//
f 1203// 1169// 1167//
f 1187// 1185// 1195//
f 1195// 1185// 1183//
f 1195// 1183// 1197//
f 1197// 1183// 1199//
f 1187// 1195// 1189//
f 1189// 1195// 1193//
f 1189// 1193// 1191//
f 1167// 1165// 1203//
f 1203// 1165// 1163//
f 1203// 1163// 1161//
f 1207// 1208// 1209//
f 1209// 1208// 1210//
f 1207// 1209// 1211//
f 1207// 1211// 1212//
f 1212// 1211// 1213//
f 1212// 1213// 1214//
f 1214// 1213// 1215//
f 1214// 1215// 1216//
f 1216// 1215// 1217//
f 1216// 1217// 1218//
f 1218// 1217// 1219//
f 1218// 1219// 1220//
f 1220// 1219// 1221//
f 1220// 1221// 1222//
f 1222// 1221// 1223//
f 1222// 1223// 1224//
f 1224// 1223// 1225//
f 1224// 1225// 1226//
f 1226// 1225// 1227//
f 1226// 1227// 1228//
f 1228// 1227// 1229//
f 1228// 1229// 1230//
f 1230// 1229// 1231//
f 1230// 1231// 1232//
f 1232// 1231// 1233//
f 1232// 1233// 1234//
f 1234// 1233// 1235//
f 1234// 1235// 1236//
f 1236// 1235// 1237//
f 1236// 1237// 1238//
f 1238// 1237// 1239//
f 1238// 1239// 1240//
f 1240// 1239// 1241//
f 1240// 1241// 1242//
f 1242// 1241// 1243//
f 1242// 1243// 1244//
f 1244// 1243// 1245//
f 1244// 1245// 1246//
f 1246// 1245// 1247//
f 1246// 1247// 1248//
f 1248// 1247// 1249//
f 1248// 1249// 1250//
f 1250// 1249// 1251//
f 1250// 1251// 1252//
f 1252// 1251// 1253//
f 1252// 1253// 1254//
f 1255// 1254// 1256//
f 1256// 1254// 1253//
f 1208// 1255// 1210//
f 1210// 1255// 1256//
f 1254// 1255// 1208//
f 1228// 1230// 1254//
f 1208// 1207// 1254//
f 1254// 1207// 1212//
f 1254// 1212// 1214//
f 1254// 1220// 1222//
f 1230// 1232// 1254//
f 1254// 1232// 1234//
f 1254// 1234// 1252//
f 1252// 1234// 1250//
f 1222// 1224// 1254//
f 1254// 1224// 1226//
f 1254// 1226// 1228//
f 1214// 1216// 1254//
f 1254// 1216// 1218//
f 1254// 1218// 1220//
f 1250// 1234// 1248//
f 1248// 1234// 1236//
f 1248// 1236// 1238//
f 1238// 1240// 1248//
f 1248// 1240// 1242//
f 1248// 1242// 1246//
f 1246// 1242// 1244//
f 1210// 1256// 1209//
f 1209// 1256// 1253//
f 1209// 1253// 1211//
f 1229// 1251// 1231//
f 1231// 1251// 1233//
f 1229// 1227// 1251//
f 1251// 1227// 1225//
f 1251// 1225// 1253//
f 1253// 1225// 1223//
f 1223// 1221// 1253//
f 1253// 1221// 1219//
f 1253// 1219// 1217//
f 1245// 1243// 1241//
f 1251// 1249// 1233//
f 1233// 1249// 1247//
f 1233// 1247// 1235//
f 1235// 1247// 1237//
f 1217// 1215// 1253//
f 1253// 1215// 1213//
f 1253// 1213// 1211//
f 1245// 1241// 1247//
f 1247// 1241// 1239//
f 1247// 1239// 1237//
f 1257// 1258// 1259//
f 1259// 1258// 1260//
f 1257// 1259// 1261//
f 1257// 1261// 1262//
f 1262// 1261// 1263//
f 1262// 1263// 1264//
f 1264// 1263// 1265//
f 1264// 1265// 1266//
f 1266// 1265// 1267//
f 1266// 1267// 1268//
f 1268// 1267// 1269//
f 1268// 1269// 1270//
f 1270// 1269// 1271//
f 1270// 1271// 1272//
f 1272// 1271// 1273//
f 1272// 1273// 1274//
f 1274// 1273// 1275//
f 1274// 1275// 1276//
f 1276// 1275// 1277//
f 1276// 1277// 1278//
f 1278// 1277// 1279//
f 1278// 1279// 1280//
f 1280// 1279// 1281//
f 1280// 1281// 1282//
f 1282// 1281// 1283//
f 1282// 1283// 1284//
f 1284// 1283// 1285//
f 1284// 1285// 1286//
f 1286// 1285// 1287//
f 1286// 1287// 1288//
f 1288// 1287// 1289//
f 1288// 1289// 1290//
f 1290// 1289// 1291//
f 1290// 1291// 1292//
f 1292// 1291// 1293//
f 1292// 1293// 1294//
f 1294// 1293// 1295//
f 1294// 1295// 1296//
f 1296// 1295// 1297//
f 1296// 1297// 1298//
f 1298// 1297// 1299//
f 1298// 1299// 1300//
f 1300// 1299// 1301//
f 1300// 1301// 1302//
f 1302// 1301// 1303//
f 1302// 1303// 1304//
f 1305// 1304// 1306//
f 1306// 1304// 1303//
f 1258// 1305// 1260//
f 1260// 1305// 1306//
f 1274// 1276// 1257//
f 1282// 1284// 1257//
f 1257// 1284// 1286//
f 1257// 1292// 1294//
f 1294// 1296// 1257//
f 1257// 1296// 1298//
f 1257// 1298// 1300//
f 1305// 1258// 1304//
f 1304// 1258// 1257//
f 1304// 1257// 1302//
f 1302// 1257// 1300//
f 1262// 1264// 1270//
f 1270// 1264// 1266//
f 1270// 1266// 1268//
f 1276// 1278// 1257//
f 1257// 1278// 1280//
f 1257// 1280// 1282//
f 1286// 1288// 1257//
f 1257// 1288// 1290//
f 1257// 1290// 1292//
f 1262// 1270// 1257//
f 1257// 1270// 1272//
f 1257// 1272// 1274//
f 1259// 1260// 1306//
f 1306// 1303// 1259//
f 1259// 1303// 1301//
f 1259// 1301// 1299//
f 1299// 1297// 1259//
f 1259// 1297// 1295//
f 1259// 1295// 1293//
f 1293// 1291// 1259//
f 1259// 1291// 1289//
f 1259// 1289// 1287//
f 1287// 1285// 1259//
f 1259// 1285// 1283//
f 1259// 1283// 1281//
f 1281// 1279// 1259//
f 1259// 1279// 1277//
f 1259// 1277// 1275//
f 1269// 1267// 1265//
f 1265// 1263// 1269//
f 1269// 1263// 1261//
f 1269// 1261// 1259//
f 1275// 1273// 1259//
f 1259// 1273// 1271//
f 1259// 1271// 1269//
f 1307// 1308// 1309//
f 1309// 1308// 1310//
f 1307// 1309// 1311//
f 1307// 1311// 1312//
f 1312// 1311// 1313//
f 1312// 1313// 1314//
f 1314// 1313// 1315//
f 1314// 1315// 1316//
f 1316// 1315// 1317//
f 1316// 1317// 1318//
f 1318// 1317// 1319//
f 1318// 1319// 1320//
f 1320// 1319// 1321//
f 1320// 1321// 1322//
f 1322// 1321// 1323//
f 1322// 1323// 1324//
f 1324// 1323// 1325//
f 1324// 1325// 1326//
f 1326// 1325// 1327//
f 1326// 1327// 1328//
f 1328// 1327// 1329//
f 1328// 1329// 1330//
f 1330// 1329// 1331//
f 1330// 1331// 1332//
f 1332// 1331// 1333//
f 1332// 1333// 1334//
f 1334// 1333// 1335//
f 1334// 1335// 1336//
f 1336// 1335// 1337//
f 1336// 1337// 1338//
f 1338// 1337// 1339//
f 1338// 1339// 1340//
f 1340// 1339// 1341//
f 1340// 1341// 1342//
f 1342// 1341// 1343//
f 1342// 1343// 1344//
f 1344// 1343// 1345//
f 1344// 1345// 1346//
f 1346// 1345// 1347//
f 1346// 1347// 1348//
f 1348// 1347// 1349//
f 1348// 1349// 1350//
f 1350// 1349// 1351//
f 1350// 1351// 1352//
f 1352// 1351// 1353//
f 1352// 1353// 1354//
f 1355// 1354// 1356//
f 1356// 1354// 1353//
f 1308// 1355// 1310//
f 1310// 1355// 1356//
f 1355// 1308// 1354//
f 1354// 1308// 1307//
f 1354// 1307// 1352//
f 1312// 1342// 1307//
f 1307// 1342// 1344//
f 1307// 1344// 1346//
f 1346// 1348// 1307//
f 1307// 1348// 1350//
f 1307// 1350// 1352//
f 1312// 1314// 1342//
f 1342// 1314// 1316//
f 1342// 1316// 1318//
f 1318// 1320// 1342//
f 1342// 1320// 1322//
f 1342// 1322// 1324//
f 1334// 1342// 1332//
f 1332// 1342// 1330//
f 1324// 1326// 1342//
f 1342// 1326// 1328//
f 1342// 1328// 1330//
f 1334// 1336// 1342//
f 1342// 1336// 1338//
f 1342// 1338// 1340//
f 1310// 1356// 1309//
f 1309// 1356// 1353//
f 1353// 1351// 1309//
f 1309// 1351// 1349//
f 1309// 1349// 1347//
f 1347// 1345// 1309//
f 1309// 1345// 1343//
f 1309// 1343// 1341//
f 1339// 1337// 1319//
f 1319// 1337// 1335//
f 1319// 1335// 1333//
f 1339// 1319// 1341//
f 1341// 1319// 1317//
f 1341// 1317// 1315//
f 1315// 1313// 1341//
f 1341// 1313// 1311//
f 1341// 1311// 1309//
f 1325// 1323// 1327//
f 1327// 1323// 1329//
f 1333// 1331// 1319//
f 1319// 1331// 1329//
f 1319// 1329// 1321//
f 1321// 1329// 1323//
f 1357// 1358// 1359//
f 1359// 1358// 1360//
f 1357// 1359// 1361//
f 1357// 1361// 1362//
f 1362// 1361// 1363//
f 1362// 1363// 1364//
f 1364// 1363// 1365//
f 1364// 1365// 1366//
f 1366// 1365// 1367//
f 1366// 1367// 1368//
f 1368// 1367// 1369//
f 1368// 1369// 1370//
f 1370// 1369// 1371//
f 1370// 1371// 1372//
f 1372// 1371// 1373//
f 1372// 1373// 1374//
f 1374// 1373// 1375//
f 1374// 1375// 1376//
f 1376// 1375// 1377//
f 1376// 1377// 1378//
f 1378// 1377// 1379//
f 1378// 1379// 1380//
f 1380// 1379// 1381//
f 1380// 1381// 1382//
f 1382// 1381// 1383//
f 1382// 1383// 1384//
f 1384// 1383// 1385//
f 1384// 1385// 1386//
f 1386// 1385// 1387//
f 1386// 1387// 1388//
f 1388// 1387// 1389//
f 1388// 1389// 1390//
f 1390// 1389// 1391//
f 1390// 1391// 1392//
f 1392// 1391// 1393//
f 1392// 1393// 1394//
f 1394// 1393// 1395//
f 1394// 1395// 1396//
f 1396// 1395// 1397//
f 1396// 1397// 1398//
f 1398// 1397// 1399//
f 1398// 1399// 1400//
f 1400// 1399// 1401//
f 1400// 1401// 1402//
f 1402// 1401// 1403//
f 1402// 1403// 1404//
f 1405// 1404// 1406//
f 1406// 1404// 1403//
f 1358// 1405// 1360//
f 1360// 1405// 1406//
f 1404// 1405// 1358//
f 1358// 1357// 1404//
f 1404// 1357// 1362//
f 1404// 1362// 1364//
f 1382// 1384// 1404//
f 1364// 1366// 1404//
f 1404// 1366// 1368//
f 1404// 1368// 1370//
f 1370// 1372// 1404//
f 1404// 1372// 1374//
f 1404// 1374// 1376//
f 1376// 1378// 1404//
f 1404// 1378// 1380//
f 1404// 1380// 1382//
f 1384// 1386// 1404//
f 1404// 1386// 1388//
f 1404// 1388// 1390//
f 1390// 1392// 1404//
f 1404// 1392// 1394//
f 1404// 1394// 1396//
f 1398// 1400// 1396//
f 1396// 1400// 1402//
f 1396// 1402// 1404//
f 1371// 1369// 1403//
f 1391// 1389// 1403//
f 1360// 1406// 1359//
f 1359// 1406// 1403//
f 1359// 1403// 1361//
f 1361// 1403// 1363//
f 1391// 1403// 1393//
f 1369// 1367// 1403//
f 1403// 1367// 1365//
f 1403// 1365// 1363//
f 1399// 1397// 1395//
f 1389// 1387// 1403//
f 1403// 1387// 1385//
f 1403// 1385// 1383//
f 1383// 1381// 1403//
f 1403// 1381// 1379//
f 1403// 1379// 1377//
f 1377// 1375// 1403//
f 1403// 1375// 1373//
f 1403// 1373// 1371//
f 1393// 1403// 1395//
f 1395// 1403// 1401//
f 1395// 1401// 1399//
f 1407// 1408// 1409//
f 1409// 1408// 1410//
f 1407// 1409// 1411//
f 1407// 1411// 1412//
f 1412// 1411// 1413//
f 1412// 1413// 1414//
f 1414// 1413// 1415//
f 1414// 1415// 1416//
f 1416// 1415// 1417//
f 1416// 1417// 1418//
f 1418// 1417// 1419//
f 1418// 1419// 1420//
f 1420// 1419// 1421//
f 1420// 1421// 1422//
f 1422// 1421// 1423//
f 1422// 1423// 1424//
f 1424// 1423// 1425//
f 1424// 1425// 1426//
f 1426// 1425// 1427//
f 1426// 1427// 1428//
f 1428// 1427// 1429//
f 1428// 1429// 1430//
f 1430// 1429// 1431//
f 1430// 1431// 1432//
f 1432// 1431// 1433//
f 1432// 1433// 1434//
f 1434// 1433// 1435//
f 1434// 1435// 1436//
f 1436// 1435// 1437//
f 1436// 1437// 1438//
f 1438// 1437// 1439//
f 1438// 1439// 1440//
f 1440// 1439// 1441//
f 1440// 1441// 1442//
f 1442// 1441// 1443//
f 1442// 1443// 1444//
f 1444// 1443// 1445//
f 1444// 1445// 1446//
f 1446// 1445// 1447//
f 1446// 1447// 1448//
f 1448// 1447// 1449//
f 1448// 1449// 1450//
f 1450// 1449// 1451//
f 1450// 1451// 1452//
f 1452// 1451// 1453//
f 1452// 1453// 1454//
f 1455// 1454// 1456//
f 1456// 1454// 1453//
f 1408// 1455// 1410//
f 1410// 1455// 1456//
f 1455// 1408// 1454//
f 1454// 1408// 1407//
f 1428// 1430// 1454//
f 1407// 1412// 1454//
f 1454// 1412// 1414//
f 1454// 1414// 1416//
f 1416// 1418// 1454//
f 1454// 1418// 1420//
f 1454// 1420// 1422//
f 1422// 1424// 1454//
f 1454// 1424// 1426//
f 1454// 1426// 1428//
f 1430// 1432// 1454//
f 1454// 1432// 1434//
f 1454// 1434// 1436//
f 1436// 1438// 1454//
f 1454// 1438// 1440//
f 1454// 1440// 1442//
f 1442// 1444// 1454//
f 1454// 1444// 1446//
f 1454// 1446// 1452//
f 1452// 1446// 1448//
f 1452// 1448// 1450//
f 1409// 1433// 1431//
f 1410// 1456// 1409//
f 1409// 1456// 1453//
f 1409// 1453// 1451//
f 1445// 1443// 1409//
f 1409// 1443// 1441//
f 1409// 1441// 1439//
f 1439// 1437// 1409//
f 1409// 1437// 1435//
f 1409// 1435// 1433//
f 1431// 1429// 1409//
f 1409// 1429// 1427//
f 1409// 1427// 1425//
f 1419// 1417// 1415//
f 1415// 1413// 1419//
f 1419// 1413// 1411//
f 1419// 1411// 1409//
f 1451// 1449// 1409//
f 1409// 1449// 1447//
f 1409// 1447// 1445//
f 1425// 1423// 1409//
f 1409// 1423// 1421//
f 1409// 1421// 1419//
f 1457// 1458// 1459//
f 1459// 1458// 1460//
f 1457// 1459// 1461//
f 1457// 1461// 1462//
f 1462// 1461// 1463//
f 1462// 1463// 1464//
f 1464// 1463// 1465//
f 1464// 1465// 1466//
f 1466// 1465// 1467//
f 1466// 1467// 1468//
f 1468// 1467// 1469//
f 1468// 1469// 1470//
f 1470// 1469// 1471//
f 1470// 1471// 1472//
f 1472// 1471// 1473//
f 1472// 1473// 1474//
f 1474// 1473// 1475//
f 1474// 1475// 1476//
f 1476// 1475// 1477//
f 1476// 1477// 1478//
f 1478// 1477// 1479//
f 1478// 1479// 1480//
f 1480// 1479// 1481//
f 1480// 1481// 1482//
f 1482// 1481// 1483//
f 1482// 1483// 1484//
f 1484// 1483// 1485//
f 1484// 1485// 1486//
f 1486// 1485// 1487//
f 1486// 1487// 1488//
f 1488// 1487// 1489//
f 1488// 1489// 1490//
f 1490// 1489// 1491//
f 1490// 1491// 1492//
f 1492// 1491// 1493//
f 1492// 1493// 1494//
f 1494// 1493// 1495//
f 1494// 1495// 1496//
f 1496// 1495// 1497//
f 1496// 1497// 1498//
f 1498// 1497// 1499//
f 1498// 1499// 1500//
f 1500// 1499// 1501//
f 1500// 1501// 1502//
f 1502// 1501// 1503//
f 1502// 1503// 1504//
f 1505// 1504// 1506//
f 1506// 1504// 1503//
f 1458// 1505// 1460//
f 1460// 1505// 1506//
f 1505// 1458// 1504//
f 1504// 1458// 1457//
f 1504// 1457// 1502//
f 1496// 1498// 1457//
f 1457// 1498// 1500//
f 1457// 1500// 1502//
f 1462// 1492// 1457//
f 1457// 1492// 1494//
f 1457// 1494// 1496//
f 1462// 1464// 1492//
f 1492// 1464// 1466//
f 1492// 1466// 1468//
f 1468// 1470// 1492//
f 1492// 1470// 1472//
f 1492// 1472// 1474//
f 1474// 1476// 1492//
f 1492// 1476// 1478//
f 1492// 1478// 1480//
f 1484// 1486// 1488//
f 1480// 1482// 1492//
f 1492// 1482// 1484//
f 1492// 1484// 1490//
f 1490// 1484// 1488//
f 1460// 1506// 1459//
f 1459// 1506// 1503//
f 1459// 1503// 1501//
f 1501// 1499// 1459//
f 1459// 1499// 1497//
f 1459// 1497// 1495//
f 1489// 1487// 1473//
f 1487// 1485// 1473//
f 1473// 1485// 1483//
f 1473// 1483// 1481//
f 1481// 1479// 1473//
f 1473// 1479// 1477//
f 1473// 1477// 1475//
f 1489// 1473// 1491//
f 1491// 1473// 1471//
f 1491// 1471// 1469//
f 1469// 1467// 1491//
f 1491// 1467// 1465//
f 1491// 1465// 1463//
f 1495// 1493// 1459//
f 1459// 1493// 1491//
f 1459// 1491// 1461//
f 1461// 1491// 1463//
f 1507// 1508// 1509//
f 1509// 1508// 1510//
f 1507// 1509// 1511//
f 1507// 1511// 1512//
f 1512// 1511// 1513//
f 1512// 1513// 1514//
f 1514// 1513// 1515//
f 1514// 1515// 1516//
f 1516// 1515// 1517//
f 1516// 1517// 1518//
f 1518// 1517// 1519//
f 1518// 1519// 1520//
f 1520// 1519// 1521//
f 1520// 1521// 1522//
f 1522// 1521// 1523//
f 1522// 1523// 1524//
f 1524// 1523// 1525//
f 1524// 1525// 1526//
f 1526// 1525// 1527//
f 1526// 1527// 1528//
f 1528// 1527// 1529//
f 1528// 1529// 1530//
f 1530// 1529// 1531//
f 1530// 1531// 1532//
f 1532// 1531// 1533//
f 1532// 1533// 1534//
f 1534// 1533// 1535//
f 1534// 1535// 1536//
f 1536// 1535// 1537//
f 1536// 1537// 1538//
f 1538// 1537// 1539//
f 1538// 1539// 1540//
f 1540// 1539// 1541//
f 1540// 1541// 1542//
f 1542// 1541// 1543//
f 1542// 1543// 1544//
f 1544// 1543// 1545//
f 1544// 1545// 1546//
f 1546// 1545// 1547//
f 1546// 1547// 1548//
f 1548// 1547// 1549//
f 1548// 1549// 1550//
f 1550// 1549// 1551//
f 1550// 1551// 1552//
f 1552// 1551// 1553//
f 1552// 1553// 1554//
f 1555// 1554// 1556//
f 1556// 1554// 1553//
f 1508// 1555// 1510//
f 1510// 1555// 1556//
f 1554// 1555// 1508//
f 1508// 1507// 1554//
f 1554// 1507// 1512//
f 1554// 1512// 1514//
f 1514// 1516// 1554//
f 1554// 1516// 1518//
f 1554// 1518// 1520//
f 1526// 1528// 1540//
f 1540// 1528// 1530//
f 1540// 1530// 1532//
f 1532// 1534// 1540//
f 1540// 1534// 1536//
f 1540// 1536// 1538//
f 1526// 1540// 1524//
f 1524// 1540// 1542//
f 1524// 1542// 1544//
f 1544// 1546// 1524//
f 1524// 1546// 1548//
f 1524// 1548// 1550//
f 1520// 1522// 1554//
f 1554// 1522// 1524//
f 1554// 1524// 1552//
f 1552// 1524// 1550//
f 1509// 1510// 1556//
f 1556// 1553// 1509//
f 1509// 1553// 1551//
f 1509// 1551// 1549//
f 1549// 1547// 1509//
f 1509// 1547// 1545//
f 1509// 1545// 1543//
f 1537// 1535// 1523//
f 1523// 1535// 1533//
f 1523// 1533// 1531//
f 1531// 1529// 1523//
f 1523// 1529// 1527//
f 1523// 1527// 1525//
f 1537// 1523// 1539//
f 1539// 1523// 1521//
f 1539// 1521// 1519//
f 1519// 1517// 1539//
f 1539// 1517// 1515//
f 1539// 1515// 1513//
f 1543// 1541// 1509//
f 1509// 1541// 1539//
f 1509// 1539// 1511//
f 1511// 1539// 1513//
f 1557// 1558// 1559//
f 1559// 1558// 1560//
f 1557// 1559// 1561//
f 1557// 1561// 1562//
f 1562// 1561// 1563//
f 1562// 1563// 1564//
f 1564// 1563// 1565//
f 1564// 1565// 1566//
f 1566// 1565// 1567//
f 1566// 1567// 1568//
f 1568// 1567// 1569//
f 1568// 1569// 1570//
f 1570// 1569// 1571//
f 1570// 1571// 1572//
f 1572// 1571// 1573//
f 1572// 1573// 1574//
f 1574// 1573// 1575//
f 1574// 1575// 1576//
f 1576// 1575// 1577//
f 1576// 1577// 1578//
f 1578// 1577// 1579//
f 1578// 1579// 1580//
f 1580// 1579// 1581//
f 1580// 1581// 1582//
f 1582// 1581// 1583//
f 1582// 1583// 1584//
f 1584// 1583// 1585//
f 1584// 1585// 1586//
f 1586// 1585// 1587//
f 1586// 1587// 1588//
f 1588// 1587// 1589//
f 1588// 1589// 1590//
f 1590// 1589// 1591//
f 1590// 1591// 1592//
f 1592// 1591// 1593//
f 1592// 1593// 1594//
f 1594// 1593// 1595//
f 1594// 1595// 1596//
f 1596// 1595// 1597//
f 1596// 1597// 1598//
f 1598// 1597// 1599//
f 1598// 1599// 1600//
f 1600// 1599// 1601//
f 1600// 1601// 1602//
f 1602// 1601// 1603//
f 1602// 1603// 1604//
f 1605// 1604// 1606//
f 1606// 1604// 1603//
f 1558// 1605// 1560//
f 1560// 1605// 1606//
f 1604// 1605// 1558//
f 1578// 1580// 1604//
f 1558// 1557// 1604//
f 1604// 1557// 1562//
f 1604// 1562// 1564//
f 1604// 1570// 1572//
f 1580// 1582// 1604//
f 1604// 1582// 1584//
f 1604// 1584// 1602//
f 1602// 1584// 1600//
f 1572// 1574// 1604//
f 1604// 1574// 1576//
f 1604// 1576// 1578//
f 1564// 1566// 1604//
f 1604// 1566// 1568//
f 1604// 1568// 1570//
f 1600// 1584// 1598//
f 1598// 1584// 1586//
f 1598// 1586// 1588//
f 1588// 1590// 1598//
f 1598// 1590// 1592//
f 1598// 1592// 1596//
f 1596// 1592// 1594//
f 1560// 1606// 1559//
f 1559// 1606// 1603//
f 1559// 1603// 1561//
f 1579// 1601// 1581//
f 1581// 1601// 1583//
f 1579// 1577// 1601//
f 1601// 1577// 1575//
f 1601// 1575// 1603//
f 1603// 1575// 1573//
f 1573// 1571// 1603//
f 1603// 1571// 1569//
f 1603// 1569// 1567//
f 1595// 1593// 1591//
f 1601// 1599// 1583//
f 1583// 1599// 1597//
f 1583// 1597// 1585//
f 1585// 1597// 1587//
f 1567// 1565// 1603//
f 1603// 1565// 1563//
f 1603// 1563// 1561//
f 1595// 1591// 1597//
f 1597// 1591// 1589//
f 1597// 1589// 1587//
f 1607// 1608// 1609//
f 1609// 1608// 1610//
f 1607// 1609// 1611//
f 1607// 1611// 1612//
f 1612// 1611// 1613//
f 1612// 1613// 1614//
f 1614// 1613// 1615//
f 1614// 1615// 1616//
f 1616// 1615// 1617//
f 1616// 1617// 1618//
f 1618// 1617// 1619//
f 1618// 1619// 1620//
f 1620// 1619// 1621//
f 1620// 1621// 1622//
f 1622// 1621// 1623//
f 1622// 1623// 1624//
f 1624// 1623// 1625//
f 1624// 1625// 1626//
f 1626// 1625// 1627//
f 1626// 1627// 1628//
f 1628// 1627// 1629//
f 1628// 1629// 1630//
f 1630// 1629// 1631//
f 1630// 1631// 1632//
f 1632// 1631// 1633//
f 1632// 1633// 1634//
f 1634// 1633// 1635//
f 1634// 1635// 1636//
f 1636// 1635// 1637//
f 1636// 1637// 1638//
f 1638// 1637// 1639//
f 1638// 1639// 1640//
f 1640// 1639// 1641//
f 1640// 1641// 1642//
f 1642// 1641// 1643//
f 1642// 1643// 1644//
f 1644// 1643// 1645//
f 1644// 1645// 1646//
f 1646// 1645// 1647//
f 1646// 1647// 1648//
f 1648// 1647// 1649//
f 1648// 1649// 1650//
f 1650// 1649// 1651//
f 1650// 1651// 1652//
f 1652// 1651// 1653//
f 1652// 1653// 1654//
f 1655// 1654// 1656//
f 1656// 1654// 1653//
f 1608// 1655// 1610//
f 1610// 1655// 1656//
f 1655// 1608// 1654//
f 1654// 1608// 1607//
f 1654// 1607// 1652//
f 1614// 1616// 1650//
f 1628// 1630// 1650//
f 1652// 1607// 1650//
f 1650// 1607// 1612//
f 1650// 1612// 1614//
f 1616// 1618// 1650//
f 1650// 1618// 1620//
f 1650// 1620// 1622//
f 1630// 1632// 1650//
f 1650// 1632// 1634//
f 1650// 1634// 1636//
f 1622// 1624// 1650//
f 1650// 1624// 1626//
f 1650// 1626// 1628//
f 1636// 1638// 1650//
f 1650// 1638// 1640//
f 1650// 1640// 1642//
f 1642// 1644// 1650//
f 1650// 1644// 1646//
f 1650// 1646// 1648//
f 1610// 1656// 1609//
f 1609// 1656// 1653//
f 1649// 1633// 1631//
f 1631// 1629// 1649//
f 1649// 1629// 1627//
f 1649// 1627// 1625//
f 1619// 1617// 1649//
f 1649// 1617// 1615//
f 1649// 1615// 1613//
f 1653// 1651// 1609//
f 1609// 1651// 1649//
f 1609// 1649// 1611//
f 1611// 1649// 1613//
f 1649// 1647// 1645//
f 1639// 1637// 1649//
f 1649// 1637// 1635//
f 1649// 1635// 1633//
f 1625// 1623// 1649//
f 1649// 1623// 1621//
f 1649// 1621// 1619//
f 1645// 1643// 1649//
f 1649// 1643// 1641//
f 1649// 1641// 1639//
f 1657// 1658// 1659//
f 1659// 1658// 1660//
f 1657// 1659// 1661//
f 1657// 1661// 1662//
f 1662// 1661// 1663//
f 1662// 1663// 1664//
f 1664// 1663// 1665//
f 1664// 1665// 1666//
f 1666// 1665// 1667//
f 1666// 1667// 1668//
f 1668// 1667// 1669//
f 1668// 1669// 1670//
f 1670// 1669// 1671//
f 1670// 1671// 1672//
f 1672// 1671// 1673//
f 1672// 1673// 1674//
f 1674// 1673// 1675//
f 1674// 1675// 1676//
f 1676// 1675// 1677//
f 1676// 1677// 1678//
f 1678// 1677// 1679//
f 1678// 1679// 1680//
f 1680// 1679// 1681//
f 1680// 1681// 1682//
f 1682// 1681// 1683//
f 1682// 1683// 1684//
f 1684// 1683// 1685//
f 1684// 1685// 1686//
f 1686// 1685// 1687//
f 1686// 1687// 1688//
f 1688// 1687// 1689//
f 1688// 1689// 1690//
f 1690// 1689// 1691//
f 1690// 1691// 1692//
f 1692// 1691// 1693//
f 1692// 1693// 1694//
f 1694// 1693// 1695//
f 1694// 1695// 1696//
f 1696// 1695// 1697//
f 1696// 1697// 1698//
f 1698// 1697// 1699//
f 1698// 1699// 1700//
f 1700// 1699// 1701//
f 1700// 1701// 1702//
f 1702// 1701// 1703//
f 1702// 1703// 1704//
f 1705// 1704// 1706//
f 1706// 1704// 1703//
f 1658// 1705// 1660//
f 1660// 1705// 1706//
f 1705// 1658// 1704//
f 1704// 1658// 1657//
f 1704// 1657// 1702//
f 1657// 1662// 1702//
f 1702// 1662// 1664//
f 1702// 1664// 1666//
f 1672// 1674// 1702//
f 1702// 1674// 1676//
f 1702// 1676// 1678//
f 1678// 1680// 1702//
f 1702// 1680// 1682//
f 1702// 1682// 1684//
f 1666// 1668// 1702//
f 1702// 1668// 1670//
f 1702// 1670// 1672//
f 1686// 1698// 1684//
f 1684// 1698// 1700//
f 1684// 1700// 1702//
f 1690// 1692// 1694//
f 1686// 1688// 1698//
f 1698// 1688// 1690//
f 1698// 1690// 1696//
f 1696// 1690// 1694//
f 1677// 1675// 1701//
f 1671// 1669// 1703//
f 1701// 1675// 1703//
f 1703// 1675// 1673//
f 1703// 1673// 1671//
f 1660// 1706// 1659//
f 1659// 1706// 1703//
f 1659// 1703// 1661//
f 1661// 1703// 1663//
f 1683// 1681// 1701//
f 1701// 1681// 1679//
f 1701// 1679// 1677//
f 1669// 1667// 1703//
f 1703// 1667// 1665//
f 1703// 1665// 1663//
f 1693// 1691// 1689//
f 1701// 1699// 1683//
f 1683// 1699// 1697//
f 1683// 1697// 1685//
f 1685// 1697// 1687//
f 1687// 1697// 1689//
f 1689// 1697// 1695//
f 1689// 1695// 1693//
f 1707// 1708// 1709//
f 1709// 1708// 1710//
f 1707// 1709// 1711//
f 1707// 1711// 1712//
f 1712// 1711// 1713//
f 1712// 1713// 1714//
f 1714// 1713// 1715//
f 1714// 1715// 1716//
f 1716// 1715// 1717//
f 1716// 1717// 1718//
f 1718// 1717// 1719//
f 1718// 1719// 1720//
f 1720// 1719// 1721//
f 1720// 1721// 1722//
f 1722// 1721// 1723//
f 1722// 1723// 1724//
f 1724// 1723// 1725//
f 1724// 1725// 1726//
f 1726// 1725// 1727//
f 1726// 1727// 1728//
f 1728// 1727// 1729//
f 1728// 1729// 1730//
f 1730// 1729// 1731//
f 1730// 1731// 1732//
f 1732// 1731// 1733//
f 1732// 1733// 1734//
f 1734// 1733// 1735//
f 1734// 1735// 1736//
f 1736// 1735// 1737//
f 1736// 1737// 1738//
f 1738// 1737// 1739//
f 1738// 1739// 1740//
f 1740// 1739// 1741//
f 1740// 1741// 1742//
f 1742// 1741// 1743//
f 1742// 1743// 1744//
f 1744// 1743// 1745//
f 1744// 1745// 1746//
f 1746// 1745// 1747//
f 1746// 1747// 1748//
f 1748// 1747// 1749//
f 1748// 1749// 1750//
f 1750// 1749// 1751//
f 1750// 1751// 1752//
f 1752// 1751// 1753//
f 1752// 1753// 1754//
f 1755// 1754// 1756//
f 1756// 1754// 1753//
f 1708// 1755// 1710//
f 1710// 1755// 1756//
f 1755// 1708// 1754//
f 1754// 1708// 1707//
f 1728// 1730// 1754//
f 1716// 1718// 1754//
f 1754// 1718// 1720//
f 1754// 1720// 1722//
f 1722// 1724// 1754//
f 1754// 1724// 1726//
f 1754// 1726// 1728//
f 1707// 1712// 1754//
f 1754// 1712// 1714//
f 1754// 1714// 1716//
f 1730// 1732// 1754//
f 1754// 1732// 1734//
f 1754// 1734// 1736//
f 1736// 1738// 1754//
f 1754// 1738// 1740//
f 1754// 1740// 1742//
f 1742// 1744// 1754//
f 1754// 1744// 1746//
f 1754// 1746// 1752//
f 1752// 1746// 1748//
f 1752// 1748// 1750//
f 1727// 1725// 1753//
f 1735// 1733// 1753//
f 1733// 1731// 1753//
f 1753// 1731// 1729//
f 1753// 1729// 1727//
f 1725// 1723// 1753//
f 1753// 1723// 1721//
f 1753// 1721// 1719//
f 1719// 1717// 1753//
f 1753// 1717// 1715//
f 1753// 1715// 1713//
f 1710// 1756// 1709//
f 1709// 1756// 1753//
f 1709// 1753// 1711//
f 1711// 1753// 1713//
f 1749// 1747// 1751//
f 1751// 1747// 1745//
f 1751// 1745// 1743//
f 1743// 1741// 1751//
f 1751// 1741// 1739//
f 1751// 1739// 1753//
f 1753// 1739// 1737//
f 1753// 1737// 1735//
f 1757// 1758// 1759//
f 1759// 1758// 1760//
f 1757// 1759// 1761//
f 1757// 1761// 1762//
f 1762// 1761// 1763//
f 1762// 1763// 1764//
f 1764// 1763// 1765//
f 1764// 1765// 1766//
f 1766// 1765// 1767//
f 1766// 1767// 1768//
f 1768// 1767// 1769//
f 1768// 1769// 1770//
f 1770// 1769// 1771//
f 1770// 1771// 1772//
f 1772// 1771// 1773//
f 1772// 1773// 1774//
f 1774// 1773// 1775//
f 1774// 1775// 1776//
f 1776// 1775// 1777//
f 1776// 1777// 1778//
f 1778// 1777// 1779//
f 1778// 1779// 1780//
f 1780// 1779// 1781//
f 1780// 1781// 1782//
f 1782// 1781// 1783//
f 1782// 1783// 1784//
f 1784// 1783// 1785//
f 1784// 1785// 1786//
f 1786// 1785// 1787//
f 1786// 1787// 1788//
f 1788// 1787// 1789//
f 1788// 1789// 1790//
f 1790// 1789// 1791//
f 1790// 1791// 1792//
f 1792// 1791// 1793//
f 1792// 1793// 1794//
f 1794// 1793// 1795//
f 1794// 1795// 1796//
f 1796// 1795// 1797//
f 1796// 1797// 1798//
f 1798// 1797// 1799//
f 1798// 1799// 1800//
f 1800// 1799// 1801//
f 1800// 1801// 1802//
f 1802// 1801// 1803//
f 1802// 1803// 1804//
f 1805// 1804// 1806//
f 1806// 1804// 1803//
f 1758// 1805// 1760//
f 1760// 1805// 1806//
f 1805// 1758// 1804//
f 1804// 1758// 1757//
f 1778// 1780// 1796//
f 1757// 1762// 1804//
f 1804// 1762// 1764//
f 1804// 1764// 1766//
f 1766// 1768// 1804//
f 1804// 1768// 1770//
f 1804// 1770// 1772//
f 1778// 1796// 1776//
f 1776// 1796// 1798//
f 1776// 1798// 1800//
f 1800// 1802// 1776//
f 1776// 1802// 1804//
f 1776// 1804// 1774//
f 1774// 1804// 1772//
f 1780// 1782// 1796//
f 1796// 1782// 1784//
f 1796// 1784// 1786//
f 1792// 1794// 1790//
f 1790// 1794// 1796//
f 1790// 1796// 1788//
f 1788// 1796// 1786//
f 1760// 1806// 1759//
f 1759// 1806// 1803//
f 1775// 1801// 1799//
f 1785// 1783// 1795//
f 1771// 1769// 1803//
f 1803// 1769// 1767//
f 1803// 1767// 1765//
f 1765// 1763// 1803//
f 1803// 1763// 1761//
f 1803// 1761// 1759//
f 1799// 1797// 1775//
f 1775// 1797// 1795//
f 1775// 1795// 1777//
f 1793// 1791// 1789//
f 1783// 1781// 1795//
f 1795// 1781// 1779//
f 1795// 1779// 1777//
f 1801// 1775// 1803//
f 1803// 1775// 1773//
f 1803// 1773// 1771//
f 1793// 1789// 1795//
f 1795// 1789// 1787//
f 1795// 1787// 1785//
f 1807// 1808// 1809//
f 1809// 1808// 1810//
f 1807// 1809// 1811//
f 1807// 1811// 1812//
f 1812// 1811// 1813//
f 1812// 1813// 1814//
f 1814// 1813// 1815//
f 1814// 1815// 1816//
f 1816// 1815// 1817//
f 1816// 1817// 1818//
f 1818// 1817// 1819//
f 1818// 1819// 1820//
f 1820// 1819// 1821//
f 1820// 1821// 1822//
f 1822// 1821// 1823//
f 1822// 1823// 1824//
f 1824// 1823// 1825//
f 1824// 1825// 1826//
f 1826// 1825// 1827//
f 1826// 1827// 1828//
f 1828// 1827// 1829//
f 1828// 1829// 1830//
f 1830// 1829// 1831//
f 1830// 1831// 1832//
f 1832// 1831// 1833//
f 1832// 1833// 1834//
f 1834// 1833// 1835//
f 1834// 1835// 1836//
f 1836// 1835// 1837//
f 1836// 1837// 1838//
f 1838// 1837// 1839//
f 1838// 1839// 1840//
f 1840// 1839// 1841//
f 1840// 1841// 1842//
f 1842// 1841// 1843//
f 1842// 1843// 1844//
f 1844// 1843// 1845//
f 1844// 1845// 1846//
f 1846// 1845// 1847//
f 1846// 1847// 1848//
f 1848// 1847// 1849//
f 1848// 1849// 1850//
f 1850// 1849// 1851//
f 1850// 1851// 1852//
f 1852// 1851// 1853//
f 1852// 1853// 1854//
f 1855// 1854// 1856//
f 1856// 1854// 1853//
f 1808// 1855// 1810//
f 1810// 1855// 1856//
f 1854// 1855// 1808//
f 1828// 1830// 1854//
f 1808// 1807// 1854//
f 1854// 1807// 1812//
f 1854// 1812// 1814//
f 1854// 1820// 1822//
f 1822// 1824// 1854//
f 1854// 1824// 1826//
f 1854// 1826// 1828//
f 1830// 1832// 1854//
f 1854// 1832// 1834//
f 1854// 1834// 1852//
f 1852// 1834// 1850//
f 1814// 1816// 1854//
f 1854// 1816// 1818//
f 1854// 1818// 1820//
f 1836// 1838// 1846//
f 1846// 1838// 1840//
f 1846// 1840// 1844//
f 1844// 1840// 1842//
f 1836// 1846// 1834//
f 1834// 1846// 1848//
f 1834// 1848// 1850//
f 1810// 1856// 1809//
f 1809// 1856// 1853//
f 1809// 1853// 1811//
f 1831// 1829// 1853//
f 1831// 1853// 1833//
f 1833// 1853// 1851//
f 1833// 1851// 1849//
f 1829// 1827// 1853//
f 1853// 1827// 1825//
f 1853// 1825// 1823//
f 1823// 1821// 1853//
f 1853// 1821// 1819//
f 1853// 1819// 1817//
f 1837// 1835// 1845//
f 1845// 1835// 1833//
f 1845// 1833// 1847//
f 1847// 1833// 1849//
f 1837// 1845// 1839//
f 1839// 1845// 1843//
f 1839// 1843// 1841//
f 1817// 1815// 1853//
f 1853// 1815// 1813//
f 1853// 1813// 1811//
f 1857// 1858// 1859//
f 1859// 1858// 1860//
f 1857// 1859// 1861//
f 1857// 1861// 1862//
f 1862// 1861// 1863//
f 1862// 1863// 1864//
f 1864// 1863// 1865//
f 1864// 1865// 1866//
f 1866// 1865// 1867//
f 1866// 1867// 1868//
f 1868// 1867// 1869//
f 1868// 1869// 1870//
f 1870// 1869// 1871//
f 1870// 1871// 1872//
f 1872// 1871// 1873//
f 1872// 1873// 1874//
f 1874// 1873// 1875//
f 1874// 1875// 1876//
f 1876// 1875// 1877//
f 1876// 1877// 1878//
f 1878// 1877// 1879//
f 1878// 1879// 1880//
f 1880// 1879// 1881//
f 1880// 1881// 1882//
f 1882// 1881// 1883//
f 1882// 1883// 1884//
f 1884// 1883// 1885//
f 1884// 1885// 1886//
f 1886// 1885// 1887//
f 1886// 1887// 1888//
f 1888// 1887// 1889//
f 1888// 1889// 1890//
f 1890// 1889// 1891//
f 1890// 1891// 1892//
f 1892// 1891// 1893//
f 1892// 1893// 1894//
f 1894// 1893// 1895//
f 1894// 1895// 1896//
f 1896// 1895// 1897//
f 1896// 1897// 1898//
f 1898// 1897// 1899//
f 1898// 1899// 1900//
f 1900// 1899// 1901//
f 1900// 1901// 1902//
f 1902// 1901// 1903//
f 1902// 1903// 1904//
f 1905// 1904// 1906//
f 1906// 1904// 1903//
f 1858// 1905// 1860//
f 1860// 1905// 1906//
f 1904// 1905// 1858//
f 1878// 1880// 1904//
f 1858// 1857// 1904//
f 1904// 1857// 1862//
f 1904// 1862// 1864//
f 1904// 1870// 1872//
f 1880// 1882// 1904//
f 1904// 1882// 1884//
f 1904// 1884// 1902//
f 1902// 1884// 1900//
f 1872// 1874// 1904//
f 1904// 1874// 1876//
f 1904// 1876// 1878//
f 1864// 1866// 1904//
f 1904// 1866// 1868//
f 1904// 1868// 1870//
f 1900// 1884// 1898//
f 1898// 1884// 1886//
f 1898// 1886// 1888//
f 1888// 1890// 1898//
f 1898// 1890// 1892//
f 1898// 1892// 1896//
f 1896// 1892// 1894//
f 1860// 1906// 1859//
f 1859// 1906// 1903//
f 1859// 1903// 1861//
f 1879// 1901// 1881//
f 1881// 1901// 1883//
f 1879// 1877// 1901//
f 1901// 1877// 1875//
f 1901// 1875// 1903//
f 1903// 1875// 1873//
f 1873// 1871// 1903//
f 1903// 1871// 1869//
f 1903// 1869// 1867//
f 1895// 1893// 1891//
f 1901// 1899// 1883//
f 1883// 1899// 1897//
f 1883// 1897// 1885//
f 1885// 1897// 1887//
f 1867// 1865// 1903//
f 1903// 1865// 1863//
f 1903// 1863// 1861//
f 1895// 1891// 1897//
f 1897// 1891// 1889//
f 1897// 1889// 1887//
f 1907// 1908// 1909//
f 1909// 1908// 1910//
f 1907// 1909// 1911//
f 1907// 1911// 1912//
f 1912// 1911// 1913//
f 1912// 1913// 1914//
f 1914// 1913// 1915//
f 1914// 1915// 1916//
f 1916// 1915// 1917//
f 1916// 1917// 1918//
f 1918// 1917// 1919//
f 1918// 1919// 1920//
f 1920// 1919// 1921//
f 1920// 1921// 1922//
f 1922// 1921// 1923//
f 1922// 1923// 1924//
f 1924// 1923// 1925//
f 1924// 1925// 1926//
f 1926// 1925// 1927//
f 1926// 1927// 1928//
f 1928// 1927// 1929//
f 1928// 1929// 1930//
f 1930// 1929// 1931//
f 1930// 1931// 1932//
f 1932// 1931// 1933//
f 1932// 1933// 1934//
f 1934// 1933// 1935//
f 1934// 1935// 1936//
f 1936// 1935// 1937//
f 1936// 1937// 1938//
f 1938// 1937// 1939//
f 1938// 1939// 1940//
f 1940// 1939// 1941//
f 1940// 1941// 1942//
f 1942// 1941// 1943//
f 1942// 1943// 1944//
f 1944// 1943// 1945//
f 1944// 1945// 1946//
f 1946// 1945// 1947//
f 1946// 1947// 1948//
f 1948// 1947// 1949//
f 1948// 1949// 1950//
f 1950// 1949// 1951//
f 1950// 1951// 1952//
f 1952// 1951// 1953//
f 1952// 1953// 1954//
f 1955// 1954// 1956//
f 1956// 1954// 1953//
f 1908// 1955// 1910//
f 1910// 1955// 1956//
f 1954// 1955// 1908//
f 1908// 1907// 1954//
f 1954// 1907// 1912//
f 1954// 1912// 1914//
f 1914// 1916// 1954//
f 1954// 1916// 1918//
f 1954// 1918// 1920//
f 1926// 1928// 1940//
f 1940// 1928// 1930//
f 1940// 1930// 1932//
f 1932// 1934// 1940//
f 1940// 1934// 1936//
f 1940// 1936// 1938//
f 1926// 1940// 1924//
f 1924// 1940// 1942//
f 1924// 1942// 1944//
f 1944// 1946// 1924//
f 1924// 1946// 1948//
f 1924// 1948// 1950//
f 1920// 1922// 1954//
f 1954// 1922// 1924//
f 1954// 1924// 1952//
f 1952// 1924// 1950//
f 1909// 1910// 1956//
f 1956// 1953// 1909//
f 1909// 1953// 1951//
f 1909// 1951// 1949//
f 1949// 1947// 1909//
f 1909// 1947// 1945//
f 1909// 1945// 1943//
f 1937// 1935// 1923//
f 1923// 1935// 1933//
f 1923// 1933// 1931//
f 1931// 1929// 1923//
f 1923// 1929// 1927//
f 1923// 1927// 1925//
f 1937// 1923// 1939//
f 1939// 1923// 1921//
f 1939// 1921// 1919//
f 1919// 1917// 1939//
f 1939// 1917// 1915//
f 1939// 1915// 1913//
f 1943// 1941// 1909//
f 1909// 1941// 1939//
f 1909// 1939// 1911//
f 1911// 1939// 1913//
f 1957// 1958// 1959//
f 1959// 1958// 1960//
f 1957// 1959// 1961//
f 1957// 1961// 1962//
f 1962// 1961// 1963//
f 1962// 1963// 1964//
f 1964// 1963// 1965//
f 1964// 1965// 1966//
f 1966// 1965// 1967//
f 1966// 1967// 1968//
f 1968// 1967// 1969//
f 1968// 1969// 1970//
f 1970// 1969// 1971//
f 1970// 1971// 1972//
f 1972// 1971// 1973//
f 1972// 1973// 1974//
f 1974// 1973// 1975//
f 1974// 1975// 1976//
f 1976// 1975// 1977//
f 1976// 1977// 1978//
f 1978// 1977// 1979//
f 1978// 1979// 1980//
f 1980// 1979// 1981//
f 1980// 1981// 1982//
f 1982// 1981// 1983//
f 1982// 1983// 1984//
f 1984// 1983// 1985//
f 1984// 1985// 1986//
f 1986// 1985// 1987//
f 1986// 1987// 1988//
f 1988// 1987// 1989//
f 1988// 1989// 1990//
f 1990// 1989// 1991//
f 1990// 1991// 1992//
f 1992// 1991// 1993//
f 1992// 1993// 1994//
f 1994// 1993// 1995//
f 1994// 1995// 1996//
f 1996// 1995// 1997//
f 1996// 1997// 1998//
f 1998// 1997// 1999//
f 1998// 1999// 2000//
f 2000// 1999// 2001//
f 2000// 2001// 2002//
f 2002// 2001// 2003//
f 2002// 2003// 2004//
f 2005// 2004// 2006//
f 2006// 2004// 2003//
f 1958// 2005// 1960//
f 1960// 2005// 2006//
f 1992// 1994// 1957//
f 1974// 1976// 1957//
f 1982// 1984// 1957//
f 1957// 1984// 1986//
f 1994// 1996// 1957//
f 1957// 1996// 1998//
f 1957// 1998// 2000//
f 2005// 1958// 2004//
f 2004// 1958// 1957//
f 2004// 1957// 2002//
f 2002// 1957// 2000//
f 1962// 1964// 1970//
f 1970// 1964// 1966//
f 1970// 1966// 1968//
f 1976// 1978// 1957//
f 1957// 1978// 1980//
f 1957// 1980// 1982//
f 1986// 1988// 1957//
f 1957// 1988// 1990//
f 1957// 1990// 1992//
f 1962// 1970// 1957//
f 1957// 1970// 1972//
f 1957// 1972// 1974//
f 1959// 1960// 2006//
f 2006// 2003// 1959//
f 1959// 2003// 2001//
f 1959// 2001// 1999//
f 1999// 1997// 1959//
f 1959// 1997// 1995//
f 1959// 1995// 1993//
f 1993// 1991// 1959//
f 1959// 1991// 1989//
f 1959// 1989// 1987//
f 1987// 1985// 1959//
f 1959// 1985// 1983//
f 1959// 1983// 1981//
f 1981// 1979// 1959//
f 1959// 1979// 1977//
f 1959// 1977// 1975//
f 1969// 1967// 1965//
f 1965// 1963// 1969//
f 1969// 1963// 1961//
f 1969// 1961// 1959//
f 1975// 1973// 1959//
f 1959// 1973// 1971//
f 1959// 1971// 1969//
f 2007// 2008// 2009//
f 2009// 2008// 2010//
f 2007// 2009// 2011//
f 2007// 2011// 2012//
f 2012// 2011// 2013//
f 2012// 2013// 2014//
f 2014// 2013// 2015//
f 2014// 2015// 2016//
f 2016// 2015// 2017//
f 2016// 2017// 2018//
f 2018// 2017// 2019//
f 2018// 2019// 2020//
f 2020// 2019// 2021//
f 2020// 2021// 2022//
f 2022// 2021// 2023//
f 2022// 2023// 2024//
f 2024// 2023// 2025//
f 2024// 2025// 2026//
f 2026// 2025// 2027//
f 2026// 2027// 2028//
f 2028// 2027// 2029//
f 2028// 2029// 2030//
f 2030// 2029// 2031//
f 2030// 2031// 2032//
f 2032// 2031// 2033//
f 2032// 2033// 2034//
f 2034// 2033// 2035//
f 2034// 2035// 2036//
f 2036// 2035// 2037//
f 2036// 2037// 2038//
f 2038// 2037// 2039//
f 2038// 2039// 2040//
f 2040// 2039// 2041//
f 2040// 2041// 2042//
f 2042// 2041// 2043//
f 2042// 2043// 2044//
f 2044// 2043// 2045//
f 2044// 2045// 2046//
f 2046// 2045// 2047//
f 2046// 2047// 2048//
f 2048// 2047// 2049//
f 2048// 2049// 2050//
f 2050// 2049// 2051//
f 2050// 2051// 2052//
f 2052// 2051// 2053//
f 2052// 2053// 2054//
f 2055// 2054// 2056//
f 2056// 2054// 2053//
f 2008// 2055// 2010//
f 2010// 2055// 2056//
f 2055// 2008// 2054//
f 2054// 2008// 2007//
f 2054// 2007// 2012//
f 2012// 2014// 2054//
f 2054// 2014// 2016//
f 2054// 2016// 2018//
f 2018// 2020// 2054//
f 2054// 2020// 2022//
f 2054// 2022// 2024//
f 2054// 2030// 2032//
f 2024// 2026// 2054//
f 2054// 2026// 2028//
f 2054// 2028// 2030//
f 2032// 2034// 2054//
f 2054// 2034// 2036//
f 2054// 2036// 2038//
f 2044// 2046// 2048//
f 2048// 2050// 2044//
f 2044// 2050// 2052//
f 2044// 2052// 2054//
f 2038// 2040// 2054//
f 2054// 2040// 2042//
f 2054// 2042// 2044//
f 2010// 2056// 2009//
f 2009// 2056// 2053//
f 2021// 2019// 2053//
f 2053// 2019// 2017//
f 2053// 2017// 2015//
f 2015// 2013// 2053//
f 2053// 2013// 2011//
f 2053// 2011// 2009//
f 2051// 2049// 2043//
f 2043// 2049// 2047//
f 2043// 2047// 2045//
f 2039// 2037// 2053//
f 2053// 2037// 2035//
f 2053// 2035// 2033//
f 2033// 2031// 2053//
f 2053// 2031// 2029//
f 2053// 2029// 2027//
f 2051// 2043// 2053//
f 2053// 2043// 2041//
f 2053// 2041// 2039//
f 2027// 2025// 2053//
f 2053// 2025// 2023//
f 2053// 2023// 2021//
f 2057// 2058// 2059//
f 2059// 2058// 2060//
f 2057// 2059// 2061//
f 2057// 2061// 2062//
f 2062// 2061// 2063//
f 2062// 2063// 2064//
f 2064// 2063// 2065//
f 2064// 2065// 2066//
f 2066// 2065// 2067//
f 2066// 2067// 2068//
f 2068// 2067// 2069//
f 2068// 2069// 2070//
f 2070// 2069// 2071//
f 2070// 2071// 2072//
f 2072// 2071// 2073//
f 2072// 2073// 2074//
f 2074// 2073// 2075//
f 2074// 2075// 2076//
f 2076// 2075// 2077//
f 2076// 2077// 2078//
f 2078// 2077// 2079//
f 2078// 2079// 2080//
f 2080// 2079// 2081//
f 2080// 2081// 2082//
f 2082// 2081// 2083//
f 2082// 2083// 2084//
f 2084// 2083// 2085//
f 2084// 2085// 2086//
f 2086// 2085// 2087//
f 2086// 2087// 2088//
f 2088// 2087// 2089//
f 2088// 2089// 2090//
f 2090// 2089// 2091//
f 2090// 2091// 2092//
f 2092// 2091// 2093//
f 2092// 2093// 2094//
f 2094// 2093// 2095//
f 2094// 2095// 2096//
f 2096// 2095// 2097//
f 2096// 2097// 2098//
f 2098// 2097// 2099//
f 2098// 2099// 2100//
f 2100// 2099// 2101//
f 2100// 2101// 2102//
f 2102// 2101// 2103//
f 2102// 2103// 2104//
f 2105// 2104// 2106//
f 2106// 2104// 2103//
f 2058// 2105// 2060//
f 2060// 2105// 2106//
f 2105// 2058// 2104//
f 2104// 2058// 2057//
f 2082// 2084// 2104//
f 2057// 2062// 2104//
f 2104// 2062// 2064//
f 2104// 2064// 2066//
f 2072// 2074// 2104//
f 2104// 2074// 2076//
f 2066// 2068// 2104//
f 2104// 2068// 2070//
f 2104// 2070// 2072//
f 2076// 2078// 2104//
f 2104// 2078// 2080//
f 2104// 2080// 2082//
f 2090// 2092// 2104//
f 2104// 2092// 2094//
f 2104// 2094// 2102//
f 2084// 2086// 2104//
f 2104// 2086// 2088//
f 2104// 2088// 2090//
f 2096// 2098// 2094//
f 2094// 2098// 2100//
f 2094// 2100// 2102//
f 2060// 2106// 2059//
f 2059// 2106// 2103//
f 2059// 2103// 2061//
f 2061// 2103// 2063//
f 2091// 2089// 2069//
f 2069// 2067// 2103//
f 2103// 2067// 2065//
f 2103// 2065// 2063//
f 2103// 2101// 2069//
f 2069// 2101// 2099//
f 2069// 2099// 2097//
f 2097// 2095// 2069//
f 2069// 2095// 2093//
f 2069// 2093// 2091//
f 2089// 2087// 2069//
f 2069// 2087// 2085//
f 2069// 2085// 2083//
f 2073// 2079// 2075//
f 2075// 2079// 2077//
f 2083// 2081// 2069//
f 2069// 2081// 2079//
f 2069// 2079// 2071//
f 2071// 2079// 2073//
f 2107// 2108// 2109//
f 2109// 2108// 2110//
f 2107// 2109// 2111//
f 2107// 2111// 2112//
f 2112// 2111// 2113//
f 2112// 2113// 2114//
f 2114// 2113// 2115//
f 2114// 2115// 2116//
f 2116// 2115// 2117//
f 2116// 2117// 2118//
f 2118// 2117// 2119//
f 2118// 2119// 2120//
f 2120// 2119// 2121//
f 2120// 2121// 2122//
f 2122// 2121// 2123//
f 2122// 2123// 2124//
f 2124// 2123// 2125//
f 2124// 2125// 2126//
f 2126// 2125// 2127//
f 2126// 2127// 2128//
f 2128// 2127// 2129//
f 2128// 2129// 2130//
f 2130// 2129// 2131//
f 2130// 2131// 2132//
f 2132// 2131// 2133//
f 2132// 2133// 2134//
f 2134// 2133// 2135//
f 2134// 2135// 2136//
f 2136// 2135// 2137//
f 2136// 2137// 2138//
f 2138// 2137// 2139//
f 2138// 2139// 2140//
f 2140// 2139// 2141//
f 2140// 2141// 2142//
f 2142// 2141// 2143//
f 2142// 2143// 2144//
f 2144// 2143// 2145//
f 2144// 2145// 2146//
f 2146// 2145// 2147//
f 2146// 2147// 2148//
f 2148// 2147// 2149//
f 2148// 2149// 2150//
f 2150// 2149// 2151//
f 2150// 2151// 2152//
f 2152// 2151// 2153//
f 2152// 2153// 2154//
f 2155// 2154// 2156//
f 2156// 2154// 2153//
f 2108// 2155// 2110//
f 2110// 2155// 2156//
f 2155// 2108// 2154//
f 2154// 2108// 2107//
f 2128// 2130// 2154//
f 2154// 2130// 2132//
f 2154// 2132// 2134//
f 2107// 2112// 2154//
f 2154// 2112// 2114//
f 2154// 2114// 2116//
f 2148// 2150// 2152//
f 2116// 2118// 2154//
f 2154// 2118// 2120//
f 2154// 2120// 2122//
f 2122// 2124// 2154//
f 2154// 2124// 2126//
f 2154// 2126// 2128//
f 2134// 2136// 2154//
f 2154// 2136// 2138//
f 2154// 2138// 2140//
f 2140// 2142// 2154//
f 2154// 2142// 2144//
f 2154// 2144// 2152//
f 2152// 2144// 2146//
f 2152// 2146// 2148//
f 2110// 2156// 2109//
f 2109// 2156// 2153//
f 2141// 2139// 2109//
f 2109// 2133// 2131//
f 2153// 2151// 2109//
f 2109// 2151// 2149//
f 2109// 2149// 2147//
f 2147// 2145// 2109//
f 2109// 2145// 2143//
f 2109// 2143// 2141//
f 2139// 2137// 2109//
f 2109// 2137// 2135//
f 2109// 2135// 2133//
f 2131// 2129// 2109//
f 2109// 2129// 2127//
f 2109// 2127// 2125//
f 2119// 2117// 2115//
f 2115// 2113// 2119//
f 2119// 2113// 2111//
f 2119// 2111// 2109//
f 2125// 2123// 2109//
f 2109// 2123// 2121//
f 2109// 2121// 2119//
f 2157// 2158// 2159//
f 2159// 2158// 2160//
f 2157// 2159// 2161//
f 2157// 2161// 2162//
f 2162// 2161// 2163//
f 2162// 2163// 2164//
f 2164// 2163// 2165//
f 2164// 2165// 2166//
f 2166// 2165// 2167//
f 2166// 2167// 2168//
f 2168// 2167// 2169//
f 2168// 2169// 2170//
f 2170// 2169// 2171//
f 2170// 2171// 2172//
f 2172// 2171// 2173//
f 2172// 2173// 2174//
f 2174// 2173// 2175//
f 2174// 2175// 2176//
f 2176// 2175// 2177//
f 2176// 2177// 2178//
f 2178// 2177// 2179//
f 2178// 2179// 2180//
f 2180// 2179// 2181//
f 2180// 2181// 2182//
f 2182// 2181// 2183//
f 2182// 2183// 2184//
f 2184// 2183// 2185//
f 2184// 2185// 2186//
f 2186// 2185// 2187//
f 2186// 2187// 2188//
f 2188// 2187// 2189//
f 2188// 2189// 2190//
f 2190// 2189// 2191//
f 2190// 2191// 2192//
f 2192// 2191// 2193//
f 2192// 2193// 2194//
f 2194// 2193// 2195//
f 2194// 2195// 2196//
f 2196// 2195// 2197//
f 2196// 2197// 2198//
f 2198// 2197// 2199//
f 2198// 2199// 2200//
f 2200// 2199// 2201//
f 2200// 2201// 2202//
f 2202// 2201// 2203//
f 2202// 2203// 2204//
f 2205// 2204// 2206//
f 2206// 2204// 2203//
f 2158// 2205// 2160//
f 2160// 2205// 2206//
f 2204// 2205// 2158//
f 2158// 2157// 2204//
f 2204// 2157// 2162//
f 2204// 2162// 2164//
f 2164// 2166// 2204//
f 2204// 2166// 2168//
f 2204// 2168// 2170//
f 2170// 2172// 2204//
f 2204// 2172// 2174//
f 2204// 2174// 2176//
f 2176// 2178// 2204//
f 2204// 2178// 2180//
f 2204// 2180// 2182//
f 2182// 2184// 2204//
f 2204// 2184// 2186//
f 2204// 2186// 2188//
f 2194// 2196// 2198//
f 2198// 2200// 2194//
f 2194// 2200// 2202//
f 2194// 2202// 2204//
f 2188// 2190// 2204//
f 2204// 2190// 2192//
f 2204// 2192// 2194//
f 2171// 2169// 2203//
f 2189// 2187// 2203//
f 2181// 2179// 2203//
f 2203// 2179// 2177//
f 2169// 2167// 2203//
f 2203// 2167// 2165//
f 2203// 2165// 2163//
f 2160// 2206// 2159//
f 2159// 2206// 2203//
f 2159// 2203// 2161//
f 2161// 2203// 2163//
f 2201// 2199// 2193//
f 2193// 2199// 2197//
f 2193// 2197// 2195//
f 2187// 2185// 2203//
f 2203// 2185// 2183//
f 2203// 2183// 2181//
f 2177// 2175// 2203//
f 2203// 2175// 2173//
f 2203// 2173// 2171//
f 2201// 2193// 2203//
f 2203// 2193// 2191//
f 2203// 2191// 2189//
f 2207// 2208// 2209//
f 2209// 2208// 2210//
f 2207// 2209// 2211//
f 2207// 2211// 2212//
f 2212// 2211// 2213//
f 2212// 2213// 2214//
f 2214// 2213// 2215//
f 2214// 2215// 2216//
f 2216// 2215// 2217//
f 2216// 2217// 2218//
f 2218// 2217// 2219//
f 2218// 2219// 2220//
f 2220// 2219// 2221//
f 2220// 2221// 2222//
f 2222// 2221// 2223//
f 2222// 2223// 2224//
f 2224// 2223// 2225//
f 2224// 2225// 2226//
f 2226// 2225// 2227//
f 2226// 2227// 2228//
f 2228// 2227// 2229//
f 2228// 2229// 2230//
f 2230// 2229// 2231//
f 2230// 2231// 2232//
f 2232// 2231// 2233//
f 2232// 2233// 2234//
f 2234// 2233// 2235//
f 2234// 2235// 2236//
f 2236// 2235// 2237//
f 2236// 2237// 2238//
f 2238// 2237// 2239//
f 2238// 2239// 2240//
f 2240// 2239// 2241//
f 2240// 2241// 2242//
f 2242// 2241// 2243//
f 2242// 2243// 2244//
f 2244// 2243// 2245//
f 2244// 2245// 2246//
f 2246// 2245// 2247//
f 2246// 2247// 2248//
f 2248// 2247// 2249//
f 2248// 2249// 2250//
f 2250// 2249// 2251//
f 2250// 2251// 2252//
f 2252// 2251// 2253//
f 2252// 2253// 2254//
f 2255// 2254// 2256//
f 2256// 2254// 2253//
f 2208// 2255// 2210//
f 2210// 2255// 2256//
f 2254// 2255// 2208//
f 2208// 2207// 2254//
f 2254// 2207// 2212//
f 2254// 2212// 2214//
f 2214// 2216// 2254//
f 2254// 2216// 2218//
f 2254// 2218// 2220//
f 2226// 2228// 2240//
f 2240// 2228// 2230//
f 2240// 2230// 2232//
f 2232// 2234// 2240//
f 2240// 2234// 2236//
f 2240// 2236// 2238//
f 2226// 2240// 2224//
f 2224// 2240// 2242//
f 2224// 2242// 2244//
f 2244// 2246// 2224//
f 2224// 2246// 2248//
f 2224// 2248// 2250//
f 2220// 2222// 2254//
f 2254// 2222// 2224//
f 2254// 2224// 2252//
f 2252// 2224// 2250//
f 2209// 2210// 2256//
f 2256// 2253// 2209//
f 2209// 2253// 2251//
f 2209// 2251// 2249//
f 2249// 2247// 2209//
f 2209// 2247// 2245//
f 2209// 2245// 2243//
f 2237// 2235// 2223//
f 2223// 2235// 2233//
f 2223// 2233// 2231//
f 2231// 2229// 2223//
f 2223// 2229// 2227//
f 2223// 2227// 2225//
f 2237// 2223// 2239//
f 2239// 2223// 2221//
f 2239// 2221// 2219//
f 2219// 2217// 2239//
f 2239// 2217// 2215//
f 2239// 2215// 2213//
f 2243// 2241// 2209//
f 2209// 2241// 2239//
f 2209// 2239// 2211//
f 2211// 2239// 2213//
