v -0.01241 -0.039258 0.03
v -0.01241 -0.050234 0.03
v -0.022166 -0.050843 0.03
newmtl 1
Ka 0.25098039215686274 0.25098039215686274 0.25098039215686274
Kd 0.25098039215686274 0.25098039215686274 0.25098039215686274
Ks 0.07450980392156863 0.07450980392156863 0.07450980392156863
d 0.0
endmtl
v 0.041248 -0.050234 0.03
v -0.009971 0.038791 0.03
v 0.027834 0.038791 0.03
v 0.027834 0.005864 0.03
v 0.06076 -0.045051 0.03
v 0.06076 -0.034075 0.03
v 0.041248 0.049766 0.03
v 0.027834 -0.005112 0.03
v 0.027834 -0.039258 0.03
v -0.007532 -0.005112 0.03
v -0.007532 0.005864 0.03
v 0.110292 -0.046839 0.03
v 0.143687 -0.050234 0.03
v 0.100599 -0.050175 0.03
v 0.094156 -0.050843 0.03
v 2.0 -0.050843 0.03
v 0.194907 -0.050234 0.03
v 2.0 2.0 0.03
v 0.194907 0.049766 0.03
v -0.022166 2.0 0.03
v 0.181492 0.049766 0.03
v 0.094026 0.038904 0.03
v 0.101511 0.036203 0.03
v 0.062553 -0.035068 0.03
v 0.108432 0.031573 0.03
v 0.114471 0.024906 0.03
v 0.121736 -0.001301 0.03
v 0.120723 -0.012126 0.03
v 0.118007 -0.020728 0.03
v 0.095755 -0.039431 0.03
v 0.086427 -0.040478 0.03
v 0.103041 -0.036749 0.03
v 0.109178 -0.032612 0.03
v 0.113871 -0.027662 0.03
v 0.073153 -0.039004 0.03
v 0.118593 0.017185 0.03
v 0.121259 0.00648 0.03
v 0.114984 0.04146 0.03
v 0.124012 0.032777 0.03
v 0.129873 0.023428 0.03
v -0.009971 0.049766 0.03
v 0.118335 -0.041703 0.03
v 0.125847 -0.033795 0.03
v 0.143687 -0.039258 0.03
v 0.131174 -0.024286 0.03
v 0.181492 -0.039258 0.03
v 0.105485 0.046927 0.03
v 0.094337 0.050166 0.03
v 0.084293 0.050986 0.03
v 0.134184 -0.013701 0.03
v 0.135151 -0.00212 0.03
v 0.133712 0.012097 0.03
v 0.072322 0.05016 0.03
v 0.06076 0.047022 0.03
v 0.06076 0.033608 0.03
v 0.072024 0.038431 0.03
v 0.084179 0.04001 0.03
v 0.088276 -0.051453 0.03
v 2.0 -2.0 0.03
v 0.085541 -0.051406 0.03
v -0.022166 -2.0 0.03
v 0.081525 -0.050843 0.03
v -2.0 -2.0 0.03
v -2.0 -0.050843 0.03
v 0.07142 -0.049427 0.03
v -0.134362 -0.050234 0.03
v -0.119727 -0.050234 0.03
v -0.107417 -0.022826 0.03
v -0.101682 -0.03177 0.03
v -0.093451 -0.039651 0.03
v -0.08301 -0.045719 0.03
v -0.060143 0.049766 0.03
v -0.07459 0.048222 0.03
v -0.157532 0.049766 0.03
v -2.0 2.0 0.03
v -0.170947 0.049766 0.03
v -0.209971 -0.050234 0.03
v -0.195337 -0.050234 0.03
v -0.185219 -0.022185 0.03
v -0.143908 -0.022185 0.03
v -0.031923 0.049766 0.03
v -0.10435 0.028886 0.03
v -0.108998 0.020286 0.03
v -0.071487 -0.049154 0.03
v -0.059114 -0.050234 0.03
v -0.031923 -0.050234 0.03
v -0.08629 0.044114 0.03
v -0.097174 0.036819 0.03
v -0.097279 0.036727 0.03
v -0.111684 0.010433 0.03
v -0.11241 0.001024 0.03
v -0.111007 -0.012359 0.03
v 2.0 -2.0 0.83
v 2.0 -1.062523 0.83
v 0.287805 -1.062523 0.83
v 0.063415 0.101783 0.83
v 0.104878 0.101783 0.83
v 0.12439 0.103003 0.83
v 2.0 0.939611 0.83
v 2.0 2.0 0.83
v 0.287805 2.0 0.83
v -0.320694 -0.097073 0.83
v -0.333174 -0.099436 0.83
v -0.318466 -0.099436 0.83
v 0.43619 -0.057615 0.83
v 0.426786 -0.074625 0.83
v 2.0 -0.099436 0.83
v 0.416748 -0.085737 0.83
v 0.405494 -0.093388 0.83
v 0.41841 0.090755 0.83
v 0.427558 0.081036 0.83
v 0.435974 0.066186 0.83
v 0.443198 0.041579 0.83
v 0.446341 0.003193 0.83
v 0.443469 -0.032309 0.83
v 0.312551 0.060452 0.83
v 0.322375 0.078151 0.83
v 0.287805 0.103003 0.83
v 0.332571 0.08923 0.83
v 0.344781 0.097289 0.83
v 0.358648 0.102237 0.83
v 0.365764 0.103003 0.83
v 0.287805 0.939611 0.83
v 0.377096 0.104222 0.83
v 0.389118 0.103003 0.83
v 0.334872 -0.09031 0.83
v 0.287805 -0.099436 0.83
v 0.341355 -0.094012 0.83
v 0.355239 -0.098796 0.83
v 0.324522 -0.081319 0.83
v 0.316548 -0.07028 0.83
v 0.313425 -0.064234 0.83
v 0.305926 -0.040609 0.83
v 0.302439 -0.001418 0.83
v 0.305325 0.034747 0.83
v 0.392542 -0.098355 0.83
v 0.383454 -0.099436 0.83
v 0.373209 -0.100656 0.83
v 0.361424 -0.099436 0.83
v -0.22561 -0.099436 0.83
v -0.257533 -0.099436 0.83
v -0.231707 -0.125046 0.83
v -0.294322 -0.125046 0.83
v -1.110671 -1.062523 0.83
v -0.33504 -0.09979 0.83
v -0.262929 -0.049923 0.83
v -0.278468 -0.071883 0.83
v -0.280135 -0.073626 0.83
v -0.281822 -0.075351 0.83
v -0.301979 0.094564 0.83
v -0.283986 0.082435 0.83
v -0.22561 0.103003 0.83
v -0.270067 0.067057 0.83
v -0.258875 0.046664 0.83
v -0.252777 0.023986 0.83
v -0.25122 0.003308 0.83
v -0.254752 -0.027705 0.83
v -0.36166 0.103003 0.83
v -0.34638 0.104222 0.83
v -0.22561 0.939611 0.83
v -0.335089 0.103003 0.83
v -0.321459 0.101531 0.83
v -1.110671 0.103003 0.83
v -0.405966 0.086465 0.83
v -0.387727 0.096626 0.83
v -0.394789 -0.090919 0.83
v -0.413452 -0.078459 0.83
v -1.110671 -0.099436 0.83
v -0.428928 -0.061186 0.83
v -0.349619 -0.100656 0.83
v -0.360886 -0.099436 0.83
v -0.374977 -0.097911 0.83
v -0.443437 0.027696 0.83
v -0.435726 0.050445 0.83
v -0.423617 0.069599 0.83
v -0.43971 -0.040543 0.83
v -0.445194 -0.018324 0.83
v -0.446341 -7.7E-4 0.83
v 0.153659 0.049497 0.83
v 0.153659 0.086959 0.83
v 0.252818 0.091909 0.83
v 0.261964 0.083006 0.83
v 0.241838 0.098348 0.83
v 0.143902 -0.098217 0.83
v 0.12439 -0.099436 0.83
v 0.273171 -0.06407 0.83
v 0.271181 0.029074 0.83
v 0.266671 0.016289 0.83
v 0.268393 0.07226 0.83
v 0.271995 0.060269 0.83
v 0.273171 0.04702 0.83
v 0.164159 -0.03255 0.83
v 0.187411 -0.011848 0.83
v 0.196799 -0.005038 0.83
v 0.273171 -0.098217 0.83
v 0.256042 -3.98E-4 0.83
v 0.254326 -0.002419 0.83
v 0.225597 -0.027209 0.83
v 0.143902 -0.08343 0.83
v 0.145989 -0.06574 0.83
v 0.151572 -0.051054 0.83
v 0.213576 0.06887 0.83
v 0.203487 0.070056 0.83
v 0.229503 0.056101 0.83
v 0.23112 0.050498 0.83
v 0.224809 -0.02779 0.83
v 0.205271 -0.043543 0.83
v 0.196987 -0.052274 0.83
v 0.202553 0.070076 0.83
v 0.186312 0.06793 0.83
v 0.170238 0.061371 0.83
v 0.220119 0.015416 0.83
v 0.227034 0.025198 0.83
v 0.193335 -0.058135 0.83
v 0.19223 -0.061354 0.83
v 0.191883 -0.06407 0.83
v 0.230491 0.033932 0.83
v 0.231707 0.043513 0.83
v 0.219799 0.066612 0.83
v 0.227075 0.060458 0.83
v 0.223858 0.063948 0.83
v 0.175855 0.098348 0.83
v 0.195759 0.103003 0.83
v 0.12439 0.939611 0.83
v 0.198011 0.10353 0.83
v 0.210556 0.104222 0.83
v 0.22407 0.103003 0.83
v 0.227883 0.102659 0.83
v 2.0 0.103003 0.83
v 0.394062 0.102501 0.83
v 0.407285 0.097949 0.83
v 0.12439 2.0 0.83
v -0.22561 2.0 0.83
v -1.110671 2.0 0.83
v -1.110671 0.939611 0.83
v -0.366622 0.102607 0.83
v -1.775 1.85 0.83
v -1.777556 1.830589 0.83
v -1.785048 1.8125 0.83
v -1.796967 1.796967 0.83
v -1.8125 1.785048 0.83
v -1.830589 1.777556 0.83
v -1.9625 0.939611 0.83
v -1.85 1.775 0.83
v -1.869411 1.777556 0.83
v -1.8875 1.785048 0.83
v -1.903033 1.796967 0.83
v -1.914952 1.8125 0.83
v -1.922444 1.830589 0.83
v -1.925 1.85 0.83
v -1.9625 2.0 0.83
v -1.922444 1.869411 0.83
v -1.914952 1.8875 0.83
v -1.796967 1.903033 0.83
v -1.785048 1.8875 0.83
v -1.777556 1.869411 0.83
v -1.903033 1.903033 0.83
v -1.8875 1.914952 0.83
v -1.869411 1.922444 0.83
v -1.85 1.925 0.83
v -1.830589 1.922444 0.83
v -1.8125 1.914952 0.83
v -0.089024 2.0 0.83
v -0.089024 0.939611 0.83
v -0.089024 0.103003 0.83
v 0.104878 -0.098217 0.83
v -0.033232 0.047439 0.83
v -0.03388 0.047439 0.83
v -0.028688 0.039163 0.83
v -0.032078 0.031545 0.83
v -0.023666 0.031166 0.83
v 0.061166 -0.098217 0.83
v -0.031707 0.015541 0.83
v -0.031707 -0.098217 0.83
v -0.089024 -0.099436 0.83
v -0.073171 -0.098217 0.83
v -0.073171 0.101783 0.83
v -0.026639 0.101783 0.83
v 0.065053 -0.039871 0.83
v 0.065701 -0.039871 0.83
v 0.060182 -0.031862 0.83
v 0.063746 -0.026136 0.83
v 0.055107 -0.023979 0.83
v 0.063415 -0.012241 0.83
v -0.176677 0.067637 0.83
v -0.176677 0.016417 0.83
v -0.104878 0.067637 0.83
v -0.109756 0.016417 0.83
v -0.104878 0.101783 0.83
v -0.109756 -0.017729 0.83
v -0.17561 -0.017729 0.83
v -0.17561 -0.098217 0.83
v -0.219512 -0.098217 0.83
v -0.219512 0.101783 0.83
v -0.22561 -1.062523 0.83
v -0.089024 -1.062523 0.83
v 0.12439 -1.062523 0.83
v -1.9625 0.103003 0.83
v -1.9625 -0.099436 0.83
v -1.9625 -1.062523 0.83
v -2.0 2.0 0.83
v -2.0 0.939611 0.83
v -2.0 0.103003 0.83
v -2.0 -0.099436 0.83
v -2.0 -1.062523 0.83
v 0.287805 -2.0 0.83
v 0.12439 -2.0 0.83
v -0.089024 -2.0 0.83
v -0.22561 -2.0 0.83
v -1.110671 -2.0 0.83
v -1.9625 -2.0 0.83
v -2.0 -2.0 0.83
v -0.446341 -7.7E-4 0.82
newmtl 2
Ka 0.6431372549019608 0.615686274509804 0.6
Kd 0.45098039215686275 0.43137254901960786 0.4196078431372549
Ks 0.03137254901960784 0.03137254901960784 0.03137254901960784
d 0.0
endmtl
v -0.445194 -0.018324 0.82
v -0.43971 -0.040543 0.82
v -0.428928 -0.061186 0.82
v -0.413452 -0.078459 0.82
v -0.394789 -0.090919 0.82
v -0.374977 -0.097911 0.82
v -0.349619 -0.100656 0.82
v -0.34638 0.104222 0.82
v -0.366622 0.102607 0.82
v -0.387727 0.096626 0.82
v -0.405966 0.086465 0.82
v -0.423617 0.069599 0.82
v -0.435726 0.050445 0.82
v -0.443437 0.027696 0.82
v -0.25122 0.003308 0.82
v -0.252777 0.023986 0.82
v -0.258875 0.046664 0.82
v -0.270067 0.067057 0.82
v -0.283986 0.082435 0.82
v -0.301979 0.094564 0.82
v -0.321459 0.101531 0.82
v -0.278468 -0.071883 0.82
v -0.262929 -0.049923 0.82
v -0.254752 -0.027705 0.82
v -0.281822 -0.075351 0.82
v -0.280135 -0.073626 0.82
v -0.231707 -0.125046 0.82
v -0.294322 -0.125046 0.82
v -0.320694 -0.097073 0.82
v -0.33504 -0.09979 0.82
v -0.30921 -0.045708 0.82
v -0.316518 -0.053406 0.82
v -0.317423 0.057947 0.82
v -0.310064 0.050444 0.82
v -0.32498 -0.058939 0.82
v -0.33518 -0.062569 0.82
v -0.348819 -0.06407 0.82
v -0.360534 -0.062907 0.82
v -0.295884 7.54E-4 0.82
v -0.295963 -0.002909 0.82
v -0.298874 -0.0242 0.82
v -0.304976 -0.039278 0.82
v -0.30247 0.037587 0.82
v -0.297718 0.021765 0.82
v -0.370617 -0.059551 0.82
v -0.379163 -0.054228 0.82
v -0.387031 -0.046295 0.82
v -0.394512 -0.03403 0.82
v -0.3996 -0.018409 0.82
v -0.325896 0.063185 0.82
v -0.335745 0.066467 0.82
v -0.347675 0.067637 0.82
v -0.361612 0.06602 0.82
v -0.371855 0.062126 0.82
v -0.381216 0.055598 0.82
v -0.389924 0.045369 0.82
v -0.396116 0.033322 0.82
v -0.400624 0.015399 0.82
v -0.401524 0.001516 0.82
v -0.401524 0.001516 0.83
v -0.400624 0.015399 0.83
v -0.396116 0.033322 0.83
v -0.389924 0.045369 0.83
v -0.381216 0.055598 0.83
v -0.371855 0.062126 0.83
v -0.361612 0.06602 0.83
v -0.347675 0.067637 0.83
v -0.335745 0.066467 0.83
v -0.325896 0.063185 0.83
v -0.317423 0.057947 0.83
v -0.310064 0.050444 0.83
v -0.30247 0.037587 0.83
v -0.297718 0.021765 0.83
v -0.295884 7.54E-4 0.83
v -0.295963 -0.002909 0.83
v -0.298874 -0.0242 0.83
v -0.304976 -0.039278 0.83
v -0.30921 -0.045708 0.83
v -0.316518 -0.053406 0.83
v -0.32498 -0.058939 0.83
v -0.33518 -0.062569 0.83
v -0.348819 -0.06407 0.83
v -0.360534 -0.062907 0.83
v -0.370617 -0.059551 0.83
v -0.379163 -0.054228 0.83
v -0.387031 -0.046295 0.83
v -0.394512 -0.03403 0.83
v -0.3996 -0.018409 0.83
v -0.104878 0.101783 0.82
v -0.104878 0.067637 0.82
v -0.176677 0.067637 0.82
v -0.176677 0.016417 0.82
v -0.109756 0.016417 0.82
v -0.109756 -0.017729 0.82
v -0.17561 -0.017729 0.82
v -0.17561 -0.098217 0.82
v -0.219512 -0.098217 0.82
v -0.219512 0.101783 0.82
v 0.104878 0.101783 0.82
v 0.104878 -0.098217 0.82
v 0.061166 -0.098217 0.82
v -0.023666 0.031166 0.82
v -0.033232 0.047439 0.82
v -0.028688 0.039163 0.82
v -0.03388 0.047439 0.82
v -0.031707 0.015541 0.82
v -0.032078 0.031545 0.82
v -0.031707 -0.098217 0.82
v -0.073171 -0.098217 0.82
v -0.073171 0.101783 0.82
v -0.026639 0.101783 0.82
v 0.055107 -0.023979 0.82
v 0.065053 -0.039871 0.82
v 0.060182 -0.031862 0.82
v 0.065701 -0.039871 0.82
v 0.063415 -0.012241 0.82
v 0.063746 -0.026136 0.82
v 0.063415 0.101783 0.82
v 0.191883 -0.06407 0.82
v 0.19223 -0.061354 0.82
v 0.193335 -0.058135 0.82
v 0.196987 -0.052274 0.82
v 0.205271 -0.043543 0.82
v 0.224809 -0.02779 0.82
v 0.273171 -0.06407 0.82
v 0.273171 -0.098217 0.82
v 0.143902 -0.098217 0.82
v 0.143902 -0.08343 0.82
v 0.196799 -0.005038 0.82
v 0.187411 -0.011848 0.82
v 0.164159 -0.03255 0.82
v 0.151572 -0.051054 0.82
v 0.145989 -0.06574 0.82
v 0.231707 0.043513 0.82
v 0.230491 0.033932 0.82
v 0.227034 0.025198 0.82
v 0.220119 0.015416 0.82
v 0.202553 0.070076 0.82
v 0.203487 0.070056 0.82
v 0.213576 0.06887 0.82
v 0.219799 0.066612 0.82
v 0.223858 0.063948 0.82
v 0.227075 0.060458 0.82
v 0.229503 0.056101 0.82
v 0.23112 0.050498 0.82
v 0.153659 0.049497 0.82
v 0.170238 0.061371 0.82
v 0.186312 0.06793 0.82
v 0.153659 0.086959 0.82
v 0.175855 0.098348 0.82
v 0.210556 0.104222 0.82
v 0.198011 0.10353 0.82
v 0.227883 0.102659 0.82
v 0.241838 0.098348 0.82
v 0.252818 0.091909 0.82
v 0.261964 0.083006 0.82
v 0.268393 0.07226 0.82
v 0.271995 0.060269 0.82
v 0.273171 0.04702 0.82
v 0.225597 -0.027209 0.82
v 0.254326 -0.002419 0.82
v 0.256042 -3.98E-4 0.82
v 0.266671 0.016289 0.82
v 0.271181 0.029074 0.82
v 0.373209 -0.100656 0.82
v 0.355239 -0.098796 0.82
v 0.341355 -0.094012 0.82
v 0.334872 -0.09031 0.82
v 0.324522 -0.081319 0.82
v 0.316548 -0.07028 0.82
v 0.313425 -0.064234 0.82
v 0.305926 -0.040609 0.82
v 0.302439 -0.001418 0.82
v 0.377096 0.104222 0.82
v 0.358648 0.102237 0.82
v 0.344781 0.097289 0.82
v 0.332571 0.08923 0.82
v 0.322375 0.078151 0.82
v 0.312551 0.060452 0.82
v 0.305325 0.034747 0.82
v 0.394062 0.102501 0.82
v 0.407285 0.097949 0.82
v 0.41841 0.090755 0.82
v 0.427558 0.081036 0.82
v 0.435974 0.066186 0.82
v 0.443198 0.041579 0.82
v 0.446341 0.003193 0.82
v 0.392542 -0.098355 0.82
v 0.405494 -0.093388 0.82
v 0.416748 -0.085737 0.82
v 0.426786 -0.074625 0.82
v 0.43619 -0.057615 0.82
v 0.443469 -0.032309 0.82
v 0.348047 -0.041536 0.82
v 0.351867 -0.052388 0.82
v 0.356638 -0.060241 0.82
v 0.360707 -0.0643 0.82
v 0.365017 -0.066936 0.82
v 0.370045 -0.068539 0.82
v 0.374657 -0.068948 0.82
v 0.380889 -0.068115 0.82
v 0.38541 -0.066192 0.82
v 0.389538 -0.063103 0.82
v 0.393772 -0.057966 0.82
v 0.398424 -0.048538 0.82
v 0.403258 -0.027105 0.82
v 0.404878 0.001669 0.82
v 0.40106 0.043473 0.82
v 0.397102 0.055786 0.82
v 0.393176 0.062841 0.82
v 0.389337 0.067231 0.82
v 0.385498 0.070007 0.82
v 0.380924 0.071849 0.82
v 0.375457 0.072515 0.82
v 0.36897 0.071656 0.82
v 0.364285 0.069706 0.82
v 0.359962 0.066515 0.82
v 0.355671 0.061488 0.82
v 0.350853 0.052018 0.82
v 0.345806 0.030968 0.82
v 0.343902 -3.89E-4 0.82
v 0.343902 -3.89E-4 0.83
v 0.345806 0.030968 0.83
v 0.350853 0.052018 0.83
v 0.355671 0.061488 0.83
v 0.359962 0.066515 0.83
v 0.364285 0.069706 0.83
v 0.36897 0.071656 0.83
v 0.375457 0.072515 0.83
v 0.380924 0.071849 0.83
v 0.385498 0.070007 0.83
v 0.389337 0.067231 0.83
v 0.393176 0.062841 0.83
v 0.397102 0.055786 0.83
v 0.40106 0.043473 0.83
v 0.404878 0.001669 0.83
v 0.403258 -0.027105 0.83
v 0.398424 -0.048538 0.83
v 0.393772 -0.057966 0.83
v 0.389538 -0.063103 0.83
v 0.38541 -0.066192 0.83
v 0.380889 -0.068115 0.83
v 0.374657 -0.068948 0.83
v 0.370045 -0.068539 0.83
v 0.365017 -0.066936 0.83
v 0.360707 -0.0643 0.83
v 0.356638 -0.060241 0.83
v 0.351867 -0.052388 0.83
v 0.348047 -0.041536 0.83
v -1.775 1.85 0.82
v -1.777556 1.869411 0.82
v -1.785048 1.8875 0.82
v -1.796967 1.903033 0.82
v -1.8125 1.914952 0.82
v -1.830589 1.922444 0.82
v -1.85 1.925 0.82
v -1.869411 1.922444 0.82
v -1.8875 1.914952 0.82
v -1.903033 1.903033 0.82
v -1.914952 1.8875 0.82
v -1.922444 1.869411 0.82
v -1.925 1.85 0.82
v -1.922444 1.830589 0.82
v -1.914952 1.8125 0.82
v -1.903033 1.796967 0.82
v -1.8875 1.785048 0.82
v -1.869411 1.777556 0.82
v -1.85 1.775 0.82
v -1.830589 1.777556 0.82
v -1.8125 1.785048 0.82
v -1.796967 1.796967 0.82
v -1.785048 1.8125 0.82
v -1.777556 1.830589 0.82
v -1.85 1.85 0.82
v -0.170947 0.049766 0.04
v -0.209971 -0.050234 0.04
newmtl 3
Ka 1.0 1.0 1.0
Kd 1.0 1.0 1.0
Ks 0.8784313725490196 0.8784313725490196 0.8784313725490196
d 0.0
endmtl
v -0.195337 -0.050234 0.04
v -0.185219 -0.022185 0.04
v -0.143908 -0.022185 0.04
v -0.134362 -0.050234 0.04
v -0.119727 -0.050234 0.04
v -0.157532 0.049766 0.04
v -0.147281 -0.011209 0.04
v -0.180722 -0.011209 0.04
v -0.162201 0.030559 0.04
v -0.163163 0.034027 0.04
v -0.163801 0.037571 0.04
v -0.164125 0.037571 0.04
v -0.164778 0.034038 0.04
v -0.165669 0.030559 0.04
v -0.147281 -0.011209 0.03
v -0.180722 -0.011209 0.03
v -0.162201 0.030559 0.03
v -0.163163 0.034027 0.03
v -0.163801 0.037571 0.03
v -0.164125 0.037571 0.03
v -0.164778 0.034038 0.03
v -0.165669 0.030559 0.03
v -0.059114 -0.050234 0.04
v -0.031923 -0.050234 0.04
v -0.031923 0.049766 0.04
v -0.060143 0.049766 0.04
v -0.11241 0.001024 0.04
v -0.111684 0.010433 0.04
v -0.108998 0.020286 0.04
v -0.10435 0.028886 0.04
v -0.097279 0.036727 0.04
v -0.097174 0.036819 0.04
v -0.08629 0.044114 0.04
v -0.07459 0.048222 0.04
v -0.071487 -0.049154 0.04
v -0.08301 -0.045719 0.04
v -0.093451 -0.039651 0.04
v -0.101682 -0.03177 0.04
v -0.107417 -0.022826 0.04
v -0.111007 -0.012359 0.04
v -0.092338 0.024768 0.04
v -0.08748 0.029925 0.04
v -0.080176 0.034644 0.04
v -0.071922 0.037533 0.04
v -0.060086 0.038791 0.04
v -0.045337 0.038791 0.04
v -0.045337 -0.039258 0.04
v -0.059533 -0.039258 0.04
v -0.070083 -0.038276 0.04
v -0.078498 -0.035649 0.04
v -0.085318 -0.0316 0.04
v -0.090927 -0.02606 0.04
v -0.095145 -0.019165 0.04
v -0.098078 -0.009765 0.04
v -0.098996 7.38E-4 0.04
v -0.098146 0.010691 0.04
v -0.095812 0.0186 0.04
v -0.060086 0.038791 0.03
v -0.045337 0.038791 0.03
v -0.071922 0.037533 0.03
v -0.080176 0.034644 0.03
v -0.08748 0.029925 0.03
v -0.092338 0.024768 0.03
v -0.095812 0.0186 0.03
v -0.098146 0.010691 0.03
v -0.098996 7.38E-4 0.03
v -0.098078 -0.009765 0.03
v -0.095145 -0.019165 0.03
v -0.090927 -0.02606 0.03
v -0.085318 -0.0316 0.03
v -0.078498 -0.035649 0.03
v -0.070083 -0.038276 0.03
v -0.059533 -0.039258 0.03
v -0.045337 -0.039258 0.03
v -0.01241 -0.039258 0.04
v -0.01241 -0.050234 0.04
v 0.041248 -0.050234 0.04
v 0.041248 0.049766 0.04
v -0.009971 0.049766 0.04
v -0.009971 0.038791 0.04
v 0.027834 0.038791 0.04
v 0.027834 0.005864 0.04
v -0.007532 0.005864 0.04
v -0.007532 -0.005112 0.04
v 0.027834 -0.005112 0.04
v 0.027834 -0.039258 0.04
v 0.06076 -0.034075 0.04
v 0.06076 -0.045051 0.04
v 0.07142 -0.049427 0.04
v 0.088276 -0.051453 0.04
v 0.085541 -0.051406 0.04
v 0.135151 -0.00212 0.04
v 0.134184 -0.013701 0.04
v 0.131174 -0.024286 0.04
v 0.125847 -0.033795 0.04
v 0.118335 -0.041703 0.04
v 0.110292 -0.046839 0.04
v 0.100599 -0.050175 0.04
v 0.084293 0.050986 0.04
v 0.094337 0.050166 0.04
v 0.105485 0.046927 0.04
v 0.114984 0.04146 0.04
v 0.124012 0.032777 0.04
v 0.129873 0.023428 0.04
v 0.133712 0.012097 0.04
v 0.06076 0.047022 0.04
v 0.072322 0.05016 0.04
v 0.06076 0.033608 0.04
v 0.084179 0.04001 0.04
v 0.072024 0.038431 0.04
v 0.121736 -0.001301 0.04
v 0.121259 0.00648 0.04
v 0.118593 0.017185 0.04
v 0.114471 0.024906 0.04
v 0.108432 0.031573 0.04
v 0.101511 0.036203 0.04
v 0.094026 0.038904 0.04
v 0.086427 -0.040478 0.04
v 0.095755 -0.039431 0.04
v 0.103041 -0.036749 0.04
v 0.109178 -0.032612 0.04
v 0.113871 -0.027662 0.04
v 0.118007 -0.020728 0.04
v 0.120723 -0.012126 0.04
v 0.062553 -0.035068 0.04
v 0.073153 -0.039004 0.04
v 0.143687 -0.039258 0.04
v 0.143687 -0.050234 0.04
v 0.194907 -0.050234 0.04
v 0.194907 0.049766 0.04
v 0.181492 0.049766 0.04
v 0.181492 -0.039258 0.04
v 1.81 -0.9 0.21
v 2.01 -0.9 0.21
v 1.81 -0.9 0.01
newmtl 4
Ka 0.7686274509803922 0.7686274509803922 0.7686274509803922
Kd 0.7686274509803922 0.7686274509803922 0.7686274509803922
Ks 0.615686274509804 0.615686274509804 0.615686274509804
d 0.0
endmtl
v 2.01 -0.9 0.01
v 1.795768 -0.901018 0.01
v 1.795768 -0.901018 0.21
v 1.781827 -0.904051 0.01
v 1.781827 -0.904051 0.21
v 1.768458 -0.909037 0.01
v 1.768458 -0.909037 0.21
v 1.755936 -0.915875 0.01
v 1.755936 -0.915875 0.21
v 1.744514 -0.924425 0.01
v 1.744514 -0.924425 0.21
v 1.734425 -0.934514 0.01
v 1.734425 -0.934514 0.21
v 1.725875 -0.945936 0.01
v 1.725875 -0.945936 0.21
v 1.719037 -0.958459 0.01
v 1.719037 -0.958459 0.21
v 1.714051 -0.971827 0.01
v 1.714051 -0.971827 0.21
v 1.711018 -0.985768 0.01
v 1.711018 -0.985768 0.21
v 1.71 -1.0 0.01
v 1.71 -1.0 0.21
v 1.711018 -1.014231 0.01
v 1.711018 -1.014231 0.21
v 1.714051 -1.028173 0.01
v 1.714051 -1.028173 0.21
v 1.719037 -1.041541 0.01
v 1.719037 -1.041541 0.21
v 1.725875 -1.054064 0.01
v 1.725875 -1.054064 0.21
v 1.734425 -1.065486 0.01
v 1.734425 -1.065486 0.21
v 1.744514 -1.075575 0.01
v 1.744514 -1.075575 0.21
v 1.755936 -1.084125 0.01
v 1.755936 -1.084125 0.21
v 1.768458 -1.090963 0.01
v 1.768458 -1.090963 0.21
v 1.781827 -1.095949 0.01
v 1.781827 -1.095949 0.21
v 1.795768 -1.098982 0.01
v 1.795768 -1.098982 0.21
v 1.81 -1.1 0.01
v 1.81 -1.1 0.21
v 2.01 -1.1 0.21
v 2.01 -1.1 0.01
v -0.9 -1.81 0.21
v -0.9 -2.01 0.21
v -0.9 -1.81 0.01
v -0.9 -2.01 0.01
v -0.901018 -1.795768 0.01
v -0.901018 -1.795768 0.21
v -0.904051 -1.781827 0.01
v -0.904051 -1.781827 0.21
v -0.909037 -1.768458 0.01
v -0.909037 -1.768458 0.21
v -0.915875 -1.755936 0.01
v -0.915875 -1.755936 0.21
v -0.924425 -1.744514 0.01
v -0.924425 -1.744514 0.21
v -0.934514 -1.734425 0.01
v -0.934514 -1.734425 0.21
v -0.945936 -1.725875 0.01
v -0.945936 -1.725875 0.21
v -0.958459 -1.719037 0.01
v -0.958459 -1.719037 0.21
v -0.971827 -1.714051 0.01
v -0.971827 -1.714051 0.21
v -0.985768 -1.711018 0.01
v -0.985768 -1.711018 0.21
v -1.0 -1.71 0.01
v -1.0 -1.71 0.21
v -1.014231 -1.711018 0.01
v -1.014231 -1.711018 0.21
v -1.028173 -1.714051 0.01
v -1.028173 -1.714051 0.21
v -1.041541 -1.719037 0.01
v -1.041541 -1.719037 0.21
v -1.054064 -1.725875 0.01
v -1.054064 -1.725875 0.21
v -1.065486 -1.734425 0.01
v -1.065486 -1.734425 0.21
v -1.075575 -1.744514 0.01
v -1.075575 -1.744514 0.21
v -1.084125 -1.755936 0.01
v -1.084125 -1.755936 0.21
v -1.090963 -1.768458 0.01
v -1.090963 -1.768458 0.21
v -1.095949 -1.781827 0.01
v -1.095949 -1.781827 0.21
v -1.098982 -1.795768 0.01
v -1.098982 -1.795768 0.21
v -1.1 -1.81 0.01
v -1.1 -1.81 0.21
v -1.1 -2.01 0.21
v -1.1 -2.01 0.01
v 1.81 -0.4 0.21
v 2.01 -0.4 0.21
v 1.81 -0.4 0.01
v 2.01 -0.4 0.01
v 1.795768 -0.401018 0.01
v 1.795768 -0.401018 0.21
v 1.781827 -0.404051 0.01
v 1.781827 -0.404051 0.21
v 1.768458 -0.409037 0.01
v 1.768458 -0.409037 0.21
v 1.755936 -0.415875 0.01
v 1.755936 -0.415875 0.21
v 1.744514 -0.424425 0.01
v 1.744514 -0.424425 0.21
v 1.734425 -0.434514 0.01
v 1.734425 -0.434514 0.21
v 1.725875 -0.445936 0.01
v 1.725875 -0.445936 0.21
v 1.719037 -0.458458 0.01
v 1.719037 -0.458458 0.21
v 1.714051 -0.471827 0.01
v 1.714051 -0.471827 0.21
v 1.711018 -0.485769 0.01
v 1.711018 -0.485769 0.21
v 1.71 -0.5 0.01
v 1.71 -0.5 0.21
v 1.711018 -0.514232 0.01
v 1.711018 -0.514232 0.21
v 1.714051 -0.528173 0.01
v 1.714051 -0.528173 0.21
v 1.719037 -0.541542 0.01
v 1.719037 -0.541542 0.21
v 1.725875 -0.554064 0.01
v 1.725875 -0.554064 0.21
v 1.734425 -0.565486 0.01
v 1.734425 -0.565486 0.21
v 1.744514 -0.575575 0.01
v 1.744514 -0.575575 0.21
v 1.755936 -0.584125 0.01
v 1.755936 -0.584125 0.21
v 1.768458 -0.590963 0.01
v 1.768458 -0.590963 0.21
v 1.781827 -0.595949 0.01
v 1.781827 -0.595949 0.21
v 1.795768 -0.598982 0.01
v 1.795768 -0.598982 0.21
v 1.81 -0.6 0.01
v 1.81 -0.6 0.21
v 2.01 -0.6 0.21
v 2.01 -0.6 0.01
v 1.81 0.1 0.21
v 2.01 0.1 0.21
v 1.81 0.1 0.01
v 2.01 0.1 0.01
v 1.795768 0.098982 0.01
v 1.795768 0.098982 0.21
v 1.781827 0.095949 0.01
v 1.781827 0.095949 0.21
v 1.768458 0.090963 0.01
v 1.768458 0.090963 0.21
v 1.755936 0.084125 0.01
v 1.755936 0.084125 0.21
v 1.744514 0.075575 0.01
v 1.744514 0.075575 0.21
v 1.734425 0.065486 0.01
v 1.734425 0.065486 0.21
v 1.725875 0.054064 0.01
v 1.725875 0.054064 0.21
v 1.719037 0.041542 0.01
v 1.719037 0.041542 0.21
v 1.714051 0.028173 0.01
v 1.714051 0.028173 0.21
v 1.711018 0.014231 0.01
v 1.711018 0.014231 0.21
v 1.71 0.0 0.01
v 1.71 0.0 0.21
v 1.711018 -0.014231 0.01
v 1.711018 -0.014231 0.21
v 1.714051 -0.028173 0.01
v 1.714051 -0.028173 0.21
v 1.719037 -0.041542 0.01
v 1.719037 -0.041542 0.21
v 1.725875 -0.054064 0.01
v 1.725875 -0.054064 0.21
v 1.734425 -0.065486 0.01
v 1.734425 -0.065486 0.21
v 1.744514 -0.075575 0.01
v 1.744514 -0.075575 0.21
v 1.755936 -0.084125 0.01
v 1.755936 -0.084125 0.21
v 1.768458 -0.090963 0.01
v 1.768458 -0.090963 0.21
v 1.781827 -0.095949 0.01
v 1.781827 -0.095949 0.21
v 1.795768 -0.098982 0.01
v 1.795768 -0.098982 0.21
v 1.81 -0.1 0.01
v 1.81 -0.1 0.21
v 2.01 -0.1 0.21
v 2.01 -0.1 0.01
v 1.81 0.6 0.21
v 2.01 0.6 0.21
v 1.81 0.6 0.01
v 2.01 0.6 0.01
v 1.795768 0.598982 0.01
v 1.795768 0.598982 0.21
v 1.781827 0.595949 0.01
v 1.781827 0.595949 0.21
v 1.768458 0.590963 0.01
v 1.768458 0.590963 0.21
v 1.755936 0.584125 0.01
v 1.755936 0.584125 0.21
v 1.744514 0.575575 0.01
v 1.744514 0.575575 0.21
v 1.734425 0.565486 0.01
v 1.734425 0.565486 0.21
v 1.725875 0.554064 0.01
v 1.725875 0.554064 0.21
v 1.719037 0.541542 0.01
v 1.719037 0.541542 0.21
v 1.714051 0.528173 0.01
v 1.714051 0.528173 0.21
v 1.711018 0.514232 0.01
v 1.711018 0.514232 0.21
v 1.71 0.5 0.01
v 1.71 0.5 0.21
v 1.711018 0.485769 0.01
v 1.711018 0.485769 0.21
v 1.714051 0.471827 0.01
v 1.714051 0.471827 0.21
v 1.719037 0.458458 0.01
v 1.719037 0.458458 0.21
v 1.725875 0.445936 0.01
v 1.725875 0.445936 0.21
v 1.734425 0.434514 0.01
v 1.734425 0.434514 0.21
v 1.744514 0.424425 0.01
v 1.744514 0.424425 0.21
v 1.755936 0.415875 0.01
v 1.755936 0.415875 0.21
v 1.768458 0.409037 0.01
v 1.768458 0.409037 0.21
v 1.781827 0.404051 0.01
v 1.781827 0.404051 0.21
v 1.795768 0.401018 0.01
v 1.795768 0.401018 0.21
v 1.81 0.4 0.01
v 1.81 0.4 0.21
v 2.01 0.4 0.21
v 2.01 0.4 0.01
v 1.81 1.1 0.21
v 2.01 1.1 0.21
v 1.81 1.1 0.01
v 2.01 1.1 0.01
v 1.795768 1.098982 0.01
v 1.795768 1.098982 0.21
v 1.781827 1.095949 0.01
v 1.781827 1.095949 0.21
v 1.768458 1.090963 0.01
v 1.768458 1.090963 0.21
v 1.755936 1.084125 0.01
v 1.755936 1.084125 0.21
v 1.744514 1.075575 0.01
v 1.744514 1.075575 0.21
v 1.734425 1.065486 0.01
v 1.734425 1.065486 0.21
v 1.725875 1.054064 0.01
v 1.725875 1.054064 0.21
v 1.719037 1.041541 0.01
v 1.719037 1.041541 0.21
v 1.714051 1.028173 0.01
v 1.714051 1.028173 0.21
v 1.711018 1.014231 0.01
v 1.711018 1.014231 0.21
v 1.71 1.0 0.01
v 1.71 1.0 0.21
v 1.711018 0.985768 0.01
v 1.711018 0.985768 0.21
v 1.714051 0.971827 0.01
v 1.714051 0.971827 0.21
v 1.719037 0.958459 0.01
v 1.719037 0.958459 0.21
v 1.725875 0.945936 0.01
v 1.725875 0.945936 0.21
v 1.734425 0.934514 0.01
v 1.734425 0.934514 0.21
v 1.744514 0.924425 0.01
v 1.744514 0.924425 0.21
v 1.755936 0.915875 0.01
v 1.755936 0.915875 0.21
v 1.768458 0.909037 0.01
v 1.768458 0.909037 0.21
v 1.781827 0.904051 0.01
v 1.781827 0.904051 0.21
v 1.795768 0.901018 0.01
v 1.795768 0.901018 0.21
v 1.81 0.9 0.01
v 1.81 0.9 0.21
v 2.01 0.9 0.21
v 2.01 0.9 0.01
v -0.4 -1.81 0.21
v -0.4 -2.01 0.21
v -0.4 -1.81 0.01
v -0.4 -2.01 0.01
v -0.401018 -1.795768 0.01
v -0.401018 -1.795768 0.21
v -0.404051 -1.781827 0.01
v -0.404051 -1.781827 0.21
v -0.409037 -1.768458 0.01
v -0.409037 -1.768458 0.21
v -0.415875 -1.755936 0.01
v -0.415875 -1.755936 0.21
v -0.424425 -1.744514 0.01
v -0.424425 -1.744514 0.21
v -0.434514 -1.734425 0.01
v -0.434514 -1.734425 0.21
v -0.445936 -1.725875 0.01
v -0.445936 -1.725875 0.21
v -0.458458 -1.719037 0.01
v -0.458458 -1.719037 0.21
v -0.471827 -1.714051 0.01
v -0.471827 -1.714051 0.21
v -0.485769 -1.711018 0.01
v -0.485769 -1.711018 0.21
v -0.5 -1.71 0.01
v -0.5 -1.71 0.21
v -0.514232 -1.711018 0.01
v -0.514232 -1.711018 0.21
v -0.528173 -1.714051 0.01
v -0.528173 -1.714051 0.21
v -0.541542 -1.719037 0.01
v -0.541542 -1.719037 0.21
v -0.554064 -1.725875 0.01
v -0.554064 -1.725875 0.21
v -0.565486 -1.734425 0.01
v -0.565486 -1.734425 0.21
v -0.575575 -1.744514 0.01
v -0.575575 -1.744514 0.21
v -0.584125 -1.755936 0.01
v -0.584125 -1.755936 0.21
v -0.590963 -1.768458 0.01
v -0.590963 -1.768458 0.21
v -0.595949 -1.781827 0.01
v -0.595949 -1.781827 0.21
v -0.598982 -1.795768 0.01
v -0.598982 -1.795768 0.21
v -0.6 -1.81 0.01
v -0.6 -1.81 0.21
v -0.6 -2.01 0.21
v -0.6 -2.01 0.01
v 0.1 -1.81 0.21
v 0.1 -2.01 0.21
v 0.1 -1.81 0.01
v 0.1 -2.01 0.01
v 0.098982 -1.795768 0.01
v 0.098982 -1.795768 0.21
v 0.095949 -1.781827 0.01
v 0.095949 -1.781827 0.21
v 0.090963 -1.768458 0.01
v 0.090963 -1.768458 0.21
v 0.084125 -1.755936 0.01
v 0.084125 -1.755936 0.21
v 0.075575 -1.744514 0.01
v 0.075575 -1.744514 0.21
v 0.065486 -1.734425 0.01
v 0.065486 -1.734425 0.21
v 0.054064 -1.725875 0.01
v 0.054064 -1.725875 0.21
v 0.041542 -1.719037 0.01
v 0.041542 -1.719037 0.21
v 0.028173 -1.714051 0.01
v 0.028173 -1.714051 0.21
v 0.014231 -1.711018 0.01
v 0.014231 -1.711018 0.21
v -0.0 -1.71 0.01
v -0.0 -1.71 0.21
v -0.014231 -1.711018 0.01
v -0.014231 -1.711018 0.21
v -0.028173 -1.714051 0.01
v -0.028173 -1.714051 0.21
v -0.041542 -1.719037 0.01
v -0.041542 -1.719037 0.21
v -0.054064 -1.725875 0.01
v -0.054064 -1.725875 0.21
v -0.065486 -1.734425 0.01
v -0.065486 -1.734425 0.21
v -0.075575 -1.744514 0.01
v -0.075575 -1.744514 0.21
v -0.084125 -1.755936 0.01
v -0.084125 -1.755936 0.21
v -0.090963 -1.768458 0.01
v -0.090963 -1.768458 0.21
v -0.095949 -1.781827 0.01
v -0.095949 -1.781827 0.21
v -0.098982 -1.795768 0.01
v -0.098982 -1.795768 0.21
v -0.1 -1.81 0.01
v -0.1 -1.81 0.21
v -0.1 -2.01 0.21
v -0.1 -2.01 0.01
v 0.6 -1.81 0.21
v 0.6 -2.01 0.21
v 0.6 -1.81 0.01
v 0.6 -2.01 0.01
v 0.598982 -1.795768 0.01
v 0.598982 -1.795768 0.21
v 0.595949 -1.781827 0.01
v 0.595949 -1.781827 0.21
v 0.590963 -1.768458 0.01
v 0.590963 -1.768458 0.21
v 0.584125 -1.755936 0.01
v 0.584125 -1.755936 0.21
v 0.575575 -1.744514 0.01
v 0.575575 -1.744514 0.21
v 0.565486 -1.734425 0.01
v 0.565486 -1.734425 0.21
v 0.554064 -1.725875 0.01
v 0.554064 -1.725875 0.21
v 0.541542 -1.719037 0.01
v 0.541542 -1.719037 0.21
v 0.528173 -1.714051 0.01
v 0.528173 -1.714051 0.21
v 0.514232 -1.711018 0.01
v 0.514232 -1.711018 0.21
v 0.5 -1.71 0.01
v 0.5 -1.71 0.21
v 0.485769 -1.711018 0.01
v 0.485769 -1.711018 0.21
v 0.471827 -1.714051 0.01
v 0.471827 -1.714051 0.21
v 0.458458 -1.719037 0.01
v 0.458458 -1.719037 0.21
v 0.445936 -1.725875 0.01
v 0.445936 -1.725875 0.21
v 0.434514 -1.734425 0.01
v 0.434514 -1.734425 0.21
v 0.424425 -1.744514 0.01
v 0.424425 -1.744514 0.21
v 0.415875 -1.755936 0.01
v 0.415875 -1.755936 0.21
v 0.409037 -1.768458 0.01
v 0.409037 -1.768458 0.21
v 0.404051 -1.781827 0.01
v 0.404051 -1.781827 0.21
v 0.401018 -1.795768 0.01
v 0.401018 -1.795768 0.21
v 0.4 -1.81 0.01
v 0.4 -1.81 0.21
v 0.4 -2.01 0.21
v 0.4 -2.01 0.01
v 1.1 -1.81 0.21
v 1.1 -2.01 0.21
v 1.1 -1.81 0.01
v 1.1 -2.01 0.01
v 1.098982 -1.795768 0.01
v 1.098982 -1.795768 0.21
v 1.095949 -1.781827 0.01
v 1.095949 -1.781827 0.21
v 1.090963 -1.768458 0.01
v 1.090963 -1.768458 0.21
v 1.084125 -1.755936 0.01
v 1.084125 -1.755936 0.21
v 1.075575 -1.744514 0.01
v 1.075575 -1.744514 0.21
v 1.065486 -1.734425 0.01
v 1.065486 -1.734425 0.21
v 1.054064 -1.725875 0.01
v 1.054064 -1.725875 0.21
v 1.041541 -1.719037 0.01
v 1.041541 -1.719037 0.21
v 1.028173 -1.714051 0.01
v 1.028173 -1.714051 0.21
v 1.014231 -1.711018 0.01
v 1.014231 -1.711018 0.21
v 1.0 -1.71 0.01
v 1.0 -1.71 0.21
v 0.985768 -1.711018 0.01
v 0.985768 -1.711018 0.21
v 0.971827 -1.714051 0.01
v 0.971827 -1.714051 0.21
v 0.958459 -1.719037 0.01
v 0.958459 -1.719037 0.21
v 0.945936 -1.725875 0.01
v 0.945936 -1.725875 0.21
v 0.934514 -1.734425 0.01
v 0.934514 -1.734425 0.21
v 0.924425 -1.744514 0.01
v 0.924425 -1.744514 0.21
v 0.915875 -1.755936 0.01
v 0.915875 -1.755936 0.21
v 0.909037 -1.768458 0.01
v 0.909037 -1.768458 0.21
v 0.904051 -1.781827 0.01
v 0.904051 -1.781827 0.21
v 0.901018 -1.795768 0.01
v 0.901018 -1.795768 0.21
v 0.9 -1.81 0.01
v 0.9 -1.81 0.21
v 0.9 -2.01 0.21
v 0.9 -2.01 0.01
v -1.81 -0.9 0.01
v -2.01 -0.9 0.01
v -1.81 -0.9 0.21
v -2.01 -0.9 0.21
v -1.795768 -0.901018 0.21
v -1.795768 -0.901018 0.01
v -1.781827 -0.904051 0.21
v -1.781827 -0.904051 0.01
v -1.768458 -0.909037 0.21
v -1.768458 -0.909037 0.01
v -1.755936 -0.915875 0.21
v -1.755936 -0.915875 0.01
v -1.744514 -0.924425 0.21
v -1.744514 -0.924425 0.01
v -1.734425 -0.934514 0.21
v -1.734425 -0.934514 0.01
v -1.725875 -0.945936 0.21
v -1.725875 -0.945936 0.01
v -1.719037 -0.958459 0.21
v -1.719037 -0.958459 0.01
v -1.714051 -0.971827 0.21
v -1.714051 -0.971827 0.01
v -1.711018 -0.985768 0.21
v -1.711018 -0.985768 0.01
v -1.71 -1.0 0.21
v -1.71 -1.0 0.01
v -1.711018 -1.014231 0.21
v -1.711018 -1.014231 0.01
v -1.714051 -1.028173 0.21
v -1.714051 -1.028173 0.01
v -1.719037 -1.041541 0.21
v -1.719037 -1.041541 0.01
v -1.725875 -1.054064 0.21
v -1.725875 -1.054064 0.01
v -1.734425 -1.065486 0.21
v -1.734425 -1.065486 0.01
v -1.744514 -1.075575 0.21
v -1.744514 -1.075575 0.01
v -1.755936 -1.084125 0.21
v -1.755936 -1.084125 0.01
v -1.768458 -1.090963 0.21
v -1.768458 -1.090963 0.01
v -1.781827 -1.095949 0.21
v -1.781827 -1.095949 0.01
v -1.795768 -1.098982 0.21
v -1.795768 -1.098982 0.01
v -1.81 -1.1 0.21
v -1.81 -1.1 0.01
v -2.01 -1.1 0.01
v -2.01 -1.1 0.21
v -1.81 -0.4 0.01
v -2.01 -0.4 0.01
v -1.81 -0.4 0.21
v -2.01 -0.4 0.21
v -1.795768 -0.401018 0.21
v -1.795768 -0.401018 0.01
v -1.781827 -0.404051 0.21
v -1.781827 -0.404051 0.01
v -1.768458 -0.409037 0.21
v -1.768458 -0.409037 0.01
v -1.755936 -0.415875 0.21
v -1.755936 -0.415875 0.01
v -1.744514 -0.424425 0.21
v -1.744514 -0.424425 0.01
v -1.734425 -0.434514 0.21
v -1.734425 -0.434514 0.01
v -1.725875 -0.445936 0.21
v -1.725875 -0.445936 0.01
v -1.719037 -0.458458 0.21
v -1.719037 -0.458458 0.01
v -1.714051 -0.471827 0.21
v -1.714051 -0.471827 0.01
v -1.711018 -0.485769 0.21
v -1.711018 -0.485769 0.01
v -1.71 -0.5 0.21
v -1.71 -0.5 0.01
v -1.711018 -0.514232 0.21
v -1.711018 -0.514232 0.01
v -1.714051 -0.528173 0.21
v -1.714051 -0.528173 0.01
v -1.719037 -0.541542 0.21
v -1.719037 -0.541542 0.01
v -1.725875 -0.554064 0.21
v -1.725875 -0.554064 0.01
v -1.734425 -0.565486 0.21
v -1.734425 -0.565486 0.01
v -1.744514 -0.575575 0.21
v -1.744514 -0.575575 0.01
v -1.755936 -0.584125 0.21
v -1.755936 -0.584125 0.01
v -1.768458 -0.590963 0.21
v -1.768458 -0.590963 0.01
v -1.781827 -0.595949 0.21
v -1.781827 -0.595949 0.01
v -1.795768 -0.598982 0.21
v -1.795768 -0.598982 0.01
v -1.81 -0.6 0.21
v -1.81 -0.6 0.01
v -2.01 -0.6 0.01
v -2.01 -0.6 0.21
v -1.81 0.1 0.01
v -2.01 0.1 0.01
v -1.81 0.1 0.21
v -2.01 0.1 0.21
v -1.795768 0.098982 0.21
v -1.795768 0.098982 0.01
v -1.781827 0.095949 0.21
v -1.781827 0.095949 0.01
v -1.768458 0.090963 0.21
v -1.768458 0.090963 0.01
v -1.755936 0.084125 0.21
v -1.755936 0.084125 0.01
v -1.744514 0.075575 0.21
v -1.744514 0.075575 0.01
v -1.734425 0.065486 0.21
v -1.734425 0.065486 0.01
v -1.725875 0.054064 0.21
v -1.725875 0.054064 0.01
v -1.719037 0.041542 0.21
v -1.719037 0.041542 0.01
v -1.714051 0.028173 0.21
v -1.714051 0.028173 0.01
v -1.711018 0.014231 0.21
v -1.711018 0.014231 0.01
v -1.71 0.0 0.21
v -1.71 0.0 0.01
v -1.711018 -0.014231 0.21
v -1.711018 -0.014231 0.01
v -1.714051 -0.028173 0.21
v -1.714051 -0.028173 0.01
v -1.719037 -0.041542 0.21
v -1.719037 -0.041542 0.01
v -1.725875 -0.054064 0.21
v -1.725875 -0.054064 0.01
v -1.734425 -0.065486 0.21
v -1.734425 -0.065486 0.01
v -1.744514 -0.075575 0.21
v -1.744514 -0.075575 0.01
v -1.755936 -0.084125 0.21
v -1.755936 -0.084125 0.01
v -1.768458 -0.090963 0.21
v -1.768458 -0.090963 0.01
v -1.781827 -0.095949 0.21
v -1.781827 -0.095949 0.01
v -1.795768 -0.098982 0.21
v -1.795768 -0.098982 0.01
v -1.81 -0.1 0.21
v -1.81 -0.1 0.01
v -2.01 -0.1 0.01
v -2.01 -0.1 0.21
v -1.81 0.6 0.01
v -2.01 0.6 0.01
v -1.81 0.6 0.21
v -2.01 0.6 0.21
v -1.795768 0.598982 0.21
v -1.795768 0.598982 0.01
v -1.781827 0.595949 0.21
v -1.781827 0.595949 0.01
v -1.768458 0.590963 0.21
v -1.768458 0.590963 0.01
v -1.755936 0.584125 0.21
v -1.755936 0.584125 0.01
v -1.744514 0.575575 0.21
v -1.744514 0.575575 0.01
v -1.734425 0.565486 0.21
v -1.734425 0.565486 0.01
v -1.725875 0.554064 0.21
v -1.725875 0.554064 0.01
v -1.719037 0.541542 0.21
v -1.719037 0.541542 0.01
v -1.714051 0.528173 0.21
v -1.714051 0.528173 0.01
v -1.711018 0.514232 0.21
v -1.711018 0.514232 0.01
v -1.71 0.5 0.21
v -1.71 0.5 0.01
v -1.711018 0.485769 0.21
v -1.711018 0.485769 0.01
v -1.714051 0.471827 0.21
v -1.714051 0.471827 0.01
v -1.719037 0.458458 0.21
v -1.719037 0.458458 0.01
v -1.725875 0.445936 0.21
v -1.725875 0.445936 0.01
v -1.734425 0.434514 0.21
v -1.734425 0.434514 0.01
v -1.744514 0.424425 0.21
v -1.744514 0.424425 0.01
v -1.755936 0.415875 0.21
v -1.755936 0.415875 0.01
v -1.768458 0.409037 0.21
v -1.768458 0.409037 0.01
v -1.781827 0.404051 0.21
v -1.781827 0.404051 0.01
v -1.795768 0.401018 0.21
v -1.795768 0.401018 0.01
v -1.81 0.4 0.21
v -1.81 0.4 0.01
v -2.01 0.4 0.01
v -2.01 0.4 0.21
v -1.81 1.1 0.01
v -2.01 1.1 0.01
v -1.81 1.1 0.21
v -2.01 1.1 0.21
v -1.795768 1.098982 0.21
v -1.795768 1.098982 0.01
v -1.781827 1.095949 0.21
v -1.781827 1.095949 0.01
v -1.768458 1.090963 0.21
v -1.768458 1.090963 0.01
v -1.755936 1.084125 0.21
v -1.755936 1.084125 0.01
v -1.744514 1.075575 0.21
v -1.744514 1.075575 0.01
v -1.734425 1.065486 0.21
v -1.734425 1.065486 0.01
v -1.725875 1.054064 0.21
v -1.725875 1.054064 0.01
v -1.719037 1.041541 0.21
v -1.719037 1.041541 0.01
v -1.714051 1.028173 0.21
v -1.714051 1.028173 0.01
v -1.711018 1.014231 0.21
v -1.711018 1.014231 0.01
v -1.71 1.0 0.21
v -1.71 1.0 0.01
v -1.711018 0.985768 0.21
v -1.711018 0.985768 0.01
v -1.714051 0.971827 0.21
v -1.714051 0.971827 0.01
v -1.719037 0.958459 0.21
v -1.719037 0.958459 0.01
v -1.725875 0.945936 0.21
v -1.725875 0.945936 0.01
v -1.734425 0.934514 0.21
v -1.734425 0.934514 0.01
v -1.744514 0.924425 0.21
v -1.744514 0.924425 0.01
v -1.755936 0.915875 0.21
v -1.755936 0.915875 0.01
v -1.768458 0.909037 0.21
v -1.768458 0.909037 0.01
v -1.781827 0.904051 0.21
v -1.781827 0.904051 0.01
v -1.795768 0.901018 0.21
v -1.795768 0.901018 0.01
v -1.81 0.9 0.21
v -1.81 0.9 0.01
v -2.01 0.9 0.01
v -2.01 0.9 0.21
v -0.9 1.81 0.01
v -0.9 2.01 0.01
v -0.9 1.81 0.21
v -0.9 2.01 0.21
v -0.901018 1.795768 0.21
v -0.901018 1.795768 0.01
v -0.904051 1.781827 0.21
v -0.904051 1.781827 0.01
v -0.909037 1.768458 0.21
v -0.909037 1.768458 0.01
v -0.915875 1.755936 0.21
v -0.915875 1.755936 0.01
v -0.924425 1.744514 0.21
v -0.924425 1.744514 0.01
v -0.934514 1.734425 0.21
v -0.934514 1.734425 0.01
v -0.945936 1.725875 0.21
v -0.945936 1.725875 0.01
v -0.958459 1.719037 0.21
v -0.958459 1.719037 0.01
v -0.971827 1.714051 0.21
v -0.971827 1.714051 0.01
v -0.985768 1.711018 0.21
v -0.985768 1.711018 0.01
v -1.0 1.71 0.21
v -1.0 1.71 0.01
v -1.014231 1.711018 0.21
v -1.014231 1.711018 0.01
v -1.028173 1.714051 0.21
v -1.028173 1.714051 0.01
v -1.041541 1.719037 0.21
v -1.041541 1.719037 0.01
v -1.054064 1.725875 0.21
v -1.054064 1.725875 0.01
v -1.065486 1.734425 0.21
v -1.065486 1.734425 0.01
v -1.075575 1.744514 0.21
v -1.075575 1.744514 0.01
v -1.084125 1.755936 0.21
v -1.084125 1.755936 0.01
v -1.090963 1.768458 0.21
v -1.090963 1.768458 0.01
v -1.095949 1.781827 0.21
v -1.095949 1.781827 0.01
v -1.098982 1.795768 0.21
v -1.098982 1.795768 0.01
v -1.1 1.81 0.21
v -1.1 1.81 0.01
v -1.1 2.01 0.01
v -1.1 2.01 0.21
v -0.4 1.81 0.01
v -0.4 2.01 0.01
v -0.4 1.81 0.21
v -0.4 2.01 0.21
v -0.401018 1.795768 0.21
v -0.401018 1.795768 0.01
v -0.404051 1.781827 0.21
v -0.404051 1.781827 0.01
v -0.409037 1.768458 0.21
v -0.409037 1.768458 0.01
v -0.415875 1.755936 0.21
v -0.415875 1.755936 0.01
v -0.424425 1.744514 0.21
v -0.424425 1.744514 0.01
v -0.434514 1.734425 0.21
v -0.434514 1.734425 0.01
v -0.445936 1.725875 0.21
v -0.445936 1.725875 0.01
v -0.458458 1.719037 0.21
v -0.458458 1.719037 0.01
v -0.471827 1.714051 0.21
v -0.471827 1.714051 0.01
v -0.485769 1.711018 0.21
v -0.485769 1.711018 0.01
v -0.5 1.71 0.21
v -0.5 1.71 0.01
v -0.514232 1.711018 0.21
v -0.514232 1.711018 0.01
v -0.528173 1.714051 0.21
v -0.528173 1.714051 0.01
v -0.541542 1.719037 0.21
v -0.541542 1.719037 0.01
v -0.554064 1.725875 0.21
v -0.554064 1.725875 0.01
v -0.565486 1.734425 0.21
v -0.565486 1.734425 0.01
v -0.575575 1.744514 0.21
v -0.575575 1.744514 0.01
v -0.584125 1.755936 0.21
v -0.584125 1.755936 0.01
v -0.590963 1.768458 0.21
v -0.590963 1.768458 0.01
v -0.595949 1.781827 0.21
v -0.595949 1.781827 0.01
v -0.598982 1.795768 0.21
v -0.598982 1.795768 0.01
v -0.6 1.81 0.21
v -0.6 1.81 0.01
v -0.6 2.01 0.01
v -0.6 2.01 0.21
v 0.1 1.81 0.01
v 0.1 2.01 0.01
v 0.1 1.81 0.21
v 0.1 2.01 0.21
v 0.098982 1.795768 0.21
v 0.098982 1.795768 0.01
v 0.095949 1.781827 0.21
v 0.095949 1.781827 0.01
v 0.090963 1.768458 0.21
v 0.090963 1.768458 0.01
v 0.084125 1.755936 0.21
v 0.084125 1.755936 0.01
v 0.075575 1.744514 0.21
v 0.075575 1.744514 0.01
v 0.065486 1.734425 0.21
v 0.065486 1.734425 0.01
v 0.054064 1.725875 0.21
v 0.054064 1.725875 0.01
v 0.041542 1.719037 0.21
v 0.041542 1.719037 0.01
v 0.028173 1.714051 0.21
v 0.028173 1.714051 0.01
v 0.014231 1.711018 0.21
v 0.014231 1.711018 0.01
v -0.0 1.71 0.21
v -0.0 1.71 0.01
v -0.014231 1.711018 0.21
v -0.014231 1.711018 0.01
v -0.028173 1.714051 0.21
v -0.028173 1.714051 0.01
v -0.041542 1.719037 0.21
v -0.041542 1.719037 0.01
v -0.054064 1.725875 0.21
v -0.054064 1.725875 0.01
v -0.065486 1.734425 0.21
v -0.065486 1.734425 0.01
v -0.075575 1.744514 0.21
v -0.075575 1.744514 0.01
v -0.084125 1.755936 0.21
v -0.084125 1.755936 0.01
v -0.090963 1.768458 0.21
v -0.090963 1.768458 0.01
v -0.095949 1.781827 0.21
v -0.095949 1.781827 0.01
v -0.098982 1.795768 0.21
v -0.098982 1.795768 0.01
v -0.1 1.81 0.21
v -0.1 1.81 0.01
v -0.1 2.01 0.01
v -0.1 2.01 0.21
v 0.6 1.81 0.01
v 0.6 2.01 0.01
v 0.6 1.81 0.21
v 0.6 2.01 0.21
v 0.598982 1.795768 0.21
v 0.598982 1.795768 0.01
v 0.595949 1.781827 0.21
v 0.595949 1.781827 0.01
v 0.590963 1.768458 0.21
v 0.590963 1.768458 0.01
v 0.584125 1.755936 0.21
v 0.584125 1.755936 0.01
v 0.575575 1.744514 0.21
v 0.575575 1.744514 0.01
v 0.565486 1.734425 0.21
v 0.565486 1.734425 0.01
v 0.554064 1.725875 0.21
v 0.554064 1.725875 0.01
v 0.541542 1.719037 0.21
v 0.541542 1.719037 0.01
v 0.528173 1.714051 0.21
v 0.528173 1.714051 0.01
v 0.514232 1.711018 0.21
v 0.514232 1.711018 0.01
v 0.5 1.71 0.21
v 0.5 1.71 0.01
v 0.485769 1.711018 0.21
v 0.485769 1.711018 0.01
v 0.471827 1.714051 0.21
v 0.471827 1.714051 0.01
v 0.458458 1.719037 0.21
v 0.458458 1.719037 0.01
v 0.445936 1.725875 0.21
v 0.445936 1.725875 0.01
v 0.434514 1.734425 0.21
v 0.434514 1.734425 0.01
v 0.424425 1.744514 0.21
v 0.424425 1.744514 0.01
v 0.415875 1.755936 0.21
v 0.415875 1.755936 0.01
v 0.409037 1.768458 0.21
v 0.409037 1.768458 0.01
v 0.404051 1.781827 0.21
v 0.404051 1.781827 0.01
v 0.401018 1.795768 0.21
v 0.401018 1.795768 0.01
v 0.4 1.81 0.21
v 0.4 1.81 0.01
v 0.4 2.01 0.01
v 0.4 2.01 0.21
v 1.1 1.81 0.01
v 1.1 2.01 0.01
v 1.1 1.81 0.21
v 1.1 2.01 0.21
v 1.098982 1.795768 0.21
v 1.098982 1.795768 0.01
v 1.095949 1.781827 0.21
v 1.095949 1.781827 0.01
v 1.090963 1.768458 0.21
v 1.090963 1.768458 0.01
v 1.084125 1.755936 0.21
v 1.084125 1.755936 0.01
v 1.075575 1.744514 0.21
v 1.075575 1.744514 0.01
v 1.065486 1.734425 0.21
v 1.065486 1.734425 0.01
v 1.054064 1.725875 0.21
v 1.054064 1.725875 0.01
v 1.041541 1.719037 0.21
v 1.041541 1.719037 0.01
v 1.028173 1.714051 0.21
v 1.028173 1.714051 0.01
v 1.014231 1.711018 0.21
v 1.014231 1.711018 0.01
v 1.0 1.71 0.21
v 1.0 1.71 0.01
v 0.985768 1.711018 0.21
v 0.985768 1.711018 0.01
v 0.971827 1.714051 0.21
v 0.971827 1.714051 0.01
v 0.958459 1.719037 0.21
v 0.958459 1.719037 0.01
v 0.945936 1.725875 0.21
v 0.945936 1.725875 0.01
v 0.934514 1.734425 0.21
v 0.934514 1.734425 0.01
v 0.924425 1.744514 0.21
v 0.924425 1.744514 0.01
v 0.915875 1.755936 0.21
v 0.915875 1.755936 0.01
v 0.909037 1.768458 0.21
v 0.909037 1.768458 0.01
v 0.904051 1.781827 0.21
v 0.904051 1.781827 0.01
v 0.901018 1.795768 0.21
v 0.901018 1.795768 0.01
v 0.9 1.81 0.21
v 0.9 1.81 0.01
v 0.9 2.01 0.01
v 0.9 2.01 0.21
usemtl 1
f 1// 2// 3//
f 3// 2// 4//
f 5// 6// 7//
f 8// 4// 9//
f 9// 4// 10//
f 11// 12// 13//
f 13// 12// 1//
f 13// 1// 14//
f 15// 16// 17//
f 17// 16// 18//
f 19// 20// 21//
f 21// 20// 22//
f 21// 22// 23//
f 23// 22// 24//
f 25// 26// 27//
f 27// 26// 28//
f 27// 28// 29//
f 30// 31// 27//
f 27// 31// 32//
f 33// 34// 35//
f 35// 34// 36//
f 32// 37// 27//
f 27// 37// 36//
f 27// 36// 38//
f 38// 36// 34//
f 29// 39// 27//
f 27// 39// 40//
f 27// 40// 30//
f 41// 23// 42//
f 42// 23// 24//
f 42// 24// 43//
f 7// 14// 5//
f 5// 14// 1//
f 5// 1// 44//
f 44// 1// 23//
f 44// 23// 10//
f 15// 45// 16//
f 16// 45// 46//
f 16// 46// 47//
f 47// 46// 48//
f 47// 48// 49//
f 41// 50// 23//
f 23// 50// 51//
f 23// 51// 52//
f 48// 53// 49//
f 49// 53// 54//
f 49// 54// 24//
f 24// 54// 55//
f 24// 55// 43//
f 52// 56// 23//
f 23// 56// 57//
f 23// 57// 10//
f 10// 57// 58//
f 10// 58// 9//
f 9// 58// 59//
f 9// 59// 27//
f 27// 59// 60//
f 27// 60// 25//
f 16// 20// 18//
f 18// 20// 19//
f 18// 19// 61//
f 61// 19// 62//
f 61// 62// 63//
f 63// 62// 64//
f 63// 64// 65//
f 66// 67// 64//
f 64// 67// 3//
f 64// 3// 65//
f 65// 3// 4//
f 65// 4// 68//
f 68// 4// 8//
f 69// 70// 3//
f 71// 72// 70//
f 70// 72// 73//
f 70// 73// 74//
f 75// 76// 23//
f 23// 77// 78//
f 78// 77// 79//
f 78// 79// 67//
f 67// 79// 80//
f 67// 80// 3//
f 3// 80// 81//
f 3// 81// 69//
f 69// 81// 82//
f 69// 82// 83//
f 1// 3// 23//
f 23// 3// 84//
f 23// 84// 75//
f 77// 85// 86//
f 74// 87// 70//
f 70// 87// 88//
f 70// 88// 3//
f 3// 88// 89//
f 3// 89// 84//
f 76// 90// 23//
f 23// 90// 91//
f 23// 91// 77//
f 77// 91// 92//
f 77// 92// 85//
f 86// 93// 77//
f 77// 93// 94//
f 77// 94// 70//
f 70// 94// 95//
f 70// 95// 71//
f 96// 97// 98//
f 99// 100// 101//
f 102// 103// 104//
f 105// 106// 107//
f 108// 109// 110//
f 110// 109// 111//
f 110// 111// 112//
f 113// 114// 110//
f 110// 114// 115//
f 110// 115// 116//
f 116// 117// 110//
f 110// 117// 118//
f 110// 118// 108//
f 119// 120// 121//
f 121// 120// 122//
f 121// 122// 123//
f 123// 124// 121//
f 121// 124// 125//
f 121// 125// 126//
f 126// 125// 127//
f 126// 127// 128//
f 129// 130// 131//
f 131// 130// 132//
f 129// 133// 130//
f 130// 133// 134//
f 130// 134// 135//
f 135// 136// 130//
f 130// 136// 137//
f 130// 137// 121//
f 121// 137// 138//
f 121// 138// 119//
f 112// 139// 110//
f 110// 139// 140//
f 110// 140// 97//
f 97// 140// 98//
f 98// 140// 141//
f 98// 141// 142//
f 143// 144// 145//
f 146// 107// 147//
f 147// 107// 106//
f 147// 106// 148//
f 143// 149// 150//
f 143// 150// 144//
f 144// 150// 151//
f 144// 151// 152//
f 153// 154// 155//
f 155// 154// 156//
f 155// 156// 157//
f 157// 158// 155//
f 155// 158// 159//
f 155// 159// 143//
f 143// 159// 160//
f 143// 160// 149//
f 161// 162// 163//
f 163// 162// 164//
f 163// 164// 155//
f 155// 164// 165//
f 155// 165// 153//
f 166// 167// 168//
f 169// 170// 171//
f 171// 170// 172//
f 148// 173// 147//
f 147// 173// 174//
f 147// 174// 171//
f 171// 174// 175//
f 171// 175// 169//
f 176// 177// 166//
f 166// 177// 178//
f 166// 178// 167//
f 172// 179// 171//
f 171// 179// 180//
f 171// 180// 166//
f 166// 180// 181//
f 166// 181// 176//
f 182// 183// 101//
f 184// 185// 121//
f 184// 121// 186//
f 187// 188// 130//
f 189// 190// 191//
f 185// 192// 121//
f 121// 192// 193//
f 121// 193// 194//
f 195// 196// 182//
f 182// 196// 197//
f 194// 190// 121//
f 121// 190// 189//
f 121// 189// 130//
f 130// 189// 198//
f 130// 198// 187//
f 191// 199// 189//
f 189// 199// 200//
f 189// 200// 201//
f 187// 202// 188//
f 188// 202// 203//
f 188// 203// 182//
f 182// 203// 204//
f 182// 204// 195//
f 205// 206// 207//
f 207// 206// 208//
f 201// 209// 189//
f 189// 209// 210//
f 189// 210// 211//
f 212// 213// 197//
f 197// 213// 214//
f 197// 214// 182//
f 212// 197// 206//
f 206// 197// 215//
f 206// 215// 216//
f 211// 217// 189//
f 189// 217// 218//
f 189// 218// 219//
f 216// 220// 206//
f 206// 220// 221//
f 206// 221// 208//
f 205// 207// 222//
f 222// 207// 223//
f 222// 223// 224//
f 183// 225// 101//
f 101// 225// 226//
f 101// 226// 227//
f 228// 229// 126//
f 126// 229// 230//
f 126// 230// 121//
f 121// 230// 231//
f 121// 231// 186//
f 104// 126// 102//
f 102// 126// 128//
f 102// 128// 232//
f 232// 128// 233//
f 232// 233// 110//
f 110// 233// 234//
f 110// 234// 113//
f 104// 235// 126//
f 126// 235// 227//
f 126// 227// 228//
f 228// 227// 226//
f 236// 237// 163//
f 163// 237// 238//
f 163// 238// 161//
f 161// 238// 166//
f 161// 166// 239//
f 239// 166// 168//
f 237// 240// 241//
f 237// 241// 238//
f 238// 241// 242//
f 238// 242// 243//
f 244// 245// 246//
f 246// 245// 247//
f 246// 247// 248//
f 248// 249// 246//
f 246// 249// 250//
f 246// 250// 251//
f 251// 252// 246//
f 246// 252// 253//
f 246// 253// 254//
f 254// 253// 255//
f 254// 255// 256//
f 257// 258// 237//
f 237// 258// 259//
f 237// 259// 240//
f 256// 260// 254//
f 254// 260// 261//
f 254// 261// 262//
f 262// 263// 254//
f 254// 263// 264//
f 254// 264// 237//
f 237// 264// 265//
f 237// 265// 257//
f 266// 236// 267//
f 267// 236// 163//
f 267// 163// 268//
f 268// 163// 155//
f 182// 101// 188//
f 188// 101// 100//
f 188// 100// 269//
f 270// 271// 272//
f 272// 271// 273//
f 272// 273// 274//
f 274// 273// 275//
f 275// 273// 276//
f 275// 276// 277//
f 269// 275// 188//
f 188// 275// 277//
f 188// 277// 278//
f 278// 277// 279//
f 278// 279// 268//
f 268// 279// 280//
f 268// 280// 281//
f 282// 283// 284//
f 284// 283// 285//
f 284// 285// 286//
f 286// 285// 281//
f 235// 266// 227//
f 227// 266// 267//
f 227// 267// 101//
f 101// 267// 268//
f 101// 268// 99//
f 99// 268// 281//
f 99// 281// 287//
f 287// 281// 285//
f 288// 289// 290//
f 290// 289// 291//
f 155// 292// 268//
f 268// 292// 290//
f 268// 290// 278//
f 278// 290// 291//
f 278// 291// 293//
f 293// 294// 278//
f 278// 294// 295//
f 278// 295// 143//
f 143// 295// 296//
f 143// 296// 155//
f 155// 296// 297//
f 155// 297// 292//
f 146// 147// 145//
f 145// 147// 298//
f 145// 298// 143//
f 143// 298// 299//
f 143// 299// 278//
f 278// 299// 300//
f 278// 300// 188//
f 188// 300// 98//
f 188// 98// 130//
f 130// 98// 142//
f 130// 142// 132//
f 243// 244// 238//
f 238// 244// 246//
f 238// 246// 166//
f 166// 246// 301//
f 166// 301// 171//
f 171// 301// 302//
f 171// 302// 147//
f 147// 302// 303//
f 254// 304// 246//
f 246// 304// 305//
f 246// 305// 301//
f 301// 305// 306//
f 301// 306// 302//
f 302// 306// 307//
f 302// 307// 303//
f 303// 307// 308//
f 96// 98// 309//
f 309// 98// 300//
f 309// 300// 310//
f 310// 300// 299//
f 310// 299// 311//
f 311// 299// 298//
f 311// 298// 312//
f 312// 298// 147//
f 312// 147// 313//
f 313// 147// 303//
f 313// 303// 314//
f 314// 303// 308//
f 314// 308// 315//
f 21// 103// 19//
f 19// 103// 102//
f 102// 232// 19//
f 19// 232// 110//
f 19// 110// 62//
f 62// 110// 97//
f 62// 97// 96//
f 103// 21// 104//
f 104// 21// 23//
f 104// 23// 235//
f 235// 23// 266//
f 304// 254// 78//
f 78// 254// 237//
f 78// 237// 23//
f 23// 237// 236//
f 23// 236// 266//
f 307// 67// 308//
f 308// 67// 66//
f 308// 66// 315//
f 304// 78// 305//
f 305// 78// 67//
f 305// 67// 306//
f 306// 67// 307//
f 314// 315// 66//
f 62// 96// 64//
f 64// 96// 309//
f 64// 309// 310//
f 310// 311// 64//
f 64// 311// 312//
f 64// 312// 66//
f 66// 312// 313//
f 66// 313// 314//
usemtl 2
f 316// 181// 180//
f 316// 180// 317//
f 317// 180// 179//
f 317// 179// 318//
f 318// 179// 172//
f 318// 172// 319//
f 319// 172// 170//
f 319// 170// 320//
f 320// 170// 169//
f 320// 169// 321//
f 321// 169// 175//
f 321// 175// 322//
f 322// 175// 323//
f 323// 175// 174//
f 323// 174// 173//
f 162// 161// 324//
f 324// 161// 325//
f 161// 239// 325//
f 325// 239// 168//
f 325// 168// 326//
f 326// 168// 167//
f 326// 167// 327//
f 327// 167// 178//
f 327// 178// 328//
f 328// 178// 177//
f 328// 177// 329//
f 329// 177// 176//
f 329// 176// 330//
f 330// 176// 181//
f 330// 181// 316//
f 331// 159// 158//
f 331// 158// 332//
f 332// 158// 157//
f 332// 157// 333//
f 333// 157// 156//
f 333// 156// 334//
f 334// 156// 154//
f 334// 154// 335//
f 335// 154// 153//
f 335// 153// 336//
f 336// 153// 165//
f 336// 165// 337//
f 337// 165// 324//
f 324// 165// 164//
f 324// 164// 162//
f 338// 150// 149//
f 338// 149// 339//
f 339// 149// 160//
f 339// 160// 340//
f 340// 160// 159//
f 340// 159// 331//
f 341// 152// 151//
f 341// 151// 342//
f 342// 151// 150//
f 342// 150// 338//
f 152// 341// 144//
f 144// 341// 343//
f 144// 343// 145//
f 343// 344// 145//
f 145// 344// 146//
f 146// 344// 107//
f 107// 344// 345//
f 107// 345// 105//
f 105// 345// 106//
f 106// 345// 346//
f 106// 346// 148//
f 148// 346// 323//
f 148// 323// 173//
f 347// 348// 345//
f 344// 343// 345//
f 345// 343// 341//
f 349// 350// 335//
f 348// 351// 345//
f 345// 351// 352//
f 345// 352// 346//
f 346// 352// 353//
f 346// 353// 323//
f 323// 353// 322//
f 322// 353// 354//
f 322// 354// 321//
f 355// 356// 341//
f 341// 356// 357//
f 341// 357// 345//
f 345// 357// 358//
f 345// 358// 347//
f 335// 350// 334//
f 334// 350// 359//
f 334// 359// 333//
f 333// 359// 332//
f 332// 359// 360//
f 332// 360// 331//
f 355// 341// 360//
f 360// 341// 342//
f 360// 342// 338//
f 354// 361// 321//
f 321// 361// 362//
f 321// 362// 320//
f 320// 362// 363//
f 320// 363// 319//
f 319// 363// 364//
f 319// 364// 318//
f 318// 364// 365//
f 349// 335// 366//
f 366// 335// 336//
f 366// 336// 367//
f 367// 336// 337//
f 367// 337// 368//
f 368// 337// 324//
f 368// 324// 369//
f 369// 324// 325//
f 369// 325// 370//
f 370// 325// 326//
f 370// 326// 371//
f 371// 326// 327//
f 371// 327// 372//
f 372// 327// 328//
f 372// 328// 373//
f 373// 328// 329//
f 373// 329// 374//
f 374// 329// 330//
f 374// 330// 375//
f 375// 330// 316//
f 375// 316// 365//
f 365// 316// 317//
f 365// 317// 318//
f 338// 339// 360//
f 360// 339// 340//
f 360// 340// 331//
f 375// 376// 377//
f 375// 377// 374//
f 374// 377// 378//
f 374// 378// 373//
f 373// 378// 379//
f 373// 379// 372//
f 372// 379// 380//
f 372// 380// 371//
f 371// 380// 381//
f 371// 381// 370//
f 370// 381// 382//
f 370// 382// 369//
f 369// 382// 383//
f 369// 383// 368//
f 368// 383// 384//
f 368// 384// 367//
f 367// 384// 385//
f 367// 385// 366//
f 366// 385// 386//
f 366// 386// 349//
f 349// 386// 387//
f 349// 387// 350//
f 350// 387// 388//
f 350// 388// 359//
f 359// 388// 389//
f 359// 389// 360//
f 360// 389// 390//
f 360// 390// 355//
f 355// 390// 391//
f 355// 391// 356//
f 356// 391// 392//
f 356// 392// 357//
f 357// 392// 393//
f 357// 393// 358//
f 358// 393// 394//
f 358// 394// 347//
f 347// 394// 395//
f 347// 395// 348//
f 348// 395// 396//
f 348// 396// 351//
f 351// 396// 397//
f 351// 397// 352//
f 352// 397// 398//
f 352// 398// 353//
f 353// 398// 399//
f 353// 399// 354//
f 354// 399// 400//
f 354// 400// 361//
f 361// 400// 401//
f 361// 401// 362//
f 362// 401// 402//
f 362// 402// 363//
f 363// 402// 403//
f 363// 403// 364//
f 364// 403// 404//
f 364// 404// 365//
f 365// 404// 376//
f 365// 376// 375//
usemtl 1
f 399// 398// 404//
f 376// 393// 392//
f 385// 384// 377//
f 377// 384// 383//
f 377// 383// 378//
f 396// 395// 376//
f 376// 395// 394//
f 376// 394// 393//
f 403// 402// 401//
f 404// 398// 376//
f 376// 398// 397//
f 376// 397// 396//
f 383// 382// 381//
f 403// 401// 404//
f 404// 401// 400//
f 404// 400// 399//
f 392// 391// 376//
f 376// 391// 390//
f 376// 390// 377//
f 377// 390// 389//
f 377// 389// 388//
f 381// 380// 383//
f 383// 380// 379//
f 383// 379// 378//
f 388// 387// 377//
f 377// 387// 386//
f 377// 386// 385//
usemtl 2
f 405// 406// 292//
f 292// 406// 290//
f 406// 407// 290//
f 290// 407// 288//
f 407// 408// 288//
f 288// 408// 289//
f 408// 409// 289//
f 289// 409// 291//
f 409// 410// 291//
f 291// 410// 293//
f 410// 411// 293//
f 293// 411// 294//
f 411// 412// 294//
f 294// 412// 295//
f 412// 413// 295//
f 295// 413// 296//
f 413// 414// 296//
f 296// 414// 297//
f 414// 405// 297//
f 297// 405// 292//
f 413// 412// 414//
f 414// 412// 411//
f 406// 405// 407//
f 407// 405// 414//
f 407// 414// 408//
f 408// 414// 411//
f 408// 411// 409//
f 409// 411// 410//
f 415// 416// 100//
f 100// 416// 269//
f 416// 417// 269//
f 269// 417// 275//
f 417// 418// 275//
f 275// 418// 274//
f 419// 270// 272//
f 419// 272// 420//
f 420// 272// 274//
f 420// 274// 418//
f 419// 421// 270//
f 270// 421// 271//
f 422// 276// 273//
f 422// 273// 423//
f 423// 273// 271//
f 423// 271// 421//
f 422// 424// 276//
f 276// 424// 277//
f 424// 425// 277//
f 277// 425// 279//
f 425// 426// 279//
f 279// 426// 280//
f 426// 427// 280//
f 280// 427// 281//
f 427// 428// 281//
f 281// 428// 286//
f 429// 282// 284//
f 429// 284// 430//
f 430// 284// 286//
f 430// 286// 428//
f 429// 431// 282//
f 282// 431// 283//
f 432// 287// 285//
f 432// 285// 433//
f 433// 285// 283//
f 433// 283// 431//
f 432// 434// 287//
f 287// 434// 99//
f 434// 415// 99//
f 99// 415// 100//
f 415// 434// 416//
f 416// 434// 432//
f 425// 424// 426//
f 426// 424// 422//
f 422// 423// 426//
f 426// 423// 421//
f 426// 421// 427//
f 427// 421// 419//
f 432// 433// 416//
f 416// 433// 431//
f 416// 431// 417//
f 417// 431// 429//
f 429// 430// 417//
f 417// 430// 428//
f 417// 428// 418//
f 418// 428// 427//
f 418// 427// 420//
f 420// 427// 419//
f 435// 219// 218//
f 435// 218// 436//
f 436// 218// 217//
f 436// 217// 437//
f 437// 217// 211//
f 437// 211// 438//
f 438// 211// 210//
f 438// 210// 439//
f 439// 210// 209//
f 439// 209// 440//
f 435// 441// 219//
f 219// 441// 189//
f 441// 442// 189//
f 189// 442// 198//
f 442// 443// 198//
f 198// 443// 187//
f 443// 444// 187//
f 187// 444// 202//
f 445// 197// 196//
f 445// 196// 446//
f 446// 196// 195//
f 446// 195// 447//
f 447// 195// 204//
f 447// 204// 448//
f 448// 204// 203//
f 448// 203// 449//
f 449// 203// 202//
f 449// 202// 444//
f 450// 221// 220//
f 450// 220// 451//
f 451// 220// 216//
f 451// 216// 452//
f 452// 216// 215//
f 452// 215// 453//
f 453// 215// 197//
f 453// 197// 445//
f 454// 212// 206//
f 454// 206// 455//
f 455// 206// 205//
f 455// 205// 456//
f 456// 205// 222//
f 456// 222// 457//
f 457// 222// 224//
f 457// 224// 458//
f 458// 224// 223//
f 458// 223// 459//
f 459// 223// 207//
f 459// 207// 460//
f 460// 207// 208//
f 460// 208// 461//
f 461// 208// 221//
f 461// 221// 450//
f 462// 182// 214//
f 462// 214// 463//
f 463// 214// 213//
f 463// 213// 464//
f 464// 213// 212//
f 464// 212// 454//
f 462// 465// 182//
f 182// 465// 183//
f 183// 465// 466//
f 467// 229// 228//
f 467// 228// 468//
f 468// 228// 226//
f 468// 226// 466//
f 466// 226// 225//
f 466// 225// 183//
f 229// 467// 230//
f 230// 467// 469//
f 230// 469// 231//
f 231// 469// 470//
f 231// 470// 186//
f 186// 470// 471//
f 186// 471// 184//
f 184// 471// 472//
f 184// 472// 185//
f 185// 472// 473//
f 185// 473// 192//
f 192// 473// 474//
f 192// 474// 193//
f 193// 474// 475//
f 193// 475// 194//
f 440// 209// 201//
f 440// 201// 476//
f 476// 201// 200//
f 476// 200// 477//
f 477// 200// 199//
f 477// 199// 478//
f 478// 199// 191//
f 478// 191// 479//
f 479// 191// 190//
f 479// 190// 480//
f 480// 190// 194//
f 480// 194// 475//
f 442// 441// 443//
f 443// 441// 435//
f 452// 479// 451//
f 451// 479// 480//
f 451// 480// 450//
f 450// 480// 475//
f 450// 475// 461//
f 461// 475// 474//
f 461// 474// 460//
f 460// 474// 473//
f 460// 473// 459//
f 459// 473// 472//
f 459// 472// 458//
f 458// 472// 471//
f 458// 471// 457//
f 457// 471// 470//
f 457// 470// 456//
f 456// 470// 469//
f 456// 469// 455//
f 455// 469// 467//
f 455// 467// 454//
f 454// 467// 468//
f 454// 468// 464//
f 464// 468// 466//
f 464// 466// 463//
f 463// 466// 465//
f 463// 465// 462//
f 447// 448// 436//
f 436// 448// 449//
f 436// 449// 435//
f 435// 449// 444//
f 435// 444// 443//
f 436// 437// 447//
f 447// 437// 438//
f 447// 438// 446//
f 446// 438// 439//
f 446// 439// 445//
f 439// 440// 445//
f 445// 440// 476//
f 445// 476// 453//
f 453// 476// 477//
f 453// 477// 452//
f 452// 477// 478//
f 452// 478// 479//
f 141// 481// 142//
f 142// 481// 482//
f 142// 482// 132//
f 132// 482// 483//
f 132// 483// 131//
f 131// 483// 484//
f 131// 484// 129//
f 129// 484// 485//
f 129// 485// 133//
f 133// 485// 486//
f 133// 486// 134//
f 134// 486// 487//
f 134// 487// 135//
f 135// 487// 488//
f 135// 488// 136//
f 136// 488// 489//
f 136// 489// 137//
f 490// 127// 491//
f 491// 127// 125//
f 125// 124// 491//
f 491// 124// 123//
f 491// 123// 492//
f 492// 123// 122//
f 492// 122// 493//
f 493// 122// 120//
f 493// 120// 494//
f 494// 120// 119//
f 494// 119// 495//
f 495// 119// 138//
f 495// 138// 496//
f 496// 138// 137//
f 496// 137// 489//
f 127// 490// 128//
f 128// 490// 497//
f 128// 497// 233//
f 233// 497// 498//
f 233// 498// 234//
f 234// 498// 499//
f 234// 499// 113//
f 113// 499// 500//
f 113// 500// 114//
f 114// 500// 501//
f 114// 501// 115//
f 115// 501// 502//
f 115// 502// 116//
f 116// 502// 503//
f 116// 503// 117//
f 481// 141// 504//
f 504// 141// 140//
f 140// 139// 504//
f 504// 139// 112//
f 504// 112// 505//
f 505// 112// 111//
f 505// 111// 506//
f 506// 111// 109//
f 506// 109// 507//
f 507// 109// 108//
f 507// 108// 508//
f 508// 108// 118//
f 508// 118// 509//
f 509// 118// 117//
f 509// 117// 503//
f 510// 487// 511//
f 511// 487// 486//
f 511// 486// 512//
f 486// 485// 512//
f 512// 485// 484//
f 512// 484// 513//
f 513// 484// 483//
f 513// 483// 514//
f 514// 483// 482//
f 514// 482// 515//
f 515// 482// 516//
f 516// 482// 481//
f 516// 481// 517//
f 517// 481// 504//
f 517// 504// 518//
f 518// 504// 505//
f 518// 505// 519//
f 519// 505// 506//
f 519// 506// 520//
f 520// 506// 507//
f 520// 507// 521//
f 521// 507// 508//
f 521// 508// 522//
f 522// 508// 509//
f 522// 509// 523//
f 523// 509// 503//
f 523// 503// 524//
f 524// 503// 502//
f 524// 502// 525//
f 525// 502// 501//
f 525// 501// 526//
f 526// 501// 500//
f 526// 500// 527//
f 527// 500// 499//
f 527// 499// 528//
f 528// 499// 498//
f 528// 498// 529//
f 529// 498// 497//
f 529// 497// 530//
f 530// 497// 490//
f 530// 490// 531//
f 531// 490// 491//
f 531// 491// 532//
f 532// 491// 492//
f 532// 492// 533//
f 533// 492// 493//
f 533// 493// 534//
f 534// 493// 494//
f 534// 494// 535//
f 535// 494// 495//
f 535// 495// 536//
f 536// 495// 496//
f 536// 496// 537//
f 537// 496// 489//
f 537// 489// 510//
f 510// 489// 488//
f 510// 488// 487//
f 537// 538// 539//
f 537// 539// 536//
f 536// 539// 540//
f 536// 540// 535//
f 535// 540// 541//
f 535// 541// 534//
f 534// 541// 542//
f 534// 542// 533//
f 533// 542// 543//
f 533// 543// 532//
f 532// 543// 544//
f 532// 544// 531//
f 531// 544// 545//
f 531// 545// 530//
f 530// 545// 546//
f 530// 546// 529//
f 529// 546// 547//
f 529// 547// 528//
f 528// 547// 548//
f 528// 548// 527//
f 527// 548// 549//
f 527// 549// 526//
f 526// 549// 550//
f 526// 550// 525//
f 525// 550// 551//
f 525// 551// 524//
f 524// 551// 552//
f 524// 552// 523//
f 523// 552// 553//
f 523// 553// 522//
f 522// 553// 554//
f 522// 554// 521//
f 521// 554// 555//
f 521// 555// 520//
f 520// 555// 556//
f 520// 556// 519//
f 519// 556// 557//
f 519// 557// 518//
f 518// 557// 558//
f 518// 558// 517//
f 517// 558// 559//
f 517// 559// 516//
f 516// 559// 560//
f 516// 560// 515//
f 515// 560// 561//
f 515// 561// 514//
f 514// 561// 562//
f 514// 562// 513//
f 513// 562// 563//
f 513// 563// 512//
f 512// 563// 564//
f 512// 564// 511//
f 511// 564// 565//
f 511// 565// 510//
f 510// 565// 538//
f 510// 538// 537//
usemtl 1
f 565// 564// 553//
f 565// 553// 538//
f 538// 553// 552//
f 538// 552// 539//
f 539// 552// 551//
f 539// 551// 550//
f 564// 563// 553//
f 553// 563// 562//
f 553// 562// 561//
f 561// 560// 553//
f 553// 560// 559//
f 553// 559// 554//
f 554// 559// 555//
f 550// 549// 539//
f 539// 549// 548//
f 539// 548// 540//
f 540// 548// 541//
f 558// 557// 559//
f 559// 557// 556//
f 559// 556// 555//
f 547// 546// 545//
f 545// 544// 547//
f 547// 544// 543//
f 547// 543// 548//
f 548// 543// 542//
f 548// 542// 541//
usemtl 2
f 566// 240// 567//
f 567// 240// 259//
f 567// 259// 568//
f 568// 259// 258//
f 568// 258// 569//
f 569// 258// 257//
f 569// 257// 570//
f 570// 257// 265//
f 570// 265// 571//
f 571// 265// 264//
f 571// 264// 572//
f 572// 264// 263//
f 572// 263// 573//
f 573// 263// 262//
f 573// 262// 574//
f 574// 262// 261//
f 574// 261// 575//
f 575// 261// 260//
f 575// 260// 576//
f 576// 260// 256//
f 576// 256// 577//
f 577// 256// 255//
f 577// 255// 578//
f 578// 255// 253//
f 578// 253// 579//
f 579// 253// 252//
f 579// 252// 580//
f 580// 252// 251//
f 580// 251// 581//
f 581// 251// 250//
f 581// 250// 582//
f 582// 250// 249//
f 582// 249// 583//
f 583// 249// 248//
f 583// 248// 584//
f 584// 248// 247//
f 584// 247// 585//
f 585// 247// 245//
f 585// 245// 586//
f 586// 245// 244//
f 586// 244// 587//
f 587// 244// 243//
f 587// 243// 588//
f 588// 243// 242//
f 588// 242// 589//
f 589// 242// 241//
f 589// 241// 566//
f 566// 241// 240//
f 588// 589// 590//
f 590// 589// 566//
f 590// 566// 567//
f 585// 586// 590//
f 590// 586// 587//
f 590// 587// 588//
f 582// 583// 590//
f 590// 583// 584//
f 590// 584// 585//
f 579// 580// 590//
f 590// 580// 581//
f 590// 581// 582//
f 576// 577// 590//
f 590// 577// 578//
f 590// 578// 579//
f 573// 574// 590//
f 590// 574// 575//
f 590// 575// 576//
f 570// 571// 590//
f 590// 571// 572//
f 590// 572// 573//
f 567// 568// 590//
f 590// 568// 569//
f 590// 569// 570//
usemtl 3
f 591// 592// 79//
f 79// 592// 80//
f 592// 593// 80//
f 80// 593// 81//
f 593// 594// 81//
f 81// 594// 82//
f 594// 595// 82//
f 82// 595// 83//
f 595// 596// 83//
f 83// 596// 69//
f 596// 597// 69//
f 69// 597// 70//
f 597// 598// 70//
f 70// 598// 77//
f 598// 591// 77//
f 77// 591// 79//
f 599// 595// 600//
f 600// 595// 594//
f 601// 598// 599//
f 599// 598// 597//
f 599// 597// 595//
f 595// 597// 596//
f 601// 602// 598//
f 598// 602// 603//
f 598// 603// 591//
f 591// 603// 604//
f 591// 604// 605//
f 605// 606// 591//
f 591// 606// 600//
f 591// 600// 592//
f 592// 600// 594//
f 592// 594// 593//
f 599// 600// 607//
f 607// 600// 608//
f 601// 599// 609//
f 609// 599// 607//
f 601// 609// 610//
f 601// 610// 602//
f 602// 610// 611//
f 602// 611// 603//
f 604// 603// 612//
f 612// 603// 611//
f 604// 612// 613//
f 604// 613// 605//
f 605// 613// 614//
f 605// 614// 606//
f 600// 606// 608//
f 608// 606// 614//
f 615// 616// 88//
f 88// 616// 89//
f 616// 617// 89//
f 89// 617// 84//
f 617// 618// 84//
f 84// 618// 75//
f 619// 94// 93//
f 619// 93// 620//
f 620// 93// 86//
f 620// 86// 621//
f 621// 86// 85//
f 621// 85// 622//
f 622// 85// 92//
f 622// 92// 623//
f 623// 92// 91//
f 623// 91// 624//
f 624// 91// 90//
f 624// 90// 625//
f 625// 90// 76//
f 625// 76// 626//
f 626// 76// 75//
f 626// 75// 618//
f 615// 88// 87//
f 615// 87// 627//
f 627// 87// 74//
f 627// 74// 628//
f 628// 74// 73//
f 628// 73// 629//
f 629// 73// 72//
f 629// 72// 630//
f 630// 72// 71//
f 630// 71// 631//
f 631// 71// 95//
f 631// 95// 632//
f 632// 95// 94//
f 632// 94// 619//
f 621// 622// 633//
f 633// 622// 623//
f 633// 623// 634//
f 634// 623// 624//
f 634// 624// 635//
f 635// 624// 625//
f 635// 625// 636//
f 636// 625// 626//
f 636// 626// 637//
f 637// 626// 618//
f 637// 618// 638//
f 638// 618// 617//
f 638// 617// 639//
f 639// 617// 616//
f 639// 616// 640//
f 640// 616// 615//
f 640// 615// 641//
f 641// 615// 627//
f 641// 627// 642//
f 642// 627// 628//
f 642// 628// 643//
f 643// 628// 629//
f 643// 629// 644//
f 644// 629// 630//
f 644// 630// 645//
f 645// 630// 631//
f 645// 631// 646//
f 646// 631// 632//
f 646// 632// 647//
f 647// 632// 619//
f 647// 619// 648//
f 648// 619// 620//
f 648// 620// 649//
f 649// 620// 621//
f 649// 621// 633//
f 637// 638// 650//
f 650// 638// 651//
f 637// 650// 652//
f 637// 652// 636//
f 636// 652// 653//
f 636// 653// 635//
f 635// 653// 654//
f 635// 654// 634//
f 634// 654// 655//
f 634// 655// 633//
f 633// 655// 656//
f 633// 656// 649//
f 649// 656// 657//
f 649// 657// 648//
f 648// 657// 658//
f 648// 658// 647//
f 647// 658// 659//
f 647// 659// 646//
f 646// 659// 660//
f 646// 660// 645//
f 645// 660// 661//
f 645// 661// 644//
f 644// 661// 662//
f 644// 662// 643//
f 643// 662// 663//
f 643// 663// 642//
f 642// 663// 664//
f 642// 664// 641//
f 641// 664// 665//
f 641// 665// 640//
f 639// 640// 666//
f 666// 640// 665//
f 638// 639// 651//
f 651// 639// 666//
f 667// 668// 1//
f 1// 668// 2//
f 668// 669// 2//
f 2// 669// 4//
f 669// 670// 4//
f 4// 670// 10//
f 670// 671// 10//
f 10// 671// 44//
f 671// 672// 44//
f 44// 672// 5//
f 672// 673// 5//
f 5// 673// 6//
f 673// 674// 6//
f 6// 674// 7//
f 674// 675// 7//
f 7// 675// 14//
f 675// 676// 14//
f 14// 676// 13//
f 676// 677// 13//
f 13// 677// 11//
f 677// 678// 11//
f 11// 678// 12//
f 678// 667// 12//
f 12// 667// 1//
f 669// 668// 667//
f 667// 678// 669//
f 669// 678// 677//
f 669// 677// 670//
f 672// 671// 673//
f 673// 671// 670//
f 673// 670// 674//
f 674// 670// 677//
f 674// 677// 675//
f 675// 677// 676//
f 679// 680// 9//
f 9// 680// 8//
f 8// 680// 681//
f 682// 61// 63//
f 682// 63// 683//
f 683// 63// 65//
f 683// 65// 681//
f 681// 65// 68//
f 681// 68// 8//
f 684// 54// 53//
f 684// 53// 685//
f 685// 53// 48//
f 685// 48// 686//
f 686// 48// 46//
f 686// 46// 687//
f 687// 46// 45//
f 687// 45// 688//
f 688// 45// 15//
f 688// 15// 689//
f 689// 15// 17//
f 689// 17// 690//
f 690// 17// 682//
f 682// 17// 18//
f 682// 18// 61//
f 691// 52// 51//
f 691// 51// 692//
f 692// 51// 50//
f 692// 50// 693//
f 693// 50// 41//
f 693// 41// 694//
f 694// 41// 42//
f 694// 42// 695//
f 695// 42// 43//
f 695// 43// 696//
f 696// 43// 55//
f 696// 55// 697//
f 697// 55// 54//
f 697// 54// 684//
f 698// 57// 56//
f 698// 56// 699//
f 699// 56// 52//
f 699// 52// 691//
f 698// 700// 57//
f 57// 700// 58//
f 701// 60// 59//
f 701// 59// 702//
f 702// 59// 58//
f 702// 58// 700//
f 703// 30// 40//
f 703// 40// 704//
f 704// 40// 39//
f 704// 39// 705//
f 705// 39// 29//
f 705// 29// 706//
f 706// 29// 28//
f 706// 28// 707//
f 707// 28// 26//
f 707// 26// 708//
f 708// 26// 25//
f 708// 25// 709//
f 709// 25// 60//
f 709// 60// 701//
f 710// 34// 33//
f 710// 33// 711//
f 711// 33// 35//
f 711// 35// 712//
f 712// 35// 36//
f 712// 36// 713//
f 713// 36// 37//
f 713// 37// 714//
f 714// 37// 32//
f 714// 32// 715//
f 715// 32// 31//
f 715// 31// 716//
f 716// 31// 30//
f 716// 30// 703//
f 679// 9// 27//
f 679// 27// 717//
f 717// 27// 38//
f 717// 38// 718//
f 718// 38// 34//
f 718// 34// 710//
f 711// 682// 710//
f 710// 682// 683//
f 710// 683// 718//
f 718// 683// 681//
f 718// 681// 717//
f 717// 681// 680//
f 717// 680// 679//
f 700// 698// 702//
f 702// 698// 699//
f 702// 699// 701//
f 701// 699// 691//
f 701// 691// 709//
f 709// 691// 692//
f 709// 692// 708//
f 708// 692// 693//
f 708// 693// 707//
f 707// 693// 694//
f 707// 694// 706//
f 706// 694// 695//
f 706// 695// 705//
f 705// 695// 696//
f 705// 696// 704//
f 704// 696// 697//
f 704// 697// 703//
f 703// 697// 684//
f 703// 684// 716//
f 716// 684// 685//
f 716// 685// 715//
f 715// 685// 686//
f 715// 686// 714//
f 714// 686// 687//
f 714// 687// 713//
f 713// 687// 688//
f 713// 688// 712//
f 712// 688// 689//
f 712// 689// 711//
f 711// 689// 690//
f 711// 690// 682//
f 719// 720// 47//
f 47// 720// 16//
f 720// 721// 16//
f 16// 721// 20//
f 721// 722// 20//
f 20// 722// 22//
f 722// 723// 22//
f 22// 723// 24//
f 723// 724// 24//
f 24// 724// 49//
f 724// 719// 49//
f 49// 719// 47//
f 723// 722// 724//
f 724// 722// 721//
f 724// 721// 719//
f 719// 721// 720//
usemtl 1
f 607// 608// 609//
f 609// 608// 614//
f 609// 614// 610//
f 610// 614// 613//
f 610// 613// 611//
f 611// 613// 612//
f 651// 666// 650//
f 650// 666// 665//
f 650// 665// 664//
f 658// 657// 650//
f 650// 657// 656//
f 650// 656// 652//
f 664// 663// 650//
f 650// 663// 662//
f 650// 662// 661//
f 661// 660// 650//
f 650// 660// 659//
f 650// 659// 658//
f 655// 654// 656//
f 656// 654// 653//
f 656// 653// 652//
usemtl 4
f 725// 726// 727//
f 727// 726// 728//
f 725// 727// 729//
f 725// 729// 730//
f 730// 729// 731//
f 730// 731// 732//
f 732// 731// 733//
f 732// 733// 734//
f 734// 733// 735//
f 734// 735// 736//
f 736// 735// 737//
f 736// 737// 738//
f 738// 737// 739//
f 738// 739// 740//
f 740// 739// 741//
f 740// 741// 742//
f 742// 741// 743//
f 742// 743// 744//
f 744// 743// 745//
f 744// 745// 746//
f 746// 745// 747//
f 746// 747// 748//
f 748// 747// 749//
f 748// 749// 750//
f 750// 749// 751//
f 750// 751// 752//
f 752// 751// 753//
f 752// 753// 754//
f 754// 753// 755//
f 754// 755// 756//
f 756// 755// 757//
f 756// 757// 758//
f 758// 757// 759//
f 758// 759// 760//
f 760// 759// 761//
f 760// 761// 762//
f 762// 761// 763//
f 762// 763// 764//
f 764// 763// 765//
f 764// 765// 766//
f 766// 765// 767//
f 766// 767// 768//
f 768// 767// 769//
f 768// 769// 770//
f 770// 769// 771//
f 770// 771// 772//
f 773// 772// 774//
f 774// 772// 771//
f 726// 773// 728//
f 728// 773// 774//
f 725// 754// 756//
f 725// 730// 754//
f 754// 730// 732//
f 754// 732// 734//
f 734// 736// 754//
f 754// 736// 738//
f 754// 738// 740//
f 748// 750// 746//
f 746// 750// 744//
f 740// 742// 754//
f 754// 742// 744//
f 754// 744// 752//
f 752// 744// 750//
f 756// 758// 725//
f 725// 758// 760//
f 725// 760// 762//
f 762// 764// 725//
f 725// 764// 766//
f 725// 766// 768//
f 773// 726// 772//
f 772// 726// 725//
f 772// 725// 770//
f 770// 725// 768//
f 728// 774// 727//
f 727// 774// 771//
f 765// 763// 727//
f 753// 727// 755//
f 755// 727// 757//
f 739// 737// 753//
f 753// 737// 735//
f 753// 735// 733//
f 763// 761// 727//
f 727// 761// 759//
f 727// 759// 757//
f 747// 745// 749//
f 749// 745// 743//
f 749// 743// 751//
f 751// 743// 753//
f 753// 743// 741//
f 753// 741// 739//
f 733// 731// 753//
f 753// 731// 729//
f 753// 729// 727//
f 771// 769// 727//
f 727// 769// 767//
f 727// 767// 765//
f 775// 776// 777//
f 777// 776// 778//
f 775// 777// 779//
f 775// 779// 780//
f 780// 779// 781//
f 780// 781// 782//
f 782// 781// 783//
f 782// 783// 784//
f 784// 783// 785//
f 784// 785// 786//
f 786// 785// 787//
f 786// 787// 788//
f 788// 787// 789//
f 788// 789// 790//
f 790// 789// 791//
f 790// 791// 792//
f 792// 791// 793//
f 792// 793// 794//
f 794// 793// 795//
f 794// 795// 796//
f 796// 795// 797//
f 796// 797// 798//
f 798// 797// 799//
f 798// 799// 800//
f 800// 799// 801//
f 800// 801// 802//
f 802// 801// 803//
f 802// 803// 804//
f 804// 803// 805//
f 804// 805// 806//
f 806// 805// 807//
f 806// 807// 808//
f 808// 807// 809//
f 808// 809// 810//
f 810// 809// 811//
f 810// 811// 812//
f 812// 811// 813//
f 812// 813// 814//
f 814// 813// 815//
f 814// 815// 816//
f 816// 815// 817//
f 816// 817// 818//
f 818// 817// 819//
f 818// 819// 820//
f 820// 819// 821//
f 820// 821// 822//
f 823// 822// 824//
f 824// 822// 821//
f 776// 823// 778//
f 778// 823// 824//
f 804// 806// 790//
f 823// 776// 822//
f 822// 776// 775//
f 822// 775// 780//
f 784// 786// 806//
f 806// 786// 788//
f 806// 788// 790//
f 806// 808// 784//
f 784// 808// 810//
f 784// 810// 812//
f 780// 782// 822//
f 822// 782// 784//
f 822// 784// 820//
f 820// 784// 818//
f 792// 794// 800//
f 800// 794// 796//
f 800// 796// 798//
f 792// 800// 790//
f 790// 800// 802//
f 790// 802// 804//
f 812// 814// 784//
f 784// 814// 816//
f 784// 816// 818//
f 778// 824// 777//
f 777// 824// 821//
f 821// 819// 777//
f 777// 819// 817//
f 777// 817// 815//
f 815// 813// 777//
f 777// 813// 811//
f 777// 811// 809//
f 809// 807// 777//
f 777// 807// 805//
f 777// 805// 779//
f 779// 805// 781//
f 787// 805// 789//
f 789// 805// 803//
f 787// 785// 805//
f 805// 785// 783//
f 805// 783// 781//
f 793// 799// 795//
f 795// 799// 797//
f 803// 801// 789//
f 789// 801// 799//
f 789// 799// 791//
f 791// 799// 793//
f 825// 826// 827//
f 827// 826// 828//
f 825// 827// 829//
f 825// 829// 830//
f 830// 829// 831//
f 830// 831// 832//
f 832// 831// 833//
f 832// 833// 834//
f 834// 833// 835//
f 834// 835// 836//
f 836// 835// 837//
f 836// 837// 838//
f 838// 837// 839//
f 838// 839// 840//
f 840// 839// 841//
f 840// 841// 842//
f 842// 841// 843//
f 842// 843// 844//
f 844// 843// 845//
f 844// 845// 846//
f 846// 845// 847//
f 846// 847// 848//
f 848// 847// 849//
f 848// 849// 850//
f 850// 849// 851//
f 850// 851// 852//
f 852// 851// 853//
f 852// 853// 854//
f 854// 853// 855//
f 854// 855// 856//
f 856// 855// 857//
f 856// 857// 858//
f 858// 857// 859//
f 858// 859// 860//
f 860// 859// 861//
f 860// 861// 862//
f 862// 861// 863//
f 862// 863// 864//
f 864// 863// 865//
f 864// 865// 866//
f 866// 865// 867//
f 866// 867// 868//
f 868// 867// 869//
f 868// 869// 870//
f 870// 869// 871//
f 870// 871// 872//
f 873// 872// 874//
f 874// 872// 871//
f 826// 873// 828//
f 828// 873// 874//
f 873// 826// 872//
f 872// 826// 825//
f 848// 850// 825//
f 858// 860// 825//
f 866// 868// 825//
f 825// 868// 870//
f 825// 870// 872//
f 830// 832// 844//
f 858// 825// 856//
f 830// 844// 825//
f 825// 844// 846//
f 825// 846// 848//
f 860// 862// 825//
f 825// 862// 864//
f 825// 864// 866//
f 842// 844// 840//
f 840// 844// 838//
f 832// 834// 844//
f 844// 834// 836//
f 844// 836// 838//
f 850// 852// 825//
f 825// 852// 854//
f 825// 854// 856//
f 828// 874// 827//
f 827// 874// 871//
f 871// 869// 827//
f 827// 869// 867//
f 827// 867// 865//
f 865// 863// 827//
f 827// 863// 861//
f 827// 861// 859//
f 847// 845// 827//
f 827// 845// 843//
f 827// 843// 829//
f 859// 857// 827//
f 827// 857// 855//
f 827// 855// 853//
f 853// 851// 827//
f 827// 851// 849//
f 827// 849// 847//
f 841// 839// 843//
f 843// 839// 837//
f 843// 837// 835//
f 835// 833// 843//
f 843// 833// 831//
f 843// 831// 829//
f 875// 876// 877//
f 877// 876// 878//
f 875// 877// 879//
f 875// 879// 880//
f 880// 879// 881//
f 880// 881// 882//
f 882// 881// 883//
f 882// 883// 884//
f 884// 883// 885//
f 884// 885// 886//
f 886// 885// 887//
f 886// 887// 888//
f 888// 887// 889//
f 888// 889// 890//
f 890// 889// 891//
f 890// 891// 892//
f 892// 891// 893//
f 892// 893// 894//
f 894// 893// 895//
f 894// 895// 896//
f 896// 895// 897//
f 896// 897// 898//
f 898// 897// 899//
f 898// 899// 900//
f 900// 899// 901//
f 900// 901// 902//
f 902// 901// 903//
f 902// 903// 904//
f 904// 903// 905//
f 904// 905// 906//
f 906// 905// 907//
f 906// 907// 908//
f 908// 907// 909//
f 908// 909// 910//
f 910// 909// 911//
f 910// 911// 912//
f 912// 911// 913//
f 912// 913// 914//
f 914// 913// 915//
f 914// 915// 916//
f 916// 915// 917//
f 916// 917// 918//
f 918// 917// 919//
f 918// 919// 920//
f 920// 919// 921//
f 920// 921// 922//
f 923// 922// 924//
f 924// 922// 921//
f 876// 923// 878//
f 878// 923// 924//
f 923// 876// 922//
f 922// 876// 875//
f 906// 908// 922//
f 888// 922// 886//
f 886// 922// 884//
f 888// 890// 922//
f 922// 890// 892//
f 922// 892// 894//
f 894// 896// 922//
f 922// 896// 898//
f 922// 898// 900//
f 875// 880// 922//
f 922// 880// 882//
f 922// 882// 884//
f 900// 902// 922//
f 922// 902// 904//
f 922// 904// 906//
f 908// 910// 922//
f 922// 910// 912//
f 922// 912// 914//
f 916// 918// 914//
f 914// 918// 920//
f 914// 920// 922//
f 895// 893// 921//
f 895// 921// 897//
f 893// 891// 921//
f 921// 891// 889//
f 921// 889// 887//
f 887// 885// 921//
f 921// 885// 883//
f 921// 883// 881//
f 909// 907// 921//
f 921// 907// 905//
f 921// 905// 903//
f 878// 924// 877//
f 877// 924// 921//
f 877// 921// 879//
f 879// 921// 881//
f 915// 913// 917//
f 917// 913// 919//
f 919// 913// 921//
f 921// 913// 911//
f 921// 911// 909//
f 903// 901// 921//
f 921// 901// 899//
f 921// 899// 897//
f 925// 926// 927//
f 927// 926// 928//
f 925// 927// 929//
f 925// 929// 930//
f 930// 929// 931//
f 930// 931// 932//
f 932// 931// 933//
f 932// 933// 934//
f 934// 933// 935//
f 934// 935// 936//
f 936// 935// 937//
f 936// 937// 938//
f 938// 937// 939//
f 938// 939// 940//
f 940// 939// 941//
f 940// 941// 942//
f 942// 941// 943//
f 942// 943// 944//
f 944// 943// 945//
f 944// 945// 946//
f 946// 945// 947//
f 946// 947// 948//
f 948// 947// 949//
f 948// 949// 950//
f 950// 949// 951//
f 950// 951// 952//
f 952// 951// 953//
f 952// 953// 954//
f 954// 953// 955//
f 954// 955// 956//
f 956// 955// 957//
f 956// 957// 958//
f 958// 957// 959//
f 958// 959// 960//
f 960// 959// 961//
f 960// 961// 962//
f 962// 961// 963//
f 962// 963// 964//
f 964// 963// 965//
f 964// 965// 966//
f 966// 965// 967//
f 966// 967// 968//
f 968// 967// 969//
f 968// 969// 970//
f 970// 969// 971//
f 970// 971// 972//
f 973// 972// 974//
f 974// 972// 971//
f 926// 973// 928//
f 928// 973// 974//
f 972// 973// 926//
f 926// 925// 972//
f 972// 925// 930//
f 972// 930// 932//
f 932// 934// 972//
f 972// 934// 936//
f 972// 936// 938//
f 938// 940// 972//
f 972// 940// 942//
f 972// 942// 944//
f 944// 946// 972//
f 972// 946// 948//
f 972// 948// 950//
f 950// 952// 972//
f 972// 952// 954//
f 972// 954// 956//
f 962// 964// 960//
f 960// 964// 966//
f 960// 966// 968//
f 956// 958// 972//
f 972// 958// 960//
f 972// 960// 970//
f 970// 960// 968//
f 945// 943// 971//
f 928// 974// 927//
f 927// 974// 971//
f 927// 971// 929//
f 929// 971// 931//
f 945// 971// 947//
f 943// 941// 971//
f 971// 941// 939//
f 971// 939// 937//
f 937// 935// 971//
f 971// 935// 933//
f 971// 933// 931//
f 961// 959// 963//
f 963// 959// 965//
f 971// 969// 959//
f 959// 969// 967//
f 959// 967// 965//
f 959// 957// 971//
f 971// 957// 955//
f 971// 955// 953//
f 953// 951// 971//
f 971// 951// 949//
f 971// 949// 947//
f 975// 976// 977//
f 977// 976// 978//
f 975// 977// 979//
f 975// 979// 980//
f 980// 979// 981//
f 980// 981// 982//
f 982// 981// 983//
f 982// 983// 984//
f 984// 983// 985//
f 984// 985// 986//
f 986// 985// 987//
f 986// 987// 988//
f 988// 987// 989//
f 988// 989// 990//
f 990// 989// 991//
f 990// 991// 992//
f 992// 991// 993//
f 992// 993// 994//
f 994// 993// 995//
f 994// 995// 996//
f 996// 995// 997//
f 996// 997// 998//
f 998// 997// 999//
f 998// 999// 1000//
f 1000// 999// 1001//
f 1000// 1001// 1002//
f 1002// 1001// 1003//
f 1002// 1003// 1004//
f 1004// 1003// 1005//
f 1004// 1005// 1006//
f 1006// 1005// 1007//
f 1006// 1007// 1008//
f 1008// 1007// 1009//
f 1008// 1009// 1010//
f 1010// 1009// 1011//
f 1010// 1011// 1012//
f 1012// 1011// 1013//
f 1012// 1013// 1014//
f 1014// 1013// 1015//
f 1014// 1015// 1016//
f 1016// 1015// 1017//
f 1016// 1017// 1018//
f 1018// 1017// 1019//
f 1018// 1019// 1020//
f 1020// 1019// 1021//
f 1020// 1021// 1022//
f 1023// 1022// 1024//
f 1024// 1022// 1021//
f 976// 1023// 978//
f 978// 1023// 1024//
f 1023// 976// 1022//
f 1022// 976// 975//
f 982// 984// 1014//
f 1016// 1018// 975//
f 975// 1018// 1020//
f 975// 1020// 1022//
f 984// 986// 1014//
f 1014// 986// 988//
f 1014// 988// 990//
f 1016// 975// 1014//
f 1014// 975// 980//
f 1014// 980// 982//
f 990// 992// 1014//
f 1014// 992// 994//
f 1014// 994// 1012//
f 996// 1008// 994//
f 994// 1008// 1010//
f 994// 1010// 1012//
f 996// 998// 1008//
f 1008// 998// 1000//
f 1008// 1000// 1006//
f 1006// 1000// 1002//
f 1006// 1002// 1004//
f 978// 1024// 977//
f 977// 1024// 1021//
f 977// 1021// 1019//
f 1019// 1017// 977//
f 977// 1017// 1015//
f 977// 1015// 1013//
f 1011// 1009// 993//
f 993// 1009// 1007//
f 993// 1007// 995//
f 1011// 993// 1013//
f 1013// 993// 991//
f 1013// 991// 989//
f 989// 987// 1013//
f 1013// 987// 985//
f 1013// 985// 983//
f 1003// 1001// 1005//
f 1005// 1001// 999//
f 1005// 999// 1007//
f 1007// 999// 997//
f 1007// 997// 995//
f 983// 981// 1013//
f 1013// 981// 979//
f 1013// 979// 977//
f 1025// 1026// 1027//
f 1027// 1026// 1028//
f 1025// 1027// 1029//
f 1025// 1029// 1030//
f 1030// 1029// 1031//
f 1030// 1031// 1032//
f 1032// 1031// 1033//
f 1032// 1033// 1034//
f 1034// 1033// 1035//
f 1034// 1035// 1036//
f 1036// 1035// 1037//
f 1036// 1037// 1038//
f 1038// 1037// 1039//
f 1038// 1039// 1040//
f 1040// 1039// 1041//
f 1040// 1041// 1042//
f 1042// 1041// 1043//
f 1042// 1043// 1044//
f 1044// 1043// 1045//
f 1044// 1045// 1046//
f 1046// 1045// 1047//
f 1046// 1047// 1048//
f 1048// 1047// 1049//
f 1048// 1049// 1050//
f 1050// 1049// 1051//
f 1050// 1051// 1052//
f 1052// 1051// 1053//
f 1052// 1053// 1054//
f 1054// 1053// 1055//
f 1054// 1055// 1056//
f 1056// 1055// 1057//
f 1056// 1057// 1058//
f 1058// 1057// 1059//
f 1058// 1059// 1060//
f 1060// 1059// 1061//
f 1060// 1061// 1062//
f 1062// 1061// 1063//
f 1062// 1063// 1064//
f 1064// 1063// 1065//
f 1064// 1065// 1066//
f 1066// 1065// 1067//
f 1066// 1067// 1068//
f 1068// 1067// 1069//
f 1068// 1069// 1070//
f 1070// 1069// 1071//
f 1070// 1071// 1072//
f 1073// 1072// 1074//
f 1074// 1072// 1071//
f 1026// 1073// 1028//
f 1028// 1073// 1074//
f 1054// 1056// 1025//
f 1054// 1025// 1052//
f 1056// 1058// 1025//
f 1025// 1058// 1060//
f 1025// 1060// 1062//
f 1040// 1042// 1025//
f 1025// 1042// 1044//
f 1025// 1044// 1046//
f 1046// 1048// 1025//
f 1025// 1048// 1050//
f 1025// 1050// 1052//
f 1062// 1064// 1025//
f 1025// 1064// 1066//
f 1025// 1066// 1068//
f 1032// 1034// 1030//
f 1030// 1034// 1036//
f 1030// 1036// 1025//
f 1025// 1036// 1038//
f 1025// 1038// 1040//
f 1073// 1026// 1072//
f 1072// 1026// 1025//
f 1072// 1025// 1070//
f 1070// 1025// 1068//
f 1028// 1074// 1027//
f 1027// 1074// 1071//
f 1065// 1063// 1027//
f 1063// 1061// 1027//
f 1027// 1061// 1059//
f 1027// 1059// 1057//
f 1057// 1055// 1027//
f 1027// 1055// 1053//
f 1027// 1053// 1051//
f 1051// 1049// 1027//
f 1027// 1049// 1047//
f 1027// 1047// 1045//
f 1045// 1043// 1027//
f 1027// 1043// 1041//
f 1027// 1041// 1039//
f 1071// 1069// 1027//
f 1027// 1069// 1067//
f 1027// 1067// 1065//
f 1039// 1037// 1027//
f 1027// 1037// 1035//
f 1027// 1035// 1029//
f 1029// 1035// 1033//
f 1029// 1033// 1031//
f 1075// 1076// 1077//
f 1077// 1076// 1078//
f 1075// 1077// 1079//
f 1075// 1079// 1080//
f 1080// 1079// 1081//
f 1080// 1081// 1082//
f 1082// 1081// 1083//
f 1082// 1083// 1084//
f 1084// 1083// 1085//
f 1084// 1085// 1086//
f 1086// 1085// 1087//
f 1086// 1087// 1088//
f 1088// 1087// 1089//
f 1088// 1089// 1090//
f 1090// 1089// 1091//
f 1090// 1091// 1092//
f 1092// 1091// 1093//
f 1092// 1093// 1094//
f 1094// 1093// 1095//
f 1094// 1095// 1096//
f 1096// 1095// 1097//
f 1096// 1097// 1098//
f 1098// 1097// 1099//
f 1098// 1099// 1100//
f 1100// 1099// 1101//
f 1100// 1101// 1102//
f 1102// 1101// 1103//
f 1102// 1103// 1104//
f 1104// 1103// 1105//
f 1104// 1105// 1106//
f 1106// 1105// 1107//
f 1106// 1107// 1108//
f 1108// 1107// 1109//
f 1108// 1109// 1110//
f 1110// 1109// 1111//
f 1110// 1111// 1112//
f 1112// 1111// 1113//
f 1112// 1113// 1114//
f 1114// 1113// 1115//
f 1114// 1115// 1116//
f 1116// 1115// 1117//
f 1116// 1117// 1118//
f 1118// 1117// 1119//
f 1118// 1119// 1120//
f 1120// 1119// 1121//
f 1120// 1121// 1122//
f 1123// 1122// 1124//
f 1124// 1122// 1121//
f 1076// 1123// 1078//
f 1078// 1123// 1124//
f 1123// 1076// 1122//
f 1122// 1076// 1075//
f 1122// 1075// 1120//
f 1092// 1094// 1075//
f 1075// 1094// 1096//
f 1102// 1104// 1075//
f 1075// 1104// 1106//
f 1075// 1106// 1108//
f 1080// 1082// 1075//
f 1075// 1082// 1084//
f 1075// 1084// 1086//
f 1086// 1088// 1075//
f 1075// 1088// 1090//
f 1075// 1090// 1092//
f 1096// 1098// 1075//
f 1075// 1098// 1100//
f 1075// 1100// 1102//
f 1108// 1110// 1075//
f 1075// 1110// 1112//
f 1075// 1112// 1114//
f 1114// 1116// 1075//
f 1075// 1116// 1118//
f 1075// 1118// 1120//
f 1077// 1078// 1124//
f 1111// 1109// 1077//
f 1077// 1109// 1107//
f 1107// 1105// 1077//
f 1077// 1105// 1103//
f 1077// 1103// 1101//
f 1124// 1121// 1077//
f 1077// 1121// 1119//
f 1077// 1119// 1117//
f 1101// 1099// 1077//
f 1077// 1099// 1097//
f 1077// 1097// 1095//
f 1095// 1093// 1077//
f 1077// 1093// 1091//
f 1077// 1091// 1089//
f 1117// 1115// 1077//
f 1077// 1115// 1113//
f 1077// 1113// 1111//
f 1085// 1083// 1081//
f 1089// 1087// 1077//
f 1077// 1087// 1085//
f 1077// 1085// 1079//
f 1079// 1085// 1081//
f 1125// 1126// 1127//
f 1127// 1126// 1128//
f 1125// 1127// 1129//
f 1125// 1129// 1130//
f 1130// 1129// 1131//
f 1130// 1131// 1132//
f 1132// 1131// 1133//
f 1132// 1133// 1134//
f 1134// 1133// 1135//
f 1134// 1135// 1136//
f 1136// 1135// 1137//
f 1136// 1137// 1138//
f 1138// 1137// 1139//
f 1138// 1139// 1140//
f 1140// 1139// 1141//
f 1140// 1141// 1142//
f 1142// 1141// 1143//
f 1142// 1143// 1144//
f 1144// 1143// 1145//
f 1144// 1145// 1146//
f 1146// 1145// 1147//
f 1146// 1147// 1148//
f 1148// 1147// 1149//
f 1148// 1149// 1150//
f 1150// 1149// 1151//
f 1150// 1151// 1152//
f 1152// 1151// 1153//
f 1152// 1153// 1154//
f 1154// 1153// 1155//
f 1154// 1155// 1156//
f 1156// 1155// 1157//
f 1156// 1157// 1158//
f 1158// 1157// 1159//
f 1158// 1159// 1160//
f 1160// 1159// 1161//
f 1160// 1161// 1162//
f 1162// 1161// 1163//
f 1162// 1163// 1164//
f 1164// 1163// 1165//
f 1164// 1165// 1166//
f 1166// 1165// 1167//
f 1166// 1167// 1168//
f 1168// 1167// 1169//
f 1168// 1169// 1170//
f 1170// 1169// 1171//
f 1170// 1171// 1172//
f 1173// 1172// 1174//
f 1174// 1172// 1171//
f 1126// 1173// 1128//
f 1128// 1173// 1174//
f 1173// 1126// 1172//
f 1172// 1126// 1125//
f 1152// 1154// 1172//
f 1134// 1136// 1172//
f 1172// 1136// 1138//
f 1172// 1138// 1140//
f 1140// 1142// 1172//
f 1172// 1142// 1144//
f 1172// 1144// 1146//
f 1154// 1156// 1172//
f 1172// 1156// 1158//
f 1172// 1158// 1160//
f 1146// 1148// 1172//
f 1172// 1148// 1150//
f 1172// 1150// 1152//
f 1160// 1162// 1172//
f 1172// 1162// 1164//
f 1172// 1164// 1170//
f 1170// 1164// 1166//
f 1170// 1166// 1168//
f 1125// 1130// 1172//
f 1172// 1130// 1132//
f 1172// 1132// 1134//
f 1128// 1174// 1127//
f 1127// 1174// 1171//
f 1127// 1171// 1169//
f 1127// 1157// 1155//
f 1155// 1153// 1127//
f 1127// 1153// 1151//
f 1127// 1151// 1149//
f 1127// 1143// 1141//
f 1141// 1139// 1127//
f 1127// 1139// 1137//
f 1127// 1137// 1135//
f 1163// 1161// 1127//
f 1127// 1161// 1159//
f 1127// 1159// 1157//
f 1149// 1147// 1127//
f 1127// 1147// 1145//
f 1127// 1145// 1143//
f 1135// 1133// 1127//
f 1127// 1133// 1131//
f 1127// 1131// 1129//
f 1169// 1167// 1127//
f 1127// 1167// 1165//
f 1127// 1165// 1163//
f 1175// 1176// 1177//
f 1177// 1176// 1178//
f 1175// 1177// 1179//
f 1175// 1179// 1180//
f 1180// 1179// 1181//
f 1180// 1181// 1182//
f 1182// 1181// 1183//
f 1182// 1183// 1184//
f 1184// 1183// 1185//
f 1184// 1185// 1186//
f 1186// 1185// 1187//
f 1186// 1187// 1188//
f 1188// 1187// 1189//
f 1188// 1189// 1190//
f 1190// 1189// 1191//
f 1190// 1191// 1192//
f 1192// 1191// 1193//
f 1192// 1193// 1194//
f 1194// 1193// 1195//
f 1194// 1195// 1196//
f 1196// 1195// 1197//
f 1196// 1197// 1198//
f 1198// 1197// 1199//
f 1198// 1199// 1200//
f 1200// 1199// 1201//
f 1200// 1201// 1202//
f 1202// 1201// 1203//
f 1202// 1203// 1204//
f 1204// 1203// 1205//
f 1204// 1205// 1206//
f 1206// 1205// 1207//
f 1206// 1207// 1208//
f 1208// 1207// 1209//
f 1208// 1209// 1210//
f 1210// 1209// 1211//
f 1210// 1211// 1212//
f 1212// 1211// 1213//
f 1212// 1213// 1214//
f 1214// 1213// 1215//
f 1214// 1215// 1216//
f 1216// 1215// 1217//
f 1216// 1217// 1218//
f 1218// 1217// 1219//
f 1218// 1219// 1220//
f 1220// 1219// 1221//
f 1220// 1221// 1222//
f 1223// 1222// 1224//
f 1224// 1222// 1221//
f 1176// 1223// 1178//
f 1178// 1223// 1224//
f 1223// 1176// 1222//
f 1222// 1176// 1175//
f 1175// 1180// 1222//
f 1222// 1180// 1182//
f 1222// 1182// 1184//
f 1184// 1186// 1222//
f 1222// 1186// 1188//
f 1222// 1188// 1190//
f 1190// 1192// 1222//
f 1222// 1192// 1194//
f 1222// 1194// 1220//
f 1220// 1194// 1218//
f 1212// 1194// 1210//
f 1210// 1194// 1196//
f 1212// 1214// 1194//
f 1194// 1214// 1216//
f 1194// 1216// 1218//
f 1206// 1200// 1204//
f 1204// 1200// 1202//
f 1196// 1198// 1210//
f 1210// 1198// 1200//
f 1210// 1200// 1208//
f 1208// 1200// 1206//
f 1195// 1193// 1209//
f 1178// 1224// 1177//
f 1177// 1224// 1221//
f 1177// 1221// 1219//
f 1215// 1213// 1193//
f 1193// 1213// 1211//
f 1193// 1211// 1209//
f 1193// 1191// 1215//
f 1215// 1191// 1189//
f 1215// 1189// 1187//
f 1219// 1217// 1177//
f 1177// 1217// 1215//
f 1177// 1215// 1179//
f 1179// 1215// 1181//
f 1207// 1205// 1199//
f 1199// 1205// 1203//
f 1199// 1203// 1201//
f 1207// 1199// 1209//
f 1209// 1199// 1197//
f 1209// 1197// 1195//
f 1187// 1185// 1215//
f 1215// 1185// 1183//
f 1215// 1183// 1181//
f 1225// 1226// 1227//
f 1227// 1226// 1228//
f 1225// 1227// 1229//
f 1225// 1229// 1230//
f 1230// 1229// 1231//
f 1230// 1231// 1232//
f 1232// 1231// 1233//
f 1232// 1233// 1234//
f 1234// 1233// 1235//
f 1234// 1235// 1236//
f 1236// 1235// 1237//
f 1236// 1237// 1238//
f 1238// 1237// 1239//
f 1238// 1239// 1240//
f 1240// 1239// 1241//
f 1240// 1241// 1242//
f 1242// 1241// 1243//
f 1242// 1243// 1244//
f 1244// 1243// 1245//
f 1244// 1245// 1246//
f 1246// 1245// 1247//
f 1246// 1247// 1248//
f 1248// 1247// 1249//
f 1248// 1249// 1250//
f 1250// 1249// 1251//
f 1250// 1251// 1252//
f 1252// 1251// 1253//
f 1252// 1253// 1254//
f 1254// 1253// 1255//
f 1254// 1255// 1256//
f 1256// 1255// 1257//
f 1256// 1257// 1258//
f 1258// 1257// 1259//
f 1258// 1259// 1260//
f 1260// 1259// 1261//
f 1260// 1261// 1262//
f 1262// 1261// 1263//
f 1262// 1263// 1264//
f 1264// 1263// 1265//
f 1264// 1265// 1266//
f 1266// 1265// 1267//
f 1266// 1267// 1268//
f 1268// 1267// 1269//
f 1268// 1269// 1270//
f 1270// 1269// 1271//
f 1270// 1271// 1272//
f 1273// 1272// 1274//
f 1274// 1272// 1271//
f 1226// 1273// 1228//
f 1228// 1273// 1274//
f 1225// 1254// 1256//
f 1225// 1230// 1254//
f 1254// 1230// 1232//
f 1254// 1232// 1234//
f 1234// 1236// 1254//
f 1254// 1236// 1238//
f 1254// 1238// 1240//
f 1248// 1250// 1246//
f 1246// 1250// 1244//
f 1240// 1242// 1254//
f 1254// 1242// 1244//
f 1254// 1244// 1252//
f 1252// 1244// 1250//
f 1256// 1258// 1225//
f 1225// 1258// 1260//
f 1225// 1260// 1262//
f 1262// 1264// 1225//
f 1225// 1264// 1266//
f 1225// 1266// 1268//
f 1273// 1226// 1272//
f 1272// 1226// 1225//
f 1272// 1225// 1270//
f 1270// 1225// 1268//
f 1228// 1274// 1227//
f 1227// 1274// 1271//
f 1265// 1263// 1227//
f 1253// 1227// 1255//
f 1255// 1227// 1257//
f 1239// 1237// 1253//
f 1253// 1237// 1235//
f 1253// 1235// 1233//
f 1263// 1261// 1227//
f 1227// 1261// 1259//
f 1227// 1259// 1257//
f 1247// 1245// 1249//
f 1249// 1245// 1243//
f 1249// 1243// 1251//
f 1251// 1243// 1253//
f 1253// 1243// 1241//
f 1253// 1241// 1239//
f 1233// 1231// 1253//
f 1253// 1231// 1229//
f 1253// 1229// 1227//
f 1271// 1269// 1227//
f 1227// 1269// 1267//
f 1227// 1267// 1265//
f 1275// 1276// 1277//
f 1277// 1276// 1278//
f 1275// 1277// 1279//
f 1275// 1279// 1280//
f 1280// 1279// 1281//
f 1280// 1281// 1282//
f 1282// 1281// 1283//
f 1282// 1283// 1284//
f 1284// 1283// 1285//
f 1284// 1285// 1286//
f 1286// 1285// 1287//
f 1286// 1287// 1288//
f 1288// 1287// 1289//
f 1288// 1289// 1290//
f 1290// 1289// 1291//
f 1290// 1291// 1292//
f 1292// 1291// 1293//
f 1292// 1293// 1294//
f 1294// 1293// 1295//
f 1294// 1295// 1296//
f 1296// 1295// 1297//
f 1296// 1297// 1298//
f 1298// 1297// 1299//
f 1298// 1299// 1300//
f 1300// 1299// 1301//
f 1300// 1301// 1302//
f 1302// 1301// 1303//
f 1302// 1303// 1304//
f 1304// 1303// 1305//
f 1304// 1305// 1306//
f 1306// 1305// 1307//
f 1306// 1307// 1308//
f 1308// 1307// 1309//
f 1308// 1309// 1310//
f 1310// 1309// 1311//
f 1310// 1311// 1312//
f 1312// 1311// 1313//
f 1312// 1313// 1314//
f 1314// 1313// 1315//
f 1314// 1315// 1316//
f 1316// 1315// 1317//
f 1316// 1317// 1318//
f 1318// 1317// 1319//
f 1318// 1319// 1320//
f 1320// 1319// 1321//
f 1320// 1321// 1322//
f 1323// 1322// 1324//
f 1324// 1322// 1321//
f 1276// 1323// 1278//
f 1278// 1323// 1324//
f 1323// 1276// 1322//
f 1322// 1276// 1275//
f 1298// 1300// 1275//
f 1308// 1310// 1275//
f 1316// 1318// 1275//
f 1275// 1318// 1320//
f 1275// 1320// 1322//
f 1280// 1282// 1294//
f 1308// 1275// 1306//
f 1280// 1294// 1275//
f 1275// 1294// 1296//
f 1275// 1296// 1298//
f 1310// 1312// 1275//
f 1275// 1312// 1314//
f 1275// 1314// 1316//
f 1292// 1294// 1290//
f 1290// 1294// 1288//
f 1282// 1284// 1294//
f 1294// 1284// 1286//
f 1294// 1286// 1288//
f 1300// 1302// 1275//
f 1275// 1302// 1304//
f 1275// 1304// 1306//
f 1278// 1324// 1277//
f 1277// 1324// 1321//
f 1321// 1319// 1277//
f 1277// 1319// 1317//
f 1277// 1317// 1315//
f 1315// 1313// 1277//
f 1277// 1313// 1311//
f 1277// 1311// 1309//
f 1297// 1295// 1277//
f 1277// 1295// 1293//
f 1277// 1293// 1279//
f 1309// 1307// 1277//
f 1277// 1307// 1305//
f 1277// 1305// 1303//
f 1303// 1301// 1277//
f 1277// 1301// 1299//
f 1277// 1299// 1297//
f 1291// 1289// 1293//
f 1293// 1289// 1287//
f 1293// 1287// 1285//
f 1285// 1283// 1293//
f 1293// 1283// 1281//
f 1293// 1281// 1279//
f 1325// 1326// 1327//
f 1327// 1326// 1328//
f 1325// 1327// 1329//
f 1325// 1329// 1330//
f 1330// 1329// 1331//
f 1330// 1331// 1332//
f 1332// 1331// 1333//
f 1332// 1333// 1334//
f 1334// 1333// 1335//
f 1334// 1335// 1336//
f 1336// 1335// 1337//
f 1336// 1337// 1338//
f 1338// 1337// 1339//
f 1338// 1339// 1340//
f 1340// 1339// 1341//
f 1340// 1341// 1342//
f 1342// 1341// 1343//
f 1342// 1343// 1344//
f 1344// 1343// 1345//
f 1344// 1345// 1346//
f 1346// 1345// 1347//
f 1346// 1347// 1348//
f 1348// 1347// 1349//
f 1348// 1349// 1350//
f 1350// 1349// 1351//
f 1350// 1351// 1352//
f 1352// 1351// 1353//
f 1352// 1353// 1354//
f 1354// 1353// 1355//
f 1354// 1355// 1356//
f 1356// 1355// 1357//
f 1356// 1357// 1358//
f 1358// 1357// 1359//
f 1358// 1359// 1360//
f 1360// 1359// 1361//
f 1360// 1361// 1362//
f 1362// 1361// 1363//
f 1362// 1363// 1364//
f 1364// 1363// 1365//
f 1364// 1365// 1366//
f 1366// 1365// 1367//
f 1366// 1367// 1368//
f 1368// 1367// 1369//
f 1368// 1369// 1370//
f 1370// 1369// 1371//
f 1370// 1371// 1372//
f 1373// 1372// 1374//
f 1374// 1372// 1371//
f 1326// 1373// 1328//
f 1328// 1373// 1374//
f 1373// 1326// 1372//
f 1372// 1326// 1325//
f 1356// 1358// 1372//
f 1338// 1372// 1336//
f 1336// 1372// 1334//
f 1338// 1340// 1372//
f 1372// 1340// 1342//
f 1372// 1342// 1344//
f 1344// 1346// 1372//
f 1372// 1346// 1348//
f 1372// 1348// 1350//
f 1325// 1330// 1372//
f 1372// 1330// 1332//
f 1372// 1332// 1334//
f 1350// 1352// 1372//
f 1372// 1352// 1354//
f 1372// 1354// 1356//
f 1358// 1360// 1372//
f 1372// 1360// 1362//
f 1372// 1362// 1364//
f 1366// 1368// 1364//
f 1364// 1368// 1370//
f 1364// 1370// 1372//
f 1345// 1343// 1371//
f 1345// 1371// 1347//
f 1343// 1341// 1371//
f 1371// 1341// 1339//
f 1371// 1339// 1337//
f 1337// 1335// 1371//
f 1371// 1335// 1333//
f 1371// 1333// 1331//
f 1359// 1357// 1371//
f 1371// 1357// 1355//
f 1371// 1355// 1353//
f 1328// 1374// 1327//
f 1327// 1374// 1371//
f 1327// 1371// 1329//
f 1329// 1371// 1331//
f 1365// 1363// 1367//
f 1367// 1363// 1369//
f 1369// 1363// 1371//
f 1371// 1363// 1361//
f 1371// 1361// 1359//
f 1353// 1351// 1371//
f 1371// 1351// 1349//
f 1371// 1349// 1347//
f 1375// 1376// 1377//
f 1377// 1376// 1378//
f 1375// 1377// 1379//
f 1375// 1379// 1380//
f 1380// 1379// 1381//
f 1380// 1381// 1382//
f 1382// 1381// 1383//
f 1382// 1383// 1384//
f 1384// 1383// 1385//
f 1384// 1385// 1386//
f 1386// 1385// 1387//
f 1386// 1387// 1388//
f 1388// 1387// 1389//
f 1388// 1389// 1390//
f 1390// 1389// 1391//
f 1390// 1391// 1392//
f 1392// 1391// 1393//
f 1392// 1393// 1394//
f 1394// 1393// 1395//
f 1394// 1395// 1396//
f 1396// 1395// 1397//
f 1396// 1397// 1398//
f 1398// 1397// 1399//
f 1398// 1399// 1400//
f 1400// 1399// 1401//
f 1400// 1401// 1402//
f 1402// 1401// 1403//
f 1402// 1403// 1404//
f 1404// 1403// 1405//
f 1404// 1405// 1406//
f 1406// 1405// 1407//
f 1406// 1407// 1408//
f 1408// 1407// 1409//
f 1408// 1409// 1410//
f 1410// 1409// 1411//
f 1410// 1411// 1412//
f 1412// 1411// 1413//
f 1412// 1413// 1414//
f 1414// 1413// 1415//
f 1414// 1415// 1416//
f 1416// 1415// 1417//
f 1416// 1417// 1418//
f 1418// 1417// 1419//
f 1418// 1419// 1420//
f 1420// 1419// 1421//
f 1420// 1421// 1422//
f 1423// 1422// 1424//
f 1424// 1422// 1421//
f 1376// 1423// 1378//
f 1378// 1423// 1424//
f 1422// 1423// 1376//
f 1376// 1375// 1422//
f 1422// 1375// 1380//
f 1422// 1380// 1382//
f 1382// 1384// 1422//
f 1422// 1384// 1386//
f 1422// 1386// 1388//
f 1388// 1390// 1422//
f 1422// 1390// 1392//
f 1422// 1392// 1394//
f 1394// 1396// 1422//
f 1422// 1396// 1398//
f 1422// 1398// 1400//
f 1400// 1402// 1422//
f 1422// 1402// 1404//
f 1422// 1404// 1406//
f 1412// 1414// 1410//
f 1410// 1414// 1416//
f 1410// 1416// 1418//
f 1406// 1408// 1422//
f 1422// 1408// 1410//
f 1422// 1410// 1420//
f 1420// 1410// 1418//
f 1395// 1393// 1421//
f 1378// 1424// 1377//
f 1377// 1424// 1421//
f 1377// 1421// 1379//
f 1379// 1421// 1381//
f 1395// 1421// 1397//
f 1393// 1391// 1421//
f 1421// 1391// 1389//
f 1421// 1389// 1387//
f 1387// 1385// 1421//
f 1421// 1385// 1383//
f 1421// 1383// 1381//
f 1411// 1409// 1413//
f 1413// 1409// 1415//
f 1421// 1419// 1409//
f 1409// 1419// 1417//
f 1409// 1417// 1415//
f 1409// 1407// 1421//
f 1421// 1407// 1405//
f 1421// 1405// 1403//
f 1403// 1401// 1421//
f 1421// 1401// 1399//
f 1421// 1399// 1397//
f 1425// 1426// 1427//
f 1427// 1426// 1428//
f 1425// 1427// 1429//
f 1425// 1429// 1430//
f 1430// 1429// 1431//
f 1430// 1431// 1432//
f 1432// 1431// 1433//
f 1432// 1433// 1434//
f 1434// 1433// 1435//
f 1434// 1435// 1436//
f 1436// 1435// 1437//
f 1436// 1437// 1438//
f 1438// 1437// 1439//
f 1438// 1439// 1440//
f 1440// 1439// 1441//
f 1440// 1441// 1442//
f 1442// 1441// 1443//
f 1442// 1443// 1444//
f 1444// 1443// 1445//
f 1444// 1445// 1446//
f 1446// 1445// 1447//
f 1446// 1447// 1448//
f 1448// 1447// 1449//
f 1448// 1449// 1450//
f 1450// 1449// 1451//
f 1450// 1451// 1452//
f 1452// 1451// 1453//
f 1452// 1453// 1454//
f 1454// 1453// 1455//
f 1454// 1455// 1456//
f 1456// 1455// 1457//
f 1456// 1457// 1458//
f 1458// 1457// 1459//
f 1458// 1459// 1460//
f 1460// 1459// 1461//
f 1460// 1461// 1462//
f 1462// 1461// 1463//
f 1462// 1463// 1464//
f 1464// 1463// 1465//
f 1464// 1465// 1466//
f 1466// 1465// 1467//
f 1466// 1467// 1468//
f 1468// 1467// 1469//
f 1468// 1469// 1470//
f 1470// 1469// 1471//
f 1470// 1471// 1472//
f 1473// 1472// 1474//
f 1474// 1472// 1471//
f 1426// 1473// 1428//
f 1428// 1473// 1474//
f 1473// 1426// 1472//
f 1472// 1426// 1425//
f 1458// 1460// 1425//
f 1460// 1462// 1425//
f 1425// 1462// 1464//
f 1425// 1464// 1466//
f 1430// 1432// 1454//
f 1454// 1432// 1434//
f 1434// 1436// 1454//
f 1454// 1436// 1438//
f 1454// 1438// 1440//
f 1430// 1454// 1425//
f 1425// 1454// 1456//
f 1425// 1456// 1458//
f 1466// 1468// 1425//
f 1425// 1468// 1470//
f 1425// 1470// 1472//
f 1448// 1450// 1446//
f 1446// 1450// 1444//
f 1440// 1442// 1454//
f 1454// 1442// 1444//
f 1454// 1444// 1452//
f 1452// 1444// 1450//
f 1428// 1474// 1427//
f 1427// 1474// 1471//
f 1427// 1471// 1469//
f 1463// 1461// 1427//
f 1427// 1461// 1459//
f 1427// 1459// 1457//
f 1469// 1467// 1427//
f 1427// 1467// 1465//
f 1427// 1465// 1463//
f 1457// 1455// 1427//
f 1427// 1455// 1453//
f 1427// 1453// 1429//
f 1453// 1443// 1441//
f 1441// 1439// 1453//
f 1453// 1439// 1437//
f 1453// 1437// 1435//
f 1435// 1433// 1453//
f 1453// 1433// 1431//
f 1453// 1431// 1429//
f 1453// 1451// 1443//
f 1443// 1451// 1449//
f 1443// 1449// 1445//
f 1445// 1449// 1447//
f 1475// 1476// 1477//
f 1477// 1476// 1478//
f 1475// 1477// 1479//
f 1475// 1479// 1480//
f 1480// 1479// 1481//
f 1480// 1481// 1482//
f 1482// 1481// 1483//
f 1482// 1483// 1484//
f 1484// 1483// 1485//
f 1484// 1485// 1486//
f 1486// 1485// 1487//
f 1486// 1487// 1488//
f 1488// 1487// 1489//
f 1488// 1489// 1490//
f 1490// 1489// 1491//
f 1490// 1491// 1492//
f 1492// 1491// 1493//
f 1492// 1493// 1494//
f 1494// 1493// 1495//
f 1494// 1495// 1496//
f 1496// 1495// 1497//
f 1496// 1497// 1498//
f 1498// 1497// 1499//
f 1498// 1499// 1500//
f 1500// 1499// 1501//
f 1500// 1501// 1502//
f 1502// 1501// 1503//
f 1502// 1503// 1504//
f 1504// 1503// 1505//
f 1504// 1505// 1506//
f 1506// 1505// 1507//
f 1506// 1507// 1508//
f 1508// 1507// 1509//
f 1508// 1509// 1510//
f 1510// 1509// 1511//
f 1510// 1511// 1512//
f 1512// 1511// 1513//
f 1512// 1513// 1514//
f 1514// 1513// 1515//
f 1514// 1515// 1516//
f 1516// 1515// 1517//
f 1516// 1517// 1518//
f 1518// 1517// 1519//
f 1518// 1519// 1520//
f 1520// 1519// 1521//
f 1520// 1521// 1522//
f 1523// 1522// 1524//
f 1524// 1522// 1521//
f 1476// 1523// 1478//
f 1478// 1523// 1524//
f 1504// 1506// 1490//
f 1523// 1476// 1522//
f 1522// 1476// 1475//
f 1522// 1475// 1480//
f 1484// 1486// 1506//
f 1506// 1486// 1488//
f 1506// 1488// 1490//
f 1506// 1508// 1484//
f 1484// 1508// 1510//
f 1484// 1510// 1512//
f 1480// 1482// 1522//
f 1522// 1482// 1484//
f 1522// 1484// 1520//
f 1520// 1484// 1518//
f 1492// 1494// 1500//
f 1500// 1494// 1496//
f 1500// 1496// 1498//
f 1492// 1500// 1490//
f 1490// 1500// 1502//
f 1490// 1502// 1504//
f 1512// 1514// 1484//
f 1484// 1514// 1516//
f 1484// 1516// 1518//
f 1478// 1524// 1477//
f 1477// 1524// 1521//
f 1521// 1519// 1477//
f 1477// 1519// 1517//
f 1477// 1517// 1515//
f 1515// 1513// 1477//
f 1477// 1513// 1511//
f 1477// 1511// 1509//
f 1509// 1507// 1477//
f 1477// 1507// 1505//
f 1477// 1505// 1479//
f 1479// 1505// 1481//
f 1487// 1505// 1489//
f 1489// 1505// 1503//
f 1487// 1485// 1505//
f 1505// 1485// 1483//
f 1505// 1483// 1481//
f 1493// 1499// 1495//
f 1495// 1499// 1497//
f 1503// 1501// 1489//
f 1489// 1501// 1499//
f 1489// 1499// 1491//
f 1491// 1499// 1493//
f 1525// 1526// 1527//
f 1527// 1526// 1528//
f 1525// 1527// 1529//
f 1525// 1529// 1530//
f 1530// 1529// 1531//
f 1530// 1531// 1532//
f 1532// 1531// 1533//
f 1532// 1533// 1534//
f 1534// 1533// 1535//
f 1534// 1535// 1536//
f 1536// 1535// 1537//
f 1536// 1537// 1538//
f 1538// 1537// 1539//
f 1538// 1539// 1540//
f 1540// 1539// 1541//
f 1540// 1541// 1542//
f 1542// 1541// 1543//
f 1542// 1543// 1544//
f 1544// 1543// 1545//
f 1544// 1545// 1546//
f 1546// 1545// 1547//
f 1546// 1547// 1548//
f 1548// 1547// 1549//
f 1548// 1549// 1550//
f 1550// 1549// 1551//
f 1550// 1551// 1552//
f 1552// 1551// 1553//
f 1552// 1553// 1554//
f 1554// 1553// 1555//
f 1554// 1555// 1556//
f 1556// 1555// 1557//
f 1556// 1557// 1558//
f 1558// 1557// 1559//
f 1558// 1559// 1560//
f 1560// 1559// 1561//
f 1560// 1561// 1562//
f 1562// 1561// 1563//
f 1562// 1563// 1564//
f 1564// 1563// 1565//
f 1564// 1565// 1566//
f 1566// 1565// 1567//
f 1566// 1567// 1568//
f 1568// 1567// 1569//
f 1568// 1569// 1570//
f 1570// 1569// 1571//
f 1570// 1571// 1572//
f 1573// 1572// 1574//
f 1574// 1572// 1571//
f 1526// 1573// 1528//
f 1528// 1573// 1574//
f 1556// 1558// 1572//
f 1573// 1526// 1572//
f 1572// 1526// 1525//
f 1572// 1525// 1530//
f 1572// 1542// 1544//
f 1544// 1546// 1572//
f 1572// 1546// 1548//
f 1572// 1548// 1550//
f 1536// 1538// 1572//
f 1572// 1538// 1540//
f 1572// 1540// 1542//
f 1550// 1552// 1572//
f 1572// 1552// 1554//
f 1572// 1554// 1556//
f 1558// 1560// 1572//
f 1572// 1560// 1562//
f 1572// 1562// 1564//
f 1564// 1566// 1572//
f 1572// 1566// 1568//
f 1572// 1568// 1570//
f 1530// 1532// 1572//
f 1572// 1532// 1534//
f 1572// 1534// 1536//
f 1528// 1574// 1527//
f 1527// 1574// 1571//
f 1547// 1545// 1527//
f 1565// 1563// 1527//
f 1527// 1563// 1561//
f 1527// 1555// 1553//
f 1545// 1543// 1527//
f 1527// 1543// 1541//
f 1527// 1541// 1539//
f 1561// 1559// 1527//
f 1527// 1559// 1557//
f 1527// 1557// 1555//
f 1553// 1551// 1527//
f 1527// 1551// 1549//
f 1527// 1549// 1547//
f 1539// 1537// 1527//
f 1527// 1537// 1535//
f 1527// 1535// 1529//
f 1529// 1535// 1533//
f 1529// 1533// 1531//
f 1571// 1569// 1527//
f 1527// 1569// 1567//
f 1527// 1567// 1565//
f 1575// 1576// 1577//
f 1577// 1576// 1578//
f 1575// 1577// 1579//
f 1575// 1579// 1580//
f 1580// 1579// 1581//
f 1580// 1581// 1582//
f 1582// 1581// 1583//
f 1582// 1583// 1584//
f 1584// 1583// 1585//
f 1584// 1585// 1586//
f 1586// 1585// 1587//
f 1586// 1587// 1588//
f 1588// 1587// 1589//
f 1588// 1589// 1590//
f 1590// 1589// 1591//
f 1590// 1591// 1592//
f 1592// 1591// 1593//
f 1592// 1593// 1594//
f 1594// 1593// 1595//
f 1594// 1595// 1596//
f 1596// 1595// 1597//
f 1596// 1597// 1598//
f 1598// 1597// 1599//
f 1598// 1599// 1600//
f 1600// 1599// 1601//
f 1600// 1601// 1602//
f 1602// 1601// 1603//
f 1602// 1603// 1604//
f 1604// 1603// 1605//
f 1604// 1605// 1606//
f 1606// 1605// 1607//
f 1606// 1607// 1608//
f 1608// 1607// 1609//
f 1608// 1609// 1610//
f 1610// 1609// 1611//
f 1610// 1611// 1612//
f 1612// 1611// 1613//
f 1612// 1613// 1614//
f 1614// 1613// 1615//
f 1614// 1615// 1616//
f 1616// 1615// 1617//
f 1616// 1617// 1618//
f 1618// 1617// 1619//
f 1618// 1619// 1620//
f 1620// 1619// 1621//
f 1620// 1621// 1622//
f 1623// 1622// 1624//
f 1624// 1622// 1621//
f 1576// 1623// 1578//
f 1578// 1623// 1624//
f 1623// 1576// 1622//
f 1622// 1576// 1575//
f 1622// 1575// 1620//
f 1606// 1608// 1575//
f 1575// 1592// 1594//
f 1580// 1582// 1575//
f 1575// 1582// 1584//
f 1575// 1584// 1586//
f 1586// 1588// 1575//
f 1575// 1588// 1590//
f 1575// 1590// 1592//
f 1594// 1596// 1575//
f 1575// 1596// 1598//
f 1575// 1598// 1600//
f 1600// 1602// 1575//
f 1575// 1602// 1604//
f 1575// 1604// 1606//
f 1608// 1610// 1575//
f 1575// 1610// 1612//
f 1575// 1612// 1614//
f 1614// 1616// 1575//
f 1575// 1616// 1618//
f 1575// 1618// 1620//
f 1577// 1578// 1624//
f 1593// 1591// 1577//
f 1577// 1591// 1589//
f 1611// 1609// 1577//
f 1577// 1609// 1607//
f 1577// 1607// 1605//
f 1624// 1621// 1577//
f 1577// 1621// 1619//
f 1577// 1619// 1617//
f 1605// 1603// 1577//
f 1577// 1603// 1601//
f 1577// 1601// 1599//
f 1599// 1597// 1577//
f 1577// 1597// 1595//
f 1577// 1595// 1593//
f 1585// 1583// 1581//
f 1617// 1615// 1577//
f 1577// 1615// 1613//
f 1577// 1613// 1611//
f 1589// 1587// 1577//
f 1577// 1587// 1585//
f 1577// 1585// 1579//
f 1579// 1585// 1581//
f 1625// 1626// 1627//
f 1627// 1626// 1628//
f 1625// 1627// 1629//
f 1625// 1629// 1630//
f 1630// 1629// 1631//
f 1630// 1631// 1632//
f 1632// 1631// 1633//
f 1632// 1633// 1634//
f 1634// 1633// 1635//
f 1634// 1635// 1636//
f 1636// 1635// 1637//
f 1636// 1637// 1638//
f 1638// 1637// 1639//
f 1638// 1639// 1640//
f 1640// 1639// 1641//
f 1640// 1641// 1642//
f 1642// 1641// 1643//
f 1642// 1643// 1644//
f 1644// 1643// 1645//
f 1644// 1645// 1646//
f 1646// 1645// 1647//
f 1646// 1647// 1648//
f 1648// 1647// 1649//
f 1648// 1649// 1650//
f 1650// 1649// 1651//
f 1650// 1651// 1652//
f 1652// 1651// 1653//
f 1652// 1653// 1654//
f 1654// 1653// 1655//
f 1654// 1655// 1656//
f 1656// 1655// 1657//
f 1656// 1657// 1658//
f 1658// 1657// 1659//
f 1658// 1659// 1660//
f 1660// 1659// 1661//
f 1660// 1661// 1662//
f 1662// 1661// 1663//
f 1662// 1663// 1664//
f 1664// 1663// 1665//
f 1664// 1665// 1666//
f 1666// 1665// 1667//
f 1666// 1667// 1668//
f 1668// 1667// 1669//
f 1668// 1669// 1670//
f 1670// 1669// 1671//
f 1670// 1671// 1672//
f 1673// 1672// 1674//
f 1674// 1672// 1671//
f 1626// 1673// 1628//
f 1628// 1673// 1674//
f 1673// 1626// 1672//
f 1672// 1626// 1625//
f 1652// 1654// 1672//
f 1634// 1636// 1672//
f 1672// 1636// 1638//
f 1672// 1638// 1640//
f 1640// 1642// 1672//
f 1672// 1642// 1644//
f 1672// 1644// 1646//
f 1654// 1656// 1672//
f 1672// 1656// 1658//
f 1672// 1658// 1660//
f 1646// 1648// 1672//
f 1672// 1648// 1650//
f 1672// 1650// 1652//
f 1660// 1662// 1672//
f 1672// 1662// 1664//
f 1672// 1664// 1670//
f 1670// 1664// 1666//
f 1670// 1666// 1668//
f 1625// 1630// 1672//
f 1672// 1630// 1632//
f 1672// 1632// 1634//
f 1628// 1674// 1627//
f 1627// 1674// 1671//
f 1627// 1671// 1669//
f 1627// 1657// 1655//
f 1655// 1653// 1627//
f 1627// 1653// 1651//
f 1627// 1651// 1649//
f 1627// 1643// 1641//
f 1641// 1639// 1627//
f 1627// 1639// 1637//
f 1627// 1637// 1635//
f 1663// 1661// 1627//
f 1627// 1661// 1659//
f 1627// 1659// 1657//
f 1649// 1647// 1627//
f 1627// 1647// 1645//
f 1627// 1645// 1643//
f 1635// 1633// 1627//
f 1627// 1633// 1631//
f 1627// 1631// 1629//
f 1669// 1667// 1627//
f 1627// 1667// 1665//
f 1627// 1665// 1663//
f 1675// 1676// 1677//
f 1677// 1676// 1678//
f 1675// 1677// 1679//
f 1675// 1679// 1680//
f 1680// 1679// 1681//
f 1680// 1681// 1682//
f 1682// 1681// 1683//
f 1682// 1683// 1684//
f 1684// 1683// 1685//
f 1684// 1685// 1686//
f 1686// 1685// 1687//
f 1686// 1687// 1688//
f 1688// 1687// 1689//
f 1688// 1689// 1690//
f 1690// 1689// 1691//
f 1690// 1691// 1692//
f 1692// 1691// 1693//
f 1692// 1693// 1694//
f 1694// 1693// 1695//
f 1694// 1695// 1696//
f 1696// 1695// 1697//
f 1696// 1697// 1698//
f 1698// 1697// 1699//
f 1698// 1699// 1700//
f 1700// 1699// 1701//
f 1700// 1701// 1702//
f 1702// 1701// 1703//
f 1702// 1703// 1704//
f 1704// 1703// 1705//
f 1704// 1705// 1706//
f 1706// 1705// 1707//
f 1706// 1707// 1708//
f 1708// 1707// 1709//
f 1708// 1709// 1710//
f 1710// 1709// 1711//
f 1710// 1711// 1712//
f 1712// 1711// 1713//
f 1712// 1713// 1714//
f 1714// 1713// 1715//
f 1714// 1715// 1716//
f 1716// 1715// 1717//
f 1716// 1717// 1718//
f 1718// 1717// 1719//
f 1718// 1719// 1720//
f 1720// 1719// 1721//
f 1720// 1721// 1722//
f 1723// 1722// 1724//
f 1724// 1722// 1721//
f 1676// 1723// 1678//
f 1678// 1723// 1724//
f 1723// 1676// 1722//
f 1722// 1676// 1675//
f 1675// 1680// 1722//
f 1722// 1680// 1682//
f 1722// 1682// 1684//
f 1684// 1686// 1722//
f 1722// 1686// 1688//
f 1722// 1688// 1690//
f 1690// 1692// 1722//
f 1722// 1692// 1694//
f 1722// 1694// 1720//
f 1720// 1694// 1718//
f 1712// 1694// 1710//
f 1710// 1694// 1696//
f 1712// 1714// 1694//
f 1694// 1714// 1716//
f 1694// 1716// 1718//
f 1706// 1700// 1704//
f 1704// 1700// 1702//
f 1696// 1698// 1710//
f 1710// 1698// 1700//
f 1710// 1700// 1708//
f 1708// 1700// 1706//
f 1695// 1693// 1709//
f 1678// 1724// 1677//
f 1677// 1724// 1721//
f 1677// 1721// 1719//
f 1715// 1713// 1693//
f 1693// 1713// 1711//
f 1693// 1711// 1709//
f 1693// 1691// 1715//
f 1715// 1691// 1689//
f 1715// 1689// 1687//
f 1719// 1717// 1677//
f 1677// 1717// 1715//
f 1677// 1715// 1679//
f 1679// 1715// 1681//
f 1707// 1705// 1699//
f 1699// 1705// 1703//
f 1699// 1703// 1701//
f 1707// 1699// 1709//
f 1709// 1699// 1697//
f 1709// 1697// 1695//
f 1687// 1685// 1715//
f 1715// 1685// 1683//
f 1715// 1683// 1681//
