v -1.095565 -0.9 0.044047
v -1.095565 -0.9 0.03062
v -1.062939 -0.9 0.03062
newmtl 1
Ka 0.2980392156862745 0.2980392156862745 0.2980392156862745
Kd 0.20784313725490197 0.20784313725490197 0.20784313725490197
Ks 0.01568627450980392 0.01568627450980392 0.01568627450980392
d 0.0
endmtl
v -1.095565 -0.9 0.09782
v -1.095565 -0.9 0.087882
v -1.062939 -0.9 0.087882
v -1.025884 -0.9 0.128103
v -1.025884 -0.9 0.117255
v -1.01673 -0.9 0.117255
v -1.024092 -0.9 0.04414
v -1.024953 -0.9 0.044047
v -1.01673 -0.9 0.044047
v -1.031147 -0.9 0.044122
v -1.032222 -0.9 0.044498
v -1.032222 -0.9 0.044047
v -0.983436 -0.9 0.07433
v -0.983436 -0.9 0.063482
v -0.977089 -0.9 0.063482
v -1.124975 -0.9 0.105587
v -1.118433 -0.9 0.100063
v -1.095565 -0.9 0.132288
v -1.151855 -0.9 0.132288
v -1.146318 -0.9 0.128565
v -1.138341 -0.9 0.119336
v -1.133304 -0.9 0.109526
v -1.13215 -0.9 0.109139
v -1.16916 -0.9 0.140053
v -1.157066 -0.9 0.135792
v -1.095565 -0.9 0.44
v -1.20213 -0.9 0.135342
v -1.191018 -0.9 0.139628
v -1.276601 -0.9 0.44
v -1.179093 -0.9 0.141097
v -1.276601 -0.9 0.132288
v -1.233666 -0.9 0.1204
v -1.22416 -0.9 0.121576
v -1.276601 -0.9 0.09782
v -1.259779 -0.9 0.09782
v -1.25768 -0.9 0.102562
v -1.251875 -0.9 0.110008
v -1.20706 -0.9 0.132288
v -1.208013 -0.9 0.131698
v -1.213676 -0.9 0.126848
v -1.221388 -0.9 0.121426
v -1.218617 -0.9 0.121094
v -1.250256 -0.9 0.11154
v -1.242592 -0.9 0.116931
v -1.2338 -0.9 0.044698
v -1.236865 -0.9 0.045616
v -1.276601 -0.9 0.044047
v -1.245572 -0.9 0.049862
v -1.25308 -0.9 0.056266
v -1.25857 -0.9 0.0641
v -1.262029 -0.9 0.07307
v -1.276601 -0.9 0.087882
v -1.263201 -0.9 0.082534
v -1.263135 -0.9 0.084825
v -1.26259 -0.9 0.087882
v -1.261521 -0.9 0.093883
v -1.22306 -0.9 0.031537
v -1.227779 -0.9 0.035085
v -1.276601 -0.9 0.03062
v -1.231369 -0.9 0.039504
v -1.233495 -0.9 0.044047
v -1.200931 -0.9 0.03062
v -1.20505 -0.9 0.029034
v -1.095565 -0.9 0.0
v -1.210905 -0.9 0.02831
v -1.276601 -0.9 0.0
v -1.211805 -0.9 0.028326
v -1.217497 -0.9 0.029207
v -1.220872 -0.9 0.03062
v -1.188332 -0.9 0.044047
v -1.188371 -0.9 0.043886
v -1.191236 -0.9 0.038525
v -1.194879 -0.9 0.034449
v -1.199676 -0.9 0.031104
v -1.110555 -0.9 0.085853
v -1.109445 -0.9 0.077956
v -1.157551 -0.9 0.058265
v -1.155897 -0.9 0.058918
v -1.153065 -0.9 0.072654
v -1.118362 -0.9 0.055061
v -1.124908 -0.9 0.049517
v -1.19283 -0.9 0.068557
v -1.160536 -0.9 0.085426
v -1.197058 -0.9 0.072403
v -1.202175 -0.9 0.07514
v -1.159033 -0.9 0.057214
v -1.113567 -0.9 0.061744
v -1.110545 -0.9 0.069377
v -1.154029 -0.9 0.059158
v -1.153795 -0.9 0.059141
v -1.153072 -0.9 0.058981
v -1.245976 -0.9 0.073345
v -1.243144 -0.9 0.068536
v -1.23091 -0.9 0.066004
v -1.238827 -0.9 0.064093
v -1.233559 -0.9 0.060845
v -1.222006 -0.9 0.073993
v -1.247417 -0.9 0.087882
v -1.22693 -0.9 0.070564
v -1.248019 -0.9 0.083016
v -1.24772 -0.9 0.079236
v -1.216685 -0.9 0.076035
v -1.210905 -0.9 0.076751
v -1.207994 -0.9 0.076579
v -1.1615 -0.9 0.051687
v -1.161439 -0.9 0.052638
v -1.186805 -0.9 0.05482
v -1.160955 -0.9 0.054472
v -1.160028 -0.9 0.056116
v -1.155869 -0.9 0.044435
v -1.157463 -0.9 0.045062
v -1.159026 -0.9 0.046173
v -1.159586 -0.9 0.046744
v -1.160637 -0.9 0.048257
v -1.161272 -0.9 0.049892
v -1.186943 -0.9 0.049831
v -1.186805 -0.9 0.05241
v -1.128926 -0.9 0.065368
v -1.126383 -0.9 0.069197
v -1.124843 -0.9 0.073536
v -1.124387 -0.9 0.077715
v -1.124501 -0.9 0.079794
v -1.13226 -0.9 0.045916
v -1.140293 -0.9 0.044216
v -1.154511 -0.9 0.044216
v -1.152583 -0.9 0.058917
v -1.141739 -0.9 0.058917
v -1.138999 -0.9 0.059319
v -1.134573 -0.9 0.060913
v -1.13075 -0.9 0.063517
v -1.143185 -0.9 0.096512
v -1.145113 -0.9 0.096512
v -1.127482 -0.9 0.087882
v -1.139065 -0.9 0.096057
v -1.125625 -0.9 0.084425
v -1.247295 -0.9 0.088872
v -1.245225 -0.9 0.094245
v -1.127865 -0.9 0.088596
v -1.131027 -0.9 0.092039
v -1.134822 -0.9 0.094547
v -1.150349 -0.9 0.111054
v -1.155799 -0.9 0.117535
v -1.211146 -0.9 0.103501
v -1.156333 -0.9 0.118021
v -1.163101 -0.9 0.122726
v -1.207455 -0.9 0.111139
v -1.242732 -0.9 0.09782
v -1.212786 -0.9 0.104402
v -1.145402 -0.9 0.09782
v -1.146612 -0.9 0.103298
v -1.218187 -0.9 0.106396
v -1.223919 -0.9 0.107116
v -1.226497 -0.9 0.106978
v -1.202047 -0.9 0.117594
v -1.170657 -0.9 0.125627
v -1.195612 -0.9 0.122295
v -1.178852 -0.9 0.126637
v -1.187742 -0.9 0.12549
v -1.232442 -0.9 0.105551
v -1.237803 -0.9 0.102685
v -1.24188 -0.9 0.099042
v -1.116821 -0.9 0.09782
v -1.113508 -0.9 0.093211
v -1.11137 -0.9 0.087882
v -0.969581 -0.9 0.048198
v -0.969581 -0.9 0.044333
v -0.96638 -0.9 0.044047
v -0.977089 -0.9 0.044047
v -0.96638 -0.9 0.087882
v -0.970352 -0.9 0.07433
v -0.970352 -0.9 0.07823
v -0.983436 -0.9 0.048198
v -0.977089 -0.9 0.048198
v -0.983436 -0.9 0.059601
v -0.977089 -0.9 0.059601
v -0.971314 -0.9 0.059601
v -0.971314 -0.9 0.063482
v -0.977089 -0.9 0.07433
v -0.977089 -0.9 0.044333
v -0.987812 -0.9 0.044333
v -0.990099 -0.9 0.044047
v -0.987812 -0.9 0.07823
v -1.057671 -0.9 0.055879
v -1.057025 -0.9 0.06272
v -1.058521 -0.9 0.054665
v -1.059106 -0.9 0.053169
v -1.034185 -0.9 0.049567
v -1.039938 -0.9 0.059912
v -1.034185 -0.9 0.045183
v -1.039938 -0.9 0.044333
v -1.046299 -0.9 0.045626
v -1.047803 -0.9 0.044626
v -1.044184 -0.9 0.044333
v -1.049404 -0.9 0.044047
v -1.060907 -0.9 0.03062
v -1.054253 -0.9 0.044056
v -1.060907 -0.9 0.044047
v -1.055881 -0.9 0.04467
v -1.058668 -0.9 0.047454
v -1.059181 -0.9 0.04889
v -1.052803 -0.9 0.068623
v -1.060907 -0.9 0.087882
v -1.05599 -0.9 0.067435
v -1.057025 -0.9 0.066844
v -1.056367 -0.9 0.057006
v -1.054552 -0.9 0.057932
v -1.054301 -0.9 0.064465
v -1.051358 -0.9 0.058717
v -1.04765 -0.9 0.065498
v -1.049088 -0.9 0.065648
v -1.051648 -0.9 0.065379
v -1.057311 -0.9 0.045668
v -1.057786 -0.9 0.046149
v -1.032525 -0.9 0.04854
v -1.032222 -0.9 0.048426
v -1.032222 -0.9 0.057428
v -1.033486 -0.9 0.064894
v -1.042945 -0.9 0.067526
v -1.04181 -0.9 0.066447
v -1.044184 -0.9 0.048077
v -1.044297 -0.9 0.048077
v -1.044958 -0.9 0.04707
v -1.040272 -0.9 0.063155
v -1.033976 -0.9 0.060361
v -1.033991 -0.9 0.063527
v -1.059391 -0.9 0.050815
v -1.059378 -0.9 0.051339
v -1.04094 -0.9 0.065079
v -1.034159 -0.9 0.062009
v -1.04869 -0.9 0.069097
v -1.046153 -0.9 0.06887
v -1.044358 -0.9 0.06833
v -1.044184 -0.9 0.059722
v -1.044332 -0.9 0.061599
v -1.044771 -0.9 0.063111
v -1.045269 -0.9 0.063985
v -1.03226 -0.9 0.057453
v -1.032955 -0.9 0.05818
v -1.033508 -0.9 0.059064
v -1.045911 -0.9 0.064668
v -1.046665 -0.9 0.065154
v -1.030415 -0.9 0.044047
v -1.032222 -0.9 0.03062
v -1.027617 -0.9 0.043762
v -1.01673 -0.9 0.03062
v -1.018996 -0.9 0.068023
v -1.018996 -0.9 0.063898
v -1.018037 -0.9 0.049213
v -1.018558 -0.9 0.047867
v -1.019349 -0.9 0.046747
v -1.032697 -0.9 0.066042
v -1.032222 -0.9 0.066468
v -1.032222 -0.9 0.087882
v -1.031438 -0.9 0.067173
v -1.030198 -0.9 0.067916
v -1.027873 -0.9 0.068753
v -1.024732 -0.9 0.069097
v -1.01673 -0.9 0.087882
v -1.022391 -0.9 0.068937
v -1.019256 -0.9 0.054922
v -1.018463 -0.9 0.053752
v -1.01801 -0.9 0.0525
v -1.017835 -0.9 0.050919
v -1.020564 -0.9 0.045685
v -1.021784 -0.9 0.044959
v -1.025148 -0.9 0.065648
v -1.026405 -0.9 0.065554
v -1.029783 -0.9 0.062391
v -1.02754 -0.9 0.065254
v -1.028492 -0.9 0.064747
v -1.029745 -0.9 0.061826
v -1.029576 -0.9 0.061166
v -1.02927 -0.9 0.060593
v -1.028856 -0.9 0.060138
v -1.027359 -0.9 0.059202
v -1.02236 -0.9 0.065332
v -1.024732 -0.9 0.058058
v -1.019965 -0.9 0.064454
v -1.023088 -0.9 0.057393
v -1.020268 -0.9 0.055825
v -1.029133 -0.9 0.064181
v -1.029497 -0.9 0.063641
v -1.029707 -0.9 0.063068
v -1.029863 -0.9 0.047539
v -1.02773 -0.9 0.054974
v -1.030261 -0.9 0.056134
v -1.027201 -0.9 0.047227
v -1.027014 -0.9 0.047229
v -1.024942 -0.9 0.053806
v -1.024837 -0.9 0.047472
v -1.022193 -0.9 0.050503
v -1.022235 -0.9 0.051031
v -1.023742 -0.9 0.047873
v -1.023355 -0.9 0.048108
v -1.022868 -0.9 0.048541
v -1.022497 -0.9 0.049089
v -1.022281 -0.9 0.049693
v -1.022428 -0.9 0.051694
v -1.022756 -0.9 0.052257
v -1.023285 -0.9 0.052807
v -0.953942 -0.9 0.107377
v -0.96638 -0.9 0.107377
v -0.950484 -0.9 0.098106
v -0.96638 -0.9 0.09782
v -0.94565 -0.9 0.098106
v -0.7 -0.9 0.09782
v -0.7 -0.9 0.132288
v -0.95856 -0.9 0.132002
v -0.96638 -0.9 0.132288
v -0.968056 -0.9 0.107377
v -0.971314 -0.9 0.098106
v -0.977089 -0.9 0.09782
v -0.976149 -0.9 0.098106
v -0.977089 -0.9 0.132288
v -0.96638 -0.9 0.123756
v -0.963239 -0.9 0.132002
v -0.990099 -0.9 0.132288
v -1.008828 -0.9 0.132288
v -0.995957 -0.9 0.132002
v -1.005626 -0.9 0.132002
v -1.005626 -0.9 0.098106
v -1.008828 -0.9 0.09782
v -0.996303 -0.9 0.098106
v -0.990099 -0.9 0.09782
v -0.991477 -0.9 0.098586
v -0.98174 -0.9 0.126115
v -0.979695 -0.9 0.123094
v -0.978965 -0.9 0.109323
v -0.980642 -0.9 0.105822
v -0.983142 -0.9 0.102854
v -0.983142 -0.9 0.127514
v -0.984051 -0.9 0.102065
v -0.987429 -0.9 0.099939
v -0.990099 -0.9 0.099047
v -0.990536 -0.9 0.131371
v -0.990099 -0.9 0.131205
v -0.986478 -0.9 0.129826
v -0.978504 -0.9 0.119796
v -0.978029 -0.9 0.115488
v -0.978136 -0.9 0.113284
v -1.01673 -0.9 0.132288
v -1.012801 -0.9 0.132002
v -1.01673 -0.9 0.132002
v -1.025884 -0.9 0.101971
v -1.01673 -0.9 0.101971
v -1.025884 -0.9 0.113373
v -1.01673 -0.9 0.113373
v -1.013762 -0.9 0.113373
v -1.01203 -0.9 0.101971
v -1.013762 -0.9 0.117255
v -1.012801 -0.9 0.128103
v -1.01673 -0.9 0.128103
v -1.03026 -0.9 0.098106
v -1.032222 -0.9 0.09782
v -1.01673 -0.9 0.09782
v -1.01203 -0.9 0.098106
v -1.01673 -0.9 0.098106
v -1.03026 -0.9 0.132002
v -1.032222 -0.9 0.132288
v -0.7 -0.9 0.2
v -0.96638 -0.9 0.44
v -0.5 -0.9 0.2
v 1.29 -0.9 0.44
v 0.1 -0.9 0.2
v 0.3 -0.9 0.2
v 0.3 -0.9 0.0
v 0.5 -0.9 0.0
v 0.3 -0.9 0.03062
v 0.5 -0.9 0.03062
v 0.3 -0.9 0.044047
v 0.5 -0.9 0.044047
v 0.3 -0.9 0.087882
v 0.5 -0.9 0.087882
v 0.3 -0.9 0.09782
v 0.5 -0.9 0.09782
v 0.3 -0.9 0.132288
v 0.5 -0.9 0.132288
v 0.5 -0.9 0.2
v 0.7 -0.9 0.2
v 1.29 -0.9 0.132288
v 0.7 -0.9 0.132288
v 1.29 -0.9 0.09782
v 0.7 -0.9 0.09782
v 1.29 -0.9 0.087882
v 0.7 -0.9 0.087882
v 1.29 -0.9 0.044047
v 0.7 -0.9 0.044047
v 1.29 -0.9 0.03062
v 0.7 -0.9 0.03062
v 1.29 -0.9 0.0
v 0.7 -0.9 0.0
v -0.1 -0.9 0.0
v 0.1 -0.9 0.0
v -0.1 -0.9 0.03062
v 0.1 -0.9 0.03062
v -0.1 -0.9 0.044047
v 0.1 -0.9 0.044047
v -0.1 -0.9 0.087882
v 0.1 -0.9 0.087882
v -0.1 -0.9 0.09782
v 0.1 -0.9 0.09782
v -0.1 -0.9 0.132288
v 0.1 -0.9 0.132288
v -0.1 -0.9 0.2
v -0.5 -0.9 0.0
v -0.3 -0.9 0.0
v -0.5 -0.9 0.03062
v -0.3 -0.9 0.03062
v -0.5 -0.9 0.044047
v -0.3 -0.9 0.044047
v -0.5 -0.9 0.087882
v -0.3 -0.9 0.087882
v -0.5 -0.9 0.09782
v -0.3 -0.9 0.09782
v -0.5 -0.9 0.132288
v -0.3 -0.9 0.132288
v -0.3 -0.9 0.2
v -0.7 -0.9 0.087882
v -0.953855 -0.9 0.044333
v -0.963178 -0.9 0.044333
v -0.933701 -0.9 0.044333
v -0.935687 -0.9 0.059511
v -0.936517 -0.9 0.05555
v -0.963178 -0.9 0.07823
v -0.916112 -0.9 0.07823
v -0.920791 -0.9 0.07823
v -0.938194 -0.9 0.052049
v -0.940693 -0.9 0.049082
v -0.941603 -0.9 0.048292
v -0.935581 -0.9 0.061715
v -0.936056 -0.9 0.066023
v -0.940693 -0.9 0.073741
v -0.939292 -0.9 0.072342
v -0.937247 -0.9 0.069321
v -0.953508 -0.9 0.07823
v -0.948088 -0.9 0.077599
v -0.94403 -0.9 0.076053
v -0.7 -0.9 0.044047
v -0.903201 -0.9 0.044333
v -0.908036 -0.9 0.044333
v -1.040381 -0.9 0.132179
v -1.037044 -0.9 0.131188
v -1.037044 -0.9 0.126613
v -1.037044 -0.9 0.103704
v -1.037044 -0.9 0.09951
v -1.037623 -0.9 0.099222
v -1.041262 -0.9 0.098028
v -1.043437 -0.9 0.09782
v -1.044261 -0.9 0.101489
v -1.040419 -0.9 0.102194
v -1.057829 -0.9 0.114357
v -1.057831 -0.9 0.114673
v -1.054677 -0.9 0.124406
v -1.056268 -0.9 0.122004
v -1.057355 -0.9 0.119001
v -1.040951 -0.9 0.128147
v -1.045033 -0.9 0.128623
v -1.046534 -0.9 0.128554
v -1.049457 -0.9 0.12795
v -1.057296 -0.9 0.110195
v -1.056229 -0.9 0.107433
v -1.054504 -0.9 0.105003
v -1.051425 -0.9 0.102676
v -1.048968 -0.9 0.101786
v -1.045796 -0.9 0.101433
v -1.037503 -0.9 0.126859
v -1.052104 -0.9 0.126677
v -1.05427 -0.9 0.124863
v -1.053681 -0.9 0.104205
v -1.047727 -0.9 0.132288
v -1.045076 -0.9 0.132574
v -1.060907 -0.9 0.44
v -1.032222 -0.9 0.44
v -1.044765 -0.9 0.132573
v -1.041596 -0.9 0.132288
v -1.060907 -0.9 0.132288
v -1.049487 -0.9 0.132098
v -1.053106 -0.9 0.130816
v -1.059929 -0.9 0.124469
v -1.057528 -0.9 0.127583
v -1.05646 -0.9 0.128585
v -1.060907 -0.9 0.106624
v -1.061944 -0.9 0.109681
v -1.062939 -0.9 0.09782
v -1.062423 -0.9 0.114413
v -1.062353 -0.9 0.116321
v -1.062939 -0.9 0.132288
v -1.061561 -0.9 0.12072
v -1.060907 -0.9 0.122223
v -1.05524 -0.9 0.099828
v -1.058074 -0.9 0.102161
v -1.060907 -0.9 0.09782
v -1.058781 -0.9 0.102968
v -1.060685 -0.9 0.10597
v -1.046428 -0.9 0.097534
v -1.048324 -0.9 0.097617
v -1.049354 -0.9 0.09782
v -1.052024 -0.9 0.098347
v -1.049524 -0.9 0.044004
v -1.051714 -0.9 0.043762
v -0.996788 -0.9 0.068542
v -0.992387 -0.9 0.068542
v -0.990099 -0.9 0.087882
v -0.977089 -0.9 0.07823
v -0.977089 -0.9 0.087882
v -1.002045 -0.9 0.044047
v -1.004552 -0.9 0.050347
v -1.004032 -0.9 0.048354
v -1.003919 -0.9 0.048354
v -1.008828 -0.9 0.087882
v -1.008828 -0.9 0.062647
v -1.003399 -0.9 0.050312
v -1.003724 -0.9 0.049183
v -1.008828 -0.9 0.051251
v -1.015625 -0.9 0.068542
v -1.010877 -0.9 0.068542
v -1.006272 -0.9 0.044047
v -1.006129 -0.9 0.044385
v -1.008828 -0.9 0.044047
v -1.007992 -0.9 0.039984
v -1.008822 -0.9 0.03846
v -1.01475 -0.9 0.037055
v -1.01475 -0.9 0.033277
v -1.013882 -0.9 0.03677
v -1.012341 -0.9 0.03657
v -1.011322 -0.9 0.036684
v -1.008828 -0.9 0.033688
v -1.010297 -0.9 0.033128
v -1.008828 -0.9 0.03062
v -1.012012 -0.9 0.032931
v -1.012949 -0.9 0.032964
v -1.010392 -0.9 0.037033
v -1.009613 -0.9 0.037574
v -1.003374 -0.9 0.040677
v -1.005296 -0.9 0.036934
v -0.990099 -0.9 0.03062
v -1.006849 -0.9 0.035068
v -1.007139 -0.9 0.034803
v -1.008622 -0.9 0.033766
v -1.29 -0.9 0.0
v -1.29 -0.9 0.03062
v -1.29 -0.9 0.044047
v -1.29 -0.9 0.087882
v -1.29 -0.9 0.09782
v -1.29 -0.9 0.132288
v -1.29 -0.9 0.44
v -1.063809 -0.9 0.101971
v -1.063809 -0.9 0.098106
v -1.081685 -0.9 0.098106
v -1.077309 -0.9 0.132002
v -1.077309 -0.9 0.101971
v -1.081685 -0.9 0.132002
v -1.062939 -0.9 0.044047
v -1.063454 -0.9 0.044333
v -1.081685 -0.9 0.044333
v -1.063454 -0.9 0.048198
v -1.064225 -0.9 0.07433
v -1.077309 -0.9 0.059601
v -1.077309 -0.9 0.048198
v -1.065187 -0.9 0.059601
v -1.065187 -0.9 0.063482
v -1.077309 -0.9 0.063482
v -1.077309 -0.9 0.07433
v -1.081685 -0.9 0.07823
v -1.064225 -0.9 0.07823
v -1.062939 -0.9 0.44
v -0.977089 -0.9 0.44
v -0.990099 -0.9 0.44
v -1.008828 -0.9 0.44
v -1.01673 -0.9 0.44
v -0.977089 -0.9 0.03062
v -0.96638 -0.9 0.03062
v -1.062939 -0.9 0.0
v -1.060907 -0.9 0.0
v -1.032222 -0.9 0.0
v -1.01673 -0.9 0.0
v -1.008828 -0.9 0.0
v -0.990099 -0.9 0.0
v -0.977089 -0.9 0.0
v -0.96638 -0.9 0.0
v -0.928866 -0.9 0.044333
v -0.911494 -0.9 0.053605
v -0.925608 -0.9 0.053605
v -0.7 -0.9 0.0
v -0.7 -0.9 0.03062
v -0.949029 -0.9 0.044813
v -0.944981 -0.9 0.046166
v 1.3 -0.89 0.44
v 1.3 -0.89 0.0
v 1.3 -0.7 0.0
v 1.3 -0.5 0.2
v 1.3 -0.5 0.0
v 1.3 -0.3 0.0
v 1.3 -0.7 0.2
v 1.3 -0.3 0.2
v 1.3 -0.1 0.0
v 1.3 0.1 0.0
v 1.3 -0.1 0.2
v 1.3 0.1 0.2
v 1.3 0.3 0.2
v 1.3 0.89 0.44
v 1.3 0.7 0.0
v 1.3 0.89 0.0
v 1.3 0.7 0.2
v 1.3 0.5 0.2
v 1.3 0.5 0.0
v 1.3 0.3 0.0
v 1.29 0.9 0.44
v 1.29 0.9 0.0
v 0.7 0.9 0.0
v 0.7 0.9 0.2
v 0.5 0.9 0.2
v -1.29 0.9 0.44
v 0.1 0.9 0.2
v 0.1 0.9 0.0
v -0.1 0.9 0.0
v -0.1 0.9 0.2
v -0.3 0.9 0.2
v 0.3 0.9 0.2
v 0.3 0.9 0.0
v 0.5 0.9 0.0
v -0.7 0.9 0.0
v -1.29 0.9 0.0
v -0.7 0.9 0.2
v -0.5 0.9 0.2
v -0.5 0.9 0.0
v -0.3 0.9 0.0
v -1.3 0.89 0.44
v -1.3 0.89 0.0
v -1.3 0.7 0.0
v -1.3 0.7 0.2
v -1.3 0.5 0.2
v -1.3 -0.89 0.44
v -1.3 -0.1 0.2
v -1.3 -0.3 0.2
v -1.3 0.1 0.2
v -1.3 0.1 0.0
v -1.3 -0.1 0.0
v -1.3 0.3 0.2
v -1.3 0.3 0.0
v -1.3 0.5 0.0
v -1.3 -0.7 0.0
v -1.3 -0.89 0.0
v -1.3 -0.7 0.2
v -1.3 -0.5 0.2
v -1.3 -0.5 0.0
v -1.3 -0.3 0.0
v -1.005488 -0.634529 0.45
v -0.987242 -0.658308 0.45
v 1.29 0.89 0.45
v -0.975771 -0.686 0.45
v 1.29 -0.89 0.45
v -0.971859 -0.715716 0.45
v -0.975771 -0.745433 0.45
v -0.987242 -0.773124 0.45
v -1.005488 -0.796903 0.45
v -1.029267 -0.81515 0.45
v -1.056959 -0.82662 0.45
v -1.086675 -0.830532 0.45
v -1.29 -0.89 0.45
v -1.116392 -0.82662 0.45
v -1.144083 -0.81515 0.45
v -1.167862 -0.634529 0.45
v -1.144083 -0.616283 0.45
v -1.29 0.89 0.45
v -1.116392 -0.604812 0.45
v -1.086675 -0.6009 0.45
v -1.056959 -0.604812 0.45
v -1.029267 -0.616283 0.45
v -1.167862 -0.796903 0.45
v -1.186109 -0.773124 0.45
v -1.197579 -0.745433 0.45
v -1.201491 -0.715716 0.45
v -1.197579 -0.686 0.45
v -1.186109 -0.658308 0.45
v 0.91 -0.7 0.0
v -0.91 -0.1 0.0
v 0.91 0.5 0.0
v -0.5 0.51 0.0
v -0.3 0.51 0.0
v 0.5 -0.51 0.0
v 0.3 -0.51 0.0
v 0.91 -0.3 0.0
v 0.91 -0.5 0.0
v 0.7 -0.51 0.0
v -0.1 0.51 0.0
v 0.1 0.51 0.0
v 0.1 -0.51 0.0
v -0.1 -0.51 0.0
v 1.299749 -0.892225 0.0
v 1.29901 -0.894339 0.0
v 0.3 0.51 0.0
v -0.91 0.5 0.0
v -0.91 0.7 0.0
v -0.3 -0.51 0.0
v 1.297818 -0.896235 0.0
v 1.296235 -0.897818 0.0
v 1.294339 -0.89901 0.0
v 1.292225 -0.899749 0.0
v 0.91 0.1 0.0
v -0.91 0.3 0.0
v 0.91 0.7 0.0
v -0.7 0.51 0.0
v -1.299659 0.892588 0.0
v -1.292588 0.899659 0.0
v 0.5 0.51 0.0
v 0.91 -0.1 0.0
v 1.299659 0.892588 0.0
v 1.292588 0.899659 0.0
v -1.29866 0.895 0.0
v -1.297071 0.897071 0.0
v -1.295 0.89866 0.0
v -0.7 -0.51 0.0
v -0.91 -0.7 0.0
v -0.91 -0.5 0.0
v -0.91 -0.3 0.0
v -0.5 -0.41 0.0
v -0.65 -0.41 0.0
v -0.91 0.1 0.0
v 0.7 0.51 0.0
v 0.91 0.3 0.0
v -1.29866 -0.895 0.0
v -1.292588 -0.899659 0.0
v -1.297071 -0.897071 0.0
v -1.295 -0.89866 0.0
v -1.299659 -0.892588 0.0
v 1.295 0.89866 0.0
v 1.297071 0.897071 0.0
v 1.29866 0.895 0.0
v -1.31 0.7 0.2
v -1.31 0.5 0.2
newmtl 2
Ka 1.0 1.0 1.0
Kd 1.0 1.0 1.0
Ks 0.5019607843137255 0.5019607843137255 0.5019607843137255
d 0.0
endmtl
v -1.31 0.5 -0.01
v -0.91 0.5 -0.01
v -0.91 0.7 -0.01
v -1.31 0.7 -0.01
v -0.7 -0.91 0.2
v -0.5 -0.91 0.2
v -0.7 -0.51 -0.01
v -0.7 -0.91 -0.01
v -0.5 -0.91 -0.01
v -0.5 -0.41 -0.01
v -0.65 -0.41 -0.01
v -1.31 0.3 0.2
v -1.31 0.1 0.2
v -1.31 0.1 -0.01
v -0.91 0.1 -0.01
v -0.91 0.3 -0.01
v -1.31 0.3 -0.01
v -1.31 -0.1 0.2
v -1.31 -0.3 0.2
v -1.31 -0.3 -0.01
v -0.91 -0.3 -0.01
v -0.91 -0.1 -0.01
v -1.31 -0.1 -0.01
v -1.31 -0.5 0.2
v -1.31 -0.7 0.2
v -1.31 -0.7 -0.01
v -0.91 -0.7 -0.01
v -0.91 -0.5 -0.01
v -1.31 -0.5 -0.01
v -0.3 -0.91 0.2
v -0.1 -0.91 0.2
v -0.1 -0.91 -0.01
v -0.1 -0.51 -0.01
v -0.3 -0.51 -0.01
v -0.3 -0.91 -0.01
v 0.1 -0.91 0.2
v 0.3 -0.91 0.2
v 0.3 -0.91 -0.01
v 0.3 -0.51 -0.01
v 0.1 -0.51 -0.01
v 0.1 -0.91 -0.01
v 0.5 -0.91 0.2
v 0.7 -0.91 0.2
v 0.7 -0.91 -0.01
v 0.7 -0.51 -0.01
v 0.5 -0.51 -0.01
v 0.5 -0.91 -0.01
v 1.31 -0.7 0.2
v 1.31 -0.5 0.2
v 1.31 -0.5 -0.01
v 0.91 -0.5 -0.01
v 0.91 -0.7 -0.01
v 1.31 -0.7 -0.01
v 1.31 -0.3 0.2
v 1.31 -0.1 0.2
v 1.31 -0.1 -0.01
v 0.91 -0.1 -0.01
v 0.91 -0.3 -0.01
v 1.31 -0.3 -0.01
v 1.31 0.1 0.2
v 1.31 0.3 0.2
v 1.31 0.3 -0.01
v 0.91 0.3 -0.01
v 0.91 0.1 -0.01
v 1.31 0.1 -0.01
v 1.31 0.5 0.2
v 1.31 0.7 0.2
v 1.31 0.7 -0.01
v 0.91 0.7 -0.01
v 0.91 0.5 -0.01
v 1.31 0.5 -0.01
v 0.7 0.91 0.2
v 0.5 0.91 0.2
v 0.5 0.91 -0.01
v 0.5 0.51 -0.01
v 0.7 0.51 -0.01
v 0.7 0.91 -0.01
v 0.3 0.91 0.2
v 0.1 0.91 0.2
v 0.1 0.91 -0.01
v 0.1 0.51 -0.01
v 0.3 0.51 -0.01
v 0.3 0.91 -0.01
v -0.1 0.91 0.2
v -0.3 0.91 0.2
v -0.3 0.91 -0.01
v -0.3 0.51 -0.01
v -0.1 0.51 -0.01
v -0.1 0.91 -0.01
v -0.5 0.91 0.2
v -0.7 0.91 0.2
v -0.7 0.91 -0.01
v -0.7 0.51 -0.01
v -0.5 0.51 -0.01
v -0.5 0.91 -0.01
v -0.971859 -0.715716 0.44
v -0.975771 -0.686 0.44
v -0.987242 -0.658308 0.44
v -1.005488 -0.634529 0.44
v -1.029267 -0.616283 0.44
v -1.056959 -0.604812 0.44
v -1.086675 -0.6009 0.44
v -1.116392 -0.604812 0.44
v -1.144083 -0.616283 0.44
v -1.167862 -0.634529 0.44
v -1.186109 -0.658308 0.44
v -1.197579 -0.686 0.44
v -1.201491 -0.715716 0.44
v -1.197579 -0.745433 0.44
v -1.186109 -0.773124 0.44
v -1.167862 -0.796903 0.44
v -1.144083 -0.81515 0.44
v -1.116392 -0.82662 0.44
v -1.086675 -0.830532 0.44
v -1.056959 -0.82662 0.44
v -1.029267 -0.81515 0.44
v -1.005488 -0.796903 0.44
v -0.987242 -0.773124 0.44
v -0.975771 -0.745433 0.44
v -1.086675 -0.715716 0.44
v -1.292588 0.899659 0.44
v -1.295 0.89866 0.44
v -1.297071 0.897071 0.44
v -1.29866 0.895 0.44
v -1.299659 0.892588 0.44
v -1.299659 0.89 0.442588
v -1.29933 0.8925 0.442588
v -1.29433 0.8925 0.44866
v -1.292241 0.891294 0.449659
v -1.29183 0.89183 0.449659
v -1.29 0.892588 0.449659
v -1.29067 0.8925 0.449659
v -1.2925 0.89067 0.449659
v -1.29483 0.891294 0.44866
v -1.29683 0.89183 0.447071
v -1.292588 0.89 0.449659
v -1.293536 0.893536 0.44866
v -1.291294 0.892241 0.449659
v -1.2925 0.89433 0.44866
v -1.291294 0.89483 0.44866
v -1.29 0.895 0.44866
v -1.295 0.89 0.44866
v -1.297071 0.89 0.447071
v -1.29866 0.89 0.445
v -1.296124 0.893536 0.447071
v -1.295 0.895 0.447071
v -1.293536 0.896124 0.447071
v -1.29183 0.89683 0.447071
v -1.29 0.897071 0.447071
v -1.298365 0.892241 0.445
v -1.2975 0.89433 0.445
v -1.296124 0.896124 0.445
v -1.29433 0.8975 0.445
v -1.292241 0.898365 0.445
v -1.29 0.89866 0.445
v -1.298365 0.89483 0.442588
v -1.29683 0.89683 0.442588
v -1.29483 0.898365 0.442588
v -1.2925 0.89933 0.442588
v -1.29 0.899659 0.442588
v -1.299659 -0.892588 0.44
v -1.29866 -0.895 0.44
v -1.297071 -0.897071 0.44
v -1.295 -0.89866 0.44
v -1.292588 -0.899659 0.44
v -1.292588 -0.89 0.449659
v -1.295 -0.89 0.44866
v -1.297071 -0.89 0.447071
v -1.29866 -0.89 0.445
v -1.299659 -0.89 0.442588
v 1.29 0.892588 0.449659
v 1.29 0.895 0.44866
v 1.29 0.897071 0.447071
v 1.29 0.89866 0.445
v 1.29 0.899659 0.442588
v 1.299659 0.892588 0.44
v 1.29866 0.895 0.44
v 1.297071 0.897071 0.44
v 1.295 0.89866 0.44
v 1.292588 0.899659 0.44
v -1.29 -0.899659 0.442588
v -1.2925 -0.89933 0.442588
v -1.2925 -0.89433 0.44866
v -1.291294 -0.892241 0.449659
v -1.29183 -0.89183 0.449659
v -1.2925 -0.89067 0.449659
v -1.29067 -0.8925 0.449659
v -1.291294 -0.89483 0.44866
v -1.29183 -0.89683 0.447071
v -1.29 -0.892588 0.449659
v -1.293536 -0.893536 0.44866
v -1.292241 -0.891294 0.449659
v -1.29433 -0.8925 0.44866
v -1.29483 -0.891294 0.44866
v -1.29 -0.895 0.44866
v -1.29 -0.897071 0.447071
v -1.29 -0.89866 0.445
v -1.293536 -0.896124 0.447071
v -1.295 -0.895 0.447071
v -1.296124 -0.893536 0.447071
v -1.29683 -0.89183 0.447071
v -1.292241 -0.898365 0.445
v -1.29433 -0.8975 0.445
v -1.296124 -0.896124 0.445
v -1.2975 -0.89433 0.445
v -1.298365 -0.892241 0.445
v -1.29483 -0.898365 0.442588
v -1.29683 -0.89683 0.442588
v -1.298365 -0.89483 0.442588
v -1.29933 -0.8925 0.442588
v 1.2925 0.89933 0.442588
v 1.2925 0.89433 0.44866
v 1.291294 0.892241 0.449659
v 1.29183 0.89183 0.449659
v 1.292588 0.89 0.449659
v 1.2925 0.89067 0.449659
v 1.29067 0.8925 0.449659
v 1.291294 0.89483 0.44866
v 1.29183 0.89683 0.447071
v 1.293536 0.893536 0.44866
v 1.292241 0.891294 0.449659
v 1.29433 0.8925 0.44866
v 1.29483 0.891294 0.44866
v 1.295 0.89 0.44866
v 1.293536 0.896124 0.447071
v 1.295 0.895 0.447071
v 1.296124 0.893536 0.447071
v 1.29683 0.89183 0.447071
v 1.297071 0.89 0.447071
v 1.292241 0.898365 0.445
v 1.29433 0.8975 0.445
v 1.296124 0.896124 0.445
v 1.2975 0.89433 0.445
v 1.298365 0.892241 0.445
v 1.29866 0.89 0.445
v 1.29483 0.898365 0.442588
v 1.29683 0.89683 0.442588
v 1.298365 0.89483 0.442588
v 1.29933 0.8925 0.442588
v 1.299659 0.89 0.442588
v 1.29 -0.892588 0.449659
v 1.29 -0.895 0.44866
v 1.29 -0.897071 0.447071
v 1.29 -0.89866 0.445
v 1.29 -0.899659 0.442588
v 1.292588 -0.89 0.449659
v 1.295 -0.89 0.44866
v 1.297071 -0.89 0.447071
v 1.29866 -0.89 0.445
v 1.299659 -0.89 0.442588
v 1.29222 -0.899708 0.44
v 1.292588 -0.899659 0.44
v 1.2925 -0.89933 0.442588
v 1.294312 -0.898945 0.44
v 1.295 -0.89866 0.44
v 1.29483 -0.898365 0.442588
v 1.296184 -0.897752 0.44
v 1.297071 -0.897071 0.44
v 1.29683 -0.89683 0.442588
v 1.297752 -0.896184 0.44
v 1.29866 -0.895 0.44
v 1.298365 -0.89483 0.442588
v 1.298945 -0.894312 0.44
v 1.299659 -0.892588 0.44
v 1.29933 -0.8925 0.442588
v 1.299708 -0.89222 0.44
v 1.298365 -0.892241 0.445
v 1.29683 -0.89183 0.447071
v 1.29483 -0.891294 0.44866
v 1.2925 -0.89067 0.449659
v 1.2975 -0.89433 0.445
v 1.296124 -0.893536 0.447071
v 1.29433 -0.8925 0.44866
v 1.292241 -0.891294 0.449659
v 1.296124 -0.896124 0.445
v 1.295 -0.895 0.447071
v 1.293536 -0.893536 0.44866
v 1.29183 -0.89183 0.449659
v 1.29433 -0.8975 0.445
v 1.293536 -0.896124 0.447071
v 1.2925 -0.89433 0.44866
v 1.291294 -0.892241 0.449659
v 1.292241 -0.898365 0.445
v 1.29183 -0.89683 0.447071
v 1.291294 -0.89483 0.44866
v 1.29067 -0.8925 0.449659
v -1.063809 -0.91 0.101971
v -1.063809 -0.91 0.098106
v -1.077309 -0.91 0.101971
v -1.077309 -0.91 0.132002
v -1.081685 -0.91 0.132002
v -1.081685 -0.91 0.098106
v -1.046428 -0.91 0.097534
v -1.041262 -0.91 0.098028
v -1.037623 -0.91 0.099222
v -1.037044 -0.91 0.09951
v -1.037044 -0.91 0.103704
v -1.040419 -0.91 0.102194
v -1.044261 -0.91 0.101489
v -1.045796 -0.91 0.101433
v -1.048968 -0.91 0.101786
v -1.051425 -0.91 0.102676
v -1.053681 -0.91 0.104205
v -1.054504 -0.91 0.105003
v -1.056229 -0.91 0.107433
v -1.057296 -0.91 0.110195
v -1.057829 -0.91 0.114357
v -1.057831 -0.91 0.114673
v -1.057355 -0.91 0.119001
v -1.056268 -0.91 0.122004
v -1.054677 -0.91 0.124406
v -1.05427 -0.91 0.124863
v -1.052104 -0.91 0.126677
v -1.049457 -0.91 0.12795
v -1.046534 -0.91 0.128554
v -1.045033 -0.91 0.128623
v -1.040951 -0.91 0.128147
v -1.037503 -0.91 0.126859
v -1.037044 -0.91 0.126613
v -1.037044 -0.91 0.131188
v -1.045076 -0.91 0.132574
v -1.044765 -0.91 0.132573
v -1.040381 -0.91 0.132179
v -1.049487 -0.91 0.132098
v -1.053106 -0.91 0.130816
v -1.05646 -0.91 0.128585
v -1.057528 -0.91 0.127583
v -1.059929 -0.91 0.124469
v -1.061561 -0.91 0.12072
v -1.062353 -0.91 0.116321
v -1.062423 -0.91 0.114413
v -1.061944 -0.91 0.109681
v -1.060685 -0.91 0.10597
v -1.058781 -0.91 0.102968
v -1.058074 -0.91 0.102161
v -1.048324 -0.91 0.097617
v -1.05524 -0.91 0.099828
v -1.052024 -0.91 0.098347
v -1.01203 -0.91 0.101971
v -1.01203 -0.91 0.098106
v -1.025884 -0.91 0.101971
v -1.025884 -0.91 0.113373
v -1.013762 -0.91 0.113373
v -1.013762 -0.91 0.117255
v -1.025884 -0.91 0.117255
v -1.025884 -0.91 0.128103
v -1.012801 -0.91 0.128103
v -1.012801 -0.91 0.132002
v -1.03026 -0.91 0.132002
v -1.03026 -0.91 0.098106
v -0.985347 -0.91 0.12392
v -0.98174 -0.91 0.126115
v -0.986347 -0.91 0.124915
v -0.983142 -0.91 0.127514
v -0.988953 -0.91 0.126624
v -0.986478 -0.91 0.129826
v -0.991921 -0.91 0.127658
v -0.990536 -0.91 0.131371
v -0.99613 -0.91 0.128103
v -0.995957 -0.91 0.132002
v -1.001251 -0.91 0.128103
v -1.005626 -0.91 0.132002
v -1.001251 -0.91 0.101971
v -1.005626 -0.91 0.098106
v -0.996329 -0.91 0.101971
v -0.996303 -0.91 0.098106
v -0.991969 -0.91 0.102447
v -0.991477 -0.91 0.098586
v -0.989084 -0.91 0.103488
v -0.987429 -0.91 0.099939
v -0.986846 -0.91 0.104965
v -0.984051 -0.91 0.102065
v -0.986252 -0.91 0.105506
v -0.983142 -0.91 0.102854
v -0.984482 -0.91 0.107736
v -0.980642 -0.91 0.105822
v -0.983345 -0.91 0.110283
v -0.978965 -0.91 0.109323
v -0.98272 -0.91 0.113439
v -0.978136 -0.91 0.113284
v -0.98263 -0.91 0.115366
v -0.978029 -0.91 0.115488
v -0.983105 -0.91 0.1195
v -0.978504 -0.91 0.119796
v -0.984047 -0.91 0.122004
v -0.979695 -0.91 0.123094
v -0.99613 -0.9 0.128103
v -1.001251 -0.9 0.128103
v -1.001251 -0.9 0.101971
v -0.996329 -0.9 0.101971
v -0.986252 -0.9 0.105506
v -0.986846 -0.9 0.104965
v -0.989084 -0.9 0.103488
v -0.991969 -0.9 0.102447
v -0.98263 -0.9 0.115366
v -0.98272 -0.9 0.113439
v -0.983345 -0.9 0.110283
v -0.984482 -0.9 0.107736
v -0.986347 -0.9 0.124915
v -0.985347 -0.9 0.12392
v -0.984047 -0.9 0.122004
v -0.983105 -0.9 0.1195
v -0.991921 -0.9 0.127658
v -0.988953 -0.9 0.126624
v -0.96667 -0.91 0.111207
v -0.968056 -0.91 0.107377
v -0.955293 -0.91 0.111207
v -0.953942 -0.91 0.107377
v -0.961601 -0.91 0.125296
v -0.963239 -0.91 0.132002
v -0.976149 -0.91 0.098106
v -0.971314 -0.91 0.098106
v -0.961308 -0.91 0.126307
v -0.961047 -0.91 0.12767
v -0.95856 -0.91 0.132002
v -0.960943 -0.91 0.12767
v -0.960669 -0.91 0.126236
v -0.960414 -0.91 0.125296
v -0.94565 -0.91 0.098106
v -0.950484 -0.91 0.098106
v -0.96667 -0.9 0.111207
v -0.955293 -0.9 0.111207
v -0.960414 -0.9 0.125296
v -0.960943 -0.9 0.12767
v -0.960669 -0.9 0.126236
v -0.961047 -0.9 0.12767
v -0.961601 -0.9 0.125296
v -0.961308 -0.9 0.126307
v -1.063454 -0.91 0.048198
v -1.063454 -0.91 0.044333
v -1.077309 -0.91 0.048198
v -1.077309 -0.91 0.059601
v -1.065187 -0.91 0.059601
v -1.065187 -0.91 0.063482
v -1.077309 -0.91 0.063482
v -1.077309 -0.91 0.07433
v -1.064225 -0.91 0.07433
v -1.064225 -0.91 0.07823
v -1.081685 -0.91 0.07823
v -1.081685 -0.91 0.044333
v -1.054552 -0.91 0.057932
v -1.05332 -0.91 0.054704
v -1.052256 -0.91 0.055181
v -1.044297 -0.91 0.048077
v -1.044184 -0.91 0.048077
v -1.044461 -0.91 0.051983
v -1.044188 -0.91 0.053877
v -1.039938 -0.91 0.059912
v -1.044184 -0.91 0.054159
v -1.044184 -0.91 0.056481
v -1.044184 -0.91 0.044333
v -1.039938 -0.91 0.044333
v -1.051358 -0.91 0.058717
v -1.049851 -0.91 0.055719
v -1.044184 -0.91 0.059722
v -1.044332 -0.91 0.061599
v -1.040272 -0.91 0.063155
v -1.044771 -0.91 0.063111
v -1.04094 -0.91 0.065079
v -1.045269 -0.91 0.063985
v -1.04181 -0.91 0.066447
v -1.045911 -0.91 0.064668
v -1.042945 -0.91 0.067526
v -1.046665 -0.91 0.065154
v -1.044358 -0.91 0.06833
v -1.04765 -0.91 0.065498
v -1.046153 -0.91 0.06887
v -1.049088 -0.91 0.065648
v -1.04869 -0.91 0.069097
v -1.051648 -0.91 0.065379
v -1.052803 -0.91 0.068623
v -1.054301 -0.91 0.064465
v -1.05599 -0.91 0.067435
v -1.057025 -0.91 0.06272
v -1.057025 -0.91 0.066844
v -1.045084 -0.91 0.050468
v -1.046004 -0.91 0.04922
v -1.044958 -0.91 0.04707
v -1.046536 -0.91 0.0487
v -1.046299 -0.91 0.045626
v -1.047736 -0.91 0.04789
v -1.047803 -0.91 0.044626
v -1.049024 -0.91 0.047422
v -1.049524 -0.91 0.044004
v -1.050613 -0.91 0.047245
v -1.051714 -0.91 0.043762
v -1.052047 -0.91 0.047406
v -1.054253 -0.91 0.044056
v -1.053008 -0.91 0.047759
v -1.055881 -0.91 0.04467
v -1.053854 -0.91 0.048336
v -1.057311 -0.91 0.045668
v -1.054215 -0.91 0.048699
v -1.053958 -0.91 0.054228
v -1.056367 -0.91 0.057006
v -1.054466 -0.91 0.053599
v -1.057671 -0.91 0.055879
v -1.054839 -0.91 0.052807
v -1.058521 -0.91 0.054665
v -1.055048 -0.91 0.051835
v -1.059106 -0.91 0.053169
v -1.059378 -0.91 0.051339
v -1.055084 -0.91 0.051161
v -1.059391 -0.91 0.050815
v -1.054976 -0.91 0.050186
v -1.059181 -0.91 0.04889
v -1.054697 -0.91 0.049415
v -1.058668 -0.91 0.047454
v -1.057786 -0.91 0.046149
v -1.053958 -0.9 0.054228
v -1.05332 -0.9 0.054704
v -1.052256 -0.9 0.055181
v -1.049851 -0.9 0.055719
v -1.055084 -0.9 0.051161
v -1.055048 -0.9 0.051835
v -1.054839 -0.9 0.052807
v -1.054466 -0.9 0.053599
v -1.053854 -0.9 0.048336
v -1.054215 -0.9 0.048699
v -1.054697 -0.9 0.049415
v -1.054976 -0.9 0.050186
v -1.050613 -0.9 0.047245
v -1.052047 -0.9 0.047406
v -1.053008 -0.9 0.047759
v -1.046004 -0.9 0.04922
v -1.046536 -0.9 0.0487
v -1.047736 -0.9 0.04789
v -1.049024 -0.9 0.047422
v -1.044184 -0.9 0.054159
v -1.044188 -0.9 0.053877
v -1.044461 -0.9 0.051983
v -1.045084 -0.9 0.050468
v -1.044184 -0.9 0.056481
v -1.034185 -0.91 0.049567
v -1.032525 -0.91 0.04854
v -1.027201 -0.91 0.047227
v -1.029863 -0.91 0.047539
v -1.034185 -0.91 0.045183
v -1.031147 -0.91 0.044122
v -1.027617 -0.91 0.043762
v -1.024092 -0.91 0.04414
v -1.021784 -0.91 0.044959
v -1.020564 -0.91 0.045685
v -1.019349 -0.91 0.046747
v -1.018558 -0.91 0.047867
v -1.018037 -0.91 0.049213
v -1.017835 -0.91 0.050919
v -1.01801 -0.91 0.0525
v -1.018463 -0.91 0.053752
v -1.019256 -0.91 0.054922
v -1.020268 -0.91 0.055825
v -1.023088 -0.91 0.057393
v -1.024732 -0.91 0.058058
v -1.027359 -0.91 0.059202
v -1.028856 -0.91 0.060138
v -1.02927 -0.91 0.060593
v -1.029576 -0.91 0.061166
v -1.029745 -0.91 0.061826
v -1.029783 -0.91 0.062391
v -1.029707 -0.91 0.063068
v -1.029497 -0.91 0.063641
v -1.029133 -0.91 0.064181
v -1.028492 -0.91 0.064747
v -1.02754 -0.91 0.065254
v -1.026405 -0.91 0.065554
v -1.025148 -0.91 0.065648
v -1.02236 -0.91 0.065332
v -1.019965 -0.91 0.064454
v -1.018996 -0.91 0.063898
v -1.018996 -0.91 0.068023
v -1.022391 -0.91 0.068937
v -1.024732 -0.91 0.069097
v -1.027873 -0.91 0.068753
v -1.030198 -0.91 0.067916
v -1.031438 -0.91 0.067173
v -1.032697 -0.91 0.066042
v -1.033486 -0.91 0.064894
v -1.033991 -0.91 0.063527
v -1.034159 -0.91 0.062009
v -1.033976 -0.91 0.060361
v -1.033508 -0.91 0.059064
v -1.032955 -0.91 0.05818
v -1.030261 -0.91 0.056134
v -1.03226 -0.91 0.057453
v -1.02773 -0.91 0.054974
v -1.024942 -0.91 0.053806
v -1.023285 -0.91 0.052807
v -1.022756 -0.91 0.052257
v -1.022428 -0.91 0.051694
v -1.022235 -0.91 0.051031
v -1.022193 -0.91 0.050503
v -1.022281 -0.91 0.049693
v -1.022497 -0.91 0.049089
v -1.022868 -0.91 0.048541
v -1.023355 -0.91 0.048108
v -1.023742 -0.91 0.047873
v -1.024837 -0.91 0.047472
v -1.027014 -0.91 0.047229
v -0.996788 -0.91 0.068542
v -0.992387 -0.91 0.068542
v -1.003399 -0.91 0.050312
v -1.003724 -0.91 0.049183
v -1.003919 -0.91 0.048354
v -1.004032 -0.91 0.048354
v -1.004552 -0.91 0.050347
v -1.010877 -0.91 0.068542
v -1.015625 -0.91 0.068542
v -1.006129 -0.91 0.044385
v -1.007992 -0.91 0.039984
v -1.008822 -0.91 0.03846
v -1.009613 -0.91 0.037574
v -1.010392 -0.91 0.037033
v -1.011322 -0.91 0.036684
v -1.012341 -0.91 0.03657
v -1.013882 -0.91 0.03677
v -1.01475 -0.91 0.037055
v -1.01475 -0.91 0.033277
v -1.012949 -0.91 0.032964
v -1.012012 -0.91 0.032931
v -1.010297 -0.91 0.033128
v -1.008622 -0.91 0.033766
v -1.007139 -0.91 0.034803
v -1.006849 -0.91 0.035068
v -1.005296 -0.91 0.036934
v -1.003374 -0.91 0.040677
v -0.969581 -0.91 0.048198
v -0.969581 -0.91 0.044333
v -0.983436 -0.91 0.048198
v -0.983436 -0.91 0.059601
v -0.971314 -0.91 0.059601
v -0.971314 -0.91 0.063482
v -0.983436 -0.91 0.063482
v -0.983436 -0.91 0.07433
v -0.970352 -0.91 0.07433
v -0.970352 -0.91 0.07823
v -0.987812 -0.91 0.07823
v -0.987812 -0.91 0.044333
v -0.942899 -0.91 0.070147
v -0.939292 -0.91 0.072342
v -0.943899 -0.91 0.071142
v -0.940693 -0.91 0.073741
v -0.946505 -0.91 0.072851
v -0.94403 -0.91 0.076053
v -0.949473 -0.91 0.073885
v -0.948088 -0.91 0.077599
v -0.953682 -0.91 0.07433
v -0.953508 -0.91 0.07823
v -0.958803 -0.91 0.07433
v -0.963178 -0.91 0.07823
v -0.958803 -0.91 0.048198
v -0.963178 -0.91 0.044333
v -0.953881 -0.91 0.048198
v -0.953855 -0.91 0.044333
v -0.949521 -0.91 0.048674
v -0.949029 -0.91 0.044813
v -0.946635 -0.91 0.049715
v -0.944981 -0.91 0.046166
v -0.944398 -0.91 0.051192
v -0.941603 -0.91 0.048292
v -0.943804 -0.91 0.051733
v -0.940693 -0.91 0.049082
v -0.942033 -0.91 0.053964
v -0.938194 -0.91 0.052049
v -0.940897 -0.91 0.056511
v -0.936517 -0.91 0.05555
v -0.940272 -0.91 0.059666
v -0.935687 -0.91 0.059511
v -0.940182 -0.91 0.061593
v -0.935581 -0.91 0.061715
v -0.940657 -0.91 0.065727
v -0.936056 -0.91 0.066023
v -0.941598 -0.91 0.068231
v -0.937247 -0.91 0.069321
v -0.953682 -0.9 0.07433
v -0.958803 -0.9 0.07433
v -0.958803 -0.9 0.048198
v -0.953881 -0.9 0.048198
v -0.943804 -0.9 0.051733
v -0.944398 -0.9 0.051192
v -0.946635 -0.9 0.049715
v -0.949521 -0.9 0.048674
v -0.940182 -0.9 0.061593
v -0.940272 -0.9 0.059666
v -0.940897 -0.9 0.056511
v -0.942033 -0.9 0.053964
v -0.943899 -0.9 0.071142
v -0.942899 -0.9 0.070147
v -0.941598 -0.9 0.068231
v -0.940657 -0.9 0.065727
v -0.949473 -0.9 0.073885
v -0.946505 -0.9 0.072851
v -0.924222 -0.91 0.057434
v -0.925608 -0.91 0.053605
v -0.912845 -0.91 0.057434
v -0.911494 -0.91 0.053605
v -0.919153 -0.91 0.071523
v -0.920791 -0.91 0.07823
v -0.933701 -0.91 0.044333
v -0.928866 -0.91 0.044333
v -0.91886 -0.91 0.072535
v -0.918599 -0.91 0.073897
v -0.916112 -0.91 0.07823
v -0.918495 -0.91 0.073897
v -0.918221 -0.91 0.072463
v -0.917966 -0.91 0.071523
v -0.903201 -0.91 0.044333
v -0.908036 -0.91 0.044333
v -0.924222 -0.9 0.057434
v -0.912845 -0.9 0.057434
v -0.917966 -0.9 0.071523
v -0.918495 -0.9 0.073897
v -0.918221 -0.9 0.072463
v -0.918599 -0.9 0.073897
v -0.919153 -0.9 0.071523
v -0.91886 -0.9 0.072535
v -1.237803 -0.91 0.102685
v -1.232442 -0.91 0.105551
v -1.233666 -0.91 0.1204
v -1.191236 -0.91 0.038525
v -1.188371 -0.91 0.043886
v -1.186943 -0.91 0.049831
v -1.218617 -0.91 0.121094
v -1.211146 -0.91 0.103501
v -1.207455 -0.91 0.111139
v -1.220074 -0.91 0.049217
v -1.22052 -0.91 0.051477
v -1.233559 -0.91 0.060845
v -1.2338 -0.91 0.044698
v -1.236865 -0.91 0.045616
v -1.238827 -0.91 0.064093
v -1.22416 -0.91 0.121576
v -1.153065 -0.91 0.072654
v -1.160536 -0.91 0.085426
v -1.186805 -0.91 0.05482
v -1.19283 -0.91 0.068557
v -1.186805 -0.91 0.05241
v -1.199676 -0.91 0.031104
v -1.194879 -0.91 0.034449
v -1.21912 -0.91 0.047191
v -1.227779 -0.91 0.035085
v -1.231369 -0.91 0.039504
v -1.213676 -0.91 0.126848
v -1.202047 -0.91 0.117594
v -1.208013 -0.91 0.131698
v -1.195612 -0.91 0.122295
v -1.20213 -0.91 0.135342
v -1.226497 -0.91 0.106978
v -1.223919 -0.91 0.107116
v -1.221388 -0.91 0.121426
v -1.218187 -0.91 0.106396
v -1.212786 -0.91 0.104402
v -1.203506 -0.91 0.046706
v -1.204814 -0.91 0.045228
v -1.206645 -0.91 0.043915
v -1.20505 -0.91 0.029034
v -1.208732 -0.91 0.043081
v -1.210905 -0.91 0.02831
v -1.211146 -0.91 0.04277
v -1.211805 -0.91 0.028326
v -1.211557 -0.91 0.042779
v -1.217497 -0.91 0.029207
v -1.21372 -0.91 0.043132
v -1.22306 -0.91 0.031537
v -1.215899 -0.91 0.044067
v -1.217743 -0.91 0.045481
v -1.202363 -0.91 0.055528
v -1.201813 -0.91 0.053294
v -1.20181 -0.91 0.051089
v -1.202385 -0.91 0.048776
v -1.118362 -0.91 0.055061
v -1.13075 -0.91 0.063517
v -1.124908 -0.91 0.049517
v -1.134573 -0.91 0.060913
v -1.13226 -0.91 0.045916
v -1.138999 -0.91 0.059319
v -1.140293 -0.91 0.044216
v -1.141739 -0.91 0.058917
v -1.154511 -0.91 0.044216
v -1.152583 -0.91 0.058917
v -1.155869 -0.91 0.044435
v -1.2204 -0.91 0.053826
v -1.21969 -0.91 0.056094
v -1.23091 -0.91 0.066004
v -1.218444 -0.91 0.058087
v -1.22693 -0.91 0.070564
v -1.217492 -0.91 0.059095
v -1.222006 -0.91 0.073993
v -1.215608 -0.91 0.060435
v -1.216685 -0.91 0.076035
v -1.213503 -0.91 0.061265
v -1.210905 -0.91 0.076751
v -1.211146 -0.91 0.061568
v -1.207994 -0.91 0.076579
v -1.20914 -0.91 0.06135
v -1.202175 -0.91 0.07514
v -1.206902 -0.91 0.060549
v -1.197058 -0.91 0.072403
v -1.204963 -0.91 0.05924
v -1.20341 -0.91 0.057507
v -1.145113 -0.91 0.096512
v -1.143185 -0.91 0.096512
v -1.133304 -0.91 0.109526
v -1.139065 -0.91 0.096057
v -1.13215 -0.91 0.109139
v -1.134822 -0.91 0.094547
v -1.124975 -0.91 0.105587
v -1.131027 -0.91 0.092039
v -1.118433 -0.91 0.100063
v -1.127865 -0.91 0.088596
v -1.113508 -0.91 0.093211
v -1.125625 -0.91 0.084425
v -1.110555 -0.91 0.085853
v -1.124501 -0.91 0.079794
v -1.109445 -0.91 0.077956
v -1.124387 -0.91 0.077715
v -1.110545 -0.91 0.069377
v -1.124843 -0.91 0.073536
v -1.113567 -0.91 0.061744
v -1.126383 -0.91 0.069197
v -1.128926 -0.91 0.065368
v -1.146318 -0.91 0.128565
v -1.155799 -0.91 0.117535
v -1.138341 -0.91 0.119336
v -1.150349 -0.91 0.111054
v -1.146612 -0.91 0.103298
v -1.247295 -0.91 0.088872
v -1.263135 -0.91 0.084825
v -1.248019 -0.91 0.083016
v -1.263201 -0.91 0.082534
v -1.24772 -0.91 0.079236
v -1.262029 -0.91 0.07307
v -1.245976 -0.91 0.073345
v -1.25857 -0.91 0.0641
v -1.243144 -0.91 0.068536
v -1.25308 -0.91 0.056266
v -1.245572 -0.91 0.049862
v -1.242592 -0.91 0.116931
v -1.250256 -0.91 0.11154
v -1.24188 -0.91 0.099042
v -1.251875 -0.91 0.110008
v -1.245225 -0.91 0.094245
v -1.25768 -0.91 0.102562
v -1.261521 -0.91 0.093883
v -1.191018 -0.91 0.139628
v -1.187742 -0.91 0.12549
v -1.179093 -0.91 0.141097
v -1.178852 -0.91 0.126637
v -1.16916 -0.91 0.140053
v -1.170657 -0.91 0.125627
v -1.157066 -0.91 0.135792
v -1.163101 -0.91 0.122726
v -1.156333 -0.91 0.118021
v -1.153795 -0.91 0.059141
v -1.159586 -0.91 0.046744
v -1.159026 -0.91 0.046173
v -1.153072 -0.91 0.058981
v -1.157463 -0.91 0.045062
v -1.1615 -0.91 0.051687
v -1.161272 -0.91 0.049892
v -1.160637 -0.91 0.048257
v -1.155897 -0.91 0.058918
v -1.157551 -0.91 0.058265
v -1.161439 -0.91 0.052638
v -1.159033 -0.91 0.057214
v -1.160028 -0.91 0.056116
v -1.160955 -0.91 0.054472
v -1.154029 -0.91 0.059158
v -1.211146 -0.9 0.061568
v -1.20914 -0.9 0.06135
v -1.206902 -0.9 0.060549
v -1.204963 -0.9 0.05924
v -1.20341 -0.9 0.057507
v -1.202363 -0.9 0.055528
v -1.201813 -0.9 0.053294
v -1.20181 -0.9 0.051089
v -1.202385 -0.9 0.048776
v -1.203506 -0.9 0.046706
v -1.204814 -0.9 0.045228
v -1.206645 -0.9 0.043915
v -1.208732 -0.9 0.043081
v -1.211146 -0.9 0.04277
v -1.211557 -0.9 0.042779
v -1.21372 -0.9 0.043132
v -1.215899 -0.9 0.044067
v -1.217743 -0.9 0.045481
v -1.21912 -0.9 0.047191
v -1.220074 -0.9 0.049217
v -1.22052 -0.9 0.051477
v -1.2204 -0.9 0.053826
v -1.21969 -0.9 0.056094
v -1.218444 -0.9 0.058087
v -1.217492 -0.9 0.059095
v -1.215608 -0.9 0.060435
v -1.213503 -0.9 0.061265
usemtl 1
f 1// 2// 3//
f 4// 5// 6//
f 7// 8// 9//
f 10// 11// 12//
f 13// 14// 15//
f 16// 17// 18//
f 19// 20// 21//
f 21// 20// 4//
f 22// 23// 21//
f 21// 23// 24//
f 24// 25// 21//
f 21// 25// 26//
f 21// 26// 19//
f 27// 28// 29//
f 30// 31// 32//
f 32// 31// 29//
f 29// 31// 33//
f 29// 33// 27//
f 34// 35// 36//
f 37// 38// 34//
f 34// 38// 39//
f 34// 39// 40//
f 30// 32// 41//
f 41// 32// 34//
f 41// 34// 42//
f 42// 34// 36//
f 42// 36// 43//
f 43// 36// 44//
f 43// 44// 45//
f 40// 46// 34//
f 34// 46// 47//
f 34// 47// 35//
f 48// 49// 50//
f 50// 49// 51//
f 50// 51// 52//
f 52// 53// 50//
f 50// 53// 54//
f 50// 54// 55//
f 55// 54// 56//
f 56// 57// 55//
f 55// 57// 58//
f 55// 58// 37//
f 37// 58// 59//
f 37// 59// 38//
f 60// 61// 62//
f 62// 61// 63//
f 62// 63// 50//
f 50// 63// 64//
f 50// 64// 48//
f 65// 66// 67//
f 67// 66// 68//
f 67// 68// 69//
f 68// 70// 69//
f 69// 70// 71//
f 69// 71// 62//
f 62// 71// 72//
f 62// 72// 60//
f 1// 73// 2//
f 2// 73// 74//
f 2// 74// 75//
f 75// 76// 2//
f 2// 76// 77//
f 2// 77// 65//
f 78// 79// 5//
f 80// 81// 82//
f 83// 84// 1//
f 85// 86// 87//
f 87// 86// 88//
f 80// 82// 89//
f 83// 1// 90//
f 5// 79// 1//
f 1// 79// 91//
f 1// 91// 90//
f 81// 92// 82//
f 82// 92// 93//
f 82// 93// 94//
f 95// 96// 97//
f 97// 96// 98//
f 97// 98// 99//
f 100// 101// 102//
f 102// 101// 103//
f 102// 103// 97//
f 97// 103// 104//
f 97// 104// 95//
f 100// 105// 101//
f 101// 105// 106//
f 101// 106// 86//
f 86// 106// 107//
f 86// 107// 88//
f 108// 109// 110//
f 110// 109// 111//
f 110// 111// 82//
f 82// 111// 112//
f 82// 112// 89//
f 113// 114// 73//
f 73// 114// 115//
f 73// 115// 116//
f 116// 117// 73//
f 73// 117// 118//
f 73// 118// 119//
f 119// 118// 108//
f 119// 108// 120//
f 120// 108// 110//
f 121// 122// 82//
f 82// 122// 123//
f 82// 123// 86//
f 86// 123// 124//
f 86// 124// 125//
f 84// 126// 1//
f 1// 126// 127//
f 1// 127// 73//
f 73// 127// 128//
f 73// 128// 113//
f 94// 129// 82//
f 82// 129// 130//
f 82// 130// 131//
f 131// 132// 82//
f 82// 132// 133//
f 82// 133// 121//
f 134// 135// 136//
f 134// 136// 137//
f 125// 138// 86//
f 86// 138// 136//
f 86// 136// 101//
f 101// 136// 135//
f 101// 135// 139//
f 139// 135// 140//
f 141// 142// 136//
f 136// 142// 143//
f 136// 143// 137//
f 144// 145// 146//
f 145// 147// 146//
f 146// 147// 148//
f 146// 148// 149//
f 150// 146// 151//
f 140// 135// 150//
f 150// 135// 152//
f 150// 152// 146//
f 146// 152// 153//
f 146// 153// 144//
f 151// 154// 150//
f 150// 154// 155//
f 150// 155// 156//
f 149// 148// 157//
f 157// 148// 158//
f 157// 158// 159//
f 159// 158// 160//
f 159// 160// 161//
f 162// 163// 156//
f 156// 163// 164//
f 156// 164// 150//
f 20// 165// 4//
f 4// 165// 166//
f 4// 166// 5//
f 5// 166// 167//
f 5// 167// 78//
f 168// 169// 170//
f 170// 169// 171//
f 168// 172// 173//
f 173// 172// 174//
f 175// 176// 177//
f 177// 176// 178//
f 178// 176// 179//
f 179// 176// 168//
f 179// 168// 180//
f 180// 168// 173//
f 180// 173// 18//
f 18// 173// 181//
f 18// 181// 16//
f 169// 182// 171//
f 171// 182// 183//
f 171// 183// 184//
f 184// 183// 185//
f 186// 187// 188//
f 188// 187// 189//
f 190// 191// 192//
f 192// 191// 193//
f 192// 193// 14//
f 194// 195// 196//
f 196// 195// 197//
f 196// 197// 193//
f 198// 199// 200//
f 200// 199// 201//
f 200// 202// 203//
f 204// 205// 206//
f 206// 205// 207//
f 186// 208// 187//
f 187// 208// 209//
f 187// 209// 210//
f 210// 209// 211//
f 212// 213// 211//
f 211// 213// 214//
f 211// 214// 210//
f 201// 215// 200//
f 200// 215// 216//
f 200// 216// 202//
f 217// 218// 219//
f 220// 221// 222//
f 223// 224// 196//
f 196// 224// 225//
f 196// 225// 194//
f 226// 191// 227//
f 220// 222// 228//
f 203// 229// 200//
f 200// 229// 230//
f 200// 230// 205//
f 205// 230// 189//
f 205// 189// 207//
f 207// 189// 187//
f 217// 219// 190//
f 222// 231// 228//
f 228// 231// 226//
f 228// 226// 232//
f 232// 226// 227//
f 204// 233// 205//
f 205// 233// 234//
f 205// 234// 235//
f 236// 237// 211//
f 211// 237// 238//
f 211// 238// 239//
f 219// 240// 190//
f 190// 240// 241//
f 190// 241// 191//
f 191// 241// 242//
f 191// 242// 227//
f 239// 243// 211//
f 211// 243// 244//
f 211// 244// 212//
f 13// 15// 245//
f 245// 15// 246//
f 245// 246// 247//
f 247// 246// 11//
f 11// 246// 248//
f 11// 248// 12//
f 249// 250// 12//
f 251// 252// 12//
f 12// 252// 253//
f 254// 255// 256//
f 256// 255// 257//
f 256// 257// 258//
f 258// 259// 256//
f 256// 259// 260//
f 256// 260// 261//
f 261// 260// 262//
f 261// 262// 249//
f 263// 264// 250//
f 250// 264// 265//
f 250// 265// 12//
f 12// 265// 266//
f 12// 266// 251//
f 253// 267// 12//
f 12// 267// 268//
f 12// 268// 10//
f 269// 270// 271//
f 271// 270// 272//
f 271// 272// 273//
f 271// 274// 269//
f 269// 274// 275//
f 269// 275// 276//
f 276// 277// 269//
f 269// 277// 278//
f 269// 278// 279//
f 279// 278// 280//
f 279// 280// 281//
f 281// 280// 282//
f 281// 282// 250//
f 250// 282// 283//
f 250// 283// 263//
f 284// 285// 273//
f 273// 285// 286//
f 273// 286// 271//
f 287// 288// 218//
f 218// 288// 289//
f 218// 289// 219//
f 287// 290// 288//
f 288// 290// 291//
f 288// 291// 292//
f 292// 291// 293//
f 292// 294// 295//
f 293// 296// 292//
f 292// 296// 297//
f 292// 297// 298//
f 298// 299// 292//
f 292// 299// 300//
f 292// 300// 294//
f 295// 301// 292//
f 292// 301// 302//
f 292// 302// 303//
f 304// 305// 306//
f 306// 305// 307//
f 306// 307// 308//
f 309// 310// 311//
f 311// 310// 312//
f 305// 313// 307//
f 307// 313// 314//
f 307// 314// 315//
f 315// 314// 316//
f 315// 316// 317//
f 317// 316// 318//
f 317// 318// 312//
f 312// 318// 319//
f 312// 319// 311//
f 320// 321// 322//
f 322// 321// 323//
f 323// 321// 324//
f 324// 321// 325//
f 324// 325// 326//
f 326// 325// 327//
f 326// 327// 328//
f 329// 330// 317//
f 331// 332// 315//
f 315// 332// 333//
f 329// 317// 334//
f 333// 335// 315//
f 315// 335// 336//
f 315// 336// 327//
f 327// 336// 337//
f 327// 337// 328//
f 322// 338// 320//
f 320// 338// 339//
f 320// 339// 317//
f 317// 339// 340//
f 317// 340// 334//
f 330// 341// 317//
f 317// 341// 342//
f 317// 342// 315//
f 315// 342// 343//
f 315// 343// 331//
f 321// 344// 345//
f 345// 344// 346//
f 347// 348// 349//
f 349// 348// 350//
f 350// 348// 351//
f 351// 348// 352//
f 351// 352// 353//
f 353// 352// 354//
f 353// 354// 9//
f 9// 354// 355//
f 9// 355// 7//
f 356// 357// 358//
f 345// 354// 321//
f 321// 354// 352//
f 321// 352// 325//
f 325// 352// 359//
f 325// 359// 358//
f 358// 359// 360//
f 358// 360// 356//
f 346// 344// 361//
f 361// 344// 362//
f 361// 362// 356//
f 310// 363// 364//
f 364// 363// 365//
f 364// 365// 366//
f 367// 368// 366//
f 369// 370// 371//
f 371// 370// 372//
f 371// 372// 373//
f 373// 372// 374//
f 373// 374// 375//
f 375// 374// 376//
f 375// 376// 377//
f 377// 376// 378//
f 377// 378// 379//
f 379// 378// 380//
f 379// 380// 368//
f 368// 380// 381//
f 368// 381// 366//
f 366// 381// 382//
f 366// 382// 383//
f 383// 382// 384//
f 383// 384// 385//
f 385// 384// 386//
f 385// 386// 387//
f 387// 386// 388//
f 387// 388// 389//
f 389// 388// 390//
f 389// 390// 391//
f 391// 390// 392//
f 391// 392// 393//
f 393// 392// 394//
f 395// 396// 397//
f 397// 396// 398//
f 397// 398// 399//
f 399// 398// 400//
f 399// 400// 401//
f 401// 400// 402//
f 401// 402// 403//
f 403// 402// 404//
f 403// 404// 405//
f 405// 404// 406//
f 405// 406// 407//
f 408// 409// 410//
f 410// 409// 411//
f 410// 411// 412//
f 412// 411// 413//
f 412// 413// 414//
f 414// 413// 415//
f 414// 415// 416//
f 416// 415// 417//
f 416// 417// 418//
f 418// 417// 419//
f 418// 419// 365//
f 365// 419// 420//
f 365// 420// 366//
f 366// 420// 407//
f 366// 407// 367//
f 367// 407// 406//
f 311// 308// 309//
f 309// 308// 307//
f 309// 307// 421//
f 422// 423// 170//
f 424// 425// 426//
f 168// 170// 172//
f 172// 170// 423//
f 172// 423// 427//
f 421// 172// 428//
f 428// 172// 429//
f 426// 430// 424//
f 424// 430// 431//
f 424// 431// 432//
f 425// 424// 433//
f 433// 424// 429//
f 433// 429// 434//
f 435// 436// 429//
f 429// 436// 437//
f 429// 437// 434//
f 427// 438// 172//
f 172// 438// 439//
f 172// 439// 429//
f 429// 439// 440//
f 429// 440// 435//
f 421// 428// 441//
f 441// 428// 442//
f 441// 442// 443//
f 444// 445// 362//
f 362// 445// 446//
f 447// 448// 357//
f 448// 449// 357//
f 357// 449// 450//
f 357// 450// 451//
f 452// 453// 454//
f 454// 453// 447//
f 454// 447// 455//
f 456// 457// 447//
f 447// 457// 458//
f 447// 458// 455//
f 459// 460// 447//
f 447// 460// 461//
f 447// 461// 462//
f 463// 464// 465//
f 466// 467// 454//
f 454// 467// 468//
f 454// 468// 452//
f 356// 362// 357//
f 357// 362// 446//
f 357// 446// 447//
f 447// 446// 469//
f 447// 469// 459//
f 462// 470// 447//
f 447// 470// 471//
f 447// 471// 456//
f 463// 465// 454//
f 454// 465// 472//
f 454// 472// 466//
f 473// 474// 475//
f 475// 474// 476//
f 476// 474// 477//
f 476// 477// 478//
f 473// 479// 480//
f 480// 479// 481//
f 482// 483// 479//
f 479// 483// 484//
f 479// 484// 481//
f 485// 486// 487//
f 488// 489// 490//
f 490// 489// 491//
f 490// 491// 479//
f 479// 491// 492//
f 479// 492// 482//
f 493// 494// 495//
f 495// 494// 496//
f 495// 496// 497//
f 498// 499// 205//
f 205// 499// 500//
f 205// 500// 495//
f 495// 500// 501//
f 495// 501// 493//
f 221// 220// 235//
f 235// 220// 254//
f 235// 254// 205//
f 205// 254// 256//
f 205// 256// 498//
f 14// 193// 15//
f 15// 193// 197//
f 15// 197// 246//
f 246// 197// 502//
f 246// 502// 198//
f 198// 502// 503//
f 198// 503// 199//
f 504// 505// 506//
f 174// 172// 507//
f 507// 172// 508//
f 507// 508// 185//
f 185// 508// 506//
f 185// 506// 184//
f 184// 506// 505//
f 184// 505// 509//
f 510// 511// 512//
f 506// 513// 504//
f 504// 513// 514//
f 504// 514// 515//
f 515// 514// 510//
f 515// 510// 516//
f 516// 510// 512//
f 517// 518// 12//
f 249// 12// 261//
f 261// 12// 518//
f 261// 518// 513//
f 513// 518// 519//
f 513// 519// 514//
f 520// 521// 517//
f 520// 522// 523//
f 523// 522// 524//
f 520// 517// 522//
f 522// 517// 12//
f 522// 12// 525//
f 525// 12// 248//
f 525// 248// 526//
f 525// 527// 522//
f 522// 527// 528//
f 522// 528// 529//
f 530// 531// 532//
f 532// 531// 533//
f 532// 533// 248//
f 248// 533// 534//
f 248// 534// 526//
f 529// 535// 522//
f 522// 535// 536//
f 522// 536// 524//
f 537// 538// 539//
f 537// 539// 509//
f 538// 540// 539//
f 539// 540// 541//
f 539// 541// 532//
f 532// 541// 542//
f 532// 542// 530//
f 543// 69// 544//
f 544// 69// 62//
f 544// 62// 545//
f 545// 62// 50//
f 545// 50// 546//
f 546// 50// 55//
f 546// 55// 547//
f 547// 55// 37//
f 547// 37// 548//
f 548// 37// 34//
f 548// 34// 549//
f 549// 34// 32//
f 550// 551// 487//
f 487// 551// 552//
f 553// 490// 21//
f 486// 488// 487//
f 487// 488// 490//
f 487// 490// 550//
f 550// 490// 553//
f 550// 553// 554//
f 6// 487// 4//
f 4// 487// 552//
f 4// 552// 21//
f 21// 552// 555//
f 21// 555// 553//
f 556// 557// 558//
f 557// 556// 559//
f 559// 556// 6//
f 559// 6// 560//
f 561// 562// 563//
f 563// 562// 559//
f 563// 559// 564//
f 564// 559// 560//
f 564// 560// 565//
f 565// 560// 566//
f 3// 556// 1//
f 1// 556// 558//
f 1// 558// 5//
f 5// 558// 567//
f 5// 567// 6//
f 6// 567// 568//
f 6// 568// 560//
f 473// 475// 479//
f 479// 475// 569//
f 479// 569// 490//
f 490// 569// 29//
f 490// 29// 21//
f 21// 29// 28//
f 21// 28// 22//
f 3// 198// 556//
f 556// 198// 200//
f 556// 200// 6//
f 6// 200// 205//
f 6// 205// 487//
f 487// 205// 495//
f 487// 495// 485//
f 485// 495// 497//
f 310// 364// 312//
f 312// 364// 570//
f 312// 570// 317//
f 317// 570// 571//
f 317// 571// 320//
f 320// 571// 572//
f 320// 572// 321//
f 321// 572// 573//
f 321// 573// 344//
f 344// 573// 476//
f 344// 476// 362//
f 362// 476// 478//
f 362// 478// 444//
f 421// 307// 172//
f 172// 307// 315//
f 172// 315// 508//
f 508// 315// 327//
f 508// 327// 506//
f 506// 327// 325//
f 506// 325// 513//
f 513// 325// 358//
f 513// 358// 261//
f 261// 358// 357//
f 261// 357// 256//
f 256// 357// 451//
f 256// 451// 498//
f 509// 539// 184//
f 184// 539// 574//
f 184// 574// 171//
f 171// 574// 575//
f 171// 575// 170//
f 65// 67// 2//
f 2// 67// 576//
f 2// 576// 3//
f 3// 576// 577//
f 3// 577// 198//
f 198// 577// 578//
f 198// 578// 246//
f 246// 578// 579//
f 246// 579// 248//
f 248// 579// 580//
f 248// 580// 532//
f 532// 580// 581//
f 532// 581// 539//
f 539// 581// 582//
f 539// 582// 574//
f 574// 582// 583//
f 574// 583// 575//
f 424// 443// 584//
f 584// 443// 585//
f 584// 585// 586//
f 583// 587// 575//
f 575// 587// 588//
f 575// 588// 170//
f 170// 588// 441//
f 170// 441// 422//
f 422// 441// 443//
f 422// 443// 589//
f 589// 443// 424//
f 589// 424// 590//
f 590// 424// 432//
f 591// 592// 593//
f 594// 595// 596//
f 593// 597// 591//
f 591// 597// 594//
f 591// 594// 598//
f 598// 594// 596//
f 599// 600// 601//
f 601// 600// 602//
f 603// 604// 602//
f 602// 604// 591//
f 602// 591// 601//
f 601// 591// 598//
f 605// 606// 607//
f 607// 606// 604//
f 607// 604// 608//
f 608// 604// 603//
f 608// 603// 609//
f 609// 603// 610//
f 611// 612// 613//
f 613// 614// 611//
f 611// 614// 615//
f 611// 615// 616//
f 617// 618// 619//
f 620// 621// 616//
f 619// 620// 617//
f 617// 620// 616//
f 617// 616// 622//
f 622// 616// 615//
f 622// 615// 623//
f 623// 615// 624//
f 625// 626// 627//
f 627// 626// 616//
f 627// 616// 628//
f 628// 616// 621//
f 628// 621// 629//
f 629// 621// 630//
f 631// 632// 633//
f 633// 634// 631//
f 631// 634// 635//
f 631// 635// 636//
f 637// 638// 636//
f 639// 640// 641//
f 641// 637// 639//
f 639// 637// 636//
f 639// 636// 642//
f 642// 636// 635//
f 642// 635// 643//
f 643// 635// 644//
f 645// 646// 647//
f 647// 646// 636//
f 647// 636// 648//
f 648// 636// 638//
f 648// 638// 649//
f 649// 638// 650//
f 651// 652// 653//
f 653// 652// 654//
f 653// 654// 655//
f 655// 654// 656//
f 655// 656// 657//
f 657// 658// 655//
f 655// 658// 659//
f 655// 659// 660//
f 660// 661// 655//
f 655// 661// 662//
f 655// 662// 663//
f 663// 662// 664//
f 663// 664// 665//
f 666// 667// 668//
f 668// 667// 669//
f 669// 670// 668//
f 668// 670// 671//
f 668// 671// 653//
f 653// 671// 672//
f 653// 672// 651//
f 665// 673// 663//
f 663// 673// 674//
f 663// 674// 675//
f 675// 676// 663//
f 663// 676// 677//
f 663// 677// 668//
f 668// 677// 678//
f 668// 678// 666//
f 393// 394// 679//
f 680// 641// 640//
f 681// 609// 610//
f 629// 630// 682//
f 682// 630// 683//
f 370// 369// 684//
f 684// 369// 685//
f 596// 595// 686//
f 686// 595// 687//
f 679// 394// 687//
f 687// 394// 688//
f 687// 688// 686//
f 619// 618// 689//
f 689// 618// 690//
f 396// 395// 691//
f 691// 395// 692//
f 592// 693// 694//
f 695// 623// 624//
f 696// 697// 625//
f 625// 697// 633//
f 625// 633// 632//
f 698// 409// 408//
f 694// 699// 592//
f 592// 699// 700//
f 592// 700// 701//
f 679// 593// 393//
f 393// 593// 592//
f 393// 592// 702//
f 702// 592// 701//
f 703// 600// 599//
f 643// 644// 704//
f 704// 644// 696//
f 606// 605// 705//
f 691// 706// 685//
f 685// 706// 682//
f 685// 682// 684//
f 684// 682// 683//
f 684// 683// 689//
f 707// 708// 632//
f 632// 708// 626//
f 632// 626// 625//
f 624// 709// 695//
f 695// 709// 710//
f 695// 710// 690//
f 690// 710// 686//
f 690// 686// 689//
f 689// 686// 688//
f 689// 688// 684//
f 711// 606// 712//
f 707// 713// 708//
f 708// 713// 714//
f 708// 714// 715//
f 716// 587// 717//
f 717// 587// 646//
f 717// 646// 645//
f 649// 650// 718//
f 718// 650// 719//
f 720// 721// 722//
f 723// 724// 709//
f 709// 724// 703//
f 709// 703// 710//
f 710// 703// 599//
f 610// 724// 681//
f 681// 724// 723//
f 681// 723// 705//
f 705// 723// 613//
f 705// 613// 606//
f 606// 613// 612//
f 606// 612// 712//
f 408// 720// 698//
f 698// 720// 722//
f 698// 722// 692//
f 692// 722// 704//
f 692// 704// 691//
f 691// 704// 696//
f 691// 696// 706//
f 706// 696// 625//
f 725// 726// 727//
f 727// 726// 728//
f 587// 543// 646//
f 646// 543// 726//
f 646// 726// 729//
f 729// 726// 725//
f 717// 718// 716//
f 716// 718// 719//
f 716// 719// 721//
f 721// 719// 680//
f 721// 680// 722//
f 722// 680// 640//
f 730// 731// 712//
f 712// 731// 732//
f 712// 732// 711//
usemtl 2
f 733// 734// 634//
f 634// 734// 635//
f 635// 734// 644//
f 644// 734// 735//
f 644// 735// 696//
f 696// 735// 736//
f 736// 737// 696//
f 696// 737// 697//
f 697// 737// 633//
f 633// 737// 738//
f 633// 738// 634//
f 634// 738// 733//
f 735// 734// 738//
f 738// 734// 733//
f 737// 736// 738//
f 738// 736// 735//
f 739// 740// 363//
f 363// 740// 365//
f 716// 741// 587//
f 587// 741// 742//
f 587// 742// 363//
f 363// 742// 739//
f 365// 740// 408//
f 408// 740// 743//
f 408// 743// 720//
f 720// 743// 744//
f 744// 745// 720//
f 720// 745// 721//
f 745// 741// 721//
f 721// 741// 716//
f 743// 740// 742//
f 742// 740// 739//
f 745// 744// 741//
f 741// 744// 743//
f 741// 743// 742//
f 746// 747// 642//
f 642// 747// 639//
f 639// 747// 640//
f 640// 747// 748//
f 640// 748// 722//
f 722// 748// 749//
f 749// 750// 722//
f 722// 750// 704//
f 704// 750// 643//
f 643// 750// 751//
f 643// 751// 642//
f 642// 751// 746//
f 748// 747// 751//
f 751// 747// 746//
f 750// 749// 751//
f 751// 749// 748//
f 752// 753// 637//
f 637// 753// 638//
f 638// 753// 650//
f 650// 753// 754//
f 650// 754// 719//
f 719// 754// 755//
f 755// 756// 719//
f 719// 756// 680//
f 680// 756// 641//
f 641// 756// 757//
f 641// 757// 637//
f 637// 757// 752//
f 754// 753// 757//
f 757// 753// 752//
f 756// 755// 757//
f 757// 755// 754//
f 758// 759// 648//
f 648// 759// 647//
f 647// 759// 645//
f 645// 759// 760//
f 645// 760// 717//
f 717// 760// 761//
f 761// 762// 717//
f 717// 762// 718//
f 718// 762// 649//
f 649// 762// 763//
f 649// 763// 648//
f 648// 763// 758//
f 760// 759// 763//
f 763// 759// 758//
f 762// 761// 763//
f 763// 761// 760//
f 764// 765// 420//
f 420// 765// 407//
f 407// 765// 395//
f 395// 765// 766//
f 395// 766// 692//
f 692// 766// 767//
f 767// 768// 692//
f 692// 768// 698//
f 698// 768// 409//
f 409// 768// 769//
f 409// 769// 420//
f 420// 769// 764//
f 766// 765// 769//
f 769// 765// 764//
f 768// 767// 769//
f 769// 767// 766//
f 770// 771// 367//
f 367// 771// 368//
f 368// 771// 369//
f 369// 771// 772//
f 369// 772// 685//
f 685// 772// 773//
f 773// 774// 685//
f 685// 774// 691//
f 691// 774// 396//
f 396// 774// 775//
f 396// 775// 367//
f 367// 775// 770//
f 772// 771// 775//
f 775// 771// 770//
f 774// 773// 775//
f 775// 773// 772//
f 776// 777// 381//
f 381// 777// 382//
f 382// 777// 394//
f 394// 777// 778//
f 394// 778// 688//
f 688// 778// 779//
f 779// 780// 688//
f 688// 780// 684//
f 684// 780// 370//
f 370// 780// 781//
f 370// 781// 381//
f 381// 781// 776//
f 778// 777// 781//
f 781// 777// 776//
f 780// 779// 781//
f 781// 779// 778//
f 782// 783// 597//
f 597// 783// 594//
f 594// 783// 595//
f 595// 783// 784//
f 595// 784// 687//
f 687// 784// 785//
f 785// 786// 687//
f 687// 786// 679//
f 679// 786// 593//
f 593// 786// 787//
f 593// 787// 597//
f 597// 787// 782//
f 784// 783// 787//
f 787// 783// 782//
f 787// 786// 784//
f 784// 786// 785//
f 788// 789// 598//
f 598// 789// 601//
f 601// 789// 599//
f 599// 789// 790//
f 599// 790// 710//
f 710// 790// 791//
f 791// 792// 710//
f 710// 792// 686//
f 686// 792// 596//
f 596// 792// 793//
f 596// 793// 598//
f 598// 793// 788//
f 790// 789// 793//
f 793// 789// 788//
f 793// 792// 790//
f 790// 792// 791//
f 794// 795// 602//
f 602// 795// 603//
f 603// 795// 610//
f 610// 795// 796//
f 610// 796// 724//
f 724// 796// 797//
f 797// 798// 724//
f 724// 798// 703//
f 703// 798// 600//
f 600// 798// 799//
f 600// 799// 602//
f 602// 799// 794//
f 796// 795// 799//
f 799// 795// 794//
f 799// 798// 796//
f 796// 798// 797//
f 800// 801// 608//
f 608// 801// 607//
f 607// 801// 605//
f 605// 801// 802//
f 605// 802// 705//
f 705// 802// 803//
f 803// 804// 705//
f 705// 804// 681//
f 681// 804// 609//
f 609// 804// 805//
f 609// 805// 608//
f 608// 805// 800//
f 802// 801// 805//
f 805// 801// 800//
f 805// 804// 802//
f 802// 804// 803//
f 806// 807// 614//
f 614// 807// 615//
f 615// 807// 624//
f 624// 807// 808//
f 624// 808// 709//
f 709// 808// 809//
f 809// 810// 709//
f 709// 810// 723//
f 723// 810// 613//
f 613// 810// 811//
f 613// 811// 614//
f 614// 811// 806//
f 808// 807// 811//
f 811// 807// 806//
f 811// 810// 808//
f 808// 810// 809//
f 812// 813// 622//
f 622// 813// 617//
f 617// 813// 618//
f 618// 813// 814//
f 618// 814// 690//
f 690// 814// 815//
f 815// 816// 690//
f 690// 816// 695//
f 695// 816// 623//
f 623// 816// 817//
f 623// 817// 622//
f 622// 817// 812//
f 814// 813// 817//
f 817// 813// 812//
f 817// 816// 814//
f 814// 816// 815//
f 818// 819// 620//
f 620// 819// 621//
f 621// 819// 630//
f 630// 819// 820//
f 630// 820// 683//
f 683// 820// 821//
f 821// 822// 683//
f 683// 822// 689//
f 689// 822// 619//
f 619// 822// 823//
f 619// 823// 620//
f 620// 823// 818//
f 820// 819// 823//
f 823// 819// 818//
f 823// 822// 820//
f 820// 822// 821//
f 628// 824// 627//
f 627// 824// 825//
f 627// 825// 625//
f 625// 825// 826//
f 625// 826// 706//
f 706// 826// 827//
f 827// 828// 706//
f 706// 828// 682//
f 682// 828// 629//
f 629// 828// 829//
f 629// 829// 628//
f 628// 829// 824//
f 826// 825// 829//
f 829// 825// 824//
f 828// 827// 829//
f 829// 827// 826//
f 830// 656// 831//
f 831// 656// 654//
f 831// 654// 832//
f 832// 654// 652//
f 832// 652// 833//
f 833// 652// 651//
f 833// 651// 834//
f 834// 651// 672//
f 834// 672// 835//
f 835// 672// 671//
f 835// 671// 836//
f 836// 671// 670//
f 836// 670// 837//
f 837// 670// 669//
f 837// 669// 838//
f 838// 669// 667//
f 838// 667// 839//
f 839// 667// 666//
f 839// 666// 840//
f 840// 666// 678//
f 840// 678// 841//
f 841// 678// 677//
f 841// 677// 842//
f 842// 677// 676//
f 842// 676// 843//
f 843// 676// 675//
f 843// 675// 844//
f 844// 675// 674//
f 844// 674// 845//
f 845// 674// 673//
f 845// 673// 846//
f 846// 673// 665//
f 846// 665// 847//
f 847// 665// 664//
f 847// 664// 848//
f 848// 664// 662//
f 848// 662// 849//
f 849// 662// 661//
f 849// 661// 850//
f 850// 661// 660//
f 850// 660// 851//
f 851// 660// 659//
f 851// 659// 852//
f 852// 659// 658//
f 852// 658// 853//
f 853// 658// 657//
f 853// 657// 830//
f 830// 657// 656//
f 852// 853// 854//
f 854// 853// 830//
f 854// 830// 831//
f 849// 850// 854//
f 854// 850// 851//
f 854// 851// 852//
f 846// 847// 854//
f 854// 847// 848//
f 854// 848// 849//
f 843// 844// 854//
f 854// 844// 845//
f 854// 845// 846//
f 840// 841// 854//
f 854// 841// 842//
f 854// 842// 843//
f 837// 838// 854//
f 854// 838// 839//
f 854// 839// 840//
f 834// 835// 854//
f 854// 835// 836//
f 854// 836// 837//
f 831// 832// 854//
f 854// 832// 833//
f 854// 833// 834//
usemtl 1
f 616// 626// 708//
f 616// 708// 855//
f 855// 708// 715//
f 855// 715// 856//
f 856// 715// 714//
f 856// 714// 857//
f 857// 714// 713//
f 857// 713// 858//
f 858// 713// 707//
f 858// 707// 859//
f 859// 707// 632//
f 859// 632// 631//
f 631// 860// 861//
f 862// 863// 864//
f 668// 865// 866//
f 864// 863// 668//
f 867// 668// 863//
f 867// 863// 868//
f 868// 863// 862//
f 868// 862// 869//
f 870// 668// 867//
f 871// 872// 873//
f 873// 872// 866//
f 873// 866// 874//
f 874// 866// 865//
f 874// 865// 875//
f 870// 867// 876//
f 876// 867// 868//
f 876// 868// 877//
f 877// 868// 869//
f 877// 869// 878//
f 879// 871// 880//
f 880// 871// 873//
f 880// 873// 881//
f 881// 873// 874//
f 881// 874// 882//
f 882// 874// 875//
f 882// 875// 883//
f 884// 879// 885//
f 885// 879// 880//
f 885// 880// 886//
f 886// 880// 881//
f 886// 881// 887//
f 887// 881// 882//
f 887// 882// 888//
f 888// 882// 883//
f 888// 883// 889//
f 860// 884// 861//
f 861// 884// 885//
f 861// 885// 890//
f 890// 885// 886//
f 890// 886// 891//
f 891// 886// 887//
f 891// 887// 892//
f 892// 887// 888//
f 892// 888// 893//
f 893// 888// 889//
f 893// 889// 894//
f 631// 861// 859//
f 859// 861// 890//
f 859// 890// 858//
f 858// 890// 891//
f 858// 891// 857//
f 857// 891// 892//
f 857// 892// 856//
f 856// 892// 893//
f 856// 893// 855//
f 855// 893// 894//
f 855// 894// 616//
f 872// 668// 866//
f 860// 878// 884//
f 884// 878// 869//
f 884// 869// 879//
f 879// 869// 862//
f 879// 862// 871//
f 871// 862// 864//
f 871// 864// 872//
f 872// 864// 668//
f 636// 646// 729//
f 636// 729// 895//
f 895// 729// 725//
f 895// 725// 896//
f 896// 725// 727//
f 896// 727// 897//
f 897// 727// 728//
f 897// 728// 898//
f 898// 728// 726//
f 898// 726// 899//
f 899// 726// 543//
f 899// 543// 549//
f 663// 668// 870//
f 663// 870// 900//
f 900// 870// 876//
f 900// 876// 901//
f 901// 876// 877//
f 901// 877// 902//
f 902// 877// 878//
f 902// 878// 903//
f 903// 878// 860//
f 903// 860// 904//
f 904// 860// 631//
f 904// 631// 636//
f 668// 653// 905//
f 668// 905// 865//
f 865// 905// 906//
f 865// 906// 875//
f 875// 906// 907//
f 875// 907// 883//
f 883// 907// 908//
f 883// 908// 889//
f 889// 908// 909//
f 889// 909// 894//
f 894// 909// 611//
f 894// 611// 616//
f 604// 606// 711//
f 604// 711// 910//
f 910// 711// 732//
f 910// 732// 911//
f 911// 732// 731//
f 911// 731// 912//
f 912// 731// 730//
f 912// 730// 913//
f 913// 730// 712//
f 913// 712// 914//
f 914// 712// 612//
f 914// 612// 611//
f 549// 915// 916//
f 917// 918// 919//
f 663// 900// 920//
f 919// 918// 663//
f 921// 663// 918//
f 921// 918// 922//
f 922// 918// 917//
f 922// 917// 923//
f 924// 663// 921//
f 925// 926// 927//
f 927// 926// 920//
f 927// 920// 928//
f 928// 920// 900//
f 928// 900// 901//
f 924// 921// 929//
f 929// 921// 922//
f 929// 922// 930//
f 930// 922// 923//
f 930// 923// 931//
f 932// 925// 933//
f 933// 925// 927//
f 933// 927// 934//
f 934// 927// 928//
f 934// 928// 935//
f 935// 928// 901//
f 935// 901// 902//
f 936// 932// 937//
f 937// 932// 933//
f 937// 933// 938//
f 938// 933// 934//
f 938// 934// 939//
f 939// 934// 935//
f 939// 935// 940//
f 940// 935// 902//
f 940// 902// 903//
f 915// 936// 916//
f 916// 936// 937//
f 916// 937// 941//
f 941// 937// 938//
f 941// 938// 942//
f 942// 938// 939//
f 942// 939// 943//
f 943// 939// 940//
f 943// 940// 944//
f 944// 940// 903//
f 944// 903// 904//
f 549// 916// 899//
f 899// 916// 941//
f 899// 941// 898//
f 898// 941// 942//
f 898// 942// 897//
f 897// 942// 943//
f 897// 943// 896//
f 896// 943// 944//
f 896// 944// 895//
f 895// 944// 904//
f 895// 904// 636//
f 926// 663// 920//
f 915// 931// 936//
f 936// 931// 923//
f 936// 923// 932//
f 932// 923// 917//
f 932// 917// 925//
f 925// 917// 919//
f 925// 919// 926//
f 926// 919// 663//
f 611// 909// 945//
f 946// 947// 948//
f 653// 949// 950//
f 948// 947// 653//
f 951// 653// 947//
f 951// 947// 952//
f 952// 947// 946//
f 952// 946// 953//
f 905// 653// 951//
f 954// 955// 956//
f 956// 955// 950//
f 956// 950// 957//
f 957// 950// 949//
f 957// 949// 958//
f 905// 951// 906//
f 906// 951// 952//
f 906// 952// 907//
f 907// 952// 953//
f 907// 953// 908//
f 959// 954// 960//
f 960// 954// 956//
f 960// 956// 961//
f 961// 956// 957//
f 961// 957// 962//
f 962// 957// 958//
f 962// 958// 963//
f 964// 959// 965//
f 965// 959// 960//
f 965// 960// 966//
f 966// 960// 961//
f 966// 961// 967//
f 967// 961// 962//
f 967// 962// 968//
f 968// 962// 963//
f 968// 963// 969//
f 909// 964// 945//
f 945// 964// 965//
f 945// 965// 970//
f 970// 965// 966//
f 970// 966// 971//
f 971// 966// 967//
f 971// 967// 972//
f 972// 967// 968//
f 972// 968// 973//
f 973// 968// 969//
f 973// 969// 974//
f 611// 945// 914//
f 914// 945// 970//
f 914// 970// 913//
f 913// 970// 971//
f 913// 971// 912//
f 912// 971// 972//
f 912// 972// 911//
f 911// 972// 973//
f 911// 973// 910//
f 910// 973// 974//
f 910// 974// 604//
f 955// 653// 950//
f 909// 908// 964//
f 964// 908// 953//
f 964// 953// 959//
f 959// 953// 946//
f 959// 946// 954//
f 954// 946// 948//
f 954// 948// 955//
f 955// 948// 653//
f 655// 663// 924//
f 655// 924// 975//
f 975// 924// 929//
f 975// 929// 976//
f 976// 929// 930//
f 976// 930// 977//
f 977// 930// 931//
f 977// 931// 978//
f 978// 931// 915//
f 978// 915// 979//
f 979// 915// 549//
f 979// 549// 366//
f 653// 655// 980//
f 653// 980// 949//
f 949// 980// 981//
f 949// 981// 958//
f 958// 981// 982//
f 958// 982// 963//
f 963// 982// 983//
f 963// 983// 969//
f 969// 983// 984//
f 969// 984// 974//
f 974// 984// 591//
f 974// 591// 604//
f 985// 986// 987//
f 988// 989// 990//
f 991// 992// 993//
f 994// 995// 996//
f 997// 998// 999//
f 1000// 591// 984//
f 998// 1000// 999//
f 999// 1000// 984//
f 999// 984// 1001//
f 1001// 984// 983//
f 1001// 983// 1002//
f 1002// 983// 982//
f 1002// 982// 1003//
f 1003// 982// 981//
f 1003// 981// 1004//
f 1004// 981// 980//
f 1004// 980// 655//
f 995// 997// 996//
f 996// 997// 999//
f 996// 999// 1005//
f 1005// 999// 1001//
f 1005// 1001// 1006//
f 1006// 1001// 1002//
f 1006// 1002// 1007//
f 1007// 1002// 1003//
f 1007// 1003// 1008//
f 1008// 1003// 1004//
f 1008// 1004// 655//
f 992// 994// 993//
f 993// 994// 996//
f 993// 996// 1009//
f 1009// 996// 1005//
f 1009// 1005// 1010//
f 1010// 1005// 1006//
f 1010// 1006// 1011//
f 1011// 1006// 1007//
f 1011// 1007// 1012//
f 1012// 1007// 1008//
f 1012// 1008// 655//
f 989// 991// 990//
f 990// 991// 993//
f 990// 993// 1013//
f 1013// 993// 1009//
f 1013// 1009// 1014//
f 1014// 1009// 1010//
f 1014// 1010// 1015//
f 1015// 1010// 1011//
f 1015// 1011// 1016//
f 1016// 1011// 1012//
f 1016// 1012// 655//
f 986// 988// 987//
f 987// 988// 990//
f 987// 990// 1017//
f 1017// 990// 1013//
f 1017// 1013// 1018//
f 1018// 1013// 1014//
f 1018// 1014// 1019//
f 1019// 1014// 1015//
f 1019// 1015// 1020//
f 1020// 1015// 1016//
f 1020// 1016// 655//
f 366// 985// 979//
f 979// 985// 987//
f 979// 987// 978//
f 978// 987// 1017//
f 978// 1017// 977//
f 977// 1017// 1018//
f 977// 1018// 976//
f 976// 1018// 1019//
f 976// 1019// 975//
f 975// 1019// 1020//
f 975// 1020// 655//
f 393// 702// 366//
f 366// 702// 985//
f 985// 702// 986//
f 986// 702// 701//
f 986// 701// 988//
f 988// 701// 989//
f 989// 701// 700//
f 989// 700// 991//
f 699// 994// 700//
f 700// 994// 992//
f 700// 992// 991//
f 1000// 998// 694//
f 694// 998// 997//
f 694// 997// 699//
f 699// 997// 995//
f 699// 995// 994//
f 694// 693// 1000//
f 1000// 693// 592//
f 1000// 592// 591//
usemtl 2
f 1021// 1022// 550//
f 550// 1022// 551//
f 1023// 1021// 554//
f 554// 1021// 550//
f 1024// 1023// 553//
f 553// 1023// 554//
f 1025// 1024// 555//
f 555// 1024// 553//
f 1026// 1025// 552//
f 552// 1025// 555//
f 1022// 1026// 551//
f 551// 1026// 552//
f 1024// 1025// 1023//
f 1023// 1025// 1026//
f 1023// 1026// 1021//
f 1021// 1026// 1022//
f 498// 451// 1027//
f 1027// 451// 1028//
f 451// 450// 1028//
f 1028// 450// 449//
f 1028// 449// 1029//
f 1029// 449// 448//
f 1029// 448// 1030//
f 1031// 1030// 447//
f 447// 1030// 448//
f 1031// 447// 453//
f 1031// 453// 1032//
f 1032// 453// 452//
f 1032// 452// 1033//
f 1033// 452// 468//
f 1033// 468// 1034//
f 1034// 468// 467//
f 1034// 467// 1035//
f 1035// 467// 466//
f 1035// 466// 1036//
f 1036// 466// 472//
f 1036// 472// 1037//
f 1037// 472// 465//
f 1037// 465// 1038//
f 1038// 465// 464//
f 1038// 464// 1039//
f 1039// 464// 463//
f 1039// 463// 1040//
f 1040// 463// 454//
f 1040// 454// 1041//
f 1041// 454// 455//
f 1041// 455// 1042//
f 1042// 455// 458//
f 1042// 458// 1043//
f 1043// 458// 457//
f 1043// 457// 1044//
f 1044// 457// 456//
f 1044// 456// 1045//
f 1045// 456// 471//
f 1045// 471// 1046//
f 1046// 471// 470//
f 1046// 470// 1047//
f 1047// 470// 462//
f 1047// 462// 1048//
f 1048// 462// 461//
f 1048// 461// 1049//
f 1049// 461// 460//
f 1049// 460// 1050//
f 1050// 460// 459//
f 1050// 459// 1051//
f 1051// 459// 469//
f 1051// 469// 1052//
f 1052// 469// 446//
f 1052// 446// 1053//
f 1054// 1053// 445//
f 445// 1053// 446//
f 474// 1055// 1056//
f 1054// 445// 444//
f 1054// 444// 1057//
f 1057// 444// 478//
f 1057// 478// 1056//
f 1056// 478// 477//
f 1056// 477// 474//
f 474// 473// 1055//
f 1055// 473// 1058//
f 473// 480// 1058//
f 1058// 480// 481//
f 1058// 481// 1059//
f 1059// 481// 484//
f 1059// 484// 1060//
f 1060// 484// 483//
f 1060// 483// 1061//
f 1061// 483// 482//
f 1061// 482// 1062//
f 1062// 482// 492//
f 1062// 492// 1063//
f 492// 491// 1063//
f 1063// 491// 489//
f 1063// 489// 1064//
f 1064// 489// 488//
f 1064// 488// 1065//
f 1065// 488// 486//
f 1065// 486// 1066//
f 1066// 486// 485//
f 1066// 485// 1067//
f 485// 497// 1067//
f 1067// 497// 496//
f 1067// 496// 1068//
f 1068// 496// 494//
f 1068// 494// 1069//
f 498// 1027// 1070//
f 1069// 494// 493//
f 1069// 493// 1071//
f 1071// 493// 501//
f 1071// 501// 1072//
f 1072// 501// 500//
f 1072// 500// 1070//
f 1070// 500// 499//
f 1070// 499// 498//
f 1052// 1053// 1054//
f 1039// 1040// 1066//
f 1043// 1044// 1062//
f 1066// 1040// 1065//
f 1062// 1044// 1061//
f 1052// 1054// 1051//
f 1051// 1054// 1057//
f 1051// 1057// 1050//
f 1050// 1057// 1056//
f 1050// 1056// 1049//
f 1049// 1056// 1055//
f 1049// 1055// 1048//
f 1048// 1055// 1058//
f 1048// 1058// 1047//
f 1058// 1059// 1047//
f 1047// 1059// 1060//
f 1047// 1060// 1046//
f 1046// 1060// 1061//
f 1046// 1061// 1045//
f 1045// 1061// 1044//
f 1066// 1067// 1039//
f 1039// 1067// 1068//
f 1039// 1068// 1038//
f 1038// 1068// 1069//
f 1038// 1069// 1037//
f 1037// 1069// 1071//
f 1037// 1071// 1036//
f 1036// 1071// 1072//
f 1036// 1072// 1035//
f 1035// 1072// 1070//
f 1035// 1070// 1034//
f 1034// 1070// 1027//
f 1034// 1027// 1033//
f 1033// 1027// 1028//
f 1033// 1028// 1032//
f 1032// 1028// 1029//
f 1032// 1029// 1031//
f 1031// 1029// 1030//
f 1040// 1041// 1065//
f 1065// 1041// 1042//
f 1065// 1042// 1064//
f 1064// 1042// 1043//
f 1064// 1043// 1063//
f 1063// 1043// 1062//
f 1073// 1074// 352//
f 352// 1074// 359//
f 347// 1075// 348//
f 348// 1075// 1073//
f 348// 1073// 352//
f 1076// 1075// 349//
f 349// 1075// 347//
f 351// 1077// 350//
f 350// 1077// 1076//
f 350// 1076// 349//
f 1078// 1077// 353//
f 353// 1077// 351//
f 8// 1079// 9//
f 9// 1079// 1078//
f 9// 1078// 353//
f 1080// 1079// 7//
f 7// 1079// 8//
f 354// 1081// 355//
f 355// 1081// 1080//
f 355// 1080// 7//
f 1082// 1081// 345//
f 345// 1081// 354//
f 361// 1083// 346//
f 346// 1083// 1082//
f 346// 1082// 345//
f 1084// 1083// 356//
f 356// 1083// 361//
f 359// 1074// 360//
f 360// 1074// 1084//
f 360// 1084// 356//
f 1084// 1074// 1073//
f 1073// 1075// 1084//
f 1084// 1075// 1076//
f 1084// 1076// 1083//
f 1081// 1082// 1080//
f 1080// 1082// 1083//
f 1080// 1083// 1079//
f 1079// 1083// 1076//
f 1079// 1076// 1078//
f 1078// 1076// 1077//
f 1085// 1086// 1087//
f 1087// 1086// 1088//
f 1087// 1088// 1089//
f 1089// 1088// 1090//
f 1089// 1090// 1091//
f 1091// 1090// 1092//
f 1091// 1092// 1093//
f 1093// 1092// 1094//
f 1093// 1094// 1095//
f 1095// 1094// 1096//
f 1095// 1096// 1097//
f 1097// 1096// 1098//
f 1097// 1098// 1099//
f 1099// 1098// 1100//
f 1099// 1100// 1101//
f 1101// 1100// 1102//
f 1101// 1102// 1103//
f 1103// 1102// 1104//
f 1103// 1104// 1105//
f 1105// 1104// 1106//
f 1105// 1106// 1107//
f 1107// 1106// 1108//
f 1107// 1108// 1109//
f 1109// 1108// 1110//
f 1109// 1110// 1111//
f 1111// 1110// 1112//
f 1111// 1112// 1113//
f 1113// 1112// 1114//
f 1113// 1114// 1115//
f 1115// 1114// 1116//
f 1115// 1116// 1117//
f 1117// 1116// 1118//
f 1117// 1118// 1119//
f 1119// 1118// 1120//
f 1119// 1120// 1085//
f 1085// 1120// 1086//
f 1100// 1098// 326//
f 326// 1098// 324//
f 1100// 326// 328//
f 1100// 328// 1102//
f 1102// 328// 337//
f 1102// 337// 1104//
f 337// 336// 1104//
f 1104// 336// 335//
f 1104// 335// 1106//
f 1106// 335// 333//
f 1106// 333// 1108//
f 1108// 333// 332//
f 1108// 332// 1110//
f 1110// 332// 331//
f 1110// 331// 1112//
f 1112// 331// 343//
f 1112// 343// 1114//
f 1114// 343// 342//
f 1114// 342// 1116//
f 1116// 342// 341//
f 1116// 341// 1118//
f 1118// 341// 330//
f 1118// 330// 1120//
f 1120// 330// 329//
f 1120// 329// 1086//
f 1086// 329// 334//
f 1086// 334// 1088//
f 322// 1094// 1092//
f 1088// 334// 340//
f 1088// 340// 1090//
f 1090// 340// 339//
f 1090// 339// 1092//
f 1092// 339// 338//
f 1092// 338// 322//
f 1096// 1094// 323//
f 323// 1094// 322//
f 1098// 1096// 324//
f 324// 1096// 323//
f 1093// 1095// 1121//
f 1121// 1095// 1122//
f 1095// 1097// 1122//
f 1122// 1097// 1123//
f 1097// 1099// 1123//
f 1123// 1099// 1124//
f 1107// 1125// 1126//
f 1107// 1126// 1105//
f 1105// 1126// 1127//
f 1105// 1127// 1103//
f 1103// 1127// 1128//
f 1103// 1128// 1101//
f 1101// 1128// 1124//
f 1101// 1124// 1099//
f 1115// 1129// 1130//
f 1115// 1130// 1113//
f 1113// 1130// 1131//
f 1113// 1131// 1111//
f 1111// 1131// 1132//
f 1111// 1132// 1109//
f 1109// 1132// 1125//
f 1109// 1125// 1107//
f 1087// 1133// 1134//
f 1087// 1134// 1085//
f 1085// 1134// 1135//
f 1085// 1135// 1119//
f 1119// 1135// 1136//
f 1119// 1136// 1117//
f 1117// 1136// 1129//
f 1117// 1129// 1115//
f 1093// 1121// 1137//
f 1093// 1137// 1091//
f 1091// 1137// 1138//
f 1091// 1138// 1089//
f 1089// 1138// 1133//
f 1089// 1133// 1087//
usemtl 1
f 1122// 1123// 1121//
f 1121// 1123// 1124//
f 1121// 1126// 1125//
f 1124// 1128// 1121//
f 1121// 1128// 1127//
f 1121// 1127// 1126//
f 1125// 1132// 1121//
f 1121// 1132// 1131//
f 1121// 1131// 1130//
f 1130// 1129// 1121//
f 1121// 1129// 1136//
f 1121// 1136// 1135//
f 1135// 1134// 1121//
f 1121// 1134// 1133//
f 1121// 1133// 1137//
f 1137// 1133// 1138//
usemtl 2
f 1139// 1140// 1141//
f 1141// 1140// 1142//
f 1143// 1144// 1139//
f 1139// 1144// 1145//
f 1139// 1145// 1140//
f 1140// 1145// 1146//
f 1143// 1147// 1144//
f 1144// 1147// 1148//
f 1144// 1148// 1149//
f 1149// 1148// 1150//
f 1149// 1150// 1151//
f 1151// 1152// 1149//
f 1149// 1152// 1141//
f 1149// 1141// 1153//
f 1153// 1141// 1142//
f 1153// 1142// 1154//
f 1149// 1153// 311//
f 311// 1153// 308//
f 1144// 1149// 319//
f 319// 1149// 311//
f 316// 1145// 318//
f 318// 1145// 1144//
f 318// 1144// 319//
f 1146// 1145// 314//
f 314// 1145// 316//
f 1140// 1146// 313//
f 313// 1146// 314//
f 304// 1142// 305//
f 305// 1142// 1140//
f 305// 1140// 313//
f 1154// 1142// 306//
f 306// 1142// 304//
f 1153// 1154// 308//
f 308// 1154// 306//
f 1139// 1141// 1155//
f 1155// 1141// 1156//
f 1141// 1152// 1156//
f 1156// 1152// 1157//
f 1150// 1158// 1159//
f 1150// 1159// 1151//
f 1151// 1159// 1157//
f 1151// 1157// 1152//
f 1150// 1148// 1158//
f 1158// 1148// 1160//
f 1143// 1161// 1162//
f 1143// 1162// 1147//
f 1147// 1162// 1160//
f 1147// 1160// 1148//
f 1143// 1139// 1161//
f 1161// 1139// 1155//
usemtl 1
f 1158// 1160// 1159//
f 1159// 1160// 1162//
f 1159// 1162// 1157//
f 1157// 1162// 1161//
f 1157// 1161// 1156//
f 1156// 1161// 1155//
usemtl 2
f 1163// 1164// 559//
f 559// 1164// 557//
f 1165// 1163// 562//
f 562// 1163// 559//
f 1166// 1165// 561//
f 561// 1165// 562//
f 1167// 1166// 563//
f 563// 1166// 561//
f 1168// 1167// 564//
f 564// 1167// 563//
f 1169// 1168// 565//
f 565// 1168// 564//
f 1170// 1169// 566//
f 566// 1169// 565//
f 1171// 1170// 560//
f 560// 1170// 566//
f 1172// 1171// 568//
f 568// 1171// 560//
f 1173// 1172// 567//
f 567// 1172// 568//
f 1174// 1173// 558//
f 558// 1173// 567//
f 1164// 1174// 557//
f 557// 1174// 558//
f 1174// 1164// 1163//
f 1163// 1165// 1174//
f 1174// 1165// 1166//
f 1174// 1166// 1173//
f 1171// 1172// 1170//
f 1170// 1172// 1173//
f 1170// 1173// 1169//
f 1169// 1173// 1166//
f 1169// 1166// 1168//
f 1168// 1166// 1167//
f 1175// 1176// 1177//
f 1178// 1179// 1180//
f 1181// 1182// 1183//
f 1183// 1182// 1184//
f 1185// 1186// 1179//
f 1179// 1186// 1182//
f 1179// 1182// 1180//
f 1180// 1182// 1181//
f 1175// 1177// 1187//
f 1187// 1177// 1188//
f 1187// 1188// 1189//
f 1188// 1184// 1189//
f 1189// 1184// 1182//
f 1189// 1182// 1190//
f 1190// 1182// 1191//
f 1190// 1191// 1192//
f 1192// 1191// 1193//
f 1192// 1193// 1194//
f 1194// 1193// 1195//
f 1194// 1195// 1196//
f 1196// 1195// 1197//
f 1196// 1197// 1198//
f 1198// 1197// 1199//
f 1198// 1199// 1200//
f 1200// 1199// 1201//
f 1200// 1201// 1202//
f 1202// 1201// 1203//
f 1202// 1203// 1204//
f 1204// 1203// 1205//
f 1204// 1205// 1206//
f 1206// 1205// 1207//
f 1206// 1207// 1208//
f 1208// 1207// 1209//
f 1180// 1210// 1178//
f 1178// 1210// 1211//
f 1178// 1211// 1212//
f 1212// 1211// 1213//
f 1212// 1213// 1214//
f 1214// 1213// 1215//
f 1214// 1215// 1216//
f 1216// 1215// 1217//
f 1216// 1217// 1218//
f 1218// 1217// 1219//
f 1218// 1219// 1220//
f 1220// 1219// 1221//
f 1220// 1221// 1222//
f 1222// 1221// 1223//
f 1222// 1223// 1224//
f 1224// 1223// 1225//
f 1224// 1225// 1226//
f 1226// 1225// 1227//
f 1176// 1175// 1228//
f 1228// 1175// 1229//
f 1228// 1229// 1230//
f 1230// 1229// 1231//
f 1230// 1231// 1232//
f 1232// 1231// 1233//
f 1232// 1233// 1234//
f 1233// 1235// 1234//
f 1234// 1235// 1236//
f 1234// 1236// 1237//
f 1237// 1236// 1238//
f 1237// 1238// 1239//
f 1239// 1238// 1240//
f 1239// 1240// 1241//
f 1241// 1240// 1242//
f 1241// 1242// 1227//
f 1227// 1242// 1243//
f 1227// 1243// 1226//
f 1203// 233// 204//
f 1203// 204// 1205//
f 1205// 204// 206//
f 1205// 206// 1207//
f 1207// 206// 207//
f 1207// 207// 1209//
f 1208// 1209// 187//
f 187// 1209// 207//
f 1208// 187// 210//
f 1208// 210// 1206//
f 1206// 210// 214//
f 1206// 214// 1204//
f 1204// 214// 213//
f 1204// 213// 1202//
f 1202// 213// 212//
f 1202// 212// 1200//
f 1200// 212// 244//
f 1200// 244// 1198//
f 1198// 244// 243//
f 1198// 243// 1196//
f 1196// 243// 239//
f 1196// 239// 1194//
f 1194// 239// 238//
f 1194// 238// 1192//
f 1192// 238// 237//
f 1192// 237// 1190//
f 1190// 237// 236//
f 1190// 236// 1189//
f 1187// 1189// 211//
f 211// 1189// 236//
f 1187// 211// 209//
f 1187// 209// 1175//
f 1175// 209// 208//
f 1175// 208// 1229//
f 1229// 208// 186//
f 1229// 186// 1231//
f 1231// 186// 188//
f 1231// 188// 1233//
f 1233// 188// 189//
f 1233// 189// 1235//
f 1235// 189// 230//
f 1235// 230// 1236//
f 1236// 230// 229//
f 1236// 229// 1238//
f 1238// 229// 203//
f 1238// 203// 1240//
f 1240// 203// 202//
f 1240// 202// 1242//
f 1242// 202// 216//
f 1242// 216// 1243//
f 1243// 216// 215//
f 1243// 215// 1226//
f 1226// 215// 201//
f 1226// 201// 1224//
f 1224// 201// 199//
f 1224// 199// 1222//
f 1222// 199// 503//
f 1222// 503// 1220//
f 1220// 503// 502//
f 1220// 502// 1218//
f 1218// 502// 197//
f 1218// 197// 1216//
f 197// 195// 1216//
f 1216// 195// 194//
f 1216// 194// 1214//
f 1214// 194// 225//
f 1214// 225// 1212//
f 1212// 225// 224//
f 1212// 224// 1178//
f 1179// 1178// 223//
f 223// 1178// 224//
f 1185// 1179// 196//
f 196// 1179// 223//
f 1186// 1185// 193//
f 193// 1185// 196//
f 1182// 1186// 191//
f 191// 1186// 193//
f 1182// 191// 226//
f 1182// 226// 1191//
f 1191// 226// 231//
f 1191// 231// 1193//
f 1193// 231// 222//
f 1193// 222// 1195//
f 1195// 222// 221//
f 1195// 221// 1197//
f 1197// 221// 235//
f 1197// 235// 1199//
f 1199// 235// 234//
f 1199// 234// 1201//
f 1201// 234// 233//
f 1201// 233// 1203//
f 1228// 1244// 1245//
f 1228// 1245// 1176//
f 1176// 1245// 1246//
f 1176// 1246// 1177//
f 1177// 1246// 1247//
f 1177// 1247// 1188//
f 1237// 1248// 1249//
f 1237// 1249// 1234//
f 1234// 1249// 1250//
f 1234// 1250// 1232//
f 1232// 1250// 1251//
f 1232// 1251// 1230//
f 1230// 1251// 1244//
f 1230// 1244// 1228//
f 1225// 1252// 1253//
f 1225// 1253// 1227//
f 1227// 1253// 1254//
f 1227// 1254// 1241//
f 1241// 1254// 1255//
f 1241// 1255// 1239//
f 1239// 1255// 1248//
f 1239// 1248// 1237//
f 1219// 1256// 1257//
f 1219// 1257// 1221//
f 1221// 1257// 1258//
f 1221// 1258// 1223//
f 1223// 1258// 1252//
f 1223// 1252// 1225//
f 1211// 1259// 1260//
f 1211// 1260// 1213//
f 1213// 1260// 1261//
f 1213// 1261// 1215//
f 1215// 1261// 1262//
f 1215// 1262// 1217//
f 1217// 1262// 1256//
f 1217// 1256// 1219//
f 1183// 1263// 1264//
f 1183// 1264// 1181//
f 1181// 1264// 1265//
f 1181// 1265// 1180//
f 1180// 1265// 1266//
f 1180// 1266// 1210//
f 1210// 1266// 1259//
f 1210// 1259// 1211//
f 1183// 1184// 1263//
f 1263// 1184// 1267//
f 1184// 1188// 1267//
f 1267// 1188// 1247//
usemtl 1
f 1267// 1247// 1263//
f 1263// 1247// 1246//
f 1246// 1245// 1263//
f 1263// 1245// 1244//
f 1263// 1244// 1264//
f 1264// 1244// 1265//
f 1265// 1244// 1251//
f 1265// 1251// 1266//
f 1253// 1252// 1260//
f 1253// 1260// 1254//
f 1261// 1260// 1262//
f 1262// 1260// 1256//
f 1251// 1250// 1266//
f 1266// 1250// 1249//
f 1266// 1249// 1259//
f 1259// 1249// 1248//
f 1259// 1248// 1260//
f 1260// 1248// 1255//
f 1260// 1255// 1254//
f 1252// 1258// 1260//
f 1260// 1258// 1257//
f 1260// 1257// 1256//
usemtl 2
f 190// 1268// 1269//
f 1270// 290// 287//
f 1270// 287// 1271//
f 1271// 287// 218//
f 1271// 218// 1269//
f 1269// 218// 217//
f 1269// 217// 190//
f 1272// 1268// 192//
f 192// 1268// 190//
f 192// 14// 1272//
f 1272// 14// 1273//
f 247// 1274// 245//
f 245// 1274// 1273//
f 245// 1273// 13//
f 13// 1273// 14//
f 247// 11// 1274//
f 1274// 11// 1275//
f 11// 10// 1275//
f 1275// 10// 268//
f 1275// 268// 1276//
f 1276// 268// 267//
f 1276// 267// 1277//
f 1277// 267// 253//
f 1277// 253// 1278//
f 1278// 253// 252//
f 1278// 252// 1279//
f 1279// 252// 251//
f 1279// 251// 1280//
f 1280// 251// 266//
f 1280// 266// 1281//
f 1281// 266// 265//
f 1281// 265// 1282//
f 1282// 265// 264//
f 1282// 264// 1283//
f 1283// 264// 263//
f 1283// 263// 1284//
f 1284// 263// 283//
f 1284// 283// 1285//
f 1285// 283// 282//
f 1285// 282// 1286//
f 1286// 282// 280//
f 1286// 280// 1287//
f 1287// 280// 278//
f 1287// 278// 1288//
f 1288// 278// 277//
f 1288// 277// 1289//
f 1289// 277// 276//
f 1289// 276// 1290//
f 1290// 276// 275//
f 1290// 275// 1291//
f 1291// 275// 274//
f 1291// 274// 1292//
f 1292// 274// 271//
f 1292// 271// 1293//
f 1293// 271// 286//
f 1293// 286// 1294//
f 1294// 286// 285//
f 1294// 285// 1295//
f 1295// 285// 284//
f 1295// 284// 1296//
f 1296// 284// 273//
f 1296// 273// 1297//
f 1297// 273// 272//
f 1297// 272// 1298//
f 1298// 272// 270//
f 1298// 270// 1299//
f 1299// 270// 269//
f 1299// 269// 1300//
f 1300// 269// 279//
f 1300// 279// 1301//
f 1301// 279// 281//
f 1301// 281// 1302//
f 1302// 281// 250//
f 1302// 250// 1303//
f 1304// 1303// 249//
f 249// 1303// 250//
f 1304// 249// 262//
f 1304// 262// 1305//
f 1305// 262// 260//
f 1305// 260// 1306//
f 1306// 260// 259//
f 1306// 259// 1307//
f 1307// 259// 258//
f 1307// 258// 1308//
f 1308// 258// 257//
f 1308// 257// 1309//
f 257// 255// 1309//
f 1309// 255// 1310//
f 255// 254// 1310//
f 1310// 254// 220//
f 1310// 220// 1311//
f 1311// 220// 228//
f 1311// 228// 1312//
f 1312// 228// 232//
f 1312// 232// 1313//
f 1313// 232// 227//
f 1313// 227// 1314//
f 1314// 227// 242//
f 1314// 242// 1315//
f 1315// 242// 241//
f 1315// 241// 1316//
f 1316// 241// 240//
f 219// 1317// 240//
f 240// 1317// 1318//
f 240// 1318// 1316//
f 219// 289// 1317//
f 1317// 289// 288//
f 1317// 288// 1319//
f 1319// 288// 292//
f 1319// 292// 1320//
f 1320// 292// 303//
f 1320// 303// 1321//
f 1321// 303// 302//
f 1321// 302// 1322//
f 1322// 302// 301//
f 1322// 301// 1323//
f 1323// 301// 295//
f 1323// 295// 1324//
f 1324// 295// 294//
f 1324// 294// 1325//
f 1325// 294// 300//
f 1325// 300// 1326//
f 1326// 300// 299//
f 1326// 299// 1327//
f 1327// 299// 298//
f 1327// 298// 1328//
f 1328// 298// 297//
f 1328// 297// 1329//
f 1329// 297// 296//
f 1329// 296// 1330//
f 1330// 296// 293//
f 1330// 293// 1331//
f 1331// 293// 291//
f 1331// 291// 1332//
f 1332// 291// 290//
f 1332// 290// 1270//
f 1296// 1297// 1308//
f 1308// 1297// 1307//
f 1320// 1287// 1319//
f 1319// 1287// 1288//
f 1276// 1277// 1328//
f 1328// 1277// 1278//
f 1328// 1278// 1327//
f 1327// 1278// 1279//
f 1327// 1279// 1326//
f 1326// 1279// 1280//
f 1326// 1280// 1325//
f 1325// 1280// 1281//
f 1325// 1281// 1324//
f 1324// 1281// 1282//
f 1324// 1282// 1323//
f 1323// 1282// 1283//
f 1323// 1283// 1322//
f 1322// 1283// 1284//
f 1322// 1284// 1321//
f 1321// 1284// 1285//
f 1321// 1285// 1320//
f 1320// 1285// 1286//
f 1320// 1286// 1287//
f 1274// 1270// 1273//
f 1273// 1270// 1271//
f 1273// 1271// 1272//
f 1272// 1271// 1269//
f 1272// 1269// 1268//
f 1297// 1298// 1307//
f 1307// 1298// 1299//
f 1307// 1299// 1306//
f 1306// 1299// 1300//
f 1306// 1300// 1305//
f 1305// 1300// 1301//
f 1305// 1301// 1304//
f 1304// 1301// 1302//
f 1304// 1302// 1303//
f 1328// 1329// 1276//
f 1276// 1329// 1330//
f 1276// 1330// 1275//
f 1275// 1330// 1331//
f 1275// 1331// 1274//
f 1274// 1331// 1332//
f 1274// 1332// 1270//
f 1308// 1309// 1296//
f 1296// 1309// 1310//
f 1296// 1310// 1295//
f 1295// 1310// 1311//
f 1295// 1311// 1294//
f 1294// 1311// 1312//
f 1294// 1312// 1293//
f 1293// 1312// 1313//
f 1293// 1313// 1292//
f 1292// 1313// 1314//
f 1292// 1314// 1291//
f 1291// 1314// 1315//
f 1291// 1315// 1290//
f 1290// 1315// 1316//
f 1290// 1316// 1289//
f 1289// 1316// 1318//
f 1289// 1318// 1288//
f 1288// 1318// 1317//
f 1288// 1317// 1319//
f 1333// 1334// 504//
f 504// 1334// 505//
f 1335// 1333// 515//
f 515// 1333// 504//
f 1335// 515// 516//
f 1335// 516// 1336//
f 1336// 516// 512//
f 1336// 512// 1337//
f 1338// 1337// 511//
f 511// 1337// 512//
f 1339// 1338// 510//
f 510// 1338// 511//
f 1339// 510// 1340//
f 1340// 510// 514//
f 1340// 514// 519//
f 1341// 1340// 518//
f 518// 1340// 519//
f 1341// 518// 1342//
f 1342// 518// 517//
f 1342// 517// 521//
f 523// 1343// 520//
f 520// 1343// 1342//
f 520// 1342// 521//
f 1343// 523// 524//
f 1343// 524// 1344//
f 1344// 524// 536//
f 1344// 536// 1345//
f 1345// 536// 535//
f 1345// 535// 1346//
f 1346// 535// 529//
f 1346// 529// 1347//
f 1347// 529// 528//
f 1347// 528// 1348//
f 1348// 528// 527//
f 1348// 527// 1349//
f 1349// 527// 525//
f 1349// 525// 1350//
f 1351// 1350// 526//
f 526// 1350// 525//
f 1351// 526// 534//
f 1351// 534// 1352//
f 1352// 534// 533//
f 1352// 533// 1353//
f 1353// 533// 531//
f 1353// 531// 1354//
f 1354// 531// 530//
f 1354// 530// 1355//
f 530// 542// 1355//
f 1355// 542// 541//
f 1355// 541// 1356//
f 1356// 541// 540//
f 1356// 540// 1357//
f 1357// 540// 538//
f 1357// 538// 1358//
f 1358// 538// 537//
f 1358// 537// 1359//
f 505// 1334// 509//
f 509// 1334// 1359//
f 509// 1359// 537//
f 1336// 1337// 1359//
f 1334// 1333// 1359//
f 1359// 1333// 1335//
f 1359// 1335// 1336//
f 1340// 1341// 1339//
f 1339// 1341// 1342//
f 1339// 1342// 1338//
f 1358// 1344// 1357//
f 1357// 1344// 1345//
f 1350// 1351// 1349//
f 1349// 1351// 1352//
f 1349// 1352// 1348//
f 1348// 1352// 1353//
f 1348// 1353// 1347//
f 1347// 1353// 1354//
f 1347// 1354// 1346//
f 1346// 1354// 1355//
f 1346// 1355// 1345//
f 1345// 1355// 1356//
f 1345// 1356// 1357//
f 1337// 1338// 1359//
f 1359// 1338// 1342//
f 1359// 1342// 1358//
f 1358// 1342// 1343//
f 1358// 1343// 1344//
f 1360// 1361// 168//
f 168// 1361// 169//
f 1360// 168// 1362//
f 1362// 168// 176//
f 1362// 176// 175//
f 1363// 1362// 177//
f 177// 1362// 175//
f 1363// 177// 1364//
f 1364// 177// 178//
f 1364// 178// 179//
f 1365// 1364// 180//
f 180// 1364// 179//
f 17// 1366// 18//
f 18// 1366// 1365//
f 18// 1365// 180//
f 1367// 1366// 16//
f 16// 1366// 17//
f 173// 1368// 181//
f 181// 1368// 1367//
f 181// 1367// 16//
f 1369// 1368// 174//
f 174// 1368// 173//
f 185// 1370// 507//
f 507// 1370// 1369//
f 507// 1369// 174//
f 1371// 1370// 183//
f 183// 1370// 185//
f 1371// 183// 1361//
f 1361// 183// 182//
f 1361// 182// 169//
f 1371// 1361// 1360//
f 1360// 1362// 1371//
f 1371// 1362// 1363//
f 1371// 1363// 1370//
f 1368// 1369// 1367//
f 1367// 1369// 1370//
f 1367// 1370// 1366//
f 1366// 1370// 1363//
f 1366// 1363// 1365//
f 1365// 1363// 1364//
f 1372// 1373// 1374//
f 1374// 1373// 1375//
f 1374// 1375// 1376//
f 1376// 1375// 1377//
f 1376// 1377// 1378//
f 1378// 1377// 1379//
f 1378// 1379// 1380//
f 1380// 1379// 1381//
f 1380// 1381// 1382//
f 1382// 1381// 1383//
f 1382// 1383// 1384//
f 1384// 1383// 1385//
f 1384// 1385// 1386//
f 1386// 1385// 1387//
f 1386// 1387// 1388//
f 1388// 1387// 1389//
f 1388// 1389// 1390//
f 1390// 1389// 1391//
f 1390// 1391// 1392//
f 1392// 1391// 1393//
f 1392// 1393// 1394//
f 1394// 1393// 1395//
f 1394// 1395// 1396//
f 1396// 1395// 1397//
f 1396// 1397// 1398//
f 1398// 1397// 1399//
f 1398// 1399// 1400//
f 1400// 1399// 1401//
f 1400// 1401// 1402//
f 1402// 1401// 1403//
f 1402// 1403// 1404//
f 1404// 1403// 1405//
f 1404// 1405// 1406//
f 1406// 1405// 1407//
f 1406// 1407// 1372//
f 1372// 1407// 1373//
f 1387// 1385// 422//
f 422// 1385// 423//
f 1387// 422// 589//
f 1387// 589// 1389//
f 1389// 589// 590//
f 1389// 590// 1391//
f 1391// 590// 432//
f 1391// 432// 1393//
f 1393// 432// 431//
f 1393// 431// 1395//
f 1395// 431// 430//
f 1395// 430// 1397//
f 1397// 430// 426//
f 1397// 426// 1399//
f 1399// 426// 425//
f 1399// 425// 1401//
f 1401// 425// 433//
f 1401// 433// 1403//
f 1403// 433// 434//
f 1403// 434// 1405//
f 1405// 434// 437//
f 1405// 437// 1407//
f 1407// 437// 436//
f 1407// 436// 1373//
f 1373// 436// 435//
f 1373// 435// 1375//
f 1375// 435// 440//
f 1375// 440// 1377//
f 1377// 440// 439//
f 1377// 439// 1379//
f 1379// 439// 438//
f 1379// 438// 1381//
f 1383// 1381// 427//
f 427// 1381// 438//
f 1385// 1383// 423//
f 423// 1383// 427//
f 1380// 1382// 1408//
f 1408// 1382// 1409//
f 1382// 1384// 1409//
f 1409// 1384// 1410//
f 1384// 1386// 1410//
f 1410// 1386// 1411//
f 1394// 1412// 1413//
f 1394// 1413// 1392//
f 1392// 1413// 1414//
f 1392// 1414// 1390//
f 1390// 1414// 1415//
f 1390// 1415// 1388//
f 1388// 1415// 1411//
f 1388// 1411// 1386//
f 1402// 1416// 1417//
f 1402// 1417// 1400//
f 1400// 1417// 1418//
f 1400// 1418// 1398//
f 1398// 1418// 1419//
f 1398// 1419// 1396//
f 1396// 1419// 1412//
f 1396// 1412// 1394//
f 1374// 1420// 1421//
f 1374// 1421// 1372//
f 1372// 1421// 1422//
f 1372// 1422// 1406//
f 1406// 1422// 1423//
f 1406// 1423// 1404//
f 1404// 1423// 1416//
f 1404// 1416// 1402//
f 1380// 1408// 1424//
f 1380// 1424// 1378//
f 1378// 1424// 1425//
f 1378// 1425// 1376//
f 1376// 1425// 1420//
f 1376// 1420// 1374//
usemtl 1
f 1409// 1410// 1408//
f 1408// 1410// 1411//
f 1408// 1413// 1412//
f 1411// 1415// 1408//
f 1408// 1415// 1414//
f 1408// 1414// 1413//
f 1412// 1419// 1408//
f 1408// 1419// 1418//
f 1408// 1418// 1417//
f 1417// 1416// 1408//
f 1408// 1416// 1423//
f 1408// 1423// 1422//
f 1422// 1421// 1408//
f 1408// 1421// 1420//
f 1408// 1420// 1424//
f 1424// 1420// 1425//
usemtl 2
f 1426// 1427// 1428//
f 1428// 1427// 1429//
f 1430// 1431// 1426//
f 1426// 1431// 1432//
f 1426// 1432// 1427//
f 1427// 1432// 1433//
f 1430// 1434// 1431//
f 1431// 1434// 1435//
f 1431// 1435// 1436//
f 1436// 1435// 1437//
f 1436// 1437// 1438//
f 1438// 1439// 1436//
f 1436// 1439// 1428//
f 1436// 1428// 1440//
f 1440// 1428// 1429//
f 1440// 1429// 1441//
f 1436// 1440// 428//
f 428// 1440// 442//
f 1431// 1436// 429//
f 429// 1436// 428//
f 1432// 1431// 424//
f 424// 1431// 429//
f 1433// 1432// 584//
f 584// 1432// 424//
f 1427// 1433// 586//
f 586// 1433// 584//
f 1429// 1427// 585//
f 585// 1427// 586//
f 1441// 1429// 443//
f 443// 1429// 585//
f 1440// 1441// 442//
f 442// 1441// 443//
f 1426// 1428// 1442//
f 1442// 1428// 1443//
f 1428// 1439// 1443//
f 1443// 1439// 1444//
f 1437// 1445// 1446//
f 1437// 1446// 1438//
f 1438// 1446// 1444//
f 1438// 1444// 1439//
f 1437// 1435// 1445//
f 1445// 1435// 1447//
f 1430// 1448// 1449//
f 1430// 1449// 1434//
f 1434// 1449// 1447//
f 1434// 1447// 1435//
f 1430// 1426// 1448//
f 1448// 1426// 1442//
usemtl 1
f 1445// 1447// 1446//
f 1446// 1447// 1449//
f 1446// 1449// 1444//
f 1444// 1449// 1448//
f 1444// 1448// 1443//
f 1443// 1448// 1442//
usemtl 2
f 1450// 1451// 1452//
f 1453// 1454// 1455//
f 1456// 1457// 1458//
f 1459// 1460// 1461//
f 1462// 1461// 1463//
f 1463// 1461// 1464//
f 1452// 1451// 1465//
f 1466// 1467// 1468//
f 1468// 1467// 1469//
f 1468// 1469// 1470//
f 1470// 1469// 1471//
f 1470// 1471// 1455//
f 1455// 1471// 1472//
f 1455// 1472// 1453//
f 1473// 1459// 1474//
f 1474// 1459// 1461//
f 1474// 1461// 1475//
f 1475// 1461// 1462//
f 1456// 1458// 1476//
f 1476// 1458// 1477//
f 1476// 1477// 1478//
f 1478// 1477// 1479//
f 1478// 1479// 1480//
f 1451// 1481// 1465//
f 1465// 1481// 1482//
f 1465// 1482// 1483//
f 1483// 1482// 1484//
f 1483// 1484// 1456//
f 1456// 1484// 1485//
f 1456// 1485// 1457//
f 1486// 1487// 1471//
f 1471// 1487// 1488//
f 1471// 1488// 1489//
f 1489// 1488// 1490//
f 1489// 1490// 1491//
f 1491// 1490// 1492//
f 1491// 1492// 1493//
f 1493// 1492// 1494//
f 1493// 1494// 1495//
f 1495// 1494// 1496//
f 1495// 1496// 1497//
f 1497// 1496// 1498//
f 1497// 1498// 1474//
f 1474// 1498// 1499//
f 1474// 1499// 1473//
f 1500// 1501// 1469//
f 1469// 1501// 1502//
f 1469// 1502// 1471//
f 1471// 1502// 1503//
f 1471// 1503// 1486//
f 1504// 1505// 1506//
f 1506// 1505// 1507//
f 1506// 1507// 1508//
f 1508// 1507// 1509//
f 1508// 1509// 1510//
f 1510// 1509// 1511//
f 1510// 1511// 1512//
f 1512// 1511// 1513//
f 1512// 1513// 1514//
f 1460// 1515// 1461//
f 1461// 1515// 1516//
f 1461// 1516// 1517//
f 1517// 1516// 1518//
f 1517// 1518// 1519//
f 1519// 1518// 1520//
f 1519// 1520// 1521//
f 1521// 1520// 1522//
f 1521// 1522// 1523//
f 1523// 1522// 1524//
f 1523// 1524// 1525//
f 1525// 1524// 1526//
f 1525// 1526// 1527//
f 1527// 1526// 1528//
f 1527// 1528// 1529//
f 1529// 1528// 1530//
f 1529// 1530// 1531//
f 1531// 1530// 1532//
f 1531// 1532// 1469//
f 1469// 1532// 1533//
f 1469// 1533// 1500//
f 1534// 1535// 1536//
f 1536// 1535// 1537//
f 1536// 1537// 1538//
f 1538// 1537// 1539//
f 1538// 1539// 1540//
f 1540// 1539// 1541//
f 1540// 1541// 1542//
f 1542// 1541// 1543//
f 1542// 1543// 1544//
f 1544// 1543// 1545//
f 1544// 1545// 1546//
f 1546// 1545// 1547//
f 1546// 1547// 1548//
f 1548// 1547// 1549//
f 1548// 1549// 1550//
f 1550// 1549// 1551//
f 1550// 1551// 1552//
f 1552// 1551// 1553//
f 1552// 1553// 1504//
f 1504// 1553// 1554//
f 1504// 1554// 1505//
f 1555// 1556// 1557//
f 1557// 1556// 1558//
f 1557// 1558// 1536//
f 1536// 1558// 1559//
f 1536// 1559// 1534//
f 1560// 1561// 1562//
f 1562// 1561// 1563//
f 1562// 1563// 1564//
f 1564// 1563// 1565//
f 1564// 1565// 1566//
f 1566// 1565// 1567//
f 1566// 1567// 1568//
f 1568// 1567// 1569//
f 1568// 1569// 1464//
f 1464// 1569// 1570//
f 1464// 1570// 1463//
f 1452// 1571// 1450//
f 1450// 1571// 1572//
f 1450// 1572// 1573//
f 1573// 1572// 1574//
f 1573// 1574// 1575//
f 1575// 1574// 1576//
f 1575// 1576// 1560//
f 1560// 1576// 1577//
f 1560// 1577// 1561//
f 1480// 1479// 1578//
f 1578// 1479// 1579//
f 1578// 1579// 1580//
f 1580// 1579// 1581//
f 1580// 1581// 1582//
f 1582// 1581// 1583//
f 1582// 1583// 1584//
f 1584// 1583// 1585//
f 1584// 1585// 1555//
f 1555// 1585// 1586//
f 1555// 1586// 1556//
f 1587// 1588// 1589//
f 1513// 1590// 1514//
f 1514// 1590// 1587//
f 1514// 1587// 1591//
f 1591// 1587// 1589//
f 1592// 1593// 1587//
f 1587// 1593// 1594//
f 1587// 1594// 1588//
f 1595// 1596// 1597//
f 1596// 1598// 1597//
f 1597// 1598// 1599//
f 1597// 1599// 1600//
f 1592// 1587// 1597//
f 1597// 1587// 1601//
f 1597// 1601// 1595//
f 1548// 79// 78//
f 1548// 78// 1546//
f 1546// 78// 167//
f 1546// 167// 1544//
f 167// 166// 1544//
f 1544// 166// 165//
f 1544// 165// 1542//
f 165// 20// 1542//
f 1542// 20// 19//
f 1542// 19// 1540//
f 1540// 19// 26//
f 1540// 26// 1538//
f 1538// 26// 25//
f 1538// 25// 1536//
f 1536// 25// 24//
f 1536// 24// 1557//
f 1557// 24// 23//
f 1557// 23// 1555//
f 1555// 23// 1584//
f 1584// 23// 22//
f 22// 28// 1584//
f 1584// 28// 27//
f 1584// 27// 1582//
f 1582// 27// 33//
f 1582// 33// 1580//
f 42// 1478// 41//
f 41// 1478// 1480//
f 41// 1480// 30//
f 30// 1480// 1578//
f 30// 1578// 31//
f 31// 1578// 1580//
f 31// 1580// 33//
f 1478// 42// 43//
f 1478// 43// 1476//
f 1476// 43// 45//
f 1476// 45// 1456//
f 1456// 45// 44//
f 1456// 44// 1483//
f 1483// 44// 36//
f 1483// 36// 1465//
f 1465// 36// 35//
f 1465// 35// 1452//
f 1452// 35// 47//
f 1452// 47// 1571//
f 1571// 47// 46//
f 1571// 46// 1572//
f 1572// 46// 40//
f 1572// 40// 1574//
f 56// 1563// 1561//
f 1574// 40// 39//
f 1574// 39// 1576//
f 1576// 39// 38//
f 1576// 38// 1577//
f 38// 59// 1577//
f 1577// 59// 58//
f 1577// 58// 1561//
f 1561// 58// 57//
f 1561// 57// 56//
f 1563// 56// 54//
f 1563// 54// 1565//
f 1565// 54// 53//
f 1565// 53// 1567//
f 1567// 53// 52//
f 1567// 52// 1569//
f 1569// 52// 51//
f 1569// 51// 1570//
f 1570// 51// 49//
f 1570// 49// 1463//
f 1463// 49// 48//
f 1463// 48// 1462//
f 1462// 48// 64//
f 1462// 64// 1475//
f 64// 63// 1475//
f 1475// 63// 61//
f 1475// 61// 1474//
f 1474// 61// 60//
f 1474// 60// 1497//
f 1497// 60// 72//
f 1497// 72// 1495//
f 72// 71// 1495//
f 1495// 71// 70//
f 1495// 70// 1493//
f 1493// 70// 68//
f 1493// 68// 1491//
f 120// 1470// 1455//
f 1491// 68// 66//
f 1491// 66// 1489//
f 1489// 66// 65//
f 1489// 65// 1471//
f 65// 77// 1471//
f 1471// 77// 76//
f 1471// 76// 1472//
f 1472// 76// 75//
f 1472// 75// 1453//
f 1453// 75// 74//
f 1453// 74// 1454//
f 1454// 74// 73//
f 1454// 73// 1455//
f 1455// 73// 119//
f 1455// 119// 120//
f 1468// 1470// 110//
f 110// 1470// 120//
f 1466// 1468// 82//
f 82// 1468// 110//
f 1467// 1466// 86//
f 86// 1466// 82//
f 1469// 1467// 85//
f 85// 1467// 86//
f 1469// 85// 87//
f 1469// 87// 1531//
f 1531// 87// 88//
f 1531// 88// 1529//
f 1529// 88// 107//
f 1529// 107// 1527//
f 1527// 107// 106//
f 1527// 106// 1525//
f 1525// 106// 105//
f 1525// 105// 1523//
f 1523// 105// 100//
f 1523// 100// 1521//
f 1521// 100// 102//
f 1521// 102// 1519//
f 1519// 102// 97//
f 1519// 97// 1517//
f 1517// 97// 99//
f 1517// 99// 1461//
f 1461// 99// 98//
f 1461// 98// 1464//
f 1464// 98// 96//
f 1464// 96// 1568//
f 1568// 96// 95//
f 1568// 95// 1566//
f 1566// 95// 104//
f 1566// 104// 1564//
f 1564// 104// 103//
f 1564// 103// 1562//
f 103// 101// 1562//
f 1562// 101// 1560//
f 101// 139// 1560//
f 1560// 139// 140//
f 1560// 140// 1575//
f 1575// 140// 150//
f 1575// 150// 1573//
f 150// 164// 1573//
f 1573// 164// 163//
f 1573// 163// 1450//
f 1450// 163// 162//
f 1450// 162// 1451//
f 1451// 162// 156//
f 1451// 156// 1481//
f 1481// 156// 155//
f 1481// 155// 1482//
f 1482// 155// 154//
f 1482// 154// 1484//
f 1484// 154// 151//
f 1484// 151// 1485//
f 1485// 151// 146//
f 1485// 146// 1457//
f 1457// 146// 149//
f 1457// 149// 1458//
f 1458// 149// 157//
f 1458// 157// 1477//
f 1477// 157// 159//
f 1477// 159// 1479//
f 1479// 159// 161//
f 1479// 161// 1579//
f 1579// 161// 160//
f 1579// 160// 1581//
f 135// 1534// 152//
f 152// 1534// 1559//
f 152// 1559// 153//
f 153// 1559// 1558//
f 153// 1558// 144//
f 144// 1558// 1556//
f 144// 1556// 145//
f 145// 1556// 1586//
f 145// 1586// 147//
f 147// 1586// 1585//
f 147// 1585// 148//
f 148// 1585// 1583//
f 148// 1583// 158//
f 158// 1583// 1581//
f 158// 1581// 160//
f 1535// 1534// 134//
f 134// 1534// 135//
f 1535// 134// 137//
f 1535// 137// 1537//
f 1537// 137// 143//
f 1537// 143// 1539//
f 1539// 143// 142//
f 1539// 142// 1541//
f 1541// 142// 141//
f 1541// 141// 1543//
f 1543// 141// 136//
f 1543// 136// 1545//
f 136// 138// 1545//
f 1545// 138// 125//
f 1545// 125// 1547//
f 1547// 125// 124//
f 1547// 124// 1549//
f 1549// 124// 123//
f 1549// 123// 1551//
f 1551// 123// 122//
f 1551// 122// 1553//
f 1553// 122// 121//
f 1553// 121// 1554//
f 1554// 121// 133//
f 1554// 133// 1505//
f 1505// 133// 132//
f 1505// 132// 1507//
f 1507// 132// 131//
f 1507// 131// 1509//
f 1509// 131// 130//
f 1509// 130// 1511//
f 1513// 1511// 129//
f 129// 1511// 130//
f 1513// 129// 94//
f 1513// 94// 1590//
f 1590// 94// 93//
f 1590// 93// 1587//
f 1587// 93// 92//
f 1587// 92// 1601//
f 1601// 92// 81//
f 1601// 81// 1595//
f 1595// 81// 80//
f 1595// 80// 1596//
f 1596// 80// 89//
f 1596// 89// 1598//
f 1598// 89// 112//
f 1598// 112// 1599//
f 1599// 112// 111//
f 1599// 111// 1600//
f 1600// 111// 109//
f 1600// 109// 1597//
f 1597// 109// 108//
f 1597// 108// 1592//
f 1592// 108// 118//
f 1592// 118// 1593//
f 1593// 118// 117//
f 1593// 117// 1594//
f 1594// 117// 116//
f 1594// 116// 1588//
f 1588// 116// 115//
f 1588// 115// 1589//
f 1589// 115// 114//
f 1589// 114// 1591//
f 1591// 114// 113//
f 1591// 113// 1514//
f 1514// 113// 128//
f 1514// 128// 1512//
f 1510// 1512// 127//
f 127// 1512// 128//
f 1510// 127// 126//
f 1510// 126// 1508//
f 1508// 126// 84//
f 1508// 84// 1506//
f 1506// 84// 83//
f 1506// 83// 1504//
f 1504// 83// 90//
f 1504// 90// 1552//
f 1552// 90// 91//
f 1552// 91// 1550//
f 1550// 91// 79//
f 1550// 79// 1548//
f 1526// 1602// 1603//
f 1526// 1603// 1528//
f 1528// 1603// 1604//
f 1528// 1604// 1530//
f 1530// 1604// 1605//
f 1530// 1605// 1532//
f 1532// 1605// 1606//
f 1532// 1606// 1533//
f 1533// 1606// 1607//
f 1533// 1607// 1500//
f 1500// 1607// 1608//
f 1500// 1608// 1501//
f 1501// 1608// 1609//
f 1501// 1609// 1502//
f 1502// 1609// 1610//
f 1502// 1610// 1503//
f 1503// 1610// 1611//
f 1503// 1611// 1486//
f 1486// 1611// 1612//
f 1486// 1612// 1487//
f 1487// 1612// 1613//
f 1487// 1613// 1488//
f 1488// 1613// 1614//
f 1488// 1614// 1490//
f 1490// 1614// 1615//
f 1490// 1615// 1492//
f 1492// 1615// 1616//
f 1492// 1616// 1494//
f 1494// 1616// 1617//
f 1494// 1617// 1496//
f 1496// 1617// 1618//
f 1496// 1618// 1498//
f 1498// 1618// 1619//
f 1498// 1619// 1499//
f 1499// 1619// 1620//
f 1499// 1620// 1473//
f 1473// 1620// 1621//
f 1473// 1621// 1459//
f 1459// 1621// 1622//
f 1459// 1622// 1460//
f 1460// 1622// 1623//
f 1460// 1623// 1515//
f 1515// 1623// 1624//
f 1515// 1624// 1516//
f 1516// 1624// 1625//
f 1516// 1625// 1518//
f 1518// 1625// 1626//
f 1518// 1626// 1520//
f 1520// 1626// 1627//
f 1520// 1627// 1522//
f 1522// 1627// 1628//
f 1522// 1628// 1524//
f 1524// 1628// 1602//
f 1524// 1602// 1526//
usemtl 1
f 1616// 1626// 1625//
f 1614// 1613// 1603//
f 1602// 1628// 1616//
f 1616// 1628// 1627//
f 1616// 1627// 1626//
f 1621// 1620// 1625//
f 1625// 1620// 1619//
f 1602// 1616// 1603//
f 1603// 1616// 1615//
f 1603// 1615// 1614//
f 1624// 1623// 1625//
f 1625// 1623// 1622//
f 1625// 1622// 1621//
f 1619// 1618// 1625//
f 1625// 1618// 1617//
f 1625// 1617// 1616//
f 1613// 1612// 1603//
f 1603// 1612// 1611//
f 1603// 1611// 1610//
f 1610// 1609// 1603//
f 1603// 1609// 1608//
f 1603// 1608// 1607//
f 1607// 1606// 1603//
f 1603// 1606// 1605//
f 1603// 1605// 1604//
