v 4.95 1.089192 0.992584
v 4.95 1.055285 0.988497
v 4.95 1.169415 0.986798
newmtl 1
Ka 1.0 1.0 1.0
Kd 1.0 1.0 1.0
Ks 0.5019607843137255 0.5019607843137255 0.5019607843137255
d 0.0
endmtl
v 4.95 1.341334 0.673173
v 4.95 1.307427 0.669086
v 4.95 1.421557 0.667388
v 4.95 0.674574 1.031812
v 4.95 0.671539 1.039658
v 4.95 0.671539 0.986798
v 4.95 3.0 3.6
v 4.95 3.0 4.8
v 4.95 1.421557 4.8
v 4.95 0.890074 0.667902
v 4.95 0.88524 0.667388
v 4.95 0.933949 0.667388
v 4.95 1.105724 0.870429
v 4.95 1.169415 0.870429
v 4.95 1.169415 0.927765
v 4.95 -1.6 2.5
v 4.95 -3.0 2.5
v 4.95 -3.0 1.191538
v 4.95 0.291081 1.032859
v 4.95 0.329918 1.000027
v 4.95 0.465671 1.191538
v 4.95 0.465671 0.986798
v 4.95 0.131523 1.191538
v 4.95 0.164199 1.169423
v 4.95 0.211751 1.114347
v 4.95 0.241502 1.056332
v 4.95 0.248476 1.053988
v 4.95 -0.196611 1.191538
v 4.95 -1.4 2.55359
v 4.95 -1.496472 2.51363
v 4.95 -1.21363 3.003528
v 4.95 -1.2 2.9
v 4.95 -1.21363 2.796472
v 4.95 -1.25359 2.7
v 4.95 -1.496472 3.28637
v 4.95 0.465671 4.8
v 4.95 -1.6 3.3
v 4.95 -3.0 4.8
v 4.95 -3.0 3.3
v 4.95 -1.4 3.24641
v 4.95 -1.317157 3.182843
v 4.95 -1.25359 3.1
v 4.95 -1.317157 2.617157
v 4.95 0.102039 1.211493
v 4.95 -0.167288 1.2097
v 4.95 -0.101277 1.235147
v 4.95 -0.030488 1.243862
v 4.95 0.030366 1.237265
v 4.95 -0.202271 1.188032
v 4.95 -0.354597 1.120937
v 4.95 -0.298184 1.127908
v 4.95 -0.235912 1.159223
v 4.95 -0.281721 1.127014
v 4.95 -0.265259 1.125045
v 4.95 -0.462809 1.059195
v 4.95 -0.453156 1.068332
v 4.95 -0.407625 1.100344
v 4.95 -3.0 0.986798
v 4.95 -3.0 0.927765
v 4.95 -0.526464 0.927765
v 4.95 -0.520083 0.963506
v 4.95 -0.509762 0.986798
v 4.95 -0.497245 1.015046
v 4.95 -0.373573 0.676676
v 4.95 -0.425307 0.701881
v 4.95 -3.0 0.667388
v 4.95 -0.469967 0.739964
v 4.95 -0.502636 0.786597
v 4.95 -0.523155 0.839889
v 4.95 -0.530091 0.896001
v 4.95 -0.529689 0.909703
v 4.95 -0.355445 0.671251
v 4.95 -0.353638 0.667388
v 4.95 -0.341054 0.64048
v 4.95 -0.31975 0.614216
v 4.95 0.465671 0.587631
v 4.95 -0.160191 0.587631
v 4.95 0.465671 0.0
v 4.95 -0.184749 0.578188
v 4.95 -0.21945 0.573907
v 4.95 -0.224898 0.574008
v 4.95 -3.0 -0.0
v 4.95 -0.2587 0.579262
v 4.95 -3.0 0.587631
v 4.95 -0.278646 0.587631
v 4.95 -0.291737 0.593123
v 4.95 0.465671 0.667388
v 4.95 -0.085334 0.667388
v 4.95 -0.085503 0.666678
v 4.95 -0.102471 0.634795
v 4.95 -0.124319 0.610316
v 4.95 -0.152825 0.590463
v 4.95 0.37666 0.915592
v 4.95 0.383223 0.868802
v 4.95 0.465671 0.927765
v 4.95 0.097475 0.751839
v 4.95 0.107297 0.755719
v 4.95 0.124117 0.837308
v 4.95 0.330257 0.732807
v 4.95 0.291327 0.699848
v 4.95 -0.112085 0.812972
v 4.95 0.079739 0.913179
v 4.95 -0.137141 0.835779
v 4.95 -0.167525 0.85205
v 4.95 0.088672 0.7456
v 4.95 0.358692 0.772427
v 4.95 0.293751 0.880065
v 4.95 0.28699 0.907549
v 4.95 0.276059 0.927765
v 4.95 -0.43634 0.927765
v 4.95 0.376665 0.817752
v 4.95 0.118391 0.757143
v 4.95 0.119784 0.757042
v 4.95 0.124078 0.756091
v 4.95 -0.427868 0.841631
v 4.95 -0.410904 0.812785
v 4.95 -0.338224 0.797891
v 4.95 -0.385246 0.786408
v 4.95 -0.354013 0.767164
v 4.95 -0.285304 0.845309
v 4.95 -0.314566 0.824962
v 4.95 -0.439905 0.898864
v 4.95 -0.438169 0.87665
v 4.95 -0.253688 0.857418
v 4.95 -0.21945 0.861644
v 4.95 -0.202085 0.860617
v 4.95 0.074013 0.712765
v 4.95 0.074377 0.718415
v 4.95 -0.076297 0.731375
v 4.95 0.077252 0.72931
v 4.95 0.082757 0.739077
v 4.95 0.265386 0.791626
v 4.95 0.281145 0.813948
v 4.95 0.291021 0.839458
v 4.95 0.294468 0.86737
v 4.95 0.107463 0.669688
v 4.95 0.097994 0.673415
v 4.95 0.08871 0.680016
v 4.95 0.085382 0.683403
v 4.95 0.079142 0.692395
v 4.95 0.075372 0.702103
v 4.95 -0.077089 0.702007
v 4.95 -0.076297 0.71706
v 4.95 0.24765 0.678469
v 4.95 0.199988 0.668388
v 4.95 0.115528 0.668388
v 4.95 0.12698 0.755711
v 4.95 0.191398 0.755711
v 4.95 0.217204 0.760669
v 4.95 0.24245 0.772397
v 4.95 0.263597 0.789704
v 4.95 0.171357 0.979029
v 4.95 -0.423349 0.965488
v 4.95 -0.435624 0.933565
v 4.95 0.182809 0.979029
v 4.95 0.273647 0.932225
v 4.95 0.257259 0.950509
v 4.95 0.235063 0.966025
v 4.95 0.210082 0.975659
v 4.95 0.140411 1.065165
v 4.95 0.10809 1.103712
v 4.95 -0.220881 1.020544
v 4.95 0.104637 1.106856
v 4.95 0.064422 1.134779
v 4.95 -0.198994 1.065853
v 4.95 -0.408508 0.986798
v 4.95 -0.230908 1.026035
v 4.95 0.169646 0.986798
v 4.95 0.162539 1.019061
v 4.95 -0.263 1.037813
v 4.95 -0.296752 1.042017
v 4.95 -0.311806 1.041225
v 4.95 -0.16688 1.104206
v 4.95 0.019535 1.151991
v 4.95 -0.128553 1.132211
v 4.95 -0.029057 1.15797
v 4.95 -0.081793 1.151173
v 4.95 -0.347135 1.032811
v 4.95 -0.379017 1.015843
v 4.95 -0.403496 0.993995
v 4.95 0.339414 0.986798
v 4.95 0.359147 0.95931
v 4.95 0.371783 0.927765
v 4.95 1.209432 0.847269
v 4.95 1.23303 0.667388
v 4.95 1.23303 0.927765
v 4.95 1.209432 0.870429
v 4.95 1.203719 0.759773
v 4.95 1.203719 0.782831
v 4.95 1.169415 0.782831
v 4.95 1.169415 0.847269
v 4.95 1.131715 0.782831
v 4.95 1.131715 0.847269
v 4.95 1.131715 0.759773
v 4.95 1.131715 0.692041
v 4.95 1.169415 0.759773
v 4.95 1.169415 0.692041
v 4.95 1.214012 0.692041
v 4.95 1.214012 0.669086
v 4.95 1.169415 0.667388
v 4.95 1.169415 0.669086
v 4.95 1.105724 0.669086
v 4.95 1.006287 0.704805
v 4.95 1.009375 0.692968
v 4.95 1.010044 0.692968
v 4.95 1.078549 0.812888
v 4.95 0.980888 0.927765
v 4.95 1.052403 0.812888
v 4.95 0.980888 0.777872
v 4.95 1.013133 0.704599
v 4.95 1.011203 0.697896
v 4.95 0.830267 0.700173
v 4.95 0.804687 0.927765
v 4.95 0.804687 0.667388
v 4.95 0.838953 0.694699
v 4.95 0.841924 0.693518
v 4.95 0.841924 0.74687
v 4.95 0.837575 0.751332
v 4.95 0.834287 0.756588
v 4.95 0.831505 0.764289
v 4.95 0.830421 0.774081
v 4.95 0.831416 0.783099
v 4.95 0.841701 0.747017
v 4.95 0.853554 0.667388
v 4.95 0.847271 0.668067
v 4.95 0.841924 0.667388
v 4.95 0.841924 0.669973
v 4.95 0.830267 0.67413
v 4.95 0.86928 0.66569
v 4.95 0.841924 0.587631
v 4.95 0.933949 0.587631
v 4.95 0.92049 0.8098
v 4.95 0.92049 0.785301
v 4.95 0.846582 0.804756
v 4.95 0.853451 0.808915
v 4.95 0.841924 0.927765
v 4.95 0.926187 0.698069
v 4.95 0.92309 0.690077
v 4.95 0.91839 0.683426
v 4.95 0.83442 0.791218
v 4.95 0.839105 0.798035
v 4.95 0.841924 0.800569
v 4.95 0.86713 0.813986
v 4.95 0.886418 0.816182
v 4.95 0.933949 0.927765
v 4.95 0.902455 0.814904
v 4.95 0.918946 0.73198
v 4.95 0.923653 0.725033
v 4.95 0.926344 0.717598
v 4.95 0.927387 0.708202
v 4.95 0.911174 0.677115
v 4.95 0.903819 0.672746
v 4.95 0.883948 0.795698
v 4.95 0.876483 0.795138
v 4.95 0.856413 0.776346
v 4.95 0.869736 0.793352
v 4.95 0.864081 0.790345
v 4.95 0.856642 0.772991
v 4.95 0.857643 0.769073
v 4.95 0.85946 0.765671
v 4.95 0.86192 0.762964
v 4.95 0.870811 0.757406
v 4.95 0.901639 0.793536
v 4.95 0.886418 0.750612
v 4.95 0.915899 0.787993
v 4.95 0.896183 0.746661
v 4.95 0.912933 0.737346
v 4.95 0.860276 0.786982
v 4.95 0.858114 0.783773
v 4.95 0.856869 0.780368
v 4.95 0.85471 0.688432
v 4.95 0.86861 0.732289
v 4.95 0.853578 0.739179
v 4.95 0.87175 0.686277
v 4.95 0.872864 0.686284
v 4.95 0.88517 0.725354
v 4.95 0.885792 0.687732
v 4.95 0.901498 0.705732
v 4.95 0.901252 0.708869
v 4.95 0.892299 0.690114
v 4.95 0.894599 0.691509
v 4.95 0.897493 0.694078
v 4.95 0.899694 0.697334
v 4.95 0.900976 0.70092
v 4.95 0.900106 0.712807
v 4.95 0.898156 0.71615
v 4.95 0.895014 0.719422
v 4.95 1.421557 0.986798
v 4.95 1.356167 0.988497
v 4.95 1.327448 0.988497
v 4.95 1.306912 1.043568
v 4.95 1.23303 1.043568
v 4.95 1.23303 0.986798
v 4.95 1.27948 1.18984
v 4.95 1.421557 1.191538
v 4.95 1.23303 1.191538
v 4.95 1.223071 1.043568
v 4.95 1.203719 0.988497
v 4.95 1.174999 0.988497
v 4.95 1.169415 1.191538
v 4.95 1.23303 1.140855
v 4.95 1.251687 1.18984
v 4.95 0.933949 1.191538
v 4.95 0.95729 1.18984
v 4.95 0.980888 1.191538
v 4.95 0.95729 1.166679
v 4.95 0.980888 0.986798
v 4.95 0.951577 1.079184
v 4.95 0.951577 1.102241
v 4.95 0.933949 1.102241
v 4.95 0.933949 1.166679
v 4.95 0.879573 1.102241
v 4.95 0.879573 1.166679
v 4.95 0.853582 0.988497
v 4.95 0.841924 0.986798
v 4.95 0.933949 0.986798
v 4.95 0.879573 1.079184
v 4.95 0.879573 1.011452
v 4.95 0.933949 1.079184
v 4.95 0.933949 1.011452
v 4.95 0.96187 1.011452
v 4.95 0.96187 0.988497
v 4.95 0.933949 0.988497
v 4.95 0.841924 1.191538
v 4.95 0.853582 1.18984
v 4.95 0.933949 1.18984
v 4.95 4.6 1.191538
v 4.95 4.6 2.0
v 4.95 3.104155 3.495846
v 4.95 0.7613 1.008261
v 4.95 0.773189 1.008827
v 4.95 0.804687 1.161655
v 4.95 0.79557 1.013527
v 4.95 0.804687 1.017757
v 4.95 0.808245 1.160439
v 4.95 0.813282 1.021745
v 4.95 0.813282 1.157827
v 4.95 0.740533 1.166088
v 4.95 0.724697 1.158763
v 4.95 0.710964 1.14743
v 4.95 0.709446 1.145762
v 4.95 0.699755 1.131731
v 4.95 0.693053 1.114277
v 4.95 0.689811 1.086904
v 4.95 0.689842 1.084049
v 4.95 0.693162 1.059662
v 4.95 0.714193 1.024956
v 4.95 0.727525 1.015813
v 4.95 0.742044 1.010451
v 4.95 0.787473 1.167539
v 4.95 0.765829 1.169767
v 4.95 0.758054 1.169457
v 4.95 0.699611 1.043369
v 4.95 0.709574 1.029465
v 4.95 0.785696 1.191538
v 4.95 0.794941 1.190604
v 4.95 0.804687 1.191538
v 4.95 0.804687 1.187627
v 4.95 0.813282 1.185002
v 4.95 0.769218 1.193203
v 4.95 0.804687 4.8
v 4.95 0.765571 1.193237
v 4.95 0.671539 4.8
v 4.95 0.751486 1.191538
v 4.95 0.715591 1.181623
v 4.95 0.736661 1.189751
v 4.95 0.671539 1.191538
v 4.95 0.678696 1.147294
v 4.95 0.691612 1.163591
v 4.95 0.696107 1.167908
v 4.95 0.65947 1.191538
v 4.95 0.668458 1.125396
v 4.95 0.671539 1.131987
v 4.95 0.666423 1.052886
v 4.95 0.65947 0.986798
v 4.95 0.662532 1.08536
v 4.95 0.663217 1.099847
v 4.95 0.721985 0.990705
v 4.95 0.7032 1.000015
v 4.95 0.688369 1.012584
v 4.95 0.686543 1.014584
v 4.95 0.739376 0.986798
v 4.95 0.671539 0.927765
v 4.95 0.743486 0.985875
v 4.95 0.757542 0.9851
v 4.95 0.775309 0.986798
v 4.95 0.813282 0.996835
v 4.95 0.809847 0.995123
v 4.95 0.804687 0.986798
v 4.95 0.804687 0.993431
v 4.95 0.78823 0.988034
v 4.95 0.69038 0.737239
v 4.95 0.694597 0.778301
v 4.95 0.685003 0.729074
v 4.95 0.681836 0.719927
v 4.95 0.784579 0.800913
v 4.95 0.789826 0.792954
v 4.95 0.79388 0.781831
v 4.95 0.796092 0.761626
v 4.95 0.796092 0.669086
v 4.95 0.770873 0.669086
v 4.95 0.697955 0.743988
v 4.95 0.708433 0.74953
v 4.95 0.710981 0.788763
v 4.95 0.728257 0.754523
v 4.95 0.750285 0.794803
v 4.95 0.741742 0.795698
v 4.95 0.726745 0.794142
v 4.95 0.701391 0.671087
v 4.95 0.692899 0.677013
v 4.95 0.671539 0.667388
v 4.95 0.690078 0.679871
v 4.95 0.684838 0.687621
v 4.95 0.770873 0.691321
v 4.95 0.770204 0.691321
v 4.95 0.766248 0.685305
v 4.95 0.758281 0.676739
v 4.95 0.681788 0.696153
v 4.95 0.680546 0.707585
v 4.95 0.694597 0.8028
v 4.95 0.758942 0.814881
v 4.95 0.769662 0.811699
v 4.95 0.778079 0.806966
v 4.95 0.770873 0.760494
v 4.95 0.769995 0.771645
v 4.95 0.767388 0.780625
v 4.95 0.764425 0.785818
v 4.95 0.702921 0.807393
v 4.95 0.722264 0.81396
v 4.95 0.744109 0.816182
v 4.95 0.760612 0.789874
v 4.95 0.756135 0.792759
v 4.95 0.739872 0.667388
v 4.95 0.739164 0.667132
v 4.95 0.804687 0.587631
v 4.95 0.671539 0.587631
v 4.95 0.726147 0.66569
v 4.95 0.711521 0.667388
v 4.95 0.71106 0.667441
v 4.95 0.980888 0.710178
v 4.95 0.940511 0.812888
v 4.95 0.968716 0.812888
v 4.95 0.996071 0.667388
v 4.95 0.99692 0.669395
v 4.95 0.980888 0.63416
v 4.95 0.980921 0.634197
v 4.95 0.980888 0.667388
v 4.95 0.985855 0.643249
v 4.95 0.945709 0.625853
v 4.95 0.945709 0.603413
v 4.95 0.950869 0.624163
v 4.95 0.960018 0.622971
v 4.95 0.966073 0.623649
v 4.95 0.980888 0.60585
v 4.95 0.972162 0.602526
v 4.95 0.980888 0.587631
v 4.95 0.961973 0.601354
v 4.95 0.956406 0.601554
v 4.95 0.971596 0.625721
v 4.95 0.976225 0.628934
v 4.95 1.013287 0.647367
v 4.95 1.00187 0.625133
v 4.95 1.169415 0.587631
v 4.95 1.021181 0.667388
v 4.95 0.992642 0.614049
v 4.95 0.990922 0.612473
v 4.95 0.982114 0.606317
v 4.95 3.104155 0.0
v 4.95 3.104155 0.587631
v 4.95 1.421557 0.0
v 4.95 1.421557 0.587631
v 4.95 1.23303 0.0
v 4.95 1.23303 0.587631
v 4.95 1.169415 0.0
v 4.95 0.980888 0.0
v 4.95 0.933949 0.0
v 4.95 0.841924 0.0
v 4.95 0.804687 0.0
v 4.95 0.671539 0.0
v 4.95 0.749387 0.670829
v 4.95 3.104155 0.667388
v 4.95 0.548119 0.870429
v 4.95 0.651827 0.870429
v 4.95 0.65947 0.927765
v 4.95 0.548119 0.669086
v 4.95 0.65947 0.667388
v 4.95 0.65947 0.587631
v 4.95 0.65947 0.0
v 4.95 0.57411 0.847269
v 4.95 0.57411 0.782831
v 4.95 0.651827 0.847269
v 4.95 0.646114 0.782831
v 4.95 0.656408 0.692041
v 4.95 0.656408 0.669086
v 4.95 0.57411 0.759773
v 4.95 0.57411 0.692041
v 4.95 0.646114 0.759773
v 4.95 1.252047 0.669086
v 4.95 1.252047 0.870429
v 4.95 1.309485 0.870429
v 4.95 1.421557 0.927765
v 4.95 1.340228 0.867035
v 4.95 1.364527 0.858158
v 4.95 1.409575 0.733301
v 4.95 1.39905 0.712816
v 4.95 1.385607 0.843769
v 4.95 1.392839 0.83668
v 4.95 1.405269 0.819086
v 4.95 1.385607 0.697291
v 4.95 1.36434 0.682087
v 4.95 1.412678 0.799844
v 4.95 1.415973 0.772331
v 4.95 1.415025 0.756392
v 4.95 1.45586 0.669086
v 4.95 1.427141 0.669086
v 4.95 1.57959 0.669086
v 4.95 1.559054 0.724157
v 4.95 1.475212 0.724157
v 4.95 1.503829 0.870429
v 4.95 1.531621 0.870429
v 4.95 0.57411 1.18984
v 4.95 0.548119 0.988497
v 4.95 0.548119 1.18984
v 4.95 0.57411 1.011452
v 4.95 0.654298 1.011452
v 4.95 0.654298 0.988497
v 4.95 1.057344 1.18984
v 4.95 1.088086 1.186445
v 4.95 1.112385 1.177568
v 4.95 0.999905 0.988497
v 4.95 0.999905 1.18984
v 4.95 1.157433 1.052711
v 4.95 1.146908 1.032226
v 4.95 1.133465 1.163179
v 4.95 1.140697 1.15609
v 4.95 1.153127 1.138496
v 4.95 1.133465 1.016701
v 4.95 1.112198 1.001497
v 4.95 1.160536 1.119254
v 4.95 1.163831 1.091742
v 4.95 1.162884 1.075803
v 4.95 3.104155 1.191538
v 4.95 3.104155 0.986798
v 4.95 3.104155 0.927765
v 4.95 1.608309 0.669086
v 4.95 4.6 0.986798
v 4.95 4.6 0.927765
v 4.95 4.6 0.667388
v 4.95 4.6 0.587631
v 4.95 4.6 0.0
v 4.95 0.65947 4.8
v 4.95 1.23303 4.8
v 4.95 1.169415 4.8
v 4.95 0.980888 4.8
v 4.95 0.933949 4.8
v 4.95 0.841924 4.8
v -3.25 2.7 2.85
v -3.25 2.7 3.35
v -3.25 2.777646 2.839778
newmtl 2
Ka 0.6470588235294118 0.6196078431372549 0.5882352941176471
Kd 0.6470588235294118 0.6196078431372549 0.5882352941176471
Ks 0.45098039215686275 0.43529411764705883 0.4117647058823529
d 0.0
endmtl
v -3.25 2.907055 3.322741
v -3.25 2.85 2.809808
v -3.25 3.1 3.24282
v -3.25 2.912132 2.762132
v -3.25 3.265685 3.115685
v -3.25 2.959808 2.7
v -3.25 3.39282 2.95
v -3.25 2.989778 2.627646
v -3.25 3.472741 2.757055
v -3.25 3.0 2.55
v -3.25 3.5 2.55
v -3.25 3.0 -0.282364
v -3.25 3.5 -2.8
v -3.25 3.0 -2.8
v -3.25 3.267917 -1.251612
v -3.25 2.767917 -1.251612
v -3.25 3.260804 -1.080515
v -3.25 2.760804 -1.080515
v -3.25 2.790269 -0.911823
v -3.25 3.290269 -0.911823
v -3.25 3.5 -0.282364
v -3.25 3.475659 -0.478203
v -3.25 2.975659 -0.478203
v -3.25 2.854961 -0.753268
v -3.25 2.904118 -0.662124
v -3.25 3.354961 -0.753268
v -3.25 3.404118 -0.662124
v -2.75 2.7 3.35
v -2.75 2.7 2.85
v -2.75 2.907055 3.322741
v -2.75 2.777646 2.839778
v -2.75 3.1 3.24282
v -2.75 2.85 2.809808
v -2.75 3.265685 3.115685
v -2.75 2.912132 2.762132
v -2.75 3.39282 2.95
v -2.75 2.959808 2.7
v -2.75 3.472741 2.757055
v -2.75 2.989778 2.627646
v -2.75 3.5 2.55
v -2.75 3.0 2.55
v -2.75 3.5 -0.282364
v -2.75 3.0 -0.282364
v -2.75 3.475659 -0.478203
v -2.75 2.975659 -0.478203
v -2.75 3.404118 -0.662124
v -2.75 3.0 -2.8
v -2.75 3.5 -2.8
v -2.75 2.767917 -1.251612
v -2.75 3.267917 -1.251612
v -2.75 2.760804 -1.080515
v -2.75 3.260804 -1.080515
v -2.75 2.790269 -0.911823
v -2.75 3.290269 -0.911823
v -2.75 2.854961 -0.753268
v -2.75 2.904118 -0.662124
v -2.75 3.354961 -0.753268
v -4.95 -3.0 -0.0
v -4.95 4.6 0.0
v -4.15 -3.0 -0.0
v -4.15 4.6 0.0
v -1.95 -3.0 4.6
v -1.95 -3.0 4.8
v -4.75 -3.0 4.6
v -4.95 -3.0 4.8
v -4.75 -3.0 3.3
v -4.95 -3.0 3.3
v -3.55 1.5 4.4
v -1.95 1.5 4.4
v -3.55 -0.5 4.4
v -1.95 -2.8 4.4
v -4.55 -0.5 4.4
v -4.55 -2.8 4.4
v 2.4 3.0 0.2
v 1.6 3.0 0.2
v 2.4 3.0 3.65
v 1.6 3.0 3.65
v 4.55 3.0 4.8
v 4.55 3.0 4.4
v 3.55 3.0 4.4
v 4.15 3.0 3.6
v -3.55 3.0 4.8
v 3.55 3.0 4.8
v 4.15 3.0 0.2
v 3.6 3.0 0.2
v 3.6 3.0 3.65
v 0.4 3.0 3.65
v -1.6 3.0 0.2
v -2.4 3.0 0.2
v -1.6 3.0 3.65
v -2.4 3.0 3.65
v -3.6 3.0 3.65
v -3.6 3.0 0.2
v -4.15 3.0 0.2
v -4.95 3.0 4.8
v -4.55 3.0 4.8
v -4.95 3.0 3.6
v -4.55 3.0 4.4
v -4.15 3.0 3.6
v -3.55 3.0 4.4
v -0.4 3.0 3.65
v -0.4 3.0 0.2
v 0.4 3.0 0.2
v 4.55 1.5 0.6
v -2.75 1.5 2.85
v -4.55 1.5 0.6
v -3.25 1.5 2.85
v -4.55 1.5 4.4
v -3.25 1.5 3.35
v -0.75 1.5 2.85
v -1.25 1.5 2.85
v -1.25 1.5 3.35
v -2.75 1.5 3.35
v -1.95 1.5 4.8
v -0.75 1.5 3.35
v 0.75 1.5 3.35
v 0.75 1.5 2.85
v 3.25 1.5 3.35
v 3.25 1.5 2.85
v 2.75 1.5 2.85
v 4.55 1.5 4.4
v 3.55 1.5 4.4
v 2.75 1.5 3.35
v 1.95 1.5 4.4
v 1.25 1.5 2.85
v 1.25 1.5 3.35
v 1.95 1.5 4.8
v -4.55 -1.6 3.3
v -4.95 -1.6 3.3
v -4.55 -1.496472 3.28637
v -4.95 -1.496472 3.28637
v -4.55 -1.4 3.24641
v -4.95 -1.4 3.24641
v -4.55 -1.317157 3.182843
v -4.95 -1.317157 3.182843
v -4.55 -1.25359 3.1
v -4.95 -1.25359 3.1
v -4.55 -1.21363 3.003528
v -4.95 -1.21363 3.003528
v -4.55 -1.2 2.9
v -4.95 -1.2 2.9
v -4.55 -1.21363 2.796472
v -4.95 -1.21363 2.796472
v -4.55 -1.25359 2.7
v -4.95 -1.25359 2.7
v -4.55 -1.317157 2.617157
v -4.95 -1.317157 2.617157
v -4.55 -1.4 2.55359
v -4.95 -1.4 2.55359
v -4.55 -1.496472 2.51363
v -4.95 -1.496472 2.51363
v -4.55 -1.6 2.5
v -4.95 -1.6 2.5
v -4.55 -2.8 3.3
v -4.55 -2.8 2.5
v -4.95 -3.0 2.5
v -4.75 -3.0 2.5
v 4.75 -3.0 3.3
v 4.75 -3.0 4.6
v 1.95 -3.0 4.6
v 1.95 -3.0 4.8
v -4.95 4.6 2.0
v 4.75 -3.0 0.4
v -4.75 -3.0 0.4
v -4.15 -3.0 0.2
v 4.15 -3.0 0.2
v 4.15 -3.0 -0.0
v 4.75 -3.0 2.5
v -4.55 -0.5 4.8
newmtl 3
Ka 0.9686274509803922 0.9686274509803922 0.9686274509803922
Kd 0.9686274509803922 0.9686274509803922 0.9686274509803922
Ks 0.48627450980392156 0.48627450980392156 0.48627450980392156
d 0.0
endmtl
v -3.55 -0.5 4.8
v 3.55 -0.5 4.8
v 4.55 -0.5 4.8
v 4.15 4.6 0.0
v 4.15 4.6 2.0
v -4.15 4.6 2.0
v 4.55 -1.6 3.3
v 4.55 -1.496472 3.28637
v 4.55 -1.4 3.24641
v 4.55 -1.317157 3.182843
v 4.55 -1.25359 3.1
v 4.55 -1.21363 3.003528
v 4.55 -1.2 2.9
v 4.55 -1.21363 2.796472
v 4.55 -1.25359 2.7
v 4.55 -1.317157 2.617157
v 4.55 -1.4 2.55359
v 4.55 -1.496472 2.51363
v 4.55 -1.6 2.5
v 4.55 -2.8 3.3
v 4.55 -2.8 2.5
v -4.55 -2.8 0.6
v 4.55 -0.5 4.4
v 4.55 -2.8 4.4
v 4.55 -2.8 0.6
v 3.55 -0.5 4.4
v 1.95 -2.8 4.4
v -2.75 -1.7 2.85
v -2.75 -1.7 3.35
v -3.25 -1.7 3.35
v -3.25 -1.7 2.85
v -2.8 -2.3 2.9
v -2.8 -2.3 3.3
v -3.2 -2.3 2.9
v -3.2 -2.3 3.3
v -1.25 -1.7 2.85
v -0.75 -1.7 2.85
v -0.75 -1.7 3.35
v -1.25 -1.7 3.35
v -1.2 -2.3 2.9
v -0.8 -2.3 2.9
v -1.2 -2.3 3.3
v -0.8 -2.3 3.3
v 0.75 -1.7 2.85
v 1.25 -1.7 2.85
v 1.25 -1.7 3.35
v 0.75 -1.7 3.35
v 0.8 -2.3 2.9
v 1.2 -2.3 2.9
v 0.8 -2.3 3.3
v 1.2 -2.3 3.3
v 2.75 -1.7 2.85
v 3.25 -1.7 2.85
v 3.25 -1.7 3.35
v 2.75 -1.7 3.35
v 2.8 -2.3 2.9
v 3.2 -2.3 2.9
v 2.8 -2.3 3.3
v 3.2 -2.3 3.3
v -0.4 2.7 0.2
v -0.4 2.7 3.65
v -1.6 2.7 3.65
v -1.6 2.7 0.2
v -1.25 2.7 3.35
v -1.25 2.7 2.85
v -0.75 2.7 3.35
v -0.75 2.7 2.85
v -1.25 2.777646 2.839778
v -1.25 2.907055 3.322741
v -1.25 2.85 2.809808
v -1.25 3.1 3.24282
v -1.25 2.912132 2.762132
v -1.25 3.265685 3.115685
v -1.25 2.959808 2.7
v -1.25 3.39282 2.95
v -1.25 2.989778 2.627646
v -1.25 3.472741 2.757055
v -1.25 3.0 2.55
v -1.25 3.5 2.55
v -1.25 3.0 -2.8
v -1.25 3.5 -2.8
v -0.75 3.0 -2.8
v -0.75 3.5 -2.8
v -0.75 3.0 2.55
v -0.75 3.5 2.55
v -0.75 2.989778 2.627646
v -0.75 3.472741 2.757055
v -0.75 2.959808 2.7
v -0.75 3.39282 2.95
v -0.75 2.912132 2.762132
v -0.75 3.265685 3.115685
v -0.75 2.85 2.809808
v -0.75 3.1 3.24282
v -0.75 2.777646 2.839778
v -0.75 2.907055 3.322741
v -2.4 2.7 0.2
v -2.4 2.7 3.65
v -3.6 2.7 3.65
v -3.6 2.7 0.2
v 3.6 2.7 0.2
v 3.6 2.7 3.65
v 2.4 2.7 3.65
v 2.4 2.7 0.2
v 2.75 2.7 3.35
v 2.75 2.7 2.85
v 3.25 2.7 3.35
v 3.25 2.7 2.85
v 1.6 2.7 0.2
v 1.6 2.7 3.65
v 0.4 2.7 3.65
v 0.4 2.7 0.2
v 0.75 2.7 3.35
v 0.75 2.7 2.85
v 1.25 2.7 3.35
v 1.25 2.7 2.85
v 3.25 2.907055 3.322741
v 3.25 2.777646 2.839778
v 3.25 3.1 3.24282
v 3.25 2.85 2.809808
v 3.25 3.265685 3.115685
v 3.25 2.912132 2.762132
v 3.25 3.39282 2.95
v 3.25 2.959808 2.7
v 3.25 3.472741 2.757055
v 3.25 2.989778 2.627646
v 3.25 3.5 2.55
v 3.25 3.0 2.55
v 3.25 3.5 -0.282364
v 3.25 3.0 -0.282364
v 3.25 3.475659 -0.478203
v 3.25 2.975659 -0.478203
v 3.25 3.404118 -0.662124
v 3.25 3.0 -2.8
v 3.25 3.5 -2.8
v 3.25 2.767917 -1.251612
v 3.25 3.267917 -1.251612
v 3.25 2.760804 -1.080515
v 3.25 3.260804 -1.080515
v 3.25 2.790269 -0.911823
v 3.25 3.290269 -0.911823
v 3.25 2.854961 -0.753268
v 3.25 2.904118 -0.662124
v 3.25 3.354961 -0.753268
v 2.75 2.777646 2.839778
v 2.75 2.907055 3.322741
v 2.75 2.85 2.809808
v 2.75 3.1 3.24282
v 2.75 2.912132 2.762132
v 2.75 3.265685 3.115685
v 2.75 2.959808 2.7
v 2.75 3.39282 2.95
v 2.75 2.989778 2.627646
v 2.75 3.472741 2.757055
v 2.75 3.0 2.55
v 2.75 3.5 2.55
v 2.75 3.0 -0.282364
v 2.75 3.290269 -0.911823
v 2.75 2.904118 -0.662124
v 2.75 3.354961 -0.753268
v 2.75 2.975659 -0.478203
v 2.75 3.260804 -1.080515
v 2.75 2.790269 -0.911823
v 2.75 2.854961 -0.753268
v 2.75 3.5 -2.8
v 2.75 3.0 -2.8
v 2.75 3.267917 -1.251612
v 2.75 2.767917 -1.251612
v 2.75 2.760804 -1.080515
v 2.75 3.5 -0.282364
v 2.75 3.475659 -0.478203
v 2.75 3.404118 -0.662124
v 1.25 3.0 -2.8
v 1.25 3.5 -2.8
v 1.25 3.0 2.55
v 1.25 3.5 2.55
v 1.25 2.989778 2.627646
v 1.25 3.472741 2.757055
v 1.25 2.959808 2.7
v 1.25 3.39282 2.95
v 1.25 2.912132 2.762132
v 1.25 3.265685 3.115685
v 1.25 2.85 2.809808
v 1.25 3.1 3.24282
v 1.25 2.777646 2.839778
v 1.25 2.907055 3.322741
v 0.75 2.777646 2.839778
v 0.75 2.907055 3.322741
v 0.75 2.85 2.809808
v 0.75 3.1 3.24282
v 0.75 2.912132 2.762132
v 0.75 3.265685 3.115685
v 0.75 2.959808 2.7
v 0.75 3.39282 2.95
v 0.75 2.989778 2.627646
v 0.75 3.472741 2.757055
v 0.75 3.0 2.55
v 0.75 3.5 2.55
v 0.75 3.0 -2.8
v 0.75 3.5 -2.8
v 0.8 3.05 -3.4
v 0.8 3.45 -3.4
v 1.2 3.05 -3.4
v 1.2 3.45 -3.4
v 2.8 3.05 -3.4
v 2.8 3.45 -3.4
v 3.2 3.05 -3.4
v 3.2 3.45 -3.4
v -1.2 3.05 -3.4
v -1.2 3.45 -3.4
v -0.8 3.05 -3.4
v -0.8 3.45 -3.4
v -3.2 3.05 -3.4
v -3.2 3.45 -3.4
v -2.8 3.05 -3.4
v -2.8 3.45 -3.4
v 4.951 0.654298 1.011452
v 4.951 0.654298 0.988497
newmtl 4
Ka 0.0 0.0 0.0
Kd 0.0 0.0 0.0
Ks 0.0 0.0 0.0
d 0.0
endmtl
v 4.951 0.57411 1.011452
v 4.951 0.57411 1.18984
v 4.951 0.548119 1.18984
v 4.951 0.548119 0.988497
v 4.951 0.813282 0.996835
v 4.951 0.809847 0.995123
v 4.951 0.78823 0.988034
v 4.951 0.757542 0.9851
v 4.951 0.813282 1.021745
v 4.951 0.79557 1.013527
v 4.951 0.773189 1.008827
v 4.951 0.7613 1.008261
v 4.951 0.742044 1.010451
v 4.951 0.727525 1.015813
v 4.951 0.714193 1.024956
v 4.951 0.709574 1.029465
v 4.951 0.699611 1.043369
v 4.951 0.693162 1.059662
v 4.951 0.689842 1.084049
v 4.951 0.689811 1.086904
v 4.951 0.693053 1.114277
v 4.951 0.699755 1.131731
v 4.951 0.709446 1.145762
v 4.951 0.710964 1.14743
v 4.951 0.724697 1.158763
v 4.951 0.740533 1.166088
v 4.951 0.758054 1.169457
v 4.951 0.765829 1.169767
v 4.951 0.813282 1.157827
v 4.951 0.808245 1.160439
v 4.951 0.787473 1.167539
v 4.951 0.813282 1.185002
v 4.951 0.765571 1.193237
v 4.951 0.769218 1.193203
v 4.951 0.794941 1.190604
v 4.951 0.736661 1.189751
v 4.951 0.715591 1.181623
v 4.951 0.696107 1.167908
v 4.951 0.691612 1.163591
v 4.951 0.678696 1.147294
v 4.951 0.668458 1.125396
v 4.951 0.663217 1.099847
v 4.951 0.662532 1.08536
v 4.951 0.666423 1.052886
v 4.951 0.674574 1.031812
v 4.951 0.686543 1.014584
v 4.951 0.688369 1.012584
v 4.951 0.743486 0.985875
v 4.951 0.7032 1.000015
v 4.951 0.721985 0.990705
v 4.951 0.96187 1.011452
v 4.951 0.96187 0.988497
v 4.951 0.879573 1.011452
v 4.951 0.879573 1.079184
v 4.951 0.951577 1.079184
v 4.951 0.951577 1.102241
v 4.951 0.879573 1.102241
v 4.951 0.879573 1.166679
v 4.951 0.95729 1.166679
v 4.951 0.95729 1.18984
v 4.951 0.853582 1.18984
v 4.951 0.853582 0.988497
v 4.951 1.125373 1.04548
v 4.951 1.114988 1.032451
v 4.951 1.133465 1.016701
v 4.951 1.112444 1.030088
v 4.951 1.112198 1.001497
v 4.951 1.099409 1.021106
v 4.951 1.089192 0.992584
v 4.951 1.0827 1.014699
v 4.951 1.055285 0.988497
v 4.951 1.05513 1.011452
v 4.951 0.999905 0.988497
v 4.951 1.025897 1.011452
v 4.951 0.999905 1.18984
v 4.951 1.025897 1.166679
v 4.951 1.057344 1.18984
v 4.951 1.056314 1.166679
v 4.951 1.088086 1.186445
v 4.951 1.082378 1.163784
v 4.951 1.112385 1.177568
v 4.951 1.099818 1.157461
v 4.951 1.133465 1.163179
v 4.951 1.114422 1.147739
v 4.951 1.140697 1.15609
v 4.951 1.121579 1.140386
v 4.951 1.153127 1.138496
v 4.951 1.129002 1.128621
v 4.951 1.160536 1.119254
v 4.951 1.134279 1.113056
v 4.951 1.163831 1.091742
v 4.951 1.136501 1.091021
v 4.951 1.162884 1.075803
v 4.951 1.135935 1.079227
v 4.951 1.157433 1.052711
v 4.951 1.132171 1.060563
v 4.951 1.146908 1.032226
v 4.95 1.056314 1.166679
v 4.95 1.025897 1.166679
v 4.95 1.025897 1.011452
v 4.95 1.05513 1.011452
v 4.95 1.114988 1.032451
v 4.95 1.112444 1.030088
v 4.95 1.099409 1.021106
v 4.95 1.0827 1.014699
v 4.95 1.136501 1.091021
v 4.95 1.135935 1.079227
v 4.95 1.132171 1.060563
v 4.95 1.125373 1.04548
v 4.95 1.114422 1.147739
v 4.95 1.121579 1.140386
v 4.95 1.129002 1.128621
v 4.95 1.134279 1.113056
v 4.95 1.082378 1.163784
v 4.95 1.099818 1.157461
v 4.951 1.231305 1.066316
v 4.951 1.223071 1.043568
v 4.951 1.298883 1.066316
v 4.951 1.306912 1.043568
v 4.951 1.261414 1.150004
v 4.951 1.251687 1.18984
v 4.951 1.174999 0.988497
v 4.951 1.203719 0.988497
v 4.951 1.263158 1.156012
v 4.951 1.264708 1.164106
v 4.951 1.27948 1.18984
v 4.951 1.265326 1.164106
v 4.951 1.266954 1.155588
v 4.951 1.268465 1.150004
v 4.951 1.356167 0.988497
v 4.951 1.327448 0.988497
v 4.95 1.231305 1.066316
v 4.95 1.298883 1.066316
v 4.95 1.268465 1.150004
v 4.95 1.265326 1.164106
v 4.95 1.266954 1.155588
v 4.95 1.264708 1.164106
v 4.95 1.261414 1.150004
v 4.95 1.263158 1.156012
v 4.951 0.656408 0.692041
v 4.951 0.656408 0.669086
v 4.951 0.57411 0.692041
v 4.951 0.57411 0.759773
v 4.951 0.646114 0.759773
v 4.951 0.646114 0.782831
v 4.951 0.57411 0.782831
v 4.951 0.57411 0.847269
v 4.951 0.651827 0.847269
v 4.951 0.651827 0.870429
v 4.951 0.548119 0.870429
v 4.951 0.548119 0.669086
v 4.951 0.770204 0.691321
v 4.951 0.770873 0.691321
v 4.951 0.769224 0.714525
v 4.951 0.770848 0.725778
v 4.951 0.796092 0.761626
v 4.951 0.770873 0.727451
v 4.951 0.770873 0.741245
v 4.951 0.770873 0.669086
v 4.951 0.796092 0.669086
v 4.951 0.716165 0.730425
v 4.951 0.722183 0.73326
v 4.951 0.708433 0.74953
v 4.951 0.765525 0.705528
v 4.951 0.760064 0.698114
v 4.951 0.766248 0.685305
v 4.951 0.756902 0.695024
v 4.951 0.758281 0.676739
v 4.951 0.749775 0.690215
v 4.951 0.749387 0.670829
v 4.951 0.742124 0.687435
v 4.951 0.739164 0.667132
v 4.951 0.732683 0.68638
v 4.951 0.726147 0.66569
v 4.951 0.724165 0.687339
v 4.951 0.71106 0.667441
v 4.951 0.71846 0.689433
v 4.951 0.701391 0.671087
v 4.951 0.713434 0.692865
v 4.951 0.692899 0.677013
v 4.951 0.71129 0.69502
v 4.951 0.728257 0.754523
v 4.951 0.737213 0.736715
v 4.951 0.770873 0.760494
v 4.951 0.712817 0.727863
v 4.951 0.697955 0.743988
v 4.951 0.709798 0.724126
v 4.951 0.69038 0.737239
v 4.951 0.707585 0.719422
v 4.951 0.685003 0.729074
v 4.951 0.70634 0.713646
v 4.951 0.681836 0.719927
v 4.951 0.706126 0.709643
v 4.951 0.680546 0.707585
v 4.951 0.706766 0.703853
v 4.951 0.681788 0.696153
v 4.951 0.708424 0.699272
v 4.951 0.684838 0.687621
v 4.951 0.690078 0.679871
v 4.951 0.694597 0.8028
v 4.951 0.694597 0.778301
v 4.951 0.702921 0.807393
v 4.951 0.710981 0.788763
v 4.951 0.722264 0.81396
v 4.951 0.726745 0.794142
v 4.951 0.744109 0.816182
v 4.951 0.741742 0.795698
v 4.951 0.758942 0.814881
v 4.951 0.750285 0.794803
v 4.951 0.769662 0.811699
v 4.951 0.756135 0.792759
v 4.951 0.778079 0.806966
v 4.951 0.760612 0.789874
v 4.951 0.784579 0.800913
v 4.951 0.764425 0.785818
v 4.951 0.789826 0.792954
v 4.951 0.767388 0.780625
v 4.951 0.79388 0.781831
v 4.951 0.769995 0.771645
v 4.95 0.712817 0.727863
v 4.95 0.716165 0.730425
v 4.95 0.722183 0.73326
v 4.95 0.737213 0.736715
v 4.95 0.706126 0.709643
v 4.95 0.70634 0.713646
v 4.95 0.707585 0.719422
v 4.95 0.709798 0.724126
v 4.95 0.713434 0.692865
v 4.95 0.71129 0.69502
v 4.95 0.708424 0.699272
v 4.95 0.706766 0.703853
v 4.95 0.732683 0.68638
v 4.95 0.724165 0.687339
v 4.95 0.71846 0.689433
v 4.95 0.760064 0.698114
v 4.95 0.756902 0.695024
v 4.95 0.749775 0.690215
v 4.95 0.742124 0.687435
v 4.95 0.770873 0.727451
v 4.95 0.770848 0.725778
v 4.95 0.769224 0.714525
v 4.95 0.765525 0.705528
v 4.95 0.770873 0.741245
v 4.951 0.830267 0.700173
v 4.951 0.838953 0.694699
v 4.951 0.87175 0.686277
v 4.951 0.85471 0.688432
v 4.951 0.830267 0.67413
v 4.951 0.847271 0.668067
v 4.951 0.86928 0.66569
v 4.951 0.890074 0.667902
v 4.951 0.903819 0.672746
v 4.951 0.911174 0.677115
v 4.951 0.91839 0.683426
v 4.951 0.92309 0.690077
v 4.951 0.926187 0.698069
v 4.951 0.927387 0.708202
v 4.951 0.926344 0.717598
v 4.951 0.923653 0.725033
v 4.951 0.918946 0.73198
v 4.951 0.912933 0.737346
v 4.951 0.896183 0.746661
v 4.951 0.886418 0.750612
v 4.951 0.870811 0.757406
v 4.951 0.86192 0.762964
v 4.951 0.85946 0.765671
v 4.951 0.857643 0.769073
v 4.951 0.856642 0.772991
v 4.951 0.856413 0.776346
v 4.951 0.856869 0.780368
v 4.951 0.858114 0.783773
v 4.951 0.860276 0.786982
v 4.951 0.864081 0.790345
v 4.951 0.869736 0.793352
v 4.951 0.876483 0.795138
v 4.951 0.883948 0.795698
v 4.951 0.901639 0.793536
v 4.951 0.915899 0.787993
v 4.951 0.92049 0.785301
v 4.951 0.92049 0.8098
v 4.951 0.902455 0.814904
v 4.951 0.886418 0.816182
v 4.951 0.86713 0.813986
v 4.951 0.853451 0.808915
v 4.951 0.846582 0.804756
v 4.951 0.839105 0.798035
v 4.951 0.83442 0.791218
v 4.951 0.831416 0.783099
v 4.951 0.830421 0.774081
v 4.951 0.831505 0.764289
v 4.951 0.834287 0.756588
v 4.951 0.837575 0.751332
v 4.951 0.86861 0.732289
v 4.951 0.853578 0.739179
v 4.951 0.841701 0.747017
v 4.951 0.88517 0.725354
v 4.951 0.895014 0.719422
v 4.951 0.898156 0.71615
v 4.951 0.900106 0.712807
v 4.951 0.901252 0.708869
v 4.951 0.901498 0.705732
v 4.951 0.900976 0.70092
v 4.951 0.899694 0.697334
v 4.951 0.897493 0.694078
v 4.951 0.894599 0.691509
v 4.951 0.892299 0.690114
v 4.951 0.885792 0.687732
v 4.951 0.872864 0.686284
v 4.951 1.052403 0.812888
v 4.951 1.078549 0.812888
v 4.951 1.013133 0.704599
v 4.951 1.011203 0.697896
v 4.951 1.010044 0.692968
v 4.951 1.009375 0.692968
v 4.951 1.006287 0.704805
v 4.951 0.968716 0.812888
v 4.951 0.940511 0.812888
v 4.951 0.99692 0.669395
v 4.951 0.985855 0.643249
v 4.951 0.980921 0.634197
v 4.951 0.976225 0.628934
v 4.951 0.971596 0.625721
v 4.951 0.966073 0.623649
v 4.951 0.960018 0.622971
v 4.951 0.950869 0.624163
v 4.951 0.945709 0.625853
v 4.951 0.945709 0.603413
v 4.951 0.956406 0.601554
v 4.951 0.961973 0.601354
v 4.951 0.982114 0.606317
v 4.951 0.972162 0.602526
v 4.951 0.990922 0.612473
v 4.951 0.992642 0.614049
v 4.951 1.00187 0.625133
v 4.951 1.013287 0.647367
v 4.951 1.214012 0.692041
v 4.951 1.214012 0.669086
v 4.951 1.131715 0.692041
v 4.951 1.131715 0.759773
v 4.951 1.203719 0.759773
v 4.951 1.203719 0.782831
v 4.951 1.131715 0.782831
v 4.951 1.131715 0.847269
v 4.951 1.209432 0.847269
v 4.951 1.209432 0.870429
v 4.951 1.105724 0.870429
v 4.951 1.105724 0.669086
v 4.951 1.377515 0.72607
v 4.951 1.36713 0.71304
v 4.951 1.385607 0.697291
v 4.951 1.364586 0.710677
v 4.951 1.36434 0.682087
v 4.951 1.351551 0.701695
v 4.951 1.341334 0.673173
v 4.951 1.334842 0.695288
v 4.951 1.307427 0.669086
v 4.951 1.307272 0.692041
v 4.951 1.252047 0.669086
v 4.951 1.278039 0.692041
v 4.951 1.252047 0.870429
v 4.951 1.278039 0.847269
v 4.951 1.309485 0.870429
v 4.951 1.308456 0.847269
v 4.951 1.340228 0.867035
v 4.951 1.33452 0.844374
v 4.951 1.364527 0.858158
v 4.951 1.35196 0.83805
v 4.951 1.385607 0.843769
v 4.951 1.366563 0.828328
v 4.951 1.392839 0.83668
v 4.951 1.373721 0.820976
v 4.951 1.405269 0.819086
v 4.951 1.381144 0.80921
v 4.951 1.412678 0.799844
v 4.951 1.386421 0.793646
v 4.951 1.415973 0.772331
v 4.951 1.388643 0.771611
v 4.951 1.415025 0.756392
v 4.951 1.388077 0.759816
v 4.951 1.409575 0.733301
v 4.951 1.384313 0.741152
v 4.951 1.39905 0.712816
v 4.95 1.308456 0.847269
v 4.95 1.278039 0.847269
v 4.95 1.278039 0.692041
v 4.95 1.307272 0.692041
v 4.95 1.36713 0.71304
v 4.95 1.364586 0.710677
v 4.95 1.351551 0.701695
v 4.95 1.334842 0.695288
v 4.95 1.388643 0.771611
v 4.95 1.388077 0.759816
v 4.95 1.384313 0.741152
v 4.95 1.377515 0.72607
v 4.95 1.366563 0.828328
v 4.95 1.373721 0.820976
v 4.95 1.381144 0.80921
v 4.95 1.386421 0.793646
v 4.95 1.33452 0.844374
v 4.95 1.35196 0.83805
v 4.951 1.483447 0.746906
v 4.951 1.475212 0.724157
v 4.951 1.551025 0.746906
v 4.951 1.559054 0.724157
v 4.951 1.513556 0.830593
v 4.951 1.503829 0.870429
v 4.951 1.427141 0.669086
v 4.951 1.45586 0.669086
v 4.951 1.5153 0.836602
v 4.951 1.51685 0.844695
v 4.951 1.531621 0.870429
v 4.951 1.517468 0.844695
v 4.951 1.519095 0.836177
v 4.951 1.520607 0.830593
v 4.951 1.608309 0.669086
v 4.951 1.57959 0.669086
v 4.95 1.483447 0.746906
v 4.95 1.551025 0.746906
v 4.95 1.520607 0.830593
v 4.95 1.517468 0.844695
v 4.95 1.519095 0.836177
v 4.95 1.51685 0.844695
v 4.95 1.513556 0.830593
v 4.95 1.5153 0.836602
v 4.951 -0.379017 1.015843
v 4.951 -0.347135 1.032811
v 4.951 -0.354597 1.120937
v 4.951 -0.102471 0.634795
v 4.951 -0.085503 0.666678
v 4.951 -0.077089 0.702007
v 4.951 -0.265259 1.125045
v 4.951 -0.220881 1.020544
v 4.951 -0.198994 1.065853
v 4.951 -0.273913 0.698095
v 4.951 -0.276563 0.71152
v 4.951 -0.354013 0.767164
v 4.951 -0.355445 0.671251
v 4.951 -0.373573 0.676676
v 4.951 -0.385246 0.786408
v 4.951 -0.298184 1.127908
v 4.951 0.124117 0.837308
v 4.951 0.079739 0.913179
v 4.951 -0.076297 0.731375
v 4.951 -0.112085 0.812972
v 4.951 -0.076297 0.71706
v 4.951 -0.152825 0.590463
v 4.951 -0.124319 0.610316
v 4.951 -0.268247 0.686062
v 4.951 -0.31975 0.614216
v 4.951 -0.341054 0.64048
v 4.951 0.171357 0.979029
v 4.951 0.182809 0.979029
v 4.951 0.241502 1.056332
v 4.951 0.210082 0.975659
v 4.951 0.248476 1.053988
v 4.951 0.235063 0.966025
v 4.951 0.291081 1.032859
v 4.951 0.329918 1.000027
v 4.951 -0.235912 1.159223
v 4.951 -0.16688 1.104206
v 4.951 -0.202271 1.188032
v 4.951 -0.128553 1.132211
v 4.951 -0.167288 1.2097
v 4.951 -0.311806 1.041225
v 4.951 -0.296752 1.042017
v 4.951 -0.281721 1.127014
v 4.951 -0.263 1.037813
v 4.951 -0.230908 1.026035
v 4.951 -0.175499 0.683178
v 4.951 -0.183269 0.674399
v 4.951 -0.194143 0.666601
v 4.951 -0.184749 0.578188
v 4.951 -0.206543 0.661648
v 4.951 -0.21945 0.573907
v 4.951 -0.220881 0.659799
v 4.951 -0.224898 0.574008
v 4.951 -0.22332 0.659852
v 4.951 -0.2587 0.579262
v 4.951 -0.236172 0.661948
v 4.951 -0.291737 0.593123
v 4.951 -0.249112 0.667505
v 4.951 -0.260069 0.675903
v 4.951 -0.168713 0.735584
v 4.951 -0.165444 0.722311
v 4.951 -0.165424 0.709212
v 4.951 -0.168842 0.695474
v 4.951 0.330257 0.732807
v 4.951 0.263597 0.789704
v 4.951 0.291327 0.699848
v 4.951 0.24245 0.772397
v 4.951 0.24765 0.678469
v 4.951 0.217204 0.760669
v 4.951 0.199988 0.668388
v 4.951 0.191398 0.755711
v 4.951 0.115528 0.668388
v 4.951 0.12698 0.755711
v 4.951 0.107463 0.669688
v 4.951 -0.275852 0.725472
v 4.951 -0.271633 0.738945
v 4.951 -0.338224 0.797891
v 4.951 -0.264234 0.750785
v 4.951 -0.314566 0.824962
v 4.951 -0.258575 0.756769
v 4.951 -0.285304 0.845309
v 4.951 -0.247383 0.764728
v 4.951 -0.253688 0.857418
v 4.951 -0.234881 0.769662
v 4.951 -0.21945 0.861644
v 4.951 -0.220881 0.771458
v 4.951 -0.202085 0.860617
v 4.951 -0.208964 0.770163
v 4.951 -0.167525 0.85205
v 4.951 -0.19567 0.765405
v 4.951 -0.137141 0.835779
v 4.951 -0.184153 0.757631
v 4.951 -0.174931 0.747337
v 4.951 0.257259 0.950509
v 4.951 0.273647 0.932225
v 4.951 0.359147 0.95931
v 4.951 0.28699 0.907549
v 4.951 0.37666 0.915592
v 4.951 0.293751 0.880065
v 4.951 0.383223 0.868802
v 4.951 0.294468 0.86737
v 4.951 0.376665 0.817752
v 4.951 0.291021 0.839458
v 4.951 0.358692 0.772427
v 4.951 0.281145 0.813948
v 4.951 0.265386 0.791626
v 4.951 0.164199 1.169423
v 4.951 0.10809 1.103712
v 4.951 0.211751 1.114347
v 4.951 0.140411 1.065165
v 4.951 0.162539 1.019061
v 4.951 -0.435624 0.933565
v 4.951 -0.529689 0.909703
v 4.951 -0.439905 0.898864
v 4.951 -0.530091 0.896001
v 4.951 -0.438169 0.87665
v 4.951 -0.523155 0.839889
v 4.951 -0.427868 0.841631
v 4.951 -0.502636 0.786597
v 4.951 -0.410904 0.812785
v 4.951 -0.469967 0.739964
v 4.951 -0.425307 0.701881
v 4.951 -0.101277 1.235147
v 4.951 -0.081793 1.151173
v 4.951 -0.030488 1.243862
v 4.951 -0.029057 1.15797
v 4.951 0.030366 1.237265
v 4.951 0.019535 1.151991
v 4.951 0.102039 1.211493
v 4.951 0.064422 1.134779
v 4.951 0.104637 1.106856
v 4.951 -0.407625 1.100344
v 4.951 -0.453156 1.068332
v 4.951 -0.403496 0.993995
v 4.951 -0.462809 1.059195
v 4.951 -0.423349 0.965488
v 4.951 -0.497245 1.015046
v 4.951 -0.520083 0.963506
v 4.951 0.119784 0.757042
v 4.951 0.085382 0.683403
v 4.951 0.08871 0.680016
v 4.951 0.124078 0.756091
v 4.951 0.097994 0.673415
v 4.951 0.074013 0.712765
v 4.951 0.075372 0.702103
v 4.951 0.079142 0.692395
v 4.951 0.107297 0.755719
v 4.951 0.097475 0.751839
v 4.951 0.074377 0.718415
v 4.951 0.088672 0.7456
v 4.951 0.082757 0.739077
v 4.951 0.077252 0.72931
v 4.951 0.118391 0.757143
v 4.95 -0.220881 0.771458
v 4.95 -0.208964 0.770163
v 4.95 -0.19567 0.765405
v 4.95 -0.184153 0.757631
v 4.95 -0.174931 0.747337
v 4.95 -0.168713 0.735584
v 4.95 -0.165444 0.722311
v 4.95 -0.165424 0.709212
v 4.95 -0.168842 0.695474
v 4.95 -0.175499 0.683178
v 4.95 -0.183269 0.674399
v 4.95 -0.194143 0.666601
v 4.95 -0.206543 0.661648
v 4.95 -0.220881 0.659799
v 4.95 -0.22332 0.659852
v 4.95 -0.236172 0.661948
v 4.95 -0.249112 0.667505
v 4.95 -0.260069 0.675903
v 4.95 -0.268247 0.686062
v 4.95 -0.273913 0.698095
v 4.95 -0.276563 0.71152
v 4.95 -0.275852 0.725472
v 4.95 -0.271633 0.738945
v 4.95 -0.264234 0.750785
v 4.95 -0.258575 0.756769
v 4.95 -0.247383 0.764728
v 4.95 -0.234881 0.769662
usemtl 1
f 1// 2// 3//
f 4// 5// 6//
f 7// 8// 9//
f 10// 11// 12//
f 13// 14// 15//
f 16// 17// 18//
f 19// 20// 21//
f 22// 23// 24//
f 24// 23// 25//
f 26// 27// 24//
f 24// 27// 28//
f 28// 29// 24//
f 24// 29// 30//
f 24// 30// 22//
f 31// 32// 33//
f 34// 35// 24//
f 24// 35// 36//
f 24// 36// 37//
f 38// 39// 40//
f 40// 39// 41//
f 40// 41// 42//
f 38// 43// 39//
f 39// 43// 44//
f 39// 44// 45//
f 37// 46// 24//
f 24// 46// 47//
f 24// 47// 26//
f 32// 31// 46//
f 46// 31// 48//
f 46// 48// 49//
f 49// 50// 46//
f 46// 50// 51//
f 46// 51// 47//
f 33// 19// 31//
f 31// 19// 21//
f 31// 21// 52//
f 21// 53// 52//
f 52// 53// 54//
f 52// 54// 55//
f 55// 54// 56//
f 55// 56// 57//
f 58// 59// 21//
f 21// 59// 60//
f 21// 60// 53//
f 61// 62// 63//
f 63// 64// 61//
f 61// 64// 65//
f 61// 65// 21//
f 21// 65// 66//
f 21// 66// 58//
f 67// 68// 69//
f 69// 68// 70//
f 69// 70// 71//
f 71// 72// 69//
f 69// 72// 73//
f 69// 73// 62//
f 62// 73// 74//
f 62// 74// 63//
f 75// 67// 76//
f 76// 67// 69//
f 76// 69// 77//
f 77// 69// 78//
f 79// 80// 81//
f 81// 80// 82//
f 82// 83// 81//
f 81// 83// 84//
f 81// 84// 85//
f 85// 84// 86//
f 85// 86// 87//
f 87// 86// 88//
f 87// 88// 69//
f 69// 88// 89//
f 69// 89// 78//
f 90// 91// 79//
f 79// 91// 92//
f 79// 92// 93//
f 93// 94// 79//
f 79// 94// 95//
f 79// 95// 80//
f 96// 97// 98//
f 99// 100// 101//
f 102// 103// 90//
f 104// 105// 106//
f 106// 105// 107//
f 99// 101// 108//
f 102// 90// 109//
f 110// 111// 105//
f 105// 111// 112//
f 105// 112// 113//
f 98// 97// 90//
f 90// 97// 114//
f 90// 114// 109//
f 100// 115// 101//
f 101// 115// 116//
f 101// 116// 117//
f 118// 119// 120//
f 120// 119// 121//
f 120// 121// 122//
f 123// 113// 124//
f 124// 113// 125//
f 124// 125// 120//
f 120// 125// 126//
f 120// 126// 118//
f 123// 127// 113//
f 113// 127// 128//
f 113// 128// 105//
f 105// 128// 129//
f 105// 129// 107//
f 130// 131// 132//
f 132// 131// 133//
f 132// 133// 101//
f 101// 133// 134//
f 101// 134// 108//
f 135// 136// 101//
f 101// 136// 137//
f 101// 137// 105//
f 105// 137// 138//
f 105// 138// 110//
f 139// 140// 91//
f 91// 140// 141//
f 91// 141// 142//
f 142// 143// 91//
f 91// 143// 144//
f 91// 144// 145//
f 145// 144// 130//
f 145// 130// 146//
f 146// 130// 132//
f 103// 147// 90//
f 90// 147// 148//
f 90// 148// 91//
f 91// 148// 149//
f 91// 149// 139//
f 117// 150// 101//
f 101// 150// 151//
f 101// 151// 152//
f 152// 153// 101//
f 101// 153// 154//
f 101// 154// 135//
f 155// 156// 157//
f 157// 113// 155//
f 155// 113// 112//
f 155// 112// 158//
f 158// 112// 159//
f 159// 160// 158//
f 158// 160// 161//
f 158// 161// 162//
f 163// 164// 165//
f 164// 166// 165//
f 165// 166// 167//
f 165// 167// 168//
f 169// 165// 170//
f 156// 155// 169//
f 169// 155// 171//
f 169// 171// 165//
f 165// 171// 172//
f 165// 172// 163//
f 170// 173// 169//
f 169// 173// 174//
f 169// 174// 175//
f 168// 167// 176//
f 176// 167// 177//
f 176// 177// 178//
f 178// 177// 179//
f 178// 179// 180//
f 181// 182// 175//
f 175// 182// 183//
f 175// 183// 169//
f 23// 184// 25//
f 25// 184// 185//
f 25// 185// 98//
f 98// 185// 186//
f 98// 186// 96//
f 187// 188// 189//
f 18// 17// 189//
f 189// 17// 190//
f 189// 190// 187//
f 191// 188// 192//
f 192// 188// 187//
f 192// 187// 193//
f 193// 187// 194//
f 193// 194// 195//
f 195// 194// 196//
f 197// 198// 199//
f 199// 198// 200//
f 199// 200// 191//
f 191// 200// 201//
f 191// 201// 188//
f 188// 201// 202//
f 188// 202// 203//
f 203// 202// 204//
f 203// 204// 205//
f 206// 207// 208//
f 209// 210// 211//
f 211// 210// 212//
f 211// 212// 213//
f 213// 212// 206//
f 213// 206// 214//
f 214// 206// 208//
f 215// 216// 217//
f 218// 219// 220//
f 221// 222// 215//
f 222// 223// 215//
f 215// 223// 224//
f 215// 224// 216//
f 216// 224// 225//
f 218// 220// 215//
f 215// 220// 226//
f 215// 226// 221//
f 227// 228// 229//
f 229// 228// 230//
f 229// 230// 217//
f 217// 230// 231//
f 217// 231// 215//
f 232// 233// 14//
f 14// 233// 234//
f 14// 234// 15//
f 235// 236// 15//
f 237// 238// 239//
f 240// 241// 15//
f 15// 241// 242//
f 225// 243// 216//
f 216// 243// 244//
f 216// 244// 239//
f 239// 244// 245//
f 239// 245// 237//
f 238// 246// 239//
f 239// 246// 247//
f 239// 247// 248//
f 248// 247// 249//
f 248// 249// 235//
f 250// 251// 236//
f 236// 251// 252//
f 236// 252// 15//
f 15// 252// 253//
f 15// 253// 240//
f 242// 254// 15//
f 15// 254// 255//
f 15// 255// 13//
f 256// 257// 258//
f 258// 257// 259//
f 258// 259// 260//
f 258// 261// 256//
f 256// 261// 262//
f 256// 262// 263//
f 263// 264// 256//
f 256// 264// 265//
f 256// 265// 266//
f 266// 265// 267//
f 266// 267// 268//
f 268// 267// 269//
f 268// 269// 236//
f 236// 269// 270//
f 236// 270// 250//
f 271// 272// 260//
f 260// 272// 273//
f 260// 273// 258//
f 274// 275// 219//
f 219// 275// 276//
f 219// 276// 220//
f 274// 277// 275//
f 275// 277// 278//
f 275// 278// 279//
f 279// 278// 280//
f 279// 281// 282//
f 280// 283// 279//
f 279// 283// 284//
f 279// 284// 285//
f 285// 286// 279//
f 279// 286// 287//
f 279// 287// 281//
f 282// 288// 279//
f 279// 288// 289//
f 279// 289// 290//
f 291// 292// 293//
f 294// 295// 293//
f 293// 295// 296//
f 293// 296// 291//
f 292// 291// 297//
f 297// 291// 298//
f 297// 298// 299//
f 295// 300// 296//
f 296// 300// 301//
f 296// 301// 3//
f 3// 301// 302//
f 3// 302// 303//
f 303// 302// 304//
f 303// 304// 299//
f 299// 304// 305//
f 299// 305// 297//
f 306// 307// 308//
f 308// 307// 309//
f 308// 309// 310//
f 311// 310// 312//
f 312// 310// 309//
f 312// 309// 313//
f 313// 309// 314//
f 313// 314// 315//
f 315// 314// 316//
f 317// 318// 319//
f 320// 321// 322//
f 322// 321// 323//
f 322// 323// 311//
f 311// 323// 324//
f 311// 324// 310//
f 310// 324// 325//
f 310// 325// 319//
f 319// 325// 326//
f 319// 326// 317//
f 327// 328// 306//
f 306// 328// 329//
f 306// 329// 307//
f 330// 331// 332//
f 333// 334// 335//
f 334// 336// 335//
f 335// 336// 337//
f 335// 337// 338//
f 338// 337// 339//
f 338// 339// 340//
f 340// 339// 318//
f 340// 318// 327//
f 327// 318// 317//
f 327// 317// 328//
f 341// 342// 343//
f 344// 345// 335//
f 335// 345// 346//
f 346// 347// 335//
f 335// 347// 348//
f 335// 348// 349//
f 350// 351// 335//
f 335// 351// 352//
f 335// 352// 333//
f 335// 353// 344//
f 344// 353// 354//
f 344// 354// 343//
f 343// 354// 355//
f 343// 355// 341//
f 349// 356// 335//
f 335// 356// 357//
f 335// 357// 350//
f 358// 359// 360//
f 360// 359// 361//
f 360// 361// 327//
f 327// 361// 362//
f 327// 362// 340//
f 363// 364// 365//
f 365// 364// 366//
f 365// 366// 367//
f 368// 369// 370//
f 371// 372// 370//
f 370// 372// 373//
f 370// 373// 368//
f 374// 375// 370//
f 370// 375// 376//
f 370// 376// 371//
f 8// 377// 378//
f 378// 377// 379//
f 378// 379// 374//
f 374// 379// 380//
f 374// 380// 375//
f 381// 382// 9//
f 382// 383// 9//
f 9// 383// 384//
f 9// 384// 7//
f 381// 9// 385//
f 385// 9// 386//
f 385// 386// 387//
f 387// 386// 388//
f 388// 386// 216//
f 388// 216// 389//
f 339// 390// 318//
f 318// 390// 391//
f 318// 391// 392//
f 392// 391// 393//
f 392// 393// 394//
f 395// 396// 397//
f 397// 396// 398//
f 216// 399// 400//
f 400// 401// 216//
f 216// 401// 402//
f 216// 402// 217//
f 217// 402// 403//
f 217// 403// 404//
f 395// 405// 396//
f 396// 405// 406//
f 396// 406// 407//
f 407// 406// 408//
f 409// 410// 408//
f 408// 410// 411//
f 408// 411// 407//
f 412// 413// 414//
f 414// 413// 415//
f 414// 415// 416//
f 417// 418// 404//
f 404// 418// 419//
f 404// 419// 420//
f 416// 421// 414//
f 414// 421// 422//
f 414// 422// 386//
f 386// 422// 398//
f 386// 398// 423//
f 423// 398// 396//
f 424// 425// 216//
f 216// 425// 426//
f 216// 426// 399//
f 427// 428// 408//
f 408// 428// 429//
f 408// 429// 430//
f 423// 431// 386//
f 386// 431// 432//
f 386// 432// 216//
f 216// 432// 433//
f 216// 433// 424//
f 430// 434// 408//
f 408// 434// 435//
f 408// 435// 409//
f 436// 437// 438//
f 438// 437// 439//
f 437// 440// 439//
f 439// 440// 441//
f 439// 441// 414//
f 414// 441// 442//
f 414// 442// 412//
f 443// 444// 15//
f 235// 15// 248//
f 248// 15// 444//
f 248// 444// 210//
f 210// 444// 445//
f 210// 445// 212//
f 446// 447// 443//
f 448// 449// 450//
f 450// 449// 451//
f 450// 451// 446//
f 446// 443// 450//
f 450// 443// 15//
f 450// 15// 452//
f 452// 15// 234//
f 452// 234// 453//
f 452// 454// 450//
f 450// 454// 455//
f 450// 455// 456//
f 457// 458// 459//
f 459// 458// 460//
f 459// 460// 234//
f 234// 460// 461//
f 234// 461// 453//
f 456// 462// 450//
f 450// 462// 463//
f 450// 463// 448//
f 464// 465// 466//
f 464// 466// 467//
f 465// 468// 466//
f 466// 468// 469//
f 466// 469// 459//
f 459// 469// 470//
f 459// 470// 457//
f 471// 472// 473//
f 473// 472// 474//
f 473// 474// 475//
f 475// 474// 476//
f 475// 476// 477//
f 477// 476// 466//
f 477// 466// 478//
f 478// 466// 459//
f 478// 459// 479//
f 479// 459// 234//
f 479// 234// 480//
f 480// 234// 233//
f 480// 233// 481//
f 481// 233// 438//
f 481// 438// 482//
f 482// 438// 439//
f 232// 227// 233//
f 233// 227// 229//
f 233// 229// 438//
f 438// 229// 217//
f 438// 217// 436//
f 436// 217// 404//
f 436// 404// 483//
f 483// 404// 420//
f 472// 484// 474//
f 474// 484// 6//
f 474// 6// 476//
f 476// 6// 188//
f 476// 188// 466//
f 466// 188// 203//
f 466// 203// 467//
f 467// 203// 205//
f 467// 205// 209//
f 209// 205// 16//
f 209// 16// 210//
f 210// 16// 18//
f 485// 486// 487//
f 485// 98// 488//
f 488// 98// 90//
f 488// 90// 489//
f 489// 90// 79//
f 489// 79// 490//
f 490// 79// 81//
f 490// 81// 491//
f 492// 493// 494//
f 494// 493// 495//
f 487// 496// 489//
f 489// 496// 497//
f 489// 497// 488//
f 498// 499// 500//
f 500// 499// 496//
f 500// 496// 495//
f 495// 496// 487//
f 495// 487// 494//
f 494// 487// 486//
f 6// 5// 188//
f 188// 5// 501//
f 188// 501// 189//
f 501// 502// 189//
f 189// 502// 503//
f 189// 503// 504//
f 504// 503// 505//
f 504// 505// 506//
f 6// 507// 508//
f 506// 509// 504//
f 504// 509// 510//
f 504// 510// 511//
f 508// 512// 6//
f 6// 512// 513//
f 6// 513// 4//
f 511// 514// 504//
f 504// 514// 515//
f 504// 515// 6//
f 6// 515// 516//
f 6// 516// 507//
f 517// 518// 6//
f 519// 520// 521//
f 6// 518// 504//
f 504// 518// 522//
f 504// 522// 523//
f 8// 378// 9//
f 9// 378// 487//
f 9// 487// 386//
f 386// 487// 489//
f 386// 489// 414//
f 414// 489// 490//
f 414// 490// 439//
f 439// 490// 491//
f 439// 491// 482//
f 504// 291// 189//
f 189// 291// 296//
f 189// 296// 18//
f 18// 296// 3//
f 18// 3// 210//
f 210// 3// 310//
f 210// 310// 248//
f 248// 310// 319//
f 248// 319// 239//
f 239// 319// 318//
f 239// 318// 216//
f 216// 318// 392//
f 216// 392// 389//
f 389// 392// 394//
f 524// 374// 24//
f 485// 487// 98//
f 98// 487// 378//
f 98// 378// 25//
f 25// 378// 525//
f 25// 525// 24//
f 24// 525// 526//
f 24// 526// 524//
f 524// 527// 374//
f 374// 527// 528//
f 374// 528// 378//
f 378// 528// 529//
f 378// 529// 525//
f 308// 530// 303//
f 303// 530// 531//
f 303// 531// 532//
f 3// 2// 310//
f 310// 2// 533//
f 310// 533// 308//
f 308// 533// 534//
f 308// 534// 530//
f 3// 535// 536//
f 532// 537// 303//
f 303// 537// 538//
f 303// 538// 539//
f 536// 540// 3//
f 3// 540// 541//
f 3// 541// 1//
f 539// 542// 303//
f 303// 542// 543//
f 303// 543// 3//
f 3// 543// 544//
f 3// 544// 535//
f 332// 298// 545//
f 545// 298// 291//
f 545// 291// 546//
f 546// 291// 504//
f 546// 504// 547//
f 547// 504// 523//
f 547// 523// 484//
f 484// 523// 548//
f 484// 548// 6//
f 6// 548// 519//
f 6// 519// 517//
f 517// 519// 521//
f 332// 545// 330//
f 330// 545// 546//
f 330// 546// 549//
f 549// 546// 547//
f 549// 547// 550//
f 550// 547// 484//
f 550// 484// 551//
f 551// 484// 472//
f 551// 472// 552//
f 552// 472// 471//
f 552// 471// 553//
f 369// 367// 370//
f 370// 367// 366//
f 370// 366// 374//
f 374// 366// 554//
f 374// 554// 24//
f 24// 554// 39//
f 24// 39// 34//
f 34// 39// 45//
f 332// 10// 298//
f 298// 10// 12//
f 298// 12// 299//
f 299// 12// 555//
f 299// 555// 303//
f 303// 555// 556//
f 303// 556// 308//
f 308// 556// 557//
f 308// 557// 306//
f 306// 557// 558//
f 306// 558// 327//
f 327// 558// 559//
f 327// 559// 360//
f 360// 559// 364//
f 360// 364// 358//
f 358// 364// 363//
usemtl 2
f 560// 561// 562//
f 562// 561// 563//
f 562// 563// 564//
f 564// 563// 565//
f 564// 565// 566//
f 566// 565// 567//
f 566// 567// 568//
f 568// 567// 569//
f 568// 569// 570//
f 570// 569// 571//
f 570// 571// 572//
f 572// 571// 573//
f 572// 573// 574//
f 575// 576// 577//
f 577// 576// 578//
f 577// 578// 579//
f 578// 580// 579//
f 579// 580// 581//
f 579// 581// 582//
f 573// 583// 574//
f 574// 583// 584//
f 574// 584// 585//
f 581// 586// 582//
f 582// 586// 587//
f 582// 587// 588//
f 588// 587// 585//
f 588// 585// 589//
f 589// 585// 584//
f 590// 591// 592//
f 592// 591// 593//
f 592// 593// 594//
f 594// 593// 595//
f 594// 595// 596//
f 596// 595// 597//
f 596// 597// 598//
f 598// 597// 599//
f 598// 599// 600//
f 600// 599// 601//
f 600// 601// 602//
f 602// 601// 603//
f 602// 603// 604//
f 604// 603// 605//
f 604// 605// 606//
f 606// 605// 607//
f 606// 607// 608//
f 609// 610// 611//
f 611// 610// 612//
f 611// 612// 613//
f 613// 612// 614//
f 613// 614// 615//
f 615// 614// 616//
f 615// 616// 617//
f 617// 616// 618//
f 618// 616// 607//
f 607// 616// 619//
f 607// 619// 608//
f 602// 604// 573//
f 573// 604// 583//
usemtl 1
f 620// 621// 622//
f 622// 621// 623//
f 624// 625// 626//
f 626// 625// 627//
f 626// 627// 628//
f 628// 627// 629//
f 630// 631// 632//
f 632// 631// 633//
f 632// 633// 634//
f 634// 633// 635//
f 636// 637// 638//
f 638// 637// 639//
f 640// 11// 641//
f 641// 11// 10//
f 641// 10// 642//
f 642// 10// 643//
f 644// 645// 642//
f 646// 647// 643//
f 643// 647// 648//
f 643// 648// 642//
f 642// 648// 638//
f 642// 638// 644//
f 644// 638// 639//
f 644// 639// 649//
f 650// 651// 652//
f 652// 651// 653//
f 654// 655// 656//
f 657// 658// 659//
f 659// 658// 660//
f 659// 660// 661//
f 656// 661// 654//
f 654// 661// 660//
f 654// 660// 653//
f 653// 660// 662//
f 653// 662// 652//
f 652// 662// 644//
f 652// 644// 663//
f 663// 644// 649//
f 663// 649// 664//
f 664// 649// 665//
f 666// 667// 668//
f 668// 667// 669//
f 668// 669// 670//
f 670// 669// 671//
f 670// 671// 630//
f 630// 671// 631//
f 666// 672// 673//
f 666// 673// 667//
f 667// 673// 674//
f 667// 674// 675//
f 671// 675// 631//
f 631// 675// 674//
f 631// 674// 676//
f 676// 674// 677//
f 676// 677// 678//
f 678// 677// 679//
f 680// 681// 666//
f 666// 681// 682//
f 666// 683// 680//
f 680// 683// 684//
f 680// 684// 685//
f 685// 684// 686//
f 685// 686// 682//
f 677// 672// 679//
f 679// 672// 666//
f 679// 666// 687//
f 687// 666// 682//
f 687// 682// 688//
f 688// 682// 686//
f 688// 686// 678//
f 678// 686// 689//
f 678// 689// 676//
f 690// 691// 692//
f 692// 691// 693//
f 692// 693// 694//
f 694// 693// 695//
f 694// 695// 696//
f 696// 695// 697//
f 696// 697// 698//
f 698// 697// 699//
f 698// 699// 700//
f 700// 699// 701//
f 700// 701// 702//
f 702// 701// 703//
f 702// 703// 704//
f 704// 703// 705//
f 704// 705// 706//
f 706// 705// 707//
f 706// 707// 708//
f 708// 707// 709//
f 708// 709// 710//
f 710// 709// 711//
f 710// 711// 712//
f 712// 711// 713//
f 712// 713// 714//
f 714// 713// 715//
f 628// 629// 716//
f 716// 629// 691//
f 716// 691// 690//
f 714// 715// 717//
f 717// 715// 718//
f 717// 718// 719//
f 720// 42// 721//
f 721// 42// 41//
f 721// 41// 722//
f 722// 41// 723//
f 724// 621// 659//
f 659// 621// 620//
f 659// 620// 711//
f 718// 715// 620//
f 620// 715// 713//
f 620// 713// 711//
f 711// 709// 659//
f 659// 709// 707//
f 659// 707// 705//
f 697// 695// 657//
f 657// 695// 693//
f 657// 693// 627//
f 627// 693// 691//
f 627// 691// 629//
f 705// 703// 659//
f 659// 703// 701//
f 659// 701// 657//
f 657// 701// 699//
f 657// 699// 697//
f 725// 726// 727//
f 719// 718// 726//
f 726// 718// 620//
f 726// 620// 727//
f 727// 620// 622//
f 727// 728// 725//
f 725// 728// 729//
f 725// 729// 85//
f 85// 87// 725//
f 725// 87// 69//
f 725// 69// 62//
f 20// 730// 21//
f 21// 730// 725//
f 21// 725// 61//
f 61// 725// 62//
usemtl 3
f 658// 657// 731//
f 731// 657// 627//
f 731// 627// 732//
f 732// 627// 625//
f 732// 625// 644//
f 644// 625// 676//
f 644// 676// 645//
f 645// 676// 689//
f 645// 689// 733//
f 733// 689// 723//
f 733// 723// 734//
f 734// 723// 41//
f 734// 41// 39//
f 39// 554// 734//
f 734// 554// 366//
f 734// 366// 640//
f 640// 366// 364//
f 640// 364// 559//
f 559// 558// 640//
f 640// 558// 557//
f 640// 557// 556//
f 556// 555// 640//
f 640// 555// 12//
f 640// 12// 11//
usemtl 1
f 553// 471// 735//
f 735// 471// 473//
f 473// 475// 735//
f 735// 475// 477//
f 735// 477// 729//
f 729// 477// 478//
f 729// 478// 479//
f 479// 480// 729//
f 729// 480// 481//
f 729// 481// 482//
f 482// 491// 729//
f 729// 491// 81//
f 729// 81// 85//
f 331// 736// 332//
f 332// 736// 643//
f 332// 643// 10//
f 736// 331// 330//
f 736// 330// 735//
f 735// 330// 549//
f 735// 549// 550//
f 550// 551// 735//
f 735// 551// 552//
f 735// 552// 553//
f 729// 728// 646//
f 643// 736// 646//
f 646// 736// 735//
f 646// 735// 729//
f 737// 623// 724//
f 724// 623// 621//
f 661// 737// 659//
f 659// 737// 724//
f 727// 622// 656//
f 656// 622// 623//
f 656// 623// 661//
f 661// 623// 737//
f 40// 738// 38//
f 38// 738// 739//
f 38// 739// 43//
f 43// 739// 740//
f 43// 740// 44//
f 44// 740// 741//
f 44// 741// 45//
f 45// 741// 742//
f 45// 742// 34//
f 34// 742// 743//
f 34// 743// 35//
f 35// 743// 744//
f 35// 744// 36//
f 36// 744// 745//
f 36// 745// 37//
f 37// 745// 746//
f 37// 746// 46//
f 46// 746// 747//
f 46// 747// 32//
f 32// 747// 748//
f 32// 748// 33//
f 33// 748// 749//
f 33// 749// 19//
f 19// 749// 750//
f 751// 738// 720//
f 720// 738// 40//
f 720// 40// 42//
f 730// 20// 752//
f 752// 20// 19//
f 752// 19// 750//
f 635// 716// 634//
f 634// 716// 690//
f 634// 690// 692//
f 692// 694// 634//
f 634// 694// 696//
f 634// 696// 698//
f 700// 702// 668//
f 702// 704// 668//
f 668// 704// 706//
f 668// 706// 708//
f 708// 710// 668//
f 668// 710// 712//
f 668// 712// 753//
f 753// 712// 714//
f 753// 714// 717//
f 698// 700// 634//
f 634// 700// 668//
f 634// 668// 731//
f 731// 668// 670//
f 731// 670// 658//
f 658// 670// 660//
f 640// 641// 683//
f 666// 754// 683//
f 683// 754// 734//
f 683// 734// 640//
f 740// 754// 741//
f 741// 754// 742//
f 751// 755// 738//
f 738// 755// 754//
f 738// 754// 739//
f 739// 754// 740//
f 749// 666// 750//
f 750// 666// 756//
f 750// 756// 752//
f 749// 748// 666//
f 666// 748// 747//
f 666// 747// 746//
f 746// 745// 666//
f 666// 745// 744//
f 666// 744// 754//
f 754// 744// 743//
f 754// 743// 742//
f 754// 755// 757//
f 757// 755// 758//
f 757// 758// 684//
f 684// 758// 686//
f 756// 666// 753//
f 753// 666// 668//
usemtl 2
f 759// 667// 760//
f 760// 667// 675//
f 760// 675// 761//
f 761// 675// 671//
f 761// 671// 762//
f 762// 671// 669//
f 762// 669// 759//
f 759// 669// 667//
f 763// 764// 765//
f 765// 764// 766//
f 767// 673// 768//
f 768// 673// 672//
f 768// 672// 769//
f 769// 672// 677//
f 769// 677// 770//
f 770// 677// 674//
f 770// 674// 767//
f 767// 674// 673//
f 771// 772// 773//
f 773// 772// 774//
f 775// 679// 776//
f 776// 679// 687//
f 776// 687// 777//
f 777// 687// 688//
f 777// 688// 778//
f 778// 688// 678//
f 778// 678// 775//
f 775// 678// 679//
f 779// 780// 781//
f 781// 780// 782//
f 783// 682// 784//
f 784// 682// 681//
f 784// 681// 785//
f 785// 681// 680//
f 785// 680// 786//
f 786// 680// 685//
f 786// 685// 783//
f 783// 685// 682//
f 787// 788// 789//
f 789// 788// 790//
usemtl 1
f 791// 792// 664//
f 664// 792// 663//
f 792// 793// 663//
f 663// 793// 652//
f 650// 652// 794//
f 794// 652// 793//
f 793// 795// 796//
f 795// 793// 797//
f 797// 793// 792//
f 797// 792// 798//
f 798// 792// 791//
f 798// 791// 796//
f 796// 791// 794//
f 796// 794// 793//
usemtl 2
f 796// 795// 799//
f 799// 795// 800//
f 799// 800// 801//
f 801// 800// 802//
f 801// 802// 803//
f 803// 802// 804//
f 803// 804// 805//
f 805// 804// 806//
f 805// 806// 807//
f 807// 806// 808//
f 807// 808// 809//
f 809// 808// 810//
f 809// 810// 811//
f 811// 810// 812//
f 813// 814// 815//
f 815// 814// 816//
f 815// 816// 817//
f 817// 816// 818//
f 817// 818// 819//
f 819// 818// 820//
f 819// 820// 821//
f 821// 820// 822//
f 821// 822// 823//
f 823// 822// 824//
f 823// 824// 825//
f 825// 824// 826//
f 825// 826// 798//
f 798// 826// 797//
usemtl 1
f 827// 828// 651//
f 651// 828// 653//
f 828// 829// 653//
f 653// 829// 654//
f 655// 654// 830//
f 830// 654// 829//
f 829// 561// 560//
f 561// 829// 590//
f 590// 829// 828//
f 590// 828// 591//
f 591// 828// 827//
f 591// 827// 560//
f 560// 827// 830//
f 560// 830// 829//
f 831// 832// 647//
f 647// 832// 648//
f 832// 833// 648//
f 648// 833// 638//
f 636// 638// 834//
f 834// 638// 833//
f 833// 835// 836//
f 835// 833// 837//
f 837// 833// 832//
f 837// 832// 838//
f 838// 832// 831//
f 838// 831// 836//
f 836// 831// 834//
f 836// 834// 833//
f 839// 840// 637//
f 637// 840// 639//
f 840// 841// 639//
f 639// 841// 649//
f 665// 649// 842//
f 842// 649// 841//
f 841// 843// 844//
f 843// 841// 845//
f 845// 841// 840//
f 845// 840// 846//
f 846// 840// 839//
f 846// 839// 844//
f 844// 839// 842//
f 844// 842// 841//
usemtl 2
f 837// 838// 847//
f 847// 838// 848//
f 847// 848// 849//
f 849// 848// 850//
f 849// 850// 851//
f 851// 850// 852//
f 851// 852// 853//
f 853// 852// 854//
f 853// 854// 855//
f 855// 854// 856//
f 855// 856// 857//
f 857// 856// 858//
f 857// 858// 859//
f 859// 858// 860//
f 859// 860// 861//
f 861// 860// 862//
f 861// 862// 863//
f 864// 865// 866//
f 866// 865// 867//
f 866// 867// 868//
f 868// 867// 869//
f 868// 869// 870//
f 870// 869// 871//
f 870// 871// 872//
f 872// 871// 873//
f 873// 871// 862//
f 862// 871// 874//
f 862// 874// 863//
f 836// 835// 875//
f 875// 835// 876//
f 875// 876// 877//
f 877// 876// 878//
f 877// 878// 879//
f 879// 878// 880//
f 879// 880// 881//
f 881// 880// 882//
f 881// 882// 883//
f 883// 882// 884//
f 883// 884// 885//
f 885// 884// 886//
f 885// 886// 887//
f 888// 889// 890//
f 890// 889// 891//
f 892// 893// 888//
f 888// 893// 894//
f 888// 894// 889//
f 895// 896// 897//
f 897// 896// 898//
f 897// 898// 892//
f 892// 898// 899//
f 892// 899// 893//
f 886// 900// 887//
f 887// 900// 901//
f 887// 901// 891//
f 891// 901// 902//
f 891// 902// 890//
f 903// 904// 905//
f 905// 904// 906//
f 905// 906// 907//
f 907// 906// 908//
f 907// 908// 909//
f 909// 908// 910//
f 909// 910// 911//
f 911// 910// 912//
f 911// 912// 913//
f 913// 912// 914//
f 913// 914// 915//
f 915// 914// 916//
f 915// 916// 846//
f 846// 916// 845//
f 844// 843// 917//
f 917// 843// 918//
f 917// 918// 919//
f 919// 918// 920//
f 919// 920// 921//
f 921// 920// 922//
f 921// 922// 923//
f 923// 922// 924//
f 923// 924// 925//
f 925// 924// 926//
f 925// 926// 927//
f 927// 926// 928//
f 927// 928// 929//
f 929// 928// 930//
f 927// 929// 905//
f 905// 929// 903//
f 906// 904// 928//
f 928// 904// 930//
f 931// 932// 933//
f 933// 932// 934//
f 885// 887// 858//
f 858// 887// 860//
f 857// 859// 886//
f 886// 859// 900//
f 935// 936// 937//
f 937// 936// 938//
f 809// 811// 815//
f 815// 811// 813//
f 816// 814// 810//
f 810// 814// 812//
f 939// 940// 941//
f 941// 940// 942//
f 572// 574// 603//
f 603// 574// 605//
f 943// 944// 945//
f 945// 944// 946//
f 785// 790// 784//
f 784// 790// 788//
f 786// 789// 785//
f 785// 789// 790//
f 787// 783// 788//
f 788// 783// 784//
f 783// 787// 786//
f 786// 787// 789//
f 761// 766// 760//
f 760// 766// 764//
f 762// 765// 761//
f 761// 765// 766//
f 763// 759// 764//
f 764// 759// 760//
f 759// 763// 762//
f 762// 763// 765//
f 769// 774// 768//
f 768// 774// 772//
f 770// 773// 769//
f 769// 773// 774//
f 771// 767// 772//
f 772// 767// 768//
f 767// 771// 770//
f 770// 771// 773//
f 777// 782// 776//
f 776// 782// 780//
f 778// 781// 777//
f 777// 781// 782//
f 779// 775// 780//
f 780// 775// 776//
f 775// 779// 778//
f 778// 779// 781//
f 865// 938// 895//
f 895// 938// 936//
f 864// 937// 865//
f 865// 937// 938//
f 935// 896// 936//
f 936// 896// 895//
f 896// 935// 864//
f 864// 935// 937//
f 904// 934// 930//
f 930// 934// 932//
f 903// 933// 904//
f 904// 933// 934//
f 931// 929// 932//
f 932// 929// 930//
f 929// 931// 903//
f 903// 931// 933//
f 814// 942// 812//
f 812// 942// 940//
f 813// 941// 814//
f 814// 941// 942//
f 939// 811// 940//
f 940// 811// 812//
f 811// 939// 813//
f 813// 939// 941//
f 610// 946// 575//
f 575// 946// 944//
f 609// 945// 610//
f 610// 945// 946//
f 943// 576// 944//
f 944// 576// 575//
f 576// 943// 609//
f 609// 943// 945//
usemtl 1
f 633// 631// 624//
f 624// 631// 676//
f 624// 676// 625//
f 686// 758// 689//
f 689// 758// 722//
f 689// 722// 723//
f 684// 683// 642//
f 642// 683// 641//
f 642// 645// 684//
f 684// 645// 733//
f 684// 733// 757//
f 754// 757// 734//
f 734// 757// 733//
f 630// 662// 670//
f 670// 662// 660//
f 632// 732// 630//
f 630// 732// 644//
f 630// 644// 662//
f 632// 634// 732//
f 732// 634// 731//
f 755// 721// 758//
f 758// 721// 722//
f 721// 755// 720//
f 720// 755// 751//
f 726// 753// 719//
f 719// 753// 717//
f 725// 756// 726//
f 726// 756// 753//
f 730// 752// 725//
f 725// 752// 756//
f 626// 635// 624//
f 624// 635// 633//
f 628// 716// 626//
f 626// 716// 635//
f 656// 655// 830//
f 827// 728// 830//
f 830// 728// 727//
f 830// 727// 656//
f 791// 664// 665//
f 842// 839// 728//
f 665// 842// 791//
f 791// 842// 728//
f 791// 728// 794//
f 794// 728// 827//
f 794// 827// 650//
f 650// 827// 651//
f 647// 646// 831//
f 831// 646// 728//
f 831// 728// 834//
f 834// 728// 839//
f 834// 839// 636//
f 636// 839// 637//
usemtl 2
f 898// 896// 866//
f 866// 896// 864//
f 872// 873// 894//
f 894// 873// 889//
f 867// 865// 897//
f 897// 865// 895//
f 890// 902// 874//
f 874// 902// 863//
f 617// 618// 586//
f 586// 618// 587//
f 578// 576// 611//
f 611// 576// 609//
f 588// 589// 619//
f 619// 589// 608//
f 612// 610// 577//
f 577// 610// 575//
f 835// 837// 847//
f 835// 847// 876//
f 876// 847// 849//
f 876// 849// 878//
f 878// 849// 851//
f 878// 851// 880//
f 880// 851// 853//
f 880// 853// 882//
f 882// 853// 855//
f 882// 855// 884//
f 884// 855// 857//
f 884// 857// 886//
f 898// 866// 868//
f 898// 868// 899//
f 899// 868// 870//
f 899// 870// 893//
f 893// 870// 872//
f 893// 872// 894//
f 617// 586// 581//
f 617// 581// 615//
f 615// 581// 580//
f 615// 580// 613//
f 613// 580// 578//
f 613// 578// 611//
f 588// 619// 582//
f 582// 619// 616//
f 582// 616// 579//
f 579// 616// 614//
f 579// 614// 577//
f 577// 614// 612//
f 867// 897// 869//
f 869// 897// 892//
f 869// 892// 871//
f 871// 892// 888//
f 871// 888// 874//
f 874// 888// 890//
f 561// 590// 592//
f 561// 592// 563//
f 563// 592// 594//
f 563// 594// 565//
f 565// 594// 596//
f 565// 596// 567//
f 567// 596// 598//
f 567// 598// 569//
f 569// 598// 600//
f 569// 600// 571//
f 571// 600// 602//
f 571// 602// 573//
f 795// 797// 826//
f 795// 826// 800//
f 800// 826// 824//
f 800// 824// 802//
f 802// 824// 822//
f 802// 822// 804//
f 804// 822// 820//
f 804// 820// 806//
f 806// 820// 818//
f 806// 818// 808//
f 808// 818// 816//
f 808// 816// 810//
f 843// 845// 916//
f 843// 916// 918//
f 918// 916// 914//
f 918// 914// 920//
f 920// 914// 912//
f 920// 912// 922//
f 922// 912// 910//
f 922// 910// 924//
f 924// 910// 908//
f 924// 908// 926//
f 926// 908// 906//
f 926// 906// 928//
f 587// 618// 585//
f 585// 618// 607//
f 585// 607// 574//
f 574// 607// 605//
f 608// 589// 584//
f 608// 584// 606//
f 606// 584// 583//
f 606// 583// 604//
f 860// 887// 862//
f 862// 887// 891//
f 862// 891// 873//
f 873// 891// 889//
f 863// 902// 901//
f 863// 901// 861//
f 861// 901// 900//
f 861// 900// 859//
f 885// 858// 883//
f 883// 858// 856//
f 883// 856// 881//
f 881// 856// 854//
f 881// 854// 879//
f 879// 854// 852//
f 879// 852// 877//
f 877// 852// 850//
f 877// 850// 875//
f 875// 850// 848//
f 875// 848// 836//
f 836// 848// 838//
f 572// 603// 570//
f 570// 603// 601//
f 570// 601// 568//
f 568// 601// 599//
f 568// 599// 566//
f 566// 599// 597//
f 566// 597// 564//
f 564// 597// 595//
f 564// 595// 562//
f 562// 595// 593//
f 562// 593// 560//
f 560// 593// 591//
f 809// 815// 807//
f 807// 815// 817//
f 807// 817// 805//
f 805// 817// 819//
f 805// 819// 803//
f 803// 819// 821//
f 803// 821// 801//
f 801// 821// 823//
f 801// 823// 799//
f 799// 823// 825//
f 799// 825// 796//
f 796// 825// 798//
f 927// 905// 925//
f 925// 905// 907//
f 925// 907// 923//
f 923// 907// 909//
f 923// 909// 921//
f 921// 909// 911//
f 921// 911// 919//
f 919// 911// 913//
f 919// 913// 917//
f 917// 913// 915//
f 917// 915// 844//
f 844// 915// 846//
usemtl 4
f 947// 948// 528//
f 528// 948// 529//
f 949// 947// 527//
f 527// 947// 528//
f 950// 949// 524//
f 524// 949// 527//
f 951// 950// 526//
f 526// 950// 524//
f 952// 951// 525//
f 525// 951// 526//
f 948// 952// 529//
f 529// 952// 525//
f 950// 951// 949//
f 949// 951// 952//
f 949// 952// 947//
f 947// 952// 948//
f 390// 953// 954//
f 955// 956// 389//
f 389// 956// 388//
f 389// 394// 955//
f 955// 394// 393//
f 955// 393// 954//
f 954// 393// 391//
f 954// 391// 390//
f 957// 953// 339//
f 339// 953// 390//
f 957// 339// 337//
f 957// 337// 958//
f 337// 336// 958//
f 958// 336// 334//
f 958// 334// 959//
f 959// 334// 333//
f 959// 333// 960//
f 960// 333// 352//
f 960// 352// 961//
f 961// 352// 351//
f 961// 351// 962//
f 962// 351// 350//
f 962// 350// 963//
f 963// 350// 357//
f 963// 357// 964//
f 964// 357// 356//
f 964// 356// 965//
f 965// 356// 349//
f 965// 349// 966//
f 966// 349// 348//
f 966// 348// 967//
f 967// 348// 347//
f 967// 347// 968//
f 968// 347// 346//
f 968// 346// 969//
f 969// 346// 345//
f 969// 345// 970//
f 970// 345// 344//
f 970// 344// 971//
f 971// 344// 343//
f 971// 343// 972//
f 972// 343// 342//
f 972// 342// 973//
f 973// 342// 341//
f 973// 341// 974//
f 974// 341// 355//
f 974// 355// 975//
f 975// 355// 354//
f 975// 354// 976//
f 340// 977// 978//
f 976// 354// 353//
f 976// 353// 979//
f 979// 353// 335//
f 979// 335// 978//
f 978// 335// 338//
f 978// 338// 340//
f 980// 977// 362//
f 362// 977// 340//
f 365// 981// 982//
f 980// 362// 361//
f 980// 361// 983//
f 361// 359// 983//
f 983// 359// 358//
f 983// 358// 982//
f 982// 358// 363//
f 982// 363// 365//
f 981// 365// 367//
f 981// 367// 984//
f 367// 369// 984//
f 984// 369// 368//
f 984// 368// 985//
f 985// 368// 373//
f 985// 373// 986//
f 986// 373// 372//
f 986// 372// 987//
f 987// 372// 371//
f 987// 371// 988//
f 988// 371// 376//
f 988// 376// 989//
f 376// 375// 989//
f 989// 375// 380//
f 989// 380// 990//
f 990// 380// 379//
f 990// 379// 991//
f 991// 379// 377//
f 991// 377// 992//
f 992// 377// 8//
f 992// 8// 993//
f 8// 7// 993//
f 993// 7// 384//
f 993// 384// 994//
f 994// 384// 383//
f 994// 383// 995//
f 388// 956// 996//
f 995// 383// 382//
f 995// 382// 997//
f 997// 382// 381//
f 997// 381// 998//
f 998// 381// 385//
f 998// 385// 996//
f 996// 385// 387//
f 996// 387// 388//
f 978// 977// 980//
f 973// 974// 984//
f 969// 970// 988//
f 984// 974// 981//
f 988// 970// 987//
f 978// 980// 979//
f 984// 985// 973//
f 973// 985// 986//
f 973// 986// 972//
f 972// 986// 987//
f 972// 987// 971//
f 971// 987// 970//
f 974// 975// 981//
f 981// 975// 976//
f 981// 976// 982//
f 982// 976// 979//
f 982// 979// 983//
f 983// 979// 980//
f 991// 968// 990//
f 990// 968// 969//
f 990// 969// 989//
f 989// 969// 988//
f 953// 957// 954//
f 954// 957// 958//
f 954// 958// 955//
f 955// 958// 959//
f 955// 959// 956//
f 956// 959// 960//
f 956// 960// 996//
f 996// 960// 961//
f 996// 961// 998//
f 998// 961// 962//
f 998// 962// 997//
f 997// 962// 963//
f 997// 963// 995//
f 995// 963// 964//
f 995// 964// 994//
f 994// 964// 965//
f 994// 965// 993//
f 993// 965// 992//
f 992// 965// 966//
f 992// 966// 991//
f 991// 966// 967//
f 991// 967// 968//
f 999// 1000// 324//
f 324// 1000// 325//
f 321// 1001// 323//
f 323// 1001// 999//
f 323// 999// 324//
f 1002// 1001// 320//
f 320// 1001// 321//
f 311// 1003// 322//
f 322// 1003// 1002//
f 322// 1002// 320//
f 1004// 1003// 312//
f 312// 1003// 311//
f 315// 1005// 313//
f 313// 1005// 1004//
f 313// 1004// 312//
f 1006// 1005// 316//
f 316// 1005// 315//
f 309// 1007// 314//
f 314// 1007// 1006//
f 314// 1006// 316//
f 1008// 1007// 307//
f 307// 1007// 309//
f 328// 1009// 329//
f 329// 1009// 1008//
f 329// 1008// 307//
f 1010// 1009// 317//
f 317// 1009// 328//
f 325// 1000// 326//
f 326// 1000// 1010//
f 326// 1010// 317//
f 1010// 1000// 999//
f 999// 1001// 1010//
f 1010// 1001// 1002//
f 1010// 1002// 1009//
f 1007// 1008// 1006//
f 1006// 1008// 1009//
f 1006// 1009// 1005//
f 1005// 1009// 1002//
f 1005// 1002// 1004//
f 1004// 1002// 1003//
f 1011// 1012// 1013//
f 1013// 1012// 1014//
f 1013// 1014// 1015//
f 1015// 1014// 1016//
f 1015// 1016// 1017//
f 1017// 1016// 1018//
f 1017// 1018// 1019//
f 1019// 1018// 1020//
f 1019// 1020// 1021//
f 1021// 1020// 1022//
f 1021// 1022// 1023//
f 1023// 1022// 1024//
f 1023// 1024// 1025//
f 1025// 1024// 1026//
f 1025// 1026// 1027//
f 1027// 1026// 1028//
f 1027// 1028// 1029//
f 1029// 1028// 1030//
f 1029// 1030// 1031//
f 1031// 1030// 1032//
f 1031// 1032// 1033//
f 1033// 1032// 1034//
f 1033// 1034// 1035//
f 1035// 1034// 1036//
f 1035// 1036// 1037//
f 1037// 1036// 1038//
f 1037// 1038// 1039//
f 1039// 1038// 1040//
f 1039// 1040// 1041//
f 1041// 1040// 1042//
f 1041// 1042// 1043//
f 1043// 1042// 1044//
f 1043// 1044// 1045//
f 1045// 1044// 1011//
f 1045// 1011// 1013//
f 1019// 1021// 2//
f 2// 1021// 533//
f 1019// 2// 1//
f 1019// 1// 1017//
f 1017// 1// 541//
f 1017// 541// 1015//
f 1015// 541// 540//
f 1015// 540// 1013//
f 1013// 540// 536//
f 1013// 536// 1045//
f 1045// 536// 535//
f 1045// 535// 1043//
f 1043// 535// 544//
f 1043// 544// 1041//
f 1041// 544// 543//
f 1041// 543// 1039//
f 1039// 543// 542//
f 1039// 542// 1037//
f 1037// 542// 539//
f 1037// 539// 1035//
f 1035// 539// 538//
f 1035// 538// 1033//
f 1033// 538// 537//
f 1033// 537// 1031//
f 1031// 537// 532//
f 1031// 532// 1029//
f 1029// 532// 531//
f 1029// 531// 1027//
f 1027// 531// 530//
f 1027// 530// 1025//
f 1023// 1025// 534//
f 534// 1025// 530//
f 1021// 1023// 533//
f 533// 1023// 534//
f 1026// 1024// 1046//
f 1046// 1024// 1047//
f 1024// 1022// 1047//
f 1047// 1022// 1048//
f 1022// 1020// 1048//
f 1048// 1020// 1049//
f 1012// 1050// 1051//
f 1012// 1051// 1014//
f 1014// 1051// 1052//
f 1014// 1052// 1016//
f 1016// 1052// 1053//
f 1016// 1053// 1018//
f 1018// 1053// 1049//
f 1018// 1049// 1020//
f 1040// 1054// 1055//
f 1040// 1055// 1042//
f 1042// 1055// 1056//
f 1042// 1056// 1044//
f 1044// 1056// 1057//
f 1044// 1057// 1011//
f 1011// 1057// 1050//
f 1011// 1050// 1012//
f 1032// 1058// 1059//
f 1032// 1059// 1034//
f 1034// 1059// 1060//
f 1034// 1060// 1036//
f 1036// 1060// 1061//
f 1036// 1061// 1038//
f 1038// 1061// 1054//
f 1038// 1054// 1040//
f 1026// 1046// 1062//
f 1026// 1062// 1028//
f 1028// 1062// 1063//
f 1028// 1063// 1030//
f 1030// 1063// 1058//
f 1030// 1058// 1032//
usemtl 1
f 1047// 1048// 1046//
f 1046// 1048// 1049//
f 1046// 1049// 1053//
f 1053// 1052// 1046//
f 1046// 1052// 1051//
f 1046// 1051// 1050//
f 1055// 1054// 1046//
f 1046// 1054// 1061//
f 1046// 1061// 1060//
f 1060// 1059// 1046//
f 1046// 1059// 1058//
f 1046// 1058// 1062//
f 1062// 1058// 1063//
f 1050// 1057// 1046//
f 1046// 1057// 1056//
f 1046// 1056// 1055//
usemtl 4
f 1064// 1065// 1066//
f 1066// 1065// 1067//
f 1068// 1069// 1064//
f 1064// 1069// 1070//
f 1064// 1070// 1065//
f 1065// 1070// 1071//
f 1068// 1072// 1069//
f 1069// 1072// 1073//
f 1069// 1073// 1074//
f 1074// 1073// 1075//
f 1074// 1075// 1076//
f 1076// 1077// 1074//
f 1074// 1077// 1066//
f 1074// 1066// 1078//
f 1078// 1066// 1067//
f 1078// 1067// 1079//
f 1074// 1078// 297//
f 297// 1078// 292//
f 1069// 1074// 305//
f 305// 1074// 297//
f 302// 1070// 304//
f 304// 1070// 1069//
f 304// 1069// 305//
f 1071// 1070// 301//
f 301// 1070// 302//
f 1065// 1071// 300//
f 300// 1071// 301//
f 294// 1067// 295//
f 295// 1067// 1065//
f 295// 1065// 300//
f 1079// 1067// 293//
f 293// 1067// 294//
f 1078// 1079// 292//
f 292// 1079// 293//
f 1064// 1066// 1080//
f 1080// 1066// 1081//
f 1066// 1077// 1081//
f 1081// 1077// 1082//
f 1075// 1083// 1084//
f 1075// 1084// 1076//
f 1076// 1084// 1082//
f 1076// 1082// 1077//
f 1075// 1073// 1083//
f 1083// 1073// 1085//
f 1068// 1086// 1087//
f 1068// 1087// 1072//
f 1072// 1087// 1085//
f 1072// 1085// 1073//
f 1068// 1064// 1086//
f 1086// 1064// 1080//
usemtl 1
f 1083// 1085// 1084//
f 1084// 1085// 1087//
f 1084// 1087// 1082//
f 1082// 1087// 1086//
f 1082// 1086// 1081//
f 1081// 1086// 1080//
usemtl 4
f 1088// 1089// 496//
f 496// 1089// 497//
f 1090// 1088// 499//
f 499// 1088// 496//
f 1091// 1090// 498//
f 498// 1090// 499//
f 1092// 1091// 500//
f 500// 1091// 498//
f 1093// 1092// 495//
f 495// 1092// 500//
f 1094// 1093// 493//
f 493// 1093// 495//
f 1095// 1094// 492//
f 492// 1094// 493//
f 1096// 1095// 494//
f 494// 1095// 492//
f 1097// 1096// 486//
f 486// 1096// 494//
f 1098// 1097// 485//
f 485// 1097// 486//
f 1099// 1098// 488//
f 488// 1098// 485//
f 1089// 1099// 497//
f 497// 1099// 488//
f 1099// 1089// 1088//
f 1088// 1090// 1099//
f 1099// 1090// 1091//
f 1099// 1091// 1098//
f 1096// 1097// 1095//
f 1095// 1097// 1098//
f 1095// 1098// 1094//
f 1094// 1098// 1091//
f 1094// 1091// 1093//
f 1093// 1091// 1092//
f 1100// 1101// 1102//
f 1103// 1104// 1105//
f 1105// 1104// 1106//
f 1107// 1108// 1101//
f 1101// 1108// 1104//
f 1101// 1104// 1102//
f 1102// 1104// 1103//
f 1109// 1110// 1111//
f 1102// 1112// 1100//
f 1100// 1112// 1113//
f 1100// 1113// 1114//
f 1114// 1113// 1115//
f 1114// 1115// 1116//
f 1116// 1115// 1117//
f 1116// 1117// 1118//
f 1118// 1117// 1119//
f 1118// 1119// 1120//
f 1120// 1119// 1121//
f 1120// 1121// 1122//
f 1122// 1121// 1123//
f 1122// 1123// 1124//
f 1124// 1123// 1125//
f 1124// 1125// 1126//
f 1126// 1125// 1127//
f 1126// 1127// 1128//
f 1128// 1127// 1129//
f 1111// 1110// 1130//
f 1130// 1110// 1131//
f 1130// 1131// 1132//
f 1109// 1111// 1133//
f 1133// 1111// 1134//
f 1133// 1134// 1135//
f 1135// 1134// 1136//
f 1135// 1136// 1137//
f 1137// 1136// 1138//
f 1137// 1138// 1139//
f 1139// 1138// 1140//
f 1139// 1140// 1141//
f 1141// 1140// 1142//
f 1141// 1142// 1143//
f 1143// 1142// 1144//
f 1143// 1144// 1145//
f 1145// 1144// 1146//
f 1145// 1146// 1129//
f 1129// 1146// 1147//
f 1129// 1147// 1128//
f 1148// 1149// 1150//
f 1150// 1149// 1151//
f 1150// 1151// 1152//
f 1152// 1151// 1153//
f 1152// 1153// 1154//
f 1154// 1153// 1155//
f 1154// 1155// 1156//
f 1156// 1155// 1157//
f 1156// 1157// 1158//
f 1158// 1157// 1159//
f 1158// 1159// 1160//
f 1160// 1159// 1161//
f 1160// 1161// 1162//
f 1162// 1161// 1163//
f 1162// 1163// 1164//
f 1164// 1163// 1165//
f 1164// 1165// 1166//
f 1166// 1165// 1167//
f 1166// 1167// 1104//
f 1104// 1167// 1132//
f 1104// 1132// 1106//
f 1106// 1132// 1131//
f 1154// 433// 432//
f 1154// 432// 1152//
f 1152// 432// 431//
f 1152// 431// 1150//
f 1150// 431// 423//
f 1150// 423// 1148//
f 1149// 1148// 396//
f 396// 1148// 423//
f 1149// 396// 407//
f 1149// 407// 1151//
f 1151// 407// 411//
f 1151// 411// 1153//
f 1153// 411// 410//
f 1153// 410// 1155//
f 1155// 410// 409//
f 1155// 409// 1157//
f 1157// 409// 435//
f 1157// 435// 1159//
f 1159// 435// 434//
f 1159// 434// 1161//
f 1161// 434// 430//
f 1161// 430// 1163//
f 1163// 430// 429//
f 1163// 429// 1165//
f 1165// 429// 428//
f 1165// 428// 1167//
f 1167// 428// 427//
f 1167// 427// 1132//
f 1130// 1132// 408//
f 408// 1132// 427//
f 1130// 408// 406//
f 1130// 406// 1111//
f 1111// 406// 405//
f 1111// 405// 1134//
f 1134// 405// 395//
f 1134// 395// 1136//
f 1136// 395// 397//
f 1136// 397// 1138//
f 1138// 397// 398//
f 1138// 398// 1140//
f 1140// 398// 422//
f 1140// 422// 1142//
f 1142// 422// 421//
f 1142// 421// 1144//
f 1144// 421// 416//
f 1144// 416// 1146//
f 1146// 416// 415//
f 1146// 415// 1147//
f 1147// 415// 413//
f 1147// 413// 1128//
f 440// 1122// 441//
f 441// 1122// 1124//
f 441// 1124// 442//
f 442// 1124// 1126//
f 442// 1126// 412//
f 412// 1126// 1128//
f 412// 1128// 413//
f 1122// 440// 437//
f 1122// 437// 1120//
f 1120// 437// 436//
f 1120// 436// 1118//
f 436// 483// 1118//
f 1118// 483// 420//
f 1118// 420// 1116//
f 1116// 420// 419//
f 1116// 419// 1114//
f 1114// 419// 418//
f 1114// 418// 1100//
f 1101// 1100// 417//
f 417// 1100// 418//
f 1107// 1101// 404//
f 404// 1101// 417//
f 1108// 1107// 403//
f 403// 1107// 404//
f 1104// 1108// 402//
f 402// 1108// 403//
f 1104// 402// 401//
f 1104// 401// 1166//
f 1166// 401// 400//
f 1166// 400// 1164//
f 1164// 400// 399//
f 1164// 399// 1162//
f 1162// 399// 426//
f 1162// 426// 1160//
f 1160// 426// 425//
f 1160// 425// 1158//
f 1158// 425// 424//
f 1158// 424// 1156//
f 1156// 424// 433//
f 1156// 433// 1154//
f 1133// 1168// 1169//
f 1133// 1169// 1109//
f 1109// 1169// 1170//
f 1109// 1170// 1110//
f 1110// 1170// 1171//
f 1110// 1171// 1131//
f 1141// 1172// 1173//
f 1141// 1173// 1139//
f 1139// 1173// 1174//
f 1139// 1174// 1137//
f 1137// 1174// 1175//
f 1137// 1175// 1135//
f 1135// 1175// 1168//
f 1135// 1168// 1133//
f 1127// 1176// 1177//
f 1127// 1177// 1129//
f 1129// 1177// 1178//
f 1129// 1178// 1145//
f 1145// 1178// 1179//
f 1145// 1179// 1143//
f 1143// 1179// 1172//
f 1143// 1172// 1141//
f 1121// 1180// 1181//
f 1121// 1181// 1123//
f 1123// 1181// 1182//
f 1123// 1182// 1125//
f 1125// 1182// 1176//
f 1125// 1176// 1127//
f 1113// 1183// 1184//
f 1113// 1184// 1115//
f 1115// 1184// 1185//
f 1115// 1185// 1117//
f 1117// 1185// 1186//
f 1117// 1186// 1119//
f 1119// 1186// 1180//
f 1119// 1180// 1121//
f 1105// 1187// 1188//
f 1105// 1188// 1103//
f 1103// 1188// 1189//
f 1103// 1189// 1102//
f 1102// 1189// 1190//
f 1102// 1190// 1112//
f 1112// 1190// 1183//
f 1112// 1183// 1113//
f 1105// 1106// 1187//
f 1187// 1106// 1191//
f 1106// 1131// 1191//
f 1191// 1131// 1171//
usemtl 1
f 1188// 1187// 1168//
f 1187// 1191// 1171//
f 1171// 1170// 1187//
f 1187// 1170// 1169//
f 1187// 1169// 1168//
f 1188// 1168// 1189//
f 1189// 1168// 1175//
f 1189// 1175// 1190//
f 1177// 1176// 1184//
f 1177// 1184// 1178//
f 1185// 1184// 1186//
f 1186// 1184// 1180//
f 1175// 1174// 1190//
f 1190// 1174// 1173//
f 1190// 1173// 1183//
f 1183// 1173// 1172//
f 1183// 1172// 1184//
f 1184// 1172// 1179//
f 1184// 1179// 1178//
f 1176// 1182// 1184//
f 1184// 1182// 1181//
f 1184// 1181// 1180//
usemtl 4
f 215// 1192// 1193//
f 1194// 277// 274//
f 1194// 274// 1195//
f 1195// 274// 219//
f 1195// 219// 1193//
f 1193// 219// 218//
f 1193// 218// 215//
f 1196// 1192// 231//
f 231// 1192// 215//
f 1197// 1196// 230//
f 230// 1196// 231//
f 232// 1198// 227//
f 227// 1198// 1197//
f 227// 1197// 228//
f 228// 1197// 230//
f 1199// 1198// 14//
f 14// 1198// 232//
f 14// 13// 1199//
f 1199// 13// 255//
f 1199// 255// 1200//
f 1200// 255// 254//
f 1200// 254// 1201//
f 1201// 254// 242//
f 1201// 242// 1202//
f 1202// 242// 241//
f 1202// 241// 1203//
f 1203// 241// 240//
f 1203// 240// 1204//
f 1204// 240// 253//
f 1204// 253// 1205//
f 1205// 253// 252//
f 1205// 252// 1206//
f 1206// 252// 251//
f 1206// 251// 1207//
f 1207// 251// 250//
f 1207// 250// 1208//
f 1208// 250// 270//
f 1208// 270// 1209//
f 1209// 270// 269//
f 1209// 269// 1210//
f 1210// 269// 267//
f 1210// 267// 1211//
f 1211// 267// 265//
f 1211// 265// 1212//
f 1212// 265// 264//
f 1212// 264// 1213//
f 1213// 264// 263//
f 1213// 263// 1214//
f 1214// 263// 262//
f 1214// 262// 1215//
f 1215// 262// 261//
f 1215// 261// 1216//
f 1216// 261// 258//
f 1216// 258// 1217//
f 1217// 258// 273//
f 1217// 273// 1218//
f 1218// 273// 272//
f 1218// 272// 1219//
f 1219// 272// 271//
f 1219// 271// 1220//
f 1220// 271// 260//
f 1220// 260// 1221//
f 1221// 260// 259//
f 1221// 259// 1222//
f 1222// 259// 257//
f 1222// 257// 1223//
f 1223// 257// 256//
f 1223// 256// 1224//
f 1224// 256// 266//
f 1224// 266// 1225//
f 1225// 266// 268//
f 1225// 268// 1226//
f 1226// 268// 236//
f 1226// 236// 1227//
f 1228// 1227// 235//
f 235// 1227// 236//
f 1228// 235// 249//
f 1228// 249// 1229//
f 1229// 249// 247//
f 1229// 247// 1230//
f 1230// 247// 246//
f 1230// 246// 1231//
f 1231// 246// 238//
f 1231// 238// 1232//
f 1232// 238// 237//
f 1232// 237// 1233//
f 1234// 1233// 245//
f 245// 1233// 237//
f 245// 244// 1234//
f 1234// 244// 243//
f 1234// 243// 1235//
f 1235// 243// 225//
f 1235// 225// 1236//
f 1236// 225// 224//
f 1236// 224// 1237//
f 1237// 224// 223//
f 1237// 223// 1238//
f 1238// 223// 222//
f 1238// 222// 1239//
f 1239// 222// 221//
f 1239// 221// 1240//
f 275// 1241// 1242//
f 1240// 221// 226//
f 1240// 226// 1243//
f 1243// 226// 220//
f 1243// 220// 1242//
f 1242// 220// 276//
f 1242// 276// 275//
f 1241// 275// 279//
f 1241// 279// 1244//
f 1244// 279// 290//
f 1244// 290// 1245//
f 1245// 290// 289//
f 1245// 289// 1246//
f 1246// 289// 288//
f 1246// 288// 1247//
f 1247// 288// 282//
f 1247// 282// 1248//
f 1248// 282// 281//
f 1248// 281// 1249//
f 1249// 281// 287//
f 1249// 287// 1250//
f 1250// 287// 286//
f 1250// 286// 1251//
f 1251// 286// 285//
f 1251// 285// 1252//
f 1252// 285// 284//
f 1252// 284// 1253//
f 1253// 284// 283//
f 1253// 283// 1254//
f 1254// 283// 280//
f 1254// 280// 1255//
f 1255// 280// 278//
f 1255// 278// 1256//
f 1256// 278// 277//
f 1256// 277// 1194//
f 1220// 1221// 1232//
f 1232// 1221// 1231//
f 1244// 1211// 1241//
f 1241// 1211// 1212//
f 1198// 1194// 1197//
f 1197// 1194// 1195//
f 1197// 1195// 1196//
f 1196// 1195// 1193//
f 1196// 1193// 1192//
f 1221// 1222// 1231//
f 1231// 1222// 1223//
f 1231// 1223// 1230//
f 1230// 1223// 1224//
f 1230// 1224// 1229//
f 1229// 1224// 1225//
f 1229// 1225// 1228//
f 1228// 1225// 1226//
f 1228// 1226// 1227//
f 1200// 1201// 1252//
f 1252// 1201// 1202//
f 1252// 1202// 1251//
f 1251// 1202// 1203//
f 1251// 1203// 1250//
f 1250// 1203// 1204//
f 1250// 1204// 1249//
f 1249// 1204// 1205//
f 1249// 1205// 1248//
f 1248// 1205// 1206//
f 1248// 1206// 1247//
f 1247// 1206// 1207//
f 1247// 1207// 1246//
f 1246// 1207// 1208//
f 1246// 1208// 1245//
f 1245// 1208// 1209//
f 1245// 1209// 1244//
f 1244// 1209// 1210//
f 1244// 1210// 1211//
f 1252// 1253// 1200//
f 1200// 1253// 1254//
f 1200// 1254// 1199//
f 1199// 1254// 1255//
f 1199// 1255// 1198//
f 1198// 1255// 1256//
f 1198// 1256// 1194//
f 1232// 1233// 1220//
f 1220// 1233// 1234//
f 1220// 1234// 1219//
f 1219// 1234// 1235//
f 1219// 1235// 1218//
f 1218// 1235// 1236//
f 1218// 1236// 1217//
f 1217// 1236// 1237//
f 1217// 1237// 1216//
f 1216// 1237// 1238//
f 1216// 1238// 1215//
f 1215// 1238// 1239//
f 1215// 1239// 1214//
f 1214// 1239// 1240//
f 1214// 1240// 1213//
f 1213// 1240// 1243//
f 1213// 1243// 1212//
f 1212// 1243// 1242//
f 1212// 1242// 1241//
f 1257// 1258// 211//
f 211// 1258// 209//
f 1259// 1257// 213//
f 213// 1257// 211//
f 1259// 213// 214//
f 1259// 214// 1260//
f 1260// 214// 208//
f 1260// 208// 1261//
f 1262// 1261// 207//
f 207// 1261// 208//
f 1263// 1262// 206//
f 206// 1262// 207//
f 445// 1264// 212//
f 212// 1264// 1263//
f 212// 1263// 206//
f 1265// 1264// 444//
f 444// 1264// 445//
f 447// 1266// 443//
f 443// 1266// 1265//
f 443// 1265// 444//
f 451// 1267// 446//
f 446// 1267// 1266//
f 446// 1266// 447//
f 1267// 451// 449//
f 1267// 449// 1268//
f 1268// 449// 448//
f 1268// 448// 1269//
f 448// 463// 1269//
f 1269// 463// 462//
f 1269// 462// 1270//
f 1270// 462// 456//
f 1270// 456// 1271//
f 1271// 456// 455//
f 1271// 455// 1272//
f 1272// 455// 454//
f 1272// 454// 1273//
f 1273// 454// 452//
f 1273// 452// 1274//
f 1275// 1274// 453//
f 453// 1274// 452//
f 1275// 453// 461//
f 1275// 461// 1276//
f 1276// 461// 460//
f 1276// 460// 1277//
f 1277// 460// 458//
f 457// 1278// 458//
f 458// 1278// 1279//
f 458// 1279// 1277//
f 457// 470// 1278//
f 1278// 470// 469//
f 1278// 469// 1280//
f 1280// 469// 468//
f 1280// 468// 1281//
f 1281// 468// 465//
f 1281// 465// 1282//
f 1282// 465// 464//
f 1282// 464// 1283//
f 209// 1258// 467//
f 467// 1258// 1283//
f 467// 1283// 464//
f 1260// 1261// 1283//
f 1258// 1257// 1283//
f 1283// 1257// 1259//
f 1283// 1259// 1260//
f 1264// 1265// 1263//
f 1263// 1265// 1266//
f 1263// 1266// 1262//
f 1282// 1268// 1281//
f 1281// 1268// 1269//
f 1274// 1275// 1273//
f 1273// 1275// 1276//
f 1273// 1276// 1272//
f 1272// 1276// 1277//
f 1272// 1277// 1271//
f 1271// 1277// 1279//
f 1271// 1279// 1270//
f 1270// 1279// 1278//
f 1270// 1278// 1269//
f 1269// 1278// 1280//
f 1269// 1280// 1281//
f 1261// 1262// 1283//
f 1283// 1262// 1266//
f 1283// 1266// 1282//
f 1282// 1266// 1267//
f 1282// 1267// 1268//
f 1284// 1285// 201//
f 201// 1285// 202//
f 198// 1286// 200//
f 200// 1286// 1284//
f 200// 1284// 201//
f 1287// 1286// 197//
f 197// 1286// 198//
f 191// 1288// 199//
f 199// 1288// 1287//
f 199// 1287// 197//
f 1289// 1288// 192//
f 192// 1288// 191//
f 195// 1290// 193//
f 193// 1290// 1289//
f 193// 1289// 192//
f 1291// 1290// 196//
f 196// 1290// 195//
f 187// 1292// 194//
f 194// 1292// 1291//
f 194// 1291// 196//
f 1293// 1292// 190//
f 190// 1292// 187//
f 16// 1294// 17//
f 17// 1294// 1293//
f 17// 1293// 190//
f 1295// 1294// 205//
f 205// 1294// 16//
f 202// 1285// 204//
f 204// 1285// 1295//
f 204// 1295// 205//
f 1295// 1285// 1284//
f 1284// 1286// 1295//
f 1295// 1286// 1287//
f 1295// 1287// 1294//
f 1292// 1293// 1291//
f 1291// 1293// 1294//
f 1291// 1294// 1290//
f 1290// 1294// 1287//
f 1290// 1287// 1289//
f 1289// 1287// 1288//
f 1296// 1297// 1298//
f 1298// 1297// 1299//
f 1298// 1299// 1300//
f 1300// 1299// 1301//
f 1300// 1301// 1302//
f 1302// 1301// 1303//
f 1302// 1303// 1304//
f 1304// 1303// 1305//
f 1304// 1305// 1306//
f 1306// 1305// 1307//
f 1306// 1307// 1308//
f 1308// 1307// 1309//
f 1308// 1309// 1310//
f 1310// 1309// 1311//
f 1310// 1311// 1312//
f 1312// 1311// 1313//
f 1312// 1313// 1314//
f 1314// 1313// 1315//
f 1314// 1315// 1316//
f 1316// 1315// 1317//
f 1316// 1317// 1318//
f 1318// 1317// 1319//
f 1318// 1319// 1320//
f 1320// 1319// 1321//
f 1320// 1321// 1322//
f 1322// 1321// 1323//
f 1322// 1323// 1324//
f 1324// 1323// 1325//
f 1324// 1325// 1326//
f 1326// 1325// 1327//
f 1326// 1327// 1328//
f 1328// 1327// 1329//
f 1328// 1329// 1330//
f 1330// 1329// 1296//
f 1330// 1296// 1298//
f 1304// 1306// 5//
f 5// 1306// 501//
f 1304// 5// 4//
f 1304// 4// 1302//
f 1302// 4// 513//
f 1302// 513// 1300//
f 1300// 513// 512//
f 1300// 512// 1298//
f 1298// 512// 508//
f 1298// 508// 1330//
f 1330// 508// 507//
f 1330// 507// 1328//
f 1328// 507// 516//
f 1328// 516// 1326//
f 1326// 516// 515//
f 1326// 515// 1324//
f 1324// 515// 514//
f 1324// 514// 1322//
f 1322// 514// 511//
f 1322// 511// 1320//
f 1320// 511// 510//
f 1320// 510// 1318//
f 1318// 510// 509//
f 1318// 509// 1316//
f 1316// 509// 506//
f 1316// 506// 1314//
f 1314// 506// 505//
f 1314// 505// 1312//
f 1312// 505// 503//
f 1312// 503// 1310//
f 1308// 1310// 502//
f 502// 1310// 503//
f 1306// 1308// 501//
f 501// 1308// 502//
f 1311// 1309// 1331//
f 1331// 1309// 1332//
f 1309// 1307// 1332//
f 1332// 1307// 1333//
f 1307// 1305// 1333//
f 1333// 1305// 1334//
f 1297// 1335// 1336//
f 1297// 1336// 1299//
f 1299// 1336// 1337//
f 1299// 1337// 1301//
f 1301// 1337// 1338//
f 1301// 1338// 1303//
f 1303// 1338// 1334//
f 1303// 1334// 1305//
f 1325// 1339// 1340//
f 1325// 1340// 1327//
f 1327// 1340// 1341//
f 1327// 1341// 1329//
f 1329// 1341// 1342//
f 1329// 1342// 1296//
f 1296// 1342// 1335//
f 1296// 1335// 1297//
f 1317// 1343// 1344//
f 1317// 1344// 1319//
f 1319// 1344// 1345//
f 1319// 1345// 1321//
f 1321// 1345// 1346//
f 1321// 1346// 1323//
f 1323// 1346// 1339//
f 1323// 1339// 1325//
f 1311// 1331// 1347//
f 1311// 1347// 1313//
f 1313// 1347// 1348//
f 1313// 1348// 1315//
f 1315// 1348// 1343//
f 1315// 1343// 1317//
usemtl 1
f 1332// 1333// 1331//
f 1331// 1333// 1334//
f 1331// 1334// 1338//
f 1338// 1337// 1331//
f 1331// 1337// 1336//
f 1331// 1336// 1335//
f 1340// 1339// 1331//
f 1331// 1339// 1346//
f 1331// 1346// 1345//
f 1345// 1344// 1331//
f 1331// 1344// 1343//
f 1331// 1343// 1347//
f 1347// 1343// 1348//
f 1335// 1342// 1331//
f 1331// 1342// 1341//
f 1331// 1341// 1340//
usemtl 4
f 1349// 1350// 1351//
f 1351// 1350// 1352//
f 1353// 1354// 1349//
f 1349// 1354// 1355//
f 1349// 1355// 1350//
f 1350// 1355// 1356//
f 1353// 1357// 1354//
f 1354// 1357// 1358//
f 1354// 1358// 1359//
f 1359// 1358// 1360//
f 1359// 1360// 1361//
f 1361// 1362// 1359//
f 1359// 1362// 1351//
f 1359// 1351// 1363//
f 1363// 1351// 1352//
f 1363// 1352// 1364//
f 1359// 1363// 523//
f 523// 1363// 548//
f 1354// 1359// 522//
f 522// 1359// 523//
f 1355// 1354// 518//
f 518// 1354// 522//
f 1356// 1355// 517//
f 517// 1355// 518//
f 1350// 1356// 521//
f 521// 1356// 517//
f 1352// 1350// 520//
f 520// 1350// 521//
f 1364// 1352// 519//
f 519// 1352// 520//
f 1363// 1364// 548//
f 548// 1364// 519//
f 1349// 1351// 1365//
f 1365// 1351// 1366//
f 1351// 1362// 1366//
f 1366// 1362// 1367//
f 1360// 1368// 1369//
f 1360// 1369// 1361//
f 1361// 1369// 1367//
f 1361// 1367// 1362//
f 1360// 1358// 1368//
f 1368// 1358// 1370//
f 1353// 1371// 1372//
f 1353// 1372// 1357//
f 1357// 1372// 1370//
f 1357// 1370// 1358//
f 1353// 1349// 1371//
f 1371// 1349// 1365//
usemtl 1
f 1368// 1370// 1369//
f 1369// 1370// 1372//
f 1369// 1372// 1367//
f 1367// 1372// 1371//
f 1367// 1371// 1366//
f 1366// 1371// 1365//
usemtl 4
f 1373// 1374// 1375//
f 1376// 1377// 1378//
f 1379// 1380// 1381//
f 1382// 1383// 1384//
f 1385// 1384// 1386//
f 1386// 1384// 1387//
f 1375// 1374// 1388//
f 1389// 1390// 1391//
f 1391// 1390// 1392//
f 1391// 1392// 1393//
f 1393// 1392// 1394//
f 1393// 1394// 1378//
f 1378// 1394// 1395//
f 1378// 1395// 1376//
f 1396// 1382// 1397//
f 1397// 1382// 1384//
f 1397// 1384// 1398//
f 1398// 1384// 1385//
f 1399// 1400// 1401//
f 1401// 1400// 1402//
f 1401// 1402// 1403//
f 1403// 1402// 1404//
f 1403// 1404// 1405//
f 1405// 1404// 1406//
f 1379// 1381// 1407//
f 1407// 1381// 1408//
f 1407// 1408// 1409//
f 1409// 1408// 1410//
f 1409// 1410// 1411//
f 1374// 1412// 1388//
f 1388// 1412// 1413//
f 1388// 1413// 1414//
f 1414// 1413// 1415//
f 1414// 1415// 1379//
f 1379// 1415// 1416//
f 1379// 1416// 1380//
f 1417// 1418// 1394//
f 1394// 1418// 1419//
f 1394// 1419// 1420//
f 1420// 1419// 1421//
f 1420// 1421// 1422//
f 1422// 1421// 1423//
f 1422// 1423// 1424//
f 1424// 1423// 1425//
f 1424// 1425// 1426//
f 1426// 1425// 1427//
f 1426// 1427// 1428//
f 1428// 1427// 1429//
f 1428// 1429// 1397//
f 1397// 1429// 1430//
f 1397// 1430// 1396//
f 1431// 1432// 1392//
f 1392// 1432// 1433//
f 1392// 1433// 1394//
f 1394// 1433// 1434//
f 1394// 1434// 1417//
f 1435// 1436// 1437//
f 1437// 1436// 1438//
f 1437// 1438// 1439//
f 1439// 1438// 1440//
f 1439// 1440// 1441//
f 1441// 1440// 1442//
f 1441// 1442// 1443//
f 1443// 1442// 1444//
f 1443// 1444// 1445//
f 1383// 1446// 1384//
f 1384// 1446// 1447//
f 1384// 1447// 1448//
f 1448// 1447// 1449//
f 1448// 1449// 1450//
f 1450// 1449// 1451//
f 1450// 1451// 1452//
f 1452// 1451// 1453//
f 1452// 1453// 1454//
f 1454// 1453// 1455//
f 1454// 1455// 1456//
f 1456// 1455// 1457//
f 1456// 1457// 1458//
f 1458// 1457// 1459//
f 1458// 1459// 1460//
f 1460// 1459// 1461//
f 1460// 1461// 1462//
f 1462// 1461// 1463//
f 1462// 1463// 1392//
f 1392// 1463// 1464//
f 1392// 1464// 1431//
f 1404// 1465// 1406//
f 1406// 1465// 1466//
f 1406// 1466// 1467//
f 1467// 1466// 1468//
f 1467// 1468// 1469//
f 1469// 1468// 1470//
f 1469// 1470// 1471//
f 1471// 1470// 1472//
f 1471// 1472// 1473//
f 1473// 1472// 1474//
f 1473// 1474// 1475//
f 1475// 1474// 1476//
f 1475// 1476// 1435//
f 1435// 1476// 1477//
f 1435// 1477// 1436//
f 1478// 1479// 1480//
f 1480// 1479// 1481//
f 1480// 1481// 1401//
f 1401// 1481// 1482//
f 1401// 1482// 1399//
f 1483// 1484// 1485//
f 1485// 1484// 1486//
f 1485// 1486// 1487//
f 1487// 1486// 1488//
f 1487// 1488// 1489//
f 1489// 1488// 1490//
f 1489// 1490// 1491//
f 1491// 1490// 1492//
f 1491// 1492// 1387//
f 1387// 1492// 1493//
f 1387// 1493// 1386//
f 1411// 1410// 1494//
f 1494// 1410// 1495//
f 1494// 1495// 1496//
f 1496// 1495// 1497//
f 1496// 1497// 1498//
f 1498// 1497// 1499//
f 1498// 1499// 1500//
f 1500// 1499// 1501//
f 1500// 1501// 1478//
f 1478// 1501// 1502//
f 1478// 1502// 1479//
f 1375// 1503// 1373//
f 1373// 1503// 1504//
f 1373// 1504// 1505//
f 1505// 1504// 1506//
f 1505// 1506// 1507//
f 1507// 1506// 1508//
f 1507// 1508// 1483//
f 1483// 1508// 1509//
f 1483// 1509// 1484//
f 1510// 1511// 1512//
f 1444// 1513// 1445//
f 1445// 1513// 1510//
f 1445// 1510// 1514//
f 1514// 1510// 1512//
f 1515// 1516// 1510//
f 1510// 1516// 1517//
f 1510// 1517// 1511//
f 1518// 1519// 1520//
f 1519// 1521// 1520//
f 1520// 1521// 1522//
f 1520// 1522// 1523//
f 1515// 1510// 1520//
f 1520// 1510// 1524//
f 1520// 1524// 1518//
f 1471// 97// 96//
f 184// 1406// 1467//
f 1471// 96// 1469//
f 1469// 96// 186//
f 1469// 186// 1467//
f 1467// 186// 185//
f 1467// 185// 184//
f 184// 23// 1406//
f 1406// 23// 22//
f 1406// 22// 1405//
f 1405// 22// 30//
f 1405// 30// 1403//
f 1403// 30// 29//
f 1403// 29// 1401//
f 1401// 29// 28//
f 1401// 28// 1480//
f 1480// 28// 27//
f 1480// 27// 1478//
f 1500// 1478// 26//
f 26// 1478// 27//
f 26// 47// 1500//
f 1500// 47// 51//
f 1500// 51// 1498//
f 1498// 51// 50//
f 1498// 50// 1496//
f 52// 1409// 31//
f 31// 1409// 1411//
f 31// 1411// 48//
f 48// 1411// 1494//
f 48// 1494// 49//
f 49// 1494// 1496//
f 49// 1496// 50//
f 1409// 52// 55//
f 1409// 55// 1407//
f 1407// 55// 57//
f 1407// 57// 1379//
f 1379// 57// 56//
f 1379// 56// 1414//
f 1414// 56// 54//
f 1414// 54// 1388//
f 1388// 54// 53//
f 1388// 53// 1375//
f 1375// 53// 60//
f 1375// 60// 1503//
f 1503// 60// 59//
f 1503// 59// 1504//
f 1504// 59// 58//
f 1504// 58// 1506//
f 73// 1486// 1484//
f 1506// 58// 66//
f 1506// 66// 1508//
f 1508// 66// 65//
f 1508// 65// 1509//
f 65// 64// 1509//
f 1509// 64// 63//
f 1509// 63// 1484//
f 1484// 63// 74//
f 1484// 74// 73//
f 1486// 73// 72//
f 1486// 72// 1488//
f 1488// 72// 71//
f 1488// 71// 1490//
f 1490// 71// 70//
f 1490// 70// 1492//
f 1492// 70// 68//
f 1492// 68// 1493//
f 1493// 68// 67//
f 1493// 67// 1386//
f 1386// 67// 75//
f 1386// 75// 1385//
f 1385// 75// 76//
f 1385// 76// 1398//
f 76// 77// 1398//
f 1398// 77// 78//
f 1398// 78// 1397//
f 1397// 78// 89//
f 1397// 89// 1428//
f 1428// 89// 88//
f 1428// 88// 1426//
f 88// 86// 1426//
f 1426// 86// 84//
f 1426// 84// 1424//
f 1424// 84// 83//
f 1424// 83// 1422//
f 146// 1393// 1378//
f 1422// 83// 82//
f 1422// 82// 1420//
f 1420// 82// 80//
f 1420// 80// 1394//
f 80// 95// 1394//
f 1394// 95// 94//
f 1394// 94// 1395//
f 1395// 94// 93//
f 1395// 93// 1376//
f 1376// 93// 92//
f 1376// 92// 1377//
f 1377// 92// 91//
f 1377// 91// 1378//
f 1378// 91// 145//
f 1378// 145// 146//
f 1391// 1393// 132//
f 132// 1393// 146//
f 1389// 1391// 101//
f 101// 1391// 132//
f 1390// 1389// 105//
f 105// 1389// 101//
f 1392// 1390// 104//
f 104// 1390// 105//
f 1392// 104// 106//
f 1392// 106// 1462//
f 1462// 106// 107//
f 1462// 107// 1460//
f 1460// 107// 129//
f 1460// 129// 1458//
f 1458// 129// 128//
f 1458// 128// 1456//
f 1456// 128// 127//
f 1456// 127// 1454//
f 1454// 127// 123//
f 1454// 123// 1452//
f 1452// 123// 124//
f 1452// 124// 1450//
f 1450// 124// 120//
f 1450// 120// 1448//
f 1448// 120// 122//
f 1448// 122// 1384//
f 1384// 122// 121//
f 1384// 121// 1387//
f 1387// 121// 119//
f 1387// 119// 1491//
f 1491// 119// 118//
f 1491// 118// 1489//
f 1489// 118// 126//
f 1489// 126// 1487//
f 1487// 126// 125//
f 1487// 125// 1485//
f 1483// 1485// 113//
f 113// 1485// 125//
f 113// 157// 1483//
f 1483// 157// 156//
f 1483// 156// 1507//
f 1507// 156// 169//
f 1507// 169// 1505//
f 169// 183// 1505//
f 1505// 183// 182//
f 1505// 182// 1373//
f 1373// 182// 181//
f 1373// 181// 1374//
f 1374// 181// 175//
f 1374// 175// 1412//
f 1412// 175// 174//
f 1412// 174// 1413//
f 1413// 174// 173//
f 1413// 173// 1415//
f 1415// 173// 170//
f 1415// 170// 1416//
f 1416// 170// 165//
f 1416// 165// 1380//
f 1380// 165// 168//
f 1380// 168// 1381//
f 1381// 168// 176//
f 1381// 176// 1408//
f 1408// 176// 178//
f 1408// 178// 1410//
f 1410// 178// 180//
f 1410// 180// 1495//
f 1495// 180// 179//
f 1495// 179// 1497//
f 155// 1399// 171//
f 171// 1399// 1482//
f 171// 1482// 172//
f 172// 1482// 1481//
f 172// 1481// 163//
f 163// 1481// 1479//
f 163// 1479// 164//
f 164// 1479// 1502//
f 164// 1502// 166//
f 166// 1502// 1501//
f 166// 1501// 167//
f 167// 1501// 1499//
f 167// 1499// 177//
f 177// 1499// 1497//
f 177// 1497// 179//
f 1400// 1399// 158//
f 158// 1399// 155//
f 1400// 158// 162//
f 1400// 162// 1402//
f 1402// 162// 161//
f 1402// 161// 1404//
f 1404// 161// 160//
f 1404// 160// 1465//
f 1465// 160// 159//
f 1465// 159// 1466//
f 1466// 159// 112//
f 1466// 112// 1468//
f 112// 111// 1468//
f 1468// 111// 110//
f 1468// 110// 1470//
f 1470// 110// 138//
f 1470// 138// 1472//
f 1472// 138// 137//
f 1472// 137// 1474//
f 1474// 137// 136//
f 1474// 136// 1476//
f 1476// 136// 135//
f 1476// 135// 1477//
f 1477// 135// 154//
f 1477// 154// 1436//
f 1436// 154// 153//
f 1436// 153// 1438//
f 1438// 153// 152//
f 1438// 152// 1440//
f 1440// 152// 151//
f 1440// 151// 1442//
f 1444// 1442// 150//
f 150// 1442// 151//
f 1444// 150// 117//
f 1444// 117// 1513//
f 1513// 117// 116//
f 1513// 116// 1510//
f 1510// 116// 115//
f 1510// 115// 1524//
f 1524// 115// 100//
f 1524// 100// 1518//
f 1518// 100// 99//
f 1518// 99// 1519//
f 1519// 99// 108//
f 1519// 108// 1521//
f 1521// 108// 134//
f 1521// 134// 1522//
f 1522// 134// 133//
f 1522// 133// 1523//
f 1523// 133// 131//
f 1523// 131// 1520//
f 1520// 131// 130//
f 1520// 130// 1515//
f 1515// 130// 144//
f 1515// 144// 1516//
f 1516// 144// 143//
f 1516// 143// 1517//
f 1517// 143// 142//
f 1517// 142// 1511//
f 1511// 142// 141//
f 1511// 141// 1512//
f 1512// 141// 140//
f 1512// 140// 1514//
f 1514// 140// 139//
f 1514// 139// 1445//
f 1445// 139// 149//
f 1445// 149// 1443//
f 1441// 1443// 148//
f 148// 1443// 149//
f 1441// 148// 147//
f 1441// 147// 1439//
f 1439// 147// 103//
f 1439// 103// 1437//
f 1437// 103// 102//
f 1437// 102// 1435//
f 1435// 102// 109//
f 1435// 109// 1475//
f 1475// 109// 114//
f 1475// 114// 1473//
f 1473// 114// 97//
f 1473// 97// 1471//
f 1457// 1525// 1526//
f 1457// 1526// 1459//
f 1459// 1526// 1527//
f 1459// 1527// 1461//
f 1461// 1527// 1528//
f 1461// 1528// 1463//
f 1463// 1528// 1529//
f 1463// 1529// 1464//
f 1464// 1529// 1530//
f 1464// 1530// 1431//
f 1431// 1530// 1531//
f 1431// 1531// 1432//
f 1432// 1531// 1532//
f 1432// 1532// 1433//
f 1433// 1532// 1533//
f 1433// 1533// 1434//
f 1434// 1533// 1534//
f 1434// 1534// 1417//
f 1417// 1534// 1535//
f 1417// 1535// 1418//
f 1418// 1535// 1536//
f 1418// 1536// 1419//
f 1419// 1536// 1537//
f 1419// 1537// 1421//
f 1421// 1537// 1538//
f 1421// 1538// 1423//
f 1423// 1538// 1539//
f 1423// 1539// 1425//
f 1425// 1539// 1540//
f 1425// 1540// 1427//
f 1427// 1540// 1541//
f 1427// 1541// 1429//
f 1429// 1541// 1542//
f 1429// 1542// 1430//
f 1430// 1542// 1543//
f 1430// 1543// 1396//
f 1396// 1543// 1544//
f 1396// 1544// 1382//
f 1382// 1544// 1545//
f 1382// 1545// 1383//
f 1383// 1545// 1546//
f 1383// 1546// 1446//
f 1446// 1546// 1547//
f 1446// 1547// 1447//
f 1447// 1547// 1548//
f 1447// 1548// 1449//
f 1449// 1548// 1549//
f 1449// 1549// 1451//
f 1451// 1549// 1550//
f 1451// 1550// 1453//
f 1453// 1550// 1551//
f 1453// 1551// 1455//
f 1455// 1551// 1525//
f 1455// 1525// 1457//
usemtl 1
f 1539// 1549// 1548//
f 1537// 1536// 1526//
f 1525// 1551// 1539//
f 1539// 1551// 1550//
f 1539// 1550// 1549//
f 1544// 1543// 1548//
f 1548// 1543// 1542//
f 1525// 1539// 1526//
f 1526// 1539// 1538//
f 1526// 1538// 1537//
f 1547// 1546// 1548//
f 1548// 1546// 1545//
f 1548// 1545// 1544//
f 1542// 1541// 1548//
f 1548// 1541// 1540//
f 1548// 1540// 1539//
f 1536// 1535// 1526//
f 1526// 1535// 1534//
f 1526// 1534// 1533//
f 1533// 1532// 1526//
f 1526// 1532// 1531//
f 1526// 1531// 1530//
f 1530// 1529// 1526//
f 1526// 1529// 1528//
f 1526// 1528// 1527//
