ISO-10303-21;
HEADER;
FILE_DESCRIPTION (( 'STEP AP214' ),
    '1' );
FILE_NAME ('14HM11-0404S.STEP',
    '2018-03-05T05:25:53',
    ( '' ),
    ( '' ),
    'SwSTEP 2.0',
    'SolidWorks 2014',
    '' );
FILE_SCHEMA (( 'AUTOMOTIVE_DESIGN' ));
ENDSEC;

DATA;
#1 =( BOUNDED_CURVE ( )  B_SPLINE_CURVE ( 3, ( #9835, #2829, #10696, #5458 ),
 .UNSPECIFIED., .F., .T. ) 
 B_SPLINE_CURVE_WITH_KNOTS ( ( 4, 4 ),
 ( 0.0000000000000000000, 1.000000000000000000 ),
 .UNSPECIFIED. ) 
 CURVE ( )  GEOMETRIC_REPRESENTATION_ITEM ( )  RATIONAL_B_SPLINE_CURVE ( ( 1.000000000000000000, 0.9711696904488489300, 0.9711696904488489300, 1.000000000000000000 ) ) 
 REPRESENTATION_ITEM ( '' )  );
#2 = DIRECTION ( 'NONE',  ( 0.0000000000000000000, 0.0000000000000000000, 1.000000000000000000 ) ) ;
#3 = MECHANICAL_DESIGN_GEOMETRIC_PRESENTATION_REPRESENTATION (  '', ( #8559 ), #597 ) ;
#4 = FILL_AREA_STYLE ('',( #9724 ) ) ;
#5 = FILL_AREA_STYLE_COLOUR ( '', #632 ) ;
#6 = MECHANICAL_DESIGN_GEOMETRIC_PRESENTATION_REPRESENTATION (  '', ( #10300 ), #600 ) ;
#7 =( NAMED_UNIT ( * ) SI_UNIT ( $, .STERADIAN. ) SOLID_ANGLE_UNIT ( ) );
#8 = PRESENTATION_STYLE_ASSIGNMENT (( #6044 ) ) ;
#9 = B_SPLINE_CURVE_WITH_KNOTS ( 'NONE', 3,
 ( #6775, #10254, #7663, #2388 ),
 .UNSPECIFIED., .F., .F.,
 ( 4, 4 ),
 ( 0.0005894062810974096700, 0.001178812562193348300 ),
 .UNSPECIFIED. ) ;
#10 = ORIENTED_EDGE ( 'NONE', *, *, #8053, .T. ) ;
#11 = EDGE_CURVE ( 'NONE', #4794, #68, #7969, .T. ) ;
#12 = CARTESIAN_POINT ( 'NONE',  ( 11.50000000000000000, -22.99999999999999600, 0.0000000000000000000 ) ) ;
#13 = UNCERTAINTY_MEASURE_WITH_UNIT (LENGTH_MEASURE( 1.000000000000000100E-005 ), #10741, 'distance_accuracy_value', 'NONE');
#14 = CARTESIAN_POINT ( 'NONE',  ( -17.59999999999999800, 15.94314575050762000, 0.5000000000000004400 ) ) ;
#15 = STYLED_ITEM ( 'NONE', ( #11178 ), #4648 ) ;
#16 = CARTESIAN_POINT ( 'NONE',  ( 12.99999999999991500, -11.73714950768870000, 27.69873763198416200 ) ) ;
#17 = FACE_OUTER_BOUND ( 'NONE', #1793, .T. ) ;
#18 = CARTESIAN_POINT ( 'NONE',  ( 0.0000000000000000000, 0.0000000000000000000, -2.000000000000000000 ) ) ;
#19 = EDGE_LOOP ( 'NONE', ( #1695, #883 ) ) ;
#20 = DIRECTION ( 'NONE',  ( 7.719400327253202000E-015, 1.000000000000000000, -0.0000000000000000000 ) ) ;
#21 = SURFACE_STYLE_FILL_AREA ( #1411 ) ;
#22 = CARTESIAN_POINT ( 'NONE',  ( -2.419690145488315300, 3.197100400186501500, -2.000000000000000000 ) ) ;
#23 = UNCERTAINTY_MEASURE_WITH_UNIT (LENGTH_MEASURE( 1.000000000000000100E-005 ), #7202, 'distance_accuracy_value', 'NONE');
#24 = CARTESIAN_POINT ( 'NONE',  ( -15.94314575050761800, 17.59999999999999800, 0.5000000000000004400 ) ) ;
#25 = PLANE ( 'NONE',  #8594 ) ;
#26 = ORIENTED_EDGE ( 'NONE', *, *, #7586, .T. ) ;
#27 = CARTESIAN_POINT ( 'NONE',  ( -12.99999999999927200, -13.00000000000072300, 25.19999999999999900 ) ) ;
#28 = FACE_OUTER_BOUND ( 'NONE', #9188, .T. ) ;
#29 = ORIENTED_EDGE ( 'NONE', *, *, #8783, .T. ) ;
#30 = PRESENTATION_LAYER_ASSIGNMENT (  '', '', ( #628 ) ) ;
#31 = FILL_AREA_STYLE_COLOUR ( '', #8020 ) ;
#32 = DIRECTION ( 'NONE',  ( 1.000000000000000000, 9.856383386231857600E-017, 0.0000000000000000000 ) ) ;
#33 = ADVANCED_FACE ( 'NONE', ( #3293 ), #4197, .F. ) ;
#34 = DIRECTION ( 'NONE',  ( 1.000000000000000000, 9.856383386231857600E-017, 0.0000000000000000000 ) ) ;
#35 = ORIENTED_EDGE ( 'NONE', *, *, #2985, .F. ) ;
#36 = EDGE_CURVE ( 'NONE', #9961, #4290, #6529, .T. ) ;
#37 = CARTESIAN_POINT ( 'NONE',  ( 9.994277014740561100, -6.988554029479670900, 28.19999999999999600 ) ) ;
#38 = CLOSED_SHELL ( 'NONE', ( #8713, #685, #620, #8287, #4716, #1077, #6440, #864, #10801, #8223, #5521, #8201, #7276, #6180, #4762, #8396, #6381, #4499, #7957, #5681, #2259, #2943, #6296, #8875, #8824, #803, #3464, #6911, #9886, #5452, #4020, #10958, #10908, #6379, #8596, #2680, #6353, #1193, #4870, #8342, #2153, #742, #9020, #3859, #7537, #249, #1959, #9682, #6852, #1985, #10413, #8110, #6435, #10652, #6590, #6972, #8177, #3703, #4381, #6542, #4594, #8291, #2013, #9189, #9558, #10742, #9083, #9802, #5736, #9994, #11344, #9439, #3736, #4648, #351, #9889, #8924, #9085, #9857, #10766, #10596, #4275, #4334, #992, #11006, #5243, #3864, #3916, #5480, #8961, #1195, #6409, #10051, #9940, #10479, #180, #3154, #8104, #4446, #5548, #1255, #1136, #1897, #9238, #9617, #9944, #2094, #3528, #6489, #10736, #8174, #8016, #1990, #1139, #5633, #7726, #2738, #3050, #11227, #3829, #3648, #7841, #1083, #4559, #8771, #7376, #10907, #8990, #2937, #11285, #147, #7253, #11404, #3918, #1574, #1105, #3965, #8219, #296, #4222, #7785, #206, #7307, #7374, #7426, #10362, #9739, #124, #3808, #10849, #7220, #6649, #3003, #8142, #300, #9045, #927, #1643, #5422, #1709, #2045, #5629, #5785, #7041, #9997, #1520, #2884, #3588, #5139, #175, #5189, #246, #405, #4720, #1930, #9139, #11177, #2907, #6243, #6545, #3403, #4597, #7161, #3106, #4653, #8075, #10852, #1043, #1772, #2478, #1832, #2539, #3740, #2041, #10104, #2607, #7312, #3000, #10159, #7899, #10048, #122, #9494, #9018, #4817, #2886, #1311, #5581, #9137, #2854, #10535, #2098, #5081, #3766, #7101, #7431, #8650, #4682, #3807, #33, #7488, #3357, #90, #5685, #3046, #4623, #1015, #5302, #4766, #5990, #9911, #5515, #5355, #2156, #6048, #7258, #5578, #2795, #2205, #6118, #10805, #6485, #10705 ) ) ;
#39 = FILL_AREA_STYLE ('',( #7963 ) ) ;
#40 = CARTESIAN_POINT ( 'NONE',  ( 14.26285049231142600, 13.54102959263329500, 27.68476953867926600 ) ) ;
#41 =( LENGTH_UNIT ( ) NAMED_UNIT ( * ) SI_UNIT ( .MILLI., .METRE. ) );
#42 = CARTESIAN_POINT ( 'NONE',  ( 13.00000000000072100, -12.99999999999999600, 27.69999999999999900 ) ) ;
#43 = VECTOR ( 'NONE', #8694, 1000.000000000000000 ) ;
#44 = CARTESIAN_POINT ( 'NONE',  ( 10.80000000000090300, -12.99999999999999600, 26.70000000000000300 ) ) ;
#45 = PRESENTATION_LAYER_ASSIGNMENT (  '', '', ( #10933 ) ) ;
#46 = ORIENTED_EDGE ( 'NONE', *, *, #1180, .T. ) ;
#47 =( LENGTH_UNIT ( ) NAMED_UNIT ( * ) SI_UNIT ( .MILLI., .METRE. ) );
#48 = COLOUR_RGB ( '',1.000000000000000000, 1.000000000000000000, 1.000000000000000000 ) ;
#49 = LINE ( 'NONE', #6466, #6859 ) ;
#50 =( NAMED_UNIT ( * ) SI_UNIT ( $, .STERADIAN. ) SOLID_ANGLE_UNIT ( ) );
#51 =( GEOMETRIC_REPRESENTATION_CONTEXT ( 3 ) GLOBAL_UNCERTAINTY_ASSIGNED_CONTEXT ( ( #10571 ) ) GLOBAL_UNIT_ASSIGNED_CONTEXT ( ( #3510, #3500, #3439 ) ) REPRESENTATION_CONTEXT ( 'NONE', 'WORKASPACE' ) );
#52 = DIRECTION ( 'NONE',  ( 0.0000000000000000000, 0.0000000000000000000, 1.000000000000000000 ) ) ;
#53 = ORIENTED_EDGE ( 'NONE', *, *, #8950, .F. ) ;
#54 = FILL_AREA_STYLE ('',( #4961 ) ) ;
#55 = CARTESIAN_POINT ( 'NONE',  ( 14.07111483039636800, 13.54102959263329500, 27.70000000000000300 ) ) ;
#56 =( LENGTH_UNIT ( ) NAMED_UNIT ( * ) SI_UNIT ( .MILLI., .METRE. ) );
#57 = EDGE_CURVE ( 'NONE', #1324, #9264, #8863, .T. ) ;
#58 = STYLED_ITEM ( 'NONE', ( #11209 ), #10479 ) ;
#59 = COLOUR_RGB ( '',0.2509803921568627400, 0.2509803921568627400, 0.2509803921568627400 ) ;
#60 =( NAMED_UNIT ( * ) PLANE_ANGLE_UNIT ( ) SI_UNIT ( $, .RADIAN. ) );
#61 = CARTESIAN_POINT ( 'NONE',  ( -3.906384401416571600, 0.9996207843425016800, -2.000000000000000000 ) ) ;
#62 = ORIENTED_EDGE ( 'NONE', *, *, #5784, .T. ) ;
#63 = VERTEX_POINT ( 'NONE', #4110 ) ;
#64 =( LENGTH_UNIT ( ) NAMED_UNIT ( * ) SI_UNIT ( .MILLI., .METRE. ) );
#65 =( NAMED_UNIT ( * ) PLANE_ANGLE_UNIT ( ) SI_UNIT ( $, .RADIAN. ) );
#66 =( NAMED_UNIT ( * ) PLANE_ANGLE_UNIT ( ) SI_UNIT ( $, .RADIAN. ) );
#67 = CARTESIAN_POINT ( 'NONE',  ( 13.54102959263324900, -14.07111483039655300, 27.70000000000000300 ) ) ;
#68 = VERTEX_POINT ( 'NONE', #4131 ) ;
#69 = SURFACE_STYLE_USAGE ( .BOTH. , #5420 ) ;
#70 = PRESENTATION_LAYER_ASSIGNMENT (  '', '', ( #10953 ) ) ;
#71 =( GEOMETRIC_REPRESENTATION_CONTEXT ( 3 ) GLOBAL_UNCERTAINTY_ASSIGNED_CONTEXT ( ( #294 ) ) GLOBAL_UNIT_ASSIGNED_CONTEXT ( ( #652, #6861, #1563 ) ) REPRESENTATION_CONTEXT ( 'NONE', 'WORKASPACE' ) );
#72 =( NAMED_UNIT ( * ) SI_UNIT ( $, .STERADIAN. ) SOLID_ANGLE_UNIT ( ) );
#73 = FILL_AREA_STYLE ('',( #10670 ) ) ;
#74 = EDGE_LOOP ( 'NONE', ( #826, #8235, #1866, #7185 ) ) ;
#75 = EDGE_CURVE ( 'NONE', #9542, #7621, #10913, .T. ) ;
#76 = B_SPLINE_CURVE_WITH_KNOTS ( 'NONE', 3,
 ( #5854, #9393, #10268, #5038 ),
 .UNSPECIFIED., .F., .F.,
 ( 4, 4 ),
 ( 0.0000000000000000000, 0.0001923396241064547500 ),
 .UNSPECIFIED. ) ;
#77 = EDGE_LOOP ( 'NONE', ( #11230, #5340, #6873, #11008, #8376 ) ) ;
#78 =( NAMED_UNIT ( * ) SI_UNIT ( $, .STERADIAN. ) SOLID_ANGLE_UNIT ( ) );
#79 = DIRECTION ( 'NONE',  ( -1.000000000000000000, 0.0000000000000000000, 0.0000000000000000000 ) ) ;
#80 = CARTESIAN_POINT ( 'NONE',  ( 11.86457000668170600, 13.54102959263330100, 27.70000000000000300 ) ) ;
#81 = DIRECTION ( 'NONE',  ( -1.000000000000000000, 0.0000000000000000000, 0.0000000000000000000 ) ) ;
#82 = PRESENTATION_LAYER_ASSIGNMENT (  '', '', ( #10963 ) ) ;
#83 = EDGE_CURVE ( 'NONE', #1154, #10693, #10076, .T. ) ;
#84 = SURFACE_STYLE_FILL_AREA ( #2450 ) ;
#85 = SURFACE_STYLE_FILL_AREA ( #650 ) ;
#86 = DIRECTION ( 'NONE',  ( -0.0000000000000000000, -0.0000000000000000000, -1.000000000000000000 ) ) ;
#87 = PRESENTATION_LAYER_ASSIGNMENT (  '', '', ( #10235 ) ) ;
#88 =( NAMED_UNIT ( * ) PLANE_ANGLE_UNIT ( ) SI_UNIT ( $, .RADIAN. ) );
#89 = CARTESIAN_POINT ( 'NONE',  ( 2.799999999999999800, 3.429011037612588800E-016, 0.0000000000000000000 ) ) ;
#90 = ADVANCED_FACE ( 'NONE', ( #2125 ), #3634, .F. ) ;
#91 = CARTESIAN_POINT ( 'NONE',  ( -13.58868278403019600, -14.15715551915510100, 27.70000000000000300 ) ) ;
#92 = VECTOR ( 'NONE', #10091, 1000.000000000000000 ) ;
#93 = LINE ( 'NONE', #6474, #4852 ) ;
#94 = AXIS2_PLACEMENT_3D ( 'NONE', #4501, #10632, #5380 ) ;
#95 = FILL_AREA_STYLE_COLOUR ( '', #10085 ) ;
#96 = MECHANICAL_DESIGN_GEOMETRIC_PRESENTATION_REPRESENTATION (  '', ( #10391 ), #704 ) ;
#97 = CARTESIAN_POINT ( 'NONE',  ( -12.24508157464466900, 12.03692231440889800, 27.70000000000000300 ) ) ;
#98 = CARTESIAN_POINT ( 'NONE',  ( 12.41131721596999800, 14.37408074114600300, 27.65553645166674100 ) ) ;
#99 =( LENGTH_UNIT ( ) NAMED_UNIT ( * ) SI_UNIT ( .MILLI., .METRE. ) );
#100 = DIRECTION ( 'NONE',  ( -1.000000000000000000, 0.0000000000000000000, 0.0000000000000000000 ) ) ;
#101 =( NAMED_UNIT ( * ) PLANE_ANGLE_UNIT ( ) SI_UNIT ( $, .RADIAN. ) );
#102 = LINE ( 'NONE', #6549, #9249 ) ;
#103 = MECHANICAL_DESIGN_GEOMETRIC_PRESENTATION_REPRESENTATION (  '', ( #10395 ), #708 ) ;
#104 = FACE_OUTER_BOUND ( 'NONE', #4565, .T. ) ;
#105 = LINE ( 'NONE', #1095, #6917 ) ;
#106 = ORIENTED_EDGE ( 'NONE', *, *, #11053, .T. ) ;
#107 = SURFACE_STYLE_FILL_AREA ( #315 ) ;
#108 = CARTESIAN_POINT ( 'NONE',  ( -11.20710678118654800, -22.41421356237308900, -5.380361143677898200E-017 ) ) ;
#109 =( NAMED_UNIT ( * ) PLANE_ANGLE_UNIT ( ) SI_UNIT ( $, .RADIAN. ) );
#110 = FACE_OUTER_BOUND ( 'NONE', #9129, .T. ) ;
#111 = CARTESIAN_POINT ( 'NONE',  ( 14.26285049231142000, 12.45897040736659800, 26.70000000000000300 ) ) ;
#112 = SURFACE_SIDE_STYLE ('',( #8733 ) ) ;
#113 = VECTOR ( 'NONE', #10618, 1000.000000000000000 ) ;
#114 = CARTESIAN_POINT ( 'NONE',  ( 11.21421356237399700, -16.57157287525344500, 27.70000000000000600 ) ) ;
#115 = ORIENTED_EDGE ( 'NONE', *, *, #5394, .T. ) ;
#116 = AXIS2_PLACEMENT_3D ( 'NONE', #10769, #5530, #167 ) ;
#117 =( LENGTH_UNIT ( ) NAMED_UNIT ( * ) SI_UNIT ( .MILLI., .METRE. ) );
#118 =( NAMED_UNIT ( * ) SI_UNIT ( $, .STERADIAN. ) SOLID_ANGLE_UNIT ( ) );
#119 = CARTESIAN_POINT ( 'NONE',  ( 13.58868278403009800, 12.99999999999999600, 27.69999999999999900 ) ) ;
#120 = ORIENTED_EDGE ( 'NONE', *, *, #8706, .F. ) ;
#121 = ORIENTED_EDGE ( 'NONE', *, *, #518, .F. ) ;
#122 = ADVANCED_FACE ( 'NONE', ( #3111 ), #3294, .T. ) ;
#123 = EDGE_CURVE ( 'NONE', #8443, #6053, #2243, .T. ) ;
#124 = ADVANCED_FACE ( 'NONE', ( #9263 ), #2888, .T. ) ;
#125 = SURFACE_STYLE_FILL_AREA ( #8906 ) ;
#126 = PRESENTATION_LAYER_ASSIGNMENT (  '', '', ( #8675 ) ) ;
#127 = CYLINDRICAL_SURFACE ( 'NONE', #7924, 4.000000000000000000 ) ;
#128 = VERTEX_POINT ( 'NONE', #2983 ) ;
#129 = SURFACE_STYLE_USAGE ( .BOTH. , #143 ) ;
#130 = FILL_AREA_STYLE_COLOUR ( '', #7430 ) ;
#131 = STYLED_ITEM ( 'NONE', ( #7130 ), #9944 ) ;
#132 = ORIENTED_EDGE ( 'NONE', *, *, #6916, .F. ) ;
#133 = DIRECTION ( 'NONE',  ( 7.719400327253202000E-015, 1.000000000000000000, 0.0000000000000000000 ) ) ;
#134 =( LENGTH_UNIT ( ) NAMED_UNIT ( * ) SI_UNIT ( .MILLI., .METRE. ) );
#135 = VERTEX_POINT ( 'NONE', #2623 ) ;
#136 = FACE_OUTER_BOUND ( 'NONE', #2029, .T. ) ;
#137 =( NAMED_UNIT ( * ) PLANE_ANGLE_UNIT ( ) SI_UNIT ( $, .RADIAN. ) );
#138 = STYLED_ITEM ( 'NONE', ( #5528 ), #1083 ) ;
#139 =( NAMED_UNIT ( * ) SI_UNIT ( $, .STERADIAN. ) SOLID_ANGLE_UNIT ( ) );
#140 = ORIENTED_EDGE ( 'NONE', *, *, #1293, .T. ) ;
#141 = PRESENTATION_LAYER_ASSIGNMENT (  '', '', ( #10436 ) ) ;
#142 = UNCERTAINTY_MEASURE_WITH_UNIT (LENGTH_MEASURE( 1.000000000000000100E-005 ), #4175, 'distance_accuracy_value', 'NONE');
#143 = SURFACE_SIDE_STYLE ('',( #11018 ) ) ;
#144 =( NAMED_UNIT ( * ) SI_UNIT ( $, .STERADIAN. ) SOLID_ANGLE_UNIT ( ) );
#145 = CARTESIAN_POINT ( 'NONE',  ( -13.00000000000000500, -13.00000000000000200, 4.500000000007276000 ) ) ;
#146 = DIRECTION ( 'NONE',  ( 2.946788190578822200E-015, 1.000000000000000000, -0.0000000000000000000 ) ) ;
#147 = ADVANCED_FACE ( 'NONE', ( #8185 ), #2650, .F. ) ;
#148 = DIRECTION ( 'NONE',  ( 0.0000000000000000000, 1.000000000000000000, 0.0000000000000000000 ) ) ;
#149 = VECTOR ( 'NONE', #4073, 1000.000000000000000 ) ;
#150 =( NAMED_UNIT ( * ) PLANE_ANGLE_UNIT ( ) SI_UNIT ( $, .RADIAN. ) );
#151 = AXIS2_PLACEMENT_3D ( 'NONE', #4229, #10349, #5110 ) ;
#152 = ORIENTED_EDGE ( 'NONE', *, *, #3873, .T. ) ;
#153 = EDGE_CURVE ( 'NONE', #8716, #7741, #9679, .T. ) ;
#154 = FACE_OUTER_BOUND ( 'NONE', #10184, .T. ) ;
#155 = AXIS2_PLACEMENT_3D ( 'NONE', #2209, #8377, #3128 ) ;
#156 =( LENGTH_UNIT ( ) NAMED_UNIT ( * ) SI_UNIT ( .MILLI., .METRE. ) );
#157 =( NAMED_UNIT ( * ) PLANE_ANGLE_UNIT ( ) SI_UNIT ( $, .RADIAN. ) );
#158 =( NAMED_UNIT ( * ) PLANE_ANGLE_UNIT ( ) SI_UNIT ( $, .RADIAN. ) );
#159 = LINE ( 'NONE', #9075, #2285 ) ;
#160 = DIRECTION ( 'NONE',  ( -0.0000000000000000000, -0.0000000000000000000, -1.000000000000000000 ) ) ;
#161 = VERTEX_POINT ( 'NONE', #2202 ) ;
#162 = ORIENTED_EDGE ( 'NONE', *, *, #5092, .F. ) ;
#163 =( GEOMETRIC_REPRESENTATION_CONTEXT ( 3 ) GLOBAL_UNCERTAINTY_ASSIGNED_CONTEXT ( ( #1269 ) ) GLOBAL_UNIT_ASSIGNED_CONTEXT ( ( #2289, #8463, #3206 ) ) REPRESENTATION_CONTEXT ( 'NONE', 'WORKASPACE' ) );
#164 = EDGE_LOOP ( 'NONE', ( #1024, #9302, #3870, #7960 ) ) ;
#165 = CARTESIAN_POINT ( 'NONE',  ( 12.99999999999999600, 12.99999999999999600, 27.69999999999999900 ) ) ;
#166 = VECTOR ( 'NONE', #3512, 1000.000000000000000 ) ;
#167 = DIRECTION ( 'NONE',  ( -1.000000000000000000, 0.0000000000000000000, 0.0000000000000000000 ) ) ;
#168 = ORIENTED_EDGE ( 'NONE', *, *, #3316, .F. ) ;
#169 = UNCERTAINTY_MEASURE_WITH_UNIT (LENGTH_MEASURE( 1.000000000000000100E-005 ), #2760, 'distance_accuracy_value', 'NONE');
#170 = MECHANICAL_DESIGN_GEOMETRIC_PRESENTATION_REPRESENTATION (  '', ( #8726 ), #777 ) ;
#171 = COLOUR_RGB ( '',1.000000000000000000, 1.000000000000000000, 1.000000000000000000 ) ;
#172 =( NAMED_UNIT ( * ) SI_UNIT ( $, .STERADIAN. ) SOLID_ANGLE_UNIT ( ) );
#173 = CARTESIAN_POINT ( 'NONE',  ( -15.79861620407360500, -7.402767591852052600, 27.69999999999999600 ) ) ;
#174 =( NAMED_UNIT ( * ) PLANE_ANGLE_UNIT ( ) SI_UNIT ( $, .RADIAN. ) );
#175 = ADVANCED_FACE ( 'NONE', ( #5015 ), #2261, .T. ) ;
#176 = EDGE_LOOP ( 'NONE', ( #5058, #6326, #1211, #8116 ) ) ;
#177 = ORIENTED_EDGE ( 'NONE', *, *, #2363, .T. ) ;
#178 = FILL_AREA_STYLE ('',( #719 ) ) ;
#179 =( NAMED_UNIT ( * ) SI_UNIT ( $, .STERADIAN. ) SOLID_ANGLE_UNIT ( ) );
#180 = ADVANCED_FACE ( 'NONE', ( #8856 ), #1809, .F. ) ;
#181 = LINE ( 'NONE', #8136, #2309 ) ;
#182 =( NAMED_UNIT ( * ) SI_UNIT ( $, .STERADIAN. ) SOLID_ANGLE_UNIT ( ) );
#183 = VERTEX_POINT ( 'NONE', #1837 ) ;
#184 = AXIS2_PLACEMENT_3D ( 'NONE', #10046, #5677, #9202 ) ;
#185 =( NAMED_UNIT ( * ) SI_UNIT ( $, .STERADIAN. ) SOLID_ANGLE_UNIT ( ) );
#186 = CARTESIAN_POINT ( 'NONE',  ( 3.999999999999999600, 7.999999999999999100, 28.19999999999999900 ) ) ;
#187 = CARTESIAN_POINT ( 'NONE',  ( 15.94314575050762900, -17.60000000000000500, 27.70000000000000300 ) ) ;
#188 = VECTOR ( 'NONE', #8761, 1000.000000000000000 ) ;
#189 = CARTESIAN_POINT ( 'NONE',  ( 0.0000000000000000000, 0.0000000000000000000, 25.19999999999999900 ) ) ;
#190 = ORIENTED_EDGE ( 'NONE', *, *, #3333, .F. ) ;
#191 = DIRECTION ( 'NONE',  ( 0.0000000000000000000, 0.0000000000000000000, 1.000000000000000000 ) ) ;
#192 = EDGE_CURVE ( 'NONE', #11135, #304, #9297, .T. ) ;
#193 = CARTESIAN_POINT ( 'NONE',  ( -13.54102959263334700, 14.26285049231137400, 27.68476953867929400 ) ) ;
#194 =( LENGTH_UNIT ( ) NAMED_UNIT ( * ) SI_UNIT ( .MILLI., .METRE. ) );
#195 = CARTESIAN_POINT ( 'NONE',  ( -15.79861620407457900, 18.59723240814843200, 27.99289321881345000 ) ) ;
#196 = CARTESIAN_POINT ( 'NONE',  ( -13.36068639508890700, 11.73714950768863100, 27.69730827491916300 ) ) ;
#197 = ORIENTED_EDGE ( 'NONE', *, *, #11349, .T. ) ;
#198 = LINE ( 'NONE', #8709, #4687 ) ;
#199 = CARTESIAN_POINT ( 'NONE',  ( 14.19999999999999600, 12.99999999999999600, 26.70000000000000300 ) ) ;
#200 =( LENGTH_UNIT ( ) NAMED_UNIT ( * ) SI_UNIT ( .MILLI., .METRE. ) );
#201 = PRESENTATION_LAYER_ASSIGNMENT (  '', '', ( #10495 ) ) ;
#202 = LINE ( 'NONE', #8880, #2326 ) ;
#203 = ORIENTED_EDGE ( 'NONE', *, *, #10901, .T. ) ;
#204 = STYLED_ITEM ( 'NONE', ( #9199 ), #9617 ) ;
#205 = CARTESIAN_POINT ( 'NONE',  ( -13.59999999999999600, 17.59999999999999800, 0.5000000000000004400 ) ) ;
#206 = ADVANCED_FACE ( 'NONE', ( #5701 ), #1595, .T. ) ;
#207 = PRESENTATION_STYLE_ASSIGNMENT (( #8739 ) ) ;
#208 = FACE_OUTER_BOUND ( 'NONE', #9388, .T. ) ;
#209 = CARTESIAN_POINT ( 'NONE',  ( 2.799999999999999800, 0.0000000000000000000, 25.19999999999999900 ) ) ;
#210 =( LENGTH_UNIT ( ) NAMED_UNIT ( * ) SI_UNIT ( .MILLI., .METRE. ) );
#211 = ORIENTED_EDGE ( 'NONE', *, *, #4422, .F. ) ;
#212 = ORIENTED_EDGE ( 'NONE', *, *, #6830, .F. ) ;
#213 = FACE_OUTER_BOUND ( 'NONE', #7584, .T. ) ;
#214 = EDGE_CURVE ( 'NONE', #1120, #10016, #4862, .T. ) ;
#215 = STYLED_ITEM ( 'NONE', ( #8707 ), #11006 ) ;
#216 = MECHANICAL_DESIGN_GEOMETRIC_PRESENTATION_REPRESENTATION (  '', ( #8768 ), #824 ) ;
#217 = COLOUR_RGB ( '',1.000000000000000000, 1.000000000000000000, 1.000000000000000000 ) ;
#218 = SURFACE_SIDE_STYLE ('',( #9015 ) ) ;
#219 = DIRECTION ( 'NONE',  ( -0.0000000000000000000, -0.0000000000000000000, -1.000000000000000000 ) ) ;
#220 = FACE_OUTER_BOUND ( 'NONE', #2257, .T. ) ;
#221 = COLOUR_RGB ( '',1.000000000000000000, 1.000000000000000000, 1.000000000000000000 ) ;
#222 = FILL_AREA_STYLE_COLOUR ( '', #3224 ) ;
#223 = SURFACE_STYLE_USAGE ( .BOTH. , #5580 ) ;
#224 = ORIENTED_EDGE ( 'NONE', *, *, #9995, .F. ) ;
#225 = UNCERTAINTY_MEASURE_WITH_UNIT (LENGTH_MEASURE( 1.000000000000000100E-005 ), #7672, 'distance_accuracy_value', 'NONE');
#226 =( NAMED_UNIT ( * ) PLANE_ANGLE_UNIT ( ) SI_UNIT ( $, .RADIAN. ) );
#227 = CARTESIAN_POINT ( 'NONE',  ( -13.59999999999999800, -17.10000000000000100, 28.19999999999999900 ) ) ;
#228 = CARTESIAN_POINT ( 'NONE',  ( 3.500000000000000000, 4.286263797015736600E-016, 27.69999999999999900 ) ) ;
#229 = CARTESIAN_POINT ( 'NONE',  ( 17.60000000000000500, -15.94314575050762000, 27.70000000000000300 ) ) ;
#230 = PRESENTATION_STYLE_ASSIGNMENT (( #6065 ) ) ;
#231 = MECHANICAL_DESIGN_GEOMETRIC_PRESENTATION_REPRESENTATION (  '', ( #9341 ), #837 ) ;
#232 = CARTESIAN_POINT ( 'NONE',  ( 13.58868278403008700, 11.62591925885389600, 26.70000000000000300 ) ) ;
#233 = FILL_AREA_STYLE_COLOUR ( '', #7272 ) ;
#234 = VECTOR ( 'NONE', #10340, 1000.000000000000000 ) ;
#235 = COLOUR_RGB ( '',1.000000000000000000, 1.000000000000000000, 1.000000000000000000 ) ;
#236 = FACE_BOUND ( 'NONE', #7483, .T. ) ;
#237 = COLOUR_RGB ( '',1.000000000000000000, 1.000000000000000000, 1.000000000000000000 ) ;
#238 = EDGE_CURVE ( 'NONE', #2446, #8411, #105, .T. ) ;
#239 =( LENGTH_UNIT ( ) NAMED_UNIT ( * ) SI_UNIT ( .MILLI., .METRE. ) );
#240 = VECTOR ( 'NONE', #5977, 1000.000000000000000 ) ;
#241 = FILL_AREA_STYLE ('',( #3836 ) ) ;
#242 =( LENGTH_UNIT ( ) NAMED_UNIT ( * ) SI_UNIT ( .MILLI., .METRE. ) );
#243 = COLOUR_RGB ( '',1.000000000000000000, 1.000000000000000000, 1.000000000000000000 ) ;
#244 = DIRECTION ( 'NONE',  ( 0.0000000000000000000, 1.000000000000000000, 0.0000000000000000000 ) ) ;
#245 = SURFACE_STYLE_USAGE ( .BOTH. , #284 ) ;
#246 = ADVANCED_FACE ( 'NONE', ( #9256 ), #953, .F. ) ;
#247 = AXIS2_PLACEMENT_3D ( 'NONE', #4469, #10606, #5341 ) ;
#248 = UNCERTAINTY_MEASURE_WITH_UNIT (LENGTH_MEASURE( 1.000000000000000100E-005 ), #10786, 'distance_accuracy_value', 'NONE');
#249 = ADVANCED_FACE ( 'NONE', ( #3104 ), #4322, .T. ) ;
#250 = COLOUR_RGB ( '',1.000000000000000000, 1.000000000000000000, 1.000000000000000000 ) ;
#251 = VERTEX_POINT ( 'NONE', #478 ) ;
#252 = VECTOR ( 'NONE', #10550, 1000.000000000000100 ) ;
#253 = PRESENTATION_LAYER_ASSIGNMENT (  '', '', ( #10544 ) ) ;
#254 = COLOUR_RGB ( '',1.000000000000000000, 1.000000000000000000, 1.000000000000000000 ) ;
#255 =( NAMED_UNIT ( * ) SI_UNIT ( $, .STERADIAN. ) SOLID_ANGLE_UNIT ( ) );
#256 = CARTESIAN_POINT ( 'NONE',  ( -13.58868278403017100, -11.62591925885380700, 26.70000000000000300 ) ) ;
#257 = SURFACE_STYLE_FILL_AREA ( #295 ) ;
#258 =( NAMED_UNIT ( * ) PLANE_ANGLE_UNIT ( ) SI_UNIT ( $, .RADIAN. ) );
#259 = FACE_OUTER_BOUND ( 'NONE', #1349, .T. ) ;
#260 = VERTEX_POINT ( 'NONE', #464 ) ;
#261 = ORIENTED_EDGE ( 'NONE', *, *, #1511, .F. ) ;
#262 = FILL_AREA_STYLE ('',( #9972 ) ) ;
#263 = MECHANICAL_DESIGN_GEOMETRIC_PRESENTATION_REPRESENTATION (  '', ( #9973 ), #861 ) ;
#264 = CARTESIAN_POINT ( 'NONE',  ( -11.21421356237182800, -13.00000000000072100, 27.70000000000000600 ) ) ;
#265 = SURFACE_STYLE_USAGE ( .BOTH. , #10117 ) ;
#266 = CARTESIAN_POINT ( 'NONE',  ( -10.79999999999921200, 17.40000000000084400, 27.28578643762690700 ) ) ;
#267 = SURFACE_STYLE_USAGE ( .BOTH. , #281 ) ;
#268 = COLOUR_RGB ( '',1.000000000000000000, 1.000000000000000000, 1.000000000000000000 ) ;
#269 = EDGE_LOOP ( 'NONE', ( #8677, #3017, #6580, #8268 ) ) ;
#270 = CARTESIAN_POINT ( 'NONE',  ( 4.000000000000000000, 4.898587196589412800E-016, -2.000000000000000000 ) ) ;
#271 = FILL_AREA_STYLE ('',( #9980 ) ) ;
#272 = VERTEX_POINT ( 'NONE', #424 ) ;
#273 =( GEOMETRIC_REPRESENTATION_CONTEXT ( 3 ) GLOBAL_UNCERTAINTY_ASSIGNED_CONTEXT ( ( #1604 ) ) GLOBAL_UNIT_ASSIGNED_CONTEXT ( ( #3538, #9675, #4421 ) ) REPRESENTATION_CONTEXT ( 'NONE', 'WORKASPACE' ) );
#274 = ORIENTED_EDGE ( 'NONE', *, *, #4628, .T. ) ;
#275 = CARTESIAN_POINT ( 'NONE',  ( -10.79289321881345200, 21.58578643762690100, -2.000000000000000000 ) ) ;
#276 = AXIS2_PLACEMENT_3D ( 'NONE', #2979, #9096, #3855 ) ;
#277 = CARTESIAN_POINT ( 'NONE',  ( 0.0000000000000000000, -17.69999999999999900, 26.18764494107381000 ) ) ;
#278 = COLOUR_RGB ( '',1.000000000000000000, 1.000000000000000000, 1.000000000000000000 ) ;
#279 = SURFACE_SIDE_STYLE ('',( #10536 ) ) ;
#280 =( NAMED_UNIT ( * ) PLANE_ANGLE_UNIT ( ) SI_UNIT ( $, .RADIAN. ) );
#281 = SURFACE_SIDE_STYLE ('',( #6223 ) ) ;
#282 = MECHANICAL_DESIGN_GEOMETRIC_PRESENTATION_REPRESENTATION (  '', ( #8820 ), #877 ) ;
#283 = DIRECTION ( 'NONE',  ( 1.000000000000000000, 0.0000000000000000000, 0.0000000000000000000 ) ) ;
#284 = SURFACE_SIDE_STYLE ('',( #107 ) ) ;
#285 = VERTEX_POINT ( 'NONE', #511 ) ;
#286 = EDGE_CURVE ( 'NONE', #11369, #285, #8988, .T. ) ;
#287 = PRESENTATION_STYLE_ASSIGNMENT (( #5733 ) ) ;
#288 = EDGE_CURVE ( 'NONE', #4106, #2442, #11250, .T. ) ;
#289 = MECHANICAL_DESIGN_GEOMETRIC_PRESENTATION_REPRESENTATION (  '', ( #10001 ), #891 ) ;
#290 = SURFACE_STYLE_FILL_AREA ( #5171 ) ;
#291 = SURFACE_STYLE_USAGE ( .BOTH. , #5636 ) ;
#292 = FILL_AREA_STYLE ('',( #3883 ) ) ;
#293 = CARTESIAN_POINT ( 'NONE',  ( -13.54102959263334700, 14.26285049231137400, 26.70000000000000300 ) ) ;
#294 = UNCERTAINTY_MEASURE_WITH_UNIT (LENGTH_MEASURE( 1.000000000000000100E-005 ), #652, 'distance_accuracy_value', 'NONE');
#295 = FILL_AREA_STYLE ('',( #10846 ) ) ;
#296 = ADVANCED_FACE ( 'NONE', ( #1974 ), #4386, .T. ) ;
#297 = AXIS2_PLACEMENT_3D ( 'NONE', #3667, #9797, #4534 ) ;
#298 = COLOUR_RGB ( '',1.000000000000000000, 1.000000000000000000, 1.000000000000000000 ) ;
#299 = CARTESIAN_POINT ( 'NONE',  ( 0.0000000000000000000, -15.60000000000000100, 22.19999999999999600 ) ) ;
#300 = ADVANCED_FACE ( 'NONE', ( #809 ), #3623, .F. ) ;
#301 = VECTOR ( 'NONE', #2700, 1000.000000000000000 ) ;
#302 = EDGE_CURVE ( 'NONE', #6101, #10983, #2376, .T. ) ;
#303 =( NAMED_UNIT ( * ) PLANE_ANGLE_UNIT ( ) SI_UNIT ( $, .RADIAN. ) );
#304 = VERTEX_POINT ( 'NONE', #7111 ) ;
#305 = DIRECTION ( 'NONE',  ( -0.0000000000000000000, -0.0000000000000000000, -1.000000000000000000 ) ) ;
#306 =( NAMED_UNIT ( * ) SI_UNIT ( $, .STERADIAN. ) SOLID_ANGLE_UNIT ( ) );
#307 = SURFACE_STYLE_USAGE ( .BOTH. , #5652 ) ;
#308 = PRESENTATION_LAYER_ASSIGNMENT (  '', '', ( #8279 ) ) ;
#309 = EDGE_CURVE ( 'NONE', #5788, #9542, #9380, .T. ) ;
#310 = CARTESIAN_POINT ( 'NONE',  ( -3.499999999999997800, -6.999999999999999100, -1.792893218813452800 ) ) ;
#311 = ORIENTED_EDGE ( 'NONE', *, *, #8343, .F. ) ;
#312 = CARTESIAN_POINT ( 'NONE',  ( 15.79861620407379000, 12.99999999999999500, 27.99289321881345000 ) ) ;
#313 = CARTESIAN_POINT ( 'NONE',  ( -2.500000000000000000, 3.061616997868383100E-016, 25.19999999999999900 ) ) ;
#314 =( LENGTH_UNIT ( ) NAMED_UNIT ( * ) SI_UNIT ( .MILLI., .METRE. ) );
#315 = FILL_AREA_STYLE ('',( #1032 ) ) ;
#316 = VERTEX_POINT ( 'NONE', #1157 ) ;
#317 = ORIENTED_EDGE ( 'NONE', *, *, #4513, .F. ) ;
#318 = ORIENTED_EDGE ( 'NONE', *, *, #5590, .F. ) ;
#319 = SURFACE_STYLE_FILL_AREA ( #2656 ) ;
#320 = B_SPLINE_CURVE_WITH_KNOTS ( 'NONE', 3,
 ( #2682, #866, #5337, #11425 ),
 .UNSPECIFIED., .F., .F.,
 ( 4, 4 ),
 ( 1.734723475976807100E-018, 0.0005894062810965786300 ),
 .UNSPECIFIED. ) ;
#321 = LINE ( 'NONE', #11229, #4801 ) ;
#322 = DIRECTION ( 'NONE',  ( -1.000000000000000000, 2.573133442417734300E-015, -0.0000000000000000000 ) ) ;
#323 = AXIS2_PLACEMENT_3D ( 'NONE', #9513, #4278, #10393 ) ;
#324 = CARTESIAN_POINT ( 'NONE',  ( -13.54102959263334700, 11.73714950768862400, 27.68476953867952900 ) ) ;
#325 = CARTESIAN_POINT ( 'NONE',  ( 11.44062498292818700, -17.60999999999998500, 6.000000000000000000 ) ) ;
#326 = ORIENTED_EDGE ( 'NONE', *, *, #11109, .T. ) ;
#327 = DIRECTION ( 'NONE',  ( 0.0000000000000000000, 1.000000000000000000, 0.0000000000000000000 ) ) ;
#328 =( GEOMETRIC_REPRESENTATION_CONTEXT ( 3 ) GLOBAL_UNCERTAINTY_ASSIGNED_CONTEXT ( ( #812 ) ) GLOBAL_UNIT_ASSIGNED_CONTEXT ( ( #7579, #2295, #8471 ) ) REPRESENTATION_CONTEXT ( 'NONE', 'WORKASPACE' ) );
#329 = FILL_AREA_STYLE ('',( #7424 ) ) ;
#330 = DIRECTION ( 'NONE',  ( 0.0000000000000000000, 0.0000000000000000000, 1.000000000000000000 ) ) ;
#331 = ORIENTED_EDGE ( 'NONE', *, *, #8053, .F. ) ;
#332 = COLOUR_RGB ( '',1.000000000000000000, 1.000000000000000000, 1.000000000000000000 ) ;
#333 = STYLED_ITEM ( 'NONE', ( #10088 ), #6852 ) ;
#334 = CARTESIAN_POINT ( 'NONE',  ( -11.44062498292817200, -17.60999999999999200, 22.19999999999999600 ) ) ;
#335 = SURFACE_STYLE_FILL_AREA ( #7561 ) ;
#336 =( NAMED_UNIT ( * ) PLANE_ANGLE_UNIT ( ) SI_UNIT ( $, .RADIAN. ) );
#337 = CARTESIAN_POINT ( 'NONE',  ( -1.500000000002307900, 2.000000000000000000, -23.50000000000384400 ) ) ;
#338 = EDGE_CURVE ( 'NONE', #529, #10285, #4736, .T. ) ;
#339 = ORIENTED_EDGE ( 'NONE', *, *, #7730, .F. ) ;
#340 = CARTESIAN_POINT ( 'NONE',  ( 17.60000000000000500, 0.0000000000000000000, 27.69999999999999900 ) ) ;
#341 = ORIENTED_EDGE ( 'NONE', *, *, #8419, .T. ) ;
#342 = CARTESIAN_POINT ( 'NONE',  ( 13.58868278403010000, 14.37408074114600100, 26.70000000000000300 ) ) ;
#343 = PLANE ( 'NONE',  #6942 ) ;
#344 =( NAMED_UNIT ( * ) SI_UNIT ( $, .STERADIAN. ) SOLID_ANGLE_UNIT ( ) );
#345 = DIRECTION ( 'NONE',  ( 1.000000000000000000, 0.0000000000000000000, 0.0000000000000000000 ) ) ;
#346 = DIRECTION ( 'NONE',  ( -1.000000000000000000, 0.0000000000000000000, 0.0000000000000000000 ) ) ;
#347 = ORIENTED_EDGE ( 'NONE', *, *, #7529, .T. ) ;
#348 =( GEOMETRIC_REPRESENTATION_CONTEXT ( 3 ) GLOBAL_UNCERTAINTY_ASSIGNED_CONTEXT ( ( #10500 ) ) GLOBAL_UNIT_ASSIGNED_CONTEXT ( ( #7979, #2742, #8859 ) ) REPRESENTATION_CONTEXT ( 'NONE', 'WORKASPACE' ) );
#349 = CIRCLE ( 'NONE', #6344, 1.000000000000000900 ) ;
#350 = UNCERTAINTY_MEASURE_WITH_UNIT (LENGTH_MEASURE( 1.000000000000000100E-005 ), #11251, 'distance_accuracy_value', 'NONE');
#351 = ADVANCED_FACE ( 'NONE', ( #2101 ), #2394, .T. ) ;
#352 = ORIENTED_EDGE ( 'NONE', *, *, #5103, .F. ) ;
#353 = EDGE_LOOP ( 'NONE', ( #5675, #7702, #9428, #8708, #395 ) ) ;
#354 = VECTOR ( 'NONE', #8837, 1000.000000000000000 ) ;
#355 = SURFACE_STYLE_USAGE ( .BOTH. , #5710 ) ;
#356 = PRESENTATION_LAYER_ASSIGNMENT (  '', '', ( #10659 ) ) ;
#357 = VECTOR ( 'NONE', #1771, 1000.000000000000000 ) ;
#358 = LINE ( 'NONE', #2566, #2810 ) ;
#359 = DIRECTION ( 'NONE',  ( -0.0000000000000000000, -0.0000000000000000000, -1.000000000000000000 ) ) ;
#360 = COLOUR_RGB ( '',1.000000000000000000, 1.000000000000000000, 1.000000000000000000 ) ;
#361 = ORIENTED_EDGE ( 'NONE', *, *, #5864, .T. ) ;
#362 = SURFACE_STYLE_FILL_AREA ( #531 ) ;
#363 = EDGE_CURVE ( 'NONE', #10129, #8513, #3638, .T. ) ;
#364 = B_SPLINE_CURVE_WITH_KNOTS ( 'NONE', 3,
 ( #1698, #6103, #7827, #7871, #2617 ),
 .UNSPECIFIED., .F., .F.,
 ( 4, 1, 4 ),
 ( 5.204170427930421300E-018, 0.0005886827840300492000, 0.001177365568060093200 ),
 .UNSPECIFIED. ) ;
#365 = AXIS2_PLACEMENT_3D ( 'NONE', #6017, #698, #6901 ) ;
#366 = SURFACE_STYLE_USAGE ( .BOTH. , #5714 ) ;
#367 = SURFACE_SIDE_STYLE ('',( #9155 ) ) ;
#368 = CARTESIAN_POINT ( 'NONE',  ( 15.94314575050761600, 17.59999999999999400, 0.2071067811865478800 ) ) ;
#369 = EDGE_CURVE ( 'NONE', #9346, #8280, #10335, .T. ) ;
#370 =( GEOMETRIC_REPRESENTATION_CONTEXT ( 3 ) GLOBAL_UNCERTAINTY_ASSIGNED_CONTEXT ( ( #6018 ) ) GLOBAL_UNIT_ASSIGNED_CONTEXT ( ( #3586, #9716, #4464 ) ) REPRESENTATION_CONTEXT ( 'NONE', 'WORKASPACE' ) );
#371 = DIRECTION ( 'NONE',  ( 0.0000000000000000000, 0.0000000000000000000, 1.000000000000000000 ) ) ;
#372 = CIRCLE ( 'NONE', #4072, 2.200000000000543700 ) ;
#373 =( LENGTH_UNIT ( ) NAMED_UNIT ( * ) SI_UNIT ( .MILLI., .METRE. ) );
#374 = CARTESIAN_POINT ( 'NONE',  ( 10.79289321881345000, 1.321748213395906500E-015, -2.000000000000000000 ) ) ;
#375 =( LENGTH_UNIT ( ) NAMED_UNIT ( * ) SI_UNIT ( .MILLI., .METRE. ) );
#376 = UNCERTAINTY_MEASURE_WITH_UNIT (LENGTH_MEASURE( 1.000000000000000100E-005 ), #6162, 'distance_accuracy_value', 'NONE');
#377 = CARTESIAN_POINT ( 'NONE',  ( 0.0000000000000000000, 0.0000000000000000000, 0.0000000000000000000 ) ) ;
#378 = DIRECTION ( 'NONE',  ( 1.000000000000000000, 0.0000000000000000000, -0.0000000000000000000 ) ) ;
#379 = CIRCLE ( 'NONE', #11019, 2.798616204074337400 ) ;
#380 = CARTESIAN_POINT ( 'NONE',  ( 0.0000000000000000000, 0.0000000000000000000, -9.000000000000003600 ) ) ;
#381 = SURFACE_STYLE_USAGE ( .BOTH. , #5730 ) ;
#382 = DIRECTION ( 'NONE',  ( -0.0000000000000000000, -0.0000000000000000000, 1.000000000000000000 ) ) ;
#383 = PRESENTATION_LAYER_ASSIGNMENT (  '', '', ( #10101 ) ) ;
#384 = LINE ( 'NONE', #7010, #2522 ) ;
#385 = LINE ( 'NONE', #3838, #9519 ) ;
#386 = MECHANICAL_DESIGN_GEOMETRIC_PRESENTATION_REPRESENTATION (  '', ( #10682 ), #1007 ) ;
#387 =( LENGTH_UNIT ( ) NAMED_UNIT ( * ) SI_UNIT ( .MILLI., .METRE. ) );
#388 = LINE ( 'NONE', #342, #5145 ) ;
#389 = FACE_OUTER_BOUND ( 'NONE', #5163, .T. ) ;
#390 = ORIENTED_EDGE ( 'NONE', *, *, #5828, .F. ) ;
#391 = STYLED_ITEM ( 'NONE', ( #8449 ), #8223 ) ;
#392 = SURFACE_STYLE_FILL_AREA ( #6728 ) ;
#393 = DIRECTION ( 'NONE',  ( -1.000000000000000000, -0.0000000000000000000, 0.0000000000000000000 ) ) ;
#394 = VERTEX_POINT ( 'NONE', #10978 ) ;
#395 = ORIENTED_EDGE ( 'NONE', *, *, #3432, .T. ) ;
#396 = SURFACE_SIDE_STYLE ('',( #8288 ) ) ;
#397 = DIRECTION ( 'NONE',  ( -1.029253376967093700E-014, -1.000000000000000000, 0.0000000000000000000 ) ) ;
#398 = CARTESIAN_POINT ( 'NONE',  ( 14.04568282944103800, -12.41131721597004800, 27.70000000000000300 ) ) ;
#399 = ORIENTED_EDGE ( 'NONE', *, *, #11175, .F. ) ;
#400 = CARTESIAN_POINT ( 'NONE',  ( 17.10000000000000500, -13.60000000000000100, 3.252606517456513300E-016 ) ) ;
#401 = EDGE_LOOP ( 'NONE', ( #3261, #4241, #11027, #9401, #3288, #3897, #876, #8021 ) ) ;
#402 = EDGE_LOOP ( 'NONE', ( #1779, #7352, #9358, #1217, #11202 ) ) ;
#403 = CARTESIAN_POINT ( 'NONE',  ( 17.10000000000000500, -15.65025253169417000, 4.336808689942017700E-016 ) ) ;
#404 = EDGE_CURVE ( 'NONE', #432, #3910, #1239, .T. ) ;
#405 = ADVANCED_FACE ( 'NONE', ( #3354 ), #748, .F. ) ;
#406 = ORIENTED_EDGE ( 'NONE', *, *, #7227, .F. ) ;
#407 = LINE ( 'NONE', #807, #4895 ) ;
#408 = FILL_AREA_STYLE ('',( #455 ) ) ;
#409 = CARTESIAN_POINT ( 'NONE',  ( -13.00000000000000200, 13.00000000000000200, -5.844014525531170600E-017 ) ) ;
#410 = AXIS2_PLACEMENT_3D ( 'NONE', #831, #815, #801 ) ;
#411 = EDGE_CURVE ( 'NONE', #745, #8394, #93, .T. ) ;
#412 = AXIS2_PLACEMENT_3D ( 'NONE', #2355, #8516, #3258 ) ;
#413 = ORIENTED_EDGE ( 'NONE', *, *, #2075, .T. ) ;
#414 = STYLED_ITEM ( 'NONE', ( #10164 ), #9439 ) ;
#415 =( LENGTH_UNIT ( ) NAMED_UNIT ( * ) SI_UNIT ( .MILLI., .METRE. ) );
#416 = CARTESIAN_POINT ( 'NONE',  ( 11.00000000000000000, 21.99999999999999600, -0.5000000000000001100 ) ) ;
#417 = FILL_AREA_STYLE ('',( #4920 ) ) ;
#418 = SURFACE_SIDE_STYLE ('',( #8455 ) ) ;
#419 = CARTESIAN_POINT ( 'NONE',  ( 11.45062910550455000, -17.60000000000000100, 22.19999999999999600 ) ) ;
#420 = CARTESIAN_POINT ( 'NONE',  ( -1.102823950784868500, -35.60000000000000100, 23.70506691744403600 ) ) ;
#421 = VERTEX_POINT ( 'NONE', #2940 ) ;
#422 = LINE ( 'NONE', #10680, #7262 ) ;
#423 = UNCERTAINTY_MEASURE_WITH_UNIT (LENGTH_MEASURE( 1.000000000000000100E-005 ), #2661, 'distance_accuracy_value', 'NONE');
#424 = CARTESIAN_POINT ( 'NONE',  ( -14.37408074114605400, 12.99999999999927000, 27.68473138244006300 ) ) ;
#425 = EDGE_CURVE ( 'NONE', #3614, #1768, #1679, .T. ) ;
#426 = PRESENTATION_LAYER_ASSIGNMENT (  '', '', ( #10731 ) ) ;
#427 = AXIS2_PLACEMENT_3D ( 'NONE', #8997, #3753, #9883 ) ;
#428 = DIRECTION ( 'NONE',  ( -1.000000000000000000, 0.0000000000000000000, 0.0000000000000000000 ) ) ;
#429 =( LENGTH_UNIT ( ) NAMED_UNIT ( * ) SI_UNIT ( .MILLI., .METRE. ) );
#430 = SURFACE_STYLE_FILL_AREA ( #1145 ) ;
#431 = CARTESIAN_POINT ( 'NONE',  ( -12.45897040736665300, 11.92888516960204000, 27.70000000000000300 ) ) ;
#432 = VERTEX_POINT ( 'NONE', #3579 ) ;
#433 = CARTESIAN_POINT ( 'NONE',  ( 13.60000000000000500, -13.60000000000000100, 20.19999999999999900 ) ) ;
#434 = STYLED_ITEM ( 'NONE', ( #1238 ), #1709 ) ;
#435 = DIRECTION ( 'NONE',  ( -1.000000000000000000, 5.146266884835468500E-015, 0.0000000000000000000 ) ) ;
#436 =( GEOMETRIC_REPRESENTATION_CONTEXT ( 3 ) GLOBAL_UNCERTAINTY_ASSIGNED_CONTEXT ( ( #577 ) ) GLOBAL_UNIT_ASSIGNED_CONTEXT ( ( #1817, #7985, #2747 ) ) REPRESENTATION_CONTEXT ( 'NONE', 'WORKASPACE' ) );
#437 = UNCERTAINTY_MEASURE_WITH_UNIT (LENGTH_MEASURE( 1.000000000000000100E-005 ), #7808, 'distance_accuracy_value', 'NONE');
#438 = VERTEX_POINT ( 'NONE', #9722 ) ;
#439 = CARTESIAN_POINT ( 'NONE',  ( 12.41131721596999800, 12.45897040736660500, 27.69999999999999900 ) ) ;
#440 = CARTESIAN_POINT ( 'NONE',  ( -12.41131721597007600, -11.95431717055914500, 27.70000000000000300 ) ) ;
#441 = ORIENTED_EDGE ( 'NONE', *, *, #9758, .F. ) ;
#442 = EDGE_CURVE ( 'NONE', #2036, #5628, #9243, .T. ) ;
#443 = DIRECTION ( 'NONE',  ( 0.0000000000000000000, -0.0000000000000000000, 1.000000000000000000 ) ) ;
#444 =( NAMED_UNIT ( * ) PLANE_ANGLE_UNIT ( ) SI_UNIT ( $, .RADIAN. ) );
#445 = SURFACE_STYLE_USAGE ( .BOTH. , #486 ) ;
#446 = APPLICATION_PROTOCOL_DEFINITION ( 'draft international standard', 'automotive_design', 1998, #3456 ) ;
#447 = SURFACE_SIDE_STYLE ('',( #3274 ) ) ;
#448 = PRESENTATION_LAYER_ASSIGNMENT (  '', '', ( #11283 ) ) ;
#449 = EDGE_CURVE ( 'NONE', #11099, #2127, #2221, .T. ) ;
#450 = DIRECTION ( 'NONE',  ( -0.0000000000000000000, 0.0000000000000000000, 1.000000000000000000 ) ) ;
#451 = VERTEX_POINT ( 'NONE', #5671 ) ;
#452 = CARTESIAN_POINT ( 'NONE',  ( -11.49999999999999600, 22.99999999999999300, 0.0000000000000000000 ) ) ;
#453 = DIRECTION ( 'NONE',  ( 0.0000000000000000000, 0.0000000000000000000, -1.000000000000000000 ) ) ;
#454 = SURFACE_SIDE_STYLE ('',( #2976 ) ) ;
#455 = FILL_AREA_STYLE_COLOUR ( '', #1791 ) ;
#456 = ORIENTED_EDGE ( 'NONE', *, *, #7474, .T. ) ;
#457 = LINE ( 'NONE', #5520, #9322 ) ;
#458 =( NAMED_UNIT ( * ) SI_UNIT ( $, .STERADIAN. ) SOLID_ANGLE_UNIT ( ) );
#459 = COLOUR_RGB ( '',1.000000000000000000, 1.000000000000000000, 1.000000000000000000 ) ;
#460 = STYLED_ITEM ( 'NONE', ( #3817 ), #8016 ) ;
#461 = EDGE_LOOP ( 'NONE', ( #7372, #7703, #7342, #120, #3199 ) ) ;
#462 = FILL_AREA_STYLE ('',( #10182 ) ) ;
#463 = ORIENTED_EDGE ( 'NONE', *, *, #490, .T. ) ;
#464 = CARTESIAN_POINT ( 'NONE',  ( 13.60000000000000500, -17.10000000000000100, 28.19999999999999900 ) ) ;
#465 =( GEOMETRIC_REPRESENTATION_CONTEXT ( 3 ) GLOBAL_UNCERTAINTY_ASSIGNED_CONTEXT ( ( #3718 ) ) GLOBAL_UNIT_ASSIGNED_CONTEXT ( ( #8229, #2990, #9108 ) ) REPRESENTATION_CONTEXT ( 'NONE', 'WORKASPACE' ) );
#466 = CARTESIAN_POINT ( 'NONE',  ( -12.41131721597007200, -11.62591925885381800, 27.65553645166674800 ) ) ;
#467 = CARTESIAN_POINT ( 'NONE',  ( 14.20000000000053800, -12.99999999999999600, 27.70000000000000300 ) ) ;
#468 = ORIENTED_EDGE ( 'NONE', *, *, #2794, .T. ) ;
#469 = DIRECTION ( 'NONE',  ( 1.224646799147353200E-016, -1.000000000000000000, 0.0000000000000000000 ) ) ;
#470 = PRESENTATION_LAYER_ASSIGNMENT (  '', '', ( #10783 ) ) ;
#471 = PRESENTATION_STYLE_ASSIGNMENT (( #7106 ) ) ;
#472 = CARTESIAN_POINT ( 'NONE',  ( -10.49999999999999800, 0.0000000000000000000, -2.000000000000000000 ) ) ;
#473 = ORIENTED_EDGE ( 'NONE', *, *, #6414, .T. ) ;
#474 = FILL_AREA_STYLE_COLOUR ( '', #9540 ) ;
#475 = CARTESIAN_POINT ( 'NONE',  ( 14.07111483039636800, 13.54102959263329500, 27.70000000000000300 ) ) ;
#476 =( GEOMETRIC_REPRESENTATION_CONTEXT ( 3 ) GLOBAL_UNCERTAINTY_ASSIGNED_CONTEXT ( ( #1161 ) ) GLOBAL_UNIT_ASSIGNED_CONTEXT ( ( #6829, #1534, #7720 ) ) REPRESENTATION_CONTEXT ( 'NONE', 'WORKASPACE' ) );
#477 = CIRCLE ( 'NONE', #3922, 2.200000000000543700 ) ;
#478 = CARTESIAN_POINT ( 'NONE',  ( 1.500000000002307700, 2.000000000000000000, -23.50000000000384400 ) ) ;
#479 =( NAMED_UNIT ( * ) PLANE_ANGLE_UNIT ( ) SI_UNIT ( $, .RADIAN. ) );
#480 = ORIENTED_EDGE ( 'NONE', *, *, #5031, .T. ) ;
#481 = PRESENTATION_LAYER_ASSIGNMENT (  '', '', ( #10791 ) ) ;
#482 = ORIENTED_EDGE ( 'NONE', *, *, #3051, .F. ) ;
#483 = DIRECTION ( 'NONE',  ( 1.000000000000000000, -1.031375866702587800E-014, 0.0000000000000000000 ) ) ;
#484 = AXIS2_PLACEMENT_3D ( 'NONE', #11014, #5774, #428 ) ;
#485 = CARTESIAN_POINT ( 'NONE',  ( 0.0000000000000000000, 3.469446951559183700E-016, -24.00000000000090900 ) ) ;
#486 = SURFACE_SIDE_STYLE ('',( #362 ) ) ;
#487 = CIRCLE ( 'NONE', #4498, 2.500000000000000000 ) ;
#488 = LINE ( 'NONE', #9473, #2933 ) ;
#489 = DIRECTION ( 'NONE',  ( 0.0000000000000000000, 0.0000000000000000000, 1.000000000000000000 ) ) ;
#490 = EDGE_CURVE ( 'NONE', #5735, #7674, #8974, .T. ) ;
#491 = EDGE_CURVE ( 'NONE', #622, #10539, #6907, .T. ) ;
#492 = VECTOR ( 'NONE', #6798, 1000.000000000000000 ) ;
#493 = VECTOR ( 'NONE', #722, 1000.000000000000000 ) ;
#494 =( BOUNDED_SURFACE ( )  B_SPLINE_SURFACE ( 3, 3, ( 
 ( #5470, #5114, #5085, #5074 ),
 ( #5064, #5051, #5042, #5032 ),
 ( #5002, #4951, #4922, #4912 ),
 ( #4885, #4872, #4845, #4799 ) ),
 .UNSPECIFIED., .F., .F., .T. ) 
 B_SPLINE_SURFACE_WITH_KNOTS ( ( 4, 4 ),
 ( 4, 4 ),
 ( 0.0000000000000000000, 1.000000000000000000 ),
 ( 0.0000000000000000000, 1.000000000000000000 ),
 .UNSPECIFIED. ) 
 GEOMETRIC_REPRESENTATION_ITEM ( )  RATIONAL_B_SPLINE_SURFACE ( (
 ( 1.000000000000000000, 0.3333333333333332000, 0.3333333333333332000, 1.000000000000000000),
 ( 0.8047378541243634900, 0.2682459513747877400, 0.2682459513747877400, 0.8047378541243634900),
 ( 0.8047378541243634900, 0.2682459513747877400, 0.2682459513747877400, 0.8047378541243634900),
 ( 1.000000000000000000, 0.3333333333333332000, 0.3333333333333332000, 1.000000000000000000) ) ) 
 REPRESENTATION_ITEM ( '' )  SURFACE ( )  );
#495 = ORIENTED_EDGE ( 'NONE', *, *, #5346, .T. ) ;
#496 = CARTESIAN_POINT ( 'NONE',  ( 10.79999999999999900, 13.00000000000028100, 27.28578643762690700 ) ) ;
#497 = DIRECTION ( 'NONE',  ( 0.0000000000000000000, 0.0000000000000000000, -1.000000000000000000 ) ) ;
#498 = ORIENTED_EDGE ( 'NONE', *, *, #2695, .T. ) ;
#499 = CARTESIAN_POINT ( 'NONE',  ( -17.59999999999999800, 13.59999999999999800, 0.5000000000000004400 ) ) ;
#500 = STYLED_ITEM ( 'NONE', ( #7714 ), #1043 ) ;
#501 = LINE ( 'NONE', #6021, #7335 ) ;
#502 = MECHANICAL_DESIGN_GEOMETRIC_PRESENTATION_REPRESENTATION (  '', ( #10213 ), #1128 ) ;
#503 = CARTESIAN_POINT ( 'NONE',  ( -3.707106781186547900, -9.079792907355105800E-016, 28.19999999999999900 ) ) ;
#504 = FACE_OUTER_BOUND ( 'NONE', #2357, .T. ) ;
#505 = VECTOR ( 'NONE', #8239, 1000.000000000000000 ) ;
#506 = LINE ( 'NONE', #6592, #4988 ) ;
#507 = CARTESIAN_POINT ( 'NONE',  ( -0.9997911912267658500, -3.906316913439412500, -2.000000000000000000 ) ) ;
#508 = ORIENTED_EDGE ( 'NONE', *, *, #8243, .F. ) ;
#509 = LINE ( 'NONE', #5937, #240 ) ;
#510 = VECTOR ( 'NONE', #4391, 1000.000000000000000 ) ;
#511 = CARTESIAN_POINT ( 'NONE',  ( 11.92888516960367100, 12.45897040736660700, 27.70000000000000300 ) ) ;
#512 = AXIS2_PLACEMENT_3D ( 'NONE', #1646, #1655, #1884 ) ;
#513 = PLANE ( 'NONE',  #2746 ) ;
#514 = DIRECTION ( 'NONE',  ( -1.000000000000000000, 0.0000000000000000000, 0.0000000000000000000 ) ) ;
#515 =( LENGTH_UNIT ( ) NAMED_UNIT ( * ) SI_UNIT ( .MILLI., .METRE. ) );
#516 = PRESENTATION_STYLE_ASSIGNMENT (( #4652 ) ) ;
#517 = LINE ( 'NONE', #9636, #9668 ) ;
#518 = EDGE_CURVE ( 'NONE', #285, #1998, #1374, .T. ) ;
#519 = VERTEX_POINT ( 'NONE', #6108 ) ;
#520 = CARTESIAN_POINT ( 'NONE',  ( 16.29861620407378800, 12.99999999999999500, 28.19999999999999600 ) ) ;
#521 = SURFACE_STYLE_FILL_AREA ( #6236 ) ;
#522 = DIRECTION ( 'NONE',  ( 1.000000000000000000, -1.031375866702587800E-014, 0.0000000000000000000 ) ) ;
#523 = SURFACE_STYLE_FILL_AREA ( #6752 ) ;
#524 = AXIS2_PLACEMENT_3D ( 'NONE', #1096, #7311, #2023 ) ;
#525 = CARTESIAN_POINT ( 'NONE',  ( -12.99999999999927200, -13.00000000000072300, 26.70000000000000300 ) ) ;
#526 = EDGE_CURVE ( 'NONE', #4989, #4118, #1968, .T. ) ;
#527 = UNCERTAINTY_MEASURE_WITH_UNIT (LENGTH_MEASURE( 1.000000000000000100E-005 ), #1667, 'distance_accuracy_value', 'NONE');
#528 = DIRECTION ( 'NONE',  ( 1.000000000000000000, 0.0000000000000000000, -0.0000000000000000000 ) ) ;
#529 = VERTEX_POINT ( 'NONE', #6005 ) ;
#530 = SURFACE_SIDE_STYLE ('',( #5933 ) ) ;
#531 = FILL_AREA_STYLE ('',( #1143 ) ) ;
#532 = COLOUR_RGB ( '',1.000000000000000000, 1.000000000000000000, 1.000000000000000000 ) ;
#533 = COLOUR_RGB ( '',1.000000000000000000, 1.000000000000000000, 1.000000000000000000 ) ;
#534 = CARTESIAN_POINT ( 'NONE',  ( 0.0000000000000000000, 0.0000000000000000000, 25.19999999999999900 ) ) ;
#535 = DIRECTION ( 'NONE',  ( -0.7072524912148354700, 0.7069610411263191900, -0.0000000000000000000 ) ) ;
#536 = DIRECTION ( 'NONE',  ( 0.0000000000000000000, 0.0000000000000000000, 1.000000000000000000 ) ) ;
#537 = FACE_OUTER_BOUND ( 'NONE', #7434, .T. ) ;
#538 = DIRECTION ( 'NONE',  ( 0.7072524912148354700, 0.7069610411263191900, 0.0000000000000000000 ) ) ;
#539 = CARTESIAN_POINT ( 'NONE',  ( 14.26285049231142000, 12.45897040736659800, 26.70000000000000300 ) ) ;
#540 = VECTOR ( 'NONE', #7777, 1000.000000000000000 ) ;
#541 = VERTEX_POINT ( 'NONE', #5822 ) ;
#542 = PRESENTATION_LAYER_ASSIGNMENT (  '', '', ( #11370 ) ) ;
#543 = ORIENTED_EDGE ( 'NONE', *, *, #363, .F. ) ;
#544 = EDGE_LOOP ( 'NONE', ( #2889, #3582, #5745, #8188 ) ) ;
#545 = CARTESIAN_POINT ( 'NONE',  ( 13.58868278403009600, 13.54102959263329700, 26.70000000000000300 ) ) ;
#546 = CYLINDRICAL_SURFACE ( 'NONE', #4092, 0.5000000000000000000 ) ;
#547 = DIRECTION ( 'NONE',  ( 1.000000000000000000, -4.164746616276587900E-015, 0.0000000000000000000 ) ) ;
#548 = CARTESIAN_POINT ( 'NONE',  ( 2.131126230554008000, -3.385702456046311100, -2.000000000000000400 ) ) ;
#549 = PRESENTATION_STYLE_ASSIGNMENT (( #1664 ) ) ;
#550 = AXIS2_PLACEMENT_3D ( 'NONE', #2882, #9001, #3758 ) ;
#551 = DIRECTION ( 'NONE',  ( 0.0000000000000000000, 0.0000000000000000000, -1.000000000000000000 ) ) ;
#552 = FILL_AREA_STYLE ('',( #10249 ) ) ;
#553 = ORIENTED_EDGE ( 'NONE', *, *, #6638, .T. ) ;
#554 = CARTESIAN_POINT ( 'NONE',  ( 11.21421356237400400, -9.428427124746553600, 27.70000000000000300 ) ) ;
#555 = CARTESIAN_POINT ( 'NONE',  ( 0.0000000000000000000, 0.0000000000000000000, 25.19999999999999900 ) ) ;
#556 = DIRECTION ( 'NONE',  ( 1.000000000000000000, 0.0000000000000000000, 0.0000000000000000000 ) ) ;
#557 = LINE ( 'NONE', #2007, #5309 ) ;
#558 = STYLED_ITEM ( 'NONE', ( #8192 ), #6590 ) ;
#559 = DIRECTION ( 'NONE',  ( 0.0000000000000000000, 0.0000000000000000000, 1.000000000000000000 ) ) ;
#560 = CARTESIAN_POINT ( 'NONE',  ( -17.59999999999999400, 15.94314575050761600, 0.2071067811865478800 ) ) ;
#561 = ORIENTED_EDGE ( 'NONE', *, *, #1440, .F. ) ;
#562 = EDGE_CURVE ( 'NONE', #5766, #9062, #1660, .T. ) ;
#563 = DIRECTION ( 'NONE',  ( 0.0000000000000000000, 1.000000000000000000, 0.0000000000000000000 ) ) ;
#564 = EDGE_CURVE ( 'NONE', #5027, #7309, #8710, .T. ) ;
#565 = SURFACE_STYLE_FILL_AREA ( #7943 ) ;
#566 = CARTESIAN_POINT ( 'NONE',  ( 0.0000000000000000000, 0.0000000000000000000, 22.19999999999999600 ) ) ;
#567 = CARTESIAN_POINT ( 'NONE',  ( 17.60000000000000500, -13.59999999999999800, 0.2071067811865479300 ) ) ;
#568 =( GEOMETRIC_REPRESENTATION_CONTEXT ( 3 ) GLOBAL_UNCERTAINTY_ASSIGNED_CONTEXT ( ( #647 ) ) GLOBAL_UNIT_ASSIGNED_CONTEXT ( ( #5173, #5159, #5140 ) ) REPRESENTATION_CONTEXT ( 'NONE', 'WORKASPACE' ) );
#569 = AXIS2_PLACEMENT_3D ( 'NONE', #2213, #8382, #3133 ) ;
#570 =( GEOMETRIC_REPRESENTATION_CONTEXT ( 3 ) GLOBAL_UNCERTAINTY_ASSIGNED_CONTEXT ( ( #10848 ) ) GLOBAL_UNIT_ASSIGNED_CONTEXT ( ( #9498, #4257, #10379 ) ) REPRESENTATION_CONTEXT ( 'NONE', 'WORKASPACE' ) );
#571 = FILL_AREA_STYLE ('',( #11118 ) ) ;
#572 = FILL_AREA_STYLE ('',( #6708 ) ) ;
#573 = CARTESIAN_POINT ( 'NONE',  ( -16.00572298526111900, 6.988554029477007200, 28.19999999999999600 ) ) ;
#574 = ORIENTED_EDGE ( 'NONE', *, *, #7087, .T. ) ;
#575 = SURFACE_SIDE_STYLE ('',( #6517 ) ) ;
#576 = FILL_AREA_STYLE_COLOUR ( '', #7331 ) ;
#577 = UNCERTAINTY_MEASURE_WITH_UNIT (LENGTH_MEASURE( 1.000000000000000100E-005 ), #1817, 'distance_accuracy_value', 'NONE');
#578 = SURFACE_SIDE_STYLE ('',( #4412 ) ) ;
#579 = CARTESIAN_POINT ( 'NONE',  ( 3.499999999999999100, 4.286263797015736100E-016, -1.792893218813452500 ) ) ;
#580 = ORIENTED_EDGE ( 'NONE', *, *, #4422, .T. ) ;
#581 = SURFACE_SIDE_STYLE ('',( #5170 ) ) ;
#582 = SURFACE_STYLE_FILL_AREA ( #5387 ) ;
#583 = STYLED_ITEM ( 'NONE', ( #2701 ), #175 ) ;
#584 = FILL_AREA_STYLE_COLOUR ( '', #4681 ) ;
#585 = VERTEX_POINT ( 'NONE', #5661 ) ;
#586 =( NAMED_UNIT ( * ) SI_UNIT ( $, .STERADIAN. ) SOLID_ANGLE_UNIT ( ) );
#587 = EDGE_CURVE ( 'NONE', #8796, #1186, #6088, .T. ) ;
#588 = PRESENTATION_LAYER_ASSIGNMENT (  '', '', ( #11420 ) ) ;
#589 =( NAMED_UNIT ( * ) SI_UNIT ( $, .STERADIAN. ) SOLID_ANGLE_UNIT ( ) );
#590 = ORIENTED_EDGE ( 'NONE', *, *, #5315, .T. ) ;
#591 = CARTESIAN_POINT ( 'NONE',  ( -17.09999999999999800, 17.59999999999999800, 4.336808689942017700E-016 ) ) ;
#592 = UNCERTAINTY_MEASURE_WITH_UNIT (LENGTH_MEASURE( 1.000000000000000100E-005 ), #7767, 'distance_accuracy_value', 'NONE');
#593 = ORIENTED_EDGE ( 'NONE', *, *, #1051, .T. ) ;
#594 = LINE ( 'NONE', #8093, #9742 ) ;
#595 = VERTEX_POINT ( 'NONE', #6095 ) ;
#596 = LINE ( 'NONE', #11287, #7433 ) ;
#597 =( GEOMETRIC_REPRESENTATION_CONTEXT ( 3 ) GLOBAL_UNCERTAINTY_ASSIGNED_CONTEXT ( ( #896 ) ) GLOBAL_UNIT_ASSIGNED_CONTEXT ( ( #10567, #5312, #11392 ) ) REPRESENTATION_CONTEXT ( 'NONE', 'WORKASPACE' ) );
#598 = CARTESIAN_POINT ( 'NONE',  ( -2.107529995131446600, -17.69999999999999900, 23.50748687669130300 ) ) ;
#599 =( NAMED_UNIT ( * ) SI_UNIT ( $, .STERADIAN. ) SOLID_ANGLE_UNIT ( ) );
#600 =( GEOMETRIC_REPRESENTATION_CONTEXT ( 3 ) GLOBAL_UNCERTAINTY_ASSIGNED_CONTEXT ( ( #9576 ) ) GLOBAL_UNIT_ASSIGNED_CONTEXT ( ( #373, #336, #306 ) ) REPRESENTATION_CONTEXT ( 'NONE', 'WORKASPACE' ) );
#601 = FILL_AREA_STYLE_COLOUR ( '', #6776 ) ;
#602 = DIRECTION ( 'NONE',  ( -1.000000000000000000, -0.0000000000000000000, 0.0000000000000000000 ) ) ;
#603 = EDGE_LOOP ( 'NONE', ( #4979, #7978, #6351 ) ) ;
#604 = EDGE_CURVE ( 'NONE', #4850, #260, #1236, .T. ) ;
#605 =( NAMED_UNIT ( * ) PLANE_ANGLE_UNIT ( ) SI_UNIT ( $, .RADIAN. ) );
#606 = EDGE_LOOP ( 'NONE', ( #5199, #6556, #8092, #10499, #10230, #2052, #3075, #10255, #9196, #4211, #823, #5442 ) ) ;
#607 = DIRECTION ( 'NONE',  ( 1.000000000000000000, 1.224646799147351500E-016, 0.0000000000000000000 ) ) ;
#608 = AXIS2_PLACEMENT_3D ( 'NONE', #8954, #3709, #9847 ) ;
#609 =( NAMED_UNIT ( * ) PLANE_ANGLE_UNIT ( ) SI_UNIT ( $, .RADIAN. ) );
#610 = ORIENTED_EDGE ( 'NONE', *, *, #720, .F. ) ;
#611 = FILL_AREA_STYLE_COLOUR ( '', #6253 ) ;
#612 = FILL_AREA_STYLE ('',( #9429 ) ) ;
#613 = CARTESIAN_POINT ( 'NONE',  ( -12.45897040736665300, 12.41131721596995200, 27.69999999999999900 ) ) ;
#614 =( LENGTH_UNIT ( ) NAMED_UNIT ( * ) SI_UNIT ( .MILLI., .METRE. ) );
#615 = SURFACE_STYLE_USAGE ( .BOTH. , #5949 ) ;
#616 = SURFACE_STYLE_FILL_AREA ( #4902 ) ;
#617 = LINE ( 'NONE', #3119, #5097 ) ;
#618 = STYLED_ITEM ( 'NONE', ( #11406 ), #8177 ) ;
#619 = PRESENTATION_STYLE_ASSIGNMENT (( #9620 ) ) ;
#620 = ADVANCED_FACE ( 'NONE', ( #10754 ), #494, .T. ) ;
#621 = ORIENTED_EDGE ( 'NONE', *, *, #83, .F. ) ;
#622 = VERTEX_POINT ( 'NONE', #4670 ) ;
#623 = DIRECTION ( 'NONE',  ( -1.000000000000000000, 1.029253376967093700E-014, 0.0000000000000000000 ) ) ;
#624 = FACE_OUTER_BOUND ( 'NONE', #10227, .T. ) ;
#625 =( LENGTH_UNIT ( ) NAMED_UNIT ( * ) SI_UNIT ( .MILLI., .METRE. ) );
#626 = SURFACE_STYLE_USAGE ( .BOTH. , #648 ) ;
#627 = VECTOR ( 'NONE', #816, 1000.000000000000000 ) ;
#628 = STYLED_ITEM ( 'NONE', ( #5314 ), #6379 ) ;
#629 = DIRECTION ( 'NONE',  ( -1.000000000000000000, 6.247119924414881800E-015, -0.0000000000000000000 ) ) ;
#630 = CARTESIAN_POINT ( 'NONE',  ( 0.0000000000000000000, 0.0000000000000000000, 0.0000000000000000000 ) ) ;
#631 = FACE_OUTER_BOUND ( 'NONE', #10454, .T. ) ;
#632 = COLOUR_RGB ( '',1.000000000000000000, 1.000000000000000000, 1.000000000000000000 ) ;
#633 = DIRECTION ( 'NONE',  ( -0.0000000000000000000, -0.0000000000000000000, -1.000000000000000000 ) ) ;
#634 = EDGE_CURVE ( 'NONE', #3614, #10591, #2962, .T. ) ;
#635 = ORIENTED_EDGE ( 'NONE', *, *, #2736, .F. ) ;
#636 = DIRECTION ( 'NONE',  ( 0.0000000000000000000, 1.000000000000000000, 0.0000000000000000000 ) ) ;
#637 = ORIENTED_EDGE ( 'NONE', *, *, #6039, .F. ) ;
#638 = CARTESIAN_POINT ( 'NONE',  ( 10.20138379592620300, 12.99999999999999600, 27.69999999999999900 ) ) ;
#639 = STYLED_ITEM ( 'NONE', ( #6519 ), #180 ) ;
#640 = VECTOR ( 'NONE', #7079, 1000.000000000000000 ) ;
#641 =( LENGTH_UNIT ( ) NAMED_UNIT ( * ) SI_UNIT ( .MILLI., .METRE. ) );
#642 = AXIS2_PLACEMENT_3D ( 'NONE', #6550, #1242, #7463 ) ;
#643 = SURFACE_STYLE_USAGE ( .BOTH. , #666 ) ;
#644 = LINE ( 'NONE', #9664, #5123 ) ;
#645 = MECHANICAL_DESIGN_GEOMETRIC_PRESENTATION_REPRESENTATION (  '', ( #10933 ), #1267 ) ;
#646 = CYLINDRICAL_SURFACE ( 'NONE', #3628, 0.4726131969088088700 ) ;
#647 = UNCERTAINTY_MEASURE_WITH_UNIT (LENGTH_MEASURE( 1.000000000000000100E-005 ), #5173, 'distance_accuracy_value', 'NONE');
#648 = SURFACE_SIDE_STYLE ('',( #7332 ) ) ;
#649 = VERTEX_POINT ( 'NONE', #4654 ) ;
#650 = FILL_AREA_STYLE ('',( #11179 ) ) ;
#651 = DIRECTION ( 'NONE',  ( 1.224646799147353200E-016, -1.000000000000000000, 0.0000000000000000000 ) ) ;
#652 =( LENGTH_UNIT ( ) NAMED_UNIT ( * ) SI_UNIT ( .MILLI., .METRE. ) );
#653 = DIRECTION ( 'NONE',  ( 0.0000000000000000000, -1.000000000000000000, 0.0000000000000000000 ) ) ;
#654 = DIRECTION ( 'NONE',  ( -1.000000000000000000, 0.0000000000000000000, -0.0000000000000000000 ) ) ;
#655 = DIRECTION ( 'NONE',  ( 0.7071067811865434600, 0.0000000000000000000, -0.7071067811865516800 ) ) ;
#656 = FILL_AREA_STYLE ('',( #687 ) ) ;
#657 = CARTESIAN_POINT ( 'NONE',  ( -10.79999999999851400, -8.599999999998972900, 26.70000000000001000 ) ) ;
#658 = PRESENTATION_STYLE_ASSIGNMENT (( #5390 ) ) ;
#659 = ORIENTED_EDGE ( 'NONE', *, *, #10585, .F. ) ;
#660 = FILL_AREA_STYLE ('',( #2454 ) ) ;
#661 = EDGE_CURVE ( 'NONE', #68, #8645, #4991, .T. ) ;
#662 = PRESENTATION_LAYER_ASSIGNMENT (  '', '', ( #8611 ) ) ;
#663 = EDGE_CURVE ( 'NONE', #5775, #161, #7344, .T. ) ;
#664 = VECTOR ( 'NONE', #654, 1000.000000000000000 ) ;
#665 = FILL_AREA_STYLE ('',( #11195 ) ) ;
#666 = SURFACE_SIDE_STYLE ('',( #9820 ) ) ;
#667 = ORIENTED_EDGE ( 'NONE', *, *, #8669, .T. ) ;
#668 = VECTOR ( 'NONE', #4592, 1000.000000000000000 ) ;
#669 = PRESENTATION_STYLE_ASSIGNMENT (( #643 ) ) ;
#670 = MECHANICAL_DESIGN_GEOMETRIC_PRESENTATION_REPRESENTATION (  '', ( #10953 ), #1286 ) ;
#671 = AXIS2_PLACEMENT_3D ( 'NONE', #3345, #5070, #2487 ) ;
#672 = DIRECTION ( 'NONE',  ( 1.000000000000000000, 0.0000000000000000000, 0.0000000000000000000 ) ) ;
#673 = CARTESIAN_POINT ( 'NONE',  ( 13.92812991172729100, -13.79749315005140000, 27.70000000000000300 ) ) ;
#674 = FACE_OUTER_BOUND ( 'NONE', #3722, .T. ) ;
#675 = UNCERTAINTY_MEASURE_WITH_UNIT (LENGTH_MEASURE( 1.000000000000000100E-005 ), #9441, 'distance_accuracy_value', 'NONE');
#676 = EDGE_CURVE ( 'NONE', #8787, #7721, #9660, .T. ) ;
#677 = PLANE ( 'NONE',  #5208 ) ;
#678 = EDGE_LOOP ( 'NONE', ( #7045, #5007, #7155, #9408, #7269 ) ) ;
#679 = CARTESIAN_POINT ( 'NONE',  ( -4.000000000000000000, 0.0000000000000000000, -1.500000000000000000 ) ) ;
#680 = ORIENTED_EDGE ( 'NONE', *, *, #5543, .T. ) ;
#681 = ORIENTED_EDGE ( 'NONE', *, *, #9869, .T. ) ;
#682 = FILL_AREA_STYLE ('',( #971 ) ) ;
#683 = MECHANICAL_DESIGN_GEOMETRIC_PRESENTATION_REPRESENTATION (  '', ( #10963 ), #1297 ) ;
#684 = CARTESIAN_POINT ( 'NONE',  ( -15.94314575050762000, -17.60000000000000500, 0.5000000000000004400 ) ) ;
#685 = ADVANCED_FACE ( 'NONE', ( #7061 ), #7364, .T. ) ;
#686 = EDGE_CURVE ( 'NONE', #3894, #3172, #4987, .T. ) ;
#687 = FILL_AREA_STYLE_COLOUR ( '', #221 ) ;
#688 = DIRECTION ( 'NONE',  ( -0.7071067811865414700, 0.0000000000000000000, -0.7071067811865536800 ) ) ;
#689 = CARTESIAN_POINT ( 'NONE',  ( -14.07111483039666300, -13.54102959263319900, 27.70000000000000300 ) ) ;
#690 = ORIENTED_EDGE ( 'NONE', *, *, #7606, .F. ) ;
#691 = ORIENTED_EDGE ( 'NONE', *, *, #2395, .T. ) ;
#692 = DIRECTION ( 'NONE',  ( -1.000000000000000000, 0.0000000000000000000, 0.0000000000000000000 ) ) ;
#693 = ORIENTED_EDGE ( 'NONE', *, *, #9193, .F. ) ;
#694 = DIRECTION ( 'NONE',  ( -1.000000000000000000, 1.029253376967093700E-014, 0.0000000000000000000 ) ) ;
#695 = CARTESIAN_POINT ( 'NONE',  ( -11.73714950768876600, -13.54102959263322200, 26.70000000000000300 ) ) ;
#696 = PLANE ( 'NONE',  #7869 ) ;
#697 = ORIENTED_EDGE ( 'NONE', *, *, #8399, .F. ) ;
#698 = DIRECTION ( 'NONE',  ( -0.0000000000000000000, -0.0000000000000000000, -1.000000000000000000 ) ) ;
#699 = CARTESIAN_POINT ( 'NONE',  ( 0.0000000000000000000, 0.0000000000000000000, 0.0000000000000000000 ) ) ;
#700 = DIRECTION ( 'NONE',  ( -0.7072524912148354700, -0.7069610411263191900, -0.0000000000000000000 ) ) ;
#701 = COLOUR_RGB ( '',1.000000000000000000, 1.000000000000000000, 1.000000000000000000 ) ;
#702 = PRESENTATION_LAYER_ASSIGNMENT (  '', '', ( #10979 ) ) ;
#703 = COLOUR_RGB ( '',1.000000000000000000, 1.000000000000000000, 1.000000000000000000 ) ;
#704 =( GEOMETRIC_REPRESENTATION_CONTEXT ( 3 ) GLOBAL_UNCERTAINTY_ASSIGNED_CONTEXT ( ( #5111 ) ) GLOBAL_UNIT_ASSIGNED_CONTEXT ( ( #2093, #8261, #3012 ) ) REPRESENTATION_CONTEXT ( 'NONE', 'WORKASPACE' ) );
#705 = CARTESIAN_POINT ( 'NONE',  ( -12.45897040736665300, 12.41131721596995200, 26.70000000000000300 ) ) ;
#706 = ORIENTED_EDGE ( 'NONE', *, *, #9412, .T. ) ;
#707 = CARTESIAN_POINT ( 'NONE',  ( -3.007529995131446900, -17.69999999999999900, 22.60748687669129000 ) ) ;
#708 =( GEOMETRIC_REPRESENTATION_CONTEXT ( 3 ) GLOBAL_UNCERTAINTY_ASSIGNED_CONTEXT ( ( #11373 ) ) GLOBAL_UNIT_ASSIGNED_CONTEXT ( ( #7839, #2582, #8731 ) ) REPRESENTATION_CONTEXT ( 'NONE', 'WORKASPACE' ) );
#709 = DIRECTION ( 'NONE',  ( -1.000000000000000000, 0.0000000000000000000, 0.0000000000000000000 ) ) ;
#710 = SURFACE_SIDE_STYLE ('',( #1201 ) ) ;
#711 = CARTESIAN_POINT ( 'NONE',  ( 14.52295398712867100, 14.52894118582677900, 8.000000000000000000 ) ) ;
#712 = DIRECTION ( 'NONE',  ( 0.0000000000000000000, 0.0000000000000000000, 1.000000000000000000 ) ) ;
#713 = PRESENTATION_STYLE_ASSIGNMENT (( #7572 ) ) ;
#714 = ORIENTED_EDGE ( 'NONE', *, *, #10259, .F. ) ;
#715 = UNCERTAINTY_MEASURE_WITH_UNIT (LENGTH_MEASURE( 1.000000000000000100E-005 ), #739, 'distance_accuracy_value', 'NONE');
#716 = AXIS2_PLACEMENT_3D ( 'NONE', #6336, #3728, #1978 ) ;
#717 = SURFACE_STYLE_USAGE ( .BOTH. , #6043 ) ;
#718 =( LENGTH_UNIT ( ) NAMED_UNIT ( * ) SI_UNIT ( .MILLI., .METRE. ) );
#719 = FILL_AREA_STYLE_COLOUR ( '', #8717 ) ;
#720 = EDGE_CURVE ( 'NONE', #519, #394, #9655, .T. ) ;
#721 = CARTESIAN_POINT ( 'NONE',  ( -13.60000000000000000, -17.10000000000000100, 4.336808689942017700E-016 ) ) ;
#722 = DIRECTION ( 'NONE',  ( -0.7072524912148346900, 0.7069610411263199700, 0.0000000000000000000 ) ) ;
#723 = SURFACE_SIDE_STYLE ('',( #10560 ) ) ;
#724 = CARTESIAN_POINT ( 'NONE',  ( 14.26285049231142000, 12.63911500751318700, 27.69729446702147500 ) ) ;
#725 = MECHANICAL_DESIGN_GEOMETRIC_PRESENTATION_REPRESENTATION (  '', ( #8675 ), #1344 ) ;
#726 = UNCERTAINTY_MEASURE_WITH_UNIT (LENGTH_MEASURE( 1.000000000000000100E-005 ), #5414, 'distance_accuracy_value', 'NONE');
#727 = ORIENTED_EDGE ( 'NONE', *, *, #7893, .T. ) ;
#728 = AXIS2_PLACEMENT_3D ( 'NONE', #4642, #10768, #5529 ) ;
#729 =( NAMED_UNIT ( * ) SI_UNIT ( $, .STERADIAN. ) SOLID_ANGLE_UNIT ( ) );
#730 = EDGE_LOOP ( 'NONE', ( #10186, #413, #7420, #5657 ) ) ;
#731 = CARTESIAN_POINT ( 'NONE',  ( -14.37408074114605400, 13.58868278403004700, 26.70000000000000300 ) ) ;
#732 = CARTESIAN_POINT ( 'NONE',  ( -3.731572103822022000, -1.440997501948711600, -2.000000000000000000 ) ) ;
#733 = CARTESIAN_POINT ( 'NONE',  ( -1.102823950784868500, -15.60000000000000300, 23.70506691744403600 ) ) ;
#734 = COLOUR_RGB ( '',0.2509803921568627400, 0.2509803921568627400, 0.2509803921568627400 ) ;
#735 =( NAMED_UNIT ( * ) PLANE_ANGLE_UNIT ( ) SI_UNIT ( $, .RADIAN. ) );
#736 = FILL_AREA_STYLE_COLOUR ( '', #1383 ) ;
#737 = CARTESIAN_POINT ( 'NONE',  ( 12.41131721596999400, 11.73326906832702900, 27.68598713120334100 ) ) ;
#738 = VERTEX_POINT ( 'NONE', #3495 ) ;
#739 =( LENGTH_UNIT ( ) NAMED_UNIT ( * ) SI_UNIT ( .MILLI., .METRE. ) );
#740 = FILL_AREA_STYLE ('',( #5188 ) ) ;
#741 = MECHANICAL_DESIGN_GEOMETRIC_PRESENTATION_REPRESENTATION (  '', ( #10436 ), #1357 ) ;
#742 = ADVANCED_FACE ( 'NONE', ( #236, #7340, #9370, #7055, #4727, #2669 ), #3553, .F. ) ;
#743 = CARTESIAN_POINT ( 'NONE',  ( 15.82182540694798300, -17.39289321881345500, 28.20000000000000300 ) ) ;
#744 = UNCERTAINTY_MEASURE_WITH_UNIT (LENGTH_MEASURE( 1.000000000000000100E-005 ), #10509, 'distance_accuracy_value', 'NONE');
#745 = VERTEX_POINT ( 'NONE', #3453 ) ;
#746 = SURFACE_SIDE_STYLE ('',( #4525 ) ) ;
#747 = VERTEX_POINT ( 'NONE', #3016 ) ;
#748 = PLANE ( 'NONE',  #7370 ) ;
#749 = FILL_AREA_STYLE_COLOUR ( '', #4521 ) ;
#750 = CARTESIAN_POINT ( 'NONE',  ( -17.39289321881344800, 13.59999999999999800, 28.19999999999999900 ) ) ;
#751 = CARTESIAN_POINT ( 'NONE',  ( 3.707451254426793200, -1.501926216616485700, -2.000000000000000000 ) ) ;
#752 = DIRECTION ( 'NONE',  ( 0.0000000000000000000, 0.0000000000000000000, 1.000000000000000000 ) ) ;
#753 = PLANE ( 'NONE',  #9140 ) ;
#754 = ORIENTED_EDGE ( 'NONE', *, *, #5960, .F. ) ;
#755 = AXIS2_PLACEMENT_3D ( 'NONE', #8902, #3666, #9796 ) ;
#756 = EDGE_CURVE ( 'NONE', #10039, #11096, #3907, .T. ) ;
#757 = FILL_AREA_STYLE ('',( #6040 ) ) ;
#758 = ORIENTED_EDGE ( 'NONE', *, *, #10749, .T. ) ;
#759 = LINE ( 'NONE', #11104, #9897 ) ;
#760 = DIRECTION ( 'NONE',  ( 0.0000000000000000000, 0.0000000000000000000, 1.000000000000000000 ) ) ;
#761 = CARTESIAN_POINT ( 'NONE',  ( -10.20138379592541800, 12.99999999999927200, 25.19999999999999900 ) ) ;
#762 = FACE_OUTER_BOUND ( 'NONE', #9736, .T. ) ;
#763 = ORIENTED_EDGE ( 'NONE', *, *, #11085, .T. ) ;
#764 =( NAMED_UNIT ( * ) SI_UNIT ( $, .STERADIAN. ) SOLID_ANGLE_UNIT ( ) );
#765 = VECTOR ( 'NONE', #5253, 1000.000000000000000 ) ;
#766 = AXIS2_PLACEMENT_3D ( 'NONE', #4087, #453, #10208 ) ;
#767 = PLANE ( 'NONE',  #10156 ) ;
#768 = CIRCLE ( 'NONE', #2126, 4.000000000000000000 ) ;
#769 = SURFACE_STYLE_USAGE ( .BOTH. , #6106 ) ;
#770 = CARTESIAN_POINT ( 'NONE',  ( -13.59999999999999800, 13.59999999999999800, 20.19999999999999900 ) ) ;
#771 = VERTEX_POINT ( 'NONE', #2914 ) ;
#772 = CARTESIAN_POINT ( 'NONE',  ( 3.023410535226200000, 2.633391210095622300, -1.999999999999999600 ) ) ;
#773 = ORIENTED_EDGE ( 'NONE', *, *, #123, .F. ) ;
#774 =( NAMED_UNIT ( * ) PLANE_ANGLE_UNIT ( ) SI_UNIT ( $, .RADIAN. ) );
#775 = DIRECTION ( 'NONE',  ( -1.000000000000000000, 6.247119924414881800E-015, 0.0000000000000000000 ) ) ;
#776 = ORIENTED_EDGE ( 'NONE', *, *, #3396, .F. ) ;
#777 =( GEOMETRIC_REPRESENTATION_CONTEXT ( 3 ) GLOBAL_UNCERTAINTY_ASSIGNED_CONTEXT ( ( #10942 ) ) GLOBAL_UNIT_ASSIGNED_CONTEXT ( ( #3346, #9468, #4230 ) ) REPRESENTATION_CONTEXT ( 'NONE', 'WORKASPACE' ) );
#778 = DIRECTION ( 'NONE',  ( -1.000000000000000000, -9.856383386231857600E-017, 0.0000000000000000000 ) ) ;
#779 = VECTOR ( 'NONE', #10275, 1000.000000000000000 ) ;
#780 = DIRECTION ( 'NONE',  ( 0.0000000000000000000, 0.0000000000000000000, 1.000000000000000000 ) ) ;
#781 = ORIENTED_EDGE ( 'NONE', *, *, #1499, .T. ) ;
#782 = SURFACE_STYLE_FILL_AREA ( #5303 ) ;
#783 = EDGE_LOOP ( 'NONE', ( #6279, #211 ) ) ;
#784 = CARTESIAN_POINT ( 'NONE',  ( 0.0000000000000000000, -17.10000000000000100, 27.69999999999999900 ) ) ;
#785 = CARTESIAN_POINT ( 'NONE',  ( 2.027198050025369500, -17.69999999999999900, 23.18764494107381000 ) ) ;
#786 = CARTESIAN_POINT ( 'NONE',  ( -11.73714950768875400, -12.45897040736652900, 27.68476953867945400 ) ) ;
#787 = CARTESIAN_POINT ( 'NONE',  ( -13.58868278403019800, -14.37408074114591200, 26.70000000000000300 ) ) ;
#788 = STYLED_ITEM ( 'NONE', ( #11421 ), #6489 ) ;
#789 = FILL_AREA_STYLE_COLOUR ( '', #3489 ) ;
#790 = DIRECTION ( 'NONE',  ( -0.0000000000000000000, -0.0000000000000000000, 1.000000000000000000 ) ) ;
#791 = EDGE_CURVE ( 'NONE', #5735, #10923, #8300, .T. ) ;
#792 = LINE ( 'NONE', #11176, #4985 ) ;
#793 = CIRCLE ( 'NONE', #5016, 0.5000000000000004400 ) ;
#794 = CIRCLE ( 'NONE', #10452, 2.798616204073610900 ) ;
#795 = UNCERTAINTY_MEASURE_WITH_UNIT (LENGTH_MEASURE( 1.000000000000000100E-005 ), #4527, 'distance_accuracy_value', 'NONE');
#796 = EDGE_LOOP ( 'NONE', ( #2616, #4153, #1845, #1309 ) ) ;
#797 = CARTESIAN_POINT ( 'NONE',  ( 14.37408074114595800, -12.99999999999999600, 27.68473138244003500 ) ) ;
#798 = DIRECTION ( 'NONE',  ( -7.366970476447054700E-015, -1.000000000000000000, 0.0000000000000000000 ) ) ;
#799 = MECHANICAL_DESIGN_GEOMETRIC_PRESENTATION_REPRESENTATION (  '', ( #10495 ), #1409 ) ;
#800 =( LENGTH_UNIT ( ) NAMED_UNIT ( * ) SI_UNIT ( .MILLI., .METRE. ) );
#801 = DIRECTION ( 'NONE',  ( -1.000000000000000000, 1.031375866702587800E-014, 0.0000000000000000000 ) ) ;
#802 =( LENGTH_UNIT ( ) NAMED_UNIT ( * ) SI_UNIT ( .MILLI., .METRE. ) );
#803 = ADVANCED_FACE ( 'NONE', ( #10613 ), #7192, .T. ) ;
#804 = AXIS2_PLACEMENT_3D ( 'NONE', #3604, #9733, #4478 ) ;
#805 = LINE ( 'NONE', #8983, #5566 ) ;
#806 = CARTESIAN_POINT ( 'NONE',  ( 1.500000000000000200, 2.000000000000000000, -9.000000000000003600 ) ) ;
#807 = CARTESIAN_POINT ( 'NONE',  ( -13.54102959263334700, 14.26285049231137400, 26.70000000000000300 ) ) ;
#808 = ORIENTED_EDGE ( 'NONE', *, *, #7129, .T. ) ;
#809 = FACE_OUTER_BOUND ( 'NONE', #4968, .T. ) ;
#810 = DIRECTION ( 'NONE',  ( -1.000000000000000000, 0.0000000000000000000, 0.0000000000000000000 ) ) ;
#811 = FILL_AREA_STYLE ('',( #9626 ) ) ;
#812 = UNCERTAINTY_MEASURE_WITH_UNIT (LENGTH_MEASURE( 1.000000000000000100E-005 ), #7579, 'distance_accuracy_value', 'NONE');
#813 = CARTESIAN_POINT ( 'NONE',  ( -17.59999999999999800, -13.60000000000000100, 0.5000000000000004400 ) ) ;
#814 = CARTESIAN_POINT ( 'NONE',  ( 10.79999999999999200, 12.99999999999999800, 27.28578643762690700 ) ) ;
#815 = DIRECTION ( 'NONE',  ( 1.031375866702587800E-014, 1.000000000000000000, -0.0000000000000000000 ) ) ;
#816 = DIRECTION ( 'NONE',  ( 0.7072524912148354700, -0.7069610411263191900, 0.0000000000000000000 ) ) ;
#817 = DIRECTION ( 'NONE',  ( -0.0000000000000000000, 0.0000000000000000000, 1.000000000000000000 ) ) ;
#818 = SURFACE_STYLE_FILL_AREA ( #6751 ) ;
#819 = ORIENTED_EDGE ( 'NONE', *, *, #9459, .T. ) ;
#820 = SURFACE_STYLE_FILL_AREA ( #4975 ) ;
#821 = EDGE_CURVE ( 'NONE', #4106, #6360, #358, .T. ) ;
#822 = AXIS2_PLACEMENT_3D ( 'NONE', #2767, #3639, #1885 ) ;
#823 = ORIENTED_EDGE ( 'NONE', *, *, #1263, .F. ) ;
#824 =( GEOMETRIC_REPRESENTATION_CONTEXT ( 3 ) GLOBAL_UNCERTAINTY_ASSIGNED_CONTEXT ( ( #8758 ) ) GLOBAL_UNIT_ASSIGNED_CONTEXT ( ( #10936, #5697, #344 ) ) REPRESENTATION_CONTEXT ( 'NONE', 'WORKASPACE' ) );
#825 = FILL_AREA_STYLE ('',( #862 ) ) ;
#826 = ORIENTED_EDGE ( 'NONE', *, *, #3390, .F. ) ;
#827 = DIRECTION ( 'NONE',  ( 0.0000000000000000000, 0.0000000000000000000, 1.000000000000000000 ) ) ;
#828 =( LENGTH_UNIT ( ) NAMED_UNIT ( * ) SI_UNIT ( .MILLI., .METRE. ) );
#829 = SURFACE_STYLE_FILL_AREA ( #4666 ) ;
#830 =( NAMED_UNIT ( * ) PLANE_ANGLE_UNIT ( ) SI_UNIT ( $, .RADIAN. ) );
#831 = CARTESIAN_POINT ( 'NONE',  ( -13.58868278403017100, -11.62591925885380700, 26.70000000000000300 ) ) ;
#832 = CARTESIAN_POINT ( 'NONE',  ( -12.99999999999999800, 12.99999999999927200, 27.69999999999999900 ) ) ;
#833 = DIRECTION ( 'NONE',  ( 1.000000000000000000, -1.836970198721029700E-016, 0.0000000000000000000 ) ) ;
#834 =( NAMED_UNIT ( * ) SI_UNIT ( $, .STERADIAN. ) SOLID_ANGLE_UNIT ( ) );
#835 = CARTESIAN_POINT ( 'NONE',  ( -9.701383795925417900, 12.99999999999927200, 28.19999999999999600 ) ) ;
#836 = EDGE_LOOP ( 'NONE', ( #2331, #667, #7290, #3719 ) ) ;
#837 =( GEOMETRIC_REPRESENTATION_CONTEXT ( 3 ) GLOBAL_UNCERTAINTY_ASSIGNED_CONTEXT ( ( #5519 ) ) GLOBAL_UNIT_ASSIGNED_CONTEXT ( ( #6671, #6635, #6593 ) ) REPRESENTATION_CONTEXT ( 'NONE', 'WORKASPACE' ) );
#838 = ORIENTED_EDGE ( 'NONE', *, *, #948, .F. ) ;
#839 = CARTESIAN_POINT ( 'NONE',  ( -10.49999999999999800, 0.0000000000000000000, -2.000000000000000000 ) ) ;
#840 = ORIENTED_EDGE ( 'NONE', *, *, #3921, .F. ) ;
#841 = EDGE_CURVE ( 'NONE', #6310, #9462, #5125, .T. ) ;
#842 = SURFACE_STYLE_FILL_AREA ( #740 ) ;
#843 = CARTESIAN_POINT ( 'NONE',  ( 13.58868278403010000, 14.04568282944044300, 27.70000000000000300 ) ) ;
#844 = AXIS2_PLACEMENT_3D ( 'NONE', #5307, #11388, #6208 ) ;
#845 = VERTEX_POINT ( 'NONE', #2482 ) ;
#846 = CARTESIAN_POINT ( 'NONE',  ( -16.29861620407457700, 12.99999999999927200, 28.19999999999999600 ) ) ;
#847 = DIRECTION ( 'NONE',  ( -0.7072524912148346900, -0.7069610411263199700, 0.0000000000000000000 ) ) ;
#848 = CARTESIAN_POINT ( 'NONE',  ( 15.94314575050762500, 17.60000000000000100, 27.70000000000000300 ) ) ;
#849 = DIRECTION ( 'NONE',  ( -1.000000000000000000, 0.0000000000000000000, 0.0000000000000000000 ) ) ;
#850 = SURFACE_STYLE_FILL_AREA ( #5565 ) ;
#851 = MECHANICAL_DESIGN_GEOMETRIC_PRESENTATION_REPRESENTATION (  '', ( #10544 ), #1460 ) ;
#852 = COLOUR_RGB ( '',1.000000000000000000, 1.000000000000000000, 1.000000000000000000 ) ;
#853 = PLANE ( 'NONE',  #2275 ) ;
#854 = DIRECTION ( 'NONE',  ( 0.0000000000000000000, 0.0000000000000000000, 1.000000000000000000 ) ) ;
#855 = CARTESIAN_POINT ( 'NONE',  ( 3.999999999999999600, 7.999999999999999100, 28.19999999999999900 ) ) ;
#856 = EDGE_LOOP ( 'NONE', ( #9996, #10192, #11396, #4405 ) ) ;
#857 = CARTESIAN_POINT ( 'NONE',  ( -16.29861620407457700, 6.402767591850107500, 28.20000000000000300 ) ) ;
#858 = CARTESIAN_POINT ( 'NONE',  ( -2.799999999999999800, 0.0000000000000000000, 0.0000000000000000000 ) ) ;
#859 =( NAMED_UNIT ( * ) SI_UNIT ( $, .STERADIAN. ) SOLID_ANGLE_UNIT ( ) );
#860 = FILL_AREA_STYLE_COLOUR ( '', #8941 ) ;
#861 =( GEOMETRIC_REPRESENTATION_CONTEXT ( 3 ) GLOBAL_UNCERTAINTY_ASSIGNED_CONTEXT ( ( #6189 ) ) GLOBAL_UNIT_ASSIGNED_CONTEXT ( ( #1807, #7973, #2734 ) ) REPRESENTATION_CONTEXT ( 'NONE', 'WORKASPACE' ) );
#862 = FILL_AREA_STYLE_COLOUR ( '', #4169 ) ;
#863 =( NAMED_UNIT ( * ) SI_UNIT ( $, .STERADIAN. ) SOLID_ANGLE_UNIT ( ) );
#864 = ADVANCED_FACE ( 'NONE', ( #9495 ), #6442, .T. ) ;
#865 =( LENGTH_UNIT ( ) NAMED_UNIT ( * ) SI_UNIT ( .MILLI., .METRE. ) );
#866 = CARTESIAN_POINT ( 'NONE',  ( 14.37408074114596300, -12.60684899628389600, 27.67929840550064900 ) ) ;
#867 = UNCERTAINTY_MEASURE_WITH_UNIT (LENGTH_MEASURE( 1.000000000000000100E-005 ), #4567, 'distance_accuracy_value', 'NONE');
#868 = COLOUR_RGB ( '',0.2509803921568627400, 0.2509803921568627400, 0.2509803921568627400 ) ;
#869 = CARTESIAN_POINT ( 'NONE',  ( -17.59999999999999800, 13.59999999999999800, 0.2071067811865479300 ) ) ;
#870 = FILL_AREA_STYLE ('',( #7921 ) ) ;
#871 = CARTESIAN_POINT ( 'NONE',  ( -12.41131721597010300, -14.37408074114592300, 26.70000000000000300 ) ) ;
#872 = VERTEX_POINT ( 'NONE', #2172 ) ;
#873 = FILL_AREA_STYLE_COLOUR ( '', #8578 ) ;
#874 = CARTESIAN_POINT ( 'NONE',  ( 0.0000000000000000000, -17.69999999999999900, 0.0000000000000000000 ) ) ;
#875 = AXIS2_PLACEMENT_3D ( 'NONE', #1092, #7304, #2018 ) ;
#876 = ORIENTED_EDGE ( 'NONE', *, *, #10589, .T. ) ;
#877 =( GEOMETRIC_REPRESENTATION_CONTEXT ( 3 ) GLOBAL_UNCERTAINTY_ASSIGNED_CONTEXT ( ( #4407 ) ) GLOBAL_UNIT_ASSIGNED_CONTEXT ( ( #10329, #5089, #11167 ) ) REPRESENTATION_CONTEXT ( 'NONE', 'WORKASPACE' ) );
#878 = SURFACE_SIDE_STYLE ('',( #5056 ) ) ;
#879 = ORIENTED_EDGE ( 'NONE', *, *, #3600, .F. ) ;
#880 =( NAMED_UNIT ( * ) PLANE_ANGLE_UNIT ( ) SI_UNIT ( $, .RADIAN. ) );
#881 = EDGE_CURVE ( 'NONE', #7867, #8292, #10738, .T. ) ;
#882 =( LENGTH_UNIT ( ) NAMED_UNIT ( * ) SI_UNIT ( .MILLI., .METRE. ) );
#883 = ORIENTED_EDGE ( 'NONE', *, *, #7641, .T. ) ;
#884 = FILL_AREA_STYLE ('',( #11407 ) ) ;
#885 = CIRCLE ( 'NONE', #10169, 1.249999999999999300 ) ;
#886 = CARTESIAN_POINT ( 'NONE',  ( 17.09999999999999800, 15.65025253169416400, 28.19999999999999900 ) ) ;
#887 = ORIENTED_EDGE ( 'NONE', *, *, #4214, .T. ) ;
#888 = SURFACE_STYLE_USAGE ( .BOTH. , #6228 ) ;
#889 = ORIENTED_EDGE ( 'NONE', *, *, #4223, .F. ) ;
#890 = EDGE_CURVE ( 'NONE', #3314, #1998, #8422, .T. ) ;
#891 =( GEOMETRIC_REPRESENTATION_CONTEXT ( 3 ) GLOBAL_UNCERTAINTY_ASSIGNED_CONTEXT ( ( #9585 ) ) GLOBAL_UNIT_ASSIGNED_CONTEXT ( ( #7656, #2384, #8553 ) ) REPRESENTATION_CONTEXT ( 'NONE', 'WORKASPACE' ) );
#892 = SURFACE_SIDE_STYLE ('',( #7576 ) ) ;
#893 = DIRECTION ( 'NONE',  ( 0.0000000000000000000, 0.0000000000000000000, 1.000000000000000000 ) ) ;
#894 = CARTESIAN_POINT ( 'NONE',  ( -0.6288105480056503900, 3.964953121595483900, -2.000000000000000400 ) ) ;
#895 = SURFACE_SIDE_STYLE ('',( #521 ) ) ;
#896 = UNCERTAINTY_MEASURE_WITH_UNIT (LENGTH_MEASURE( 1.000000000000000100E-005 ), #10567, 'distance_accuracy_value', 'NONE');
#897 =( LENGTH_UNIT ( ) NAMED_UNIT ( * ) SI_UNIT ( .MILLI., .METRE. ) );
#898 = DIRECTION ( 'NONE',  ( 0.0000000000000000000, 0.0000000000000000000, 1.000000000000000000 ) ) ;
#899 = ORIENTED_EDGE ( 'NONE', *, *, #2565, .F. ) ;
#900 = COLOUR_RGB ( '',1.000000000000000000, 1.000000000000000000, 1.000000000000000000 ) ;
#901 = PRESENTATION_STYLE_ASSIGNMENT (( #5507 ) ) ;
#902 = FILL_AREA_STYLE_COLOUR ( '', #6938 ) ;
#903 = LINE ( 'NONE', #9184, #1192 ) ;
#904 = AXIS2_PLACEMENT_3D ( 'NONE', #8131, #8086, #8049 ) ;
#905 = DIRECTION ( 'NONE',  ( 0.0000000000000000000, 0.0000000000000000000, 1.000000000000000000 ) ) ;
#906 = ORIENTED_EDGE ( 'NONE', *, *, #2831, .F. ) ;
#907 = PLANE ( 'NONE',  #94 ) ;
#908 = SURFACE_STYLE_USAGE ( .BOTH. , #925 ) ;
#909 = EDGE_CURVE ( 'NONE', #9308, #9976, #6570, .T. ) ;
#910 = FILL_AREA_STYLE ('',( #9686 ) ) ;
#911 = SURFACE_STYLE_USAGE ( .BOTH. , #6249 ) ;
#912 = DIRECTION ( 'NONE',  ( -1.000000000000000000, 4.164746616276587900E-015, 0.0000000000000000000 ) ) ;
#913 = LINE ( 'NONE', #4824, #3055 ) ;
#914 = DIRECTION ( 'NONE',  ( -4.164746616276587900E-015, -1.000000000000000000, 0.0000000000000000000 ) ) ;
#915 = CARTESIAN_POINT ( 'NONE',  ( 0.0000000000000000000, -17.69999999999999900, 22.28764494107380800 ) ) ;
#916 = FACE_OUTER_BOUND ( 'NONE', #6258, .T. ) ;
#917 = MECHANICAL_DESIGN_GEOMETRIC_PRESENTATION_REPRESENTATION (  '', ( #8279 ), #1518 ) ;
#918 = EDGE_LOOP ( 'NONE', ( #3895, #53, #441, #4339, #8244 ) ) ;
#919 = EDGE_CURVE ( 'NONE', #438, #7721, #8125, .T. ) ;
#920 = ORIENTED_EDGE ( 'NONE', *, *, #10440, .T. ) ;
#921 = CARTESIAN_POINT ( 'NONE',  ( -12.99999999999999800, 12.99999999999927200, 27.69999999999999900 ) ) ;
#922 = PLANE ( 'NONE',  #5641 ) ;
#923 = ORIENTED_EDGE ( 'NONE', *, *, #7322, .F. ) ;
#924 = FACE_OUTER_BOUND ( 'NONE', #8383, .T. ) ;
#925 = SURFACE_SIDE_STYLE ('',( #2523 ) ) ;
#926 = CARTESIAN_POINT ( 'NONE',  ( 13.54102959263326500, -11.73714950768871500, 27.68476953867931600 ) ) ;
#927 = ADVANCED_FACE ( 'NONE', ( #6072 ), #1480, .F. ) ;
#928 = DIRECTION ( 'NONE',  ( 0.7072524912148346900, -0.7069610411263199700, -0.0000000000000000000 ) ) ;
#929 = SURFACE_SIDE_STYLE ('',( #5202 ) ) ;
#930 = DIRECTION ( 'NONE',  ( 0.0000000000000000000, 0.0000000000000000000, -1.000000000000000000 ) ) ;
#931 = ORIENTED_EDGE ( 'NONE', *, *, #2494, .F. ) ;
#932 = ORIENTED_EDGE ( 'NONE', *, *, #2280, .F. ) ;
#933 = VECTOR ( 'NONE', #3539, 1000.000000000000000 ) ;
#934 = PRESENTATION_LAYER_ASSIGNMENT (  '', '', ( #11159 ) ) ;
#935 = PRESENTATION_LAYER_ASSIGNMENT (  '', '', ( #10464 ) ) ;
#936 = CARTESIAN_POINT ( 'NONE',  ( 13.58868278403009300, 12.45897040736660200, 26.70000000000000300 ) ) ;
#937 = CARTESIAN_POINT ( 'NONE',  ( -2.925945082071685000, 2.730935419505917700, -2.000000000000000000 ) ) ;
#938 = DIRECTION ( 'NONE',  ( -0.0000000000000000000, 0.0000000000000000000, 1.000000000000000000 ) ) ;
#939 = FILL_AREA_STYLE ('',( #1058 ) ) ;
#940 = SURFACE_SIDE_STYLE ('',( #1346 ) ) ;
#941 = ORIENTED_EDGE ( 'NONE', *, *, #7289, .F. ) ;
#942 = DIRECTION ( 'NONE',  ( 1.000000000000000000, 0.0000000000000000000, 0.0000000000000000000 ) ) ;
#943 = SURFACE_SIDE_STYLE ('',( #3077 ) ) ;
#944 = STYLED_ITEM ( 'NONE', ( #5444 ), #8771 ) ;
#945 = CARTESIAN_POINT ( 'NONE',  ( -11.00000000000000000, 1.347111479062088400E-015, -0.5000000000000001100 ) ) ;
#946 = CARTESIAN_POINT ( 'NONE',  ( 13.54102959263324700, -14.26285049231146700, 26.70000000000000300 ) ) ;
#947 = SURFACE_STYLE_FILL_AREA ( #10898 ) ;
#948 = EDGE_CURVE ( 'NONE', #7518, #10684, #2939, .T. ) ;
#949 = CARTESIAN_POINT ( 'NONE',  ( -12.45897040736665300, 11.73714950768862400, 26.70000000000000300 ) ) ;
#950 = CARTESIAN_POINT ( 'NONE',  ( 0.0000000000000000000, -2.499999999940882800, -23.50000000006957600 ) ) ;
#951 = VECTOR ( 'NONE', #4765, 1000.000000000000000 ) ;
#952 = SURFACE_STYLE_FILL_AREA ( #4510 ) ;
#953 = PLANE ( 'NONE',  #410 ) ;
#954 = UNCERTAINTY_MEASURE_WITH_UNIT (LENGTH_MEASURE( 1.000000000000000100E-005 ), #3245, 'distance_accuracy_value', 'NONE');
#955 = CARTESIAN_POINT ( 'NONE',  ( 16.00572298526088100, -12.99999999999999500, 28.19999999999999900 ) ) ;
#956 = ORIENTED_EDGE ( 'NONE', *, *, #5552, .T. ) ;
#957 = SURFACE_STYLE_USAGE ( .BOTH. , #6285 ) ;
#958 = CARTESIAN_POINT ( 'NONE',  ( -11.73714950768876600, -13.54102959263322200, 26.70000000000000300 ) ) ;
#959 = PRESENTATION_LAYER_ASSIGNMENT (  '', '', ( #333 ) ) ;
#960 = COLOUR_RGB ( '',1.000000000000000000, 1.000000000000000000, 1.000000000000000000 ) ;
#961 =( NAMED_UNIT ( * ) SI_UNIT ( $, .STERADIAN. ) SOLID_ANGLE_UNIT ( ) );
#962 = DIRECTION ( 'NONE',  ( 0.0000000000000000000, 0.0000000000000000000, 1.000000000000000000 ) ) ;
#963 = CARTESIAN_POINT ( 'NONE',  ( 0.0000000000000000000, 3.469446951559183700E-016, -24.00000000000090900 ) ) ;
#964 = LINE ( 'NONE', #8640, #5136 ) ;
#965 = EDGE_CURVE ( 'NONE', #7618, #3153, #5294, .T. ) ;
#966 =( NAMED_UNIT ( * ) SI_UNIT ( $, .STERADIAN. ) SOLID_ANGLE_UNIT ( ) );
#967 = STYLED_ITEM ( 'NONE', ( #10322 ), #803 ) ;
#968 = SURFACE_STYLE_FILL_AREA ( #9470 ) ;
#969 = DIRECTION ( 'NONE',  ( -1.000000000000000000, 1.041186654069147000E-014, 0.0000000000000000000 ) ) ;
#970 = SURFACE_STYLE_FILL_AREA ( #1424 ) ;
#971 = FILL_AREA_STYLE_COLOUR ( '', #7499 ) ;
#972 = FILL_AREA_STYLE_COLOUR ( '', #2044 ) ;
#973 = PRESENTATION_LAYER_ASSIGNMENT (  '', '', ( #1562 ) ) ;
#974 = UNCERTAINTY_MEASURE_WITH_UNIT (LENGTH_MEASURE( 1.000000000000000100E-005 ), #2109, 'distance_accuracy_value', 'NONE');
#975 = DIRECTION ( 'NONE',  ( -7.719400327253202000E-015, -1.000000000000000000, 0.0000000000000000000 ) ) ;
#976 = FILL_AREA_STYLE_COLOUR ( '', #9053 ) ;
#977 =( NAMED_UNIT ( * ) SI_UNIT ( $, .STERADIAN. ) SOLID_ANGLE_UNIT ( ) );
#978 = COLOUR_RGB ( '',1.000000000000000000, 1.000000000000000000, 1.000000000000000000 ) ;
#979 = ORIENTED_EDGE ( 'NONE', *, *, #1555, .T. ) ;
#980 = ORIENTED_EDGE ( 'NONE', *, *, #2838, .T. ) ;
#981 = DIRECTION ( 'NONE',  ( -6.247119924414881800E-015, -1.000000000000000000, 0.0000000000000000000 ) ) ;
#982 = ORIENTED_EDGE ( 'NONE', *, *, #7256, .F. ) ;
#983 = CARTESIAN_POINT ( 'NONE',  ( -4.000000000000000000, 0.0000000000000000000, -2.000000000000000000 ) ) ;
#984 = MECHANICAL_DESIGN_GEOMETRIC_PRESENTATION_REPRESENTATION (  '', ( #10659 ), #1573 ) ;
#985 =( NAMED_UNIT ( * ) SI_UNIT ( $, .STERADIAN. ) SOLID_ANGLE_UNIT ( ) );
#986 = CARTESIAN_POINT ( 'NONE',  ( 13.58868278403009100, 11.84284448084539700, 27.70000000000000300 ) ) ;
#987 = CARTESIAN_POINT ( 'NONE',  ( 11.73714950768867000, 13.54102959263330100, 26.70000000000000300 ) ) ;
#988 = COLOUR_RGB ( '',1.000000000000000000, 1.000000000000000000, 1.000000000000000000 ) ;
#989 = EDGE_CURVE ( 'NONE', #8283, #3876, #9642, .T. ) ;
#990 =( NAMED_UNIT ( * ) PLANE_ANGLE_UNIT ( ) SI_UNIT ( $, .RADIAN. ) );
#991 = EDGE_LOOP ( 'NONE', ( #3196, #6461, #9867, #1259 ) ) ;
#992 = ADVANCED_FACE ( 'NONE', ( #9356 ), #696, .T. ) ;
#993 = CARTESIAN_POINT ( 'NONE',  ( 1.102823950784878000, -35.60000000000000100, 23.23245372053523300 ) ) ;
#994 = SURFACE_STYLE_USAGE ( .BOTH. , #6315 ) ;
#995 = EDGE_CURVE ( 'NONE', #6856, #9346, #10877, .T. ) ;
#996 = AXIS2_PLACEMENT_3D ( 'NONE', #7082, #1787, #5334 ) ;
#997 = SURFACE_STYLE_USAGE ( .BOTH. , #6320 ) ;
#998 = CARTESIAN_POINT ( 'NONE',  ( 16.29861620407432800, -12.99999999999999800, 28.19999999999999600 ) ) ;
#999 = DIRECTION ( 'NONE',  ( -1.000000000000000000, 7.719400327253202000E-015, 0.0000000000000000000 ) ) ;
#1000 = CARTESIAN_POINT ( 'NONE',  ( 17.60000000000000500, -11.45316318592670500, 22.19999999999999600 ) ) ;
#1001 = CARTESIAN_POINT ( 'NONE',  ( -13.00000000000000200, 13.00000000000000200, 4.500000000007276000 ) ) ;
#1002 = ORIENTED_EDGE ( 'NONE', *, *, #995, .F. ) ;
#1003 = CIRCLE ( 'NONE', #6585, 2.798616204074335600 ) ;
#1004 = CARTESIAN_POINT ( 'NONE',  ( 17.10000000000000500, 0.0000000000000000000, 27.69999999999999900 ) ) ;
#1005 = MECHANICAL_DESIGN_GEOMETRIC_PRESENTATION_REPRESENTATION (  '', ( #10101 ), #1603 ) ;
#1006 = DIRECTION ( 'NONE',  ( 0.0000000000000000000, 1.000000000000000000, 0.0000000000000000000 ) ) ;
#1007 =( GEOMETRIC_REPRESENTATION_CONTEXT ( 3 ) GLOBAL_UNCERTAINTY_ASSIGNED_CONTEXT ( ( #1700 ) ) GLOBAL_UNIT_ASSIGNED_CONTEXT ( ( #1184, #7407, #2110 ) ) REPRESENTATION_CONTEXT ( 'NONE', 'WORKASPACE' ) );
#1008 = VECTOR ( 'NONE', #1327, 1000.000000000000000 ) ;
#1009 = CARTESIAN_POINT ( 'NONE',  ( 11.45062910550454800, -17.60000000000000500, 5.999999999999999100 ) ) ;
#1010 = VERTEX_POINT ( 'NONE', #419 ) ;
#1011 = CARTESIAN_POINT ( 'NONE',  ( 12.99999999999999600, 12.99999999999999600, 27.69999999999999900 ) ) ;
#1012 = AXIS2_PLACEMENT_3D ( 'NONE', #377, #6602, #1300 ) ;
#1013 = CARTESIAN_POINT ( 'NONE',  ( 17.10000000000000100, 15.65025253169416400, 28.19999999999999900 ) ) ;
#1014 = DIRECTION ( 'NONE',  ( 0.0000000000000000000, 0.0000000000000000000, 1.000000000000000000 ) ) ;
#1015 = ADVANCED_FACE ( 'NONE', ( #8555 ), #9780, .F. ) ;
#1016 = PRESENTATION_STYLE_ASSIGNMENT (( #9920 ) ) ;
#1017 = B_SPLINE_CURVE_WITH_KNOTS ( 'NONE', 3,
 ( #7646, #1419, #4158, #10276 ),
 .UNSPECIFIED., .F., .F.,
 ( 4, 4 ),
 ( -0.0005894062810959353700, -1.734723475976807100E-018 ),
 .UNSPECIFIED. ) ;
#1018 = DIRECTION ( 'NONE',  ( 1.000000000000000000, 0.0000000000000000000, 0.0000000000000000000 ) ) ;
#1019 = FILL_AREA_STYLE ('',( #3694 ) ) ;
#1020 = ORIENTED_EDGE ( 'NONE', *, *, #8610, .F. ) ;
#1021 = ORIENTED_EDGE ( 'NONE', *, *, #9694, .T. ) ;
#1022 = PRESENTATION_LAYER_ASSIGNMENT (  '', '', ( #10113 ) ) ;
#1023 = CARTESIAN_POINT ( 'NONE',  ( 11.20710678118654600, -2.744949489456540600E-015, -5.380361143677898200E-017 ) ) ;
#1024 = ORIENTED_EDGE ( 'NONE', *, *, #6844, .T. ) ;
#1025 = CARTESIAN_POINT ( 'NONE',  ( -17.59999999999999800, 13.59999999999999800, 8.000000000000000000 ) ) ;
#1026 = EDGE_CURVE ( 'NONE', #4130, #7152, #3072, .T. ) ;
#1027 = VECTOR ( 'NONE', #1715, 1000.000000000000000 ) ;
#1028 =( LENGTH_UNIT ( ) NAMED_UNIT ( * ) SI_UNIT ( .MILLI., .METRE. ) );
#1029 = CARTESIAN_POINT ( 'NONE',  ( 15.19999999999999600, 12.99999999999999600, 25.19999999999999900 ) ) ;
#1030 = CARTESIAN_POINT ( 'NONE',  ( 12.45897040736656600, -12.41131721597003500, 26.70000000000000300 ) ) ;
#1031 =( NAMED_UNIT ( * ) SI_UNIT ( $, .STERADIAN. ) SOLID_ANGLE_UNIT ( ) );
#1032 = FILL_AREA_STYLE_COLOUR ( '', #6919 ) ;
#1033 = PRESENTATION_LAYER_ASSIGNMENT (  '', '', ( #11243 ) ) ;
#1034 = COLOUR_RGB ( '',1.000000000000000000, 1.000000000000000000, 1.000000000000000000 ) ;
#1035 = FILL_AREA_STYLE_COLOUR ( '', #10807 ) ;
#1036 = PRESENTATION_LAYER_ASSIGNMENT (  '', '', ( #11245 ) ) ;
#1037 = EDGE_LOOP ( 'NONE', ( #6651, #9060, #4524, #10850 ) ) ;
#1038 = ORIENTED_EDGE ( 'NONE', *, *, #661, .T. ) ;
#1039 = SURFACE_STYLE_FILL_AREA ( #8317 ) ;
#1040 = ORIENTED_EDGE ( 'NONE', *, *, #989, .F. ) ;
#1041 = LINE ( 'NONE', #695, #10153 ) ;
#1042 = PLANE ( 'NONE',  #3482 ) ;
#1043 = ADVANCED_FACE ( 'NONE', ( #5379 ), #5993, .F. ) ;
#1044 = ORIENTED_EDGE ( 'NONE', *, *, #3943, .F. ) ;
#1045 = FILL_AREA_STYLE_COLOUR ( '', #2437 ) ;
#1046 =( NAMED_UNIT ( * ) SI_UNIT ( $, .STERADIAN. ) SOLID_ANGLE_UNIT ( ) );
#1047 = UNCERTAINTY_MEASURE_WITH_UNIT (LENGTH_MEASURE( 1.000000000000000100E-005 ), #5513, 'distance_accuracy_value', 'NONE');
#1048 = VERTEX_POINT ( 'NONE', #40 ) ;
#1049 = VECTOR ( 'NONE', #10252, 1000.000000000000000 ) ;
#1050 = COLOUR_RGB ( '',1.000000000000000000, 1.000000000000000000, 1.000000000000000000 ) ;
#1051 = EDGE_CURVE ( 'NONE', #135, #5755, #4561, .T. ) ;
#1052 = MECHANICAL_DESIGN_GEOMETRIC_PRESENTATION_REPRESENTATION (  '', ( #10731 ), #1662 ) ;
#1053 = AXIS2_PLACEMENT_3D ( 'NONE', #7207, #1923, #8083 ) ;
#1054 = VECTOR ( 'NONE', #10563, 1000.000000000000000 ) ;
#1055 = CARTESIAN_POINT ( 'NONE',  ( -9.701383795924934700, -6.402767591852042800, 28.19999999999999900 ) ) ;
#1056 = CARTESIAN_POINT ( 'NONE',  ( 11.62591925885385400, -13.58868278403012800, 27.65553645166642100 ) ) ;
#1057 = ORIENTED_EDGE ( 'NONE', *, *, #8975, .T. ) ;
#1058 = FILL_AREA_STYLE_COLOUR ( '', #4601 ) ;
#1059 = CARTESIAN_POINT ( 'NONE',  ( 2.500000000000000000, 0.0000000000000000000, -23.50000000000000000 ) ) ;
#1060 = CARTESIAN_POINT ( 'NONE',  ( -14.37408074114605400, 13.58868278403004700, 26.70000000000000300 ) ) ;
#1061 = LINE ( 'NONE', #7112, #10180 ) ;
#1062 = CARTESIAN_POINT ( 'NONE',  ( 11.44062498292818700, 17.60999999999998500, 22.19999999999999600 ) ) ;
#1063 = FILL_AREA_STYLE_COLOUR ( '', #5022 ) ;
#1064 = AXIS2_PLACEMENT_3D ( 'NONE', #3620, #9751, #4495 ) ;
#1065 = CARTESIAN_POINT ( 'NONE',  ( -1.102823950784868500, -35.60000000000000100, 23.23245372053522600 ) ) ;
#1066 = FACE_OUTER_BOUND ( 'NONE', #5823, .T. ) ;
#1067 = ORIENTED_EDGE ( 'NONE', *, *, #1903, .T. ) ;
#1068 = CARTESIAN_POINT ( 'NONE',  ( -15.65025253169416100, -17.09999999999999800, 4.336808689942017200E-016 ) ) ;
#1069 = ORIENTED_EDGE ( 'NONE', *, *, #11140, .T. ) ;
#1070 = EDGE_CURVE ( 'NONE', #7303, #2573, #2201, .T. ) ;
#1071 = PLANE ( 'NONE',  #4818 ) ;
#1072 = VERTEX_POINT ( 'NONE', #4633 ) ;
#1073 = DIRECTION ( 'NONE',  ( 0.0000000000000000000, 0.0000000000000000000, -1.000000000000000000 ) ) ;
#1074 =( NAMED_UNIT ( * ) SI_UNIT ( $, .STERADIAN. ) SOLID_ANGLE_UNIT ( ) );
#1075 =( NAMED_UNIT ( * ) SI_UNIT ( $, .STERADIAN. ) SOLID_ANGLE_UNIT ( ) );
#1076 = CARTESIAN_POINT ( 'NONE',  ( -12.41131721597010300, -14.37408074114592300, 27.65553645166723100 ) ) ;
#1077 = ADVANCED_FACE ( 'NONE', ( #1939 ), #4609, .T. ) ;
#1078 = MECHANICAL_DESIGN_GEOMETRIC_PRESENTATION_REPRESENTATION (  '', ( #11283 ), #1689 ) ;
#1079 = EDGE_CURVE ( 'NONE', #8513, #6149, #10183, .T. ) ;
#1080 = COLOUR_RGB ( '',1.000000000000000000, 1.000000000000000000, 1.000000000000000000 ) ;
#1081 = ORIENTED_EDGE ( 'NONE', *, *, #2494, .T. ) ;
#1082 = DIRECTION ( 'NONE',  ( 1.224646799147353200E-016, -1.000000000000000000, 0.0000000000000000000 ) ) ;
#1083 = ADVANCED_FACE ( 'NONE', ( #1066 ), #9307, .F. ) ;
#1084 = AXIS2_PLACEMENT_3D ( 'NONE', #1736, #7903, #849 ) ;
#1085 = CARTESIAN_POINT ( 'NONE',  ( -17.09999999999999800, 13.60000000000000000, 4.336808689942017700E-016 ) ) ;
#1086 = DIRECTION ( 'NONE',  ( 0.0000000000000000000, 1.000000000000000000, 0.0000000000000000000 ) ) ;
#1087 = VECTOR ( 'NONE', #4983, 1000.000000000000000 ) ;
#1088 = DIRECTION ( 'NONE',  ( -1.000000000000000000, 0.0000000000000000000, -0.0000000000000000000 ) ) ;
#1089 = CIRCLE ( 'NONE', #3253, 1.249999999999999300 ) ;
#1090 = LINE ( 'NONE', #4737, #5804 ) ;
#1091 = STYLED_ITEM ( 'NONE', ( #1738 ), #5521 ) ;
#1092 = CARTESIAN_POINT ( 'NONE',  ( 3.100000000000000500, -15.60000000000000100, 26.29999999999999700 ) ) ;
#1093 = STYLED_ITEM ( 'NONE', ( #10527 ), #5990 ) ;
#1094 = CARTESIAN_POINT ( 'NONE',  ( -10.20138379592493500, -13.00000000000072100, 27.69999999999999900 ) ) ;
#1095 = CARTESIAN_POINT ( 'NONE',  ( -17.59999999999999800, -13.60000000000000100, 8.000000000000000000 ) ) ;
#1096 = CARTESIAN_POINT ( 'NONE',  ( 12.99999999999999600, 12.99999999999999600, 25.19999999999999900 ) ) ;
#1097 = FACE_OUTER_BOUND ( 'NONE', #9215, .T. ) ;
#1098 = MECHANICAL_DESIGN_GEOMETRIC_PRESENTATION_REPRESENTATION (  '', ( #10783 ), #1712 ) ;
#1099 = FACE_OUTER_BOUND ( 'NONE', #8589, .T. ) ;
#1100 = UNCERTAINTY_MEASURE_WITH_UNIT (LENGTH_MEASURE( 1.000000000000000100E-005 ), #1495, 'distance_accuracy_value', 'NONE');
#1101 =( NAMED_UNIT ( * ) PLANE_ANGLE_UNIT ( ) SI_UNIT ( $, .RADIAN. ) );
#1102 = CARTESIAN_POINT ( 'NONE',  ( -15.94314575050761800, -17.60000000000000100, 27.70000000000000300 ) ) ;
#1103 = CARTESIAN_POINT ( 'NONE',  ( -3.707106781186547900, 0.0000000000000000000, 28.19999999999999900 ) ) ;
#1104 = CARTESIAN_POINT ( 'NONE',  ( 4.000000000000000000, 4.898587196589412800E-016, 27.69999999999999900 ) ) ;
#1105 = ADVANCED_FACE ( 'NONE', ( #208 ), #1476, .T. ) ;
#1106 = AXIS2_PLACEMENT_3D ( 'NONE', #699, #6904, #1614 ) ;
#1107 = DIRECTION ( 'NONE',  ( 1.000000000000000000, 0.0000000000000000000, -0.0000000000000000000 ) ) ;
#1108 = SURFACE_SIDE_STYLE ('',( #1306 ) ) ;
#1109 = VECTOR ( 'NONE', #4730, 1000.000000000000000 ) ;
#1110 =( NAMED_UNIT ( * ) SI_UNIT ( $, .STERADIAN. ) SOLID_ANGLE_UNIT ( ) );
#1111 = CIRCLE ( 'NONE', #8084, 2.798616204073793000 ) ;
#1112 = DIRECTION ( 'NONE',  ( 0.0000000000000000000, 1.000000000000000000, 0.0000000000000000000 ) ) ;
#1113 = CARTESIAN_POINT ( 'NONE',  ( -10.20138379592541800, 12.99999999999927200, 27.99289321881345000 ) ) ;
#1114 =( LENGTH_UNIT ( ) NAMED_UNIT ( * ) SI_UNIT ( .MILLI., .METRE. ) );
#1115 = ORIENTED_EDGE ( 'NONE', *, *, #8766, .T. ) ;
#1116 = AXIS2_PLACEMENT_3D ( 'NONE', #5738, #397, #6618 ) ;
#1117 = DIRECTION ( 'NONE',  ( 1.000000000000000000, 0.0000000000000000000, 0.0000000000000000000 ) ) ;
#1118 = DIRECTION ( 'NONE',  ( 0.0000000000000000000, -1.000000000000000000, -0.0000000000000000000 ) ) ;
#1119 = CARTESIAN_POINT ( 'NONE',  ( -12.07187008827269600, 13.79749315005127000, 27.70000000000000300 ) ) ;
#1120 = VERTEX_POINT ( 'NONE', #3471 ) ;
#1121 = ORIENTED_EDGE ( 'NONE', *, *, #676, .T. ) ;
#1122 = EDGE_CURVE ( 'NONE', #6472, #8394, #6215, .T. ) ;
#1123 = EDGE_CURVE ( 'NONE', #6041, #10016, #8482, .T. ) ;
#1124 = UNCERTAINTY_MEASURE_WITH_UNIT (LENGTH_MEASURE( 1.000000000000000100E-005 ), #7715, 'distance_accuracy_value', 'NONE');
#1125 = PRESENTATION_LAYER_ASSIGNMENT (  '', '', ( #500 ) ) ;
#1126 = ORIENTED_EDGE ( 'NONE', *, *, #11117, .F. ) ;
#1127 = CARTESIAN_POINT ( 'NONE',  ( -13.54102959263334700, 11.73714950768862400, 26.70000000000000300 ) ) ;
#1128 =( GEOMETRIC_REPRESENTATION_CONTEXT ( 3 ) GLOBAL_UNCERTAINTY_ASSIGNED_CONTEXT ( ( #9949 ) ) GLOBAL_UNIT_ASSIGNED_CONTEXT ( ( #6577, #1281, #7494 ) ) REPRESENTATION_CONTEXT ( 'NONE', 'WORKASPACE' ) );
#1129 = ORIENTED_EDGE ( 'NONE', *, *, #10306, .T. ) ;
#1130 =( NAMED_UNIT ( * ) SI_UNIT ( $, .STERADIAN. ) SOLID_ANGLE_UNIT ( ) );
#1131 = LINE ( 'NONE', #6908, #5297 ) ;
#1132 = SURFACE_STYLE_FILL_AREA ( #329 ) ;
#1133 =( LENGTH_UNIT ( ) NAMED_UNIT ( * ) SI_UNIT ( .MILLI., .METRE. ) );
#1134 = PRESENTATION_LAYER_ASSIGNMENT (  '', '', ( #11343 ) ) ;
#1135 = FILL_AREA_STYLE ('',( #9939 ) ) ;
#1136 = ADVANCED_FACE ( 'NONE', ( #8543 ), #3485, .T. ) ;
#1137 = ORIENTED_EDGE ( 'NONE', *, *, #10730, .T. ) ;
#1138 =( NAMED_UNIT ( * ) PLANE_ANGLE_UNIT ( ) SI_UNIT ( $, .RADIAN. ) );
#1139 = ADVANCED_FACE ( 'NONE', ( #3059 ), #5218, .F. ) ;
#1140 = EDGE_CURVE ( 'NONE', #10601, #6574, #8949, .T. ) ;
#1141 = SURFACE_STYLE_USAGE ( .BOTH. , #1185 ) ;
#1142 = CARTESIAN_POINT ( 'NONE',  ( -17.09999999999999800, -15.65025253169417000, 28.19999999999999900 ) ) ;
#1143 = FILL_AREA_STYLE_COLOUR ( '', #2811 ) ;
#1144 = DIRECTION ( 'NONE',  ( 1.000000000000000000, -2.946788190578822200E-015, 0.0000000000000000000 ) ) ;
#1145 = FILL_AREA_STYLE ('',( #233 ) ) ;
#1146 = PRESENTATION_LAYER_ASSIGNMENT (  '', '', ( #11358 ) ) ;
#1147 = EDGE_CURVE ( 'NONE', #1282, #10559, #8932, .T. ) ;
#1148 = CARTESIAN_POINT ( 'NONE',  ( 1.270660914498859900, 2.000000000000000400, -23.63760345131142100 ) ) ;
#1149 =( NAMED_UNIT ( * ) SI_UNIT ( $, .STERADIAN. ) SOLID_ANGLE_UNIT ( ) );
#1150 = SURFACE_STYLE_USAGE ( .BOTH. , #6465 ) ;
#1151 = CARTESIAN_POINT ( 'NONE',  ( -12.03692231440870800, -13.75491842535550700, 27.70000000000000300 ) ) ;
#1152 = PRODUCT_DEFINITION_SHAPE ( 'NONE', 'NONE',  #8115 ) ;
#1153 = COLOUR_RGB ( '',1.000000000000000000, 1.000000000000000000, 1.000000000000000000 ) ;
#1154 = VERTEX_POINT ( 'NONE', #4831 ) ;
#1155 = PRESENTATION_STYLE_ASSIGNMENT (( #6138 ) ) ;
#1156 = VERTEX_POINT ( 'NONE', #313 ) ;
#1157 = CARTESIAN_POINT ( 'NONE',  ( 10.20138379592711100, -12.99999999999999600, 25.19999999999999900 ) ) ;
#1158 = MECHANICAL_DESIGN_GEOMETRIC_PRESENTATION_REPRESENTATION (  '', ( #11370 ), #1777 ) ;
#1159 = CARTESIAN_POINT ( 'NONE',  ( 0.0000000000000000000, 0.0000000000000000000, 20.19999999999999900 ) ) ;
#1160 = CIRCLE ( 'NONE', #8094, 1.249999999999999300 ) ;
#1161 = UNCERTAINTY_MEASURE_WITH_UNIT (LENGTH_MEASURE( 1.000000000000000100E-005 ), #6829, 'distance_accuracy_value', 'NONE');
#1162 = STYLED_ITEM ( 'NONE', ( #6143 ), #8596 ) ;
#1163 = VECTOR ( 'NONE', #1877, 1000.000000000000000 ) ;
#1164 = SURFACE_STYLE_USAGE ( .BOTH. , #6481 ) ;
#1165 = ORIENTED_EDGE ( 'NONE', *, *, #8743, .F. ) ;
#1166 = CARTESIAN_POINT ( 'NONE',  ( -15.19999999999980700, -17.40000000000180300, 27.28578643762690700 ) ) ;
#1167 = SURFACE_SIDE_STYLE ('',( #5610 ) ) ;
#1168 = ORIENTED_EDGE ( 'NONE', *, *, #10603, .T. ) ;
#1169 =( LENGTH_UNIT ( ) NAMED_UNIT ( * ) SI_UNIT ( .MILLI., .METRE. ) );
#1170 = CARTESIAN_POINT ( 'NONE',  ( -15.20000000000078600, 12.99999999999927000, 27.28578643762690700 ) ) ;
#1171 = VERTEX_POINT ( 'NONE', #6643 ) ;
#1172 = PRESENTATION_LAYER_ASSIGNMENT (  '', '', ( #558 ) ) ;
#1173 = CARTESIAN_POINT ( 'NONE',  ( -14.37408074114605200, 13.58868278403004700, 27.65553645166687200 ) ) ;
#1174 = SURFACE_STYLE_USAGE ( .BOTH. , #6493 ) ;
#1175 = CARTESIAN_POINT ( 'NONE',  ( -13.59999999999999800, 17.59999999999999800, 27.69999999999999900 ) ) ;
#1176 = VECTOR ( 'NONE', #5913, 1000.000000000000000 ) ;
#1177 = FILL_AREA_STYLE_COLOUR ( '', #10065 ) ;
#1178 = ORIENTED_EDGE ( 'NONE', *, *, #8550, .T. ) ;
#1179 = CARTESIAN_POINT ( 'NONE',  ( 10.79289321881345000, 1.321748213395906500E-015, -2.000000000000000000 ) ) ;
#1180 = EDGE_CURVE ( 'NONE', #11096, #7229, #4274, .T. ) ;
#1181 = EDGE_CURVE ( 'NONE', #9378, #5885, #1929, .T. ) ;
#1182 = DIRECTION ( 'NONE',  ( 1.000000000000000000, 0.0000000000000000000, -0.0000000000000000000 ) ) ;
#1183 = SURFACE_SIDE_STYLE ('',( #8324 ) ) ;
#1184 =( LENGTH_UNIT ( ) NAMED_UNIT ( * ) SI_UNIT ( .MILLI., .METRE. ) );
#1185 = SURFACE_SIDE_STYLE ('',( #1359 ) ) ;
#1186 = VERTEX_POINT ( 'NONE', #10743 ) ;
#1187 = LINE ( 'NONE', #6882, #7972 ) ;
#1188 = COLOUR_RGB ( '',1.000000000000000000, 1.000000000000000000, 1.000000000000000000 ) ;
#1189 = AXIS2_PLACEMENT_3D ( 'NONE', #4509, #4485, #4447 ) ;
#1190 = PRESENTATION_LAYER_ASSIGNMENT (  '', '', ( #11401 ) ) ;
#1191 = SURFACE_STYLE_FILL_AREA ( #1965 ) ;
#1192 = VECTOR ( 'NONE', #5764, 1000.000000000000000 ) ;
#1193 = ADVANCED_FACE ( 'NONE', ( #10982 ), #3177, .F. ) ;
#1194 = VERTEX_POINT ( 'NONE', #10100 ) ;
#1195 = ADVANCED_FACE ( 'NONE', ( #762 ), #10029, .T. ) ;
#1196 = PRESENTATION_STYLE_ASSIGNMENT (( #9826 ) ) ;
#1197 = UNCERTAINTY_MEASURE_WITH_UNIT (LENGTH_MEASURE( 1.000000000000000100E-005 ), #5040, 'distance_accuracy_value', 'NONE');
#1198 = ORIENTED_EDGE ( 'NONE', *, *, #7166, .F. ) ;
#1199 = CIRCLE ( 'NONE', #642, 0.5000000000000004400 ) ;
#1200 = DIRECTION ( 'NONE',  ( 0.0000000000000000000, 0.0000000000000000000, 1.000000000000000000 ) ) ;
#1201 = SURFACE_STYLE_FILL_AREA ( #6031 ) ;
#1202 =( NAMED_UNIT ( * ) PLANE_ANGLE_UNIT ( ) SI_UNIT ( $, .RADIAN. ) );
#1203 = SURFACE_STYLE_USAGE ( .BOTH. , #6513 ) ;
#1204 = ORIENTED_EDGE ( 'NONE', *, *, #9063, .F. ) ;
#1205 = ORIENTED_EDGE ( 'NONE', *, *, #6763, .T. ) ;
#1206 = AXIS2_PLACEMENT_3D ( 'NONE', #2349, #2317, #2300 ) ;
#1207 = CARTESIAN_POINT ( 'NONE',  ( 11.92888516960362800, 13.54102959263330200, 27.70000000000000300 ) ) ;
#1208 = EDGE_CURVE ( 'NONE', #7763, #9721, #2192, .T. ) ;
#1209 = MECHANICAL_DESIGN_GEOMETRIC_PRESENTATION_REPRESENTATION (  '', ( #11420 ), #1829 ) ;
#1210 = SURFACE_STYLE_USAGE ( .BOTH. , #6521 ) ;
#1211 = ORIENTED_EDGE ( 'NONE', *, *, #7157, .T. ) ;
#1212 = DIRECTION ( 'NONE',  ( 0.0000000000000000000, 0.0000000000000000000, 1.000000000000000000 ) ) ;
#1213 = DIRECTION ( 'NONE',  ( 0.0000000000000000000, -0.0000000000000000000, -1.000000000000000000 ) ) ;
#1214 = EDGE_LOOP ( 'NONE', ( #10414, #9808 ) ) ;
#1216 = COLOUR_RGB ( '',1.000000000000000000, 1.000000000000000000, 1.000000000000000000 ) ;
#1215 = CARTESIAN_POINT ( 'NONE',  ( 4.000000000000000000, 4.898587196589412800E-016, -1.500000000000000000 ) ) ;
#1217 = ORIENTED_EDGE ( 'NONE', *, *, #6172, .T. ) ;
#1218 = FILL_AREA_STYLE ('',( #1294 ) ) ;
#1219 = ORIENTED_EDGE ( 'NONE', *, *, #10259, .T. ) ;
#1220 = LINE ( 'NONE', #5261, #10320 ) ;
#1221 = STYLED_ITEM ( 'NONE', ( #8426 ), #1985 ) ;
#1222 =( NAMED_UNIT ( * ) PLANE_ANGLE_UNIT ( ) SI_UNIT ( $, .RADIAN. ) );
#1223 = DIRECTION ( 'NONE',  ( -0.0000000000000000000, -1.000000000000000000, -0.0000000000000000000 ) ) ;
#1224 = COLOUR_RGB ( '',0.0000000000000000000, 0.5019607843137254800, 0.2509803921568627400 ) ;
#1225 = COLOUR_RGB ( '',1.000000000000000000, 1.000000000000000000, 1.000000000000000000 ) ;
#1226 = EDGE_CURVE ( 'NONE', #4989, #4106, #2327, .T. ) ;
#1227 = CARTESIAN_POINT ( 'NONE',  ( 3.707106781186547900, 4.539896453677552900E-016, -2.000000000000000000 ) ) ;
#1228 = ORIENTED_EDGE ( 'NONE', *, *, #634, .F. ) ;
#1229 = SURFACE_STYLE_FILL_AREA ( #2440 ) ;
#1230 = CARTESIAN_POINT ( 'NONE',  ( 10.20138379592620100, 7.402767591852407000, 27.99289321881345300 ) ) ;
#1231 = DIRECTION ( 'NONE',  ( -1.000000000000000000, -9.856383386231857600E-017, -0.0000000000000000000 ) ) ;
#1232 =( NAMED_UNIT ( * ) SI_UNIT ( $, .STERADIAN. ) SOLID_ANGLE_UNIT ( ) );
#1233 = CARTESIAN_POINT ( 'NONE',  ( -11.95431717055821300, 12.41131721596995200, 27.70000000000000300 ) ) ;
#1234 = LINE ( 'NONE', #3021, #3344 ) ;
#1235 = PRESENTATION_LAYER_ASSIGNMENT (  '', '', ( #15 ) ) ;
#1236 =( BOUNDED_CURVE ( )  B_SPLINE_CURVE ( 3, ( #5400, #5389, #5358, #5319 ),
 .UNSPECIFIED., .F., .F. ) 
 B_SPLINE_CURVE_WITH_KNOTS ( ( 4, 4 ),
 ( 0.0000000000000000000, 1.000000000000000000 ),
 .UNSPECIFIED. ) 
 CURVE ( )  GEOMETRIC_REPRESENTATION_ITEM ( )  RATIONAL_B_SPLINE_CURVE ( ( 1.000000000000000000, 0.8047378541243650500, 0.8047378541243650500, 1.000000000000000000 ) ) 
 REPRESENTATION_ITEM ( '' )  );
#1237 = ORIENTED_EDGE ( 'NONE', *, *, #123, .T. ) ;
#1238 = PRESENTATION_STYLE_ASSIGNMENT (( #5412 ) ) ;
#1239 = CIRCLE ( 'NONE', #2646, 2.500000000000000000 ) ;
#1240 = AXIS2_PLACEMENT_3D ( 'NONE', #2035, #8206, #2957 ) ;
#1241 = CARTESIAN_POINT ( 'NONE',  ( 0.0000000000000000000, 0.0000000000000000000, 27.69999999999999900 ) ) ;
#1242 = DIRECTION ( 'NONE',  ( 1.000000000000000000, 6.123233995736766000E-017, 0.0000000000000000000 ) ) ;
#1243 = VECTOR ( 'NONE', #9092, 1000.000000000000000 ) ;
#1244 = FACE_OUTER_BOUND ( 'NONE', #5286, .T. ) ;
#1245 = VECTOR ( 'NONE', #7891, 1000.000000000000000 ) ;
#1246 = B_SPLINE_CURVE_WITH_KNOTS ( 'NONE', 3,
 ( #7234, #6347, #8028, #1950 ),
 .UNSPECIFIED., .F., .F.,
 ( 4, 4 ),
 ( 0.0000000000000000000, 0.0001923396241061508200 ),
 .UNSPECIFIED. ) ;
#1247 = ORIENTED_EDGE ( 'NONE', *, *, #10664, .F. ) ;
#1248 = CARTESIAN_POINT ( 'NONE',  ( 0.0000000000000000000, 0.0000000000000000000, 26.20000000001709900 ) ) ;
#1249 = AXIS2_PLACEMENT_3D ( 'NONE', #5254, #11329, #9672 ) ;
#1250 = SURFACE_STYLE_USAGE ( .BOTH. , #6554 ) ;
#1251 = FILL_AREA_STYLE ('',( #3929 ) ) ;
#1252 = COLOUR_RGB ( '',1.000000000000000000, 1.000000000000000000, 1.000000000000000000 ) ;
#1253 = SURFACE_STYLE_USAGE ( .BOTH. , #6557 ) ;
#1254 = EDGE_CURVE ( 'NONE', #11413, #6664, #11342, .T. ) ;
#1255 = ADVANCED_FACE ( 'NONE', ( #6727 ), #8209, .T. ) ;
#1256 = CARTESIAN_POINT ( 'NONE',  ( 14.52295398712867100, 14.52894118582677900, 22.19999999999999600 ) ) ;
#1257 = VECTOR ( 'NONE', #798, 1000.000000000000000 ) ;
#1258 = FACE_OUTER_BOUND ( 'NONE', #606, .T. ) ;
#1259 = ORIENTED_EDGE ( 'NONE', *, *, #8903, .F. ) ;
#1260 = DIRECTION ( 'NONE',  ( 0.0000000000000000000, 0.0000000000000000000, 1.000000000000000000 ) ) ;
#1261 = AXIS2_PLACEMENT_3D ( 'NONE', #1987, #1975, #1880 ) ;
#1262 = ORIENTED_EDGE ( 'NONE', *, *, #1425, .T. ) ;
#1263 = EDGE_CURVE ( 'NONE', #8517, #622, #5894, .T. ) ;
#1264 = AXIS2_PLACEMENT_3D ( 'NONE', #7386, #2088, #8254 ) ;
#1265 = VERTEX_POINT ( 'NONE', #1273 ) ;
#1266 = PLANE ( 'NONE',  #3407 ) ;
#1267 =( GEOMETRIC_REPRESENTATION_CONTEXT ( 3 ) GLOBAL_UNCERTAINTY_ASSIGNED_CONTEXT ( ( #9895 ) ) GLOBAL_UNIT_ASSIGNED_CONTEXT ( ( #6584, #1284, #7497 ) ) REPRESENTATION_CONTEXT ( 'NONE', 'WORKASPACE' ) );
#1268 = FILL_AREA_STYLE_COLOUR ( '', #8044 ) ;
#1269 = UNCERTAINTY_MEASURE_WITH_UNIT (LENGTH_MEASURE( 1.000000000000000100E-005 ), #2289, 'distance_accuracy_value', 'NONE');
#1270 = DIRECTION ( 'NONE',  ( 0.0000000000000000000, 0.0000000000000000000, -1.000000000000000000 ) ) ;
#1271 = DIRECTION ( 'NONE',  ( -1.000000000000000000, 0.0000000000000000000, 0.0000000000000000000 ) ) ;
#1272 = CARTESIAN_POINT ( 'NONE',  ( -13.58868278403018900, -13.54102959263320500, 26.70000000000000300 ) ) ;
#1273 = CARTESIAN_POINT ( 'NONE',  ( 17.60528299132913300, -11.44788237165359000, 5.999999999999998200 ) ) ;
#1274 = VECTOR ( 'NONE', #5746, 1000.000000000000000 ) ;
#1275 = VERTEX_POINT ( 'NONE', #6569 ) ;
#1276 = STYLED_ITEM ( 'NONE', ( #10092 ), #122 ) ;
#1277 = DIRECTION ( 'NONE',  ( 0.0000000000000000000, -1.000000000000000000, 0.0000000000000000000 ) ) ;
#1278 = EDGE_CURVE ( 'NONE', #4763, #747, #5643, .T. ) ;
#1279 = MECHANICAL_DESIGN_GEOMETRIC_PRESENTATION_REPRESENTATION (  '', ( #8611 ), #1904 ) ;
#1280 = PRESENTATION_LAYER_ASSIGNMENT (  '', '', ( #58 ) ) ;
#1281 =( NAMED_UNIT ( * ) PLANE_ANGLE_UNIT ( ) SI_UNIT ( $, .RADIAN. ) );
#1282 = VERTEX_POINT ( 'NONE', #6434 ) ;
#1283 = DIRECTION ( 'NONE',  ( -0.0000000000000000000, -0.0000000000000000000, -1.000000000000000000 ) ) ;
#1284 =( NAMED_UNIT ( * ) PLANE_ANGLE_UNIT ( ) SI_UNIT ( $, .RADIAN. ) );
#1285 =( LENGTH_UNIT ( ) NAMED_UNIT ( * ) SI_UNIT ( .MILLI., .METRE. ) );
#1286 =( GEOMETRIC_REPRESENTATION_CONTEXT ( 3 ) GLOBAL_UNCERTAINTY_ASSIGNED_CONTEXT ( ( #6987 ) ) GLOBAL_UNIT_ASSIGNED_CONTEXT ( ( #200, #157, #118 ) ) REPRESENTATION_CONTEXT ( 'NONE', 'WORKASPACE' ) );
#1287 = CARTESIAN_POINT ( 'NONE',  ( 14.37408074114595600, -13.58868278403014400, 27.65553645166688000 ) ) ;
#1288 = AXIS2_PLACEMENT_3D ( 'NONE', #11217, #6012, #692 ) ;
#1289 = LINE ( 'NONE', #5717, #5995 ) ;
#1290 = CARTESIAN_POINT ( 'NONE',  ( 1.102823950784878000, -35.60000000000000100, 23.70506691744403900 ) ) ;
#1291 = CARTESIAN_POINT ( 'NONE',  ( 17.39289321881345500, 13.60000000000000100, 4.516154061397947200E-016 ) ) ;
#1292 = PRESENTATION_STYLE_ASSIGNMENT (( #7639 ) ) ;
#1293 = EDGE_CURVE ( 'NONE', #7577, #8740, #10290, .T. ) ;
#1294 = FILL_AREA_STYLE_COLOUR ( '', #1645 ) ;
#1295 = FILL_AREA_STYLE_COLOUR ( '', #237 ) ;
#1296 = CARTESIAN_POINT ( 'NONE',  ( -10.79289321881344700, -21.58578643762690400, -2.000000000000000000 ) ) ;
#1297 =( GEOMETRIC_REPRESENTATION_CONTEXT ( 3 ) GLOBAL_UNCERTAINTY_ASSIGNED_CONTEXT ( ( #8751 ) ) GLOBAL_UNIT_ASSIGNED_CONTEXT ( ( #802, #7022, #1731 ) ) REPRESENTATION_CONTEXT ( 'NONE', 'WORKASPACE' ) );
#1298 = EDGE_CURVE ( 'NONE', #6530, #4418, #903, .T. ) ;
#1299 =( NAMED_UNIT ( * ) SI_UNIT ( $, .STERADIAN. ) SOLID_ANGLE_UNIT ( ) );
#1300 = DIRECTION ( 'NONE',  ( 1.000000000000000000, 0.0000000000000000000, -0.0000000000000000000 ) ) ;
#1301 = EDGE_LOOP ( 'NONE', ( #224, #906, #8406, #7517, #4677, #11387, #9002, #5028 ) ) ;
#1302 = CARTESIAN_POINT ( 'NONE',  ( 11.73714950768867000, 13.18045141898356800, 27.69802295345158800 ) ) ;
#1303 = FILL_AREA_STYLE_COLOUR ( '', #3802 ) ;
#1304 =( NAMED_UNIT ( * ) PLANE_ANGLE_UNIT ( ) SI_UNIT ( $, .RADIAN. ) );
#1305 = CARTESIAN_POINT ( 'NONE',  ( -11.84284448084454400, 12.41131721596995500, 27.70000000000000300 ) ) ;
#1306 = SURFACE_STYLE_FILL_AREA ( #6426 ) ;
#1307 = ORIENTED_EDGE ( 'NONE', *, *, #2145, .F. ) ;
#1308 =( NAMED_UNIT ( * ) SI_UNIT ( $, .STERADIAN. ) SOLID_ANGLE_UNIT ( ) );
#1309 = ORIENTED_EDGE ( 'NONE', *, *, #1766, .T. ) ;
#1310 = CIRCLE ( 'NONE', #7021, 0.5000000000000004400 ) ;
#1311 = ADVANCED_FACE ( 'NONE', ( #7689 ), #6505, .F. ) ;
#1312 = ORIENTED_EDGE ( 'NONE', *, *, #10576, .T. ) ;
#1313 = B_SPLINE_CURVE_WITH_KNOTS ( 'NONE', 3,
 ( #5117, #10353, #6867, #1570 ),
 .UNSPECIFIED., .F., .F.,
 ( 4, 4 ),
 ( 1.734723475976807100E-018, 0.0001923396241081501200 ),
 .UNSPECIFIED. ) ;
#1314 = ORIENTED_EDGE ( 'NONE', *, *, #7730, .T. ) ;
#1315 = LINE ( 'NONE', #6120, #6022 ) ;
#1316 = MECHANICAL_DESIGN_GEOMETRIC_PRESENTATION_REPRESENTATION (  '', ( #10979 ), #1946 ) ;
#1317 =( LENGTH_UNIT ( ) NAMED_UNIT ( * ) SI_UNIT ( .MILLI., .METRE. ) );
#1318 = CARTESIAN_POINT ( 'NONE',  ( 1.102823950784874900, -15.60000000000000300, 25.26754627946477800 ) ) ;
#1319 = ORIENTED_EDGE ( 'NONE', *, *, #7128, .F. ) ;
#1320 = ORIENTED_EDGE ( 'NONE', *, *, #4871, .T. ) ;
#1321 = VECTOR ( 'NONE', #9773, 1000.000000000000000 ) ;
#1322 = AXIS2_PLACEMENT_3D ( 'NONE', #3506, #9637, #4380 ) ;
#1323 = CARTESIAN_POINT ( 'NONE',  ( 14.07111483039631700, 12.45897040736660000, 27.70000000000000300 ) ) ;
#1324 = VERTEX_POINT ( 'NONE', #4813 ) ;
#1325 = CARTESIAN_POINT ( 'NONE',  ( 14.52295398712867100, -14.52894118582677900, 20.19999999999999900 ) ) ;
#1326 = VECTOR ( 'NONE', #2529, 1000.000000000000000 ) ;
#1327 = DIRECTION ( 'NONE',  ( -0.0000000000000000000, -0.0000000000000000000, -1.000000000000000000 ) ) ;
#1328 = VERTEX_POINT ( 'NONE', #4778 ) ;
#1329 = UNCERTAINTY_MEASURE_WITH_UNIT (LENGTH_MEASURE( 1.000000000000000100E-005 ), #8427, 'distance_accuracy_value', 'NONE');
#1330 =( NAMED_UNIT ( * ) SI_UNIT ( $, .STERADIAN. ) SOLID_ANGLE_UNIT ( ) );
#1331 = CARTESIAN_POINT ( 'NONE',  ( 13.60000000000000500, -17.10000000000000100, 3.252606517456513300E-016 ) ) ;
#1332 = STYLED_ITEM ( 'NONE', ( #6782 ), #7041 ) ;
#1333 = DIRECTION ( 'NONE',  ( -1.000000000000000000, 0.0000000000000000000, 0.0000000000000000000 ) ) ;
#1334 = SURFACE_STYLE_USAGE ( .BOTH. , #10931 ) ;
#1335 = LINE ( 'NONE', #8813, #6045 ) ;
#1336 = EDGE_CURVE ( 'NONE', #10970, #10179, #9819, .T. ) ;
#1337 = VERTEX_POINT ( 'NONE', #4634 ) ;
#1338 =( NAMED_UNIT ( * ) SI_UNIT ( $, .STERADIAN. ) SOLID_ANGLE_UNIT ( ) );
#1339 = CARTESIAN_POINT ( 'NONE',  ( -11.00000000000000000, 1.347111479062088400E-015, -0.5000000000000001100 ) ) ;
#1340 = FILL_AREA_STYLE ('',( #8385 ) ) ;
#1341 =( LENGTH_UNIT ( ) NAMED_UNIT ( * ) SI_UNIT ( .MILLI., .METRE. ) );
#1342 = CARTESIAN_POINT ( 'NONE',  ( 14.78578643762744200, -12.99999999999999500, 27.70000000000000600 ) ) ;
#1343 = CARTESIAN_POINT ( 'NONE',  ( 11.62591925885385400, -13.58868278403012800, 27.65553645166642100 ) ) ;
#1344 =( GEOMETRIC_REPRESENTATION_CONTEXT ( 3 ) GLOBAL_UNCERTAINTY_ASSIGNED_CONTEXT ( ( #7559 ) ) GLOBAL_UNIT_ASSIGNED_CONTEXT ( ( #1114, #1101, #1075 ) ) REPRESENTATION_CONTEXT ( 'NONE', 'WORKASPACE' ) );
#1345 = ORIENTED_EDGE ( 'NONE', *, *, #8281, .T. ) ;
#1346 = SURFACE_STYLE_FILL_AREA ( #6273 ) ;
#1347 = PRESENTATION_LAYER_ASSIGNMENT (  '', '', ( #131 ) ) ;
#1348 = DIRECTION ( 'NONE',  ( 0.0000000000000000000, 0.0000000000000000000, 1.000000000000000000 ) ) ;
#1349 = EDGE_LOOP ( 'NONE', ( #6878, #10554, #3940, #3146 ) ) ;
#1350 = ORIENTED_EDGE ( 'NONE', *, *, #3229, .T. ) ;
#1351 = EDGE_LOOP ( 'NONE', ( #1204, #10562, #9008, #3073 ) ) ;
#1352 = PRESENTATION_STYLE_ASSIGNMENT (( #4619 ) ) ;
#1353 =( NAMED_UNIT ( * ) PLANE_ANGLE_UNIT ( ) SI_UNIT ( $, .RADIAN. ) );
#1354 = SURFACE_STYLE_FILL_AREA ( #6758 ) ;
#1355 = PRESENTATION_LAYER_ASSIGNMENT (  '', '', ( #138 ) ) ;
#1356 = DIRECTION ( 'NONE',  ( -0.0000000000000000000, -0.0000000000000000000, -1.000000000000000000 ) ) ;
#1357 =( GEOMETRIC_REPRESENTATION_CONTEXT ( 3 ) GLOBAL_UNCERTAINTY_ASSIGNED_CONTEXT ( ( #9445 ) ) GLOBAL_UNIT_ASSIGNED_CONTEXT ( ( #9948, #4702, #10824 ) ) REPRESENTATION_CONTEXT ( 'NONE', 'WORKASPACE' ) );
#1358 = SURFACE_SIDE_STYLE ('',( #5812 ) ) ;
#1359 = SURFACE_STYLE_FILL_AREA ( #1218 ) ;
#1360 =( NAMED_UNIT ( * ) SI_UNIT ( $, .STERADIAN. ) SOLID_ANGLE_UNIT ( ) );
#1361 = FACE_OUTER_BOUND ( 'NONE', #11038, .T. ) ;
#1362 = ORIENTED_EDGE ( 'NONE', *, *, #9533, .F. ) ;
#1363 = DIRECTION ( 'NONE',  ( -0.0000000000000000000, -0.0000000000000000000, -1.000000000000000000 ) ) ;
#1364 = CARTESIAN_POINT ( 'NONE',  ( 11.95431717056041200, -12.41131721597003200, 27.70000000000000300 ) ) ;
#1365 = LINE ( 'NONE', #1536, #6081 ) ;
#1366 =( LENGTH_UNIT ( ) NAMED_UNIT ( * ) SI_UNIT ( .MILLI., .METRE. ) );
#1367 = STYLED_ITEM ( 'NONE', ( #4860 ), #3859 ) ;
#1368 = CARTESIAN_POINT ( 'NONE',  ( -14.37408074114605400, 12.99999999999927000, 27.68473138244006300 ) ) ;
#1369 = LINE ( 'NONE', #11084, #1087 ) ;
#1370 = EDGE_CURVE ( 'NONE', #595, #4502, #7753, .T. ) ;
#1371 = SURFACE_STYLE_FILL_AREA ( #5210 ) ;
#1372 =( LENGTH_UNIT ( ) NAMED_UNIT ( * ) SI_UNIT ( .MILLI., .METRE. ) );
#1373 = PLANE ( 'NONE',  #7873 ) ;
#1374 = B_SPLINE_CURVE_WITH_KNOTS ( 'NONE', 3,
 ( #4650, #5240, #6287, #6251 ),
 .UNSPECIFIED., .F., .F.,
 ( 4, 4 ),
 ( 0.0000000000000000000, 0.0001923396241080518900 ),
 .UNSPECIFIED. ) ;
#1375 = VECTOR ( 'NONE', #3145, 1000.000000000000000 ) ;
#1376 = SURFACE_SIDE_STYLE ('',( #9858 ) ) ;
#1377 =( LENGTH_UNIT ( ) NAMED_UNIT ( * ) SI_UNIT ( .MILLI., .METRE. ) );
#1378 = CARTESIAN_POINT ( 'NONE',  ( -17.09999999999999800, -13.60000000000000100, 28.19999999999999900 ) ) ;
#1379 = DIRECTION ( 'NONE',  ( 0.0000000000000000000, 0.0000000000000000000, 1.000000000000000000 ) ) ;
#1380 = LINE ( 'NONE', #9548, #5813 ) ;
#1381 = COLOUR_RGB ( '',1.000000000000000000, 1.000000000000000000, 1.000000000000000000 ) ;
#1382 = ORIENTED_EDGE ( 'NONE', *, *, #5372, .F. ) ;
#1383 = COLOUR_RGB ( '',1.000000000000000000, 1.000000000000000000, 1.000000000000000000 ) ;
#1384 = AXIS2_PLACEMENT_3D ( 'NONE', #10245, #5001, #11091 ) ;
#1385 = SURFACE_STYLE_USAGE ( .BOTH. , #6683 ) ;
#1386 = FACE_OUTER_BOUND ( 'NONE', #2772, .T. ) ;
#1387 = LINE ( 'NONE', #9821, #3501 ) ;
#1388 = ORIENTED_EDGE ( 'NONE', *, *, #369, .F. ) ;
#1389 = STYLED_ITEM ( 'NONE', ( #7493 ), #8342 ) ;
#1390 = PRESENTATION_STYLE_ASSIGNMENT (( #6642 ) ) ;
#1391 = SURFACE_STYLE_USAGE ( .BOTH. , #1404 ) ;
#1392 = SURFACE_STYLE_FILL_AREA ( #2543 ) ;
#1393 = ORIENTED_EDGE ( 'NONE', *, *, #6292, .F. ) ;
#1394 = EDGE_LOOP ( 'NONE', ( #5934, #5911, #9296, #9031, #5382, #6333, #3341, #5832, #593, #3851, #5873, #3659 ) ) ;
#1395 = FILL_AREA_STYLE ('',( #10189 ) ) ;
#1396 = CARTESIAN_POINT ( 'NONE',  ( 10.49999999999999800, 1.298125607096194400E-015, -2.000000000000000000 ) ) ;
#1397 = CYLINDRICAL_SURFACE ( 'NONE', #3509, 0.4726131969088088700 ) ;
#1398 = CARTESIAN_POINT ( 'NONE',  ( 12.41131721596999800, 14.37408074114600300, 27.65553645166674100 ) ) ;
#1399 = FACE_OUTER_BOUND ( 'NONE', #5962, .T. ) ;
#1400 = EDGE_LOOP ( 'NONE', ( #5491, #9623, #6328, #10508 ) ) ;
#1401 = PRESENTATION_LAYER_ASSIGNMENT (  '', '', ( #788 ) ) ;
#1402 = EDGE_LOOP ( 'NONE', ( #10376, #9677, #203, #6224, #9726, #10966, #3657, #8848, #132, #9896, #6955, #2194 ) ) ;
#1403 = ORIENTED_EDGE ( 'NONE', *, *, #10529, .F. ) ;
#1404 = SURFACE_SIDE_STYLE ('',( #970 ) ) ;
#1405 = EDGE_CURVE ( 'NONE', #1856, #3063, #5143, .T. ) ;
#1406 =( BOUNDED_CURVE ( )  B_SPLINE_CURVE ( 3, ( #4394, #8779, #6170, #839 ),
 .UNSPECIFIED., .F., .T. ) 
 B_SPLINE_CURVE_WITH_KNOTS ( ( 4, 4 ),
 ( 0.0000000000000000000, 1.000000000000000000 ),
 .UNSPECIFIED. ) 
 CURVE ( )  GEOMETRIC_REPRESENTATION_ITEM ( )  RATIONAL_B_SPLINE_CURVE ( ( 1.000000000000000000, 0.3333333333333333700, 0.3333333333333333700, 1.000000000000000000 ) ) 
 REPRESENTATION_ITEM ( '' )  );
#1407 = CARTESIAN_POINT ( 'NONE',  ( -17.09999999999999800, -15.65025253169417000, 28.19999999999999900 ) ) ;
#1408 = DIRECTION ( 'NONE',  ( 0.0000000000000000000, -1.000000000000000000, 0.0000000000000000000 ) ) ;
#1409 =( GEOMETRIC_REPRESENTATION_CONTEXT ( 3 ) GLOBAL_UNCERTAINTY_ASSIGNED_CONTEXT ( ( #4180 ) ) GLOBAL_UNIT_ASSIGNED_CONTEXT ( ( #1169, #6417, #3564 ) ) REPRESENTATION_CONTEXT ( 'NONE', 'WORKASPACE' ) );
#1410 = AXIS2_PLACEMENT_3D ( 'NONE', #7363, #2073, #8232 ) ;
#1411 = FILL_AREA_STYLE ('',( #11056 ) ) ;
#1412 = VERTEX_POINT ( 'NONE', #3102 ) ;
#1413 = AXIS2_PLACEMENT_3D ( 'NONE', #6174, #10530, #6219 ) ;
#1414 = CARTESIAN_POINT ( 'NONE',  ( 14.26285049231142400, 13.36088499248673700, 27.69729446702147500 ) ) ;
#1415 = CARTESIAN_POINT ( 'NONE',  ( -9.701383795925416100, 12.99999999999927200, 28.19999999999999900 ) ) ;
#1416 = DIRECTION ( 'NONE',  ( 0.0000000000000000000, 0.0000000000000000000, 1.000000000000000000 ) ) ;
#1417 = CARTESIAN_POINT ( 'NONE',  ( 15.20000000000022300, 8.599999999999308600, 27.28578643762690700 ) ) ;
#1418 = FILL_AREA_STYLE ('',( #6714 ) ) ;
#1419 = CARTESIAN_POINT ( 'NONE',  ( -14.37408074114605400, 12.60684899628359400, 27.67929840550068800 ) ) ;
#1420 = CARTESIAN_POINT ( 'NONE',  ( 3.500000000000000900, -6.999999999999998200, 27.99289321881345000 ) ) ;
#1421 = VECTOR ( 'NONE', #7698, 1000.000000000000000 ) ;
#1422 = PRESENTATION_STYLE_ASSIGNMENT (( #1741 ) ) ;
#1423 = CARTESIAN_POINT ( 'NONE',  ( 0.2541503961281383300, -4.000033697751010000, -2.000000000000000400 ) ) ;
#1424 = FILL_AREA_STYLE ('',( #1465 ) ) ;
#1425 = EDGE_CURVE ( 'NONE', #9535, #3821, #385, .T. ) ;
#1426 = MECHANICAL_DESIGN_GEOMETRIC_PRESENTATION_REPRESENTATION (  '', ( #215 ), #2055 ) ;
#1427 = PRESENTATION_LAYER_ASSIGNMENT (  '', '', ( #2057 ) ) ;
#1428 = PRESENTATION_STYLE_ASSIGNMENT (( #6502 ) ) ;
#1429 = SURFACE_SIDE_STYLE ('',( #392 ) ) ;
#1430 =( NAMED_UNIT ( * ) SI_UNIT ( $, .STERADIAN. ) SOLID_ANGLE_UNIT ( ) );
#1431 = ORIENTED_EDGE ( 'NONE', *, *, #8889, .F. ) ;
#1432 = CYLINDRICAL_SURFACE ( 'NONE', #7622, 3.500000000000000000 ) ;
#1433 = CARTESIAN_POINT ( 'NONE',  ( 9.701383795926204800, 19.59723240814758300, 28.20000000000000300 ) ) ;
#1434 = ORIENTED_EDGE ( 'NONE', *, *, #7780, .T. ) ;
#1435 = CARTESIAN_POINT ( 'NONE',  ( 13.54102959263324700, -14.26285049231146700, 26.70000000000000300 ) ) ;
#1436 = DIRECTION ( 'NONE',  ( 0.0000000000000000000, -0.0000000000000000000, 1.000000000000000000 ) ) ;
#1437 = DIRECTION ( 'NONE',  ( 0.0000000000000000000, 0.0000000000000000000, -1.000000000000000000 ) ) ;
#1438 = DIRECTION ( 'NONE',  ( -1.000000000000000000, 0.0000000000000000000, 0.0000000000000000000 ) ) ;
#1439 = PRESENTATION_STYLE_ASSIGNMENT (( #957 ) ) ;
#1440 = EDGE_CURVE ( 'NONE', #5973, #7783, #2832, .T. ) ;
#1441 = VERTEX_POINT ( 'NONE', #3950 ) ;
#1442 =( LENGTH_UNIT ( ) NAMED_UNIT ( * ) SI_UNIT ( .MILLI., .METRE. ) );
#1443 = VECTOR ( 'NONE', #6282, 1000.000000000000000 ) ;
#1444 = EDGE_LOOP ( 'NONE', ( #9828, #11077, #5375, #62, #8729, #8508, #8686, #2909, #808, #4752, #8907, #5161 ) ) ;
#1445 = SURFACE_SIDE_STYLE ('',( #10388 ) ) ;
#1446 = STYLED_ITEM ( 'NONE', ( #9050 ), #4594 ) ;
#1447 = EDGE_LOOP ( 'NONE', ( #11023, #6346 ) ) ;
#1448 = DIRECTION ( 'NONE',  ( 1.000000000000000000, 0.0000000000000000000, 0.0000000000000000000 ) ) ;
#1449 = SURFACE_SIDE_STYLE ('',( #818 ) ) ;
#1450 = EDGE_LOOP ( 'NONE', ( #3047, #6709, #3884 ) ) ;
#1451 = SURFACE_SIDE_STYLE ('',( #523 ) ) ;
#1452 = FILL_AREA_STYLE_COLOUR ( '', #6145 ) ;
#1453 = PLANE ( 'NONE',  #3688 ) ;
#1454 = CARTESIAN_POINT ( 'NONE',  ( -13.59999999999999800, -17.10000000000000100, 28.19999999999999900 ) ) ;
#1455 = VERTEX_POINT ( 'NONE', #2768 ) ;
#1456 = LINE ( 'NONE', #9538, #6188 ) ;
#1457 = CARTESIAN_POINT ( 'NONE',  ( -14.26285049231150600, -12.81954858101716600, 27.69802295345156300 ) ) ;
#1458 = UNCERTAINTY_MEASURE_WITH_UNIT (LENGTH_MEASURE( 1.000000000000000100E-005 ), #3417, 'distance_accuracy_value', 'NONE');
#1459 = ORIENTED_EDGE ( 'NONE', *, *, #6589, .T. ) ;
#1460 =( GEOMETRIC_REPRESENTATION_CONTEXT ( 3 ) GLOBAL_UNCERTAINTY_ASSIGNED_CONTEXT ( ( #9396 ) ) GLOBAL_UNIT_ASSIGNED_CONTEXT ( ( #8002, #2764, #8878 ) ) REPRESENTATION_CONTEXT ( 'NONE', 'WORKASPACE' ) );
#1461 = ORIENTED_EDGE ( 'NONE', *, *, #5474, .T. ) ;
#1462 = DIRECTION ( 'NONE',  ( 0.0000000000000000000, -0.0000000000000000000, 1.000000000000000000 ) ) ;
#1463 = CARTESIAN_POINT ( 'NONE',  ( 2.633391210095832300, -3.023410535225877500, -1.999999999999999600 ) ) ;
#1464 = FACE_OUTER_BOUND ( 'NONE', #3216, .T. ) ;
#1465 = FILL_AREA_STYLE_COLOUR ( '', #3362 ) ;
#1466 = PRESENTATION_LAYER_ASSIGNMENT (  '', '', ( #2090 ) ) ;
#1467 = SURFACE_STYLE_USAGE ( .BOTH. , #6768 ) ;
#1468 = CARTESIAN_POINT ( 'NONE',  ( 15.20000000000053900, -12.99999999999999800, 27.28578643762690700 ) ) ;
#1469 = EDGE_LOOP ( 'NONE', ( #1129, #8901, #8825, #3454, #8790, #6761, #10839, #7938, #6944, #7402, #10161, #11411 ) ) ;
#1470 = B_SPLINE_CURVE_WITH_KNOTS ( 'NONE', 3,
 ( #10935, #1302, #4012, #10130 ),
 .UNSPECIFIED., .F., .F.,
 ( 4, 4 ),
 ( -1.613292832658430600E-016, 0.0005411919004455928700 ),
 .UNSPECIFIED. ) ;
#1471 = FILL_AREA_STYLE_COLOUR ( '', #7567 ) ;
#1472 = CARTESIAN_POINT ( 'NONE',  ( -1.500000000000000400, 2.000000000000000000, -9.000000000000003600 ) ) ;
#1473 = LINE ( 'NONE', #293, #3596 ) ;
#1474 = COLOUR_RGB ( '',1.000000000000000000, 1.000000000000000000, 1.000000000000000000 ) ;
#1475 = STYLED_ITEM ( 'NONE', ( #2198 ), #3050 ) ;
#1476 = CYLINDRICAL_SURFACE ( 'NONE', #9057, 2.500000000000000000 ) ;
#1477 = CARTESIAN_POINT ( 'NONE',  ( -15.82182540694797400, 17.39289321881344500, 4.516154061397947200E-016 ) ) ;
#1478 = ORIENTED_EDGE ( 'NONE', *, *, #3557, .F. ) ;
#1479 = VERTEX_POINT ( 'NONE', #2842 ) ;
#1480 = PLANE ( 'NONE',  #3170 ) ;
#1481 = CARTESIAN_POINT ( 'NONE',  ( 15.82182540694798500, -17.39289321881345500, 4.516154061397947200E-016 ) ) ;
#1482 = CARTESIAN_POINT ( 'NONE',  ( 17.60000000000000500, -13.60000000000000100, 27.69999999999999900 ) ) ;
#1483 = VERTEX_POINT ( 'NONE', #6606 ) ;
#1484 = CARTESIAN_POINT ( 'NONE',  ( 3.862502089580593300, 1.054536295030777100, -2.000000000000000000 ) ) ;
#1485 = EDGE_CURVE ( 'NONE', #9093, #738, #5418, .T. ) ;
#1486 = SURFACE_STYLE_USAGE ( .BOTH. , #6791 ) ;
#1487 = SURFACE_STYLE_USAGE ( .BOTH. , #6792 ) ;
#1488 = CARTESIAN_POINT ( 'NONE',  ( -10.20138379592541800, 12.99999999999927200, 27.99289321881345000 ) ) ;
#1489 = ORIENTED_EDGE ( 'NONE', *, *, #6133, .F. ) ;
#1490 = DIRECTION ( 'NONE',  ( -1.000000000000000000, 4.164746616276587900E-015, 0.0000000000000000000 ) ) ;
#1491 =( LENGTH_UNIT ( ) NAMED_UNIT ( * ) SI_UNIT ( .MILLI., .METRE. ) );
#1492 = CARTESIAN_POINT ( 'NONE',  ( 13.58868278403010000, 14.37408074114600300, 27.65553645166672700 ) ) ;
#1493 = EDGE_LOOP ( 'NONE', ( #6575, #399 ) ) ;
#1494 = DIRECTION ( 'NONE',  ( 0.0000000000000000000, -0.0000000000000000000, -1.000000000000000000 ) ) ;
#1495 =( LENGTH_UNIT ( ) NAMED_UNIT ( * ) SI_UNIT ( .MILLI., .METRE. ) );
#1496 = ORIENTED_EDGE ( 'NONE', *, *, #6292, .T. ) ;
#1497 = CARTESIAN_POINT ( 'NONE',  ( -3.707106781186547500, 7.414213562373094000, -2.000000000000000000 ) ) ;
#1498 = VECTOR ( 'NONE', #5220, 999.9999999999998900 ) ;
#1499 = EDGE_CURVE ( 'NONE', #421, #5889, #4808, .T. ) ;
#1500 =( LENGTH_UNIT ( ) NAMED_UNIT ( * ) SI_UNIT ( .MILLI., .METRE. ) );
#1501 = EDGE_CURVE ( 'NONE', #7381, #8517, #7218, .T. ) ;
#1502 = FACE_OUTER_BOUND ( 'NONE', #6130, .T. ) ;
#1503 = VECTOR ( 'NONE', #2946, 1000.000000000000000 ) ;
#1504 = LINE ( 'NONE', #2324, #10614 ) ;
#1505 = DIRECTION ( 'NONE',  ( -0.0000000000000000000, -0.0000000000000000000, -1.000000000000000000 ) ) ;
#1506 = FACE_OUTER_BOUND ( 'NONE', #5386, .T. ) ;
#1507 = CARTESIAN_POINT ( 'NONE',  ( 12.45897040736655400, -14.26285049231145600, 27.68476953867917300 ) ) ;
#1508 = CARTESIAN_POINT ( 'NONE',  ( 13.39245518935340900, 14.37408074114599700, 27.67938296417809200 ) ) ;
#1509 = AXIS2_PLACEMENT_3D ( 'NONE', #9154, #9118, #9080 ) ;
#1510 = CARTESIAN_POINT ( 'NONE',  ( -13.59999999999999800, 13.59999999999999800, 8.000000000000000000 ) ) ;
#1511 = EDGE_CURVE ( 'NONE', #1479, #4368, #4863, .T. ) ;
#1512 = ORIENTED_EDGE ( 'NONE', *, *, #7886, .F. ) ;
#1513 = CARTESIAN_POINT ( 'NONE',  ( -2.500000000000000000, 3.061616997868383100E-016, 1.000000000000000900 ) ) ;
#1514 = VECTOR ( 'NONE', #938, 1000.000000000000000 ) ;
#1515 = CARTESIAN_POINT ( 'NONE',  ( 9.701383795926203000, 19.59723240814758300, 28.20000000000000300 ) ) ;
#1516 = FILL_AREA_STYLE_COLOUR ( '', #3536 ) ;
#1517 = CARTESIAN_POINT ( 'NONE',  ( 12.63931360491100100, -14.26285049231145900, 27.69730827491896400 ) ) ;
#1518 =( GEOMETRIC_REPRESENTATION_CONTEXT ( 3 ) GLOBAL_UNCERTAINTY_ASSIGNED_CONTEXT ( ( #9507 ) ) GLOBAL_UNIT_ASSIGNED_CONTEXT ( ( #5819, #479, #6695 ) ) REPRESENTATION_CONTEXT ( 'NONE', 'WORKASPACE' ) );
#1519 = CARTESIAN_POINT ( 'NONE',  ( 0.0000000000000000000, 0.0000000000000000000, 25.19999999999999900 ) ) ;
#1520 = ADVANCED_FACE ( 'NONE', ( #9258 ), #2182, .T. ) ;
#1521 = EDGE_CURVE ( 'NONE', #1773, #10693, #6102, .T. ) ;
#1522 = UNCERTAINTY_MEASURE_WITH_UNIT (LENGTH_MEASURE( 1.000000000000000100E-005 ), #9590, 'distance_accuracy_value', 'NONE');
#1523 = CARTESIAN_POINT ( 'NONE',  ( 12.41131721596999800, 14.37408074114600300, 27.65553645166674100 ) ) ;
#1524 = COLOUR_RGB ( '',1.000000000000000000, 1.000000000000000000, 1.000000000000000000 ) ;
#1525 = CARTESIAN_POINT ( 'NONE',  ( -12.41131721597009900, -14.04568282944231300, 27.70000000000000300 ) ) ;
#1526 = CARTESIAN_POINT ( 'NONE',  ( 13.54102959263324700, -14.26285049231146700, 27.68476953867928000 ) ) ;
#1527 = SURFACE_STYLE_USAGE ( .BOTH. , #6822 ) ;
#1528 = PRESENTATION_STYLE_ASSIGNMENT (( #7406 ) ) ;
#1529 = DIRECTION ( 'NONE',  ( 0.0000000000000000000, 0.0000000000000000000, 1.000000000000000000 ) ) ;
#1530 = SURFACE_STYLE_USAGE ( .BOTH. , #6825 ) ;
#1531 = DIRECTION ( 'NONE',  ( 0.0000000000000000000, 0.0000000000000000000, 1.000000000000000000 ) ) ;
#1532 = CARTESIAN_POINT ( 'NONE',  ( 13.00000000000006400, 14.37408074114601000, 27.69007980070177400 ) ) ;
#1533 = CARTESIAN_POINT ( 'NONE',  ( -14.20000000000010900, -10.59999999999937600, 27.70000000000000300 ) ) ;
#1534 =( NAMED_UNIT ( * ) PLANE_ANGLE_UNIT ( ) SI_UNIT ( $, .RADIAN. ) );
#1535 = VECTOR ( 'NONE', #2602, 1000.000000000000000 ) ;
#1536 = CARTESIAN_POINT ( 'NONE',  ( 12.41131721596999400, 11.62591925885390000, 26.70000000000000300 ) ) ;
#1537 = LINE ( 'NONE', #8350, #10355 ) ;
#1538 = ORIENTED_EDGE ( 'NONE', *, *, #6676, .F. ) ;
#1539 = MECHANICAL_DESIGN_GEOMETRIC_PRESENTATION_REPRESENTATION (  '', ( #11159 ), #2158 ) ;
#1540 = ORIENTED_EDGE ( 'NONE', *, *, #6123, .T. ) ;
#1541 = MECHANICAL_DESIGN_GEOMETRIC_PRESENTATION_REPRESENTATION (  '', ( #10464 ), #2159 ) ;
#1542 = EDGE_LOOP ( 'NONE', ( #6572, #9321, #9186 ) ) ;
#1543 = CARTESIAN_POINT ( 'NONE',  ( -15.20000000000078300, 12.99999999999927200, 26.70000000000000300 ) ) ;
#1544 = FACE_BOUND ( 'NONE', #3408, .T. ) ;
#1545 = CIRCLE ( 'NONE', #3825, 4.000000000000000000 ) ;
#1546 = CARTESIAN_POINT ( 'NONE',  ( 12.45897040736655700, -13.58868278403013000, 27.69999999999999900 ) ) ;
#1547 = DIRECTION ( 'NONE',  ( -1.000000000000000000, 0.0000000000000000000, -0.0000000000000000000 ) ) ;
#1548 = FILL_AREA_STYLE ('',( #3330 ) ) ;
#1549 = UNCERTAINTY_MEASURE_WITH_UNIT (LENGTH_MEASURE( 1.000000000000000100E-005 ), #9217, 'distance_accuracy_value', 'NONE');
#1550 = MECHANICAL_DESIGN_GEOMETRIC_PRESENTATION_REPRESENTATION (  '', ( #333 ), #2173 ) ;
#1551 = CARTESIAN_POINT ( 'NONE',  ( 15.79861620407379200, 18.59723240814758000, 27.70000000000000300 ) ) ;
#1552 =( NAMED_UNIT ( * ) SI_UNIT ( $, .STERADIAN. ) SOLID_ANGLE_UNIT ( ) );
#1553 = CARTESIAN_POINT ( 'NONE',  ( 13.36068639508879500, -14.26285049231146700, 27.69730827491898900 ) ) ;
#1554 = ORIENTED_EDGE ( 'NONE', *, *, #10749, .F. ) ;
#1555 = EDGE_CURVE ( 'NONE', #6860, #438, #10764, .T. ) ;
#1556 = CARTESIAN_POINT ( 'NONE',  ( 12.60754481064668100, 14.37408074114600300, 27.67938296417809200 ) ) ;
#1557 = FILL_AREA_STYLE_COLOUR ( '', #8246 ) ;
#1558 = SURFACE_STYLE_USAGE ( .BOTH. , #6858 ) ;
#1559 = CARTESIAN_POINT ( 'NONE',  ( 3.500000000000000000, 0.0000000000000000000, 26.20000000000000300 ) ) ;
#1560 = AXIS2_PLACEMENT_3D ( 'NONE', #3100, #3091, #3053 ) ;
#1561 = FACE_OUTER_BOUND ( 'NONE', #5368, .T. ) ;
#1562 = STYLED_ITEM ( 'NONE', ( #7553 ), #9889 ) ;
#1563 =( NAMED_UNIT ( * ) SI_UNIT ( $, .STERADIAN. ) SOLID_ANGLE_UNIT ( ) );
#1564 = CARTESIAN_POINT ( 'NONE',  ( 0.0000000000000000000, -17.10000000000000100, 28.19999999999999900 ) ) ;
#1565 = CARTESIAN_POINT ( 'NONE',  ( 11.44062498292818500, -17.60999999999998900, 5.999999999999998200 ) ) ;
#1566 = DIRECTION ( 'NONE',  ( 0.0000000000000000000, -1.000000000000000000, 0.0000000000000000000 ) ) ;
#1567 = CARTESIAN_POINT ( 'NONE',  ( -15.65025253169416400, -17.10000000000000100, 28.19999999999999900 ) ) ;
#1568 = CYLINDRICAL_SURFACE ( 'NONE', #2718, 2.798616204073610900 ) ;
#1569 = CARTESIAN_POINT ( 'NONE',  ( -15.19999999999981500, -13.00000000000099800, 26.70000000000000300 ) ) ;
#1570 = CARTESIAN_POINT ( 'NONE',  ( 14.07111483039631700, 12.45897040736660000, 27.70000000000000300 ) ) ;
#1571 = SURFACE_STYLE_USAGE ( .BOTH. , #6868 ) ;
#1572 = DIRECTION ( 'NONE',  ( 0.0000000000000000000, 1.000000000000000000, 0.0000000000000000000 ) ) ;
#1573 =( GEOMETRIC_REPRESENTATION_CONTEXT ( 3 ) GLOBAL_UNCERTAINTY_ASSIGNED_CONTEXT ( ( #6226 ) ) GLOBAL_UNIT_ASSIGNED_CONTEXT ( ( #10669, #5423, #72 ) ) REPRESENTATION_CONTEXT ( 'NONE', 'WORKASPACE' ) );
#1574 = ADVANCED_FACE ( 'NONE', ( #8445 ), #5991, .T. ) ;
#1575 = SURFACE_STYLE_USAGE ( .BOTH. , #6875 ) ;
#1576 = ORIENTED_EDGE ( 'NONE', *, *, #1226, .F. ) ;
#1577 = LINE ( 'NONE', #2910, #10396 ) ;
#1578 = CARTESIAN_POINT ( 'NONE',  ( 12.99999999999990600, -14.26285049231146700, 27.69873763198416200 ) ) ;
#1579 = EDGE_CURVE ( 'NONE', #7046, #10356, #9670, .T. ) ;
#1580 =( GEOMETRIC_REPRESENTATION_CONTEXT ( 3 ) GLOBAL_UNCERTAINTY_ASSIGNED_CONTEXT ( ( #6767 ) ) GLOBAL_UNIT_ASSIGNED_CONTEXT ( ( #1613, #7791, #2530 ) ) REPRESENTATION_CONTEXT ( 'NONE', 'WORKASPACE' ) );
#1581 = DIRECTION ( 'NONE',  ( -1.041186654069147000E-014, -1.000000000000000000, -0.0000000000000000000 ) ) ;
#1582 = DIRECTION ( 'NONE',  ( -1.000000000000000000, 0.0000000000000000000, 0.0000000000000000000 ) ) ;
#1583 = VERTEX_POINT ( 'NONE', #11375 ) ;
#1584 = CARTESIAN_POINT ( 'NONE',  ( 14.24999999999999500, 12.99999999999999600, -5.844014525531170600E-017 ) ) ;
#1585 = ORIENTED_EDGE ( 'NONE', *, *, #10205, .T. ) ;
#1586 = DIRECTION ( 'NONE',  ( 0.0000000000000000000, -0.0000000000000000000, 1.000000000000000000 ) ) ;
#1587 = B_SPLINE_CURVE_WITH_KNOTS ( 'NONE', 3,
 ( #2624, #737, #4376, #10513 ),
 .UNSPECIFIED., .F., .F.,
 ( 4, 4 ),
 ( 1.734723475976807100E-018, 0.0003313943203239690600 ),
 .UNSPECIFIED. ) ;
#1588 = EDGE_CURVE ( 'NONE', #4258, #7011, #7353, .T. ) ;
#1589 = PRESENTATION_STYLE_ASSIGNMENT (( #1813 ) ) ;
#1590 = AXIS2_PLACEMENT_3D ( 'NONE', #7159, #1874, #8037 ) ;
#1591 = FILL_AREA_STYLE ('',( #7742 ) ) ;
#1592 = ORIENTED_EDGE ( 'NONE', *, *, #2519, .T. ) ;
#1593 = DIRECTION ( 'NONE',  ( -1.000000000000000000, 0.0000000000000000000, 0.0000000000000000000 ) ) ;
#1594 = CARTESIAN_POINT ( 'NONE',  ( -14.37408074114605400, 13.58868278403004700, 26.70000000000000300 ) ) ;
#1595 = PLANE ( 'NONE',  #8378 ) ;
#1596 = CARTESIAN_POINT ( 'NONE',  ( -17.59999999999999800, -13.60000000000000100, 0.2071067811865479300 ) ) ;
#1597 = VERTEX_POINT ( 'NONE', #858 ) ;
#1598 = DIRECTION ( 'NONE',  ( -0.0000000000000000000, -0.0000000000000000000, -1.000000000000000000 ) ) ;
#1599 = CARTESIAN_POINT ( 'NONE',  ( -11.73714950768875600, -12.63911500751338800, 27.69729446702163100 ) ) ;
#1600 = VERTEX_POINT ( 'NONE', #7076 ) ;
#1601 = CARTESIAN_POINT ( 'NONE',  ( -14.26285049231151400, -13.54102959263319800, 27.68476953867928700 ) ) ;
#1602 = LINE ( 'NONE', #8054, #1321 ) ;
#1603 =( GEOMETRIC_REPRESENTATION_CONTEXT ( 3 ) GLOBAL_UNCERTAINTY_ASSIGNED_CONTEXT ( ( #4263 ) ) GLOBAL_UNIT_ASSIGNED_CONTEXT ( ( #1372, #7569, #2284 ) ) REPRESENTATION_CONTEXT ( 'NONE', 'WORKASPACE' ) );
#1604 = UNCERTAINTY_MEASURE_WITH_UNIT (LENGTH_MEASURE( 1.000000000000000100E-005 ), #3538, 'distance_accuracy_value', 'NONE');
#1605 = ORIENTED_EDGE ( 'NONE', *, *, #5468, .F. ) ;
#1606 = LINE ( 'NONE', #10385, #10704 ) ;
#1607 = STYLED_ITEM ( 'NONE', ( #9718 ), #4720 ) ;
#1608 = ORIENTED_EDGE ( 'NONE', *, *, #2588, .F. ) ;
#1609 = DIRECTION ( 'NONE',  ( 0.0000000000000000000, 0.0000000000000000000, 1.000000000000000000 ) ) ;
#1610 = CARTESIAN_POINT ( 'NONE',  ( 17.60000000000000500, -11.45316318592670500, 6.000000000000000000 ) ) ;
#1611 = DIRECTION ( 'NONE',  ( 1.000000000000000000, -0.0000000000000000000, 0.0000000000000000000 ) ) ;
#1612 = CARTESIAN_POINT ( 'NONE',  ( 12.99999999999999600, -13.00000000000000500, 4.500000000000001800 ) ) ;
#1613 =( LENGTH_UNIT ( ) NAMED_UNIT ( * ) SI_UNIT ( .MILLI., .METRE. ) );
#1614 = DIRECTION ( 'NONE',  ( -1.000000000000000000, 0.0000000000000000000, 0.0000000000000000000 ) ) ;
#1615 = DIRECTION ( 'NONE',  ( -0.0000000000000000000, -0.0000000000000000000, -1.000000000000000000 ) ) ;
#1616 = ORIENTED_EDGE ( 'NONE', *, *, #9841, .F. ) ;
#1617 = LINE ( 'NONE', #10226, #10713 ) ;
#1618 = PRESENTATION_LAYER_ASSIGNMENT (  '', '', ( #391 ) ) ;
#1619 = ORIENTED_EDGE ( 'NONE', *, *, #10234, .F. ) ;
#1620 = ORIENTED_EDGE ( 'NONE', *, *, #6091, .F. ) ;
#1621 =( BOUNDED_SURFACE ( )  B_SPLINE_SURFACE ( 3, 3, ( 
 ( #4745, #3030, #9151, #3911 ),
 ( #10024, #4776, #10903, #5659 ),
 ( #312, #6537, #1230, #7444 ),
 ( #2149, #8320, #3066, #9180 ) ),
 .UNSPECIFIED., .F., .F., .F. ) 
 B_SPLINE_SURFACE_WITH_KNOTS ( ( 4, 4 ),
 ( 4, 4 ),
 ( 0.0000000000000000000, 1.000000000000000000 ),
 ( 0.0000000000000000000, 1.000000000000000000 ),
 .UNSPECIFIED. ) 
 GEOMETRIC_REPRESENTATION_ITEM ( )  RATIONAL_B_SPLINE_SURFACE ( (
 ( 1.000000000000000000, 0.3333333333333334300, 0.3333333333333334300, 1.000000000000000000),
 ( 0.8047378541243667100, 0.2682459513747889600, 0.2682459513747889600, 0.8047378541243667100),
 ( 0.8047378541243667100, 0.2682459513747889600, 0.2682459513747889600, 0.8047378541243667100),
 ( 1.000000000000000000, 0.3333333333333334300, 0.3333333333333334300, 1.000000000000000000) ) ) 
 REPRESENTATION_ITEM ( '' )  SURFACE ( )  );
#1622 = CARTESIAN_POINT ( 'NONE',  ( -12.99999999999999800, 12.41131721596995200, 27.69999999999999900 ) ) ;
#1623 = DIRECTION ( 'NONE',  ( 0.0000000000000000000, -0.0000000000000000000, 1.000000000000000000 ) ) ;
#1624 = CARTESIAN_POINT ( 'NONE',  ( 12.45897040736655700, -13.58868278403013000, 27.69999999999999900 ) ) ;
#1625 =( LENGTH_UNIT ( ) NAMED_UNIT ( * ) SI_UNIT ( .MILLI., .METRE. ) );
#1626 = CARTESIAN_POINT ( 'NONE',  ( -9.701383795925412600, 6.402767591850109200, 28.20000000000000300 ) ) ;
#1627 = ORIENTED_EDGE ( 'NONE', *, *, #4789, .T. ) ;
#1628 = MECHANICAL_DESIGN_GEOMETRIC_PRESENTATION_REPRESENTATION (  '', ( #10113 ), #2230 ) ;
#1629 = SURFACE_STYLE_USAGE ( .BOTH. , #6923 ) ;
#1630 = FACE_OUTER_BOUND ( 'NONE', #8866, .T. ) ;
#1631 = CARTESIAN_POINT ( 'NONE',  ( -17.09999999999999800, -13.60000000000000100, 3.252606517456513300E-016 ) ) ;
#1632 = SURFACE_STYLE_FILL_AREA ( #2908 ) ;
#1633 = EDGE_CURVE ( 'NONE', #4629, #6101, #5008, .T. ) ;
#1634 = EDGE_LOOP ( 'NONE', ( #7132, #8128, #3455, #2048, #5485 ) ) ;
#1635 = CARTESIAN_POINT ( 'NONE',  ( 11.74999999999999600, 12.99999999999999600, 0.0000000000000000000 ) ) ;
#1636 = ORIENTED_EDGE ( 'NONE', *, *, #7362, .F. ) ;
#1637 =( NAMED_UNIT ( * ) PLANE_ANGLE_UNIT ( ) SI_UNIT ( $, .RADIAN. ) );
#1638 = MECHANICAL_DESIGN_GEOMETRIC_PRESENTATION_REPRESENTATION (  '', ( #11243 ), #2242 ) ;
#1639 = LINE ( 'NONE', #987, #8691 ) ;
#1640 =( NAMED_UNIT ( * ) SI_UNIT ( $, .STERADIAN. ) SOLID_ANGLE_UNIT ( ) );
#1641 = MECHANICAL_DESIGN_GEOMETRIC_PRESENTATION_REPRESENTATION (  '', ( #11245 ), #2244 ) ;
#1642 = DIRECTION ( 'NONE',  ( 0.0000000000000000000, 1.000000000000000000, 0.0000000000000000000 ) ) ;
#1643 = ADVANCED_FACE ( 'NONE', ( #2686 ), #11416, .T. ) ;
#1644 = VECTOR ( 'NONE', #11062, 1000.000000000000000 ) ;
#1645 = COLOUR_RGB ( '',1.000000000000000000, 1.000000000000000000, 1.000000000000000000 ) ;
#1646 = CARTESIAN_POINT ( 'NONE',  ( 0.0000000000000000000, 0.0000000000000000000, 8.000000000000000000 ) ) ;
#1647 = ORIENTED_EDGE ( 'NONE', *, *, #338, .F. ) ;
#1648 =( LENGTH_UNIT ( ) NAMED_UNIT ( * ) SI_UNIT ( .MILLI., .METRE. ) );
#1649 = COLOUR_RGB ( '',1.000000000000000000, 1.000000000000000000, 1.000000000000000000 ) ;
#1650 = DIRECTION ( 'NONE',  ( -0.7071067811865391400, 0.0000000000000000000, 0.7071067811865560100 ) ) ;
#1651 = DIRECTION ( 'NONE',  ( -1.000000000000000000, 0.0000000000000000000, 0.0000000000000000000 ) ) ;
#1652 = CARTESIAN_POINT ( 'NONE',  ( 0.0000000000000000000, -15.60000000000000100, 22.28764494107380800 ) ) ;
#1653 = DIRECTION ( 'NONE',  ( -0.0000000000000000000, -0.0000000000000000000, 1.000000000000000000 ) ) ;
#1654 = CARTESIAN_POINT ( 'NONE',  ( -3.585824512321724700, -1.781605714250579500, -2.000000000000000000 ) ) ;
#1655 = DIRECTION ( 'NONE',  ( 0.0000000000000000000, 0.0000000000000000000, 1.000000000000000000 ) ) ;
#1656 = DIRECTION ( 'NONE',  ( -1.000000000000000000, -9.856383386231857600E-017, 0.0000000000000000000 ) ) ;
#1657 = ORIENTED_EDGE ( 'NONE', *, *, #2265, .T. ) ;
#1658 = VECTOR ( 'NONE', #8599, 1000.000000000000000 ) ;
#1659 =( NAMED_UNIT ( * ) SI_UNIT ( $, .STERADIAN. ) SOLID_ANGLE_UNIT ( ) );
#1660 = LINE ( 'NONE', #6855, #6633 ) ;
#1661 = EDGE_CURVE ( 'NONE', #1441, #845, #10894, .T. ) ;
#1662 =( GEOMETRIC_REPRESENTATION_CONTEXT ( 3 ) GLOBAL_UNCERTAINTY_ASSIGNED_CONTEXT ( ( #8060 ) ) GLOBAL_UNIT_ASSIGNED_CONTEXT ( ( #8777, #3515, #9650 ) ) REPRESENTATION_CONTEXT ( 'NONE', 'WORKASPACE' ) );
#1663 = STYLED_ITEM ( 'NONE', ( #901 ), #10652 ) ;
#1664 = SURFACE_STYLE_USAGE ( .BOTH. , #6954 ) ;
#1665 = PRESENTATION_STYLE_ASSIGNMENT (( #769 ) ) ;
#1666 = CARTESIAN_POINT ( 'NONE',  ( 17.10000000000000500, -13.60000000000000100, 28.19999999999999900 ) ) ;
#1667 =( LENGTH_UNIT ( ) NAMED_UNIT ( * ) SI_UNIT ( .MILLI., .METRE. ) );
#1668 = CYLINDRICAL_SURFACE ( 'NONE', #4947, 0.5000000000000004400 ) ;
#1669 = CARTESIAN_POINT ( 'NONE',  ( 2.155378366499341600E-015, -17.60000000000000100, 8.000000000000000000 ) ) ;
#1670 = CARTESIAN_POINT ( 'NONE',  ( 14.26285049231142400, 13.54102959263329500, 26.70000000000000300 ) ) ;
#1671 = FILL_AREA_STYLE ('',( #749 ) ) ;
#1672 = CARTESIAN_POINT ( 'NONE',  ( -15.82182540694797400, 17.39289321881344500, 28.20000000000000300 ) ) ;
#1673 = DIRECTION ( 'NONE',  ( 0.0000000000000000000, 0.0000000000000000000, 1.000000000000000000 ) ) ;
#1674 = CARTESIAN_POINT ( 'NONE',  ( 4.000000000000000900, -0.5088278382610818000, -2.000000000000000400 ) ) ;
#1675 = PRESENTATION_LAYER_ASSIGNMENT (  '', '', ( #434 ) ) ;
#1676 = AXIS2_PLACEMENT_3D ( 'NONE', #1863, #8025, #2781 ) ;
#1677 = SURFACE_SIDE_STYLE ('',( #10345 ) ) ;
#1678 = EDGE_CURVE ( 'NONE', #5645, #2032, #6248, .T. ) ;
#1679 =( BOUNDED_CURVE ( )  B_SPLINE_CURVE ( 3, ( #5959, #11165, #3087, #2735 ),
 .UNSPECIFIED., .F., .T. ) 
 B_SPLINE_CURVE_WITH_KNOTS ( ( 4, 4 ),
 ( 0.0000000000000000000, 1.000000000000000000 ),
 .UNSPECIFIED. ) 
 CURVE ( )  GEOMETRIC_REPRESENTATION_ITEM ( )  RATIONAL_B_SPLINE_CURVE ( ( 1.000000000000000000, 0.3333333333333335400, 0.3333333333333335400, 1.000000000000000000 ) ) 
 REPRESENTATION_ITEM ( '' )  );
#1680 = SURFACE_STYLE_USAGE ( .BOTH. , #6967 ) ;
#1681 = SURFACE_STYLE_FILL_AREA ( #7571 ) ;
#1682 = ORIENTED_EDGE ( 'NONE', *, *, #756, .F. ) ;
#1683 = CARTESIAN_POINT ( 'NONE',  ( -12.45897040736665300, 13.58868278403004700, 26.70000000000000300 ) ) ;
#1684 = LINE ( 'NONE', #3099, #6113 ) ;
#1685 = DIRECTION ( 'NONE',  ( 0.0000000000000000000, 0.0000000000000000000, 1.000000000000000000 ) ) ;
#1686 = COLOUR_RGB ( '',1.000000000000000000, 1.000000000000000000, 1.000000000000000000 ) ;
#1687 = ORIENTED_EDGE ( 'NONE', *, *, #8568, .F. ) ;
#1688 = ORIENTED_EDGE ( 'NONE', *, *, #1079, .T. ) ;
#1689 =( GEOMETRIC_REPRESENTATION_CONTEXT ( 3 ) GLOBAL_UNCERTAINTY_ASSIGNED_CONTEXT ( ( #9879 ) ) GLOBAL_UNIT_ASSIGNED_CONTEXT ( ( #4280, #10397, #5157 ) ) REPRESENTATION_CONTEXT ( 'NONE', 'WORKASPACE' ) );
#1690 = DIRECTION ( 'NONE',  ( -0.0000000000000000000, -0.0000000000000000000, 1.000000000000000000 ) ) ;
#1691 = EDGE_CURVE ( 'NONE', #9966, #7621, #8580, .T. ) ;
#1692 = CARTESIAN_POINT ( 'NONE',  ( -9.701383795924931200, -13.00000000000072300, 28.19999999999999600 ) ) ;
#1693 = CARTESIAN_POINT ( 'NONE',  ( 14.26285049231142400, 13.54102959263329500, 26.70000000000000300 ) ) ;
#1694 = LINE ( 'NONE', #6736, #6406 ) ;
#1695 = ORIENTED_EDGE ( 'NONE', *, *, #9854, .T. ) ;
#1696 = MECHANICAL_DESIGN_GEOMETRIC_PRESENTATION_REPRESENTATION (  '', ( #460 ), #2294 ) ;
#1697 = ORIENTED_EDGE ( 'NONE', *, *, #4940, .F. ) ;
#1698 = CARTESIAN_POINT ( 'NONE',  ( 13.58868278403009300, 11.62591925885389800, 27.65553645166669800 ) ) ;
#1699 = VERTEX_POINT ( 'NONE', #3662 ) ;
#1700 = UNCERTAINTY_MEASURE_WITH_UNIT (LENGTH_MEASURE( 1.000000000000000100E-005 ), #1184, 'distance_accuracy_value', 'NONE');
#1701 =( NAMED_UNIT ( * ) PLANE_ANGLE_UNIT ( ) SI_UNIT ( $, .RADIAN. ) );
#1702 = DIRECTION ( 'NONE',  ( 1.000000000000000000, 0.0000000000000000000, 0.0000000000000000000 ) ) ;
#1703 = CARTESIAN_POINT ( 'NONE',  ( 11.73714950768866800, 12.45897040736660700, 26.70000000000000300 ) ) ;
#1704 = CARTESIAN_POINT ( 'NONE',  ( 2.577868126675479500, 3.064027915081489100, -2.000000000000000400 ) ) ;
#1705 = LINE ( 'NONE', #1775, #4078 ) ;
#1706 = CARTESIAN_POINT ( 'NONE',  ( -14.52295398712865700, -14.52894118582679200, 8.000000000000000000 ) ) ;
#1707 = PRESENTATION_LAYER_ASSIGNMENT (  '', '', ( #1093 ) ) ;
#1708 = DIRECTION ( 'NONE',  ( -0.0000000000000000000, -0.0000000000000000000, 1.000000000000000000 ) ) ;
#1709 = ADVANCED_FACE ( 'NONE', ( #3920 ), #2786, .F. ) ;
#1710 = CARTESIAN_POINT ( 'NONE',  ( -13.59999999999999800, 17.09999999999999800, 28.19999999999999900 ) ) ;
#1711 = CARTESIAN_POINT ( 'NONE',  ( 12.41131721596999600, 12.99999999999999600, 27.69999999999999900 ) ) ;
#1712 =( GEOMETRIC_REPRESENTATION_CONTEXT ( 3 ) GLOBAL_UNCERTAINTY_ASSIGNED_CONTEXT ( ( #11112 ) ) GLOBAL_UNIT_ASSIGNED_CONTEXT ( ( #4540, #10667, #5421 ) ) REPRESENTATION_CONTEXT ( 'NONE', 'WORKASPACE' ) );
#1713 =( NAMED_UNIT ( * ) SI_UNIT ( $, .STERADIAN. ) SOLID_ANGLE_UNIT ( ) );
#1714 = PLANE ( 'NONE',  #7029 ) ;
#1715 = DIRECTION ( 'NONE',  ( -0.0000000000000000000, -0.0000000000000000000, -1.000000000000000000 ) ) ;
#1716 = DIRECTION ( 'NONE',  ( -5.146266884835468500E-015, -1.000000000000000000, -0.0000000000000000000 ) ) ;
#1717 = VECTOR ( 'NONE', #5473, 1000.000000000000000 ) ;
#1718 = FILL_AREA_STYLE ('',( #789 ) ) ;
#1719 = EDGE_CURVE ( 'NONE', #6053, #9308, #4678, .T. ) ;
#1720 = VECTOR ( 'NONE', #535, 1000.000000000000000 ) ;
#1721 = CARTESIAN_POINT ( 'NONE',  ( -17.59999999999999800, 17.59999999999999800, 20.19999999999999900 ) ) ;
#1722 = AXIS2_PLACEMENT_3D ( 'NONE', #9508, #4268, #10389 ) ;
#1723 = SURFACE_STYLE_FILL_AREA ( #5099 ) ;
#1724 = ORIENTED_EDGE ( 'NONE', *, *, #425, .F. ) ;
#1725 = LINE ( 'NONE', #3492, #4097 ) ;
#1726 = COLOUR_RGB ( '',1.000000000000000000, 1.000000000000000000, 1.000000000000000000 ) ;
#1727 = STYLED_ITEM ( 'NONE', ( #10207 ), #7220 ) ;
#1728 = CARTESIAN_POINT ( 'NONE',  ( 11.62591925885385200, -13.58868278403012500, 26.70000000000000300 ) ) ;
#1729 =( NAMED_UNIT ( * ) SI_UNIT ( $, .STERADIAN. ) SOLID_ANGLE_UNIT ( ) );
#1730 = EDGE_CURVE ( 'NONE', #10641, #5622, #1246, .T. ) ;
#1731 =( NAMED_UNIT ( * ) SI_UNIT ( $, .STERADIAN. ) SOLID_ANGLE_UNIT ( ) );
#1732 = EDGE_CURVE ( 'NONE', #10983, #7563, #2819, .T. ) ;
#1733 = DIRECTION ( 'NONE',  ( 0.0000000000000000000, 0.0000000000000000000, 1.000000000000000000 ) ) ;
#1734 = ORIENTED_EDGE ( 'NONE', *, *, #5590, .T. ) ;
#1735 = CARTESIAN_POINT ( 'NONE',  ( 12.99999999999999600, 12.99999999999999600, 26.70000000000000300 ) ) ;
#1736 = CARTESIAN_POINT ( 'NONE',  ( 13.00000000000072100, -12.99999999999999600, 27.69999999999999900 ) ) ;
#1737 = MECHANICAL_DESIGN_GEOMETRIC_PRESENTATION_REPRESENTATION (  '', ( #500 ), #2338 ) ;
#1738 = PRESENTATION_STYLE_ASSIGNMENT (( #8348 ) ) ;
#1739 = ORIENTED_EDGE ( 'NONE', *, *, #5753, .T. ) ;
#1740 = SURFACE_SIDE_STYLE ('',( #6349 ) ) ;
#1741 = SURFACE_STYLE_USAGE ( .BOTH. , #7032 ) ;
#1742 = EDGE_CURVE ( 'NONE', #7633, #2855, #5133, .T. ) ;
#1743 = EDGE_LOOP ( 'NONE', ( #4182, #7099, #2785, #7027 ) ) ;
#1744 = CARTESIAN_POINT ( 'NONE',  ( 15.19999999999999600, 17.39999999999999100, 26.70000000000000300 ) ) ;
#1745 =( NAMED_UNIT ( * ) PLANE_ANGLE_UNIT ( ) SI_UNIT ( $, .RADIAN. ) );
#1746 = PLANE ( 'NONE',  #2105 ) ;
#1747 = ORIENTED_EDGE ( 'NONE', *, *, #3229, .F. ) ;
#1748 = CARTESIAN_POINT ( 'NONE',  ( 14.26285049231142400, 13.54102959263329500, 27.69999999999999900 ) ) ;
#1749 = ORIENTED_EDGE ( 'NONE', *, *, #5244, .F. ) ;
#1750 = FILL_AREA_STYLE_COLOUR ( '', #7610 ) ;
#1751 = MECHANICAL_DESIGN_GEOMETRIC_PRESENTATION_REPRESENTATION (  '', ( #11343 ), #2350 ) ;
#1752 = PRESENTATION_LAYER_ASSIGNMENT (  '', '', ( #9639 ) ) ;
#1753 = ORIENTED_EDGE ( 'NONE', *, *, #3064, .F. ) ;
#1754 =( NAMED_UNIT ( * ) SI_UNIT ( $, .STERADIAN. ) SOLID_ANGLE_UNIT ( ) );
#1755 = EDGE_LOOP ( 'NONE', ( #8214, #3844, #8651, #1228 ) ) ;
#1756 = VECTOR ( 'NONE', #5354, 1000.000000000000000 ) ;
#1757 = ORIENTED_EDGE ( 'NONE', *, *, #4360, .F. ) ;
#1758 =( LENGTH_UNIT ( ) NAMED_UNIT ( * ) SI_UNIT ( .MILLI., .METRE. ) );
#1759 = EDGE_CURVE ( 'NONE', #1980, #1898, #372, .T. ) ;
#1760 = DIRECTION ( 'NONE',  ( 1.000000000000000000, 0.0000000000000000000, -0.0000000000000000000 ) ) ;
#1761 = VERTEX_POINT ( 'NONE', #10344 ) ;
#1762 = CARTESIAN_POINT ( 'NONE',  ( 5.340351677908561500E-015, -17.60999999999998900, 22.19999999999999600 ) ) ;
#1763 = FILL_AREA_STYLE ('',( #7006 ) ) ;
#1764 = ORIENTED_EDGE ( 'NONE', *, *, #10901, .F. ) ;
#1765 = MECHANICAL_DESIGN_GEOMETRIC_PRESENTATION_REPRESENTATION (  '', ( #11358 ), #2361 ) ;
#1766 = EDGE_CURVE ( 'NONE', #10551, #2255, #2512, .T. ) ;
#1767 = CARTESIAN_POINT ( 'NONE',  ( 10.49999999999999800, 1.285879139104720600E-015, -1.500000000000000000 ) ) ;
#1768 = VERTEX_POINT ( 'NONE', #10928 ) ;
#1769 = CARTESIAN_POINT ( 'NONE',  ( -17.59999999999999800, 11.45316318592671200, 20.19999999999999900 ) ) ;
#1770 = SURFACE_STYLE_USAGE ( .BOTH. , #1782 ) ;
#1771 = DIRECTION ( 'NONE',  ( -1.000000000000000000, 0.0000000000000000000, -0.0000000000000000000 ) ) ;
#1772 = ADVANCED_FACE ( 'NONE', ( #4851 ), #9981, .F. ) ;
#1773 = VERTEX_POINT ( 'NONE', #11025 ) ;
#1774 = CARTESIAN_POINT ( 'NONE',  ( 17.60000000000000500, 13.60000000000000000, 27.69999999999999900 ) ) ;
#1775 = CARTESIAN_POINT ( 'NONE',  ( 13.54102959263326500, -11.73714950768871600, 26.70000000000000300 ) ) ;
#1776 = ORIENTED_EDGE ( 'NONE', *, *, #8522, .F. ) ;
#1777 =( GEOMETRIC_REPRESENTATION_CONTEXT ( 3 ) GLOBAL_UNCERTAINTY_ASSIGNED_CONTEXT ( ( #744 ) ) GLOBAL_UNIT_ASSIGNED_CONTEXT ( ( #10509, #10247, #5011 ) ) REPRESENTATION_CONTEXT ( 'NONE', 'WORKASPACE' ) );
#1778 = CARTESIAN_POINT ( 'NONE',  ( 12.99999999999999600, -13.00000000000000500, 4.499999999950432500 ) ) ;
#1779 = ORIENTED_EDGE ( 'NONE', *, *, #7565, .F. ) ;
#1780 = ORIENTED_EDGE ( 'NONE', *, *, #6498, .T. ) ;
#1781 =( BOUNDED_SURFACE ( )  B_SPLINE_SURFACE ( 3, 3, ( 
 ( #3874, #3909, #10023, #4775 ),
 ( #10902, #5658, #310, #6536 ),
 ( #1227, #7443, #2148, #8318 ),
 ( #3065, #9178, #3946, #10061 ) ),
 .UNSPECIFIED., .F., .F., .F. ) 
 B_SPLINE_SURFACE_WITH_KNOTS ( ( 4, 4 ),
 ( 4, 4 ),
 ( 0.0000000000000000000, 1.000000000000000000 ),
 ( 0.0000000000000000000, 1.000000000000000000 ),
 .UNSPECIFIED. ) 
 GEOMETRIC_REPRESENTATION_ITEM ( )  RATIONAL_B_SPLINE_SURFACE ( (
 ( 1.000000000000000000, 0.3333333333333334300, 0.3333333333333334300, 1.000000000000000000),
 ( 0.8047378541243649400, 0.2682459513747884100, 0.2682459513747884100, 0.8047378541243649400),
 ( 0.8047378541243649400, 0.2682459513747884100, 0.2682459513747884100, 0.8047378541243649400),
 ( 1.000000000000000000, 0.3333333333333334300, 0.3333333333333334300, 1.000000000000000000) ) ) 
 REPRESENTATION_ITEM ( '' )  SURFACE ( )  );
#1782 = SURFACE_SIDE_STYLE ('',( #4181 ) ) ;
#1783 = DIRECTION ( 'NONE',  ( 0.0000000000000000000, 1.000000000000000000, 0.0000000000000000000 ) ) ;
#1784 = PRESENTATION_LAYER_ASSIGNMENT (  '', '', ( #1162 ) ) ;
#1785 = CIRCLE ( 'NONE', #8621, 4.000000000000000000 ) ;
#1786 = PRESENTATION_STYLE_ASSIGNMENT (( #3458 ) ) ;
#1787 = DIRECTION ( 'NONE',  ( 0.0000000000000000000, 0.0000000000000000000, -1.000000000000000000 ) ) ;
#1788 = CARTESIAN_POINT ( 'NONE',  ( -3.100000000000000500, -15.60000000000000100, 26.29999999999999700 ) ) ;
#1789 = EDGE_CURVE ( 'NONE', #1275, #1324, #10751, .T. ) ;
#1790 =( NAMED_UNIT ( * ) SI_UNIT ( $, .STERADIAN. ) SOLID_ANGLE_UNIT ( ) );
#1791 = COLOUR_RGB ( '',1.000000000000000000, 1.000000000000000000, 1.000000000000000000 ) ;
#1792 = CARTESIAN_POINT ( 'NONE',  ( -16.29861620407457700, 12.99999999999927200, 27.69999999999999900 ) ) ;
#1793 = EDGE_LOOP ( 'NONE', ( #7535, #6997 ) ) ;
#1794 = ORIENTED_EDGE ( 'NONE', *, *, #449, .F. ) ;
#1795 = SURFACE_STYLE_USAGE ( .BOTH. , #7088 ) ;
#1796 = PLANE ( 'NONE',  #8977 ) ;
#1797 = CARTESIAN_POINT ( 'NONE',  ( -10.79999999999921000, 12.99999999999927300, 26.70000000000000300 ) ) ;
#1798 = MECHANICAL_DESIGN_GEOMETRIC_PRESENTATION_REPRESENTATION (  '', ( #558 ), #2390 ) ;
#1799 = SURFACE_SIDE_STYLE ('',( #6245 ) ) ;
#1800 = VECTOR ( 'NONE', #4269, 1000.000000000000100 ) ;
#1801 = DIRECTION ( 'NONE',  ( 0.0000000000000000000, -0.0000000000000000000, -1.000000000000000000 ) ) ;
#1802 = EDGE_CURVE ( 'NONE', #1328, #5882, #8433, .T. ) ;
#1803 = EDGE_CURVE ( 'NONE', #2393, #8099, #2787, .T. ) ;
#1804 = LINE ( 'NONE', #4081, #3622 ) ;
#1805 = ORIENTED_EDGE ( 'NONE', *, *, #8074, .T. ) ;
#1806 = CARTESIAN_POINT ( 'NONE',  ( 11.44062498292818700, -17.60999999999998500, 22.19999999999999600 ) ) ;
#1807 =( LENGTH_UNIT ( ) NAMED_UNIT ( * ) SI_UNIT ( .MILLI., .METRE. ) );
#1808 = MECHANICAL_DESIGN_GEOMETRIC_PRESENTATION_REPRESENTATION (  '', ( #11401 ), #2403 ) ;
#1809 = PLANE ( 'NONE',  #4834 ) ;
#1810 =( NAMED_UNIT ( * ) SI_UNIT ( $, .STERADIAN. ) SOLID_ANGLE_UNIT ( ) );
#1811 = STYLED_ITEM ( 'NONE', ( #5879 ), #9802 ) ;
#1812 = CARTESIAN_POINT ( 'NONE',  ( -10.79999999999920100, 8.599999999997697500, 26.70000000000000300 ) ) ;
#1813 = SURFACE_STYLE_USAGE ( .BOTH. , #7102 ) ;
#1814 =( NAMED_UNIT ( * ) PLANE_ANGLE_UNIT ( ) SI_UNIT ( $, .RADIAN. ) );
#1815 = ORIENTED_EDGE ( 'NONE', *, *, #4396, .T. ) ;
#1816 = VECTOR ( 'NONE', #10624, 1000.000000000000000 ) ;
#1817 =( LENGTH_UNIT ( ) NAMED_UNIT ( * ) SI_UNIT ( .MILLI., .METRE. ) );
#1818 = FILL_AREA_STYLE ('',( #7074 ) ) ;
#1819 = FACE_OUTER_BOUND ( 'NONE', #5313, .T. ) ;
#1820 = CARTESIAN_POINT ( 'NONE',  ( -1.264359146700005700, 3.795973049803306400, -2.000000000000000400 ) ) ;
#1821 =( LENGTH_UNIT ( ) NAMED_UNIT ( * ) SI_UNIT ( .MILLI., .METRE. ) );
#1822 = PRESENTATION_LAYER_ASSIGNMENT (  '', '', ( #583 ) ) ;
#1823 = DIRECTION ( 'NONE',  ( -0.0000000000000000000, -0.0000000000000000000, -1.000000000000000000 ) ) ;
#1824 = CARTESIAN_POINT ( 'NONE',  ( 2.927198050025352500, -17.69999999999999900, 22.28764494107380800 ) ) ;
#1825 = CARTESIAN_POINT ( 'NONE',  ( -3.100000000000000500, -15.60000000000000100, 22.19999999999999600 ) ) ;
#1826 = PRESENTATION_STYLE_ASSIGNMENT (( #6797 ) ) ;
#1827 = EDGE_CURVE ( 'NONE', #5494, #771, #6086, .T. ) ;
#1828 = COLOUR_RGB ( '',1.000000000000000000, 1.000000000000000000, 1.000000000000000000 ) ;
#1829 =( GEOMETRIC_REPRESENTATION_CONTEXT ( 3 ) GLOBAL_UNCERTAINTY_ASSIGNED_CONTEXT ( ( #7221 ) ) GLOBAL_UNIT_ASSIGNED_CONTEXT ( ( #6605, #1304, #7514 ) ) REPRESENTATION_CONTEXT ( 'NONE', 'WORKASPACE' ) );
#1830 = CARTESIAN_POINT ( 'NONE',  ( 10.79999999999999500, 12.99999999999999600, 26.70000000000000300 ) ) ;
#1831 = FILL_AREA_STYLE ('',( #4465 ) ) ;
#1832 = ADVANCED_FACE ( 'NONE', ( #5806 ), #7436, .F. ) ;
#1833 = FILL_AREA_STYLE ('',( #4466 ) ) ;
#1834 = SURFACE_SIDE_STYLE ('',( #6991 ) ) ;
#1835 = LINE ( 'NONE', #3867, #8586 ) ;
#1836 = EDGE_CURVE ( 'NONE', #10684, #9497, #4990, .T. ) ;
#1837 = CARTESIAN_POINT ( 'NONE',  ( 15.79861620407379000, 12.99999999999999600, 25.19999999999999900 ) ) ;
#1838 = UNCERTAINTY_MEASURE_WITH_UNIT (LENGTH_MEASURE( 1.000000000000000100E-005 ), #3580, 'distance_accuracy_value', 'NONE');
#1839 = STYLED_ITEM ( 'NONE', ( #6100 ), #7376 ) ;
#1840 = SURFACE_STYLE_USAGE ( .BOTH. , #7122 ) ;
#1841 = VECTOR ( 'NONE', #760, 1000.000000000000000 ) ;
#1842 =( NAMED_UNIT ( * ) PLANE_ANGLE_UNIT ( ) SI_UNIT ( $, .RADIAN. ) );
#1843 = CARTESIAN_POINT ( 'NONE',  ( -14.37408074114605200, 13.58868278403004700, 27.65553645166687200 ) ) ;
#1844 = CARTESIAN_POINT ( 'NONE',  ( -15.20000000000078300, 8.599999999997688600, 26.70000000000000300 ) ) ;
#1845 = ORIENTED_EDGE ( 'NONE', *, *, #9131, .F. ) ;
#1846 = CARTESIAN_POINT ( 'NONE',  ( 11.62591925885386100, -12.41131721597003000, 27.65553645166644300 ) ) ;
#1847 = PRESENTATION_STYLE_ASSIGNMENT (( #3524 ) ) ;
#1848 = DIRECTION ( 'NONE',  ( -1.000000000000000000, 0.0000000000000000000, -0.0000000000000000000 ) ) ;
#1849 = ORIENTED_EDGE ( 'NONE', *, *, #10925, .F. ) ;
#1850 = FACE_OUTER_BOUND ( 'NONE', #176, .T. ) ;
#1851 = EDGE_CURVE ( 'NONE', #7880, #9509, #509, .T. ) ;
#1852 = CARTESIAN_POINT ( 'NONE',  ( -11.50000000000000000, 1.408343819019456200E-015, 0.0000000000000000000 ) ) ;
#1853 = COLOUR_RGB ( '',0.2509803921568627400, 0.2509803921568627400, 0.2509803921568627400 ) ;
#1854 = DIRECTION ( 'NONE',  ( 0.0000000000000000000, 0.0000000000000000000, 1.000000000000000000 ) ) ;
#1855 = MECHANICAL_DESIGN_GEOMETRIC_PRESENTATION_REPRESENTATION (  '', ( #15 ), #2443 ) ;
#1856 = VERTEX_POINT ( 'NONE', #5721 ) ;
#1857 = CARTESIAN_POINT ( 'NONE',  ( -13.54102959263334700, 13.58868278403004700, 27.69999999999999900 ) ) ;
#1858 = UNCERTAINTY_MEASURE_WITH_UNIT (LENGTH_MEASURE( 1.000000000000000100E-005 ), #7365, 'distance_accuracy_value', 'NONE');
#1859 = CARTESIAN_POINT ( 'NONE',  ( -15.20000000000078600, 12.99999999999927000, 26.70000000000000300 ) ) ;
#1860 =( LENGTH_UNIT ( ) NAMED_UNIT ( * ) SI_UNIT ( .MILLI., .METRE. ) );
#1861 = CIRCLE ( 'NONE', #9443, 2.500000000000000000 ) ;
#1862 = PRESENTATION_LAYER_ASSIGNMENT (  '', '', ( #618 ) ) ;
#1863 = CARTESIAN_POINT ( 'NONE',  ( 0.0000000000000000000, 0.0000000000000000000, 1.000000000000000000 ) ) ;
#1864 = PLANE ( 'NONE',  #10700 ) ;
#1865 = CARTESIAN_POINT ( 'NONE',  ( -3.189819593624927000, 2.414556231388357100, -1.999999999999999600 ) ) ;
#1866 = ORIENTED_EDGE ( 'NONE', *, *, #2329, .T. ) ;
#1867 = PRESENTATION_STYLE_ASSIGNMENT (( #2748 ) ) ;
#1868 = CARTESIAN_POINT ( 'NONE',  ( 2.799999999999999800, 0.0000000000000000000, 25.19999999999999900 ) ) ;
#1869 = FILL_AREA_STYLE_COLOUR ( '', #1828 ) ;
#1870 =( LENGTH_UNIT ( ) NAMED_UNIT ( * ) SI_UNIT ( .MILLI., .METRE. ) );
#1871 = FILL_AREA_STYLE_COLOUR ( '', #7213 ) ;
#1872 =( LENGTH_UNIT ( ) NAMED_UNIT ( * ) SI_UNIT ( .MILLI., .METRE. ) );
#1873 = MECHANICAL_DESIGN_GEOMETRIC_PRESENTATION_REPRESENTATION (  '', ( #628 ), #2466 ) ;
#1874 = DIRECTION ( 'NONE',  ( -0.0000000000000000000, -0.0000000000000000000, 1.000000000000000000 ) ) ;
#1875 = COLOUR_RGB ( '',1.000000000000000000, 1.000000000000000000, 1.000000000000000000 ) ;
#1876 = CARTESIAN_POINT ( 'NONE',  ( 13.54102959263325100, -13.58868278403013900, 27.69999999999999900 ) ) ;
#1877 = DIRECTION ( 'NONE',  ( 0.0000000000000000000, -0.7071067811865479100, 0.7071067811865471300 ) ) ;
#1878 = ORIENTED_EDGE ( 'NONE', *, *, #8522, .T. ) ;
#1879 = EDGE_CURVE ( 'NONE', #4196, #1010, #7343, .T. ) ;
#1880 = DIRECTION ( 'NONE',  ( 1.000000000000000000, 0.0000000000000000000, -0.0000000000000000000 ) ) ;
#1881 = CARTESIAN_POINT ( 'NONE',  ( 10.20138379592711100, -7.402767591852771100, 27.99289321881345000 ) ) ;
#1882 =( NAMED_UNIT ( * ) PLANE_ANGLE_UNIT ( ) SI_UNIT ( $, .RADIAN. ) );
#1883 = DIRECTION ( 'NONE',  ( 0.0000000000000000000, 1.000000000000000000, -0.0000000000000000000 ) ) ;
#1884 = DIRECTION ( 'NONE',  ( 1.000000000000000000, 0.0000000000000000000, -0.0000000000000000000 ) ) ;
#1885 = DIRECTION ( 'NONE',  ( -1.000000000000000000, 0.0000000000000000000, 0.0000000000000000000 ) ) ;
#1886 = PRESENTATION_LAYER_ASSIGNMENT (  '', '', ( #639 ) ) ;
#1887 = DIRECTION ( 'NONE',  ( 0.0000000000000000000, -1.000000000000000000, 0.0000000000000000000 ) ) ;
#1888 = EDGE_CURVE ( 'NONE', #451, #7057, #9375, .T. ) ;
#1889 = AXIS2_PLACEMENT_3D ( 'NONE', #9197, #3957, #10075 ) ;
#1890 = FACE_OUTER_BOUND ( 'NONE', #991, .T. ) ;
#1891 = DIRECTION ( 'NONE',  ( -1.000000000000000000, 0.0000000000000000000, 0.0000000000000000000 ) ) ;
#1892 = ORIENTED_EDGE ( 'NONE', *, *, #9553, .T. ) ;
#1893 = DIRECTION ( 'NONE',  ( 0.0000000000000000000, 0.0000000000000000000, 1.000000000000000000 ) ) ;
#1894 = VERTEX_POINT ( 'NONE', #4954 ) ;
#1895 = AXIS2_PLACEMENT_3D ( 'NONE', #3401, #3361, #3337 ) ;
#1896 = SURFACE_SIDE_STYLE ('',( #10838 ) ) ;
#1897 = ADVANCED_FACE ( 'NONE', ( #11378 ), #5935, .T. ) ;
#1898 = VERTEX_POINT ( 'NONE', #4039 ) ;
#1899 = CARTESIAN_POINT ( 'NONE',  ( -10.79999999999921000, 12.99999999999927700, 27.28578643762690700 ) ) ;
#1900 = SURFACE_SIDE_STYLE ('',( #4374 ) ) ;
#1901 = DIRECTION ( 'NONE',  ( -1.000000000000000000, 0.0000000000000000000, 0.0000000000000000000 ) ) ;
#1902 = ORIENTED_EDGE ( 'NONE', *, *, #3252, .T. ) ;
#1903 = EDGE_CURVE ( 'NONE', #9853, #2989, #10617, .T. ) ;
#1904 =( GEOMETRIC_REPRESENTATION_CONTEXT ( 3 ) GLOBAL_UNCERTAINTY_ASSIGNED_CONTEXT ( ( #8338 ) ) GLOBAL_UNIT_ASSIGNED_CONTEXT ( ( #1491, #7677, #2411 ) ) REPRESENTATION_CONTEXT ( 'NONE', 'WORKASPACE' ) );
#1905 = CARTESIAN_POINT ( 'NONE',  ( 13.60000000000000500, 17.09999999999999800, 28.19999999999999900 ) ) ;
#1906 =( LENGTH_UNIT ( ) NAMED_UNIT ( * ) SI_UNIT ( .MILLI., .METRE. ) );
#1907 = DIRECTION ( 'NONE',  ( 1.000000000000000000, -0.0000000000000000000, 0.0000000000000000000 ) ) ;
#1908 = ORIENTED_EDGE ( 'NONE', *, *, #3305, .F. ) ;
#1909 = UNCERTAINTY_MEASURE_WITH_UNIT (LENGTH_MEASURE( 1.000000000000000100E-005 ), #1870, 'distance_accuracy_value', 'NONE');
#1910 =( LENGTH_UNIT ( ) NAMED_UNIT ( * ) SI_UNIT ( .MILLI., .METRE. ) );
#1911 = CARTESIAN_POINT ( 'NONE',  ( -9.701383795925417900, 12.99999999999927200, 28.19999999999999600 ) ) ;
#1912 = DIRECTION ( 'NONE',  ( 1.000000000000000000, -2.573133442417734300E-015, 0.0000000000000000000 ) ) ;
#1913 = CARTESIAN_POINT ( 'NONE',  ( 13.54102959263324700, -14.26285049231146700, 27.68476953867928000 ) ) ;
#1914 = VERTEX_POINT ( 'NONE', #3343 ) ;
#1915 = PRESENTATION_STYLE_ASSIGNMENT (( #3871 ) ) ;
#1916 = AXIS2_PLACEMENT_3D ( 'NONE', #8680, #3409, #9544 ) ;
#1917 = DIRECTION ( 'NONE',  ( 0.0000000000000000000, 0.0000000000000000000, 1.000000000000000000 ) ) ;
#1918 = ORIENTED_EDGE ( 'NONE', *, *, #7606, .T. ) ;
#1919 =( NAMED_UNIT ( * ) PLANE_ANGLE_UNIT ( ) SI_UNIT ( $, .RADIAN. ) );
#1920 = EDGE_CURVE ( 'NONE', #4116, #3172, #8303, .T. ) ;
#1921 = CARTESIAN_POINT ( 'NONE',  ( -11.45062910550453600, -17.60000000000000500, 6.000000000000000000 ) ) ;
#1922 =( NAMED_UNIT ( * ) PLANE_ANGLE_UNIT ( ) SI_UNIT ( $, .RADIAN. ) );
#1923 = DIRECTION ( 'NONE',  ( 0.0000000000000000000, 0.0000000000000000000, 1.000000000000000000 ) ) ;
#1924 = SURFACE_STYLE_USAGE ( .BOTH. , #6892 ) ;
#1925 = ORIENTED_EDGE ( 'NONE', *, *, #3263, .F. ) ;
#1926 = VECTOR ( 'NONE', #4938, 1000.000000000000000 ) ;
#1927 = CARTESIAN_POINT ( 'NONE',  ( 2.092470004868553600, -17.69999999999999900, 0.0000000000000000000 ) ) ;
#1928 = DIRECTION ( 'NONE',  ( 0.0000000000000000000, 0.0000000000000000000, 1.000000000000000000 ) ) ;
#1929 = CIRCLE ( 'NONE', #5874, 2.500000000000000000 ) ;
#1930 = ADVANCED_FACE ( 'NONE', ( #1506 ), #3786, .F. ) ;
#1931 = ORIENTED_EDGE ( 'NONE', *, *, #3873, .F. ) ;
#1932 = VERTEX_POINT ( 'NONE', #3828 ) ;
#1933 = EDGE_CURVE ( 'NONE', #8099, #5226, #5128, .T. ) ;
#1934 = CARTESIAN_POINT ( 'NONE',  ( 0.0000000000000000000, 0.0000000000000000000, -23.50000000000000000 ) ) ;
#1935 = VECTOR ( 'NONE', #4342, 1000.000000000000000 ) ;
#1936 = MECHANICAL_DESIGN_GEOMETRIC_PRESENTATION_REPRESENTATION (  '', ( #10235 ), #2525 ) ;
#1937 = DIRECTION ( 'NONE',  ( 1.000000000000000000, 0.0000000000000000000, -0.0000000000000000000 ) ) ;
#1938 = LINE ( 'NONE', #3256, #8946 ) ;
#1939 = FACE_OUTER_BOUND ( 'NONE', #9069, .T. ) ;
#1940 = CARTESIAN_POINT ( 'NONE',  ( 12.99999999999999600, 12.99999999999999600, 4.500000000000001800 ) ) ;
#1941 = COLOUR_RGB ( '',0.2509803921568627400, 0.2509803921568627400, 0.2509803921568627400 ) ;
#1942 = DIRECTION ( 'NONE',  ( -1.000000000000000000, 0.0000000000000000000, 0.0000000000000000000 ) ) ;
#1943 = VERTEX_POINT ( 'NONE', #1559 ) ;
#1944 =( BOUNDED_SURFACE ( )  B_SPLINE_SURFACE ( 3, 3, ( 
 ( #945, #8072, #2833, #8943 ),
 ( #3699, #9838, #4578, #10701 ),
 ( #5459, #108, #6352, #1023 ),
 ( #7240, #1958, #8118, #2869 ) ),
 .UNSPECIFIED., .F., .F., .F. ) 
 B_SPLINE_SURFACE_WITH_KNOTS ( ( 4, 4 ),
 ( 4, 4 ),
 ( 0.0000000000000000000, 1.000000000000000000 ),
 ( 0.0000000000000000000, 1.000000000000000000 ),
 .UNSPECIFIED. ) 
 GEOMETRIC_REPRESENTATION_ITEM ( )  RATIONAL_B_SPLINE_SURFACE ( (
 ( 1.000000000000000000, 0.3333333333333334300, 0.3333333333333334300, 1.000000000000000000),
 ( 0.8047378541243649400, 0.2682459513747884100, 0.2682459513747884100, 0.8047378541243649400),
 ( 0.8047378541243649400, 0.2682459513747884100, 0.2682459513747884100, 0.8047378541243649400),
 ( 1.000000000000000000, 0.3333333333333334300, 0.3333333333333334300, 1.000000000000000000) ) ) 
 REPRESENTATION_ITEM ( '' )  SURFACE ( )  );
#1945 = ORIENTED_EDGE ( 'NONE', *, *, #10357, .F. ) ;
#1946 =( GEOMETRIC_REPRESENTATION_CONTEXT ( 3 ) GLOBAL_UNCERTAINTY_ASSIGNED_CONTEXT ( ( #23 ) ) GLOBAL_UNIT_ASSIGNED_CONTEXT ( ( #7202, #1919, #8078 ) ) REPRESENTATION_CONTEXT ( 'NONE', 'WORKASPACE' ) );
#1947 = CARTESIAN_POINT ( 'NONE',  ( 17.60528299132913700, -11.44788237165359000, 22.19999999999999600 ) ) ;
#1948 = AXIS2_PLACEMENT_3D ( 'NONE', #10922, #5680, #330 ) ;
#1949 = CARTESIAN_POINT ( 'NONE',  ( -16.29861620407361000, -13.00000000000072300, 28.19999999999999900 ) ) ;
#1950 = CARTESIAN_POINT ( 'NONE',  ( -11.92888516960188700, -13.54102959263322100, 27.70000000000000300 ) ) ;
#1951 = LINE ( 'NONE', #2292, #1644 ) ;
#1952 = SURFACE_STYLE_USAGE ( .BOTH. , #7235 ) ;
#1953 = EDGE_LOOP ( 'NONE', ( #8749, #8695, #10605, #9416 ) ) ;
#1954 = CARTESIAN_POINT ( 'NONE',  ( -12.99999999999999800, 12.99999999999927200, 25.19999999999999900 ) ) ;
#1955 = FILL_AREA_STYLE_COLOUR ( '', #8416 ) ;
#1956 = AXIS2_PLACEMENT_3D ( 'NONE', #6996, #1708, #7881 ) ;
#1957 = CARTESIAN_POINT ( 'NONE',  ( -10.79999999999920300, 8.599999999997695700, 27.28578643762690700 ) ) ;
#1958 = CARTESIAN_POINT ( 'NONE',  ( -11.50000000000000200, -22.99999999999999300, 0.0000000000000000000 ) ) ;
#1959 = ADVANCED_FACE ( 'NONE', ( #9499 ), #5093, .T. ) ;
#1960 = CARTESIAN_POINT ( 'NONE',  ( 12.45897040736655700, -13.58868278403013000, 26.70000000000000300 ) ) ;
#1961 = VECTOR ( 'NONE', #8956, 1000.000000000000000 ) ;
#1962 =( NAMED_UNIT ( * ) SI_UNIT ( $, .STERADIAN. ) SOLID_ANGLE_UNIT ( ) );
#1963 = VERTEX_POINT ( 'NONE', #1175 ) ;
#1964 = DIRECTION ( 'NONE',  ( -0.0000000000000000000, -0.0000000000000000000, -1.000000000000000000 ) ) ;
#1965 = FILL_AREA_STYLE ('',( #2878 ) ) ;
#1966 = CARTESIAN_POINT ( 'NONE',  ( -15.20000000000078400, 8.599999999997690400, 27.28578643762690700 ) ) ;
#1967 = PRESENTATION_LAYER_ASSIGNMENT (  '', '', ( #1332 ) ) ;
#1968 = LINE ( 'NONE', #10410, #4038 ) ;
#1969 = CARTESIAN_POINT ( 'NONE',  ( 13.00000000000072100, -12.99999999999999600, 25.19999999999999900 ) ) ;
#1970 = CARTESIAN_POINT ( 'NONE',  ( 1.102823950784878000, -15.60000000000000300, 23.70506691744403900 ) ) ;
#1971 = DIRECTION ( 'NONE',  ( -5.146266884835468500E-015, -1.000000000000000000, 0.0000000000000000000 ) ) ;
#1972 = CIRCLE ( 'NONE', #5573, 0.4726131969088054300 ) ;
#1973 = EDGE_CURVE ( 'NONE', #7982, #8058, #11158, .T. ) ;
#1974 = FACE_OUTER_BOUND ( 'NONE', #7593, .T. ) ;
#1975 = DIRECTION ( 'NONE',  ( 0.0000000000000000000, 0.0000000000000000000, 1.000000000000000000 ) ) ;
#1976 = MECHANICAL_DESIGN_GEOMETRIC_PRESENTATION_REPRESENTATION (  '', ( #131 ), #2570 ) ;
#1977 = SURFACE_SIDE_STYLE ('',( #8233 ) ) ;
#1978 = DIRECTION ( 'NONE',  ( 1.000000000000000000, 0.0000000000000000000, 0.0000000000000000000 ) ) ;
#1979 = ORIENTED_EDGE ( 'NONE', *, *, #1851, .T. ) ;
#1980 = VERTEX_POINT ( 'NONE', #4383 ) ;
#1981 = CARTESIAN_POINT ( 'NONE',  ( 1.102823950784878000, -15.60000000000000300, 23.23245372053523300 ) ) ;
#1982 = VERTEX_POINT ( 'NONE', #3507 ) ;
#1983 = CARTESIAN_POINT ( 'NONE',  ( -16.00572298526016000, -13.00000000000072500, 28.20000000000000300 ) ) ;
#1984 = DIRECTION ( 'NONE',  ( 0.0000000000000000000, 0.0000000000000000000, 1.000000000000000000 ) ) ;
#1985 = ADVANCED_FACE ( 'NONE', ( #4029 ), #9929, .T. ) ;
#1986 = LINE ( 'NONE', #6318, #6659 ) ;
#1987 = CARTESIAN_POINT ( 'NONE',  ( -12.99999999999927200, -13.00000000000072300, 27.69999999999999900 ) ) ;
#1988 = CARTESIAN_POINT ( 'NONE',  ( 0.0000000000000000000, 0.0000000000000000000, 26.20000000000000300 ) ) ;
#1989 = DIRECTION ( 'NONE',  ( 0.0000000000000000000, 0.0000000000000000000, 1.000000000000000000 ) ) ;
#1990 = ADVANCED_FACE ( 'NONE', ( #11003 ), #6754, .T. ) ;
#1991 = B_SPLINE_CURVE_WITH_KNOTS ( 'NONE', 3,
 ( #5413, #986, #8069, #2827 ),
 .UNSPECIFIED., .F., .F.,
 ( 4, 4 ),
 ( 0.0000000000000000000, 0.0003313943203240220200 ),
 .UNSPECIFIED. ) ;
#1992 = CARTESIAN_POINT ( 'NONE',  ( -15.20000000000078800, 12.99999999999927000, 27.28578643762690700 ) ) ;
#1993 = EDGE_LOOP ( 'NONE', ( #2321, #7822, #7036, #6869 ) ) ;
#1994 = CARTESIAN_POINT ( 'NONE',  ( -4.000000000000000000, 0.0000000000000000000, 28.19999999999999900 ) ) ;
#1995 = DIRECTION ( 'NONE',  ( -1.000000000000000000, 1.029253376967093700E-014, 0.0000000000000000000 ) ) ;
#1996 = ORIENTED_EDGE ( 'NONE', *, *, #1122, .T. ) ;
#1997 = PLANE ( 'NONE',  #3180 ) ;
#1998 = VERTEX_POINT ( 'NONE', #9719 ) ;
#1999 = DIRECTION ( 'NONE',  ( 1.000000000000000000, -0.0000000000000000000, 0.0000000000000000000 ) ) ;
#2000 = PRESENTATION_LAYER_ASSIGNMENT (  '', '', ( #1367 ) ) ;
#2001 = EDGE_CURVE ( 'NONE', #5885, #9378, #9102, .T. ) ;
#2002 = CARTESIAN_POINT ( 'NONE',  ( 16.29861620407432800, -12.99999999999999800, 28.19999999999999600 ) ) ;
#2003 = FILL_AREA_STYLE_COLOUR ( '', #7797 ) ;
#2004 = CARTESIAN_POINT ( 'NONE',  ( -11.73714950768875700, -13.00000000000072100, 27.69802295345167000 ) ) ;
#2005 = CARTESIAN_POINT ( 'NONE',  ( -11.21421356237231000, 12.99999999999927700, 27.70000000000000600 ) ) ;
#2006 = SURFACE_STYLE_FILL_AREA ( #2495 ) ;
#2007 = CARTESIAN_POINT ( 'NONE',  ( 12.45897040736655400, -14.26285049231145800, 26.70000000000000300 ) ) ;
#2008 = FACE_OUTER_BOUND ( 'NONE', #10293, .T. ) ;
#2009 = UNCERTAINTY_MEASURE_WITH_UNIT (LENGTH_MEASURE( 1.000000000000000100E-005 ), #1500, 'distance_accuracy_value', 'NONE');
#2010 = CARTESIAN_POINT ( 'NONE',  ( -11.73714950768875400, -12.45897040736652900, 27.68476953867945400 ) ) ;
#2011 = CIRCLE ( 'NONE', #10845, 2.798616204073610900 ) ;
#2012 = STYLED_ITEM ( 'NONE', ( #6681 ), #4817 ) ;
#2013 = ADVANCED_FACE ( 'NONE', ( #11367 ), #10557, .F. ) ;
#2014 = CIRCLE ( 'NONE', #1384, 0.5000000000000004400 ) ;
#2015 = VECTOR ( 'NONE', #11082, 1000.000000000000000 ) ;
#2016 = SURFACE_SIDE_STYLE ('',( #4786 ) ) ;
#2017 = AXIS2_PLACEMENT_3D ( 'NONE', #3382, #9503, #4264 ) ;
#2018 = DIRECTION ( 'NONE',  ( 1.057758217059029000E-016, 0.0000000000000000000, -1.000000000000000000 ) ) ;
#2019 = CARTESIAN_POINT ( 'NONE',  ( 0.0000000000000000000, 0.0000000000000000000, 6.000000000000000000 ) ) ;
#2020 = LINE ( 'NONE', #9058, #4367 ) ;
#2021 =( NAMED_UNIT ( * ) SI_UNIT ( $, .STERADIAN. ) SOLID_ANGLE_UNIT ( ) );
#2022 = ORIENTED_EDGE ( 'NONE', *, *, #3195, .F. ) ;
#2023 = DIRECTION ( 'NONE',  ( 1.000000000000000000, 0.0000000000000000000, -0.0000000000000000000 ) ) ;
#2024 = CARTESIAN_POINT ( 'NONE',  ( -11.21421356237230200, 9.428427124743896200, 27.70000000000000600 ) ) ;
#2025 = ORIENTED_EDGE ( 'NONE', *, *, #4742, .F. ) ;
#2026 = MECHANICAL_DESIGN_GEOMETRIC_PRESENTATION_REPRESENTATION (  '', ( #788 ), #2637 ) ;
#2027 = CARTESIAN_POINT ( 'NONE',  ( -17.59999999999999800, -13.60000000000000000, 27.69999999999999900 ) ) ;
#2028 = CARTESIAN_POINT ( 'NONE',  ( 3.707106781186547000, 7.414213562373094900, 28.19999999999999900 ) ) ;
#2029 = EDGE_LOOP ( 'NONE', ( #4615, #7789, #9299, #8865 ) ) ;
#2030 =( LENGTH_UNIT ( ) NAMED_UNIT ( * ) SI_UNIT ( .MILLI., .METRE. ) );
#2031 = EDGE_CURVE ( 'NONE', #2208, #6041, #8290, .T. ) ;
#2032 = VERTEX_POINT ( 'NONE', #1876 ) ;
#2033 = DIRECTION ( 'NONE',  ( -0.0000000000000000000, -0.0000000000000000000, -1.000000000000000000 ) ) ;
#2034 = FACE_OUTER_BOUND ( 'NONE', #3737, .T. ) ;
#2035 = CARTESIAN_POINT ( 'NONE',  ( 0.0000000000000000000, 0.0000000000000000000, 6.000000000000000000 ) ) ;
#2036 = VERTEX_POINT ( 'NONE', #2796 ) ;
#2037 = CARTESIAN_POINT ( 'NONE',  ( 5.340351677908561500E-015, 17.60999999999998900, 5.999999999999998200 ) ) ;
#2038 = CARTESIAN_POINT ( 'NONE',  ( -15.79861620407457900, 18.59723240814842900, 27.69999999999999600 ) ) ;
#2039 = STYLED_ITEM ( 'NONE', ( #1915 ), #3648 ) ;
#2040 = EDGE_LOOP ( 'NONE', ( #9198, #5668 ) ) ;
#2041 = ADVANCED_FACE ( 'NONE', ( #5922 ), #8039, .T. ) ;
#2042 = ORIENTED_EDGE ( 'NONE', *, *, #5997, .T. ) ;
#2043 = VERTEX_POINT ( 'NONE', #993 ) ;
#2044 = COLOUR_RGB ( '',1.000000000000000000, 1.000000000000000000, 1.000000000000000000 ) ;
#2045 = ADVANCED_FACE ( 'NONE', ( #10314 ), #9842, .F. ) ;
#2046 = ORIENTED_EDGE ( 'NONE', *, *, #8204, .F. ) ;
#2047 = ORIENTED_EDGE ( 'NONE', *, *, #1147, .T. ) ;
#2048 = ORIENTED_EDGE ( 'NONE', *, *, #11109, .F. ) ;
#2049 = CARTESIAN_POINT ( 'NONE',  ( 17.60000000000000500, -13.60000000000000100, 0.5000000000000004400 ) ) ;
#2050 = CARTESIAN_POINT ( 'NONE',  ( 13.54102959263324700, -14.26285049231146700, 26.70000000000000300 ) ) ;
#2051 = UNCERTAINTY_MEASURE_WITH_UNIT (LENGTH_MEASURE( 1.000000000000000100E-005 ), #1906, 'distance_accuracy_value', 'NONE');
#2052 = ORIENTED_EDGE ( 'NONE', *, *, #7648, .T. ) ;
#2053 = VECTOR ( 'NONE', #5091, 1000.000000000000000 ) ;
#2054 = EDGE_CURVE ( 'NONE', #10699, #2643, #349, .T. ) ;
#2055 =( GEOMETRIC_REPRESENTATION_CONTEXT ( 3 ) GLOBAL_UNCERTAINTY_ASSIGNED_CONTEXT ( ( #7564 ) ) GLOBAL_UNIT_ASSIGNED_CONTEXT ( ( #117, #6365, #1031 ) ) REPRESENTATION_CONTEXT ( 'NONE', 'WORKASPACE' ) );
#2056 = CARTESIAN_POINT ( 'NONE',  ( -12.45897040736665300, 14.26285049231137400, 26.70000000000000300 ) ) ;
#2057 = STYLED_ITEM ( 'NONE', ( #7298 ), #10742 ) ;
#2058 = LINE ( 'NONE', #8955, #10289 ) ;
#2059 =( NAMED_UNIT ( * ) SI_UNIT ( $, .STERADIAN. ) SOLID_ANGLE_UNIT ( ) );
#2060 = PRESENTATION_STYLE_ASSIGNMENT (( #7487 ) ) ;
#2061 = SURFACE_STYLE_USAGE ( .BOTH. , #7348 ) ;
#2062 = ORIENTED_EDGE ( 'NONE', *, *, #8950, .T. ) ;
#2063 =( NAMED_UNIT ( * ) PLANE_ANGLE_UNIT ( ) SI_UNIT ( $, .RADIAN. ) );
#2064 = PRESENTATION_STYLE_ASSIGNMENT (( #6799 ) ) ;
#2065 = COLOUR_RGB ( '',1.000000000000000000, 1.000000000000000000, 1.000000000000000000 ) ;
#2066 = CARTESIAN_POINT ( 'NONE',  ( -14.78578643762768300, 9.428427124743892700, 27.70000000000000600 ) ) ;
#2067 = VERTEX_POINT ( 'NONE', #4624 ) ;
#2068 = CARTESIAN_POINT ( 'NONE',  ( 11.74999999999999600, -13.00000000000000500, 0.0000000000000000000 ) ) ;
#2069 = STYLED_ITEM ( 'NONE', ( #6762 ), #1897 ) ;
#2070 = CARTESIAN_POINT ( 'NONE',  ( -12.80750843591139300, -15.60000000000000100, 12.80750843591118300 ) ) ;
#2071 = SURFACE_STYLE_USAGE ( .BOTH. , #7360 ) ;
#2072 = ORIENTED_EDGE ( 'NONE', *, *, #10378, .T. ) ;
#2073 = DIRECTION ( 'NONE',  ( 0.0000000000000000000, 0.0000000000000000000, -1.000000000000000000 ) ) ;
#2074 = ORIENTED_EDGE ( 'NONE', *, *, #6629, .T. ) ;
#2075 = EDGE_CURVE ( 'NONE', #5221, #7152, #8683, .T. ) ;
#2076 = CARTESIAN_POINT ( 'NONE',  ( -17.59999999999999800, 17.59999999999999800, 20.19999999999999900 ) ) ;
#2077 =( NAMED_UNIT ( * ) PLANE_ANGLE_UNIT ( ) SI_UNIT ( $, .RADIAN. ) );
#2078 = CARTESIAN_POINT ( 'NONE',  ( 13.60000000000000500, 17.10000000000000100, 1.084202172485504400E-016 ) ) ;
#2079 = CARTESIAN_POINT ( 'NONE',  ( -14.78578643762768700, 12.99999999999927000, 27.70000000000000600 ) ) ;
#2080 = CARTESIAN_POINT ( 'NONE',  ( 13.54102959263324700, -14.26285049231146700, 27.68476953867928000 ) ) ;
#2081 = PRESENTATION_LAYER_ASSIGNMENT (  '', '', ( #1446 ) ) ;
#2082 = ORIENTED_EDGE ( 'NONE', *, *, #6414, .F. ) ;
#2083 = ORIENTED_EDGE ( 'NONE', *, *, #4513, .T. ) ;
#2084 = UNCERTAINTY_MEASURE_WITH_UNIT (LENGTH_MEASURE( 1.000000000000000100E-005 ), #10521, 'distance_accuracy_value', 'NONE');
#2085 = AXIS2_PLACEMENT_3D ( 'NONE', #9846, #4588, #10709 ) ;
#2086 =( LENGTH_UNIT ( ) NAMED_UNIT ( * ) SI_UNIT ( .MILLI., .METRE. ) );
#2087 = DIRECTION ( 'NONE',  ( -1.000000000000000000, 0.0000000000000000000, -0.0000000000000000000 ) ) ;
#2088 = DIRECTION ( 'NONE',  ( 0.0000000000000000000, 0.0000000000000000000, 1.000000000000000000 ) ) ;
#2089 =( NAMED_UNIT ( * ) PLANE_ANGLE_UNIT ( ) SI_UNIT ( $, .RADIAN. ) );
#2090 = STYLED_ITEM ( 'NONE', ( #3685 ), #6243 ) ;
#2091 = CARTESIAN_POINT ( 'NONE',  ( -10.79999999999872700, -13.00000000000072100, 27.28578643762690700 ) ) ;
#2092 = COLOUR_RGB ( '',1.000000000000000000, 1.000000000000000000, 1.000000000000000000 ) ;
#2093 =( LENGTH_UNIT ( ) NAMED_UNIT ( * ) SI_UNIT ( .MILLI., .METRE. ) );
#2094 = ADVANCED_FACE ( 'NONE', ( #4019, #10991 ), #10747, .T. ) ;
#2095 = SURFACE_STYLE_USAGE ( .BOTH. , #2123 ) ;
#2096 = CARTESIAN_POINT ( 'NONE',  ( -10.79999999999921200, 17.40000000000084400, 26.70000000000000300 ) ) ;
#2097 = SURFACE_STYLE_FILL_AREA ( #10817 ) ;
#2098 = ADVANCED_FACE ( 'NONE', ( #9121 ), #1997, .F. ) ;
#2099 = CARTESIAN_POINT ( 'NONE',  ( -13.54102959263334700, 14.26285049231137400, 26.70000000000000300 ) ) ;
#2100 = ORIENTED_EDGE ( 'NONE', *, *, #5672, .F. ) ;
#2101 = FACE_OUTER_BOUND ( 'NONE', #401, .T. ) ;
#2102 = CARTESIAN_POINT ( 'NONE',  ( 13.58868278403010000, 14.37408074114600100, 26.70000000000000300 ) ) ;
#2103 =( NAMED_UNIT ( * ) PLANE_ANGLE_UNIT ( ) SI_UNIT ( $, .RADIAN. ) );
#2104 = DIRECTION ( 'NONE',  ( 1.029253376967093700E-014, 1.000000000000000000, -0.0000000000000000000 ) ) ;
#2105 = AXIS2_PLACEMENT_3D ( 'NONE', #5295, #11377, #6195 ) ;
#2106 = CARTESIAN_POINT ( 'NONE',  ( 0.0000000000000000000, 0.0000000000000000000, -23.50000000006957600 ) ) ;
#2107 = CARTESIAN_POINT ( 'NONE',  ( -10.99999999999999800, 21.99999999999999600, -1.792893218813452800 ) ) ;
#2108 = CARTESIAN_POINT ( 'NONE',  ( -13.59999999999999800, -13.60000000000000100, 20.19999999999999900 ) ) ;
#2109 =( LENGTH_UNIT ( ) NAMED_UNIT ( * ) SI_UNIT ( .MILLI., .METRE. ) );
#2110 =( NAMED_UNIT ( * ) SI_UNIT ( $, .STERADIAN. ) SOLID_ANGLE_UNIT ( ) );
#2111 = SURFACE_STYLE_FILL_AREA ( #572 ) ;
#2112 = DIRECTION ( 'NONE',  ( 0.0000000000000000000, 0.0000000000000000000, -1.000000000000000000 ) ) ;
#2113 = CARTESIAN_POINT ( 'NONE',  ( -11.79999999999921400, 12.99999999999927200, 27.70000000000000300 ) ) ;
#2114 = EDGE_LOOP ( 'NONE', ( #4384, #8510 ) ) ;
#2115 = STYLED_ITEM ( 'NONE', ( #3234 ), #7276 ) ;
#2116 = CARTESIAN_POINT ( 'NONE',  ( -11.62591925885394800, 12.41131721596995200, 27.65553645166705400 ) ) ;
#2117 = FACE_OUTER_BOUND ( 'NONE', #10423, .T. ) ;
#2118 = VECTOR ( 'NONE', #7773, 1000.000000000000000 ) ;
#2119 = ORIENTED_EDGE ( 'NONE', *, *, #6676, .T. ) ;
#2120 = EDGE_CURVE ( 'NONE', #3602, #5833, #5940, .T. ) ;
#2121 = B_SPLINE_CURVE_WITH_KNOTS ( 'NONE', 3,
 ( #3886, #4759, #10886, #5638 ),
 .UNSPECIFIED., .F., .F.,
 ( 4, 4 ),
 ( 0.0000000000000000000, 0.0003313943203226054000 ),
 .UNSPECIFIED. ) ;
#2122 = ORIENTED_EDGE ( 'NONE', *, *, #10086, .F. ) ;
#2123 = SURFACE_SIDE_STYLE ('',( #7371 ) ) ;
#2124 = EDGE_CURVE ( 'NONE', #7898, #3001, #9941, .T. ) ;
#2125 = FACE_OUTER_BOUND ( 'NONE', #1394, .T. ) ;
#2126 = AXIS2_PLACEMENT_3D ( 'NONE', #1510, #7690, #2424 ) ;
#2127 = VERTEX_POINT ( 'NONE', #8228 ) ;
#2128 =( NAMED_UNIT ( * ) PLANE_ANGLE_UNIT ( ) SI_UNIT ( $, .RADIAN. ) );
#2129 = FACE_OUTER_BOUND ( 'NONE', #5989, .T. ) ;
#2130 = B_SPLINE_CURVE_WITH_KNOTS ( 'NONE', 3,
 ( #3009, #10004, #9162, #3925 ),
 .UNSPECIFIED., .F., .F.,
 ( 4, 4 ),
 ( 1.734723475976807100E-018, 0.0001923396241087746200 ),
 .UNSPECIFIED. ) ;
#2131 =( NAMED_UNIT ( * ) PLANE_ANGLE_UNIT ( ) SI_UNIT ( $, .RADIAN. ) );
#2132 = CARTESIAN_POINT ( 'NONE',  ( 13.58868278403009100, 12.45897040736660300, 26.70000000000000300 ) ) ;
#2133 = STYLED_ITEM ( 'NONE', ( #2060 ), #1255 ) ;
#2134 = CARTESIAN_POINT ( 'NONE',  ( 11.74999999999999600, 12.99999999999999600, -5.844014525531170600E-017 ) ) ;
#2135 = PRESENTATION_LAYER_ASSIGNMENT (  '', '', ( #11138 ) ) ;
#2136 = FILL_AREA_STYLE ('',( #2169 ) ) ;
#2137 = DIRECTION ( 'NONE',  ( 1.000000000000000000, 1.224646799147351500E-016, 0.0000000000000000000 ) ) ;
#2138 = EDGE_CURVE ( 'NONE', #9721, #1120, #10328, .T. ) ;
#2139 = CARTESIAN_POINT ( 'NONE',  ( -11.79999999999921200, 10.59999999999770300, 27.70000000000000300 ) ) ;
#2140 = CARTESIAN_POINT ( 'NONE',  ( -14.26285049231150400, -12.45897040736650600, 26.70000000000000300 ) ) ;
#2141 = FACE_OUTER_BOUND ( 'NONE', #1400, .T. ) ;
#2142 = CARTESIAN_POINT ( 'NONE',  ( 1.836970198708833900E-016, 2.000000000004774800, -24.00000000000568400 ) ) ;
#2143 = AXIS2_PLACEMENT_3D ( 'NONE', #11111, #5887, #563 ) ;
#2144 = ORIENTED_EDGE ( 'NONE', *, *, #10058, .F. ) ;
#2145 = EDGE_CURVE ( 'NONE', #7135, #5013, #1234, .T. ) ;
#2146 = DIRECTION ( 'NONE',  ( 0.0000000000000000000, 0.0000000000000000000, 1.000000000000000000 ) ) ;
#2147 = UNCERTAINTY_MEASURE_WITH_UNIT (LENGTH_MEASURE( 1.000000000000000100E-005 ), #4668, 'distance_accuracy_value', 'NONE');
#2148 = CARTESIAN_POINT ( 'NONE',  ( -3.707106781186546100, -7.414213562373094900, -2.000000000000000000 ) ) ;
#2149 = CARTESIAN_POINT ( 'NONE',  ( 15.79861620407379000, 12.99999999999999500, 27.69999999999999900 ) ) ;
#2150 = DIRECTION ( 'NONE',  ( -1.000000000000000000, -0.0000000000000000000, 0.0000000000000000000 ) ) ;
#2151 = CARTESIAN_POINT ( 'NONE',  ( -14.20000000000077700, 10.59999999999769900, 27.70000000000000300 ) ) ;
#2152 = CARTESIAN_POINT ( 'NONE',  ( -14.26285049231151600, -13.54102959263319800, 26.70000000000000300 ) ) ;
#2153 = ADVANCED_FACE ( 'NONE', ( #5678 ), #11232, .T. ) ;
#2154 = COLOUR_RGB ( '',1.000000000000000000, 1.000000000000000000, 1.000000000000000000 ) ;
#2155 = ORIENTED_EDGE ( 'NONE', *, *, #2265, .F. ) ;
#2156 = ADVANCED_FACE ( 'NONE', ( #9234 ), #8138, .T. ) ;
#2157 = FACE_OUTER_BOUND ( 'NONE', #6452, .T. ) ;
#2158 =( GEOMETRIC_REPRESENTATION_CONTEXT ( 3 ) GLOBAL_UNCERTAINTY_ASSIGNED_CONTEXT ( ( #527 ) ) GLOBAL_UNIT_ASSIGNED_CONTEXT ( ( #1667, #7844, #2586 ) ) REPRESENTATION_CONTEXT ( 'NONE', 'WORKASPACE' ) );
#2159 =( GEOMETRIC_REPRESENTATION_CONTEXT ( 3 ) GLOBAL_UNCERTAINTY_ASSIGNED_CONTEXT ( ( #4901 ) ) GLOBAL_UNIT_ASSIGNED_CONTEXT ( ( #10735, #5490, #139 ) ) REPRESENTATION_CONTEXT ( 'NONE', 'WORKASPACE' ) );
#2160 = CARTESIAN_POINT ( 'NONE',  ( 1.102823950784874900, -35.60000000000000100, 24.32231988564715800 ) ) ;
#2161 = VECTOR ( 'NONE', #10674, 1000.000000000000000 ) ;
#2162 = DIRECTION ( 'NONE',  ( -1.000000000000000000, 0.0000000000000000000, 0.0000000000000000000 ) ) ;
#2163 = PRESENTATION_LAYER_ASSIGNMENT (  '', '', ( #944 ) ) ;
#2164 = DIRECTION ( 'NONE',  ( -1.000000000000000000, 0.0000000000000000000, 0.0000000000000000000 ) ) ;
#2165 = EDGE_LOOP ( 'NONE', ( #9361, #7692, #6543, #5160 ) ) ;
#2166 =( NAMED_UNIT ( * ) PLANE_ANGLE_UNIT ( ) SI_UNIT ( $, .RADIAN. ) );
#2167 = SURFACE_STYLE_USAGE ( .BOTH. , #7469 ) ;
#2168 = EDGE_LOOP ( 'NONE', ( #3751, #1345 ) ) ;
#2169 = FILL_AREA_STYLE_COLOUR ( '', #533 ) ;
#2170 =( NAMED_UNIT ( * ) PLANE_ANGLE_UNIT ( ) SI_UNIT ( $, .RADIAN. ) );
#2171 = FACE_OUTER_BOUND ( 'NONE', #8135, .T. ) ;
#2172 = CARTESIAN_POINT ( 'NONE',  ( -13.59999999999999800, -17.60000000000000100, 20.19999999999999900 ) ) ;
#2173 =( GEOMETRIC_REPRESENTATION_CONTEXT ( 3 ) GLOBAL_UNCERTAINTY_ASSIGNED_CONTEXT ( ( #8431 ) ) GLOBAL_UNIT_ASSIGNED_CONTEXT ( ( #4410, #10540, #5284 ) ) REPRESENTATION_CONTEXT ( 'NONE', 'WORKASPACE' ) );
#2174 = PRESENTATION_STYLE_ASSIGNMENT (( #6957 ) ) ;
#2175 = SURFACE_SIDE_STYLE ('',( #10819 ) ) ;
#2176 = EDGE_CURVE ( 'NONE', #7783, #5531, #1365, .T. ) ;
#2177 = ORIENTED_EDGE ( 'NONE', *, *, #7539, .F. ) ;
#2178 = PLANE ( 'NONE',  #1012 ) ;
#2179 = FILL_AREA_STYLE ('',( #10868 ) ) ;
#2180 = CARTESIAN_POINT ( 'NONE',  ( 15.20000000000053800, -12.99999999999999500, 27.28578643762690700 ) ) ;
#2181 = CIRCLE ( 'NONE', #10498, 0.5000000000000004400 ) ;
#2182 = PLANE ( 'NONE',  #3121 ) ;
#2183 = PRESENTATION_LAYER_ASSIGNMENT (  '', '', ( #967 ) ) ;
#2184 = PRESENTATION_STYLE_ASSIGNMENT (( #10869 ) ) ;
#2185 =( BOUNDED_CURVE ( )  B_SPLINE_CURVE ( 3, ( #520, #5777, #1433, #7628 ),
 .UNSPECIFIED., .F., .F. ) 
 B_SPLINE_CURVE_WITH_KNOTS ( ( 4, 4 ),
 ( 0.0000000000000000000, 1.000000000000000000 ),
 .UNSPECIFIED. ) 
 CURVE ( )  GEOMETRIC_REPRESENTATION_ITEM ( )  RATIONAL_B_SPLINE_CURVE ( ( 1.000000000000000000, 0.3333333333333332000, 0.3333333333333332000, 1.000000000000000000 ) ) 
 REPRESENTATION_ITEM ( '' )  );
#2186 = ORIENTED_EDGE ( 'NONE', *, *, #8481, .T. ) ;
#2187 = AXIS2_PLACEMENT_3D ( 'NONE', #2707, #6225, #9741 ) ;
#2188 =( BOUNDED_CURVE ( )  B_SPLINE_CURVE ( 3, ( #7496, #3118, #10111, #4858 ),
 .UNSPECIFIED., .F., .F. ) 
 B_SPLINE_CURVE_WITH_KNOTS ( ( 4, 4 ),
 ( 0.0000000000000000000, 1.000000000000000000 ),
 .UNSPECIFIED. ) 
 CURVE ( )  GEOMETRIC_REPRESENTATION_ITEM ( )  RATIONAL_B_SPLINE_CURVE ( ( 1.000000000000000000, 0.9711696904487291400, 0.9711696904487291400, 1.000000000000000000 ) ) 
 REPRESENTATION_ITEM ( '' )  );
#2189 = EDGE_LOOP ( 'NONE', ( #9451, #1794, #331, #4891, #6941, #6184, #4238, #4674 ) ) ;
#2190 = SHAPE_DEFINITION_REPRESENTATION ( #1152, #6694 ) ;
#2191 = FACE_OUTER_BOUND ( 'NONE', #2887, .T. ) ;
#2192 = LINE ( 'NONE', #9220, #7019 ) ;
#2193 = ORIENTED_EDGE ( 'NONE', *, *, #5864, .F. ) ;
#2194 = ORIENTED_EDGE ( 'NONE', *, *, #7794, .F. ) ;
#2195 = FACE_BOUND ( 'NONE', #3014, .T. ) ;
#2196 = EDGE_CURVE ( 'NONE', #3153, #7618, #6154, .T. ) ;
#2197 = ORIENTED_EDGE ( 'NONE', *, *, #4271, .F. ) ;
#2198 = PRESENTATION_STYLE_ASSIGNMENT (( #8835 ) ) ;
#2199 =( NAMED_UNIT ( * ) SI_UNIT ( $, .STERADIAN. ) SOLID_ANGLE_UNIT ( ) );
#2200 = CARTESIAN_POINT ( 'NONE',  ( -2.500000000000000000, 3.061616997868383100E-016, -23.50000000000000000 ) ) ;
#2201 = LINE ( 'NONE', #6864, #6881 ) ;
#2202 = CARTESIAN_POINT ( 'NONE',  ( -11.45062910550453200, 17.59999999999999800, 8.000000000000000000 ) ) ;
#2203 = PRESENTATION_LAYER_ASSIGNMENT (  '', '', ( #8472 ) ) ;
#2204 = CARTESIAN_POINT ( 'NONE',  ( 15.82182540694798300, 17.39289321881345500, 4.516154061397947200E-016 ) ) ;
#2205 = ADVANCED_FACE ( 'NONE', ( #3764 ), #2660, .T. ) ;
#2206 = EDGE_CURVE ( 'NONE', #10539, #7381, #501, .T. ) ;
#2207 = ORIENTED_EDGE ( 'NONE', *, *, #5694, .F. ) ;
#2208 = VERTEX_POINT ( 'NONE', #11225 ) ;
#2209 = CARTESIAN_POINT ( 'NONE',  ( -1.102823950784868500, -15.60000000000000300, 23.70506691744403600 ) ) ;
#2210 =( NAMED_UNIT ( * ) SI_UNIT ( $, .STERADIAN. ) SOLID_ANGLE_UNIT ( ) );
#2211 = CARTESIAN_POINT ( 'NONE',  ( 11.00000000000000000, 1.347111479062088600E-015, -1.792893218813452500 ) ) ;
#2212 = FACE_OUTER_BOUND ( 'NONE', #856, .T. ) ;
#2213 = CARTESIAN_POINT ( 'NONE',  ( -14.52295398712865700, -14.52894118582679200, 22.19999999999999600 ) ) ;
#2214 = DIRECTION ( 'NONE',  ( -1.000000000000000000, -9.856383386231857600E-017, -0.0000000000000000000 ) ) ;
#2215 =( NAMED_UNIT ( * ) SI_UNIT ( $, .STERADIAN. ) SOLID_ANGLE_UNIT ( ) );
#2216 = SURFACE_STYLE_FILL_AREA ( #10019 ) ;
#2217 = CARTESIAN_POINT ( 'NONE',  ( -13.00000000000000500, -13.00000000000000200, 0.0000000000000000000 ) ) ;
#2218 = SURFACE_STYLE_FILL_AREA ( #10196 ) ;
#2219 = SURFACE_STYLE_FILL_AREA ( #4591 ) ;
#2220 = FACE_OUTER_BOUND ( 'NONE', #7014, .T. ) ;
#2221 = LINE ( 'NONE', #5915, #2513 ) ;
#2222 = MECHANICAL_DESIGN_GEOMETRIC_PRESENTATION_REPRESENTATION (  '', ( #391 ), #2862 ) ;
#2223 =( NAMED_UNIT ( * ) SI_UNIT ( $, .STERADIAN. ) SOLID_ANGLE_UNIT ( ) );
#2224 = CARTESIAN_POINT ( 'NONE',  ( -17.59999999999999800, -11.45316318592671200, 5.999999999999999100 ) ) ;
#2225 = CARTESIAN_POINT ( 'NONE',  ( -17.59999999999999800, 0.0000000000000000000, 8.000000000000000000 ) ) ;
#2226 = LINE ( 'NONE', #5711, #11248 ) ;
#2227 = PRESENTATION_STYLE_ASSIGNMENT (( #4437 ) ) ;
#2228 = PRESENTATION_STYLE_ASSIGNMENT (( #908 ) ) ;
#2229 = CARTESIAN_POINT ( 'NONE',  ( 13.96307768558973100, 12.24508157464535300, 27.70000000000000600 ) ) ;
#2230 =( GEOMETRIC_REPRESENTATION_CONTEXT ( 3 ) GLOBAL_UNCERTAINTY_ASSIGNED_CONTEXT ( ( #6866 ) ) GLOBAL_UNIT_ASSIGNED_CONTEXT ( ( #4616, #10734, #5489 ) ) REPRESENTATION_CONTEXT ( 'NONE', 'WORKASPACE' ) );
#2231 = VECTOR ( 'NONE', #393, 1000.000000000000000 ) ;
#2232 = DIRECTION ( 'NONE',  ( -0.0000000000000000000, -0.0000000000000000000, 1.000000000000000000 ) ) ;
#2233 = CARTESIAN_POINT ( 'NONE',  ( -11.44062498292817200, 17.60999999999999200, 6.000000000000000000 ) ) ;
#2234 = CARTESIAN_POINT ( 'NONE',  ( 17.10000000000000500, -13.60000000000000100, 3.252606517456513300E-016 ) ) ;
#2235 = EDGE_CURVE ( 'NONE', #1914, #3990, #8687, .T. ) ;
#2236 = PRESENTATION_STYLE_ASSIGNMENT (( #4645 ) ) ;
#2237 =( NAMED_UNIT ( * ) PLANE_ANGLE_UNIT ( ) SI_UNIT ( $, .RADIAN. ) );
#2238 = SURFACE_STYLE_FILL_AREA ( #4522 ) ;
#2239 = VERTEX_POINT ( 'NONE', #10390 ) ;
#2240 = DIRECTION ( 'NONE',  ( 1.000000000000000000, 0.0000000000000000000, 0.0000000000000000000 ) ) ;
#2241 =( NAMED_UNIT ( * ) PLANE_ANGLE_UNIT ( ) SI_UNIT ( $, .RADIAN. ) );
#2242 =( GEOMETRIC_REPRESENTATION_CONTEXT ( 3 ) GLOBAL_UNCERTAINTY_ASSIGNED_CONTEXT ( ( #5360 ) ) GLOBAL_UNIT_ASSIGNED_CONTEXT ( ( #625, #609, #586 ) ) REPRESENTATION_CONTEXT ( 'NONE', 'WORKASPACE' ) );
#2243 = LINE ( 'NONE', #2924, #6933 ) ;
#2244 =( GEOMETRIC_REPRESENTATION_CONTEXT ( 3 ) GLOBAL_UNCERTAINTY_ASSIGNED_CONTEXT ( ( #2398 ) ) GLOBAL_UNIT_ASSIGNED_CONTEXT ( ( #9411, #4168, #10294 ) ) REPRESENTATION_CONTEXT ( 'NONE', 'WORKASPACE' ) );
#2245 = EDGE_LOOP ( 'NONE', ( #1647, #10431, #819, #468 ) ) ;
#2246 = CARTESIAN_POINT ( 'NONE',  ( -13.59999999999999800, 17.59999999999999800, 20.19999999999999900 ) ) ;
#2247 = PRESENTATION_LAYER_ASSIGNMENT (  '', '', ( #414 ) ) ;
#2248 = CARTESIAN_POINT ( 'NONE',  ( -14.37408074114605400, 12.41131721596995200, 26.70000000000000300 ) ) ;
#2249 = UNCERTAINTY_MEASURE_WITH_UNIT (LENGTH_MEASURE( 1.000000000000000100E-005 ), #429, 'distance_accuracy_value', 'NONE');
#2250 = CARTESIAN_POINT ( 'NONE',  ( 10.99999999999999800, 21.99999999999999600, -0.2071067811865476300 ) ) ;
#2251 = SURFACE_STYLE_USAGE ( .BOTH. , #7544 ) ;
#2252 =( NAMED_UNIT ( * ) SI_UNIT ( $, .STERADIAN. ) SOLID_ANGLE_UNIT ( ) );
#2253 = CARTESIAN_POINT ( 'NONE',  ( 11.21421356237399700, -12.99999999999999500, 27.70000000000000600 ) ) ;
#2254 = DIRECTION ( 'NONE',  ( 1.041186654069147000E-014, 1.000000000000000000, -0.0000000000000000000 ) ) ;
#2255 = VERTEX_POINT ( 'NONE', #3418 ) ;
#2256 = ORIENTED_EDGE ( 'NONE', *, *, #5931, .T. ) ;
#2257 = EDGE_LOOP ( 'NONE', ( #390, #9048, #10506, #7273, #5282 ) ) ;
#2258 = CARTESIAN_POINT ( 'NONE',  ( 4.000000000000000000, 4.898587196589412800E-016, 28.19999999999999900 ) ) ;
#2259 = ADVANCED_FACE ( 'NONE', ( #4981 ), #6232, .T. ) ;
#2260 = ORIENTED_EDGE ( 'NONE', *, *, #1181, .T. ) ;
#2261 = PLANE ( 'NONE',  #1261 ) ;
#2262 = EDGE_CURVE ( 'NONE', #11079, #5796, #8563, .T. ) ;
#2263 = FACE_OUTER_BOUND ( 'NONE', #461, .T. ) ;
#2264 = PRESENTATION_LAYER_ASSIGNMENT (  '', '', ( #1663 ) ) ;
#2265 = EDGE_CURVE ( 'NONE', #8893, #2418, #10880, .T. ) ;
#2266 = CARTESIAN_POINT ( 'NONE',  ( 13.54102959263326500, -11.80064611981714000, 27.69507424152991200 ) ) ;
#2267 = VERTEX_POINT ( 'NONE', #10476 ) ;
#2268 =( LENGTH_UNIT ( ) NAMED_UNIT ( * ) SI_UNIT ( .MILLI., .METRE. ) );
#2269 = CARTESIAN_POINT ( 'NONE',  ( 0.0000000000000000000, 0.0000000000000000000, 26.70000000000000300 ) ) ;
#2270 = SURFACE_SIDE_STYLE ('',( #335 ) ) ;
#2271 = VECTOR ( 'NONE', #6945, 1000.000000000000000 ) ;
#2272 = FILL_AREA_STYLE ('',( #474 ) ) ;
#2273 = MECHANICAL_DESIGN_GEOMETRIC_PRESENTATION_REPRESENTATION (  '', ( #434 ), #2905 ) ;
#2274 = CARTESIAN_POINT ( 'NONE',  ( -2.799999999999999800, 3.429011037612588800E-016, 25.19999999999999900 ) ) ;
#2275 = AXIS2_PLACEMENT_3D ( 'NONE', #3616, #9748, #4492 ) ;
#2276 = LINE ( 'NONE', #10229, #2015 ) ;
#2277 = CARTESIAN_POINT ( 'NONE',  ( 17.60000000000000500, -17.60000000000000100, 6.000000000000000000 ) ) ;
#2278 = EDGE_LOOP ( 'NONE', ( #10303, #8166, #8987, #635 ) ) ;
#2279 =( BOUNDED_CURVE ( )  B_SPLINE_CURVE ( 3, ( #7955, #7995, #2754, #8872 ),
 .UNSPECIFIED., .F., .T. ) 
 B_SPLINE_CURVE_WITH_KNOTS ( ( 4, 4 ),
 ( 0.0000000000000000000, 1.000000000000000000 ),
 .UNSPECIFIED. ) 
 CURVE ( )  GEOMETRIC_REPRESENTATION_ITEM ( )  RATIONAL_B_SPLINE_CURVE ( ( 1.000000000000000000, 0.9711696904488185100, 0.9711696904488185100, 1.000000000000000000 ) ) 
 REPRESENTATION_ITEM ( '' )  );
#2280 = EDGE_CURVE ( 'NONE', #3990, #10707, #8294, .T. ) ;
#2281 =( LENGTH_UNIT ( ) NAMED_UNIT ( * ) SI_UNIT ( .MILLI., .METRE. ) );
#2282 = CARTESIAN_POINT ( 'NONE',  ( 11.62591925885385200, -13.58868278403012500, 26.70000000000000300 ) ) ;
#2283 =( LENGTH_UNIT ( ) NAMED_UNIT ( * ) SI_UNIT ( .MILLI., .METRE. ) );
#2284 =( NAMED_UNIT ( * ) SI_UNIT ( $, .STERADIAN. ) SOLID_ANGLE_UNIT ( ) );
#2285 = VECTOR ( 'NONE', #8168, 1000.000000000000000 ) ;
#2286 = EDGE_CURVE ( 'NONE', #9168, #6705, #10609, .T. ) ;
#2287 = SURFACE_SIDE_STYLE ('',( #1681 ) ) ;
#2288 = ORIENTED_EDGE ( 'NONE', *, *, #1759, .T. ) ;
#2289 =( LENGTH_UNIT ( ) NAMED_UNIT ( * ) SI_UNIT ( .MILLI., .METRE. ) );
#2290 =( NAMED_UNIT ( * ) SI_UNIT ( $, .STERADIAN. ) SOLID_ANGLE_UNIT ( ) );
#2291 = SURFACE_STYLE_USAGE ( .BOTH. , #2335 ) ;
#2292 = CARTESIAN_POINT ( 'NONE',  ( -11.45062910550453900, -17.60000000000000100, 20.19999999999999900 ) ) ;
#2293 = EDGE_LOOP ( 'NONE', ( #7023, #3445 ) ) ;
#2294 =( GEOMETRIC_REPRESENTATION_CONTEXT ( 3 ) GLOBAL_UNCERTAINTY_ASSIGNED_CONTEXT ( ( #9318 ) ) GLOBAL_UNIT_ASSIGNED_CONTEXT ( ( #7104, #1814, #7980 ) ) REPRESENTATION_CONTEXT ( 'NONE', 'WORKASPACE' ) );
#2295 =( NAMED_UNIT ( * ) PLANE_ANGLE_UNIT ( ) SI_UNIT ( $, .RADIAN. ) );
#2296 = ORIENTED_EDGE ( 'NONE', *, *, #5888, .T. ) ;
#2297 = SURFACE_STYLE_FILL_AREA ( #4 ) ;
#2298 = CARTESIAN_POINT ( 'NONE',  ( -2.414556231389124900, -3.189819593624314100, -2.000000000000000400 ) ) ;
#2299 = CONICAL_SURFACE ( 'NONE', #6301, 1.249999999993629500, 1.029744258661863500 ) ;
#2300 = DIRECTION ( 'NONE',  ( 1.000000000000000000, 0.0000000000000000000, -0.0000000000000000000 ) ) ;
#2301 = PRESENTATION_LAYER_ASSIGNMENT (  '', '', ( #1091 ) ) ;
#2302 = ORIENTED_EDGE ( 'NONE', *, *, #4584, .T. ) ;
#2303 = MECHANICAL_DESIGN_GEOMETRIC_PRESENTATION_REPRESENTATION (  '', ( #1093 ), #2934 ) ;
#2304 = SURFACE_STYLE_USAGE ( .BOTH. , #7589 ) ;
#2305 = ORIENTED_EDGE ( 'NONE', *, *, #4773, .T. ) ;
#2306 = CARTESIAN_POINT ( 'NONE',  ( 13.00000000000072100, -12.99999999999999600, 26.70000000000000300 ) ) ;
#2307 = ORIENTED_EDGE ( 'NONE', *, *, #6003, .F. ) ;
#2308 = ORIENTED_EDGE ( 'NONE', *, *, #10021, .T. ) ;
#2309 = VECTOR ( 'NONE', #10896, 1000.000000000000000 ) ;
#2310 = CARTESIAN_POINT ( 'NONE',  ( 10.49999999999999800, 1.298125607096194400E-015, -2.000000000000000000 ) ) ;
#2311 = ORIENTED_EDGE ( 'NONE', *, *, #286, .F. ) ;
#2312 = DIRECTION ( 'NONE',  ( -1.000000000000000000, -0.0000000000000000000, 0.0000000000000000000 ) ) ;
#2313 = CIRCLE ( 'NONE', #3006, 1.249999999999999300 ) ;
#2314 = CARTESIAN_POINT ( 'NONE',  ( 14.37408074114595800, -12.99999999999999600, 27.68473138244003500 ) ) ;
#2315 = AXIS2_PLACEMENT_3D ( 'NONE', #4193, #5077, #8608 ) ;
#2316 = VERTEX_POINT ( 'NONE', #10514 ) ;
#2317 = DIRECTION ( 'NONE',  ( 0.0000000000000000000, 0.0000000000000000000, 1.000000000000000000 ) ) ;
#2318 = CARTESIAN_POINT ( 'NONE',  ( 2.500000000000000000, 0.0000000000000000000, 25.19999999999999900 ) ) ;
#2319 = MECHANICAL_DESIGN_GEOMETRIC_PRESENTATION_REPRESENTATION (  '', ( #10791 ), #2954 ) ;
#2320 =( NAMED_UNIT ( * ) PLANE_ANGLE_UNIT ( ) SI_UNIT ( $, .RADIAN. ) );
#2321 = ORIENTED_EDGE ( 'NONE', *, *, #5821, .F. ) ;
#2322 = FACE_OUTER_BOUND ( 'NONE', #7239, .T. ) ;
#2323 = PRESENTATION_LAYER_ASSIGNMENT (  '', '', ( #1727 ) ) ;
#2324 = CARTESIAN_POINT ( 'NONE',  ( 5.340351677908561500E-015, -17.60999999999998900, 5.999999999999998200 ) ) ;
#2325 = COLOUR_RGB ( '',1.000000000000000000, 1.000000000000000000, 1.000000000000000000 ) ;
#2326 = VECTOR ( 'NONE', #8005, 1000.000000000000000 ) ;
#2327 = LINE ( 'NONE', #8389, #9082 ) ;
#2328 = SURFACE_STYLE_USAGE ( .BOTH. , #7604 ) ;
#2329 = EDGE_CURVE ( 'NONE', #7551, #1171, #1220, .T. ) ;
#2330 = EDGE_CURVE ( 'NONE', #6456, #10420, #3899, .T. ) ;
#2331 = ORIENTED_EDGE ( 'NONE', *, *, #2075, .F. ) ;
#2332 = CARTESIAN_POINT ( 'NONE',  ( 15.20000000000053900, -12.99999999999999600, 25.19999999999999900 ) ) ;
#2333 = CARTESIAN_POINT ( 'NONE',  ( 12.99999999999999600, 12.99999999999999600, 25.19999999999999900 ) ) ;
#2334 = CARTESIAN_POINT ( 'NONE',  ( 10.79999999999999700, 13.00000000000027900, 26.70000000000000300 ) ) ;
#2335 = SURFACE_SIDE_STYLE ('',( #84 ) ) ;
#2336 = SURFACE_SIDE_STYLE ('',( #8421 ) ) ;
#2337 = VECTOR ( 'NONE', #2374, 1000.000000000000000 ) ;
#2338 =( GEOMETRIC_REPRESENTATION_CONTEXT ( 3 ) GLOBAL_UNCERTAINTY_ASSIGNED_CONTEXT ( ( #3684 ) ) GLOBAL_UNIT_ASSIGNED_CONTEXT ( ( #9870, #7802, #2423 ) ) REPRESENTATION_CONTEXT ( 'NONE', 'WORKASPACE' ) );
#2339 = UNCERTAINTY_MEASURE_WITH_UNIT (LENGTH_MEASURE( 1.000000000000000100E-005 ), #515, 'distance_accuracy_value', 'NONE');
#2340 = SURFACE_SIDE_STYLE ('',( #9904 ) ) ;
#2341 = VERTEX_POINT ( 'NONE', #2674 ) ;
#2342 = CIRCLE ( 'NONE', #8009, 2.798616204074580300 ) ;
#2343 = STYLED_ITEM ( 'NONE', ( #4718 ), #10051 ) ;
#2344 = COLOUR_RGB ( '',1.000000000000000000, 1.000000000000000000, 1.000000000000000000 ) ;
#2345 = CARTESIAN_POINT ( 'NONE',  ( -3.499999999999999100, -8.572527594031472200E-016, 27.99289321881345000 ) ) ;
#2346 = ORIENTED_EDGE ( 'NONE', *, *, #2831, .T. ) ;
#2347 = EDGE_LOOP ( 'NONE', ( #7233, #10599, #5321, #2193, #691 ) ) ;
#2348 = CARTESIAN_POINT ( 'NONE',  ( 1.054424534476849000, -3.862546317878793500, -2.000000000000000000 ) ) ;
#2349 = CARTESIAN_POINT ( 'NONE',  ( 0.0000000000000000000, 0.0000000000000000000, 6.000000000000000000 ) ) ;
#2350 =( GEOMETRIC_REPRESENTATION_CONTEXT ( 3 ) GLOBAL_UNCERTAINTY_ASSIGNED_CONTEXT ( ( #10987 ) ) GLOBAL_UNIT_ASSIGNED_CONTEXT ( ( #10579, #2867, #11331 ) ) REPRESENTATION_CONTEXT ( 'NONE', 'WORKASPACE' ) );
#2351 = MECHANICAL_DESIGN_GEOMETRIC_PRESENTATION_REPRESENTATION (  '', ( #9639 ), #2982 ) ;
#2352 =( LENGTH_UNIT ( ) NAMED_UNIT ( * ) SI_UNIT ( .MILLI., .METRE. ) );
#2353 = LINE ( 'NONE', #3923, #11364 ) ;
#2354 = UNCERTAINTY_MEASURE_WITH_UNIT (LENGTH_MEASURE( 1.000000000000000100E-005 ), #4631, 'distance_accuracy_value', 'NONE');
#2355 = CARTESIAN_POINT ( 'NONE',  ( -12.41131721597010300, -14.37408074114592100, 26.70000000000000300 ) ) ;
#2356 = COLOUR_RGB ( '',1.000000000000000000, 1.000000000000000000, 1.000000000000000000 ) ;
#2357 = EDGE_LOOP ( 'NONE', ( #3589, #3415, #6181, #2609 ) ) ;
#2358 = EDGE_CURVE ( 'NONE', #8183, #9894, #3336, .T. ) ;
#2359 = FILL_AREA_STYLE_COLOUR ( '', #10504 ) ;
#2360 = CARTESIAN_POINT ( 'NONE',  ( -13.59999999999999800, -17.10000000000000100, 3.252606517456513300E-016 ) ) ;
#2361 =( GEOMETRIC_REPRESENTATION_CONTEXT ( 3 ) GLOBAL_UNCERTAINTY_ASSIGNED_CONTEXT ( ( #11212 ) ) GLOBAL_UNIT_ASSIGNED_CONTEXT ( ( #6453, #1138, #7349 ) ) REPRESENTATION_CONTEXT ( 'NONE', 'WORKASPACE' ) );
#2362 = CARTESIAN_POINT ( 'NONE',  ( 10.20138379592620100, 12.99999999999999600, 25.19999999999999900 ) ) ;
#2363 = EDGE_CURVE ( 'NONE', #3285, #1597, #5670, .T. ) ;
#2364 = COLOUR_RGB ( '',1.000000000000000000, 1.000000000000000000, 1.000000000000000000 ) ;
#2365 = VECTOR ( 'NONE', #5547, 1000.000000000000000 ) ;
#2366 =( NAMED_UNIT ( * ) SI_UNIT ( $, .STERADIAN. ) SOLID_ANGLE_UNIT ( ) );
#2367 = SURFACE_STYLE_USAGE ( .BOTH. , #2401 ) ;
#2368 =( LENGTH_UNIT ( ) NAMED_UNIT ( * ) SI_UNIT ( .MILLI., .METRE. ) );
#2369 = PLANE ( 'NONE',  #9205 ) ;
#2370 =( LENGTH_UNIT ( ) NAMED_UNIT ( * ) SI_UNIT ( .MILLI., .METRE. ) );
#2371 =( LENGTH_UNIT ( ) NAMED_UNIT ( * ) SI_UNIT ( .MILLI., .METRE. ) );
#2372 = DIRECTION ( 'NONE',  ( -0.0000000000000000000, 0.0000000000000000000, 1.000000000000000000 ) ) ;
#2373 = DIRECTION ( 'NONE',  ( 1.000000000000000000, 0.0000000000000000000, 0.0000000000000000000 ) ) ;
#2374 = DIRECTION ( 'NONE',  ( 1.000000000000000000, -5.146266884835468500E-015, 0.0000000000000000000 ) ) ;
#2375 =( NAMED_UNIT ( * ) PLANE_ANGLE_UNIT ( ) SI_UNIT ( $, .RADIAN. ) );
#2376 = LINE ( 'NONE', #3306, #7071 ) ;
#2377 = CARTESIAN_POINT ( 'NONE',  ( -13.58868278403019600, -14.04568282944132600, 27.70000000000000300 ) ) ;
#2378 = LINE ( 'NONE', #8144, #11395 ) ;
#2379 = ORIENTED_EDGE ( 'NONE', *, *, #5137, .F. ) ;
#2380 = MECHANICAL_DESIGN_GEOMETRIC_PRESENTATION_REPRESENTATION (  '', ( #1162 ), #3010 ) ;
#2381 = COLOUR_RGB ( '',0.0000000000000000000, 0.0000000000000000000, 0.0000000000000000000 ) ;
#2382 =( NAMED_UNIT ( * ) SI_UNIT ( $, .STERADIAN. ) SOLID_ANGLE_UNIT ( ) );
#2383 = ORIENTED_EDGE ( 'NONE', *, *, #676, .F. ) ;
#2384 =( NAMED_UNIT ( * ) PLANE_ANGLE_UNIT ( ) SI_UNIT ( $, .RADIAN. ) );
#2385 = CARTESIAN_POINT ( 'NONE',  ( 10.80000000000090800, -8.600000000000360200, 27.28578643762690700 ) ) ;
#2386 = FACE_OUTER_BOUND ( 'NONE', #5508, .T. ) ;
#2387 = FILL_AREA_STYLE ('',( #1471 ) ) ;
#2388 = CARTESIAN_POINT ( 'NONE',  ( -11.62591925885394800, 12.41131721596995200, 27.65553645166705400 ) ) ;
#2389 = EDGE_LOOP ( 'NONE', ( #5542, #6204, #5260, #2042 ) ) ;
#2390 =( GEOMETRIC_REPRESENTATION_CONTEXT ( 3 ) GLOBAL_UNCERTAINTY_ASSIGNED_CONTEXT ( ( #7787 ) ) GLOBAL_UNIT_ASSIGNED_CONTEXT ( ( #11143, #5928, #599 ) ) REPRESENTATION_CONTEXT ( 'NONE', 'WORKASPACE' ) );
#2391 = CARTESIAN_POINT ( 'NONE',  ( -14.04568282944096100, 13.58868278403004800, 27.70000000000000300 ) ) ;
#2392 = CARTESIAN_POINT ( 'NONE',  ( -17.59999999999999800, 13.59999999999999800, 20.19999999999999900 ) ) ;
#2393 = VERTEX_POINT ( 'NONE', #5296 ) ;
#2394 = PLANE ( 'NONE',  #3233 ) ;
#2395 = EDGE_CURVE ( 'NONE', #9689, #1455, #4160, .T. ) ;
#2396 = CARTESIAN_POINT ( 'NONE',  ( 12.99999999999999600, -13.00000000000000500, -5.844014525531170600E-017 ) ) ;
#2397 = EDGE_CURVE ( 'NONE', #7674, #1932, #7723, .T. ) ;
#2398 = UNCERTAINTY_MEASURE_WITH_UNIT (LENGTH_MEASURE( 1.000000000000000100E-005 ), #9411, 'distance_accuracy_value', 'NONE');
#2399 = DIRECTION ( 'NONE',  ( -0.0000000000000000000, -0.0000000000000000000, -1.000000000000000000 ) ) ;
#2400 = CARTESIAN_POINT ( 'NONE',  ( 17.39289321881344800, -13.59999999999999800, 4.516154061397947200E-016 ) ) ;
#2401 = SURFACE_SIDE_STYLE ('',( #1229 ) ) ;
#2402 = AXIS2_PLACEMENT_3D ( 'NONE', #4256, #4240, #4232 ) ;
#2403 =( GEOMETRIC_REPRESENTATION_CONTEXT ( 3 ) GLOBAL_UNCERTAINTY_ASSIGNED_CONTEXT ( ( #2558 ) ) GLOBAL_UNIT_ASSIGNED_CONTEXT ( ( #415, #6639, #1338 ) ) REPRESENTATION_CONTEXT ( 'NONE', 'WORKASPACE' ) );
#2404 = CARTESIAN_POINT ( 'NONE',  ( 3.764132573881603600, 1.353754862391883800, -2.000000000000000400 ) ) ;
#2405 = ORIENTED_EDGE ( 'NONE', *, *, #7667, .T. ) ;
#2406 = AXIS2_PLACEMENT_3D ( 'NONE', #11213, #6006, #688 ) ;
#2407 =( NAMED_UNIT ( * ) PLANE_ANGLE_UNIT ( ) SI_UNIT ( $, .RADIAN. ) );
#2408 =( NAMED_UNIT ( * ) PLANE_ANGLE_UNIT ( ) SI_UNIT ( $, .RADIAN. ) );
#2409 = CARTESIAN_POINT ( 'NONE',  ( -15.79861620407457100, 7.402767591850103900, 27.99289321881345000 ) ) ;
#2410 = DIRECTION ( 'NONE',  ( -0.0000000000000000000, -0.0000000000000000000, -1.000000000000000000 ) ) ;
#2411 =( NAMED_UNIT ( * ) SI_UNIT ( $, .STERADIAN. ) SOLID_ANGLE_UNIT ( ) );
#2412 = CARTESIAN_POINT ( 'NONE',  ( 0.0000000000000000000, 0.0000000000000000000, 25.70000000000000600 ) ) ;
#2413 =( NAMED_UNIT ( * ) SI_UNIT ( $, .STERADIAN. ) SOLID_ANGLE_UNIT ( ) );
#2414 = CARTESIAN_POINT ( 'NONE',  ( 3.707106781186547900, 4.539896453677553900E-016, -2.000000000000000000 ) ) ;
#2415 =( NAMED_UNIT ( * ) SI_UNIT ( $, .STERADIAN. ) SOLID_ANGLE_UNIT ( ) );
#2416 = UNCERTAINTY_MEASURE_WITH_UNIT (LENGTH_MEASURE( 1.000000000000000100E-005 ), #7206, 'distance_accuracy_value', 'NONE');
#2417 = VECTOR ( 'NONE', #6887, 1000.000000000000000 ) ;
#2418 = VERTEX_POINT ( 'NONE', #7949 ) ;
#2419 = MECHANICAL_DESIGN_GEOMETRIC_PRESENTATION_REPRESENTATION (  '', ( #1221 ), #3039 ) ;
#2420 = FILL_AREA_STYLE ('',( #584 ) ) ;
#2421 = EDGE_CURVE ( 'NONE', #8079, #595, #7477, .T. ) ;
#2422 = PRESENTATION_LAYER_ASSIGNMENT (  '', '', ( #3044 ) ) ;
#2423 =( NAMED_UNIT ( * ) SI_UNIT ( $, .STERADIAN. ) SOLID_ANGLE_UNIT ( ) );
#2424 = DIRECTION ( 'NONE',  ( -1.000000000000000000, 0.0000000000000000000, 0.0000000000000000000 ) ) ;
#2425 = PLANE ( 'NONE',  #2733 ) ;
#2426 = LINE ( 'NONE', #6522, #7118 ) ;
#2427 = CARTESIAN_POINT ( 'NONE',  ( 13.60000000000000500, 13.60000000000000100, 8.000000000000000000 ) ) ;
#2428 = FACE_OUTER_BOUND ( 'NONE', #7163, .T. ) ;
#2429 = EDGE_CURVE ( 'NONE', #5752, #432, #9785, .T. ) ;
#2430 = UNCERTAINTY_MEASURE_WITH_UNIT (LENGTH_MEASURE( 1.000000000000000100E-005 ), #10128, 'distance_accuracy_value', 'NONE');
#2431 = AXIS2_PLACEMENT_3D ( 'NONE', #874, #7092, #1801 ) ;
#2432 = DIRECTION ( 'NONE',  ( -0.0000000000000000000, -0.0000000000000000000, -1.000000000000000000 ) ) ;
#2433 = CARTESIAN_POINT ( 'NONE',  ( 16.29861620407378800, 12.99999999999999600, 28.19999999999999900 ) ) ;
#2434 = DIRECTION ( 'NONE',  ( 0.0000000000000000000, 0.0000000000000000000, -1.000000000000000000 ) ) ;
#2435 =( NAMED_UNIT ( * ) PLANE_ANGLE_UNIT ( ) SI_UNIT ( $, .RADIAN. ) );
#2436 = DIRECTION ( 'NONE',  ( 1.000000000000000000, 0.0000000000000000000, 0.0000000000000000000 ) ) ;
#2437 = COLOUR_RGB ( '',1.000000000000000000, 1.000000000000000000, 1.000000000000000000 ) ;
#2438 = EDGE_CURVE ( 'NONE', #8499, #7140, #2805, .T. ) ;
#2439 = DIRECTION ( 'NONE',  ( 0.0000000000000000000, 0.0000000000000000000, 1.000000000000000000 ) ) ;
#2440 = FILL_AREA_STYLE ('',( #3970 ) ) ;
#2441 = LINE ( 'NONE', #111, #7133 ) ;
#2442 = VERTEX_POINT ( 'NONE', #1825 ) ;
#2443 =( GEOMETRIC_REPRESENTATION_CONTEXT ( 3 ) GLOBAL_UNCERTAINTY_ASSIGNED_CONTEXT ( ( #2354 ) ) GLOBAL_UNIT_ASSIGNED_CONTEXT ( ( #4631, #10752, #5506 ) ) REPRESENTATION_CONTEXT ( 'NONE', 'WORKASPACE' ) );
#2444 = DIRECTION ( 'NONE',  ( -0.0000000000000000000, -0.0000000000000000000, 1.000000000000000000 ) ) ;
#2445 =( NAMED_UNIT ( * ) PLANE_ANGLE_UNIT ( ) SI_UNIT ( $, .RADIAN. ) );
#2446 = VERTEX_POINT ( 'NONE', #2752 ) ;
#2447 = SURFACE_SIDE_STYLE ('',( #8582 ) ) ;
#2448 =( NAMED_UNIT ( * ) PLANE_ANGLE_UNIT ( ) SI_UNIT ( $, .RADIAN. ) );
#2449 = FILL_AREA_STYLE ('',( #2489 ) ) ;
#2450 = FILL_AREA_STYLE ('',( #2464 ) ) ;
#2451 = ORIENTED_EDGE ( 'NONE', *, *, #8040, .F. ) ;
#2452 = PRESENTATION_STYLE_ASSIGNMENT (( #3530 ) ) ;
#2453 = CARTESIAN_POINT ( 'NONE',  ( -11.21421356237182600, -13.00000000000081200, 27.70000000000000600 ) ) ;
#2454 = FILL_AREA_STYLE_COLOUR ( '', #8160 ) ;
#2455 = MECHANICAL_DESIGN_GEOMETRIC_PRESENTATION_REPRESENTATION (  '', ( #618 ), #3076 ) ;
#2456 = VECTOR ( 'NONE', #10439, 1000.000000000000000 ) ;
#2457 = CARTESIAN_POINT ( 'NONE',  ( -11.49999999999999600, 22.99999999999999600, 0.0000000000000000000 ) ) ;
#2458 = VERTEX_POINT ( 'NONE', #7993 ) ;
#2459 = CARTESIAN_POINT ( 'NONE',  ( -11.62591925885394800, 12.99999999999927200, 27.68473138244006300 ) ) ;
#2460 = ORIENTED_EDGE ( 'NONE', *, *, #1933, .T. ) ;
#2461 = FACE_OUTER_BOUND ( 'NONE', #2744, .T. ) ;
#2462 =( LENGTH_UNIT ( ) NAMED_UNIT ( * ) SI_UNIT ( .MILLI., .METRE. ) );
#2463 =( LENGTH_UNIT ( ) NAMED_UNIT ( * ) SI_UNIT ( .MILLI., .METRE. ) );
#2464 = FILL_AREA_STYLE_COLOUR ( '', #2499 ) ;
#2465 = LINE ( 'NONE', #4712, #7974 ) ;
#2466 =( GEOMETRIC_REPRESENTATION_CONTEXT ( 3 ) GLOBAL_UNCERTAINTY_ASSIGNED_CONTEXT ( ( #6511 ) ) GLOBAL_UNIT_ASSIGNED_CONTEXT ( ( #3577, #9706, #4454 ) ) REPRESENTATION_CONTEXT ( 'NONE', 'WORKASPACE' ) );
#2467 = VERTEX_POINT ( 'NONE', #5332 ) ;
#2468 = SURFACE_STYLE_USAGE ( .BOTH. , #7735 ) ;
#2469 = B_SPLINE_CURVE_WITH_KNOTS ( 'NONE', 3,
 ( #7693, #6812, #9450, #4213 ),
 .UNSPECIFIED., .F., .F.,
 ( 4, 4 ),
 ( 3.469446951953614200E-018, 0.0003313943203233806600 ),
 .UNSPECIFIED. ) ;
#2470 = EDGE_CURVE ( 'NONE', #9488, #5497, #9492, .T. ) ;
#2471 = CARTESIAN_POINT ( 'NONE',  ( 0.0000000000000000000, 0.0000000000000000000, 25.19999999999999900 ) ) ;
#2472 = ORIENTED_EDGE ( 'NONE', *, *, #5424, .F. ) ;
#2473 = MECHANICAL_DESIGN_GEOMETRIC_PRESENTATION_REPRESENTATION (  '', ( #639 ), #3092 ) ;
#2474 = DIRECTION ( 'NONE',  ( -1.000000000000000000, 0.0000000000000000000, 0.0000000000000000000 ) ) ;
#2475 = STYLED_ITEM ( 'NONE', ( #9764 ), #3357 ) ;
#2476 = LINE ( 'NONE', #7004, #4819 ) ;
#2477 = SURFACE_STYLE_USAGE ( .BOTH. , #2503 ) ;
#2478 = ADVANCED_FACE ( 'NONE', ( #7187 ), #3626, .T. ) ;
#2479 = EDGE_LOOP ( 'NONE', ( #11186, #1815, #9446 ) ) ;
#2480 = STYLED_ITEM ( 'NONE', ( #9476 ), #9238 ) ;
#2481 = EDGE_LOOP ( 'NONE', ( #5723, #3321, #1020, #8804, #7184 ) ) ;
#2482 = CARTESIAN_POINT ( 'NONE',  ( -13.54102959263334700, 14.26285049231137400, 27.68476953867929400 ) ) ;
#2483 = FILL_AREA_STYLE ('',( #2921 ) ) ;
#2484 =( NAMED_UNIT ( * ) PLANE_ANGLE_UNIT ( ) SI_UNIT ( $, .RADIAN. ) );
#2485 = UNCERTAINTY_MEASURE_WITH_UNIT (LENGTH_MEASURE( 1.000000000000000100E-005 ), #8624, 'distance_accuracy_value', 'NONE');
#2486 = PRESENTATION_LAYER_ASSIGNMENT (  '', '', ( #1276 ) ) ;
#2487 = DIRECTION ( 'NONE',  ( -1.000000000000000000, 0.0000000000000000000, 0.0000000000000000000 ) ) ;
#2488 = CARTESIAN_POINT ( 'NONE',  ( -12.99999999999999800, 12.99999999999927200, 25.19999999999999900 ) ) ;
#2489 = FILL_AREA_STYLE_COLOUR ( '', #4598 ) ;
#2490 = VERTEX_POINT ( 'NONE', #4497 ) ;
#2491 = ORIENTED_EDGE ( 'NONE', *, *, #10943, .T. ) ;
#2492 =( NAMED_UNIT ( * ) PLANE_ANGLE_UNIT ( ) SI_UNIT ( $, .RADIAN. ) );
#2493 = COLOUR_RGB ( '',1.000000000000000000, 1.000000000000000000, 1.000000000000000000 ) ;
#2494 = EDGE_CURVE ( 'NONE', #8250, #11135, #7429, .T. ) ;
#2495 = FILL_AREA_STYLE ('',( #10361 ) ) ;
#2496 = EDGE_CURVE ( 'NONE', #4277, #1337, #1639, .T. ) ;
#2497 = COLOUR_RGB ( '',1.000000000000000000, 1.000000000000000000, 1.000000000000000000 ) ;
#2498 = UNCERTAINTY_MEASURE_WITH_UNIT (LENGTH_MEASURE( 1.000000000000000100E-005 ), #7170, 'distance_accuracy_value', 'NONE');
#2499 = COLOUR_RGB ( '',1.000000000000000000, 1.000000000000000000, 1.000000000000000000 ) ;
#2500 = VECTOR ( 'NONE', #2439, 1000.000000000000000 ) ;
#2501 =( NAMED_UNIT ( * ) PLANE_ANGLE_UNIT ( ) SI_UNIT ( $, .RADIAN. ) );
#2502 = ORIENTED_EDGE ( 'NONE', *, *, #5880, .F. ) ;
#2503 = SURFACE_SIDE_STYLE ('',( #1392 ) ) ;
#2504 = COLOUR_RGB ( '',1.000000000000000000, 1.000000000000000000, 1.000000000000000000 ) ;
#2505 = AXIS2_PLACEMENT_3D ( 'NONE', #6950, #1656, #7832 ) ;
#2506 = DIRECTION ( 'NONE',  ( -0.0000000000000000000, -0.0000000000000000000, -1.000000000000000000 ) ) ;
#2507 = STYLED_ITEM ( 'NONE', ( #7708 ), #2738 ) ;
#2508 = CARTESIAN_POINT ( 'NONE',  ( 0.0000000000000000000, -15.60000000000000100, 25.28764494107381100 ) ) ;
#2509 = CARTESIAN_POINT ( 'NONE',  ( 14.04568282944093100, -13.58868278403014300, 27.70000000000000300 ) ) ;
#2510 = EDGE_CURVE ( 'NONE', #585, #2316, #1, .T. ) ;
#2511 = SURFACE_STYLE_USAGE ( .BOTH. , #7775 ) ;
#2512 = LINE ( 'NONE', #10307, #92 ) ;
#2513 = VECTOR ( 'NONE', #5455, 1000.000000000000000 ) ;
#2514 = CARTESIAN_POINT ( 'NONE',  ( 12.45897040736657100, -11.80064611981740400, 27.69507424152987300 ) ) ;
#2515 = CARTESIAN_POINT ( 'NONE',  ( -12.45897040736665300, 11.73714950768862400, 27.68476953867952900 ) ) ;
#2516 = CARTESIAN_POINT ( 'NONE',  ( -13.59999999999999800, 17.39289321881344800, 4.516154061397947200E-016 ) ) ;
#2517 = STYLED_ITEM ( 'NONE', ( #2808 ), #4334 ) ;
#2518 = CARTESIAN_POINT ( 'NONE',  ( -15.94314575050762200, -17.60000000000000100, 0.2071067811865479300 ) ) ;
#2519 = EDGE_CURVE ( 'NONE', #10693, #2490, #4023, .T. ) ;
#2520 = LINE ( 'NONE', #325, #7212 ) ;
#2521 = CARTESIAN_POINT ( 'NONE',  ( -12.45897040736665300, 12.41131721596995000, 26.70000000000000300 ) ) ;
#2522 = VECTOR ( 'NONE', #790, 1000.000000000000000 ) ;
#2523 = SURFACE_STYLE_FILL_AREA ( #939 ) ;
#2524 = VECTOR ( 'NONE', #1118, 1000.000000000000000 ) ;
#2525 =( GEOMETRIC_REPRESENTATION_CONTEXT ( 3 ) GLOBAL_UNCERTAINTY_ASSIGNED_CONTEXT ( ( #6579 ) ) GLOBAL_UNIT_ASSIGNED_CONTEXT ( ( #7748, #2484, #8636 ) ) REPRESENTATION_CONTEXT ( 'NONE', 'WORKASPACE' ) );
#2526 = CARTESIAN_POINT ( 'NONE',  ( 13.60000000000000500, -13.60000000000000100, 8.000000000000000000 ) ) ;
#2527 = FACE_BOUND ( 'NONE', #2114, .T. ) ;
#2528 = SURFACE_SIDE_STYLE ('',( #5410 ) ) ;
#2529 = DIRECTION ( 'NONE',  ( 0.7072524912145422600, 0.7069610411266125100, 0.0000000000000000000 ) ) ;
#2530 =( NAMED_UNIT ( * ) SI_UNIT ( $, .STERADIAN. ) SOLID_ANGLE_UNIT ( ) );
#2531 = SURFACE_SIDE_STYLE ('',( #4973 ) ) ;
#2532 = CIRCLE ( 'NONE', #2802, 0.5000000000000004400 ) ;
#2533 = CARTESIAN_POINT ( 'NONE',  ( -14.26285049231150900, -13.18045141898401300, 27.69802295345156300 ) ) ;
#2534 = ORIENTED_EDGE ( 'NONE', *, *, #11277, .T. ) ;
#2535 = ORIENTED_EDGE ( 'NONE', *, *, #9039, .F. ) ;
#2536 = AXIS2_PLACEMENT_3D ( 'NONE', #3891, #10010, #4761 ) ;
#2537 = ORIENTED_EDGE ( 'NONE', *, *, #821, .F. ) ;
#2538 = DIRECTION ( 'NONE',  ( 0.0000000000000000000, 1.000000000000000000, 0.0000000000000000000 ) ) ;
#2539 = ADVANCED_FACE ( 'NONE', ( #3757 ), #4575, .F. ) ;
#2540 = CARTESIAN_POINT ( 'NONE',  ( 3.500000000000000000, 0.0000000000000000000, 27.69999999999999900 ) ) ;
#2541 = LINE ( 'NONE', #946, #4886 ) ;
#2542 = AXIS2_PLACEMENT_3D ( 'NONE', #7796, #11265, #9594 ) ;
#2543 = FILL_AREA_STYLE ('',( #2633 ) ) ;
#2544 = SURFACE_STYLE_FILL_AREA ( #2272 ) ;
#2545 = DIRECTION ( 'NONE',  ( 0.0000000000000000000, 0.0000000000000000000, 1.000000000000000000 ) ) ;
#2546 =( NAMED_UNIT ( * ) SI_UNIT ( $, .STERADIAN. ) SOLID_ANGLE_UNIT ( ) );
#2547 = CARTESIAN_POINT ( 'NONE',  ( -14.20000000000078100, 12.99999999999927000, 27.70000000000000300 ) ) ;
#2548 = ORIENTED_EDGE ( 'NONE', *, *, #442, .T. ) ;
#2549 = CARTESIAN_POINT ( 'NONE',  ( 3.064027915081304300, -2.577868126675759300, -2.000000000000000000 ) ) ;
#2550 =( BOUNDED_CURVE ( )  B_SPLINE_CURVE ( 3, ( #472, #5815, #7594, #2310 ),
 .UNSPECIFIED., .F., .F. ) 
 B_SPLINE_CURVE_WITH_KNOTS ( ( 4, 4 ),
 ( 0.0000000000000000000, 1.000000000000000000 ),
 .UNSPECIFIED. ) 
 CURVE ( )  GEOMETRIC_REPRESENTATION_ITEM ( )  RATIONAL_B_SPLINE_CURVE ( ( 1.000000000000000000, 0.3333333333333333700, 0.3333333333333333700, 1.000000000000000000 ) ) 
 REPRESENTATION_ITEM ( '' )  );
#2551 = CARTESIAN_POINT ( 'NONE',  ( 11.73714950768867000, 12.99999999999999800, 27.69802295345158800 ) ) ;
#2552 = VERTEX_POINT ( 'NONE', #8985 ) ;
#2553 =( NAMED_UNIT ( * ) PLANE_ANGLE_UNIT ( ) SI_UNIT ( $, .RADIAN. ) );
#2554 = ORIENTED_EDGE ( 'NONE', *, *, #4115, .T. ) ;
#2555 = SURFACE_SIDE_STYLE ('',( #5349 ) ) ;
#2556 = EDGE_LOOP ( 'NONE', ( #8836, #9693, #3572 ) ) ;
#2557 = COLOUR_RGB ( '',1.000000000000000000, 1.000000000000000000, 1.000000000000000000 ) ;
#2558 = UNCERTAINTY_MEASURE_WITH_UNIT (LENGTH_MEASURE( 1.000000000000000100E-005 ), #415, 'distance_accuracy_value', 'NONE');
#2559 = DIRECTION ( 'NONE',  ( 1.000000000000000000, 9.856383386231857600E-017, 0.0000000000000000000 ) ) ;
#2560 = MECHANICAL_DESIGN_GEOMETRIC_PRESENTATION_REPRESENTATION (  '', ( #1332 ), #3159 ) ;
#2561 = DIRECTION ( 'NONE',  ( -1.000000000000000000, 0.0000000000000000000, 0.0000000000000000000 ) ) ;
#2562 = ORIENTED_EDGE ( 'NONE', *, *, #5201, .T. ) ;
#2563 = EDGE_CURVE ( 'NONE', #5614, #7204, #2932, .T. ) ;
#2564 = CARTESIAN_POINT ( 'NONE',  ( -1.102823950784868500, -15.60000000000000300, 25.26754627946477400 ) ) ;
#2565 = EDGE_CURVE ( 'NONE', #1156, #4331, #487, .T. ) ;
#2566 = CARTESIAN_POINT ( 'NONE',  ( 3.100000000000000500, -15.60000000000000100, 26.29999999999999700 ) ) ;
#2567 =( NAMED_UNIT ( * ) SI_UNIT ( $, .STERADIAN. ) SOLID_ANGLE_UNIT ( ) );
#2568 = CARTESIAN_POINT ( 'NONE',  ( 12.45897040736655400, -14.07111483039572300, 27.70000000000000300 ) ) ;
#2569 = STYLED_ITEM ( 'NONE', ( #2653 ), #992 ) ;
#2570 =( GEOMETRIC_REPRESENTATION_CONTEXT ( 3 ) GLOBAL_UNCERTAINTY_ASSIGNED_CONTEXT ( ( #10145 ) ) GLOBAL_UNIT_ASSIGNED_CONTEXT ( ( #2926, #9049, #3815 ) ) REPRESENTATION_CONTEXT ( 'NONE', 'WORKASPACE' ) );
#2571 = UNCERTAINTY_MEASURE_WITH_UNIT (LENGTH_MEASURE( 1.000000000000000100E-005 ), #7123, 'distance_accuracy_value', 'NONE');
#2572 = LINE ( 'NONE', #9301, #149 ) ;
#2573 = VERTEX_POINT ( 'NONE', #4998 ) ;
#2574 = CARTESIAN_POINT ( 'NONE',  ( 12.45897040736655700, -13.58868278403013000, 26.70000000000000300 ) ) ;
#2575 = CARTESIAN_POINT ( 'NONE',  ( -3.420506883676276600, -2.074779885807209700, -2.000000000000000000 ) ) ;
#2576 = DIRECTION ( 'NONE',  ( -1.057758217059029000E-016, -0.0000000000000000000, 1.000000000000000000 ) ) ;
#2577 = FACE_OUTER_BOUND ( 'NONE', #9584, .T. ) ;
#2578 = DIRECTION ( 'NONE',  ( 1.000000000000000000, 0.0000000000000000000, 0.0000000000000000000 ) ) ;
#2579 = PRESENTATION_STYLE_ASSIGNMENT (( #10779 ) ) ;
#2580 = FILL_AREA_STYLE ('',( #5148 ) ) ;
#2581 = DIRECTION ( 'NONE',  ( -1.000000000000000000, 0.0000000000000000000, 0.0000000000000000000 ) ) ;
#2582 =( NAMED_UNIT ( * ) PLANE_ANGLE_UNIT ( ) SI_UNIT ( $, .RADIAN. ) );
#2583 = STYLED_ITEM ( 'NONE', ( #7732 ), #2153 ) ;
#2584 = VECTOR ( 'NONE', #9035, 1000.000000000000000 ) ;
#2585 = CARTESIAN_POINT ( 'NONE',  ( 15.65025253169417300, -17.10000000000000100, 28.19999999999999900 ) ) ;
#2586 =( NAMED_UNIT ( * ) SI_UNIT ( $, .STERADIAN. ) SOLID_ANGLE_UNIT ( ) );
#2587 = CYLINDRICAL_SURFACE ( 'NONE', #10774, 2.799999999999999800 ) ;
#2588 = EDGE_CURVE ( 'NONE', #8662, #8787, #4971, .T. ) ;
#2589 = CARTESIAN_POINT ( 'NONE',  ( 14.26673093167304000, -12.41131721597004200, 27.68598713120340400 ) ) ;
#2590 = SURFACE_STYLE_USAGE ( .BOTH. , #7848 ) ;
#2591 = CARTESIAN_POINT ( 'NONE',  ( -17.09999999999999800, 13.59999999999999800, 28.19999999999999900 ) ) ;
#2592 = DIRECTION ( 'NONE',  ( 0.0000000000000000000, 0.0000000000000000000, 1.000000000000000000 ) ) ;
#2593 = ORIENTED_EDGE ( 'NONE', *, *, #604, .F. ) ;
#2594 = CARTESIAN_POINT ( 'NONE',  ( 2.155378366499341600E-015, -17.60000000000000100, 6.000000000000000000 ) ) ;
#2595 = SURFACE_SIDE_STYLE ('',( #11357 ) ) ;
#2596 =( LENGTH_UNIT ( ) NAMED_UNIT ( * ) SI_UNIT ( .MILLI., .METRE. ) );
#2597 = ORIENTED_EDGE ( 'NONE', *, *, #2235, .F. ) ;
#2598 = MECHANICAL_DESIGN_GEOMETRIC_PRESENTATION_REPRESENTATION (  '', ( #1367 ), #3192 ) ;
#2599 = ORIENTED_EDGE ( 'NONE', *, *, #9418, .F. ) ;
#2600 = EDGE_CURVE ( 'NONE', #10016, #2239, #76, .T. ) ;
#2601 =( NAMED_UNIT ( * ) PLANE_ANGLE_UNIT ( ) SI_UNIT ( $, .RADIAN. ) );
#2602 = DIRECTION ( 'NONE',  ( -1.000000000000000000, -0.0000000000000000000, 0.0000000000000000000 ) ) ;
#2603 = LINE ( 'NONE', #9684, #11313 ) ;
#2604 = DIRECTION ( 'NONE',  ( -0.0000000000000000000, -1.000000000000000000, -0.0000000000000000000 ) ) ;
#2605 = FILL_AREA_STYLE ('',( #1869 ) ) ;
#2606 = FILL_AREA_STYLE_COLOUR ( '', #10611 ) ;
#2607 = ADVANCED_FACE ( 'NONE', ( #213 ), #2369, .F. ) ;
#2608 = VERTEX_POINT ( 'NONE', #4150 ) ;
#2609 = ORIENTED_EDGE ( 'NONE', *, *, #9694, .F. ) ;
#2610 = PLANE ( 'NONE',  #9466 ) ;
#2611 = ORIENTED_EDGE ( 'NONE', *, *, #7928, .T. ) ;
#2612 = DIRECTION ( 'NONE',  ( 3.206337508330011400E-015, 1.000000000000000000, 0.0000000000000000000 ) ) ;
#2613 = CYLINDRICAL_SURFACE ( 'NONE', #9701, 0.5000000000000004400 ) ;
#2614 = CYLINDRICAL_SURFACE ( 'NONE', #2677, 4.000000000000000000 ) ;
#2615 = PRESENTATION_LAYER_ASSIGNMENT (  '', '', ( #2012 ) ) ;
#2616 = ORIENTED_EDGE ( 'NONE', *, *, #11235, .F. ) ;
#2617 = CARTESIAN_POINT ( 'NONE',  ( 12.41131721596999400, 11.62591925885390000, 27.65553645166671300 ) ) ;
#2618 = CARTESIAN_POINT ( 'NONE',  ( 2.500000000026640500, 3.061616997901008500E-016, 25.70000000000000600 ) ) ;
#2619 = FILL_AREA_STYLE_COLOUR ( '', #7825 ) ;
#2620 =( NAMED_UNIT ( * ) SI_UNIT ( $, .STERADIAN. ) SOLID_ANGLE_UNIT ( ) );
#2621 = CARTESIAN_POINT ( 'NONE',  ( 2.303405056207322100, 3.270949344994099800, -2.000000000000000000 ) ) ;
#2622 = CARTESIAN_POINT ( 'NONE',  ( 11.79999999999999900, 15.40000000000000200, 27.69999999999999900 ) ) ;
#2623 = CARTESIAN_POINT ( 'NONE',  ( -13.58868278403019800, -14.37408074114591200, 26.70000000000000300 ) ) ;
#2624 = CARTESIAN_POINT ( 'NONE',  ( 12.41131721596999400, 11.62591925885390000, 27.65553645166671300 ) ) ;
#2625 = DIRECTION ( 'NONE',  ( 0.0000000000000000000, 0.0000000000000000000, 1.000000000000000000 ) ) ;
#2626 = LINE ( 'NONE', #1635, #4953 ) ;
#2627 = AXIS2_PLACEMENT_3D ( 'NONE', #4119, #1529, #5112 ) ;
#2628 = LINE ( 'NONE', #6286, #9081 ) ;
#2629 = CARTESIAN_POINT ( 'NONE',  ( -11.73714950768875700, -13.00000000000072100, 27.69802295345167000 ) ) ;
#2630 = ORIENTED_EDGE ( 'NONE', *, *, #9347, .F. ) ;
#2631 = UNCERTAINTY_MEASURE_WITH_UNIT (LENGTH_MEASURE( 1.000000000000000100E-005 ), #4332, 'distance_accuracy_value', 'NONE');
#2632 = DIRECTION ( 'NONE',  ( -0.0000000000000000000, 1.000000000000000000, 0.0000000000000000000 ) ) ;
#2633 = FILL_AREA_STYLE_COLOUR ( '', #3803 ) ;
#2634 = FILL_AREA_STYLE_COLOUR ( '', #278 ) ;
#2635 = DIRECTION ( 'NONE',  ( -0.0000000000000000000, 0.0000000000000000000, -1.000000000000000000 ) ) ;
#2636 = CARTESIAN_POINT ( 'NONE',  ( 17.60000000000000500, -13.60000000000000100, 27.99289321881345000 ) ) ;
#2637 =( GEOMETRIC_REPRESENTATION_CONTEXT ( 3 ) GLOBAL_UNCERTAINTY_ASSIGNED_CONTEXT ( ( #7462 ) ) GLOBAL_UNIT_ASSIGNED_CONTEXT ( ( #1285, #7500, #2199 ) ) REPRESENTATION_CONTEXT ( 'NONE', 'WORKASPACE' ) );
#2638 = SURFACE_STYLE_USAGE ( .BOTH. , #7890 ) ;
#2639 = CARTESIAN_POINT ( 'NONE',  ( 11.75000000000636600, -13.00000000000000500, 4.499999999950432500 ) ) ;
#2640 = LINE ( 'NONE', #6837, #9343 ) ;
#2641 = EDGE_CURVE ( 'NONE', #3821, #4290, #1785, .T. ) ;
#2642 = EDGE_LOOP ( 'NONE', ( #5503, #6613, #754, #11321, #9399 ) ) ;
#2643 = VERTEX_POINT ( 'NONE', #5943 ) ;
#2644 = CARTESIAN_POINT ( 'NONE',  ( 14.37408074114595600, -13.58868278403014400, 27.65553645166688000 ) ) ;
#2645 = CARTESIAN_POINT ( 'NONE',  ( 12.45897040736655700, -13.58868278403013000, 26.70000000000000300 ) ) ;
#2646 = AXIS2_PLACEMENT_3D ( 'NONE', #7063, #1854, #4318 ) ;
#2647 = VECTOR ( 'NONE', #8532, 1000.000000000000000 ) ;
#2648 = PRESENTATION_LAYER_ASSIGNMENT (  '', '', ( #2039 ) ) ;
#2649 = FACE_OUTER_BOUND ( 'NONE', #9275, .T. ) ;
#2650 = PLANE ( 'NONE',  #1206 ) ;
#2651 = CARTESIAN_POINT ( 'NONE',  ( 14.52295398712867100, 14.52894118582677900, 22.19999999999999600 ) ) ;
#2652 = VECTOR ( 'NONE', #5674, 1000.000000000000000 ) ;
#2653 = PRESENTATION_STYLE_ASSIGNMENT (( #626 ) ) ;
#2654 =( NAMED_UNIT ( * ) PLANE_ANGLE_UNIT ( ) SI_UNIT ( $, .RADIAN. ) );
#2655 = ORIENTED_EDGE ( 'NONE', *, *, #9482, .T. ) ;
#2656 = FILL_AREA_STYLE ('',( #5249 ) ) ;
#2657 = DIRECTION ( 'NONE',  ( -1.000000000000000000, 0.0000000000000000000, 0.0000000000000000000 ) ) ;
#2658 = FILL_AREA_STYLE_COLOUR ( '', #2557 ) ;
#2659 = ORIENTED_EDGE ( 'NONE', *, *, #2031, .T. ) ;
#2660 = CYLINDRICAL_SURFACE ( 'NONE', #4732, 2.500000000000000000 ) ;
#2661 =( LENGTH_UNIT ( ) NAMED_UNIT ( * ) SI_UNIT ( .MILLI., .METRE. ) );
#2662 =( NAMED_UNIT ( * ) PLANE_ANGLE_UNIT ( ) SI_UNIT ( $, .RADIAN. ) );
#2663 = CARTESIAN_POINT ( 'NONE',  ( -13.39245518935350700, -14.37408074114591500, 27.67938296417834500 ) ) ;
#2664 = SURFACE_STYLE_FILL_AREA ( #8630 ) ;
#2665 =( LENGTH_UNIT ( ) NAMED_UNIT ( * ) SI_UNIT ( .MILLI., .METRE. ) );
#2666 = CARTESIAN_POINT ( 'NONE',  ( 10.79999999999999500, 12.99999999999999800, 26.70000000000000300 ) ) ;
#2667 = UNCERTAINTY_MEASURE_WITH_UNIT (LENGTH_MEASURE( 1.000000000000000100E-005 ), #3551, 'distance_accuracy_value', 'NONE');
#2668 = FACE_OUTER_BOUND ( 'NONE', #10053, .T. ) ;
#2669 = FACE_BOUND ( 'NONE', #7194, .T. ) ;
#2670 = CIRCLE ( 'NONE', #3795, 4.000000000000000000 ) ;
#2671 = DIRECTION ( 'NONE',  ( 0.0000000000000000000, -0.0000000000000000000, -1.000000000000000000 ) ) ;
#2672 = SURFACE_SIDE_STYLE ('',( #7710 ) ) ;
#2673 = COLOUR_RGB ( '',1.000000000000000000, 1.000000000000000000, 1.000000000000000000 ) ;
#2674 = CARTESIAN_POINT ( 'NONE',  ( 10.79999999999999500, 12.99999999999999600, 25.19999999999999900 ) ) ;
#2675 = VECTOR ( 'NONE', #4408, 1000.000000000000000 ) ;
#2676 = EDGE_CURVE ( 'NONE', #5755, #6530, #10873, .T. ) ;
#2677 = AXIS2_PLACEMENT_3D ( 'NONE', #10025, #8321, #1271 ) ;
#2678 = SURFACE_SIDE_STYLE ('',( #5268 ) ) ;
#2679 = CARTESIAN_POINT ( 'NONE',  ( 13.00000000000072100, -12.99999999999999600, 25.19999999999999900 ) ) ;
#2680 = ADVANCED_FACE ( 'NONE', ( #3887 ), #7464, .F. ) ;
#2681 = CARTESIAN_POINT ( 'NONE',  ( -1.685441559045647500E-015, 17.09999999999999800, 27.69999999999999900 ) ) ;
#2682 = CARTESIAN_POINT ( 'NONE',  ( 14.37408074114596500, -12.41131721597004900, 27.65553645166690400 ) ) ;
#2683 = SURFACE_STYLE_FILL_AREA ( #1763 ) ;
#2684 = DIRECTION ( 'NONE',  ( 0.0000000000000000000, -1.000000000000000000, 0.0000000000000000000 ) ) ;
#2685 = CARTESIAN_POINT ( 'NONE',  ( 4.000000000000000000, 4.898587196589412800E-016, 28.19999999999999600 ) ) ;
#2686 = FACE_OUTER_BOUND ( 'NONE', #2479, .T. ) ;
#2687 = SURFACE_SIDE_STYLE ('',( #10138 ) ) ;
#2688 = DIRECTION ( 'NONE',  ( -1.000000000000000000, -3.032567676268349900E-016, 0.0000000000000000000 ) ) ;
#2689 = SURFACE_STYLE_USAGE ( .BOTH. , #2706 ) ;
#2690 = SURFACE_STYLE_USAGE ( .BOTH. , #7925 ) ;
#2691 = AXIS2_PLACEMENT_3D ( 'NONE', #6494, #6458, #6420 ) ;
#2692 = PLANE ( 'NONE',  #2431 ) ;
#2693 = FACE_OUTER_BOUND ( 'NONE', #10157, .T. ) ;
#2694 = PRESENTATION_STYLE_ASSIGNMENT (( #1210 ) ) ;
#2695 = EDGE_CURVE ( 'NONE', #2446, #9853, #9774, .T. ) ;
#2696 = DIRECTION ( 'NONE',  ( 1.000000000000000000, 1.224646799147353500E-016, 0.0000000000000000000 ) ) ;
#2697 = COLOUR_RGB ( '',1.000000000000000000, 1.000000000000000000, 1.000000000000000000 ) ;
#2698 = ORIENTED_EDGE ( 'NONE', *, *, #1485, .F. ) ;
#2699 = CARTESIAN_POINT ( 'NONE',  ( 14.07111483039636800, 13.54102959263329500, 27.70000000000000300 ) ) ;
#2700 = DIRECTION ( 'NONE',  ( 0.0000000000000000000, 1.000000000000000000, 0.0000000000000000000 ) ) ;
#2701 = PRESENTATION_STYLE_ASSIGNMENT (( #2095 ) ) ;
#2702 = VERTEX_POINT ( 'NONE', #10381 ) ;
#2703 = CARTESIAN_POINT ( 'NONE',  ( 0.0000000000000000000, -17.69999999999999900, 0.0000000000000000000 ) ) ;
#2704 = MECHANICAL_DESIGN_GEOMETRIC_PRESENTATION_REPRESENTATION (  '', ( #1446 ), #3268 ) ;
#2705 = CARTESIAN_POINT ( 'NONE',  ( 14.52295398712867100, 14.52894118582677900, 20.19999999999999900 ) ) ;
#2706 = SURFACE_SIDE_STYLE ('',( #3621 ) ) ;
#2707 = CARTESIAN_POINT ( 'NONE',  ( -13.00000000000000500, -13.00000000000000200, 0.0000000000000000000 ) ) ;
#2708 = CARTESIAN_POINT ( 'NONE',  ( 15.94314575050762700, 17.60000000000000100, 27.99289321881345300 ) ) ;
#2709 = CARTESIAN_POINT ( 'NONE',  ( -13.00000000000523000, -13.00000000000000200, 5.251075773742286400 ) ) ;
#2710 = SURFACE_STYLE_FILL_AREA ( #11242 ) ;
#2711 = VERTEX_POINT ( 'NONE', #8638 ) ;
#2712 = ORIENTED_EDGE ( 'NONE', *, *, #1070, .F. ) ;
#2713 = SURFACE_SIDE_STYLE ('',( #565 ) ) ;
#2714 = CARTESIAN_POINT ( 'NONE',  ( -4.000000000000000000, 0.0000000000000000000, 28.19999999999999600 ) ) ;
#2715 = CARTESIAN_POINT ( 'NONE',  ( -1.102823950784868500, -15.60000000000000300, 24.79493308255596400 ) ) ;
#2716 = SURFACE_STYLE_FILL_AREA ( #3511 ) ;
#2717 = SURFACE_SIDE_STYLE ('',( #11215 ) ) ;
#2718 = AXIS2_PLACEMENT_3D ( 'NONE', #3605, #10575, #9735 ) ;
#2719 = SURFACE_SIDE_STYLE ('',( #6508 ) ) ;
#2720 = DIRECTION ( 'NONE',  ( 1.000000000000000000, 0.0000000000000000000, -0.0000000000000000000 ) ) ;
#2721 = DIRECTION ( 'NONE',  ( -1.000000000000000000, 0.0000000000000000000, 0.0000000000000000000 ) ) ;
#2722 = DIRECTION ( 'NONE',  ( -1.000000000000000000, 0.0000000000000000000, 0.0000000000000000000 ) ) ;
#2723 =( BOUNDED_CURVE ( )  B_SPLINE_CURVE ( 3, ( #2509, #673, #4287, #10402 ),
 .UNSPECIFIED., .F., .T. ) 
 B_SPLINE_CURVE_WITH_KNOTS ( ( 4, 4 ),
 ( 0.0000000000000000000, 1.000000000000000000 ),
 .UNSPECIFIED. ) 
 CURVE ( )  GEOMETRIC_REPRESENTATION_ITEM ( )  RATIONAL_B_SPLINE_CURVE ( ( 1.000000000000000000, 0.9711696904486883900, 0.9711696904486883900, 1.000000000000000000 ) ) 
 REPRESENTATION_ITEM ( '' )  );
#2724 =( NAMED_UNIT ( * ) PLANE_ANGLE_UNIT ( ) SI_UNIT ( $, .RADIAN. ) );
#2725 = DIRECTION ( 'NONE',  ( 0.0000000000000000000, 1.000000000000000000, 0.0000000000000000000 ) ) ;
#2726 =( NAMED_UNIT ( * ) SI_UNIT ( $, .STERADIAN. ) SOLID_ANGLE_UNIT ( ) );
#2727 = FACE_OUTER_BOUND ( 'NONE', #5748, .T. ) ;
#2728 =( LENGTH_UNIT ( ) NAMED_UNIT ( * ) SI_UNIT ( .MILLI., .METRE. ) );
#2729 = PRESENTATION_LAYER_ASSIGNMENT (  '', '', ( #1475 ) ) ;
#2730 = VECTOR ( 'NONE', #10338, 1000.000000000000000 ) ;
#2731 = STYLED_ITEM ( 'NONE', ( #8181 ), #9137 ) ;
#2732 = CARTESIAN_POINT ( 'NONE',  ( -17.09999999999999800, 13.59999999999999800, 3.252606517456513300E-016 ) ) ;
#2733 = AXIS2_PLACEMENT_3D ( 'NONE', #630, #6839, #1547 ) ;
#2734 =( NAMED_UNIT ( * ) SI_UNIT ( $, .STERADIAN. ) SOLID_ANGLE_UNIT ( ) );
#2735 = CARTESIAN_POINT ( 'NONE',  ( 16.29861620407378800, 12.99999999999999500, 28.19999999999999600 ) ) ;
#2736 = EDGE_CURVE ( 'NONE', #8787, #6860, #5371, .T. ) ;
#2737 = CARTESIAN_POINT ( 'NONE',  ( 0.0000000000000000000, 0.0000000000000000000, 20.19999999999999900 ) ) ;
#2738 = ADVANCED_FACE ( 'NONE', ( #624 ), #4279, .T. ) ;
#2739 = LINE ( 'NONE', #6568, #7411 ) ;
#2740 =( BOUNDED_CURVE ( )  B_SPLINE_CURVE ( 3, ( #10800, #3804, #1119, #7329 ),
 .UNSPECIFIED., .F., .T. ) 
 B_SPLINE_CURVE_WITH_KNOTS ( ( 4, 4 ),
 ( 0.0000000000000000000, 1.000000000000000000 ),
 .UNSPECIFIED. ) 
 CURVE ( )  GEOMETRIC_REPRESENTATION_ITEM ( )  RATIONAL_B_SPLINE_CURVE ( ( 1.000000000000000000, 0.9711696904487372400, 0.9711696904487372400, 1.000000000000000000 ) ) 
 REPRESENTATION_ITEM ( '' )  );
#2741 = CARTESIAN_POINT ( 'NONE',  ( 1.102823950784874900, -15.60000000000000300, 24.79493308255596800 ) ) ;
#2742 =( NAMED_UNIT ( * ) PLANE_ANGLE_UNIT ( ) SI_UNIT ( $, .RADIAN. ) );
#2743 = COLOUR_RGB ( '',1.000000000000000000, 1.000000000000000000, 1.000000000000000000 ) ;
#2744 = EDGE_LOOP ( 'NONE', ( #1362, #6064, #5037, #7526 ) ) ;
#2745 = EDGE_CURVE ( 'NONE', #2341, #10619, #6607, .T. ) ;
#2746 = AXIS2_PLACEMENT_3D ( 'NONE', #9407, #4166, #10291 ) ;
#2747 =( NAMED_UNIT ( * ) SI_UNIT ( $, .STERADIAN. ) SOLID_ANGLE_UNIT ( ) );
#2748 = SURFACE_STYLE_USAGE ( .BOTH. , #7987 ) ;
#2749 = CARTESIAN_POINT ( 'NONE',  ( -1.413149810734851700, 3.742199579137683900, -2.000000000000000000 ) ) ;
#2750 =( NAMED_UNIT ( * ) SI_UNIT ( $, .STERADIAN. ) SOLID_ANGLE_UNIT ( ) );
#2751 = FILL_AREA_STYLE_COLOUR ( '', #5525 ) ;
#2752 = CARTESIAN_POINT ( 'NONE',  ( -17.59999999999999800, -13.60000000000000100, 8.000000000000000000 ) ) ;
#2753 = EDGE_LOOP ( 'NONE', ( #5707, #9442, #10879, #9465 ) ) ;
#2754 = CARTESIAN_POINT ( 'NONE',  ( 12.24508157464571700, -12.03692231441085900, 27.70000000000000300 ) ) ;
#2755 = SURFACE_STYLE_USAGE ( .BOTH. , #7996 ) ;
#2756 = PRESENTATION_LAYER_ASSIGNMENT (  '', '', ( #2133 ) ) ;
#2757 = MECHANICAL_DESIGN_GEOMETRIC_PRESENTATION_REPRESENTATION (  '', ( #11138 ), #3328 ) ;
#2758 = SURFACE_STYLE_USAGE ( .BOTH. , #7997 ) ;
#2759 = ORIENTED_EDGE ( 'NONE', *, *, #989, .T. ) ;
#2760 =( LENGTH_UNIT ( ) NAMED_UNIT ( * ) SI_UNIT ( .MILLI., .METRE. ) );
#2761 = CYLINDRICAL_SURFACE ( 'NONE', #5942, 2.798616204073794700 ) ;
#2762 =( NAMED_UNIT ( * ) SI_UNIT ( $, .STERADIAN. ) SOLID_ANGLE_UNIT ( ) );
#2763 = EDGE_CURVE ( 'NONE', #6402, #6139, #11214, .T. ) ;
#2764 =( NAMED_UNIT ( * ) PLANE_ANGLE_UNIT ( ) SI_UNIT ( $, .RADIAN. ) );
#2765 = CARTESIAN_POINT ( 'NONE',  ( -3.100000000000000500, -17.60000000000000100, 26.29999999999999700 ) ) ;
#2766 = FILL_AREA_STYLE ('',( #2986 ) ) ;
#2767 = CARTESIAN_POINT ( 'NONE',  ( 12.99999999999999600, 12.99999999999999600, 0.0000000000000000000 ) ) ;
#2768 = CARTESIAN_POINT ( 'NONE',  ( 12.45897040736657100, -11.73714950768870800, 27.68476953867919500 ) ) ;
#2769 = LINE ( 'NONE', #707, #43 ) ;
#2770 = AXIS2_PLACEMENT_3D ( 'NONE', #525, #6739, #1438 ) ;
#2771 = EDGE_CURVE ( 'NONE', #5497, #5531, #364, .T. ) ;
#2772 = EDGE_LOOP ( 'NONE', ( #121, #2311, #5270, #1931, #4096 ) ) ;
#2773 = SURFACE_STYLE_FILL_AREA ( #4514 ) ;
#2774 = FILL_AREA_STYLE_COLOUR ( '', #3966 ) ;
#2775 = ORIENTED_EDGE ( 'NONE', *, *, #2438, .F. ) ;
#2776 = DIRECTION ( 'NONE',  ( 0.0000000000000000000, 1.000000000000000000, 0.0000000000000000000 ) ) ;
#2777 =( NAMED_UNIT ( * ) SI_UNIT ( $, .STERADIAN. ) SOLID_ANGLE_UNIT ( ) );
#2778 = VECTOR ( 'NONE', #2820, 1000.000000000000000 ) ;
#2779 = ORIENTED_EDGE ( 'NONE', *, *, #3601, .F. ) ;
#2780 = COLOUR_RGB ( '',1.000000000000000000, 1.000000000000000000, 1.000000000000000000 ) ;
#2781 = DIRECTION ( 'NONE',  ( -1.000000000000000000, 0.0000000000000000000, 0.0000000000000000000 ) ) ;
#2782 = DIRECTION ( 'NONE',  ( 0.0000000000000000000, 0.0000000000000000000, -1.000000000000000000 ) ) ;
#2783 = CARTESIAN_POINT ( 'NONE',  ( -3.311038578853462400, 2.245330193905550800, -2.000000000000000400 ) ) ;
#2784 = VERTEX_POINT ( 'NONE', #9624 ) ;
#2785 = ORIENTED_EDGE ( 'NONE', *, *, #491, .T. ) ;
#2786 = PLANE ( 'NONE',  #4659 ) ;
#2787 =( BOUNDED_CURVE ( )  B_SPLINE_CURVE ( 3, ( #7749, #8494, #8347, #7706 ),
 .UNSPECIFIED., .F., .T. ) 
 B_SPLINE_CURVE_WITH_KNOTS ( ( 4, 4 ),
 ( 0.0000000000000000000, 1.000000000000000000 ),
 .UNSPECIFIED. ) 
 CURVE ( )  GEOMETRIC_REPRESENTATION_ITEM ( )  RATIONAL_B_SPLINE_CURVE ( ( 1.000000000000000000, 0.3333333333333333700, 0.3333333333333333700, 1.000000000000000000 ) ) 
 REPRESENTATION_ITEM ( '' )  );
#2788 =( NAMED_UNIT ( * ) PLANE_ANGLE_UNIT ( ) SI_UNIT ( $, .RADIAN. ) );
#2789 =( NAMED_UNIT ( * ) SI_UNIT ( $, .STERADIAN. ) SOLID_ANGLE_UNIT ( ) );
#2790 = FILL_AREA_STYLE ('',( #1871 ) ) ;
#2791 =( NAMED_UNIT ( * ) SI_UNIT ( $, .STERADIAN. ) SOLID_ANGLE_UNIT ( ) );
#2792 = ORIENTED_EDGE ( 'NONE', *, *, #5103, .T. ) ;
#2793 = DIRECTION ( 'NONE',  ( 0.0000000000000000000, 1.000000000000000000, 0.0000000000000000000 ) ) ;
#2794 = EDGE_CURVE ( 'NONE', #5705, #10285, #8939, .T. ) ;
#2795 = ADVANCED_FACE ( 'NONE', ( #8676, #2195 ), #767, .T. ) ;
#2796 = CARTESIAN_POINT ( 'NONE',  ( 14.26285049231142000, 12.45897040736659800, 26.70000000000000300 ) ) ;
#2797 = PRESENTATION_STYLE_ASSIGNMENT (( #2304 ) ) ;
#2798 = PLANE ( 'NONE',  #3730 ) ;
#2799 = VERTEX_POINT ( 'NONE', #10507 ) ;
#2800 = CARTESIAN_POINT ( 'NONE',  ( 15.79861620407433200, -12.99999999999999500, 27.99289321881345000 ) ) ;
#2801 = ORIENTED_EDGE ( 'NONE', *, *, #1405, .F. ) ;
#2802 = AXIS2_PLACEMENT_3D ( 'NONE', #8894, #3652, #9782 ) ;
#2803 = CARTESIAN_POINT ( 'NONE',  ( -2.107529995131446100, -17.69999999999999900, 25.28764494107381100 ) ) ;
#2804 = DIRECTION ( 'NONE',  ( -0.0000000000000000000, -1.000000000000000000, -0.0000000000000000000 ) ) ;
#2805 = LINE ( 'NONE', #3581, #354 ) ;
#2806 = DIRECTION ( 'NONE',  ( 0.0000000000000000000, 1.000000000000000000, 0.0000000000000000000 ) ) ;
#2807 = EDGE_CURVE ( 'NONE', #2239, #8499, #7846, .T. ) ;
#2808 = PRESENTATION_STYLE_ASSIGNMENT (( #6222 ) ) ;
#2809 = FACE_OUTER_BOUND ( 'NONE', #9529, .T. ) ;
#2810 = VECTOR ( 'NONE', #2576, 1000.000000000000000 ) ;
#2811 = COLOUR_RGB ( '',1.000000000000000000, 1.000000000000000000, 1.000000000000000000 ) ;
#2812 = MECHANICAL_DESIGN_GEOMETRIC_PRESENTATION_REPRESENTATION (  '', ( #967 ), #3378 ) ;
#2813 =( LENGTH_UNIT ( ) NAMED_UNIT ( * ) SI_UNIT ( .MILLI., .METRE. ) );
#2814 =( LENGTH_UNIT ( ) NAMED_UNIT ( * ) SI_UNIT ( .MILLI., .METRE. ) );
#2815 = MECHANICAL_DESIGN_GEOMETRIC_PRESENTATION_REPRESENTATION (  '', ( #1562 ), #3380 ) ;
#2816 =( LENGTH_UNIT ( ) NAMED_UNIT ( * ) SI_UNIT ( .MILLI., .METRE. ) );
#2817 = CARTESIAN_POINT ( 'NONE',  ( -14.37408074114605200, 12.41131721596994800, 27.65553645166705000 ) ) ;
#2818 = UNCERTAINTY_MEASURE_WITH_UNIT (LENGTH_MEASURE( 1.000000000000000100E-005 ), #210, 'distance_accuracy_value', 'NONE');
#2819 = LINE ( 'NONE', #4572, #7490 ) ;
#2820 = DIRECTION ( 'NONE',  ( -0.0000000000000000000, -0.0000000000000000000, -1.000000000000000000 ) ) ;
#2821 = FILL_AREA_STYLE_COLOUR ( '', #4350 ) ;
#2822 = COLOUR_RGB ( '',1.000000000000000000, 1.000000000000000000, 1.000000000000000000 ) ;
#2823 = CARTESIAN_POINT ( 'NONE',  ( -12.07187008827186900, 12.20250684994805600, 27.70000000000000300 ) ) ;
#2824 = STYLED_ITEM ( 'NONE', ( #7183 ), #2045 ) ;
#2825 = DIRECTION ( 'NONE',  ( -1.000000000000000000, 7.366970476447054700E-015, 0.0000000000000000000 ) ) ;
#2826 = SURFACE_STYLE_USAGE ( .BOTH. , #2850 ) ;
#2827 = CARTESIAN_POINT ( 'NONE',  ( 13.58868278403009300, 11.62591925885389800, 27.65553645166669800 ) ) ;
#2828 = FILL_AREA_STYLE_COLOUR ( '', #8714 ) ;
#2829 = CARTESIAN_POINT ( 'NONE',  ( -13.96307768558923200, -12.24508157464561400, 27.70000000000000600 ) ) ;
#2830 = CIRCLE ( 'NONE', #755, 2.798616204073794700 ) ;
#2831 = EDGE_CURVE ( 'NONE', #8912, #6010, #3184, .T. ) ;
#2832 = LINE ( 'NONE', #2999, #3103 ) ;
#2833 = CARTESIAN_POINT ( 'NONE',  ( 10.99999999999999500, -22.00000000000000000, -0.5000000000000001100 ) ) ;
#2834 = CARTESIAN_POINT ( 'NONE',  ( 14.26285049231142400, 13.54102959263329500, 26.70000000000000300 ) ) ;
#2835 = FILL_AREA_STYLE ('',( #8945 ) ) ;
#2836 = FACE_BOUND ( 'NONE', #8818, .T. ) ;
#2837 = MECHANICAL_DESIGN_GEOMETRIC_PRESENTATION_REPRESENTATION (  '', ( #8472 ), #3395 ) ;
#2838 = EDGE_CURVE ( 'NONE', #8781, #9689, #5523, .T. ) ;
#2839 = CARTESIAN_POINT ( 'NONE',  ( -13.54102959263334700, 14.26285049231137400, 27.69999999999999900 ) ) ;
#2840 = DIRECTION ( 'NONE',  ( 0.0000000000000000000, 1.000000000000000000, -0.0000000000000000000 ) ) ;
#2841 = EDGE_LOOP ( 'NONE', ( #3029, #9917, #1764, #10582 ) ) ;
#2842 = CARTESIAN_POINT ( 'NONE',  ( -3.500000000000000000, 0.0000000000000000000, -1.500000000000000000 ) ) ;
#2843 = CIRCLE ( 'NONE', #4713, 2.199999999999818500 ) ;
#2844 = CARTESIAN_POINT ( 'NONE',  ( -17.09999999999999800, 13.59999999999999800, 0.5000000000000004400 ) ) ;
#2845 = VERTEX_POINT ( 'NONE', #4453 ) ;
#2846 = COLOUR_RGB ( '',1.000000000000000000, 1.000000000000000000, 1.000000000000000000 ) ;
#2847 = DIRECTION ( 'NONE',  ( 1.000000000000000000, 0.0000000000000000000, 0.0000000000000000000 ) ) ;
#2848 = STYLED_ITEM ( 'NONE', ( #11172 ), #5578 ) ;
#2849 = ORIENTED_EDGE ( 'NONE', *, *, #9806, .F. ) ;
#2850 = SURFACE_SIDE_STYLE ('',( #4613 ) ) ;
#2851 = PRESENTATION_LAYER_ASSIGNMENT (  '', '', ( #1607 ) ) ;
#2852 = ORIENTED_EDGE ( 'NONE', *, *, #7024, .T. ) ;
#2853 = CARTESIAN_POINT ( 'NONE',  ( -12.41131721597009400, -13.54102959263321900, 27.69999999999999900 ) ) ;
#2854 = ADVANCED_FACE ( 'NONE', ( #2922 ), #853, .T. ) ;
#2855 = VERTEX_POINT ( 'NONE', #11412 ) ;
#2856 = DIRECTION ( 'NONE',  ( -1.000000000000000000, 0.0000000000000000000, 0.0000000000000000000 ) ) ;
#2857 = UNCERTAINTY_MEASURE_WITH_UNIT (LENGTH_MEASURE( 1.000000000000000100E-005 ), #3431, 'distance_accuracy_value', 'NONE');
#2858 = CARTESIAN_POINT ( 'NONE',  ( -13.58868278403019600, -14.04568282944132600, 27.70000000000000300 ) ) ;
#2859 = EDGE_LOOP ( 'NONE', ( #10401, #3467, #10951, #8730, #1393 ) ) ;
#2860 = LINE ( 'NONE', #3488, #9550 ) ;
#2861 = FACE_OUTER_BOUND ( 'NONE', #6801, .T. ) ;
#2862 =( GEOMETRIC_REPRESENTATION_CONTEXT ( 3 ) GLOBAL_UNCERTAINTY_ASSIGNED_CONTEXT ( ( #2430 ) ) GLOBAL_UNIT_ASSIGNED_CONTEXT ( ( #10128, #4882, #11002 ) ) REPRESENTATION_CONTEXT ( 'NONE', 'WORKASPACE' ) );
#2863 = CARTESIAN_POINT ( 'NONE',  ( 17.60000000000000500, 13.60000000000000100, 8.000000000000000000 ) ) ;
#2864 = FILL_AREA_STYLE ('',( #3005 ) ) ;
#2865 = DIRECTION ( 'NONE',  ( 1.000000000000000000, 0.0000000000000000000, -0.0000000000000000000 ) ) ;
#2866 =( BOUNDED_CURVE ( )  B_SPLINE_CURVE ( 3, ( #1631, #6389, #1068, #7281 ),
 .UNSPECIFIED., .F., .T. ) 
 B_SPLINE_CURVE_WITH_KNOTS ( ( 4, 4 ),
 ( 0.0000000000000000000, 1.000000000000000000 ),
 .UNSPECIFIED. ) 
 CURVE ( )  GEOMETRIC_REPRESENTATION_ITEM ( )  RATIONAL_B_SPLINE_CURVE ( ( 1.000000000000000000, 0.8047378541243650500, 0.8047378541243650500, 1.000000000000000000 ) ) 
 REPRESENTATION_ITEM ( '' )  );
#2867 =( NAMED_UNIT ( * ) PLANE_ANGLE_UNIT ( ) SI_UNIT ( $, .RADIAN. ) );
#2868 = STYLED_ITEM ( 'NONE', ( #11042 ), #6440 ) ;
#2869 = CARTESIAN_POINT ( 'NONE',  ( 11.50000000000000000, -2.816687638038912400E-015, 0.0000000000000000000 ) ) ;
#2870 = SURFACE_SIDE_STYLE ('',( #8191 ) ) ;
#2871 = DIRECTION ( 'NONE',  ( 1.000000000000000000, -6.247119924414881800E-015, 0.0000000000000000000 ) ) ;
#2872 = CARTESIAN_POINT ( 'NONE',  ( -1.102823950784868500, -35.60000000000000100, 24.79493308255596400 ) ) ;
#2873 = EDGE_CURVE ( 'NONE', #3285, #6128, #6732, .T. ) ;
#2874 = CIRCLE ( 'NONE', #5052, 11.00000000000000000 ) ;
#2875 = SURFACE_STYLE_FILL_AREA ( #5451 ) ;
#2876 = CARTESIAN_POINT ( 'NONE',  ( 13.00000000000072100, -12.99999999999999600, 27.69999999999999900 ) ) ;
#2877 = FILL_AREA_STYLE ('',( #2003 ) ) ;
#2878 = FILL_AREA_STYLE_COLOUR ( '', #5640 ) ;
#2879 = FILL_AREA_STYLE_COLOUR ( '', #4704 ) ;
#2880 = DIRECTION ( 'NONE',  ( 1.000000000000000000, 0.0000000000000000000, -0.0000000000000000000 ) ) ;
#2881 = PRESENTATION_LAYER_ASSIGNMENT (  '', '', ( #3435 ) ) ;
#2882 = CARTESIAN_POINT ( 'NONE',  ( 0.0000000000000000000, 0.0000000000000000000, 26.20000000000000300 ) ) ;
#2883 = PRESENTATION_LAYER_ASSIGNMENT (  '', '', ( #3437 ) ) ;
#2884 = ADVANCED_FACE ( 'NONE', ( #4413 ), #10621, .F. ) ;
#2885 = MECHANICAL_DESIGN_GEOMETRIC_PRESENTATION_REPRESENTATION (  '', ( #414 ), #3442 ) ;
#2886 = ADVANCED_FACE ( 'NONE', ( #3591 ), #6268, .T. ) ;
#2887 = EDGE_LOOP ( 'NONE', ( #6337, #7321, #6368, #9699 ) ) ;
#2888 = PLANE ( 'NONE',  #8967 ) ;
#2889 = ORIENTED_EDGE ( 'NONE', *, *, #909, .F. ) ;
#2890 =( LENGTH_UNIT ( ) NAMED_UNIT ( * ) SI_UNIT ( .MILLI., .METRE. ) );
#2891 = CYLINDRICAL_SURFACE ( 'NONE', #2187, 1.249999999999999300 ) ;
#2892 = EDGE_CURVE ( 'NONE', #7563, #1265, #9472, .T. ) ;
#2893 = STYLED_ITEM ( 'NONE', ( #5004 ), #10908 ) ;
#2894 = PLANE ( 'NONE',  #875 ) ;
#2895 = MECHANICAL_DESIGN_GEOMETRIC_PRESENTATION_REPRESENTATION (  '', ( #1663 ), #3463 ) ;
#2896 = CARTESIAN_POINT ( 'NONE',  ( -9.994277014738390400, -6.988554029478946100, 28.19999999999999600 ) ) ;
#2897 = FILL_AREA_STYLE_COLOUR ( '', #1726 ) ;
#2898 = ORIENTED_EDGE ( 'NONE', *, *, #9526, .T. ) ;
#2899 = DIRECTION ( 'NONE',  ( 4.164746616276587900E-015, 1.000000000000000000, -0.0000000000000000000 ) ) ;
#2900 = DIRECTION ( 'NONE',  ( 1.000000000000000000, 0.0000000000000000000, 0.0000000000000000000 ) ) ;
#2901 = ORIENTED_EDGE ( 'NONE', *, *, #4880, .F. ) ;
#2902 = CARTESIAN_POINT ( 'NONE',  ( 12.45897040736656600, -12.41131721597003300, 26.70000000000000300 ) ) ;
#2903 = SURFACE_SIDE_STYLE ('',( #7377 ) ) ;
#2904 = DIRECTION ( 'NONE',  ( -1.000000000000000000, 0.0000000000000000000, 0.0000000000000000000 ) ) ;
#2905 =( GEOMETRIC_REPRESENTATION_CONTEXT ( 3 ) GLOBAL_UNCERTAINTY_ASSIGNED_CONTEXT ( ( #5924 ) ) GLOBAL_UNIT_ASSIGNED_CONTEXT ( ( #64, #6305, #985 ) ) REPRESENTATION_CONTEXT ( 'NONE', 'WORKASPACE' ) );
#2906 = STYLED_ITEM ( 'NONE', ( #8811 ), #2884 ) ;
#2907 = ADVANCED_FACE ( 'NONE', ( #7167 ), #8101, .T. ) ;
#2908 = FILL_AREA_STYLE ('',( #8161 ) ) ;
#2909 = ORIENTED_EDGE ( 'NONE', *, *, #5742, .F. ) ;
#2910 = CARTESIAN_POINT ( 'NONE',  ( 12.60742149554960500, -15.60000000000000100, 12.60742149554938500 ) ) ;
#2911 = EDGE_CURVE ( 'NONE', #6472, #2036, #9086, .T. ) ;
#2912 = PLANE ( 'NONE',  #7754 ) ;
#2913 = CARTESIAN_POINT ( 'NONE',  ( -9.701383795925419700, 19.59723240814842900, 28.19999999999999900 ) ) ;
#2914 = CARTESIAN_POINT ( 'NONE',  ( -13.58868278403017600, -12.45897040736650900, 26.70000000000000300 ) ) ;
#2915 = ORIENTED_EDGE ( 'NONE', *, *, #2262, .F. ) ;
#2916 = DIRECTION ( 'NONE',  ( 1.000000000000000000, 0.0000000000000000000, -0.0000000000000000000 ) ) ;
#2917 = FILL_AREA_STYLE_COLOUR ( '', #5045 ) ;
#2918 = STYLED_ITEM ( 'NONE', ( #6573 ), #4499 ) ;
#2919 = EDGE_LOOP ( 'NONE', ( #8964, #1892, #5871, #8545 ) ) ;
#2920 = EDGE_CURVE ( 'NONE', #6918, #272, #1017, .T. ) ;
#2921 = FILL_AREA_STYLE_COLOUR ( '', #11323 ) ;
#2922 = FACE_OUTER_BOUND ( 'NONE', #1542, .T. ) ;
#2923 = PRESENTATION_LAYER_ASSIGNMENT (  '', '', ( #3491 ) ) ;
#2924 = CARTESIAN_POINT ( 'NONE',  ( 12.41131721597000100, 14.37408074114600400, 27.69999999999999900 ) ) ;
#2925 = LINE ( 'NONE', #9447, #9913 ) ;
#2926 =( LENGTH_UNIT ( ) NAMED_UNIT ( * ) SI_UNIT ( .MILLI., .METRE. ) );
#2927 = PLANE ( 'NONE',  #4913 ) ;
#2928 = ORIENTED_EDGE ( 'NONE', *, *, #10827, .F. ) ;
#2929 = ORIENTED_EDGE ( 'NONE', *, *, #1511, .T. ) ;
#2930 = B_SPLINE_CURVE_WITH_KNOTS ( 'NONE', 3,
 ( #3794, #10792, #5553, #193 ),
 .UNSPECIFIED., .F., .F.,
 ( 4, 4 ),
 ( 0.0000000000000000000, 0.0001923396241079245800 ),
 .UNSPECIFIED. ) ;
#2931 = ORIENTED_EDGE ( 'NONE', *, *, #8626, .T. ) ;
#2932 = LINE ( 'NONE', #3239, #5237 ) ;
#2933 = VECTOR ( 'NONE', #3352, 1000.000000000000000 ) ;
#2934 =( GEOMETRIC_REPRESENTATION_CONTEXT ( 3 ) GLOBAL_UNCERTAINTY_ASSIGNED_CONTEXT ( ( #5739 ) ) GLOBAL_UNIT_ASSIGNED_CONTEXT ( ( #641, #6849, #1552 ) ) REPRESENTATION_CONTEXT ( 'NONE', 'WORKASPACE' ) );
#2935 = FILL_AREA_STYLE ('',( #2821 ) ) ;
#2936 = DIRECTION ( 'NONE',  ( 1.000000000000000000, 0.0000000000000000000, -0.0000000000000000000 ) ) ;
#2937 = ADVANCED_FACE ( 'NONE', ( #6731 ), #10456, .T. ) ;
#2938 = SURFACE_STYLE_FILL_AREA ( #9432 ) ;
#2939 = LINE ( 'NONE', #1256, #5247 ) ;
#2940 = CARTESIAN_POINT ( 'NONE',  ( -11.62591925885394800, 12.41131721596995200, 27.65553645166705400 ) ) ;
#2941 = ORIENTED_EDGE ( 'NONE', *, *, #3396, .T. ) ;
#2942 = CARTESIAN_POINT ( 'NONE',  ( 12.41131721596999800, 13.54102959263329900, 26.70000000000000300 ) ) ;
#2943 = ADVANCED_FACE ( 'NONE', ( #6068 ), #7330, .T. ) ;
#2944 = ORIENTED_EDGE ( 'NONE', *, *, #7095, .T. ) ;
#2945 = STYLED_ITEM ( 'NONE', ( #5831 ), #9018 ) ;
#2946 = DIRECTION ( 'NONE',  ( 0.0000000000000000000, 1.000000000000000000, 0.0000000000000000000 ) ) ;
#2947 = CARTESIAN_POINT ( 'NONE',  ( -15.94314575050761600, -17.60000000000000100, 27.99289321881345000 ) ) ;
#2948 = CARTESIAN_POINT ( 'NONE',  ( -3.499999999999999100, 0.0000000000000000000, 27.99289321881345000 ) ) ;
#2949 = DIRECTION ( 'NONE',  ( 0.0000000000000000000, 1.000000000000000000, 0.0000000000000000000 ) ) ;
#2950 = STYLED_ITEM ( 'NONE', ( #9350 ), #3000 ) ;
#2951 = FILL_AREA_STYLE ('',( #11424 ) ) ;
#2952 =( NAMED_UNIT ( * ) SI_UNIT ( $, .STERADIAN. ) SOLID_ANGLE_UNIT ( ) );
#2953 = VECTOR ( 'NONE', #602, 1000.000000000000000 ) ;
#2954 =( GEOMETRIC_REPRESENTATION_CONTEXT ( 3 ) GLOBAL_UNCERTAINTY_ASSIGNED_CONTEXT ( ( #10661 ) ) GLOBAL_UNIT_ASSIGNED_CONTEXT ( ( #7398, #2103, #8272 ) ) REPRESENTATION_CONTEXT ( 'NONE', 'WORKASPACE' ) );
#2955 = LINE ( 'NONE', #6504, #4986 ) ;
#2956 = VECTOR ( 'NONE', #7435, 1000.000000000000000 ) ;
#2957 = DIRECTION ( 'NONE',  ( 1.000000000000000000, 0.0000000000000000000, -0.0000000000000000000 ) ) ;
#2958 = ORIENTED_EDGE ( 'NONE', *, *, #881, .F. ) ;
#2959 = CARTESIAN_POINT ( 'NONE',  ( -10.20138379592541800, 12.99999999999927200, 27.69999999999999900 ) ) ;
#2960 = CARTESIAN_POINT ( 'NONE',  ( 1.102823950784874900, -35.60000000000000100, 24.79493308255596800 ) ) ;
#2961 = MECHANICAL_DESIGN_GEOMETRIC_PRESENTATION_REPRESENTATION (  '', ( #1727 ), #3520 ) ;
#2962 = CIRCLE ( 'NONE', #1189, 0.5000000000000004400 ) ;
#2963 = CARTESIAN_POINT ( 'NONE',  ( -12.45897040736665300, 11.80064611981661600, 27.69507424152998000 ) ) ;
#2964 =( NAMED_UNIT ( * ) SI_UNIT ( $, .STERADIAN. ) SOLID_ANGLE_UNIT ( ) );
#2965 = EDGE_CURVE ( 'NONE', #3503, #6114, #488, .T. ) ;
#2966 = EDGE_CURVE ( 'NONE', #541, #745, #1313, .T. ) ;
#2967 = COLOUR_RGB ( '',1.000000000000000000, 1.000000000000000000, 1.000000000000000000 ) ;
#2968 = CIRCLE ( 'NONE', #5384, 0.5000000000000004400 ) ;
#2969 = ORIENTED_EDGE ( 'NONE', *, *, #1789, .F. ) ;
#2970 = VECTOR ( 'NONE', #962, 1000.000000000000000 ) ;
#2971 = AXIS2_PLACEMENT_3D ( 'NONE', #3116, #9227, #3987 ) ;
#2972 = LINE ( 'NONE', #8462, #7615 ) ;
#2973 = DIRECTION ( 'NONE',  ( 1.000000000000000000, -8.015843770825029200E-015, 0.0000000000000000000 ) ) ;
#2974 = COLOUR_RGB ( '',1.000000000000000000, 1.000000000000000000, 1.000000000000000000 ) ;
#2975 = ORIENTED_EDGE ( 'NONE', *, *, #3023, .F. ) ;
#2976 = SURFACE_STYLE_FILL_AREA ( #4884 ) ;
#2977 = VECTOR ( 'NONE', #3893, 1000.000000000000000 ) ;
#2978 = ORIENTED_EDGE ( 'NONE', *, *, #7927, .T. ) ;
#2979 = CARTESIAN_POINT ( 'NONE',  ( 14.20000000000053900, -12.99999999999999600, 26.70000000000000300 ) ) ;
#2980 = ORIENTED_EDGE ( 'NONE', *, *, #9806, .T. ) ;
#2981 =( NAMED_UNIT ( * ) PLANE_ANGLE_UNIT ( ) SI_UNIT ( $, .RADIAN. ) );
#2982 =( GEOMETRIC_REPRESENTATION_CONTEXT ( 3 ) GLOBAL_UNCERTAINTY_ASSIGNED_CONTEXT ( ( #6899 ) ) GLOBAL_UNIT_ASSIGNED_CONTEXT ( ( #7760, #2492, #8646 ) ) REPRESENTATION_CONTEXT ( 'NONE', 'WORKASPACE' ) );
#2983 = CARTESIAN_POINT ( 'NONE',  ( -11.92888516960274400, -12.45897040736652500, 27.70000000000000300 ) ) ;
#2984 = CARTESIAN_POINT ( 'NONE',  ( -14.20000000000079000, 15.40000000000084100, 27.69999999999999600 ) ) ;
#2985 = EDGE_CURVE ( 'NONE', #3153, #10297, #9635, .T. ) ;
#2986 = FILL_AREA_STYLE_COLOUR ( '', #1224 ) ;
#2987 = ORIENTED_EDGE ( 'NONE', *, *, #3641, .T. ) ;
#2988 = CARTESIAN_POINT ( 'NONE',  ( 12.07187008827383000, -13.79749315005083300, 27.70000000000000600 ) ) ;
#2989 = VERTEX_POINT ( 'NONE', #4234 ) ;
#2990 =( NAMED_UNIT ( * ) PLANE_ANGLE_UNIT ( ) SI_UNIT ( $, .RADIAN. ) );
#2991 = AXIS2_PLACEMENT_3D ( 'NONE', #1215, #7428, #2137 ) ;
#2992 = EDGE_CURVE ( 'NONE', #1597, #4429, #5239, .T. ) ;
#2993 = FILL_AREA_STYLE ('',( #10828 ) ) ;
#2994 = LINE ( 'NONE', #1670, #9970 ) ;
#2995 = DIRECTION ( 'NONE',  ( -0.0000000000000000000, 0.0000000000000000000, -1.000000000000000000 ) ) ;
#2996 = FILL_AREA_STYLE_COLOUR ( '', #9201 ) ;
#2997 = CARTESIAN_POINT ( 'NONE',  ( -3.007529995131446900, -17.69999999999999900, 26.18764494107381000 ) ) ;
#2998 = FACE_OUTER_BOUND ( 'NONE', #730, .T. ) ;
#2999 = CARTESIAN_POINT ( 'NONE',  ( 12.41131721596999800, 12.45897040736660500, 26.70000000000000300 ) ) ;
#3000 = ADVANCED_FACE ( 'NONE', ( #2649 ), #8644, .T. ) ;
#3001 = VERTEX_POINT ( 'NONE', #6951 ) ;
#3002 = UNCERTAINTY_MEASURE_WITH_UNIT (LENGTH_MEASURE( 1.000000000000000100E-005 ), #9988, 'distance_accuracy_value', 'NONE');
#3003 = ADVANCED_FACE ( 'NONE', ( #4148 ), #7759, .F. ) ;
#3004 = LINE ( 'NONE', #8171, #9978 ) ;
#3005 = FILL_AREA_STYLE_COLOUR ( '', #11262 ) ;
#3006 = AXIS2_PLACEMENT_3D ( 'NONE', #6805, #1505, #7685 ) ;
#3007 = PRESENTATION_STYLE_ASSIGNMENT (( #1530 ) ) ;
#3008 = VECTOR ( 'NONE', #854, 1000.000000000000000 ) ;
#3009 = CARTESIAN_POINT ( 'NONE',  ( -14.26285049231150200, -12.45897040736650600, 27.68476953867917300 ) ) ;
#3010 =( GEOMETRIC_REPRESENTATION_CONTEXT ( 3 ) GLOBAL_UNCERTAINTY_ASSIGNED_CONTEXT ( ( #1047 ) ) GLOBAL_UNIT_ASSIGNED_CONTEXT ( ( #5513, #158, #6399 ) ) REPRESENTATION_CONTEXT ( 'NONE', 'WORKASPACE' ) );
#3011 = CARTESIAN_POINT ( 'NONE',  ( -15.19999999999980700, -17.40000000000180700, 26.70000000000000300 ) ) ;
#3012 =( NAMED_UNIT ( * ) SI_UNIT ( $, .STERADIAN. ) SOLID_ANGLE_UNIT ( ) );
#3013 = DIRECTION ( 'NONE',  ( 1.000000000000000000, 0.0000000000000000000, -0.0000000000000000000 ) ) ;
#3014 = EDGE_LOOP ( 'NONE', ( #9019, #2260 ) ) ;
#3015 = CARTESIAN_POINT ( 'NONE',  ( -15.20000000000078400, 12.99999999999926800, 26.70000000000000300 ) ) ;
#3016 = CARTESIAN_POINT ( 'NONE',  ( -12.41131721597007200, -11.62591925885381800, 26.70000000000000300 ) ) ;
#3017 = ORIENTED_EDGE ( 'NONE', *, *, #3263, .T. ) ;
#3018 = AXIS2_PLACEMENT_3D ( 'NONE', #679, #6886, #1593 ) ;
#3019 = CARTESIAN_POINT ( 'NONE',  ( -14.15715551915491600, 13.58868278403004300, 27.70000000000000300 ) ) ;
#3020 = CARTESIAN_POINT ( 'NONE',  ( -10.49999999999999800, 0.0000000000000000000, -1.500000000000000000 ) ) ;
#3021 = CARTESIAN_POINT ( 'NONE',  ( 14.37408074114596500, -12.41131721597004900, 26.70000000000000300 ) ) ;
#3022 = CARTESIAN_POINT ( 'NONE',  ( 11.00000000000000000, 1.347111479062088600E-015, -1.792893218813452500 ) ) ;
#3023 = EDGE_CURVE ( 'NONE', #5787, #9462, #10045, .T. ) ;
#3024 = EDGE_CURVE ( 'NONE', #5531, #649, #1587, .T. ) ;
#3025 = PRESENTATION_STYLE_ASSIGNMENT (( #997 ) ) ;
#3026 = CARTESIAN_POINT ( 'NONE',  ( -17.59999999999999800, 17.59999999999999800, 8.000000000000000000 ) ) ;
#3027 =( BOUNDED_CURVE ( )  B_SPLINE_CURVE ( 3, ( #9674, #855, #7944, #2714 ),
 .UNSPECIFIED., .F., .T. ) 
 B_SPLINE_CURVE_WITH_KNOTS ( ( 4, 4 ),
 ( 0.0000000000000000000, 1.000000000000000000 ),
 .UNSPECIFIED. ) 
 CURVE ( )  GEOMETRIC_REPRESENTATION_ITEM ( )  RATIONAL_B_SPLINE_CURVE ( ( 1.000000000000000000, 0.3333333333333333700, 0.3333333333333333700, 1.000000000000000000 ) ) 
 REPRESENTATION_ITEM ( '' )  );
#3028 =( NAMED_UNIT ( * ) SI_UNIT ( $, .STERADIAN. ) SOLID_ANGLE_UNIT ( ) );
#3029 = ORIENTED_EDGE ( 'NONE', *, *, #5976, .F. ) ;
#3030 = CARTESIAN_POINT ( 'NONE',  ( 16.29861620407378500, 6.402767591852412300, 28.19999999999999900 ) ) ;
#3031 = CARTESIAN_POINT ( 'NONE',  ( 1.102823950784874900, -35.60000000000000100, 24.32231988564715800 ) ) ;
#3032 = DIRECTION ( 'NONE',  ( -4.164746616276587900E-015, -1.000000000000000000, 0.0000000000000000000 ) ) ;
#3033 = EDGE_LOOP ( 'NONE', ( #2849, #11320, #9986, #8569, #2712, #3041, #6197, #6741 ) ) ;
#3034 = PRESENTATION_LAYER_ASSIGNMENT (  '', '', ( #1811 ) ) ;
#3035 = ORIENTED_EDGE ( 'NONE', *, *, #6559, .T. ) ;
#3036 = FACE_OUTER_BOUND ( 'NONE', #8193, .T. ) ;
#3037 = VERTEX_POINT ( 'NONE', #11334 ) ;
#3038 = DIRECTION ( 'NONE',  ( 1.000000000000000000, -5.146266884835468500E-015, 0.0000000000000000000 ) ) ;
#3039 =( GEOMETRIC_REPRESENTATION_CONTEXT ( 3 ) GLOBAL_UNCERTAINTY_ASSIGNED_CONTEXT ( ( #9231 ) ) GLOBAL_UNIT_ASSIGNED_CONTEXT ( ( #828, #7042, #1754 ) ) REPRESENTATION_CONTEXT ( 'NONE', 'WORKASPACE' ) );
#3040 = EDGE_LOOP ( 'NONE', ( #690, #9319, #106 ) ) ;
#3041 = ORIENTED_EDGE ( 'NONE', *, *, #7667, .F. ) ;
#3042 = PRESENTATION_STYLE_ASSIGNMENT (( #8704 ) ) ;
#3043 = EDGE_CURVE ( 'NONE', #5395, #2989, #3071, .T. ) ;
#3044 = STYLED_ITEM ( 'NONE', ( #10060 ), #11285 ) ;
#3045 = CARTESIAN_POINT ( 'NONE',  ( -13.59999999999999800, 17.09999999999999800, 27.69999999999999900 ) ) ;
#3046 = ADVANCED_FACE ( 'NONE', ( #924 ), #1746, .F. ) ;
#3047 = ORIENTED_EDGE ( 'NONE', *, *, #4676, .F. ) ;
#3048 = DIRECTION ( 'NONE',  ( 0.0000000000000000000, 0.0000000000000000000, 1.000000000000000000 ) ) ;
#3049 = CARTESIAN_POINT ( 'NONE',  ( -14.37408074114605400, 13.19671022244901200, 27.68473138244006300 ) ) ;
#3050 = ADVANCED_FACE ( 'NONE', ( #4557 ), #5779, .T. ) ;
#3051 = EDGE_CURVE ( 'NONE', #10185, #5639, #3744, .T. ) ;
#3052 = PRESENTATION_LAYER_ASSIGNMENT (  '', '', ( #1839 ) ) ;
#3053 = DIRECTION ( 'NONE',  ( -1.000000000000000000, 0.0000000000000000000, -0.0000000000000000000 ) ) ;
#3054 = ORIENTED_EDGE ( 'NONE', *, *, #2676, .F. ) ;
#3055 = VECTOR ( 'NONE', #3991, 1000.000000000000000 ) ;
#3056 = CARTESIAN_POINT ( 'NONE',  ( -16.29861620407457700, 12.99999999999927200, 28.19999999999999600 ) ) ;
#3057 = VECTOR ( 'NONE', #5744, 1000.000000000000000 ) ;
#3058 = FILL_AREA_STYLE_COLOUR ( '', #2504 ) ;
#3059 = FACE_OUTER_BOUND ( 'NONE', #2841, .T. ) ;
#3060 = CARTESIAN_POINT ( 'NONE',  ( -11.62591925885394800, 12.99999999999927200, 27.68473138244006300 ) ) ;
#3061 = ORIENTED_EDGE ( 'NONE', *, *, #4333, .T. ) ;
#3062 = SURFACE_SIDE_STYLE ('',( #1039 ) ) ;
#3063 = VERTEX_POINT ( 'NONE', #7947 ) ;
#3064 = EDGE_CURVE ( 'NONE', #4328, #2711, #1061, .T. ) ;
#3065 = CARTESIAN_POINT ( 'NONE',  ( 4.000000000000000000, 4.898587196589412800E-016, -2.000000000000000000 ) ) ;
#3066 = CARTESIAN_POINT ( 'NONE',  ( 10.20138379592620100, 7.402767591852407000, 27.69999999999999600 ) ) ;
#3067 = FILL_AREA_STYLE_COLOUR ( '', #8117 ) ;
#3068 = DIRECTION ( 'NONE',  ( -0.0000000000000000000, -1.000000000000000000, -0.0000000000000000000 ) ) ;
#3069 = DIRECTION ( 'NONE',  ( 1.000000000000000000, -1.029253376967093700E-014, 0.0000000000000000000 ) ) ;
#3070 = COLOUR_RGB ( '',1.000000000000000000, 1.000000000000000000, 1.000000000000000000 ) ;
#3071 = LINE ( 'NONE', #1706, #627 ) ;
#3072 = CIRCLE ( 'NONE', #11324, 0.4726131969088088700 ) ;
#3073 = ORIENTED_EDGE ( 'NONE', *, *, #7322, .T. ) ;
#3074 = B_SPLINE_CURVE_WITH_KNOTS ( 'NONE', 3,
 ( #8282, #1148, #9149, #3905, #10022, #4774, #10900, #5656 ),
 .UNSPECIFIED., .F., .F.,
 ( 4, 2, 2, 4 ),
 ( 5.042425572652883600E-016, 0.0007972752717084680700, 0.001195912907562449600, 0.001594550543416431300 ),
 .UNSPECIFIED. ) ;
#3075 = ORIENTED_EDGE ( 'NONE', *, *, #4797, .T. ) ;
#3076 =( GEOMETRIC_REPRESENTATION_CONTEXT ( 3 ) GLOBAL_UNCERTAINTY_ASSIGNED_CONTEXT ( ( #8633 ) ) GLOBAL_UNIT_ASSIGNED_CONTEXT ( ( #239, #6464, #1149 ) ) REPRESENTATION_CONTEXT ( 'NONE', 'WORKASPACE' ) );
#3077 = SURFACE_STYLE_FILL_AREA ( #6275 ) ;
#3078 = CARTESIAN_POINT ( 'NONE',  ( 12.99999999999999600, 12.99999999999999600, 27.69999999999999900 ) ) ;
#3079 = FILL_AREA_STYLE_COLOUR ( '', #5919 ) ;
#3080 = LINE ( 'NONE', #6179, #357 ) ;
#3081 = DIRECTION ( 'NONE',  ( -0.8571673007013629300, 0.0000000000000000000, -0.5150380749113013800 ) ) ;
#3082 = LINE ( 'NONE', #3139, #7727 ) ;
#3083 = CARTESIAN_POINT ( 'NONE',  ( 2.992470004868553100, -17.69999999999999900, 22.60748687669129400 ) ) ;
#3084 = ORIENTED_EDGE ( 'NONE', *, *, #9815, .F. ) ;
#3085 = AXIS2_PLACEMENT_3D ( 'NONE', #1778, #4416, #5329 ) ;
#3086 =( NAMED_UNIT ( * ) PLANE_ANGLE_UNIT ( ) SI_UNIT ( $, .RADIAN. ) );
#3087 = CARTESIAN_POINT ( 'NONE',  ( 16.29861620407378500, 6.402767591852413200, 28.19999999999999900 ) ) ;
#3088 = EDGE_CURVE ( 'NONE', #9346, #6856, #8140, .T. ) ;
#3089 = PRESENTATION_STYLE_ASSIGNMENT (( #1253 ) ) ;
#3090 = COLOUR_RGB ( '',1.000000000000000000, 1.000000000000000000, 1.000000000000000000 ) ;
#3091 = DIRECTION ( 'NONE',  ( 0.0000000000000000000, 0.0000000000000000000, -1.000000000000000000 ) ) ;
#3092 =( GEOMETRIC_REPRESENTATION_CONTEXT ( 3 ) GLOBAL_UNCERTAINTY_ASSIGNED_CONTEXT ( ( #8617 ) ) GLOBAL_UNIT_ASSIGNED_CONTEXT ( ( #1758, #1745, #1713 ) ) REPRESENTATION_CONTEXT ( 'NONE', 'WORKASPACE' ) );
#3093 = CYLINDRICAL_SURFACE ( 'NONE', #2627, 4.000000000000000000 ) ;
#3094 =( LENGTH_UNIT ( ) NAMED_UNIT ( * ) SI_UNIT ( .MILLI., .METRE. ) );
#3095 = AXIS2_PLACEMENT_3D ( 'NONE', #6553, #8335, #8366 ) ;
#3096 = PLANE ( 'NONE',  #4183 ) ;
#3097 = FILL_AREA_STYLE ('',( #6566 ) ) ;
#3098 = SURFACE_STYLE_USAGE ( .BOTH. , #8351 ) ;
#3099 = CARTESIAN_POINT ( 'NONE',  ( 13.54102959263326300, -12.99999999999999600, 27.69999999999999900 ) ) ;
#3100 = CARTESIAN_POINT ( 'NONE',  ( 0.0000000000000000000, 0.0000000000000000000, 28.19999999999999900 ) ) ;
#3101 = DIRECTION ( 'NONE',  ( 0.0000000000000000000, 1.000000000000000000, 0.0000000000000000000 ) ) ;
#3102 = CARTESIAN_POINT ( 'NONE',  ( 15.19999999999999600, 12.99999999999999600, 26.70000000000000300 ) ) ;
#3103 = VECTOR ( 'NONE', #3032, 1000.000000000000000 ) ;
#3104 = FACE_OUTER_BOUND ( 'NONE', #6893, .T. ) ;
#3105 = MECHANICAL_DESIGN_GEOMETRIC_PRESENTATION_REPRESENTATION (  '', ( #1276 ), #3680 ) ;
#3106 = ADVANCED_FACE ( 'NONE', ( #7851 ), #25, .F. ) ;
#3107 = SURFACE_STYLE_FILL_AREA ( #9864 ) ;
#3108 = ORIENTED_EDGE ( 'NONE', *, *, #1691, .F. ) ;
#3109 = FILL_AREA_STYLE ('',( #7020 ) ) ;
#3110 = EDGE_CURVE ( 'NONE', #7558, #11336, #4697, .T. ) ;
#3111 = FACE_OUTER_BOUND ( 'NONE', #4343, .T. ) ;
#3112 = AXIS2_PLACEMENT_3D ( 'NONE', #6826, #1531, #7716 ) ;
#3113 = ORIENTED_EDGE ( 'NONE', *, *, #10373, .F. ) ;
#3114 = MECHANICAL_DESIGN_GEOMETRIC_PRESENTATION_REPRESENTATION (  '', ( #58 ), #3690 ) ;
#3115 = EDGE_LOOP ( 'NONE', ( #508, #7243, #3695, #7003 ) ) ;
#3116 = CARTESIAN_POINT ( 'NONE',  ( 14.26285049231142400, 13.54102959263329500, 26.70000000000000300 ) ) ;
#3117 = SURFACE_SIDE_STYLE ('',( #9514 ) ) ;
#3118 = CARTESIAN_POINT ( 'NONE',  ( 12.03692231441023000, 13.75491842535462800, 27.70000000000000300 ) ) ;
#3119 = CARTESIAN_POINT ( 'NONE',  ( 17.60000000000000500, 11.45316318592670500, 22.19999999999999600 ) ) ;
#3120 = DIRECTION ( 'NONE',  ( 0.0000000000000000000, -1.000000000000000000, 0.0000000000000000000 ) ) ;
#3121 = AXIS2_PLACEMENT_3D ( 'NONE', #42, #8883, #3640 ) ;
#3122 = ORIENTED_EDGE ( 'NONE', *, *, #9304, .F. ) ;
#3123 = PRESENTATION_LAYER_ASSIGNMENT (  '', '', ( #2507 ) ) ;
#3124 = ORIENTED_EDGE ( 'NONE', *, *, #2124, .T. ) ;
#3125 = CARTESIAN_POINT ( 'NONE',  ( 17.10000000000000500, 13.60000000000000100, 4.336808689942017700E-016 ) ) ;
#3126 = EDGE_CURVE ( 'NONE', #1761, #5497, #1991, .T. ) ;
#3127 = LINE ( 'NONE', #3277, #9848 ) ;
#3128 = DIRECTION ( 'NONE',  ( 0.0000000000000000000, 0.0000000000000000000, 1.000000000000000000 ) ) ;
#3129 = SURFACE_STYLE_FILL_AREA ( #8979 ) ;
#3130 = CARTESIAN_POINT ( 'NONE',  ( -10.99999999999999500, -21.99999999999999600, -1.792893218813452800 ) ) ;
#3131 = AXIS2_PLACEMENT_3D ( 'NONE', #2651, #8789, #3527 ) ;
#3132 = EDGE_CURVE ( 'NONE', #10297, #10356, #2342, .T. ) ;
#3133 = DIRECTION ( 'NONE',  ( 0.7072524912148354700, -0.7069610411263191900, 0.0000000000000000000 ) ) ;
#3134 = UNCERTAINTY_MEASURE_WITH_UNIT (LENGTH_MEASURE( 1.000000000000000100E-005 ), #9851, 'distance_accuracy_value', 'NONE');
#3135 = DIRECTION ( 'NONE',  ( -0.0000000000000000000, -0.0000000000000000000, -1.000000000000000000 ) ) ;
#3136 = DIRECTION ( 'NONE',  ( -0.0000000000000000000, -0.0000000000000000000, -1.000000000000000000 ) ) ;
#3137 = CARTESIAN_POINT ( 'NONE',  ( -17.59999999999999800, 13.59999999999999800, 8.000000000000000000 ) ) ;
#3138 =( NAMED_UNIT ( * ) SI_UNIT ( $, .STERADIAN. ) SOLID_ANGLE_UNIT ( ) );
#3139 = CARTESIAN_POINT ( 'NONE',  ( -3.100000000000000500, 0.0000000000000000000, 22.19999999999999600 ) ) ;
#3140 = DIRECTION ( 'NONE',  ( -1.000000000000000000, 0.0000000000000000000, 0.0000000000000000000 ) ) ;
#3141 = VECTOR ( 'NONE', #6678, 1000.000000000000000 ) ;
#3142 = AXIS2_PLACEMENT_3D ( 'NONE', #2872, #8991, #3747 ) ;
#3143 = STYLED_ITEM ( 'NONE', ( #11169 ), #5736 ) ;
#3144 = CARTESIAN_POINT ( 'NONE',  ( -17.60528299132912600, 0.0000000000000000000, 22.19999999999999600 ) ) ;
#3145 = DIRECTION ( 'NONE',  ( 0.0000000000000000000, 1.000000000000000000, 0.0000000000000000000 ) ) ;
#3146 = ORIENTED_EDGE ( 'NONE', *, *, #4772, .T. ) ;
#3147 = AXIS2_PLACEMENT_3D ( 'NONE', #6160, #827, #7040 ) ;
#3148 = CARTESIAN_POINT ( 'NONE',  ( -11.45062910550453400, -17.60000000000000500, 5.999999999999999100 ) ) ;
#3149 = ORIENTED_EDGE ( 'NONE', *, *, #3921, .T. ) ;
#3150 = CARTESIAN_POINT ( 'NONE',  ( -12.41131721597009400, -13.54102959263321900, 26.70000000000000300 ) ) ;
#3151 = SURFACE_SIDE_STYLE ('',( #3682 ) ) ;
#3152 = STYLED_ITEM ( 'NONE', ( #7575 ), #2907 ) ;
#3153 = VERTEX_POINT ( 'NONE', #1911 ) ;
#3154 = ADVANCED_FACE ( 'NONE', ( #7028 ), #6307, .T. ) ;
#3155 = ORIENTED_EDGE ( 'NONE', *, *, #10078, .F. ) ;
#3156 =( BOUNDED_SURFACE ( )  B_SPLINE_SURFACE ( 3, 3, ( 
 ( #2258, #9327, #4094, #10214 ),
 ( #4965, #11064, #5835, #503 ),
 ( #6719, #1420, #7614, #2345 ),
 ( #8507, #3248, #9367, #4127 ) ),
 .UNSPECIFIED., .F., .F., .F. ) 
 B_SPLINE_SURFACE_WITH_KNOTS ( ( 4, 4 ),
 ( 4, 4 ),
 ( 0.0000000000000000000, 1.000000000000000000 ),
 ( 0.0000000000000000000, 1.000000000000000000 ),
 .UNSPECIFIED. ) 
 GEOMETRIC_REPRESENTATION_ITEM ( )  RATIONAL_B_SPLINE_SURFACE ( (
 ( 1.000000000000000000, 0.3333333333333334300, 0.3333333333333334300, 1.000000000000000000),
 ( 0.8047378541243649400, 0.2682459513747884100, 0.2682459513747884100, 0.8047378541243649400),
 ( 0.8047378541243649400, 0.2682459513747884100, 0.2682459513747884100, 0.8047378541243649400),
 ( 1.000000000000000000, 0.3333333333333334300, 0.3333333333333334300, 1.000000000000000000) ) ) 
 REPRESENTATION_ITEM ( '' )  SURFACE ( )  );
#3157 = DIRECTION ( 'NONE',  ( -0.0000000000000000000, -1.000000000000000000, -0.0000000000000000000 ) ) ;
#3158 = ORIENTED_EDGE ( 'NONE', *, *, #1678, .F. ) ;
#3159 =( GEOMETRIC_REPRESENTATION_CONTEXT ( 3 ) GLOBAL_UNCERTAINTY_ASSIGNED_CONTEXT ( ( #2818 ) ) GLOBAL_UNIT_ASSIGNED_CONTEXT ( ( #210, #6445, #1130 ) ) REPRESENTATION_CONTEXT ( 'NONE', 'WORKASPACE' ) );
#3160 = DIRECTION ( 'NONE',  ( 0.0000000000000000000, 0.0000000000000000000, 1.000000000000000000 ) ) ;
#3161 = EDGE_CURVE ( 'NONE', #7140, #6918, #2121, .T. ) ;
#3162 = DIRECTION ( 'NONE',  ( 0.0000000000000000000, -0.0000000000000000000, -1.000000000000000000 ) ) ;
#3163 = EDGE_LOOP ( 'NONE', ( #10728, #1734 ) ) ;
#3164 = CARTESIAN_POINT ( 'NONE',  ( -11.00000000000000000, 1.347111479062088600E-015, -0.2071067811865475700 ) ) ;
#3165 =( NAMED_UNIT ( * ) PLANE_ANGLE_UNIT ( ) SI_UNIT ( $, .RADIAN. ) );
#3166 = CARTESIAN_POINT ( 'NONE',  ( 0.0000000000000000000, 0.0000000000000000000, 20.19999999999999900 ) ) ;
#3167 =( NAMED_UNIT ( * ) PLANE_ANGLE_UNIT ( ) SI_UNIT ( $, .RADIAN. ) );
#3168 = ORIENTED_EDGE ( 'NONE', *, *, #3320, .F. ) ;
#3169 = FILL_AREA_STYLE_COLOUR ( '', #5124 ) ;
#3170 = AXIS2_PLACEMENT_3D ( 'NONE', #1030, #999, #975 ) ;
#3171 = ORIENTED_EDGE ( 'NONE', *, *, #1181, .F. ) ;
#3172 = VERTEX_POINT ( 'NONE', #6514 ) ;
#3173 = PRESENTATION_LAYER_ASSIGNMENT (  '', '', ( #3767 ) ) ;
#3174 = DIRECTION ( 'NONE',  ( -0.0000000000000000000, -0.0000000000000000000, -1.000000000000000000 ) ) ;
#3175 = PRESENTATION_STYLE_ASSIGNMENT (( #3286 ) ) ;
#3176 =( NAMED_UNIT ( * ) SI_UNIT ( $, .STERADIAN. ) SOLID_ANGLE_UNIT ( ) );
#3177 = CYLINDRICAL_SURFACE ( 'NONE', #10009, 3.500000000000000000 ) ;
#3178 = MECHANICAL_DESIGN_GEOMETRIC_PRESENTATION_REPRESENTATION (  '', ( #138 ), #3774 ) ;
#3179 = CARTESIAN_POINT ( 'NONE',  ( -11.73714950768875400, -12.45897040736652900, 27.68476953867945400 ) ) ;
#3180 = AXIS2_PLACEMENT_3D ( 'NONE', #232, #6460, #1144 ) ;
#3181 =( NAMED_UNIT ( * ) SI_UNIT ( $, .STERADIAN. ) SOLID_ANGLE_UNIT ( ) );
#3182 = ORIENTED_EDGE ( 'NONE', *, *, #10576, .F. ) ;
#3183 = DIRECTION ( 'NONE',  ( -1.000000000000000000, 0.0000000000000000000, -0.0000000000000000000 ) ) ;
#3184 = LINE ( 'NONE', #7942, #10178 ) ;
#3185 = EDGE_CURVE ( 'NONE', #9123, #1441, #1473, .T. ) ;
#3186 =( LENGTH_UNIT ( ) NAMED_UNIT ( * ) SI_UNIT ( .MILLI., .METRE. ) );
#3187 = PRESENTATION_STYLE_ASSIGNMENT (( #7153 ) ) ;
#3188 = SURFACE_SIDE_STYLE ('',( #5978 ) ) ;
#3189 = DIRECTION ( 'NONE',  ( -0.7072524912148526700, -0.7069610411263019800, 0.0000000000000000000 ) ) ;
#3190 = LINE ( 'NONE', #1546, #4964 ) ;
#3191 =( NAMED_UNIT ( * ) PLANE_ANGLE_UNIT ( ) SI_UNIT ( $, .RADIAN. ) );
#3192 =( GEOMETRIC_REPRESENTATION_CONTEXT ( 3 ) GLOBAL_UNCERTAINTY_ASSIGNED_CONTEXT ( ( #726 ) ) GLOBAL_UNIT_ASSIGNED_CONTEXT ( ( #5414, #66, #6308 ) ) REPRESENTATION_CONTEXT ( 'NONE', 'WORKASPACE' ) );
#3193 = CARTESIAN_POINT ( 'NONE',  ( -14.37408074114605200, 13.58868278403004700, 27.65553645166687200 ) ) ;
#3194 = ORIENTED_EDGE ( 'NONE', *, *, #2176, .F. ) ;
#3195 = EDGE_CURVE ( 'NONE', #3063, #585, #2130, .T. ) ;
#3196 = ORIENTED_EDGE ( 'NONE', *, *, #7313, .T. ) ;
#3197 = AXIS2_PLACEMENT_3D ( 'NONE', #409, #6634, #1333 ) ;
#3198 =( LENGTH_UNIT ( ) NAMED_UNIT ( * ) SI_UNIT ( .MILLI., .METRE. ) );
#3199 = ORIENTED_EDGE ( 'NONE', *, *, #404, .F. ) ;
#3200 = CARTESIAN_POINT ( 'NONE',  ( 2.992470004868552600, -17.69999999999999900, 22.60748687669129400 ) ) ;
#3201 = CARTESIAN_POINT ( 'NONE',  ( 17.60528299132913300, 0.0000000000000000000, 22.19999999999999600 ) ) ;
#3202 =( LENGTH_UNIT ( ) NAMED_UNIT ( * ) SI_UNIT ( .MILLI., .METRE. ) );
#3203 = CARTESIAN_POINT ( 'NONE',  ( 17.60000000000000500, 17.60000000000000100, 8.000000000000000000 ) ) ;
#3204 = EDGE_LOOP ( 'NONE', ( #3878, #5839, #11072, #5209 ) ) ;
#3205 = COLOUR_RGB ( '',1.000000000000000000, 1.000000000000000000, 1.000000000000000000 ) ;
#3206 =( NAMED_UNIT ( * ) SI_UNIT ( $, .STERADIAN. ) SOLID_ANGLE_UNIT ( ) );
#3207 = CARTESIAN_POINT ( 'NONE',  ( 11.79999999999969300, 10.59999999999972400, 27.70000000000000300 ) ) ;
#3208 =( LENGTH_UNIT ( ) NAMED_UNIT ( * ) SI_UNIT ( .MILLI., .METRE. ) );
#3209 = VERTEX_POINT ( 'NONE', #4787 ) ;
#3210 = CARTESIAN_POINT ( 'NONE',  ( 12.45897040736656600, -12.41131721597003300, 27.69999999999999900 ) ) ;
#3211 = MECHANICAL_DESIGN_GEOMETRIC_PRESENTATION_REPRESENTATION (  '', ( #2012 ), #3812 ) ;
#3212 = LINE ( 'NONE', #11148, #2953 ) ;
#3213 = LINE ( 'NONE', #7327, #7599 ) ;
#3214 = LINE ( 'NONE', #7397, #7879 ) ;
#3215 = CARTESIAN_POINT ( 'NONE',  ( -2.245330193905176400, -3.311038578853666300, -2.000000000000000000 ) ) ;
#3216 = EDGE_LOOP ( 'NONE', ( #7554, #9146, #5834, #7752 ) ) ;
#3217 = PRESENTATION_LAYER_ASSIGNMENT (  '', '', ( #1389 ) ) ;
#3218 =( LENGTH_UNIT ( ) NAMED_UNIT ( * ) SI_UNIT ( .MILLI., .METRE. ) );
#3219 =( NAMED_UNIT ( * ) PLANE_ANGLE_UNIT ( ) SI_UNIT ( $, .RADIAN. ) );
#3220 = DIRECTION ( 'NONE',  ( -1.000000000000000000, 0.0000000000000000000, 0.0000000000000000000 ) ) ;
#3221 = FILL_AREA_STYLE_COLOUR ( '', #8663 ) ;
#3222 = FACE_OUTER_BOUND ( 'NONE', #8242, .T. ) ;
#3223 = STYLED_ITEM ( 'NONE', ( #3379 ), #6542 ) ;
#3224 = COLOUR_RGB ( '',1.000000000000000000, 1.000000000000000000, 1.000000000000000000 ) ;
#3225 = SURFACE_STYLE_USAGE ( .BOTH. , #8484 ) ;
#3226 = CARTESIAN_POINT ( 'NONE',  ( 14.26285049231142600, 13.54102959263329500, 27.68476953867926600 ) ) ;
#3227 = SURFACE_STYLE_USAGE ( .BOTH. , #3251 ) ;
#3228 = CARTESIAN_POINT ( 'NONE',  ( -10.49999999999999800, 0.0000000000000000000, -2.000000000000000000 ) ) ;
#3229 = EDGE_CURVE ( 'NONE', #6010, #9545, #1199, .T. ) ;
#3230 = SURFACE_STYLE_USAGE ( .BOTH. , #3243 ) ;
#3231 = ORIENTED_EDGE ( 'NONE', *, *, #8460, .F. ) ;
#3232 = DIRECTION ( 'NONE',  ( -1.000000000000000000, -3.032567676268349900E-016, 0.0000000000000000000 ) ) ;
#3233 = AXIS2_PLACEMENT_3D ( 'NONE', #5646, #2, #8521 ) ;
#3234 = PRESENTATION_STYLE_ASSIGNMENT (( #4244 ) ) ;
#3235 = MECHANICAL_DESIGN_GEOMETRIC_PRESENTATION_REPRESENTATION (  '', ( #2039 ), #3840 ) ;
#3236 = VERTEX_POINT ( 'NONE', #1207 ) ;
#3237 =( NAMED_UNIT ( * ) PLANE_ANGLE_UNIT ( ) SI_UNIT ( $, .RADIAN. ) );
#3238 = PRESENTATION_LAYER_ASSIGNMENT (  '', '', ( #204 ) ) ;
#3239 = CARTESIAN_POINT ( 'NONE',  ( -12.41131721597007600, -13.00000000000072300, 27.69999999999999900 ) ) ;
#3240 = DIRECTION ( 'NONE',  ( -0.0000000000000000000, -0.0000000000000000000, -1.000000000000000000 ) ) ;
#3241 = DIRECTION ( 'NONE',  ( -1.000000000000000000, 0.0000000000000000000, 0.0000000000000000000 ) ) ;
#3242 = CARTESIAN_POINT ( 'NONE',  ( 15.20000000000022500, 8.599999999999312200, 26.70000000000000300 ) ) ;
#3243 = SURFACE_SIDE_STYLE ('',( #11376 ) ) ;
#3244 =( LENGTH_UNIT ( ) NAMED_UNIT ( * ) SI_UNIT ( .MILLI., .METRE. ) );
#3245 =( LENGTH_UNIT ( ) NAMED_UNIT ( * ) SI_UNIT ( .MILLI., .METRE. ) );
#3246 = ORIENTED_EDGE ( 'NONE', *, *, #7817, .T. ) ;
#3247 = ORIENTED_EDGE ( 'NONE', *, *, #4084, .T. ) ;
#3248 = CARTESIAN_POINT ( 'NONE',  ( 3.500000000000000400, -6.999999999999998200, 27.69999999999999600 ) ) ;
#3249 = CARTESIAN_POINT ( 'NONE',  ( 1.353715613149729900, -3.764148106438707200, -2.000000000000000000 ) ) ;
#3250 = CYLINDRICAL_SURFACE ( 'NONE', #10985, 0.4726131969088088700 ) ;
#3251 = SURFACE_SIDE_STYLE ('',( #7762 ) ) ;
#3252 = EDGE_CURVE ( 'NONE', #7982, #8662, #5906, .T. ) ;
#3253 = AXIS2_PLACEMENT_3D ( 'NONE', #9038, #3801, #9922 ) ;
#3254 = COLOUR_RGB ( '',1.000000000000000000, 1.000000000000000000, 1.000000000000000000 ) ;
#3255 = MECHANICAL_DESIGN_GEOMETRIC_PRESENTATION_REPRESENTATION (  '', ( #2057 ), #3856 ) ;
#3256 = CARTESIAN_POINT ( 'NONE',  ( 2.155378366499341600E-015, -17.60000000000000100, 26.29999999999999700 ) ) ;
#3257 =( NAMED_UNIT ( * ) SI_UNIT ( $, .STERADIAN. ) SOLID_ANGLE_UNIT ( ) );
#3258 = DIRECTION ( 'NONE',  ( 1.041186654069147000E-014, 1.000000000000000000, 0.0000000000000000000 ) ) ;
#3259 = PRESENTATION_LAYER_ASSIGNMENT (  '', '', ( #2069 ) ) ;
#3260 = CARTESIAN_POINT ( 'NONE',  ( 2.500000000000000000, 0.0000000000000000000, 1.000000000000000900 ) ) ;
#3261 = ORIENTED_EDGE ( 'NONE', *, *, #288, .T. ) ;
#3262 = CARTESIAN_POINT ( 'NONE',  ( 3.100000000000000500, -15.60000000000000100, 22.19999999999999600 ) ) ;
#3263 = EDGE_CURVE ( 'NONE', #7761, #11079, #10583, .T. ) ;
#3264 = UNCERTAINTY_MEASURE_WITH_UNIT (LENGTH_MEASURE( 1.000000000000000100E-005 ), #8876, 'distance_accuracy_value', 'NONE');
#3265 = FILL_AREA_STYLE ('',( #3375 ) ) ;
#3266 = CARTESIAN_POINT ( 'NONE',  ( 14.24999999999362500, 12.99999999999999600, 4.499999999950432500 ) ) ;
#3267 =( NAMED_UNIT ( * ) SI_UNIT ( $, .STERADIAN. ) SOLID_ANGLE_UNIT ( ) );
#3268 =( GEOMETRIC_REPRESENTATION_CONTEXT ( 3 ) GLOBAL_UNCERTAINTY_ASSIGNED_CONTEXT ( ( #2571 ) ) GLOBAL_UNIT_ASSIGNED_CONTEXT ( ( #7123, #1842, #8004 ) ) REPRESENTATION_CONTEXT ( 'NONE', 'WORKASPACE' ) );
#3269 =( NAMED_UNIT ( * ) SI_UNIT ( $, .STERADIAN. ) SOLID_ANGLE_UNIT ( ) );
#3270 = CYLINDRICAL_SURFACE ( 'NONE', #10980, 2.200000000000543700 ) ;
#3271 =( NAMED_UNIT ( * ) SI_UNIT ( $, .STERADIAN. ) SOLID_ANGLE_UNIT ( ) );
#3272 = CARTESIAN_POINT ( 'NONE',  ( -13.54102959263334700, 14.07111483039649800, 27.70000000000000300 ) ) ;
#3273 = CARTESIAN_POINT ( 'NONE',  ( -14.26285049231150200, -12.45897040736650600, 27.68476953867917300 ) ) ;
#3274 = SURFACE_STYLE_FILL_AREA ( #5792 ) ;
#3275 = ORIENTED_EDGE ( 'NONE', *, *, #9713, .F. ) ;
#3276 = STYLED_ITEM ( 'NONE', ( #4067 ), #8142 ) ;
#3277 = CARTESIAN_POINT ( 'NONE',  ( 13.54102959263324700, -14.26285049231146700, 26.70000000000000300 ) ) ;
#3278 = COLOUR_RGB ( '',0.2509803921568627400, 0.2509803921568627400, 0.2509803921568627400 ) ;
#3279 = CARTESIAN_POINT ( 'NONE',  ( -11.45062910550453900, -17.60000000000000100, 22.19999999999999600 ) ) ;
#3280 = PRESENTATION_STYLE_ASSIGNMENT (( #994 ) ) ;
#3281 = FILL_AREA_STYLE_COLOUR ( '', #5432 ) ;
#3282 = ORIENTED_EDGE ( 'NONE', *, *, #3478, .T. ) ;
#3283 = MECHANICAL_DESIGN_GEOMETRIC_PRESENTATION_REPRESENTATION (  '', ( #2090 ), #3889 ) ;
#3284 = CARTESIAN_POINT ( 'NONE',  ( 15.20000000000053900, -12.99999999999999600, 26.70000000000000300 ) ) ;
#3285 = VERTEX_POINT ( 'NONE', #10949 ) ;
#3286 = SURFACE_STYLE_USAGE ( .BOTH. , #8556 ) ;
#3287 = PRESENTATION_STYLE_ASSIGNMENT (( #9520 ) ) ;
#3288 = ORIENTED_EDGE ( 'NONE', *, *, #6198, .T. ) ;
#3289 = ORIENTED_EDGE ( 'NONE', *, *, #10759, .T. ) ;
#3290 = DIRECTION ( 'NONE',  ( 0.0000000000000000000, 0.0000000000000000000, 1.000000000000000000 ) ) ;
#3291 = CARTESIAN_POINT ( 'NONE',  ( 12.45897040736656600, -12.41131721597003500, 26.70000000000000300 ) ) ;
#3292 = MECHANICAL_DESIGN_GEOMETRIC_PRESENTATION_REPRESENTATION (  '', ( #1475 ), #3901 ) ;
#3293 = FACE_OUTER_BOUND ( 'NONE', #2245, .T. ) ;
#3294 = PLANE ( 'NONE',  #5440 ) ;
#3295 = DIRECTION ( 'NONE',  ( -1.000000000000000000, 0.0000000000000000000, 0.0000000000000000000 ) ) ;
#3296 = PRESENTATION_LAYER_ASSIGNMENT (  '', '', ( #2731 ) ) ;
#3297 = DIRECTION ( 'NONE',  ( -1.000000000000000000, 0.0000000000000000000, 0.0000000000000000000 ) ) ;
#3298 = ORIENTED_EDGE ( 'NONE', *, *, #11067, .T. ) ;
#3299 = CYLINDRICAL_SURFACE ( 'NONE', #6970, 4.000000000000000000 ) ;
#3300 = PRESENTATION_LAYER_ASSIGNMENT (  '', '', ( #2115 ) ) ;
#3301 = CARTESIAN_POINT ( 'NONE',  ( 15.65025253169417300, -17.10000000000000100, 4.336808689942017700E-016 ) ) ;
#3302 = FACE_OUTER_BOUND ( 'NONE', #5476, .T. ) ;
#3303 = VECTOR ( 'NONE', #6470, 1000.000000000000000 ) ;
#3304 = CARTESIAN_POINT ( 'NONE',  ( 3.731572103822010900, 1.440997501948691800, -1.999999999999999600 ) ) ;
#3305 = EDGE_CURVE ( 'NONE', #8457, #5027, #8269, .T. ) ;
#3306 = CARTESIAN_POINT ( 'NONE',  ( 17.60000000000000500, -17.60000000000000100, 22.19999999999999600 ) ) ;
#3307 = ORIENTED_EDGE ( 'NONE', *, *, #1123, .F. ) ;
#3308 = CARTESIAN_POINT ( 'NONE',  ( -10.20138379592541800, 12.99999999999927200, 27.69999999999999900 ) ) ;
#3309 = CARTESIAN_POINT ( 'NONE',  ( 17.10000000000000500, -13.60000000000000100, 28.19999999999999900 ) ) ;
#3310 = CARTESIAN_POINT ( 'NONE',  ( 1.836970198721029200E-015, 14.00000000000000000, -9.000000000000003600 ) ) ;
#3311 = DIRECTION ( 'NONE',  ( -0.0000000000000000000, -0.0000000000000000000, -1.000000000000000000 ) ) ;
#3312 = DIRECTION ( 'NONE',  ( 0.0000000000000000000, 0.0000000000000000000, 1.000000000000000000 ) ) ;
#3313 = CARTESIAN_POINT ( 'NONE',  ( -4.000000000000000000, 7.999999999999999100, -2.000000000000000000 ) ) ;
#3314 = VERTEX_POINT ( 'NONE', #6581 ) ;
#3315 = VECTOR ( 'NONE', #359, 1000.000000000000000 ) ;
#3316 = EDGE_CURVE ( 'NONE', #6530, #10592, #10034, .T. ) ;
#3317 = AXIS2_PLACEMENT_3D ( 'NONE', #4243, #10367, #5130 ) ;
#3318 = COLOUR_RGB ( '',1.000000000000000000, 1.000000000000000000, 1.000000000000000000 ) ;
#3319 = CARTESIAN_POINT ( 'NONE',  ( -2.107529995131446600, -17.69999999999999900, 0.0000000000000000000 ) ) ;
#3320 = EDGE_CURVE ( 'NONE', #3236, #6053, #2188, .T. ) ;
#3321 = ORIENTED_EDGE ( 'NONE', *, *, #4772, .F. ) ;
#3322 = ORIENTED_EDGE ( 'NONE', *, *, #9109, .T. ) ;
#3323 = SURFACE_STYLE_USAGE ( .BOTH. , #8583 ) ;
#3324 = CARTESIAN_POINT ( 'NONE',  ( -13.00000000000000200, 13.00000000000000200, -5.844014525531170600E-017 ) ) ;
#3325 = ORIENTED_EDGE ( 'NONE', *, *, #2807, .T. ) ;
#3326 = VECTOR ( 'NONE', #7833, 1000.000000000000000 ) ;
#3327 = MECHANICAL_DESIGN_GEOMETRIC_PRESENTATION_REPRESENTATION (  '', ( #2133 ), #3928 ) ;
#3328 =( GEOMETRIC_REPRESENTATION_CONTEXT ( 3 ) GLOBAL_UNCERTAINTY_ASSIGNED_CONTEXT ( ( #13 ) ) GLOBAL_UNIT_ASSIGNED_CONTEXT ( ( #10741, #5493, #144 ) ) REPRESENTATION_CONTEXT ( 'NONE', 'WORKASPACE' ) );
#3329 = FILL_AREA_STYLE ('',( #6811 ) ) ;
#3330 = FILL_AREA_STYLE_COLOUR ( '', #8805 ) ;
#3331 = UNCERTAINTY_MEASURE_WITH_UNIT (LENGTH_MEASURE( 1.000000000000000100E-005 ), #1821, 'distance_accuracy_value', 'NONE');
#3332 = EDGE_LOOP ( 'NONE', ( #1320, #10108, #11132, #4136, #1657, #11319, #10146, #4198 ) ) ;
#3333 = EDGE_CURVE ( 'NONE', #4277, #3314, #913, .T. ) ;
#3334 = VERTEX_POINT ( 'NONE', #6621 ) ;
#3335 = CARTESIAN_POINT ( 'NONE',  ( 9.994277014739656900, 19.01144597052067600, 28.19999999999999600 ) ) ;
#3336 = LINE ( 'NONE', #1748, #933 ) ;
#3337 = DIRECTION ( 'NONE',  ( -1.000000000000000000, 0.0000000000000000000, -0.0000000000000000000 ) ) ;
#3338 = AXIS2_PLACEMENT_3D ( 'NONE', #4077, #6667, #7597 ) ;
#3339 = CARTESIAN_POINT ( 'NONE',  ( 1.102823950784874900, -35.60000000000000100, 25.26754627946477800 ) ) ;
#3340 = EDGE_CURVE ( 'NONE', #5439, #5775, #5362, .T. ) ;
#3341 = ORIENTED_EDGE ( 'NONE', *, *, #363, .T. ) ;
#3342 = CARTESIAN_POINT ( 'NONE',  ( 11.62591925885386100, -12.41131721597003000, 27.65553645166644300 ) ) ;
#3343 = CARTESIAN_POINT ( 'NONE',  ( -14.26285049231151400, -13.54102959263319800, 27.68476953867928700 ) ) ;
#3344 = VECTOR ( 'NONE', #7317, 1000.000000000000000 ) ;
#3345 = CARTESIAN_POINT ( 'NONE',  ( 12.99999999999999600, 12.99999999999999600, 4.499999999950432500 ) ) ;
#3346 =( LENGTH_UNIT ( ) NAMED_UNIT ( * ) SI_UNIT ( .MILLI., .METRE. ) );
#3347 = LINE ( 'NONE', #2942, #951 ) ;
#3348 = FILL_AREA_STYLE_COLOUR ( '', #5699 ) ;
#3349 = CARTESIAN_POINT ( 'NONE',  ( -14.78578643762716800, -9.428427124745431000, 27.70000000000000600 ) ) ;
#3350 = FACE_OUTER_BOUND ( 'NONE', #10012, .T. ) ;
#3351 = CIRCLE ( 'NONE', #3398, 4.000000000000000000 ) ;
#3352 = DIRECTION ( 'NONE',  ( -0.0000000000000000000, -1.000000000000000000, 0.0000000000000000000 ) ) ;
#3353 = CARTESIAN_POINT ( 'NONE',  ( -16.29861620407457700, 19.59723240814842200, 28.19999999999999900 ) ) ;
#3354 = FACE_OUTER_BOUND ( 'NONE', #9770, .T. ) ;
#3355 = STYLED_ITEM ( 'NONE', ( #10141 ), #5302 ) ;
#3356 = STYLED_ITEM ( 'NONE', ( #2579 ), #5633 ) ;
#3357 = ADVANCED_FACE ( 'NONE', ( #10298 ), #10147, .F. ) ;
#3358 = UNCERTAINTY_MEASURE_WITH_UNIT (LENGTH_MEASURE( 1.000000000000000100E-005 ), #194, 'distance_accuracy_value', 'NONE');
#3359 = PRESENTATION_STYLE_ASSIGNMENT (( #1203 ) ) ;
#3360 = CIRCLE ( 'NONE', #3112, 2.798616204074337400 ) ;
#3361 = DIRECTION ( 'NONE',  ( 0.0000000000000000000, 0.0000000000000000000, -1.000000000000000000 ) ) ;
#3362 = COLOUR_RGB ( '',0.0000000000000000000, 0.5019607843137254800, 1.000000000000000000 ) ;
#3363 = ORIENTED_EDGE ( 'NONE', *, *, #8088, .F. ) ;
#3364 =( NAMED_UNIT ( * ) SI_UNIT ( $, .STERADIAN. ) SOLID_ANGLE_UNIT ( ) );
#3365 = DIRECTION ( 'NONE',  ( 0.8571673007013629300, 1.049727191137700900E-016, -0.5150380749113013800 ) ) ;
#3366 =( NAMED_UNIT ( * ) PLANE_ANGLE_UNIT ( ) SI_UNIT ( $, .RADIAN. ) );
#3367 = DIRECTION ( 'NONE',  ( 1.000000000000000000, 0.0000000000000000000, 0.0000000000000000000 ) ) ;
#3368 = FACE_OUTER_BOUND ( 'NONE', #6802, .T. ) ;
#3369 = ORIENTED_EDGE ( 'NONE', *, *, #7405, .T. ) ;
#3370 = DIRECTION ( 'NONE',  ( 4.164746616276587900E-015, 1.000000000000000000, 0.0000000000000000000 ) ) ;
#3371 = ORIENTED_EDGE ( 'NONE', *, *, #2771, .F. ) ;
#3372 = ORIENTED_EDGE ( 'NONE', *, *, #10144, .T. ) ;
#3373 = EDGE_CURVE ( 'NONE', #1768, #2067, #8928, .T. ) ;
#3374 = SURFACE_SIDE_STYLE ('',( #2664 ) ) ;
#3375 = FILL_AREA_STYLE_COLOUR ( '', #2364 ) ;
#3376 = SURFACE_STYLE_USAGE ( .BOTH. , #8634 ) ;
#3377 = FACE_OUTER_BOUND ( 'NONE', #3033, .T. ) ;
#3378 =( GEOMETRIC_REPRESENTATION_CONTEXT ( 3 ) GLOBAL_UNCERTAINTY_ASSIGNED_CONTEXT ( ( #7296 ) ) GLOBAL_UNIT_ASSIGNED_CONTEXT ( ( #2665, #2654, #2620 ) ) REPRESENTATION_CONTEXT ( 'NONE', 'WORKASPACE' ) );
#3379 = PRESENTATION_STYLE_ASSIGNMENT (( #9300 ) ) ;
#3380 =( GEOMETRIC_REPRESENTATION_CONTEXT ( 3 ) GLOBAL_UNCERTAINTY_ASSIGNED_CONTEXT ( ( #10426 ) ) GLOBAL_UNIT_ASSIGNED_CONTEXT ( ( #1860, #8017, #2777 ) ) REPRESENTATION_CONTEXT ( 'NONE', 'WORKASPACE' ) );
#3381 = FILL_AREA_STYLE_COLOUR ( '', #3070 ) ;
#3382 = CARTESIAN_POINT ( 'NONE',  ( 11.79999999999999500, 12.99999999999999800, 26.70000000000000300 ) ) ;
#3383 = DIRECTION ( 'NONE',  ( 1.000000000000000000, 0.0000000000000000000, 0.0000000000000000000 ) ) ;
#3384 = PLANE ( 'NONE',  #11263 ) ;
#3385 = FILL_AREA_STYLE_COLOUR ( '', #3881 ) ;
#3386 = SURFACE_STYLE_USAGE ( .BOTH. , #8649 ) ;
#3387 = AXIS2_PLACEMENT_3D ( 'NONE', #7201, #1917, #8076 ) ;
#3388 = FACE_OUTER_BOUND ( 'NONE', #8637, .T. ) ;
#3389 =( NAMED_UNIT ( * ) PLANE_ANGLE_UNIT ( ) SI_UNIT ( $, .RADIAN. ) );
#3390 = EDGE_CURVE ( 'NONE', #10277, #10593, #6591, .T. ) ;
#3391 = SURFACE_SIDE_STYLE ('',( #10013 ) ) ;
#3392 = CARTESIAN_POINT ( 'NONE',  ( -10.20138379592541800, 12.99999999999927200, 27.69999999999999900 ) ) ;
#3393 = FILL_AREA_STYLE_COLOUR ( '', #2381 ) ;
#3394 = LINE ( 'NONE', #5747, #1008 ) ;
#3395 =( GEOMETRIC_REPRESENTATION_CONTEXT ( 3 ) GLOBAL_UNCERTAINTY_ASSIGNED_CONTEXT ( ( #6558 ) ) GLOBAL_UNIT_ASSIGNED_CONTEXT ( ( #2370, #8533, #3269 ) ) REPRESENTATION_CONTEXT ( 'NONE', 'WORKASPACE' ) );
#3396 = EDGE_CURVE ( 'NONE', #5281, #9324, #11206, .T. ) ;
#3397 = UNCERTAINTY_MEASURE_WITH_UNIT (LENGTH_MEASURE( 1.000000000000000100E-005 ), #7448, 'distance_accuracy_value', 'NONE');
#3398 = AXIS2_PLACEMENT_3D ( 'NONE', #3670, #9798, #4539 ) ;
#3399 =( NAMED_UNIT ( * ) PLANE_ANGLE_UNIT ( ) SI_UNIT ( $, .RADIAN. ) );
#3400 = DIRECTION ( 'NONE',  ( -0.0000000000000000000, -0.0000000000000000000, -1.000000000000000000 ) ) ;
#3401 = CARTESIAN_POINT ( 'NONE',  ( 0.0000000000000000000, 0.0000000000000000000, 26.70000000000000300 ) ) ;
#3402 = CARTESIAN_POINT ( 'NONE',  ( -17.39289321881344800, -13.60000000000000100, 4.516154061397947200E-016 ) ) ;
#3403 = ADVANCED_FACE ( 'NONE', ( #4270 ), #11045, .F. ) ;
#3404 = FACE_OUTER_BOUND ( 'NONE', #353, .T. ) ;
#3405 = DIRECTION ( 'NONE',  ( 1.000000000000000000, 0.0000000000000000000, 0.0000000000000000000 ) ) ;
#3406 = CARTESIAN_POINT ( 'NONE',  ( -11.73714950768875700, -13.00000000000072100, 27.69802295345167000 ) ) ;
#3407 = AXIS2_PLACEMENT_3D ( 'NONE', #3201, #9314, #4083 ) ;
#3408 = EDGE_LOOP ( 'NONE', ( #9928, #10789 ) ) ;
#3409 = DIRECTION ( 'NONE',  ( -0.0000000000000000000, -0.0000000000000000000, 1.000000000000000000 ) ) ;
#3410 = ORIENTED_EDGE ( 'NONE', *, *, #6966, .F. ) ;
#3411 =( LENGTH_UNIT ( ) NAMED_UNIT ( * ) SI_UNIT ( .MILLI., .METRE. ) );
#3412 = DIRECTION ( 'NONE',  ( -1.224646799147353200E-016, -1.000000000000000000, 0.0000000000000000000 ) ) ;
#3413 = DIRECTION ( 'NONE',  ( 0.0000000000000000000, 0.0000000000000000000, 1.000000000000000000 ) ) ;
#3414 = CYLINDRICAL_SURFACE ( 'NONE', #8210, 2.799999999999999800 ) ;
#3415 = ORIENTED_EDGE ( 'NONE', *, *, #3600, .T. ) ;
#3416 = APPLICATION_PROTOCOL_DEFINITION ( 'draft international standard', 'automotive_design', 1998, #4306 ) ;
#3417 =( LENGTH_UNIT ( ) NAMED_UNIT ( * ) SI_UNIT ( .MILLI., .METRE. ) );
#3418 = CARTESIAN_POINT ( 'NONE',  ( -3.100000000000000500, -17.60000000000000100, 22.19999999999999600 ) ) ;
#3419 = AXIS2_PLACEMENT_3D ( 'NONE', #2333, #8498, #3241 ) ;
#3420 = FACE_OUTER_BOUND ( 'NONE', #3040, .T. ) ;
#3421 = ORIENTED_EDGE ( 'NONE', *, *, #9487, .F. ) ;
#3422 = ORIENTED_EDGE ( 'NONE', *, *, #3917, .F. ) ;
#3423 = VECTOR ( 'NONE', #1223, 1000.000000000000000 ) ;
#3424 = CARTESIAN_POINT ( 'NONE',  ( 0.0000000000000000000, 0.0000000000000000000, 25.19999999999999900 ) ) ;
#3425 = CARTESIAN_POINT ( 'NONE',  ( -17.59999999999999800, 15.94314575050761800, 27.70000000000000300 ) ) ;
#3426 =( LENGTH_UNIT ( ) NAMED_UNIT ( * ) SI_UNIT ( .MILLI., .METRE. ) );
#3427 = CARTESIAN_POINT ( 'NONE',  ( 3.270949344994007900, -2.303405056207461900, -2.000000000000000000 ) ) ;
#3428 = VECTOR ( 'NONE', #3451, 1000.000000000000000 ) ;
#3429 = CARTESIAN_POINT ( 'NONE',  ( -15.79861620407457900, 12.99999999999927200, 27.69999999999999900 ) ) ;
#3430 = ORIENTED_EDGE ( 'NONE', *, *, #302, .T. ) ;
#3431 =( LENGTH_UNIT ( ) NAMED_UNIT ( * ) SI_UNIT ( .MILLI., .METRE. ) );
#3432 = EDGE_CURVE ( 'NONE', #8998, #4806, #10162, .T. ) ;
#3433 = SURFACE_STYLE_FILL_AREA ( #1591 ) ;
#3434 = DIRECTION ( 'NONE',  ( 1.000000000000000000, -7.366970476447054700E-015, 0.0000000000000000000 ) ) ;
#3435 = STYLED_ITEM ( 'NONE', ( #6383 ), #296 ) ;
#3436 = CARTESIAN_POINT ( 'NONE',  ( 10.80000000000090300, -12.99999999999999600, 25.19999999999999900 ) ) ;
#3437 = STYLED_ITEM ( 'NONE', ( #6468 ), #3528 ) ;
#3438 = PRESENTATION_STYLE_ASSIGNMENT (( #9725 ) ) ;
#3439 =( NAMED_UNIT ( * ) SI_UNIT ( $, .STERADIAN. ) SOLID_ANGLE_UNIT ( ) );
#3440 = DIRECTION ( 'NONE',  ( 0.0000000000000000000, -0.0000000000000000000, -1.000000000000000000 ) ) ;
#3441 = ORIENTED_EDGE ( 'NONE', *, *, #5517, .T. ) ;
#3442 =( GEOMETRIC_REPRESENTATION_CONTEXT ( 3 ) GLOBAL_UNCERTAINTY_ASSIGNED_CONTEXT ( ( #11355 ) ) GLOBAL_UNIT_ASSIGNED_CONTEXT ( ( #8661, #3399, #9527 ) ) REPRESENTATION_CONTEXT ( 'NONE', 'WORKASPACE' ) );
#3443 = CARTESIAN_POINT ( 'NONE',  ( 0.0000000000000000000, 0.0000000000000000000, -1.500000000000000000 ) ) ;
#3444 = DIRECTION ( 'NONE',  ( 1.000000000000000000, 0.0000000000000000000, 0.0000000000000000000 ) ) ;
#3445 = ORIENTED_EDGE ( 'NONE', *, *, #7662, .F. ) ;
#3446 = VECTOR ( 'NONE', #11417, 1000.000000000000000 ) ;
#3447 = CARTESIAN_POINT ( 'NONE',  ( -11.45062910550453200, 17.60000000000000100, 20.19999999999999900 ) ) ;
#3448 = CARTESIAN_POINT ( 'NONE',  ( 17.60000000000000500, 17.60000000000000100, 22.19999999999999600 ) ) ;
#3449 = VECTOR ( 'NONE', #5292, 1000.000000000000000 ) ;
#3450 = DIRECTION ( 'NONE',  ( 0.0000000000000000000, 0.0000000000000000000, 1.000000000000000000 ) ) ;
#3451 = DIRECTION ( 'NONE',  ( -1.000000000000000000, -0.0000000000000000000, 0.0000000000000000000 ) ) ;
#3452 = CARTESIAN_POINT ( 'NONE',  ( -3.197100400188057600, -2.419690145486538900, -2.000000000000000900 ) ) ;
#3453 = CARTESIAN_POINT ( 'NONE',  ( 14.07111483039631700, 12.45897040736660000, 27.70000000000000300 ) ) ;
#3454 = ORIENTED_EDGE ( 'NONE', *, *, #11067, .F. ) ;
#3455 = ORIENTED_EDGE ( 'NONE', *, *, #1742, .F. ) ;
#3456 = APPLICATION_CONTEXT ( 'automotive_design' ) ;
#3457 = CARTESIAN_POINT ( 'NONE',  ( -13.59999999999999800, -17.10000000000000100, 27.69999999999999900 ) ) ;
#3458 = SURFACE_STYLE_USAGE ( .BOTH. , #8722 ) ;
#3459 = VERTEX_POINT ( 'NONE', #4137 ) ;
#3460 = CARTESIAN_POINT ( 'NONE',  ( -3.007529995131447800, -17.69999999999999900, 22.60748687669129000 ) ) ;
#3461 = EDGE_CURVE ( 'NONE', #63, #2032, #759, .T. ) ;
#3462 = AXIS2_PLACEMENT_3D ( 'NONE', #10525, #5273, #11354 ) ;
#3463 =( GEOMETRIC_REPRESENTATION_CONTEXT ( 3 ) GLOBAL_UNCERTAINTY_ASSIGNED_CONTEXT ( ( #9025 ) ) GLOBAL_UNIT_ASSIGNED_CONTEXT ( ( #156, #6393, #1074 ) ) REPRESENTATION_CONTEXT ( 'NONE', 'WORKASPACE' ) );
#3464 = ADVANCED_FACE ( 'NONE', ( #7835 ), #4398, .T. ) ;
#3465 = LINE ( 'NONE', #3882, #8151 ) ;
#3466 = CARTESIAN_POINT ( 'NONE',  ( -12.99999999999927200, -13.00000000000072300, 25.19999999999999900 ) ) ;
#3467 = ORIENTED_EDGE ( 'NONE', *, *, #2496, .F. ) ;
#3468 = SURFACE_STYLE_USAGE ( .BOTH. , #4457 ) ;
#3469 =( NAMED_UNIT ( * ) PLANE_ANGLE_UNIT ( ) SI_UNIT ( $, .RADIAN. ) );
#3470 = CARTESIAN_POINT ( 'NONE',  ( -15.65025253169417000, 17.09999999999999800, 28.19999999999999900 ) ) ;
#3471 = CARTESIAN_POINT ( 'NONE',  ( -13.54102959263334700, 11.73714950768862400, 26.70000000000000300 ) ) ;
#3472 = DIRECTION ( 'NONE',  ( 1.000000000000000000, 0.0000000000000000000, -0.0000000000000000000 ) ) ;
#3473 = PRESENTATION_LAYER_ASSIGNMENT (  '', '', ( #2906 ) ) ;
#3474 =( NAMED_UNIT ( * ) SI_UNIT ( $, .STERADIAN. ) SOLID_ANGLE_UNIT ( ) );
#3475 = LINE ( 'NONE', #2362, #7875 ) ;
#3476 = VECTOR ( 'NONE', #3712, 1000.000000000000000 ) ;
#3477 = LINE ( 'NONE', #4767, #10200 ) ;
#3478 = EDGE_CURVE ( 'NONE', #7303, #7580, #6723, .T. ) ;
#3479 = ORIENTED_EDGE ( 'NONE', *, *, #1851, .F. ) ;
#3480 = DIRECTION ( 'NONE',  ( 0.0000000000000000000, 0.0000000000000000000, 1.000000000000000000 ) ) ;
#3481 = CARTESIAN_POINT ( 'NONE',  ( 17.60000000000000500, 11.45316318592670700, 22.19999999999999600 ) ) ;
#3482 = AXIS2_PLACEMENT_3D ( 'NONE', #6030, #709, #6920 ) ;
#3483 = CARTESIAN_POINT ( 'NONE',  ( 11.73714950768867000, 13.54102959263330100, 26.70000000000000300 ) ) ;
#3484 = EDGE_CURVE ( 'NONE', #5766, #63, #2469, .T. ) ;
#3485 = PLANE ( 'NONE',  #512 ) ;
#3486 = CARTESIAN_POINT ( 'NONE',  ( -12.60754481064677500, -11.62591925885382500, 27.67938296417806800 ) ) ;
#3487 = COLOUR_RGB ( '',0.0000000000000000000, 0.5019607843137254800, 0.2509803921568627400 ) ;
#3488 = CARTESIAN_POINT ( 'NONE',  ( 0.0000000000000000000, -15.60000000000000100, 26.18764494107381000 ) ) ;
#3489 = COLOUR_RGB ( '',1.000000000000000000, 1.000000000000000000, 1.000000000000000000 ) ;
#3490 = ORIENTED_EDGE ( 'NONE', *, *, #4807, .F. ) ;
#3491 = STYLED_ITEM ( 'NONE', ( #9696 ), #8075 ) ;
#3492 = CARTESIAN_POINT ( 'NONE',  ( -11.62591925885394800, 12.41131721596995200, 26.70000000000000300 ) ) ;
#3493 = DIRECTION ( 'NONE',  ( 1.000000000000000000, 0.0000000000000000000, 0.0000000000000000000 ) ) ;
#3494 = FILL_AREA_STYLE ('',( #2619 ) ) ;
#3495 = CARTESIAN_POINT ( 'NONE',  ( 1.102823950784878000, -15.60000000000000300, 24.17768011435284200 ) ) ;
#3496 = LINE ( 'NONE', #8216, #1109 ) ;
#3497 = CARTESIAN_POINT ( 'NONE',  ( 2.075856652810746300, 3.421868976916838000, -1.999999999999999600 ) ) ;
#3498 = CARTESIAN_POINT ( 'NONE',  ( 14.78578643762690000, 12.99999999999999500, 27.70000000000000600 ) ) ;
#3499 =( BOUNDED_SURFACE ( )  B_SPLINE_SURFACE ( 3, 3, ( 
 ( #6207, #9760, #4506, #10634 ),
 ( #5385, #37, #6284, #955 ),
 ( #7169, #1881, #8041, #2800 ),
 ( #8911, #3675, #9807, #4543 ) ),
 .UNSPECIFIED., .F., .F., .F. ) 
 B_SPLINE_SURFACE_WITH_KNOTS ( ( 4, 4 ),
 ( 4, 4 ),
 ( 0.0000000000000000000, 1.000000000000000000 ),
 ( 0.0000000000000000000, 1.000000000000000000 ),
 .UNSPECIFIED. ) 
 GEOMETRIC_REPRESENTATION_ITEM ( )  RATIONAL_B_SPLINE_SURFACE ( (
 ( 1.000000000000000000, 0.3333333333333332000, 0.3333333333333332000, 1.000000000000000000),
 ( 0.8047378541243649400, 0.2682459513747881800, 0.2682459513747881800, 0.8047378541243649400),
 ( 0.8047378541243649400, 0.2682459513747881800, 0.2682459513747881800, 0.8047378541243649400),
 ( 1.000000000000000000, 0.3333333333333332000, 0.3333333333333332000, 1.000000000000000000) ) ) 
 REPRESENTATION_ITEM ( '' )  SURFACE ( )  );
#3500 =( NAMED_UNIT ( * ) PLANE_ANGLE_UNIT ( ) SI_UNIT ( $, .RADIAN. ) );
#3501 = VECTOR ( 'NONE', #4563, 1000.000000000000000 ) ;
#3502 = DIRECTION ( 'NONE',  ( -1.224646799147353200E-016, -1.000000000000000000, 0.0000000000000000000 ) ) ;
#3503 = VERTEX_POINT ( 'NONE', #10330 ) ;
#3504 = AXIS2_PLACEMENT_3D ( 'NONE', #4218, #2434, #2474 ) ;
#3505 = ORIENTED_EDGE ( 'NONE', *, *, #5930, .F. ) ;
#3506 = CARTESIAN_POINT ( 'NONE',  ( 0.0000000000000000000, 0.0000000000000000000, 27.69999999999999900 ) ) ;
#3507 = CARTESIAN_POINT ( 'NONE',  ( -13.58868278403017300, -11.62591925885381100, 27.65553645166653900 ) ) ;
#3508 = CARTESIAN_POINT ( 'NONE',  ( 12.99999999999999600, -13.00000000000000500, 4.499999999950432500 ) ) ;
#3509 = AXIS2_PLACEMENT_3D ( 'NONE', #7160, #2793, #6312 ) ;
#3510 =( LENGTH_UNIT ( ) NAMED_UNIT ( * ) SI_UNIT ( .MILLI., .METRE. ) );
#3511 = FILL_AREA_STYLE ('',( #2634 ) ) ;
#3512 = DIRECTION ( 'NONE',  ( 0.0000000000000000000, 0.0000000000000000000, 1.000000000000000000 ) ) ;
#3513 =( LENGTH_UNIT ( ) NAMED_UNIT ( * ) SI_UNIT ( .MILLI., .METRE. ) );
#3514 = ORIENTED_EDGE ( 'NONE', *, *, #4354, .F. ) ;
#3515 =( NAMED_UNIT ( * ) PLANE_ANGLE_UNIT ( ) SI_UNIT ( $, .RADIAN. ) );
#3516 = DIRECTION ( 'NONE',  ( -0.8571673006944943200, 0.0000000000000000000, -0.5150380749227324600 ) ) ;
#3517 = PRESENTATION_LAYER_ASSIGNMENT (  '', '', ( #2950 ) ) ;
#3518 = EDGE_LOOP ( 'NONE', ( #6509, #2928, #3479, #9746, #2659 ) ) ;
#3519 = CARTESIAN_POINT ( 'NONE',  ( 11.45062910550455000, -17.60000000000000100, 8.000000000000000000 ) ) ;
#3520 =( GEOMETRIC_REPRESENTATION_CONTEXT ( 3 ) GLOBAL_UNCERTAINTY_ASSIGNED_CONTEXT ( ( #3788 ) ) GLOBAL_UNIT_ASSIGNED_CONTEXT ( ( #2268, #8438, #3181 ) ) REPRESENTATION_CONTEXT ( 'NONE', 'WORKASPACE' ) );
#3521 = DIRECTION ( 'NONE',  ( -1.224646799147353200E-016, -1.000000000000000000, 0.0000000000000000000 ) ) ;
#3522 = DIRECTION ( 'NONE',  ( 0.0000000000000000000, 1.000000000000000000, 0.0000000000000000000 ) ) ;
#3523 = PRESENTATION_STYLE_ASSIGNMENT (( #1250 ) ) ;
#3524 = SURFACE_STYLE_USAGE ( .BOTH. , #3537 ) ;
#3525 = ORIENTED_EDGE ( 'NONE', *, *, #6388, .F. ) ;
#3526 = EDGE_CURVE ( 'NONE', #10650, #5775, #9077, .T. ) ;
#3527 = DIRECTION ( 'NONE',  ( -0.7072524912148346900, 0.7069610411263199700, 0.0000000000000000000 ) ) ;
#3528 = ADVANCED_FACE ( 'NONE', ( #2322 ), #3299, .T. ) ;
#3529 = EDGE_CURVE ( 'NONE', #11079, #1932, #1187, .T. ) ;
#3530 = SURFACE_STYLE_USAGE ( .BOTH. , #8792 ) ;
#3531 = SURFACE_SIDE_STYLE ('',( #5703 ) ) ;
#3532 = FILL_AREA_STYLE ('',( #2658 ) ) ;
#3533 = STYLED_ITEM ( 'NONE', ( #10990 ), #1077 ) ;
#3534 = PRESENTATION_LAYER_ASSIGNMENT (  '', '', ( #2343 ) ) ;
#3535 =( NAMED_UNIT ( * ) SI_UNIT ( $, .STERADIAN. ) SOLID_ANGLE_UNIT ( ) );
#3536 = COLOUR_RGB ( '',1.000000000000000000, 1.000000000000000000, 1.000000000000000000 ) ;
#3537 = SURFACE_SIDE_STYLE ('',( #8592 ) ) ;
#3538 =( LENGTH_UNIT ( ) NAMED_UNIT ( * ) SI_UNIT ( .MILLI., .METRE. ) );
#3539 = DIRECTION ( 'NONE',  ( 1.000000000000000000, -5.146266884835468500E-015, -0.0000000000000000000 ) ) ;
#3540 =( LENGTH_UNIT ( ) NAMED_UNIT ( * ) SI_UNIT ( .MILLI., .METRE. ) );
#3541 = DIRECTION ( 'NONE',  ( -1.000000000000000000, 0.0000000000000000000, 0.0000000000000000000 ) ) ;
#3542 = AXIS2_PLACEMENT_3D ( 'NONE', #2741, #3068, #9521 ) ;
#3543 = PRESENTATION_LAYER_ASSIGNMENT (  '', '', ( #4134 ) ) ;
#3544 = CARTESIAN_POINT ( 'NONE',  ( -13.59999999999999800, -13.60000000000000100, 8.000000000000000000 ) ) ;
#3545 = ORIENTED_EDGE ( 'NONE', *, *, #11017, .F. ) ;
#3546 = SURFACE_STYLE_FILL_AREA ( #5238 ) ;
#3547 = FILL_AREA_STYLE ('',( #3986 ) ) ;
#3548 = EDGE_CURVE ( 'NONE', #4395, #3503, #10286, .T. ) ;
#3549 = UNCERTAINTY_MEASURE_WITH_UNIT (LENGTH_MEASURE( 1.000000000000000100E-005 ), #4739, 'distance_accuracy_value', 'NONE');
#3550 = PLANE ( 'NONE',  #11097 ) ;
#3551 =( LENGTH_UNIT ( ) NAMED_UNIT ( * ) SI_UNIT ( .MILLI., .METRE. ) );
#3552 = CARTESIAN_POINT ( 'NONE',  ( 13.58868278403008700, 11.62591925885389600, 26.70000000000000300 ) ) ;
#3553 = PLANE ( 'NONE',  #1560 ) ;
#3554 = ORIENTED_EDGE ( 'NONE', *, *, #756, .T. ) ;
#3555 =( NAMED_UNIT ( * ) PLANE_ANGLE_UNIT ( ) SI_UNIT ( $, .RADIAN. ) );
#3556 = FILL_AREA_STYLE ('',( #10526 ) ) ;
#3557 = EDGE_CURVE ( 'NONE', #63, #8250, #2723, .T. ) ;
#3558 = FACE_OUTER_BOUND ( 'NONE', #2165, .T. ) ;
#3559 = SURFACE_SIDE_STYLE ('',( #5891 ) ) ;
#3560 = ORIENTED_EDGE ( 'NONE', *, *, #3043, .F. ) ;
#3561 = SURFACE_STYLE_FILL_AREA ( #73 ) ;
#3562 = FILL_AREA_STYLE ('',( #4442 ) ) ;
#3563 = ORIENTED_EDGE ( 'NONE', *, *, #8632, .F. ) ;
#3564 =( NAMED_UNIT ( * ) SI_UNIT ( $, .STERADIAN. ) SOLID_ANGLE_UNIT ( ) );
#3565 = PLANE ( 'NONE',  #6637 ) ;
#3566 = UNCERTAINTY_MEASURE_WITH_UNIT (LENGTH_MEASURE( 1.000000000000000100E-005 ), #5504, 'distance_accuracy_value', 'NONE');
#3567 = ORIENTED_EDGE ( 'NONE', *, *, #3185, .T. ) ;
#3568 = CARTESIAN_POINT ( 'NONE',  ( -12.99999999999999800, 12.99999999999927200, 27.69999999999999900 ) ) ;
#3569 = CARTESIAN_POINT ( 'NONE',  ( 17.60000000000000500, 13.60000000000000000, 27.99289321881345700 ) ) ;
#3570 = ORIENTED_EDGE ( 'NONE', *, *, #2176, .T. ) ;
#3571 = CARTESIAN_POINT ( 'NONE',  ( -17.09999999999999800, 13.59999999999999800, 28.19999999999999900 ) ) ;
#3572 = ORIENTED_EDGE ( 'NONE', *, *, #4223, .T. ) ;
#3573 = CIRCLE ( 'NONE', #7105, 2.000000000009549700 ) ;
#3574 = AXIS2_PLACEMENT_3D ( 'NONE', #5869, #547, #6759 ) ;
#3575 = VERTEX_POINT ( 'NONE', #8660 ) ;
#3576 = DIRECTION ( 'NONE',  ( -1.000000000000000000, 8.015843770825029200E-015, 0.0000000000000000000 ) ) ;
#3577 =( LENGTH_UNIT ( ) NAMED_UNIT ( * ) SI_UNIT ( .MILLI., .METRE. ) );
#3578 = DIRECTION ( 'NONE',  ( 0.0000000000000000000, 0.0000000000000000000, 1.000000000000000000 ) ) ;
#3579 = CARTESIAN_POINT ( 'NONE',  ( 0.0000000000000000000, -2.500000000010459200, -23.50000000000000000 ) ) ;
#3580 =( LENGTH_UNIT ( ) NAMED_UNIT ( * ) SI_UNIT ( .MILLI., .METRE. ) );
#3581 = CARTESIAN_POINT ( 'NONE',  ( -14.37408074114605400, 12.41131721596995200, 27.69999999999999900 ) ) ;
#3582 = ORIENTED_EDGE ( 'NONE', *, *, #7601, .F. ) ;
#3583 = LINE ( 'NONE', #8784, #8256 ) ;
#3584 = AXIS2_PLACEMENT_3D ( 'NONE', #1001, #8132, #7286 ) ;
#3585 = CIRCLE ( 'NONE', #427, 0.5000000000000000000 ) ;
#3586 =( LENGTH_UNIT ( ) NAMED_UNIT ( * ) SI_UNIT ( .MILLI., .METRE. ) );
#3587 = SURFACE_STYLE_FILL_AREA ( #5664 ) ;
#3588 = ADVANCED_FACE ( 'NONE', ( #7687 ), #6925, .F. ) ;
#3589 = ORIENTED_EDGE ( 'NONE', *, *, #5930, .T. ) ;
#3590 = DIRECTION ( 'NONE',  ( 1.000000000000000000, 0.0000000000000000000, -0.0000000000000000000 ) ) ;
#3591 = FACE_OUTER_BOUND ( 'NONE', #7522, .T. ) ;
#3592 = DIRECTION ( 'NONE',  ( -1.000000000000000000, -0.0000000000000000000, 0.0000000000000000000 ) ) ;
#3593 = PLANE ( 'NONE',  #8572 ) ;
#3594 = SURFACE_SIDE_STYLE ('',( #10433 ) ) ;
#3595 = ORIENTED_EDGE ( 'NONE', *, *, #10964, .T. ) ;
#3596 = VECTOR ( 'NONE', #7419, 1000.000000000000000 ) ;
#3597 =( NAMED_UNIT ( * ) SI_UNIT ( $, .STERADIAN. ) SOLID_ANGLE_UNIT ( ) );
#3598 = FILL_AREA_STYLE ('',( #11356 ) ) ;
#3599 = LINE ( 'NONE', #4281, #5653 ) ;
#3600 = EDGE_CURVE ( 'NONE', #6843, #5882, #2866, .T. ) ;
#3601 = EDGE_CURVE ( 'NONE', #11142, #845, #2930, .T. ) ;
#3602 = VERTEX_POINT ( 'NONE', #6428 ) ;
#3603 = ORIENTED_EDGE ( 'NONE', *, *, #404, .T. ) ;
#3604 = CARTESIAN_POINT ( 'NONE',  ( -12.99999999999999800, 12.99999999999927200, 25.19999999999999900 ) ) ;
#3605 = CARTESIAN_POINT ( 'NONE',  ( 13.00000000000072100, -12.99999999999999600, 25.19999999999999900 ) ) ;
#3606 = STYLED_ITEM ( 'NONE', ( #6111 ), #3766 ) ;
#3607 = CARTESIAN_POINT ( 'NONE',  ( 13.54102959263326000, -12.41131721597004400, 26.70000000000000300 ) ) ;
#3608 = DIRECTION ( 'NONE',  ( -1.000000000000000000, 0.0000000000000000000, -0.0000000000000000000 ) ) ;
#3609 = MECHANICAL_DESIGN_GEOMETRIC_PRESENTATION_REPRESENTATION (  '', ( #1811 ), #4185 ) ;
#3610 = ORIENTED_EDGE ( 'NONE', *, *, #6992, .T. ) ;
#3611 = SURFACE_STYLE_FILL_AREA ( #2835 ) ;
#3612 = CARTESIAN_POINT ( 'NONE',  ( 12.45897040736657100, -11.92888516960426100, 27.70000000000000300 ) ) ;
#3613 = VERTEX_POINT ( 'NONE', #9033 ) ;
#3614 = VERTEX_POINT ( 'NONE', #4664 ) ;
#3615 = VECTOR ( 'NONE', #817, 1000.000000000000000 ) ;
#3616 = CARTESIAN_POINT ( 'NONE',  ( 12.99999999999999600, 12.99999999999999600, 27.69999999999999900 ) ) ;
#3617 =( NAMED_UNIT ( * ) PLANE_ANGLE_UNIT ( ) SI_UNIT ( $, .RADIAN. ) );
#3618 = CARTESIAN_POINT ( 'NONE',  ( -1.597904183443480400, 3.669477605960139100, -2.000000000000000000 ) ) ;
#3619 = PRESENTATION_LAYER_ASSIGNMENT (  '', '', ( #4201 ) ) ;
#3620 = CARTESIAN_POINT ( 'NONE',  ( 13.00000000000072100, -12.99999999999999600, 27.69999999999999900 ) ) ;
#3621 = SURFACE_STYLE_FILL_AREA ( #2766 ) ;
#3622 = VECTOR ( 'NONE', #9348, 1000.000000000000000 ) ;
#3623 = PLANE ( 'NONE',  #11054 ) ;
#3624 = DIRECTION ( 'NONE',  ( 0.0000000000000000000, 1.000000000000000000, 0.0000000000000000000 ) ) ;
#3625 = VECTOR ( 'NONE', #5691, 1000.000000000000000 ) ;
#3626 = PLANE ( 'NONE',  #297 ) ;
#3627 = EDGE_CURVE ( 'NONE', #4395, #8001, #2181, .T. ) ;
#3628 = AXIS2_PLACEMENT_3D ( 'NONE', #3949, #3101, #8388 ) ;
#3629 =( NAMED_UNIT ( * ) PLANE_ANGLE_UNIT ( ) SI_UNIT ( $, .RADIAN. ) );
#3630 = VECTOR ( 'NONE', #8274, 1000.000000000000000 ) ;
#3631 =( NAMED_UNIT ( * ) PLANE_ANGLE_UNIT ( ) SI_UNIT ( $, .RADIAN. ) );
#3632 =( NAMED_UNIT ( * ) SI_UNIT ( $, .STERADIAN. ) SOLID_ANGLE_UNIT ( ) );
#3633 = EDGE_CURVE ( 'NONE', #8467, #6049, #6857, .T. ) ;
#3634 = PLANE ( 'NONE',  #1895 ) ;
#3635 = MECHANICAL_DESIGN_GEOMETRIC_PRESENTATION_REPRESENTATION (  '', ( #1839 ), #4215 ) ;
#3636 = SURFACE_STYLE_FILL_AREA ( #8900 ) ;
#3637 = DIRECTION ( 'NONE',  ( -1.000000000000000000, 0.0000000000000000000, 0.0000000000000000000 ) ) ;
#3638 = LINE ( 'NONE', #6652, #5953 ) ;
#3639 = DIRECTION ( 'NONE',  ( -0.0000000000000000000, -0.0000000000000000000, -1.000000000000000000 ) ) ;
#3640 = DIRECTION ( 'NONE',  ( 1.000000000000000000, 0.0000000000000000000, -0.0000000000000000000 ) ) ;
#3641 = EDGE_CURVE ( 'NONE', #10591, #2067, #4535, .T. ) ;
#3642 = FILL_AREA_STYLE_COLOUR ( '', #48 ) ;
#3643 = LINE ( 'NONE', #3850, #1243 ) ;
#3644 = SURFACE_STYLE_FILL_AREA ( #2790 ) ;
#3645 = SURFACE_SIDE_STYLE ('',( #10671 ) ) ;
#3646 = STYLED_ITEM ( 'NONE', ( #1016 ), #4653 ) ;
#3647 = CARTESIAN_POINT ( 'NONE',  ( 13.00000000000072100, -12.41131721597003200, 27.69999999999999900 ) ) ;
#3648 = ADVANCED_FACE ( 'NONE', ( #11197 ), #5591, .T. ) ;
#3649 = VECTOR ( 'NONE', #9953, 1000.000000000000000 ) ;
#3650 = CARTESIAN_POINT ( 'NONE',  ( 10.20138379592711400, -12.99999999999999600, 27.69999999999999900 ) ) ;
#3651 = CARTESIAN_POINT ( 'NONE',  ( -3.100000000000000500, -15.60000000000000100, 22.19999999999999600 ) ) ;
#3652 = DIRECTION ( 'NONE',  ( 0.0000000000000000000, 1.000000000000000000, 0.0000000000000000000 ) ) ;
#3653 = UNCERTAINTY_MEASURE_WITH_UNIT (LENGTH_MEASURE( 1.000000000000000100E-005 ), #2030, 'distance_accuracy_value', 'NONE');
#3654 = LINE ( 'NONE', #2645, #8042 ) ;
#3655 = CYLINDRICAL_SURFACE ( 'NONE', #9120, 4.000000000000000000 ) ;
#3656 = EDGE_LOOP ( 'NONE', ( #1682, #8403, #11365, #1739 ) ) ;
#3657 = ORIENTED_EDGE ( 'NONE', *, *, #2763, .F. ) ;
#3658 = SURFACE_SIDE_STYLE ('',( #11094 ) ) ;
#3659 = ORIENTED_EDGE ( 'NONE', *, *, #5078, .T. ) ;
#3660 = FILL_AREA_STYLE_COLOUR ( '', #5725 ) ;
#3661 = CARTESIAN_POINT ( 'NONE',  ( -3.523680570870499900, 1.901562360351499300, -2.000000000000000000 ) ) ;
#3662 = CARTESIAN_POINT ( 'NONE',  ( 2.092470004868553600, -15.60000000000000100, 25.28764494107381100 ) ) ;
#3663 = PRESENTATION_STYLE_ASSIGNMENT (( #1795 ) ) ;
#3664 = FILL_AREA_STYLE ('',( #3281 ) ) ;
#3665 = CARTESIAN_POINT ( 'NONE',  ( -11.62591925885394800, 13.58868278403004700, 26.70000000000000300 ) ) ;
#3666 = DIRECTION ( 'NONE',  ( 0.0000000000000000000, 0.0000000000000000000, 1.000000000000000000 ) ) ;
#3667 = CARTESIAN_POINT ( 'NONE',  ( -12.99999999999999800, 12.99999999999927200, 27.69999999999999900 ) ) ;
#3668 = FACE_OUTER_BOUND ( 'NONE', #5348, .T. ) ;
#3669 = STYLED_ITEM ( 'NONE', ( #1867 ), #6381 ) ;
#3670 = CARTESIAN_POINT ( 'NONE',  ( 13.60000000000000500, -13.60000000000000100, 20.19999999999999900 ) ) ;
#3671 = SURFACE_SIDE_STYLE ('',( #125 ) ) ;
#3672 = FILL_AREA_STYLE ('',( #7162 ) ) ;
#3673 = FILL_AREA_STYLE_COLOUR ( '', #9185 ) ;
#3674 = EDGE_CURVE ( 'NONE', #251, #4552, #3074, .T. ) ;
#3675 = CARTESIAN_POINT ( 'NONE',  ( 10.20138379592711300, -7.402767591852772000, 27.70000000000000300 ) ) ;
#3676 = DIRECTION ( 'NONE',  ( 0.0000000000000000000, 0.0000000000000000000, 1.000000000000000000 ) ) ;
#3677 = FILL_AREA_STYLE ('',( #4508 ) ) ;
#3678 = DIRECTION ( 'NONE',  ( 0.0000000000000000000, 0.0000000000000000000, -1.000000000000000000 ) ) ;
#3679 = DIRECTION ( 'NONE',  ( 0.0000000000000000000, 1.000000000000000000, 0.0000000000000000000 ) ) ;
#3680 =( GEOMETRIC_REPRESENTATION_CONTEXT ( 3 ) GLOBAL_UNCERTAINTY_ASSIGNED_CONTEXT ( ( #10648 ) ) GLOBAL_UNIT_ASSIGNED_CONTEXT ( ( #3218, #3191, #3176 ) ) REPRESENTATION_CONTEXT ( 'NONE', 'WORKASPACE' ) );
#3681 =( NAMED_UNIT ( * ) SI_UNIT ( $, .STERADIAN. ) SOLID_ANGLE_UNIT ( ) );
#3682 = SURFACE_STYLE_FILL_AREA ( #8408 ) ;
#3683 =( NAMED_UNIT ( * ) SI_UNIT ( $, .STERADIAN. ) SOLID_ANGLE_UNIT ( ) );
#3684 = UNCERTAINTY_MEASURE_WITH_UNIT (LENGTH_MEASURE( 1.000000000000000100E-005 ), #9870, 'distance_accuracy_value', 'NONE');
#3685 = PRESENTATION_STYLE_ASSIGNMENT (( #9775 ) ) ;
#3686 = FACE_OUTER_BOUND ( 'NONE', #5290, .T. ) ;
#3687 = EDGE_CURVE ( 'NONE', #5395, #2446, #5761, .T. ) ;
#3688 = AXIS2_PLACEMENT_3D ( 'NONE', #3310, #9430, #4189 ) ;
#3689 = CARTESIAN_POINT ( 'NONE',  ( -13.00000000000000200, 14.26285049231138100, 27.69873763198416600 ) ) ;
#3690 =( GEOMETRIC_REPRESENTATION_CONTEXT ( 3 ) GLOBAL_UNCERTAINTY_ASSIGNED_CONTEXT ( ( #9236 ) ) GLOBAL_UNIT_ASSIGNED_CONTEXT ( ( #11352, #6166, #834 ) ) REPRESENTATION_CONTEXT ( 'NONE', 'WORKASPACE' ) );
#3691 = SURFACE_SIDE_STYLE ('',( #10295 ) ) ;
#3692 = CARTESIAN_POINT ( 'NONE',  ( -1.102823950784868500, -15.60000000000000300, 24.79493308255596400 ) ) ;
#3693 = CARTESIAN_POINT ( 'NONE',  ( 12.41131721597000000, 14.15715551915460100, 27.70000000000000300 ) ) ;
#3694 = FILL_AREA_STYLE_COLOUR ( '', #9088 ) ;
#3695 = ORIENTED_EDGE ( 'NONE', *, *, #9039, .T. ) ;
#3696 = CYLINDRICAL_SURFACE ( 'NONE', #7836, 1.249999999999999300 ) ;
#3697 = UNCERTAINTY_MEASURE_WITH_UNIT (LENGTH_MEASURE( 1.000000000000000100E-005 ), #5457, 'distance_accuracy_value', 'NONE');
#3698 = EDGE_LOOP ( 'NONE', ( #1067, #3560, #9840, #498 ) ) ;
#3699 = CARTESIAN_POINT ( 'NONE',  ( -11.00000000000000000, 1.347111479062088600E-015, -0.2071067811865475700 ) ) ;
#3700 = FILL_AREA_STYLE_COLOUR ( '', #8464 ) ;
#3701 = AXIS2_PLACEMENT_3D ( 'NONE', #3457, #9589, #4346 ) ;
#3702 = MECHANICAL_DESIGN_GEOMETRIC_PRESENTATION_REPRESENTATION (  '', ( #2507 ), #4283 ) ;
#3703 = ADVANCED_FACE ( 'NONE', ( #8112 ), #3655, .T. ) ;
#3704 = EDGE_LOOP ( 'NONE', ( #10826, #3554, #46, #11146 ) ) ;
#3705 = DIRECTION ( 'NONE',  ( 6.247119924414881800E-015, 1.000000000000000000, -0.0000000000000000000 ) ) ;
#3706 = ORIENTED_EDGE ( 'NONE', *, *, #3484, .T. ) ;
#3707 = EDGE_CURVE ( 'NONE', #2127, #4395, #5968, .T. ) ;
#3708 = PLANE ( 'NONE',  #7984 ) ;
#3709 = DIRECTION ( 'NONE',  ( 0.0000000000000000000, 0.0000000000000000000, 1.000000000000000000 ) ) ;
#3710 = DIRECTION ( 'NONE',  ( 0.0000000000000000000, 1.000000000000000000, 0.0000000000000000000 ) ) ;
#3711 = CARTESIAN_POINT ( 'NONE',  ( 10.20138379592711400, -18.59723240814720700, 27.69999999999999600 ) ) ;
#3712 = DIRECTION ( 'NONE',  ( 0.0000000000000000000, -1.000000000000000000, -0.0000000000000000000 ) ) ;
#3713 = DIRECTION ( 'NONE',  ( 1.000000000000000000, 0.0000000000000000000, 0.0000000000000000000 ) ) ;
#3714 = LINE ( 'NONE', #1711, #10408 ) ;
#3715 = DIRECTION ( 'NONE',  ( 0.0000000000000000000, 0.0000000000000000000, -1.000000000000000000 ) ) ;
#3716 = PRESENTATION_LAYER_ASSIGNMENT (  '', '', ( #2517 ) ) ;
#3717 = EDGE_CURVE ( 'NONE', #4431, #4196, #1537, .T. ) ;
#3718 = UNCERTAINTY_MEASURE_WITH_UNIT (LENGTH_MEASURE( 1.000000000000000100E-005 ), #8229, 'distance_accuracy_value', 'NONE');
#3719 = ORIENTED_EDGE ( 'NONE', *, *, #1026, .T. ) ;
#3720 = SURFACE_SIDE_STYLE ('',( #3721 ) ) ;
#3721 = SURFACE_STYLE_FILL_AREA ( #8965 ) ;
#3722 = EDGE_LOOP ( 'NONE', ( #5786, #2901, #9960, #5251 ) ) ;
#3723 = PRESENTATION_STYLE_ASSIGNMENT (( #4809 ) ) ;
#3724 = AXIS2_PLACEMENT_3D ( 'NONE', #9539, #4300, #10418 ) ;
#3725 = CIRCLE ( 'NONE', #10246, 4.000000000000000000 ) ;
#3726 = EDGE_LOOP ( 'NONE', ( #3857, #956, #8814, #9907, #5654, #11223, #6187, #7826 ) ) ;
#3727 = CARTESIAN_POINT ( 'NONE',  ( -11.73326906832692600, 13.58868278403005400, 27.68598713120339400 ) ) ;
#3728 = DIRECTION ( 'NONE',  ( 0.0000000000000000000, 0.0000000000000000000, 1.000000000000000000 ) ) ;
#3729 = CIRCLE ( 'NONE', #10127, 1.249999999999999300 ) ;
#3730 = AXIS2_PLACEMENT_3D ( 'NONE', #8948, #3705, #9844 ) ;
#3731 = DIRECTION ( 'NONE',  ( 0.0000000000000000000, 0.0000000000000000000, 1.000000000000000000 ) ) ;
#3732 = LINE ( 'NONE', #11389, #5772 ) ;
#3733 = PRESENTATION_LAYER_ASSIGNMENT (  '', '', ( #3143 ) ) ;
#3734 = SURFACE_SIDE_STYLE ('',( #3129 ) ) ;
#3735 = FILL_AREA_STYLE ('',( #2897 ) ) ;
#3736 = ADVANCED_FACE ( 'NONE', ( #1258 ), #3973, .T. ) ;
#3737 = EDGE_LOOP ( 'NONE', ( #9190, #8202, #2792, #6622 ) ) ;
#3738 = CARTESIAN_POINT ( 'NONE',  ( 11.00000000000000000, 0.0000000000000000000, -1.500000000000000000 ) ) ;
#3739 = FILL_AREA_STYLE ('',( #1955 ) ) ;
#3740 = ADVANCED_FACE ( 'NONE', ( #389 ), #3096, .F. ) ;
#3741 = AXIS2_PLACEMENT_3D ( 'NONE', #2679, #8808, #3541 ) ;
#3742 = CARTESIAN_POINT ( 'NONE',  ( 15.79861620407432500, -18.59723240814721400, 27.69999999999999600 ) ) ;
#3743 = ORIENTED_EDGE ( 'NONE', *, *, #9952, .T. ) ;
#3744 = LINE ( 'NONE', #1824, #10444 ) ;
#3745 =( LENGTH_UNIT ( ) NAMED_UNIT ( * ) SI_UNIT ( .MILLI., .METRE. ) );
#3746 = AXIS2_PLACEMENT_3D ( 'NONE', #6340, #1014, #7232 ) ;
#3747 = DIRECTION ( 'NONE',  ( 0.0000000000000000000, 0.0000000000000000000, 1.000000000000000000 ) ) ;
#3748 = ORIENTED_EDGE ( 'NONE', *, *, #9392, .T. ) ;
#3749 = EDGE_LOOP ( 'NONE', ( #9644, #3289, #10717 ) ) ;
#3750 = DIRECTION ( 'NONE',  ( 1.000000000000000000, 0.0000000000000000000, -0.0000000000000000000 ) ) ;
#3751 = ORIENTED_EDGE ( 'NONE', *, *, #2873, .T. ) ;
#3752 = SURFACE_SIDE_STYLE ('',( #4236 ) ) ;
#3753 = DIRECTION ( 'NONE',  ( 0.0000000000000000000, 1.000000000000000000, 0.0000000000000000000 ) ) ;
#3754 =( NAMED_UNIT ( * ) PLANE_ANGLE_UNIT ( ) SI_UNIT ( $, .RADIAN. ) );
#3755 = CARTESIAN_POINT ( 'NONE',  ( -12.41131721597010100, -14.15715551915575100, 27.70000000000000300 ) ) ;
#3756 = CARTESIAN_POINT ( 'NONE',  ( -12.99999999999927200, -13.00000000000072300, 27.69999999999999900 ) ) ;
#3757 = FACE_OUTER_BOUND ( 'NONE', #8414, .T. ) ;
#3758 = DIRECTION ( 'NONE',  ( 1.000000000000000000, 0.0000000000000000000, 0.0000000000000000000 ) ) ;
#3759 = PRESENTATION_STYLE_ASSIGNMENT (( #615 ) ) ;
#3760 = EDGE_CURVE ( 'NONE', #6705, #519, #8724, .T. ) ;
#3761 = EDGE_CURVE ( 'NONE', #6402, #1072, #6392, .T. ) ;
#3762 = LINE ( 'NONE', #11249, #6073 ) ;
#3763 = CARTESIAN_POINT ( 'NONE',  ( -13.54102959263334700, 12.41131721596995000, 26.70000000000000300 ) ) ;
#3764 = FACE_OUTER_BOUND ( 'NONE', #4937, .T. ) ;
#3765 = DIRECTION ( 'NONE',  ( -0.0000000000000000000, -1.000000000000000000, 0.0000000000000000000 ) ) ;
#3766 = ADVANCED_FACE ( 'NONE', ( #4054 ), #1373, .T. ) ;
#3767 = STYLED_ITEM ( 'NONE', ( #4296 ), #9994 ) ;
#3768 =( NAMED_UNIT ( * ) SI_UNIT ( $, .STERADIAN. ) SOLID_ANGLE_UNIT ( ) );
#3769 = VECTOR ( 'NONE', #7536, 1000.000000000000000 ) ;
#3770 = VECTOR ( 'NONE', #8312, 1000.000000000000000 ) ;
#3771 = VECTOR ( 'NONE', #5496, 1000.000000000000000 ) ;
#3772 = FILL_AREA_STYLE ('',( #5447 ) ) ;
#3773 = CARTESIAN_POINT ( 'NONE',  ( -15.79861620407360500, -13.00000000000072500, 27.99289321881345300 ) ) ;
#3774 =( GEOMETRIC_REPRESENTATION_CONTEXT ( 3 ) GLOBAL_UNCERTAINTY_ASSIGNED_CONTEXT ( ( #5373 ) ) GLOBAL_UNIT_ASSIGNED_CONTEXT ( ( #3208, #10461, #9182 ) ) REPRESENTATION_CONTEXT ( 'NONE', 'WORKASPACE' ) );
#3775 = PLANE ( 'NONE',  #7492 ) ;
#3776 = CARTESIAN_POINT ( 'NONE',  ( 13.60000000000000500, 17.10000000000000100, 1.084202172485504400E-016 ) ) ;
#3777 = FILL_AREA_STYLE ('',( #4618 ) ) ;
#3778 = FACE_OUTER_BOUND ( 'NONE', #11260, .T. ) ;
#3779 = LINE ( 'NONE', #2594, #10762 ) ;
#3780 = SURFACE_STYLE_FILL_AREA ( #3598 ) ;
#3781 = EDGE_CURVE ( 'NONE', #7451, #8796, #7617, .T. ) ;
#3782 = ORIENTED_EDGE ( 'NONE', *, *, #10171, .T. ) ;
#3783 = SURFACE_STYLE_FILL_AREA ( #10472 ) ;
#3784 = FILL_AREA_STYLE ('',( #7274 ) ) ;
#3785 =( LENGTH_UNIT ( ) NAMED_UNIT ( * ) SI_UNIT ( .MILLI., .METRE. ) );
#3786 = PLANE ( 'NONE',  #9728 ) ;
#3787 = SURFACE_STYLE_USAGE ( .BOTH. , #9028 ) ;
#3788 = UNCERTAINTY_MEASURE_WITH_UNIT (LENGTH_MEASURE( 1.000000000000000100E-005 ), #2268, 'distance_accuracy_value', 'NONE');
#3789 = COLOUR_RGB ( '',1.000000000000000000, 1.000000000000000000, 1.000000000000000000 ) ;
#3790 = CARTESIAN_POINT ( 'NONE',  ( 0.0000000000000000000, 0.0000000000000000000, 25.19999999999999900 ) ) ;
#3791 = PRESENTATION_LAYER_ASSIGNMENT (  '', '', ( #4359 ) ) ;
#3792 = CIRCLE ( 'NONE', #276, 1.000000000000000900 ) ;
#3793 = EDGE_CURVE ( 'NONE', #1048, #8780, #8265, .T. ) ;
#3794 = CARTESIAN_POINT ( 'NONE',  ( -13.54102959263334700, 14.07111483039649800, 27.70000000000000300 ) ) ;
#3795 = AXIS2_PLACEMENT_3D ( 'NONE', #8415, #3160, #9280 ) ;
#3796 = FILL_AREA_STYLE_COLOUR ( '', #9963 ) ;
#3797 = SURFACE_SIDE_STYLE ('',( #10126 ) ) ;
#3798 = CARTESIAN_POINT ( 'NONE',  ( -16.00572298526112600, 12.99999999999927000, 28.19999999999999900 ) ) ;
#3799 = CARTESIAN_POINT ( 'NONE',  ( 15.79861620407432800, -12.99999999999999800, 27.69999999999999900 ) ) ;
#3800 = VERTEX_POINT ( 'NONE', #2332 ) ;
#3801 = DIRECTION ( 'NONE',  ( -0.0000000000000000000, -0.0000000000000000000, -1.000000000000000000 ) ) ;
#3802 = COLOUR_RGB ( '',1.000000000000000000, 1.000000000000000000, 1.000000000000000000 ) ;
#3803 = COLOUR_RGB ( '',1.000000000000000000, 1.000000000000000000, 1.000000000000000000 ) ;
#3804 = CARTESIAN_POINT ( 'NONE',  ( -12.24508157464518700, 13.96307768558990300, 27.70000000000000300 ) ) ;
#3805 = ORIENTED_EDGE ( 'NONE', *, *, #11419, .F. ) ;
#3806 = ORIENTED_EDGE ( 'NONE', *, *, #5516, .T. ) ;
#3807 = ADVANCED_FACE ( 'NONE', ( #5276 ), #11131, .F. ) ;
#3808 = ADVANCED_FACE ( 'NONE', ( #6783 ), #11119, .T. ) ;
#3809 = FACE_OUTER_BOUND ( 'NONE', #544, .T. ) ;
#3810 = SURFACE_STYLE_FILL_AREA ( #4171 ) ;
#3811 = ORIENTED_EDGE ( 'NONE', *, *, #8975, .F. ) ;
#3812 =( GEOMETRIC_REPRESENTATION_CONTEXT ( 3 ) GLOBAL_UNCERTAINTY_ASSIGNED_CONTEXT ( ( #1197 ) ) GLOBAL_UNIT_ASSIGNED_CONTEXT ( ( #5040, #11121, #5899 ) ) REPRESENTATION_CONTEXT ( 'NONE', 'WORKASPACE' ) );
#3813 = ORIENTED_EDGE ( 'NONE', *, *, #2421, .T. ) ;
#3814 = EDGE_LOOP ( 'NONE', ( #8012, #773, #4125, #5300, #8047 ) ) ;
#3815 =( NAMED_UNIT ( * ) SI_UNIT ( $, .STERADIAN. ) SOLID_ANGLE_UNIT ( ) );
#3816 = DIRECTION ( 'NONE',  ( -0.0000000000000000000, -0.0000000000000000000, 1.000000000000000000 ) ) ;
#3817 = PRESENTATION_STYLE_ASSIGNMENT (( #888 ) ) ;
#3818 = MECHANICAL_DESIGN_GEOMETRIC_PRESENTATION_REPRESENTATION (  '', ( #1389 ), #4378 ) ;
#3819 = CARTESIAN_POINT ( 'NONE',  ( -2.107529995131446100, -15.60000000000000100, 25.28764494107381100 ) ) ;
#3820 = CARTESIAN_POINT ( 'NONE',  ( 13.54102959263325100, -13.58868278403013900, 26.70000000000000300 ) ) ;
#3821 = VERTEX_POINT ( 'NONE', #5944 ) ;
#3822 = CARTESIAN_POINT ( 'NONE',  ( 17.10000000000000500, 13.60000000000000100, 3.252606517456513300E-016 ) ) ;
#3823 = CARTESIAN_POINT ( 'NONE',  ( 15.19999999999999600, 12.99999999999999600, 27.69999999999999900 ) ) ;
#3824 = CARTESIAN_POINT ( 'NONE',  ( 10.20138379592711400, -12.99999999999999600, 27.99289321881345300 ) ) ;
#3825 = AXIS2_PLACEMENT_3D ( 'NONE', #7531, #2232, #8407 ) ;
#3826 = CARTESIAN_POINT ( 'NONE',  ( -17.59999999999999800, -13.59999999999999800, 27.99289321881345000 ) ) ;
#3827 = CARTESIAN_POINT ( 'NONE',  ( 3.499999999999999100, 6.999999999999998200, 27.99289321881345000 ) ) ;
#3828 = CARTESIAN_POINT ( 'NONE',  ( 2.992470004868553100, -15.60000000000000100, 26.18764494107381000 ) ) ;
#3829 = ADVANCED_FACE ( 'NONE', ( #1244 ), #5897, .T. ) ;
#3830 = SURFACE_STYLE_USAGE ( .BOTH. , #9068 ) ;
#3831 = FACE_OUTER_BOUND ( 'NONE', #6948, .T. ) ;
#3832 = DIRECTION ( 'NONE',  ( 1.000000000000000000, 0.0000000000000000000, 0.0000000000000000000 ) ) ;
#3833 = EDGE_CURVE ( 'NONE', #1194, #8079, #379, .T. ) ;
#3834 = COLOUR_RGB ( '',1.000000000000000000, 1.000000000000000000, 1.000000000000000000 ) ;
#3835 = CARTESIAN_POINT ( 'NONE',  ( 17.10000000000000500, 13.60000000000000100, 27.69999999999999900 ) ) ;
#3836 = FILL_AREA_STYLE_COLOUR ( '', #11299 ) ;
#3837 = CARTESIAN_POINT ( 'NONE',  ( 10.20138379592711400, -18.59723240814720700, 27.99289321881345300 ) ) ;
#3838 = CARTESIAN_POINT ( 'NONE',  ( 2.155378366499341600E-015, -17.60000000000000100, 8.000000000000000000 ) ) ;
#3839 = STYLED_ITEM ( 'NONE', ( #10071 ), #405 ) ;
#3840 =( GEOMETRIC_REPRESENTATION_CONTEXT ( 3 ) GLOBAL_UNCERTAINTY_ASSIGNED_CONTEXT ( ( #3002 ) ) GLOBAL_UNIT_ASSIGNED_CONTEXT ( ( #9988, #4743, #10865 ) ) REPRESENTATION_CONTEXT ( 'NONE', 'WORKASPACE' ) );
#3841 = FACE_OUTER_BOUND ( 'NONE', #1755, .T. ) ;
#3842 = MECHANICAL_DESIGN_GEOMETRIC_PRESENTATION_REPRESENTATION (  '', ( #204 ), #4406 ) ;
#3843 = UNCERTAINTY_MEASURE_WITH_UNIT (LENGTH_MEASURE( 1.000000000000000100E-005 ), #6531, 'distance_accuracy_value', 'NONE');
#3844 = ORIENTED_EDGE ( 'NONE', *, *, #3373, .T. ) ;
#3845 = VECTOR ( 'NONE', #1685, 1000.000000000000000 ) ;
#3846 = ORIENTED_EDGE ( 'NONE', *, *, #6359, .F. ) ;
#3847 = DIRECTION ( 'NONE',  ( 1.000000000000000000, 0.0000000000000000000, 0.0000000000000000000 ) ) ;
#3848 = FILL_AREA_STYLE ('',( #7337 ) ) ;
#3849 = FACE_OUTER_BOUND ( 'NONE', #9784, .T. ) ;
#3850 = CARTESIAN_POINT ( 'NONE',  ( -12.41131721597007200, -11.62591925885381600, 26.70000000000000300 ) ) ;
#3851 = ORIENTED_EDGE ( 'NONE', *, *, #2676, .T. ) ;
#3852 = ORIENTED_EDGE ( 'NONE', *, *, #9935, .F. ) ;
#3853 = EDGE_CURVE ( 'NONE', #183, #6733, #2830, .T. ) ;
#3854 = AXIS2_PLACEMENT_3D ( 'NONE', #1969, #8130, #2880 ) ;
#3855 = DIRECTION ( 'NONE',  ( 1.000000000000000000, 0.0000000000000000000, 0.0000000000000000000 ) ) ;
#3856 =( GEOMETRIC_REPRESENTATION_CONTEXT ( 3 ) GLOBAL_UNCERTAINTY_ASSIGNED_CONTEXT ( ( #8678 ) ) GLOBAL_UNIT_ASSIGNED_CONTEXT ( ( #4844, #10969, #5728 ) ) REPRESENTATION_CONTEXT ( 'NONE', 'WORKASPACE' ) );
#3857 = ORIENTED_EDGE ( 'NONE', *, *, #9653, .T. ) ;
#3858 = CARTESIAN_POINT ( 'NONE',  ( -11.79999999999872700, -15.40000000000180500, 27.70000000000000300 ) ) ;
#3859 = ADVANCED_FACE ( 'NONE', ( #9515 ), #1668, .T. ) ;
#3860 = VERTEX_POINT ( 'NONE', #8070 ) ;
#3861 = ORIENTED_EDGE ( 'NONE', *, *, #3853, .T. ) ;
#3862 = DIRECTION ( 'NONE',  ( -0.0000000000000000000, -0.0000000000000000000, -1.000000000000000000 ) ) ;
#3863 = CARTESIAN_POINT ( 'NONE',  ( -11.21421356237230800, 12.99999999999927200, 27.70000000000001000 ) ) ;
#3864 = ADVANCED_FACE ( 'NONE', ( #6380, #4047 ), #7236, .T. ) ;
#3865 = FACE_OUTER_BOUND ( 'NONE', #8919, .T. ) ;
#3866 = CARTESIAN_POINT ( 'NONE',  ( 15.79861620407432300, -18.59723240814721000, 27.99289321881345300 ) ) ;
#3867 = CARTESIAN_POINT ( 'NONE',  ( 13.58868278403009600, 13.54102959263329700, 26.70000000000000300 ) ) ;
#3868 = MECHANICAL_DESIGN_GEOMETRIC_PRESENTATION_REPRESENTATION (  '', ( #2069 ), #4436 ) ;
#3869 = CARTESIAN_POINT ( 'NONE',  ( 12.24508157464576300, -13.96307768558915400, 27.70000000000000600 ) ) ;
#3870 = ORIENTED_EDGE ( 'NONE', *, *, #2745, .F. ) ;
#3871 = SURFACE_STYLE_USAGE ( .BOTH. , #9111 ) ;
#3872 =( BOUNDED_SURFACE ( )  B_SPLINE_SURFACE ( 3, 3, ( 
 ( #10825, #9985, #4741, #10861 ),
 ( #5618, #275, #6496, #1179 ),
 ( #7401, #2107, #8278, #3022 ),
 ( #9148, #3902, #10020, #4771 ) ),
 .UNSPECIFIED., .F., .F., .F. ) 
 B_SPLINE_SURFACE_WITH_KNOTS ( ( 4, 4 ),
 ( 4, 4 ),
 ( 0.0000000000000000000, 1.000000000000000000 ),
 ( 0.0000000000000000000, 1.000000000000000000 ),
 .UNSPECIFIED. ) 
 GEOMETRIC_REPRESENTATION_ITEM ( )  RATIONAL_B_SPLINE_SURFACE ( (
 ( 1.000000000000000000, 0.3333333333333334300, 0.3333333333333334300, 1.000000000000000000),
 ( 0.8047378541243649400, 0.2682459513747884100, 0.2682459513747884100, 0.8047378541243649400),
 ( 0.8047378541243649400, 0.2682459513747884100, 0.2682459513747884100, 0.8047378541243649400),
 ( 1.000000000000000000, 0.3333333333333334300, 0.3333333333333334300, 1.000000000000000000) ) ) 
 REPRESENTATION_ITEM ( '' )  SURFACE ( )  );
#3873 = EDGE_CURVE ( 'NONE', #3314, #5973, #805, .T. ) ;
#3874 = CARTESIAN_POINT ( 'NONE',  ( 3.500000000000000000, 4.286263797015736100E-016, -1.500000000000000000 ) ) ;
#3875 = CARTESIAN_POINT ( 'NONE',  ( 15.79861620407432800, -12.99999999999999600, 27.99289321881345300 ) ) ;
#3876 = VERTEX_POINT ( 'NONE', #8937 ) ;
#3877 = FILL_AREA_STYLE_COLOUR ( '', #10030 ) ;
#3878 = ORIENTED_EDGE ( 'NONE', *, *, #2421, .F. ) ;
#3879 = CIRCLE ( 'NONE', #10341, 0.4726131969088088700 ) ;
#3880 = CARTESIAN_POINT ( 'NONE',  ( 0.0000000000000000000, 0.0000000000000000000, 26.20000000000000300 ) ) ;
#3881 = COLOUR_RGB ( '',1.000000000000000000, 1.000000000000000000, 1.000000000000000000 ) ;
#3882 = CARTESIAN_POINT ( 'NONE',  ( -1.734723475976806900E-015, 17.59999999999999800, 27.69999999999999900 ) ) ;
#3883 = FILL_AREA_STYLE_COLOUR ( '', #1524 ) ;
#3884 = ORIENTED_EDGE ( 'NONE', *, *, #7288, .T. ) ;
#3885 = ORIENTED_EDGE ( 'NONE', *, *, #9815, .T. ) ;
#3886 = CARTESIAN_POINT ( 'NONE',  ( -14.04568282944178200, 12.41131721596995200, 27.70000000000000300 ) ) ;
#3887 = FACE_OUTER_BOUND ( 'NONE', #9326, .T. ) ;
#3888 = DIRECTION ( 'NONE',  ( -2.573133442417734300E-015, -1.000000000000000000, 0.0000000000000000000 ) ) ;
#3889 =( GEOMETRIC_REPRESENTATION_CONTEXT ( 3 ) GLOBAL_UNCERTAINTY_ASSIGNED_CONTEXT ( ( #6255 ) ) GLOBAL_UNIT_ASSIGNED_CONTEXT ( ( #4515, #10647, #5397 ) ) REPRESENTATION_CONTEXT ( 'NONE', 'WORKASPACE' ) );
#3890 = CARTESIAN_POINT ( 'NONE',  ( -10.79999999999873100, -13.00000000000071900, 26.70000000000000300 ) ) ;
#3891 = CARTESIAN_POINT ( 'NONE',  ( 0.0000000000000000000, 0.0000000000000000000, 26.70000000000000300 ) ) ;
#3892 = PRESENTATION_STYLE_ASSIGNMENT (( #267 ) ) ;
#3893 = DIRECTION ( 'NONE',  ( 0.0000000000000000000, 1.000000000000000000, -0.0000000000000000000 ) ) ;
#3894 = VERTEX_POINT ( 'NONE', #3738 ) ;
#3895 = ORIENTED_EDGE ( 'NONE', *, *, #11394, .F. ) ;
#3896 = CARTESIAN_POINT ( 'NONE',  ( 10.80000000000090500, -12.99999999999999300, 27.28578643762690700 ) ) ;
#3897 = ORIENTED_EDGE ( 'NONE', *, *, #9575, .T. ) ;
#3898 = DIRECTION ( 'NONE',  ( 8.015843770825029200E-015, 1.000000000000000000, -0.0000000000000000000 ) ) ;
#3899 = LINE ( 'NONE', #11335, #3615 ) ;
#3900 = EDGE_CURVE ( 'NONE', #1943, #5152, #9943, .T. ) ;
#3901 =( GEOMETRIC_REPRESENTATION_CONTEXT ( 3 ) GLOBAL_UNCERTAINTY_ASSIGNED_CONTEXT ( ( #1838 ) ) GLOBAL_UNIT_ASSIGNED_CONTEXT ( ( #3580, #9711, #4458 ) ) REPRESENTATION_CONTEXT ( 'NONE', 'WORKASPACE' ) );
#3902 = CARTESIAN_POINT ( 'NONE',  ( -11.00000000000000000, 21.99999999999999600, -1.500000000000000000 ) ) ;
#3903 = CIRCLE ( 'NONE', #10375, 0.4726131969088088700 ) ;
#3904 = MECHANICAL_DESIGN_GEOMETRIC_PRESENTATION_REPRESENTATION (  '', ( #2731 ), #4477 ) ;
#3905 = CARTESIAN_POINT ( 'NONE',  ( 0.6589493591779433900, 2.000000000000000000, -23.89747120468722500 ) ) ;
#3906 = PRESENTATION_STYLE_ASSIGNMENT (( #381 ) ) ;
#3907 = LINE ( 'NONE', #3031, #1503 ) ;
#3908 = CYLINDRICAL_SURFACE ( 'NONE', #7894, 0.5000000000000000000 ) ;
#3909 = CARTESIAN_POINT ( 'NONE',  ( 3.500000000000000400, -6.999999999999998200, -1.500000000000000000 ) ) ;
#3910 = VERTEX_POINT ( 'NONE', #1059 ) ;
#3911 = CARTESIAN_POINT ( 'NONE',  ( 9.701383795926204800, 12.99999999999999600, 28.19999999999999900 ) ) ;
#3912 = CARTESIAN_POINT ( 'NONE',  ( -13.54102959263334700, 11.73714950768862400, 27.68476953867952900 ) ) ;
#3913 = MECHANICAL_DESIGN_GEOMETRIC_PRESENTATION_REPRESENTATION (  '', ( #2115 ), #4480 ) ;
#3914 = DIRECTION ( 'NONE',  ( -0.0000000000000000000, -0.0000000000000000000, -1.000000000000000000 ) ) ;
#3915 = CARTESIAN_POINT ( 'NONE',  ( -17.60528299132912600, 0.0000000000000000000, 22.19999999999999600 ) ) ;
#3916 = ADVANCED_FACE ( 'NONE', ( #7608, #3222 ), #5492, .T. ) ;
#3917 = EDGE_CURVE ( 'NONE', #1412, #10619, #11122, .T. ) ;
#3918 = ADVANCED_FACE ( 'NONE', ( #6771 ), #11040, .T. ) ;
#3919 = CONICAL_SURFACE ( 'NONE', #5808, 1.249999999947244600, 1.029744258675199500 ) ;
#3920 = FACE_OUTER_BOUND ( 'NONE', #4144, .T. ) ;
#3921 = EDGE_CURVE ( 'NONE', #4368, #7566, #5684, .T. ) ;
#3922 = AXIS2_PLACEMENT_3D ( 'NONE', #7771, #2506, #8657 ) ;
#3923 = CARTESIAN_POINT ( 'NONE',  ( -13.54102959263334700, 11.73714950768862400, 26.70000000000000300 ) ) ;
#3924 = DIRECTION ( 'NONE',  ( -5.146266884835468500E-015, -1.000000000000000000, 0.0000000000000000000 ) ) ;
#3925 = CARTESIAN_POINT ( 'NONE',  ( -14.07111483039578400, -12.45897040736650600, 27.70000000000000300 ) ) ;
#3926 = DIRECTION ( 'NONE',  ( -1.000000000000000000, 1.122218127915504000E-014, 0.0000000000000000000 ) ) ;
#3927 = DIRECTION ( 'NONE',  ( 0.0000000000000000000, -1.000000000000000000, 0.0000000000000000000 ) ) ;
#3928 =( GEOMETRIC_REPRESENTATION_CONTEXT ( 3 ) GLOBAL_UNCERTAINTY_ASSIGNED_CONTEXT ( ( #3397 ) ) GLOBAL_UNIT_ASSIGNED_CONTEXT ( ( #7448, #7410, #7369 ) ) REPRESENTATION_CONTEXT ( 'NONE', 'WORKASPACE' ) );
#3929 = FILL_AREA_STYLE_COLOUR ( '', #2154 ) ;
#3930 =( BOUNDED_SURFACE ( )  B_SPLINE_SURFACE ( 3, 3, ( 
 ( #10237, #9389, #4146, #10262 ),
 ( #5033, #11114, #5890, #567 ),
 ( #6785, #1481, #7669, #2400 ),
 ( #8570, #3301, #9420, #4176 ) ),
 .UNSPECIFIED., .F., .F., .F. ) 
 B_SPLINE_SURFACE_WITH_KNOTS ( ( 4, 4 ),
 ( 4, 4 ),
 ( 0.0000000000000000000, 1.000000000000000000 ),
 ( 0.0000000000000000000, 1.000000000000000000 ),
 .UNSPECIFIED. ) 
 GEOMETRIC_REPRESENTATION_ITEM ( )  RATIONAL_B_SPLINE_SURFACE ( (
 ( 1.000000000000000000, 0.8047378541243649400, 0.8047378541243649400, 1.000000000000000000),
 ( 0.8047378541243649400, 0.6476030138606876400, 0.6476030138606876400, 0.8047378541243649400),
 ( 0.8047378541243649400, 0.6476030138606876400, 0.6476030138606876400, 0.8047378541243649400),
 ( 1.000000000000000000, 0.8047378541243649400, 0.8047378541243649400, 1.000000000000000000) ) ) 
 REPRESENTATION_ITEM ( '' )  SURFACE ( )  );
#3931 = FILL_AREA_STYLE_COLOUR ( '', #7736 ) ;
#3932 = PRESENTATION_STYLE_ASSIGNMENT (( #1174 ) ) ;
#3933 = EDGE_CURVE ( 'NONE', #3209, #4277, #3347, .T. ) ;
#3934 = CARTESIAN_POINT ( 'NONE',  ( 9.994277014740562800, -12.99999999999999600, 28.20000000000000300 ) ) ;
#3935 = LINE ( 'NONE', #4363, #8325 ) ;
#3936 = ORIENTED_EDGE ( 'NONE', *, *, #9786, .T. ) ;
#3937 = CARTESIAN_POINT ( 'NONE',  ( 2.799999999999999800, 0.0000000000000000000, 26.20000000000000300 ) ) ;
#3938 = COLOUR_RGB ( '',1.000000000000000000, 1.000000000000000000, 1.000000000000000000 ) ;
#3939 = ORIENTED_EDGE ( 'NONE', *, *, #9392, .F. ) ;
#3940 = ORIENTED_EDGE ( 'NONE', *, *, #8766, .F. ) ;
#3941 = FILL_AREA_STYLE_COLOUR ( '', #6441 ) ;
#3942 = AXIS2_PLACEMENT_3D ( 'NONE', #2396, #8564, #3295 ) ;
#3943 = EDGE_CURVE ( 'NONE', #1154, #10007, #10332, .T. ) ;
#3944 =( LENGTH_UNIT ( ) NAMED_UNIT ( * ) SI_UNIT ( .MILLI., .METRE. ) );
#3945 = FACE_BOUND ( 'NONE', #6977, .T. ) ;
#3946 = CARTESIAN_POINT ( 'NONE',  ( -3.999999999999998200, -8.000000000000000000, -2.000000000000000000 ) ) ;
#3947 = FILL_AREA_STYLE ('',( #3067 ) ) ;
#3948 = CARTESIAN_POINT ( 'NONE',  ( 9.994277014740562800, -19.01144597052031000, 28.19999999999999600 ) ) ;
#3949 = CARTESIAN_POINT ( 'NONE',  ( -1.102823950784868500, -35.60000000000000100, 23.70506691744403600 ) ) ;
#3950 = CARTESIAN_POINT ( 'NONE',  ( -13.54102959263334700, 14.26285049231137400, 26.70000000000000300 ) ) ;
#3951 = VECTOR ( 'NONE', #5716, 1000.000000000000000 ) ;
#3952 = PRESENTATION_STYLE_ASSIGNMENT (( #1385 ) ) ;
#3953 = CARTESIAN_POINT ( 'NONE',  ( 15.65025253169417500, 17.10000000000000500, 4.336808689942017700E-016 ) ) ;
#3954 = AXIS2_PLACEMENT_3D ( 'NONE', #3466, #9596, #4352 ) ;
#3955 = AXIS2_PLACEMENT_3D ( 'NONE', #7268, #1984, #8150 ) ;
#3956 = CARTESIAN_POINT ( 'NONE',  ( 14.37408074114596700, -12.41131721597004800, 26.70000000000000300 ) ) ;
#3957 = DIRECTION ( 'NONE',  ( 0.0000000000000000000, -1.000000000000000000, 0.0000000000000000000 ) ) ;
#3958 = MECHANICAL_DESIGN_GEOMETRIC_PRESENTATION_REPRESENTATION (  '', ( #944 ), #4536 ) ;
#3959 = CARTESIAN_POINT ( 'NONE',  ( -1.102823950784868500, -35.60000000000000100, 23.70506691744403600 ) ) ;
#3960 = FILL_AREA_STYLE_COLOUR ( '', #9405 ) ;
#3961 = VECTOR ( 'NONE', #3136, 1000.000000000000000 ) ;
#3962 = CARTESIAN_POINT ( 'NONE',  ( -17.39289321881344500, 15.82182540694797400, 4.516154061397947200E-016 ) ) ;
#3963 = VERTEX_POINT ( 'NONE', #5647 ) ;
#3964 = CARTESIAN_POINT ( 'NONE',  ( 17.60000000000000500, 15.94314575050762000, 0.5000000000000004400 ) ) ;
#3965 = ADVANCED_FACE ( 'NONE', ( #8018 ), #10216, .T. ) ;
#3966 = COLOUR_RGB ( '',1.000000000000000000, 1.000000000000000000, 1.000000000000000000 ) ;
#3967 = CARTESIAN_POINT ( 'NONE',  ( 16.00572298526087800, -19.01144597052031000, 28.19999999999999600 ) ) ;
#3968 = STYLED_ITEM ( 'NONE', ( #6650 ), #6911 ) ;
#3969 = CARTESIAN_POINT ( 'NONE',  ( -13.92812991172812800, 12.20250684994805800, 27.70000000000000300 ) ) ;
#3970 = FILL_AREA_STYLE_COLOUR ( '', #4728 ) ;
#3971 =( NAMED_UNIT ( * ) SI_UNIT ( $, .STERADIAN. ) SOLID_ANGLE_UNIT ( ) );
#3972 = EDGE_CURVE ( 'NONE', #10505, #5778, #10015, .T. ) ;
#3973 = PLANE ( 'NONE',  #569 ) ;
#3974 = UNCERTAINTY_MEASURE_WITH_UNIT (LENGTH_MEASURE( 1.000000000000000100E-005 ), #5564, 'distance_accuracy_value', 'NONE');
#3975 = SURFACE_STYLE_USAGE ( .BOTH. , #9216 ) ;
#3976 =( NAMED_UNIT ( * ) PLANE_ANGLE_UNIT ( ) SI_UNIT ( $, .RADIAN. ) );
#3977 = SURFACE_SIDE_STYLE ('',( #4943 ) ) ;
#3978 = DIRECTION ( 'NONE',  ( -1.000000000000000000, -0.0000000000000000000, -0.0000000000000000000 ) ) ;
#3979 = DIRECTION ( 'NONE',  ( -1.000000000000000000, 0.0000000000000000000, 0.0000000000000000000 ) ) ;
#3980 = STYLED_ITEM ( 'NONE', ( #9229 ), #864 ) ;
#3981 = ORIENTED_EDGE ( 'NONE', *, *, #3627, .T. ) ;
#3982 = CARTESIAN_POINT ( 'NONE',  ( -11.95431717055903500, 13.58868278403004800, 27.70000000000000300 ) ) ;
#3983 = EDGE_LOOP ( 'NONE', ( #899, #2931, #4899, #7109 ) ) ;
#3984 =( BOUNDED_CURVE ( )  B_SPLINE_CURVE ( 3, ( #10296, #5094, #4248, #10374 ),
 .UNSPECIFIED., .F., .T. ) 
 B_SPLINE_CURVE_WITH_KNOTS ( ( 4, 4 ),
 ( 0.0000000000000000000, 1.000000000000000000 ),
 .UNSPECIFIED. ) 
 CURVE ( )  GEOMETRIC_REPRESENTATION_ITEM ( )  RATIONAL_B_SPLINE_CURVE ( ( 1.000000000000000000, 0.3333333333333335400, 0.3333333333333335400, 1.000000000000000000 ) ) 
 REPRESENTATION_ITEM ( '' )  );
#3985 = FACE_OUTER_BOUND ( 'NONE', #6599, .T. ) ;
#3986 = FILL_AREA_STYLE_COLOUR ( '', #3938 ) ;
#3987 = DIRECTION ( 'NONE',  ( -1.000000000000000000, 5.146266884835468500E-015, 0.0000000000000000000 ) ) ;
#3988 = PRESENTATION_LAYER_ASSIGNMENT (  '', '', ( #2824 ) ) ;
#3989 =( LENGTH_UNIT ( ) NAMED_UNIT ( * ) SI_UNIT ( .MILLI., .METRE. ) );
#3990 = VERTEX_POINT ( 'NONE', #4909 ) ;
#3991 = DIRECTION ( 'NONE',  ( -3.206337508330011400E-015, -1.000000000000000000, 0.0000000000000000000 ) ) ;
#3992 = LINE ( 'NONE', #9816, #10698 ) ;
#3993 = EDGE_CURVE ( 'NONE', #10103, #5614, #9805, .T. ) ;
#3994 = STYLED_ITEM ( 'NONE', ( #7453 ), #6694 ) ;
#3995 = CARTESIAN_POINT ( 'NONE',  ( 2.027198050025367200, -17.69999999999999900, 23.18764494107381000 ) ) ;
#3996 = CIRCLE ( 'NONE', #8506, 0.9999999999999991100 ) ;
#3997 = CARTESIAN_POINT ( 'NONE',  ( 1.102823950784874900, -15.60000000000000300, 24.79493308255596800 ) ) ;
#3998 = ORIENTED_EDGE ( 'NONE', *, *, #8524, .F. ) ;
#3999 = DIRECTION ( 'NONE',  ( -1.000000000000000000, 0.0000000000000000000, 0.0000000000000000000 ) ) ;
#4000 = PRESENTATION_LAYER_ASSIGNMENT (  '', '', ( #4582 ) ) ;
#4001 = CARTESIAN_POINT ( 'NONE',  ( 15.65025253169417000, 17.09999999999999800, 4.336808689942017700E-016 ) ) ;
#4002 = EDGE_CURVE ( 'NONE', #272, #10559, #9669, .T. ) ;
#4003 = B_SPLINE_CURVE_WITH_KNOTS ( 'NONE', 3,
 ( #6462, #6533, #8314, #3060 ),
 .UNSPECIFIED., .F., .F.,
 ( 4, 4 ),
 ( 1.734723475976806900E-018, 0.0005894062810974096700 ),
 .UNSPECIFIED. ) ;
#4004 = STYLED_ITEM ( 'NONE', ( #5405 ), #7488 ) ;
#4005 = CARTESIAN_POINT ( 'NONE',  ( 2.092470004868553600, -17.69999999999999900, 0.0000000000000000000 ) ) ;
#4006 = CYLINDRICAL_SURFACE ( 'NONE', #7211, 2.200000000000543700 ) ;
#4007 = PRESENTATION_STYLE_ASSIGNMENT (( #10799 ) ) ;
#4008 = CARTESIAN_POINT ( 'NONE',  ( 11.00000000000000000, 1.347111479062088400E-015, -1.500000000000000000 ) ) ;
#4009 = ORIENTED_EDGE ( 'NONE', *, *, #1298, .F. ) ;
#4010 = ORIENTED_EDGE ( 'NONE', *, *, #2196, .F. ) ;
#4011 = SURFACE_STYLE_USAGE ( .BOTH. , #9248 ) ;
#4012 = CARTESIAN_POINT ( 'NONE',  ( 11.73714950768867000, 13.36088499248674400, 27.69729446702148900 ) ) ;
#4013 = CARTESIAN_POINT ( 'NONE',  ( 16.00572298526087800, -12.99999999999999600, 28.20000000000000300 ) ) ;
#4014 = CARTESIAN_POINT ( 'NONE',  ( 11.95431717056050600, -13.58868278403012700, 27.70000000000000300 ) ) ;
#4015 = PRESENTATION_STYLE_ASSIGNMENT (( #7907 ) ) ;
#4016 = PRESENTATION_LAYER_ASSIGNMENT (  '', '', ( #2848 ) ) ;
#4017 = ORIENTED_EDGE ( 'NONE', *, *, #1933, .F. ) ;
#4018 = VECTOR ( 'NONE', #5019, 1000.000000000000000 ) ;
#4019 = FACE_OUTER_BOUND ( 'NONE', #7629, .T. ) ;
#4020 = ADVANCED_FACE ( 'NONE', ( #11236 ), #8164, .F. ) ;
#4021 = ORIENTED_EDGE ( 'NONE', *, *, #1730, .F. ) ;
#4022 = EDGE_LOOP ( 'NONE', ( #4310, #495, #2534 ) ) ;
#4023 = LINE ( 'NONE', #7237, #6066 ) ;
#4024 = DIRECTION ( 'NONE',  ( 0.0000000000000000000, 0.0000000000000000000, -1.000000000000000000 ) ) ;
#4025 = DIRECTION ( 'NONE',  ( 0.0000000000000000000, 0.0000000000000000000, -1.000000000000000000 ) ) ;
#4026 = CARTESIAN_POINT ( 'NONE',  ( -12.41131721597008000, -12.45897040736652200, 27.69999999999999900 ) ) ;
#4027 = FACE_OUTER_BOUND ( 'NONE', #1402, .T. ) ;
#4028 = FILL_AREA_STYLE_COLOUR ( '', #5096 ) ;
#4029 = FACE_OUTER_BOUND ( 'NONE', #5950, .T. ) ;
#4030 = CARTESIAN_POINT ( 'NONE',  ( 13.58868278403009100, 11.95431717055955000, 27.70000000000000300 ) ) ;
#4031 = PRESENTATION_LAYER_ASSIGNMENT (  '', '', ( #2868 ) ) ;
#4032 = CARTESIAN_POINT ( 'NONE',  ( 11.73326906832728900, -12.41131721597003000, 27.68598713120326200 ) ) ;
#4033 =( LENGTH_UNIT ( ) NAMED_UNIT ( * ) SI_UNIT ( .MILLI., .METRE. ) );
#4034 = DIRECTION ( 'NONE',  ( 0.0000000000000000000, 0.0000000000000000000, 1.000000000000000000 ) ) ;
#4035 = EDGE_CURVE ( 'NONE', #4331, #6310, #10471, .T. ) ;
#4036 = CARTESIAN_POINT ( 'NONE',  ( 9.701383795927110800, -12.99999999999999600, 28.19999999999999900 ) ) ;
#4037 = SURFACE_STYLE_FILL_AREA ( #6786 ) ;
#4038 = VECTOR ( 'NONE', #5986, 1000.000000000000000 ) ;
#4039 = CARTESIAN_POINT ( 'NONE',  ( -15.19999999999981500, -13.00000000000072300, 25.19999999999999900 ) ) ;
#4040 = AXIS2_PLACEMENT_3D ( 'NONE', #784, #1018, #551 ) ;
#4041 = EDGE_CURVE ( 'NONE', #2643, #10707, #6084, .T. ) ;
#4042 = AXIS2_PLACEMENT_3D ( 'NONE', #555, #7659, #11139 ) ;
#4043 = SURFACE_STYLE_FILL_AREA ( #6898 ) ;
#4044 = FILL_AREA_STYLE_COLOUR ( '', #868 ) ;
#4045 = DIRECTION ( 'NONE',  ( -0.0000000000000000000, -0.0000000000000000000, -1.000000000000000000 ) ) ;
#4046 = CARTESIAN_POINT ( 'NONE',  ( 11.20710678118654600, 22.41421356237308900, -5.380361143677898200E-017 ) ) ;
#4047 = FACE_OUTER_BOUND ( 'NONE', #5477, .T. ) ;
#4048 = DIRECTION ( 'NONE',  ( -1.000000000000000000, 0.0000000000000000000, -0.0000000000000000000 ) ) ;
#4049 = SURFACE_SIDE_STYLE ('',( #10049 ) ) ;
#4050 = FILL_AREA_STYLE ('',( #3169 ) ) ;
#4051 = UNCERTAINTY_MEASURE_WITH_UNIT (LENGTH_MEASURE( 1.000000000000000100E-005 ), #4504, 'distance_accuracy_value', 'NONE');
#4052 = ORIENTED_EDGE ( 'NONE', *, *, #720, .T. ) ;
#4053 = CARTESIAN_POINT ( 'NONE',  ( 17.60000000000000500, -11.45316318592670500, 5.999999999999999100 ) ) ;
#4054 = FACE_OUTER_BOUND ( 'NONE', #4255, .T. ) ;
#4055 = ORIENTED_EDGE ( 'NONE', *, *, #10058, .T. ) ;
#4056 = VECTOR ( 'NONE', #9251, 1000.000000000000000 ) ;
#4057 = FACE_BOUND ( 'NONE', #9061, .T. ) ;
#4058 = CARTESIAN_POINT ( 'NONE',  ( 13.00000000000072100, -12.99999999999999600, 27.69999999999999900 ) ) ;
#4059 = EDGE_CURVE ( 'NONE', #8513, #135, #1369, .T. ) ;
#4060 = PRESENTATION_LAYER_ASSIGNMENT (  '', '', ( #2893 ) ) ;
#4061 = ORIENTED_EDGE ( 'NONE', *, *, #634, .T. ) ;
#4062 = STYLED_ITEM ( 'NONE', ( #2184 ), #10705 ) ;
#4063 = ORIENTED_EDGE ( 'NONE', *, *, #8399, .T. ) ;
#4064 = DIRECTION ( 'NONE',  ( 0.0000000000000000000, 0.0000000000000000000, 1.000000000000000000 ) ) ;
#4065 = DIRECTION ( 'NONE',  ( 0.0000000000000000000, -1.000000000000000000, 0.0000000000000000000 ) ) ;
#4066 = B_SPLINE_CURVE_WITH_KNOTS ( 'NONE', 3,
 ( #2142, #7439, #4804, #10932, #5692, #337 ),
 .UNSPECIFIED., .F., .F.,
 ( 4, 2, 4 ),
 ( 8.169044965621214000E-016, 0.0007961420118631696300, 0.001592284023725522200 ),
 .UNSPECIFIED. ) ;
#4067 = PRESENTATION_STYLE_ASSIGNMENT (( #6362 ) ) ;
#4068 =( NAMED_UNIT ( * ) SI_UNIT ( $, .STERADIAN. ) SOLID_ANGLE_UNIT ( ) );
#4069 = LINE ( 'NONE', #1435, #6125 ) ;
#4070 = ORIENTED_EDGE ( 'NONE', *, *, #3717, .F. ) ;
#4071 =( LENGTH_UNIT ( ) NAMED_UNIT ( * ) SI_UNIT ( .MILLI., .METRE. ) );
#4072 = AXIS2_PLACEMENT_3D ( 'NONE', #10238, #10203, #10165 ) ;
#4073 = DIRECTION ( 'NONE',  ( -1.000000000000000000, 1.029253376967093700E-014, 0.0000000000000000000 ) ) ;
#4074 = ORIENTED_EDGE ( 'NONE', *, *, #9935, .T. ) ;
#4075 = MECHANICAL_DESIGN_GEOMETRIC_PRESENTATION_REPRESENTATION (  '', ( #2906 ), #4660 ) ;
#4076 = ORIENTED_EDGE ( 'NONE', *, *, #11261, .T. ) ;
#4077 = CARTESIAN_POINT ( 'NONE',  ( -13.00000000000000200, 13.00000000000000200, 0.0000000000000000000 ) ) ;
#4078 = VECTOR ( 'NONE', #7068, 1000.000000000000000 ) ;
#4079 = EDGE_CURVE ( 'NONE', #6733, #10591, #3475, .T. ) ;
#4080 = CARTESIAN_POINT ( 'NONE',  ( 9.701383795927109000, -19.59723240814721700, 28.19999999999999900 ) ) ;
#4081 = CARTESIAN_POINT ( 'NONE',  ( 14.37408074114595600, -13.58868278403014400, 26.70000000000000300 ) ) ;
#4082 = CARTESIAN_POINT ( 'NONE',  ( 2.155378366499341600E-015, -17.60000000000000100, 8.000000000000000000 ) ) ;
#4083 = DIRECTION ( 'NONE',  ( 0.0000000000000000000, 0.0000000000000000000, -1.000000000000000000 ) ) ;
#4084 = EDGE_CURVE ( 'NONE', #2608, #2490, #10197, .T. ) ;
#4085 =( NAMED_UNIT ( * ) SI_UNIT ( $, .STERADIAN. ) SOLID_ANGLE_UNIT ( ) );
#4086 = CARTESIAN_POINT ( 'NONE',  ( -1.500000000002307900, 2.000000000000000000, -23.50000000000384400 ) ) ;
#4087 = CARTESIAN_POINT ( 'NONE',  ( -13.00000000000000200, 13.00000000000000200, 4.500000000007276000 ) ) ;
#4088 = CARTESIAN_POINT ( 'NONE',  ( 14.19999999999999400, 13.00000000000005700, 27.70000000000000300 ) ) ;
#4089 = CARTESIAN_POINT ( 'NONE',  ( 16.29861620407432800, -19.59723240814721700, 28.19999999999999900 ) ) ;
#4090 = DIRECTION ( 'NONE',  ( 0.0000000000000000000, -0.0000000000000000000, -1.000000000000000000 ) ) ;
#4091 = LINE ( 'NONE', #119, #1717 ) ;
#4092 = AXIS2_PLACEMENT_3D ( 'NONE', #10581, #9704, #8861 ) ;
#4093 = LINE ( 'NONE', #4120, #1720 ) ;
#4094 = CARTESIAN_POINT ( 'NONE',  ( -3.999999999999998200, -8.000000000000000000, 28.19999999999999900 ) ) ;
#4095 = LINE ( 'NONE', #3291, #6147 ) ;
#4096 = ORIENTED_EDGE ( 'NONE', *, *, #890, .T. ) ;
#4097 = VECTOR ( 'NONE', #8756, 1000.000000000000000 ) ;
#4098 = SURFACE_STYLE_FILL_AREA ( #3735 ) ;
#4099 = CARTESIAN_POINT ( 'NONE',  ( -1.901562360352815300, -3.523680570869780500, -2.000000000000000000 ) ) ;
#4100 = CARTESIAN_POINT ( 'NONE',  ( 17.10000000000000500, 15.65025253169417500, 4.336808689942017700E-016 ) ) ;
#4101 = STYLED_ITEM ( 'NONE', ( #8 ), #6048 ) ;
#4102 = DIRECTION ( 'NONE',  ( -1.224646799147353200E-016, -1.000000000000000000, 0.0000000000000000000 ) ) ;
#4103 = ORIENTED_EDGE ( 'NONE', *, *, #2358, .T. ) ;
#4104 = FACE_OUTER_BOUND ( 'NONE', #2919, .T. ) ;
#4105 = CARTESIAN_POINT ( 'NONE',  ( 10.20138379592711100, -12.99999999999999600, 27.69999999999999900 ) ) ;
#4106 = VERTEX_POINT ( 'NONE', #3262 ) ;
#4107 =( NAMED_UNIT ( * ) PLANE_ANGLE_UNIT ( ) SI_UNIT ( $, .RADIAN. ) );
#4108 = CARTESIAN_POINT ( 'NONE',  ( 13.60000000000000500, -17.60000000000000100, 20.19999999999999900 ) ) ;
#4109 = MECHANICAL_DESIGN_GEOMETRIC_PRESENTATION_REPRESENTATION (  '', ( #2950 ), #4701 ) ;
#4110 = CARTESIAN_POINT ( 'NONE',  ( 14.04568282944093100, -13.58868278403014300, 27.70000000000000300 ) ) ;
#4111 = STYLED_ITEM ( 'NONE', ( #7758 ), #9083 ) ;
#4112 = UNCERTAINTY_MEASURE_WITH_UNIT (LENGTH_MEASURE( 1.000000000000000100E-005 ), #3426, 'distance_accuracy_value', 'NONE');
#4113 = DIRECTION ( 'NONE',  ( -1.000000000000000000, 0.0000000000000000000, 0.0000000000000000000 ) ) ;
#4114 = ORIENTED_EDGE ( 'NONE', *, *, #10603, .F. ) ;
#4115 = EDGE_CURVE ( 'NONE', #10118, #9209, #5803, .T. ) ;
#4116 = VERTEX_POINT ( 'NONE', #3228 ) ;
#4117 = DIRECTION ( 'NONE',  ( -0.0000000000000000000, -0.0000000000000000000, -1.000000000000000000 ) ) ;
#4118 = VERTEX_POINT ( 'NONE', #6779 ) ;
#4119 = CARTESIAN_POINT ( 'NONE',  ( 13.60000000000000500, 13.60000000000000100, 20.19999999999999900 ) ) ;
#4120 = CARTESIAN_POINT ( 'NONE',  ( -14.52295398712865700, -14.52894118582679200, 22.19999999999999600 ) ) ;
#4121 = LINE ( 'NONE', #10577, #1756 ) ;
#4122 =( NAMED_UNIT ( * ) SI_UNIT ( $, .STERADIAN. ) SOLID_ANGLE_UNIT ( ) );
#4123 = AXIS2_PLACEMENT_3D ( 'NONE', #2099, #4471, #443 ) ;
#4124 =( NAMED_UNIT ( * ) SI_UNIT ( $, .STERADIAN. ) SOLID_ANGLE_UNIT ( ) );
#4125 = ORIENTED_EDGE ( 'NONE', *, *, #7813, .F. ) ;
#4126 = MECHANICAL_DESIGN_GEOMETRIC_PRESENTATION_REPRESENTATION (  '', ( #2343 ), #4723 ) ;
#4127 = CARTESIAN_POINT ( 'NONE',  ( -3.500000000000000000, -8.572527594031473200E-016, 27.69999999999999900 ) ) ;
#4128 = UNCERTAINTY_MEASURE_WITH_UNIT (LENGTH_MEASURE( 1.000000000000000100E-005 ), #3094, 'distance_accuracy_value', 'NONE');
#4129 = CARTESIAN_POINT ( 'NONE',  ( 1.440997501948690500, -3.731572103822025500, -2.000000000000000000 ) ) ;
#4130 = VERTEX_POINT ( 'NONE', #5029 ) ;
#4131 = CARTESIAN_POINT ( 'NONE',  ( -12.45897040736665300, 13.58868278403004700, 27.69999999999999900 ) ) ;
#4132 = AXIS2_PLACEMENT_3D ( 'NONE', #6394, #8046, #8915 ) ;
#4133 = CARTESIAN_POINT ( 'NONE',  ( 11.44062498292818800, 17.60999999999998900, 22.19999999999999600 ) ) ;
#4134 = STYLED_ITEM ( 'NONE', ( #230 ), #2259 ) ;
#4135 = CARTESIAN_POINT ( 'NONE',  ( 14.20000000000053800, -10.60000000000036400, 27.69999999999999900 ) ) ;
#4136 = ORIENTED_EDGE ( 'NONE', *, *, #10803, .F. ) ;
#4137 = CARTESIAN_POINT ( 'NONE',  ( 13.58868278403010000, 14.04568282944044300, 27.70000000000000300 ) ) ;
#4138 = UNCERTAINTY_MEASURE_WITH_UNIT (LENGTH_MEASURE( 1.000000000000000100E-005 ), #2352, 'distance_accuracy_value', 'NONE');
#4139 = EDGE_CURVE ( 'NONE', #7880, #10005, #5551, .T. ) ;
#4140 = CARTESIAN_POINT ( 'NONE',  ( 12.45897040736657000, -11.86457000668213800, 27.70000000000000300 ) ) ;
#4141 = AXIS2_PLACEMENT_3D ( 'NONE', #4796, #10924, #5683 ) ;
#4142 = ORIENTED_EDGE ( 'NONE', *, *, #2138, .T. ) ;
#4143 = EDGE_CURVE ( 'NONE', #4331, #1156, #9931, .T. ) ;
#4144 = EDGE_LOOP ( 'NONE', ( #5524, #339, #5406, #8539, #8951 ) ) ;
#4145 =( NAMED_UNIT ( * ) SI_UNIT ( $, .STERADIAN. ) SOLID_ANGLE_UNIT ( ) );
#4146 = CARTESIAN_POINT ( 'NONE',  ( 17.60000000000000500, -15.94314575050762000, 0.5000000000000004400 ) ) ;
#4147 = PRESENTATION_STYLE_ASSIGNMENT (( #5981 ) ) ;
#4148 = FACE_OUTER_BOUND ( 'NONE', #1634, .T. ) ;
#4149 = CARTESIAN_POINT ( 'NONE',  ( 11.73714950768867000, 13.54102959263330100, 26.70000000000000300 ) ) ;
#4150 = CARTESIAN_POINT ( 'NONE',  ( -13.59999999999999800, 17.59999999999999800, 0.5000000000000004400 ) ) ;
#4151 = DIRECTION ( 'NONE',  ( -1.000000000000000000, 0.0000000000000000000, 0.0000000000000000000 ) ) ;
#4152 = CARTESIAN_POINT ( 'NONE',  ( -9.701383795925414300, 6.402767591850107500, 28.20000000000000300 ) ) ;
#4153 = ORIENTED_EDGE ( 'NONE', *, *, #7157, .F. ) ;
#4154 = SURFACE_SIDE_STYLE ('',( #6423 ) ) ;
#4155 =( NAMED_UNIT ( * ) PLANE_ANGLE_UNIT ( ) SI_UNIT ( $, .RADIAN. ) );
#4156 = ORIENTED_EDGE ( 'NONE', *, *, #3161, .F. ) ;
#4157 = CARTESIAN_POINT ( 'NONE',  ( 12.41131721596999800, 12.45897040736660500, 27.69999999999999900 ) ) ;
#4158 = CARTESIAN_POINT ( 'NONE',  ( -14.37408074114605400, 12.80328977755002400, 27.68473138244006300 ) ) ;
#4159 = CARTESIAN_POINT ( 'NONE',  ( 3.499999999999999100, 6.999999999999998200, -1.500000000000000000 ) ) ;
#4160 = LINE ( 'NONE', #10552, #5391 ) ;
#4161 = STYLED_ITEM ( 'NONE', ( #4393 ), #5139 ) ;
#4162 = SURFACE_STYLE_FILL_AREA ( #10971 ) ;
#4163 = CARTESIAN_POINT ( 'NONE',  ( -3.500000000000000000, 4.286263797015736600E-016, 26.20000000000000300 ) ) ;
#4164 = ORIENTED_EDGE ( 'NONE', *, *, #83, .T. ) ;
#4165 = STYLED_ITEM ( 'NONE', ( #287 ), #8650 ) ;
#4166 = DIRECTION ( 'NONE',  ( 0.0000000000000000000, -1.000000000000000000, 0.0000000000000000000 ) ) ;
#4167 = CARTESIAN_POINT ( 'NONE',  ( 10.80000000000090700, -8.600000000000360200, 26.70000000000000300 ) ) ;
#4168 =( NAMED_UNIT ( * ) PLANE_ANGLE_UNIT ( ) SI_UNIT ( $, .RADIAN. ) );
#4169 = COLOUR_RGB ( '',1.000000000000000000, 1.000000000000000000, 1.000000000000000000 ) ;
#4170 = STYLED_ITEM ( 'NONE', ( #5023 ), #6649 ) ;
#4171 = FILL_AREA_STYLE ('',( #2359 ) ) ;
#4172 = DIRECTION ( 'NONE',  ( -1.224646799147353200E-016, -1.000000000000000000, 0.0000000000000000000 ) ) ;
#4173 = EDGE_CURVE ( 'NONE', #2255, #5095, #3212, .T. ) ;
#4174 = EDGE_CURVE ( 'NONE', #6175, #7229, #5255, .T. ) ;
#4175 =( LENGTH_UNIT ( ) NAMED_UNIT ( * ) SI_UNIT ( .MILLI., .METRE. ) );
#4176 = CARTESIAN_POINT ( 'NONE',  ( 17.10000000000000500, -13.60000000000000000, 4.336808689942017700E-016 ) ) ;
#4177 = CARTESIAN_POINT ( 'NONE',  ( 13.00000000000072100, -12.99999999999999600, 27.69999999999999900 ) ) ;
#4178 = STYLED_ITEM ( 'NONE', ( #4729 ), #685 ) ;
#4179 = COLOUR_RGB ( '',1.000000000000000000, 1.000000000000000000, 1.000000000000000000 ) ;
#4180 = UNCERTAINTY_MEASURE_WITH_UNIT (LENGTH_MEASURE( 1.000000000000000100E-005 ), #1169, 'distance_accuracy_value', 'NONE');
#4181 = SURFACE_STYLE_FILL_AREA ( #2605 ) ;
#4182 = ORIENTED_EDGE ( 'NONE', *, *, #1501, .T. ) ;
#4183 = AXIS2_PLACEMENT_3D ( 'NONE', #2248, #8420, #3162 ) ;
#4184 = CARTESIAN_POINT ( 'NONE',  ( 3.585824512321813100, 1.781605714250717600, -2.000000000000000000 ) ) ;
#4185 =( GEOMETRIC_REPRESENTATION_CONTEXT ( 3 ) GLOBAL_UNCERTAINTY_ASSIGNED_CONTEXT ( ( #10703 ) ) GLOBAL_UNIT_ASSIGNED_CONTEXT ( ( #1648, #7819, #2567 ) ) REPRESENTATION_CONTEXT ( 'NONE', 'WORKASPACE' ) );
#4186 = DIRECTION ( 'NONE',  ( 0.0000000000000000000, -1.000000000000000000, 0.0000000000000000000 ) ) ;
#4187 = DIRECTION ( 'NONE',  ( 0.7071067811865536800, -0.0000000000000000000, 0.7071067811865414700 ) ) ;
#4188 = CARTESIAN_POINT ( 'NONE',  ( -15.79861620407457500, 7.402767591850105700, 27.70000000000000300 ) ) ;
#4189 = DIRECTION ( 'NONE',  ( -1.000000000000000000, 0.0000000000000000000, -0.0000000000000000000 ) ) ;
#4190 = SURFACE_STYLE_USAGE ( .BOTH. , #4209 ) ;
#4191 = LINE ( 'NONE', #2068, #8860 ) ;
#4192 = SURFACE_SIDE_STYLE ('',( #2938 ) ) ;
#4193 = CARTESIAN_POINT ( 'NONE',  ( 12.99999999999999600, 12.99999999999999600, 27.69999999999999900 ) ) ;
#4194 = LINE ( 'NONE', #1683, #1535 ) ;
#4195 = CARTESIAN_POINT ( 'NONE',  ( 4.000000000000000000, 4.898587196589412800E-016, -2.000000000000000000 ) ) ;
#4196 = VERTEX_POINT ( 'NONE', #5101 ) ;
#4197 = CYLINDRICAL_SURFACE ( 'NONE', #8015, 1.249999999999999300 ) ;
#4198 = ORIENTED_EDGE ( 'NONE', *, *, #10998, .T. ) ;
#4199 = ORIENTED_EDGE ( 'NONE', *, *, #6172, .F. ) ;
#4200 = DIRECTION ( 'NONE',  ( 0.0000000000000000000, 0.0000000000000000000, 1.000000000000000000 ) ) ;
#4201 = STYLED_ITEM ( 'NONE', ( #8696 ), #1990 ) ;
#4202 =( BOUNDED_SURFACE ( )  B_SPLINE_SURFACE ( 3, 3, ( 
 ( #6562, #4837, #10962, #5722 ),
 ( #374, #6597, #1296, #7510 ),
 ( #2211, #8381, #3130, #9245 ),
 ( #4008, #10125, #4878, #10997 ) ),
 .UNSPECIFIED., .F., .F., .F. ) 
 B_SPLINE_SURFACE_WITH_KNOTS ( ( 4, 4 ),
 ( 4, 4 ),
 ( 0.0000000000000000000, 1.000000000000000000 ),
 ( 0.0000000000000000000, 1.000000000000000000 ),
 .UNSPECIFIED. ) 
 GEOMETRIC_REPRESENTATION_ITEM ( )  RATIONAL_B_SPLINE_SURFACE ( (
 ( 1.000000000000000000, 0.3333333333333334300, 0.3333333333333334300, 1.000000000000000000),
 ( 0.8047378541243649400, 0.2682459513747884100, 0.2682459513747884100, 0.8047378541243649400),
 ( 0.8047378541243649400, 0.2682459513747884100, 0.2682459513747884100, 0.8047378541243649400),
 ( 1.000000000000000000, 0.3333333333333334300, 0.3333333333333334300, 1.000000000000000000) ) ) 
 REPRESENTATION_ITEM ( '' )  SURFACE ( )  );
#4203 = CIRCLE ( 'NONE', #6444, 0.5000000000000004400 ) ;
#4204 =( NAMED_UNIT ( * ) PLANE_ANGLE_UNIT ( ) SI_UNIT ( $, .RADIAN. ) );
#4205 = SURFACE_STYLE_FILL_AREA ( #4426 ) ;
#4206 = CARTESIAN_POINT ( 'NONE',  ( 17.60000000000000500, -13.60000000000000100, 8.000000000000000000 ) ) ;
#4207 = EDGE_CURVE ( 'NONE', #9535, #9930, #792, .T. ) ;
#4208 = MECHANICAL_DESIGN_GEOMETRIC_PRESENTATION_REPRESENTATION (  '', ( #3044 ), #4790 ) ;
#4209 = SURFACE_SIDE_STYLE ('',( #9376 ) ) ;
#4210 = CARTESIAN_POINT ( 'NONE',  ( -12.99999999999927200, -13.54102959263322100, 27.69999999999999900 ) ) ;
#4211 = ORIENTED_EDGE ( 'NONE', *, *, #8743, .T. ) ;
#4212 = SURFACE_STYLE_USAGE ( .BOTH. , #9448 ) ;
#4213 = CARTESIAN_POINT ( 'NONE',  ( 14.04568282944093100, -13.58868278403014300, 27.70000000000000300 ) ) ;
#4214 = EDGE_CURVE ( 'NONE', #5833, #6439, #7338, .T. ) ;
#4215 =( GEOMETRIC_REPRESENTATION_CONTEXT ( 3 ) GLOBAL_UNCERTAINTY_ASSIGNED_CONTEXT ( ( #8982 ) ) GLOBAL_UNIT_ASSIGNED_CONTEXT ( ( #10610, #5345, #7 ) ) REPRESENTATION_CONTEXT ( 'NONE', 'WORKASPACE' ) );
#4216 = CIRCLE ( 'NONE', #8304, 0.4726131969088088700 ) ;
#4217 = CARTESIAN_POINT ( 'NONE',  ( 16.00572298526033800, 12.99999999999999500, 28.19999999999999900 ) ) ;
#4218 = CARTESIAN_POINT ( 'NONE',  ( 12.99999999999999600, 12.99999999999999600, 4.499999999950432500 ) ) ;
#4219 = DIRECTION ( 'NONE',  ( -1.000000000000000000, 0.0000000000000000000, 0.0000000000000000000 ) ) ;
#4220 = ORIENTED_EDGE ( 'NONE', *, *, #2054, .F. ) ;
#4221 = DIRECTION ( 'NONE',  ( 0.0000000000000000000, 1.000000000000000000, 0.0000000000000000000 ) ) ;
#4222 = ADVANCED_FACE ( 'NONE', ( #504 ), #8887, .T. ) ;
#4223 = EDGE_CURVE ( 'NONE', #8457, #8051, #6235, .T. ) ;
#4224 = FILL_AREA_STYLE ('',( #4546 ) ) ;
#4225 = PLANE ( 'NONE',  #4301 ) ;
#4226 = AXIS2_PLACEMENT_3D ( 'NONE', #6391, #1073, #7284 ) ;
#4227 = VECTOR ( 'NONE', #7484, 1000.000000000000000 ) ;
#4228 = FILL_AREA_STYLE_COLOUR ( '', #6220 ) ;
#4229 = CARTESIAN_POINT ( 'NONE',  ( -3.007529995131446900, -17.69999999999999900, 0.0000000000000000000 ) ) ;
#4230 =( NAMED_UNIT ( * ) SI_UNIT ( $, .STERADIAN. ) SOLID_ANGLE_UNIT ( ) );
#4231 = SURFACE_SIDE_STYLE ('',( #968 ) ) ;
#4232 = DIRECTION ( 'NONE',  ( 0.0000000000000000000, 0.0000000000000000000, -1.000000000000000000 ) ) ;
#4233 = CARTESIAN_POINT ( 'NONE',  ( -10.79999999999872900, -13.00000000000083000, 27.28578643762690700 ) ) ;
#4234 = CARTESIAN_POINT ( 'NONE',  ( -11.45062910550453200, -17.60000000000000500, 8.000000000000000000 ) ) ;
#4235 = STYLED_ITEM ( 'NONE', ( #1528 ), #8201 ) ;
#4236 = SURFACE_STYLE_FILL_AREA ( #8996 ) ;
#4237 = DIRECTION ( 'NONE',  ( 0.0000000000000000000, 0.0000000000000000000, -1.000000000000000000 ) ) ;
#4238 = ORIENTED_EDGE ( 'NONE', *, *, #2965, .F. ) ;
#4239 = CARTESIAN_POINT ( 'NONE',  ( 12.79997844077994500, -17.69999999999999900, 12.79997844077973700 ) ) ;
#4240 = DIRECTION ( 'NONE',  ( -0.0000000000000000000, 1.000000000000000000, -0.0000000000000000000 ) ) ;
#4241 = ORIENTED_EDGE ( 'NONE', *, *, #11235, .T. ) ;
#4242 = PRESENTATION_LAYER_ASSIGNMENT (  '', '', ( #3669 ) ) ;
#4243 = CARTESIAN_POINT ( 'NONE',  ( 0.0000000000000000000, 0.0000000000000000000, 25.19999999999999900 ) ) ;
#4244 = SURFACE_STYLE_USAGE ( .BOTH. , #9484 ) ;
#4245 = EDGE_LOOP ( 'NONE', ( #5104, #553, #10404, #2975 ) ) ;
#4246 = EDGE_CURVE ( 'NONE', #4368, #1479, #10882, .T. ) ;
#4247 = UNCERTAINTY_MEASURE_WITH_UNIT (LENGTH_MEASURE( 1.000000000000000100E-005 ), #6109, 'distance_accuracy_value', 'NONE');
#4248 = CARTESIAN_POINT ( 'NONE',  ( -16.29861620407361000, -6.402767591852048100, 28.19999999999999900 ) ) ;
#4249 = ORIENTED_EDGE ( 'NONE', *, *, #5809, .T. ) ;
#4250 = STYLED_ITEM ( 'NONE', ( #8035 ), #206 ) ;
#4251 = PRESENTATION_LAYER_ASSIGNMENT (  '', '', ( #2475 ) ) ;
#4252 =( NAMED_UNIT ( * ) SI_UNIT ( $, .STERADIAN. ) SOLID_ANGLE_UNIT ( ) );
#4253 =( LENGTH_UNIT ( ) NAMED_UNIT ( * ) SI_UNIT ( .MILLI., .METRE. ) );
#4254 = PRESENTATION_LAYER_ASSIGNMENT (  '', '', ( #2480 ) ) ;
#4255 = EDGE_LOOP ( 'NONE', ( #10448, #7293, #10033 ) ) ;
#4256 = CARTESIAN_POINT ( 'NONE',  ( -17.09999999999999800, -13.60000000000000100, 27.69999999999999900 ) ) ;
#4257 =( NAMED_UNIT ( * ) PLANE_ANGLE_UNIT ( ) SI_UNIT ( $, .RADIAN. ) );
#4258 = VERTEX_POINT ( 'NONE', #2564 ) ;
#4259 = COLOUR_RGB ( '',1.000000000000000000, 1.000000000000000000, 1.000000000000000000 ) ;
#4260 = DIRECTION ( 'NONE',  ( 1.000000000000000000, -0.0000000000000000000, 0.0000000000000000000 ) ) ;
#4261 = EDGE_LOOP ( 'NONE', ( #11274, #1069, #6217, #6833 ) ) ;
#4262 = DIRECTION ( 'NONE',  ( 0.0000000000000000000, 0.0000000000000000000, -1.000000000000000000 ) ) ;
#4263 = UNCERTAINTY_MEASURE_WITH_UNIT (LENGTH_MEASURE( 1.000000000000000100E-005 ), #1372, 'distance_accuracy_value', 'NONE');
#4264 = DIRECTION ( 'NONE',  ( -1.000000000000000000, 0.0000000000000000000, 0.0000000000000000000 ) ) ;
#4265 = SURFACE_SIDE_STYLE ('',( #6914 ) ) ;
#4266 = CARTESIAN_POINT ( 'NONE',  ( 16.29861620407433200, -12.99999999999999800, 28.19999999999999900 ) ) ;
#4267 = CARTESIAN_POINT ( 'NONE',  ( -3.500000000000000000, 0.0000000000000000000, 0.0000000000000000000 ) ) ;
#4268 = DIRECTION ( 'NONE',  ( 1.224646799147353200E-016, -1.000000000000000000, 0.0000000000000000000 ) ) ;
#4269 = DIRECTION ( 'NONE',  ( -0.7071067811865416900, -0.0000000000000000000, 0.7071067811865532300 ) ) ;
#4270 = FACE_OUTER_BOUND ( 'NONE', #8689, .T. ) ;
#4271 = EDGE_CURVE ( 'NONE', #10039, #6175, #3903, .T. ) ;
#4272 = STYLED_ITEM ( 'NONE', ( #5416 ), #10849 ) ;
#4273 =( NAMED_UNIT ( * ) PLANE_ANGLE_UNIT ( ) SI_UNIT ( $, .RADIAN. ) );
#4274 = CIRCLE ( 'NONE', #3542, 0.4726131969088088700 ) ;
#4275 = ADVANCED_FACE ( 'NONE', ( #1502 ), #6092, .T. ) ;
#4276 = ORIENTED_EDGE ( 'NONE', *, *, #9131, .T. ) ;
#4277 = VERTEX_POINT ( 'NONE', #3483 ) ;
#4278 = DIRECTION ( 'NONE',  ( 1.000000000000000000, -1.041186654069147000E-014, 0.0000000000000000000 ) ) ;
#4279 = CYLINDRICAL_SURFACE ( 'NONE', #6036, 4.000000000000000000 ) ;
#4280 =( LENGTH_UNIT ( ) NAMED_UNIT ( * ) SI_UNIT ( .MILLI., .METRE. ) );
#4281 = CARTESIAN_POINT ( 'NONE',  ( -14.25000000000000000, 13.00000000000000200, 0.0000000000000000000 ) ) ;
#4282 = STYLED_ITEM ( 'NONE', ( #10486 ), #1574 ) ;
#4283 =( GEOMETRIC_REPRESENTATION_CONTEXT ( 3 ) GLOBAL_UNCERTAINTY_ASSIGNED_CONTEXT ( ( #350 ) ) GLOBAL_UNIT_ASSIGNED_CONTEXT ( ( #11251, #6055, #729 ) ) REPRESENTATION_CONTEXT ( 'NONE', 'WORKASPACE' ) );
#4284 = DIRECTION ( 'NONE',  ( -0.0000000000000000000, -0.0000000000000000000, -1.000000000000000000 ) ) ;
#4285 = LINE ( 'NONE', #4133, #4018 ) ;
#4286 = COLOUR_RGB ( '',1.000000000000000000, 1.000000000000000000, 1.000000000000000000 ) ;
#4287 = CARTESIAN_POINT ( 'NONE',  ( 13.75491842535477000, -13.96307768559002600, 27.70000000000000300 ) ) ;
#4288 = EDGE_LOOP ( 'NONE', ( #7926, #482, #1461, #1805 ) ) ;
#4289 = EDGE_CURVE ( 'NONE', #5702, #2608, #644, .T. ) ;
#4290 = VERTEX_POINT ( 'NONE', #11363 ) ;
#4291 = PLANE ( 'NONE',  #8881 ) ;
#4292 =( NAMED_UNIT ( * ) PLANE_ANGLE_UNIT ( ) SI_UNIT ( $, .RADIAN. ) );
#4293 = MECHANICAL_DESIGN_GEOMETRIC_PRESENTATION_REPRESENTATION (  '', ( #2517 ), #4879 ) ;
#4294 = CARTESIAN_POINT ( 'NONE',  ( -15.82182540694797600, -17.39289321881345500, 4.516154061397947200E-016 ) ) ;
#4295 = EDGE_CURVE ( 'NONE', #5639, #10277, #3080, .T. ) ;
#4296 = PRESENTATION_STYLE_ASSIGNMENT (( #4725 ) ) ;
#4297 = VECTOR ( 'NONE', #4090, 1000.000000000000000 ) ;
#4298 = ORIENTED_EDGE ( 'NONE', *, *, #6283, .T. ) ;
#4299 = DIRECTION ( 'NONE',  ( 0.0000000000000000000, 1.000000000000000000, 0.0000000000000000000 ) ) ;
#4300 = DIRECTION ( 'NONE',  ( 0.0000000000000000000, 1.000000000000000000, 0.0000000000000000000 ) ) ;
#4301 = AXIS2_PLACEMENT_3D ( 'NONE', #9500, #4260, #10380 ) ;
#4302 = FILL_AREA_STYLE ('',( #3381 ) ) ;
#4303 =( NAMED_UNIT ( * ) SI_UNIT ( $, .STERADIAN. ) SOLID_ANGLE_UNIT ( ) );
#4304 = CARTESIAN_POINT ( 'NONE',  ( 13.54102959263326300, -11.92888516960344500, 27.70000000000000300 ) ) ;
#4305 = CARTESIAN_POINT ( 'NONE',  ( -3.964894150531215200, -0.6289595620777562700, -2.000000000000000400 ) ) ;
#4306 = APPLICATION_CONTEXT ( 'automotive_design' ) ;
#4307 = LINE ( 'NONE', #1927, #1961 ) ;
#4308 = COLOUR_RGB ( '',1.000000000000000000, 1.000000000000000000, 1.000000000000000000 ) ;
#4309 =( NAMED_UNIT ( * ) SI_UNIT ( $, .STERADIAN. ) SOLID_ANGLE_UNIT ( ) );
#4310 = ORIENTED_EDGE ( 'NONE', *, *, #2510, .F. ) ;
#4311 = VECTOR ( 'NONE', #5749, 1000.000000000000000 ) ;
#4312 = STYLED_ITEM ( 'NONE', ( #6834 ), #5452 ) ;
#4313 = MECHANICAL_DESIGN_GEOMETRIC_PRESENTATION_REPRESENTATION (  '', ( #3143 ), #4897 ) ;
#4314 = VECTOR ( 'NONE', #7828, 1000.000000000000000 ) ;
#4315 = UNCERTAINTY_MEASURE_WITH_UNIT (LENGTH_MEASURE( 1.000000000000000100E-005 ), #1910, 'distance_accuracy_value', 'NONE');
#4316 = FILL_AREA_STYLE_COLOUR ( '', #6848 ) ;
#4317 = STYLED_ITEM ( 'NONE', ( #10918 ), #8924 ) ;
#4318 = DIRECTION ( 'NONE',  ( 1.000000000000000000, 0.0000000000000000000, 0.0000000000000000000 ) ) ;
#4319 = ORIENTED_EDGE ( 'NONE', *, *, #9170, .F. ) ;
#4320 = CARTESIAN_POINT ( 'NONE',  ( 12.03692231441027400, 12.24508157464532200, 27.70000000000000300 ) ) ;
#4321 = CARTESIAN_POINT ( 'NONE',  ( -13.60000000000000000, 17.59999999999999800, 27.69999999999999900 ) ) ;
#4322 = CYLINDRICAL_SURFACE ( 'NONE', #4040, 0.5000000000000004400 ) ;
#4323 = CARTESIAN_POINT ( 'NONE',  ( 3.421868976916551100, -2.075856652811185500, -1.999999999999999600 ) ) ;
#4324 = CARTESIAN_POINT ( 'NONE',  ( -1.102823950784868500, -35.60000000000000100, 23.70506691744403600 ) ) ;
#4325 = PRESENTATION_LAYER_ASSIGNMENT (  '', '', ( #3152 ) ) ;
#4326 =( NAMED_UNIT ( * ) SI_UNIT ( $, .STERADIAN. ) SOLID_ANGLE_UNIT ( ) );
#4327 = CARTESIAN_POINT ( 'NONE',  ( 13.58868278403008900, 11.62591925885389600, 26.70000000000000300 ) ) ;
#4328 = VERTEX_POINT ( 'NONE', #10534 ) ;
#4329 = STYLED_ITEM ( 'NONE', ( #3359 ), #7101 ) ;
#4330 = DIRECTION ( 'NONE',  ( -0.7072524912148354700, 0.7069610411263191900, -0.0000000000000000000 ) ) ;
#4331 = VERTEX_POINT ( 'NONE', #7934 ) ;
#4332 =( LENGTH_UNIT ( ) NAMED_UNIT ( * ) SI_UNIT ( .MILLI., .METRE. ) );
#4333 = EDGE_CURVE ( 'NONE', #9497, #6114, #7191, .T. ) ;
#4334 = ADVANCED_FACE ( 'NONE', ( #7480 ), #3565, .T. ) ;
#4335 = EDGE_CURVE ( 'NONE', #1455, #3613, #8404, .T. ) ;
#4336 = CIRCLE ( 'NONE', #2085, 1.249999999999999300 ) ;
#4337 = CARTESIAN_POINT ( 'NONE',  ( -13.59999999999999800, -17.60000000000000100, 8.000000000000000000 ) ) ;
#4338 = FILL_AREA_STYLE ('',( #5106 ) ) ;
#4339 = ORIENTED_EDGE ( 'NONE', *, *, #2330, .F. ) ;
#4340 = VERTEX_POINT ( 'NONE', #1857 ) ;
#4341 = AXIS2_PLACEMENT_3D ( 'NONE', #165, #6372, #4684 ) ;
#4342 = DIRECTION ( 'NONE',  ( -0.7072524912148355800, -0.7069610411263190800, 0.0000000000000000000 ) ) ;
#4343 = EDGE_LOOP ( 'NONE', ( #212, #1178, #4103 ) ) ;
#4344 = SURFACE_SIDE_STYLE ('',( #9569 ) ) ;
#4345 = CARTESIAN_POINT ( 'NONE',  ( 1.102823950784878000, -15.60000000000000300, 23.70506691744403900 ) ) ;
#4346 = DIRECTION ( 'NONE',  ( 0.0000000000000000000, -1.000000000000000000, 0.0000000000000000000 ) ) ;
#4347 = UNCERTAINTY_MEASURE_WITH_UNIT (LENGTH_MEASURE( 1.000000000000000100E-005 ), #8495, 'distance_accuracy_value', 'NONE');
#4348 =( NAMED_UNIT ( * ) PLANE_ANGLE_UNIT ( ) SI_UNIT ( $, .RADIAN. ) );
#4349 = LINE ( 'NONE', #10321, #8745 ) ;
#4350 = COLOUR_RGB ( '',1.000000000000000000, 1.000000000000000000, 1.000000000000000000 ) ;
#4351 = VERTEX_POINT ( 'NONE', #7138 ) ;
#4352 = DIRECTION ( 'NONE',  ( 1.000000000000000000, 0.0000000000000000000, -0.0000000000000000000 ) ) ;
#4353 = SURFACE_STYLE_USAGE ( .BOTH. , #4365 ) ;
#4354 = EDGE_CURVE ( 'NONE', #4794, #9123, #4121, .T. ) ;
#4355 = DIRECTION ( 'NONE',  ( -0.0000000000000000000, 0.0000000000000000000, 1.000000000000000000 ) ) ;
#4356 = LINE ( 'NONE', #8050, #11046 ) ;
#4357 = CARTESIAN_POINT ( 'NONE',  ( 17.60000000000000500, -11.45316318592670500, 22.19999999999999600 ) ) ;
#4358 = VECTOR ( 'NONE', #1416, 1000.000000000000000 ) ;
#4359 = STYLED_ITEM ( 'NONE', ( #10761 ), #3864 ) ;
#4360 = EDGE_CURVE ( 'NONE', #5152, #1943, #11076, .T. ) ;
#4361 = STYLED_ITEM ( 'NONE', ( #7056 ), #7726 ) ;
#4362 = DIRECTION ( 'NONE',  ( 1.000000000000000000, -4.164746616276587900E-015, 0.0000000000000000000 ) ) ;
#4363 = CARTESIAN_POINT ( 'NONE',  ( -14.52295398712865700, -14.52894118582679200, 20.19999999999999900 ) ) ;
#4364 = FILL_AREA_STYLE_COLOUR ( '', #8502 ) ;
#4365 = SURFACE_SIDE_STYLE ('',( #10844 ) ) ;
#4366 = DIRECTION ( 'NONE',  ( 0.0000000000000000000, 1.000000000000000000, 0.0000000000000000000 ) ) ;
#4367 = VECTOR ( 'NONE', #10816, 1000.000000000000000 ) ;
#4368 = VERTEX_POINT ( 'NONE', #4517 ) ;
#4369 = DIRECTION ( 'NONE',  ( 1.000000000000000000, 9.856383386231857600E-017, 0.0000000000000000000 ) ) ;
#4370 = ORIENTED_EDGE ( 'NONE', *, *, #919, .F. ) ;
#4371 = CARTESIAN_POINT ( 'NONE',  ( 12.45897040736655400, -14.19935388018270400, 27.69507424152986600 ) ) ;
#4372 = SURFACE_STYLE_USAGE ( .BOTH. , #9628 ) ;
#4373 = CARTESIAN_POINT ( 'NONE',  ( 1.689782704262108100, 3.626677856624104000, -2.000000000000001300 ) ) ;
#4374 = SURFACE_STYLE_FILL_AREA ( #7182 ) ;
#4375 = CARTESIAN_POINT ( 'NONE',  ( 11.21421356237309500, 16.57157287525381100, 27.70000000000000300 ) ) ;
#4376 = CARTESIAN_POINT ( 'NONE',  ( 12.41131721596999800, 11.84284448084536500, 27.70000000000000300 ) ) ;
#4377 = ORIENTED_EDGE ( 'NONE', *, *, #8889, .T. ) ;
#4378 =( GEOMETRIC_REPRESENTATION_CONTEXT ( 3 ) GLOBAL_UNCERTAINTY_ASSIGNED_CONTEXT ( ( #7383 ) ) GLOBAL_UNIT_ASSIGNED_CONTEXT ( ( #3411, #9546, #4303 ) ) REPRESENTATION_CONTEXT ( 'NONE', 'WORKASPACE' ) );
#4379 = ORIENTED_EDGE ( 'NONE', *, *, #562, .T. ) ;
#4380 = DIRECTION ( 'NONE',  ( -1.000000000000000000, 0.0000000000000000000, 0.0000000000000000000 ) ) ;
#4381 = ADVANCED_FACE ( 'NONE', ( #8793 ), #10651, .F. ) ;
#4382 = ORIENTED_EDGE ( 'NONE', *, *, #6429, .F. ) ;
#4383 = CARTESIAN_POINT ( 'NONE',  ( -10.79999999999872700, -13.00000000000072300, 25.19999999999999900 ) ) ;
#4384 = ORIENTED_EDGE ( 'NONE', *, *, #9615, .F. ) ;
#4385 = DIRECTION ( 'NONE',  ( 0.0000000000000000000, 0.0000000000000000000, 1.000000000000000000 ) ) ;
#4386 =( BOUNDED_SURFACE ( )  B_SPLINE_SURFACE ( 3, 3, ( 
 ( #205, #24, #14, #4444 ),
 ( #8154, #9291, #560, #869 ),
 ( #2516, #1477, #3962, #8057 ),
 ( #8107, #4853, #5539, #1085 ) ),
 .UNSPECIFIED., .F., .F., .F. ) 
 B_SPLINE_SURFACE_WITH_KNOTS ( ( 4, 4 ),
 ( 4, 4 ),
 ( 0.0000000000000000000, 1.000000000000000000 ),
 ( 0.0000000000000000000, 1.000000000000000000 ),
 .UNSPECIFIED. ) 
 GEOMETRIC_REPRESENTATION_ITEM ( )  RATIONAL_B_SPLINE_SURFACE ( (
 ( 1.000000000000000000, 0.8047378541243649400, 0.8047378541243649400, 1.000000000000000000),
 ( 0.8047378541243649400, 0.6476030138606876400, 0.6476030138606876400, 0.8047378541243649400),
 ( 0.8047378541243649400, 0.6476030138606876400, 0.6476030138606876400, 0.8047378541243649400),
 ( 1.000000000000000000, 0.8047378541243649400, 0.8047378541243649400, 1.000000000000000000) ) ) 
 REPRESENTATION_ITEM ( '' )  SURFACE ( )  );
#4387 = SURFACE_STYLE_USAGE ( .BOTH. , #9648 ) ;
#4388 = ORIENTED_EDGE ( 'NONE', *, *, #5620, .F. ) ;
#4389 = DIRECTION ( 'NONE',  ( -0.0000000000000000000, -0.0000000000000000000, -1.000000000000000000 ) ) ;
#4390 = FILL_AREA_STYLE ('',( #8775 ) ) ;
#4391 = DIRECTION ( 'NONE',  ( 0.7072524912148354700, 0.7069610411263191900, 0.0000000000000000000 ) ) ;
#4392 = AXIS2_PLACEMENT_3D ( 'NONE', #10081, #10952, #3120 ) ;
#4393 = PRESENTATION_STYLE_ASSIGNMENT (( #3323 ) ) ;
#4394 = CARTESIAN_POINT ( 'NONE',  ( 10.49999999999999800, 1.298125607096194400E-015, -2.000000000000000000 ) ) ;
#4395 = VERTEX_POINT ( 'NONE', #9778 ) ;
#4396 = EDGE_CURVE ( 'NONE', #1583, #11336, #5632, .T. ) ;
#4397 = CARTESIAN_POINT ( 'NONE',  ( -2.799999999999999800, 3.429011037612588800E-016, 26.20000000000000300 ) ) ;
#4398 = CYLINDRICAL_SURFACE ( 'NONE', #4042, 2.500000000000000000 ) ;
#4399 = CARTESIAN_POINT ( 'NONE',  ( 13.58868278403010000, 14.04568282944044300, 27.70000000000000300 ) ) ;
#4400 = PRESENTATION_LAYER_ASSIGNMENT (  '', '', ( #3839 ) ) ;
#4401 = CARTESIAN_POINT ( 'NONE',  ( 13.58868278403010000, 14.26673093167288700, 27.68598713120334400 ) ) ;
#4402 = SURFACE_STYLE_FILL_AREA ( #3677 ) ;
#4403 = COLOUR_RGB ( '',1.000000000000000000, 1.000000000000000000, 1.000000000000000000 ) ;
#4404 = DIRECTION ( 'NONE',  ( -0.0000000000000000000, -0.0000000000000000000, -1.000000000000000000 ) ) ;
#4405 = ORIENTED_EDGE ( 'NONE', *, *, #5031, .F. ) ;
#4406 =( GEOMETRIC_REPRESENTATION_CONTEXT ( 3 ) GLOBAL_UNCERTAINTY_ASSIGNED_CONTEXT ( ( #11036 ) ) GLOBAL_UNIT_ASSIGNED_CONTEXT ( ( #47, #6293, #966 ) ) REPRESENTATION_CONTEXT ( 'NONE', 'WORKASPACE' ) );
#4407 = UNCERTAINTY_MEASURE_WITH_UNIT (LENGTH_MEASURE( 1.000000000000000100E-005 ), #10329, 'distance_accuracy_value', 'NONE');
#4408 = DIRECTION ( 'NONE',  ( 1.000000000000000000, 0.0000000000000000000, -0.0000000000000000000 ) ) ;
#4409 =( NAMED_UNIT ( * ) PLANE_ANGLE_UNIT ( ) SI_UNIT ( $, .RADIAN. ) );
#4410 =( LENGTH_UNIT ( ) NAMED_UNIT ( * ) SI_UNIT ( .MILLI., .METRE. ) );
#4411 = SURFACE_STYLE_USAGE ( .BOTH. , #9667 ) ;
#4412 = SURFACE_STYLE_FILL_AREA ( #5903 ) ;
#4413 = FACE_OUTER_BOUND ( 'NONE', #8561, .T. ) ;
#4414 = CARTESIAN_POINT ( 'NONE',  ( 0.0000000000000000000, 0.0000000000000000000, 1.000000000000000000 ) ) ;
#4415 = FACE_OUTER_BOUND ( 'NONE', #9783, .T. ) ;
#4416 = DIRECTION ( 'NONE',  ( 0.0000000000000000000, 0.0000000000000000000, -1.000000000000000000 ) ) ;
#4417 = CARTESIAN_POINT ( 'NONE',  ( -14.52295398712865700, 14.52894118582679200, 8.000000000000000000 ) ) ;
#4418 = VERTEX_POINT ( 'NONE', #2853 ) ;
#4419 = ORIENTED_EDGE ( 'NONE', *, *, #5880, .T. ) ;
#4420 = CARTESIAN_POINT ( 'NONE',  ( -15.79861620407457900, 12.99999999999927200, 25.19999999999999900 ) ) ;
#4421 =( NAMED_UNIT ( * ) SI_UNIT ( $, .STERADIAN. ) SOLID_ANGLE_UNIT ( ) );
#4422 = EDGE_CURVE ( 'NONE', #7309, #5027, #885, .T. ) ;
#4423 = AXIS2_PLACEMENT_3D ( 'NONE', #199, #6433, #1117 ) ;
#4424 = PRESENTATION_LAYER_ASSIGNMENT (  '', '', ( #5018 ) ) ;
#4425 =( NAMED_UNIT ( * ) SI_UNIT ( $, .STERADIAN. ) SOLID_ANGLE_UNIT ( ) );
#4426 = FILL_AREA_STYLE ('',( #7918 ) ) ;
#4427 = DIRECTION ( 'NONE',  ( 0.0000000000000000000, 0.0000000000000000000, -1.000000000000000000 ) ) ;
#4428 = PRESENTATION_STYLE_ASSIGNMENT (( #355 ) ) ;
#4429 = VERTEX_POINT ( 'NONE', #89 ) ;
#4430 = PRESENTATION_STYLE_ASSIGNMENT (( #2758 ) ) ;
#4431 = VERTEX_POINT ( 'NONE', #8968 ) ;
#4432 = CARTESIAN_POINT ( 'NONE',  ( 12.99999999999999600, 12.99999999999999600, 0.0000000000000000000 ) ) ;
#4433 =( NAMED_UNIT ( * ) SI_UNIT ( $, .STERADIAN. ) SOLID_ANGLE_UNIT ( ) );
#4434 = DIRECTION ( 'NONE',  ( 1.000000000000000000, -6.247119924414881800E-015, 0.0000000000000000000 ) ) ;
#4435 = CARTESIAN_POINT ( 'NONE',  ( 10.80000000000089400, -17.39999999999963300, 27.28578643762690300 ) ) ;
#4436 =( GEOMETRIC_REPRESENTATION_CONTEXT ( 3 ) GLOBAL_UNCERTAINTY_ASSIGNED_CONTEXT ( ( #3549 ) ) GLOBAL_UNIT_ASSIGNED_CONTEXT ( ( #4739, #4700, #4658 ) ) REPRESENTATION_CONTEXT ( 'NONE', 'WORKASPACE' ) );
#4437 = SURFACE_STYLE_USAGE ( .BOTH. , #9692 ) ;
#4438 = EDGE_CURVE ( 'NONE', #7460, #2341, #594, .T. ) ;
#4439 = ORIENTED_EDGE ( 'NONE', *, *, #3781, .F. ) ;
#4440 =( LENGTH_UNIT ( ) NAMED_UNIT ( * ) SI_UNIT ( .MILLI., .METRE. ) );
#4441 = CARTESIAN_POINT ( 'NONE',  ( -17.09999999999999800, -13.60000000000000100, 3.252606517456513300E-016 ) ) ;
#4442 = FILL_AREA_STYLE_COLOUR ( '', #2743 ) ;
#4443 = SURFACE_STYLE_FILL_AREA ( #2951 ) ;
#4444 = CARTESIAN_POINT ( 'NONE',  ( -17.59999999999999800, 13.60000000000000000, 0.5000000000000004400 ) ) ;
#4445 = STYLED_ITEM ( 'NONE', ( #1439 ), #4597 ) ;
#4446 = ADVANCED_FACE ( 'NONE', ( #3036 ), #1042, .F. ) ;
#4447 = DIRECTION ( 'NONE',  ( -1.000000000000000000, 0.0000000000000000000, 0.0000000000000000000 ) ) ;
#4448 = DIRECTION ( 'NONE',  ( -1.000000000000000000, 0.0000000000000000000, 0.0000000000000000000 ) ) ;
#4449 = VECTOR ( 'NONE', #9942, 1000.000000000000000 ) ;
#4450 = CARTESIAN_POINT ( 'NONE',  ( 15.82182540694798000, 17.39289321881345200, 28.20000000000000300 ) ) ;
#4451 = ORIENTED_EDGE ( 'NONE', *, *, #10120, .F. ) ;
#4452 = VECTOR ( 'NONE', #6122, 1000.000000000000000 ) ;
#4453 = CARTESIAN_POINT ( 'NONE',  ( 11.62591925885385200, -13.58868278403012500, 26.70000000000000300 ) ) ;
#4454 =( NAMED_UNIT ( * ) SI_UNIT ( $, .STERADIAN. ) SOLID_ANGLE_UNIT ( ) );
#4455 = CARTESIAN_POINT ( 'NONE',  ( 17.60528299132913300, 11.44788237165358800, 22.19999999999999600 ) ) ;
#4456 =( BOUNDED_CURVE ( )  B_SPLINE_CURVE ( 3, ( #8699, #9560, #4320, #10441 ),
 .UNSPECIFIED., .F., .F. ) 
 B_SPLINE_CURVE_WITH_KNOTS ( ( 4, 4 ),
 ( 0.0000000000000000000, 1.000000000000000000 ),
 .UNSPECIFIED. ) 
 CURVE ( )  GEOMETRIC_REPRESENTATION_ITEM ( )  RATIONAL_B_SPLINE_CURVE ( ( 1.000000000000000000, 0.9711696904487374700, 0.9711696904487374700, 1.000000000000000000 ) ) 
 REPRESENTATION_ITEM ( '' )  );
#4457 = SURFACE_SIDE_STYLE ('',( #11391 ) ) ;
#4458 =( NAMED_UNIT ( * ) SI_UNIT ( $, .STERADIAN. ) SOLID_ANGLE_UNIT ( ) );
#4459 = PRESENTATION_STYLE_ASSIGNMENT (( #1487 ) ) ;
#4460 = ORIENTED_EDGE ( 'NONE', *, *, #2120, .F. ) ;
#4461 = VECTOR ( 'NONE', #5797, 1000.000000000000000 ) ;
#4462 = CYLINDRICAL_SURFACE ( 'NONE', #6256, 3.500000000000000000 ) ;
#4463 = ORIENTED_EDGE ( 'NONE', *, *, #2911, .T. ) ;
#4464 =( NAMED_UNIT ( * ) SI_UNIT ( $, .STERADIAN. ) SOLID_ANGLE_UNIT ( ) );
#4465 = FILL_AREA_STYLE_COLOUR ( '', #988 ) ;
#4466 = FILL_AREA_STYLE_COLOUR ( '', #2356 ) ;
#4467 = FILL_AREA_STYLE_COLOUR ( '', #10280 ) ;
#4468 = DIRECTION ( 'NONE',  ( 0.0000000000000000000, 1.000000000000000000, 0.0000000000000000000 ) ) ;
#4469 = CARTESIAN_POINT ( 'NONE',  ( -12.99999999999999800, 12.99999999999927200, 25.19999999999999900 ) ) ;
#4470 =( LENGTH_UNIT ( ) NAMED_UNIT ( * ) SI_UNIT ( .MILLI., .METRE. ) );
#4471 = DIRECTION ( 'NONE',  ( 0.0000000000000000000, 1.000000000000000000, 0.0000000000000000000 ) ) ;
#4472 = VERTEX_POINT ( 'NONE', #7259 ) ;
#4473 = FILL_AREA_STYLE_COLOUR ( '', #3090 ) ;
#4474 = SURFACE_STYLE_USAGE ( .BOTH. , #9729 ) ;
#4475 = PRESENTATION_LAYER_ASSIGNMENT (  '', '', ( #5061 ) ) ;
#4476 = VERTEX_POINT ( 'NONE', #1624 ) ;
#4477 =( GEOMETRIC_REPRESENTATION_CONTEXT ( 3 ) GLOBAL_UNCERTAINTY_ASSIGNED_CONTEXT ( ( #10105 ) ) GLOBAL_UNIT_ASSIGNED_CONTEXT ( ( #7389, #2089, #8257 ) ) REPRESENTATION_CONTEXT ( 'NONE', 'WORKASPACE' ) );
#4478 = DIRECTION ( 'NONE',  ( 1.000000000000000000, 0.0000000000000000000, 0.0000000000000000000 ) ) ;
#4479 = CIRCLE ( 'NONE', #3147, 4.000000000000000000 ) ;
#4480 =( GEOMETRIC_REPRESENTATION_CONTEXT ( 3 ) GLOBAL_UNCERTAINTY_ASSIGNED_CONTEXT ( ( #7096 ) ) GLOBAL_UNIT_ASSIGNED_CONTEXT ( ( #10370, #5131, #11201 ) ) REPRESENTATION_CONTEXT ( 'NONE', 'WORKASPACE' ) );
#4481 = CARTESIAN_POINT ( 'NONE',  ( 0.0000000000000000000, -17.60999999999999200, 22.19999999999999600 ) ) ;
#4482 = FILL_AREA_STYLE ('',( #4467 ) ) ;
#4483 = STYLED_ITEM ( 'NONE', ( #7380 ), #33 ) ;
#4484 = CARTESIAN_POINT ( 'NONE',  ( 12.45897040736657100, -11.73714950768870800, 27.68476953867919500 ) ) ;
#4485 = DIRECTION ( 'NONE',  ( 0.0000000000000000000, 1.000000000000000000, 0.0000000000000000000 ) ) ;
#4486 = CARTESIAN_POINT ( 'NONE',  ( 17.60000000000000500, -11.45316318592670300, 8.000000000000000000 ) ) ;
#4487 = CARTESIAN_POINT ( 'NONE',  ( -13.58868278403019400, -13.00000000000072300, 27.69999999999999900 ) ) ;
#4488 = UNCERTAINTY_MEASURE_WITH_UNIT (LENGTH_MEASURE( 1.000000000000000100E-005 ), #7418, 'distance_accuracy_value', 'NONE');
#4489 = EDGE_CURVE ( 'NONE', #649, #285, #4456, .T. ) ;
#4490 = VECTOR ( 'NONE', #655, 1000.000000000000000 ) ;
#4491 = AXIS2_PLACEMENT_3D ( 'NONE', #11233, #6035, #712 ) ;
#4492 = DIRECTION ( 'NONE',  ( 1.000000000000000000, 0.0000000000000000000, -0.0000000000000000000 ) ) ;
#4493 = FACE_OUTER_BOUND ( 'NONE', #9887, .T. ) ;
#4494 = CARTESIAN_POINT ( 'NONE',  ( -1.958427514582698100, 3.488461874374933400, -2.000000000000000400 ) ) ;
#4495 = DIRECTION ( 'NONE',  ( 1.000000000000000000, 0.0000000000000000000, -0.0000000000000000000 ) ) ;
#4496 = CARTESIAN_POINT ( 'NONE',  ( 0.0000000000000000000, 2.000000000000000000, -9.000000000000003600 ) ) ;
#4497 = CARTESIAN_POINT ( 'NONE',  ( -13.59999999999999800, 17.09999999999999800, 2.168404344971008900E-016 ) ) ;
#4498 = AXIS2_PLACEMENT_3D ( 'NONE', #534, #6749, #1448 ) ;
#4499 = ADVANCED_FACE ( 'NONE', ( #2171 ), #3414, .F. ) ;
#4500 = CIRCLE ( 'NONE', #1948, 0.4726131969088054300 ) ;
#4501 = CARTESIAN_POINT ( 'NONE',  ( 0.0000000000000000000, 0.0000000000000000000, -2.000000000000000000 ) ) ;
#4502 = VERTEX_POINT ( 'NONE', #11304 ) ;
#4503 = LINE ( 'NONE', #5826, #9171 ) ;
#4504 =( LENGTH_UNIT ( ) NAMED_UNIT ( * ) SI_UNIT ( .MILLI., .METRE. ) );
#4505 = EDGE_CURVE ( 'NONE', #6455, #10007, #5751, .T. ) ;
#4506 = CARTESIAN_POINT ( 'NONE',  ( 16.29861620407433200, -6.402767591852771100, 28.20000000000000300 ) ) ;
#4507 = FILL_AREA_STYLE_COLOUR ( '', #9730 ) ;
#4508 = FILL_AREA_STYLE_COLOUR ( '', #6726 ) ;
#4509 = CARTESIAN_POINT ( 'NONE',  ( 9.701383795926203000, 12.99999999999999600, 27.69999999999999900 ) ) ;
#4510 = FILL_AREA_STYLE ('',( #4473 ) ) ;
#4511 = CARTESIAN_POINT ( 'NONE',  ( -14.26285049231150400, -12.45897040736650600, 26.70000000000000300 ) ) ;
#4512 = AXIS2_PLACEMENT_3D ( 'NONE', #1519, #7700, #2436 ) ;
#4513 = EDGE_CURVE ( 'NONE', #6664, #11413, #8097, .T. ) ;
#4514 = FILL_AREA_STYLE ('',( #3642 ) ) ;
#4515 =( LENGTH_UNIT ( ) NAMED_UNIT ( * ) SI_UNIT ( .MILLI., .METRE. ) );
#4516 = ORIENTED_EDGE ( 'NONE', *, *, #10206, .T. ) ;
#4517 = CARTESIAN_POINT ( 'NONE',  ( 3.500000000000000000, 4.286263797015736600E-016, -1.500000000000000000 ) ) ;
#4518 = ORIENTED_EDGE ( 'NONE', *, *, #6498, .F. ) ;
#4519 = DIRECTION ( 'NONE',  ( 0.0000000000000000000, 0.0000000000000000000, 1.000000000000000000 ) ) ;
#4520 = UNCERTAINTY_MEASURE_WITH_UNIT (LENGTH_MEASURE( 1.000000000000000100E-005 ), #99, 'distance_accuracy_value', 'NONE');
#4521 = COLOUR_RGB ( '',1.000000000000000000, 1.000000000000000000, 1.000000000000000000 ) ;
#4522 = FILL_AREA_STYLE ('',( #8019 ) ) ;
#4523 = ORIENTED_EDGE ( 'NONE', *, *, #6888, .F. ) ;
#4524 = ORIENTED_EDGE ( 'NONE', *, *, #1920, .T. ) ;
#4525 = SURFACE_STYLE_FILL_AREA ( #6074 ) ;
#4526 = PRESENTATION_LAYER_ASSIGNMENT (  '', '', ( #3355 ) ) ;
#4527 =( LENGTH_UNIT ( ) NAMED_UNIT ( * ) SI_UNIT ( .MILLI., .METRE. ) );
#4528 = PRESENTATION_LAYER_ASSIGNMENT (  '', '', ( #3356 ) ) ;
#4529 = SURFACE_SIDE_STYLE ('',( #8067 ) ) ;
#4530 = CARTESIAN_POINT ( 'NONE',  ( -3.667437498977422500, 1.597212212747688400, -1.999999999999999600 ) ) ;
#4531 = ORIENTED_EDGE ( 'NONE', *, *, #8413, .T. ) ;
#4532 = DIRECTION ( 'NONE',  ( 0.0000000000000000000, 0.0000000000000000000, -1.000000000000000000 ) ) ;
#4533 = SURFACE_SIDE_STYLE ('',( #3644 ) ) ;
#4534 = DIRECTION ( 'NONE',  ( 1.000000000000000000, 0.0000000000000000000, -0.0000000000000000000 ) ) ;
#4535 = CIRCLE ( 'NONE', #1410, 2.798616204073793000 ) ;
#4536 =( GEOMETRIC_REPRESENTATION_CONTEXT ( 3 ) GLOBAL_UNCERTAINTY_ASSIGNED_CONTEXT ( ( #2009 ) ) GLOBAL_UNIT_ASSIGNED_CONTEXT ( ( #1500, #7683, #2415 ) ) REPRESENTATION_CONTEXT ( 'NONE', 'WORKASPACE' ) );
#4537 = UNCERTAINTY_MEASURE_WITH_UNIT (LENGTH_MEASURE( 1.000000000000000100E-005 ), #7713, 'distance_accuracy_value', 'NONE');
#4538 = FACE_OUTER_BOUND ( 'NONE', #5214, .T. ) ;
#4539 = DIRECTION ( 'NONE',  ( 1.000000000000000000, 0.0000000000000000000, 0.0000000000000000000 ) ) ;
#4540 =( LENGTH_UNIT ( ) NAMED_UNIT ( * ) SI_UNIT ( .MILLI., .METRE. ) );
#4541 = SURFACE_STYLE_USAGE ( .BOTH. , #9803 ) ;
#4542 = EDGE_LOOP ( 'NONE', ( #317, #10558, #261, #6229 ) ) ;
#4543 = CARTESIAN_POINT ( 'NONE',  ( 15.79861620407433200, -12.99999999999999600, 27.69999999999999900 ) ) ;
#4544 = PLANE ( 'NONE',  #608 ) ;
#4545 = SURFACE_STYLE_USAGE ( .BOTH. , #9810 ) ;
#4546 = FILL_AREA_STYLE_COLOUR ( '', #243 ) ;
#4547 = CARTESIAN_POINT ( 'NONE',  ( -12.41131721597009900, -14.04568282944231300, 27.70000000000000300 ) ) ;
#4548 = CARTESIAN_POINT ( 'NONE',  ( -13.58868278403018700, -13.54102959263320500, 26.70000000000000300 ) ) ;
#4549 = VECTOR ( 'NONE', #1716, 1000.000000000000000 ) ;
#4550 = EDGE_CURVE ( 'NONE', #3575, #10505, #1310, .T. ) ;
#4551 = EDGE_LOOP ( 'NONE', ( #2597, #2100, #7803, #10220, #10528 ) ) ;
#4552 = VERTEX_POINT ( 'NONE', #5271 ) ;
#4553 = UNCERTAINTY_MEASURE_WITH_UNIT (LENGTH_MEASURE( 1.000000000000000100E-005 ), #2368, 'distance_accuracy_value', 'NONE');
#4554 = DIRECTION ( 'NONE',  ( -0.0000000000000000000, 0.0000000000000000000, -1.000000000000000000 ) ) ;
#4555 = AXIS2_PLACEMENT_3D ( 'NONE', #2412, #2399, #2373 ) ;
#4556 = CARTESIAN_POINT ( 'NONE',  ( 1.102823950784878000, -35.60000000000000100, 23.70506691744403900 ) ) ;
#4557 = FACE_OUTER_BOUND ( 'NONE', #5583, .T. ) ;
#4558 = CARTESIAN_POINT ( 'NONE',  ( 2.155378366499341600E-015, -17.60000000000000100, 20.19999999999999900 ) ) ;
#4559 = ADVANCED_FACE ( 'NONE', ( #10403 ), #6126, .F. ) ;
#4560 = STYLED_ITEM ( 'NONE', ( #6698 ), #9911 ) ;
#4561 = LINE ( 'NONE', #787, #8947 ) ;
#4562 = DIRECTION ( 'NONE',  ( 1.000000000000000000, 0.0000000000000000000, 0.0000000000000000000 ) ) ;
#4563 = DIRECTION ( 'NONE',  ( -0.7072524912148354700, -0.7069610411263191900, -0.0000000000000000000 ) ) ;
#4564 = ORIENTED_EDGE ( 'NONE', *, *, #1633, .T. ) ;
#4565 = EDGE_LOOP ( 'NONE', ( #3998, #923, #3514, #9740, #3545 ) ) ;
#4566 = CARTESIAN_POINT ( 'NONE',  ( -12.45897040736665300, 14.26285049231137400, 27.68476953867929400 ) ) ;
#4567 =( LENGTH_UNIT ( ) NAMED_UNIT ( * ) SI_UNIT ( .MILLI., .METRE. ) );
#4568 = CARTESIAN_POINT ( 'NONE',  ( -9.701383795924931200, -13.00000000000072300, 28.19999999999999600 ) ) ;
#4569 = DIRECTION ( 'NONE',  ( 0.0000000000000000000, 0.0000000000000000000, 1.000000000000000000 ) ) ;
#4570 = MECHANICAL_DESIGN_GEOMETRIC_PRESENTATION_REPRESENTATION (  '', ( #2824 ), #5153 ) ;
#4571 = VECTOR ( 'NONE', #1086, 1000.000000000000000 ) ;
#4572 = CARTESIAN_POINT ( 'NONE',  ( 14.52295398712867100, -14.52894118582677900, 22.19999999999999600 ) ) ;
#4573 = PRESENTATION_STYLE_ASSIGNMENT (( #1558 ) ) ;
#4574 = SURFACE_SIDE_STYLE ('',( #11016 ) ) ;
#4575 = PLANE ( 'NONE',  #5088 ) ;
#4576 = EDGE_CURVE ( 'NONE', #5755, #2799, #6983, .T. ) ;
#4577 = PRESENTATION_LAYER_ASSIGNMENT (  '', '', ( #3994 ) ) ;
#4578 = CARTESIAN_POINT ( 'NONE',  ( 10.99999999999999500, -21.99999999999999600, -0.2071067811865476300 ) ) ;
#4579 = FILL_AREA_STYLE ('',( #1063 ) ) ;
#4580 = PRESENTATION_STYLE_ASSIGNMENT (( #1334 ) ) ;
#4581 = SURFACE_SIDE_STYLE ('',( #3611 ) ) ;
#4582 = STYLED_ITEM ( 'NONE', ( #4459 ), #3808 ) ;
#4583 = COLOUR_RGB ( '',1.000000000000000000, 1.000000000000000000, 1.000000000000000000 ) ;
#4584 = EDGE_CURVE ( 'NONE', #1186, #8934, #9305, .T. ) ;
#4585 = VECTOR ( 'NONE', #914, 1000.000000000000000 ) ;
#4586 = LINE ( 'NONE', #7115, #6628 ) ;
#4587 = PRESENTATION_LAYER_ASSIGNMENT (  '', '', ( #4004 ) ) ;
#4588 = DIRECTION ( 'NONE',  ( -0.0000000000000000000, -0.0000000000000000000, -1.000000000000000000 ) ) ;
#4589 = CARTESIAN_POINT ( 'NONE',  ( -12.41131721597008100, -12.45897040736652200, 27.69999999999999900 ) ) ;
#4590 = CARTESIAN_POINT ( 'NONE',  ( -11.73714950768876600, -13.54102959263322200, 27.68476953867957100 ) ) ;
#4591 = FILL_AREA_STYLE ('',( #8085 ) ) ;
#4592 = DIRECTION ( 'NONE',  ( 0.0000000000000000000, 0.0000000000000000000, 1.000000000000000000 ) ) ;
#4593 = CARTESIAN_POINT ( 'NONE',  ( -12.45897040736665300, 14.13542999331839100, 27.70000000000000300 ) ) ;
#4594 = ADVANCED_FACE ( 'NONE', ( #4663 ), #11351, .F. ) ;
#4595 =( LENGTH_UNIT ( ) NAMED_UNIT ( * ) SI_UNIT ( .MILLI., .METRE. ) );
#4596 = FACE_OUTER_BOUND ( 'NONE', #7861, .T. ) ;
#4597 = ADVANCED_FACE ( 'NONE', ( #3849 ), #3593, .T. ) ;
#4599 = MECHANICAL_DESIGN_GEOMETRIC_PRESENTATION_REPRESENTATION (  '', ( #2848 ), #5176 ) ;
#4598 = COLOUR_RGB ( '',1.000000000000000000, 1.000000000000000000, 1.000000000000000000 ) ;
#4600 = COLOUR_RGB ( '',1.000000000000000000, 1.000000000000000000, 1.000000000000000000 ) ;
#4601 = COLOUR_RGB ( '',1.000000000000000000, 1.000000000000000000, 1.000000000000000000 ) ;
#4602 = ORIENTED_EDGE ( 'NONE', *, *, #36, .F. ) ;
#4603 = PRESENTATION_STYLE_ASSIGNMENT (( #245 ) ) ;
#4604 = MECHANICAL_DESIGN_GEOMETRIC_PRESENTATION_REPRESENTATION (  '', ( #1607 ), #5177 ) ;
#4605 = CARTESIAN_POINT ( 'NONE',  ( -13.00000000000000500, -13.00000000000000200, -5.844014525531170600E-017 ) ) ;
#4606 = PRESENTATION_STYLE_ASSIGNMENT (( #3975 ) ) ;
#4607 = FILL_AREA_STYLE ('',( #8970 ) ) ;
#4608 = FACE_OUTER_BOUND ( 'NONE', #4800, .T. ) ;
#4609 =( BOUNDED_SURFACE ( )  B_SPLINE_SURFACE ( 3, 3, ( 
 ( #10892, #7746, #7704, #6079 ),
 ( #2253, #114, #4810, #1342 ),
 ( #3896, #4435, #7005, #2180 ),
 ( #11150, #5229, #5147, #8986 ) ),
 .UNSPECIFIED., .F., .F., .F. ) 
 B_SPLINE_SURFACE_WITH_KNOTS ( ( 4, 4 ),
 ( 4, 4 ),
 ( 0.0000000000000000000, 1.000000000000000000 ),
 ( 0.0000000000000000000, 1.000000000000000000 ),
 .UNSPECIFIED. ) 
 GEOMETRIC_REPRESENTATION_ITEM ( )  RATIONAL_B_SPLINE_SURFACE ( (
 ( 1.000000000000000000, 0.3333333333333323200, 0.3333333333333323200, 1.000000000000000000),
 ( 0.8047378541243649400, 0.2682459513747875200, 0.2682459513747875200, 0.8047378541243649400),
 ( 0.8047378541243649400, 0.2682459513747875200, 0.2682459513747875200, 0.8047378541243649400),
 ( 1.000000000000000000, 0.3333333333333323200, 0.3333333333333323200, 1.000000000000000000) ) ) 
 REPRESENTATION_ITEM ( '' )  SURFACE ( )  );
#4610 = LINE ( 'NONE', #6141, #9261 ) ;
#4611 = ORIENTED_EDGE ( 'NONE', *, *, #11198, .T. ) ;
#4612 = AXIS2_PLACEMENT_3D ( 'NONE', #5000, #11090, #5856 ) ;
#4613 = SURFACE_STYLE_FILL_AREA ( #2864 ) ;
#4614 = SURFACE_SIDE_STYLE ('',( #3107 ) ) ;
#4615 = ORIENTED_EDGE ( 'NONE', *, *, #7227, .T. ) ;
#4616 =( LENGTH_UNIT ( ) NAMED_UNIT ( * ) SI_UNIT ( .MILLI., .METRE. ) );
#4617 = SURFACE_STYLE_USAGE ( .BOTH. , #9866 ) ;
#4618 = FILL_AREA_STYLE_COLOUR ( '', #2967 ) ;
#4619 = SURFACE_STYLE_USAGE ( .BOTH. , #9868 ) ;
#4620 = PRESENTATION_STYLE_ASSIGNMENT (( #9799 ) ) ;
#4621 = EDGE_LOOP ( 'NONE', ( #5572, #9902, #9591, #3275 ) ) ;
#4622 =( NAMED_UNIT ( * ) SI_UNIT ( $, .STERADIAN. ) SOLID_ANGLE_UNIT ( ) );
#4623 = ADVANCED_FACE ( 'NONE', ( #7417 ), #4544, .T. ) ;
#4624 = CARTESIAN_POINT ( 'NONE',  ( 15.79861620407378600, 12.99999999999999600, 27.69999999999999900 ) ) ;
#4625 = ORIENTED_EDGE ( 'NONE', *, *, #7928, .F. ) ;
#4626 = B_SPLINE_CURVE_WITH_KNOTS ( 'NONE', 3,
 ( #6789, #4996, #5895, #1484, #7671, #2404, #8571, #3304, #9422, #4184, #10309, #5067, #11153, #5941, #772, #6985, #1704, #7876, #2621, #8763, #3497, #9630, #4373, #10511, #5257, #11332, #6152, #11415, #6234, #894, #7108, #1820, #7988, #2749, #8868, #3618, #9750, #4494, #10623, #5365, #22, #6270, #937, #7150, #1865, #8027, #2783, #8897, #3661, #9790, #4530, #10657, #5411, #61, #6304, #983 ),
 .UNSPECIFIED., .F., .F.,
 ( 4, 1, 1, 1, 2, 2, 1, 2, 2, 2, 1, 2, 2, 1, 1, 2, 2, 2, 1, 1, 1, 2, 2, 1, 2, 2, 2, 1, 2, 2, 1, 1, 2, 2, 4 ),
 ( 0.0000000000000000000, 0.06250000000000048600, 0.09375000000000076300, 0.1093750000000008600, 0.1171875000000008700, 0.1250000000000008600, 0.1562500000000008300, 0.1718750000000007500, 0.1875000000000006700, 0.2500000000000002800, 0.2812500000000000000, 0.2968749999999999400, 0.3124999999999998300, 0.3437499999999997800, 0.3593749999999996700, 0.3671874999999996100, 0.3749999999999995600, 0.4999999999999991700, 0.5624999999999988900, 0.5937499999999988900, 0.6093749999999988900, 0.6171874999999988900, 0.6249999999999990000, 0.6562499999999990000, 0.6718749999999990000, 0.6874999999999990000, 0.7499999999999988900, 0.7812499999999990000, 0.7968749999999990000, 0.8124999999999990000, 0.8437499999999991100, 0.8593749999999992200, 0.8671874999999993300, 0.8749999999999993300, 1.000000000000000000 ),
 .UNSPECIFIED. ) ;
#4627 = SURFACE_SIDE_STYLE ('',( #4788 ) ) ;
#4628 = EDGE_CURVE ( 'NONE', #7204, #128, #8899, .T. ) ;
#4629 = VERTEX_POINT ( 'NONE', #5425 ) ;
#4630 = DIRECTION ( 'NONE',  ( 0.7072524912148526700, -0.7069610411263019800, 0.0000000000000000000 ) ) ;
#4631 =( LENGTH_UNIT ( ) NAMED_UNIT ( * ) SI_UNIT ( .MILLI., .METRE. ) );
#4632 = CARTESIAN_POINT ( 'NONE',  ( -16.29861620407457700, 12.99999999999927200, 28.19999999999999900 ) ) ;
#4633 = CARTESIAN_POINT ( 'NONE',  ( -11.45062910550453400, 17.59999999999999800, 22.19999999999999600 ) ) ;
#4634 = CARTESIAN_POINT ( 'NONE',  ( 11.73714950768867000, 13.54102959263330200, 27.68476953867928700 ) ) ;
#4635 = MECHANICAL_DESIGN_GEOMETRIC_PRESENTATION_REPRESENTATION (  '', ( #3435 ), #5204 ) ;
#4636 = SURFACE_SIDE_STYLE ('',( #6418 ) ) ;
#4637 = MECHANICAL_DESIGN_GEOMETRIC_PRESENTATION_REPRESENTATION (  '', ( #3437 ), #5206 ) ;
#4638 = STYLED_ITEM ( 'NONE', ( #6724 ), #9494 ) ;
#4639 = DIRECTION ( 'NONE',  ( -0.0000000000000000000, -0.0000000000000000000, 1.000000000000000000 ) ) ;
#4640 = CARTESIAN_POINT ( 'NONE',  ( -12.45897040736665300, 13.58868278403004700, 26.70000000000000300 ) ) ;
#4641 = LINE ( 'NONE', #4108, #9029 ) ;
#4642 = CARTESIAN_POINT ( 'NONE',  ( 5.340351677908561500E-015, 17.60999999999998900, 22.19999999999999600 ) ) ;
#4643 = EDGE_CURVE ( 'NONE', #2989, #9221, #6563, .T. ) ;
#4644 = MECHANICAL_DESIGN_GEOMETRIC_PRESENTATION_REPRESENTATION (  '', ( #2893 ), #5223 ) ;
#4645 = SURFACE_STYLE_USAGE ( .BOTH. , #9899 ) ;
#4646 = CARTESIAN_POINT ( 'NONE',  ( -10.20138379592494200, -7.402767591852048100, 27.99289321881345300 ) ) ;
#4647 = SURFACE_SIDE_STYLE ('',( #4098 ) ) ;
#4648 = ADVANCED_FACE ( 'NONE', ( #1890 ), #7249, .T. ) ;
#4649 = SURFACE_STYLE_FILL_AREA ( #241 ) ;
#4650 = CARTESIAN_POINT ( 'NONE',  ( 11.92888516960367100, 12.45897040736660700, 27.70000000000000300 ) ) ;
#4651 = ORIENTED_EDGE ( 'NONE', *, *, #11360, .F. ) ;
#4652 = SURFACE_STYLE_USAGE ( .BOTH. , #9903 ) ;
#4653 = ADVANCED_FACE ( 'NONE', ( #3404 ), #2912, .F. ) ;
#4654 = CARTESIAN_POINT ( 'NONE',  ( 12.41131721596999400, 11.95431717055950000, 27.70000000000000300 ) ) ;
#4655 = ORIENTED_EDGE ( 'NONE', *, *, #9110, .T. ) ;
#4656 = SURFACE_STYLE_USAGE ( .BOTH. , #9909 ) ;
#4657 =( NAMED_UNIT ( * ) SI_UNIT ( $, .STERADIAN. ) SOLID_ANGLE_UNIT ( ) );
#4658 =( NAMED_UNIT ( * ) SI_UNIT ( $, .STERADIAN. ) SOLID_ANGLE_UNIT ( ) );
#4659 = AXIS2_PLACEMENT_3D ( 'NONE', #8068, #2825, #8936 ) ;
#4660 =( GEOMETRIC_REPRESENTATION_CONTEXT ( 3 ) GLOBAL_UNCERTAINTY_ASSIGNED_CONTEXT ( ( #795 ) ) GLOBAL_UNIT_ASSIGNED_CONTEXT ( ( #4527, #10655, #5408 ) ) REPRESENTATION_CONTEXT ( 'NONE', 'WORKASPACE' ) );
#4661 =( NAMED_UNIT ( * ) PLANE_ANGLE_UNIT ( ) SI_UNIT ( $, .RADIAN. ) );
#4662 = EDGE_LOOP ( 'NONE', ( #4055, #11182, #7668, #5165 ) ) ;
#4663 = FACE_OUTER_BOUND ( 'NONE', #2189, .T. ) ;
#4664 = CARTESIAN_POINT ( 'NONE',  ( 9.701383795926204800, 12.99999999999999500, 28.19999999999999600 ) ) ;
#4665 = EDGE_CURVE ( 'NONE', #7580, #451, #9294, .T. ) ;
#4666 = FILL_AREA_STYLE ('',( #3796 ) ) ;
#4667 = ORIENTED_EDGE ( 'NONE', *, *, #10708, .F. ) ;
#4668 =( LENGTH_UNIT ( ) NAMED_UNIT ( * ) SI_UNIT ( .MILLI., .METRE. ) );
#4669 = CARTESIAN_POINT ( 'NONE',  ( -9.994277014738873500, 19.01144597052152500, 28.19999999999999900 ) ) ;
#4670 = CARTESIAN_POINT ( 'NONE',  ( -17.59999999999999800, -11.45316318592670700, 22.19999999999999600 ) ) ;
#4671 = CARTESIAN_POINT ( 'NONE',  ( 1.102823950784874900, -15.60000000000000300, 24.32231988564715800 ) ) ;
#4672 = CARTESIAN_POINT ( 'NONE',  ( 0.0000000000000000000, -17.69999999999999900, 25.28764494107381100 ) ) ;
#4673 = CIRCLE ( 'NONE', #6870, 2.200000000000784400 ) ;
#4674 = ORIENTED_EDGE ( 'NONE', *, *, #3548, .F. ) ;
#4675 = ORIENTED_EDGE ( 'NONE', *, *, #7203, .F. ) ;
#4676 = EDGE_CURVE ( 'NONE', #9168, #7520, #159, .T. ) ;
#4677 = ORIENTED_EDGE ( 'NONE', *, *, #6350, .F. ) ;
#4678 = B_SPLINE_CURVE_WITH_KNOTS ( 'NONE', 3,
 ( #9831, #3693, #5454, #98 ),
 .UNSPECIFIED., .F., .F.,
 ( 4, 4 ),
 ( 0.0000000000000000000, 0.0003313943203238725100 ),
 .UNSPECIFIED. ) ;
#4679 = PRESENTATION_STYLE_ASSIGNMENT (( #3376 ) ) ;
#4680 = MECHANICAL_DESIGN_GEOMETRIC_PRESENTATION_REPRESENTATION (  '', ( #3491 ), #5252 ) ;
#4681 = COLOUR_RGB ( '',1.000000000000000000, 1.000000000000000000, 1.000000000000000000 ) ;
#4682 = ADVANCED_FACE ( 'NONE', ( #6973 ), #5853, .F. ) ;
#4683 = ORIENTED_EDGE ( 'NONE', *, *, #9071, .T. ) ;
#4684 = DIRECTION ( 'NONE',  ( -1.000000000000000000, 0.0000000000000000000, 0.0000000000000000000 ) ) ;
#4685 = FILL_AREA_STYLE ('',( #7302 ) ) ;
#4686 = ORIENTED_EDGE ( 'NONE', *, *, #3161, .T. ) ;
#4687 = VECTOR ( 'NONE', #2559, 1000.000000000000000 ) ;
#4688 = CARTESIAN_POINT ( 'NONE',  ( -13.96307768559015900, -13.75491842535486800, 27.70000000000000300 ) ) ;
#4689 = LINE ( 'NONE', #2839, #5893 ) ;
#4690 = PRESENTATION_LAYER_ASSIGNMENT (  '', '', ( #4101 ) ) ;
#4691 = DIRECTION ( 'NONE',  ( 1.000000000000000000, 0.0000000000000000000, -0.0000000000000000000 ) ) ;
#4692 = SURFACE_STYLE_FILL_AREA ( #8007 ) ;
#4693 = ORIENTED_EDGE ( 'NONE', *, *, #6638, .F. ) ;
#4694 = CARTESIAN_POINT ( 'NONE',  ( -11.79999999999921400, 12.99999999999927200, 27.70000000000000300 ) ) ;
#4695 = PRESENTATION_LAYER_ASSIGNMENT (  '', '', ( #2945 ) ) ;
#4696 = CARTESIAN_POINT ( 'NONE',  ( 13.58868278403009300, 12.45897040736660200, 26.70000000000000300 ) ) ;
#4697 = LINE ( 'NONE', #10662, #9339 ) ;
#4698 = CARTESIAN_POINT ( 'NONE',  ( -15.82182540694797400, -17.39289321881345500, 28.20000000000000300 ) ) ;
#4699 = CARTESIAN_POINT ( 'NONE',  ( -3.500000000000000000, 0.0000000000000000000, 27.69999999999999900 ) ) ;
#4700 =( NAMED_UNIT ( * ) PLANE_ANGLE_UNIT ( ) SI_UNIT ( $, .RADIAN. ) );
#4701 =( GEOMETRIC_REPRESENTATION_CONTEXT ( 3 ) GLOBAL_UNCERTAINTY_ASSIGNED_CONTEXT ( ( #1458 ) ) GLOBAL_UNIT_ASSIGNED_CONTEXT ( ( #3417, #9551, #4309 ) ) REPRESENTATION_CONTEXT ( 'NONE', 'WORKASPACE' ) );
#4702 =( NAMED_UNIT ( * ) PLANE_ANGLE_UNIT ( ) SI_UNIT ( $, .RADIAN. ) );
#4703 = CIRCLE ( 'NONE', #5079, 1.249999999999999300 ) ;
#4704 = COLOUR_RGB ( '',1.000000000000000000, 1.000000000000000000, 1.000000000000000000 ) ;
#4705 = ORIENTED_EDGE ( 'NONE', *, *, #7652, .F. ) ;
#4706 = AXIS2_PLACEMENT_3D ( 'NONE', #9143, #3898, #10018 ) ;
#4707 = DIRECTION ( 'NONE',  ( 0.0000000000000000000, 0.0000000000000000000, 1.000000000000000000 ) ) ;
#4708 = ORIENTED_EDGE ( 'NONE', *, *, #9400, .T. ) ;
#4709 =( BOUNDED_CURVE ( )  B_SPLINE_CURVE ( 3, ( #10691, #2823, #97, #6343 ),
 .UNSPECIFIED., .F., .F. ) 
 B_SPLINE_CURVE_WITH_KNOTS ( ( 4, 4 ),
 ( 0.0000000000000000000, 1.000000000000000000 ),
 .UNSPECIFIED. ) 
 CURVE ( )  GEOMETRIC_REPRESENTATION_ITEM ( )  RATIONAL_B_SPLINE_CURVE ( ( 1.000000000000000000, 0.9711696904486020200, 0.9711696904486020200, 1.000000000000000000 ) ) 
 REPRESENTATION_ITEM ( '' )  );
#4710 = FILL_AREA_STYLE ('',( #9918 ) ) ;
#4711 = CARTESIAN_POINT ( 'NONE',  ( 12.99999999999999600, -13.00000000000000500, 0.0000000000000000000 ) ) ;
#4712 = CARTESIAN_POINT ( 'NONE',  ( 1.102823950784878000, -35.60000000000000100, 23.23245372053523300 ) ) ;
#4713 = AXIS2_PLACEMENT_3D ( 'NONE', #2306, #8480, #3220 ) ;
#4714 = CARTESIAN_POINT ( 'NONE',  ( -17.59999999999999800, 17.59999999999999800, 20.19999999999999900 ) ) ;
#4715 = CARTESIAN_POINT ( 'NONE',  ( 12.41131721596999800, 13.54102959263329900, 26.70000000000000300 ) ) ;
#4716 = ADVANCED_FACE ( 'NONE', ( #3841 ), #1621, .T. ) ;
#4717 = EDGE_CURVE ( 'NONE', #7674, #7761, #2739, .T. ) ;
#4718 = PRESENTATION_STYLE_ASSIGNMENT (( #6617 ) ) ;
#4719 = SURFACE_STYLE_FILL_AREA ( #1833 ) ;
#4720 = ADVANCED_FACE ( 'NONE', ( #9423 ), #343, .T. ) ;
#4721 = ORIENTED_EDGE ( 'NONE', *, *, #663, .T. ) ;
#4722 = PRESENTATION_LAYER_ASSIGNMENT (  '', '', ( #3533 ) ) ;
#4723 =( GEOMETRIC_REPRESENTATION_CONTEXT ( 3 ) GLOBAL_UNCERTAINTY_ASSIGNED_CONTEXT ( ( #9873 ) ) GLOBAL_UNIT_ASSIGNED_CONTEXT ( ( #1317, #7525, #2223 ) ) REPRESENTATION_CONTEXT ( 'NONE', 'WORKASPACE' ) );
#4724 = EDGE_CURVE ( 'NONE', #7176, #5395, #10940, .T. ) ;
#4725 = SURFACE_STYLE_USAGE ( .BOTH. , #9967 ) ;
#4726 = DIRECTION ( 'NONE',  ( 0.0000000000000000000, 1.000000000000000000, 0.0000000000000000000 ) ) ;
#4727 = FACE_BOUND ( 'NONE', #7680, .T. ) ;
#4728 = COLOUR_RGB ( '',1.000000000000000000, 1.000000000000000000, 1.000000000000000000 ) ;
#4729 = PRESENTATION_STYLE_ASSIGNMENT (( #4190 ) ) ;
#4730 = DIRECTION ( 'NONE',  ( 0.0000000000000000000, 1.000000000000000000, -0.0000000000000000000 ) ) ;
#4731 = CARTESIAN_POINT ( 'NONE',  ( -14.78578643762671500, -13.00000000000072300, 27.70000000000000600 ) ) ;
#4732 = AXIS2_PLACEMENT_3D ( 'NONE', #4803, #11191, #9511 ) ;
#4733 = CARTESIAN_POINT ( 'NONE',  ( -14.78578643762769600, 16.57157287525465600, 27.70000000000000300 ) ) ;
#4734 = EDGE_CURVE ( 'NONE', #8854, #1337, #1470, .T. ) ;
#4735 = ORIENTED_EDGE ( 'NONE', *, *, #2920, .T. ) ;
#4736 = LINE ( 'NONE', #6077, #4452 ) ;
#4737 = CARTESIAN_POINT ( 'NONE',  ( 17.60000000000000500, -17.60000000000000100, 0.5000000000000004400 ) ) ;
#4738 = DIRECTION ( 'NONE',  ( 0.0000000000000000000, 0.0000000000000000000, 1.000000000000000000 ) ) ;
#4739 =( LENGTH_UNIT ( ) NAMED_UNIT ( * ) SI_UNIT ( .MILLI., .METRE. ) );
#4740 = CARTESIAN_POINT ( 'NONE',  ( 11.95431717056050600, -13.58868278403012700, 27.70000000000000300 ) ) ;
#4741 = CARTESIAN_POINT ( 'NONE',  ( 10.49999999999999600, 20.99999999999999300, -2.000000000000000000 ) ) ;
#4742 = EDGE_CURVE ( 'NONE', #6128, #4429, #6297, .T. ) ;
#4743 =( NAMED_UNIT ( * ) PLANE_ANGLE_UNIT ( ) SI_UNIT ( $, .RADIAN. ) );
#4744 = CYLINDRICAL_SURFACE ( 'NONE', #716, 3.500000000000000000 ) ;
#4745 = CARTESIAN_POINT ( 'NONE',  ( 16.29861620407378800, 12.99999999999999500, 28.19999999999999900 ) ) ;
#4746 = SURFACE_SIDE_STYLE ('',( #4814 ) ) ;
#4747 = DIRECTION ( 'NONE',  ( 0.0000000000000000000, 0.0000000000000000000, -1.000000000000000000 ) ) ;
#4748 = ORIENTED_EDGE ( 'NONE', *, *, #5222, .T. ) ;
#4749 = DIRECTION ( 'NONE',  ( -0.0000000000000000000, -0.0000000000000000000, -1.000000000000000000 ) ) ;
#4750 = DIRECTION ( 'NONE',  ( 1.000000000000000000, 0.0000000000000000000, -0.0000000000000000000 ) ) ;
#4751 = ORIENTED_EDGE ( 'NONE', *, *, #3674, .T. ) ;
#4752 = ORIENTED_EDGE ( 'NONE', *, *, #4207, .F. ) ;
#4753 = CARTESIAN_POINT ( 'NONE',  ( 14.26285049231142400, 13.54102959263329500, 26.70000000000000300 ) ) ;
#4754 = PRESENTATION_LAYER_ASSIGNMENT (  '', '', ( #4161 ) ) ;
#4755 = ORIENTED_EDGE ( 'NONE', *, *, #1485, .T. ) ;
#4756 = ORIENTED_EDGE ( 'NONE', *, *, #5852, .T. ) ;
#4757 = PLANE ( 'NONE',  #10809 ) ;
#4758 = CARTESIAN_POINT ( 'NONE',  ( 11.62591925885385700, -12.99999999999999500, 27.68473138243974700 ) ) ;
#4759 = CARTESIAN_POINT ( 'NONE',  ( -14.15715551915545200, 12.41131721596995200, 27.70000000000000300 ) ) ;
#4760 = FACE_OUTER_BOUND ( 'NONE', #7089, .T. ) ;
#4761 = DIRECTION ( 'NONE',  ( 1.000000000000000000, 0.0000000000000000000, -0.0000000000000000000 ) ) ;
#4762 = ADVANCED_FACE ( 'NONE', ( #1561 ), #7533, .F. ) ;
#4763 = VERTEX_POINT ( 'NONE', #11032 ) ;
#4764 = UNCERTAINTY_MEASURE_WITH_UNIT (LENGTH_MEASURE( 1.000000000000000100E-005 ), #2596, 'distance_accuracy_value', 'NONE');
#4765 = DIRECTION ( 'NONE',  ( -1.000000000000000000, 2.573133442417734300E-015, 0.0000000000000000000 ) ) ;
#4766 = ADVANCED_FACE ( 'NONE', ( #5178 ), #11049, .F. ) ;
#4767 = CARTESIAN_POINT ( 'NONE',  ( 12.41131721597000100, 14.37408074114600400, 26.70000000000000300 ) ) ;
#4768 = CARTESIAN_POINT ( 'NONE',  ( 14.37408074114595600, -13.58868278403014400, 26.70000000000000300 ) ) ;
#4769 = DIRECTION ( 'NONE',  ( 0.0000000000000000000, -6.938893904071311400E-016, 1.000000000000000000 ) ) ;
#4770 = LINE ( 'NONE', #7779, #9159 ) ;
#4771 = CARTESIAN_POINT ( 'NONE',  ( 11.00000000000000000, 1.347111479062088400E-015, -1.500000000000000000 ) ) ;
#4772 = EDGE_CURVE ( 'NONE', #7560, #304, #11292, .T. ) ;
#4773 = EDGE_CURVE ( 'NONE', #10593, #1171, #9026, .T. ) ;
#4774 = CARTESIAN_POINT ( 'NONE',  ( 0.2672860996819448900, 2.000000000000000000, -23.98630900376103300 ) ) ;
#4775 = CARTESIAN_POINT ( 'NONE',  ( -3.500000000000000000, -8.572527594031473200E-016, -1.500000000000000000 ) ) ;
#4776 = CARTESIAN_POINT ( 'NONE',  ( 16.00572298526033400, 6.988554029479316500, 28.19999999999999200 ) ) ;
#4777 = FILL_AREA_STYLE ('',( #7409 ) ) ;
#4778 = CARTESIAN_POINT ( 'NONE',  ( -13.59999999999999800, -17.60000000000000100, 0.5000000000000004400 ) ) ;
#4779 = PRESENTATION_LAYER_ASSIGNMENT (  '', '', ( #4178 ) ) ;
#4780 = PRESENTATION_LAYER_ASSIGNMENT (  '', '', ( #3606 ) ) ;
#4781 = STYLED_ITEM ( 'NONE', ( #2452 ), #9857 ) ;
#4782 = FACE_BOUND ( 'NONE', #1214, .T. ) ;
#4783 = VECTOR ( 'NONE', #8821, 1000.000000000000000 ) ;
#4784 = CARTESIAN_POINT ( 'NONE',  ( 17.60000000000000500, 13.60000000000000100, 0.5000000000000004400 ) ) ;
#4785 = AXIS2_PLACEMENT_3D ( 'NONE', #2681, #778, #8809 ) ;
#4786 = SURFACE_STYLE_FILL_AREA ( #7301 ) ;
#4787 = CARTESIAN_POINT ( 'NONE',  ( 12.41131721596999800, 13.54102959263329900, 26.70000000000000300 ) ) ;
#4788 = SURFACE_STYLE_FILL_AREA ( #9875 ) ;
#4789 = EDGE_CURVE ( 'NONE', #9843, #4502, #2014, .T. ) ;
#4790 =( GEOMETRIC_REPRESENTATION_CONTEXT ( 3 ) GLOBAL_UNCERTAINTY_ASSIGNED_CONTEXT ( ( #7075 ) ) GLOBAL_UNIT_ASSIGNED_CONTEXT ( ( #11034, #5799, #458 ) ) REPRESENTATION_CONTEXT ( 'NONE', 'WORKASPACE' ) );
#4791 = EDGE_LOOP ( 'NONE', ( #2307, #5857, #4249, #1753 ) ) ;
#4792 = DIRECTION ( 'NONE',  ( -0.0000000000000000000, 1.000000000000000000, 0.0000000000000000000 ) ) ;
#4793 = DIRECTION ( 'NONE',  ( 0.0000000000000000000, 0.0000000000000000000, 1.000000000000000000 ) ) ;
#4794 = VERTEX_POINT ( 'NONE', #8500 ) ;
#4795 = DIRECTION ( 'NONE',  ( -1.000000000000000000, 1.041186654069147000E-014, 0.0000000000000000000 ) ) ;
#4796 = CARTESIAN_POINT ( 'NONE',  ( 17.10000000000000500, 13.60000000000000100, 0.5000000000000004400 ) ) ;
#4797 = EDGE_CURVE ( 'NONE', #8349, #5095, #4093, .T. ) ;
#4798 = COLOUR_RGB ( '',0.2509803921568627400, 0.2509803921568627400, 0.2509803921568627400 ) ;
#4799 = CARTESIAN_POINT ( 'NONE',  ( -15.79861620407360700, -13.00000000000072500, 27.69999999999999900 ) ) ;
#4800 = EDGE_LOOP ( 'NONE', ( #29, #2537, #1576, #5288 ) ) ;
#4801 = VECTOR ( 'NONE', #6912, 1000.000000000000000 ) ;
#4802 = PRESENTATION_LAYER_ASSIGNMENT (  '', '', ( #1221 ) ) ;
#4803 = CARTESIAN_POINT ( 'NONE',  ( 0.0000000000000000000, 0.0000000000000000000, -24.00000000000000000 ) ) ;
#4804 = CARTESIAN_POINT ( 'NONE',  ( -0.5305570004916471100, 2.000000000000000000, -23.94413871640180600 ) ) ;
#4805 =( NAMED_UNIT ( * ) SI_UNIT ( $, .STERADIAN. ) SOLID_ANGLE_UNIT ( ) );
#4806 = VERTEX_POINT ( 'NONE', #5858 ) ;
#4807 = EDGE_CURVE ( 'NONE', #9721, #8499, #8755, .T. ) ;
#4808 = B_SPLINE_CURVE_WITH_KNOTS ( 'NONE', 3,
 ( #2116, #7285, #1305, #1233 ),
 .UNSPECIFIED., .F., .F.,
 ( 4, 4 ),
 ( 0.0000000000000000000, 0.0003313943203225997600 ),
 .UNSPECIFIED. ) ;
#4809 = SURFACE_STYLE_USAGE ( .BOTH. , #10062 ) ;
#4810 = CARTESIAN_POINT ( 'NONE',  ( 14.78578643762744900, -16.57157287525344500, 27.70000000000000600 ) ) ;
#4811 = VECTOR ( 'NONE', #7097, 1000.000000000000100 ) ;
#4812 = CARTESIAN_POINT ( 'NONE',  ( 13.54102959263326300, -11.92888516960344500, 27.70000000000000300 ) ) ;
#4813 = CARTESIAN_POINT ( 'NONE',  ( 15.79861620407433200, -12.99999999999999600, 27.69999999999999900 ) ) ;
#4814 = SURFACE_STYLE_FILL_AREA ( #9990 ) ;
#4815 = PRESENTATION_LAYER_ASSIGNMENT (  '', '', ( #3646 ) ) ;
#4816 = ORIENTED_EDGE ( 'NONE', *, *, #8281, .F. ) ;
#4817 = ADVANCED_FACE ( 'NONE', ( #10808 ), #6755, .F. ) ;
#4818 = AXIS2_PLACEMENT_3D ( 'NONE', #2076, #8234, #2995 ) ;
#4819 = VECTOR ( 'NONE', #6127, 1000.000000000000000 ) ;
#4820 = FILL_AREA_STYLE_COLOUR ( '', #9099 ) ;
#4821 = CARTESIAN_POINT ( 'NONE',  ( -1.102823950784868500, -15.60000000000000300, 23.23245372053522600 ) ) ;
#4822 = ORIENTED_EDGE ( 'NONE', *, *, #8088, .T. ) ;
#4823 = ORIENTED_EDGE ( 'NONE', *, *, #10803, .T. ) ;
#4824 = CARTESIAN_POINT ( 'NONE',  ( 11.73714950768867000, 13.54102959263330100, 26.70000000000000300 ) ) ;
#4825 = DIRECTION ( 'NONE',  ( 0.0000000000000000000, 0.0000000000000000000, 1.000000000000000000 ) ) ;
#4826 = MECHANICAL_DESIGN_GEOMETRIC_PRESENTATION_REPRESENTATION (  '', ( #3669 ), #5419 ) ;
#4827 = DIRECTION ( 'NONE',  ( 0.0000000000000000000, 0.0000000000000000000, 1.000000000000000000 ) ) ;
#4828 = CARTESIAN_POINT ( 'NONE',  ( 13.60000000000000300, 17.59999999999999800, 0.5000000000000004400 ) ) ;
#4829 = EDGE_LOOP ( 'NONE', ( #463, #4892, #2611, #6976 ) ) ;
#4830 =( BOUNDED_CURVE ( )  B_SPLINE_CURVE ( 3, ( #8952, #5505, #7282, #2002 ),
 .UNSPECIFIED., .F., .T. ) 
 B_SPLINE_CURVE_WITH_KNOTS ( ( 4, 4 ),
 ( 0.0000000000000000000, 1.000000000000000000 ),
 .UNSPECIFIED. ) 
 CURVE ( )  GEOMETRIC_REPRESENTATION_ITEM ( )  RATIONAL_B_SPLINE_CURVE ( ( 1.000000000000000000, 0.3333333333333335400, 0.3333333333333335400, 1.000000000000000000 ) ) 
 REPRESENTATION_ITEM ( '' )  );
#4831 = CARTESIAN_POINT ( 'NONE',  ( 17.10000000000000500, 13.60000000000000100, 3.252606517456513300E-016 ) ) ;
#4832 = EDGE_LOOP ( 'NONE', ( #3563, #10360, #1038 ) ) ;
#4833 = SURFACE_STYLE_USAGE ( .BOTH. , #4876 ) ;
#4834 = AXIS2_PLACEMENT_3D ( 'NONE', #1669, #1642, #1623 ) ;
#4835 = VECTOR ( 'NONE', #10626, 1000.000000000000000 ) ;
#4836 = MECHANICAL_DESIGN_GEOMETRIC_PRESENTATION_REPRESENTATION (  '', ( #2475 ), #5435 ) ;
#4837 = CARTESIAN_POINT ( 'NONE',  ( 10.50000000000000200, -20.99999999999999300, -2.000000000000000000 ) ) ;
#4838 = VECTOR ( 'NONE', #7065, 1000.000000000000000 ) ;
#4839 = MECHANICAL_DESIGN_GEOMETRIC_PRESENTATION_REPRESENTATION (  '', ( #2480 ), #5437 ) ;
#4840 = FILL_AREA_STYLE ('',( #1268 ) ) ;
#4841 = VECTOR ( 'NONE', #1673, 1000.000000000000000 ) ;
#4842 = LINE ( 'NONE', #3266, #9230 ) ;
#4843 =( NAMED_UNIT ( * ) PLANE_ANGLE_UNIT ( ) SI_UNIT ( $, .RADIAN. ) );
#4844 =( LENGTH_UNIT ( ) NAMED_UNIT ( * ) SI_UNIT ( .MILLI., .METRE. ) );
#4845 = CARTESIAN_POINT ( 'NONE',  ( -15.79861620407360200, -18.59723240814939900, 27.70000000000000300 ) ) ;
#4846 = FILL_AREA_STYLE_COLOUR ( '', #10884 ) ;
#4847 = DIRECTION ( 'NONE',  ( -1.000000000000000000, 2.573133442417734300E-015, 0.0000000000000000000 ) ) ;
#4848 = STYLED_ITEM ( 'NONE', ( #9000 ), #124 ) ;
#4849 = DIRECTION ( 'NONE',  ( -0.0000000000000000000, -0.0000000000000000000, -1.000000000000000000 ) ) ;
#4850 = VERTEX_POINT ( 'NONE', #3309 ) ;
#4851 = FACE_OUTER_BOUND ( 'NONE', #6614, .T. ) ;
#4852 = VECTOR ( 'NONE', #3592, 1000.000000000000000 ) ;
#4853 = CARTESIAN_POINT ( 'NONE',  ( -15.65025253169416400, 17.09999999999999800, 4.336808689942017700E-016 ) ) ;
#4854 = EDGE_CURVE ( 'NONE', #5195, #7451, #9982, .T. ) ;
#4855 = PRESENTATION_LAYER_ASSIGNMENT (  '', '', ( #4272 ) ) ;
#4856 = STYLED_ITEM ( 'NONE', ( #3438 ), #10535 ) ;
#4857 =( NAMED_UNIT ( * ) SI_UNIT ( $, .STERADIAN. ) SOLID_ANGLE_UNIT ( ) );
#4858 = CARTESIAN_POINT ( 'NONE',  ( 12.41131721597000000, 14.04568282944049800, 27.70000000000000300 ) ) ;
#4859 = CIRCLE ( 'NONE', #7862, 3.500000000000000000 ) ;
#4860 = PRESENTATION_STYLE_ASSIGNMENT (( #10663 ) ) ;
#4861 = LINE ( 'NONE', #2639, #9255 ) ;
#4862 = LINE ( 'NONE', #1127, #7216 ) ;
#4863 = CIRCLE ( 'NONE', #10366, 3.500000000000000000 ) ;
#4864 = PRESENTATION_LAYER_ASSIGNMENT (  '', '', ( #4282 ) ) ;
#4865 = DIRECTION ( 'NONE',  ( 0.0000000000000000000, 0.0000000000000000000, 1.000000000000000000 ) ) ;
#4866 = AXIS2_PLACEMENT_3D ( 'NONE', #11328, #6146, #810 ) ;
#4867 = FACE_BOUND ( 'NONE', #1493, .T. ) ;
#4868 = CARTESIAN_POINT ( 'NONE',  ( -1.500000000000000400, 1.999999999999999600, -24.00000000000000000 ) ) ;
#4869 = UNCERTAINTY_MEASURE_WITH_UNIT (LENGTH_MEASURE( 1.000000000000000100E-005 ), #8735, 'distance_accuracy_value', 'NONE');
#4870 = ADVANCED_FACE ( 'NONE', ( #5311 ), #11160, .F. ) ;
#4871 = EDGE_CURVE ( 'NONE', #11070, #7761, #9158, .T. ) ;
#4872 = CARTESIAN_POINT ( 'NONE',  ( -10.20138379592493100, -18.59723240814939900, 27.70000000000000300 ) ) ;
#4873 = COLOUR_RGB ( '',1.000000000000000000, 1.000000000000000000, 1.000000000000000000 ) ;
#4874 = ORIENTED_EDGE ( 'NONE', *, *, #8459, .F. ) ;
#4875 = CARTESIAN_POINT ( 'NONE',  ( -17.09999999999999800, -13.60000000000000100, 28.19999999999999900 ) ) ;
#4876 = SURFACE_SIDE_STYLE ('',( #9115 ) ) ;
#4877 = EDGE_LOOP ( 'NONE', ( #7261, #5326, #8918, #6501 ) ) ;
#4878 = CARTESIAN_POINT ( 'NONE',  ( -10.99999999999999500, -22.00000000000000000, -1.500000000000000000 ) ) ;
#4879 =( GEOMETRIC_REPRESENTATION_CONTEXT ( 3 ) GLOBAL_UNCERTAINTY_ASSIGNED_CONTEXT ( ( #8605 ) ) GLOBAL_UNIT_ASSIGNED_CONTEXT ( ( #882, #7100, #1810 ) ) REPRESENTATION_CONTEXT ( 'NONE', 'WORKASPACE' ) );
#4880 = EDGE_CURVE ( 'NONE', #1894, #7046, #6814, .T. ) ;
#4881 = FILL_AREA_STYLE ('',( #6564 ) ) ;
#4882 =( NAMED_UNIT ( * ) PLANE_ANGLE_UNIT ( ) SI_UNIT ( $, .RADIAN. ) );
#4883 = CARTESIAN_POINT ( 'NONE',  ( -12.99999999999927200, -13.00000000000072300, 25.19999999999999900 ) ) ;
#4884 = FILL_AREA_STYLE ('',( #10176 ) ) ;
#4885 = CARTESIAN_POINT ( 'NONE',  ( -10.20138379592493500, -13.00000000000072100, 27.69999999999999900 ) ) ;
#4886 = VECTOR ( 'NONE', #6277, 1000.000000000000000 ) ;
#4887 = UNCERTAINTY_MEASURE_WITH_UNIT (LENGTH_MEASURE( 1.000000000000000100E-005 ), #3513, 'distance_accuracy_value', 'NONE');
#4888 = PRESENTATION_STYLE_ASSIGNMENT (( #3225 ) ) ;
#4889 = VERTEX_POINT ( 'NONE', #7645 ) ;
#4890 = STYLED_ITEM ( 'NONE', ( #8153 ), #7899 ) ;
#4891 = ORIENTED_EDGE ( 'NONE', *, *, #5784, .F. ) ;
#4892 = ORIENTED_EDGE ( 'NONE', *, *, #2397, .T. ) ;
#4893 = PRODUCT ( '14HM11-0404S', '14HM11-0404S', '', ( #8721 ) ) ;
#4894 = ORIENTED_EDGE ( 'NONE', *, *, #10827, .T. ) ;
#4895 = VECTOR ( 'NONE', #8715, 1000.000000000000000 ) ;
#4896 = PRESENTATION_LAYER_ASSIGNMENT (  '', '', ( #4312 ) ) ;
#4897 =( GEOMETRIC_REPRESENTATION_CONTEXT ( 3 ) GLOBAL_UNCERTAINTY_ASSIGNED_CONTEXT ( ( #5324 ) ) GLOBAL_UNIT_ASSIGNED_CONTEXT ( ( #8339, #3086, #9204 ) ) REPRESENTATION_CONTEXT ( 'NONE', 'WORKASPACE' ) );
#4898 = CARTESIAN_POINT ( 'NONE',  ( 13.54102959263326500, -11.73714950768871500, 27.68476953867931600 ) ) ;
#4899 = ORIENTED_EDGE ( 'NONE', *, *, #8697, .T. ) ;
#4900 = FILL_AREA_STYLE_COLOUR ( '', #3487 ) ;
#4901 = UNCERTAINTY_MEASURE_WITH_UNIT (LENGTH_MEASURE( 1.000000000000000100E-005 ), #10735, 'distance_accuracy_value', 'NONE');
#4902 = FILL_AREA_STYLE ('',( #4028 ) ) ;
#4903 = PRESENTATION_LAYER_ASSIGNMENT (  '', '', ( #4317 ) ) ;
#4904 = DIRECTION ( 'NONE',  ( 0.7072524912148346900, 0.7069610411263199700, -0.0000000000000000000 ) ) ;
#4905 =( NAMED_UNIT ( * ) SI_UNIT ( $, .STERADIAN. ) SOLID_ANGLE_UNIT ( ) );
#4906 = MECHANICAL_DESIGN_GEOMETRIC_PRESENTATION_REPRESENTATION (  '', ( #3152 ), #5501 ) ;
#4907 = LINE ( 'NONE', #10194, #6964 ) ;
#4908 = ORIENTED_EDGE ( 'NONE', *, *, #10078, .T. ) ;
#4909 = CARTESIAN_POINT ( 'NONE',  ( -14.26285049231151100, -13.00000000000072500, 27.69802295345156300 ) ) ;
#4910 = COLOUR_RGB ( '',0.0000000000000000000, 0.5019607843137254800, 1.000000000000000000 ) ;
#4911 = COLOUR_RGB ( '',1.000000000000000000, 1.000000000000000000, 1.000000000000000000 ) ;
#4912 = CARTESIAN_POINT ( 'NONE',  ( -15.79861620407360500, -13.00000000000072500, 27.99289321881345300 ) ) ;
#4913 = AXIS2_PLACEMENT_3D ( 'NONE', #2050, #8215, #2973 ) ;
#4914 = SURFACE_SIDE_STYLE ('',( #7341 ) ) ;
#4915 = DIRECTION ( 'NONE',  ( -0.0000000000000000000, -0.0000000000000000000, -1.000000000000000000 ) ) ;
#4916 = EDGE_CURVE ( 'NONE', #10539, #6139, #8656, .T. ) ;
#4917 = EDGE_CURVE ( 'NONE', #6149, #10265, #1606, .T. ) ;
#4918 = CARTESIAN_POINT ( 'NONE',  ( -11.20710678118654600, 1.372474744728270300E-015, -5.380361143677898200E-017 ) ) ;
#4919 = ORIENTED_EDGE ( 'NONE', *, *, #11277, .F. ) ;
#4920 = FILL_AREA_STYLE_COLOUR ( '', #5463 ) ;
#4921 = CARTESIAN_POINT ( 'NONE',  ( -13.92812991172730400, 13.79749315005127000, 27.70000000000000300 ) ) ;
#4922 = CARTESIAN_POINT ( 'NONE',  ( -15.79861620407360500, -18.59723240814939900, 27.99289321881344600 ) ) ;
#4923 = SURFACE_STYLE_USAGE ( .BOTH. , #10177 ) ;
#4924 = PRESENTATION_LAYER_ASSIGNMENT (  '', '', ( #2569 ) ) ;
#4925 = FACE_OUTER_BOUND ( 'NONE', #1037, .T. ) ;
#4926 = ORIENTED_EDGE ( 'NONE', *, *, #4084, .F. ) ;
#4927 = MECHANICAL_DESIGN_GEOMETRIC_PRESENTATION_REPRESENTATION (  '', ( #3767 ), #5526 ) ;
#4928 = CARTESIAN_POINT ( 'NONE',  ( 0.0000000000000000000, 0.0000000000000000000, -23.50000000000000000 ) ) ;
#4929 = ORIENTED_EDGE ( 'NONE', *, *, #919, .T. ) ;
#4930 = VERTEX_POINT ( 'NONE', #1565 ) ;
#4931 = CIRCLE ( 'NONE', #7491, 0.5000000000000004400 ) ;
#4932 = STYLED_ITEM ( 'NONE', ( #9344 ), #1105 ) ;
#4933 = CARTESIAN_POINT ( 'NONE',  ( 13.54102959263326300, -11.86457000668160300, 27.70000000000000300 ) ) ;
#4934 = PRESENTATION_LAYER_ASSIGNMENT (  '', '', ( #2583 ) ) ;
#4935 = VERTEX_POINT ( 'NONE', #9504 ) ;
#4936 = DIRECTION ( 'NONE',  ( 0.0000000000000000000, 1.000000000000000000, 0.0000000000000000000 ) ) ;
#4937 = EDGE_LOOP ( 'NONE', ( #10712, #7466, #3603, #7508, #3171 ) ) ;
#4938 = DIRECTION ( 'NONE',  ( 0.0000000000000000000, 1.000000000000000000, 0.0000000000000000000 ) ) ;
#4939 = CIRCLE ( 'NONE', #9122, 4.000000000000000000 ) ;
#4940 = EDGE_CURVE ( 'NONE', #2702, #8467, #3996, .T. ) ;
#4941 = DIRECTION ( 'NONE',  ( -1.000000000000000000, 0.0000000000000000000, 0.0000000000000000000 ) ) ;
#4942 = ORIENTED_EDGE ( 'NONE', *, *, #6535, .T. ) ;
#4943 = SURFACE_STYLE_FILL_AREA ( #9218 ) ;
#4944 =( NAMED_UNIT ( * ) SI_UNIT ( $, .STERADIAN. ) SOLID_ANGLE_UNIT ( ) );
#4945 = CARTESIAN_POINT ( 'NONE',  ( 14.13542999331832400, 13.54102959263329500, 27.70000000000000300 ) ) ;
#4946 = ORIENTED_EDGE ( 'NONE', *, *, #2838, .F. ) ;
#4947 = AXIS2_PLACEMENT_3D ( 'NONE', #11185, #653, #7195 ) ;
#4948 = SURFACE_SIDE_STYLE ('',( #2218 ) ) ;
#4949 = EDGE_CURVE ( 'NONE', #8716, #1265, #6033, .T. ) ;
#4950 = PRESENTATION_LAYER_ASSIGNMENT (  '', '', ( #4361 ) ) ;
#4951 = CARTESIAN_POINT ( 'NONE',  ( -10.20138379592493100, -18.59723240814939500, 27.99289321881344600 ) ) ;
#4952 = ORIENTED_EDGE ( 'NONE', *, *, #3793, .T. ) ;
#4953 = VECTOR ( 'NONE', #6928, 1000.000000000000000 ) ;
#4954 = CARTESIAN_POINT ( 'NONE',  ( -10.20138379592541800, 12.99999999999927200, 25.19999999999999900 ) ) ;
#4955 = FILL_AREA_STYLE_COLOUR ( '', #5999 ) ;
#4956 = VERTEX_POINT ( 'NONE', #4304 ) ;
#4957 = CARTESIAN_POINT ( 'NONE',  ( 12.99999999999999600, 12.99999999999999600, 27.69999999999999900 ) ) ;
#4958 = CARTESIAN_POINT ( 'NONE',  ( 13.54102959263324900, -14.07111483039655300, 27.70000000000000300 ) ) ;
#4959 = CARTESIAN_POINT ( 'NONE',  ( -12.61495149068105400, -15.60000000000000100, 12.61495149068083400 ) ) ;
#4960 = CARTESIAN_POINT ( 'NONE',  ( 11.21421356237263300, 9.428427124745773800, 27.70000000000000600 ) ) ;
#4961 = FILL_AREA_STYLE_COLOUR ( '', #7457 ) ;
#4962 = PLANE ( 'NONE',  #9483 ) ;
#4963 = AXIS2_PLACEMENT_3D ( 'NONE', #5072, #11156, #5946 ) ;
#4964 = VECTOR ( 'NONE', #629, 1000.000000000000000 ) ;
#4965 = CARTESIAN_POINT ( 'NONE',  ( 3.707106781186547900, 4.539896453677552900E-016, 28.19999999999999900 ) ) ;
#4966 = UNCERTAINTY_MEASURE_WITH_UNIT (LENGTH_MEASURE( 1.000000000000000100E-005 ), #5537, 'distance_accuracy_value', 'NONE');
#4967 = ORIENTED_EDGE ( 'NONE', *, *, #3340, .F. ) ;
#4968 = EDGE_LOOP ( 'NONE', ( #2122, #8370, #3852, #8905, #11264 ) ) ;
#4969 = CARTESIAN_POINT ( 'NONE',  ( -1.597212212748321300, -3.667437498977077900, -2.000000000000000400 ) ) ;
#4970 = STYLED_ITEM ( 'NONE', ( #1665 ), #8396 ) ;
#4971 = LINE ( 'NONE', #9353, #2647 ) ;
#4972 = DIRECTION ( 'NONE',  ( 3.206337508330011400E-015, 1.000000000000000000, 0.0000000000000000000 ) ) ;
#4973 = SURFACE_STYLE_FILL_AREA ( #7792 ) ;
#4974 = DIRECTION ( 'NONE',  ( -1.000000000000000000, 0.0000000000000000000, 0.0000000000000000000 ) ) ;
#4975 = FILL_AREA_STYLE ('',( #7691 ) ) ;
#4976 = VECTOR ( 'NONE', #9195, 1000.000000000000000 ) ;
#4977 = PRESENTATION_STYLE_ASSIGNMENT (( #10317 ) ) ;
#4978 = FILL_AREA_STYLE ('',( #3221 ) ) ;
#4979 = ORIENTED_EDGE ( 'NONE', *, *, #2286, .F. ) ;
#4980 = PRESENTATION_LAYER_ASSIGNMENT (  '', '', ( #3223 ) ) ;
#4981 = FACE_OUTER_BOUND ( 'NONE', #4662, .T. ) ;
#4982 = DIRECTION ( 'NONE',  ( -0.0000000000000000000, 0.0000000000000000000, -1.000000000000000000 ) ) ;
#4983 = DIRECTION ( 'NONE',  ( -1.041186654069147000E-014, -1.000000000000000000, 0.0000000000000000000 ) ) ;
#4984 = EDGE_CURVE ( 'NONE', #4351, #2127, #3725, .T. ) ;
#4985 = VECTOR ( 'NONE', #5974, 1000.000000000000000 ) ;
#4986 = VECTOR ( 'NONE', #4749, 1000.000000000000000 ) ;
#4987 = CIRCLE ( 'NONE', #6541, 11.00000000000000000 ) ;
#4988 = VECTOR ( 'NONE', #8346, 1000.000000000000000 ) ;
#4989 = VERTEX_POINT ( 'NONE', #6057 ) ;
#4990 = LINE ( 'NONE', #5850, #9659 ) ;
#4991 = LINE ( 'NONE', #5256, #2675 ) ;
#4992 = FILL_AREA_STYLE ('',( #5824 ) ) ;
#4993 = DIRECTION ( 'NONE',  ( -0.0000000000000000000, -0.0000000000000000000, -1.000000000000000000 ) ) ;
#4994 = MECHANICAL_DESIGN_GEOMETRIC_PRESENTATION_REPRESENTATION (  '', ( #3839 ), #5596 ) ;
#4995 = STYLED_ITEM ( 'NONE', ( #7821 ), #3703 ) ;
#4996 = CARTESIAN_POINT ( 'NONE',  ( 4.000000000000000900, 0.2542355470263696300, -2.000000000000000000 ) ) ;
#4997 = STYLED_ITEM ( 'NONE', ( #5762 ), #9682 ) ;
#4998 = CARTESIAN_POINT ( 'NONE',  ( -11.45062910550453200, 17.60000000000000900, 5.999999999999999100 ) ) ;
#4999 = CARTESIAN_POINT ( 'NONE',  ( 14.26285049231142200, 12.99999999999999600, 27.69802295345158100 ) ) ;
#5000 = CARTESIAN_POINT ( 'NONE',  ( 0.0000000000000000000, 0.0000000000000000000, 1.000000000000000000 ) ) ;
#5001 = DIRECTION ( 'NONE',  ( 1.224646799147353200E-016, -1.000000000000000000, 0.0000000000000000000 ) ) ;
#5002 = CARTESIAN_POINT ( 'NONE',  ( -10.20138379592493500, -13.00000000000072100, 27.99289321881345300 ) ) ;
#5003 = CARTESIAN_POINT ( 'NONE',  ( -14.26285049231151100, -13.00000000000072500, 27.69802295345156300 ) ) ;
#5004 = PRESENTATION_STYLE_ASSIGNMENT (( #2690 ) ) ;
#5005 = PRESENTATION_STYLE_ASSIGNMENT (( #8807 ) ) ;
#5006 = CARTESIAN_POINT ( 'NONE',  ( -12.99999999999927200, -13.00000000000072300, 27.69999999999999900 ) ) ;
#5007 = ORIENTED_EDGE ( 'NONE', *, *, #5381, .T. ) ;
#5008 = LINE ( 'NONE', #4455, #252 ) ;
#5009 = CIRCLE ( 'NONE', #4612, 2.799999999999999800 ) ;
#5010 = FACE_OUTER_BOUND ( 'NONE', #4551, .T. ) ;
#5011 =( NAMED_UNIT ( * ) SI_UNIT ( $, .STERADIAN. ) SOLID_ANGLE_UNIT ( ) );
#5012 = CARTESIAN_POINT ( 'NONE',  ( 1.781605714250729600, -3.585824512321707800, -2.000000000000000400 ) ) ;
#5013 = VERTEX_POINT ( 'NONE', #11253 ) ;
#5014 = EDGE_CURVE ( 'NONE', #2784, #1282, #10422, .T. ) ;
#5015 = FACE_OUTER_BOUND ( 'NONE', #6216, .T. ) ;
#5016 = AXIS2_PLACEMENT_3D ( 'NONE', #10870, #5625, #283 ) ;
#5017 = VERTEX_POINT ( 'NONE', #2574 ) ;
#5018 = STYLED_ITEM ( 'NONE', ( #1390 ), #10766 ) ;
#5019 = DIRECTION ( 'NONE',  ( 0.0000000000000000000, 0.0000000000000000000, 1.000000000000000000 ) ) ;
#5020 = CARTESIAN_POINT ( 'NONE',  ( 11.80000000000090700, -12.99999999999999500, 27.70000000000000300 ) ) ;
#5021 = CARTESIAN_POINT ( 'NONE',  ( -11.62591925885394800, 13.58868278403004700, 26.70000000000000300 ) ) ;
#5022 = COLOUR_RGB ( '',1.000000000000000000, 1.000000000000000000, 1.000000000000000000 ) ;
#5023 = PRESENTATION_STYLE_ASSIGNMENT (( #717 ) ) ;
#5024 = ORIENTED_EDGE ( 'NONE', *, *, #1521, .F. ) ;
#5025 = STYLED_ITEM ( 'NONE', ( #10326 ), #1930 ) ;
#5026 = CARTESIAN_POINT ( 'NONE',  ( -12.03692231440959900, -12.24508157464501100, 27.70000000000000300 ) ) ;
#5027 = VERTEX_POINT ( 'NONE', #8719 ) ;
#5028 = ORIENTED_EDGE ( 'NONE', *, *, #11286, .F. ) ;
#5029 = CARTESIAN_POINT ( 'NONE',  ( -1.102823950784868500, -15.60000000000000300, 24.17768011435284200 ) ) ;
#5030 = VECTOR ( 'NONE', #6124, 1000.000000000000000 ) ;
#5031 = EDGE_CURVE ( 'NONE', #5532, #7120, #8392, .T. ) ;
#5032 = CARTESIAN_POINT ( 'NONE',  ( -16.00572298526016000, -13.00000000000072500, 28.20000000000000300 ) ) ;
#5033 = CARTESIAN_POINT ( 'NONE',  ( 13.60000000000000700, -17.60000000000000100, 0.2071067811865479300 ) ) ;
#5034 = FILL_AREA_STYLE_COLOUR ( '', #2673 ) ;
#5035 = DIRECTION ( 'NONE',  ( -3.206337508330011400E-015, -1.000000000000000000, 0.0000000000000000000 ) ) ;
#5036 = AXIS2_PLACEMENT_3D ( 'NONE', #8879, #3637, #9761 ) ;
#5037 = ORIENTED_EDGE ( 'NONE', *, *, #587, .T. ) ;
#5038 = CARTESIAN_POINT ( 'NONE',  ( -13.54102959263334700, 11.92888516960204500, 27.70000000000000300 ) ) ;
#5039 = CARTESIAN_POINT ( 'NONE',  ( -16.29861620407457700, 12.99999999999927000, 28.19999999999999900 ) ) ;
#5040 =( LENGTH_UNIT ( ) NAMED_UNIT ( * ) SI_UNIT ( .MILLI., .METRE. ) );
#5041 = FILL_AREA_STYLE_COLOUR ( '', #4179 ) ;
#5042 = CARTESIAN_POINT ( 'NONE',  ( -16.00572298526015700, -19.01144597052250200, 28.20000000000000300 ) ) ;
#5043 = FILL_AREA_STYLE_COLOUR ( '', #11348 ) ;
#5044 = CARTESIAN_POINT ( 'NONE',  ( -3.499999999999999100, 0.0000000000000000000, -1.792893218813452500 ) ) ;
#5045 = COLOUR_RGB ( '',1.000000000000000000, 1.000000000000000000, 1.000000000000000000 ) ;
#5046 = PRESENTATION_LAYER_ASSIGNMENT (  '', '', ( #3276 ) ) ;
#5047 = FILL_AREA_STYLE_COLOUR ( '', #701 ) ;
#5048 = LINE ( 'NONE', #1594, #2417 ) ;
#5049 = COLOUR_RGB ( '',1.000000000000000000, 1.000000000000000000, 1.000000000000000000 ) ;
#5050 = UNCERTAINTY_MEASURE_WITH_UNIT (LENGTH_MEASURE( 1.000000000000000100E-005 ), #8218, 'distance_accuracy_value', 'NONE');
#5051 = CARTESIAN_POINT ( 'NONE',  ( -9.994277014738381500, -19.01144597052249800, 28.20000000000000300 ) ) ;
#5052 = AXIS2_PLACEMENT_3D ( 'NONE', #5438, #86, #6330 ) ;
#5053 = CARTESIAN_POINT ( 'NONE',  ( 2.092470004868553600, -17.69999999999999900, 25.28764494107381100 ) ) ;
#5054 = SURFACE_STYLE_FILL_AREA ( #2179 ) ;
#5055 = ORIENTED_EDGE ( 'NONE', *, *, #9487, .T. ) ;
#5056 = SURFACE_STYLE_FILL_AREA ( #3562 ) ;
#5057 = CARTESIAN_POINT ( 'NONE',  ( 13.60000000000000500, 13.60000000000000100, 27.69999999999999900 ) ) ;
#5058 = ORIENTED_EDGE ( 'NONE', *, *, #821, .T. ) ;
#5059 = SURFACE_STYLE_USAGE ( .BOTH. , #10299 ) ;
#5060 = CARTESIAN_POINT ( 'NONE',  ( -17.60528299132912600, -11.44788237165360200, 6.000000000000000000 ) ) ;
#5061 = STYLED_ITEM ( 'NONE', ( #3187 ), #3106 ) ;
#5062 = DIRECTION ( 'NONE',  ( 0.0000000000000000000, -0.0000000000000000000, 1.000000000000000000 ) ) ;
#5063 = DIRECTION ( 'NONE',  ( 1.000000000000000000, 0.0000000000000000000, 0.0000000000000000000 ) ) ;
#5064 = CARTESIAN_POINT ( 'NONE',  ( -9.994277014738383300, -13.00000000000072100, 28.20000000000000300 ) ) ;
#5065 = STYLED_ITEM ( 'NONE', ( #6518 ), #7307 ) ;
#5066 = ORIENTED_EDGE ( 'NONE', *, *, #4143, .F. ) ;
#5067 = CARTESIAN_POINT ( 'NONE',  ( 3.420506883676320200, 2.074779885807277200, -2.000000000000000000 ) ) ;
#5068 = PRESENTATION_LAYER_ASSIGNMENT (  '', '', ( #4483 ) ) ;
#5069 = FILL_AREA_STYLE ('',( #601 ) ) ;
#5070 = DIRECTION ( 'NONE',  ( 0.0000000000000000000, 0.0000000000000000000, -1.000000000000000000 ) ) ;
#5071 = EDGE_LOOP ( 'NONE', ( #6965, #6874, #4052, #10253 ) ) ;
#5072 = CARTESIAN_POINT ( 'NONE',  ( -11.79999999999921200, 12.99999999999927200, 26.70000000000000300 ) ) ;
#5073 = DIRECTION ( 'NONE',  ( -0.0000000000000000000, -1.000000000000000000, -0.0000000000000000000 ) ) ;
#5074 = CARTESIAN_POINT ( 'NONE',  ( -16.29861620407361000, -13.00000000000072500, 28.19999999999999900 ) ) ;
#5075 = FACE_OUTER_BOUND ( 'NONE', #1444, .T. ) ;
#5076 =( LENGTH_UNIT ( ) NAMED_UNIT ( * ) SI_UNIT ( .MILLI., .METRE. ) );
#5077 = DIRECTION ( 'NONE',  ( -0.0000000000000000000, -0.0000000000000000000, -1.000000000000000000 ) ) ;
#5078 = EDGE_CURVE ( 'NONE', #10592, #6456, #1041, .T. ) ;
#5079 = AXIS2_PLACEMENT_3D ( 'NONE', #10446, #5197, #11270 ) ;
#5080 = CARTESIAN_POINT ( 'NONE',  ( 14.26285049231142200, 12.99999999999999600, 27.69802295345158100 ) ) ;
#5081 = ADVANCED_FACE ( 'NONE', ( #5500 ), #7874, .F. ) ;
#5082 = ORIENTED_EDGE ( 'NONE', *, *, #3088, .T. ) ;
#5083 = ORIENTED_EDGE ( 'NONE', *, *, #6325, .T. ) ;
#5084 = LINE ( 'NONE', #1806, #4811 ) ;
#5085 = CARTESIAN_POINT ( 'NONE',  ( -16.29861620407361000, -19.59723240814940600, 28.20000000000000300 ) ) ;
#5086 = STYLED_ITEM ( 'NONE', ( #5353 ), #1311 ) ;
#5087 = DIRECTION ( 'NONE',  ( 0.0000000000000000000, 0.0000000000000000000, 1.000000000000000000 ) ) ;
#5088 = AXIS2_PLACEMENT_3D ( 'NONE', #1060, #7270, #1989 ) ;
#5089 =( NAMED_UNIT ( * ) PLANE_ANGLE_UNIT ( ) SI_UNIT ( $, .RADIAN. ) );
#5090 = ORIENTED_EDGE ( 'NONE', *, *, #6429, .T. ) ;
#5091 = DIRECTION ( 'NONE',  ( -0.0000000000000000000, 0.0000000000000000000, 1.000000000000000000 ) ) ;
#5092 = EDGE_CURVE ( 'NONE', #771, #8639, #9325, .T. ) ;
#5093 =( BOUNDED_SURFACE ( )  B_SPLINE_SURFACE ( 3, 3, ( 
 ( #1482, #229, #187, #10548 ),
 ( #2636, #10692, #10437, #5190 ),
 ( #11266, #6070, #743, #6956 ),
 ( #1666, #7842, #2585, #8732 ) ),
 .UNSPECIFIED., .F., .F., .F. ) 
 B_SPLINE_SURFACE_WITH_KNOTS ( ( 4, 4 ),
 ( 4, 4 ),
 ( 0.0000000000000000000, 1.000000000000000000 ),
 ( 0.0000000000000000000, 1.000000000000000000 ),
 .UNSPECIFIED. ) 
 GEOMETRIC_REPRESENTATION_ITEM ( )  RATIONAL_B_SPLINE_SURFACE ( (
 ( 1.000000000000000000, 0.8047378541243651600, 0.8047378541243651600, 1.000000000000000000),
 ( 0.8047378541243649400, 0.6476030138606878600, 0.6476030138606878600, 0.8047378541243649400),
 ( 0.8047378541243649400, 0.6476030138606878600, 0.6476030138606878600, 0.8047378541243649400),
 ( 1.000000000000000000, 0.8047378541243651600, 0.8047378541243651600, 1.000000000000000000) ) ) 
 REPRESENTATION_ITEM ( '' )  SURFACE ( )  );
#5094 = CARTESIAN_POINT ( 'NONE',  ( -9.701383795924934700, -6.402767591852045500, 28.19999999999999900 ) ) ;
#5095 = VERTEX_POINT ( 'NONE', #3279 ) ;
#5096 = COLOUR_RGB ( '',1.000000000000000000, 1.000000000000000000, 1.000000000000000000 ) ;
#5097 = VECTOR ( 'NONE', #9200, 1000.000000000000000 ) ;
#5098 = CARTESIAN_POINT ( 'NONE',  ( 10.20138379592620300, 18.59723240814758300, 27.99289321881345000 ) ) ;
#5099 = FILL_AREA_STYLE ('',( #1516 ) ) ;
#5100 = STYLED_ITEM ( 'NONE', ( #7053 ), #4222 ) ;
#5101 = CARTESIAN_POINT ( 'NONE',  ( 11.45062910550454800, -17.60000000000000100, 20.19999999999999900 ) ) ;
#5102 = ORIENTED_EDGE ( 'NONE', *, *, #4742, .T. ) ;
#5103 = EDGE_CURVE ( 'NONE', #3894, #8309, #11325, .T. ) ;
#5104 = ORIENTED_EDGE ( 'NONE', *, *, #5155, .T. ) ;
#5105 = SURFACE_STYLE_USAGE ( .BOTH. , #4049 ) ;
#5106 = FILL_AREA_STYLE_COLOUR ( '', #10460 ) ;
#5107 = ORIENTED_EDGE ( 'NONE', *, *, #10945, .F. ) ;
#5108 = FILL_AREA_STYLE ('',( #4228 ) ) ;
#5109 = SURFACE_STYLE_FILL_AREA ( #1395 ) ;
#5110 = DIRECTION ( 'NONE',  ( 0.0000000000000000000, 0.0000000000000000000, 1.000000000000000000 ) ) ;
#5111 = UNCERTAINTY_MEASURE_WITH_UNIT (LENGTH_MEASURE( 1.000000000000000100E-005 ), #2093, 'distance_accuracy_value', 'NONE');
#5112 = DIRECTION ( 'NONE',  ( 1.000000000000000000, 0.0000000000000000000, 0.0000000000000000000 ) ) ;
#5113 =( LENGTH_UNIT ( ) NAMED_UNIT ( * ) SI_UNIT ( .MILLI., .METRE. ) );
#5114 = CARTESIAN_POINT ( 'NONE',  ( -9.701383795924927600, -19.59723240814940600, 28.20000000000000300 ) ) ;
#5115 = EDGE_LOOP ( 'NONE', ( #9822, #6980, #8927, #727 ) ) ;
#5116 = CARTESIAN_POINT ( 'NONE',  ( -15.20000000000037100, -8.599999999999143400, 27.28578643762690700 ) ) ;
#5117 = CARTESIAN_POINT ( 'NONE',  ( 14.26285049231142000, 12.45897040736659800, 27.68476953867925900 ) ) ;
#5118 = ORIENTED_EDGE ( 'NONE', *, *, #2588, .T. ) ;
#5119 = VECTOR ( 'NONE', #9712, 1000.000000000000000 ) ;
#5120 = MECHANICAL_DESIGN_GEOMETRIC_PRESENTATION_REPRESENTATION (  '', ( #3355 ), #5706 ) ;
#5121 = MECHANICAL_DESIGN_GEOMETRIC_PRESENTATION_REPRESENTATION (  '', ( #3356 ), #5708 ) ;
#5122 = CARTESIAN_POINT ( 'NONE',  ( 11.50000000000000000, 22.99999999999999600, 0.0000000000000000000 ) ) ;
#5123 = VECTOR ( 'NONE', #3440, 1000.000000000000000 ) ;
#5124 = COLOUR_RGB ( '',1.000000000000000000, 1.000000000000000000, 1.000000000000000000 ) ;
#5125 = CIRCLE ( 'NONE', #4555, 2.500000000000000000 ) ;
#5126 = PLANE ( 'NONE',  #323 ) ;
#5127 = ORIENTED_EDGE ( 'NONE', *, *, #7539, .T. ) ;
#5128 = CIRCLE ( 'NONE', #9145, 0.5000000000000004400 ) ;
#5129 = DIRECTION ( 'NONE',  ( 0.7071067811865416900, 0.0000000000000000000, -0.7071067811865532300 ) ) ;
#5130 = DIRECTION ( 'NONE',  ( 1.000000000000000000, 0.0000000000000000000, 0.0000000000000000000 ) ) ;
#5131 =( NAMED_UNIT ( * ) PLANE_ANGLE_UNIT ( ) SI_UNIT ( $, .RADIAN. ) );
#5132 = CARTESIAN_POINT ( 'NONE',  ( 17.60000000000000500, 13.60000000000000100, 20.19999999999999900 ) ) ;
#5133 = LINE ( 'NONE', #11115, #9510 ) ;
#5134 = CARTESIAN_POINT ( 'NONE',  ( 2.499999999997726300, 3.061616997865598500E-016, 25.70000000002892200 ) ) ;
#5135 = CARTESIAN_POINT ( 'NONE',  ( -17.60528299132912600, -11.44788237165360200, 22.19999999999999600 ) ) ;
#5136 = VECTOR ( 'NONE', #694, 1000.000000000000000 ) ;
#5137 = EDGE_CURVE ( 'NONE', #529, #9874, #2313, .T. ) ;
#5138 =( NAMED_UNIT ( * ) SI_UNIT ( $, .STERADIAN. ) SOLID_ANGLE_UNIT ( ) );
#5139 = ADVANCED_FACE ( 'NONE', ( #6716 ), #9404, .F. ) ;
#5140 =( NAMED_UNIT ( * ) SI_UNIT ( $, .STERADIAN. ) SOLID_ANGLE_UNIT ( ) );
#5141 = AXIS2_PLACEMENT_3D ( 'NONE', #2960, #2776, #2592 ) ;
#5142 = ORIENTED_EDGE ( 'NONE', *, *, #8126, .F. ) ;
#5143 = LINE ( 'NONE', #4511, #668 ) ;
#5144 = AXIS2_PLACEMENT_3D ( 'NONE', #3651, #9781, #4519 ) ;
#5145 = VECTOR ( 'NONE', #5621, 1000.000000000000000 ) ;
#5146 =( LENGTH_UNIT ( ) NAMED_UNIT ( * ) SI_UNIT ( .MILLI., .METRE. ) );
#5147 = CARTESIAN_POINT ( 'NONE',  ( 15.20000000000053600, -17.39999999999963600, 26.70000000000000300 ) ) ;
#5148 = FILL_AREA_STYLE_COLOUR ( '', #8552 ) ;
#5149 = ORIENTED_EDGE ( 'NONE', *, *, #3993, .T. ) ;
#5150 = CIRCLE ( 'NONE', #5848, 2.200000000000000600 ) ;
#5151 = ORIENTED_EDGE ( 'NONE', *, *, #7474, .F. ) ;
#5152 = VERTEX_POINT ( 'NONE', #4163 ) ;
#5153 =( GEOMETRIC_REPRESENTATION_CONTEXT ( 3 ) GLOBAL_UNCERTAINTY_ASSIGNED_CONTEXT ( ( #10503 ) ) GLOBAL_UNIT_ASSIGNED_CONTEXT ( ( #5464, #109, #6354 ) ) REPRESENTATION_CONTEXT ( 'NONE', 'WORKASPACE' ) );
#5154 = SURFACE_STYLE_FILL_AREA ( #910 ) ;
#5155 = EDGE_CURVE ( 'NONE', #5787, #2467, #3573, .T. ) ;
#5156 = MECHANICAL_DESIGN_GEOMETRIC_PRESENTATION_REPRESENTATION (  '', ( #3994 ), #5743 ) ;
#5157 =( NAMED_UNIT ( * ) SI_UNIT ( $, .STERADIAN. ) SOLID_ANGLE_UNIT ( ) );
#5158 = FILL_AREA_STYLE_COLOUR ( '', #3318 ) ;
#5159 =( NAMED_UNIT ( * ) PLANE_ANGLE_UNIT ( ) SI_UNIT ( $, .RADIAN. ) );
#5160 = ORIENTED_EDGE ( 'NONE', *, *, #1888, .T. ) ;
#5161 = ORIENTED_EDGE ( 'NONE', *, *, #10888, .F. ) ;
#5162 = PLANE ( 'NONE',  #5613 ) ;
#5163 = EDGE_LOOP ( 'NONE', ( #4156, #2775, #3490, #9273, #8515 ) ) ;
#5164 = AXIS2_PLACEMENT_3D ( 'NONE', #5855, #4117, #4151 ) ;
#5165 = ORIENTED_EDGE ( 'NONE', *, *, #587, .F. ) ;
#5166 = EDGE_CURVE ( 'NONE', #3963, #4130, #5884, .T. ) ;
#5167 = CIRCLE ( 'NONE', #7823, 0.4726131969088088700 ) ;
#5168 = MECHANICAL_DESIGN_GEOMETRIC_PRESENTATION_REPRESENTATION (  '', ( #4004 ), #5754 ) ;
#5169 = DIRECTION ( 'NONE',  ( 0.0000000000000000000, 0.0000000000000000000, 1.000000000000000000 ) ) ;
#5170 = SURFACE_STYLE_FILL_AREA ( #5910 ) ;
#5171 = FILL_AREA_STYLE ('',( #9531 ) ) ;
#5172 = CARTESIAN_POINT ( 'NONE',  ( -17.09999999999999800, -13.60000000000000100, 4.336808689942017700E-016 ) ) ;
#5173 =( LENGTH_UNIT ( ) NAMED_UNIT ( * ) SI_UNIT ( .MILLI., .METRE. ) );
#5174 = DIRECTION ( 'NONE',  ( 0.0000000000000000000, 0.0000000000000000000, 1.000000000000000000 ) ) ;
#5175 = CARTESIAN_POINT ( 'NONE',  ( 14.26285049231142200, 12.99999999999999600, 27.69802295345158100 ) ) ;
#5176 =( GEOMETRIC_REPRESENTATION_CONTEXT ( 3 ) GLOBAL_UNCERTAINTY_ASSIGNED_CONTEXT ( ( #4347 ) ) GLOBAL_UNIT_ASSIGNED_CONTEXT ( ( #8495, #3237, #9351 ) ) REPRESENTATION_CONTEXT ( 'NONE', 'WORKASPACE' ) );
#5177 =( GEOMETRIC_REPRESENTATION_CONTEXT ( 3 ) GLOBAL_UNCERTAINTY_ASSIGNED_CONTEXT ( ( #1549 ) ) GLOBAL_UNIT_ASSIGNED_CONTEXT ( ( #9217, #3976, #10096 ) ) REPRESENTATION_CONTEXT ( 'NONE', 'WORKASPACE' ) );
#5178 = FACE_OUTER_BOUND ( 'NONE', #603, .T. ) ;
#5179 = SURFACE_STYLE_USAGE ( .BOTH. , #10425 ) ;
#5180 = DIRECTION ( 'NONE',  ( 1.000000000000000000, 0.0000000000000000000, 0.0000000000000000000 ) ) ;
#5181 = CARTESIAN_POINT ( 'NONE',  ( -3.795947249962687800, -1.264424340356550700, -1.999999999999999600 ) ) ;
#5182 = SURFACE_STYLE_USAGE ( .BOTH. , #5194 ) ;
#5183 = PRESENTATION_STYLE_ASSIGNMENT (( #10468 ) ) ;
#5184 = SURFACE_SIDE_STYLE ('',( #8270 ) ) ;
#5185 = UNCERTAINTY_MEASURE_WITH_UNIT (LENGTH_MEASURE( 1.000000000000000100E-005 ), #10095, 'distance_accuracy_value', 'NONE');
#5186 = CARTESIAN_POINT ( 'NONE',  ( -12.99999999999999800, 12.99999999999927200, 27.69999999999999900 ) ) ;
#5187 = FILL_AREA_STYLE ('',( #10430 ) ) ;
#5188 = FILL_AREA_STYLE_COLOUR ( '', #7636 ) ;
#5189 = ADVANCED_FACE ( 'NONE', ( #7966 ), #5126, .F. ) ;
#5190 = CARTESIAN_POINT ( 'NONE',  ( 13.60000000000000700, -17.60000000000000100, 27.99289321881345000 ) ) ;
#5191 = PLANE ( 'NONE',  #3954 ) ;
#5192 = ORIENTED_EDGE ( 'NONE', *, *, #1579, .T. ) ;
#5193 = CARTESIAN_POINT ( 'NONE',  ( -17.59999999999999400, 15.94314575050761600, 27.99289321881345000 ) ) ;
#5194 = SURFACE_SIDE_STYLE ('',( #1371 ) ) ;
#5195 = VERTEX_POINT ( 'NONE', #2459 ) ;
#5196 = CARTESIAN_POINT ( 'NONE',  ( 3.626677856623727000, -1.689782704262684700, -2.000000000000000900 ) ) ;
#5197 = DIRECTION ( 'NONE',  ( -0.0000000000000000000, -0.0000000000000000000, -1.000000000000000000 ) ) ;
#5198 = DIRECTION ( 'NONE',  ( 0.0000000000000000000, -0.0000000000000000000, 1.000000000000000000 ) ) ;
#5199 = ORIENTED_EDGE ( 'NONE', *, *, #5976, .T. ) ;
#5200 = CARTESIAN_POINT ( 'NONE',  ( -11.73714950768876600, -13.54102959263322200, 26.70000000000000300 ) ) ;
#5201 = EDGE_CURVE ( 'NONE', #3821, #3575, #321, .T. ) ;
#5202 = SURFACE_STYLE_FILL_AREA ( #6262 ) ;
#5203 = PLANE ( 'NONE',  #8750 ) ;
#5204 =( GEOMETRIC_REPRESENTATION_CONTEXT ( 3 ) GLOBAL_UNCERTAINTY_ASSIGNED_CONTEXT ( ( #4520 ) ) GLOBAL_UNIT_ASSIGNED_CONTEXT ( ( #99, #65, #50 ) ) REPRESENTATION_CONTEXT ( 'NONE', 'WORKASPACE' ) );
#5205 = CARTESIAN_POINT ( 'NONE',  ( 12.41131721597000000, 14.04568282944049800, 27.70000000000000300 ) ) ;
#5206 =( GEOMETRIC_REPRESENTATION_CONTEXT ( 3 ) GLOBAL_UNCERTAINTY_ASSIGNED_CONTEXT ( ( #2485 ) ) GLOBAL_UNIT_ASSIGNED_CONTEXT ( ( #8624, #3366, #9485 ) ) REPRESENTATION_CONTEXT ( 'NONE', 'WORKASPACE' ) );
#5207 = DIRECTION ( 'NONE',  ( -0.0000000000000000000, -0.0000000000000000000, -1.000000000000000000 ) ) ;
#5208 = AXIS2_PLACEMENT_3D ( 'NONE', #10405, #5169, #11240 ) ;
#5209 = ORIENTED_EDGE ( 'NONE', *, *, #1370, .F. ) ;
#5210 = FILL_AREA_STYLE ('',( #5427 ) ) ;
#5211 = CARTESIAN_POINT ( 'NONE',  ( -13.39245518935349300, -11.62591925885381100, 27.67938296417795700 ) ) ;
#5212 = SURFACE_STYLE_USAGE ( .BOTH. , #10463 ) ;
#5213 = ORIENTED_EDGE ( 'NONE', *, *, #6471, .T. ) ;
#5214 = EDGE_LOOP ( 'NONE', ( #9103, #3231 ) ) ;
#5215 = DIRECTION ( 'NONE',  ( -0.0000000000000000000, -0.0000000000000000000, -1.000000000000000000 ) ) ;
#5216 =( LENGTH_UNIT ( ) NAMED_UNIT ( * ) SI_UNIT ( .MILLI., .METRE. ) );
#5217 = DIRECTION ( 'NONE',  ( 0.0000000000000000000, 0.0000000000000000000, 1.000000000000000000 ) ) ;
#5218 = PLANE ( 'NONE',  #4132 ) ;
#5219 = SURFACE_SIDE_STYLE ('',( #3783 ) ) ;
#5220 = DIRECTION ( 'NONE',  ( 0.7071067811865420200, 0.0000000000000000000, 0.7071067811865531200 ) ) ;
#5221 = VERTEX_POINT ( 'NONE', #7798 ) ;
#5222 = EDGE_CURVE ( 'NONE', #3602, #8893, #2769, .T. ) ;
#5223 =( GEOMETRIC_REPRESENTATION_CONTEXT ( 3 ) GLOBAL_UNCERTAINTY_ASSIGNED_CONTEXT ( ( #7975 ) ) GLOBAL_UNIT_ASSIGNED_CONTEXT ( ( #8815, #3555, #9690 ) ) REPRESENTATION_CONTEXT ( 'NONE', 'WORKASPACE' ) );
#5224 = PRESENTATION_LAYER_ASSIGNMENT (  '', '', ( #4062 ) ) ;
#5225 = CARTESIAN_POINT ( 'NONE',  ( -17.09999999999999800, 15.65025253169416400, 28.19999999999999900 ) ) ;
#5226 = VERTEX_POINT ( 'NONE', #2540 ) ;
#5227 = VECTOR ( 'NONE', #3576, 1000.000000000000000 ) ;
#5228 = CARTESIAN_POINT ( 'NONE',  ( -11.75000000004065400, -13.00000000000000200, 4.500000000000001800 ) ) ;
#5229 = CARTESIAN_POINT ( 'NONE',  ( 10.80000000000089600, -17.39999999999963600, 26.70000000000000300 ) ) ;
#5230 = STYLED_ITEM ( 'NONE', ( #7205 ), #1772 ) ;
#5231 = DIRECTION ( 'NONE',  ( 1.000000000000000000, -0.0000000000000000000, 0.0000000000000000000 ) ) ;
#5232 = LINE ( 'NONE', #4210, #9625 ) ;
#5233 = ORIENTED_EDGE ( 'NONE', *, *, #7817, .F. ) ;
#5234 = ORIENTED_EDGE ( 'NONE', *, *, #4917, .F. ) ;
#5235 = EDGE_CURVE ( 'NONE', #4889, #7011, #7147, .T. ) ;
#5236 = EDGE_LOOP ( 'NONE', ( #4705, #3325, #9454 ) ) ;
#5237 = VECTOR ( 'NONE', #10242, 1000.000000000000000 ) ;
#5238 = FILL_AREA_STYLE ('',( #4364 ) ) ;
#5239 = CIRCLE ( 'NONE', #1106, 2.799999999999999800 ) ;
#5240 = CARTESIAN_POINT ( 'NONE',  ( 11.86457000668173500, 12.45897040736660700, 27.70000000000000300 ) ) ;
#5241 = PRESENTATION_LAYER_ASSIGNMENT (  '', '', ( #2918 ) ) ;
#5242 = FILL_AREA_STYLE ('',( #2606 ) ) ;
#5243 = ADVANCED_FACE ( 'NONE', ( #9192, #9457 ), #5191, .T. ) ;
#5244 = EDGE_CURVE ( 'NONE', #872, #6860, #1315, .T. ) ;
#5245 = UNCERTAINTY_MEASURE_WITH_UNIT (LENGTH_MEASURE( 1.000000000000000100E-005 ), #5789, 'distance_accuracy_value', 'NONE');
#5246 = LINE ( 'NONE', #5902, #10737 ) ;
#5247 = VECTOR ( 'NONE', #928, 1000.000000000000000 ) ;
#5248 = EDGE_LOOP ( 'NONE', ( #6473, #480, #2256, #9734 ) ) ;
#5249 = FILL_AREA_STYLE_COLOUR ( '', #4798 ) ;
#5250 = CARTESIAN_POINT ( 'NONE',  ( -1.102823950784868500, -35.60000000000000100, 24.79493308255596400 ) ) ;
#5251 = ORIENTED_EDGE ( 'NONE', *, *, #9869, .F. ) ;
#5252 =( GEOMETRIC_REPRESENTATION_CONTEXT ( 3 ) GLOBAL_UNCERTAINTY_ASSIGNED_CONTEXT ( ( #2084 ) ) GLOBAL_UNIT_ASSIGNED_CONTEXT ( ( #10521, #5269, #11350 ) ) REPRESENTATION_CONTEXT ( 'NONE', 'WORKASPACE' ) );
#5253 = DIRECTION ( 'NONE',  ( -0.0000000000000000000, 1.000000000000000000, 0.0000000000000000000 ) ) ;
#5254 = CARTESIAN_POINT ( 'NONE',  ( 0.0000000000000000000, 0.0000000000000000000, -2.000000000000000000 ) ) ;
#5255 = LINE ( 'NONE', #3339, #9652 ) ;
#5256 = CARTESIAN_POINT ( 'NONE',  ( -12.45897040736665300, 13.58868278403004700, 27.69999999999999900 ) ) ;
#5257 = CARTESIAN_POINT ( 'NONE',  ( 1.535096822457916700, 3.693859026870409200, -2.000000000000000400 ) ) ;
#5258 = CARTESIAN_POINT ( 'NONE',  ( 15.19999999999999600, 12.99999999999999500, 27.28578643762690700 ) ) ;
#5259 = LINE ( 'NONE', #7368, #505 ) ;
#5260 = ORIENTED_EDGE ( 'NONE', *, *, #4550, .F. ) ;
#5261 = CARTESIAN_POINT ( 'NONE',  ( -2.042258040288262900, -17.69999999999999900, 23.18764494107381000 ) ) ;
#5262 = MECHANICAL_DESIGN_GEOMETRIC_PRESENTATION_REPRESENTATION (  '', ( #4101 ), #5837 ) ;
#5263 = CARTESIAN_POINT ( 'NONE',  ( 9.701383795927110800, -12.99999999999999600, 27.69999999999999900 ) ) ;
#5264 = FILL_AREA_STYLE ('',( #9640 ) ) ;
#5265 = SURFACE_SIDE_STYLE ('',( #8379 ) ) ;
#5266 = SURFACE_STYLE_FILL_AREA ( #3777 ) ;
#5267 = MECHANICAL_DESIGN_GEOMETRIC_PRESENTATION_REPRESENTATION (  '', ( #2945 ), #5842 ) ;
#5268 = SURFACE_STYLE_FILL_AREA ( #7917 ) ;
#5269 =( NAMED_UNIT ( * ) PLANE_ANGLE_UNIT ( ) SI_UNIT ( $, .RADIAN. ) );
#5270 = ORIENTED_EDGE ( 'NONE', *, *, #5688, .F. ) ;
#5271 = CARTESIAN_POINT ( 'NONE',  ( 1.836970198708833900E-016, 2.000000000004774800, -24.00000000000568400 ) ) ;
#5272 = SURFACE_STYLE_USAGE ( .BOTH. , #10523 ) ;
#5273 = DIRECTION ( 'NONE',  ( 0.0000000000000000000, 0.0000000000000000000, -1.000000000000000000 ) ) ;
#5274 = LINE ( 'NONE', #3203, #7359 ) ;
#5275 = CARTESIAN_POINT ( 'NONE',  ( 13.60000000000000500, 17.09999999999999800, 28.19999999999999900 ) ) ;
#5276 = FACE_OUTER_BOUND ( 'NONE', #4877, .T. ) ;
#5277 = EDGE_LOOP ( 'NONE', ( #932, #197, #7888, #7323, #10569, #6190, #5149, #2296, #4908, #7548, #7623, #714 ) ) ;
#5278 = AXIS2_PLACEMENT_3D ( 'NONE', #10190, #4936, #11044 ) ;
#5279 = PRESENTATION_STYLE_ASSIGNMENT (( #6679 ) ) ;
#5280 = CARTESIAN_POINT ( 'NONE',  ( 17.60528299132913300, 0.0000000000000000000, 5.999999999999998200 ) ) ;
#5281 = VERTEX_POINT ( 'NONE', #10481 ) ;
#5282 = ORIENTED_EDGE ( 'NONE', *, *, #8040, .T. ) ;
#5283 = EDGE_CURVE ( 'NONE', #5889, #9509, #8100, .T. ) ;
#5284 =( NAMED_UNIT ( * ) SI_UNIT ( $, .STERADIAN. ) SOLID_ANGLE_UNIT ( ) );
#5285 =( NAMED_UNIT ( * ) PLANE_ANGLE_UNIT ( ) SI_UNIT ( $, .RADIAN. ) );
#5286 = EDGE_LOOP ( 'NONE', ( #4823, #10687, #10261, #4748 ) ) ;
#5287 = EDGE_CURVE ( 'NONE', #649, #11369, #3714, .T. ) ;
#5288 = ORIENTED_EDGE ( 'NONE', *, *, #526, .T. ) ;
#5289 = DIRECTION ( 'NONE',  ( -1.000000000000000000, 0.0000000000000000000, -0.0000000000000000000 ) ) ;
#5290 = EDGE_LOOP ( 'NONE', ( #8289, #6060, #190, #9881, #10911 ) ) ;
#5291 = CARTESIAN_POINT ( 'NONE',  ( 12.45897040736655400, -14.07111483039572300, 27.70000000000000300 ) ) ;
#5292 = DIRECTION ( 'NONE',  ( 0.0000000000000000000, 0.0000000000000000000, 1.000000000000000000 ) ) ;
#5293 = VECTOR ( 'NONE', #7887, 1000.000000000000000 ) ;
#5294 =( BOUNDED_CURVE ( )  B_SPLINE_CURVE ( 3, ( #846, #857, #1626, #835 ),
 .UNSPECIFIED., .F., .T. ) 
 B_SPLINE_CURVE_WITH_KNOTS ( ( 4, 4 ),
 ( 0.0000000000000000000, 1.000000000000000000 ),
 .UNSPECIFIED. ) 
 CURVE ( )  GEOMETRIC_REPRESENTATION_ITEM ( )  RATIONAL_B_SPLINE_CURVE ( ( 1.000000000000000000, 0.3333333333333332000, 0.3333333333333332000, 1.000000000000000000 ) ) 
 REPRESENTATION_ITEM ( '' )  );
#5295 = CARTESIAN_POINT ( 'NONE',  ( 0.0000000000000000000, 0.0000000000000000000, 26.70000000000000300 ) ) ;
#5296 = CARTESIAN_POINT ( 'NONE',  ( -4.000000000000000000, 0.0000000000000000000, 28.19999999999999600 ) ) ;
#5297 = VECTOR ( 'NONE', #9556, 1000.000000000000000 ) ;
#5298 = CARTESIAN_POINT ( 'NONE',  ( -12.80750843591139300, -17.69999999999999900, 12.80750843591118300 ) ) ;
#5299 = SURFACE_STYLE_USAGE ( .BOTH. , #10556 ) ;
#5300 = ORIENTED_EDGE ( 'NONE', *, *, #10960, .F. ) ;
#5301 = MECHANICAL_DESIGN_GEOMETRIC_PRESENTATION_REPRESENTATION (  '', ( #4134 ), #5875 ) ;
#5302 = ADVANCED_FACE ( 'NONE', ( #3420 ), #2299, .F. ) ;
#5303 = FILL_AREA_STYLE ('',( #10480 ) ) ;
#5304 = CARTESIAN_POINT ( 'NONE',  ( -12.99999999999999800, 12.99999999999927200, 25.19999999999999900 ) ) ;
#5305 = EDGE_CURVE ( 'NONE', #8934, #1186, #4673, .T. ) ;
#5306 = DIRECTION ( 'NONE',  ( 0.0000000000000000000, 1.000000000000000000, 0.0000000000000000000 ) ) ;
#5307 = CARTESIAN_POINT ( 'NONE',  ( 0.0000000000000000000, -17.69999999999999900, 25.28764494107381100 ) ) ;
#5308 = CARTESIAN_POINT ( 'NONE',  ( 13.60000000000000500, -17.10000000000000100, 3.252606517456513300E-016 ) ) ;
#5309 = VECTOR ( 'NONE', #1971, 1000.000000000000000 ) ;
#5310 = CARTESIAN_POINT ( 'NONE',  ( -3.007529995131446900, -15.60000000000000100, 26.18764494107381000 ) ) ;
#5311 = FACE_OUTER_BOUND ( 'NONE', #10718, .T. ) ;
#5312 =( NAMED_UNIT ( * ) PLANE_ANGLE_UNIT ( ) SI_UNIT ( $, .RADIAN. ) );
#5313 = EDGE_LOOP ( 'NONE', ( #7283, #6211, #2346, #9087 ) ) ;
#5314 = PRESENTATION_STYLE_ASSIGNMENT (( #8833 ) ) ;
#5315 = EDGE_CURVE ( 'NONE', #7618, #10356, #4931, .T. ) ;
#5316 =( NAMED_UNIT ( * ) SI_UNIT ( $, .STERADIAN. ) SOLID_ANGLE_UNIT ( ) );
#5317 = CARTESIAN_POINT ( 'NONE',  ( 17.60000000000000500, 17.60000000000000100, 8.000000000000000000 ) ) ;
#5318 = FILL_AREA_STYLE ('',( #9700 ) ) ;
#5319 = CARTESIAN_POINT ( 'NONE',  ( 13.60000000000000500, -17.10000000000000100, 28.19999999999999900 ) ) ;
#5320 = DIRECTION ( 'NONE',  ( 0.0000000000000000000, 0.0000000000000000000, 1.000000000000000000 ) ) ;
#5321 = ORIENTED_EDGE ( 'NONE', *, *, #3110, .F. ) ;
#5322 = CARTESIAN_POINT ( 'NONE',  ( 17.39289321881345200, 13.60000000000000000, 28.20000000000000600 ) ) ;
#5323 = FILL_AREA_STYLE_COLOUR ( '', #6134 ) ;
#5324 = UNCERTAINTY_MEASURE_WITH_UNIT (LENGTH_MEASURE( 1.000000000000000100E-005 ), #8339, 'distance_accuracy_value', 'NONE');
#5325 = PRESENTATION_STYLE_ASSIGNMENT (( #6673 ) ) ;
#5326 = ORIENTED_EDGE ( 'NONE', *, *, #10331, .F. ) ;
#5327 = MECHANICAL_DESIGN_GEOMETRIC_PRESENTATION_REPRESENTATION (  '', ( #4161 ), #5908 ) ;
#5328 = FILL_AREA_STYLE_COLOUR ( '', #9905 ) ;
#5329 = DIRECTION ( 'NONE',  ( -1.000000000000000000, 0.0000000000000000000, 0.0000000000000000000 ) ) ;
#5330 = DIRECTION ( 'NONE',  ( 0.0000000000000000000, 0.0000000000000000000, 1.000000000000000000 ) ) ;
#5331 = EDGE_LOOP ( 'NONE', ( #8095, #9240, #3981, #4063 ) ) ;
#5332 = CARTESIAN_POINT ( 'NONE',  ( 2.000000000009549700, 2.755455298103704900E-016, 26.20000000001709900 ) ) ;
#5333 = ORIENTED_EDGE ( 'NONE', *, *, #6780, .F. ) ;
#5334 = DIRECTION ( 'NONE',  ( -1.000000000000000000, 0.0000000000000000000, 0.0000000000000000000 ) ) ;
#5335 = CARTESIAN_POINT ( 'NONE',  ( -11.73714950768875900, -13.18045141898392100, 27.69802295345167000 ) ) ;
#5336 = ORIENTED_EDGE ( 'NONE', *, *, #2363, .F. ) ;
#5337 = CARTESIAN_POINT ( 'NONE',  ( 14.37408074114596300, -12.80328977755053400, 27.68473138244003500 ) ) ;
#5338 = VERTEX_POINT ( 'NONE', #7086 ) ;
#5339 = FILL_AREA_STYLE_COLOUR ( '', #11030 ) ;
#5340 = ORIENTED_EDGE ( 'NONE', *, *, #9312, .F. ) ;
#5341 = DIRECTION ( 'NONE',  ( -1.000000000000000000, 0.0000000000000000000, 0.0000000000000000000 ) ) ;
#5342 =( NAMED_UNIT ( * ) SI_UNIT ( $, .STERADIAN. ) SOLID_ANGLE_UNIT ( ) );
#5343 = FILL_AREA_STYLE ('',( #10854 ) ) ;
#5344 = DIRECTION ( 'NONE',  ( -1.000000000000000000, -0.0000000000000000000, 0.0000000000000000000 ) ) ;
#5345 =( NAMED_UNIT ( * ) PLANE_ANGLE_UNIT ( ) SI_UNIT ( $, .RADIAN. ) );
#5346 = EDGE_CURVE ( 'NONE', #585, #8639, #2603, .T. ) ;
#5347 = EDGE_CURVE ( 'NONE', #5013, #5863, #320, .T. ) ;
#5348 = EDGE_LOOP ( 'NONE', ( #4756, #9157, #6007, #10864 ) ) ;
#5349 = SURFACE_STYLE_FILL_AREA ( #7810 ) ;
#5350 = MECHANICAL_DESIGN_GEOMETRIC_PRESENTATION_REPRESENTATION (  '', ( #4178 ), #5938 ) ;
#5351 = DIRECTION ( 'NONE',  ( -1.000000000000000000, -9.856383386231857600E-017, -0.0000000000000000000 ) ) ;
#5352 = MECHANICAL_DESIGN_GEOMETRIC_PRESENTATION_REPRESENTATION (  '', ( #3606 ), #5939 ) ;
#5353 = PRESENTATION_STYLE_ASSIGNMENT (( #5595 ) ) ;
#5354 = DIRECTION ( 'NONE',  ( 0.0000000000000000000, 1.000000000000000000, 0.0000000000000000000 ) ) ;
#5355 = ADVANCED_FACE ( 'NONE', ( #9311, #6704 ), #907, .T. ) ;
#5356 = ORIENTED_EDGE ( 'NONE', *, *, #6218, .T. ) ;
#5357 = AXIS2_PLACEMENT_3D ( 'NONE', #7025, #1733, #7901 ) ;
#5358 = CARTESIAN_POINT ( 'NONE',  ( 15.65025253169417100, -17.09999999999999800, 28.19999999999999200 ) ) ;
#5359 = PLANE ( 'NONE',  #5144 ) ;
#5360 = UNCERTAINTY_MEASURE_WITH_UNIT (LENGTH_MEASURE( 1.000000000000000100E-005 ), #625, 'distance_accuracy_value', 'NONE');
#5361 = ORIENTED_EDGE ( 'NONE', *, *, #8315, .F. ) ;
#5362 = LINE ( 'NONE', #2225, #7452 ) ;
#5363 = FILL_AREA_STYLE_COLOUR ( '', #7981 ) ;
#5364 = CARTESIAN_POINT ( 'NONE',  ( -16.29861620407361000, -19.59723240814939900, 28.20000000000000300 ) ) ;
#5365 = CARTESIAN_POINT ( 'NONE',  ( -2.131126230553631800, 3.385702456046631300, -1.999999999999999600 ) ) ;
#5366 = MECHANICAL_DESIGN_GEOMETRIC_PRESENTATION_REPRESENTATION (  '', ( #4201 ), #5955 ) ;
#5367 = ORIENTED_EDGE ( 'NONE', *, *, #3900, .F. ) ;
#5368 = EDGE_LOOP ( 'NONE', ( #5599, #3813, #3525, #8935 ) ) ;
#5369 = CARTESIAN_POINT ( 'NONE',  ( -13.54102959263334700, 14.26285049231137400, 26.70000000000000300 ) ) ;
#5370 = DIRECTION ( 'NONE',  ( 0.0000000000000000000, 0.0000000000000000000, 1.000000000000000000 ) ) ;
#5371 = CIRCLE ( 'NONE', #1916, 4.000000000000000000 ) ;
#5372 = EDGE_CURVE ( 'NONE', #8787, #2458, #10553, .T. ) ;
#5373 = UNCERTAINTY_MEASURE_WITH_UNIT (LENGTH_MEASURE( 1.000000000000000100E-005 ), #3208, 'distance_accuracy_value', 'NONE');
#5374 = PRESENTATION_LAYER_ASSIGNMENT (  '', '', ( #5961 ) ) ;
#5375 = ORIENTED_EDGE ( 'NONE', *, *, #1732, .F. ) ;
#5376 = PRESENTATION_STYLE_ASSIGNMENT (( #8802 ) ) ;
#5377 = DIRECTION ( 'NONE',  ( 9.856383386231857600E-017, -1.000000000000000000, 0.0000000000000000000 ) ) ;
#5378 = DIRECTION ( 'NONE',  ( 9.856383386231857600E-017, -1.000000000000000000, 0.0000000000000000000 ) ) ;
#5379 = FACE_OUTER_BOUND ( 'NONE', #1351, .T. ) ;
#5380 = DIRECTION ( 'NONE',  ( -1.000000000000000000, 0.0000000000000000000, -0.0000000000000000000 ) ) ;
#5381 = EDGE_CURVE ( 'NONE', #4935, #432, #5872, .T. ) ;
#5382 = ORIENTED_EDGE ( 'NONE', *, *, #5807, .T. ) ;
#5383 = DIRECTION ( 'NONE',  ( -1.041186654069147000E-014, -1.000000000000000000, 0.0000000000000000000 ) ) ;
#5384 = AXIS2_PLACEMENT_3D ( 'NONE', #5263, #11340, #6159 ) ;
#5385 = CARTESIAN_POINT ( 'NONE',  ( 9.994277014740562800, -12.99999999999999500, 28.19999999999999900 ) ) ;
#5386 = EDGE_LOOP ( 'NONE', ( #2022, #2801, #8255, #7814, #9094 ) ) ;
#5387 = FILL_AREA_STYLE ('',( #4507 ) ) ;
#5388 = CARTESIAN_POINT ( 'NONE',  ( 10.20138379592620300, 12.99999999999999600, 27.69999999999999900 ) ) ;
#5389 = CARTESIAN_POINT ( 'NONE',  ( 17.10000000000000500, -15.65025253169417000, 28.19999999999999200 ) ) ;
#5390 = SURFACE_STYLE_USAGE ( .BOTH. , #10638 ) ;
#5391 = VECTOR ( 'NONE', #2625, 1000.000000000000000 ) ;
#5392 = UNCERTAINTY_MEASURE_WITH_UNIT (LENGTH_MEASURE( 1.000000000000000100E-005 ), #4033, 'distance_accuracy_value', 'NONE');
#5393 = LINE ( 'NONE', #7546, #7482 ) ;
#5394 = EDGE_CURVE ( 'NONE', #5152, #8323, #8241, .T. ) ;
#5395 = VERTEX_POINT ( 'NONE', #9804 ) ;
#5396 = SURFACE_STYLE_USAGE ( .BOTH. , #10645 ) ;
#5397 =( NAMED_UNIT ( * ) SI_UNIT ( $, .STERADIAN. ) SOLID_ANGLE_UNIT ( ) );
#5398 = MECHANICAL_DESIGN_GEOMETRIC_PRESENTATION_REPRESENTATION (  '', ( #3646 ), #5979 ) ;
#5399 = CARTESIAN_POINT ( 'NONE',  ( 0.0000000000000000000, 0.0000000000000000000, 26.20000000000000300 ) ) ;
#5400 = CARTESIAN_POINT ( 'NONE',  ( 17.10000000000000500, -13.60000000000000100, 28.19999999999999900 ) ) ;
#5401 = DIRECTION ( 'NONE',  ( 0.0000000000000000000, 0.0000000000000000000, 1.000000000000000000 ) ) ;
#5402 = SURFACE_STYLE_FILL_AREA ( #10050 ) ;
#5403 = SURFACE_STYLE_USAGE ( .BOTH. , #10654 ) ;
#5404 = LINE ( 'NONE', #8006, #6507 ) ;
#5405 = PRESENTATION_STYLE_ASSIGNMENT (( #69 ) ) ;
#5406 = ORIENTED_EDGE ( 'NONE', *, *, #6763, .F. ) ;
#5407 = PRESENTATION_LAYER_ASSIGNMENT (  '', '', ( #4235 ) ) ;
#5408 =( NAMED_UNIT ( * ) SI_UNIT ( $, .STERADIAN. ) SOLID_ANGLE_UNIT ( ) );
#5409 =( LENGTH_UNIT ( ) NAMED_UNIT ( * ) SI_UNIT ( .MILLI., .METRE. ) );
#5410 = SURFACE_STYLE_FILL_AREA ( #7788 ) ;
#5411 = CARTESIAN_POINT ( 'NONE',  ( -3.707451254426792400, 1.501926216616555200, -2.000000000000000000 ) ) ;
#5412 = SURFACE_STYLE_USAGE ( .BOTH. , #10660 ) ;
#5413 = CARTESIAN_POINT ( 'NONE',  ( 13.58868278403009100, 11.95431717055955000, 27.70000000000000300 ) ) ;
#5414 =( LENGTH_UNIT ( ) NAMED_UNIT ( * ) SI_UNIT ( .MILLI., .METRE. ) );
#5415 = CARTESIAN_POINT ( 'NONE',  ( 13.54102959263324900, -14.13542999331846100, 27.70000000000000300 ) ) ;
#5416 = PRESENTATION_STYLE_ASSIGNMENT (( #10350 ) ) ;
#5417 = ORIENTED_EDGE ( 'NONE', *, *, #9418, .T. ) ;
#5418 = CIRCLE ( 'NONE', #9800, 0.4726131969088054300 ) ;
#5419 =( GEOMETRIC_REPRESENTATION_CONTEXT ( 3 ) GLOBAL_UNCERTAINTY_ASSIGNED_CONTEXT ( ( #6648 ) ) GLOBAL_UNIT_ASSIGNED_CONTEXT ( ( #8867, #3617, #9749 ) ) REPRESENTATION_CONTEXT ( 'NONE', 'WORKASPACE' ) );
#5420 = SURFACE_SIDE_STYLE ('',( #10069 ) ) ;
#5421 =( NAMED_UNIT ( * ) SI_UNIT ( $, .STERADIAN. ) SOLID_ANGLE_UNIT ( ) );
#5422 = ADVANCED_FACE ( 'NONE', ( #5627 ), #2798, .F. ) ;
#5423 =( NAMED_UNIT ( * ) PLANE_ANGLE_UNIT ( ) SI_UNIT ( $, .RADIAN. ) );
#5424 = EDGE_CURVE ( 'NONE', #541, #2036, #2441, .T. ) ;
#5425 = CARTESIAN_POINT ( 'NONE',  ( 17.60528299132913300, 11.44788237165358800, 22.19999999999999600 ) ) ;
#5426 =( NAMED_UNIT ( * ) PLANE_ANGLE_UNIT ( ) SI_UNIT ( $, .RADIAN. ) );
#5427 = FILL_AREA_STYLE_COLOUR ( '', #8434 ) ;
#5428 = ORIENTED_EDGE ( 'NONE', *, *, #5672, .T. ) ;
#5429 = CARTESIAN_POINT ( 'NONE',  ( 13.54102959263324900, -14.26285049231146800, 26.70000000000000300 ) ) ;
#5430 =( NAMED_UNIT ( * ) SI_UNIT ( $, .STERADIAN. ) SOLID_ANGLE_UNIT ( ) );
#5431 = PRESENTATION_LAYER_ASSIGNMENT (  '', '', ( #4250 ) ) ;
#5432 = COLOUR_RGB ( '',1.000000000000000000, 1.000000000000000000, 1.000000000000000000 ) ;
#5433 = DIRECTION ( 'NONE',  ( 0.0000000000000000000, 0.0000000000000000000, -1.000000000000000000 ) ) ;
#5434 = ORIENTED_EDGE ( 'NONE', *, *, #10234, .T. ) ;
#5435 =( GEOMETRIC_REPRESENTATION_CONTEXT ( 3 ) GLOBAL_UNCERTAINTY_ASSIGNED_CONTEXT ( ( #2249 ) ) GLOBAL_UNIT_ASSIGNED_CONTEXT ( ( #429, #6660, #1360 ) ) REPRESENTATION_CONTEXT ( 'NONE', 'WORKASPACE' ) );
#5436 = EDGE_LOOP ( 'NONE', ( #7177, #889, #10274, #7080 ) ) ;
#5437 =( GEOMETRIC_REPRESENTATION_CONTEXT ( 3 ) GLOBAL_UNCERTAINTY_ASSIGNED_CONTEXT ( ( #9523 ) ) GLOBAL_UNIT_ASSIGNED_CONTEXT ( ( #3186, #9298, #4068 ) ) REPRESENTATION_CONTEXT ( 'NONE', 'WORKASPACE' ) );
#5438 = CARTESIAN_POINT ( 'NONE',  ( 0.0000000000000000000, 0.0000000000000000000, -0.5000000000000001100 ) ) ;
#5439 = VERTEX_POINT ( 'NONE', #1025 ) ;
#5440 = AXIS2_PLACEMENT_3D ( 'NONE', #3078, #3048, #3013 ) ;
#5441 = DIRECTION ( 'NONE',  ( 0.0000000000000000000, -0.0000000000000000000, 1.000000000000000000 ) ) ;
#5442 = ORIENTED_EDGE ( 'NONE', *, *, #6003, .T. ) ;
#5443 = CARTESIAN_POINT ( 'NONE',  ( -11.95431717055903500, 13.58868278403004800, 27.70000000000000300 ) ) ;
#5444 = PRESENTATION_STYLE_ASSIGNMENT (( #6804 ) ) ;
#5445 = EDGE_CURVE ( 'NONE', #4889, #1600, #9444, .T. ) ;
#5446 = MECHANICAL_DESIGN_GEOMETRIC_PRESENTATION_REPRESENTATION (  '', ( #4272 ), #6024 ) ;
#5447 = FILL_AREA_STYLE_COLOUR ( '', #6926 ) ;
#5448 = VECTOR ( 'NONE', #6341, 1000.000000000000000 ) ;
#5449 = AXIS2_PLACEMENT_3D ( 'NONE', #1762, #7923, #2688 ) ;
#5450 =( NAMED_UNIT ( * ) SI_UNIT ( $, .STERADIAN. ) SOLID_ANGLE_UNIT ( ) );
#5451 = FILL_AREA_STYLE ('',( #7190 ) ) ;
#5452 = ADVANCED_FACE ( 'NONE', ( #28 ), #3696, .F. ) ;
#5453 = ORIENTED_EDGE ( 'NONE', *, *, #491, .F. ) ;
#5454 = CARTESIAN_POINT ( 'NONE',  ( 12.41131721596999600, 14.26673093167289600, 27.68598713120335100 ) ) ;
#5455 = DIRECTION ( 'NONE',  ( 0.0000000000000000000, 0.0000000000000000000, 1.000000000000000000 ) ) ;
#5456 = DIRECTION ( 'NONE',  ( 0.0000000000000000000, 0.0000000000000000000, -1.000000000000000000 ) ) ;
#5457 =( LENGTH_UNIT ( ) NAMED_UNIT ( * ) SI_UNIT ( .MILLI., .METRE. ) );
#5458 = CARTESIAN_POINT ( 'NONE',  ( -13.58868278403017100, -11.95431717056010800, 27.70000000000000300 ) ) ;
#5459 = CARTESIAN_POINT ( 'NONE',  ( -11.20710678118654600, 1.372474744728270300E-015, -5.380361143677898200E-017 ) ) ;
#5460 = CARTESIAN_POINT ( 'NONE',  ( -17.09999999999999800, 13.59999999999999800, 3.252606517456513300E-016 ) ) ;
#5461 = MECHANICAL_DESIGN_GEOMETRIC_PRESENTATION_REPRESENTATION (  '', ( #4282 ), #6034 ) ;
#5462 = AXIS2_PLACEMENT_3D ( 'NONE', #10467, #5215, #11293 ) ;
#5463 = COLOUR_RGB ( '',1.000000000000000000, 1.000000000000000000, 1.000000000000000000 ) ;
#5464 =( LENGTH_UNIT ( ) NAMED_UNIT ( * ) SI_UNIT ( .MILLI., .METRE. ) );
#5465 = B_SPLINE_CURVE_WITH_KNOTS ( 'NONE', 3,
 ( #9125, #8253, #10003, #4758 ),
 .UNSPECIFIED., .F., .F.,
 ( 4, 4 ),
 ( -0.0005894062810967710800, 0.0000000000000000000 ),
 .UNSPECIFIED. ) ;
#5466 = DIRECTION ( 'NONE',  ( -0.0000000000000000000, -0.0000000000000000000, -1.000000000000000000 ) ) ;
#5467 = ORIENTED_EDGE ( 'NONE', *, *, #6589, .F. ) ;
#5468 = EDGE_CURVE ( 'NONE', #8058, #9545, #8365, .T. ) ;
#5469 = FILL_AREA_STYLE ('',( #5339 ) ) ;
#5470 = CARTESIAN_POINT ( 'NONE',  ( -9.701383795924931200, -13.00000000000072100, 28.19999999999999900 ) ) ;
#5471 = SURFACE_STYLE_USAGE ( .BOTH. , #10714 ) ;
#5472 =( NAMED_UNIT ( * ) PLANE_ANGLE_UNIT ( ) SI_UNIT ( $, .RADIAN. ) );
#5473 = DIRECTION ( 'NONE',  ( 0.0000000000000000000, -1.000000000000000000, -0.0000000000000000000 ) ) ;
#5474 = EDGE_CURVE ( 'NONE', #10185, #3334, #1577, .T. ) ;
#5475 =( NAMED_UNIT ( * ) SI_UNIT ( $, .STERADIAN. ) SOLID_ANGLE_UNIT ( ) );
#5476 = EDGE_LOOP ( 'NONE', ( #35, #9306, #590, #681 ) ) ;
#5477 = EDGE_LOOP ( 'NONE', ( #10959, #5996 ) ) ;
#5478 = PRESENTATION_LAYER_ASSIGNMENT (  '', '', ( #4890 ) ) ;
#5479 = DIRECTION ( 'NONE',  ( -1.000000000000000000, 0.0000000000000000000, 0.0000000000000000000 ) ) ;
#5480 = ADVANCED_FACE ( 'NONE', ( #6009 ), #2587, .F. ) ;
#5481 = ORIENTED_EDGE ( 'NONE', *, *, #8524, .T. ) ;
#5482 = PLANE ( 'NONE',  #728 ) ;
#5483 = PRESENTATION_STYLE_ASSIGNMENT (( #8812 ) ) ;
#5484 = SURFACE_STYLE_USAGE ( .BOTH. , #10726 ) ;
#5485 = ORIENTED_EDGE ( 'NONE', *, *, #2145, .T. ) ;
#5486 = ORIENTED_EDGE ( 'NONE', *, *, #3461, .T. ) ;
#5487 = MECHANICAL_DESIGN_GEOMETRIC_PRESENTATION_REPRESENTATION (  '', ( #4312 ), #6067 ) ;
#5488 =( LENGTH_UNIT ( ) NAMED_UNIT ( * ) SI_UNIT ( .MILLI., .METRE. ) );
#5489 =( NAMED_UNIT ( * ) SI_UNIT ( $, .STERADIAN. ) SOLID_ANGLE_UNIT ( ) );
#5490 =( NAMED_UNIT ( * ) PLANE_ANGLE_UNIT ( ) SI_UNIT ( $, .RADIAN. ) );
#5491 = ORIENTED_EDGE ( 'NONE', *, *, #7129, .F. ) ;
#5492 = PLANE ( 'NONE',  #524 ) ;
#5493 =( NAMED_UNIT ( * ) PLANE_ANGLE_UNIT ( ) SI_UNIT ( $, .RADIAN. ) );
#5494 = VERTEX_POINT ( 'NONE', #9950 ) ;
#5495 = MECHANICAL_DESIGN_GEOMETRIC_PRESENTATION_REPRESENTATION (  '', ( #4317 ), #6076 ) ;
#5496 = DIRECTION ( 'NONE',  ( -0.0000000000000000000, -0.0000000000000000000, -1.000000000000000000 ) ) ;
#5497 = VERTEX_POINT ( 'NONE', #5549 ) ;
#5498 = CARTESIAN_POINT ( 'NONE',  ( 12.45897040736655500, -12.99999999999999600, 27.69999999999999900 ) ) ;
#5499 = CARTESIAN_POINT ( 'NONE',  ( 13.58868278403010000, 14.37408074114600100, 26.70000000000000300 ) ) ;
#5500 = FACE_OUTER_BOUND ( 'NONE', #6656, .T. ) ;
#5501 =( GEOMETRIC_REPRESENTATION_CONTEXT ( 3 ) GLOBAL_UNCERTAINTY_ASSIGNED_CONTEXT ( ( #954 ) ) GLOBAL_UNIT_ASSIGNED_CONTEXT ( ( #3245, #9363, #4124 ) ) REPRESENTATION_CONTEXT ( 'NONE', 'WORKASPACE' ) );
#5502 = CARTESIAN_POINT ( 'NONE',  ( -11.79999999999872900, -13.00000000000072300, 26.70000000000000300 ) ) ;
#5503 = ORIENTED_EDGE ( 'NONE', *, *, #6535, .F. ) ;
#5504 =( LENGTH_UNIT ( ) NAMED_UNIT ( * ) SI_UNIT ( .MILLI., .METRE. ) );
#5505 = CARTESIAN_POINT ( 'NONE',  ( 9.701383795927110800, -19.59723240814721400, 28.19999999999999900 ) ) ;
#5506 =( NAMED_UNIT ( * ) SI_UNIT ( $, .STERADIAN. ) SOLID_ANGLE_UNIT ( ) );
#5507 = SURFACE_STYLE_USAGE ( .BOTH. , #10753 ) ;
#5508 = EDGE_LOOP ( 'NONE', ( #1608, #7640, #1126, #7427, #5453, #1165, #8052, #1382 ) ) ;
#5509 = SURFACE_STYLE_FILL_AREA ( #2387 ) ;
#5510 = PRESENTATION_LAYER_ASSIGNMENT (  '', '', ( #4329 ) ) ;
#5511 = CARTESIAN_POINT ( 'NONE',  ( -17.59999999999999800, -11.45316318592670700, 20.19999999999999900 ) ) ;
#5512 = DIRECTION ( 'NONE',  ( -1.000000000000000000, 2.946788190578822200E-015, 0.0000000000000000000 ) ) ;
#5513 =( LENGTH_UNIT ( ) NAMED_UNIT ( * ) SI_UNIT ( .MILLI., .METRE. ) );
#5514 = SURFACE_STYLE_FILL_AREA ( #9958 ) ;
#5515 = ADVANCED_FACE ( 'NONE', ( #4925 ), #3872, .T. ) ;
#5516 = EDGE_CURVE ( 'NONE', #4806, #5195, #4003, .T. ) ;
#5517 = EDGE_CURVE ( 'NONE', #4552, #8280, #4066, .T. ) ;
#5518 = EDGE_LOOP ( 'NONE', ( #1757, #115, #1431, #4451 ) ) ;
#5519 = UNCERTAINTY_MEASURE_WITH_UNIT (LENGTH_MEASURE( 1.000000000000000100E-005 ), #6671, 'distance_accuracy_value', 'NONE');
#5520 = CARTESIAN_POINT ( 'NONE',  ( 17.60528299132913700, 11.44788237165359000, 22.19999999999999600 ) ) ;
#5521 = ADVANCED_FACE ( 'NONE', ( #4104 ), #4202, .T. ) ;
#5522 = MECHANICAL_DESIGN_GEOMETRIC_PRESENTATION_REPRESENTATION (  '', ( #2569 ), #6098 ) ;
#5523 = LINE ( 'NONE', #6192, #5227 ) ;
#5524 = ORIENTED_EDGE ( 'NONE', *, *, #7095, .F. ) ;
#5525 = COLOUR_RGB ( '',1.000000000000000000, 1.000000000000000000, 1.000000000000000000 ) ;
#5526 =( GEOMETRIC_REPRESENTATION_CONTEXT ( 3 ) GLOBAL_UNCERTAINTY_ASSIGNED_CONTEXT ( ( #10083 ) ) GLOBAL_UNIT_ASSIGNED_CONTEXT ( ( #10842, #5601, #255 ) ) REPRESENTATION_CONTEXT ( 'NONE', 'WORKASPACE' ) );
#5527 = LINE ( 'NONE', #5918, #7578 ) ;
#5528 = PRESENTATION_STYLE_ASSIGNMENT (( #10524 ) ) ;
#5529 = DIRECTION ( 'NONE',  ( -1.000000000000000000, 3.032567676268349900E-016, 0.0000000000000000000 ) ) ;
#5530 = DIRECTION ( 'NONE',  ( -0.0000000000000000000, -0.0000000000000000000, 1.000000000000000000 ) ) ;
#5531 = VERTEX_POINT ( 'NONE', #7542 ) ;
#5532 = VERTEX_POINT ( 'NONE', #2246 ) ;
#5533 = ORIENTED_EDGE ( 'NONE', *, *, #10585, .T. ) ;
#5534 =( NAMED_UNIT ( * ) PLANE_ANGLE_UNIT ( ) SI_UNIT ( $, .RADIAN. ) );
#5535 = CARTESIAN_POINT ( 'NONE',  ( -15.79861620407360700, -13.00000000000072300, 27.69999999999999900 ) ) ;
#5536 = AXIS2_PLACEMENT_3D ( 'NONE', #4005, #10537, #4747 ) ;
#5537 =( LENGTH_UNIT ( ) NAMED_UNIT ( * ) SI_UNIT ( .MILLI., .METRE. ) );
#5538 = MECHANICAL_DESIGN_GEOMETRIC_PRESENTATION_REPRESENTATION (  '', ( #2583 ), #6117 ) ;
#5539 = CARTESIAN_POINT ( 'NONE',  ( -17.09999999999999800, 15.65025253169417000, 4.336808689942017700E-016 ) ) ;
#5540 = ORIENTED_EDGE ( 'NONE', *, *, #2992, .F. ) ;
#5541 =( NAMED_UNIT ( * ) PLANE_ANGLE_UNIT ( ) SI_UNIT ( $, .RADIAN. ) );
#5542 = ORIENTED_EDGE ( 'NONE', *, *, #1802, .T. ) ;
#5543 = EDGE_CURVE ( 'NONE', #3800, #6049, #9998, .T. ) ;
#5544 = DIRECTION ( 'NONE',  ( -1.000000000000000000, 0.0000000000000000000, 0.0000000000000000000 ) ) ;
#5545 =( NAMED_UNIT ( * ) PLANE_ANGLE_UNIT ( ) SI_UNIT ( $, .RADIAN. ) );
#5546 = CARTESIAN_POINT ( 'NONE',  ( -4.000000000000000000, 7.999999999999999100, 28.19999999999999900 ) ) ;
#5547 = DIRECTION ( 'NONE',  ( -0.0000000000000000000, 0.0000000000000000000, 1.000000000000000000 ) ) ;
#5548 = ADVANCED_FACE ( 'NONE', ( #7661 ), #1266, .T. ) ;
#5549 = CARTESIAN_POINT ( 'NONE',  ( 13.58868278403009300, 11.62591925885389800, 27.65553645166669800 ) ) ;
#5550 = MECHANICAL_DESIGN_GEOMETRIC_PRESENTATION_REPRESENTATION (  '', ( #4359 ), #6132 ) ;
#5551 = LINE ( 'NONE', #9417, #7598 ) ;
#5552 = EDGE_CURVE ( 'NONE', #5752, #9378, #4503, .T. ) ;
#5553 = CARTESIAN_POINT ( 'NONE',  ( -13.54102959263334700, 14.19935388018290100, 27.69507424152990500 ) ) ;
#5554 = B_SPLINE_CURVE_WITH_KNOTS ( 'NONE', 3,
 ( #475, #4945, #8485, #3226 ),
 .UNSPECIFIED., .F., .F.,
 ( 4, 4 ),
 ( 0.0000000000000000000, 0.0001923396241081046100 ),
 .UNSPECIFIED. ) ;
#5555 = CIRCLE ( 'NONE', #4423, 0.9999999999999991100 ) ;
#5556 = LINE ( 'NONE', #5649, #9934 ) ;
#5557 = MECHANICAL_DESIGN_GEOMETRIC_PRESENTATION_REPRESENTATION (  '', ( #4361 ), #6135 ) ;
#5558 = SURFACE_STYLE_USAGE ( .BOTH. , #10794 ) ;
#5559 = EDGE_LOOP ( 'NONE', ( #5611, #5367, #8199, #8635 ) ) ;
#5560 =( NAMED_UNIT ( * ) SI_UNIT ( $, .STERADIAN. ) SOLID_ANGLE_UNIT ( ) );
#5561 = CARTESIAN_POINT ( 'NONE',  ( -15.79861620407457700, 12.99999999999927000, 27.99289321881345000 ) ) ;
#5562 = DIRECTION ( 'NONE',  ( -0.0000000000000000000, -0.0000000000000000000, -1.000000000000000000 ) ) ;
#5563 = CARTESIAN_POINT ( 'NONE',  ( 2.992470004868551300, -15.60000000000000100, 22.60748687669129400 ) ) ;
#5564 =( LENGTH_UNIT ( ) NAMED_UNIT ( * ) SI_UNIT ( .MILLI., .METRE. ) );
#5565 = FILL_AREA_STYLE ('',( #2917 ) ) ;
#5566 = VECTOR ( 'NONE', #1912, 1000.000000000000000 ) ;
#5567 = SURFACE_STYLE_FILL_AREA ( #7137 ) ;
#5568 = AXIS2_PLACEMENT_3D ( 'NONE', #6796, #1490, #7676 ) ;
#5569 = CARTESIAN_POINT ( 'NONE',  ( 13.58868278403010000, 14.37408074114600300, 27.65553645166672700 ) ) ;
#5570 = SURFACE_STYLE_USAGE ( .BOTH. , #10812 ) ;
#5571 = FACE_OUTER_BOUND ( 'NONE', #5559, .T. ) ;
#5572 = ORIENTED_EDGE ( 'NONE', *, *, #6475, .F. ) ;
#5573 = AXIS2_PLACEMENT_3D ( 'NONE', #4345, #10469, #5217 ) ;
#5574 = ORIENTED_EDGE ( 'NONE', *, *, #2519, .F. ) ;
#5575 = ORIENTED_EDGE ( 'NONE', *, *, #6615, .F. ) ;
#5576 = CARTESIAN_POINT ( 'NONE',  ( -14.19999999999981100, -13.00000000000072500, 27.70000000000000300 ) ) ;
#5577 = CARTESIAN_POINT ( 'NONE',  ( -12.99999999999927200, -13.00000000000072300, 27.69999999999999900 ) ) ;
#5578 = ADVANCED_FACE ( 'NONE', ( #2157 ), #8081, .F. ) ;
#5579 = FACE_OUTER_BOUND ( 'NONE', #1993, .T. ) ;
#5580 = SURFACE_SIDE_STYLE ('',( #2097 ) ) ;
#5581 = ADVANCED_FACE ( 'NONE', ( #3686 ), #5851, .F. ) ;
#5582 = CARTESIAN_POINT ( 'NONE',  ( -13.00000000000000500, -13.00000000000000200, -5.844014525531170600E-017 ) ) ;
#5583 = EDGE_LOOP ( 'NONE', ( #1247, #5602, #6666, #11271 ) ) ;
#5584 = MECHANICAL_DESIGN_GEOMETRIC_PRESENTATION_REPRESENTATION (  '', ( #3223 ), #6168 ) ;
#5585 = CARTESIAN_POINT ( 'NONE',  ( -17.39289321881344500, -13.59999999999999800, 28.19999999999999900 ) ) ;
#5586 = CARTESIAN_POINT ( 'NONE',  ( 3.499999999999999100, 6.999999999999998200, 27.69999999999999600 ) ) ;
#5587 = DIRECTION ( 'NONE',  ( 0.0000000000000000000, -0.0000000000000000000, 1.000000000000000000 ) ) ;
#5588 = ORIENTED_EDGE ( 'NONE', *, *, #1836, .T. ) ;
#5589 = EDGE_LOOP ( 'NONE', ( #8795, #6407, #1168 ) ) ;
#5590 = EDGE_CURVE ( 'NONE', #7566, #10384, #4626, .T. ) ;
#5591 = PLANE ( 'NONE',  #5598 ) ;
#5592 = SURFACE_STYLE_USAGE ( .BOTH. , #10829 ) ;
#5593 = LINE ( 'NONE', #6026, #10236 ) ;
#5594 = DIRECTION ( 'NONE',  ( -1.000000000000000000, 6.247119924414881800E-015, 0.0000000000000000000 ) ) ;
#5595 = SURFACE_STYLE_USAGE ( .BOTH. , #5626 ) ;
#5596 =( GEOMETRIC_REPRESENTATION_CONTEXT ( 3 ) GLOBAL_UNCERTAINTY_ASSIGNED_CONTEXT ( ( #4051 ) ) GLOBAL_UNIT_ASSIGNED_CONTEXT ( ( #4504, #88, #8549 ) ) REPRESENTATION_CONTEXT ( 'NONE', 'WORKASPACE' ) );
#5597 = VECTOR ( 'NONE', #4792, 1000.000000000000000 ) ;
#5598 = AXIS2_PLACEMENT_3D ( 'NONE', #277, #6499, #1182 ) ;
#5599 = ORIENTED_EDGE ( 'NONE', *, *, #10820, .F. ) ;
#5600 = AXIS2_PLACEMENT_3D ( 'NONE', #1934, #8089, #2847 ) ;
#5601 =( NAMED_UNIT ( * ) PLANE_ANGLE_UNIT ( ) SI_UNIT ( $, .RADIAN. ) );
#5602 = ORIENTED_EDGE ( 'NONE', *, *, #5724, .T. ) ;
#5603 = DIRECTION ( 'NONE',  ( -1.000000000000000000, 1.031375866702587800E-014, 0.0000000000000000000 ) ) ;
#5604 = EDGE_CURVE ( 'NONE', #7011, #4258, #9570, .T. ) ;
#5605 = AXIS2_PLACEMENT_3D ( 'NONE', #9153, #3914, #10028 ) ;
#5606 = AXIS2_PLACEMENT_3D ( 'NONE', #7485, #8352, #6604 ) ;
#5607 = CARTESIAN_POINT ( 'NONE',  ( -11.21421356237182100, -16.57157287525561200, 27.70000000000001000 ) ) ;
#5608 = PLANE ( 'NONE',  #2536 ) ;
#5609 = B_SPLINE_CURVE_WITH_KNOTS ( 'NONE', 3,
 ( #6148, #7034, #7911, #2663, #8801 ),
 .UNSPECIFIED., .F., .F.,
 ( 4, 1, 4 ),
 ( 0.0000000000000000000, 0.0005886827840300475800, 0.001177365568060095200 ),
 .UNSPECIFIED. ) ;
#5610 = SURFACE_STYLE_FILL_AREA ( #6484 ) ;
#5611 = ORIENTED_EDGE ( 'NONE', *, *, #5394, .F. ) ;
#5612 = CARTESIAN_POINT ( 'NONE',  ( -10.79999999999921600, 12.99999999999927200, 27.28578643762690700 ) ) ;
#5613 = AXIS2_PLACEMENT_3D ( 'NONE', #4324, #10447, #5198 ) ;
#5614 = VERTEX_POINT ( 'NONE', #11116 ) ;
#5615 = CARTESIAN_POINT ( 'NONE',  ( -3.100000000000000500, -15.60000000000000100, 26.29999999999999700 ) ) ;
#5616 = CARTESIAN_POINT ( 'NONE',  ( -11.44062498292817200, 17.60999999999999200, 22.19999999999999600 ) ) ;
#5617 = AXIS2_PLACEMENT_3D ( 'NONE', #3020, #2949, #2904 ) ;
#5618 = CARTESIAN_POINT ( 'NONE',  ( -10.79289321881345000, 0.0000000000000000000, -2.000000000000000000 ) ) ;
#5619 = VECTOR ( 'NONE', #133, 1000.000000000000000 ) ;
#5620 = EDGE_CURVE ( 'NONE', #5889, #9224, #4709, .T. ) ;
#5621 = DIRECTION ( 'NONE',  ( -0.0000000000000000000, 0.0000000000000000000, 1.000000000000000000 ) ) ;
#5622 = VERTEX_POINT ( 'NONE', #8933 ) ;
#5623 = FILL_AREA_STYLE_COLOUR ( '', #8220 ) ;
#5624 =( LENGTH_UNIT ( ) NAMED_UNIT ( * ) SI_UNIT ( .MILLI., .METRE. ) );
#5625 = DIRECTION ( 'NONE',  ( 1.224646799147353200E-016, -1.000000000000000000, 0.0000000000000000000 ) ) ;
#5626 = SURFACE_SIDE_STYLE ('',( #3587 ) ) ;
#5627 = FACE_OUTER_BOUND ( 'NONE', #2642, .T. ) ;
#5628 = VERTEX_POINT ( 'NONE', #8103 ) ;
#5629 = ADVANCED_FACE ( 'NONE', ( #154 ), #8981, .T. ) ;
#5630 = PRESENTATION_LAYER_ASSIGNMENT (  '', '', ( #4445 ) ) ;
#5631 = VERTEX_POINT ( 'NONE', #1056 ) ;
#5632 = LINE ( 'NONE', #3647, #7678 ) ;
#5633 = ADVANCED_FACE ( 'NONE', ( #2141 ), #3775, .F. ) ;
#5634 = MECHANICAL_DESIGN_GEOMETRIC_PRESENTATION_REPRESENTATION (  '', ( #3276 ), #6231 ) ;
#5635 = VECTOR ( 'NONE', #5062, 1000.000000000000000 ) ;
#5636 = SURFACE_SIDE_STYLE ('',( #5794 ) ) ;
#5637 = PLANE ( 'NONE',  #8454 ) ;
#5638 = CARTESIAN_POINT ( 'NONE',  ( -14.37408074114605200, 12.41131721596994800, 27.65553645166705000 ) ) ;
#5639 = VERTEX_POINT ( 'NONE', #7306 ) ;
#5640 = COLOUR_RGB ( '',1.000000000000000000, 1.000000000000000000, 1.000000000000000000 ) ;
#5641 = AXIS2_PLACEMENT_3D ( 'NONE', #6294, #969, #7178 ) ;
#5642 = CARTESIAN_POINT ( 'NONE',  ( -11.73714950768875400, -12.45897040736652900, 26.70000000000000300 ) ) ;
#5643 = LINE ( 'NONE', #8170, #3303 ) ;
#5644 = CARTESIAN_POINT ( 'NONE',  ( 2.155378366499341600E-015, -17.10000000000000100, 4.336808689942017700E-016 ) ) ;
#5645 = VERTEX_POINT ( 'NONE', #3820 ) ;
#5646 = CARTESIAN_POINT ( 'NONE',  ( 0.0000000000000000000, 0.0000000000000000000, 22.19999999999999600 ) ) ;
#5647 = CARTESIAN_POINT ( 'NONE',  ( -1.102823950784868500, -35.60000000000000100, 24.17768011435284200 ) ) ;
#5648 = CARTESIAN_POINT ( 'NONE',  ( -15.20000000000078300, 12.99999999999927200, 27.69999999999999900 ) ) ;
#5649 = CARTESIAN_POINT ( 'NONE',  ( 14.24999999999362500, -13.00000000000000500, 4.499999999950432500 ) ) ;
#5650 = CARTESIAN_POINT ( 'NONE',  ( 11.45062910550455200, -17.60000000000000100, 20.19999999999999900 ) ) ;
#5651 = AXIS2_PLACEMENT_3D ( 'NONE', #7077, #1783, #5330 ) ;
#5652 = SURFACE_SIDE_STYLE ('',( #947 ) ) ;
#5653 = VECTOR ( 'NONE', #8655, 1000.000000000000000 ) ;
#5654 = ORIENTED_EDGE ( 'NONE', *, *, #8706, .T. ) ;
#5655 = STYLED_ITEM ( 'NONE', ( #2694 ), #9139 ) ;
#5656 = CARTESIAN_POINT ( 'NONE',  ( 1.836970198708833900E-016, 2.000000000004774800, -24.00000000000568400 ) ) ;
#5657 = ORIENTED_EDGE ( 'NONE', *, *, #5166, .F. ) ;
#5658 = CARTESIAN_POINT ( 'NONE',  ( 3.500000000000000900, -6.999999999999998200, -1.792893218813452800 ) ) ;
#5659 = CARTESIAN_POINT ( 'NONE',  ( 9.994277014739656900, 12.99999999999999500, 28.19999999999999600 ) ) ;
#5660 = CARTESIAN_POINT ( 'NONE',  ( -12.41131721597009900, -14.04568282944231300, 27.70000000000000300 ) ) ;
#5661 = CARTESIAN_POINT ( 'NONE',  ( -14.07111483039578400, -12.45897040736650600, 27.70000000000000300 ) ) ;
#5662 = AXIS2_PLACEMENT_3D ( 'NONE', #9522, #4284, #10400 ) ;
#5663 = SURFACE_STYLE_USAGE ( .BOTH. , #10905 ) ;
#5664 = FILL_AREA_STYLE ('',( #3877 ) ) ;
#5665 = ORIENTED_EDGE ( 'NONE', *, *, #8626, .F. ) ;
#5666 = MECHANICAL_DESIGN_GEOMETRIC_PRESENTATION_REPRESENTATION (  '', ( #4483 ), #6259 ) ;
#5667 = PRESENTATION_STYLE_ASSIGNMENT (( #4541 ) ) ;
#5668 = ORIENTED_EDGE ( 'NONE', *, *, #10820, .T. ) ;
#5669 = ORIENTED_EDGE ( 'NONE', *, *, #7927, .F. ) ;
#5670 = LINE ( 'NONE', #8803, #8008 ) ;
#5671 = CARTESIAN_POINT ( 'NONE',  ( -11.44062498292817400, 17.60999999999999200, 5.999999999999998200 ) ) ;
#5672 = EDGE_CURVE ( 'NONE', #10129, #1914, #2020, .T. ) ;
#5673 = STYLED_ITEM ( 'NONE', ( #207 ), #10362 ) ;
#5674 = DIRECTION ( 'NONE',  ( 0.0000000000000000000, 0.0000000000000000000, 1.000000000000000000 ) ) ;
#5675 = ORIENTED_EDGE ( 'NONE', *, *, #9925, .F. ) ;
#5676 = FILL_AREA_STYLE_COLOUR ( '', #1474 ) ;
#5677 = DIRECTION ( 'NONE',  ( 0.0000000000000000000, -6.938893904071311400E-016, 1.000000000000000000 ) ) ;
#5678 = FACE_OUTER_BOUND ( 'NONE', #678, .T. ) ;
#5679 = AXIS2_PLACEMENT_3D ( 'NONE', #7252, #7208, #7174 ) ;
#5680 = DIRECTION ( 'NONE',  ( 0.0000000000000000000, 1.000000000000000000, 0.0000000000000000000 ) ) ;
#5681 = ADVANCED_FACE ( 'NONE', ( #6688 ), #3270, .T. ) ;
#5682 = STYLED_ITEM ( 'NONE', ( #7585 ), #2607 ) ;
#5683 = DIRECTION ( 'NONE',  ( 0.0000000000000000000, 0.0000000000000000000, 1.000000000000000000 ) ) ;
#5684 = CIRCLE ( 'NONE', #2991, 0.5000000000000004400 ) ;
#5685 = ADVANCED_FACE ( 'NONE', ( #10251 ), #5608, .T. ) ;
#5686 =( BOUNDED_CURVE ( )  B_SPLINE_CURVE ( 3, ( #9382, #10257, #5026, #11108 ),
 .UNSPECIFIED., .F., .T. ) 
 B_SPLINE_CURVE_WITH_KNOTS ( ( 4, 4 ),
 ( 0.0000000000000000000, 1.000000000000000000 ),
 .UNSPECIFIED. ) 
 CURVE ( )  GEOMETRIC_REPRESENTATION_ITEM ( )  RATIONAL_B_SPLINE_CURVE ( ( 1.000000000000000000, 0.9711696904486886200, 0.9711696904486886200, 1.000000000000000000 ) ) 
 REPRESENTATION_ITEM ( '' )  );
#5687 = FACE_OUTER_BOUND ( 'NONE', #10777, .T. ) ;
#5688 = EDGE_CURVE ( 'NONE', #5973, #11369, #2426, .T. ) ;
#5689 = ORIENTED_EDGE ( 'NONE', *, *, #5960, .T. ) ;
#5690 = VECTOR ( 'NONE', #1823, 1000.000000000000000 ) ;
#5691 = DIRECTION ( 'NONE',  ( 1.000000000000000000, 0.0000000000000000000, -0.0000000000000000000 ) ) ;
#5692 = CARTESIAN_POINT ( 'NONE',  ( -1.270437991962326500, 2.000000000000000000, -23.63773720483333200 ) ) ;
#5693 = PRESENTATION_LAYER_ASSIGNMENT (  '', '', ( #5100 ) ) ;
#5694 = EDGE_CURVE ( 'NONE', #5882, #10505, #9426, .T. ) ;
#5695 = DIRECTION ( 'NONE',  ( 1.000000000000000000, 0.0000000000000000000, 0.0000000000000000000 ) ) ;
#5696 = FACE_OUTER_BOUND ( 'NONE', #8329, .T. ) ;
#5697 =( NAMED_UNIT ( * ) PLANE_ANGLE_UNIT ( ) SI_UNIT ( $, .RADIAN. ) );
#5698 = CARTESIAN_POINT ( 'NONE',  ( 14.04568282944103800, -12.41131721597004800, 27.70000000000000300 ) ) ;
#5699 = COLOUR_RGB ( '',1.000000000000000000, 0.0000000000000000000, 0.0000000000000000000 ) ;
#5700 = FACE_OUTER_BOUND ( 'NONE', #3518, .T. ) ;
#5701 = FACE_OUTER_BOUND ( 'NONE', #7717, .T. ) ;
#5702 = VERTEX_POINT ( 'NONE', #7425 ) ;
#5703 = SURFACE_STYLE_FILL_AREA ( #8794 ) ;
#5704 = PRESENTATION_STYLE_ASSIGNMENT (( #5726 ) ) ;
#5705 = VERTEX_POINT ( 'NONE', #2134 ) ;
#5706 =( GEOMETRIC_REPRESENTATION_CONTEXT ( 3 ) GLOBAL_UNCERTAINTY_ASSIGNED_CONTEXT ( ( #376 ) ) GLOBAL_UNIT_ASSIGNED_CONTEXT ( ( #6162, #830, #7044 ) ) REPRESENTATION_CONTEXT ( 'NONE', 'WORKASPACE' ) );
#5707 = ORIENTED_EDGE ( 'NONE', *, *, #309, .F. ) ;
#5708 =( GEOMETRIC_REPRESENTATION_CONTEXT ( 3 ) GLOBAL_UNCERTAINTY_ASSIGNED_CONTEXT ( ( #4966 ) ) GLOBAL_UNIT_ASSIGNED_CONTEXT ( ( #5537, #174, #6415 ) ) REPRESENTATION_CONTEXT ( 'NONE', 'WORKASPACE' ) );
#5709 = EDGE_LOOP ( 'NONE', ( #4693, #6632, #9435, #6027 ) ) ;
#5710 = SURFACE_SIDE_STYLE ('',( #6750 ) ) ;
#5711 = CARTESIAN_POINT ( 'NONE',  ( -3.100000000000000500, -15.60000000000000100, 22.19999999999999600 ) ) ;
#5712 = PRESENTATION_STYLE_ASSIGNMENT (( #2755 ) ) ;
#5713 = STYLED_ITEM ( 'NONE', ( #11041 ), #8824 ) ;
#5714 = SURFACE_SIDE_STYLE ('',( #10858 ) ) ;
#5715 = VECTOR ( 'NONE', #4904, 1000.000000000000000 ) ;
#5716 = DIRECTION ( 'NONE',  ( 1.000000000000000000, -6.247119924414881800E-015, -0.0000000000000000000 ) ) ;
#5717 = CARTESIAN_POINT ( 'NONE',  ( 11.44062498292818800, -17.60999999999998900, 22.19999999999999600 ) ) ;
#5718 = CARTESIAN_POINT ( 'NONE',  ( 17.60000000000000500, 15.94314575050761600, 0.2071067811865478800 ) ) ;
#5719 = UNCERTAINTY_MEASURE_WITH_UNIT (LENGTH_MEASURE( 1.000000000000000100E-005 ), #9912, 'distance_accuracy_value', 'NONE');
#5720 = PRESENTATION_LAYER_ASSIGNMENT (  '', '', ( #3968 ) ) ;
#5721 = CARTESIAN_POINT ( 'NONE',  ( -14.26285049231150400, -12.45897040736650600, 26.70000000000000300 ) ) ;
#5722 = CARTESIAN_POINT ( 'NONE',  ( -10.49999999999999800, -2.571758278209441300E-015, -2.000000000000000000 ) ) ;
#5723 = ORIENTED_EDGE ( 'NONE', *, *, #8419, .F. ) ;
#5724 = EDGE_CURVE ( 'NONE', #2043, #4472, #4500, .T. ) ;
#5725 = COLOUR_RGB ( '',1.000000000000000000, 1.000000000000000000, 1.000000000000000000 ) ;
#5726 = SURFACE_STYLE_USAGE ( .BOTH. , #10965 ) ;
#5727 = DIRECTION ( 'NONE',  ( 0.0000000000000000000, 0.0000000000000000000, 1.000000000000000000 ) ) ;
#5728 =( NAMED_UNIT ( * ) SI_UNIT ( $, .STERADIAN. ) SOLID_ANGLE_UNIT ( ) );
#5729 = CARTESIAN_POINT ( 'NONE',  ( -12.63931360491110000, 11.73714950768862400, 27.69730827491914800 ) ) ;
#5730 = SURFACE_SIDE_STYLE ('',( #4162 ) ) ;
#5731 = PRESENTATION_LAYER_ASSIGNMENT (  '', '', ( #3980 ) ) ;
#5732 = PRESENTATION_LAYER_ASSIGNMENT (  '', '', ( #4560 ) ) ;
#5733 = SURFACE_STYLE_USAGE ( .BOTH. , #10974 ) ;
#5734 = FACE_OUTER_BOUND ( 'NONE', #2481, .T. ) ;
#5735 = VERTEX_POINT ( 'NONE', #10047 ) ;
#5736 = ADVANCED_FACE ( 'NONE', ( #17, #4782 ), #8308, .T. ) ;
#5737 = FILL_AREA_STYLE ('',( #3079 ) ) ;
#5738 = CARTESIAN_POINT ( 'NONE',  ( -12.41131721597009400, -13.54102959263321900, 26.70000000000000300 ) ) ;
#5739 = UNCERTAINTY_MEASURE_WITH_UNIT (LENGTH_MEASURE( 1.000000000000000100E-005 ), #641, 'distance_accuracy_value', 'NONE');
#5740 = ORIENTED_EDGE ( 'NONE', *, *, #2965, .T. ) ;
#5741 = PRESENTATION_STYLE_ASSIGNMENT (( #7319 ) ) ;
#5742 = EDGE_CURVE ( 'NONE', #4930, #10031, #1289, .T. ) ;
#5743 =( GEOMETRIC_REPRESENTATION_CONTEXT ( 3 ) GLOBAL_UNCERTAINTY_ASSIGNED_CONTEXT ( ( #6624 ) ) GLOBAL_UNIT_ASSIGNED_CONTEXT ( ( #6061, #735, #6949 ) ) REPRESENTATION_CONTEXT ( 'NONE', 'WORKASPACE' ) );
#5744 = DIRECTION ( 'NONE',  ( -0.0000000000000000000, 0.0000000000000000000, 1.000000000000000000 ) ) ;
#5745 = ORIENTED_EDGE ( 'NONE', *, *, #1293, .F. ) ;
#5746 = DIRECTION ( 'NONE',  ( 1.000000000000000000, 0.0000000000000000000, 0.0000000000000000000 ) ) ;
#5747 = CARTESIAN_POINT ( 'NONE',  ( 17.60000000000000500, -11.45316318592670500, 20.19999999999999900 ) ) ;
#5748 = EDGE_LOOP ( 'NONE', ( #7505, #2460, #4377, #6685 ) ) ;
#5749 = DIRECTION ( 'NONE',  ( 1.000000000000000000, 0.0000000000000000000, -0.0000000000000000000 ) ) ;
#5750 = MECHANICAL_DESIGN_GEOMETRIC_PRESENTATION_REPRESENTATION (  '', ( #4582 ), #6357 ) ;
#5751 = LINE ( 'NONE', #6958, #1027 ) ;
#5752 = VERTEX_POINT ( 'NONE', #2200 ) ;
#5753 = EDGE_CURVE ( 'NONE', #7229, #11096, #10382, .T. ) ;
#5754 =( GEOMETRIC_REPRESENTATION_CONTEXT ( 3 ) GLOBAL_UNCERTAINTY_ASSIGNED_CONTEXT ( ( #5868 ) ) GLOBAL_UNIT_ASSIGNED_CONTEXT ( ( #6311, #990, #7199 ) ) REPRESENTATION_CONTEXT ( 'NONE', 'WORKASPACE' ) );
#5755 = VERTEX_POINT ( 'NONE', #6555 ) ;
#5756 = VECTOR ( 'NONE', #7884, 1000.000000000000000 ) ;
#5757 = SURFACE_STYLE_USAGE ( .BOTH. , #10999 ) ;
#5758 = ORIENTED_EDGE ( 'NONE', *, *, #5315, .F. ) ;
#5759 = FILL_AREA_STYLE ('',( #1303 ) ) ;
#5760 = ORIENTED_EDGE ( 'NONE', *, *, #948, .T. ) ;
#5761 = LINE ( 'NONE', #3026, #3423 ) ;
#5762 = PRESENTATION_STYLE_ASSIGNMENT (( #9855 ) ) ;
#5763 = CARTESIAN_POINT ( 'NONE',  ( 17.10000000000000500, -17.60000000000000100, 0.5000000000000004400 ) ) ;
#5764 = DIRECTION ( 'NONE',  ( -0.0000000000000000000, 0.0000000000000000000, 1.000000000000000000 ) ) ;
#5765 = PRESENTATION_LAYER_ASSIGNMENT (  '', '', ( #6370 ) ) ;
#5766 = VERTEX_POINT ( 'NONE', #1287 ) ;
#5767 = FACE_OUTER_BOUND ( 'NONE', #9006, .T. ) ;
#5768 = PRESENTATION_STYLE_ASSIGNMENT (( #4372 ) ) ;
#5769 = ORIENTED_EDGE ( 'NONE', *, *, #9278, .T. ) ;
#5770 = ORIENTED_EDGE ( 'NONE', *, *, #7511, .T. ) ;
#5771 = FACE_OUTER_BOUND ( 'NONE', #1743, .T. ) ;
#5772 = VECTOR ( 'NONE', #4434, 1000.000000000000000 ) ;
#5773 = CARTESIAN_POINT ( 'NONE',  ( -11.92888516960274400, -12.45897040736652500, 27.70000000000000300 ) ) ;
#5774 = DIRECTION ( 'NONE',  ( -0.0000000000000000000, -0.0000000000000000000, -1.000000000000000000 ) ) ;
#5775 = VERTEX_POINT ( 'NONE', #9235 ) ;
#5776 = SURFACE_STYLE_USAGE ( .BOTH. , #11015 ) ;
#5777 = CARTESIAN_POINT ( 'NONE',  ( 16.29861620407379200, 19.59723240814758300, 28.20000000000000300 ) ) ;
#5778 = VERTEX_POINT ( 'NONE', #400 ) ;
#5779 = CYLINDRICAL_SURFACE ( 'NONE', #5651, 0.4726131969088054300 ) ;
#5780 = MECHANICAL_DESIGN_GEOMETRIC_PRESENTATION_REPRESENTATION (  '', ( #2868 ), #6382 ) ;
#5781 = FILL_AREA_STYLE_COLOUR ( '', #10364 ) ;
#5782 = CARTESIAN_POINT ( 'NONE',  ( 12.45897040736655400, -14.26285049231145800, 26.70000000000000300 ) ) ;
#5783 = CARTESIAN_POINT ( 'NONE',  ( -12.41131721597007200, -11.62591925885381800, 27.65553645166674800 ) ) ;
#5784 = EDGE_CURVE ( 'NONE', #10983, #3037, #3394, .T. ) ;
#5785 = ADVANCED_FACE ( 'NONE', ( #5734 ), #7502, .F. ) ;
#5786 = ORIENTED_EDGE ( 'NONE', *, *, #1579, .F. ) ;
#5787 = VERTEX_POINT ( 'NONE', #7532 ) ;
#5788 = VERTEX_POINT ( 'NONE', #2274 ) ;
#5789 =( LENGTH_UNIT ( ) NAMED_UNIT ( * ) SI_UNIT ( .MILLI., .METRE. ) );
#5790 = DIRECTION ( 'NONE',  ( 0.0000000000000000000, -0.0000000000000000000, -1.000000000000000000 ) ) ;
#5791 = STYLED_ITEM ( 'NONE', ( #7889 ), #300 ) ;
#5792 = FILL_AREA_STYLE ('',( #4044 ) ) ;
#5793 = PRESENTATION_LAYER_ASSIGNMENT (  '', '', ( #4638 ) ) ;
#5794 = SURFACE_STYLE_FILL_AREA ( #10881 ) ;
#5795 = CARTESIAN_POINT ( 'NONE',  ( 11.50000000000000000, 22.99999999999999300, 0.0000000000000000000 ) ) ;
#5796 = VERTEX_POINT ( 'NONE', #8447 ) ;
#5797 = DIRECTION ( 'NONE',  ( 0.0000000000000000000, 0.0000000000000000000, 1.000000000000000000 ) ) ;
#5798 = DIRECTION ( 'NONE',  ( 1.000000000000000000, 0.0000000000000000000, 0.0000000000000000000 ) ) ;
#5799 =( NAMED_UNIT ( * ) PLANE_ANGLE_UNIT ( ) SI_UNIT ( $, .RADIAN. ) );
#5800 = PRESENTATION_STYLE_ASSIGNMENT (( #1571 ) ) ;
#5801 = DIRECTION ( 'NONE',  ( 1.000000000000000000, 0.0000000000000000000, 0.0000000000000000000 ) ) ;
#5802 = UNCERTAINTY_MEASURE_WITH_UNIT (LENGTH_MEASURE( 1.000000000000000100E-005 ), #718, 'distance_accuracy_value', 'NONE');
#5803 = CIRCLE ( 'NONE', #3942, 1.249999999999999300 ) ;
#5804 = VECTOR ( 'NONE', #10857, 1000.000000000000000 ) ;
#5805 = ORIENTED_EDGE ( 'NONE', *, *, #4173, .F. ) ;
#5806 = FACE_OUTER_BOUND ( 'NONE', #402, .T. ) ;
#5807 = EDGE_CURVE ( 'NONE', #771, #1856, #2572, .T. ) ;
#5808 = AXIS2_PLACEMENT_3D ( 'NONE', #6169, #10489, #10564 ) ;
#5809 = EDGE_CURVE ( 'NONE', #7381, #2711, #4907, .T. ) ;
#5810 = PLANE ( 'NONE',  #10586 ) ;
#5811 = CARTESIAN_POINT ( 'NONE',  ( 16.29861620407379200, 12.99999999999999500, 27.69999999999999900 ) ) ;
#5812 = SURFACE_STYLE_FILL_AREA ( #7528 ) ;
#5813 = VECTOR ( 'NONE', #9606, 1000.000000000000000 ) ;
#5814 = ORIENTED_EDGE ( 'NONE', *, *, #2966, .F. ) ;
#5815 = CARTESIAN_POINT ( 'NONE',  ( -10.49999999999999800, -20.99999999999999300, -2.000000000000000000 ) ) ;
#5816 = DIRECTION ( 'NONE',  ( 1.000000000000000000, 0.0000000000000000000, 0.0000000000000000000 ) ) ;
#5817 = PRESENTATION_LAYER_ASSIGNMENT (  '', '', ( #5230 ) ) ;
#5818 = STYLED_ITEM ( 'NONE', ( #1196 ), #2886 ) ;
#5819 =( LENGTH_UNIT ( ) NAMED_UNIT ( * ) SI_UNIT ( .MILLI., .METRE. ) );
#5820 = SURFACE_STYLE_FILL_AREA ( #262 ) ;
#5821 = EDGE_CURVE ( 'NONE', #451, #2573, #9290, .T. ) ;
#5822 = CARTESIAN_POINT ( 'NONE',  ( 14.26285049231142000, 12.45897040736659800, 27.68476953867925900 ) ) ;
#5823 = EDGE_LOOP ( 'NONE', ( #2502, #10417, #9956, #9619 ) ) ;
#5824 = FILL_AREA_STYLE_COLOUR ( '', #1225 ) ;
#5825 = EDGE_LOOP ( 'NONE', ( #4142, #7172, #9374, #5923, #2186, #10830, #8737, #3567, #7812, #6447, #6532, #10497 ) ) ;
#5826 = CARTESIAN_POINT ( 'NONE',  ( -2.500000000000000000, 3.061616997868383100E-016, -24.00000000000000000 ) ) ;
#5827 = MECHANICAL_DESIGN_GEOMETRIC_PRESENTATION_REPRESENTATION (  '', ( #2918 ), #6436 ) ;
#5828 = EDGE_CURVE ( 'NONE', #9894, #1048, #5554, .T. ) ;
#5829 = DIRECTION ( 'NONE',  ( 1.000000000000000000, 0.0000000000000000000, -0.0000000000000000000 ) ) ;
#5830 = CARTESIAN_POINT ( 'NONE',  ( 14.78578643762690000, 13.00000000000008700, 27.70000000000000600 ) ) ;
#5831 = PRESENTATION_STYLE_ASSIGNMENT (( #8989 ) ) ;
#5832 = ORIENTED_EDGE ( 'NONE', *, *, #4059, .T. ) ;
#5833 = VERTEX_POINT ( 'NONE', #9342 ) ;
#5834 = ORIENTED_EDGE ( 'NONE', *, *, #1789, .T. ) ;
#5835 = CARTESIAN_POINT ( 'NONE',  ( -3.707106781186546100, -7.414213562373094900, 28.19999999999999900 ) ) ;
#5836 = CARTESIAN_POINT ( 'NONE',  ( -1.501915566186287100, -3.707455472425366300, -2.000000000000000000 ) ) ;
#5837 =( GEOMETRIC_REPRESENTATION_CONTEXT ( 3 ) GLOBAL_UNCERTAINTY_ASSIGNED_CONTEXT ( ( #5802 ) ) GLOBAL_UNIT_ASSIGNED_CONTEXT ( ( #718, #6932, #1640 ) ) REPRESENTATION_CONTEXT ( 'NONE', 'WORKASPACE' ) );
#5838 = CARTESIAN_POINT ( 'NONE',  ( 3.500000000000000000, 0.0000000000000000000, 26.20000000000000300 ) ) ;
#5839 = ORIENTED_EDGE ( 'NONE', *, *, #3833, .F. ) ;
#5840 = DIRECTION ( 'NONE',  ( -0.0000000000000000000, -0.0000000000000000000, -1.000000000000000000 ) ) ;
#5841 = SURFACE_STYLE_USAGE ( .BOTH. , #11075 ) ;
#5842 =( GEOMETRIC_REPRESENTATION_CONTEXT ( 3 ) GLOBAL_UNCERTAINTY_ASSIGNED_CONTEXT ( ( #11000 ) ) GLOBAL_UNIT_ASSIGNED_CONTEXT ( ( #3745, #9872, #4622 ) ) REPRESENTATION_CONTEXT ( 'NONE', 'WORKASPACE' ) );
#5843 = DIRECTION ( 'NONE',  ( -1.031375866702587800E-014, -1.000000000000000000, 0.0000000000000000000 ) ) ;
#5844 = DIRECTION ( 'NONE',  ( 0.0000000000000000000, 1.000000000000000000, 0.0000000000000000000 ) ) ;
#5845 = STYLED_ITEM ( 'NONE', ( #1786 ), #3003 ) ;
#5846 = VECTOR ( 'NONE', #9458, 1000.000000000000000 ) ;
#5847 = DIRECTION ( 'NONE',  ( 0.0000000000000000000, -0.0000000000000000000, -1.000000000000000000 ) ) ;
#5848 = AXIS2_PLACEMENT_3D ( 'NONE', #11073, #5840, #514 ) ;
#5849 = DIRECTION ( 'NONE',  ( 0.0000000000000000000, -0.0000000000000000000, -1.000000000000000000 ) ) ;
#5850 = CARTESIAN_POINT ( 'NONE',  ( 11.45062910550455000, 17.60000000000000100, 20.19999999999999900 ) ) ;
#5851 = PLANE ( 'NONE',  #9891 ) ;
#5852 = EDGE_CURVE ( 'NONE', #4351, #4431, #4641, .T. ) ;
#5853 = CYLINDRICAL_SURFACE ( 'NONE', #11216, 1.249999999999999300 ) ;
#5854 = CARTESIAN_POINT ( 'NONE',  ( -13.54102959263334700, 11.73714950768862400, 27.68476953867952900 ) ) ;
#5855 = CARTESIAN_POINT ( 'NONE',  ( -13.00000000000000200, 13.00000000000000200, 0.0000000000000000000 ) ) ;
#5856 = DIRECTION ( 'NONE',  ( -1.000000000000000000, 0.0000000000000000000, 0.0000000000000000000 ) ) ;
#5857 = ORIENTED_EDGE ( 'NONE', *, *, #1501, .F. ) ;
#5858 = CARTESIAN_POINT ( 'NONE',  ( -11.62591925885395100, 13.58868278403005000, 27.65553645166687200 ) ) ;
#5859 = CARTESIAN_POINT ( 'NONE',  ( -14.04568282944096100, 13.58868278403004800, 27.70000000000000300 ) ) ;
#5860 = LINE ( 'NONE', #5280, #301 ) ;
#5861 = DIRECTION ( 'NONE',  ( 0.7069610411263191900, -0.7072524912148354700, 0.0000000000000000000 ) ) ;
#5862 = DIRECTION ( 'NONE',  ( 1.000000000000000000, 0.0000000000000000000, -0.0000000000000000000 ) ) ;
#5863 = VERTEX_POINT ( 'NONE', #2314 ) ;
#5864 = EDGE_CURVE ( 'NONE', #9689, #7558, #2276, .T. ) ;
#5865 = AXIS2_PLACEMENT_3D ( 'NONE', #6657, #1356, #7556 ) ;
#5866 = CARTESIAN_POINT ( 'NONE',  ( 12.41131721597000100, 14.37408074114600400, 26.70000000000000300 ) ) ;
#5867 = PRESENTATION_STYLE_ASSIGNMENT (( #8143 ) ) ;
#5868 = UNCERTAINTY_MEASURE_WITH_UNIT (LENGTH_MEASURE( 1.000000000000000100E-005 ), #6311, 'distance_accuracy_value', 'NONE');
#5869 = CARTESIAN_POINT ( 'NONE',  ( 13.58868278403009300, 12.45897040736660200, 26.70000000000000300 ) ) ;
#5870 = CARTESIAN_POINT ( 'NONE',  ( 2.074779885807283500, -3.420506883676267300, -2.000000000000000400 ) ) ;
#5871 = ORIENTED_EDGE ( 'NONE', *, *, #6565, .F. ) ;
#5872 = LINE ( 'NONE', #950, #1163 ) ;
#5873 = ORIENTED_EDGE ( 'NONE', *, *, #3316, .T. ) ;
#5874 = AXIS2_PLACEMENT_3D ( 'NONE', #11005, #6540, #3713 ) ;
#5875 =( GEOMETRIC_REPRESENTATION_CONTEXT ( 3 ) GLOBAL_UNCERTAINTY_ASSIGNED_CONTEXT ( ( #715 ) ) GLOBAL_UNIT_ASSIGNED_CONTEXT ( ( #739, #6952, #1659 ) ) REPRESENTATION_CONTEXT ( 'NONE', 'WORKASPACE' ) );
#5876 = CARTESIAN_POINT ( 'NONE',  ( 14.78578643762744200, -9.428427124746553600, 27.70000000000000300 ) ) ;
#5877 = EDGE_LOOP ( 'NONE', ( #6269, #1918, #10094 ) ) ;
#5878 = ORIENTED_EDGE ( 'NONE', *, *, #1661, .T. ) ;
#5879 = PRESENTATION_STYLE_ASSIGNMENT (( #6937 ) ) ;
#5880 = EDGE_CURVE ( 'NONE', #11070, #5796, #6684, .T. ) ;
#5881 = DIRECTION ( 'NONE',  ( -0.0000000000000000000, -0.0000000000000000000, -1.000000000000000000 ) ) ;
#5882 = VERTEX_POINT ( 'NONE', #2360 ) ;
#5883 = CARTESIAN_POINT ( 'NONE',  ( 0.0000000000000000000, 0.0000000000000000000, -1.500000000000000000 ) ) ;
#5884 = LINE ( 'NONE', #7728, #1176 ) ;
#5885 = VERTEX_POINT ( 'NONE', #3260 ) ;
#5886 = STYLED_ITEM ( 'NONE', ( #3089 ), #3965 ) ;
#5887 = DIRECTION ( 'NONE',  ( -1.000000000000000000, 6.123233995736766000E-017, 0.0000000000000000000 ) ) ;
#5888 = EDGE_CURVE ( 'NONE', #5614, #128, #5686, .T. ) ;
#5889 = VERTEX_POINT ( 'NONE', #7630 ) ;
#5890 = CARTESIAN_POINT ( 'NONE',  ( 17.60000000000000500, -15.94314575050761600, 0.2071067811865478800 ) ) ;
#5891 = SURFACE_STYLE_FILL_AREA ( #8819 ) ;
#5892 = FILL_AREA_STYLE ('',( #5034 ) ) ;
#5893 = VECTOR ( 'NONE', #1883, 1000.000000000000000 ) ;
#5894 = LINE ( 'NONE', #8240, #8259 ) ;
#5895 = CARTESIAN_POINT ( 'NONE',  ( 3.964894150531214300, 0.6289595620770828100, -2.000000000000000000 ) ) ;
#5896 = EDGE_LOOP ( 'NONE', ( #4735, #9336, #4439, #9629, #10578, #781, #10518, #763, #9945, #6943, #6467, #4686 ) ) ;
#5897 = PLANE ( 'NONE',  #151 ) ;
#5898 = CARTESIAN_POINT ( 'NONE',  ( -9.994277014738859300, 6.988554029477015200, 28.19999999999999600 ) ) ;
#5899 =( NAMED_UNIT ( * ) SI_UNIT ( $, .STERADIAN. ) SOLID_ANGLE_UNIT ( ) );
#5900 = FILL_AREA_STYLE ('',( #5041 ) ) ;
#5901 = SURFACE_SIDE_STYLE ('',( #11219 ) ) ;
#5902 = CARTESIAN_POINT ( 'NONE',  ( -11.73714950768876600, -13.54102959263322200, 26.70000000000000300 ) ) ;
#5903 = FILL_AREA_STYLE ('',( #5043 ) ) ;
#5904 = CARTESIAN_POINT ( 'NONE',  ( 3.499999999999999100, 6.999999999999998200, -1.792893218813452800 ) ) ;
#5905 = ORIENTED_EDGE ( 'NONE', *, *, #4807, .T. ) ;
#5906 = CIRCLE ( 'NONE', #1889, 0.5000000000000004400 ) ;
#5907 = CIRCLE ( 'NONE', #365, 2.200000000000543700 ) ;
#5908 =( GEOMETRIC_REPRESENTATION_CONTEXT ( 3 ) GLOBAL_UNCERTAINTY_ASSIGNED_CONTEXT ( ( #675 ) ) GLOBAL_UNIT_ASSIGNED_CONTEXT ( ( #9441, #4204, #10324 ) ) REPRESENTATION_CONTEXT ( 'NONE', 'WORKASPACE' ) );
#5909 = LINE ( 'NONE', #11200, #10587 ) ;
#5910 = FILL_AREA_STYLE ('',( #5047 ) ) ;
#5911 = ORIENTED_EDGE ( 'NONE', *, *, #1278, .T. ) ;
#5912 = ORIENTED_EDGE ( 'NONE', *, *, #7586, .F. ) ;
#5913 = DIRECTION ( 'NONE',  ( 0.0000000000000000000, 1.000000000000000000, 0.0000000000000000000 ) ) ;
#5914 = PRESENTATION_LAYER_ASSIGNMENT (  '', '', ( #4165 ) ) ;
#5915 = CARTESIAN_POINT ( 'NONE',  ( 17.60000000000000500, -13.60000000000000100, 20.19999999999999900 ) ) ;
#5916 = DIRECTION ( 'NONE',  ( -0.0000000000000000000, 0.0000000000000000000, 1.000000000000000000 ) ) ;
#5917 = ORIENTED_EDGE ( 'NONE', *, *, #5424, .T. ) ;
#5918 = CARTESIAN_POINT ( 'NONE',  ( 11.75000000000636600, 12.99999999999999600, 4.499999999950432500 ) ) ;
#5919 = COLOUR_RGB ( '',0.2509803921568627400, 0.2509803921568627400, 0.2509803921568627400 ) ;
#5920 = CARTESIAN_POINT ( 'NONE',  ( 11.45062910550454800, 17.60000000000000500, 6.000000000000000000 ) ) ;
#5921 = ORIENTED_EDGE ( 'NONE', *, *, #8632, .T. ) ;
#5922 = FACE_OUTER_BOUND ( 'NONE', #5236, .T. ) ;
#5923 = ORIENTED_EDGE ( 'NONE', *, *, #4139, .T. ) ;
#5924 = UNCERTAINTY_MEASURE_WITH_UNIT (LENGTH_MEASURE( 1.000000000000000100E-005 ), #64, 'distance_accuracy_value', 'NONE');
#5925 = DIRECTION ( 'NONE',  ( -1.000000000000000000, 0.0000000000000000000, 0.0000000000000000000 ) ) ;
#5926 = ORIENTED_EDGE ( 'NONE', *, *, #6853, .T. ) ;
#5927 = PRESENTATION_LAYER_ASSIGNMENT (  '', '', ( #4170 ) ) ;
#5928 =( NAMED_UNIT ( * ) PLANE_ANGLE_UNIT ( ) SI_UNIT ( $, .RADIAN. ) );
#5929 = VECTOR ( 'NONE', #9592, 1000.000000000000000 ) ;
#5930 = EDGE_CURVE ( 'NONE', #8411, #6843, #6425, .T. ) ;
#5931 = EDGE_CURVE ( 'NONE', #7120, #8662, #11051, .T. ) ;
#5932 = VECTOR ( 'NONE', #2840, 1000.000000000000000 ) ;
#5933 = SURFACE_STYLE_FILL_AREA ( #4992 ) ;
#5934 = ORIENTED_EDGE ( 'NONE', *, *, #8334, .T. ) ;
#5935 = CYLINDRICAL_SURFACE ( 'NONE', #6214, 2.199999999999818500 ) ;
#5936 = CARTESIAN_POINT ( 'NONE',  ( -11.45062910550452900, 17.60000000000001200, 22.19999999999999600 ) ) ;
#5937 = CARTESIAN_POINT ( 'NONE',  ( -12.45897040736665300, 12.41131721596995200, 26.70000000000000300 ) ) ;
#5938 =( GEOMETRIC_REPRESENTATION_CONTEXT ( 3 ) GLOBAL_UNCERTAINTY_ASSIGNED_CONTEXT ( ( #142 ) ) GLOBAL_UNIT_ASSIGNED_CONTEXT ( ( #4175, #4155, #4145 ) ) REPRESENTATION_CONTEXT ( 'NONE', 'WORKASPACE' ) );
#5939 =( GEOMETRIC_REPRESENTATION_CONTEXT ( 3 ) GLOBAL_UNCERTAINTY_ASSIGNED_CONTEXT ( ( #6630 ) ) GLOBAL_UNIT_ASSIGNED_CONTEXT ( ( #3202, #9317, #4085 ) ) REPRESENTATION_CONTEXT ( 'NONE', 'WORKASPACE' ) );
#5940 = LINE ( 'NONE', #2070, #8307 ) ;
#5941 = CARTESIAN_POINT ( 'NONE',  ( 3.197100400187248500, 2.419690145487457800, -2.000000000000000400 ) ) ;
#5942 = AXIS2_PLACEMENT_3D ( 'NONE', #10416, #5174, #3444 ) ;
#5943 = CARTESIAN_POINT ( 'NONE',  ( -10.79999999999872700, -13.00000000000072300, 26.70000000000000300 ) ) ;
#5944 = CARTESIAN_POINT ( 'NONE',  ( 13.60000000000000500, -17.60000000000000100, 8.000000000000000000 ) ) ;
#5945 = B_SPLINE_CURVE_WITH_KNOTS ( 'NONE', 3,
 ( #9574, #10409, #11280, #6090 ),
 .UNSPECIFIED., .F., .F.,
 ( 4, 4 ),
 ( 0.0000000000000000000, 0.0003313943203246846300 ),
 .UNSPECIFIED. ) ;
#5946 = DIRECTION ( 'NONE',  ( 1.000000000000000000, 0.0000000000000000000, 0.0000000000000000000 ) ) ;
#5947 = PLANE ( 'NONE',  #7795 ) ;
#5948 =( NAMED_UNIT ( * ) SI_UNIT ( $, .STERADIAN. ) SOLID_ANGLE_UNIT ( ) );
#5949 = SURFACE_SIDE_STYLE ('',( #1354 ) ) ;
#5950 = EDGE_LOOP ( 'NONE', ( #5213, #6345, #1747, #8286 ) ) ;
#5951 = SURFACE_STYLE_FILL_AREA ( #9421 ) ;
#5952 = CARTESIAN_POINT ( 'NONE',  ( -9.701383795925423200, 19.59723240814842500, 28.19999999999999900 ) ) ;
#5953 = VECTOR ( 'NONE', #7800, 1000.000000000000000 ) ;
#5954 = CARTESIAN_POINT ( 'NONE',  ( -17.59999999999999800, -13.60000000000000100, 27.69999999999999900 ) ) ;
#5955 =( GEOMETRIC_REPRESENTATION_CONTEXT ( 3 ) GLOBAL_UNCERTAINTY_ASSIGNED_CONTEXT ( ( #10352 ) ) GLOBAL_UNIT_ASSIGNED_CONTEXT ( ( #865, #7085, #1790 ) ) REPRESENTATION_CONTEXT ( 'NONE', 'WORKASPACE' ) );
#5956 = DIRECTION ( 'NONE',  ( 1.029253376967093700E-014, 1.000000000000000000, -0.0000000000000000000 ) ) ;
#5957 = LINE ( 'NONE', #256, #10625 ) ;
#5958 = SURFACE_STYLE_FILL_AREA ( #11155 ) ;
#5959 = CARTESIAN_POINT ( 'NONE',  ( 9.701383795926204800, 12.99999999999999500, 28.19999999999999600 ) ) ;
#5960 = EDGE_CURVE ( 'NONE', #7558, #8776, #4095, .T. ) ;
#5961 = STYLED_ITEM ( 'NONE', ( #6071 ), #11344 ) ;
#5962 = EDGE_LOOP ( 'NONE', ( #9223, #5769, #4061, #2987 ) ) ;
#5963 = FACE_OUTER_BOUND ( 'NONE', #7570, .T. ) ;
#5964 = EDGE_CURVE ( 'NONE', #6439, #10970, #8487, .T. ) ;
#5965 = AXIS2_PLACEMENT_3D ( 'NONE', #915, #7127, #1848 ) ;
#5966 = CARTESIAN_POINT ( 'NONE',  ( -4.000000000000000000, 0.0000000000000000000, 27.69999999999999900 ) ) ;
#5967 = LINE ( 'NONE', #1728, #1257 ) ;
#5968 = LINE ( 'NONE', #340, #10636 ) ;
#5969 = ORIENTED_EDGE ( 'NONE', *, *, #9063, .T. ) ;
#5970 = CARTESIAN_POINT ( 'NONE',  ( 15.79861620407378600, 12.99999999999999500, 27.99289321881345000 ) ) ;
#5971 = SURFACE_STYLE_USAGE ( .BOTH. , #11174 ) ;
#5972 = ORIENTED_EDGE ( 'NONE', *, *, #3461, .F. ) ;
#5973 = VERTEX_POINT ( 'NONE', #8591 ) ;
#5974 = DIRECTION ( 'NONE',  ( -0.0000000000000000000, -0.0000000000000000000, -1.000000000000000000 ) ) ;
#5975 = SURFACE_STYLE_FILL_AREA ( #870 ) ;
#5976 = EDGE_CURVE ( 'NONE', #4328, #7176, #8212, .T. ) ;
#5977 = DIRECTION ( 'NONE',  ( -0.0000000000000000000, -0.0000000000000000000, 1.000000000000000000 ) ) ;
#5978 = SURFACE_STYLE_FILL_AREA ( #8446 ) ;
#5979 =( GEOMETRIC_REPRESENTATION_CONTEXT ( 3 ) GLOBAL_UNCERTAINTY_ASSIGNED_CONTEXT ( ( #2147 ) ) GLOBAL_UNIT_ASSIGNED_CONTEXT ( ( #4668, #10795, #5560 ) ) REPRESENTATION_CONTEXT ( 'NONE', 'WORKASPACE' ) );
#5980 = EDGE_LOOP ( 'NONE', ( #9597, #5417, #4822, #10573 ) ) ;
#5981 = SURFACE_STYLE_USAGE ( .BOTH. , #11184 ) ;
#5982 = FILL_AREA_STYLE ('',( #130 ) ) ;
#5983 = CARTESIAN_POINT ( 'NONE',  ( 11.75000000008886200, -13.00000000000000500, 4.500000000000001800 ) ) ;
#5984 = CARTESIAN_POINT ( 'NONE',  ( 2.092470004868559400, -17.69999999999999900, 23.50748687669129600 ) ) ;
#5985 =( NAMED_UNIT ( * ) SI_UNIT ( $, .STERADIAN. ) SOLID_ANGLE_UNIT ( ) );
#5986 = DIRECTION ( 'NONE',  ( 0.0000000000000000000, -0.0000000000000000000, 1.000000000000000000 ) ) ;
#5987 = CARTESIAN_POINT ( 'NONE',  ( -10.79999999999872700, -13.00000000000083000, 26.70000000000000300 ) ) ;
#5988 = MECHANICAL_DESIGN_GEOMETRIC_PRESENTATION_REPRESENTATION (  '', ( #4235 ), #6576 ) ;
#5989 = EDGE_LOOP ( 'NONE', ( #4276, #6547, #8302, #8412 ) ) ;
#5990 = ADVANCED_FACE ( 'NONE', ( #3831 ), #7107, .F. ) ;
#5991 =( BOUNDED_SURFACE ( )  B_SPLINE_SURFACE ( 3, 3, ( 
 ( #6062, #7877, #2622, #8764 ),
 ( #3498, #9632, #4375, #10512 ),
 ( #5258, #11333, #6153, #814 ),
 ( #7037, #1744, #7912, #2666 ) ),
 .UNSPECIFIED., .F., .F., .F. ) 
 B_SPLINE_SURFACE_WITH_KNOTS ( ( 4, 4 ),
 ( 4, 4 ),
 ( 0.0000000000000000000, 1.000000000000000000 ),
 ( 0.0000000000000000000, 1.000000000000000000 ),
 .UNSPECIFIED. ) 
 GEOMETRIC_REPRESENTATION_ITEM ( )  RATIONAL_B_SPLINE_SURFACE ( (
 ( 1.000000000000000000, 0.3333333333333334300, 0.3333333333333334300, 1.000000000000000000),
 ( 0.8047378541243649400, 0.2682459513747884100, 0.2682459513747884100, 0.8047378541243649400),
 ( 0.8047378541243649400, 0.2682459513747884100, 0.2682459513747884100, 0.8047378541243649400),
 ( 1.000000000000000000, 0.3333333333333334300, 0.3333333333333334300, 1.000000000000000000) ) ) 
 REPRESENTATION_ITEM ( '' )  SURFACE ( )  );
#5992 = CARTESIAN_POINT ( 'NONE',  ( -11.00000000000000000, 1.347111479062088400E-015, -2.000000000000000000 ) ) ;
#5993 = PLANE ( 'NONE',  #4123 ) ;
#5994 = STYLED_ITEM ( 'NONE', ( #7786 ), #6409 ) ;
#5995 = VECTOR ( 'NONE', #4793, 1000.000000000000000 ) ;
#5996 = ORIENTED_EDGE ( 'NONE', *, *, #9571, .T. ) ;
#5997 = EDGE_CURVE ( 'NONE', #3575, #1328, #9415, .T. ) ;
#5998 = FACE_OUTER_BOUND ( 'NONE', #8671, .T. ) ;
#5999 = COLOUR_RGB ( '',1.000000000000000000, 1.000000000000000000, 1.000000000000000000 ) ;
#6000 = CARTESIAN_POINT ( 'NONE',  ( 11.50000000000000000, 0.0000000000000000000, 0.0000000000000000000 ) ) ;
#6001 = MECHANICAL_DESIGN_GEOMETRIC_PRESENTATION_REPRESENTATION (  '', ( #4250 ), #6594 ) ;
#6002 = DIRECTION ( 'NONE',  ( -0.0000000000000000000, -0.0000000000000000000, -1.000000000000000000 ) ) ;
#6003 = EDGE_CURVE ( 'NONE', #8517, #4328, #9707, .T. ) ;
#6004 = CARTESIAN_POINT ( 'NONE',  ( -17.59999999999999800, -15.94314575050762000, 0.5000000000000004400 ) ) ;
#6005 = CARTESIAN_POINT ( 'NONE',  ( 14.24999999991112900, 12.99999999999999600, 4.500000000000001800 ) ) ;
#6006 = DIRECTION ( 'NONE',  ( 0.7071067811865536800, 0.0000000000000000000, -0.7071067811865414700 ) ) ;
#6007 = ORIENTED_EDGE ( 'NONE', *, *, #449, .T. ) ;
#6008 = CARTESIAN_POINT ( 'NONE',  ( -14.13542999331855100, -13.54102959263319900, 27.70000000000000300 ) ) ;
#6009 = FACE_OUTER_BOUND ( 'NONE', #2753, .T. ) ;
#6010 = VERTEX_POINT ( 'NONE', #11208 ) ;
#6011 = PRESENTATION_LAYER_ASSIGNMENT (  '', '', ( #4848 ) ) ;
#6012 = DIRECTION ( 'NONE',  ( -0.0000000000000000000, -0.0000000000000000000, 1.000000000000000000 ) ) ;
#6013 = ORIENTED_EDGE ( 'NONE', *, *, #909, .T. ) ;
#6014 =( NAMED_UNIT ( * ) SI_UNIT ( $, .STERADIAN. ) SOLID_ANGLE_UNIT ( ) );
#6015 = ORIENTED_EDGE ( 'NONE', *, *, #4002, .F. ) ;
#6016 = COLOUR_RGB ( '',1.000000000000000000, 1.000000000000000000, 1.000000000000000000 ) ;
#6017 = CARTESIAN_POINT ( 'NONE',  ( -12.99999999999927200, -13.00000000000072300, 25.19999999999999900 ) ) ;
#6018 = UNCERTAINTY_MEASURE_WITH_UNIT (LENGTH_MEASURE( 1.000000000000000100E-005 ), #3586, 'distance_accuracy_value', 'NONE');
#6019 = FILL_AREA_STYLE_COLOUR ( '', #217 ) ;
#6020 = ORIENTED_EDGE ( 'NONE', *, *, #5445, .T. ) ;
#6021 = CARTESIAN_POINT ( 'NONE',  ( -14.52295398712865700, 14.52894118582679200, 22.19999999999999600 ) ) ;
#6022 = VECTOR ( 'NONE', #780, 1000.000000000000000 ) ;
#6023 = EDGE_CURVE ( 'NONE', #1282, #7763, #5048, .T. ) ;
#6024 =( GEOMETRIC_REPRESENTATION_CONTEXT ( 3 ) GLOBAL_UNCERTAINTY_ASSIGNED_CONTEXT ( ( #8276 ) ) GLOBAL_UNIT_ASSIGNED_CONTEXT ( ( #5113, #11188, #5985 ) ) REPRESENTATION_CONTEXT ( 'NONE', 'WORKASPACE' ) );
#6025 = PRESENTATION_LAYER_ASSIGNMENT (  '', '', ( #4856 ) ) ;
#6026 = CARTESIAN_POINT ( 'NONE',  ( 13.58868278403009300, 12.45897040736660200, 27.69999999999999900 ) ) ;
#6027 = ORIENTED_EDGE ( 'NONE', *, *, #841, .F. ) ;
#6028 = CYLINDRICAL_SURFACE ( 'NONE', #6182, 2.200000000000784400 ) ;
#6029 = ORIENTED_EDGE ( 'NONE', *, *, #3333, .T. ) ;
#6030 = CARTESIAN_POINT ( 'NONE',  ( 17.60000000000000500, -17.60000000000000100, 8.000000000000000000 ) ) ;
#6031 = FILL_AREA_STYLE ('',( #5158 ) ) ;
#6032 = LINE ( 'NONE', #7445, #10421 ) ;
#6033 = LINE ( 'NONE', #1610, #1326 ) ;
#6034 =( GEOMETRIC_REPRESENTATION_CONTEXT ( 3 ) GLOBAL_UNCERTAINTY_ASSIGNED_CONTEXT ( ( #4247 ) ) GLOBAL_UNIT_ASSIGNED_CONTEXT ( ( #6109, #774, #6986 ) ) REPRESENTATION_CONTEXT ( 'NONE', 'WORKASPACE' ) );
#6035 = DIRECTION ( 'NONE',  ( 0.0000000000000000000, 1.000000000000000000, 0.0000000000000000000 ) ) ;
#6036 = AXIS2_PLACEMENT_3D ( 'NONE', #2526, #4262, #1651 ) ;
#6037 = FILL_AREA_STYLE ('',( #11273 ) ) ;
#6038 = ORIENTED_EDGE ( 'NONE', *, *, #9713, .T. ) ;
#6039 = EDGE_CURVE ( 'NONE', #8742, #7577, #4770, .T. ) ;
#6040 = FILL_AREA_STYLE_COLOUR ( '', #2325 ) ;
#6041 = VERTEX_POINT ( 'NONE', #2515 ) ;
#6042 = CIRCLE ( 'NONE', #11247, 2.799999999999999800 ) ;
#6043 = SURFACE_SIDE_STYLE ('',( #2710 ) ) ;
#6044 = SURFACE_STYLE_USAGE ( .BOTH. , #11244 ) ;
#6045 = VECTOR ( 'NONE', #2635, 1000.000000000000000 ) ;
#6046 = AXIS2_PLACEMENT_3D ( 'NONE', #5399, #52, #6295 ) ;
#6047 = CARTESIAN_POINT ( 'NONE',  ( -15.65025253169416400, -17.10000000000000100, 4.336808689942017700E-016 ) ) ;
#6048 = ADVANCED_FACE ( 'NONE', ( #4493 ), #1432, .F. ) ;
#6049 = VERTEX_POINT ( 'NONE', #3436 ) ;
#6050 = EDGE_CURVE ( 'NONE', #2316, #1982, #5945, .T. ) ;
#6051 = FILL_AREA_STYLE ('',( #1557 ) ) ;
#6052 = CARTESIAN_POINT ( 'NONE',  ( 14.26285049231142600, 12.81954858101662300, 27.69802295345158100 ) ) ;
#6053 = VERTEX_POINT ( 'NONE', #5205 ) ;
#6054 = MECHANICAL_DESIGN_GEOMETRIC_PRESENTATION_REPRESENTATION (  '', ( #4890 ), #6646 ) ;
#6055 =( NAMED_UNIT ( * ) PLANE_ANGLE_UNIT ( ) SI_UNIT ( $, .RADIAN. ) );
#6056 = CARTESIAN_POINT ( 'NONE',  ( -11.44062498292817200, -17.60999999999999200, 22.19999999999999600 ) ) ;
#6057 = CARTESIAN_POINT ( 'NONE',  ( 3.100000000000001000, -17.60000000000000100, 22.19999999999999600 ) ) ;
#6058 = CARTESIAN_POINT ( 'NONE',  ( -3.742191417963610900, -1.413170433218043000, -2.000000000000000000 ) ) ;
#6059 = ORIENTED_EDGE ( 'NONE', *, *, #9618, .F. ) ;
#6060 = ORIENTED_EDGE ( 'NONE', *, *, #890, .F. ) ;
#6061 =( LENGTH_UNIT ( ) NAMED_UNIT ( * ) SI_UNIT ( .MILLI., .METRE. ) );
#6062 = CARTESIAN_POINT ( 'NONE',  ( 14.19999999999999600, 12.99999999999999600, 27.70000000000000300 ) ) ;
#6063 = DIRECTION ( 'NONE',  ( 1.000000000000000000, 0.0000000000000000000, -0.0000000000000000000 ) ) ;
#6064 = ORIENTED_EDGE ( 'NONE', *, *, #3781, .T. ) ;
#6065 = SURFACE_STYLE_USAGE ( .BOTH. , #11259 ) ;
#6066 = VECTOR ( 'NONE', #8109, 1000.000000000000000 ) ;
#6067 =( GEOMETRIC_REPRESENTATION_CONTEXT ( 3 ) GLOBAL_UNCERTAINTY_ASSIGNED_CONTEXT ( ( #3566 ) ) GLOBAL_UNIT_ASSIGNED_CONTEXT ( ( #5504, #150, #6387 ) ) REPRESENTATION_CONTEXT ( 'NONE', 'WORKASPACE' ) );
#6068 = FACE_OUTER_BOUND ( 'NONE', #164, .T. ) ;
#6069 = AXIS2_PLACEMENT_3D ( 'NONE', #3997, #10115, #4865 ) ;
#6070 = CARTESIAN_POINT ( 'NONE',  ( 17.39289321881345500, -15.82182540694797600, 28.20000000000000300 ) ) ;
#6071 = PRESENTATION_STYLE_ASSIGNMENT (( #8503 ) ) ;
#6072 = FACE_OUTER_BOUND ( 'NONE', #2347, .T. ) ;
#6073 = VECTOR ( 'NONE', #1650, 999.9999999999998900 ) ;
#6074 = FILL_AREA_STYLE ('',( #4316 ) ) ;
#6075 = ORIENTED_EDGE ( 'NONE', *, *, #6039, .T. ) ;
#6076 =( GEOMETRIC_REPRESENTATION_CONTEXT ( 3 ) GLOBAL_UNCERTAINTY_ASSIGNED_CONTEXT ( ( #11300 ) ) GLOBAL_UNIT_ASSIGNED_CONTEXT ( ( #11382, #6202, #863 ) ) REPRESENTATION_CONTEXT ( 'NONE', 'WORKASPACE' ) );
#6077 = CARTESIAN_POINT ( 'NONE',  ( 14.24999999999999500, 12.99999999999999600, 0.0000000000000000000 ) ) ;
#6078 = CARTESIAN_POINT ( 'NONE',  ( -13.59999999999999800, 17.59999999999999800, 27.99289321881345000 ) ) ;
#6079 = CARTESIAN_POINT ( 'NONE',  ( 14.20000000000053800, -12.99999999999999600, 27.70000000000000300 ) ) ;
#6080 = CARTESIAN_POINT ( 'NONE',  ( 3.693859026870276500, -1.535096822458120100, -2.000000000000000000 ) ) ;
#6081 = VECTOR ( 'NONE', #7722, 1000.000000000000000 ) ;
#6082 = CARTESIAN_POINT ( 'NONE',  ( -2.730935419506476300, -2.925945082071240000, -2.000000000000000900 ) ) ;
#6083 = DIRECTION ( 'NONE',  ( 1.122218127915504000E-014, 1.000000000000000000, 0.0000000000000000000 ) ) ;
#6084 = CIRCLE ( 'NONE', #2770, 2.200000000000543700 ) ;
#6085 = ORIENTED_EDGE ( 'NONE', *, *, #7951, .F. ) ;
#6086 = LINE ( 'NONE', #7507, #3770 ) ;
#6087 = MECHANICAL_DESIGN_GEOMETRIC_PRESENTATION_REPRESENTATION (  '', ( #4329 ), #6669 ) ;
#6088 = LINE ( 'NONE', #5648, #3771 ) ;
#6089 = CARTESIAN_POINT ( 'NONE',  ( -2.107529995131446600, -17.69999999999999900, 0.0000000000000000000 ) ) ;
#6090 = CARTESIAN_POINT ( 'NONE',  ( -13.58868278403017300, -11.62591925885381100, 27.65553645166653900 ) ) ;
#6091 = EDGE_CURVE ( 'NONE', #1894, #10297, #6164, .T. ) ;
#6092 = PLANE ( 'NONE',  #3131 ) ;
#6093 = EDGE_CURVE ( 'NONE', #1699, #10179, #10818, .T. ) ;
#6094 = UNCERTAINTY_MEASURE_WITH_UNIT (LENGTH_MEASURE( 1.000000000000000100E-005 ), #800, 'distance_accuracy_value', 'NONE');
#6095 = CARTESIAN_POINT ( 'NONE',  ( -15.79861620407360700, -13.00000000000072300, 27.69999999999999900 ) ) ;
#6096 = DIRECTION ( 'NONE',  ( 1.000000000000000000, 9.856383386231857600E-017, 0.0000000000000000000 ) ) ;
#6097 =( NAMED_UNIT ( * ) PLANE_ANGLE_UNIT ( ) SI_UNIT ( $, .RADIAN. ) );
#6098 =( GEOMETRIC_REPRESENTATION_CONTEXT ( 3 ) GLOBAL_UNCERTAINTY_ASSIGNED_CONTEXT ( ( #10975 ) ) GLOBAL_UNIT_ASSIGNED_CONTEXT ( ( #614, #605, #589 ) ) REPRESENTATION_CONTEXT ( 'NONE', 'WORKASPACE' ) );
#6099 = SURFACE_STYLE_FILL_AREA ( #1718 ) ;
#6100 = PRESENTATION_STYLE_ASSIGNMENT (( #4474 ) ) ;
#6101 = VERTEX_POINT ( 'NONE', #3481 ) ;
#6102 = CIRCLE ( 'NONE', #2505, 0.5000000000000004400 ) ;
#6103 = CARTESIAN_POINT ( 'NONE',  ( 13.39245518935340600, 11.62591925885389800, 27.67938296417806800 ) ) ;
#6104 =( NAMED_UNIT ( * ) SI_UNIT ( $, .STERADIAN. ) SOLID_ANGLE_UNIT ( ) );
#6105 = SURFACE_STYLE_FILL_AREA ( #10867 ) ;
#6106 = SURFACE_SIDE_STYLE ('',( #4043 ) ) ;
#6107 = CARTESIAN_POINT ( 'NONE',  ( -13.58868278403017600, -12.45897040736650900, 26.70000000000000300 ) ) ;
#6108 = CARTESIAN_POINT ( 'NONE',  ( -11.75000000000000200, 13.00000000000000200, -5.844014525531170600E-017 ) ) ;
#6109 =( LENGTH_UNIT ( ) NAMED_UNIT ( * ) SI_UNIT ( .MILLI., .METRE. ) );
#6110 = DIRECTION ( 'NONE',  ( 6.247119924414881800E-015, 1.000000000000000000, -0.0000000000000000000 ) ) ;
#6111 = PRESENTATION_STYLE_ASSIGNMENT (( #8461 ) ) ;
#6112 = ORIENTED_EDGE ( 'NONE', *, *, #1759, .F. ) ;
#6113 = VECTOR ( 'NONE', #10131, 1000.000000000000000 ) ;
#6114 = VERTEX_POINT ( 'NONE', #9614 ) ;
#6115 = EDGE_LOOP ( 'NONE', ( #361, #5689, #1205, #347, #10697, #1115, #1057, #10855, #1434, #326, #4074, #980 ) ) ;
#6116 = PRESENTATION_LAYER_ASSIGNMENT (  '', '', ( #4932 ) ) ;
#6117 =( GEOMETRIC_REPRESENTATION_CONTEXT ( 3 ) GLOBAL_UNCERTAINTY_ASSIGNED_CONTEXT ( ( #3843 ) ) GLOBAL_UNIT_ASSIGNED_CONTEXT ( ( #6531, #1222, #7437 ) ) REPRESENTATION_CONTEXT ( 'NONE', 'WORKASPACE' ) );
#6118 = ADVANCED_FACE ( 'NONE', ( #10541 ), #6969, .T. ) ;
#6119 = CARTESIAN_POINT ( 'NONE',  ( -17.09999999999999800, 13.59999999999999800, 28.19999999999999900 ) ) ;
#6120 = CARTESIAN_POINT ( 'NONE',  ( -13.59999999999999800, -17.60000000000000100, 20.19999999999999900 ) ) ;
#6121 = VECTOR ( 'NONE', #8944, 1000.000000000000000 ) ;
#6122 = DIRECTION ( 'NONE',  ( -0.0000000000000000000, -0.0000000000000000000, -1.000000000000000000 ) ) ;
#6123 = EDGE_CURVE ( 'NONE', #9976, #3459, #6171, .T. ) ;
#6124 = DIRECTION ( 'NONE',  ( -0.0000000000000000000, -1.000000000000000000, 0.0000000000000000000 ) ) ;
#6125 = VECTOR ( 'NONE', #8519, 1000.000000000000000 ) ;
#6126 = PLANE ( 'NONE',  #844 ) ;
#6127 = DIRECTION ( 'NONE',  ( -0.7072524912148346900, -0.7069610411263199700, 0.0000000000000000000 ) ) ;
#6128 = VERTEX_POINT ( 'NONE', #7863 ) ;
#6129 = PLANE ( 'NONE',  #3462 ) ;
#6130 = EDGE_LOOP ( 'NONE', ( #7473, #6038, #8090, #7904, #2759, #2405, #3282, #3372, #5760, #5588, #3061, #10070 ) ) ;
#6131 = ORIENTED_EDGE ( 'NONE', *, *, #8669, .F. ) ;
#6132 =( GEOMETRIC_REPRESENTATION_CONTEXT ( 3 ) GLOBAL_UNCERTAINTY_ASSIGNED_CONTEXT ( ( #3697 ) ) GLOBAL_UNIT_ASSIGNED_CONTEXT ( ( #5457, #101, #6348 ) ) REPRESENTATION_CONTEXT ( 'NONE', 'WORKASPACE' ) );
#6133 = EDGE_CURVE ( 'NONE', #1265, #11205, #5860, .T. ) ;
#6134 = COLOUR_RGB ( '',1.000000000000000000, 1.000000000000000000, 1.000000000000000000 ) ;
#6135 =( GEOMETRIC_REPRESENTATION_CONTEXT ( 3 ) GLOBAL_UNCERTAINTY_ASSIGNED_CONTEXT ( ( #5245 ) ) GLOBAL_UNIT_ASSIGNED_CONTEXT ( ( #5789, #444, #6670 ) ) REPRESENTATION_CONTEXT ( 'NONE', 'WORKASPACE' ) );
#6136 = CARTESIAN_POINT ( 'NONE',  ( 14.37408074114596000, -13.19671022244952300, 27.68473138244003500 ) ) ;
#6137 = CARTESIAN_POINT ( 'NONE',  ( 13.00000000009049500, -13.00000000000000500, 5.251075773742286400 ) ) ;
#6138 = SURFACE_STYLE_USAGE ( .BOTH. , #11314 ) ;
#6139 = VERTEX_POINT ( 'NONE', #1769 ) ;
#6140 = SURFACE_STYLE_USAGE ( .BOTH. , #11317 ) ;
#6141 = CARTESIAN_POINT ( 'NONE',  ( 12.45897040736656600, -12.41131721597003500, 27.69999999999999900 ) ) ;
#6142 = DIRECTION ( 'NONE',  ( 0.0000000000000000000, 0.0000000000000000000, 1.000000000000000000 ) ) ;
#6143 = PRESENTATION_STYLE_ASSIGNMENT (( #10757 ) ) ;
#6144 = STYLED_ITEM ( 'NONE', ( #3007 ), #4870 ) ;
#6145 = COLOUR_RGB ( '',1.000000000000000000, 1.000000000000000000, 1.000000000000000000 ) ;
#6146 = DIRECTION ( 'NONE',  ( -0.0000000000000000000, -0.0000000000000000000, -1.000000000000000000 ) ) ;
#6147 = VECTOR ( 'NONE', #11144, 1000.000000000000000 ) ;
#6148 = CARTESIAN_POINT ( 'NONE',  ( -12.41131721597010300, -14.37408074114592300, 27.65553645166723100 ) ) ;
#6149 = VERTEX_POINT ( 'NONE', #7932 ) ;
#6150 = CARTESIAN_POINT ( 'NONE',  ( -12.45897040736665300, 11.73714950768862400, 27.68476953867952900 ) ) ;
#6151 = VECTOR ( 'NONE', #4369, 1000.000000000000000 ) ;
#6152 = CARTESIAN_POINT ( 'NONE',  ( 0.9997911912256874900, 3.906316913439411600, -2.000000000000000000 ) ) ;
#6153 = CARTESIAN_POINT ( 'NONE',  ( 10.79999999999999500, 17.40000000000000200, 27.28578643762690300 ) ) ;
#6154 =( BOUNDED_CURVE ( )  B_SPLINE_CURVE ( 3, ( #9175, #5952, #3353, #9474 ),
 .UNSPECIFIED., .F., .F. ) 
 B_SPLINE_CURVE_WITH_KNOTS ( ( 4, 4 ),
 ( 0.0000000000000000000, 1.000000000000000000 ),
 .UNSPECIFIED. ) 
 CURVE ( )  GEOMETRIC_REPRESENTATION_ITEM ( )  RATIONAL_B_SPLINE_CURVE ( ( 1.000000000000000000, 0.3333333333333335400, 0.3333333333333335400, 1.000000000000000000 ) ) 
 REPRESENTATION_ITEM ( '' )  );
#6155 = CARTESIAN_POINT ( 'NONE',  ( 0.0000000000000000000, -17.69999999999999900, 26.18764494107381000 ) ) ;
#6156 = FILL_AREA_STYLE_COLOUR ( '', #9777 ) ;
#6157 = DIRECTION ( 'NONE',  ( 0.0000000000000000000, 1.000000000000000000, 0.0000000000000000000 ) ) ;
#6158 = AXIS2_PLACEMENT_3D ( 'NONE', #10383, #1609, #5180 ) ;
#6159 = DIRECTION ( 'NONE',  ( -1.000000000000000000, 0.0000000000000000000, 0.0000000000000000000 ) ) ;
#6160 = CARTESIAN_POINT ( 'NONE',  ( -13.59999999999999800, -13.60000000000000100, 20.19999999999999900 ) ) ;
#6161 = SURFACE_STYLE_USAGE ( .BOTH. , #11345 ) ;
#6162 =( LENGTH_UNIT ( ) NAMED_UNIT ( * ) SI_UNIT ( .MILLI., .METRE. ) );
#6163 = EDGE_LOOP ( 'NONE', ( #9608, #6905, #11410, #10956 ) ) ;
#6164 = LINE ( 'NONE', #761, #3845 ) ;
#6165 = CARTESIAN_POINT ( 'NONE',  ( 13.60000000000000500, -17.10000000000000100, 0.5000000000000004400 ) ) ;
#6166 =( NAMED_UNIT ( * ) PLANE_ANGLE_UNIT ( ) SI_UNIT ( $, .RADIAN. ) );
#6167 = EDGE_LOOP ( 'NONE', ( #10308, #2698 ) ) ;
#6168 =( GEOMETRIC_REPRESENTATION_CONTEXT ( 3 ) GLOBAL_UNCERTAINTY_ASSIGNED_CONTEXT ( ( #7643 ) ) GLOBAL_UNIT_ASSIGNED_CONTEXT ( ( #4071, #10193, #4944 ) ) REPRESENTATION_CONTEXT ( 'NONE', 'WORKASPACE' ) );
#6169 = CARTESIAN_POINT ( 'NONE',  ( -13.00000000000000500, -13.00000000000000200, 4.500000000007276000 ) ) ;
#6170 = CARTESIAN_POINT ( 'NONE',  ( -10.49999999999999800, 20.99999999999999300, -2.000000000000000000 ) ) ;
#6171 = B_SPLINE_CURVE_WITH_KNOTS ( 'NONE', 3,
 ( #10532, #4401, #6176, #843 ),
 .UNSPECIFIED., .F., .F.,
 ( 4, 4 ),
 ( 1.734723475976807100E-018, 0.0003313943203239310500 ),
 .UNSPECIFIED. ) ;
#6172 = EDGE_CURVE ( 'NONE', #2784, #4340, #7121, .T. ) ;
#6173 = ORIENTED_EDGE ( 'NONE', *, *, #4628, .F. ) ;
#6174 = CARTESIAN_POINT ( 'NONE',  ( 13.00000000000072100, -12.99999999999999600, 25.19999999999999900 ) ) ;
#6175 = VERTEX_POINT ( 'NONE', #11398 ) ;
#6176 = CARTESIAN_POINT ( 'NONE',  ( 13.58868278403009800, 14.15715551915456600, 27.70000000000000300 ) ) ;
#6177 = PRESENTATION_LAYER_ASSIGNMENT (  '', '', ( #4995 ) ) ;
#6178 = EDGE_LOOP ( 'NONE', ( #9744, #11268 ) ) ;
#6179 = CARTESIAN_POINT ( 'NONE',  ( 0.0000000000000000000, -17.69999999999999900, 22.28764494107380800 ) ) ;
#6180 = ADVANCED_FACE ( 'NONE', ( #2428 ), #1568, .F. ) ;
#6181 = ORIENTED_EDGE ( 'NONE', *, *, #1802, .F. ) ;
#6182 = AXIS2_PLACEMENT_3D ( 'NONE', #921, #8853, #1891 ) ;
#6183 = PRODUCT_DEFINITION_CONTEXT ( 'detailed design', #3456, 'design' ) ;
#6184 = ORIENTED_EDGE ( 'NONE', *, *, #10000, .F. ) ;
#6185 = DIRECTION ( 'NONE',  ( -0.7069610411263199700, 0.7072524912148346900, 0.0000000000000000000 ) ) ;
#6186 = CARTESIAN_POINT ( 'NONE',  ( 13.60000000000000300, 17.60000000000000100, 27.69999999999999900 ) ) ;
#6187 = ORIENTED_EDGE ( 'NONE', *, *, #995, .T. ) ;
#6188 = VECTOR ( 'NONE', #6894, 1000.000000000000000 ) ;
#6189 = UNCERTAINTY_MEASURE_WITH_UNIT (LENGTH_MEASURE( 1.000000000000000100E-005 ), #1807, 'distance_accuracy_value', 'NONE');
#6190 = ORIENTED_EDGE ( 'NONE', *, *, #9841, .T. ) ;
#6191 = ORIENTED_EDGE ( 'NONE', *, *, #1079, .F. ) ;
#6192 = CARTESIAN_POINT ( 'NONE',  ( 13.54102959263326500, -11.73714950768871600, 26.70000000000000300 ) ) ;
#6193 = CARTESIAN_POINT ( 'NONE',  ( 1.500000000000000200, 2.000000000000000000, -24.00000000000000000 ) ) ;
#6194 = CARTESIAN_POINT ( 'NONE',  ( 12.41131721596999800, 13.54102959263329900, 27.69999999999999900 ) ) ;
#6195 = DIRECTION ( 'NONE',  ( -1.000000000000000000, 0.0000000000000000000, -0.0000000000000000000 ) ) ;
#6196 = CARTESIAN_POINT ( 'NONE',  ( -15.79861620407360700, -13.00000000000072300, 25.19999999999999900 ) ) ;
#6197 = ORIENTED_EDGE ( 'NONE', *, *, #8249, .F. ) ;
#6198 = EDGE_CURVE ( 'NONE', #8349, #10031, #6300, .T. ) ;
#6199 = STYLED_ITEM ( 'NONE', ( #9369 ), #11177 ) ;
#6200 = MECHANICAL_DESIGN_GEOMETRIC_PRESENTATION_REPRESENTATION (  '', ( #5018 ), #6765 ) ;
#6201 = DIRECTION ( 'NONE',  ( -0.7071067811865416900, 0.0000000000000000000, -0.7071067811865532300 ) ) ;
#6202 =( NAMED_UNIT ( * ) PLANE_ANGLE_UNIT ( ) SI_UNIT ( $, .RADIAN. ) );
#6203 = SURFACE_STYLE_USAGE ( .BOTH. , #11383 ) ;
#6204 = ORIENTED_EDGE ( 'NONE', *, *, #5694, .T. ) ;
#6205 = DIRECTION ( 'NONE',  ( -1.000000000000000000, 0.0000000000000000000, 0.0000000000000000000 ) ) ;
#6206 = PRESENTATION_LAYER_ASSIGNMENT (  '', '', ( #9183 ) ) ;
#6207 = CARTESIAN_POINT ( 'NONE',  ( 9.701383795927110800, -12.99999999999999600, 28.19999999999999900 ) ) ;
#6208 = DIRECTION ( 'NONE',  ( 1.000000000000000000, 0.0000000000000000000, -0.0000000000000000000 ) ) ;
#6209 = CARTESIAN_POINT ( 'NONE',  ( -17.59999999999999800, 11.45316318592671400, 22.19999999999999600 ) ) ;
#6210 = CARTESIAN_POINT ( 'NONE',  ( 16.29861620407433200, -6.402767591852780000, 28.20000000000000300 ) ) ;
#6211 = ORIENTED_EDGE ( 'NONE', *, *, #7701, .T. ) ;
#6212 = FACE_OUTER_BOUND ( 'NONE', #5248, .T. ) ;
#6213 = CARTESIAN_POINT ( 'NONE',  ( 2.155378366499341600E-015, -17.60000000000000100, 20.19999999999999900 ) ) ;
#6214 = AXIS2_PLACEMENT_3D ( 'NONE', #4177, #4993, #4113 ) ;
#6215 = LINE ( 'NONE', #4696, #10590 ) ;
#6216 = EDGE_LOOP ( 'NONE', ( #8386, #8397, #274 ) ) ;
#6217 = ORIENTED_EDGE ( 'NONE', *, *, #57, .T. ) ;
#6218 = EDGE_CURVE ( 'NONE', #161, #5702, #8625, .T. ) ;
#6219 = DIRECTION ( 'NONE',  ( 1.000000000000000000, 0.0000000000000000000, 0.0000000000000000000 ) ) ;
#6220 = COLOUR_RGB ( '',1.000000000000000000, 1.000000000000000000, 1.000000000000000000 ) ;
#6221 = MECHANICAL_DESIGN_GEOMETRIC_PRESENTATION_REPRESENTATION (  '', ( #4445 ), #6790 ) ;
#6222 = SURFACE_STYLE_USAGE ( .BOTH. , #11403 ) ;
#6223 = SURFACE_STYLE_FILL_AREA ( #408 ) ;
#6224 = ORIENTED_EDGE ( 'NONE', *, *, #5809, .F. ) ;
#6225 = DIRECTION ( 'NONE',  ( -0.0000000000000000000, -0.0000000000000000000, -1.000000000000000000 ) ) ;
#6226 = UNCERTAINTY_MEASURE_WITH_UNIT (LENGTH_MEASURE( 1.000000000000000100E-005 ), #10669, 'distance_accuracy_value', 'NONE');
#6227 = CARTESIAN_POINT ( 'NONE',  ( 15.65025253169417000, 17.09999999999999800, 28.19999999999999900 ) ) ;
#6228 = SURFACE_SIDE_STYLE ('',( #10793 ) ) ;
#6229 = ORIENTED_EDGE ( 'NONE', *, *, #10021, .F. ) ;
#6230 = ORIENTED_EDGE ( 'NONE', *, *, #6844, .F. ) ;
#6231 =( GEOMETRIC_REPRESENTATION_CONTEXT ( 3 ) GLOBAL_UNCERTAINTY_ASSIGNED_CONTEXT ( ( #9460 ) ) GLOBAL_UNIT_ASSIGNED_CONTEXT ( ( #1028, #7248, #1962 ) ) REPRESENTATION_CONTEXT ( 'NONE', 'WORKASPACE' ) );
#6232 = CYLINDRICAL_SURFACE ( 'NONE', #7657, 2.200000000000784400 ) ;
#6233 = FILL_AREA_STYLE ('',( #5328 ) ) ;
#6234 = CARTESIAN_POINT ( 'NONE',  ( -0.2541503961284069500, 4.000033697751009100, -2.000000000000000000 ) ) ;
#6235 = CIRCLE ( 'NONE', #7479, 1.249999999999999300 ) ;
#6236 = FILL_AREA_STYLE ('',( #9710 ) ) ;
#6237 = FACE_OUTER_BOUND ( 'NONE', #836, .T. ) ;
#6238 = LINE ( 'NONE', #2282, #10887 ) ;
#6239 = ORIENTED_EDGE ( 'NONE', *, *, #2807, .F. ) ;
#6240 = CARTESIAN_POINT ( 'NONE',  ( 0.0000000000000000000, 0.0000000000000000000, -23.50000000000000000 ) ) ;
#6241 = STYLED_ITEM ( 'NONE', ( #5183 ), #6296 ) ;
#6242 = CARTESIAN_POINT ( 'NONE',  ( -11.73714950768876600, -13.54102959263322200, 27.68476953867957100 ) ) ;
#6243 = ADVANCED_FACE ( 'NONE', ( #5998 ), #922, .F. ) ;
#6244 = CARTESIAN_POINT ( 'NONE',  ( 0.0000000000000000000, 0.0000000000000000000, 1.000000000000000900 ) ) ;
#6245 = SURFACE_STYLE_FILL_AREA ( #7090 ) ;
#6246 = DIRECTION ( 'NONE',  ( -0.7071067811865414700, 0.0000000000000000000, -0.7071067811865536800 ) ) ;
#6247 = ORIENTED_EDGE ( 'NONE', *, *, #5155, .F. ) ;
#6248 = LINE ( 'NONE', #7946, #1514 ) ;
#6249 = SURFACE_SIDE_STYLE ('',( #2297 ) ) ;
#6250 = CARTESIAN_POINT ( 'NONE',  ( 12.41131721596999800, 12.45897040736660500, 26.70000000000000300 ) ) ;
#6251 = CARTESIAN_POINT ( 'NONE',  ( 11.73714950768866800, 12.45897040736660700, 27.68476953867928000 ) ) ;
#6252 = MECHANICAL_DESIGN_GEOMETRIC_PRESENTATION_REPRESENTATION (  '', ( #5061 ), #6815 ) ;
#6253 = COLOUR_RGB ( '',1.000000000000000000, 1.000000000000000000, 1.000000000000000000 ) ;
#6254 = AXIS2_PLACEMENT_3D ( 'NONE', #9134, #3888, #10006 ) ;
#6255 = UNCERTAINTY_MEASURE_WITH_UNIT (LENGTH_MEASURE( 1.000000000000000100E-005 ), #4515, 'distance_accuracy_value', 'NONE');
#6256 = AXIS2_PLACEMENT_3D ( 'NONE', #8623, #7734, #672 ) ;
#6257 = DIRECTION ( 'NONE',  ( 1.000000000000000000, 0.0000000000000000000, -0.0000000000000000000 ) ) ;
#6258 = EDGE_LOOP ( 'NONE', ( #9076, #6835, #9265, #3610 ) ) ;
#6259 =( GEOMETRIC_REPRESENTATION_CONTEXT ( 3 ) GLOBAL_UNCERTAINTY_ASSIGNED_CONTEXT ( ( #2631 ) ) GLOBAL_UNIT_ASSIGNED_CONTEXT ( ( #4332, #4292, #4252 ) ) REPRESENTATION_CONTEXT ( 'NONE', 'WORKASPACE' ) );
#6260 = CARTESIAN_POINT ( 'NONE',  ( 13.36068639508881800, -11.73714950768872700, 27.69730827491901300 ) ) ;
#6261 = DIRECTION ( 'NONE',  ( 0.0000000000000000000, 0.0000000000000000000, 1.000000000000000000 ) ) ;
#6262 = FILL_AREA_STYLE ('',( #8826 ) ) ;
#6263 = FACE_OUTER_BOUND ( 'NONE', #7990, .T. ) ;
#6264 = ORIENTED_EDGE ( 'NONE', *, *, #9331, .T. ) ;
#6265 = EDGE_CURVE ( 'NONE', #8776, #7834, #7538, .T. ) ;
#6266 = ORIENTED_EDGE ( 'NONE', *, *, #1254, .F. ) ;
#6267 = PRESENTATION_LAYER_ASSIGNMENT (  '', '', ( #5673 ) ) ;
#6268 = PLANE ( 'NONE',  #3746 ) ;
#6269 = ORIENTED_EDGE ( 'NONE', *, *, #7361, .F. ) ;
#6270 = CARTESIAN_POINT ( 'NONE',  ( -2.633391210095198200, 3.023410535226735100, -2.000000000000000400 ) ) ;
#6271 = DIRECTION ( 'NONE',  ( 0.0000000000000000000, 0.0000000000000000000, 1.000000000000000000 ) ) ;
#6272 = FACE_BOUND ( 'NONE', #10821, .T. ) ;
#6273 = FILL_AREA_STYLE ('',( #2751 ) ) ;
#6274 = DIRECTION ( 'NONE',  ( 0.0000000000000000000, 0.0000000000000000000, 1.000000000000000000 ) ) ;
#6275 = FILL_AREA_STYLE ('',( #11418 ) ) ;
#6276 = LINE ( 'NONE', #10114, #1274 ) ;
#6277 = DIRECTION ( 'NONE',  ( 5.146266884835468500E-015, 1.000000000000000000, 0.0000000000000000000 ) ) ;
#6278 = PRESENTATION_LAYER_ASSIGNMENT (  '', '', ( #5086 ) ) ;
#6279 = ORIENTED_EDGE ( 'NONE', *, *, #564, .F. ) ;
#6280 = PRESENTATION_LAYER_ASSIGNMENT (  '', '', ( #5682 ) ) ;
#6281 = DIRECTION ( 'NONE',  ( -0.0000000000000000000, 0.0000000000000000000, 1.000000000000000000 ) ) ;
#6282 = DIRECTION ( 'NONE',  ( -0.0000000000000000000, 0.0000000000000000000, -1.000000000000000000 ) ) ;
#6283 = EDGE_CURVE ( 'NONE', #5281, #8309, #2874, .T. ) ;
#6284 = CARTESIAN_POINT ( 'NONE',  ( 16.00572298526088100, -6.988554029479676200, 28.19999999999999600 ) ) ;
#6285 = SURFACE_SIDE_STYLE ('',( #10549 ) ) ;
#6286 = CARTESIAN_POINT ( 'NONE',  ( 2.155378366499341600E-015, -17.60000000000000100, 22.19999999999999600 ) ) ;
#6287 = CARTESIAN_POINT ( 'NONE',  ( 11.80064611981718400, 12.45897040736660700, 27.69507424152990200 ) ) ;
#6288 = COLOUR_RGB ( '',1.000000000000000000, 1.000000000000000000, 1.000000000000000000 ) ;
#6289 =( NAMED_UNIT ( * ) PLANE_ANGLE_UNIT ( ) SI_UNIT ( $, .RADIAN. ) );
#6290 = MECHANICAL_DESIGN_GEOMETRIC_PRESENTATION_REPRESENTATION (  '', ( #5100 ), #6850 ) ;
#6291 = ORIENTED_EDGE ( 'NONE', *, *, #3526, .T. ) ;
#6292 = EDGE_CURVE ( 'NONE', #3236, #8443, #422, .T. ) ;
#6293 =( NAMED_UNIT ( * ) PLANE_ANGLE_UNIT ( ) SI_UNIT ( $, .RADIAN. ) );
#6294 = CARTESIAN_POINT ( 'NONE',  ( -13.58868278403019800, -14.37408074114591200, 26.70000000000000300 ) ) ;
#6295 = DIRECTION ( 'NONE',  ( 1.000000000000000000, 0.0000000000000000000, 0.0000000000000000000 ) ) ;
#6296 = ADVANCED_FACE ( 'NONE', ( #2577 ), #10813, .T. ) ;
#6297 = LINE ( 'NONE', #9250, #3961 ) ;
#6298 = ORIENTED_EDGE ( 'NONE', *, *, #1278, .F. ) ;
#6299 =( NAMED_UNIT ( * ) PLANE_ANGLE_UNIT ( ) SI_UNIT ( $, .RADIAN. ) );
#6300 = LINE ( 'NONE', #4481, #9431 ) ;
#6301 = AXIS2_PLACEMENT_3D ( 'NONE', #3508, #9643, #7920 ) ;
#6302 = CARTESIAN_POINT ( 'NONE',  ( 14.37408074114595600, -13.58868278403014400, 26.70000000000000300 ) ) ;
#6303 =( NAMED_UNIT ( * ) SI_UNIT ( $, .STERADIAN. ) SOLID_ANGLE_UNIT ( ) );
#6304 = CARTESIAN_POINT ( 'NONE',  ( -4.000000000000000900, 0.5088278382599998900, -2.000000000000000000 ) ) ;
#6305 =( NAMED_UNIT ( * ) PLANE_ANGLE_UNIT ( ) SI_UNIT ( $, .RADIAN. ) );
#6306 = SURFACE_STYLE_USAGE ( .BOTH. , #9517 ) ;
#6307 = PLANE ( 'NONE',  #1264 ) ;
#6308 =( NAMED_UNIT ( * ) SI_UNIT ( $, .STERADIAN. ) SOLID_ANGLE_UNIT ( ) );
#6309 = AXIS2_PLACEMENT_3D ( 'NONE', #3319, #9437, #4200 ) ;
#6310 = VERTEX_POINT ( 'NONE', #2618 ) ;
#6311 =( LENGTH_UNIT ( ) NAMED_UNIT ( * ) SI_UNIT ( .MILLI., .METRE. ) );
#6312 = DIRECTION ( 'NONE',  ( 0.0000000000000000000, 0.0000000000000000000, 1.000000000000000000 ) ) ;
#6313 = UNCERTAINTY_MEASURE_WITH_UNIT (LENGTH_MEASURE( 1.000000000000000100E-005 ), #3540, 'distance_accuracy_value', 'NONE');
#6314 = ORIENTED_EDGE ( 'NONE', *, *, #10206, .F. ) ;
#6315 = SURFACE_SIDE_STYLE ('',( #3561 ) ) ;
#6316 = ORIENTED_EDGE ( 'NONE', *, *, #8316, .F. ) ;
#6317 = CIRCLE ( 'NONE', #8890, 2.798616204074580300 ) ;
#6318 = CARTESIAN_POINT ( 'NONE',  ( -12.61495149068105400, -17.69999999999999900, 12.61495149068083400 ) ) ;
#6319 = ORIENTED_EDGE ( 'NONE', *, *, #9246, .F. ) ;
#6320 = SURFACE_SIDE_STYLE ('',( #582 ) ) ;
#6321 = MECHANICAL_DESIGN_GEOMETRIC_PRESENTATION_REPRESENTATION (  '', ( #3968 ), #6885 ) ;
#6322 = CARTESIAN_POINT ( 'NONE',  ( 11.92888516960362800, 13.54102959263330200, 27.70000000000000300 ) ) ;
#6323 = CARTESIAN_POINT ( 'NONE',  ( 13.58868278403010000, 14.37408074114600100, 26.70000000000000300 ) ) ;
#6324 = CARTESIAN_POINT ( 'NONE',  ( -17.60528299132912600, -11.44788237165360400, 22.19999999999999600 ) ) ;
#6325 = EDGE_CURVE ( 'NONE', #421, #10005, #1725, .T. ) ;
#6326 = ORIENTED_EDGE ( 'NONE', *, *, #6551, .T. ) ;
#6327 = FILL_AREA_STYLE_COLOUR ( '', #8113 ) ;
#6328 = ORIENTED_EDGE ( 'NONE', *, *, #8163, .F. ) ;
#6329 = MECHANICAL_DESIGN_GEOMETRIC_PRESENTATION_REPRESENTATION (  '', ( #3980 ), #6896 ) ;
#6330 = DIRECTION ( 'NONE',  ( 1.000000000000000000, 0.0000000000000000000, 0.0000000000000000000 ) ) ;
#6331 = VECTOR ( 'NONE', #11187, 1000.000000000000000 ) ;
#6332 = CARTESIAN_POINT ( 'NONE',  ( -17.59999999999999800, 17.59999999999999800, 22.19999999999999600 ) ) ;
#6333 = ORIENTED_EDGE ( 'NONE', *, *, #11128, .T. ) ;
#6334 = MECHANICAL_DESIGN_GEOMETRIC_PRESENTATION_REPRESENTATION (  '', ( #4560 ), #6897 ) ;
#6335 = FILL_AREA_STYLE_COLOUR ( '', #3278 ) ;
#6336 = CARTESIAN_POINT ( 'NONE',  ( 0.0000000000000000000, 0.0000000000000000000, 26.20000000000000300 ) ) ;
#6337 = ORIENTED_EDGE ( 'NONE', *, *, #5742, .T. ) ;
#6338 = PRESENTATION_STYLE_ASSIGNMENT (( #5841 ) ) ;
#6339 = CARTESIAN_POINT ( 'NONE',  ( 15.65025253169417100, 17.09999999999999800, 28.19999999999999900 ) ) ;
#6340 = CARTESIAN_POINT ( 'NONE',  ( 12.99999999999999600, 12.99999999999999600, 27.69999999999999900 ) ) ;
#6341 = DIRECTION ( 'NONE',  ( 4.164746616276587900E-015, 1.000000000000000000, 0.0000000000000000000 ) ) ;
#6342 = SURFACE_STYLE_FILL_AREA ( #10871 ) ;
#6343 = CARTESIAN_POINT ( 'NONE',  ( -12.45897040736665300, 11.92888516960204000, 27.70000000000000300 ) ) ;
#6344 = AXIS2_PLACEMENT_3D ( 'NONE', #5502, #148, #6386 ) ;
#6345 = ORIENTED_EDGE ( 'NONE', *, *, #5468, .T. ) ;
#6346 = ORIENTED_EDGE ( 'NONE', *, *, #2565, .T. ) ;
#6347 = CARTESIAN_POINT ( 'NONE',  ( -11.80064611981666500, -13.54102959263322400, 27.69507424152999100 ) ) ;
#6348 =( NAMED_UNIT ( * ) SI_UNIT ( $, .STERADIAN. ) SOLID_ANGLE_UNIT ( ) );
#6349 = SURFACE_STYLE_FILL_AREA ( #7030 ) ;
#6350 = EDGE_CURVE ( 'NONE', #1072, #10684, #8762, .T. ) ;
#6351 = ORIENTED_EDGE ( 'NONE', *, *, #10331, .T. ) ;
#6352 = CARTESIAN_POINT ( 'NONE',  ( 11.20710678118654300, -22.41421356237309200, -5.380361143677898200E-017 ) ) ;
#6353 = ADVANCED_FACE ( 'NONE', ( #6427 ), #9709, .T. ) ;
#6354 =( NAMED_UNIT ( * ) SI_UNIT ( $, .STERADIAN. ) SOLID_ANGLE_UNIT ( ) );
#6355 = COLOUR_RGB ( '',1.000000000000000000, 1.000000000000000000, 1.000000000000000000 ) ;
#6356 = DIRECTION ( 'NONE',  ( 0.0000000000000000000, -0.0000000000000000000, -1.000000000000000000 ) ) ;
#6357 =( GEOMETRIC_REPRESENTATION_CONTEXT ( 3 ) GLOBAL_UNCERTAINTY_ASSIGNED_CONTEXT ( ( #10150 ) ) GLOBAL_UNIT_ASSIGNED_CONTEXT ( ( #7673, #2408, #8574 ) ) REPRESENTATION_CONTEXT ( 'NONE', 'WORKASPACE' ) );
#6358 = VECTOR ( 'NONE', #7278, 1000.000000000000000 ) ;
#6359 = EDGE_CURVE ( 'NONE', #251, #6856, #7654, .T. ) ;
#6360 = VERTEX_POINT ( 'NONE', #10546 ) ;
#6361 = STYLED_ITEM ( 'NONE', ( #11239 ), #7537 ) ;
#6362 = SURFACE_STYLE_USAGE ( .BOTH. , #112 ) ;
#6363 = ORIENTED_EDGE ( 'NONE', *, *, #4949, .F. ) ;
#6364 = CARTESIAN_POINT ( 'NONE',  ( -11.45062910550453200, -17.60000000000000900, 22.19999999999999600 ) ) ;
#6365 =( NAMED_UNIT ( * ) PLANE_ANGLE_UNIT ( ) SI_UNIT ( $, .RADIAN. ) );
#6366 = CARTESIAN_POINT ( 'NONE',  ( 0.0000000000000000000, 0.0000000000000000000, -1.500000000000000000 ) ) ;
#6367 = VECTOR ( 'NONE', #9286, 1000.000000000000000 ) ;
#6368 = ORIENTED_EDGE ( 'NONE', *, *, #7648, .F. ) ;
#6369 = DIRECTION ( 'NONE',  ( 0.0000000000000000000, 0.0000000000000000000, 1.000000000000000000 ) ) ;
#6370 = STYLED_ITEM ( 'NONE', ( #1292 ), #5581 ) ;
#6371 = STYLED_ITEM ( 'NONE', ( #10668 ), #4762 ) ;
#6372 = DIRECTION ( 'NONE',  ( -0.0000000000000000000, -0.0000000000000000000, -1.000000000000000000 ) ) ;
#6373 =( NAMED_UNIT ( * ) PLANE_ANGLE_UNIT ( ) SI_UNIT ( $, .RADIAN. ) );
#6374 = ORIENTED_EDGE ( 'NONE', *, *, #1051, .F. ) ;
#6375 = STYLED_ITEM ( 'NONE', ( #9384 ), #8287 ) ;
#6376 =( NAMED_UNIT ( * ) SI_UNIT ( $, .STERADIAN. ) SOLID_ANGLE_UNIT ( ) );
#6377 = CARTESIAN_POINT ( 'NONE',  ( -16.29861620407361000, -6.402767591852044600, 28.19999999999999900 ) ) ;
#6378 = COLOUR_RGB ( '',1.000000000000000000, 1.000000000000000000, 1.000000000000000000 ) ;
#6379 = ADVANCED_FACE ( 'NONE', ( #7403 ), #8616, .F. ) ;
#6380 = FACE_BOUND ( 'NONE', #6707, .T. ) ;
#6381 = ADVANCED_FACE ( 'NONE', ( #8886 ), #10110, .F. ) ;
#6382 =( GEOMETRIC_REPRESENTATION_CONTEXT ( 3 ) GLOBAL_UNCERTAINTY_ASSIGNED_CONTEXT ( ( #7164 ) ) GLOBAL_UNIT_ASSIGNED_CONTEXT ( ( #1133, #7347, #2059 ) ) REPRESENTATION_CONTEXT ( 'NONE', 'WORKASPACE' ) );
#6383 = PRESENTATION_STYLE_ASSIGNMENT (( #129 ) ) ;
#6384 = CARTESIAN_POINT ( 'NONE',  ( -14.24999999995935500, 13.00000000000000200, 4.500000000000001800 ) ) ;
#6385 = DIRECTION ( 'NONE',  ( -1.000000000000000000, 2.946788190578822200E-015, 0.0000000000000000000 ) ) ;
#6386 = DIRECTION ( 'NONE',  ( 1.000000000000000000, 0.0000000000000000000, 0.0000000000000000000 ) ) ;
#6387 =( NAMED_UNIT ( * ) SI_UNIT ( $, .STERADIAN. ) SOLID_ANGLE_UNIT ( ) );
#6388 = EDGE_CURVE ( 'NONE', #4502, #595, #1003, .T. ) ;
#6389 = CARTESIAN_POINT ( 'NONE',  ( -17.09999999999999800, -15.65025253169417000, 4.336808689942017200E-016 ) ) ;
#6390 = UNCERTAINTY_MEASURE_WITH_UNIT (LENGTH_MEASURE( 1.000000000000000100E-005 ), #5216, 'distance_accuracy_value', 'NONE');
#6391 = CARTESIAN_POINT ( 'NONE',  ( 0.0000000000000000000, 0.0000000000000000000, 20.19999999999999900 ) ) ;
#6392 = LINE ( 'NONE', #11029, #10770 ) ;
#6393 =( NAMED_UNIT ( * ) PLANE_ANGLE_UNIT ( ) SI_UNIT ( $, .RADIAN. ) );
#6394 = CARTESIAN_POINT ( 'NONE',  ( 0.0000000000000000000, 0.0000000000000000000, 6.000000000000000000 ) ) ;
#6395 = EDGE_LOOP ( 'NONE', ( #8973, #8111, #7859, #8798, #7489, #5969, #5481, #5921, #10399, #3806, #6722, #2144 ) ) ;
#6396 = CARTESIAN_POINT ( 'NONE',  ( -12.41131721597009400, -14.26673093167341100, 27.68598713120349700 ) ) ;
#6397 = FACE_OUTER_BOUND ( 'NONE', #8526, .T. ) ;
#6398 = LINE ( 'NONE', #591, #11026 ) ;
#6399 =( NAMED_UNIT ( * ) SI_UNIT ( $, .STERADIAN. ) SOLID_ANGLE_UNIT ( ) );
#6400 = ORIENTED_EDGE ( 'NONE', *, *, #3972, .T. ) ;
#6401 = STYLED_ITEM ( 'NONE', ( #3042 ), #3588 ) ;
#6402 = VERTEX_POINT ( 'NONE', #7149 ) ;
#6403 = MECHANICAL_DESIGN_GEOMETRIC_PRESENTATION_REPRESENTATION (  '', ( #4638 ), #6974 ) ;
#6404 = FACE_OUTER_BOUND ( 'NONE', #3749, .T. ) ;
#6405 = CARTESIAN_POINT ( 'NONE',  ( 17.10000000000000500, -13.60000000000000300, 27.69999999999999900 ) ) ;
#6406 = VECTOR ( 'NONE', #2312, 1000.000000000000000 ) ;
#6407 = ORIENTED_EDGE ( 'NONE', *, *, #6437, .T. ) ;
#6408 = ORIENTED_EDGE ( 'NONE', *, *, #2329, .F. ) ;
#6409 = ADVANCED_FACE ( 'NONE', ( #3388 ), #1864, .F. ) ;
#6410 = ORIENTED_EDGE ( 'NONE', *, *, #3853, .F. ) ;
#6411 = FACE_OUTER_BOUND ( 'NONE', #10089, .T. ) ;
#6412 = STYLED_ITEM ( 'NONE', ( #10890 ), #10917 ) ;
#6413 = CARTESIAN_POINT ( 'NONE',  ( -10.20138379592493800, -7.402767591852049900, 27.69999999999999600 ) ) ;
#6414 = EDGE_CURVE ( 'NONE', #9056, #9843, #6793, .T. ) ;
#6415 =( NAMED_UNIT ( * ) SI_UNIT ( $, .STERADIAN. ) SOLID_ANGLE_UNIT ( ) );
#6416 = ORIENTED_EDGE ( 'NONE', *, *, #6615, .T. ) ;
#6417 =( NAMED_UNIT ( * ) PLANE_ANGLE_UNIT ( ) SI_UNIT ( $, .RADIAN. ) );
#6418 = SURFACE_STYLE_FILL_AREA ( #9885 ) ;
#6419 = CARTESIAN_POINT ( 'NONE',  ( 4.000000000000000000, 4.898587196589412800E-016, 28.19999999999999900 ) ) ;
#6420 = DIRECTION ( 'NONE',  ( 0.0000000000000000000, -0.0000000000000000000, 1.000000000000000000 ) ) ;
#6421 = MECHANICAL_DESIGN_GEOMETRIC_PRESENTATION_REPRESENTATION (  '', ( #5230 ), #7008 ) ;
#6422 = AXIS2_PLACEMENT_3D ( 'NONE', #6302, #981, #7188 ) ;
#6423 = SURFACE_STYLE_FILL_AREA ( #9394 ) ;
#6424 = DIRECTION ( 'NONE',  ( 0.0000000000000000000, 0.0000000000000000000, 1.000000000000000000 ) ) ;
#6425 = CIRCLE ( 'NONE', #10188, 0.5000000000000004400 ) ;
#6426 = FILL_AREA_STYLE ('',( #9030 ) ) ;
#6427 = FACE_OUTER_BOUND ( 'NONE', #8520, .T. ) ;
#6428 = CARTESIAN_POINT ( 'NONE',  ( -3.007529995131445600, -15.60000000000000100, 22.60748687669129400 ) ) ;
#6429 = EDGE_CURVE ( 'NONE', #9488, #6472, #7781, .T. ) ;
#6430 =( NAMED_UNIT ( * ) PLANE_ANGLE_UNIT ( ) SI_UNIT ( $, .RADIAN. ) );
#6431 = CARTESIAN_POINT ( 'NONE',  ( -12.45897040736665300, 13.58868278403004700, 26.70000000000000300 ) ) ;
#6432 = CARTESIAN_POINT ( 'NONE',  ( -10.20138379592542100, 18.59723240814843600, 27.99289321881345000 ) ) ;
#6433 = DIRECTION ( 'NONE',  ( 0.0000000000000000000, 1.000000000000000000, 0.0000000000000000000 ) ) ;
#6434 = CARTESIAN_POINT ( 'NONE',  ( -14.37408074114605400, 13.58868278403004700, 26.70000000000000300 ) ) ;
#6435 = ADVANCED_FACE ( 'NONE', ( #9852 ), #6936, .T. ) ;
#6436 =( GEOMETRIC_REPRESENTATION_CONTEXT ( 3 ) GLOBAL_UNCERTAINTY_ASSIGNED_CONTEXT ( ( #4869 ) ) GLOBAL_UNIT_ASSIGNED_CONTEXT ( ( #8735, #3469, #9602 ) ) REPRESENTATION_CONTEXT ( 'NONE', 'WORKASPACE' ) );
#6437 = EDGE_CURVE ( 'NONE', #6598, #4340, #6672, .T. ) ;
#6438 = PRESENTATION_STYLE_ASSIGNMENT (( #2061 ) ) ;
#6439 = VERTEX_POINT ( 'NONE', #3819 ) ;
#6440 = ADVANCED_FACE ( 'NONE', ( #2008 ), #7310, .T. ) ;
#6441 = COLOUR_RGB ( '',1.000000000000000000, 1.000000000000000000, 1.000000000000000000 ) ;
#6442 =( BOUNDED_SURFACE ( )  B_SPLINE_SURFACE ( 3, 3, ( 
 ( #2547, #2151, #2139, #2113 ),
 ( #2079, #2066, #2024, #2005 ),
 ( #1992, #1966, #1957, #1899 ),
 ( #1859, #1844, #1812, #1797 ) ),
 .UNSPECIFIED., .F., .F., .T. ) 
 B_SPLINE_SURFACE_WITH_KNOTS ( ( 4, 4 ),
 ( 4, 4 ),
 ( 0.0000000000000000000, 1.000000000000000000 ),
 ( 0.0000000000000000000, 1.000000000000000000 ),
 .UNSPECIFIED. ) 
 GEOMETRIC_REPRESENTATION_ITEM ( )  RATIONAL_B_SPLINE_SURFACE ( (
 ( 1.000000000000000000, 0.3333333333333330900, 0.3333333333333330900, 1.000000000000000000),
 ( 0.8047378541243641600, 0.2682459513747878500, 0.2682459513747878500, 0.8047378541243641600),
 ( 0.8047378541243641600, 0.2682459513747878500, 0.2682459513747878500, 0.8047378541243641600),
 ( 1.000000000000000000, 0.3333333333333330900, 0.3333333333333330900, 1.000000000000000000) ) ) 
 REPRESENTATION_ITEM ( '' )  SURFACE ( )  );
#6443 = EDGE_LOOP ( 'NONE', ( #8615, #6715 ) ) ;
#6444 = AXIS2_PLACEMENT_3D ( 'NONE', #10561, #5306, #11386 ) ;
#6445 =( NAMED_UNIT ( * ) PLANE_ANGLE_UNIT ( ) SI_UNIT ( $, .RADIAN. ) );
#6446 = ORIENTED_EDGE ( 'NONE', *, *, #8184, .T. ) ;
#6447 = ORIENTED_EDGE ( 'NONE', *, *, #5014, .T. ) ;
#6448 = PRESENTATION_LAYER_ASSIGNMENT (  '', '', ( #7039 ) ) ;
#6449 = SURFACE_STYLE_USAGE ( .BOTH. , #218 ) ;
#6450 = ORIENTED_EDGE ( 'NONE', *, *, #1425, .F. ) ;
#6451 = UNCERTAINTY_MEASURE_WITH_UNIT (LENGTH_MEASURE( 1.000000000000000100E-005 ), #7909, 'distance_accuracy_value', 'NONE');
#6452 = EDGE_LOOP ( 'NONE', ( #2025, #10443, #177, #5467 ) ) ;
#6453 =( LENGTH_UNIT ( ) NAMED_UNIT ( * ) SI_UNIT ( .MILLI., .METRE. ) );
#6454 = PRESENTATION_STYLE_ASSIGNMENT (( #8059 ) ) ;
#6455 = VERTEX_POINT ( 'NONE', #2863 ) ;
#6456 = VERTEX_POINT ( 'NONE', #5642 ) ;
#6457 = CARTESIAN_POINT ( 'NONE',  ( -15.65025253169416400, -17.10000000000000100, 28.19999999999999900 ) ) ;
#6458 = DIRECTION ( 'NONE',  ( 0.0000000000000000000, 1.000000000000000000, 0.0000000000000000000 ) ) ;
#6459 = AXIS2_PLACEMENT_3D ( 'NONE', #5186, #11257, #6063 ) ;
#6460 = DIRECTION ( 'NONE',  ( -2.946788190578822200E-015, -1.000000000000000000, 0.0000000000000000000 ) ) ;
#6461 = ORIENTED_EDGE ( 'NONE', *, *, #6697, .F. ) ;
#6462 = CARTESIAN_POINT ( 'NONE',  ( -11.62591925885395100, 13.58868278403005000, 27.65553645166687200 ) ) ;
#6463 = PRESENTATION_LAYER_ASSIGNMENT (  '', '', ( #4111 ) ) ;
#6464 =( NAMED_UNIT ( * ) PLANE_ANGLE_UNIT ( ) SI_UNIT ( $, .RADIAN. ) );
#6465 = SURFACE_SIDE_STYLE ('',( #4649 ) ) ;
#6466 = CARTESIAN_POINT ( 'NONE',  ( 15.20000000000053900, -12.99999999999999600, 27.69999999999999900 ) ) ;
#6467 = ORIENTED_EDGE ( 'NONE', *, *, #7652, .T. ) ;
#6468 = PRESENTATION_STYLE_ASSIGNMENT (( #2468 ) ) ;
#6469 = STYLED_ITEM ( 'NONE', ( #7226 ), #7253 ) ;
#6470 = DIRECTION ( 'NONE',  ( 1.041186654069147000E-014, 1.000000000000000000, 0.0000000000000000000 ) ) ;
#6471 = EDGE_CURVE ( 'NONE', #1963, #8058, #10239, .T. ) ;
#6472 = VERTEX_POINT ( 'NONE', #2132 ) ;
#6473 = ORIENTED_EDGE ( 'NONE', *, *, #11286, .T. ) ;
#6474 = CARTESIAN_POINT ( 'NONE',  ( 12.99999999999999600, 12.45897040736660000, 27.69999999999999900 ) ) ;
#6475 = EDGE_CURVE ( 'NONE', #7563, #4629, #7916, .T. ) ;
#6476 = AXIS2_PLACEMENT_3D ( 'NONE', #3144, #9266, #4025 ) ;
#6477 = EDGE_LOOP ( 'NONE', ( #3155, #6173, #8816, #9601, #9391 ) ) ;
#6478 = ORIENTED_EDGE ( 'NONE', *, *, #1499, .F. ) ;
#6479 =( NAMED_UNIT ( * ) SI_UNIT ( $, .STERADIAN. ) SOLID_ANGLE_UNIT ( ) );
#6480 = SURFACE_STYLE_FILL_AREA ( #5108 ) ;
#6481 = SURFACE_SIDE_STYLE ('',( #5820 ) ) ;
#6482 = CARTESIAN_POINT ( 'NONE',  ( -15.19999999999980900, -13.00000000000072300, 27.28578643762690700 ) ) ;
#6483 = STYLED_ITEM ( 'NONE', ( #4007 ), #1193 ) ;
#6484 = FILL_AREA_STYLE ('',( #9901 ) ) ;
#6485 = ADVANCED_FACE ( 'NONE', ( #2263 ), #6807, .T. ) ;
#6486 = AXIS2_PLACEMENT_3D ( 'NONE', #6240, #898, #7113 ) ;
#6487 = ORIENTED_EDGE ( 'NONE', *, *, #4246, .F. ) ;
#6488 = CARTESIAN_POINT ( 'NONE',  ( -15.20000000000079300, 17.40000000000084400, 27.28578643762690700 ) ) ;
#6489 = ADVANCED_FACE ( 'NONE', ( #4760 ), #8336, .T. ) ;
#6490 = ORIENTED_EDGE ( 'NONE', *, *, #10529, .T. ) ;
#6491 = EDGE_CURVE ( 'NONE', #2855, #9206, #10649, .T. ) ;
#6492 = CARTESIAN_POINT ( 'NONE',  ( 17.60528299132913700, -11.44788237165359000, 22.19999999999999600 ) ) ;
#6493 = SURFACE_SIDE_STYLE ('',( #6524 ) ) ;
#6494 = CARTESIAN_POINT ( 'NONE',  ( -14.37408074114605400, 13.58868278403004700, 26.70000000000000300 ) ) ;
#6495 = CARTESIAN_POINT ( 'NONE',  ( -13.54102959263334700, 12.41131721596995200, 26.70000000000000300 ) ) ;
#6496 = CARTESIAN_POINT ( 'NONE',  ( 10.79289321881344900, 21.58578643762690100, -2.000000000000000000 ) ) ;
#6497 = PRESENTATION_LAYER_ASSIGNMENT (  '', '', ( #5886 ) ) ;
#6498 = EDGE_CURVE ( 'NONE', #10007, #1773, #1545, .T. ) ;
#6499 = DIRECTION ( 'NONE',  ( 0.0000000000000000000, 0.0000000000000000000, 1.000000000000000000 ) ) ;
#6500 = FILL_AREA_STYLE ('',( #9989 ) ) ;
#6501 = ORIENTED_EDGE ( 'NONE', *, *, #7699, .T. ) ;
#6502 = SURFACE_STYLE_USAGE ( .BOTH. , #279 ) ;
#6503 =( NAMED_UNIT ( * ) SI_UNIT ( $, .STERADIAN. ) SOLID_ANGLE_UNIT ( ) );
#6504 = CARTESIAN_POINT ( 'NONE',  ( 3.500000000000000000, 4.286263797015736600E-016, 0.0000000000000000000 ) ) ;
#6505 = PLANE ( 'NONE',  #9203 ) ;
#6506 = PRESENTATION_STYLE_ASSIGNMENT (( #223 ) ) ;
#6507 = VECTOR ( 'NONE', #8882, 1000.000000000000000 ) ;
#6508 = SURFACE_STYLE_FILL_AREA ( #825 ) ;
#6509 = ORIENTED_EDGE ( 'NONE', *, *, #11085, .F. ) ;
#6510 = CARTESIAN_POINT ( 'NONE',  ( -2.799999999999999800, 3.429011037612588800E-016, 25.19999999999999900 ) ) ;
#6511 = UNCERTAINTY_MEASURE_WITH_UNIT (LENGTH_MEASURE( 1.000000000000000100E-005 ), #3577, 'distance_accuracy_value', 'NONE');
#6512 =( LENGTH_UNIT ( ) NAMED_UNIT ( * ) SI_UNIT ( .MILLI., .METRE. ) );
#6513 = SURFACE_SIDE_STYLE ('',( #10342 ) ) ;
#6514 = CARTESIAN_POINT ( 'NONE',  ( -11.00000000000000000, 1.347111479062088400E-015, -1.500000000000000000 ) ) ;
#6515 = ORIENTED_EDGE ( 'NONE', *, *, #3126, .F. ) ;
#6516 = MECHANICAL_DESIGN_GEOMETRIC_PRESENTATION_REPRESENTATION (  '', ( #4165 ), #7114 ) ;
#6517 = SURFACE_STYLE_FILL_AREA ( #5900 ) ;
#6518 = PRESENTATION_STYLE_ASSIGNMENT (( #1629 ) ) ;
#6519 = PRESENTATION_STYLE_ASSIGNMENT (( #1770 ) ) ;
#6520 = ORIENTED_EDGE ( 'NONE', *, *, #4505, .F. ) ;
#6521 = SURFACE_SIDE_STYLE ('',( #257 ) ) ;
#6522 = CARTESIAN_POINT ( 'NONE',  ( 12.41131721596999800, 12.45897040736660500, 26.70000000000000300 ) ) ;
#6523 = EDGE_CURVE ( 'NONE', #6860, #4351, #6276, .T. ) ;
#6524 = SURFACE_STYLE_FILL_AREA ( #271 ) ;
#6525 = B_SPLINE_CURVE_WITH_KNOTS ( 'NONE', 3,
 ( #1173, #8271, #3019, #9142 ),
 .UNSPECIFIED., .F., .F.,
 ( 4, 4 ),
 ( 1.734723475976807100E-018, 0.0003313943203234456600 ),
 .UNSPECIFIED. ) ;
#6526 = EDGE_LOOP ( 'NONE', ( #10640, #10219, #10170, #9257 ) ) ;
#6527 = MECHANICAL_DESIGN_GEOMETRIC_PRESENTATION_REPRESENTATION (  '', ( #4170 ), #7125 ) ;
#6528 = DIRECTION ( 'NONE',  ( 0.0000000000000000000, 0.0000000000000000000, 1.000000000000000000 ) ) ;
#6529 = LINE ( 'NONE', #4206, #11145 ) ;
#6530 = VERTEX_POINT ( 'NONE', #3150 ) ;
#6531 =( LENGTH_UNIT ( ) NAMED_UNIT ( * ) SI_UNIT ( .MILLI., .METRE. ) );
#6532 = ORIENTED_EDGE ( 'NONE', *, *, #6023, .T. ) ;
#6533 = CARTESIAN_POINT ( 'NONE',  ( -11.62591925885394800, 13.39315100371592700, 27.67929840550067400 ) ) ;
#6534 = EDGE_CURVE ( 'NONE', #4196, #3037, #8056, .T. ) ;
#6535 = EDGE_CURVE ( 'NONE', #7834, #1583, #7521, .T. ) ;
#6536 = CARTESIAN_POINT ( 'NONE',  ( -3.499999999999999100, -8.572527594031472200E-016, -1.792893218813452500 ) ) ;
#6537 = CARTESIAN_POINT ( 'NONE',  ( 15.79861620407378800, 7.402767591852406100, 27.99289321881345300 ) ) ;
#6538 = CIRCLE ( 'NONE', #3741, 2.199999999999818500 ) ;
#6539 =( NAMED_UNIT ( * ) PLANE_ANGLE_UNIT ( ) SI_UNIT ( $, .RADIAN. ) );
#6540 = DIRECTION ( 'NONE',  ( 0.0000000000000000000, 0.0000000000000000000, 1.000000000000000000 ) ) ;
#6541 = AXIS2_PLACEMENT_3D ( 'NONE', #3443, #3413, #3405 ) ;
#6542 = ADVANCED_FACE ( 'NONE', ( #3668 ), #127, .T. ) ;
#6543 = ORIENTED_EDGE ( 'NONE', *, *, #4665, .T. ) ;
#6544 = PRESENTATION_LAYER_ASSIGNMENT (  '', '', ( #4781 ) ) ;
#6545 = ADVANCED_FACE ( 'NONE', ( #7238 ), #7595, .F. ) ;
#6546 = CIRCLE ( 'NONE', #7688, 2.500000000000000000 ) ;
#6547 = ORIENTED_EDGE ( 'NONE', *, *, #6551, .F. ) ;
#6548 = STYLED_ITEM ( 'NONE', ( #4430 ), #2013 ) ;
#6549 = CARTESIAN_POINT ( 'NONE',  ( -14.24999999994724900, -13.00000000000000200, 4.500000000007276000 ) ) ;
#6550 = CARTESIAN_POINT ( 'NONE',  ( 13.60000000000000300, 17.09999999999999800, 27.69999999999999900 ) ) ;
#6551 = EDGE_CURVE ( 'NONE', #6360, #7552, #1694, .T. ) ;
#6552 = AXIS2_PLACEMENT_3D ( 'NONE', #5763, #8428, #1379 ) ;
#6553 = CARTESIAN_POINT ( 'NONE',  ( -13.59999999999999800, 13.59999999999999800, 20.19999999999999900 ) ) ;
#6554 = SURFACE_SIDE_STYLE ('',( #1132 ) ) ;
#6555 = CARTESIAN_POINT ( 'NONE',  ( -12.41131721597010300, -14.37408074114592400, 26.70000000000000300 ) ) ;
#6556 = ORIENTED_EDGE ( 'NONE', *, *, #4724, .T. ) ;
#6557 = SURFACE_SIDE_STYLE ('',( #5402 ) ) ;
#6558 = UNCERTAINTY_MEASURE_WITH_UNIT (LENGTH_MEASURE( 1.000000000000000100E-005 ), #2370, 'distance_accuracy_value', 'NONE');
#6559 = EDGE_CURVE ( 'NONE', #10992, #11135, #4069, .T. ) ;
#6560 = STYLED_ITEM ( 'NONE', ( #5005 ), #7426 ) ;
#6561 = CARTESIAN_POINT ( 'NONE',  ( 13.00000000000072100, -12.99999999999999600, 25.19999999999999900 ) ) ;
#6562 = CARTESIAN_POINT ( 'NONE',  ( 10.49999999999999800, 1.285879139104720600E-015, -2.000000000000000000 ) ) ;
#6563 = LINE ( 'NONE', #6364, #10947 ) ;
#6564 = FILL_AREA_STYLE_COLOUR ( '', #4873 ) ;
#6565 = EDGE_CURVE ( 'NONE', #3172, #3894, #10784, .T. ) ;
#6566 = FILL_AREA_STYLE_COLOUR ( '', #9260 ) ;
#6567 = ORIENTED_EDGE ( 'NONE', *, *, #5474, .F. ) ;
#6568 = CARTESIAN_POINT ( 'NONE',  ( 2.992470004868553100, -17.69999999999999900, 0.0000000000000000000 ) ) ;
#6569 = CARTESIAN_POINT ( 'NONE',  ( 15.79861620407433200, -12.99999999999999600, 25.19999999999999900 ) ) ;
#6570 = B_SPLINE_CURVE_WITH_KNOTS ( 'NONE', 3,
 ( #1523, #1556, #1532, #1508, #1492 ),
 .UNSPECIFIED., .F., .F.,
 ( 4, 1, 4 ),
 ( 3.469446951953613800E-018, 0.0005886827840300500700, 0.001177365568060096700 ),
 .UNSPECIFIED. ) ;
#6571 = ORIENTED_EDGE ( 'NONE', *, *, #6830, .T. ) ;
#6572 = ORIENTED_EDGE ( 'NONE', *, *, #4489, .F. ) ;
#6573 = PRESENTATION_STYLE_ASSIGNMENT (( #2590 ) ) ;
#6574 = VERTEX_POINT ( 'NONE', #9381 ) ;
#6575 = ORIENTED_EDGE ( 'NONE', *, *, #2794, .F. ) ;
#6576 =( GEOMETRIC_REPRESENTATION_CONTEXT ( 3 ) GLOBAL_UNCERTAINTY_ASSIGNED_CONTEXT ( ( #974 ) ) GLOBAL_UNIT_ASSIGNED_CONTEXT ( ( #2109, #8284, #3028 ) ) REPRESENTATION_CONTEXT ( 'NONE', 'WORKASPACE' ) );
#6577 =( LENGTH_UNIT ( ) NAMED_UNIT ( * ) SI_UNIT ( .MILLI., .METRE. ) );
#6578 = PLANE ( 'NONE',  #1116 ) ;
#6579 = UNCERTAINTY_MEASURE_WITH_UNIT (LENGTH_MEASURE( 1.000000000000000100E-005 ), #7748, 'distance_accuracy_value', 'NONE');
#6580 = ORIENTED_EDGE ( 'NONE', *, *, #3529, .T. ) ;
#6581 = CARTESIAN_POINT ( 'NONE',  ( 11.73714950768866700, 12.45897040736660700, 26.70000000000000300 ) ) ;
#6582 = ORIENTED_EDGE ( 'NONE', *, *, #1879, .F. ) ;
#6583 = SURFACE_STYLE_FILL_AREA ( #2993 ) ;
#6584 =( LENGTH_UNIT ( ) NAMED_UNIT ( * ) SI_UNIT ( .MILLI., .METRE. ) );
#6585 = AXIS2_PLACEMENT_3D ( 'NONE', #8026, #2782, #8896 ) ;
#6586 = SURFACE_STYLE_USAGE ( .BOTH. , #367 ) ;
#6587 = ORIENTED_EDGE ( 'NONE', *, *, #8909, .T. ) ;
#6588 = CARTESIAN_POINT ( 'NONE',  ( 13.60000000000000300, 17.59999999999999800, 0.2071067811865479300 ) ) ;
#6589 = EDGE_CURVE ( 'NONE', #4429, #1597, #8466, .T. ) ;
#6590 = ADVANCED_FACE ( 'NONE', ( #1399 ), #7998, .T. ) ;
#6591 = LINE ( 'NONE', #9295, #1926 ) ;
#6592 = CARTESIAN_POINT ( 'NONE',  ( 11.45062910550455400, 17.59999999999999800, 22.19999999999999600 ) ) ;
#6593 =( NAMED_UNIT ( * ) SI_UNIT ( $, .STERADIAN. ) SOLID_ANGLE_UNIT ( ) );
#6594 =( GEOMETRIC_REPRESENTATION_CONTEXT ( 3 ) GLOBAL_UNCERTAINTY_ASSIGNED_CONTEXT ( ( #10780 ) ) GLOBAL_UNIT_ASSIGNED_CONTEXT ( ( #1366, #1353, #1330 ) ) REPRESENTATION_CONTEXT ( 'NONE', 'WORKASPACE' ) );
#6595 = AXIS2_PLACEMENT_3D ( 'NONE', #5811, #469, #6689 ) ;
#6596 = VECTOR ( 'NONE', #9906, 1000.000000000000000 ) ;
#6597 = CARTESIAN_POINT ( 'NONE',  ( 10.79289321881345600, -21.58578643762690100, -2.000000000000000000 ) ) ;
#6598 = VERTEX_POINT ( 'NONE', #2391 ) ;
#6599 = EDGE_LOOP ( 'NONE', ( #2630, #6446, #580, #1908 ) ) ;
#6600 = AXIS2_PLACEMENT_3D ( 'NONE', #11106, #5881, #556 ) ;
#6601 =( NAMED_UNIT ( * ) PLANE_ANGLE_UNIT ( ) SI_UNIT ( $, .RADIAN. ) );
#6602 = DIRECTION ( 'NONE',  ( 0.0000000000000000000, 0.0000000000000000000, 1.000000000000000000 ) ) ;
#6603 = CARTESIAN_POINT ( 'NONE',  ( -17.60000000000000100, -11.45316318592671200, 22.19999999999999600 ) ) ;
#6604 = DIRECTION ( 'NONE',  ( 1.000000000000000000, 0.0000000000000000000, 0.0000000000000000000 ) ) ;
#6605 =( LENGTH_UNIT ( ) NAMED_UNIT ( * ) SI_UNIT ( .MILLI., .METRE. ) );
#6606 = CARTESIAN_POINT ( 'NONE',  ( -11.44062498292817200, -17.60999999999999200, 5.999999999999998200 ) ) ;
#6607 = CIRCLE ( 'NONE', #5462, 2.200000000000000600 ) ;
#6608 = ORIENTED_EDGE ( 'NONE', *, *, #5347, .F. ) ;
#6609 = MECHANICAL_DESIGN_GEOMETRIC_PRESENTATION_REPRESENTATION (  '', ( #4848 ), #7219 ) ;
#6610 = LINE ( 'NONE', #5838, #10989 ) ;
#6611 =( NAMED_UNIT ( * ) PLANE_ANGLE_UNIT ( ) SI_UNIT ( $, .RADIAN. ) );
#6612 = SURFACE_STYLE_FILL_AREA ( #8267 ) ;
#6613 = ORIENTED_EDGE ( 'NONE', *, *, #6265, .F. ) ;
#6614 = EDGE_LOOP ( 'NONE', ( #2779, #4114, #4199, #6085, #5878 ) ) ;
#6615 = EDGE_CURVE ( 'NONE', #1479, #10384, #7378, .T. ) ;
#6616 = MECHANICAL_DESIGN_GEOMETRIC_PRESENTATION_REPRESENTATION (  '', ( #4856 ), #7231 ) ;
#6617 = SURFACE_STYLE_USAGE ( .BOTH. , #396 ) ;
#6618 = DIRECTION ( 'NONE',  ( 1.000000000000000000, -1.029253376967093700E-014, 0.0000000000000000000 ) ) ;
#6619 = SURFACE_STYLE_FILL_AREA ( #3848 ) ;
#6620 = LINE ( 'NONE', #7574, #6367 ) ;
#6621 = CARTESIAN_POINT ( 'NONE',  ( 2.027198050025367700, -15.60000000000000100, 23.18764494107381000 ) ) ;
#6622 = ORIENTED_EDGE ( 'NONE', *, *, #9304, .T. ) ;
#6623 = CARTESIAN_POINT ( 'NONE',  ( 11.74999999999999600, -13.00000000000000500, -5.844014525531170600E-017 ) ) ;
#6624 = UNCERTAINTY_MEASURE_WITH_UNIT (LENGTH_MEASURE( 1.000000000000000100E-005 ), #6061, 'distance_accuracy_value', 'NONE');
#6625 = AXIS2_PLACEMENT_3D ( 'NONE', #2715, #8834, #3578 ) ;
#6626 = STYLED_ITEM ( 'NONE', ( #4015 ), #2795 ) ;
#6627 = FACE_BOUND ( 'NONE', #10835, .T. ) ;
#6628 = VECTOR ( 'NONE', #8157, 1000.000000000000000 ) ;
#6629 = EDGE_CURVE ( 'NONE', #8036, #1455, #8080, .T. ) ;
#6630 = UNCERTAINTY_MEASURE_WITH_UNIT (LENGTH_MEASURE( 1.000000000000000100E-005 ), #3202, 'distance_accuracy_value', 'NONE');
#6631 = CARTESIAN_POINT ( 'NONE',  ( 9.701383795927112500, -6.402767591852777300, 28.20000000000000300 ) ) ;
#6632 = ORIENTED_EDGE ( 'NONE', *, *, #9150, .T. ) ;
#6633 = VECTOR ( 'NONE', #5847, 1000.000000000000000 ) ;
#6634 = DIRECTION ( 'NONE',  ( -0.0000000000000000000, -0.0000000000000000000, -1.000000000000000000 ) ) ;
#6635 =( NAMED_UNIT ( * ) PLANE_ANGLE_UNIT ( ) SI_UNIT ( $, .RADIAN. ) );
#6636 = LINE ( 'NONE', #9627, #2271 ) ;
#6637 = AXIS2_PLACEMENT_3D ( 'NONE', #2737, #8858, #3608 ) ;
#6638 = EDGE_CURVE ( 'NONE', #2467, #6310, #9687, .T. ) ;
#6639 =( NAMED_UNIT ( * ) PLANE_ANGLE_UNIT ( ) SI_UNIT ( $, .RADIAN. ) );
#6640 = CARTESIAN_POINT ( 'NONE',  ( -10.99999999999999500, 21.99999999999999600, -0.5000000000000001100 ) ) ;
#6641 = DIRECTION ( 'NONE',  ( 0.0000000000000000000, 0.0000000000000000000, 1.000000000000000000 ) ) ;
#6642 = SURFACE_STYLE_USAGE ( .BOTH. , #418 ) ;
#6643 = CARTESIAN_POINT ( 'NONE',  ( -2.042258040288261500, -15.60000000000000100, 23.18764494107381000 ) ) ;
#6644 = CARTESIAN_POINT ( 'NONE',  ( 11.73326906832731900, -13.58868278403013200, 27.68598713120325500 ) ) ;
#6645 = VECTOR ( 'NONE', #322, 1000.000000000000000 ) ;
#6646 =( GEOMETRIC_REPRESENTATION_CONTEXT ( 3 ) GLOBAL_UNCERTAINTY_ASSIGNED_CONTEXT ( ( #9610 ) ) GLOBAL_UNIT_ASSIGNED_CONTEXT ( ( #11288, #6097, #764 ) ) REPRESENTATION_CONTEXT ( 'NONE', 'WORKASPACE' ) );
#6647 = DIRECTION ( 'NONE',  ( 0.0000000000000000000, 1.000000000000000000, 0.0000000000000000000 ) ) ;
#6648 = UNCERTAINTY_MEASURE_WITH_UNIT (LENGTH_MEASURE( 1.000000000000000100E-005 ), #8867, 'distance_accuracy_value', 'NONE');
#6649 = ADVANCED_FACE ( 'NONE', ( #9397 ), #4291, .F. ) ;
#6650 = PRESENTATION_STYLE_ASSIGNMENT (( #5403 ) ) ;
#6651 = ORIENTED_EDGE ( 'NONE', *, *, #9553, .F. ) ;
#6652 = CARTESIAN_POINT ( 'NONE',  ( -14.26285049231151600, -13.54102959263319800, 26.70000000000000300 ) ) ;
#6653 = PRESENTATION_LAYER_ASSIGNMENT (  '', '', ( #7264 ) ) ;
#6654 = VERTEX_POINT ( 'NONE', #6000 ) ;
#6655 = AXIS2_PLACEMENT_3D ( 'NONE', #10082, #4827, #10954 ) ;
#6656 = EDGE_LOOP ( 'NONE', ( #6515, #8530, #8489, #4382, #7818 ) ) ;
#6657 = CARTESIAN_POINT ( 'NONE',  ( -12.99999999999999800, 12.99999999999927200, 26.70000000000000300 ) ) ;
#6658 = PLANE ( 'NONE',  #5278 ) ;
#6659 = VECTOR ( 'NONE', #6246, 1000.000000000000000 ) ;
#6660 =( NAMED_UNIT ( * ) PLANE_ANGLE_UNIT ( ) SI_UNIT ( $, .RADIAN. ) );
#6661 = ORIENTED_EDGE ( 'NONE', *, *, #686, .T. ) ;
#6662 = CARTESIAN_POINT ( 'NONE',  ( 11.84284448084594000, -12.41131721597003500, 27.70000000000000300 ) ) ;
#6663 = DIRECTION ( 'NONE',  ( -5.146266884835468500E-015, -1.000000000000000000, 0.0000000000000000000 ) ) ;
#6664 = VERTEX_POINT ( 'NONE', #11279 ) ;
#6665 = STYLED_ITEM ( 'NONE', ( #2064 ), #2937 ) ;
#6666 = ORIENTED_EDGE ( 'NONE', *, *, #7166, .T. ) ;
#6667 = DIRECTION ( 'NONE',  ( -0.0000000000000000000, -0.0000000000000000000, -1.000000000000000000 ) ) ;
#6668 = COLOUR_RGB ( '',1.000000000000000000, 0.0000000000000000000, 0.0000000000000000000 ) ;
#6669 =( GEOMETRIC_REPRESENTATION_CONTEXT ( 3 ) GLOBAL_UNCERTAINTY_ASSIGNED_CONTEXT ( ( #4488 ) ) GLOBAL_UNIT_ASSIGNED_CONTEXT ( ( #7418, #2128, #8298 ) ) REPRESENTATION_CONTEXT ( 'NONE', 'WORKASPACE' ) );
#6670 =( NAMED_UNIT ( * ) SI_UNIT ( $, .STERADIAN. ) SOLID_ANGLE_UNIT ( ) );
#6671 =( LENGTH_UNIT ( ) NAMED_UNIT ( * ) SI_UNIT ( .MILLI., .METRE. ) );
#6672 = LINE ( 'NONE', #9938, #11281 ) ;
#6673 = SURFACE_STYLE_USAGE ( .BOTH. , #447 ) ;
#6674 = ORIENTED_EDGE ( 'NONE', *, *, #3024, .F. ) ;
#6675 = EDGE_CURVE ( 'NONE', #2418, #10970, #8588, .T. ) ;
#6676 = EDGE_CURVE ( 'NONE', #6733, #183, #10910, .T. ) ;
#6677 = CARTESIAN_POINT ( 'NONE',  ( -11.50000000000000000, 1.408343819019456200E-015, 0.0000000000000000000 ) ) ;
#6678 = DIRECTION ( 'NONE',  ( 0.7071067811865414700, -0.0000000000000000000, 0.7071067811865536800 ) ) ;
#6679 = SURFACE_STYLE_USAGE ( .BOTH. , #454 ) ;
#6680 = CIRCLE ( 'NONE', #9095, 2.000000000009549700 ) ;
#6681 = PRESENTATION_STYLE_ASSIGNMENT (( #10273 ) ) ;
#6682 = STYLED_ITEM ( 'NONE', ( #10191 ), #9997 ) ;
#6683 = SURFACE_SIDE_STYLE ('',( #8609 ) ) ;
#6684 = LINE ( 'NONE', #6737, #8757 ) ;
#6685 = ORIENTED_EDGE ( 'NONE', *, *, #9400, .F. ) ;
#6686 = MECHANICAL_DESIGN_GEOMETRIC_PRESENTATION_REPRESENTATION (  '', ( #4932 ), #7305 ) ;
#6687 = AXIS2_PLACEMENT_3D ( 'NONE', #2106, #4769, #8313 ) ;
#6688 = FACE_OUTER_BOUND ( 'NONE', #11309, .T. ) ;
#6689 = DIRECTION ( 'NONE',  ( 1.000000000000000000, 0.0000000000000000000, 0.0000000000000000000 ) ) ;
#6690 = ORIENTED_EDGE ( 'NONE', *, *, #6853, .F. ) ;
#6691 = EDGE_CURVE ( 'NONE', #8998, #4794, #4194, .T. ) ;
#6692 = ORIENTED_EDGE ( 'NONE', *, *, #9278, .F. ) ;
#6693 = ORIENTED_EDGE ( 'NONE', *, *, #4289, .T. ) ;
#6694 = ADVANCED_BREP_SHAPE_REPRESENTATION ( '14HM11-0404S', ( #10917, #7530 ), #1580 ) ;
#6695 =( NAMED_UNIT ( * ) SI_UNIT ( $, .STERADIAN. ) SOLID_ANGLE_UNIT ( ) );
#6696 = ORIENTED_EDGE ( 'NONE', *, *, #2985, .T. ) ;
#6697 = EDGE_CURVE ( 'NONE', #5338, #11060, #3935, .T. ) ;
#6698 = PRESENTATION_STYLE_ASSIGNMENT (( #8061 ) ) ;
#6699 = STYLED_ITEM ( 'NONE', ( #8011 ), #7785 ) ;
#6700 = CARTESIAN_POINT ( 'NONE',  ( -13.00000000000000500, 11.73714950768861700, 27.69873763198419800 ) ) ;
#6701 = ORIENTED_EDGE ( 'NONE', *, *, #3933, .T. ) ;
#6702 = DIRECTION ( 'NONE',  ( 0.0000000000000000000, -6.938893904071311400E-016, 1.000000000000000000 ) ) ;
#6703 = SURFACE_STYLE_USAGE ( .BOTH. , #6744 ) ;
#6704 = FACE_BOUND ( 'NONE', #3163, .T. ) ;
#6705 = VERTEX_POINT ( 'NONE', #11312 ) ;
#6706 = CARTESIAN_POINT ( 'NONE',  ( 0.0000000000000000000, 0.0000000000000000000, 1.000000000000000000 ) ) ;
#6707 = EDGE_LOOP ( 'NONE', ( #2302, #9147 ) ) ;
#6708 = FILL_AREA_STYLE_COLOUR ( '', #9128 ) ;
#6709 = ORIENTED_EDGE ( 'NONE', *, *, #2286, .T. ) ;
#6710 = CARTESIAN_POINT ( 'NONE',  ( 17.60000000000000500, 11.45316318592670300, 8.000000000000000000 ) ) ;
#6711 = CARTESIAN_POINT ( 'NONE',  ( 12.45897040736655400, -14.26285049231145800, 26.70000000000000300 ) ) ;
#6712 = CARTESIAN_POINT ( 'NONE',  ( 10.79999999999942900, 8.599999999999488100, 27.28578643762690700 ) ) ;
#6713 = ORIENTED_EDGE ( 'NONE', *, *, #5724, .F. ) ;
#6714 = FILL_AREA_STYLE_COLOUR ( '', #8693 ) ;
#6715 = ORIENTED_EDGE ( 'NONE', *, *, #1180, .F. ) ;
#6716 = FACE_OUTER_BOUND ( 'NONE', #6477, .T. ) ;
#6717 = PRESENTATION_LAYER_ASSIGNMENT (  '', '', ( #6144 ) ) ;
#6718 = ORIENTED_EDGE ( 'NONE', *, *, #57, .F. ) ;
#6719 = CARTESIAN_POINT ( 'NONE',  ( 3.499999999999999100, 4.286263797015736100E-016, 27.99289321881345000 ) ) ;
#6720 = UNCERTAINTY_MEASURE_WITH_UNIT (LENGTH_MEASURE( 1.000000000000000100E-005 ), #5409, 'distance_accuracy_value', 'NONE');
#6721 = CARTESIAN_POINT ( 'NONE',  ( -0.5083007922562746700, -3.999932604497979900, -2.000000000000000000 ) ) ;
#6722 = ORIENTED_EDGE ( 'NONE', *, *, #4854, .T. ) ;
#6723 = LINE ( 'NONE', #5920, #11337 ) ;
#6724 = PRESENTATION_STYLE_ASSIGNMENT (( #1680 ) ) ;
#6725 = PRESENTATION_LAYER_ASSIGNMENT (  '', '', ( #4970 ) ) ;
#6726 = COLOUR_RGB ( '',1.000000000000000000, 1.000000000000000000, 1.000000000000000000 ) ;
#6727 = FACE_OUTER_BOUND ( 'NONE', #10836, .T. ) ;
#6728 = FILL_AREA_STYLE ('',( #7590 ) ) ;
#6729 = ORIENTED_EDGE ( 'NONE', *, *, #338, .T. ) ;
#6730 =( NAMED_UNIT ( * ) PLANE_ANGLE_UNIT ( ) SI_UNIT ( $, .RADIAN. ) );
#6731 = FACE_OUTER_BOUND ( 'NONE', #3656, .T. ) ;
#6732 = CIRCLE ( 'NONE', #1676, 2.799999999999999800 ) ;
#6733 = VERTEX_POINT ( 'NONE', #7016 ) ;
#6734 = PRESENTATION_STYLE_ASSIGNMENT (( #1952 ) ) ;
#6735 = PRESENTATION_LAYER_ASSIGNMENT (  '', '', ( #7354 ) ) ;
#6736 = CARTESIAN_POINT ( 'NONE',  ( -3.100000000000000500, -15.60000000000000100, 26.29999999999999700 ) ) ;
#6737 = CARTESIAN_POINT ( 'NONE',  ( 2.092470004868553600, -17.69999999999999900, 23.50748687669129600 ) ) ;
#6738 = VECTOR ( 'NONE', #752, 1000.000000000000000 ) ;
#6739 = DIRECTION ( 'NONE',  ( -0.0000000000000000000, -0.0000000000000000000, -1.000000000000000000 ) ) ;
#6740 = EDGE_CURVE ( 'NONE', #272, #8796, #10635, .T. ) ;
#6741 = ORIENTED_EDGE ( 'NONE', *, *, #9208, .F. ) ;
#6742 = ORIENTED_EDGE ( 'NONE', *, *, #8852, .F. ) ;
#6743 = SURFACE_STYLE_USAGE ( .BOTH. , #530 ) ;
#6744 = SURFACE_SIDE_STYLE ('',( #4037 ) ) ;
#6745 = AXIS2_PLACEMENT_3D ( 'NONE', #5582, #5562, #5544 ) ;
#6746 = MECHANICAL_DESIGN_GEOMETRIC_PRESENTATION_REPRESENTATION (  '', ( #4995 ), #7373 ) ;
#6747 = FILL_AREA_STYLE ('',( #4955 ) ) ;
#6748 = PRESENTATION_LAYER_ASSIGNMENT (  '', '', ( #4997 ) ) ;
#6749 = DIRECTION ( 'NONE',  ( -0.0000000000000000000, -0.0000000000000000000, -1.000000000000000000 ) ) ;
#6750 = SURFACE_STYLE_FILL_AREA ( #10946 ) ;
#6751 = FILL_AREA_STYLE ('',( #11089 ) ) ;
#6752 = FILL_AREA_STYLE ('',( #10244 ) ) ;
#6753 = ORIENTED_EDGE ( 'NONE', *, *, #1732, .T. ) ;
#6754 = CYLINDRICAL_SURFACE ( 'NONE', #7725, 4.000000000000000000 ) ;
#6755 = PLANE ( 'NONE',  #5568 ) ;
#6756 = CARTESIAN_POINT ( 'NONE',  ( -14.37408074114605400, 13.58868278403004700, 26.70000000000000300 ) ) ;
#6757 = ORIENTED_EDGE ( 'NONE', *, *, #7699, .F. ) ;
#6758 = FILL_AREA_STYLE ('',( #9433 ) ) ;
#6759 = DIRECTION ( 'NONE',  ( 4.164746616276587900E-015, 1.000000000000000000, 0.0000000000000000000 ) ) ;
#6760 = CARTESIAN_POINT ( 'NONE',  ( 2.419690145486811200, -3.197100400187783200, -2.000000000000000400 ) ) ;
#6761 = ORIENTED_EDGE ( 'NONE', *, *, #2966, .T. ) ;
#6762 = PRESENTATION_STYLE_ASSIGNMENT (( #4833 ) ) ;
#6763 = EDGE_CURVE ( 'NONE', #8776, #2845, #5967, .T. ) ;
#6764 = PRESENTATION_LAYER_ASSIGNMENT (  '', '', ( #6199 ) ) ;
#6765 =( GEOMETRIC_REPRESENTATION_CONTEXT ( 3 ) GLOBAL_UNCERTAINTY_ASSIGNED_CONTEXT ( ( #8614 ) ) GLOBAL_UNIT_ASSIGNED_CONTEXT ( ( #1341, #7545, #2252 ) ) REPRESENTATION_CONTEXT ( 'NONE', 'WORKASPACE' ) );
#6766 = PRESENTATION_STYLE_ASSIGNMENT (( #3830 ) ) ;
#6767 = UNCERTAINTY_MEASURE_WITH_UNIT (LENGTH_MEASURE( 1.000000000000000100E-005 ), #1613, 'distance_accuracy_value', 'NONE');
#6768 = SURFACE_SIDE_STYLE ('',( #8681 ) ) ;
#6769 = CARTESIAN_POINT ( 'NONE',  ( 11.21421356237400100, -12.99999999999999800, 27.70000000000001000 ) ) ;
#6770 = DIRECTION ( 'NONE',  ( -1.000000000000000000, -0.0000000000000000000, 0.0000000000000000000 ) ) ;
#6771 = FACE_OUTER_BOUND ( 'NONE', #6395, .T. ) ;
#6772 = UNCERTAINTY_MEASURE_WITH_UNIT (LENGTH_MEASURE( 1.000000000000000100E-005 ), #9309, 'distance_accuracy_value', 'NONE');
#6773 = MECHANICAL_DESIGN_GEOMETRIC_PRESENTATION_REPRESENTATION (  '', ( #9183 ), #7395 ) ;
#6774 = ORIENTED_EDGE ( 'NONE', *, *, #3641, .F. ) ;
#6775 = CARTESIAN_POINT ( 'NONE',  ( -11.62591925885394800, 12.99999999999927200, 27.68473138244006300 ) ) ;
#6776 = COLOUR_RGB ( '',0.2509803921568627400, 0.2509803921568627400, 0.2509803921568627400 ) ;
#6777 = DIRECTION ( 'NONE',  ( 1.000000000000000000, 0.0000000000000000000, 0.0000000000000000000 ) ) ;
#6778 = PRESENTATION_LAYER_ASSIGNMENT (  '', '', ( #5025 ) ) ;
#6779 = CARTESIAN_POINT ( 'NONE',  ( 3.100000000000000500, -17.60000000000000100, 26.29999999999999700 ) ) ;
#6780 = EDGE_CURVE ( 'NONE', #5017, #4476, #3654, .T. ) ;
#6781 = CARTESIAN_POINT ( 'NONE',  ( 16.29861620407432800, -12.99999999999999800, 28.19999999999999600 ) ) ;
#6782 = PRESENTATION_STYLE_ASSIGNMENT (( #5570 ) ) ;
#6783 = FACE_OUTER_BOUND ( 'NONE', #4288, .T. ) ;
#6784 = ORIENTED_EDGE ( 'NONE', *, *, #192, .T. ) ;
#6785 = CARTESIAN_POINT ( 'NONE',  ( 13.60000000000000700, -17.39289321881344800, 4.516154061397947200E-016 ) ) ;
#6786 = FILL_AREA_STYLE ('',( #7356 ) ) ;
#6787 = LINE ( 'NONE', #2508, #2118 ) ;
#6788 = ORIENTED_EDGE ( 'NONE', *, *, #5445, .F. ) ;
#6789 = CARTESIAN_POINT ( 'NONE',  ( 4.000000000000000000, 4.898587196589412800E-016, -2.000000000000000000 ) ) ;
#6790 =( GEOMETRIC_REPRESENTATION_CONTEXT ( 3 ) GLOBAL_UNCERTAINTY_ASSIGNED_CONTEXT ( ( #2498 ) ) GLOBAL_UNIT_ASSIGNED_CONTEXT ( ( #7170, #1882, #8043 ) ) REPRESENTATION_CONTEXT ( 'NONE', 'WORKASPACE' ) );
#6791 = SURFACE_SIDE_STYLE ('',( #9634 ) ) ;
#6792 = SURFACE_SIDE_STYLE ('',( #2111 ) ) ;
#6793 =( BOUNDED_CURVE ( )  B_SPLINE_CURVE ( 3, ( #9829, #5364, #8931, #4568 ),
 .UNSPECIFIED., .F., .T. ) 
 B_SPLINE_CURVE_WITH_KNOTS ( ( 4, 4 ),
 ( 0.0000000000000000000, 1.000000000000000000 ),
 .UNSPECIFIED. ) 
 CURVE ( )  GEOMETRIC_REPRESENTATION_ITEM ( )  RATIONAL_B_SPLINE_CURVE ( ( 1.000000000000000000, 0.3333333333333332000, 0.3333333333333332000, 1.000000000000000000 ) ) 
 REPRESENTATION_ITEM ( '' )  );
#6794 = COLOUR_RGB ( '',1.000000000000000000, 1.000000000000000000, 1.000000000000000000 ) ;
#6795 = CARTESIAN_POINT ( 'NONE',  ( -16.00572298526112600, 12.99999999999926600, 28.19999999999999900 ) ) ;
#6796 = CARTESIAN_POINT ( 'NONE',  ( 12.41131721597000100, 14.37408074114600400, 26.70000000000000300 ) ) ;
#6797 = SURFACE_STYLE_USAGE ( .BOTH. , #575 ) ;
#6798 = DIRECTION ( 'NONE',  ( 0.0000000000000000000, 0.0000000000000000000, 1.000000000000000000 ) ) ;
#6799 = SURFACE_STYLE_USAGE ( .BOTH. , #578 ) ;
#6800 = CARTESIAN_POINT ( 'NONE',  ( -3.707106781186547900, 0.0000000000000000000, -2.000000000000000000 ) ) ;
#6801 = EDGE_LOOP ( 'NONE', ( #10543, #9461, #3939, #887 ) ) ;
#6802 = EDGE_LOOP ( 'NONE', ( #1350, #4683, #9179, #6264 ) ) ;
#6803 = EDGE_LOOP ( 'NONE', ( #6674, #3194, #561, #9776, #7334 ) ) ;
#6804 = SURFACE_STYLE_USAGE ( .BOTH. , #581 ) ;
#6805 = CARTESIAN_POINT ( 'NONE',  ( 12.99999999999999600, 12.99999999999999600, 4.500000000000001800 ) ) ;
#6806 = CIRCLE ( 'NONE', #1322, 3.500000000000000000 ) ;
#6807 = CONICAL_SURFACE ( 'NONE', #184, 2.499999999940882800, 0.7853981633974482800 ) ;
#6808 = PRESENTATION_LAYER_ASSIGNMENT (  '', '', ( #6241 ) ) ;
#6809 = DIRECTION ( 'NONE',  ( -0.8571673006944943200, 0.0000000000000000000, -0.5150380749227324600 ) ) ;
#6810 = ORIENTED_EDGE ( 'NONE', *, *, #36, .T. ) ;
#6811 = FILL_AREA_STYLE_COLOUR ( '', #1686 ) ;
#6812 = CARTESIAN_POINT ( 'NONE',  ( 14.26673093167300800, -13.58868278403014400, 27.68598713120339400 ) ) ;
#6813 = CARTESIAN_POINT ( 'NONE',  ( -2.107529995131446600, -17.69999999999999900, 25.28764494107381100 ) ) ;
#6814 = CIRCLE ( 'NONE', #9089, 2.798616204074580300 ) ;
#6815 =( GEOMETRIC_REPRESENTATION_CONTEXT ( 3 ) GLOBAL_UNCERTAINTY_ASSIGNED_CONTEXT ( ( #1909 ) ) GLOBAL_UNIT_ASSIGNED_CONTEXT ( ( #1870, #8029, #2789 ) ) REPRESENTATION_CONTEXT ( 'NONE', 'WORKASPACE' ) );
#6816 = COLOUR_RGB ( '',1.000000000000000000, 1.000000000000000000, 1.000000000000000000 ) ;
#6817 = VERTEX_POINT ( 'NONE', #6137 ) ;
#6818 = PRESENTATION_LAYER_ASSIGNMENT (  '', '', ( #5655 ) ) ;
#6819 = PRESENTATION_LAYER_ASSIGNMENT (  '', '', ( #5065 ) ) ;
#6820 = AXIS2_PLACEMENT_3D ( 'NONE', #3880, #3862, #3847 ) ;
#6821 = CARTESIAN_POINT ( 'NONE',  ( -12.41131721597010300, -14.37408074114592100, 26.70000000000000300 ) ) ;
#6822 = SURFACE_SIDE_STYLE ('',( #5958 ) ) ;
#6823 = SURFACE_STYLE_FILL_AREA ( #1251 ) ;
#6824 = ORIENTED_EDGE ( 'NONE', *, *, #411, .F. ) ;
#6825 = SURFACE_SIDE_STYLE ('',( #7649 ) ) ;
#6826 = CARTESIAN_POINT ( 'NONE',  ( -12.99999999999927200, -13.00000000000072300, 25.19999999999999900 ) ) ;
#6827 = CARTESIAN_POINT ( 'NONE',  ( -11.79999999999861300, -10.59999999999928600, 27.70000000000000300 ) ) ;
#6828 = COLOUR_RGB ( '',1.000000000000000000, 1.000000000000000000, 1.000000000000000000 ) ;
#6829 =( LENGTH_UNIT ( ) NAMED_UNIT ( * ) SI_UNIT ( .MILLI., .METRE. ) );
#6830 = EDGE_CURVE ( 'NONE', #3459, #9894, #8299, .T. ) ;
#6831 = MECHANICAL_DESIGN_GEOMETRIC_PRESENTATION_REPRESENTATION (  '', ( #5673 ), #7456 ) ;
#6832 = CARTESIAN_POINT ( 'NONE',  ( -12.45897040736665300, 14.26285049231137400, 27.68476953867929400 ) ) ;
#6833 = ORIENTED_EDGE ( 'NONE', *, *, #7387, .F. ) ;
#6834 = PRESENTATION_STYLE_ASSIGNMENT (( #10748 ) ) ;
#6835 = ORIENTED_EDGE ( 'NONE', *, *, #1973, .T. ) ;
#6836 = MECHANICAL_DESIGN_GEOMETRIC_PRESENTATION_REPRESENTATION (  '', ( #5086 ), #7468 ) ;
#6837 = CARTESIAN_POINT ( 'NONE',  ( -11.75000000005276000, -13.00000000000000200, 4.500000000007276000 ) ) ;
#6838 = MECHANICAL_DESIGN_GEOMETRIC_PRESENTATION_REPRESENTATION (  '', ( #5682 ), #7470 ) ;
#6839 = DIRECTION ( 'NONE',  ( 0.0000000000000000000, 0.0000000000000000000, -1.000000000000000000 ) ) ;
#6840 = ORIENTED_EDGE ( 'NONE', *, *, #6534, .T. ) ;
#6841 =( BOUNDED_SURFACE ( )  B_SPLINE_SURFACE ( 3, 3, ( 
 ( #8576, #6827, #1533, #7718 ),
 ( #2453, #8607, #3349, #9471 ),
 ( #4233, #10351, #5116, #11190 ),
 ( #5987, #657, #6865, #1569 ) ),
 .UNSPECIFIED., .F., .F., .F. ) 
 B_SPLINE_SURFACE_WITH_KNOTS ( ( 4, 4 ),
 ( 4, 4 ),
 ( 0.0000000000000000000, 1.000000000000000000 ),
 ( 0.0000000000000000000, 1.000000000000000000 ),
 .UNSPECIFIED. ) 
 GEOMETRIC_REPRESENTATION_ITEM ( )  RATIONAL_B_SPLINE_SURFACE ( (
 ( 1.000000000000000000, 0.3333333333332750300, 0.3333333333332750300, 1.000000000000000000),
 ( 0.8047378541243641600, 0.2682459513747411100, 0.2682459513747411100, 0.8047378541243641600),
 ( 0.8047378541243641600, 0.2682459513747411100, 0.2682459513747411100, 0.8047378541243641600),
 ( 1.000000000000000000, 0.3333333333332750300, 0.3333333333332750300, 1.000000000000000000) ) ) 
 REPRESENTATION_ITEM ( '' )  SURFACE ( )  );
#6842 = DIRECTION ( 'NONE',  ( 0.0000000000000000000, 0.0000000000000000000, -1.000000000000000000 ) ) ;
#6843 = VERTEX_POINT ( 'NONE', #4441 ) ;
#6844 = EDGE_CURVE ( 'NONE', #7460, #1412, #10354, .T. ) ;
#6845 = DIRECTION ( 'NONE',  ( -1.000000000000000000, 0.0000000000000000000, 0.0000000000000000000 ) ) ;
#6846 = ORIENTED_EDGE ( 'NONE', *, *, #2120, .T. ) ;
#6847 = CARTESIAN_POINT ( 'NONE',  ( 10.20138379592620100, 18.59723240814758700, 27.70000000000000300 ) ) ;
#6848 = COLOUR_RGB ( '',1.000000000000000000, 1.000000000000000000, 1.000000000000000000 ) ;
#6849 =( NAMED_UNIT ( * ) PLANE_ANGLE_UNIT ( ) SI_UNIT ( $, .RADIAN. ) );
#6850 =( GEOMETRIC_REPRESENTATION_CONTEXT ( 3 ) GLOBAL_UNCERTAINTY_ASSIGNED_CONTEXT ( ( #9172 ) ) GLOBAL_UNIT_ASSIGNED_CONTEXT ( ( #4253, #10377, #5138 ) ) REPRESENTATION_CONTEXT ( 'NONE', 'WORKASPACE' ) );
#6851 = FILL_AREA_STYLE_COLOUR ( '', #9368 ) ;
#6852 = ADVANCED_FACE ( 'NONE', ( #3368 ), #8577, .T. ) ;
#6853 = EDGE_CURVE ( 'NONE', #8760, #6149, #6929, .T. ) ;
#6854 = EDGE_LOOP ( 'NONE', ( #1636, #6319 ) ) ;
#6855 = CARTESIAN_POINT ( 'NONE',  ( 14.37408074114595600, -13.58868278403014400, 26.70000000000000300 ) ) ;
#6856 = VERTEX_POINT ( 'NONE', #806 ) ;
#6857 = LINE ( 'NONE', #9072, #8920 ) ;
#6858 = SURFACE_SIDE_STYLE ('',( #85 ) ) ;
#6859 = VECTOR ( 'NONE', #7366, 1000.000000000000000 ) ;
#6860 = VERTEX_POINT ( 'NONE', #9743 ) ;
#6861 =( NAMED_UNIT ( * ) PLANE_ANGLE_UNIT ( ) SI_UNIT ( $, .RADIAN. ) );
#6862 = CARTESIAN_POINT ( 'NONE',  ( 11.00000000000000000, 0.0000000000000000000, -0.5000000000000001100 ) ) ;
#6863 = CARTESIAN_POINT ( 'NONE',  ( -1.102823950784868500, -35.60000000000000100, 24.79493308255596400 ) ) ;
#6864 = CARTESIAN_POINT ( 'NONE',  ( 17.60000000000000500, 17.60000000000000100, 6.000000000000000000 ) ) ;
#6865 = CARTESIAN_POINT ( 'NONE',  ( -15.20000000000036700, -8.599999999999141700, 26.70000000000001000 ) ) ;
#6866 = UNCERTAINTY_MEASURE_WITH_UNIT (LENGTH_MEASURE( 1.000000000000000100E-005 ), #4616, 'distance_accuracy_value', 'NONE');
#6867 = CARTESIAN_POINT ( 'NONE',  ( 14.13542999331828700, 12.45897040736660000, 27.70000000000000300 ) ) ;
#6868 = SURFACE_SIDE_STYLE ('',( #10465 ) ) ;
#6869 = ORIENTED_EDGE ( 'NONE', *, *, #1070, .T. ) ;
#6870 = AXIS2_PLACEMENT_3D ( 'NONE', #5304, #11384, #6205 ) ;
#6871 = SURFACE_STYLE_FILL_AREA ( #4390 ) ;
#6872 = STYLED_ITEM ( 'NONE', ( #6438 ), #5681 ) ;
#6873 = ORIENTED_EDGE ( 'NONE', *, *, #5516, .F. ) ;
#6874 = ORIENTED_EDGE ( 'NONE', *, *, #3760, .T. ) ;
#6875 = SURFACE_SIDE_STYLE ('',( #8248 ) ) ;
#6876 = CARTESIAN_POINT ( 'NONE',  ( -4.000000000000000000, 0.0000000000000000000, -2.000000000000000000 ) ) ;
#6877 = SURFACE_STYLE_USAGE ( .BOTH. , #5901 ) ;
#6878 = ORIENTED_EDGE ( 'NONE', *, *, #192, .F. ) ;
#6879 = CARTESIAN_POINT ( 'NONE',  ( -14.07111483039666300, -13.54102959263319900, 27.70000000000000300 ) ) ;
#6880 = EDGE_CURVE ( 'NONE', #11336, #8036, #4610, .T. ) ;
#6881 = VECTOR ( 'NONE', #1231, 1000.000000000000000 ) ;
#6882 = CARTESIAN_POINT ( 'NONE',  ( 2.992470004868553100, -15.60000000000000100, 0.0000000000000000000 ) ) ;
#6883 = EDGE_LOOP ( 'NONE', ( #4319, #6131 ) ) ;
#6884 = ORIENTED_EDGE ( 'NONE', *, *, #3793, .F. ) ;
#6885 =( GEOMETRIC_REPRESENTATION_CONTEXT ( 3 ) GLOBAL_UNCERTAINTY_ASSIGNED_CONTEXT ( ( #8782 ) ) GLOBAL_UNIT_ASSIGNED_CONTEXT ( ( #56, #6299, #977 ) ) REPRESENTATION_CONTEXT ( 'NONE', 'WORKASPACE' ) );
#6886 = DIRECTION ( 'NONE',  ( 0.0000000000000000000, 1.000000000000000000, 0.0000000000000000000 ) ) ;
#6887 = DIRECTION ( 'NONE',  ( -0.0000000000000000000, -1.000000000000000000, 0.0000000000000000000 ) ) ;
#6888 = EDGE_CURVE ( 'NONE', #8309, #6654, #2532, .T. ) ;
#6889 = CARTESIAN_POINT ( 'NONE',  ( -13.60000000000000000, -17.60000000000000100, 0.5000000000000004400 ) ) ;
#6890 = COLOUR_RGB ( '',1.000000000000000000, 1.000000000000000000, 1.000000000000000000 ) ;
#6891 = FACE_OUTER_BOUND ( 'NONE', #269, .T. ) ;
#6892 = SURFACE_SIDE_STYLE ('',( #10860 ) ) ;
#6893 = EDGE_LOOP ( 'NONE', ( #7971, #7581, #10841, #7948 ) ) ;
#6894 = DIRECTION ( 'NONE',  ( 0.0000000000000000000, 0.0000000000000000000, 1.000000000000000000 ) ) ;
#6895 = CARTESIAN_POINT ( 'NONE',  ( -14.19935388018305000, -13.54102959263319800, 27.69507424152990200 ) ) ;
#6896 =( GEOMETRIC_REPRESENTATION_CONTEXT ( 3 ) GLOBAL_UNCERTAINTY_ASSIGNED_CONTEXT ( ( #7684 ) ) GLOBAL_UNIT_ASSIGNED_CONTEXT ( ( #2281, #2237, #2215 ) ) REPRESENTATION_CONTEXT ( 'NONE', 'WORKASPACE' ) );
#6897 =( GEOMETRIC_REPRESENTATION_CONTEXT ( 3 ) GLOBAL_UNCERTAINTY_ASSIGNED_CONTEXT ( ( #10347 ) ) GLOBAL_UNIT_ASSIGNED_CONTEXT ( ( #2816, #8926, #3683 ) ) REPRESENTATION_CONTEXT ( 'NONE', 'WORKASPACE' ) );
#6898 = FILL_AREA_STYLE ('',( #11252 ) ) ;
#6899 = UNCERTAINTY_MEASURE_WITH_UNIT (LENGTH_MEASURE( 1.000000000000000100E-005 ), #7760, 'distance_accuracy_value', 'NONE');
#6900 = CARTESIAN_POINT ( 'NONE',  ( -12.45897040736665300, 14.26285049231137400, 26.70000000000000300 ) ) ;
#6901 = DIRECTION ( 'NONE',  ( -1.000000000000000000, 0.0000000000000000000, 0.0000000000000000000 ) ) ;
#6902 = FACE_OUTER_BOUND ( 'NONE', #19, .T. ) ;
#6903 = LINE ( 'NONE', #5498, #9239 ) ;
#6904 = DIRECTION ( 'NONE',  ( 0.0000000000000000000, 0.0000000000000000000, 1.000000000000000000 ) ) ;
#6905 = ORIENTED_EDGE ( 'NONE', *, *, #1140, .T. ) ;
#6906 = CARTESIAN_POINT ( 'NONE',  ( -14.26285049231151400, -13.54102959263319800, 27.68476953867928700 ) ) ;
#6907 = LINE ( 'NONE', #6332, #11009 ) ;
#6908 = CARTESIAN_POINT ( 'NONE',  ( 15.79861620407379000, 12.99999999999999600, 25.19999999999999900 ) ) ;
#6909 = UNCERTAINTY_MEASURE_WITH_UNIT (LENGTH_MEASURE( 1.000000000000000100E-005 ), #5076, 'distance_accuracy_value', 'NONE');
#6910 = AXIS2_PLACEMENT_3D ( 'NONE', #1960, #8121, #2871 ) ;
#6911 = ADVANCED_FACE ( 'NONE', ( #11258 ), #10218, .T. ) ;
#6912 = DIRECTION ( 'NONE',  ( -0.0000000000000000000, 0.0000000000000000000, -1.000000000000000000 ) ) ;
#6913 = PRESENTATION_STYLE_ASSIGNMENT (( #9228 ) ) ;
#6914 = SURFACE_STYLE_FILL_AREA ( #2449 ) ;
#6915 = FACE_OUTER_BOUND ( 'NONE', #3332, .T. ) ;
#6916 = EDGE_CURVE ( 'NONE', #7057, #1072, #1387, .T. ) ;
#6917 = VECTOR ( 'NONE', #1437, 1000.000000000000000 ) ;
#6918 = VERTEX_POINT ( 'NONE', #2817 ) ;
#6919 = COLOUR_RGB ( '',1.000000000000000000, 1.000000000000000000, 1.000000000000000000 ) ;
#6920 = DIRECTION ( 'NONE',  ( 0.0000000000000000000, 0.0000000000000000000, 1.000000000000000000 ) ) ;
#6921 = SURFACE_STYLE_USAGE ( .BOTH. , #710 ) ;
#6922 = CARTESIAN_POINT ( 'NONE',  ( 11.73714950768866800, 12.63911500751319600, 27.69729446702148900 ) ) ;
#6923 = SURFACE_SIDE_STYLE ('',( #8855 ) ) ;
#6924 = SURFACE_STYLE_FILL_AREA ( #3097 ) ;
#6925 = PLANE ( 'NONE',  #11055 ) ;
#6926 = COLOUR_RGB ( '',0.2509803921568627400, 0.2509803921568627400, 0.2509803921568627400 ) ;
#6927 = EDGE_CURVE ( 'NONE', #2067, #10591, #1111, .T. ) ;
#6928 = DIRECTION ( 'NONE',  ( -0.0000000000000000000, -0.0000000000000000000, -1.000000000000000000 ) ) ;
#6929 = LINE ( 'NONE', #4487, #113 ) ;
#6930 = EDGE_LOOP ( 'NONE', ( #4651, #1489, #6363, #8358 ) ) ;
#6931 =( LENGTH_UNIT ( ) NAMED_UNIT ( * ) SI_UNIT ( .MILLI., .METRE. ) );
#6932 =( NAMED_UNIT ( * ) PLANE_ANGLE_UNIT ( ) SI_UNIT ( $, .RADIAN. ) );
#6933 = VECTOR ( 'NONE', #2899, 1000.000000000000000 ) ;
#6934 = ORIENTED_EDGE ( 'NONE', *, *, #2262, .T. ) ;
#6935 = ORIENTED_EDGE ( 'NONE', *, *, #10373, .T. ) ;
#6936 =( BOUNDED_SURFACE ( )  B_SPLINE_SURFACE ( 3, 3, ( 
 ( #1949, #6377, #1055, #7267 ),
 ( #1983, #8149, #2896, #9017 ),
 ( #3773, #9900, #4646, #10778 ),
 ( #5535, #173, #6413, #1094 ) ),
 .UNSPECIFIED., .F., .F., .T. ) 
 B_SPLINE_SURFACE_WITH_KNOTS ( ( 4, 4 ),
 ( 4, 4 ),
 ( 0.0000000000000000000, 1.000000000000000000 ),
 ( 0.0000000000000000000, 1.000000000000000000 ),
 .UNSPECIFIED. ) 
 GEOMETRIC_REPRESENTATION_ITEM ( )  RATIONAL_B_SPLINE_SURFACE ( (
 ( 1.000000000000000000, 0.3333333333333334300, 0.3333333333333334300, 1.000000000000000000),
 ( 0.8047378541243634900, 0.2682459513747879100, 0.2682459513747879100, 0.8047378541243634900),
 ( 0.8047378541243634900, 0.2682459513747879100, 0.2682459513747879100, 0.8047378541243634900),
 ( 1.000000000000000000, 0.3333333333333334300, 0.3333333333333334300, 1.000000000000000000) ) ) 
 REPRESENTATION_ITEM ( '' )  SURFACE ( )  );
#6937 = SURFACE_STYLE_USAGE ( .BOTH. , #723 ) ;
#6938 = COLOUR_RGB ( '',1.000000000000000000, 0.0000000000000000000, 0.0000000000000000000 ) ;
#6939 = CARTESIAN_POINT ( 'NONE',  ( 14.26285049231142000, 12.45897040736659800, 27.68476953867925900 ) ) ;
#6940 = AXIS2_PLACEMENT_3D ( 'NONE', #6706, #10204, #10240 ) ;
#6941 = ORIENTED_EDGE ( 'NONE', *, *, #302, .F. ) ;
#6942 = AXIS2_PLACEMENT_3D ( 'NONE', #10968, #5727, #378 ) ;
#6943 = ORIENTED_EDGE ( 'NONE', *, *, #2600, .T. ) ;
#6944 = ORIENTED_EDGE ( 'NONE', *, *, #2771, .T. ) ;
#6945 = DIRECTION ( 'NONE',  ( -0.0000000000000000000, -1.000000000000000000, -0.0000000000000000000 ) ) ;
#6946 = CARTESIAN_POINT ( 'NONE',  ( 13.60000000000000500, -13.60000000000000100, 27.69999999999999900 ) ) ;
#6947 = CARTESIAN_POINT ( 'NONE',  ( -3.669477605960517400, -1.597904183442606900, -2.000000000000000000 ) ) ;
#6948 = EDGE_LOOP ( 'NONE', ( #5233, #3782, #9753 ) ) ;
#6949 =( NAMED_UNIT ( * ) SI_UNIT ( $, .STERADIAN. ) SOLID_ANGLE_UNIT ( ) );
#6950 = CARTESIAN_POINT ( 'NONE',  ( 13.60000000000000500, 17.10000000000000100, 0.5000000000000004400 ) ) ;
#6951 = CARTESIAN_POINT ( 'NONE',  ( 11.95431717056050600, -13.58868278403012700, 27.70000000000000300 ) ) ;
#6952 =( NAMED_UNIT ( * ) PLANE_ANGLE_UNIT ( ) SI_UNIT ( $, .RADIAN. ) );
#6953 = PRESENTATION_LAYER_ASSIGNMENT (  '', '', ( #6375 ) ) ;
#6954 = SURFACE_SIDE_STYLE ('',( #842 ) ) ;
#6955 = ORIENTED_EDGE ( 'NONE', *, *, #5821, .T. ) ;
#6956 = CARTESIAN_POINT ( 'NONE',  ( 13.60000000000000700, -17.39289321881344800, 28.19999999999999900 ) ) ;
#6957 = SURFACE_STYLE_USAGE ( .BOTH. , #746 ) ;
#6958 = CARTESIAN_POINT ( 'NONE',  ( 17.60000000000000500, 13.60000000000000100, 8.000000000000000000 ) ) ;
#6959 = CARTESIAN_POINT ( 'NONE',  ( -17.39289321881344500, 15.82182540694797400, 28.20000000000000300 ) ) ;
#6960 = AXIS2_PLACEMENT_3D ( 'NONE', #3045, #9165, #3927 ) ;
#6961 = CARTESIAN_POINT ( 'NONE',  ( 3.906384401416574300, -0.9996207843435728200, -2.000000000000000000 ) ) ;
#6962 = PLANE ( 'NONE',  #9194 ) ;
#6963 = PLANE ( 'NONE',  #5965 ) ;
#6964 = VECTOR ( 'NONE', #11048, 1000.000000000000000 ) ;
#6965 = ORIENTED_EDGE ( 'NONE', *, *, #7288, .F. ) ;
#6966 = EDGE_CURVE ( 'NONE', #8810, #8760, #8910, .T. ) ;
#6967 = SURFACE_SIDE_STYLE ('',( #7015 ) ) ;
#6968 = PRESENTATION_LAYER_ASSIGNMENT (  '', '', ( #5791 ) ) ;
#6969 = PLANE ( 'NONE',  #10555 ) ;
#6970 = AXIS2_PLACEMENT_3D ( 'NONE', #2427, #6842, #10372 ) ;
#6971 = CARTESIAN_POINT ( 'NONE',  ( 0.0000000000000000000, 0.0000000000000000000, -1.500000000000000000 ) ) ;
#6972 = ADVANCED_FACE ( 'NONE', ( #5571 ), #4744, .F. ) ;
#6973 = FACE_OUTER_BOUND ( 'NONE', #3115, .T. ) ;
#6974 =( GEOMETRIC_REPRESENTATION_CONTEXT ( 3 ) GLOBAL_UNCERTAINTY_ASSIGNED_CONTEXT ( ( #11282 ) ) GLOBAL_UNIT_ASSIGNED_CONTEXT ( ( #7860, #2601, #8744 ) ) REPRESENTATION_CONTEXT ( 'NONE', 'WORKASPACE' ) );
#6975 = CARTESIAN_POINT ( 'NONE',  ( -13.58868278403017300, -11.62591925885381100, 27.65553645166653900 ) ) ;
#6976 = ORIENTED_EDGE ( 'NONE', *, *, #791, .F. ) ;
#6977 = EDGE_LOOP ( 'NONE', ( #311, #2305, #3421, #6567 ) ) ;
#6978 = B_SPLINE_CURVE_WITH_KNOTS ( 'NONE', 3,
 ( #5003, #1457, #8536, #3273 ),
 .UNSPECIFIED., .F., .F.,
 ( 4, 4 ),
 ( 1.579682565311380000E-016, 0.0005411919004468281100 ),
 .UNSPECIFIED. ) ;
#6979 = DIRECTION ( 'NONE',  ( 0.0000000000000000000, 0.0000000000000000000, 1.000000000000000000 ) ) ;
#6980 = ORIENTED_EDGE ( 'NONE', *, *, #8114, .T. ) ;
#6981 =( LENGTH_UNIT ( ) NAMED_UNIT ( * ) SI_UNIT ( .MILLI., .METRE. ) );
#6982 = DIRECTION ( 'NONE',  ( 0.0000000000000000000, 0.0000000000000000000, 1.000000000000000000 ) ) ;
#6983 = LINE ( 'NONE', #871, #166 ) ;
#6984 = ORIENTED_EDGE ( 'NONE', *, *, #238, .F. ) ;
#6985 = CARTESIAN_POINT ( 'NONE',  ( 2.730935419506186800, 2.925945082071474100, -2.000000000000000400 ) ) ;
#6986 =( NAMED_UNIT ( * ) SI_UNIT ( $, .STERADIAN. ) SOLID_ANGLE_UNIT ( ) );
#6987 = UNCERTAINTY_MEASURE_WITH_UNIT (LENGTH_MEASURE( 1.000000000000000100E-005 ), #200, 'distance_accuracy_value', 'NONE');
#6988 = CARTESIAN_POINT ( 'NONE',  ( -2.499999999997726300, 0.0000000000000000000, 25.70000000002892200 ) ) ;
#6989 = ORIENTED_EDGE ( 'NONE', *, *, #841, .T. ) ;
#6990 = CARTESIAN_POINT ( 'NONE',  ( -11.75000000005275200, 13.00000000000000200, 4.500000000007276000 ) ) ;
#6991 = SURFACE_STYLE_FILL_AREA ( #7119 ) ;
#6992 = EDGE_CURVE ( 'NONE', #1963, #8662, #9387, .T. ) ;
#6993 = PRESENTATION_LAYER_ASSIGNMENT (  '', '', ( #6412 ) ) ;
#6994 = MECHANICAL_DESIGN_GEOMETRIC_PRESENTATION_REPRESENTATION (  '', ( #4062 ), #7588 ) ;
#6995 = ORIENTED_EDGE ( 'NONE', *, *, #11316, .F. ) ;
#6996 = CARTESIAN_POINT ( 'NONE',  ( 13.60000000000000500, -13.60000000000000100, 0.5000000000000004400 ) ) ;
#6997 = ORIENTED_EDGE ( 'NONE', *, *, #4360, .T. ) ;
#6998 = CARTESIAN_POINT ( 'NONE',  ( -15.65025253169416400, 17.09999999999999800, 28.19999999999999900 ) ) ;
#6999 = ORIENTED_EDGE ( 'NONE', *, *, #214, .T. ) ;
#7000 = UNCERTAINTY_MEASURE_WITH_UNIT (LENGTH_MEASURE( 1.000000000000000100E-005 ), #3244, 'distance_accuracy_value', 'NONE');
#7001 = ORIENTED_EDGE ( 'NONE', *, *, #2031, .F. ) ;
#7002 = FACE_OUTER_BOUND ( 'NONE', #74, .T. ) ;
#7003 = ORIENTED_EDGE ( 'NONE', *, *, #8126, .T. ) ;
#7004 = CARTESIAN_POINT ( 'NONE',  ( 14.52295398712867100, -14.52894118582677900, 8.000000000000000000 ) ) ;
#7005 = CARTESIAN_POINT ( 'NONE',  ( 15.20000000000053800, -17.39999999999964700, 27.28578643762690300 ) ) ;
#7006 = FILL_AREA_STYLE_COLOUR ( '', #250 ) ;
#7007 = SURFACE_STYLE_FILL_AREA ( #2420 ) ;
#7008 =( GEOMETRIC_REPRESENTATION_CONTEXT ( 3 ) GLOBAL_UNCERTAINTY_ASSIGNED_CONTEXT ( ( #6772 ) ) GLOBAL_UNIT_ASSIGNED_CONTEXT ( ( #9309, #9281, #9244 ) ) REPRESENTATION_CONTEXT ( 'NONE', 'WORKASPACE' ) );
#7009 = PRESENTATION_LAYER_ASSIGNMENT (  '', '', ( #5818 ) ) ;
#7010 = CARTESIAN_POINT ( 'NONE',  ( -12.45897040736665300, 14.26285049231137400, 26.70000000000000300 ) ) ;
#7011 = VERTEX_POINT ( 'NONE', #9862 ) ;
#7012 = UNCERTAINTY_MEASURE_WITH_UNIT (LENGTH_MEASURE( 1.000000000000000100E-005 ), #1442, 'distance_accuracy_value', 'NONE');
#7013 = EDGE_CURVE ( 'NONE', #9191, #7551, #2378, .T. ) ;
#7014 = EDGE_LOOP ( 'NONE', ( #979, #4929, #2383, #10134 ) ) ;
#7015 = SURFACE_STYLE_FILL_AREA ( #757 ) ;
#7016 = CARTESIAN_POINT ( 'NONE',  ( 10.20138379592620100, 12.99999999999999600, 25.19999999999999900 ) ) ;
#7017 =( NAMED_UNIT ( * ) PLANE_ANGLE_UNIT ( ) SI_UNIT ( $, .RADIAN. ) );
#7018 = LINE ( 'NONE', #9762, #9334 ) ;
#7019 = VECTOR ( 'NONE', #10906, 1000.000000000000000 ) ;
#7020 = FILL_AREA_STYLE_COLOUR ( '', #960 ) ;
#7021 = AXIS2_PLACEMENT_3D ( 'NONE', #6165, #833, #7049 ) ;
#7022 =( NAMED_UNIT ( * ) PLANE_ANGLE_UNIT ( ) SI_UNIT ( $, .RADIAN. ) );
#7023 = ORIENTED_EDGE ( 'NONE', *, *, #1026, .F. ) ;
#7024 = EDGE_CURVE ( 'NONE', #2608, #11361, #7078, .T. ) ;
#7025 = CARTESIAN_POINT ( 'NONE',  ( 13.00000000000072100, -12.99999999999999600, 25.19999999999999900 ) ) ;
#7026 = FILL_AREA_STYLE_COLOUR ( '', #978 ) ;
#7027 = ORIENTED_EDGE ( 'NONE', *, *, #2206, .T. ) ;
#7028 = FACE_OUTER_BOUND ( 'NONE', #3698, .T. ) ;
#7029 = AXIS2_PLACEMENT_3D ( 'NONE', #832, #7048, #1760 ) ;
#7030 = FILL_AREA_STYLE ('',( #9582 ) ) ;
#7031 = CIRCLE ( 'NONE', #4491, 0.4726131969088054300 ) ;
#7032 = SURFACE_SIDE_STYLE ('',( #8490 ) ) ;
#7033 = SURFACE_STYLE_FILL_AREA ( #8353 ) ;
#7034 = CARTESIAN_POINT ( 'NONE',  ( -12.60754481064679000, -14.37408074114591500, 27.67938296417842600 ) ) ;
#7035 = ORIENTED_EDGE ( 'NONE', *, *, #9150, .F. ) ;
#7036 = ORIENTED_EDGE ( 'NONE', *, *, #3478, .F. ) ;
#7037 = CARTESIAN_POINT ( 'NONE',  ( 15.19999999999999400, 12.99999999999999600, 26.70000000000000300 ) ) ;
#7038 = FILL_AREA_STYLE ('',( #860 ) ) ;
#7039 = STYLED_ITEM ( 'NONE', ( #1155 ), #6118 ) ;
#7040 = DIRECTION ( 'NONE',  ( 1.000000000000000000, 0.0000000000000000000, 0.0000000000000000000 ) ) ;
#7041 = ADVANCED_FACE ( 'NONE', ( #259 ), #2927, .F. ) ;
#7042 =( NAMED_UNIT ( * ) PLANE_ANGLE_UNIT ( ) SI_UNIT ( $, .RADIAN. ) );
#7043 = LINE ( 'NONE', #7458, #4976 ) ;
#7044 =( NAMED_UNIT ( * ) SI_UNIT ( $, .STERADIAN. ) SOLID_ANGLE_UNIT ( ) );
#7045 = ORIENTED_EDGE ( 'NONE', *, *, #7737, .T. ) ;
#7046 = VERTEX_POINT ( 'NONE', #9011 ) ;
#7047 = STYLED_ITEM ( 'NONE', ( #9685 ), #9020 ) ;
#7048 = DIRECTION ( 'NONE',  ( 0.0000000000000000000, 0.0000000000000000000, 1.000000000000000000 ) ) ;
#7049 = DIRECTION ( 'NONE',  ( 0.0000000000000000000, -1.000000000000000000, 0.0000000000000000000 ) ) ;
#7050 = CARTESIAN_POINT ( 'NONE',  ( 11.62591925885385900, -12.80328977755052100, 27.68473138243974700 ) ) ;
#7051 = SURFACE_STYLE_FILL_AREA ( #5187 ) ;
#7052 = PRESENTATION_LAYER_ASSIGNMENT (  '', '', ( #5845 ) ) ;
#7053 = PRESENTATION_STYLE_ASSIGNMENT (( #9493 ) ) ;
#7054 = MECHANICAL_DESIGN_GEOMETRIC_PRESENTATION_REPRESENTATION (  '', ( #4111 ), #7634 ) ;
#7055 = FACE_BOUND ( 'NONE', #7631, .T. ) ;
#7056 = PRESENTATION_STYLE_ASSIGNMENT (( #11024 ) ) ;
#7057 = VERTEX_POINT ( 'NONE', #9968 ) ;
#7058 = FILL_AREA_STYLE_COLOUR ( '', #1188 ) ;
#7059 = VECTOR ( 'NONE', #5587, 1000.000000000000000 ) ;
#7060 = PRESENTATION_LAYER_ASSIGNMENT (  '', '', ( #6469 ) ) ;
#7061 = FACE_OUTER_BOUND ( 'NONE', #4261, .T. ) ;
#7062 = CARTESIAN_POINT ( 'NONE',  ( 13.79749315005121700, 13.92812991172691800, 27.70000000000000300 ) ) ;
#7063 = CARTESIAN_POINT ( 'NONE',  ( 0.0000000000000000000, 0.0000000000000000000, -23.50000000000000000 ) ) ;
#7064 = EDGE_CURVE ( 'NONE', #747, #10103, #3643, .T. ) ;
#7065 = DIRECTION ( 'NONE',  ( 0.7072524912148346900, -0.7069610411263199700, -0.0000000000000000000 ) ) ;
#7066 = CARTESIAN_POINT ( 'NONE',  ( 11.75000000008886200, 12.99999999999999600, 4.500000000000001800 ) ) ;
#7067 = CARTESIAN_POINT ( 'NONE',  ( 17.60000000000000500, 15.94314575050762000, 27.70000000000000300 ) ) ;
#7068 = DIRECTION ( 'NONE',  ( -0.0000000000000000000, 0.0000000000000000000, 1.000000000000000000 ) ) ;
#7069 = EDGE_LOOP ( 'NONE', ( #1121, #574, #1902, #5118 ) ) ;
#7070 = PRESENTATION_STYLE_ASSIGNMENT (( #7110 ) ) ;
#7071 = VECTOR ( 'NONE', #3765, 1000.000000000000000 ) ;
#7072 = EDGE_CURVE ( 'NONE', #747, #5494, #5957, .T. ) ;
#7073 = STYLED_ITEM ( 'NONE', ( #2797 ), #10104 ) ;
#7074 = FILL_AREA_STYLE_COLOUR ( '', #11162 ) ;
#7075 = UNCERTAINTY_MEASURE_WITH_UNIT (LENGTH_MEASURE( 1.000000000000000100E-005 ), #11034, 'distance_accuracy_value', 'NONE');
#7076 = CARTESIAN_POINT ( 'NONE',  ( -1.102823950784868500, -35.60000000000000100, 25.26754627946477400 ) ) ;
#7077 = CARTESIAN_POINT ( 'NONE',  ( 1.102823950784878000, -35.60000000000000100, 23.70506691744403900 ) ) ;
#7078 = CIRCLE ( 'NONE', #10995, 4.000000000000000000 ) ;
#7079 = DIRECTION ( 'NONE',  ( -0.0000000000000000000, 1.000000000000000000, 0.0000000000000000000 ) ) ;
#7080 = ORIENTED_EDGE ( 'NONE', *, *, #564, .T. ) ;
#7081 = ORIENTED_EDGE ( 'NONE', *, *, #10888, .T. ) ;
#7082 = CARTESIAN_POINT ( 'NONE',  ( 0.0000000000000000000, 0.0000000000000000000, 25.70000000002892200 ) ) ;
#7083 = PRESENTATION_LAYER_ASSIGNMENT (  '', '', ( #6483 ) ) ;
#7084 = AXIS2_PLACEMENT_3D ( 'NONE', #8765, #3502, #9633 ) ;
#7085 =( NAMED_UNIT ( * ) PLANE_ANGLE_UNIT ( ) SI_UNIT ( $, .RADIAN. ) );
#7086 = CARTESIAN_POINT ( 'NONE',  ( -11.45062910550453900, -17.60000000000000100, 20.19999999999999900 ) ) ;
#7087 = EDGE_CURVE ( 'NONE', #7721, #7982, #8319, .T. ) ;
#7088 = SURFACE_SIDE_STYLE ('',( #5975 ) ) ;
#7089 = EDGE_LOOP ( 'NONE', ( #4926, #2980, #7906, #1592 ) ) ;
#7090 = FILL_AREA_STYLE ('',( #873 ) ) ;
#7091 = ORIENTED_EDGE ( 'NONE', *, *, #2280, .T. ) ;
#7092 = DIRECTION ( 'NONE',  ( 0.0000000000000000000, -1.000000000000000000, 0.0000000000000000000 ) ) ;
#7093 = ORIENTED_EDGE ( 'NONE', *, *, #6023, .F. ) ;
#7094 = MECHANICAL_DESIGN_GEOMETRIC_PRESENTATION_REPRESENTATION (  '', ( #5886 ), #7665 ) ;
#7095 = EDGE_CURVE ( 'NONE', #5631, #2702, #5465, .T. ) ;
#7096 = UNCERTAINTY_MEASURE_WITH_UNIT (LENGTH_MEASURE( 1.000000000000000100E-005 ), #10370, 'distance_accuracy_value', 'NONE');
#7097 = DIRECTION ( 'NONE',  ( 0.7072524912149753500, 0.7069610411261791900, 0.0000000000000000000 ) ) ;
#7098 = SURFACE_STYLE_USAGE ( .BOTH. , #878 ) ;
#7099 = ORIENTED_EDGE ( 'NONE', *, *, #1263, .T. ) ;
#7100 =( NAMED_UNIT ( * ) PLANE_ANGLE_UNIT ( ) SI_UNIT ( $, .RADIAN. ) );
#7101 = ADVANCED_FACE ( 'NONE', ( #5696 ), #5637, .F. ) ;
#7102 = SURFACE_SIDE_STYLE ('',( #8643 ) ) ;
#7103 = CARTESIAN_POINT ( 'NONE',  ( 17.09999999999999800, 13.60000000000000000, 28.19999999999999900 ) ) ;
#7104 =( LENGTH_UNIT ( ) NAMED_UNIT ( * ) SI_UNIT ( .MILLI., .METRE. ) );
#7105 = AXIS2_PLACEMENT_3D ( 'NONE', #9481, #4237, #10363 ) ;
#7106 = SURFACE_STYLE_USAGE ( .BOTH. , #892 ) ;
#7107 = CONICAL_SURFACE ( 'NONE', #3504, 1.249999999993629500, 1.029744258661863500 ) ;
#7108 = CARTESIAN_POINT ( 'NONE',  ( -1.054424534477203400, 3.862546317878792700, -2.000000000000000000 ) ) ;
#7109 = ORIENTED_EDGE ( 'NONE', *, *, #4035, .F. ) ;
#7110 = SURFACE_STYLE_USAGE ( .BOTH. , #895 ) ;
#7111 = CARTESIAN_POINT ( 'NONE',  ( 12.45897040736655400, -14.26285049231145600, 27.68476953867917300 ) ) ;
#7112 = CARTESIAN_POINT ( 'NONE',  ( -17.60528299132912600, 0.0000000000000000000, 5.999999999999998200 ) ) ;
#7113 = DIRECTION ( 'NONE',  ( 1.000000000000000000, 0.0000000000000000000, 0.0000000000000000000 ) ) ;
#7114 =( GEOMETRIC_REPRESENTATION_CONTEXT ( 3 ) GLOBAL_UNCERTAINTY_ASSIGNED_CONTEXT ( ( #7582 ) ) GLOBAL_UNIT_ASSIGNED_CONTEXT ( ( #387, #6611, #1308 ) ) REPRESENTATION_CONTEXT ( 'NONE', 'WORKASPACE' ) );
#7115 = CARTESIAN_POINT ( 'NONE',  ( 12.45897040736655700, -13.58868278403013000, 26.70000000000000300 ) ) ;
#7116 = EDGE_CURVE ( 'NONE', #8323, #5226, #4859, .T. ) ;
#7117 = DIRECTION ( 'NONE',  ( 1.000000000000000000, 0.0000000000000000000, 0.0000000000000000000 ) ) ;
#7118 = VECTOR ( 'NONE', #1212, 1000.000000000000000 ) ;
#7119 = FILL_AREA_STYLE ('',( #9720 ) ) ;
#7120 = VERTEX_POINT ( 'NONE', #10883 ) ;
#7121 = LINE ( 'NONE', #11362, #4783 ) ;
#7122 = SURFACE_SIDE_STYLE ('',( #5154 ) ) ;
#7123 =( LENGTH_UNIT ( ) NAMED_UNIT ( * ) SI_UNIT ( .MILLI., .METRE. ) );
#7124 = DIRECTION ( 'NONE',  ( -4.164746616276587900E-015, -1.000000000000000000, 0.0000000000000000000 ) ) ;
#7125 =( GEOMETRIC_REPRESENTATION_CONTEXT ( 3 ) GLOBAL_UNCERTAINTY_ASSIGNED_CONTEXT ( ( #8152 ) ) GLOBAL_UNIT_ASSIGNED_CONTEXT ( ( #6931, #1637, #7815 ) ) REPRESENTATION_CONTEXT ( 'NONE', 'WORKASPACE' ) );
#7126 = CARTESIAN_POINT ( 'NONE',  ( 11.62591925885385500, -12.60684899628387800, 27.67929840550029400 ) ) ;
#7127 = DIRECTION ( 'NONE',  ( 0.0000000000000000000, 0.0000000000000000000, -1.000000000000000000 ) ) ;
#7128 = EDGE_CURVE ( 'NONE', #8003, #8457, #102, .T. ) ;
#7129 = EDGE_CURVE ( 'NONE', #4930, #9930, #2520, .T. ) ;
#7130 = PRESENTATION_STYLE_ASSIGNMENT (( #8180 ) ) ;
#7131 = CARTESIAN_POINT ( 'NONE',  ( -11.50000000000000400, -22.99999999999999600, 0.0000000000000000000 ) ) ;
#7132 = ORIENTED_EDGE ( 'NONE', *, *, #8023, .F. ) ;
#7133 = VECTOR ( 'NONE', #6356, 1000.000000000000000 ) ;
#7134 = AXIS2_PLACEMENT_3D ( 'NONE', #8496, #3240, #9355 ) ;
#7135 = VERTEX_POINT ( 'NONE', #3956 ) ;
#7136 = B_SPLINE_CURVE_WITH_KNOTS ( 'NONE', 3,
 ( #4014, #9252, #6644, #1343 ),
 .UNSPECIFIED., .F., .F.,
 ( 4, 4 ),
 ( 0.0000000000000000000, 0.0003313943203250511400 ),
 .UNSPECIFIED. ) ;
#7137 = FILL_AREA_STYLE ('',( #222 ) ) ;
#7138 = CARTESIAN_POINT ( 'NONE',  ( 13.60000000000000500, -17.60000000000000100, 27.69999999999999900 ) ) ;
#7139 = MECHANICAL_DESIGN_GEOMETRIC_PRESENTATION_REPRESENTATION (  '', ( #4781 ), #7711 ) ;
#7140 = VERTEX_POINT ( 'NONE', #10948 ) ;
#7141 = DIRECTION ( 'NONE',  ( 0.0000000000000000000, 0.0000000000000000000, 1.000000000000000000 ) ) ;
#7142 = SURFACE_STYLE_USAGE ( .BOTH. , #929 ) ;
#7143 = CARTESIAN_POINT ( 'NONE',  ( 0.0000000000000000000, 0.0000000000000000000, 25.70000000002892200 ) ) ;
#7144 = ORIENTED_EDGE ( 'NONE', *, *, #4917, .T. ) ;
#7145 = CIRCLE ( 'NONE', #5357, 2.798616204073610900 ) ;
#7146 = EDGE_LOOP ( 'NONE', ( #8600, #4564, #3430, #6753 ) ) ;
#7147 = LINE ( 'NONE', #9559, #2456 ) ;
#7148 = FILL_AREA_STYLE_COLOUR ( '', #2065 ) ;
#7149 = CARTESIAN_POINT ( 'NONE',  ( -11.45062910550453200, 17.59999999999999800, 20.19999999999999900 ) ) ;
#7150 = CARTESIAN_POINT ( 'NONE',  ( -3.064027915081859000, 2.577868126675014100, -2.000000000000000000 ) ) ;
#7151 = AXIS2_PLACEMENT_3D ( 'NONE', #6244, #905, #7117 ) ;
#7152 = VERTEX_POINT ( 'NONE', #4821 ) ;
#7153 = SURFACE_STYLE_USAGE ( .BOTH. , #940 ) ;
#7154 = SURFACE_STYLE_USAGE ( .BOTH. , #943 ) ;
#7155 = ORIENTED_EDGE ( 'NONE', *, *, #2429, .F. ) ;
#7156 = CYLINDRICAL_SURFACE ( 'NONE', #1413, 2.798616204073610900 ) ;
#7157 = EDGE_CURVE ( 'NONE', #7552, #2442, #2226, .T. ) ;
#7158 = MECHANICAL_DESIGN_GEOMETRIC_PRESENTATION_REPRESENTATION (  '', ( #5961 ), #7731 ) ;
#7159 = CARTESIAN_POINT ( 'NONE',  ( 13.60000000000000500, 13.60000000000000100, 8.000000000000000000 ) ) ;
#7160 = CARTESIAN_POINT ( 'NONE',  ( -1.102823950784868500, -35.60000000000000100, 24.79493308255596400 ) ) ;
#7161 = ADVANCED_FACE ( 'NONE', ( #4596 ), #6578, .F. ) ;
#7162 = FILL_AREA_STYLE_COLOUR ( '', #1216 ) ;
#7163 = EDGE_LOOP ( 'NONE', ( #7255, #1585, #6718, #2969 ) ) ;
#7164 = UNCERTAINTY_MEASURE_WITH_UNIT (LENGTH_MEASURE( 1.000000000000000100E-005 ), #1133, 'distance_accuracy_value', 'NONE');
#7165 = DIRECTION ( 'NONE',  ( 0.0000000000000000000, 0.0000000000000000000, 1.000000000000000000 ) ) ;
#7166 = EDGE_CURVE ( 'NONE', #4472, #738, #8176, .T. ) ;
#7167 = FACE_OUTER_BOUND ( 'NONE', #10318, .T. ) ;
#7168 = PRESENTATION_LAYER_ASSIGNMENT (  '', '', ( #6560 ) ) ;
#7169 = CARTESIAN_POINT ( 'NONE',  ( 10.20138379592710700, -12.99999999999999500, 27.99289321881345000 ) ) ;
#7170 =( LENGTH_UNIT ( ) NAMED_UNIT ( * ) SI_UNIT ( .MILLI., .METRE. ) );
#7171 = DIRECTION ( 'NONE',  ( -1.000000000000000000, -0.0000000000000000000, 0.0000000000000000000 ) ) ;
#7172 = ORIENTED_EDGE ( 'NONE', *, *, #10014, .T. ) ;
#7173 = FACE_OUTER_BOUND ( 'NONE', #7664, .T. ) ;
#7174 = DIRECTION ( 'NONE',  ( 1.000000000000000000, 0.0000000000000000000, -0.0000000000000000000 ) ) ;
#7175 = DIRECTION ( 'NONE',  ( 0.0000000000000000000, -6.938893904071311400E-016, 1.000000000000000000 ) ) ;
#7176 = VERTEX_POINT ( 'NONE', #2224 ) ;
#7177 = ORIENTED_EDGE ( 'NONE', *, *, #8184, .F. ) ;
#7178 = DIRECTION ( 'NONE',  ( -1.041186654069147000E-014, -1.000000000000000000, 0.0000000000000000000 ) ) ;
#7179 = ORIENTED_EDGE ( 'NONE', *, *, #4643, .F. ) ;
#7180 = STYLED_ITEM ( 'NONE', ( #9041 ), #4682 ) ;
#7181 = FILL_AREA_STYLE ('',( #972 ) ) ;
#7182 = FILL_AREA_STYLE ('',( #976 ) ) ;
#7183 = PRESENTATION_STYLE_ASSIGNMENT (( #10706 ) ) ;
#7184 = ORIENTED_EDGE ( 'NONE', *, *, #7511, .F. ) ;
#7185 = ORIENTED_EDGE ( 'NONE', *, *, #4773, .F. ) ;
#7186 = STYLED_ITEM ( 'NONE', ( #4606 ), #8219 ) ;
#7187 = FACE_OUTER_BOUND ( 'NONE', #5589, .T. ) ;
#7188 = DIRECTION ( 'NONE',  ( 1.000000000000000000, -6.247119924414881800E-015, 0.0000000000000000000 ) ) ;
#7189 = CARTESIAN_POINT ( 'NONE',  ( -17.59999999999999800, 17.59999999999999800, 8.000000000000000000 ) ) ;
#7190 = FILL_AREA_STYLE_COLOUR ( '', #4911 ) ;
#7191 = LINE ( 'NONE', #2705, #4838 ) ;
#7192 = CYLINDRICAL_SURFACE ( 'NONE', #5141, 0.4726131969088088700 ) ;
#7193 = LINE ( 'NONE', #8598, #2500 ) ;
#7194 = EDGE_LOOP ( 'NONE', ( #1724, #6692 ) ) ;
#7196 = PRESENTATION_STYLE_ASSIGNMENT (( #445 ) ) ;
#7195 = DIRECTION ( 'NONE',  ( 0.0000000000000000000, 0.0000000000000000000, -1.000000000000000000 ) ) ;
#7197 = CARTESIAN_POINT ( 'NONE',  ( 13.54102959263324700, -14.19935388018298100, 27.69507424152990200 ) ) ;
#7198 = AXIS2_PLACEMENT_3D ( 'NONE', #11414, #893, #10622 ) ;
#7199 =( NAMED_UNIT ( * ) SI_UNIT ( $, .STERADIAN. ) SOLID_ANGLE_UNIT ( ) );
#7200 = CARTESIAN_POINT ( 'NONE',  ( -11.62591925885394600, 13.58868278403004700, 26.70000000000000300 ) ) ;
#7201 = CARTESIAN_POINT ( 'NONE',  ( -12.99999999999999800, 12.99999999999927200, 27.69999999999999900 ) ) ;
#7202 =( LENGTH_UNIT ( ) NAMED_UNIT ( * ) SI_UNIT ( .MILLI., .METRE. ) );
#7203 = EDGE_CURVE ( 'NONE', #8940, #8467, #10482, .T. ) ;
#7204 = VERTEX_POINT ( 'NONE', #4026 ) ;
#7205 = PRESENTATION_STYLE_ASSIGNMENT (( #9349 ) ) ;
#7206 =( LENGTH_UNIT ( ) NAMED_UNIT ( * ) SI_UNIT ( .MILLI., .METRE. ) );
#7207 = CARTESIAN_POINT ( 'NONE',  ( 0.0000000000000000000, 0.0000000000000000000, 22.19999999999999600 ) ) ;
#7208 = DIRECTION ( 'NONE',  ( 0.0000000000000000000, 0.0000000000000000000, 1.000000000000000000 ) ) ;
#7209 = CARTESIAN_POINT ( 'NONE',  ( -12.45897040736665300, 14.26285049231137400, 27.68476953867929400 ) ) ;
#7210 = AXIS2_PLACEMENT_3D ( 'NONE', #2269, #8439, #3183 ) ;
#7211 = AXIS2_PLACEMENT_3D ( 'NONE', #10988, #1363, #4941 ) ;
#7212 = VECTOR ( 'NONE', #10074, 1000.000000000000000 ) ;
#7213 = COLOUR_RGB ( '',1.000000000000000000, 1.000000000000000000, 1.000000000000000000 ) ;
#7214 = FILL_AREA_STYLE_COLOUR ( '', #4910 ) ;
#7215 = LINE ( 'NONE', #1721, #1245 ) ;
#7216 = VECTOR ( 'NONE', #1200, 1000.000000000000000 ) ;
#7217 = EDGE_LOOP ( 'NONE', ( #4370, #6316, #2593, #697, #11400, #1605, #8953, #10615 ) ) ;
#7218 = LINE ( 'NONE', #3915, #2524 ) ;
#7219 =( GEOMETRIC_REPRESENTATION_CONTEXT ( 3 ) GLOBAL_UNCERTAINTY_ASSIGNED_CONTEXT ( ( #10272 ) ) GLOBAL_UNIT_ASSIGNED_CONTEXT ( ( #2813, #2788, #2762 ) ) REPRESENTATION_CONTEXT ( 'NONE', 'WORKASPACE' ) );
#7220 = ADVANCED_FACE ( 'NONE', ( #1097 ), #6658, .F. ) ;
#7221 = UNCERTAINTY_MEASURE_WITH_UNIT (LENGTH_MEASURE( 1.000000000000000100E-005 ), #6605, 'distance_accuracy_value', 'NONE');
#7222 = FACE_BOUND ( 'NONE', #8828, .T. ) ;
#7223 = DIRECTION ( 'NONE',  ( 0.0000000000000000000, 0.0000000000000000000, -1.000000000000000000 ) ) ;
#7224 = SURFACE_STYLE_FILL_AREA ( #4881 ) ;
#7225 = ORIENTED_EDGE ( 'NONE', *, *, #10160, .F. ) ;
#7226 = PRESENTATION_STYLE_ASSIGNMENT (( #7626 ) ) ;
#7227 = EDGE_CURVE ( 'NONE', #8467, #8940, #2843, .T. ) ;
#7228 = STYLED_ITEM ( 'NONE', ( #9254 ), #10852 ) ;
#7229 = VERTEX_POINT ( 'NONE', #1318 ) ;
#7230 = CARTESIAN_POINT ( 'NONE',  ( 17.10000000000000500, 13.60000000000000100, 28.19999999999999900 ) ) ;
#7231 =( GEOMETRIC_REPRESENTATION_CONTEXT ( 3 ) GLOBAL_UNCERTAINTY_ASSIGNED_CONTEXT ( ( #9166 ) ) GLOBAL_UNIT_ASSIGNED_CONTEXT ( ( #4470, #10607, #5342 ) ) REPRESENTATION_CONTEXT ( 'NONE', 'WORKASPACE' ) );
#7232 = DIRECTION ( 'NONE',  ( 1.000000000000000000, 0.0000000000000000000, -0.0000000000000000000 ) ) ;
#7233 = ORIENTED_EDGE ( 'NONE', *, *, #6629, .F. ) ;
#7234 = CARTESIAN_POINT ( 'NONE',  ( -11.73714950768876600, -13.54102959263322200, 27.68476953867957100 ) ) ;
#7235 = SURFACE_SIDE_STYLE ('',( #11353 ) ) ;
#7236 = PLANE ( 'NONE',  #7892 ) ;
#7237 = CARTESIAN_POINT ( 'NONE',  ( 17.60000000000000500, 17.10000000000000100, 0.0000000000000000000 ) ) ;
#7238 = FACE_OUTER_BOUND ( 'NONE', #8293, .T. ) ;
#7239 = EDGE_LOOP ( 'NONE', ( #11224, #5151, #7695, #1780 ) ) ;
#7240 = CARTESIAN_POINT ( 'NONE',  ( -11.50000000000000000, 1.408343819019456200E-015, 0.0000000000000000000 ) ) ;
#7241 = ORIENTED_EDGE ( 'NONE', *, *, #2920, .F. ) ;
#7242 = PRESENTATION_LAYER_ASSIGNMENT (  '', '', ( #6626 ) ) ;
#7243 = ORIENTED_EDGE ( 'NONE', *, *, #11053, .F. ) ;
#7244 = VERTEX_POINT ( 'NONE', #1396 ) ;
#7245 = UNCERTAINTY_MEASURE_WITH_UNIT (LENGTH_MEASURE( 1.000000000000000100E-005 ), #3989, 'distance_accuracy_value', 'NONE');
#7246 = PRESENTATION_STYLE_ASSIGNMENT (( #4411 ) ) ;
#7247 = EDGE_CURVE ( 'NONE', #1412, #7460, #5150, .T. ) ;
#7248 =( NAMED_UNIT ( * ) PLANE_ANGLE_UNIT ( ) SI_UNIT ( $, .RADIAN. ) );
#7249 = PLANE ( 'NONE',  #4226 ) ;
#7250 = CARTESIAN_POINT ( 'NONE',  ( -17.59999999999999800, 11.45316318592671400, 5.999999999999999100 ) ) ;
#7251 = SURFACE_SIDE_STYLE ('',( #9769 ) ) ;
#7252 = CARTESIAN_POINT ( 'NONE',  ( 0.0000000000000000000, 0.0000000000000000000, 8.000000000000000000 ) ) ;
#7253 = ADVANCED_FACE ( 'NONE', ( #3778 ), #7856, .T. ) ;
#7254 = STYLED_ITEM ( 'NONE', ( #6454 ), #4381 ) ;
#7255 = ORIENTED_EDGE ( 'NONE', *, *, #7641, .F. ) ;
#7256 = EDGE_CURVE ( 'NONE', #9580, #6843, #6398, .T. ) ;
#7257 = CARTESIAN_POINT ( 'NONE',  ( 12.45897040736657100, -11.73714950768870800, 26.70000000000000300 ) ) ;
#7258 = ADVANCED_FACE ( 'NONE', ( #8728, #4057 ), #2425, .T. ) ;
#7259 = CARTESIAN_POINT ( 'NONE',  ( 1.102823950784878000, -35.60000000000000100, 24.17768011435284200 ) ) ;
#7260 = FILL_AREA_STYLE ('',( #6335 ) ) ;
#7261 = ORIENTED_EDGE ( 'NONE', *, *, #3760, .F. ) ;
#7262 = VECTOR ( 'NONE', #8014, 1000.000000000000000 ) ;
#7263 = PRESENTATION_STYLE_ASSIGNMENT (( #4617 ) ) ;
#7264 = STYLED_ITEM ( 'NONE', ( #5741 ), #5480 ) ;
#7265 = DIRECTION ( 'NONE',  ( 1.000000000000000000, 0.0000000000000000000, 0.0000000000000000000 ) ) ;
#7266 = STYLED_ITEM ( 'NONE', ( #8077 ), #5785 ) ;
#7267 = CARTESIAN_POINT ( 'NONE',  ( -9.701383795924931200, -13.00000000000072100, 28.19999999999999900 ) ) ;
#7268 = CARTESIAN_POINT ( 'NONE',  ( 13.00000000000072100, -12.99999999999999600, 27.69999999999999900 ) ) ;
#7269 = ORIENTED_EDGE ( 'NONE', *, *, #5517, .F. ) ;
#7270 = DIRECTION ( 'NONE',  ( -1.000000000000000000, 0.0000000000000000000, 0.0000000000000000000 ) ) ;
#7271 = STYLED_ITEM ( 'NONE', ( #5712 ), #8961 ) ;
#7272 = COLOUR_RGB ( '',1.000000000000000000, 1.000000000000000000, 1.000000000000000000 ) ;
#7273 = ORIENTED_EDGE ( 'NONE', *, *, #8993, .F. ) ;
#7274 = FILL_AREA_STYLE_COLOUR ( '', #4308 ) ;
#7275 = PLANE ( 'NONE',  #4706 ) ;
#7276 = ADVANCED_FACE ( 'NONE', ( #7620 ), #4462, .F. ) ;
#7277 = AXIS2_PLACEMENT_3D ( 'NONE', #5006, #11095, #5862 ) ;
#7278 = DIRECTION ( 'NONE',  ( 0.0000000000000000000, 1.000000000000000000, 0.0000000000000000000 ) ) ;
#7279 = ORIENTED_EDGE ( 'NONE', *, *, #2695, .F. ) ;
#7280 = DIRECTION ( 'NONE',  ( -1.000000000000000000, 0.0000000000000000000, 0.0000000000000000000 ) ) ;
#7281 = CARTESIAN_POINT ( 'NONE',  ( -13.59999999999999800, -17.10000000000000100, 3.252606517456513300E-016 ) ) ;
#7282 = CARTESIAN_POINT ( 'NONE',  ( 16.29861620407432800, -19.59723240814721700, 28.19999999999999900 ) ) ;
#7283 = ORIENTED_EDGE ( 'NONE', *, *, #3548, .T. ) ;
#7284 = DIRECTION ( 'NONE',  ( -1.000000000000000000, 0.0000000000000000000, -0.0000000000000000000 ) ) ;
#7285 = CARTESIAN_POINT ( 'NONE',  ( -11.73326906832665600, 12.41131721596995200, 27.68598713120344400 ) ) ;
#7286 = DIRECTION ( 'NONE',  ( -1.000000000000000000, 0.0000000000000000000, 0.0000000000000000000 ) ) ;
#7287 =( BOUNDED_CURVE ( )  B_SPLINE_CURVE ( 3, ( #4812, #10063, #10937, #5698 ),
 .UNSPECIFIED., .F., .F. ) 
 B_SPLINE_CURVE_WITH_KNOTS ( ( 4, 4 ),
 ( 0.0000000000000000000, 1.000000000000000000 ),
 .UNSPECIFIED. ) 
 CURVE ( )  GEOMETRIC_REPRESENTATION_ITEM ( )  RATIONAL_B_SPLINE_CURVE ( ( 1.000000000000000000, 0.9711696904486714100, 0.9711696904486714100, 1.000000000000000000 ) ) 
 REPRESENTATION_ITEM ( '' )  );
#7288 = EDGE_CURVE ( 'NONE', #6705, #7520, #9130, .T. ) ;
#7289 = EDGE_CURVE ( 'NONE', #6439, #1699, #6787, .T. ) ;
#7290 = ORIENTED_EDGE ( 'NONE', *, *, #5166, .T. ) ;
#7291 = ORIENTED_EDGE ( 'NONE', *, *, #9952, .F. ) ;
#7292 = DIRECTION ( 'NONE',  ( 1.000000000000000000, 0.0000000000000000000, 0.0000000000000000000 ) ) ;
#7293 = ORIENTED_EDGE ( 'NONE', *, *, #411, .T. ) ;
#7294 = SURFACE_STYLE_FILL_AREA ( #2483 ) ;
#7295 = AXIS2_PLACEMENT_3D ( 'NONE', #380, #371, #345 ) ;
#7296 = UNCERTAINTY_MEASURE_WITH_UNIT (LENGTH_MEASURE( 1.000000000000000100E-005 ), #2665, 'distance_accuracy_value', 'NONE');
#7297 = ORIENTED_EDGE ( 'NONE', *, *, #5964, .F. ) ;
#7298 = PRESENTATION_STYLE_ASSIGNMENT (( #10097 ) ) ;
#7299 = ORIENTED_EDGE ( 'NONE', *, *, #11394, .T. ) ;
#7300 = AXIS2_PLACEMENT_3D ( 'NONE', #1159, #7384, #2087 ) ;
#7301 = FILL_AREA_STYLE ('',( #1045 ) ) ;
#7302 = FILL_AREA_STYLE_COLOUR ( '', #2697 ) ;
#7303 = VERTEX_POINT ( 'NONE', #8658 ) ;
#7304 = DIRECTION ( 'NONE',  ( 1.000000000000000000, -0.0000000000000000000, 1.057758217059029000E-016 ) ) ;
#7305 =( GEOMETRIC_REPRESENTATION_CONTEXT ( 3 ) GLOBAL_UNCERTAINTY_ASSIGNED_CONTEXT ( ( #4887 ) ) GLOBAL_UNIT_ASSIGNED_CONTEXT ( ( #3513, #2320, #10510 ) ) REPRESENTATION_CONTEXT ( 'NONE', 'WORKASPACE' ) );
#7306 = CARTESIAN_POINT ( 'NONE',  ( 2.927198050025350700, -17.69999999999999900, 22.28764494107380400 ) ) ;
#7307 = ADVANCED_FACE ( 'NONE', ( #11399 ), #5162, .F. ) ;
#7308 = STYLED_ITEM ( 'NONE', ( #4580 ), #2156 ) ;
#7309 = VERTEX_POINT ( 'NONE', #9566 ) ;
#7310 =( BOUNDED_SURFACE ( )  B_SPLINE_SURFACE ( 3, 3, ( 
 ( #5576, #9097, #3858, #9974 ),
 ( #4731, #10847, #5607, #264 ),
 ( #6482, #1166, #7390, #2091 ),
 ( #8258, #3011, #9136, #3890 ) ),
 .UNSPECIFIED., .F., .F., .T. ) 
 B_SPLINE_SURFACE_WITH_KNOTS ( ( 4, 4 ),
 ( 4, 4 ),
 ( 0.0000000000000000000, 1.000000000000000000 ),
 ( 0.0000000000000000000, 1.000000000000000000 ),
 .UNSPECIFIED. ) 
 GEOMETRIC_REPRESENTATION_ITEM ( )  RATIONAL_B_SPLINE_SURFACE ( (
 ( 1.000000000000000000, 0.3333333333333330900, 0.3333333333333330900, 1.000000000000000000),
 ( 0.8047378541243649400, 0.2682459513747881300, 0.2682459513747881300, 0.8047378541243649400),
 ( 0.8047378541243649400, 0.2682459513747881300, 0.2682459513747881300, 0.8047378541243649400),
 ( 1.000000000000000000, 0.3333333333333330900, 0.3333333333333330900, 1.000000000000000000) ) ) 
 REPRESENTATION_ITEM ( '' )  SURFACE ( )  );
#7311 = DIRECTION ( 'NONE',  ( 0.0000000000000000000, 0.0000000000000000000, 1.000000000000000000 ) ) ;
#7312 = ADVANCED_FACE ( 'NONE', ( #5700 ), #753, .F. ) ;
#7313 = EDGE_CURVE ( 'NONE', #2458, #11060, #7215, .T. ) ;
#7314 = ORIENTED_EDGE ( 'NONE', *, *, #6888, .T. ) ;
#7315 = CARTESIAN_POINT ( 'NONE',  ( -17.59999999999999800, -15.94314575050762000, 27.70000000000000300 ) ) ;
#7316 = CARTESIAN_POINT ( 'NONE',  ( -3.707106781186547500, 7.414213562373094000, 28.19999999999999900 ) ) ;
#7317 = DIRECTION ( 'NONE',  ( -0.0000000000000000000, 0.0000000000000000000, 1.000000000000000000 ) ) ;
#7318 = CIRCLE ( 'NONE', #3317, 2.799999999999999800 ) ;
#7319 = SURFACE_STYLE_USAGE ( .BOTH. , #1108 ) ;
#7320 = AXIS2_PLACEMENT_3D ( 'NONE', #1988, #8155, #2900 ) ;
#7321 = ORIENTED_EDGE ( 'NONE', *, *, #6198, .F. ) ;
#7322 = EDGE_CURVE ( 'NONE', #9123, #8791, #384, .T. ) ;
#7323 = ORIENTED_EDGE ( 'NONE', *, *, #2510, .T. ) ;
#7324 = AXIS2_PLACEMENT_3D ( 'NONE', #485, #6702, #1408 ) ;
#7325 = DIRECTION ( 'NONE',  ( 0.0000000000000000000, -0.0000000000000000000, 1.000000000000000000 ) ) ;
#7326 = CARTESIAN_POINT ( 'NONE',  ( -15.79861620407457900, 12.99999999999927200, 27.69999999999999900 ) ) ;
#7327 = CARTESIAN_POINT ( 'NONE',  ( 14.37408074114596500, -12.41131721597004900, 26.70000000000000300 ) ) ;
#7328 = COLOUR_RGB ( '',1.000000000000000000, 1.000000000000000000, 1.000000000000000000 ) ;
#7329 = CARTESIAN_POINT ( 'NONE',  ( -11.95431717055903500, 13.58868278403004800, 27.70000000000000300 ) ) ;
#7330 = CYLINDRICAL_SURFACE ( 'NONE', #2315, 2.200000000000000600 ) ;
#7331 = COLOUR_RGB ( '',1.000000000000000000, 1.000000000000000000, 1.000000000000000000 ) ;
#7332 = SURFACE_STYLE_FILL_AREA ( #656 ) ;
#7333 = ORIENTED_EDGE ( 'NONE', *, *, #4041, .T. ) ;
#7334 = ORIENTED_EDGE ( 'NONE', *, *, #5287, .F. ) ;
#7335 = VECTOR ( 'NONE', #700, 1000.000000000000000 ) ;
#7336 = MECHANICAL_DESIGN_GEOMETRIC_PRESENTATION_REPRESENTATION (  '', ( #6144 ), #7905 ) ;
#7337 = FILL_AREA_STYLE_COLOUR ( '', #6890 ) ;
#7338 = LINE ( 'NONE', #7666, #234 ) ;
#7339 = CIRCLE ( 'NONE', #5605, 1.249999999999999300 ) ;
#7340 = FACE_OUTER_BOUND ( 'NONE', #7217, .T. ) ;
#7341 = SURFACE_STYLE_FILL_AREA ( #10163 ) ;
#7342 = ORIENTED_EDGE ( 'NONE', *, *, #3674, .F. ) ;
#7343 = LINE ( 'NONE', #5650, #7059 ) ;
#7344 = LINE ( 'NONE', #4417, #510 ) ;
#7345 = MECHANICAL_DESIGN_GEOMETRIC_PRESENTATION_REPRESENTATION (  '', ( #4970 ), #7915 ) ;
#7346 = PLANE ( 'NONE',  #6254 ) ;
#7347 =( NAMED_UNIT ( * ) PLANE_ANGLE_UNIT ( ) SI_UNIT ( $, .RADIAN. ) );
#7348 = SURFACE_SIDE_STYLE ('',( #11059 ) ) ;
#7349 =( NAMED_UNIT ( * ) SI_UNIT ( $, .STERADIAN. ) SOLID_ANGLE_UNIT ( ) );
#7350 = FACE_OUTER_BOUND ( 'NONE', #7958, .T. ) ;
#7351 = FACE_OUTER_BOUND ( 'NONE', #10052, .T. ) ;
#7352 = ORIENTED_EDGE ( 'NONE', *, *, #1147, .F. ) ;
#7353 = CIRCLE ( 'NONE', #6625, 0.4726131969088088700 ) ;
#7354 = STYLED_ITEM ( 'NONE', ( #4888 ), #6545 ) ;
#7355 = CARTESIAN_POINT ( 'NONE',  ( -17.09999999999999800, -13.60000000000000000, 28.19999999999999900 ) ) ;
#7356 = FILL_AREA_STYLE_COLOUR ( '', #8167 ) ;
#7357 = UNCERTAINTY_MEASURE_WITH_UNIT (LENGTH_MEASURE( 1.000000000000000100E-005 ), #314, 'distance_accuracy_value', 'NONE');
#7358 = DIRECTION ( 'NONE',  ( 0.7071067811865416900, -0.0000000000000000000, 0.7071067811865532300 ) ) ;
#7359 = VECTOR ( 'NONE', #2214, 1000.000000000000000 ) ;
#7360 = SURFACE_SIDE_STYLE ('',( #430 ) ) ;
#7361 = EDGE_CURVE ( 'NONE', #6817, #8292, #4861, .T. ) ;
#7362 = EDGE_CURVE ( 'NONE', #7244, #4116, #1406, .T. ) ;
#7363 = CARTESIAN_POINT ( 'NONE',  ( 12.99999999999999600, 12.99999999999999600, 27.69999999999999900 ) ) ;
#7364 =( BOUNDED_SURFACE ( )  B_SPLINE_SURFACE ( 3, 3, ( 
 ( #4266, #4089, #4080, #4036 ),
 ( #4013, #3967, #3948, #3934 ),
 ( #3875, #3866, #3837, #3824 ),
 ( #3799, #3742, #3711, #3650 ) ),
 .UNSPECIFIED., .F., .F., .F. ) 
 B_SPLINE_SURFACE_WITH_KNOTS ( ( 4, 4 ),
 ( 4, 4 ),
 ( 0.0000000000000000000, 1.000000000000000000 ),
 ( 0.0000000000000000000, 1.000000000000000000 ),
 .UNSPECIFIED. ) 
 GEOMETRIC_REPRESENTATION_ITEM ( )  RATIONAL_B_SPLINE_SURFACE ( (
 ( 1.000000000000000000, 0.3333333333333334300, 0.3333333333333334300, 1.000000000000000000),
 ( 0.8047378541243634900, 0.2682459513747879100, 0.2682459513747879100, 0.8047378541243634900),
 ( 0.8047378541243634900, 0.2682459513747879100, 0.2682459513747879100, 0.8047378541243634900),
 ( 1.000000000000000000, 0.3333333333333334300, 0.3333333333333334300, 1.000000000000000000) ) ) 
 REPRESENTATION_ITEM ( '' )  SURFACE ( )  );
#7365 =( LENGTH_UNIT ( ) NAMED_UNIT ( * ) SI_UNIT ( .MILLI., .METRE. ) );
#7366 = DIRECTION ( 'NONE',  ( -0.0000000000000000000, -0.0000000000000000000, -1.000000000000000000 ) ) ;
#7367 = ORIENTED_EDGE ( 'NONE', *, *, #3557, .T. ) ;
#7368 = CARTESIAN_POINT ( 'NONE',  ( -14.26285049231151600, -13.54102959263319800, 26.70000000000000300 ) ) ;
#7369 =( NAMED_UNIT ( * ) SI_UNIT ( $, .STERADIAN. ) SOLID_ANGLE_UNIT ( ) );
#7370 = AXIS2_PLACEMENT_3D ( 'NONE', #7768, #4795, #5383 ) ;
#7371 = SURFACE_STYLE_FILL_AREA ( #2136 ) ;
#7372 = ORIENTED_EDGE ( 'NONE', *, *, #5381, .F. ) ;
#7373 =( GEOMETRIC_REPRESENTATION_CONTEXT ( 3 ) GLOBAL_UNCERTAINTY_ASSIGNED_CONTEXT ( ( #10633 ) ) GLOBAL_UNIT_ASSIGNED_CONTEXT ( ( #3944, #10059, #4805 ) ) REPRESENTATION_CONTEXT ( 'NONE', 'WORKASPACE' ) );
#7374 = ADVANCED_FACE ( 'NONE', ( #6915 ), #2692, .T. ) ;
#7375 = MECHANICAL_DESIGN_GEOMETRIC_PRESENTATION_REPRESENTATION (  '', ( #4997 ), #7935 ) ;
#7376 = ADVANCED_FACE ( 'NONE', ( #8442 ), #6963, .T. ) ;
#7377 = SURFACE_STYLE_FILL_AREA ( #4579 ) ;
#7378 = CIRCLE ( 'NONE', #3018, 0.5000000000000004400 ) ;
#7379 = ORIENTED_EDGE ( 'NONE', *, *, #3717, .T. ) ;
#7380 = PRESENTATION_STYLE_ASSIGNMENT (( #4353 ) ) ;
#7381 = VERTEX_POINT ( 'NONE', #7968 ) ;
#7382 = ORIENTED_EDGE ( 'NONE', *, *, #2138, .F. ) ;
#7383 = UNCERTAINTY_MEASURE_WITH_UNIT (LENGTH_MEASURE( 1.000000000000000100E-005 ), #3411, 'distance_accuracy_value', 'NONE');
#7384 = DIRECTION ( 'NONE',  ( 0.0000000000000000000, 0.0000000000000000000, -1.000000000000000000 ) ) ;
#7385 = LINE ( 'NONE', #9600, #5030 ) ;
#7386 = CARTESIAN_POINT ( 'NONE',  ( 0.0000000000000000000, 0.0000000000000000000, 8.000000000000000000 ) ) ;
#7387 = EDGE_CURVE ( 'NONE', #6574, #9264, #2968, .T. ) ;
#7388 = MECHANICAL_DESIGN_GEOMETRIC_PRESENTATION_REPRESENTATION (  '', ( #6199 ), #7952 ) ;
#7389 =( LENGTH_UNIT ( ) NAMED_UNIT ( * ) SI_UNIT ( .MILLI., .METRE. ) );
#7390 = CARTESIAN_POINT ( 'NONE',  ( -10.79999999999872400, -17.40000000000180000, 27.28578643762690700 ) ) ;
#7391 = SURFACE_STYLE_USAGE ( .BOTH. , #1167 ) ;
#7392 = ORIENTED_EDGE ( 'NONE', *, *, #9270, .T. ) ;
#7393 = CARTESIAN_POINT ( 'NONE',  ( -10.79999999999921400, 12.99999999999927200, 26.70000000000000300 ) ) ;
#7394 = UNCERTAINTY_MEASURE_WITH_UNIT (LENGTH_MEASURE( 1.000000000000000100E-005 ), #7467, 'distance_accuracy_value', 'NONE');
#7395 =( GEOMETRIC_REPRESENTATION_CONTEXT ( 3 ) GLOBAL_UNCERTAINTY_ASSIGNED_CONTEXT ( ( #4764 ) ) GLOBAL_UNIT_ASSIGNED_CONTEXT ( ( #2596, #8741, #3474 ) ) REPRESENTATION_CONTEXT ( 'NONE', 'WORKASPACE' ) );
#7396 = FACE_OUTER_BOUND ( 'NONE', #5436, .T. ) ;
#7397 = CARTESIAN_POINT ( 'NONE',  ( -10.79999999999872700, -13.00000000000072300, 27.69999999999999900 ) ) ;
#7398 =( LENGTH_UNIT ( ) NAMED_UNIT ( * ) SI_UNIT ( .MILLI., .METRE. ) );
#7399 = MECHANICAL_DESIGN_GEOMETRIC_PRESENTATION_REPRESENTATION (  '', ( #5025 ), #7967 ) ;
#7400 = VECTOR ( 'NONE', #6002, 1000.000000000000000 ) ;
#7401 = CARTESIAN_POINT ( 'NONE',  ( -11.00000000000000000, 0.0000000000000000000, -1.792893218813452500 ) ) ;
#7402 = ORIENTED_EDGE ( 'NONE', *, *, #3024, .T. ) ;
#7403 = FACE_OUTER_BOUND ( 'NONE', #5877, .T. ) ;
#7404 = FILL_AREA_STYLE_COLOUR ( '', #10149 ) ;
#7405 = EDGE_CURVE ( 'NONE', #1328, #9853, #517, .T. ) ;
#7406 = SURFACE_STYLE_USAGE ( .BOTH. , #1183 ) ;
#7407 =( NAMED_UNIT ( * ) PLANE_ANGLE_UNIT ( ) SI_UNIT ( $, .RADIAN. ) );
#7408 = CARTESIAN_POINT ( 'NONE',  ( 0.0000000000000000000, 0.0000000000000000000, -24.00000000000000000 ) ) ;
#7409 = FILL_AREA_STYLE_COLOUR ( '', #235 ) ;
#7410 =( NAMED_UNIT ( * ) PLANE_ANGLE_UNIT ( ) SI_UNIT ( $, .RADIAN. ) );
#7411 = VECTOR ( 'NONE', #1270, 1000.000000000000000 ) ;
#7412 = ORIENTED_EDGE ( 'NONE', *, *, #1766, .F. ) ;
#7413 = PRESENTATION_STYLE_ASSIGNMENT (( #7098 ) ) ;
#7414 = ORIENTED_EDGE ( 'NONE', *, *, #3132, .T. ) ;
#7415 = STYLED_ITEM ( 'NONE', ( #7627 ), #8174 ) ;
#7416 =( NAMED_UNIT ( * ) SI_UNIT ( $, .STERADIAN. ) SOLID_ANGLE_UNIT ( ) );
#7417 = FACE_OUTER_BOUND ( 'NONE', #9549, .T. ) ;
#7418 =( LENGTH_UNIT ( ) NAMED_UNIT ( * ) SI_UNIT ( .MILLI., .METRE. ) );
#7419 = DIRECTION ( 'NONE',  ( -1.000000000000000000, -0.0000000000000000000, 0.0000000000000000000 ) ) ;
#7420 = ORIENTED_EDGE ( 'NONE', *, *, #7662, .T. ) ;
#7421 =( LENGTH_UNIT ( ) NAMED_UNIT ( * ) SI_UNIT ( .MILLI., .METRE. ) );
#7422 = ORIENTED_EDGE ( 'NONE', *, *, #7481, .F. ) ;
#7423 = MECHANICAL_DESIGN_GEOMETRIC_PRESENTATION_REPRESENTATION (  '', ( #6241 ), #7994 ) ;
#7424 = FILL_AREA_STYLE_COLOUR ( '', #3254 ) ;
#7425 = CARTESIAN_POINT ( 'NONE',  ( -13.59999999999999800, 17.59999999999999800, 8.000000000000000000 ) ) ;
#7426 = ADVANCED_FACE ( 'NONE', ( #7351 ), #8769, .T. ) ;
#7427 = ORIENTED_EDGE ( 'NONE', *, *, #4916, .F. ) ;
#7428 = DIRECTION ( 'NONE',  ( 1.224646799147353200E-016, -1.000000000000000000, 0.0000000000000000000 ) ) ;
#7429 = B_SPLINE_CURVE_WITH_KNOTS ( 'NONE', 3,
 ( #67, #5415, #7197, #1913 ),
 .UNSPECIFIED., .F., .F.,
 ( 4, 4 ),
 ( 0.0000000000000000000, 0.0001923396241079617100 ),
 .UNSPECIFIED. ) ;
#7430 = COLOUR_RGB ( '',1.000000000000000000, 1.000000000000000000, 1.000000000000000000 ) ;
#7431 = ADVANCED_FACE ( 'NONE', ( #11124 ), #7739, .T. ) ;
#7432 = ORIENTED_EDGE ( 'NONE', *, *, #7013, .F. ) ;
#7433 = VECTOR ( 'NONE', #6096, 1000.000000000000000 ) ;
#7434 = EDGE_LOOP ( 'NONE', ( #4017, #7820, #4708, #11113 ) ) ;
#7435 = DIRECTION ( 'NONE',  ( 0.0000000000000000000, 0.0000000000000000000, 1.000000000000000000 ) ) ;
#7436 = PLANE ( 'NONE',  #2691 ) ;
#7437 =( NAMED_UNIT ( * ) SI_UNIT ( $, .STERADIAN. ) SOLID_ANGLE_UNIT ( ) );
#7438 = B_SPLINE_CURVE_WITH_KNOTS ( 'NONE', 3,
 ( #10755, #8208, #2963, #9079 ),
 .UNSPECIFIED., .F., .F.,
 ( 4, 4 ),
 ( 0.0000000000000000000, 0.0001923396241064495500 ),
 .UNSPECIFIED. ) ;
#7439 = CARTESIAN_POINT ( 'NONE',  ( -0.2693558656745602100, 2.000000000000000000, -24.00000000001045200 ) ) ;
#7440 = MECHANICAL_DESIGN_GEOMETRIC_PRESENTATION_REPRESENTATION (  '', ( #5655 ), #8010 ) ;
#7441 = DIRECTION ( 'NONE',  ( 0.0000000000000000000, 1.000000000000000000, 0.0000000000000000000 ) ) ;
#7442 = ORIENTED_EDGE ( 'NONE', *, *, #5543, .F. ) ;
#7443 = CARTESIAN_POINT ( 'NONE',  ( 3.707106781186548300, -7.414213562373092300, -2.000000000000000000 ) ) ;
#7444 = CARTESIAN_POINT ( 'NONE',  ( 10.20138379592620100, 12.99999999999999500, 27.99289321881345000 ) ) ;
#7445 = CARTESIAN_POINT ( 'NONE',  ( 0.0000000000000000000, 17.60999999999998500, 22.19999999999999600 ) ) ;
#7446 = ORIENTED_EDGE ( 'NONE', *, *, #6388, .T. ) ;
#7447 = MECHANICAL_DESIGN_GEOMETRIC_PRESENTATION_REPRESENTATION (  '', ( #5065 ), #8013 ) ;
#7448 =( LENGTH_UNIT ( ) NAMED_UNIT ( * ) SI_UNIT ( .MILLI., .METRE. ) );
#7449 = AXIS2_PLACEMENT_3D ( 'NONE', #4058, #4024, #3999 ) ;
#7450 = ORIENTED_EDGE ( 'NONE', *, *, #7064, .F. ) ;
#7451 = VERTEX_POINT ( 'NONE', #11422 ) ;
#7452 = VECTOR ( 'NONE', #9268, 1000.000000000000000 ) ;
#7453 = PRESENTATION_STYLE_ASSIGNMENT (( #11256 ) ) ;
#7454 = CYLINDRICAL_SURFACE ( 'NONE', #3095, 4.000000000000000000 ) ;
#7455 = EDGE_CURVE ( 'NONE', #1583, #8036, #2279, .T. ) ;
#7456 =( GEOMETRIC_REPRESENTATION_CONTEXT ( 3 ) GLOBAL_UNCERTAINTY_ASSIGNED_CONTEXT ( ( #9438 ) ) GLOBAL_UNIT_ASSIGNED_CONTEXT ( ( #2463, #8618, #3364 ) ) REPRESENTATION_CONTEXT ( 'NONE', 'WORKASPACE' ) );
#7457 = COLOUR_RGB ( '',1.000000000000000000, 1.000000000000000000, 1.000000000000000000 ) ;
#7458 = CARTESIAN_POINT ( 'NONE',  ( -3.500000000000000000, 0.0000000000000000000, 0.0000000000000000000 ) ) ;
#7459 = DIRECTION ( 'NONE',  ( 0.0000000000000000000, 0.0000000000000000000, -1.000000000000000000 ) ) ;
#7460 = VERTEX_POINT ( 'NONE', #1830 ) ;
#7461 = ORIENTED_EDGE ( 'NONE', *, *, #7289, .T. ) ;
#7462 = UNCERTAINTY_MEASURE_WITH_UNIT (LENGTH_MEASURE( 1.000000000000000100E-005 ), #1285, 'distance_accuracy_value', 'NONE');
#7463 = DIRECTION ( 'NONE',  ( 0.0000000000000000000, 1.000000000000000000, 0.0000000000000000000 ) ) ;
#7464 = CONICAL_SURFACE ( 'NONE', #671, 1.249999999993629500, 1.029744258661863500 ) ;
#7465 = DIRECTION ( 'NONE',  ( 0.0000000000000000000, 0.0000000000000000000, -1.000000000000000000 ) ) ;
#7466 = ORIENTED_EDGE ( 'NONE', *, *, #2429, .T. ) ;
#7467 =( LENGTH_UNIT ( ) NAMED_UNIT ( * ) SI_UNIT ( .MILLI., .METRE. ) );
#7468 =( GEOMETRIC_REPRESENTATION_CONTEXT ( 3 ) GLOBAL_UNCERTAINTY_ASSIGNED_CONTEXT ( ( #3974 ) ) GLOBAL_UNIT_ASSIGNED_CONTEXT ( ( #5564, #5472, #5430 ) ) REPRESENTATION_CONTEXT ( 'NONE', 'WORKASPACE' ) );
#7469 = SURFACE_SIDE_STYLE ('',( #6823 ) ) ;
#7470 =( GEOMETRIC_REPRESENTATION_CONTEXT ( 3 ) GLOBAL_UNCERTAINTY_ASSIGNED_CONTEXT ( ( #225 ) ) GLOBAL_UNIT_ASSIGNED_CONTEXT ( ( #7672, #2407, #8573 ) ) REPRESENTATION_CONTEXT ( 'NONE', 'WORKASPACE' ) );
#7471 = CIRCLE ( 'NONE', #5865, 2.200000000000784400 ) ;
#7472 =( LENGTH_UNIT ( ) NAMED_UNIT ( * ) SI_UNIT ( .MILLI., .METRE. ) );
#7473 = ORIENTED_EDGE ( 'NONE', *, *, #1633, .F. ) ;
#7474 = EDGE_CURVE ( 'NONE', #6455, #3860, #10333, .T. ) ;
#7475 = ORIENTED_EDGE ( 'NONE', *, *, #7256, .T. ) ;
#7476 = DIRECTION ( 'NONE',  ( 1.000000000000000000, 0.0000000000000000000, 0.0000000000000000000 ) ) ;
#7477 = LINE ( 'NONE', #6196, #5119 ) ;
#7478 = FILL_AREA_STYLE ('',( #3941 ) ) ;
#7479 = AXIS2_PLACEMENT_3D ( 'NONE', #10457, #5207, #11284 ) ;
#7480 = FACE_OUTER_BOUND ( 'NONE', #8245, .T. ) ;
#7481 = EDGE_CURVE ( 'NONE', #4431, #11099, #3351, .T. ) ;
#7482 = VECTOR ( 'NONE', #2254, 1000.000000000000000 ) ;
#7483 = EDGE_LOOP ( 'NONE', ( #9890, #4874 ) ) ;
#7484 = DIRECTION ( 'NONE',  ( 0.0000000000000000000, 0.0000000000000000000, 1.000000000000000000 ) ) ;
#7485 = CARTESIAN_POINT ( 'NONE',  ( -12.99999999999927200, -13.00000000000072300, 25.19999999999999900 ) ) ;
#7486 = CARTESIAN_POINT ( 'NONE',  ( 17.60528299132913300, 11.44788237165359000, 5.999999999999998200 ) ) ;
#7487 = SURFACE_STYLE_USAGE ( .BOTH. , #7515 ) ;
#7488 = ADVANCED_FACE ( 'NONE', ( #5687 ), #1944, .F. ) ;
#7489 = ORIENTED_EDGE ( 'NONE', *, *, #3601, .T. ) ;
#7490 = VECTOR ( 'NONE', #11180, 1000.000000000000000 ) ;
#7491 = AXIS2_PLACEMENT_3D ( 'NONE', #1792, #7959, #2722 ) ;
#7492 = AXIS2_PLACEMENT_3D ( 'NONE', #2019, #8189, #2936 ) ;
#7493 = PRESENTATION_STYLE_ASSIGNMENT (( #8682 ) ) ;
#7494 =( NAMED_UNIT ( * ) SI_UNIT ( $, .STERADIAN. ) SOLID_ANGLE_UNIT ( ) );
#7495 = FILL_AREA_STYLE_COLOUR ( '', #8984 ) ;
#7496 = CARTESIAN_POINT ( 'NONE',  ( 11.92888516960362800, 13.54102959263330200, 27.70000000000000300 ) ) ;
#7497 =( NAMED_UNIT ( * ) SI_UNIT ( $, .STERADIAN. ) SOLID_ANGLE_UNIT ( ) );
#7498 = VECTOR ( 'NONE', #4750, 1000.000000000000000 ) ;
#7499 = COLOUR_RGB ( '',1.000000000000000000, 1.000000000000000000, 1.000000000000000000 ) ;
#7500 =( NAMED_UNIT ( * ) PLANE_ANGLE_UNIT ( ) SI_UNIT ( $, .RADIAN. ) );
#7501 = B_SPLINE_CURVE_WITH_KNOTS ( 'NONE', 3,
 ( #4547, #3755, #6396, #1076 ),
 .UNSPECIFIED., .F., .F.,
 ( 4, 4 ),
 ( 0.0000000000000000000, 0.0003313943203219270200 ),
 .UNSPECIFIED. ) ;
#7502 = PLANE ( 'NONE',  #10776 ) ;
#7503 = CARTESIAN_POINT ( 'NONE',  ( 17.39289321881345900, 15.82182540694798300, 4.516154061397947200E-016 ) ) ;
#7504 = UNCERTAINTY_MEASURE_WITH_UNIT (LENGTH_MEASURE( 1.000000000000000100E-005 ), #1872, 'distance_accuracy_value', 'NONE');
#7505 = ORIENTED_EDGE ( 'NONE', *, *, #1803, .T. ) ;
#7506 = AXIS2_PLACEMENT_3D ( 'NONE', #7143, #930, #1901 ) ;
#7507 = CARTESIAN_POINT ( 'NONE',  ( -13.58868278403017600, -12.45897040736650900, 26.70000000000000300 ) ) ;
#7508 = ORIENTED_EDGE ( 'NONE', *, *, #9877, .T. ) ;
#7509 = ORIENTED_EDGE ( 'NONE', *, *, #4035, .T. ) ;
#7510 = CARTESIAN_POINT ( 'NONE',  ( -10.79289321881345000, -2.643496426791813100E-015, -2.000000000000000000 ) ) ;
#7511 = EDGE_CURVE ( 'NONE', #7898, #4476, #6903, .T. ) ;
#7512 = PRESENTATION_STYLE_ASSIGNMENT (( #1840 ) ) ;
#7513 = FILL_AREA_STYLE_COLOUR ( '', #3789 ) ;
#7514 =( NAMED_UNIT ( * ) SI_UNIT ( $, .STERADIAN. ) SOLID_ANGLE_UNIT ( ) );
#7515 = SURFACE_SIDE_STYLE ('',( #4692 ) ) ;
#7516 = AXIS2_PLACEMENT_3D ( 'NONE', #1612, #1598, #1582 ) ;
#7517 = ORIENTED_EDGE ( 'NONE', *, *, #1836, .F. ) ;
#7518 = VERTEX_POINT ( 'NONE', #1062 ) ;
#7519 = STYLED_ITEM ( 'NONE', ( #5867 ), #9940 ) ;
#7520 = VERTEX_POINT ( 'NONE', #6384 ) ;
#7521 = B_SPLINE_CURVE_WITH_KNOTS ( 'NONE', 3,
 ( #10152, #4032, #6662, #1364 ),
 .UNSPECIFIED., .F., .F.,
 ( 4, 4 ),
 ( 0.0000000000000000000, 0.0003313943203249486300 ),
 .UNSPECIFIED. ) ;
#7522 = EDGE_LOOP ( 'NONE', ( #3168, #1496, #1237 ) ) ;
#7523 = SURFACE_STYLE_FILL_AREA ( #3532 ) ;
#7524 = VECTOR ( 'NONE', #1462, 1000.000000000000000 ) ;
#7525 =( NAMED_UNIT ( * ) PLANE_ANGLE_UNIT ( ) SI_UNIT ( $, .RADIAN. ) );
#7526 = ORIENTED_EDGE ( 'NONE', *, *, #5305, .F. ) ;
#7527 = STYLED_ITEM ( 'NONE', ( #10725 ), #2094 ) ;
#7528 = FILL_AREA_STYLE ('',( #4900 ) ) ;
#7529 = EDGE_CURVE ( 'NONE', #2845, #5017, #4586, .T. ) ;
#7530 = AXIS2_PLACEMENT_3D ( 'NONE', #10387, #7831, #2578 ) ;
#7531 = CARTESIAN_POINT ( 'NONE',  ( 13.60000000000000500, 13.60000000000000100, 0.5000000000000004400 ) ) ;
#7532 = CARTESIAN_POINT ( 'NONE',  ( -2.000000000009549700, 0.0000000000000000000, 26.20000000001709900 ) ) ;
#7533 = CYLINDRICAL_SURFACE ( 'NONE', #10466, 2.798616204074337400 ) ;
#7534 = STYLED_ITEM ( 'NONE', ( #8032 ), #3829 ) ;
#7535 = ORIENTED_EDGE ( 'NONE', *, *, #3900, .T. ) ;
#7536 = DIRECTION ( 'NONE',  ( 0.0000000000000000000, 0.0000000000000000000, 1.000000000000000000 ) ) ;
#7537 = ADVANCED_FACE ( 'NONE', ( #2220 ), #8357, .T. ) ;
#7538 = LINE ( 'NONE', #8055, #9863 ) ;
#7539 = EDGE_CURVE ( 'NONE', #10007, #9961, #1090, .T. ) ;
#7540 = PRESENTATION_LAYER_ASSIGNMENT (  '', '', ( #6361 ) ) ;
#7541 = DIRECTION ( 'NONE',  ( 0.0000000000000000000, 0.0000000000000000000, 1.000000000000000000 ) ) ;
#7542 = CARTESIAN_POINT ( 'NONE',  ( 12.41131721596999400, 11.62591925885390000, 27.65553645166671300 ) ) ;
#7543 = CARTESIAN_POINT ( 'NONE',  ( 11.00000000000000000, 0.0000000000000000000, -0.2071067811865475700 ) ) ;
#7544 = SURFACE_SIDE_STYLE ('',( #8622 ) ) ;
#7545 =( NAMED_UNIT ( * ) PLANE_ANGLE_UNIT ( ) SI_UNIT ( $, .RADIAN. ) );
#7546 = CARTESIAN_POINT ( 'NONE',  ( -13.58868278403017600, -12.45897040736650900, 27.69999999999999900 ) ) ;
#7547 = MECHANICAL_DESIGN_GEOMETRIC_PRESENTATION_REPRESENTATION (  '', ( #6370 ), #8137 ) ;
#7548 = ORIENTED_EDGE ( 'NONE', *, *, #9758, .T. ) ;
#7549 = PRESENTATION_LAYER_ASSIGNMENT (  '', '', ( #6371 ) ) ;
#7550 = CARTESIAN_POINT ( 'NONE',  ( -17.59999999999999800, -11.45316318592670700, 20.19999999999999900 ) ) ;
#7551 = VERTEX_POINT ( 'NONE', #9979 ) ;
#7552 = VERTEX_POINT ( 'NONE', #5615 ) ;
#7553 = PRESENTATION_STYLE_ASSIGNMENT (( #7142 ) ) ;
#7554 = ORIENTED_EDGE ( 'NONE', *, *, #10205, .F. ) ;
#7555 = MECHANICAL_DESIGN_GEOMETRIC_PRESENTATION_REPRESENTATION (  '', ( #6375 ), #8148 ) ;
#7556 = DIRECTION ( 'NONE',  ( -1.000000000000000000, 0.0000000000000000000, 0.0000000000000000000 ) ) ;
#7557 = SURFACE_STYLE_USAGE ( .BOTH. , #1358 ) ;
#7558 = VERTEX_POINT ( 'NONE', #2902 ) ;
#7559 = UNCERTAINTY_MEASURE_WITH_UNIT (LENGTH_MEASURE( 1.000000000000000100E-005 ), #1114, 'distance_accuracy_value', 'NONE');
#7560 = VERTEX_POINT ( 'NONE', #9105 ) ;
#7561 = FILL_AREA_STYLE ('',( #8405 ) ) ;
#7562 = DIRECTION ( 'NONE',  ( 0.0000000000000000000, 0.0000000000000000000, 1.000000000000000000 ) ) ;
#7563 = VERTEX_POINT ( 'NONE', #6492 ) ;
#7564 = UNCERTAINTY_MEASURE_WITH_UNIT (LENGTH_MEASURE( 1.000000000000000100E-005 ), #117, 'distance_accuracy_value', 'NONE');
#7565 = EDGE_CURVE ( 'NONE', #10559, #6598, #6525, .T. ) ;
#7566 = VERTEX_POINT ( 'NONE', #270 ) ;
#7567 = COLOUR_RGB ( '',1.000000000000000000, 1.000000000000000000, 1.000000000000000000 ) ;
#7568 = DIRECTION ( 'NONE',  ( 0.0000000000000000000, 0.0000000000000000000, -1.000000000000000000 ) ) ;
#7569 =( NAMED_UNIT ( * ) PLANE_ANGLE_UNIT ( ) SI_UNIT ( $, .RADIAN. ) );
#7570 = EDGE_LOOP ( 'NONE', ( #2929, #3149, #9491, #5575 ) ) ;
#7571 = FILL_AREA_STYLE ('',( #10172 ) ) ;
#7572 = SURFACE_STYLE_USAGE ( .BOTH. , #1376 ) ;
#7573 =( NAMED_UNIT ( * ) PLANE_ANGLE_UNIT ( ) SI_UNIT ( $, .RADIAN. ) );
#7574 = CARTESIAN_POINT ( 'NONE',  ( -14.37408074114605400, 12.41131721596995200, 26.70000000000000300 ) ) ;
#7575 = PRESENTATION_STYLE_ASSIGNMENT (( #8504 ) ) ;
#7576 = SURFACE_STYLE_FILL_AREA ( #6233 ) ;
#7577 = VERTEX_POINT ( 'NONE', #2102 ) ;
#7578 = VECTOR ( 'NONE', #6809, 1000.000000000000100 ) ;
#7579 =( LENGTH_UNIT ( ) NAMED_UNIT ( * ) SI_UNIT ( .MILLI., .METRE. ) );
#7580 = VERTEX_POINT ( 'NONE', #10017 ) ;
#7581 = ORIENTED_EDGE ( 'NONE', *, *, #6523, .T. ) ;
#7582 = UNCERTAINTY_MEASURE_WITH_UNIT (LENGTH_MEASURE( 1.000000000000000100E-005 ), #387, 'distance_accuracy_value', 'NONE');
#7583 = CARTESIAN_POINT ( 'NONE',  ( -2.577868126675988000, -3.064027915081076500, -2.000000000000000000 ) ) ;
#7584 = EDGE_LOOP ( 'NONE', ( #3307, #7001, #9837, #6999 ) ) ;
#7585 = PRESENTATION_STYLE_ASSIGNMENT (( #1486 ) ) ;
#7586 = EDGE_CURVE ( 'NONE', #2643, #1980, #3214, .T. ) ;
#7587 = MECHANICAL_DESIGN_GEOMETRIC_PRESENTATION_REPRESENTATION (  '', ( #6412 ), #8186 ) ;
#7588 =( GEOMETRIC_REPRESENTATION_CONTEXT ( 3 ) GLOBAL_UNCERTAINTY_ASSIGNED_CONTEXT ( ( #8891 ) ) GLOBAL_UNIT_ASSIGNED_CONTEXT ( ( #5624, #280, #6503 ) ) REPRESENTATION_CONTEXT ( 'NONE', 'WORKASPACE' ) );
#7589 = SURFACE_SIDE_STYLE ('',( #5109 ) ) ;
#7590 = FILL_AREA_STYLE_COLOUR ( '', #9532 ) ;
#7591 = LINE ( 'NONE', #9395, #779 ) ;
#7592 = EDGE_LOOP ( 'NONE', ( #7686, #10866 ) ) ;
#7593 = EDGE_LOOP ( 'NONE', ( #1776, #8221, #3247, #7653 ) ) ;
#7594 = CARTESIAN_POINT ( 'NONE',  ( 10.50000000000000000, -20.99999999999999300, -2.000000000000000000 ) ) ;
#7595 = PLANE ( 'NONE',  #10856 ) ;
#7596 = MECHANICAL_DESIGN_GEOMETRIC_PRESENTATION_REPRESENTATION (  '', ( #5818 ), #8200 ) ;
#7597 = DIRECTION ( 'NONE',  ( -1.000000000000000000, 0.0000000000000000000, 0.0000000000000000000 ) ) ;
#7598 = VECTOR ( 'NONE', #5063, 1000.000000000000000 ) ;
#7599 = VECTOR ( 'NONE', #5594, 1000.000000000000000 ) ;
#7600 = CIRCLE ( 'NONE', #155, 0.4726131969088088700 ) ;
#7601 = EDGE_CURVE ( 'NONE', #8740, #9308, #3477, .T. ) ;
#7602 = ORIENTED_EDGE ( 'NONE', *, *, #5201, .F. ) ;
#7603 = CARTESIAN_POINT ( 'NONE',  ( -14.37408074114605400, 12.41131721596995000, 26.70000000000000300 ) ) ;
#7604 = SURFACE_SIDE_STYLE ('',( #21 ) ) ;
#7605 = AXIS2_PLACEMENT_3D ( 'NONE', #9649, #4389, #10522 ) ;
#7606 = EDGE_CURVE ( 'NONE', #6817, #7867, #5556, .T. ) ;
#7607 = CARTESIAN_POINT ( 'NONE',  ( 14.26285049231142600, 13.54102959263329500, 27.68476953867926600 ) ) ;
#7608 = FACE_BOUND ( 'NONE', #6178, .T. ) ;
#7609 = CARTESIAN_POINT ( 'NONE',  ( 15.19999999999999800, 13.00000000000010800, 27.28578643762690700 ) ) ;
#7610 = COLOUR_RGB ( '',1.000000000000000000, 1.000000000000000000, 1.000000000000000000 ) ;
#7611 = FILL_AREA_STYLE ('',( #8978 ) ) ;
#7612 = ORIENTED_EDGE ( 'NONE', *, *, #3529, .F. ) ;
#7613 = STYLED_ITEM ( 'NONE', ( #3663 ), #8104 ) ;
#7614 = CARTESIAN_POINT ( 'NONE',  ( -3.499999999999997800, -6.999999999999999100, 27.99289321881345000 ) ) ;
#7615 = VECTOR ( 'NONE', #3135, 1000.000000000000000 ) ;
#7616 = CARTESIAN_POINT ( 'NONE',  ( 0.6288105480051786600, -3.964953121595483000, -2.000000000000000000 ) ) ;
#7617 = CIRCLE ( 'NONE', #7134, 2.200000000000784400 ) ;
#7618 = VERTEX_POINT ( 'NONE', #3056 ) ;
#7619 = FACE_OUTER_BOUND ( 'NONE', #1469, .T. ) ;
#7620 = FACE_OUTER_BOUND ( 'NONE', #5518, .T. ) ;
#7621 = VERTEX_POINT ( 'NONE', #3937 ) ;
#7622 = AXIS2_PLACEMENT_3D ( 'NONE', #8667, #3400, #2561 ) ;
#7623 = ORIENTED_EDGE ( 'NONE', *, *, #2054, .T. ) ;
#7624 = B_SPLINE_CURVE_WITH_KNOTS ( 'NONE', 3,
 ( #9811, #8916, #80, #6322 ),
 .UNSPECIFIED., .F., .F.,
 ( 4, 4 ),
 ( 0.0000000000000000000, 0.0001923396241080046700 ),
 .UNSPECIFIED. ) ;
#7625 = CARTESIAN_POINT ( 'NONE',  ( -14.26285049231151600, -13.54102959263319800, 26.70000000000000300 ) ) ;
#7626 = SURFACE_STYLE_USAGE ( .BOTH. , #1429 ) ;
#7627 = PRESENTATION_STYLE_ASSIGNMENT (( #5558 ) ) ;
#7628 = CARTESIAN_POINT ( 'NONE',  ( 9.701383795926204800, 12.99999999999999500, 28.19999999999999600 ) ) ;
#7629 = EDGE_LOOP ( 'NONE', ( #706, #5434 ) ) ;
#7630 = CARTESIAN_POINT ( 'NONE',  ( -11.95431717055821300, 12.41131721596995200, 27.70000000000000300 ) ) ;
#7631 = EDGE_LOOP ( 'NONE', ( #2082, #2599 ) ) ;
#7632 = MECHANICAL_DESIGN_GEOMETRIC_PRESENTATION_REPRESENTATION (  '', ( #5845 ), #8227 ) ;
#7633 = VERTEX_POINT ( 'NONE', #9173 ) ;
#7634 =( GEOMETRIC_REPRESENTATION_CONTEXT ( 3 ) GLOBAL_UNCERTAINTY_ASSIGNED_CONTEXT ( ( #10451 ) ) GLOBAL_UNIT_ASSIGNED_CONTEXT ( ( #5488, #137, #6376 ) ) REPRESENTATION_CONTEXT ( 'NONE', 'WORKASPACE' ) );
#7635 = LINE ( 'NONE', #785, #5293 ) ;
#7636 = COLOUR_RGB ( '',0.0000000000000000000, 0.0000000000000000000, 0.0000000000000000000 ) ;
#7637 = MECHANICAL_DESIGN_GEOMETRIC_PRESENTATION_REPRESENTATION (  '', ( #6469 ), #8238 ) ;
#7638 =( NAMED_UNIT ( * ) PLANE_ANGLE_UNIT ( ) SI_UNIT ( $, .RADIAN. ) );
#7639 = SURFACE_STYLE_USAGE ( .BOTH. , #1445 ) ;
#7640 = ORIENTED_EDGE ( 'NONE', *, *, #5931, .F. ) ;
#7641 = EDGE_CURVE ( 'NONE', #316, #1275, #794, .T. ) ;
#7642 = SURFACE_STYLE_USAGE ( .BOTH. , #1449 ) ;
#7643 = UNCERTAINTY_MEASURE_WITH_UNIT (LENGTH_MEASURE( 1.000000000000000100E-005 ), #4071, 'distance_accuracy_value', 'NONE');
#7644 = SURFACE_STYLE_USAGE ( .BOTH. , #1451 ) ;
#7645 = CARTESIAN_POINT ( 'NONE',  ( -1.102823950784868500, -35.60000000000000100, 24.32231988564715400 ) ) ;
#7646 = CARTESIAN_POINT ( 'NONE',  ( -14.37408074114605200, 12.41131721596994800, 27.65553645166705000 ) ) ;
#7647 =( LENGTH_UNIT ( ) NAMED_UNIT ( * ) SI_UNIT ( .MILLI., .METRE. ) );
#7648 = EDGE_CURVE ( 'NONE', #1483, #8349, #8165, .T. ) ;
#7649 = SURFACE_STYLE_FILL_AREA ( #612 ) ;
#7650 = PRESENTATION_LAYER_ASSIGNMENT (  '', '', ( #7073 ) ) ;
#7651 = CARTESIAN_POINT ( 'NONE',  ( 11.62591925885386100, -12.41131721597003000, 26.70000000000000300 ) ) ;
#7652 = EDGE_CURVE ( 'NONE', #2239, #7140, #10232, .T. ) ;
#7653 = ORIENTED_EDGE ( 'NONE', *, *, #9005, .T. ) ;
#7654 = LINE ( 'NONE', #6193, #3008 ) ;
#7655 = MECHANICAL_DESIGN_GEOMETRIC_PRESENTATION_REPRESENTATION (  '', ( #6483 ), #8260 ) ;
#7656 =( LENGTH_UNIT ( ) NAMED_UNIT ( * ) SI_UNIT ( .MILLI., .METRE. ) );
#7657 = AXIS2_PLACEMENT_3D ( 'NONE', #9552, #1615, #2581 ) ;
#7658 = CARTESIAN_POINT ( 'NONE',  ( 15.20000000000054100, -8.600000000000360200, 27.28578643762690700 ) ) ;
#7659 = DIRECTION ( 'NONE',  ( 0.0000000000000000000, 0.0000000000000000000, 1.000000000000000000 ) ) ;
#7660 = ORIENTED_EDGE ( 'NONE', *, *, #10643, .T. ) ;
#7661 = FACE_OUTER_BOUND ( 'NONE', #4621, .T. ) ;
#7662 = EDGE_CURVE ( 'NONE', #7152, #4130, #7600, .T. ) ;
#7663 = CARTESIAN_POINT ( 'NONE',  ( -11.62591925885394800, 12.60684899628359500, 27.67929840550069200 ) ) ;
#7664 = EDGE_LOOP ( 'NONE', ( #5912, #7333, #10721, #6112 ) ) ;
#7665 =( GEOMETRIC_REPRESENTATION_CONTEXT ( 3 ) GLOBAL_UNCERTAINTY_ASSIGNED_CONTEXT ( ( #10415 ) ) GLOBAL_UNIT_ASSIGNED_CONTEXT ( ( #7472, #2170, #8341 ) ) REPRESENTATION_CONTEXT ( 'NONE', 'WORKASPACE' ) );
#7666 = CARTESIAN_POINT ( 'NONE',  ( -2.107529995131446100, -15.60000000000000100, 0.0000000000000000000 ) ) ;
#7667 = EDGE_CURVE ( 'NONE', #3876, #7303, #506, .T. ) ;
#7668 = ORIENTED_EDGE ( 'NONE', *, *, #4584, .F. ) ;
#7669 = CARTESIAN_POINT ( 'NONE',  ( 17.39289321881345900, -15.82182540694797400, 4.516154061397947200E-016 ) ) ;
#7670 = ORIENTED_EDGE ( 'NONE', *, *, #5137, .T. ) ;
#7671 = CARTESIAN_POINT ( 'NONE',  ( 3.795947249962690100, 1.264424340356256900, -2.000000000000000400 ) ) ;
#7672 =( LENGTH_UNIT ( ) NAMED_UNIT ( * ) SI_UNIT ( .MILLI., .METRE. ) );
#7673 =( LENGTH_UNIT ( ) NAMED_UNIT ( * ) SI_UNIT ( .MILLI., .METRE. ) );
#7674 = VERTEX_POINT ( 'NONE', #10121 ) ;
#7675 = CARTESIAN_POINT ( 'NONE',  ( -10.20138379592540700, 7.402767591850110100, 27.99289321881345000 ) ) ;
#7676 = DIRECTION ( 'NONE',  ( -4.164746616276587900E-015, -1.000000000000000000, 0.0000000000000000000 ) ) ;
#7677 =( NAMED_UNIT ( * ) PLANE_ANGLE_UNIT ( ) SI_UNIT ( $, .RADIAN. ) );
#7678 = VECTOR ( 'NONE', #1937, 1000.000000000000000 ) ;
#7679 =( NAMED_UNIT ( * ) PLANE_ANGLE_UNIT ( ) SI_UNIT ( $, .RADIAN. ) );
#7680 = EDGE_LOOP ( 'NONE', ( #8725, #4010 ) ) ;
#7681 = CARTESIAN_POINT ( 'NONE',  ( 3.707106781186547000, 7.414213562373094900, -2.000000000000000000 ) ) ;
#7682 = AXIS2_PLACEMENT_3D ( 'NONE', #11163, #5956, #623 ) ;
#7683 =( NAMED_UNIT ( * ) PLANE_ANGLE_UNIT ( ) SI_UNIT ( $, .RADIAN. ) );
#7684 = UNCERTAINTY_MEASURE_WITH_UNIT (LENGTH_MEASURE( 1.000000000000000100E-005 ), #2281, 'distance_accuracy_value', 'NONE');
#7685 = DIRECTION ( 'NONE',  ( -1.000000000000000000, 0.0000000000000000000, 0.0000000000000000000 ) ) ;
#7686 = ORIENTED_EDGE ( 'NONE', *, *, #8172, .F. ) ;
#7687 = FACE_OUTER_BOUND ( 'NONE', #918, .T. ) ;
#7688 = AXIS2_PLACEMENT_3D ( 'NONE', #8430, #3174, #9289 ) ;
#7689 = FACE_OUTER_BOUND ( 'NONE', #2859, .T. ) ;
#7690 = DIRECTION ( 'NONE',  ( -0.0000000000000000000, -0.0000000000000000000, 1.000000000000000000 ) ) ;
#7691 = FILL_AREA_STYLE_COLOUR ( '', #9959 ) ;
#7692 = ORIENTED_EDGE ( 'NONE', *, *, #10144, .F. ) ;
#7693 = CARTESIAN_POINT ( 'NONE',  ( 14.37408074114595600, -13.58868278403014400, 27.65553645166688000 ) ) ;
#7694 = CARTESIAN_POINT ( 'NONE',  ( -13.00000000000000500, -13.00000000000000200, 4.500000000000001800 ) ) ;
#7695 = ORIENTED_EDGE ( 'NONE', *, *, #4505, .T. ) ;
#7696 = VECTOR ( 'NONE', #8363, 1000.000000000000000 ) ;
#7697 = CARTESIAN_POINT ( 'NONE',  ( 16.29861620407378800, 19.59723240814758300, 28.20000000000000300 ) ) ;
#7698 = DIRECTION ( 'NONE',  ( 0.0000000000000000000, -1.000000000000000000, -0.0000000000000000000 ) ) ;
#7699 = EDGE_CURVE ( 'NONE', #394, #519, #9656, .T. ) ;
#7700 = DIRECTION ( 'NONE',  ( -0.0000000000000000000, -0.0000000000000000000, -1.000000000000000000 ) ) ;
#7701 = EDGE_CURVE ( 'NONE', #3503, #8912, #2670, .T. ) ;
#7702 = ORIENTED_EDGE ( 'NONE', *, *, #661, .F. ) ;
#7703 = ORIENTED_EDGE ( 'NONE', *, *, #8460, .T. ) ;
#7704 = CARTESIAN_POINT ( 'NONE',  ( 14.20000000000053600, -15.39999999999963300, 27.70000000000000300 ) ) ;
#7705 = DIRECTION ( 'NONE',  ( 0.8571673006944943200, 1.049727191129289300E-016, -0.5150380749227324600 ) ) ;
#7706 = CARTESIAN_POINT ( 'NONE',  ( 4.000000000000000000, 4.898587196589412800E-016, 28.19999999999999600 ) ) ;
#7707 = AXIS2_PLACEMENT_3D ( 'NONE', #3324, #3311, #3297 ) ;
#7708 = PRESENTATION_STYLE_ASSIGNMENT (( #5179 ) ) ;
#7709 = ORIENTED_EDGE ( 'NONE', *, *, #442, .F. ) ;
#7710 = SURFACE_STYLE_FILL_AREA ( #7913 ) ;
#7711 =( GEOMETRIC_REPRESENTATION_CONTEXT ( 3 ) GLOBAL_UNCERTAINTY_ASSIGNED_CONTEXT ( ( #10565 ) ) GLOBAL_UNIT_ASSIGNED_CONTEXT ( ( #9665, #4409, #10538 ) ) REPRESENTATION_CONTEXT ( 'NONE', 'WORKASPACE' ) );
#7712 = CARTESIAN_POINT ( 'NONE',  ( 13.60000000000000500, -13.60000000000000100, 8.000000000000000000 ) ) ;
#7713 =( LENGTH_UNIT ( ) NAMED_UNIT ( * ) SI_UNIT ( .MILLI., .METRE. ) );
#7714 = PRESENTATION_STYLE_ASSIGNMENT (( #5105 ) ) ;
#7715 =( LENGTH_UNIT ( ) NAMED_UNIT ( * ) SI_UNIT ( .MILLI., .METRE. ) );
#7716 = DIRECTION ( 'NONE',  ( 1.000000000000000000, 0.0000000000000000000, 0.0000000000000000000 ) ) ;
#7717 = EDGE_LOOP ( 'NONE', ( #10658, #6713 ) ) ;
#7718 = CARTESIAN_POINT ( 'NONE',  ( -14.19999999999980900, -13.00000000000087400, 27.70000000000000300 ) ) ;
#7719 = UNCERTAINTY_MEASURE_WITH_UNIT (LENGTH_MEASURE( 1.000000000000000100E-005 ), #9340, 'distance_accuracy_value', 'NONE');
#7720 =( NAMED_UNIT ( * ) SI_UNIT ( $, .STERADIAN. ) SOLID_ANGLE_UNIT ( ) );
#7721 = VERTEX_POINT ( 'NONE', #4875 ) ;
#7722 = DIRECTION ( 'NONE',  ( 0.0000000000000000000, 0.0000000000000000000, 1.000000000000000000 ) ) ;
#7723 = LINE ( 'NONE', #11379, #640 ) ;
#7724 = CARTESIAN_POINT ( 'NONE',  ( -1.102823950784868500, -35.60000000000000100, 24.79493308255596400 ) ) ;
#7725 = AXIS2_PLACEMENT_3D ( 'NONE', #3544, #4427, #2721 ) ;
#7726 = ADVANCED_FACE ( 'NONE', ( #9371 ), #3908, .T. ) ;
#7727 = VECTOR ( 'NONE', #8354, 1000.000000000000000 ) ;
#7728 = CARTESIAN_POINT ( 'NONE',  ( -1.102823950784868500, -35.60000000000000100, 24.17768011435284200 ) ) ;
#7729 = ORIENTED_EDGE ( 'NONE', *, *, #7455, .T. ) ;
#7730 = EDGE_CURVE ( 'NONE', #2845, #5631, #6238, .T. ) ;
#7731 =( GEOMETRIC_REPRESENTATION_CONTEXT ( 3 ) GLOBAL_UNCERTAINTY_ASSIGNED_CONTEXT ( ( #7000 ) ) GLOBAL_UNIT_ASSIGNED_CONTEXT ( ( #3244, #9362, #4122 ) ) REPRESENTATION_CONTEXT ( 'NONE', 'WORKASPACE' ) );
#7732 = PRESENTATION_STYLE_ASSIGNMENT (( #307 ) ) ;
#7733 = CARTESIAN_POINT ( 'NONE',  ( 11.73714950768866800, 12.45897040736660700, 27.68476953867928000 ) ) ;
#7734 = DIRECTION ( 'NONE',  ( 0.0000000000000000000, 0.0000000000000000000, 1.000000000000000000 ) ) ;
#7735 = SURFACE_SIDE_STYLE ('',( #11086 ) ) ;
#7736 = COLOUR_RGB ( '',1.000000000000000000, 1.000000000000000000, 1.000000000000000000 ) ;
#7737 = EDGE_CURVE ( 'NONE', #4552, #4935, #8567, .T. ) ;
#7738 = VECTOR ( 'NONE', #5344, 1000.000000000000000 ) ;
#7739 = CONICAL_SURFACE ( 'NONE', #996, 2.499999999997726300, 0.7853981633974482800 ) ;
#7740 = MECHANICAL_DESIGN_GEOMETRIC_PRESENTATION_REPRESENTATION (  '', ( #6560 ), #8345 ) ;
#7741 = VERTEX_POINT ( 'NONE', #10202 ) ;
#7742 = FILL_AREA_STYLE_COLOUR ( '', #1050 ) ;
#7743 = CARTESIAN_POINT ( 'NONE',  ( 15.79861620407378600, 12.99999999999999600, 27.69999999999999900 ) ) ;
#7744 = CIRCLE ( 'NONE', #2017, 1.000000000000000900 ) ;
#7745 = CARTESIAN_POINT ( 'NONE',  ( -17.59999999999999800, -13.60000000000000100, 0.5000000000000004400 ) ) ;
#7746 = CARTESIAN_POINT ( 'NONE',  ( 11.80000000000090000, -15.39999999999963300, 27.70000000000000300 ) ) ;
#7747 = PLANE ( 'NONE',  #2406 ) ;
#7748 =( LENGTH_UNIT ( ) NAMED_UNIT ( * ) SI_UNIT ( .MILLI., .METRE. ) );
#7749 = CARTESIAN_POINT ( 'NONE',  ( -4.000000000000000000, 0.0000000000000000000, 28.19999999999999600 ) ) ;
#7751 = MECHANICAL_DESIGN_GEOMETRIC_PRESENTATION_REPRESENTATION (  '', ( #1091 ), #8355 ) ;
#7750 = FACE_OUTER_BOUND ( 'NONE', #11100, .T. ) ;
#7752 = ORIENTED_EDGE ( 'NONE', *, *, #8491, .F. ) ;
#7753 = CIRCLE ( 'NONE', #8619, 2.798616204074335600 ) ;
#7754 = AXIS2_PLACEMENT_3D ( 'NONE', #6431, #1112, #7325 ) ;
#7755 = CARTESIAN_POINT ( 'NONE',  ( -3.500000000000000000, 4.286263797015736600E-016, 27.69999999999999900 ) ) ;
#7756 = CARTESIAN_POINT ( 'NONE',  ( -17.59999999999999800, 11.45316318592671400, 20.19999999999999900 ) ) ;
#7757 = DIRECTION ( 'NONE',  ( 0.0000000000000000000, -0.0000000000000000000, -1.000000000000000000 ) ) ;
#7758 = PRESENTATION_STYLE_ASSIGNMENT (( #10732 ) ) ;
#7759 = PLANE ( 'NONE',  #9983 ) ;
#7760 =( LENGTH_UNIT ( ) NAMED_UNIT ( * ) SI_UNIT ( .MILLI., .METRE. ) );
#7761 = VERTEX_POINT ( 'NONE', #3200 ) ;
#7762 = SURFACE_STYLE_FILL_AREA ( #3664 ) ;
#7763 = VERTEX_POINT ( 'NONE', #7603 ) ;
#7764 = ORIENTED_EDGE ( 'NONE', *, *, #7529, .F. ) ;
#7765 = DIRECTION ( 'NONE',  ( -4.164746616276587900E-015, -1.000000000000000000, -0.0000000000000000000 ) ) ;
#7766 = UNCERTAINTY_MEASURE_WITH_UNIT (LENGTH_MEASURE( 1.000000000000000100E-005 ), #41, 'distance_accuracy_value', 'NONE');
#7767 =( LENGTH_UNIT ( ) NAMED_UNIT ( * ) SI_UNIT ( .MILLI., .METRE. ) );
#7768 = CARTESIAN_POINT ( 'NONE',  ( -13.58868278403017600, -12.45897040736650900, 26.70000000000000300 ) ) ;
#7769 = DIRECTION ( 'NONE',  ( 0.0000000000000000000, 0.0000000000000000000, 1.000000000000000000 ) ) ;
#7770 = PRESENTATION_LAYER_ASSIGNMENT (  '', '', ( #5994 ) ) ;
#7771 = CARTESIAN_POINT ( 'NONE',  ( -12.99999999999927200, -13.00000000000072300, 26.70000000000000300 ) ) ;
#7772 = ORIENTED_EDGE ( 'NONE', *, *, #4871, .F. ) ;
#7773 = DIRECTION ( 'NONE',  ( 1.000000000000000000, 0.0000000000000000000, -0.0000000000000000000 ) ) ;
#7774 = EDGE_CURVE ( 'NONE', #4930, #1483, #1504, .T. ) ;
#7775 = SURFACE_SIDE_STYLE ('',( #3433 ) ) ;
#7776 = LINE ( 'NONE', #7550, #7524 ) ;
#7777 = DIRECTION ( 'NONE',  ( 0.7071067811865474600, 8.659560562354931600E-017, -0.7071067811865475700 ) ) ;
#7778 = STYLED_ITEM ( 'NONE', ( #2228 ), #246 ) ;
#7779 = CARTESIAN_POINT ( 'NONE',  ( 13.58868278403010000, 14.37408074114600100, 26.70000000000000300 ) ) ;
#7780 = EDGE_CURVE ( 'NONE', #9062, #7135, #1804, .T. ) ;
#7781 = LINE ( 'NONE', #936, #5448 ) ;
#7782 = AXIS2_PLACEMENT_3D ( 'NONE', #9337, #4102, #10224 ) ;
#7783 = VERTEX_POINT ( 'NONE', #8493 ) ;
#7784 = CARTESIAN_POINT ( 'NONE',  ( -17.59999999999999800, -15.94314575050762200, 0.2071067811865479300 ) ) ;
#7785 = ADVANCED_FACE ( 'NONE', ( #8301 ), #3930, .T. ) ;
#7786 = PRESENTATION_STYLE_ASSIGNMENT (( #10656 ) ) ;
#7787 = UNCERTAINTY_MEASURE_WITH_UNIT (LENGTH_MEASURE( 1.000000000000000100E-005 ), #11143, 'distance_accuracy_value', 'NONE');
#7788 = FILL_AREA_STYLE ('',( #11220 ) ) ;
#7789 = ORIENTED_EDGE ( 'NONE', *, *, #10672, .T. ) ;
#7790 = DIRECTION ( 'NONE',  ( 0.0000000000000000000, 0.0000000000000000000, -1.000000000000000000 ) ) ;
#7791 =( NAMED_UNIT ( * ) PLANE_ANGLE_UNIT ( ) SI_UNIT ( $, .RADIAN. ) );
#7792 = FILL_AREA_STYLE ('',( #6019 ) ) ;
#7793 = CARTESIAN_POINT ( 'NONE',  ( -14.26285049231151400, -13.36088499248691400, 27.69729446702144700 ) ) ;
#7794 = EDGE_CURVE ( 'NONE', #161, #2573, #9496, .T. ) ;
#7795 = AXIS2_PLACEMENT_3D ( 'NONE', #6863, #1566, #7757 ) ;
#7796 = CARTESIAN_POINT ( 'NONE',  ( -1.102823950784868500, -35.60000000000000100, 23.70506691744403600 ) ) ;
#7797 = COLOUR_RGB ( '',1.000000000000000000, 1.000000000000000000, 1.000000000000000000 ) ;
#7798 = CARTESIAN_POINT ( 'NONE',  ( -1.102823950784868500, -35.60000000000000100, 23.23245372053522600 ) ) ;
#7799 = VERTEX_POINT ( 'NONE', #1525 ) ;
#7800 = DIRECTION ( 'NONE',  ( 1.000000000000000000, -1.029253376967093700E-014, 0.0000000000000000000 ) ) ;
#7801 =( NAMED_UNIT ( * ) PLANE_ANGLE_UNIT ( ) SI_UNIT ( $, .RADIAN. ) );
#7802 =( NAMED_UNIT ( * ) PLANE_ANGLE_UNIT ( ) SI_UNIT ( $, .RADIAN. ) );
#7803 = ORIENTED_EDGE ( 'NONE', *, *, #11128, .F. ) ;
#7804 = CARTESIAN_POINT ( 'NONE',  ( 2.925945082071369300, -2.730935419506347100, -2.000000000000000400 ) ) ;
#7805 = STYLED_ITEM ( 'NONE', ( #7070 ), #1643 ) ;
#7806 = CARTESIAN_POINT ( 'NONE',  ( 11.73714950768867000, 12.81954858101672000, 27.69802295345158800 ) ) ;
#7807 = MECHANICAL_DESIGN_GEOMETRIC_PRESENTATION_REPRESENTATION (  '', ( #6626 ), #8409 ) ;
#7808 =( LENGTH_UNIT ( ) NAMED_UNIT ( * ) SI_UNIT ( .MILLI., .METRE. ) );
#7809 = ORIENTED_EDGE ( 'NONE', *, *, #9526, .F. ) ;
#7810 = FILL_AREA_STYLE ('',( #9525 ) ) ;
#7811 = COLOUR_RGB ( '',1.000000000000000000, 1.000000000000000000, 1.000000000000000000 ) ;
#7812 = ORIENTED_EDGE ( 'NONE', *, *, #7951, .T. ) ;
#7813 = EDGE_CURVE ( 'NONE', #3209, #8443, #7193, .T. ) ;
#7814 = ORIENTED_EDGE ( 'NONE', *, *, #5092, .T. ) ;
#7815 =( NAMED_UNIT ( * ) SI_UNIT ( $, .STERADIAN. ) SOLID_ANGLE_UNIT ( ) );
#7816 = PRESENTATION_LAYER_ASSIGNMENT (  '', '', ( #7254 ) ) ;
#7817 = EDGE_CURVE ( 'NONE', #2267, #529, #4842, .T. ) ;
#7818 = ORIENTED_EDGE ( 'NONE', *, *, #2470, .T. ) ;
#7819 =( NAMED_UNIT ( * ) PLANE_ANGLE_UNIT ( ) SI_UNIT ( $, .RADIAN. ) );
#7820 = ORIENTED_EDGE ( 'NONE', *, *, #8459, .T. ) ;
#7821 = PRESENTATION_STYLE_ASSIGNMENT (( #9177 ) ) ;
#7822 = ORIENTED_EDGE ( 'NONE', *, *, #4665, .F. ) ;
#7823 = AXIS2_PLACEMENT_3D ( 'NONE', #5250, #11322, #6142 ) ;
#7824 = B_SPLINE_CURVE_WITH_KNOTS ( 'NONE', 3,
 ( #10608, #7050, #7126, #1846 ),
 .UNSPECIFIED., .F., .F.,
 ( 4, 4 ),
 ( 0.0000000000000000000, 0.0005894062810966028100 ),
 .UNSPECIFIED. ) ;
#7825 = COLOUR_RGB ( '',1.000000000000000000, 1.000000000000000000, 1.000000000000000000 ) ;
#7826 = ORIENTED_EDGE ( 'NONE', *, *, #369, .T. ) ;
#7827 = CARTESIAN_POINT ( 'NONE',  ( 13.00000000000002800, 11.62591925885389400, 27.69007980070176000 ) ) ;
#7828 = DIRECTION ( 'NONE',  ( 1.000000000000000000, 0.0000000000000000000, -0.0000000000000000000 ) ) ;
#7829 = DIRECTION ( 'NONE',  ( -1.000000000000000000, 0.0000000000000000000, 0.0000000000000000000 ) ) ;
#7830 = CARTESIAN_POINT ( 'NONE',  ( -3.488461874375452500, -1.958427514581498900, -2.000000000000000000 ) ) ;
#7831 = DIRECTION ( 'NONE',  ( 0.0000000000000000000, 0.0000000000000000000, 1.000000000000000000 ) ) ;
#7832 = DIRECTION ( 'NONE',  ( 0.0000000000000000000, -1.000000000000000000, 0.0000000000000000000 ) ) ;
#7833 = DIRECTION ( 'NONE',  ( -0.7071067811865474600, 0.0000000000000000000, -0.7071067811865475700 ) ) ;
#7834 = VERTEX_POINT ( 'NONE', #3342 ) ;
#7835 = FACE_OUTER_BOUND ( 'NONE', #3983, .T. ) ;
#7836 = AXIS2_PLACEMENT_3D ( 'NONE', #8123, #5466, #7280 ) ;
#7837 = FACE_OUTER_BOUND ( 'NONE', #6803, .T. ) ;
#7838 = PRESENTATION_LAYER_ASSIGNMENT (  '', '', ( #7266 ) ) ;
#7839 =( LENGTH_UNIT ( ) NAMED_UNIT ( * ) SI_UNIT ( .MILLI., .METRE. ) );
#7840 = PRESENTATION_STYLE_ASSIGNMENT (( #9884 ) ) ;
#7841 = ADVANCED_FACE ( 'NONE', ( #6891 ), #4225, .T. ) ;
#7842 = CARTESIAN_POINT ( 'NONE',  ( 17.10000000000000500, -15.65025253169417000, 28.19999999999999900 ) ) ;
#7843 = EDGE_LOOP ( 'NONE', ( #1538, #8146, #10994, #6742 ) ) ;
#7844 =( NAMED_UNIT ( * ) PLANE_ANGLE_UNIT ( ) SI_UNIT ( $, .RADIAN. ) );
#7845 = AXIS2_PLACEMENT_3D ( 'NONE', #1788, #7956, #2720 ) ;
#7846 = LINE ( 'NONE', #11371, #765 ) ;
#7847 = CARTESIAN_POINT ( 'NONE',  ( 14.15715551915493700, -12.41131721597004800, 27.70000000000000300 ) ) ;
#7848 = SURFACE_SIDE_STYLE ('',( #11189 ) ) ;
#7849 = CARTESIAN_POINT ( 'NONE',  ( -13.59999999999999800, 17.39289321881344500, 28.19999999999999900 ) ) ;
#7850 = ORIENTED_EDGE ( 'NONE', *, *, #8550, .F. ) ;
#7851 = FACE_OUTER_BOUND ( 'NONE', #77, .T. ) ;
#7852 = CARTESIAN_POINT ( 'NONE',  ( 4.000000000000000000, 4.898587196589412800E-016, -2.000000000000000000 ) ) ;
#7853 = FILL_AREA_STYLE ('',( #8701 ) ) ;
#7854 = SURFACE_STYLE_USAGE ( .BOTH. , #1677 ) ;
#7855 = PRESENTATION_LAYER_ASSIGNMENT (  '', '', ( #6665 ) ) ;
#7856 =( BOUNDED_SURFACE ( )  B_SPLINE_SURFACE ( 3, 3, ( 
 ( #467, #4135, #10250, #5020 ),
 ( #11103, #5876, #554, #6769 ),
 ( #1468, #7658, #2385, #8554 ),
 ( #3284, #9410, #4167, #10292 ) ),
 .UNSPECIFIED., .F., .F., .T. ) 
 B_SPLINE_SURFACE_WITH_KNOTS ( ( 4, 4 ),
 ( 4, 4 ),
 ( 0.0000000000000000000, 1.000000000000000000 ),
 ( 0.0000000000000000000, 1.000000000000000000 ),
 .UNSPECIFIED. ) 
 GEOMETRIC_REPRESENTATION_ITEM ( )  RATIONAL_B_SPLINE_SURFACE ( (
 ( 1.000000000000000000, 0.3333333333333334300, 0.3333333333333334300, 1.000000000000000000),
 ( 0.8047378541243646000, 0.2682459513747882900, 0.2682459513747882900, 0.8047378541243646000),
 ( 0.8047378541243646000, 0.2682459513747882900, 0.2682459513747882900, 0.8047378541243646000),
 ( 1.000000000000000000, 0.3333333333333334300, 0.3333333333333334300, 1.000000000000000000) ) ) 
 REPRESENTATION_ITEM ( '' )  SURFACE ( )  );
#7857 = COLOUR_RGB ( '',1.000000000000000000, 1.000000000000000000, 1.000000000000000000 ) ;
#7858 = ORIENTED_EDGE ( 'NONE', *, *, #4550, .T. ) ;
#7859 = ORIENTED_EDGE ( 'NONE', *, *, #7565, .T. ) ;
#7860 =( LENGTH_UNIT ( ) NAMED_UNIT ( * ) SI_UNIT ( .MILLI., .METRE. ) );
#7861 = EDGE_LOOP ( 'NONE', ( #4021, #7299, #168, #9141, #6314 ) ) ;
#7862 = AXIS2_PLACEMENT_3D ( 'NONE', #1241, #7459, #2162 ) ;
#7863 = CARTESIAN_POINT ( 'NONE',  ( 2.799999999999999800, 3.429011037612588800E-016, 1.000000000000000000 ) ) ;
#7864 = EDGE_CURVE ( 'NONE', #10265, #1914, #9969, .T. ) ;
#7865 = DIRECTION ( 'NONE',  ( -1.000000000000000000, 0.0000000000000000000, 0.0000000000000000000 ) ) ;
#7866 = EDGE_CURVE ( 'NONE', #6175, #10039, #8423, .T. ) ;
#7867 = VERTEX_POINT ( 'NONE', #8674 ) ;
#7868 = DIRECTION ( 'NONE',  ( 1.000000000000000000, -3.206337508330011400E-015, 0.0000000000000000000 ) ) ;
#7869 = AXIS2_PLACEMENT_3D ( 'NONE', #566, #536, #528 ) ;
#7870 = PRESENTATION_LAYER_ASSIGNMENT (  '', '', ( #6682 ) ) ;
#7871 = CARTESIAN_POINT ( 'NONE',  ( 12.60754481064669200, 11.62591925885390900, 27.67938296417808200 ) ) ;
#7872 =( NAMED_UNIT ( * ) SI_UNIT ( $, .STERADIAN. ) SOLID_ANGLE_UNIT ( ) );
#7873 = AXIS2_PLACEMENT_3D ( 'NONE', #4957, #11058, #5829 ) ;
#7874 = PLANE ( 'NONE',  #3574 ) ;
#7875 = VECTOR ( 'NONE', #8523, 1000.000000000000000 ) ;
#7876 = CARTESIAN_POINT ( 'NONE',  ( 2.414556231388725700, 3.189819593624637400, -2.000000000000000000 ) ) ;
#7877 = CARTESIAN_POINT ( 'NONE',  ( 14.19999999999999600, 15.39999999999999700, 27.69999999999999900 ) ) ;
#7878 = LINE ( 'NONE', #4714, #9933 ) ;
#7879 = VECTOR ( 'NONE', #305, 1000.000000000000000 ) ;
#7880 = VERTEX_POINT ( 'NONE', #2521 ) ;
#7881 = DIRECTION ( 'NONE',  ( -1.000000000000000000, 0.0000000000000000000, 0.0000000000000000000 ) ) ;
#7882 = PRESENTATION_LAYER_ASSIGNMENT (  '', '', ( #8476 ) ) ;
#7883 = PRESENTATION_LAYER_ASSIGNMENT (  '', '', ( #7308 ) ) ;
#7884 = DIRECTION ( 'NONE',  ( -1.000000000000000000, -0.0000000000000000000, 0.0000000000000000000 ) ) ;
#7885 = DIRECTION ( 'NONE',  ( 1.000000000000000000, -7.719400327253202000E-015, 0.0000000000000000000 ) ) ;
#7886 = EDGE_CURVE ( 'NONE', #8780, #541, #9832, .T. ) ;
#7887 = DIRECTION ( 'NONE',  ( -0.0000000000000000000, -1.000000000000000000, -0.0000000000000000000 ) ) ;
#7888 = ORIENTED_EDGE ( 'NONE', *, *, #3195, .T. ) ;
#7889 = PRESENTATION_STYLE_ASSIGNMENT (( #265 ) ) ;
#7890 = SURFACE_SIDE_STYLE ('',( #6099 ) ) ;
#7891 = DIRECTION ( 'NONE',  ( 0.0000000000000000000, 1.000000000000000000, 0.0000000000000000000 ) ) ;
#7892 = AXIS2_PLACEMENT_3D ( 'NONE', #1954, #8108, #2865 ) ;
#7893 = EDGE_CURVE ( 'NONE', #5639, #9191, #3762, .T. ) ;
#7894 = AXIS2_PLACEMENT_3D ( 'NONE', #10996, #2240, #7568 ) ;
#7895 = CARTESIAN_POINT ( 'NONE',  ( 14.37408074114596200, -13.39315100371622900, 27.67929840550064600 ) ) ;
#7896 = COLOUR_RGB ( '',1.000000000000000000, 1.000000000000000000, 1.000000000000000000 ) ;
#7897 = ORIENTED_EDGE ( 'NONE', *, *, #5604, .T. ) ;
#7898 = VERTEX_POINT ( 'NONE', #2568 ) ;
#7899 = ADVANCED_FACE ( 'NONE', ( #1361 ), #9578, .F. ) ;
#7900 = LINE ( 'NONE', #1921, #10223 ) ;
#7901 = DIRECTION ( 'NONE',  ( 1.000000000000000000, 0.0000000000000000000, 0.0000000000000000000 ) ) ;
#7902 = DIRECTION ( 'NONE',  ( -0.0000000000000000000, -0.0000000000000000000, -1.000000000000000000 ) ) ;
#7903 = DIRECTION ( 'NONE',  ( -0.0000000000000000000, -0.0000000000000000000, -1.000000000000000000 ) ) ;
#7904 = ORIENTED_EDGE ( 'NONE', *, *, #9193, .T. ) ;
#7905 =( GEOMETRIC_REPRESENTATION_CONTEXT ( 3 ) GLOBAL_UNCERTAINTY_ASSIGNED_CONTEXT ( ( #1124 ) ) GLOBAL_UNIT_ASSIGNED_CONTEXT ( ( #7715, #2448, #8606 ) ) REPRESENTATION_CONTEXT ( 'NONE', 'WORKASPACE' ) );
#7906 = ORIENTED_EDGE ( 'NONE', *, *, #1521, .T. ) ;
#7907 = SURFACE_STYLE_USAGE ( .BOTH. , #1740 ) ;
#7908 = ORIENTED_EDGE ( 'NONE', *, *, #4724, .F. ) ;
#7909 =( LENGTH_UNIT ( ) NAMED_UNIT ( * ) SI_UNIT ( .MILLI., .METRE. ) );
#7910 = UNCERTAINTY_MEASURE_WITH_UNIT (LENGTH_MEASURE( 1.000000000000000100E-005 ), #2728, 'distance_accuracy_value', 'NONE');
#7911 = CARTESIAN_POINT ( 'NONE',  ( -13.00000000000016700, -14.37408074114592400, 27.69007980070195900 ) ) ;
#7912 = CARTESIAN_POINT ( 'NONE',  ( 10.80000000000000100, 17.39999999999999900, 26.70000000000000300 ) ) ;
#7913 = FILL_AREA_STYLE ('',( #6156 ) ) ;
#7914 = LINE ( 'NONE', #705, #9971 ) ;
#7915 =( GEOMETRIC_REPRESENTATION_CONTEXT ( 3 ) GLOBAL_UNCERTAINTY_ASSIGNED_CONTEXT ( ( #8703 ) ) GLOBAL_UNIT_ASSIGNED_CONTEXT ( ( #6981, #1701, #7872 ) ) REPRESENTATION_CONTEXT ( 'NONE', 'WORKASPACE' ) );
#7916 = LINE ( 'NONE', #8306, #5597 ) ;
#7917 = FILL_AREA_STYLE ('',( #1750 ) ) ;
#7918 = FILL_AREA_STYLE_COLOUR ( '', #1853 ) ;
#7919 = ORIENTED_EDGE ( 'NONE', *, *, #7866, .F. ) ;
#7920 = DIRECTION ( 'NONE',  ( -1.000000000000000000, 0.0000000000000000000, 0.0000000000000000000 ) ) ;
#7921 = FILL_AREA_STYLE_COLOUR ( '', #8332 ) ;
#7922 = FILL_AREA_STYLE ('',( #8774 ) ) ;
#7923 = DIRECTION ( 'NONE',  ( -3.032567676268349900E-016, 1.000000000000000000, 0.0000000000000000000 ) ) ;
#7924 = AXIS2_PLACEMENT_3D ( 'NONE', #433, #7562, #5816 ) ;
#7925 = SURFACE_SIDE_STYLE ('',( #2683 ) ) ;
#7926 = ORIENTED_EDGE ( 'NONE', *, *, #7893, .F. ) ;
#7927 = EDGE_CURVE ( 'NONE', #1600, #4889, #5167, .T. ) ;
#7928 = EDGE_CURVE ( 'NONE', #1932, #10923, #2860, .T. ) ;
#7929 =( BOUNDED_SURFACE ( )  B_SPLINE_SURFACE ( 3, 3, ( 
 ( #1415, #4152, #10271, #5039 ),
 ( #11120, #5898, #573, #6795 ),
 ( #1488, #7675, #2409, #8575 ),
 ( #3308, #9427, #4188, #10313 ) ),
 .UNSPECIFIED., .F., .F., .F. ) 
 B_SPLINE_SURFACE_WITH_KNOTS ( ( 4, 4 ),
 ( 4, 4 ),
 ( 0.0000000000000000000, 1.000000000000000000 ),
 ( 0.0000000000000000000, 1.000000000000000000 ),
 .UNSPECIFIED. ) 
 GEOMETRIC_REPRESENTATION_ITEM ( )  RATIONAL_B_SPLINE_SURFACE ( (
 ( 1.000000000000000000, 0.3333333333333332000, 0.3333333333333332000, 1.000000000000000000),
 ( 0.8047378541243649400, 0.2682459513747881800, 0.2682459513747881800, 0.8047378541243649400),
 ( 0.8047378541243649400, 0.2682459513747881800, 0.2682459513747881800, 0.8047378541243649400),
 ( 1.000000000000000000, 0.3333333333333332000, 0.3333333333333332000, 1.000000000000000000) ) ) 
 REPRESENTATION_ITEM ( '' )  SURFACE ( )  );
#7930 = DIRECTION ( 'NONE',  ( 1.224646799147353200E-016, -1.000000000000000000, 0.0000000000000000000 ) ) ;
#7931 = CARTESIAN_POINT ( 'NONE',  ( 13.96307768558978600, 13.75491842535458900, 27.70000000000000300 ) ) ;
#7932 = CARTESIAN_POINT ( 'NONE',  ( -13.58868278403019200, -13.54102959263320500, 27.69999999999999900 ) ) ;
#7933 = PRESENTATION_LAYER_ASSIGNMENT (  '', '', ( #8528 ) ) ;
#7934 = CARTESIAN_POINT ( 'NONE',  ( 2.500000000000000000, 0.0000000000000000000, 25.19999999999999900 ) ) ;
#7935 =( GEOMETRIC_REPRESENTATION_CONTEXT ( 3 ) GLOBAL_UNCERTAINTY_ASSIGNED_CONTEXT ( ( #10981 ) ) GLOBAL_UNIT_ASSIGNED_CONTEXT ( ( #4595, #10720, #5475 ) ) REPRESENTATION_CONTEXT ( 'NONE', 'WORKASPACE' ) );
#7936 = PRESENTATION_STYLE_ASSIGNMENT (( #7391 ) ) ;
#7937 = CARTESIAN_POINT ( 'NONE',  ( 2.500000000000000000, 0.0000000000000000000, -24.00000000000000000 ) ) ;
#7938 = ORIENTED_EDGE ( 'NONE', *, *, #3126, .T. ) ;
#7939 = CARTESIAN_POINT ( 'NONE',  ( 13.60000000000000300, 17.60000000000000100, 27.99289321881345700 ) ) ;
#7940 = CARTESIAN_POINT ( 'NONE',  ( 17.10000000000000500, 13.60000000000000100, 28.19999999999999900 ) ) ;
#7941 = ORIENTED_EDGE ( 'NONE', *, *, #7864, .T. ) ;
#7942 = CARTESIAN_POINT ( 'NONE',  ( 13.60000000000000500, 17.60000000000000100, 20.19999999999999900 ) ) ;
#7943 = FILL_AREA_STYLE ('',( #11372 ) ) ;
#7944 = CARTESIAN_POINT ( 'NONE',  ( -4.000000000000000000, 7.999999999999999100, 28.19999999999999900 ) ) ;
#7945 = LINE ( 'NONE', #8969, #5619 ) ;
#7946 = CARTESIAN_POINT ( 'NONE',  ( 13.54102959263325100, -13.58868278403013900, 26.70000000000000300 ) ) ;
#7947 = CARTESIAN_POINT ( 'NONE',  ( -14.26285049231150200, -12.45897040736650600, 27.68476953867917300 ) ) ;
#7948 = ORIENTED_EDGE ( 'NONE', *, *, #8316, .T. ) ;
#7949 = CARTESIAN_POINT ( 'NONE',  ( -2.107529995131446100, -17.69999999999999900, 23.50748687669130300 ) ) ;
#7950 = VECTOR ( 'NONE', #7165, 1000.000000000000000 ) ;
#7951 = EDGE_CURVE ( 'NONE', #1441, #2784, #407, .T. ) ;
#7952 =( GEOMETRIC_REPRESENTATION_CONTEXT ( 3 ) GLOBAL_UNCERTAINTY_ASSIGNED_CONTEXT ( ( #7357 ) ) GLOBAL_UNIT_ASSIGNED_CONTEXT ( ( #314, #6539, #1232 ) ) REPRESENTATION_CONTEXT ( 'NONE', 'WORKASPACE' ) );
#7953 = STYLED_ITEM ( 'NONE', ( #5279 ), #10801 ) ;
#7954 = EDGE_LOOP ( 'NONE', ( #8544, #2288 ) ) ;
#7955 = CARTESIAN_POINT ( 'NONE',  ( 11.95431717056041200, -12.41131721597003200, 27.70000000000000300 ) ) ;
#7956 = DIRECTION ( 'NONE',  ( 0.0000000000000000000, 0.0000000000000000000, 1.000000000000000000 ) ) ;
#7957 = ADVANCED_FACE ( 'NONE', ( #136 ), #8473, .T. ) ;
#7958 = EDGE_LOOP ( 'NONE', ( #1319, #8425, #11196 ) ) ;
#7959 = DIRECTION ( 'NONE',  ( 0.0000000000000000000, 1.000000000000000000, 0.0000000000000000000 ) ) ;
#7960 = ORIENTED_EDGE ( 'NONE', *, *, #4438, .F. ) ;
#7961 =( LENGTH_UNIT ( ) NAMED_UNIT ( * ) SI_UNIT ( .MILLI., .METRE. ) );
#7962 = ORIENTED_EDGE ( 'NONE', *, *, #7864, .F. ) ;
#7963 = FILL_AREA_STYLE_COLOUR ( '', #8230 ) ;
#7964 = FILL_AREA_STYLE_COLOUR ( '', #10166 ) ;
#7965 = SURFACE_STYLE_USAGE ( .BOTH. , #1799 ) ;
#7966 = FACE_OUTER_BOUND ( 'NONE', #10038, .T. ) ;
#7967 =( GEOMETRIC_REPRESENTATION_CONTEXT ( 3 ) GLOBAL_UNCERTAINTY_ASSIGNED_CONTEXT ( ( #8966 ) ) GLOBAL_UNIT_ASSIGNED_CONTEXT ( ( #2283, #2241, #2210 ) ) REPRESENTATION_CONTEXT ( 'NONE', 'WORKASPACE' ) );
#7968 = CARTESIAN_POINT ( 'NONE',  ( -17.60528299132912600, 11.44788237165360200, 22.19999999999999600 ) ) ;
#7969 = LINE ( 'NONE', #4640, #5635 ) ;
#7970 = EDGE_CURVE ( 'NONE', #8781, #3613, #1705, .T. ) ;
#7971 = ORIENTED_EDGE ( 'NONE', *, *, #1555, .F. ) ;
#7972 = VECTOR ( 'NONE', #1586, 1000.000000000000000 ) ;
#7973 =( NAMED_UNIT ( * ) PLANE_ANGLE_UNIT ( ) SI_UNIT ( $, .RADIAN. ) );
#7974 = VECTOR ( 'NONE', #3710, 1000.000000000000000 ) ;
#7975 = UNCERTAINTY_MEASURE_WITH_UNIT (LENGTH_MEASURE( 1.000000000000000100E-005 ), #8815, 'distance_accuracy_value', 'NONE');
#7976 = VECTOR ( 'NONE', #5512, 1000.000000000000000 ) ;
#7977 = STYLED_ITEM ( 'NONE', ( #3025 ), #4623 ) ;
#7978 = ORIENTED_EDGE ( 'NONE', *, *, #4676, .T. ) ;
#7979 =( LENGTH_UNIT ( ) NAMED_UNIT ( * ) SI_UNIT ( .MILLI., .METRE. ) );
#7980 =( NAMED_UNIT ( * ) SI_UNIT ( $, .STERADIAN. ) SOLID_ANGLE_UNIT ( ) );
#7981 = COLOUR_RGB ( '',1.000000000000000000, 1.000000000000000000, 1.000000000000000000 ) ;
#7982 = VERTEX_POINT ( 'NONE', #3571 ) ;
#7983 = VECTOR ( 'NONE', #327, 1000.000000000000000 ) ;
#7984 = AXIS2_PLACEMENT_3D ( 'NONE', #2876, #8994, #3750 ) ;
#7985 =( NAMED_UNIT ( * ) PLANE_ANGLE_UNIT ( ) SI_UNIT ( $, .RADIAN. ) );
#7986 = PRESENTATION_STYLE_ASSIGNMENT (( #6921 ) ) ;
#7987 = SURFACE_SIDE_STYLE ('',( #10934 ) ) ;
#7988 = CARTESIAN_POINT ( 'NONE',  ( -1.353715613149855600, 3.764148106438708600, -2.000000000000000400 ) ) ;
#7989 = ORIENTED_EDGE ( 'NONE', *, *, #4333, .F. ) ;
#7990 = EDGE_LOOP ( 'NONE', ( #8328, #10727, #4946, #8468 ) ) ;
#7991 =( NAMED_UNIT ( * ) PLANE_ANGLE_UNIT ( ) SI_UNIT ( $, .RADIAN. ) );
#7992 = DIRECTION ( 'NONE',  ( -0.0000000000000000000, -1.000000000000000000, -0.0000000000000000000 ) ) ;
#7993 = CARTESIAN_POINT ( 'NONE',  ( -17.59999999999999800, -13.60000000000000100, 20.19999999999999900 ) ) ;
#7994 =( GEOMETRIC_REPRESENTATION_CONTEXT ( 3 ) GLOBAL_UNCERTAINTY_ASSIGNED_CONTEXT ( ( #6390 ) ) GLOBAL_UNIT_ASSIGNED_CONTEXT ( ( #5216, #11294, #6104 ) ) REPRESENTATION_CONTEXT ( 'NONE', 'WORKASPACE' ) );
#7995 = CARTESIAN_POINT ( 'NONE',  ( 12.07187008827373700, -12.20250684994924300, 27.70000000000000300 ) ) ;
#7996 = SURFACE_SIDE_STYLE ('',( #10098 ) ) ;
#7997 = SURFACE_SIDE_STYLE ('',( #4719 ) ) ;
#7998 =( BOUNDED_SURFACE ( )  B_SPLINE_SURFACE ( 3, 3, ( 
 ( #11107, #1515, #7697, #2433 ),
 ( #8590, #3335, #9456, #4217 ),
 ( #10336, #5098, #11173, #5970 ),
 ( #638, #6847, #1551, #7743 ) ),
 .UNSPECIFIED., .F., .F., .T. ) 
 B_SPLINE_SURFACE_WITH_KNOTS ( ( 4, 4 ),
 ( 4, 4 ),
 ( 0.0000000000000000000, 1.000000000000000000 ),
 ( 0.0000000000000000000, 1.000000000000000000 ),
 .UNSPECIFIED. ) 
 GEOMETRIC_REPRESENTATION_ITEM ( )  RATIONAL_B_SPLINE_SURFACE ( (
 ( 1.000000000000000000, 0.3333333333333332000, 0.3333333333333332000, 1.000000000000000000),
 ( 0.8047378541243649400, 0.2682459513747881800, 0.2682459513747881800, 0.8047378541243649400),
 ( 0.8047378541243649400, 0.2682459513747881800, 0.2682459513747881800, 0.8047378541243649400),
 ( 1.000000000000000000, 0.3333333333333332000, 0.3333333333333332000, 1.000000000000000000) ) ) 
 REPRESENTATION_ITEM ( '' )  SURFACE ( )  );
#7999 = SURFACE_STYLE_USAGE ( .BOTH. , #1834 ) ;
#8000 = SURFACE_STYLE_FILL_AREA ( #3672 ) ;
#8001 = VERTEX_POINT ( 'NONE', #7940 ) ;
#8002 =( LENGTH_UNIT ( ) NAMED_UNIT ( * ) SI_UNIT ( .MILLI., .METRE. ) );
#8003 = VERTEX_POINT ( 'NONE', #2709 ) ;
#8004 =( NAMED_UNIT ( * ) SI_UNIT ( $, .STERADIAN. ) SOLID_ANGLE_UNIT ( ) );
#8005 = DIRECTION ( 'NONE',  ( 0.0000000000000000000, 1.000000000000000000, -0.0000000000000000000 ) ) ;
#8006 = CARTESIAN_POINT ( 'NONE',  ( -15.19999999999981500, -13.00000000000072300, 27.69999999999999900 ) ) ;
#8007 = FILL_AREA_STYLE ('',( #9253 ) ) ;
#8008 = VECTOR ( 'NONE', #9676, 1000.000000000000000 ) ;
#8009 = AXIS2_PLACEMENT_3D ( 'NONE', #10694, #5456, #100 ) ;
#8010 =( GEOMETRIC_REPRESENTATION_CONTEXT ( 3 ) GLOBAL_UNCERTAINTY_ASSIGNED_CONTEXT ( ( #10032 ) ) GLOBAL_UNIT_ASSIGNED_CONTEXT ( ( #7421, #2131, #8305 ) ) REPRESENTATION_CONTEXT ( 'NONE', 'WORKASPACE' ) );
#8011 = PRESENTATION_STYLE_ASSIGNMENT (( #6743 ) ) ;
#8012 = ORIENTED_EDGE ( 'NONE', *, *, #1719, .F. ) ;
#8013 =( GEOMETRIC_REPRESENTATION_CONTEXT ( 3 ) GLOBAL_UNCERTAINTY_ASSIGNED_CONTEXT ( ( #437 ) ) GLOBAL_UNIT_ASSIGNED_CONTEXT ( ( #7808, #2553, #8702 ) ) REPRESENTATION_CONTEXT ( 'NONE', 'WORKASPACE' ) );
#8014 = DIRECTION ( 'NONE',  ( 1.000000000000000000, 0.0000000000000000000, -0.0000000000000000000 ) ) ;
#8015 = AXIS2_PLACEMENT_3D ( 'NONE', #4432, #4404, #4219 ) ;
#8016 = ADVANCED_FACE ( 'NONE', ( #6411 ), #546, .T. ) ;
#8017 =( NAMED_UNIT ( * ) PLANE_ANGLE_UNIT ( ) SI_UNIT ( $, .RADIAN. ) );
#8018 = FACE_OUTER_BOUND ( 'NONE', #10494, .T. ) ;
#8019 = FILL_AREA_STYLE_COLOUR ( '', #8995 ) ;
#8020 = COLOUR_RGB ( '',1.000000000000000000, 1.000000000000000000, 1.000000000000000000 ) ;
#8021 = ORIENTED_EDGE ( 'NONE', *, *, #1226, .T. ) ;
#8022 = SURFACE_STYLE_FILL_AREA ( #3109 ) ;
#8023 = EDGE_CURVE ( 'NONE', #9206, #5013, #10173, .T. ) ;
#8024 =( GEOMETRIC_REPRESENTATION_CONTEXT ( 3 ) GLOBAL_UNCERTAINTY_ASSIGNED_CONTEXT ( ( #8541 ) ) GLOBAL_UNIT_ASSIGNED_CONTEXT ( ( #1377, #7573, #2290 ) ) REPRESENTATION_CONTEXT ( 'NONE', 'WORKASPACE' ) );
#8025 = DIRECTION ( 'NONE',  ( -0.0000000000000000000, -0.0000000000000000000, -1.000000000000000000 ) ) ;
#8026 = CARTESIAN_POINT ( 'NONE',  ( -12.99999999999927200, -13.00000000000072300, 27.69999999999999900 ) ) ;
#8027 = CARTESIAN_POINT ( 'NONE',  ( -3.270949344994284100, 2.303405056207088000, -1.999999999999999600 ) ) ;
#8028 = CARTESIAN_POINT ( 'NONE',  ( -11.86457000668058900, -13.54102959263322200, 27.70000000000000300 ) ) ;
#8029 =( NAMED_UNIT ( * ) PLANE_ANGLE_UNIT ( ) SI_UNIT ( $, .RADIAN. ) );
#8030 = VECTOR ( 'NONE', #4726, 1000.000000000000000 ) ;
#8031 =( NAMED_UNIT ( * ) PLANE_ANGLE_UNIT ( ) SI_UNIT ( $, .RADIAN. ) );
#8032 = PRESENTATION_STYLE_ASSIGNMENT (( #1527 ) ) ;
#8033 = LINE ( 'NONE', #613, #10077 ) ;
#8034 = COLOUR_RGB ( '',1.000000000000000000, 1.000000000000000000, 1.000000000000000000 ) ;
#8035 = PRESENTATION_STYLE_ASSIGNMENT (( #1391 ) ) ;
#8036 = VERTEX_POINT ( 'NONE', #3612 ) ;
#8037 = DIRECTION ( 'NONE',  ( -1.000000000000000000, 0.0000000000000000000, 0.0000000000000000000 ) ) ;
#8038 = PLANE ( 'NONE',  #8451 ) ;
#8039 = PLANE ( 'NONE',  #3387 ) ;
#8040 = EDGE_CURVE ( 'NONE', #5628, #1048, #2994, .T. ) ;
#8041 = CARTESIAN_POINT ( 'NONE',  ( 15.79861620407433300, -7.402767591852771100, 27.99289321881345000 ) ) ;
#8042 = VECTOR ( 'NONE', #10531, 1000.000000000000000 ) ;
#8043 =( NAMED_UNIT ( * ) SI_UNIT ( $, .STERADIAN. ) SOLID_ANGLE_UNIT ( ) );
#8044 = COLOUR_RGB ( '',0.2509803921568627400, 0.2509803921568627400, 0.2509803921568627400 ) ;
#8045 = CARTESIAN_POINT ( 'NONE',  ( -2.942258040288247200, -15.60000000000000100, 22.28764494107381100 ) ) ;
#8046 = DIRECTION ( 'NONE',  ( 0.0000000000000000000, 0.0000000000000000000, 1.000000000000000000 ) ) ;
#8047 = ORIENTED_EDGE ( 'NONE', *, *, #7601, .T. ) ;
#8048 = CARTESIAN_POINT ( 'NONE',  ( 12.41131721597000100, 14.37408074114600400, 26.70000000000000300 ) ) ;
#8049 = DIRECTION ( 'NONE',  ( -1.000000000000000000, 0.0000000000000000000, 0.0000000000000000000 ) ) ;
#8050 = CARTESIAN_POINT ( 'NONE',  ( -11.62591925885394800, 13.58868278403004700, 26.70000000000000300 ) ) ;
#8051 = VERTEX_POINT ( 'NONE', #5228 ) ;
#8052 = ORIENTED_EDGE ( 'NONE', *, *, #7313, .F. ) ;
#8053 = EDGE_CURVE ( 'NONE', #3037, #11099, #7385, .T. ) ;
#8054 = CARTESIAN_POINT ( 'NONE',  ( 17.60000000000000500, 17.60000000000000100, 20.19999999999999900 ) ) ;
#8055 = CARTESIAN_POINT ( 'NONE',  ( 11.62591925885386100, -12.41131721597003000, 26.70000000000000300 ) ) ;
#8056 = LINE ( 'NONE', #1325, #5715 ) ;
#8057 = CARTESIAN_POINT ( 'NONE',  ( -17.39289321881344500, 13.59999999999999800, 4.516154061397947200E-016 ) ) ;
#8058 = VERTEX_POINT ( 'NONE', #10484 ) ;
#8059 = SURFACE_STYLE_USAGE ( .BOTH. , #1896 ) ;
#8060 = UNCERTAINTY_MEASURE_WITH_UNIT (LENGTH_MEASURE( 1.000000000000000100E-005 ), #8777, 'distance_accuracy_value', 'NONE');
#8061 = SURFACE_STYLE_USAGE ( .BOTH. , #1900 ) ;
#8062 = CARTESIAN_POINT ( 'NONE',  ( -13.58868278403019400, -14.26673093167309700, 27.68598713120344000 ) ) ;
#8063 = STYLED_ITEM ( 'NONE', ( #9055 ), #5355 ) ;
#8064 = CARTESIAN_POINT ( 'NONE',  ( -16.29861620407360700, -13.00000000000072300, 28.19999999999999600 ) ) ;
#8065 = PRESENTATION_LAYER_ASSIGNMENT (  '', '', ( #6872 ) ) ;
#8066 = DIRECTION ( 'NONE',  ( 0.0000000000000000000, 0.0000000000000000000, -1.000000000000000000 ) ) ;
#8067 = SURFACE_STYLE_FILL_AREA ( #9789 ) ;
#8068 = CARTESIAN_POINT ( 'NONE',  ( 11.62591925885385200, -13.58868278403012500, 26.70000000000000300 ) ) ;
#8069 = CARTESIAN_POINT ( 'NONE',  ( 13.58868278403009600, 11.73326906832705100, 27.68598713120333700 ) ) ;
#8070 = CARTESIAN_POINT ( 'NONE',  ( 13.60000000000000500, 17.60000000000000100, 8.000000000000000000 ) ) ;
#8071 = PRESENTATION_LAYER_ASSIGNMENT (  '', '', ( #5713 ) ) ;
#8072 = CARTESIAN_POINT ( 'NONE',  ( -11.00000000000000400, -21.99999999999999600, -0.5000000000000001100 ) ) ;
#8073 = CARTESIAN_POINT ( 'NONE',  ( -15.65025253169416400, 17.09999999999999800, 4.336808689942017700E-016 ) ) ;
#8074 = EDGE_CURVE ( 'NONE', #3334, #9191, #7635, .T. ) ;
#8075 = ADVANCED_FACE ( 'NONE', ( #9403 ), #1714, .T. ) ;
#8076 = DIRECTION ( 'NONE',  ( 1.000000000000000000, 0.0000000000000000000, -0.0000000000000000000 ) ) ;
#8077 = PRESENTATION_STYLE_ASSIGNMENT (( #9274 ) ) ;
#8078 =( NAMED_UNIT ( * ) SI_UNIT ( $, .STERADIAN. ) SOLID_ANGLE_UNIT ( ) );
#8079 = VERTEX_POINT ( 'NONE', #11303 ) ;
#8080 = B_SPLINE_CURVE_WITH_KNOTS ( 'NONE', 3,
 ( #11207, #4140, #2514, #8666 ),
 .UNSPECIFIED., .F., .F.,
 ( 4, 4 ),
 ( 0.0000000000000000000, 0.0001923396241086064300 ),
 .UNSPECIFIED. ) ;
#8081 = CYLINDRICAL_SURFACE ( 'NONE', #6940, 2.799999999999999800 ) ;
#8082 =( NAMED_UNIT ( * ) SI_UNIT ( $, .STERADIAN. ) SOLID_ANGLE_UNIT ( ) );
#8083 = DIRECTION ( 'NONE',  ( 1.000000000000000000, 0.0000000000000000000, -0.0000000000000000000 ) ) ;
#8084 = AXIS2_PLACEMENT_3D ( 'NONE', #1011, #7223, #1942 ) ;
#8085 = FILL_AREA_STYLE_COLOUR ( '', #11007 ) ;
#8086 = DIRECTION ( 'NONE',  ( -0.0000000000000000000, -0.0000000000000000000, -1.000000000000000000 ) ) ;
#8087 = CARTESIAN_POINT ( 'NONE',  ( -12.45897040736665300, 14.19935388018290300, 27.69507424152990900 ) ) ;
#8088 = EDGE_CURVE ( 'NONE', #9056, #595, #4203, .T. ) ;
#8089 = DIRECTION ( 'NONE',  ( 0.0000000000000000000, 0.0000000000000000000, 1.000000000000000000 ) ) ;
#8090 = ORIENTED_EDGE ( 'NONE', *, *, #11360, .T. ) ;
#8091 = COLOUR_RGB ( '',1.000000000000000000, 1.000000000000000000, 1.000000000000000000 ) ;
#8092 = ORIENTED_EDGE ( 'NONE', *, *, #3043, .T. ) ;
#8093 = CARTESIAN_POINT ( 'NONE',  ( 10.79999999999999500, 12.99999999999999600, 27.69999999999999900 ) ) ;
#8094 = AXIS2_PLACEMENT_3D ( 'NONE', #1940, #8096, #2856 ) ;
#8095 = ORIENTED_EDGE ( 'NONE', *, *, #9695, .F. ) ;
#8096 = DIRECTION ( 'NONE',  ( -0.0000000000000000000, -0.0000000000000000000, -1.000000000000000000 ) ) ;
#8097 = CIRCLE ( 'NONE', #7605, 3.500000000000000000 ) ;
#8098 = CARTESIAN_POINT ( 'NONE',  ( -13.58868278403019800, -14.37408074114591000, 27.65553645166702500 ) ) ;
#8099 = VERTEX_POINT ( 'NONE', #2685 ) ;
#8100 = LINE ( 'NONE', #1622, #5756 ) ;
#8101 = PLANE ( 'NONE',  #7277 ) ;
#8102 = FILL_AREA_STYLE_COLOUR ( '', #703 ) ;
#8103 = CARTESIAN_POINT ( 'NONE',  ( 14.26285049231142400, 13.54102959263329500, 26.70000000000000300 ) ) ;
#8104 = ADVANCED_FACE ( 'NONE', ( #10916, #8597, #1850, #6272, #3945, #1544, #10644 ), #3550, .F. ) ;
#8105 = PRESENTATION_LAYER_ASSIGNMENT (  '', '', ( #7527 ) ) ;
#8106 = EDGE_LOOP ( 'NONE', ( #9757, #2083 ) ) ;
#8107 = CARTESIAN_POINT ( 'NONE',  ( -13.59999999999999600, 17.09999999999999800, 4.336808689942017700E-016 ) ) ;
#8108 = DIRECTION ( 'NONE',  ( 0.0000000000000000000, 0.0000000000000000000, 1.000000000000000000 ) ) ;
#8109 = DIRECTION ( 'NONE',  ( -1.000000000000000000, -9.856383386231857600E-017, 0.0000000000000000000 ) ) ;
#8110 = ADVANCED_FACE ( 'NONE', ( #9833 ), #3499, .T. ) ;
#8111 = ORIENTED_EDGE ( 'NONE', *, *, #4002, .T. ) ;
#8112 = FACE_OUTER_BOUND ( 'NONE', #2278, .T. ) ;
#8113 = COLOUR_RGB ( '',1.000000000000000000, 1.000000000000000000, 1.000000000000000000 ) ;
#8114 = EDGE_CURVE ( 'NONE', #7551, #10277, #1986, .T. ) ;
#8115 = PRODUCT_DEFINITION ( 'Î´Öª', '', #8698, #6183 ) ;
#8116 = ORIENTED_EDGE ( 'NONE', *, *, #288, .F. ) ;
#8117 = COLOUR_RGB ( '',1.000000000000000000, 1.000000000000000000, 1.000000000000000000 ) ;
#8118 = CARTESIAN_POINT ( 'NONE',  ( 11.49999999999999500, -23.00000000000000000, 0.0000000000000000000 ) ) ;
#8119 = FILL_AREA_STYLE ('',( #3700 ) ) ;
#8120 = SURFACE_STYLE_FILL_AREA ( #3494 ) ;
#8121 = DIRECTION ( 'NONE',  ( -6.247119924414881800E-015, -1.000000000000000000, 0.0000000000000000000 ) ) ;
#8122 = ORIENTED_EDGE ( 'NONE', *, *, #2124, .F. ) ;
#8123 = CARTESIAN_POINT ( 'NONE',  ( 12.99999999999999600, -13.00000000000000500, 0.0000000000000000000 ) ) ;
#8124 = AXIS2_PLACEMENT_3D ( 'NONE', #9425, #4187, #10312 ) ;
#8125 =( BOUNDED_CURVE ( )  B_SPLINE_CURVE ( 3, ( #1454, #1567, #1407, #1378 ),
 .UNSPECIFIED., .F., .T. ) 
 B_SPLINE_CURVE_WITH_KNOTS ( ( 4, 4 ),
 ( 0.0000000000000000000, 1.000000000000000000 ),
 .UNSPECIFIED. ) 
 CURVE ( )  GEOMETRIC_REPRESENTATION_ITEM ( )  RATIONAL_B_SPLINE_CURVE ( ( 1.000000000000000000, 0.8047378541243649400, 0.8047378541243649400, 1.000000000000000000 ) ) 
 REPRESENTATION_ITEM ( '' )  );
#8126 = EDGE_CURVE ( 'NONE', #9209, #10118, #4336, .T. ) ;
#8127 = FILL_AREA_STYLE ('',( #5 ) ) ;
#8128 = ORIENTED_EDGE ( 'NONE', *, *, #6491, .F. ) ;
#8129 = VECTOR ( 'NONE', #9453, 1000.000000000000000 ) ;
#8130 = DIRECTION ( 'NONE',  ( 0.0000000000000000000, 0.0000000000000000000, 1.000000000000000000 ) ) ;
#8131 = CARTESIAN_POINT ( 'NONE',  ( 0.0000000000000000000, 0.0000000000000000000, 0.0000000000000000000 ) ) ;
#8132 = DIRECTION ( 'NONE',  ( 0.0000000000000000000, 0.0000000000000000000, -1.000000000000000000 ) ) ;
#8133 = LINE ( 'NONE', #3552, #1054 ) ;
#8134 = B_SPLINE_CURVE_WITH_KNOTS ( 'NONE', 3,
 ( #8642, #8685, #4305, #10427, #5181, #11254, #6058, #732, #6947, #1654, #7830, #2575, #8720, #3452, #9587, #6082, #7583, #2298, #8474, #3215, #9328, #4099, #10217, #4969, #11066, #5836, #507, #6721, #1423, #7616, #2348, #8509, #3249, #9373, #4129, #10248, #5012, #11101, #5870, #548, #6760, #1463, #7804, #2549, #8700, #3427, #9562, #4323, #10445, #5196, #11269, #6080, #751, #6961, #1674, #7852 ),
 .UNSPECIFIED., .F., .F.,
 ( 4, 1, 1, 1, 2, 2, 1, 2, 2, 2, 1, 2, 2, 1, 1, 2, 2, 2, 1, 1, 1, 2, 2, 1, 2, 2, 2, 1, 2, 2, 1, 1, 2, 2, 4 ),
 ( 0.0000000000000000000, 0.06249999999999997200, 0.09374999999999998600, 0.1093750000000000000, 0.1171875000000000000, 0.1250000000000000000, 0.1562499999999999400, 0.1718749999999998900, 0.1874999999999998600, 0.2499999999999997200, 0.2812499999999997200, 0.2968749999999997200, 0.3124999999999997200, 0.3437499999999995600, 0.3593749999999995600, 0.3671874999999995600, 0.3749999999999995600, 0.4999999999999995600, 0.5624999999999995600, 0.5937499999999995600, 0.6093749999999995600, 0.6171874999999995600, 0.6249999999999995600, 0.6562499999999994400, 0.6718749999999994400, 0.6874999999999994400, 0.7499999999999992200, 0.7812499999999991100, 0.7968749999999991100, 0.8124999999999991100, 0.8437499999999992200, 0.8593749999999993300, 0.8671874999999993300, 0.8749999999999993300, 1.000000000000000000 ),
 .UNSPECIFIED. ) ;
#8135 = EDGE_LOOP ( 'NONE', ( #1619, #10941, #1687, #3108 ) ) ;
#8136 = CARTESIAN_POINT ( 'NONE',  ( -17.59999999999999800, 17.59999999999999800, 6.000000000000000000 ) ) ;
#8137 =( GEOMETRIC_REPRESENTATION_CONTEXT ( 3 ) GLOBAL_UNCERTAINTY_ASSIGNED_CONTEXT ( ( #4553 ) ) GLOBAL_UNIT_ASSIGNED_CONTEXT ( ( #2368, #8529, #3267 ) ) REPRESENTATION_CONTEXT ( 'NONE', 'WORKASPACE' ) );
#8138 =( BOUNDED_SURFACE ( )  B_SPLINE_SURFACE ( 3, 3, ( 
 ( #10057, #9398, #4159, #10278 ),
 ( #5044, #11126, #5904, #579 ),
 ( #6800, #1497, #7681, #2414 ),
 ( #8581, #3313, #9434, #4195 ) ),
 .UNSPECIFIED., .F., .F., .F. ) 
 B_SPLINE_SURFACE_WITH_KNOTS ( ( 4, 4 ),
 ( 4, 4 ),
 ( 0.0000000000000000000, 1.000000000000000000 ),
 ( 0.0000000000000000000, 1.000000000000000000 ),
 .UNSPECIFIED. ) 
 GEOMETRIC_REPRESENTATION_ITEM ( )  RATIONAL_B_SPLINE_SURFACE ( (
 ( 1.000000000000000000, 0.3333333333333334300, 0.3333333333333334300, 1.000000000000000000),
 ( 0.8047378541243649400, 0.2682459513747884100, 0.2682459513747884100, 0.8047378541243649400),
 ( 0.8047378541243649400, 0.2682459513747884100, 0.2682459513747884100, 0.8047378541243649400),
 ( 1.000000000000000000, 0.3333333333333334300, 0.3333333333333334300, 1.000000000000000000) ) ) 
 REPRESENTATION_ITEM ( '' )  SURFACE ( )  );
#8139 = ORIENTED_EDGE ( 'NONE', *, *, #8823, .T. ) ;
#8140 = LINE ( 'NONE', #4496, #3446 ) ;
#8141 = MECHANICAL_DESIGN_GEOMETRIC_PRESENTATION_REPRESENTATION (  '', ( #6371 ), #8718 ) ;
#8142 = ADVANCED_FACE ( 'NONE', ( #6404 ), #3708, .T. ) ;
#8143 = SURFACE_STYLE_USAGE ( .BOTH. , #1977 ) ;
#8144 = CARTESIAN_POINT ( 'NONE',  ( 0.0000000000000000000, -17.69999999999999900, 23.18764494107381000 ) ) ;
#8145 = ORIENTED_EDGE ( 'NONE', *, *, #2641, .F. ) ;
#8146 = ORIENTED_EDGE ( 'NONE', *, *, #4079, .T. ) ;
#8147 = ORIENTED_EDGE ( 'NONE', *, *, #1588, .T. ) ;
#8148 =( GEOMETRIC_REPRESENTATION_CONTEXT ( 3 ) GLOBAL_UNCERTAINTY_ASSIGNED_CONTEXT ( ( #10519 ) ) GLOBAL_UNIT_ASSIGNED_CONTEXT ( ( #2371, #8534, #3271 ) ) REPRESENTATION_CONTEXT ( 'NONE', 'WORKASPACE' ) );
#8149 = CARTESIAN_POINT ( 'NONE',  ( -16.00572298526016000, -6.988554029478951400, 28.19999999999999600 ) ) ;
#8150 = DIRECTION ( 'NONE',  ( 1.000000000000000000, 0.0000000000000000000, -0.0000000000000000000 ) ) ;
#8151 = VECTOR ( 'NONE', #10002, 1000.000000000000000 ) ;
#8152 = UNCERTAINTY_MEASURE_WITH_UNIT (LENGTH_MEASURE( 1.000000000000000100E-005 ), #6931, 'distance_accuracy_value', 'NONE');
#8153 = PRESENTATION_STYLE_ASSIGNMENT (( #5212 ) ) ;
#8154 = CARTESIAN_POINT ( 'NONE',  ( -13.59999999999999800, 17.59999999999999800, 0.2071067811865479300 ) ) ;
#8155 = DIRECTION ( 'NONE',  ( 0.0000000000000000000, 0.0000000000000000000, 1.000000000000000000 ) ) ;
#8156 = STYLED_ITEM ( 'NONE', ( #3523 ), #6485 ) ;
#8157 = DIRECTION ( 'NONE',  ( 1.000000000000000000, -6.247119924414881800E-015, 0.0000000000000000000 ) ) ;
#8158 = DIRECTION ( 'NONE',  ( -0.0000000000000000000, -0.0000000000000000000, -1.000000000000000000 ) ) ;
#8159 = DIRECTION ( 'NONE',  ( 0.0000000000000000000, 0.0000000000000000000, -1.000000000000000000 ) ) ;
#8160 = COLOUR_RGB ( '',1.000000000000000000, 1.000000000000000000, 1.000000000000000000 ) ;
#8161 = FILL_AREA_STYLE_COLOUR ( '', #1941 ) ;
#8162 = CARTESIAN_POINT ( 'NONE',  ( 0.0000000000000000000, 17.09999999999999800, 28.19999999999999900 ) ) ;
#8163 = EDGE_CURVE ( 'NONE', #9221, #1483, #7900, .T. ) ;
#8164 = CYLINDRICAL_SURFACE ( 'NONE', #3338, 1.249999999999999300 ) ;
#8165 = LINE ( 'NONE', #334, #2956 ) ;
#8166 = ORIENTED_EDGE ( 'NONE', *, *, #8903, .T. ) ;
#8167 = COLOUR_RGB ( '',1.000000000000000000, 1.000000000000000000, 1.000000000000000000 ) ;
#8168 = DIRECTION ( 'NONE',  ( -0.8571673007013629300, 0.0000000000000000000, -0.5150380749113013800 ) ) ;
#8169 = CARTESIAN_POINT ( 'NONE',  ( -16.29861620407457700, 19.59723240814842900, 28.19999999999999900 ) ) ;
#8170 = CARTESIAN_POINT ( 'NONE',  ( -12.41131721597008100, -12.45897040736652200, 26.70000000000000300 ) ) ;
#8171 = CARTESIAN_POINT ( 'NONE',  ( -2.500000000000000000, 3.061616997868383100E-016, 25.19999999999999900 ) ) ;
#8172 = EDGE_CURVE ( 'NONE', #6574, #10601, #4830, .T. ) ;
#8173 = PRESENTATION_LAYER_ASSIGNMENT (  '', '', ( #6401 ) ) ;
#8174 = ADVANCED_FACE ( 'NONE', ( #5579 ), #10750, .F. ) ;
#8175 = AXIS2_PLACEMENT_3D ( 'NONE', #1767, #7930, #2696 ) ;
#8176 = LINE ( 'NONE', #8402, #1375 ) ;
#8177 = ADVANCED_FACE ( 'NONE', ( #2386 ), #1071, .F. ) ;
#8178 = PRESENTATION_STYLE_ASSIGNMENT (( #2638 ) ) ;
#8179 = ORIENTED_EDGE ( 'NONE', *, *, #4576, .T. ) ;
#8180 = SURFACE_STYLE_USAGE ( .BOTH. , #2016 ) ;
#8181 = PRESENTATION_STYLE_ASSIGNMENT (( #1164 ) ) ;
#8182 = PRESENTATION_STYLE_ASSIGNMENT (( #5484 ) ) ;
#8183 = VERTEX_POINT ( 'NONE', #9074 ) ;
#8184 = EDGE_CURVE ( 'NONE', #8051, #7309, #10631, .T. ) ;
#8185 = FACE_OUTER_BOUND ( 'NONE', #6930, .T. ) ;
#8186 =( GEOMETRIC_REPRESENTATION_CONTEXT ( 3 ) GLOBAL_UNCERTAINTY_ASSIGNED_CONTEXT ( ( #7910 ) ) GLOBAL_UNIT_ASSIGNED_CONTEXT ( ( #2728, #8850, #3597 ) ) REPRESENTATION_CONTEXT ( 'NONE', 'WORKASPACE' ) );
#8187 = CARTESIAN_POINT ( 'NONE',  ( -13.58868278403019600, -14.04568282944132600, 27.70000000000000300 ) ) ;
#8188 = ORIENTED_EDGE ( 'NONE', *, *, #8204, .T. ) ;
#8189 = DIRECTION ( 'NONE',  ( 0.0000000000000000000, 0.0000000000000000000, 1.000000000000000000 ) ) ;
#8190 = FILL_AREA_STYLE_COLOUR ( '', #8844 ) ;
#8191 = SURFACE_STYLE_FILL_AREA ( #8119 ) ;
#8192 = PRESENTATION_STYLE_ASSIGNMENT (( #5059 ) ) ;
#8193 = EDGE_LOOP ( 'NONE', ( #2177, #6520, #659, #693, #11171, #7081, #9480, #4602 ) ) ;
#8194 = CARTESIAN_POINT ( 'NONE',  ( -13.59999999999999800, -17.60000000000000100, 27.99289321881345000 ) ) ;
#8195 = CARTESIAN_POINT ( 'NONE',  ( 3.707106781186547900, 4.539896453677553900E-016, 28.19999999999999900 ) ) ;
#8196 = DIRECTION ( 'NONE',  ( 1.000000000000000000, 0.0000000000000000000, 0.0000000000000000000 ) ) ;
#8197 = UNCERTAINTY_MEASURE_WITH_UNIT (LENGTH_MEASURE( 1.000000000000000100E-005 ), #5146, 'distance_accuracy_value', 'NONE');
#8198 = AXIS2_PLACEMENT_3D ( 'NONE', #8273, #8196, #8159 ) ;
#8199 = ORIENTED_EDGE ( 'NONE', *, *, #10120, .T. ) ;
#8200 =( GEOMETRIC_REPRESENTATION_CONTEXT ( 3 ) GLOBAL_UNCERTAINTY_ASSIGNED_CONTEXT ( ( #867 ) ) GLOBAL_UNIT_ASSIGNED_CONTEXT ( ( #4567, #10690, #5450 ) ) REPRESENTATION_CONTEXT ( 'NONE', 'WORKASPACE' ) );
#8201 = ADVANCED_FACE ( 'NONE', ( #5963 ), #1781, .T. ) ;
#8202 = ORIENTED_EDGE ( 'NONE', *, *, #6565, .T. ) ;
#8203 =( NAMED_UNIT ( * ) PLANE_ANGLE_UNIT ( ) SI_UNIT ( $, .RADIAN. ) );
#8204 = EDGE_CURVE ( 'NONE', #7577, #9976, #388, .T. ) ;
#8205 = UNCERTAINTY_MEASURE_WITH_UNIT (LENGTH_MEASURE( 1.000000000000000100E-005 ), #2814, 'distance_accuracy_value', 'NONE');
#8206 = DIRECTION ( 'NONE',  ( 0.0000000000000000000, 0.0000000000000000000, 1.000000000000000000 ) ) ;
#8207 = CARTESIAN_POINT ( 'NONE',  ( -10.20138379592542000, 18.59723240814843200, 27.69999999999999600 ) ) ;
#8208 = CARTESIAN_POINT ( 'NONE',  ( -12.45897040736665300, 11.86457000668064400, 27.70000000000000300 ) ) ;
#8209 = PLANE ( 'NONE',  #5679 ) ;
#8210 = AXIS2_PLACEMENT_3D ( 'NONE', #3424, #2545, #10487 ) ;
#8211 = PRESENTATION_LAYER_ASSIGNMENT (  '', '', ( #7613 ) ) ;
#8212 = LINE ( 'NONE', #5060, #5846 ) ;
#8213 = DIRECTION ( 'NONE',  ( 1.000000000000000000, 0.0000000000000000000, 0.0000000000000000000 ) ) ;
#8214 = ORIENTED_EDGE ( 'NONE', *, *, #425, .T. ) ;
#8215 = DIRECTION ( 'NONE',  ( -8.015843770825029200E-015, -1.000000000000000000, 0.0000000000000000000 ) ) ;
#8216 = CARTESIAN_POINT ( 'NONE',  ( -3.100000000000000500, -15.60000000000000100, 26.29999999999999700 ) ) ;
#8217 = MECHANICAL_DESIGN_GEOMETRIC_PRESENTATION_REPRESENTATION (  '', ( #7039 ), #8806 ) ;
#8218 =( LENGTH_UNIT ( ) NAMED_UNIT ( * ) SI_UNIT ( .MILLI., .METRE. ) );
#8219 = ADVANCED_FACE ( 'NONE', ( #9524, #7222, #2836, #4867, #2527, #110 ), #2178, .F. ) ;
#8220 = COLOUR_RGB ( '',1.000000000000000000, 1.000000000000000000, 1.000000000000000000 ) ;
#8221 = ORIENTED_EDGE ( 'NONE', *, *, #7024, .F. ) ;
#8222 = CARTESIAN_POINT ( 'NONE',  ( -11.79999999999921400, 15.40000000000084100, 27.69999999999999600 ) ) ;
#8223 = ADVANCED_FACE ( 'NONE', ( #10767 ), #8842, .F. ) ;
#8224 = VECTOR ( 'NONE', #2604, 1000.000000000000000 ) ;
#8225 = EDGE_LOOP ( 'NONE', ( #10893, #1040, #5533, #456 ) ) ;
#8226 = CARTESIAN_POINT ( 'NONE',  ( -13.54102959263334700, 14.26285049231137400, 27.68476953867929400 ) ) ;
#8227 =( GEOMETRIC_REPRESENTATION_CONTEXT ( 3 ) GLOBAL_UNCERTAINTY_ASSIGNED_CONTEXT ( ( #1522 ) ) GLOBAL_UNIT_ASSIGNED_CONTEXT ( ( #9590, #4348, #10473 ) ) REPRESENTATION_CONTEXT ( 'NONE', 'WORKASPACE' ) );
#8228 = CARTESIAN_POINT ( 'NONE',  ( 17.60000000000000500, -13.60000000000000100, 27.69999999999999900 ) ) ;
#8229 =( LENGTH_UNIT ( ) NAMED_UNIT ( * ) SI_UNIT ( .MILLI., .METRE. ) );
#8230 = COLOUR_RGB ( '',1.000000000000000000, 1.000000000000000000, 1.000000000000000000 ) ;
#8231 = PRESENTATION_LAYER_ASSIGNMENT (  '', '', ( #8817 ) ) ;
#8232 = DIRECTION ( 'NONE',  ( -1.000000000000000000, 0.0000000000000000000, 0.0000000000000000000 ) ) ;
#8233 = SURFACE_STYLE_FILL_AREA ( #7260 ) ;
#8234 = DIRECTION ( 'NONE',  ( 1.000000000000000000, 0.0000000000000000000, -0.0000000000000000000 ) ) ;
#8235 = ORIENTED_EDGE ( 'NONE', *, *, #8114, .F. ) ;
#8236 =( NAMED_UNIT ( * ) SI_UNIT ( $, .STERADIAN. ) SOLID_ANGLE_UNIT ( ) );
#8237 = CARTESIAN_POINT ( 'NONE',  ( 11.45062910550454800, 17.60000000000000100, 22.19999999999999600 ) ) ;
#8238 =( GEOMETRIC_REPRESENTATION_CONTEXT ( 3 ) GLOBAL_UNCERTAINTY_ASSIGNED_CONTEXT ( ( #4138 ) ) GLOBAL_UNIT_ASSIGNED_CONTEXT ( ( #2352, #8514, #3257 ) ) REPRESENTATION_CONTEXT ( 'NONE', 'WORKASPACE' ) );
#8239 = DIRECTION ( 'NONE',  ( -1.122218127915504000E-014, -1.000000000000000000, 0.0000000000000000000 ) ) ;
#8240 = CARTESIAN_POINT ( 'NONE',  ( -17.60528299132912600, -11.44788237165360200, 22.19999999999999600 ) ) ;
#8241 = LINE ( 'NONE', #10598, #7950 ) ;
#8242 = EDGE_LOOP ( 'NONE', ( #3861, #2119 ) ) ;
#8243 = EDGE_CURVE ( 'NONE', #7867, #10118, #2972, .T. ) ;
#8244 = ORIENTED_EDGE ( 'NONE', *, *, #5078, .F. ) ;
#8245 = EDGE_LOOP ( 'NONE', ( #5740, #7989, #2655, #8884 ) ) ;
#8246 = COLOUR_RGB ( '',1.000000000000000000, 1.000000000000000000, 1.000000000000000000 ) ;
#8247 = ORIENTED_EDGE ( 'NONE', *, *, #2600, .F. ) ;
#8248 = SURFACE_STYLE_FILL_AREA ( #665 ) ;
#8249 = EDGE_CURVE ( 'NONE', #3860, #3876, #5274, .T. ) ;
#8250 = VERTEX_POINT ( 'NONE', #4958 ) ;
#8251 = MECHANICAL_DESIGN_GEOMETRIC_PRESENTATION_REPRESENTATION (  '', ( #7073 ), #8831 ) ;
#8252 = FILL_AREA_STYLE_COLOUR ( '', #1080 ) ;
#8253 = CARTESIAN_POINT ( 'NONE',  ( 11.62591925885385500, -13.39315100371622300, 27.67929840550028700 ) ) ;
#8254 = DIRECTION ( 'NONE',  ( 1.000000000000000000, 0.0000000000000000000, -0.0000000000000000000 ) ) ;
#8255 = ORIENTED_EDGE ( 'NONE', *, *, #5807, .F. ) ;
#8256 = VECTOR ( 'NONE', #9658, 1000.000000000000000 ) ;
#8257 =( NAMED_UNIT ( * ) SI_UNIT ( $, .STERADIAN. ) SOLID_ANGLE_UNIT ( ) );
#8258 = CARTESIAN_POINT ( 'NONE',  ( -15.19999999999981100, -13.00000000000072500, 26.70000000000000300 ) ) ;
#8259 = VECTOR ( 'NONE', #10938, 1000.000000000000000 ) ;
#8260 =( GEOMETRIC_REPRESENTATION_CONTEXT ( 3 ) GLOBAL_UNCERTAINTY_ASSIGNED_CONTEXT ( ( #9732 ) ) GLOBAL_UNIT_ASSIGNED_CONTEXT ( ( #10756, #10715, #2964 ) ) REPRESENTATION_CONTEXT ( 'NONE', 'WORKASPACE' ) );
#8261 =( NAMED_UNIT ( * ) PLANE_ANGLE_UNIT ( ) SI_UNIT ( $, .RADIAN. ) );
#8262 = STYLED_ITEM ( 'NONE', ( #10056 ), #2478 ) ;
#8263 = ORIENTED_EDGE ( 'NONE', *, *, #5997, .F. ) ;
#8264 = CARTESIAN_POINT ( 'NONE',  ( -15.20000000000079000, 17.40000000000084400, 26.70000000000000300 ) ) ;
#8265 = B_SPLINE_CURVE_WITH_KNOTS ( 'NONE', 3,
 ( #7607, #1414, #10243, #4999 ),
 .UNSPECIFIED., .F., .F.,
 ( 4, 4 ),
 ( 0.0000000000000000000, 0.0005411919004457474800 ),
 .UNSPECIFIED. ) ;
#8266 = EDGE_CURVE ( 'NONE', #10619, #2341, #9673, .T. ) ;
#8267 = FILL_AREA_STYLE ('',( #8375 ) ) ;
#8268 = ORIENTED_EDGE ( 'NONE', *, *, #2397, .F. ) ;
#8269 = LINE ( 'NONE', #10040, #3315 ) ;
#8270 = SURFACE_STYLE_FILL_AREA ( #10428 ) ;
#8271 = CARTESIAN_POINT ( 'NONE',  ( -14.26673093167308100, 13.58868278403004700, 27.68598713120339000 ) ) ;
#8272 =( NAMED_UNIT ( * ) SI_UNIT ( $, .STERADIAN. ) SOLID_ANGLE_UNIT ( ) );
#8273 = CARTESIAN_POINT ( 'NONE',  ( -13.59999999999999800, -17.10000000000000100, 0.5000000000000004400 ) ) ;
#8274 = DIRECTION ( 'NONE',  ( -0.0000000000000000000, -1.000000000000000000, 0.0000000000000000000 ) ) ;
#8275 = LINE ( 'NONE', #5992, #10302 ) ;
#8276 = UNCERTAINTY_MEASURE_WITH_UNIT (LENGTH_MEASURE( 1.000000000000000100E-005 ), #5113, 'distance_accuracy_value', 'NONE');
#8277 = PRESENTATION_STYLE_ASSIGNMENT (( #1924 ) ) ;
#8278 = CARTESIAN_POINT ( 'NONE',  ( 10.99999999999999600, 21.99999999999999600, -1.792893218813452800 ) ) ;
#8279 = STYLED_ITEM ( 'NONE', ( #10067 ), #4020 ) ;
#8280 = VERTEX_POINT ( 'NONE', #4086 ) ;
#8281 = EDGE_CURVE ( 'NONE', #6128, #3285, #5009, .T. ) ;
#8282 = CARTESIAN_POINT ( 'NONE',  ( 1.500000000002307700, 2.000000000000000000, -23.50000000000384400 ) ) ;
#8283 = VERTEX_POINT ( 'NONE', #6710 ) ;
#8284 =( NAMED_UNIT ( * ) PLANE_ANGLE_UNIT ( ) SI_UNIT ( $, .RADIAN. ) );
#8285 = DIRECTION ( 'NONE',  ( -1.000000000000000000, 0.0000000000000000000, -0.0000000000000000000 ) ) ;
#8286 = ORIENTED_EDGE ( 'NONE', *, *, #9995, .T. ) ;
#8287 = ADVANCED_FACE ( 'NONE', ( #2693 ), #7929, .T. ) ;
#8288 = SURFACE_STYLE_FILL_AREA ( #5737 ) ;
#8289 = ORIENTED_EDGE ( 'NONE', *, *, #10306, .F. ) ;
#8290 = LINE ( 'NONE', #949, #10600 ) ;
#8291 = ADVANCED_FACE ( 'NONE', ( #1819 ), #3093, .T. ) ;
#8292 = VERTEX_POINT ( 'NONE', #5983 ) ;
#8293 = EDGE_LOOP ( 'NONE', ( #10450, #11326, #6374, #3936 ) ) ;
#8294 = CIRCLE ( 'NONE', #7084, 0.9999999999999991100 ) ;
#8295 = STYLED_ITEM ( 'NONE', ( #10566 ), #5189 ) ;
#8296 = CARTESIAN_POINT ( 'NONE',  ( 13.54102959263324700, -14.26285049231146700, 26.70000000000000300 ) ) ;
#8297 = PRESENTATION_STYLE_ASSIGNMENT (( #6140 ) ) ;
#8298 =( NAMED_UNIT ( * ) SI_UNIT ( $, .STERADIAN. ) SOLID_ANGLE_UNIT ( ) );
#8299 =( BOUNDED_CURVE ( )  B_SPLINE_CURVE ( 3, ( #4399, #7062, #7931, #2699 ),
 .UNSPECIFIED., .F., .F. ) 
 B_SPLINE_CURVE_WITH_KNOTS ( ( 4, 4 ),
 ( 0.0000000000000000000, 1.000000000000000000 ),
 .UNSPECIFIED. ) 
 CURVE ( )  GEOMETRIC_REPRESENTATION_ITEM ( )  RATIONAL_B_SPLINE_CURVE ( ( 1.000000000000000000, 0.9711696904487381300, 0.9711696904487381300, 1.000000000000000000 ) ) 
 REPRESENTATION_ITEM ( '' )  );
#8300 = LINE ( 'NONE', #2997, #5932 ) ;
#8301 = FACE_OUTER_BOUND ( 'NONE', #8558, .T. ) ;
#8302 = ORIENTED_EDGE ( 'NONE', *, *, #8783, .F. ) ;
#8303 = CIRCLE ( 'NONE', #5617, 0.5000000000000004400 ) ;
#8304 = AXIS2_PLACEMENT_3D ( 'NONE', #420, #6647, #1348 ) ;
#8305 =( NAMED_UNIT ( * ) SI_UNIT ( $, .STERADIAN. ) SOLID_ANGLE_UNIT ( ) );
#8306 = CARTESIAN_POINT ( 'NONE',  ( 17.60528299132913300, 0.0000000000000000000, 22.19999999999999600 ) ) ;
#8307 = VECTOR ( 'NONE', #7358, 1000.000000000000100 ) ;
#8308 = PLANE ( 'NONE',  #6655 ) ;
#8309 = VERTEX_POINT ( 'NONE', #6862 ) ;
#8310 = VECTOR ( 'NONE', #6271, 1000.000000000000000 ) ;
#8311 = AXIS2_PLACEMENT_3D ( 'NONE', #8746, #3480, #9613 ) ;
#8312 = DIRECTION ( 'NONE',  ( -1.041186654069147000E-014, -1.000000000000000000, 0.0000000000000000000 ) ) ;
#8313 = DIRECTION ( 'NONE',  ( 0.0000000000000000000, -1.000000000000000000, 0.0000000000000000000 ) ) ;
#8314 = CARTESIAN_POINT ( 'NONE',  ( -11.62591925885394400, 13.19671022244901200, 27.68473138244006300 ) ) ;
#8315 = EDGE_CURVE ( 'NONE', #8854, #7460, #7744, .T. ) ;
#8316 = EDGE_CURVE ( 'NONE', #260, #438, #10072, .T. ) ;
#8317 = FILL_AREA_STYLE ('',( #7404 ) ) ;
#8318 = CARTESIAN_POINT ( 'NONE',  ( -3.707106781186547900, -9.079792907355105800E-016, -2.000000000000000000 ) ) ;
#8319 = LINE ( 'NONE', #10843, #8030 ) ;
#8320 = CARTESIAN_POINT ( 'NONE',  ( 15.79861620407379000, 7.402767591852406100, 27.69999999999999600 ) ) ;
#8321 = DIRECTION ( 'NONE',  ( 0.0000000000000000000, 0.0000000000000000000, -1.000000000000000000 ) ) ;
#8322 = DIRECTION ( 'NONE',  ( -1.029253376967093700E-014, -1.000000000000000000, 0.0000000000000000000 ) ) ;
#8323 = VERTEX_POINT ( 'NONE', #7755 ) ;
#8324 = SURFACE_STYLE_FILL_AREA ( #6500 ) ;
#8325 = VECTOR ( 'NONE', #4330, 1000.000000000000000 ) ;
#8326 = SURFACE_STYLE_FILL_AREA ( #4840 ) ;
#8327 = EDGE_LOOP ( 'NONE', ( #11276, #6020, #1312, #8147 ) ) ;
#8328 = ORIENTED_EDGE ( 'NONE', *, *, #4335, .F. ) ;
#8329 = EDGE_LOOP ( 'NONE', ( #5814, #5917, #9009, #1996, #6824 ) ) ;
#8330 = PLANE ( 'NONE',  #2971 ) ;
#8331 = PRESENTATION_LAYER_ASSIGNMENT (  '', '', ( #6548 ) ) ;
#8332 = COLOUR_RGB ( '',0.2509803921568627400, 0.2509803921568627400, 0.2509803921568627400 ) ;
#8333 = CARTESIAN_POINT ( 'NONE',  ( -12.41131721597009400, -13.54102959263321900, 26.70000000000000300 ) ) ;
#8334 = EDGE_CURVE ( 'NONE', #6456, #4763, #964, .T. ) ;
#8335 = DIRECTION ( 'NONE',  ( 0.0000000000000000000, 0.0000000000000000000, 1.000000000000000000 ) ) ;
#8336 = CYLINDRICAL_SURFACE ( 'NONE', #4392, 0.5000000000000004400 ) ;
#8337 =( NAMED_UNIT ( * ) SI_UNIT ( $, .STERADIAN. ) SOLID_ANGLE_UNIT ( ) );
#8338 = UNCERTAINTY_MEASURE_WITH_UNIT (LENGTH_MEASURE( 1.000000000000000100E-005 ), #1491, 'distance_accuracy_value', 'NONE');
#8339 =( LENGTH_UNIT ( ) NAMED_UNIT ( * ) SI_UNIT ( .MILLI., .METRE. ) );
#8340 = ORIENTED_EDGE ( 'NONE', *, *, #3132, .F. ) ;
#8341 =( NAMED_UNIT ( * ) SI_UNIT ( $, .STERADIAN. ) SOLID_ANGLE_UNIT ( ) );
#8342 = ADVANCED_FACE ( 'NONE', ( #9814 ), #11010, .T. ) ;
#8343 = EDGE_CURVE ( 'NONE', #10593, #10185, #8980, .T. ) ;
#8344 = UNCERTAINTY_MEASURE_WITH_UNIT (LENGTH_MEASURE( 1.000000000000000100E-005 ), #242, 'distance_accuracy_value', 'NONE');
#8345 =( GEOMETRIC_REPRESENTATION_CONTEXT ( 3 ) GLOBAL_UNCERTAINTY_ASSIGNED_CONTEXT ( ( #6313 ) ) GLOBAL_UNIT_ASSIGNED_CONTEXT ( ( #3540, #9681, #4425 ) ) REPRESENTATION_CONTEXT ( 'NONE', 'WORKASPACE' ) );
#8346 = DIRECTION ( 'NONE',  ( -0.0000000000000000000, -0.0000000000000000000, -1.000000000000000000 ) ) ;
#8347 = CARTESIAN_POINT ( 'NONE',  ( 4.000000000000000900, -7.999999999999999100, 28.19999999999999900 ) ) ;
#8348 = SURFACE_STYLE_USAGE ( .BOTH. , #2175 ) ;
#8349 = VERTEX_POINT ( 'NONE', #6056 ) ;
#8350 = CARTESIAN_POINT ( 'NONE',  ( 2.155378366499341600E-015, -17.60000000000000100, 20.19999999999999900 ) ) ;
#8351 = SURFACE_SIDE_STYLE ('',( #5054 ) ) ;
#8352 = DIRECTION ( 'NONE',  ( 0.0000000000000000000, 0.0000000000000000000, 1.000000000000000000 ) ) ;
#8353 = FILL_AREA_STYLE ('',( #2879 ) ) ;
#8354 = DIRECTION ( 'NONE',  ( 0.0000000000000000000, -1.000000000000000000, -0.0000000000000000000 ) ) ;
#8355 =( GEOMETRIC_REPRESENTATION_CONTEXT ( 3 ) GLOBAL_UNCERTAINTY_ASSIGNED_CONTEXT ( ( #4128 ) ) GLOBAL_UNIT_ASSIGNED_CONTEXT ( ( #3094, #9211, #3971 ) ) REPRESENTATION_CONTEXT ( 'NONE', 'WORKASPACE' ) );
#8356 = PRESENTATION_LAYER_ASSIGNMENT (  '', '', ( #7180 ) ) ;
#8357 =( BOUNDED_SURFACE ( )  B_SPLINE_SURFACE ( 3, 3, ( 
 ( #9023, #1102, #7315, #2027 ),
 ( #8194, #2947, #9064, #3826 ),
 ( #9946, #4698, #10822, #5585 ),
 ( #227, #6457, #1142, #7355 ) ),
 .UNSPECIFIED., .F., .F., .F. ) 
 B_SPLINE_SURFACE_WITH_KNOTS ( ( 4, 4 ),
 ( 4, 4 ),
 ( 0.0000000000000000000, 1.000000000000000000 ),
 ( 0.0000000000000000000, 1.000000000000000000 ),
 .UNSPECIFIED. ) 
 GEOMETRIC_REPRESENTATION_ITEM ( )  RATIONAL_B_SPLINE_SURFACE ( (
 ( 1.000000000000000000, 0.8047378541243649400, 0.8047378541243649400, 1.000000000000000000),
 ( 0.8047378541243649400, 0.6476030138606876400, 0.6476030138606876400, 0.8047378541243649400),
 ( 0.8047378541243649400, 0.6476030138606876400, 0.6476030138606876400, 0.8047378541243649400),
 ( 1.000000000000000000, 0.8047378541243649400, 0.8047378541243649400, 1.000000000000000000) ) ) 
 REPRESENTATION_ITEM ( '' )  SURFACE ( )  );
#8358 = ORIENTED_EDGE ( 'NONE', *, *, #153, .T. ) ;
#8359 = VECTOR ( 'NONE', #5351, 1000.000000000000000 ) ;
#8360 = PRESENTATION_LAYER_ASSIGNMENT (  '', '', ( #7186 ) ) ;
#8361 = PLANE ( 'NONE',  #6476 ) ;
#8362 = FILL_AREA_STYLE ('',( #7495 ) ) ;
#8363 = DIRECTION ( 'NONE',  ( 1.000000000000000000, -1.029253376967093700E-014, 0.0000000000000000000 ) ) ;
#8364 = ORIENTED_EDGE ( 'NONE', *, *, #9040, .T. ) ;
#8365 = LINE ( 'NONE', #8162, #10679 ) ;
#8366 = DIRECTION ( 'NONE',  ( 1.000000000000000000, 0.0000000000000000000, 0.0000000000000000000 ) ) ;
#8367 = ORIENTED_EDGE ( 'NONE', *, *, #10288, .T. ) ;
#8368 = MECHANICAL_DESIGN_GEOMETRIC_PRESENTATION_REPRESENTATION (  '', ( #5994 ), #8942 ) ;
#8369 = FILL_AREA_STYLE_COLOUR ( '', #10116 ) ;
#8370 = ORIENTED_EDGE ( 'NONE', *, *, #7970, .F. ) ;
#8371 = CARTESIAN_POINT ( 'NONE',  ( 13.60000000000000300, 17.39289321881344800, 4.516154061397947200E-016 ) ) ;
#8372 = EDGE_CURVE ( 'NONE', #738, #9093, #1972, .T. ) ;
#8373 = ORIENTED_EDGE ( 'NONE', *, *, #8852, .T. ) ;
#8374 = VECTOR ( 'NONE', #5320, 1000.000000000000000 ) ;
#8375 = FILL_AREA_STYLE_COLOUR ( '', #7857 ) ;
#8376 = ORIENTED_EDGE ( 'NONE', *, *, #8481, .F. ) ;
#8377 = DIRECTION ( 'NONE',  ( -0.0000000000000000000, -1.000000000000000000, -0.0000000000000000000 ) ) ;
#8378 = AXIS2_PLACEMENT_3D ( 'NONE', #1290, #1277, #1213 ) ;
#8379 = SURFACE_STYLE_FILL_AREA ( #10520 ) ;
#8380 = STYLED_ITEM ( 'NONE', ( #6338 ), #3403 ) ;
#8381 = CARTESIAN_POINT ( 'NONE',  ( 11.00000000000000200, -21.99999999999999600, -1.792893218813452800 ) ) ;
#8382 = DIRECTION ( 'NONE',  ( -0.7069610411263191900, -0.7072524912148354700, 0.0000000000000000000 ) ) ;
#8383 = EDGE_LOOP ( 'NONE', ( #152, #9475, #6490, #5090, #4463, #2548, #10837, #6075, #140, #9402, #6701, #6029 ) ) ;
#8384 = CARTESIAN_POINT ( 'NONE',  ( 11.00000000000000000, 0.0000000000000000000, -0.5000000000000001100 ) ) ;
#8385 = FILL_AREA_STYLE_COLOUR ( '', #1875 ) ;
#8386 = ORIENTED_EDGE ( 'NONE', *, *, #5888, .F. ) ;
#8387 = CIRCLE ( 'NONE', #5600, 2.500000000000000000 ) ;
#8388 = DIRECTION ( 'NONE',  ( 0.0000000000000000000, 0.0000000000000000000, 1.000000000000000000 ) ) ;
#8389 = CARTESIAN_POINT ( 'NONE',  ( 3.100000000000001000, 0.0000000000000000000, 22.19999999999999600 ) ) ;
#8390 = ORIENTED_EDGE ( 'NONE', *, *, #3687, .F. ) ;
#8391 = SURFACE_STYLE_FILL_AREA ( #3947 ) ;
#8392 = CIRCLE ( 'NONE', #10840, 4.000000000000000000 ) ;
#8393 = STYLED_ITEM ( 'NONE', ( #10496 ), #147 ) ;
#8394 = VERTEX_POINT ( 'NONE', #9586 ) ;
#8395 = DIRECTION ( 'NONE',  ( -1.000000000000000000, 0.0000000000000000000, 0.0000000000000000000 ) ) ;
#8396 = ADVANCED_FACE ( 'NONE', ( #8712 ), #11290, .F. ) ;
#8397 = ORIENTED_EDGE ( 'NONE', *, *, #2563, .T. ) ;
#8398 = CIRCLE ( 'NONE', #6600, 11.00000000000000000 ) ;
#8399 = EDGE_CURVE ( 'NONE', #8001, #4850, #6636, .T. ) ;
#8400 = PRESENTATION_LAYER_ASSIGNMENT (  '', '', ( #7228 ) ) ;
#8401 = STYLED_ITEM ( 'NONE', ( #11339 ), #10596 ) ;
#8402 = CARTESIAN_POINT ( 'NONE',  ( 1.102823950784878000, -35.60000000000000100, 24.17768011435284200 ) ) ;
#8403 = ORIENTED_EDGE ( 'NONE', *, *, #4271, .T. ) ;
#8404 = B_SPLINE_CURVE_WITH_KNOTS ( 'NONE', 3,
 ( #4484, #9738, #16, #6260, #926 ),
 .UNSPECIFIED., .F., .F.,
 ( 4, 1, 4 ),
 ( 0.0000000000000000000, 0.0005410295926333470700, 0.001082059185266694100 ),
 .UNSPECIFIED. ) ;
#8405 = FILL_AREA_STYLE_COLOUR ( '', #2780 ) ;
#8406 = ORIENTED_EDGE ( 'NONE', *, *, #9482, .F. ) ;
#8407 = DIRECTION ( 'NONE',  ( -1.000000000000000000, 0.0000000000000000000, 0.0000000000000000000 ) ) ;
#8408 = FILL_AREA_STYLE ('',( #8369 ) ) ;
#8409 =( GEOMETRIC_REPRESENTATION_CONTEXT ( 3 ) GLOBAL_UNCERTAINTY_ASSIGNED_CONTEXT ( ( #423 ) ) GLOBAL_UNIT_ASSIGNED_CONTEXT ( ( #2661, #8799, #3535 ) ) REPRESENTATION_CONTEXT ( 'NONE', 'WORKASPACE' ) );
#8410 =( BOUNDED_CURVE ( )  B_SPLINE_CURVE ( 3, ( #5859, #4921, #8535, #3272 ),
 .UNSPECIFIED., .F., .F. ) 
 B_SPLINE_CURVE_WITH_KNOTS ( ( 4, 4 ),
 ( 0.0000000000000000000, 1.000000000000000000 ),
 .UNSPECIFIED. ) 
 CURVE ( )  GEOMETRIC_REPRESENTATION_ITEM ( )  RATIONAL_B_SPLINE_CURVE ( ( 1.000000000000000000, 0.9711696904487375800, 0.9711696904487375800, 1.000000000000000000 ) ) 
 REPRESENTATION_ITEM ( '' )  );
#8411 = VERTEX_POINT ( 'NONE', #813 ) ;
#8412 = ORIENTED_EDGE ( 'NONE', *, *, #10142, .T. ) ;
#8413 = EDGE_CURVE ( 'NONE', #2799, #8810, #5609, .T. ) ;
#8414 = EDGE_LOOP ( 'NONE', ( #7241, #6995, #7093, #2047, #6015 ) ) ;
#8415 = CARTESIAN_POINT ( 'NONE',  ( 13.60000000000000500, 13.60000000000000100, 20.19999999999999900 ) ) ;
#8416 = COLOUR_RGB ( '',1.000000000000000000, 1.000000000000000000, 1.000000000000000000 ) ;
#8417 = COLOUR_RGB ( '',1.000000000000000000, 1.000000000000000000, 1.000000000000000000 ) ;
#8418 = MECHANICAL_DESIGN_GEOMETRIC_PRESENTATION_REPRESENTATION (  '', ( #7254 ), #9004 ) ;
#8419 = EDGE_CURVE ( 'NONE', #304, #7898, #9126, .T. ) ;
#8420 = DIRECTION ( 'NONE',  ( 0.0000000000000000000, -1.000000000000000000, 0.0000000000000000000 ) ) ;
#8421 = SURFACE_STYLE_FILL_AREA ( #1418 ) ;
#8422 = LINE ( 'NONE', #1703, #4841 ) ;
#8423 = CIRCLE ( 'NONE', #3724, 0.4726131969088088700 ) ;
#8424 = CARTESIAN_POINT ( 'NONE',  ( -10.99999999999999600, 21.99999999999999600, -0.2071067811865476300 ) ) ;
#8425 = ORIENTED_EDGE ( 'NONE', *, *, #10258, .T. ) ;
#8426 = PRESENTATION_STYLE_ASSIGNMENT (( #6161 ) ) ;
#8427 =( LENGTH_UNIT ( ) NAMED_UNIT ( * ) SI_UNIT ( .MILLI., .METRE. ) );
#8428 = DIRECTION ( 'NONE',  ( 0.0000000000000000000, 1.000000000000000000, 0.0000000000000000000 ) ) ;
#8429 = AXIS2_PLACEMENT_3D ( 'NONE', #1693, #7868, #2612 ) ;
#8430 = CARTESIAN_POINT ( 'NONE',  ( 0.0000000000000000000, 0.0000000000000000000, 25.70000000000000600 ) ) ;
#8431 = UNCERTAINTY_MEASURE_WITH_UNIT (LENGTH_MEASURE( 1.000000000000000100E-005 ), #4410, 'distance_accuracy_value', 'NONE');
#8432 = ORIENTED_EDGE ( 'NONE', *, *, #10086, .T. ) ;
#8433 = CIRCLE ( 'NONE', #8198, 0.5000000000000000000 ) ;
#8434 = COLOUR_RGB ( '',1.000000000000000000, 1.000000000000000000, 1.000000000000000000 ) ;
#8435 = MECHANICAL_DESIGN_GEOMETRIC_PRESENTATION_REPRESENTATION (  '', ( #7264 ), #9013 ) ;
#8436 = MECHANICAL_DESIGN_GEOMETRIC_PRESENTATION_REPRESENTATION (  '', ( #7266 ), #9016 ) ;
#8437 = CARTESIAN_POINT ( 'NONE',  ( -11.80064611981693500, -12.45897040736652900, 27.69507424152995500 ) ) ;
#8438 =( NAMED_UNIT ( * ) PLANE_ANGLE_UNIT ( ) SI_UNIT ( $, .RADIAN. ) );
#8439 = DIRECTION ( 'NONE',  ( 0.0000000000000000000, 0.0000000000000000000, -1.000000000000000000 ) ) ;
#8440 = PRESENTATION_LAYER_ASSIGNMENT (  '', '', ( #7271 ) ) ;
#8441 = LINE ( 'NONE', #4357, #10483 ) ;
#8442 = FACE_OUTER_BOUND ( 'NONE', #6526, .T. ) ;
#8443 = VERTEX_POINT ( 'NONE', #6194 ) ;
#8444 = SURFACE_STYLE_USAGE ( .BOTH. , #2270 ) ;
#8445 = FACE_OUTER_BOUND ( 'NONE', #10771, .T. ) ;
#8446 = FILL_AREA_STYLE ('',( #5781 ) ) ;
#8447 = CARTESIAN_POINT ( 'NONE',  ( 2.092470004868555800, -15.60000000000000100, 23.50748687669129900 ) ) ;
#8448 = MECHANICAL_DESIGN_GEOMETRIC_PRESENTATION_REPRESENTATION (  '', ( #6665 ), #9027 ) ;
#8449 = PRESENTATION_STYLE_ASSIGNMENT (( #4011 ) ) ;
#8450 = CARTESIAN_POINT ( 'NONE',  ( -14.37408074114605800, 13.39315100371592700, 27.67929840550067400 ) ) ;
#8451 = AXIS2_PLACEMENT_3D ( 'NONE', #5499, #146, #6385 ) ;
#8452 = COLOUR_RGB ( '',1.000000000000000000, 1.000000000000000000, 1.000000000000000000 ) ;
#8453 = EDGE_LOOP ( 'NONE', ( #9919, #9054, #7297, #7461 ) ) ;
#8454 = AXIS2_PLACEMENT_3D ( 'NONE', #9161, #3924, #10037 ) ;
#8455 = SURFACE_STYLE_FILL_AREA ( #5759 ) ;
#8456 = PRESENTATION_STYLE_ASSIGNMENT (( #4212 ) ) ;
#8457 = VERTEX_POINT ( 'NONE', #11374 ) ;
#8458 = ORIENTED_EDGE ( 'NONE', *, *, #7780, .F. ) ;
#8459 = EDGE_CURVE ( 'NONE', #8099, #2393, #3027, .T. ) ;
#8460 = EDGE_CURVE ( 'NONE', #4935, #4552, #6680, .T. ) ;
#8461 = SURFACE_STYLE_USAGE ( .BOTH. , #2287 ) ;
#8462 = CARTESIAN_POINT ( 'NONE',  ( 14.24999999999999500, -13.00000000000000500, 0.0000000000000000000 ) ) ;
#8463 =( NAMED_UNIT ( * ) PLANE_ANGLE_UNIT ( ) SI_UNIT ( $, .RADIAN. ) );
#8464 = COLOUR_RGB ( '',1.000000000000000000, 1.000000000000000000, 1.000000000000000000 ) ;
#8465 = STYLED_ITEM ( 'NONE', ( #3892 ), #1015 ) ;
#8466 = CIRCLE ( 'NONE', #11390, 2.799999999999999800 ) ;
#8467 = VERTEX_POINT ( 'NONE', #44 ) ;
#8468 = ORIENTED_EDGE ( 'NONE', *, *, #7970, .T. ) ;
#8469 = MECHANICAL_DESIGN_GEOMETRIC_PRESENTATION_REPRESENTATION (  '', ( #6682 ), #9046 ) ;
#8470 = EDGE_LOOP ( 'NONE', ( #9965, #2046, #637, #8364, #7850 ) ) ;
#8471 =( NAMED_UNIT ( * ) SI_UNIT ( $, .STERADIAN. ) SOLID_ANGLE_UNIT ( ) );
#8472 = STYLED_ITEM ( 'NONE', ( #9955 ), #3807 ) ;
#8473 = CYLINDRICAL_SURFACE ( 'NONE', #1084, 2.199999999999818500 ) ;
#8474 = CARTESIAN_POINT ( 'NONE',  ( -2.303405056207577900, -3.270949344993893800, -2.000000000000000000 ) ) ;
#8475 =( BOUNDED_SURFACE ( )  B_SPLINE_SURFACE ( 3, 3, ( 
 ( #11033, #3207, #9320, #4088 ),
 ( #10209, #4960, #11061, #5830 ),
 ( #496, #6712, #1417, #7609 ),
 ( #2334, #8501, #3242, #9360 ) ),
 .UNSPECIFIED., .F., .F., .T. ) 
 B_SPLINE_SURFACE_WITH_KNOTS ( ( 4, 4 ),
 ( 4, 4 ),
 ( 0.0000000000000000000, 1.000000000000000000 ),
 ( 0.0000000000000000000, 1.000000000000000000 ),
 .UNSPECIFIED. ) 
 GEOMETRIC_REPRESENTATION_ITEM ( )  RATIONAL_B_SPLINE_SURFACE ( (
 ( 1.000000000000000000, 0.3333333333332729700, 0.3333333333332729700, 1.000000000000000000),
 ( 0.8047378541243641600, 0.2682459513747395000, 0.2682459513747395000, 0.8047378541243641600),
 ( 0.8047378541243641600, 0.2682459513747395000, 0.2682459513747395000, 0.8047378541243641600),
 ( 1.000000000000000000, 0.3333333333332729700, 0.3333333333332729700, 1.000000000000000000) ) ) 
 REPRESENTATION_ITEM ( '' )  SURFACE ( )  );
#8476 = STYLED_ITEM ( 'NONE', ( #8277 ), #1136 ) ;
#8477 =( LENGTH_UNIT ( ) NAMED_UNIT ( * ) SI_UNIT ( .MILLI., .METRE. ) );
#8478 = ORIENTED_EDGE ( 'NONE', *, *, #3320, .T. ) ;
#8479 = MECHANICAL_DESIGN_GEOMETRIC_PRESENTATION_REPRESENTATION (  '', ( #7308 ), #9059 ) ;
#8480 = DIRECTION ( 'NONE',  ( -0.0000000000000000000, -0.0000000000000000000, -1.000000000000000000 ) ) ;
#8481 = EDGE_CURVE ( 'NONE', #10005, #8998, #4356, .T. ) ;
#8482 = B_SPLINE_CURVE_WITH_KNOTS ( 'NONE', 3,
 ( #6150, #5729, #6700, #196, #3912 ),
 .UNSPECIFIED., .F., .F.,
 ( 4, 1, 4 ),
 ( 0.0000000000000000000, 0.0005410295926333462100, 0.001082059185266692400 ),
 .UNSPECIFIED. ) ;
#8483 = FACE_OUTER_BOUND ( 'NONE', #1450, .T. ) ;
#8484 = SURFACE_SIDE_STYLE ('',( #2544 ) ) ;
#8485 = CARTESIAN_POINT ( 'NONE',  ( 14.19935388018289400, 13.54102959263329500, 27.69507424152989800 ) ) ;
#8486 = VECTOR ( 'NONE', #2372, 1000.000000000000000 ) ;
#8487 = LINE ( 'NONE', #6813, #1421 ) ;
#8488 = STYLED_ITEM ( 'NONE', ( #516 ), #3916 ) ;
#8489 = ORIENTED_EDGE ( 'NONE', *, *, #1122, .F. ) ;
#8490 = SURFACE_STYLE_FILL_AREA ( #811 ) ;
#8491 = EDGE_CURVE ( 'NONE', #9264, #1324, #2011, .T. ) ;
#8492 = PRESENTATION_LAYER_ASSIGNMENT (  '', '', ( #6699 ) ) ;
#8493 = CARTESIAN_POINT ( 'NONE',  ( 12.41131721596999200, 11.62591925885390000, 26.70000000000000300 ) ) ;
#8494 = CARTESIAN_POINT ( 'NONE',  ( -4.000000000000000000, -7.999999999999999100, 28.19999999999999900 ) ) ;
#8495 =( LENGTH_UNIT ( ) NAMED_UNIT ( * ) SI_UNIT ( .MILLI., .METRE. ) );
#8496 = CARTESIAN_POINT ( 'NONE',  ( -12.99999999999999800, 12.99999999999927200, 26.70000000000000300 ) ) ;
#8497 = UNCERTAINTY_MEASURE_WITH_UNIT (LENGTH_MEASURE( 1.000000000000000100E-005 ), #7961, 'distance_accuracy_value', 'NONE');
#8498 = DIRECTION ( 'NONE',  ( -0.0000000000000000000, -0.0000000000000000000, -1.000000000000000000 ) ) ;
#8499 = VERTEX_POINT ( 'NONE', #8917 ) ;
#8500 = CARTESIAN_POINT ( 'NONE',  ( -12.45897040736665300, 13.58868278403004700, 26.70000000000000300 ) ) ;
#8501 = CARTESIAN_POINT ( 'NONE',  ( 10.79999999999943000, 8.599999999999482700, 26.70000000000000300 ) ) ;
#8502 = COLOUR_RGB ( '',1.000000000000000000, 1.000000000000000000, 1.000000000000000000 ) ;
#8503 = SURFACE_STYLE_USAGE ( .BOTH. , #2336 ) ;
#8504 = SURFACE_STYLE_USAGE ( .BOTH. , #2340 ) ;
#8505 = ORIENTED_EDGE ( 'NONE', *, *, #3633, .T. ) ;
#8506 = AXIS2_PLACEMENT_3D ( 'NONE', #8684, #3412, #9547 ) ;
#8507 = CARTESIAN_POINT ( 'NONE',  ( 3.500000000000000000, 4.286263797015736100E-016, 27.69999999999999900 ) ) ;
#8508 = ORIENTED_EDGE ( 'NONE', *, *, #1879, .T. ) ;
#8509 = CARTESIAN_POINT ( 'NONE',  ( 1.264359146699798500, -3.795973049803306400, -2.000000000000000400 ) ) ;
#8510 = ORIENTED_EDGE ( 'NONE', *, *, #8823, .F. ) ;
#8511 = ORIENTED_EDGE ( 'NONE', *, *, #6916, .T. ) ;
#8512 = DIRECTION ( 'NONE',  ( -1.000000000000000000, -0.0000000000000000000, 0.0000000000000000000 ) ) ;
#8513 = VERTEX_POINT ( 'NONE', #4548 ) ;
#8514 =( NAMED_UNIT ( * ) PLANE_ANGLE_UNIT ( ) SI_UNIT ( $, .RADIAN. ) );
#8515 = ORIENTED_EDGE ( 'NONE', *, *, #11316, .T. ) ;
#8516 = DIRECTION ( 'NONE',  ( 1.000000000000000000, -1.041186654069147000E-014, 0.0000000000000000000 ) ) ;
#8517 = VERTEX_POINT ( 'NONE', #6324 ) ;
#8518 = MECHANICAL_DESIGN_GEOMETRIC_PRESENTATION_REPRESENTATION (  '', ( #7354 ), #9104 ) ;
#8519 = DIRECTION ( 'NONE',  ( 0.0000000000000000000, 0.0000000000000000000, 1.000000000000000000 ) ) ;
#8520 = EDGE_LOOP ( 'NONE', ( #6661, #2072, #4298, #352 ) ) ;
#8521 = DIRECTION ( 'NONE',  ( 1.000000000000000000, 0.0000000000000000000, -0.0000000000000000000 ) ) ;
#8522 = EDGE_CURVE ( 'NONE', #11361, #9580, #9022, .T. ) ;
#8523 = DIRECTION ( 'NONE',  ( 0.0000000000000000000, 0.0000000000000000000, 1.000000000000000000 ) ) ;
#8524 = EDGE_CURVE ( 'NONE', #8791, #2552, #9759, .T. ) ;
#8525 =( LENGTH_UNIT ( ) NAMED_UNIT ( * ) SI_UNIT ( .MILLI., .METRE. ) );
#8526 = EDGE_LOOP ( 'NONE', ( #7379, #6840, #10, #7422 ) ) ;
#8527 = CARTESIAN_POINT ( 'NONE',  ( 15.79861620407433200, -12.99999999999999600, 25.19999999999999900 ) ) ;
#8528 = STYLED_ITEM ( 'NONE', ( #5704 ), #3736 ) ;
#8529 =( NAMED_UNIT ( * ) PLANE_ANGLE_UNIT ( ) SI_UNIT ( $, .RADIAN. ) );
#8530 = ORIENTED_EDGE ( 'NONE', *, *, #8830, .F. ) ;
#8531 = AXIS2_PLACEMENT_3D ( 'NONE', #6405, #1082, #7292 ) ;
#8532 = DIRECTION ( 'NONE',  ( 0.0000000000000000000, -1.000000000000000000, 0.0000000000000000000 ) ) ;
#8533 =( NAMED_UNIT ( * ) PLANE_ANGLE_UNIT ( ) SI_UNIT ( $, .RADIAN. ) );
#8534 =( NAMED_UNIT ( * ) PLANE_ANGLE_UNIT ( ) SI_UNIT ( $, .RADIAN. ) );
#8535 = CARTESIAN_POINT ( 'NONE',  ( -13.75491842535481300, 13.96307768558990000, 27.70000000000000300 ) ) ;
#8536 = CARTESIAN_POINT ( 'NONE',  ( -14.26285049231150900, -12.63911500751336600, 27.69729446702145400 ) ) ;
#8537 = DIRECTION ( 'NONE',  ( 0.0000000000000000000, 1.000000000000000000, 0.0000000000000000000 ) ) ;
#8538 =( NAMED_UNIT ( * ) SI_UNIT ( $, .STERADIAN. ) SOLID_ANGLE_UNIT ( ) );
#8539 = ORIENTED_EDGE ( 'NONE', *, *, #6265, .T. ) ;
#8540 = CIRCLE ( 'NONE', #9176, 2.000000000009549700 ) ;
#8541 = UNCERTAINTY_MEASURE_WITH_UNIT (LENGTH_MEASURE( 1.000000000000000100E-005 ), #1377, 'distance_accuracy_value', 'NONE');
#8542 = DIRECTION ( 'NONE',  ( 1.000000000000000000, -8.015843770825029200E-015, 0.0000000000000000000 ) ) ;
#8543 = FACE_OUTER_BOUND ( 'NONE', #8225, .T. ) ;
#8544 = ORIENTED_EDGE ( 'NONE', *, *, #11419, .T. ) ;
#8545 = ORIENTED_EDGE ( 'NONE', *, *, #1920, .F. ) ;
#8546 = UNCERTAINTY_MEASURE_WITH_UNIT (LENGTH_MEASURE( 1.000000000000000100E-005 ), #7647, 'distance_accuracy_value', 'NONE');
#8547 = CARTESIAN_POINT ( 'NONE',  ( 11.00000000000000000, 0.0000000000000000000, -2.000000000000000000 ) ) ;
#8548 = VECTOR ( 'NONE', #9467, 1000.000000000000000 ) ;
#8549 =( NAMED_UNIT ( * ) SI_UNIT ( $, .STERADIAN. ) SOLID_ANGLE_UNIT ( ) );
#8550 = EDGE_CURVE ( 'NONE', #3459, #8183, #4091, .T. ) ;
#8551 = AXIS2_PLACEMENT_3D ( 'NONE', #3166, #9285, #4048 ) ;
#8552 = COLOUR_RGB ( '',1.000000000000000000, 1.000000000000000000, 1.000000000000000000 ) ;
#8553 =( NAMED_UNIT ( * ) SI_UNIT ( $, .STERADIAN. ) SOLID_ANGLE_UNIT ( ) );
#8554 = CARTESIAN_POINT ( 'NONE',  ( 10.80000000000090700, -12.99999999999999800, 27.28578643762690700 ) ) ;
#8555 = FACE_OUTER_BOUND ( 'NONE', #2556, .T. ) ;
#8556 = SURFACE_SIDE_STYLE ('',( #5509 ) ) ;
#8557 = ORIENTED_EDGE ( 'NONE', *, *, #3972, .F. ) ;
#8558 = EDGE_LOOP ( 'NONE', ( #7858, #6400, #9818, #9645 ) ) ;
#8559 = STYLED_ITEM ( 'NONE', ( #2227 ), #7374 ) ;
#8560 = CARTESIAN_POINT ( 'NONE',  ( -11.50000000000000000, 1.408343819019456200E-015, 0.0000000000000000000 ) ) ;
#8561 = EDGE_LOOP ( 'NONE', ( #8653, #4379, #11147, #9680, #5972 ) ) ;
#8562 = CARTESIAN_POINT ( 'NONE',  ( 0.0000000000000000000, 0.0000000000000000000, 0.0000000000000000000 ) ) ;
#8563 = LINE ( 'NONE', #8723, #1800 ) ;
#8564 = DIRECTION ( 'NONE',  ( -0.0000000000000000000, -0.0000000000000000000, -1.000000000000000000 ) ) ;
#8565 = SURFACE_STYLE_FILL_AREA ( #5242 ) ;
#8566 = CIRCLE ( 'NONE', #9132, 0.5000000000000004400 ) ;
#8567 = CIRCLE ( 'NONE', #7324, 2.000000000009549700 ) ;
#8568 = EDGE_CURVE ( 'NONE', #7621, #9542, #8754, .T. ) ;
#8569 = ORIENTED_EDGE ( 'NONE', *, *, #7794, .T. ) ;
#8570 = CARTESIAN_POINT ( 'NONE',  ( 13.60000000000000500, -17.10000000000000100, 4.336808689942017700E-016 ) ) ;
#8571 = CARTESIAN_POINT ( 'NONE',  ( 3.742191417963610900, 1.413170433217950000, -2.000000000000000000 ) ) ;
#8572 = AXIS2_PLACEMENT_3D ( 'NONE', #8913, #3676, #9809 ) ;
#8573 =( NAMED_UNIT ( * ) SI_UNIT ( $, .STERADIAN. ) SOLID_ANGLE_UNIT ( ) );
#8574 =( NAMED_UNIT ( * ) SI_UNIT ( $, .STERADIAN. ) SOLID_ANGLE_UNIT ( ) );
#8575 = CARTESIAN_POINT ( 'NONE',  ( -15.79861620407457700, 12.99999999999926600, 27.99289321881345000 ) ) ;
#8576 = CARTESIAN_POINT ( 'NONE',  ( -11.79999999999873200, -13.00000000000078200, 27.70000000000000300 ) ) ;
#8577 =( BOUNDED_SURFACE ( )  B_SPLINE_SURFACE ( 3, 3, ( 
 ( #6186, #848, #7067, #1774 ),
 ( #7939, #2708, #8827, #3569 ),
 ( #9703, #4450, #10580, #5322 ),
 ( #11408, #6227, #886, #7103 ) ),
 .UNSPECIFIED., .F., .F., .T. ) 
 B_SPLINE_SURFACE_WITH_KNOTS ( ( 4, 4 ),
 ( 4, 4 ),
 ( 0.0000000000000000000, 1.000000000000000000 ),
 ( 0.0000000000000000000, 1.000000000000000000 ),
 .UNSPECIFIED. ) 
 GEOMETRIC_REPRESENTATION_ITEM ( )  RATIONAL_B_SPLINE_SURFACE ( (
 ( 1.000000000000000000, 0.8047378541243649400, 0.8047378541243649400, 1.000000000000000000),
 ( 0.8047378541243632700, 0.6476030138606863100, 0.6476030138606863100, 0.8047378541243632700),
 ( 0.8047378541243632700, 0.6476030138606863100, 0.6476030138606863100, 0.8047378541243632700),
 ( 1.000000000000000000, 0.8047378541243649400, 0.8047378541243649400, 1.000000000000000000) ) ) 
 REPRESENTATION_ITEM ( '' )  SURFACE ( )  );
#8578 = COLOUR_RGB ( '',1.000000000000000000, 1.000000000000000000, 1.000000000000000000 ) ;
#8579 = ORIENTED_EDGE ( 'NONE', *, *, #11318, .F. ) ;
#8580 = LINE ( 'NONE', #1868, #8310 ) ;
#8581 = CARTESIAN_POINT ( 'NONE',  ( -4.000000000000000000, 0.0000000000000000000, -2.000000000000000000 ) ) ;
#8582 = SURFACE_STYLE_FILL_AREA ( #9357 ) ;
#8583 = SURFACE_SIDE_STYLE ('',( #7007 ) ) ;
#8584 = PRESENTATION_LAYER_ASSIGNMENT (  '', '', ( #9164 ) ) ;
#8585 = CARTESIAN_POINT ( 'NONE',  ( 2.927198050025350700, -15.60000000000000100, 22.28764494107380400 ) ) ;
#8586 = VECTOR ( 'NONE', #4738, 1000.000000000000000 ) ;
#8587 = DIRECTION ( 'NONE',  ( -1.000000000000000000, 0.0000000000000000000, 0.0000000000000000000 ) ) ;
#8588 = LINE ( 'NONE', #6089, #1841 ) ;
#8589 = EDGE_LOOP ( 'NONE', ( #6408, #7432, #10304, #5055 ) ) ;
#8590 = CARTESIAN_POINT ( 'NONE',  ( 9.994277014739655100, 12.99999999999999500, 28.19999999999999900 ) ) ;
#8591 = CARTESIAN_POINT ( 'NONE',  ( 12.41131721596999800, 12.45897040736660500, 26.70000000000000300 ) ) ;
#8592 = SURFACE_STYLE_FILL_AREA ( #3547 ) ;
#8593 = ORIENTED_EDGE ( 'NONE', *, *, #238, .T. ) ;
#8594 = AXIS2_PLACEMENT_3D ( 'NONE', #3665, #9794, #4532 ) ;
#8595 = EDGE_LOOP ( 'NONE', ( #3371, #10368, #1403, #3570 ) ) ;
#8596 = ADVANCED_FACE ( 'NONE', ( #8483 ), #9705, .F. ) ;
#8597 = FACE_BOUND ( 'NONE', #2293, .T. ) ;
#8598 = CARTESIAN_POINT ( 'NONE',  ( 12.41131721596999800, 13.54102959263329900, 26.70000000000000300 ) ) ;
#8599 = DIRECTION ( 'NONE',  ( 0.0000000000000000000, 0.0000000000000000000, 1.000000000000000000 ) ) ;
#8600 = ORIENTED_EDGE ( 'NONE', *, *, #6475, .T. ) ;
#8601 = STYLED_ITEM ( 'NONE', ( #1847 ), #90 ) ;
#8602 = DIRECTION ( 'NONE',  ( -1.000000000000000000, 0.0000000000000000000, 0.0000000000000000000 ) ) ;
#8603 =( NAMED_UNIT ( * ) SI_UNIT ( $, .STERADIAN. ) SOLID_ANGLE_UNIT ( ) );
#8604 = SURFACE_STYLE_USAGE ( .BOTH. , #2447 ) ;
#8605 = UNCERTAINTY_MEASURE_WITH_UNIT (LENGTH_MEASURE( 1.000000000000000100E-005 ), #882, 'distance_accuracy_value', 'NONE');
#8606 =( NAMED_UNIT ( * ) SI_UNIT ( $, .STERADIAN. ) SOLID_ANGLE_UNIT ( ) );
#8607 = CARTESIAN_POINT ( 'NONE',  ( -11.21421356237165200, -9.428427124745292400, 27.70000000000000600 ) ) ;
#8608 = DIRECTION ( 'NONE',  ( -1.000000000000000000, 0.0000000000000000000, 0.0000000000000000000 ) ) ;
#8609 = SURFACE_STYLE_FILL_AREA ( #462 ) ;
#8610 = EDGE_CURVE ( 'NONE', #5017, #7560, #557, .T. ) ;
#8611 = STYLED_ITEM ( 'NONE', ( #1826 ), #10805 ) ;
#8612 = STYLED_ITEM ( 'NONE', ( #7986 ), #10413 ) ;
#8613 = CARTESIAN_POINT ( 'NONE',  ( -11.50000000000000000, 1.408343819019456200E-015, 0.0000000000000000000 ) ) ;
#8614 = UNCERTAINTY_MEASURE_WITH_UNIT (LENGTH_MEASURE( 1.000000000000000100E-005 ), #1341, 'distance_accuracy_value', 'NONE');
#8615 = ORIENTED_EDGE ( 'NONE', *, *, #5753, .F. ) ;
#8616 = CONICAL_SURFACE ( 'NONE', #3085, 1.249999999993629500, 1.029744258661863500 ) ;
#8617 = UNCERTAINTY_MEASURE_WITH_UNIT (LENGTH_MEASURE( 1.000000000000000100E-005 ), #1758, 'distance_accuracy_value', 'NONE');
#8618 =( NAMED_UNIT ( * ) PLANE_ANGLE_UNIT ( ) SI_UNIT ( $, .RADIAN. ) );
#8619 = AXIS2_PLACEMENT_3D ( 'NONE', #3756, #3678, #3140 ) ;
#8620 = CARTESIAN_POINT ( 'NONE',  ( -2.942258040288247700, -17.69999999999999900, 22.28764494107381100 ) ) ;
#8621 = AXIS2_PLACEMENT_3D ( 'NONE', #7712, #2444, #8602 ) ;
#8622 = SURFACE_STYLE_FILL_AREA ( #1340 ) ;
#8623 = CARTESIAN_POINT ( 'NONE',  ( 0.0000000000000000000, 0.0000000000000000000, 26.20000000000000300 ) ) ;
#8624 =( LENGTH_UNIT ( ) NAMED_UNIT ( * ) SI_UNIT ( .MILLI., .METRE. ) );
#8625 = LINE ( 'NONE', #5317, #8359 ) ;
#8626 = EDGE_CURVE ( 'NONE', #1156, #9462, #3004, .T. ) ;
#8627 = DIRECTION ( 'NONE',  ( 0.0000000000000000000, 0.0000000000000000000, 1.000000000000000000 ) ) ;
#8628 = CARTESIAN_POINT ( 'NONE',  ( 2.155378366499341600E-015, -17.60000000000000100, 0.5000000000000004400 ) ) ;
#8629 = AXIS2_PLACEMENT_3D ( 'NONE', #6971, #1690, #7865 ) ;
#8630 = FILL_AREA_STYLE ('',( #6851 ) ) ;
#8631 = COLOUR_RGB ( '',1.000000000000000000, 1.000000000000000000, 1.000000000000000000 ) ;
#8632 = EDGE_CURVE ( 'NONE', #2552, #8645, #2740, .T. ) ;
#8633 = UNCERTAINTY_MEASURE_WITH_UNIT (LENGTH_MEASURE( 1.000000000000000100E-005 ), #239, 'distance_accuracy_value', 'NONE');
#8634 = SURFACE_SIDE_STYLE ('',( #7294 ) ) ;
#8635 = ORIENTED_EDGE ( 'NONE', *, *, #7116, .F. ) ;
#8636 =( NAMED_UNIT ( * ) SI_UNIT ( $, .STERADIAN. ) SOLID_ANGLE_UNIT ( ) );
#8637 = EDGE_LOOP ( 'NONE', ( #7291, #6984, #8390, #7908, #9114, #6291, #4967, #1554 ) ) ;
#8638 = CARTESIAN_POINT ( 'NONE',  ( -17.60528299132912600, 11.44788237165360200, 5.999999999999998200 ) ) ;
#8639 = VERTEX_POINT ( 'NONE', #9222 ) ;
#8640 = CARTESIAN_POINT ( 'NONE',  ( -12.41131721597008100, -12.45897040736652200, 26.70000000000000300 ) ) ;
#8641 = DIRECTION ( 'NONE',  ( 0.0000000000000000000, 0.0000000000000000000, 1.000000000000000000 ) ) ;
#8642 = CARTESIAN_POINT ( 'NONE',  ( -4.000000000000000000, 0.0000000000000000000, -2.000000000000000000 ) ) ;
#8643 = SURFACE_STYLE_FILL_AREA ( #884 ) ;
#8644 = PLANE ( 'NONE',  #6459 ) ;
#8645 = VERTEX_POINT ( 'NONE', #3982 ) ;
#8646 =( NAMED_UNIT ( * ) SI_UNIT ( $, .STERADIAN. ) SOLID_ANGLE_UNIT ( ) );
#8647 = PRESENTATION_LAYER_ASSIGNMENT (  '', '', ( #8063 ) ) ;
#8648 = MECHANICAL_DESIGN_GEOMETRIC_PRESENTATION_REPRESENTATION (  '', ( #6872 ), #9226 ) ;
#8649 = SURFACE_SIDE_STYLE ('',( #2006 ) ) ;
#8650 = ADVANCED_FACE ( 'NONE', ( #7396 ), #10926, .F. ) ;
#8651 = ORIENTED_EDGE ( 'NONE', *, *, #6927, .T. ) ;
#8652 =( NAMED_UNIT ( * ) SI_UNIT ( $, .STERADIAN. ) SOLID_ANGLE_UNIT ( ) );
#8653 = ORIENTED_EDGE ( 'NONE', *, *, #3484, .F. ) ;
#8654 = MECHANICAL_DESIGN_GEOMETRIC_PRESENTATION_REPRESENTATION (  '', ( #5713 ), #9232 ) ;
#8655 = DIRECTION ( 'NONE',  ( -0.0000000000000000000, -0.0000000000000000000, -1.000000000000000000 ) ) ;
#8656 = LINE ( 'NONE', #7756, #6331 ) ;
#8657 = DIRECTION ( 'NONE',  ( -1.000000000000000000, 0.0000000000000000000, 0.0000000000000000000 ) ) ;
#8658 = CARTESIAN_POINT ( 'NONE',  ( 11.45062910550455200, 17.60000000000000100, 5.999999999999999100 ) ) ;
#8659 = EDGE_LOOP ( 'NONE', ( #473, #1627, #7446, #3363 ) ) ;
#8660 = CARTESIAN_POINT ( 'NONE',  ( 13.60000000000000500, -17.60000000000000100, 0.5000000000000004400 ) ) ;
#8661 =( LENGTH_UNIT ( ) NAMED_UNIT ( * ) SI_UNIT ( .MILLI., .METRE. ) );
#8662 = VERTEX_POINT ( 'NONE', #10135 ) ;
#8663 = COLOUR_RGB ( '',1.000000000000000000, 1.000000000000000000, 1.000000000000000000 ) ;
#8664 = STYLED_ITEM ( 'NONE', ( #8182 ), #6972 ) ;
#8665 = CIRCLE ( 'NONE', #9537, 4.000000000000000000 ) ;
#8666 = CARTESIAN_POINT ( 'NONE',  ( 12.45897040736657100, -11.73714950768870800, 27.68476953867919500 ) ) ;
#8667 = CARTESIAN_POINT ( 'NONE',  ( 0.0000000000000000000, 0.0000000000000000000, 0.0000000000000000000 ) ) ;
#8668 = COLOUR_RGB ( '',1.000000000000000000, 1.000000000000000000, 1.000000000000000000 ) ;
#8669 = EDGE_CURVE ( 'NONE', #5221, #3963, #4216, .T. ) ;
#8670 = CARTESIAN_POINT ( 'NONE',  ( -13.59999999999999800, -17.60000000000000100, 0.2071067811865479300 ) ) ;
#8671 = EDGE_LOOP ( 'NONE', ( #3410, #9338, #10681, #1688, #6690 ) ) ;
#8672 = ORIENTED_EDGE ( 'NONE', *, *, #5283, .F. ) ;
#8673 = CARTESIAN_POINT ( 'NONE',  ( -11.73714950768875600, -12.81954858101708100, 27.69802295345167000 ) ) ;
#8674 = CARTESIAN_POINT ( 'NONE',  ( 14.24999999991112900, -13.00000000000000500, 4.500000000000001800 ) ) ;
#8675 = STYLED_ITEM ( 'NONE', ( #10459 ), #927 ) ;
#8676 = FACE_OUTER_BOUND ( 'NONE', #2168, .T. ) ;
#8677 = ORIENTED_EDGE ( 'NONE', *, *, #4717, .T. ) ;
#8678 = UNCERTAINTY_MEASURE_WITH_UNIT (LENGTH_MEASURE( 1.000000000000000100E-005 ), #4844, 'distance_accuracy_value', 'NONE');
#8679 = AXIS2_PLACEMENT_3D ( 'NONE', #18, #5401, #4562 ) ;
#8680 = CARTESIAN_POINT ( 'NONE',  ( -13.59999999999999800, -13.60000000000000100, 27.69999999999999900 ) ) ;
#8681 = SURFACE_STYLE_FILL_AREA ( #552 ) ;
#8682 = SURFACE_STYLE_USAGE ( .BOTH. , #2528 ) ;
#8683 = LINE ( 'NONE', #1065, #6358 ) ;
#8684 = CARTESIAN_POINT ( 'NONE',  ( 11.80000000000090500, -12.99999999999999500, 26.70000000000000300 ) ) ;
#8685 = CARTESIAN_POINT ( 'NONE',  ( -4.000000000000000000, -0.2542355470267542200, -2.000000000000000000 ) ) ;
#8686 = ORIENTED_EDGE ( 'NONE', *, *, #9575, .F. ) ;
#8687 = B_SPLINE_CURVE_WITH_KNOTS ( 'NONE', 3,
 ( #6906, #7793, #2533, #8690 ),
 .UNSPECIFIED., .F., .F.,
 ( 4, 4 ),
 ( -0.0005411919004447614000, 1.579682565311380000E-016 ),
 .UNSPECIFIED. ) ;
#8688 = SURFACE_STYLE_USAGE ( .BOTH. , #2531 ) ;
#8689 = EDGE_LOOP ( 'NONE', ( #10394, #3113, #4009, #3054, #8179 ) ) ;
#8690 = CARTESIAN_POINT ( 'NONE',  ( -14.26285049231151100, -13.00000000000072500, 27.69802295345156300 ) ) ;
#8691 = VECTOR ( 'NONE', #8938, 1000.000000000000000 ) ;
#8692 = MECHANICAL_DESIGN_GEOMETRIC_PRESENTATION_REPRESENTATION (  '', ( #7527 ), #9267 ) ;
#8693 = COLOUR_RGB ( '',0.2509803921568627400, 0.2509803921568627400, 0.2509803921568627400 ) ;
#8694 = DIRECTION ( 'NONE',  ( -0.0000000000000000000, -1.000000000000000000, 0.0000000000000000000 ) ) ;
#8695 = ORIENTED_EDGE ( 'NONE', *, *, #4984, .T. ) ;
#8696 = PRESENTATION_STYLE_ASSIGNMENT (( #6203 ) ) ;
#8697 = EDGE_CURVE ( 'NONE', #9462, #6310, #6546, .T. ) ;
#8698 = PRODUCT_DEFINITION_FORMATION_WITH_SPECIFIED_SOURCE ( 'ÈÎºÎ', '', #4893, .NOT_KNOWN. ) ;
#8699 = CARTESIAN_POINT ( 'NONE',  ( 12.41131721596999400, 11.95431717055950000, 27.70000000000000300 ) ) ;
#8700 = CARTESIAN_POINT ( 'NONE',  ( 3.189819593624492600, -2.414556231388945000, -1.999999999999999600 ) ) ;
#8701 = FILL_AREA_STYLE_COLOUR ( '', #2344 ) ;
#8702 =( NAMED_UNIT ( * ) SI_UNIT ( $, .STERADIAN. ) SOLID_ANGLE_UNIT ( ) );
#8703 = UNCERTAINTY_MEASURE_WITH_UNIT (LENGTH_MEASURE( 1.000000000000000100E-005 ), #6981, 'distance_accuracy_value', 'NONE');
#8704 = SURFACE_STYLE_USAGE ( .BOTH. , #2555 ) ;
#8705 = PRESENTATION_LAYER_ASSIGNMENT (  '', '', ( #7534 ) ) ;
#8706 = EDGE_CURVE ( 'NONE', #3910, #251, #1861, .T. ) ;
#8707 = PRESENTATION_STYLE_ASSIGNMENT (( #5471 ) ) ;
#8708 = ORIENTED_EDGE ( 'NONE', *, *, #6691, .F. ) ;
#8709 = CARTESIAN_POINT ( 'NONE',  ( 17.60000000000000500, 17.60000000000000100, 20.19999999999999900 ) ) ;
#8710 = CIRCLE ( 'NONE', #6745, 1.249999999999999300 ) ;
#8711 = CARTESIAN_POINT ( 'NONE',  ( 14.37408074114595600, -13.58868278403014400, 26.70000000000000300 ) ) ;
#8712 = FACE_OUTER_BOUND ( 'NONE', #10044, .T. ) ;
#8713 = ADVANCED_FACE ( 'NONE', ( #2727 ), #3156, .T. ) ;
#8714 = COLOUR_RGB ( '',1.000000000000000000, 1.000000000000000000, 1.000000000000000000 ) ;
#8715 = DIRECTION ( 'NONE',  ( -0.0000000000000000000, -1.000000000000000000, 0.0000000000000000000 ) ) ;
#8716 = VERTEX_POINT ( 'NONE', #4053 ) ;
#8717 = COLOUR_RGB ( '',1.000000000000000000, 1.000000000000000000, 1.000000000000000000 ) ;
#8718 =( GEOMETRIC_REPRESENTATION_CONTEXT ( 3 ) GLOBAL_UNCERTAINTY_ASSIGNED_CONTEXT ( ( #1329 ) ) GLOBAL_UNIT_ASSIGNED_CONTEXT ( ( #8427, #3165, #9284 ) ) REPRESENTATION_CONTEXT ( 'NONE', 'WORKASPACE' ) );
#8719 = CARTESIAN_POINT ( 'NONE',  ( -14.25000000000000400, -13.00000000000000200, -5.844014525531170600E-017 ) ) ;
#8720 = CARTESIAN_POINT ( 'NONE',  ( -3.385702456046242300, -2.131126230554077700, -1.999999999999999600 ) ) ;
#8721 = PRODUCT_CONTEXT ( 'NONE', #4306, 'mechanical' ) ;
#8722 = SURFACE_SIDE_STYLE ('',( #10874 ) ) ;
#8723 = CARTESIAN_POINT ( 'NONE',  ( 12.79997844077994500, -15.60000000000000100, 12.79997844077973700 ) ) ;
#8724 = LINE ( 'NONE', #9247, #11022 ) ;
#8725 = ORIENTED_EDGE ( 'NONE', *, *, #965, .F. ) ;
#8726 = STYLED_ITEM ( 'NONE', ( #10899 ), #8291 ) ;
#8727 = LINE ( 'NONE', #3137, #4056 ) ;
#8728 = FACE_OUTER_BOUND ( 'NONE', #8106, .T. ) ;
#8729 = ORIENTED_EDGE ( 'NONE', *, *, #6534, .F. ) ;
#8730 = ORIENTED_EDGE ( 'NONE', *, *, #7813, .T. ) ;
#8731 =( NAMED_UNIT ( * ) SI_UNIT ( $, .STERADIAN. ) SOLID_ANGLE_UNIT ( ) );
#8732 = CARTESIAN_POINT ( 'NONE',  ( 13.60000000000000700, -17.10000000000000100, 28.19999999999999900 ) ) ;
#8733 = SURFACE_STYLE_FILL_AREA ( #5469 ) ;
#8734 = CARTESIAN_POINT ( 'NONE',  ( 14.37408074114596500, -12.41131721597004900, 27.65553645166690400 ) ) ;
#8735 =( LENGTH_UNIT ( ) NAMED_UNIT ( * ) SI_UNIT ( .MILLI., .METRE. ) );
#8736 = CARTESIAN_POINT ( 'NONE',  ( -17.09999999999999800, 15.65025253169416400, 28.19999999999999900 ) ) ;
#8737 = ORIENTED_EDGE ( 'NONE', *, *, #4354, .T. ) ;
#8738 = DIRECTION ( 'NONE',  ( 0.0000000000000000000, 0.0000000000000000000, 1.000000000000000000 ) ) ;
#8739 = SURFACE_STYLE_USAGE ( .BOTH. , #2595 ) ;
#8740 = VERTEX_POINT ( 'NONE', #5866 ) ;
#8741 =( NAMED_UNIT ( * ) PLANE_ANGLE_UNIT ( ) SI_UNIT ( $, .RADIAN. ) );
#8742 = VERTEX_POINT ( 'NONE', #545 ) ;
#8743 = EDGE_CURVE ( 'NONE', #11060, #622, #7776, .T. ) ;
#8744 =( NAMED_UNIT ( * ) SI_UNIT ( $, .STERADIAN. ) SOLID_ANGLE_UNIT ( ) );
#8745 = VECTOR ( 'NONE', #11130, 1000.000000000000000 ) ;
#8746 = CARTESIAN_POINT ( 'NONE',  ( 12.99999999999999600, 12.99999999999999600, 25.19999999999999900 ) ) ;
#8747 = MECHANICAL_DESIGN_GEOMETRIC_PRESENTATION_REPRESENTATION (  '', ( #5791 ), #9310 ) ;
#8748 = MECHANICAL_DESIGN_GEOMETRIC_PRESENTATION_REPRESENTATION (  '', ( #6401 ), #9313 ) ;
#8749 = ORIENTED_EDGE ( 'NONE', *, *, #11203, .F. ) ;
#8750 = AXIS2_PLACEMENT_3D ( 'NONE', #9611, #4362, #10492 ) ;
#8751 = UNCERTAINTY_MEASURE_WITH_UNIT (LENGTH_MEASURE( 1.000000000000000100E-005 ), #802, 'distance_accuracy_value', 'NONE');
#8752 = CARTESIAN_POINT ( 'NONE',  ( -13.00000000000010700, -11.62591925885380400, 27.69007980070172800 ) ) ;
#8753 = DIRECTION ( 'NONE',  ( -1.000000000000000000, -0.0000000000000000000, 0.0000000000000000000 ) ) ;
#8754 = CIRCLE ( 'NONE', #550, 2.799999999999999800 ) ;
#8755 = LINE ( 'NONE', #9359, #8486 ) ;
#8756 = DIRECTION ( 'NONE',  ( 0.0000000000000000000, 0.0000000000000000000, -1.000000000000000000 ) ) ;
#8757 = VECTOR ( 'NONE', #5844, 1000.000000000000000 ) ;
#8758 = UNCERTAINTY_MEASURE_WITH_UNIT (LENGTH_MEASURE( 1.000000000000000100E-005 ), #10936, 'distance_accuracy_value', 'NONE');
#8759 = CARTESIAN_POINT ( 'NONE',  ( -12.99999999999999800, 12.99999999999927200, 25.19999999999999900 ) ) ;
#8760 = VERTEX_POINT ( 'NONE', #2377 ) ;
#8761 = DIRECTION ( 'NONE',  ( 0.0000000000000000000, 0.0000000000000000000, 1.000000000000000000 ) ) ;
#8762 = LINE ( 'NONE', #3448, #6151 ) ;
#8763 = CARTESIAN_POINT ( 'NONE',  ( 2.245330193905481100, 3.311038578853488200, -1.999999999999999600 ) ) ;
#8764 = CARTESIAN_POINT ( 'NONE',  ( 11.79999999999999500, 12.99999999999999800, 27.70000000000000300 ) ) ;
#8765 = CARTESIAN_POINT ( 'NONE',  ( -14.19999999999981100, -13.00000000000072500, 26.70000000000000300 ) ) ;
#8766 = EDGE_CURVE ( 'NONE', #7560, #10992, #3127, .T. ) ;
#8767 = STYLED_ITEM ( 'NONE', ( #658 ), #10958 ) ;
#8768 = STYLED_ITEM ( 'NONE', ( #3723 ), #10736 ) ;
#8769 = PLANE ( 'NONE',  #10087 ) ;
#8770 = PLANE ( 'NONE',  #7845 ) ;
#8771 = ADVANCED_FACE ( 'NONE', ( #2861 ), #10281, .F. ) ;
#8772 = COLOUR_RGB ( '',1.000000000000000000, 1.000000000000000000, 1.000000000000000000 ) ;
#8773 = DIRECTION ( 'NONE',  ( 7.719400327253202000E-015, 1.000000000000000000, 0.0000000000000000000 ) ) ;
#8774 = FILL_AREA_STYLE_COLOUR ( '', #7811 ) ;
#8775 = FILL_AREA_STYLE_COLOUR ( '', #59 ) ;
#8776 = VERTEX_POINT ( 'NONE', #7651 ) ;
#8777 =( LENGTH_UNIT ( ) NAMED_UNIT ( * ) SI_UNIT ( .MILLI., .METRE. ) );
#8778 = AXIS2_PLACEMENT_3D ( 'NONE', #9144, #9106, #9066 ) ;
#8779 = CARTESIAN_POINT ( 'NONE',  ( 10.49999999999999600, 20.99999999999999300, -2.000000000000000000 ) ) ;
#8780 = VERTEX_POINT ( 'NONE', #5080 ) ;
#8781 = VERTEX_POINT ( 'NONE', #11161 ) ;
#8782 = UNCERTAINTY_MEASURE_WITH_UNIT (LENGTH_MEASURE( 1.000000000000000100E-005 ), #56, 'distance_accuracy_value', 'NONE');
#8783 = EDGE_CURVE ( 'NONE', #4118, #6360, #4349, .T. ) ;
#8784 = CARTESIAN_POINT ( 'NONE',  ( -10.79999999999921400, 12.99999999999927200, 27.69999999999999900 ) ) ;
#8785 = CARTESIAN_POINT ( 'NONE',  ( -14.20000000000078400, 12.99999999999927000, 26.70000000000000300 ) ) ;
#8786 = CARTESIAN_POINT ( 'NONE',  ( 0.0000000000000000000, 2.000000000000000000, 0.0000000000000000000 ) ) ;
#8787 = VERTEX_POINT ( 'NONE', #5954 ) ;
#8788 = STYLED_ITEM ( 'NONE', ( #5483 ), #4559 ) ;
#8789 = DIRECTION ( 'NONE',  ( 0.7069610411263199700, 0.7072524912148346900, -0.0000000000000000000 ) ) ;
#8790 = ORIENTED_EDGE ( 'NONE', *, *, #7886, .T. ) ;
#8791 = VERTEX_POINT ( 'NONE', #6832 ) ;
#8792 = SURFACE_SIDE_STYLE ('',( #319 ) ) ;
#8793 = FACE_OUTER_BOUND ( 'NONE', #8908, .T. ) ;
#8794 = FILL_AREA_STYLE ('',( #7026 ) ) ;
#8795 = ORIENTED_EDGE ( 'NONE', *, *, #10804, .F. ) ;
#8796 = VERTEX_POINT ( 'NONE', #1543 ) ;
#8797 = MECHANICAL_DESIGN_GEOMETRIC_PRESENTATION_REPRESENTATION (  '', ( #7613 ), #9364 ) ;
#8798 = ORIENTED_EDGE ( 'NONE', *, *, #10804, .T. ) ;
#8799 =( NAMED_UNIT ( * ) PLANE_ANGLE_UNIT ( ) SI_UNIT ( $, .RADIAN. ) );
#8800 =( NAMED_UNIT ( * ) SI_UNIT ( $, .STERADIAN. ) SOLID_ANGLE_UNIT ( ) );
#8801 = CARTESIAN_POINT ( 'NONE',  ( -13.58868278403019800, -14.37408074114591000, 27.65553645166702500 ) ) ;
#8802 = SURFACE_STYLE_USAGE ( .BOTH. , #2672 ) ;
#8803 = CARTESIAN_POINT ( 'NONE',  ( -2.799999999999999800, 0.0000000000000000000, 1.000000000000000000 ) ) ;
#8804 = ORIENTED_EDGE ( 'NONE', *, *, #6780, .T. ) ;
#8805 = COLOUR_RGB ( '',1.000000000000000000, 1.000000000000000000, 1.000000000000000000 ) ;
#8806 =( GEOMETRIC_REPRESENTATION_CONTEXT ( 3 ) GLOBAL_UNCERTAINTY_ASSIGNED_CONTEXT ( ( #6094 ) ) GLOBAL_UNIT_ASSIGNED_CONTEXT ( ( #800, #7017, #1729 ) ) REPRESENTATION_CONTEXT ( 'NONE', 'WORKASPACE' ) );
#8807 = SURFACE_STYLE_USAGE ( .BOTH. , #2678 ) ;
#8808 = DIRECTION ( 'NONE',  ( -0.0000000000000000000, -0.0000000000000000000, -1.000000000000000000 ) ) ;
#8809 = DIRECTION ( 'NONE',  ( 9.856383386231860100E-017, -1.000000000000000000, 0.0000000000000000000 ) ) ;
#8810 = VERTEX_POINT ( 'NONE', #9477 ) ;
#8811 = PRESENTATION_STYLE_ASSIGNMENT (( #9788 ) ) ;
#8812 = SURFACE_STYLE_USAGE ( .BOTH. , #2687 ) ;
#8813 = CARTESIAN_POINT ( 'NONE',  ( -3.007529995131446900, -15.60000000000000100, 0.0000000000000000000 ) ) ;
#8814 = ORIENTED_EDGE ( 'NONE', *, *, #2001, .F. ) ;
#8815 =( LENGTH_UNIT ( ) NAMED_UNIT ( * ) SI_UNIT ( .MILLI., .METRE. ) );
#8816 = ORIENTED_EDGE ( 'NONE', *, *, #11393, .F. ) ;
#8817 = STYLED_ITEM ( 'NONE', ( #2236 ), #9085 ) ;
#8818 = EDGE_LOOP ( 'NONE', ( #6757, #610 ) ) ;
#8819 = FILL_AREA_STYLE ('',( #7058 ) ) ;
#8820 = STYLED_ITEM ( 'NONE', ( #8456 ), #7258 ) ;
#8821 = DIRECTION ( 'NONE',  ( 0.0000000000000000000, 0.0000000000000000000, 1.000000000000000000 ) ) ;
#8822 =( BOUNDED_CURVE ( )  B_SPLINE_CURVE ( 3, ( #9152, #1151, #10904, #5660 ),
 .UNSPECIFIED., .F., .F. ) 
 B_SPLINE_CURVE_WITH_KNOTS ( ( 4, 4 ),
 ( 0.0000000000000000000, 1.000000000000000000 ),
 .UNSPECIFIED. ) 
 CURVE ( )  GEOMETRIC_REPRESENTATION_ITEM ( )  RATIONAL_B_SPLINE_CURVE ( ( 1.000000000000000000, 0.9711696904485328500, 0.9711696904485328500, 1.000000000000000000 ) ) 
 REPRESENTATION_ITEM ( '' )  );
#8823 = EDGE_CURVE ( 'NONE', #9324, #6654, #10876, .T. ) ;
#8824 = ADVANCED_FACE ( 'NONE', ( #9012 ), #3250, .T. ) ;
#8825 = ORIENTED_EDGE ( 'NONE', *, *, #7247, .F. ) ;
#8826 = FILL_AREA_STYLE_COLOUR ( '', #734 ) ;
#8827 = CARTESIAN_POINT ( 'NONE',  ( 17.60000000000000900, 15.94314575050761800, 27.99289321881345300 ) ) ;
#8828 = EDGE_LOOP ( 'NONE', ( #5142, #9588 ) ) ;
#8829 = UNCERTAINTY_MEASURE_WITH_UNIT (LENGTH_MEASURE( 1.000000000000000100E-005 ), #3198, 'distance_accuracy_value', 'NONE');
#8830 = EDGE_CURVE ( 'NONE', #8394, #1761, #5593, .T. ) ;
#8831 =( GEOMETRIC_REPRESENTATION_CONTEXT ( 3 ) GLOBAL_UNCERTAINTY_ASSIGNED_CONTEXT ( ( #9663 ) ) GLOBAL_UNIT_ASSIGNED_CONTEXT ( ( #8477, #3219, #9335 ) ) REPRESENTATION_CONTEXT ( 'NONE', 'WORKASPACE' ) );
#8832 = DIRECTION ( 'NONE',  ( 0.0000000000000000000, 0.0000000000000000000, 1.000000000000000000 ) ) ;
#8833 = SURFACE_STYLE_USAGE ( .BOTH. , #2713 ) ;
#8834 = DIRECTION ( 'NONE',  ( -0.0000000000000000000, -1.000000000000000000, -0.0000000000000000000 ) ) ;
#8835 = SURFACE_STYLE_USAGE ( .BOTH. , #2717 ) ;
#8836 = ORIENTED_EDGE ( 'NONE', *, *, #10258, .F. ) ;
#8837 = DIRECTION ( 'NONE',  ( -1.000000000000000000, -0.0000000000000000000, -0.0000000000000000000 ) ) ;
#8838 = SURFACE_STYLE_USAGE ( .BOTH. , #2719 ) ;
#8839 = CARTESIAN_POINT ( 'NONE',  ( 15.20000000000053900, -12.99999999999999600, 26.70000000000000300 ) ) ;
#8840 = PRESENTATION_LAYER_ASSIGNMENT (  '', '', ( #9406 ) ) ;
#8841 = PRESENTATION_LAYER_ASSIGNMENT (  '', '', ( #8262 ) ) ;
#8842 =( BOUNDED_SURFACE ( )  B_SPLINE_SURFACE ( 3, 3, ( 
 ( #8384, #416, #6640, #1339 ),
 ( #7543, #2250, #8424, #3164 ),
 ( #9283, #4046, #10174, #4918 ),
 ( #11031, #5795, #452, #6677 ) ),
 .UNSPECIFIED., .F., .F., .F. ) 
 B_SPLINE_SURFACE_WITH_KNOTS ( ( 4, 4 ),
 ( 4, 4 ),
 ( 0.0000000000000000000, 1.000000000000000000 ),
 ( 0.0000000000000000000, 1.000000000000000000 ),
 .UNSPECIFIED. ) 
 GEOMETRIC_REPRESENTATION_ITEM ( )  RATIONAL_B_SPLINE_SURFACE ( (
 ( 1.000000000000000000, 0.3333333333333334300, 0.3333333333333334300, 1.000000000000000000),
 ( 0.8047378541243649400, 0.2682459513747884100, 0.2682459513747884100, 0.8047378541243649400),
 ( 0.8047378541243649400, 0.2682459513747884100, 0.2682459513747884100, 0.8047378541243649400),
 ( 1.000000000000000000, 0.3333333333333334300, 0.3333333333333334300, 1.000000000000000000) ) ) 
 REPRESENTATION_ITEM ( '' )  SURFACE ( )  );
#8843 = CARTESIAN_POINT ( 'NONE',  ( -17.59999999999999800, -13.60000000000000100, 20.19999999999999900 ) ) ;
#8844 = COLOUR_RGB ( '',1.000000000000000000, 1.000000000000000000, 1.000000000000000000 ) ;
#8845 = PRESENTATION_STYLE_ASSIGNMENT (( #8838 ) ) ;
#8846 = EDGE_CURVE ( 'NONE', #2208, #7880, #7914, .T. ) ;
#8847 =( NAMED_UNIT ( * ) SI_UNIT ( $, .STERADIAN. ) SOLID_ANGLE_UNIT ( ) );
#8848 = ORIENTED_EDGE ( 'NONE', *, *, #3761, .T. ) ;
#8849 = FILL_AREA_STYLE ('',( #7964 ) ) ;
#8850 =( NAMED_UNIT ( * ) PLANE_ANGLE_UNIT ( ) SI_UNIT ( $, .RADIAN. ) );
#8851 = CARTESIAN_POINT ( 'NONE',  ( 14.04568282944103800, -12.41131721597004800, 27.70000000000000300 ) ) ;
#8852 = EDGE_CURVE ( 'NONE', #183, #2067, #1131, .T. ) ;
#8853 = DIRECTION ( 'NONE',  ( -0.0000000000000000000, -0.0000000000000000000, -1.000000000000000000 ) ) ;
#8854 = VERTEX_POINT ( 'NONE', #10434 ) ;
#8855 = SURFACE_STYLE_FILL_AREA ( #11234 ) ;
#8856 = FACE_OUTER_BOUND ( 'NONE', #9871, .T. ) ;
#8857 = ORIENTED_EDGE ( 'NONE', *, *, #9109, .F. ) ;
#8858 = DIRECTION ( 'NONE',  ( 0.0000000000000000000, 0.0000000000000000000, -1.000000000000000000 ) ) ;
#8859 =( NAMED_UNIT ( * ) SI_UNIT ( $, .STERADIAN. ) SOLID_ANGLE_UNIT ( ) );
#8860 = VECTOR ( 'NONE', #8158, 1000.000000000000000 ) ;
#8861 = DIRECTION ( 'NONE',  ( 0.0000000000000000000, 0.0000000000000000000, -1.000000000000000000 ) ) ;
#8862 = ORIENTED_EDGE ( 'NONE', *, *, #1719, .T. ) ;
#8863 = CIRCLE ( 'NONE', #7449, 2.798616204073610900 ) ;
#8864 = PRESENTATION_LAYER_ASSIGNMENT (  '', '', ( #8295 ) ) ;
#8865 = ORIENTED_EDGE ( 'NONE', *, *, #3633, .F. ) ;
#8866 = EDGE_LOOP ( 'NONE', ( #6478, #5083, #11154, #1979, #8672 ) ) ;
#8867 =( LENGTH_UNIT ( ) NAMED_UNIT ( * ) SI_UNIT ( .MILLI., .METRE. ) );
#8868 = CARTESIAN_POINT ( 'NONE',  ( -1.440997501948494900, 3.731572103822116600, -2.000000000000000000 ) ) ;
#8869 = CARTESIAN_POINT ( 'NONE',  ( 13.58868278403008700, 11.62591925885389600, 26.70000000000000300 ) ) ;
#8870 = CYLINDRICAL_SURFACE ( 'NONE', #2542, 0.4726131969088088700 ) ;
#8871 = AXIS2_PLACEMENT_3D ( 'NONE', #2217, #4849, #8395 ) ;
#8872 = CARTESIAN_POINT ( 'NONE',  ( 12.45897040736657100, -11.92888516960426100, 27.70000000000000300 ) ) ;
#8873 =( LENGTH_UNIT ( ) NAMED_UNIT ( * ) SI_UNIT ( .MILLI., .METRE. ) );
#8874 = ORIENTED_EDGE ( 'NONE', *, *, #10357, .T. ) ;
#8875 = ADVANCED_FACE ( 'NONE', ( #2998 ), #8870, .T. ) ;
#8876 =( LENGTH_UNIT ( ) NAMED_UNIT ( * ) SI_UNIT ( .MILLI., .METRE. ) );
#8877 =( NAMED_UNIT ( * ) PLANE_ANGLE_UNIT ( ) SI_UNIT ( $, .RADIAN. ) );
#8878 =( NAMED_UNIT ( * ) SI_UNIT ( $, .STERADIAN. ) SOLID_ANGLE_UNIT ( ) );
#8879 = CARTESIAN_POINT ( 'NONE',  ( 17.60000000000000500, -17.60000000000000100, 20.19999999999999900 ) ) ;
#8880 = CARTESIAN_POINT ( 'NONE',  ( 17.60000000000000500, -17.60000000000000100, 8.000000000000000000 ) ) ;
#8881 = AXIS2_PLACEMENT_3D ( 'NONE', #8711, #3434, #9573 ) ;
#8882 = DIRECTION ( 'NONE',  ( -0.0000000000000000000, -0.0000000000000000000, -1.000000000000000000 ) ) ;
#8883 = DIRECTION ( 'NONE',  ( 0.0000000000000000000, 0.0000000000000000000, 1.000000000000000000 ) ) ;
#8884 = ORIENTED_EDGE ( 'NONE', *, *, #7701, .F. ) ;
#8885 = EDGE_CURVE ( 'NONE', #3575, #9961, #11151, .T. ) ;
#8886 = FACE_OUTER_BOUND ( 'NONE', #7843, .T. ) ;
#8887 =( BOUNDED_SURFACE ( )  B_SPLINE_SURFACE ( 3, 3, ( 
 ( #7745, #6004, #684, #6889 ),
 ( #1596, #7784, #2518, #8670 ),
 ( #3402, #9536, #4294, #10412 ),
 ( #5172, #11246, #6047, #721 ) ),
 .UNSPECIFIED., .F., .F., .F. ) 
 B_SPLINE_SURFACE_WITH_KNOTS ( ( 4, 4 ),
 ( 4, 4 ),
 ( 0.0000000000000000000, 1.000000000000000000 ),
 ( 0.0000000000000000000, 1.000000000000000000 ),
 .UNSPECIFIED. ) 
 GEOMETRIC_REPRESENTATION_ITEM ( )  RATIONAL_B_SPLINE_SURFACE ( (
 ( 1.000000000000000000, 0.8047378541243651600, 0.8047378541243651600, 1.000000000000000000),
 ( 0.8047378541243649400, 0.6476030138606878600, 0.6476030138606878600, 0.8047378541243649400),
 ( 0.8047378541243649400, 0.6476030138606878600, 0.6476030138606878600, 0.8047378541243649400),
 ( 1.000000000000000000, 0.8047378541243651600, 0.8047378541243651600, 1.000000000000000000) ) ) 
 REPRESENTATION_ITEM ( '' )  SURFACE ( )  );
#8888 = FILL_AREA_STYLE ('',( #2774 ) ) ;
#8889 = EDGE_CURVE ( 'NONE', #5226, #8323, #6806, .T. ) ;
#8890 = AXIS2_PLACEMENT_3D ( 'NONE', #3568, #9702, #4448 ) ;
#8891 = UNCERTAINTY_MEASURE_WITH_UNIT (LENGTH_MEASURE( 1.000000000000000100E-005 ), #5624, 'distance_accuracy_value', 'NONE');
#8892 = SURFACE_STYLE_USAGE ( .BOTH. , #10132 ) ;
#8893 = VERTEX_POINT ( 'NONE', #10478 ) ;
#8894 = CARTESIAN_POINT ( 'NONE',  ( 11.50000000000000000, 0.0000000000000000000, -0.5000000000000000000 ) ) ;
#8895 = FILL_AREA_STYLE ('',( #7148 ) ) ;
#8896 = DIRECTION ( 'NONE',  ( -1.000000000000000000, 0.0000000000000000000, 0.0000000000000000000 ) ) ;
#8897 = CARTESIAN_POINT ( 'NONE',  ( -3.421868976916894000, 2.075856652810606400, -2.000000000000000000 ) ) ;
#8898 = MECHANICAL_DESIGN_GEOMETRIC_PRESENTATION_REPRESENTATION (  '', ( #6548 ), #9478 ) ;
#8899 = LINE ( 'NONE', #4589, #2161 ) ;
#8900 = FILL_AREA_STYLE ('',( #9792 ) ) ;
#8901 = ORIENTED_EDGE ( 'NONE', *, *, #8315, .T. ) ;
#8902 = CARTESIAN_POINT ( 'NONE',  ( 12.99999999999999600, 12.99999999999999600, 25.19999999999999900 ) ) ;
#8903 = EDGE_CURVE ( 'NONE', #2458, #872, #4479, .T. ) ;
#8904 = STYLED_ITEM ( 'NONE', ( #4977 ), #11404 ) ;
#8905 = ORIENTED_EDGE ( 'NONE', *, *, #1742, .T. ) ;
#8906 = FILL_AREA_STYLE ('',( #902 ) ) ;
#8907 = ORIENTED_EDGE ( 'NONE', *, *, #10440, .F. ) ;
#8908 = EDGE_LOOP ( 'NONE', ( #7412, #9329, #10316, #8925, #6582, #4070, #10270, #10151, #1749, #1849, #8579, #5805 ) ) ;
#8909 = EDGE_CURVE ( 'NONE', #6049, #3800, #6538, .T. ) ;
#8910 = B_SPLINE_CURVE_WITH_KNOTS ( 'NONE', 3,
 ( #8098, #8062, #91, #2858 ),
 .UNSPECIFIED., .F., .F.,
 ( 4, 4 ),
 ( 1.734723475976806900E-018, 0.0003313943203229232300 ),
 .UNSPECIFIED. ) ;
#8911 = CARTESIAN_POINT ( 'NONE',  ( 10.20138379592711100, -12.99999999999999600, 27.69999999999999900 ) ) ;
#8912 = VERTEX_POINT ( 'NONE', #11341 ) ;
#8913 = CARTESIAN_POINT ( 'NONE',  ( -12.99999999999927200, -13.00000000000072300, 27.69999999999999900 ) ) ;
#8914 = PLANE ( 'NONE',  #1053 ) ;
#8915 = DIRECTION ( 'NONE',  ( 1.000000000000000000, 0.0000000000000000000, -0.0000000000000000000 ) ) ;
#8916 = CARTESIAN_POINT ( 'NONE',  ( 11.80064611981717000, 13.54102959263330100, 27.69507424152990200 ) ) ;
#8917 = CARTESIAN_POINT ( 'NONE',  ( -13.54102959263334700, 12.41131721596995000, 27.69999999999999900 ) ) ;
#8918 = ORIENTED_EDGE ( 'NONE', *, *, #10411, .T. ) ;
#8919 = EDGE_LOOP ( 'NONE', ( #10241, #6410, #8373, #6774 ) ) ;
#8920 = VECTOR ( 'NONE', #2033, 1000.000000000000000 ) ;
#8921 = AXIS2_PLACEMENT_3D ( 'NONE', #10168, #4915, #11028 ) ;
#8922 = MECHANICAL_DESIGN_GEOMETRIC_PRESENTATION_REPRESENTATION (  '', ( #7180 ), #9502 ) ;
#8923 =( NAMED_UNIT ( * ) PLANE_ANGLE_UNIT ( ) SI_UNIT ( $, .RADIAN. ) );
#8924 = ADVANCED_FACE ( 'NONE', ( #2129 ), #8770, .F. ) ;
#8925 = ORIENTED_EDGE ( 'NONE', *, *, #10589, .F. ) ;
#8926 =( NAMED_UNIT ( * ) PLANE_ANGLE_UNIT ( ) SI_UNIT ( $, .RADIAN. ) );
#8927 = ORIENTED_EDGE ( 'NONE', *, *, #4295, .F. ) ;
#8928 = CIRCLE ( 'NONE', #6595, 0.5000000000000004400 ) ;
#8929 = CARTESIAN_POINT ( 'NONE',  ( -13.36068639508889800, 14.26285049231137400, 27.69730827491899900 ) ) ;
#8930 = FILL_AREA_STYLE ('',( #5363 ) ) ;
#8931 = CARTESIAN_POINT ( 'NONE',  ( -9.701383795924931200, -19.59723240814939500, 28.20000000000000300 ) ) ;
#8932 = LINE ( 'NONE', #6756, #6596 ) ;
#8933 = CARTESIAN_POINT ( 'NONE',  ( -11.92888516960188700, -13.54102959263322100, 27.70000000000000300 ) ) ;
#8934 = VERTEX_POINT ( 'NONE', #9717 ) ;
#8935 = ORIENTED_EDGE ( 'NONE', *, *, #10612, .F. ) ;
#8936 = DIRECTION ( 'NONE',  ( -7.366970476447054700E-015, -1.000000000000000000, 0.0000000000000000000 ) ) ;
#8937 = CARTESIAN_POINT ( 'NONE',  ( 11.45062910550455000, 17.60000000000000100, 8.000000000000000000 ) ) ;
#8938 = DIRECTION ( 'NONE',  ( 0.0000000000000000000, 0.0000000000000000000, 1.000000000000000000 ) ) ;
#8939 = CIRCLE ( 'NONE', #4866, 1.249999999999999300 ) ;
#8940 = VERTEX_POINT ( 'NONE', #8839 ) ;
#8941 = COLOUR_RGB ( '',0.0000000000000000000, 0.5019607843137254800, 1.000000000000000000 ) ;
#8942 =( GEOMETRIC_REPRESENTATION_CONTEXT ( 3 ) GLOBAL_UNCERTAINTY_ASSIGNED_CONTEXT ( ( #6720 ) ) GLOBAL_UNIT_ASSIGNED_CONTEXT ( ( #5409, #60, #6303 ) ) REPRESENTATION_CONTEXT ( 'NONE', 'WORKASPACE' ) );
#8943 = CARTESIAN_POINT ( 'NONE',  ( 11.00000000000000000, -2.694222958124176800E-015, -0.5000000000000001100 ) ) ;
#8944 = DIRECTION ( 'NONE',  ( -1.000000000000000000, 5.146266884835468500E-015, 0.0000000000000000000 ) ) ;
#8945 = FILL_AREA_STYLE_COLOUR ( '', #9486 ) ;
#8946 = VECTOR ( 'NONE', #8512, 1000.000000000000000 ) ;
#8947 = VECTOR ( 'NONE', #483, 1000.000000000000000 ) ;
#8948 = CARTESIAN_POINT ( 'NONE',  ( 12.45897040736656600, -12.41131721597003500, 26.70000000000000300 ) ) ;
#8949 =( BOUNDED_CURVE ( )  B_SPLINE_CURVE ( 3, ( #6781, #6210, #6631, #11136 ),
 .UNSPECIFIED., .F., .T. ) 
 B_SPLINE_CURVE_WITH_KNOTS ( ( 4, 4 ),
 ( 0.0000000000000000000, 1.000000000000000000 ),
 .UNSPECIFIED. ) 
 CURVE ( )  GEOMETRIC_REPRESENTATION_ITEM ( )  RATIONAL_B_SPLINE_CURVE ( ( 1.000000000000000000, 0.3333333333333332000, 0.3333333333333332000, 1.000000000000000000 ) ) 
 REPRESENTATION_ITEM ( '' )  );
#8950 = EDGE_CURVE ( 'NONE', #10699, #10641, #11237, .T. ) ;
#8951 = ORIENTED_EDGE ( 'NONE', *, *, #10943, .F. ) ;
#8952 = CARTESIAN_POINT ( 'NONE',  ( 9.701383795927110800, -12.99999999999999500, 28.19999999999999600 ) ) ;
#8953 = ORIENTED_EDGE ( 'NONE', *, *, #1973, .F. ) ;
#8954 = CARTESIAN_POINT ( 'NONE',  ( 0.0000000000000000000, 0.0000000000000000000, 26.20000000000000300 ) ) ;
#8955 = CARTESIAN_POINT ( 'NONE',  ( -10.20138379592493300, -13.00000000000072300, 25.19999999999999900 ) ) ;
#8956 = DIRECTION ( 'NONE',  ( 0.0000000000000000000, 0.0000000000000000000, -1.000000000000000000 ) ) ;
#8957 = PRESENTATION_LAYER_ASSIGNMENT (  '', '', ( #7778 ) ) ;
#8958 = DIRECTION ( 'NONE',  ( 0.0000000000000000000, -1.000000000000000000, 0.0000000000000000000 ) ) ;
#8959 = PRESENTATION_LAYER_ASSIGNMENT (  '', '', ( #8380 ) ) ;
#8960 =( BOUNDED_SURFACE ( )  B_SPLINE_SURFACE ( 3, 3, ( 
 ( #4632, #8169, #2913, #9036 ),
 ( #3798, #9921, #4669, #10796 ),
 ( #5561, #195, #6432, #1113 ),
 ( #7326, #2038, #8207, #2959 ) ),
 .UNSPECIFIED., .F., .F., .F. ) 
 B_SPLINE_SURFACE_WITH_KNOTS ( ( 4, 4 ),
 ( 4, 4 ),
 ( 0.0000000000000000000, 1.000000000000000000 ),
 ( 0.0000000000000000000, 1.000000000000000000 ),
 .UNSPECIFIED. ) 
 GEOMETRIC_REPRESENTATION_ITEM ( )  RATIONAL_B_SPLINE_SURFACE ( (
 ( 1.000000000000000000, 0.3333333333333334300, 0.3333333333333334300, 1.000000000000000000),
 ( 0.8047378541243649400, 0.2682459513747884100, 0.2682459513747884100, 0.8047378541243649400),
 ( 0.8047378541243649400, 0.2682459513747884100, 0.2682459513747884100, 0.8047378541243649400),
 ( 1.000000000000000000, 0.3333333333333334300, 0.3333333333333334300, 1.000000000000000000) ) ) 
 REPRESENTATION_ITEM ( '' )  SURFACE ( )  );
#8961 = ADVANCED_FACE ( 'NONE', ( #3377 ), #10594, .F. ) ;
#8962 = CYLINDRICAL_SURFACE ( 'NONE', #4341, 2.200000000000000600 ) ;
#8963 = LINE ( 'NONE', #9323, #4297 ) ;
#8964 = ORIENTED_EDGE ( 'NONE', *, *, #9246, .T. ) ;
#8965 = FILL_AREA_STYLE ('',( #6327 ) ) ;
#8966 = UNCERTAINTY_MEASURE_WITH_UNIT (LENGTH_MEASURE( 1.000000000000000100E-005 ), #2283, 'distance_accuracy_value', 'NONE');
#8967 = AXIS2_PLACEMENT_3D ( 'NONE', #2703, #2684, #2671 ) ;
#8968 = CARTESIAN_POINT ( 'NONE',  ( 13.60000000000000500, -17.60000000000000100, 20.19999999999999900 ) ) ;
#8969 = CARTESIAN_POINT ( 'NONE',  ( 13.54102959263326000, -12.41131721597004400, 26.70000000000000300 ) ) ;
#8970 = FILL_AREA_STYLE_COLOUR ( '', #7896 ) ;
#8971 = CYLINDRICAL_SURFACE ( 'NONE', #822, 1.249999999999999300 ) ;
#8972 = SURFACE_STYLE_FILL_AREA ( #3784 ) ;
#8973 = ORIENTED_EDGE ( 'NONE', *, *, #6740, .F. ) ;
#8974 = LINE ( 'NONE', #6155, #4311 ) ;
#8975 = EDGE_CURVE ( 'NONE', #10992, #5645, #2541, .T. ) ;
#8976 = MECHANICAL_DESIGN_GEOMETRIC_PRESENTATION_REPRESENTATION (  '', ( #7228 ), #9554 ) ;
#8977 = AXIS2_PLACEMENT_3D ( 'NONE', #6250, #912, #7124 ) ;
#8978 = FILL_AREA_STYLE_COLOUR ( '', #332 ) ;
#8979 = FILL_AREA_STYLE ('',( #8102 ) ) ;
#8980 = LINE ( 'NONE', #1652, #4314 ) ;
#8981 = PLANE ( 'NONE',  #3955 ) ;
#8982 = UNCERTAINTY_MEASURE_WITH_UNIT (LENGTH_MEASURE( 1.000000000000000100E-005 ), #10610, 'distance_accuracy_value', 'NONE');
#8983 = CARTESIAN_POINT ( 'NONE',  ( 12.41131721596999800, 12.45897040736660500, 26.70000000000000300 ) ) ;
#8984 = COLOUR_RGB ( '',1.000000000000000000, 1.000000000000000000, 1.000000000000000000 ) ;
#8985 = CARTESIAN_POINT ( 'NONE',  ( -12.45897040736665300, 14.07111483039649800, 27.70000000000000300 ) ) ;
#8986 = CARTESIAN_POINT ( 'NONE',  ( 15.20000000000053600, -12.99999999999999600, 26.70000000000000300 ) ) ;
#8987 = ORIENTED_EDGE ( 'NONE', *, *, #5244, .T. ) ;
#8988 = LINE ( 'NONE', #439, #6645 ) ;
#8989 = SURFACE_STYLE_USAGE ( .BOTH. , #2870 ) ;
#8990 = ADVANCED_FACE ( 'NONE', ( #9269 ), #1397, .T. ) ;
#8991 = DIRECTION ( 'NONE',  ( 0.0000000000000000000, 1.000000000000000000, 0.0000000000000000000 ) ) ;
#8992 = CYLINDRICAL_SURFACE ( 'NONE', #9386, 2.798616204074580300 ) ;
#8993 = EDGE_CURVE ( 'NONE', #5628, #8742, #10782, .T. ) ;
#8994 = DIRECTION ( 'NONE',  ( 0.0000000000000000000, 0.0000000000000000000, 1.000000000000000000 ) ) ;
#8995 = COLOUR_RGB ( '',1.000000000000000000, 1.000000000000000000, 1.000000000000000000 ) ;
#8996 = FILL_AREA_STYLE ('',( #10710 ) ) ;
#8997 = CARTESIAN_POINT ( 'NONE',  ( 17.10000000000000500, -13.60000000000000100, 0.5000000000000004400 ) ) ;
#8998 = VERTEX_POINT ( 'NONE', #7200 ) ;
#8999 = CARTESIAN_POINT ( 'NONE',  ( -12.45897040736665300, 12.99999999999927200, 27.69999999999999900 ) ) ;
#9000 = PRESENTATION_STYLE_ASSIGNMENT (( #2826 ) ) ;
#9001 = DIRECTION ( 'NONE',  ( -0.0000000000000000000, -0.0000000000000000000, -1.000000000000000000 ) ) ;
#9002 = ORIENTED_EDGE ( 'NONE', *, *, #9647, .F. ) ;
#9003 = ORIENTED_EDGE ( 'NONE', *, *, #5828, .T. ) ;
#9004 =( GEOMETRIC_REPRESENTATION_CONTEXT ( 3 ) GLOBAL_UNCERTAINTY_ASSIGNED_CONTEXT ( ( #8205 ) ) GLOBAL_UNIT_ASSIGNED_CONTEXT ( ( #2814, #8923, #3681 ) ) REPRESENTATION_CONTEXT ( 'NONE', 'WORKASPACE' ) );
#9005 = EDGE_CURVE ( 'NONE', #2490, #9580, #11050, .T. ) ;
#9006 = EDGE_LOOP ( 'NONE', ( #758, #7225, #6693, #2852 ) ) ;
#9007 = STYLED_ITEM ( 'NONE', ( #7246 ), #7957 ) ;
#9008 = ORIENTED_EDGE ( 'NONE', *, *, #3185, .F. ) ;
#9009 = ORIENTED_EDGE ( 'NONE', *, *, #2911, .F. ) ;
#9010 =( NAMED_UNIT ( * ) PLANE_ANGLE_UNIT ( ) SI_UNIT ( $, .RADIAN. ) );
#9011 = CARTESIAN_POINT ( 'NONE',  ( -15.79861620407457900, 12.99999999999927200, 25.19999999999999900 ) ) ;
#9012 = FACE_OUTER_BOUND ( 'NONE', #10136, .T. ) ;
#9013 =( GEOMETRIC_REPRESENTATION_CONTEXT ( 3 ) GLOBAL_UNCERTAINTY_ASSIGNED_CONTEXT ( ( #3653 ) ) GLOBAL_UNIT_ASSIGNED_CONTEXT ( ( #2030, #8203, #2952 ) ) REPRESENTATION_CONTEXT ( 'NONE', 'WORKASPACE' ) );
#9014 = CARTESIAN_POINT ( 'NONE',  ( -13.79749315005151200, -13.92812991172754300, 27.70000000000000300 ) ) ;
#9015 = SURFACE_STYLE_FILL_AREA ( #2935 ) ;
#9016 =( GEOMETRIC_REPRESENTATION_CONTEXT ( 3 ) GLOBAL_UNCERTAINTY_ASSIGNED_CONTEXT ( ( #5392 ) ) GLOBAL_UNIT_ASSIGNED_CONTEXT ( ( #4033, #10155, #4905 ) ) REPRESENTATION_CONTEXT ( 'NONE', 'WORKASPACE' ) );
#9017 = CARTESIAN_POINT ( 'NONE',  ( -9.994277014738383300, -13.00000000000071900, 28.20000000000000300 ) ) ;
#9018 = ADVANCED_FACE ( 'NONE', ( #3809 ), #8038, .F. ) ;
#9019 = ORIENTED_EDGE ( 'NONE', *, *, #2001, .T. ) ;
#9020 = ADVANCED_FACE ( 'NONE', ( #537 ), #10724, .T. ) ;
#9021 = MECHANICAL_DESIGN_GEOMETRIC_PRESENTATION_REPRESENTATION (  '', ( #7271 ), #9599 ) ;
#9022 = CIRCLE ( 'NONE', #11380, 0.5000000000000000000 ) ;
#9023 = CARTESIAN_POINT ( 'NONE',  ( -13.59999999999999800, -17.60000000000000100, 27.69999999999999900 ) ) ;
#9024 = SURFACE_STYLE_USAGE ( .BOTH. , #2903 ) ;
#9025 = UNCERTAINTY_MEASURE_WITH_UNIT (LENGTH_MEASURE( 1.000000000000000100E-005 ), #156, 'distance_accuracy_value', 'NONE');
#9026 = LINE ( 'NONE', #4959, #3141 ) ;
#9027 =( GEOMETRIC_REPRESENTATION_CONTEXT ( 3 ) GLOBAL_UNCERTAINTY_ASSIGNED_CONTEXT ( ( #1100 ) ) GLOBAL_UNIT_ASSIGNED_CONTEXT ( ( #1495, #7679, #2413 ) ) REPRESENTATION_CONTEXT ( 'NONE', 'WORKASPACE' ) );
#9028 = SURFACE_SIDE_STYLE ('',( #1632 ) ) ;
#9029 = VECTOR ( 'NONE', #4982, 1000.000000000000000 ) ;
#9030 = FILL_AREA_STYLE_COLOUR ( '', #8091 ) ;
#9031 = ORIENTED_EDGE ( 'NONE', *, *, #1827, .T. ) ;
#9032 = PRESENTATION_LAYER_ASSIGNMENT (  '', '', ( #7047 ) ) ;
#9033 = CARTESIAN_POINT ( 'NONE',  ( 13.54102959263326500, -11.73714950768871500, 27.68476953867931600 ) ) ;
#9034 = UNCERTAINTY_MEASURE_WITH_UNIT (LENGTH_MEASURE( 1.000000000000000100E-005 ), #375, 'distance_accuracy_value', 'NONE');
#9035 = DIRECTION ( 'NONE',  ( -1.000000000000000000, 3.032567676268349900E-016, 0.0000000000000000000 ) ) ;
#9036 = CARTESIAN_POINT ( 'NONE',  ( -9.701383795925416100, 12.99999999999927200, 28.19999999999999900 ) ) ;
#9037 = STYLED_ITEM ( 'NONE', ( #6913 ), #7161 ) ;
#9038 = CARTESIAN_POINT ( 'NONE',  ( 12.99999999999999600, -13.00000000000000500, 4.500000000000001800 ) ) ;
#9039 = EDGE_CURVE ( 'NONE', #8292, #9209, #4191, .T. ) ;
#9040 = EDGE_CURVE ( 'NONE', #8742, #8183, #1835, .T. ) ;
#9041 = PRESENTATION_STYLE_ASSIGNMENT (( #1150 ) ) ;
#9042 = ORIENTED_EDGE ( 'NONE', *, *, #214, .F. ) ;
#9043 = PRESENTATION_LAYER_ASSIGNMENT (  '', '', ( #8465 ) ) ;
#9044 = ORIENTED_EDGE ( 'NONE', *, *, #7247, .T. ) ;
#9045 = ADVANCED_FACE ( 'NONE', ( #6263 ), #7275, .F. ) ;
#9046 =( GEOMETRIC_REPRESENTATION_CONTEXT ( 3 ) GLOBAL_UNCERTAINTY_ASSIGNED_CONTEXT ( ( #10008 ) ) GLOBAL_UNIT_ASSIGNED_CONTEXT ( ( #6512, #1202, #7416 ) ) REPRESENTATION_CONTEXT ( 'NONE', 'WORKASPACE' ) );
#9047 = UNCERTAINTY_MEASURE_WITH_UNIT (LENGTH_MEASURE( 1.000000000000000100E-005 ), #134, 'distance_accuracy_value', 'NONE');
#9048 = ORIENTED_EDGE ( 'NONE', *, *, #2358, .F. ) ;
#9049 =( NAMED_UNIT ( * ) PLANE_ANGLE_UNIT ( ) SI_UNIT ( $, .RADIAN. ) );
#9050 = PRESENTATION_STYLE_ASSIGNMENT (( #911 ) ) ;
#9051 = CARTESIAN_POINT ( 'NONE',  ( -13.59999999999999800, 13.59999999999999800, 0.5000000000000004400 ) ) ;
#9052 = ORIENTED_EDGE ( 'NONE', *, *, #9571, .F. ) ;
#9053 = COLOUR_RGB ( '',1.000000000000000000, 1.000000000000000000, 1.000000000000000000 ) ;
#9054 = ORIENTED_EDGE ( 'NONE', *, *, #1336, .F. ) ;
#9055 = PRESENTATION_STYLE_ASSIGNMENT (( #7999 ) ) ;
#9056 = VERTEX_POINT ( 'NONE', #8064 ) ;
#9057 = AXIS2_PLACEMENT_3D ( 'NONE', #9505, #6261, #5798 ) ;
#9058 = CARTESIAN_POINT ( 'NONE',  ( -14.26285049231151600, -13.54102959263319800, 26.70000000000000300 ) ) ;
#9059 =( GEOMETRIC_REPRESENTATION_CONTEXT ( 3 ) GLOBAL_UNCERTAINTY_ASSIGNED_CONTEXT ( ( #8546 ) ) GLOBAL_UNIT_ASSIGNED_CONTEXT ( ( #7647, #2375, #8538 ) ) REPRESENTATION_CONTEXT ( 'NONE', 'WORKASPACE' ) );
#9060 = ORIENTED_EDGE ( 'NONE', *, *, #7362, .T. ) ;
#9061 = EDGE_LOOP ( 'NONE', ( #9568, #1459 ) ) ;
#9062 = VERTEX_POINT ( 'NONE', #4768 ) ;
#9063 = EDGE_CURVE ( 'NONE', #845, #8791, #10602, .T. ) ;
#9064 = CARTESIAN_POINT ( 'NONE',  ( -17.59999999999999400, -15.94314575050761600, 27.99289321881345000 ) ) ;
#9065 = CARTESIAN_POINT ( 'NONE',  ( -3.500000000000000000, 6.999999999999998200, 27.99289321881345000 ) ) ;
#9066 = DIRECTION ( 'NONE',  ( 0.0000000000000000000, 0.0000000000000000000, 1.000000000000000000 ) ) ;
#9067 = VECTOR ( 'NONE', #10284, 1000.000000000000000 ) ;
#9068 = SURFACE_SIDE_STYLE ('',( #4443 ) ) ;
#9069 = EDGE_LOOP ( 'NONE', ( #2944, #9100, #4675, #10961, #2898, #3706, #7367, #1081, #6784, #341, #3124, #4076 ) ) ;
#9070 = PRESENTATION_LAYER_ASSIGNMENT (  '', '', ( #8488 ) ) ;
#9071 = EDGE_CURVE ( 'NONE', #9545, #8001, #10588, .T. ) ;
#9072 = CARTESIAN_POINT ( 'NONE',  ( 10.80000000000090300, -12.99999999999999600, 27.69999999999999900 ) ) ;
#9073 = MECHANICAL_DESIGN_GEOMETRIC_PRESENTATION_REPRESENTATION (  '', ( #6699 ), #9657 ) ;
#9074 = CARTESIAN_POINT ( 'NONE',  ( 13.58868278403009600, 13.54102959263329700, 27.69999999999999900 ) ) ;
#9075 = CARTESIAN_POINT ( 'NONE',  ( -14.24999999994724900, 13.00000000000000200, 4.500000000007276000 ) ) ;
#9076 = ORIENTED_EDGE ( 'NONE', *, *, #3252, .F. ) ;
#9077 = LINE ( 'NONE', #11170, #2053 ) ;
#9078 = FACE_OUTER_BOUND ( 'NONE', #8470, .T. ) ;
#9079 = CARTESIAN_POINT ( 'NONE',  ( -12.45897040736665300, 11.73714950768862400, 27.68476953867952900 ) ) ;
#9080 = DIRECTION ( 'NONE',  ( 1.000000000000000000, 0.0000000000000000000, -0.0000000000000000000 ) ) ;
#9081 = VECTOR ( 'NONE', #7171, 1000.000000000000000 ) ;
#9082 = VECTOR ( 'NONE', #9993, 1000.000000000000000 ) ;
#9083 = ADVANCED_FACE ( 'NONE', ( #674 ), #8992, .F. ) ;
#9084 = EDGE_LOOP ( 'NONE', ( #11063, #2941, #8139, #4523 ) ) ;
#9085 = ADVANCED_FACE ( 'NONE', ( #4608 ), #2894, .F. ) ;
#9086 = LINE ( 'NONE', #539, #2337 ) ;
#9087 = ORIENTED_EDGE ( 'NONE', *, *, #9331, .F. ) ;
#9088 = COLOUR_RGB ( '',1.000000000000000000, 1.000000000000000000, 1.000000000000000000 ) ;
#9089 = AXIS2_PLACEMENT_3D ( 'NONE', #2488, #8641, #3383 ) ;
#9090 = LINE ( 'NONE', #9564, #6738 ) ;
#9091 = PLANE ( 'NONE',  #7300 ) ;
#9092 = DIRECTION ( 'NONE',  ( -0.0000000000000000000, 0.0000000000000000000, 1.000000000000000000 ) ) ;
#9093 = VERTEX_POINT ( 'NONE', #1981 ) ;
#9094 = ORIENTED_EDGE ( 'NONE', *, *, #5346, .F. ) ;
#9095 = AXIS2_PLACEMENT_3D ( 'NONE', #963, #7175, #1887 ) ;
#9096 = DIRECTION ( 'NONE',  ( 0.0000000000000000000, 1.000000000000000000, 0.0000000000000000000 ) ) ;
#9097 = CARTESIAN_POINT ( 'NONE',  ( -14.19999999999980700, -15.40000000000180900, 27.70000000000000300 ) ) ;
#9098 =( NAMED_UNIT ( * ) SI_UNIT ( $, .STERADIAN. ) SOLID_ANGLE_UNIT ( ) );
#9099 = COLOUR_RGB ( '',1.000000000000000000, 1.000000000000000000, 1.000000000000000000 ) ;
#9100 = ORIENTED_EDGE ( 'NONE', *, *, #4940, .T. ) ;
#9102 = CIRCLE ( 'NONE', #7151, 2.500000000000000000 ) ;
#9101 = CARTESIAN_POINT ( 'NONE',  ( -14.20000000000078300, 12.99999999999926800, 27.70000000000000300 ) ) ;
#9103 = ORIENTED_EDGE ( 'NONE', *, *, #7737, .F. ) ;
#9104 =( GEOMETRIC_REPRESENTATION_CONTEXT ( 3 ) GLOBAL_UNCERTAINTY_ASSIGNED_CONTEXT ( ( #7719 ) ) GLOBAL_UNIT_ASSIGNED_CONTEXT ( ( #9340, #4107, #10228 ) ) REPRESENTATION_CONTEXT ( 'NONE', 'WORKASPACE' ) );
#9105 = CARTESIAN_POINT ( 'NONE',  ( 12.45897040736655200, -14.26285049231145800, 26.70000000000000300 ) ) ;
#9106 = DIRECTION ( 'NONE',  ( -1.000000000000000000, 0.0000000000000000000, 0.0000000000000000000 ) ) ;
#9107 = UNCERTAINTY_MEASURE_WITH_UNIT (LENGTH_MEASURE( 1.000000000000000100E-005 ), #10675, 'distance_accuracy_value', 'NONE');
#9108 =( NAMED_UNIT ( * ) SI_UNIT ( $, .STERADIAN. ) SOLID_ANGLE_UNIT ( ) );
#9109 = EDGE_CURVE ( 'NONE', #8760, #10265, #10305, .T. ) ;
#9110 = EDGE_CURVE ( 'NONE', #5863, #8940, #3792, .T. ) ;
#9111 = SURFACE_SIDE_STYLE ('',( #6583 ) ) ;
#9112 = PRESENTATION_STYLE_ASSIGNMENT (( #3230 ) ) ;
#9113 = CARTESIAN_POINT ( 'NONE',  ( -11.75000000000000500, -13.00000000000000200, 0.0000000000000000000 ) ) ;
#9114 = ORIENTED_EDGE ( 'NONE', *, *, #9731, .F. ) ;
#9115 = SURFACE_STYLE_FILL_AREA ( #5892 ) ;
#9116 = DIRECTION ( 'NONE',  ( -1.000000000000000000, 0.0000000000000000000, 0.0000000000000000000 ) ) ;
#9117 = CARTESIAN_POINT ( 'NONE',  ( -15.19999999999981500, -13.00000000000072300, 26.70000000000000300 ) ) ;
#9118 = DIRECTION ( 'NONE',  ( 0.0000000000000000000, 0.0000000000000000000, 1.000000000000000000 ) ) ;
#9119 = STYLED_ITEM ( 'NONE', ( #10477 ), #620 ) ;
#9120 = AXIS2_PLACEMENT_3D ( 'NONE', #2108, #2146, #5695 ) ;
#9121 = FACE_OUTER_BOUND ( 'NONE', #8595, .T. ) ;
#9122 = AXIS2_PLACEMENT_3D ( 'NONE', #9888, #4639, #10760 ) ;
#9123 = VERTEX_POINT ( 'NONE', #2056 ) ;
#9124 = VECTOR ( 'NONE', #4034, 1000.000000000000000 ) ;
#9125 = CARTESIAN_POINT ( 'NONE',  ( 11.62591925885385400, -13.58868278403012800, 27.65553645166642100 ) ) ;
#9126 = B_SPLINE_CURVE_WITH_KNOTS ( 'NONE', 3,
 ( #11330, #4371, #10547, #5291 ),
 .UNSPECIFIED., .F., .F.,
 ( 4, 4 ),
 ( 1.734723475976806900E-018, 0.0001923396241087884400 ),
 .UNSPECIFIED. ) ;
#9127 = SURFACE_STYLE_FILL_AREA ( #4685 ) ;
#9128 = COLOUR_RGB ( '',1.000000000000000000, 1.000000000000000000, 1.000000000000000000 ) ;
#9129 = EDGE_LOOP ( 'NONE', ( #879, #982, #9708, #5574, #621, #3084, #8557, #2207 ) ) ;
#9130 = CIRCLE ( 'NONE', #5662, 1.249999999999999300 ) ;
#9131 = EDGE_CURVE ( 'NONE', #10551, #7552, #3496, .T. ) ;
#9132 = AXIS2_PLACEMENT_3D ( 'NONE', #9219, #3978, #10099 ) ;
#9133 = ORIENTED_EDGE ( 'NONE', *, *, #10449, .T. ) ;
#9134 = CARTESIAN_POINT ( 'NONE',  ( 12.41131721596999800, 12.45897040736660500, 26.70000000000000300 ) ) ;
#9135 = PRESENTATION_LAYER_ASSIGNMENT (  '', '', ( #7953 ) ) ;
#9136 = CARTESIAN_POINT ( 'NONE',  ( -10.79999999999872400, -17.40000000000180700, 26.70000000000000300 ) ) ;
#9137 = ADVANCED_FACE ( 'NONE', ( #1386 ), #7346, .F. ) ;
#9138 = SURFACE_STYLE_FILL_AREA ( #4710 ) ;
#9139 = ADVANCED_FACE ( 'NONE', ( #5010 ), #9937, .F. ) ;
#9140 = AXIS2_PLACEMENT_3D ( 'NONE', #10490, #5231, #11307 ) ;
#9141 = ORIENTED_EDGE ( 'NONE', *, *, #1298, .T. ) ;
#9142 = CARTESIAN_POINT ( 'NONE',  ( -14.04568282944096100, 13.58868278403004800, 27.70000000000000300 ) ) ;
#9143 = CARTESIAN_POINT ( 'NONE',  ( 13.54102959263326500, -11.73714950768871600, 26.70000000000000300 ) ) ;
#9144 = CARTESIAN_POINT ( 'NONE',  ( -13.54102959263334700, 14.26285049231137400, 26.70000000000000300 ) ) ;
#9145 = AXIS2_PLACEMENT_3D ( 'NONE', #1104, #651, #607 ) ;
#9146 = ORIENTED_EDGE ( 'NONE', *, *, #9854, .F. ) ;
#9147 = ORIENTED_EDGE ( 'NONE', *, *, #5305, .T. ) ;
#9148 = CARTESIAN_POINT ( 'NONE',  ( -11.00000000000000000, 0.0000000000000000000, -1.500000000000000000 ) ) ;
#9149 = CARTESIAN_POINT ( 'NONE',  ( 1.034555470894531000, 2.000000000000000000, -23.76036669717555200 ) ) ;
#9150 = EDGE_CURVE ( 'NONE', #2467, #5787, #8540, .T. ) ;
#9151 = CARTESIAN_POINT ( 'NONE',  ( 9.701383795926203000, 6.402767591852413200, 28.19999999999999900 ) ) ;
#9152 = CARTESIAN_POINT ( 'NONE',  ( -11.92888516960188700, -13.54102959263322100, 27.70000000000000300 ) ) ;
#9153 = CARTESIAN_POINT ( 'NONE',  ( 12.99999999999999600, 12.99999999999999600, -5.844014525531170600E-017 ) ) ;
#9154 = CARTESIAN_POINT ( 'NONE',  ( 0.0000000000000000000, 0.0000000000000000000, 8.000000000000000000 ) ) ;
#9155 = SURFACE_STYLE_FILL_AREA ( #10921 ) ;
#9156 = PRESENTATION_LAYER_ASSIGNMENT (  '', '', ( #7977 ) ) ;
#9157 = ORIENTED_EDGE ( 'NONE', *, *, #7481, .T. ) ;
#9158 = LINE ( 'NONE', #5984, #4490 ) ;
#9159 = VECTOR ( 'NONE', #3370, 1000.000000000000000 ) ;
#9160 = DIRECTION ( 'NONE',  ( 5.146266884835468500E-015, 1.000000000000000000, 0.0000000000000000000 ) ) ;
#9161 = CARTESIAN_POINT ( 'NONE',  ( 14.26285049231142000, 12.45897040736659800, 26.70000000000000300 ) ) ;
#9162 = CARTESIAN_POINT ( 'NONE',  ( -14.13542999331796100, -12.45897040736650600, 27.70000000000000300 ) ) ;
#9163 = CARTESIAN_POINT ( 'NONE',  ( -14.26285049231151600, -13.54102959263319800, 26.70000000000000300 ) ) ;
#9164 = STYLED_ITEM ( 'NONE', ( #1422 ), #6353 ) ;
#9165 = DIRECTION ( 'NONE',  ( 1.000000000000000000, 9.856383386231857600E-017, -0.0000000000000000000 ) ) ;
#9166 = UNCERTAINTY_MEASURE_WITH_UNIT (LENGTH_MEASURE( 1.000000000000000100E-005 ), #4470, 'distance_accuracy_value', 'NONE');
#9167 = VECTOR ( 'NONE', #10889, 1000.000000000000000 ) ;
#9168 = VERTEX_POINT ( 'NONE', #10919 ) ;
#9169 = CARTESIAN_POINT ( 'NONE',  ( 17.60000000000000500, 13.60000000000000100, 0.5000000000000004400 ) ) ;
#9170 = EDGE_CURVE ( 'NONE', #3963, #5221, #3879, .T. ) ;
#9171 = VECTOR ( 'NONE', #489, 1000.000000000000000 ) ;
#9172 = UNCERTAINTY_MEASURE_WITH_UNIT (LENGTH_MEASURE( 1.000000000000000100E-005 ), #4253, 'distance_accuracy_value', 'NONE');
#9173 = CARTESIAN_POINT ( 'NONE',  ( 13.54102959263326000, -12.41131721597004400, 26.70000000000000300 ) ) ;
#9174 = STYLED_ITEM ( 'NONE', ( #6734 ), #3154 ) ;
#9175 = CARTESIAN_POINT ( 'NONE',  ( -9.701383795925417900, 12.99999999999927200, 28.19999999999999600 ) ) ;
#9176 = AXIS2_PLACEMENT_3D ( 'NONE', #1248, #7465, #2164 ) ;
#9177 = SURFACE_STYLE_USAGE ( .BOTH. , #3062 ) ;
#9178 = CARTESIAN_POINT ( 'NONE',  ( 4.000000000000000900, -7.999999999999999100, -2.000000000000000000 ) ) ;
#9179 = ORIENTED_EDGE ( 'NONE', *, *, #3627, .F. ) ;
#9180 = CARTESIAN_POINT ( 'NONE',  ( 10.20138379592620100, 12.99999999999999600, 27.69999999999999900 ) ) ;
#9181 = FILL_AREA_STYLE_COLOUR ( '', #459 ) ;
#9182 =( NAMED_UNIT ( * ) SI_UNIT ( $, .STERADIAN. ) SOLID_ANGLE_UNIT ( ) );
#9183 = STYLED_ITEM ( 'NONE', ( #11134 ), #7312 ) ;
#9184 = CARTESIAN_POINT ( 'NONE',  ( -12.41131721597009400, -13.54102959263321900, 26.70000000000000300 ) ) ;
#9185 = COLOUR_RGB ( '',1.000000000000000000, 1.000000000000000000, 1.000000000000000000 ) ;
#9186 = ORIENTED_EDGE ( 'NONE', *, *, #286, .T. ) ;
#9187 = UNCERTAINTY_MEASURE_WITH_UNIT (LENGTH_MEASURE( 1.000000000000000100E-005 ), #10542, 'distance_accuracy_value', 'NONE');
#9188 = EDGE_LOOP ( 'NONE', ( #2958, #10334, #2554, #2535 ) ) ;
#9189 = ADVANCED_FACE ( 'NONE', ( #6212 ), #7454, .T. ) ;
#9190 = ORIENTED_EDGE ( 'NONE', *, *, #10378, .F. ) ;
#9191 = VERTEX_POINT ( 'NONE', #3995 ) ;
#9192 = FACE_BOUND ( 'NONE', #7954, .T. ) ;
#9193 = EDGE_CURVE ( 'NONE', #7741, #8283, #617, .T. ) ;
#9194 = AXIS2_PLACEMENT_3D ( 'NONE', #4239, #10365, #5129 ) ;
#9195 = DIRECTION ( 'NONE',  ( -0.0000000000000000000, -0.0000000000000000000, -1.000000000000000000 ) ) ;
#9196 = ORIENTED_EDGE ( 'NONE', *, *, #6697, .T. ) ;
#9197 = CARTESIAN_POINT ( 'NONE',  ( -17.09999999999999800, 13.59999999999999800, 27.69999999999999900 ) ) ;
#9198 = ORIENTED_EDGE ( 'NONE', *, *, #3833, .T. ) ;
#9199 = PRESENTATION_STYLE_ASSIGNMENT (( #5396 ) ) ;
#9200 = DIRECTION ( 'NONE',  ( 0.0000000000000000000, 0.0000000000000000000, 1.000000000000000000 ) ) ;
#9201 = COLOUR_RGB ( '',1.000000000000000000, 1.000000000000000000, 1.000000000000000000 ) ;
#9202 = DIRECTION ( 'NONE',  ( 0.0000000000000000000, -1.000000000000000000, 0.0000000000000000000 ) ) ;
#9203 = AXIS2_PLACEMENT_3D ( 'NONE', #4715, #10972, #4847 ) ;
#9204 =( NAMED_UNIT ( * ) SI_UNIT ( $, .STERADIAN. ) SOLID_ANGLE_UNIT ( ) );
#9205 = AXIS2_PLACEMENT_3D ( 'NONE', #9424, #4186, #10311 ) ;
#9206 = VERTEX_POINT ( 'NONE', #398 ) ;
#9207 = CARTESIAN_POINT ( 'NONE',  ( 15.65025253169417100, -17.10000000000000100, 4.336808689942017700E-016 ) ) ;
#9208 = EDGE_CURVE ( 'NONE', #1773, #3860, #9766, .T. ) ;
#9209 = VERTEX_POINT ( 'NONE', #6623 ) ;
#9210 = LINE ( 'NONE', #11305, #4549 ) ;
#9211 =( NAMED_UNIT ( * ) PLANE_ANGLE_UNIT ( ) SI_UNIT ( $, .RADIAN. ) );
#9212 = ORIENTED_EDGE ( 'NONE', *, *, #4734, .T. ) ;
#9213 = EDGE_CURVE ( 'NONE', #745, #1761, #9683, .T. ) ;
#9214 = DIRECTION ( 'NONE',  ( -1.000000000000000000, -0.0000000000000000000, 0.0000000000000000000 ) ) ;
#9215 = EDGE_LOOP ( 'NONE', ( #7919, #2197 ) ) ;
#9216 = SURFACE_SIDE_STYLE ('',( #6924 ) ) ;
#9217 =( LENGTH_UNIT ( ) NAMED_UNIT ( * ) SI_UNIT ( .MILLI., .METRE. ) );
#9218 = FILL_AREA_STYLE ('',( #9181 ) ) ;
#9219 = CARTESIAN_POINT ( 'NONE',  ( 13.60000000000000500, -17.10000000000000100, 27.69999999999999900 ) ) ;
#9220 = CARTESIAN_POINT ( 'NONE',  ( -14.37408074114605400, 12.41131721596995200, 26.70000000000000300 ) ) ;
#9221 = VERTEX_POINT ( 'NONE', #3148 ) ;
#9222 = CARTESIAN_POINT ( 'NONE',  ( -13.58868278403017600, -12.45897040736650800, 27.69999999999999900 ) ) ;
#9223 = ORIENTED_EDGE ( 'NONE', *, *, #3373, .F. ) ;
#9224 = VERTEX_POINT ( 'NONE', #431 ) ;
#9225 = MECHANICAL_DESIGN_GEOMETRIC_PRESENTATION_REPRESENTATION (  '', ( #8063 ), #9823 ) ;
#9226 =( GEOMETRIC_REPRESENTATION_CONTEXT ( 3 ) GLOBAL_UNCERTAINTY_ASSIGNED_CONTEXT ( ( #5050 ) ) GLOBAL_UNIT_ASSIGNED_CONTEXT ( ( #8218, #2981, #9098 ) ) REPRESENTATION_CONTEXT ( 'NONE', 'WORKASPACE' ) );
#9227 = DIRECTION ( 'NONE',  ( 5.146266884835468500E-015, 1.000000000000000000, -0.0000000000000000000 ) ) ;
#9228 = SURFACE_STYLE_USAGE ( .BOTH. , #3117 ) ;
#9229 = PRESENTATION_STYLE_ASSIGNMENT (( #2291 ) ) ;
#9230 = VECTOR ( 'NONE', #7705, 1000.000000000000100 ) ;
#9231 = UNCERTAINTY_MEASURE_WITH_UNIT (LENGTH_MEASURE( 1.000000000000000100E-005 ), #828, 'distance_accuracy_value', 'NONE');
#9232 =( GEOMETRIC_REPRESENTATION_CONTEXT ( 3 ) GLOBAL_UNCERTAINTY_ASSIGNED_CONTEXT ( ( #11385 ) ) GLOBAL_UNIT_ASSIGNED_CONTEXT ( ( #9512, #4273, #10392 ) ) REPRESENTATION_CONTEXT ( 'NONE', 'WORKASPACE' ) );
#9233 = CARTESIAN_POINT ( 'NONE',  ( 14.37408074114596500, -12.41131721597004900, 27.69999999999999900 ) ) ;
#9234 = FACE_OUTER_BOUND ( 'NONE', #11194, .T. ) ;
#9235 = CARTESIAN_POINT ( 'NONE',  ( -17.59999999999999800, 11.45316318592671800, 8.000000000000000000 ) ) ;
#9236 = UNCERTAINTY_MEASURE_WITH_UNIT (LENGTH_MEASURE( 1.000000000000000100E-005 ), #11352, 'distance_accuracy_value', 'NONE');
#9237 = CARTESIAN_POINT ( 'NONE',  ( 17.10000000000000500, 15.65025253169417000, 4.336808689942017700E-016 ) ) ;
#9238 = ADVANCED_FACE ( 'NONE', ( #7173 ), #4006, .T. ) ;
#9239 = VECTOR ( 'NONE', #10744, 1000.000000000000000 ) ;
#9240 = ORIENTED_EDGE ( 'NONE', *, *, #3707, .T. ) ;
#9241 = COLOUR_RGB ( '',1.000000000000000000, 1.000000000000000000, 1.000000000000000000 ) ;
#9242 = PRESENTATION_LAYER_ASSIGNMENT (  '', '', ( #8664 ) ) ;
#9243 = LINE ( 'NONE', #4753, #11241 ) ;
#9244 =( NAMED_UNIT ( * ) SI_UNIT ( $, .STERADIAN. ) SOLID_ANGLE_UNIT ( ) );
#9245 = CARTESIAN_POINT ( 'NONE',  ( -11.00000000000000000, -2.694222958124177200E-015, -1.792893218813452500 ) ) ;
#9246 = EDGE_CURVE ( 'NONE', #4116, #7244, #2550, .T. ) ;
#9247 = CARTESIAN_POINT ( 'NONE',  ( -11.75000000000000200, 13.00000000000000200, 0.0000000000000000000 ) ) ;
#9248 = SURFACE_SIDE_STYLE ('',( #6105 ) ) ;
#9249 = VECTOR ( 'NONE', #3081, 1000.000000000000000 ) ;
#9250 = CARTESIAN_POINT ( 'NONE',  ( 2.799999999999999800, 3.429011037612588800E-016, 1.000000000000000000 ) ) ;
#9251 = DIRECTION ( 'NONE',  ( -0.0000000000000000000, -0.0000000000000000000, 1.000000000000000000 ) ) ;
#9252 = CARTESIAN_POINT ( 'NONE',  ( 11.84284448084599900, -13.58868278403012700, 27.70000000000000300 ) ) ;
#9253 = FILL_AREA_STYLE_COLOUR ( '', #4403 ) ;
#9254 = PRESENTATION_STYLE_ASSIGNMENT (( #10386 ) ) ;
#9255 = VECTOR ( 'NONE', #3516, 1000.000000000000100 ) ;
#9256 = FACE_OUTER_BOUND ( 'NONE', #11210, .T. ) ;
#9257 = ORIENTED_EDGE ( 'NONE', *, *, #3051, .T. ) ;
#9258 = FACE_OUTER_BOUND ( 'NONE', #11359, .T. ) ;
#9259 = PRESENTATION_LAYER_ASSIGNMENT (  '', '', ( #7519 ) ) ;
#9260 = COLOUR_RGB ( '',1.000000000000000000, 1.000000000000000000, 1.000000000000000000 ) ;
#9261 = VECTOR ( 'NONE', #20, 1000.000000000000000 ) ;
#9262 = ORIENTED_EDGE ( 'NONE', *, *, #5222, .F. ) ;
#9263 = FACE_OUTER_BOUND ( 'NONE', #5115, .T. ) ;
#9264 = VERTEX_POINT ( 'NONE', #4105 ) ;
#9265 = ORIENTED_EDGE ( 'NONE', *, *, #6471, .F. ) ;
#9266 = DIRECTION ( 'NONE',  ( 1.000000000000000000, -0.0000000000000000000, 0.0000000000000000000 ) ) ;
#9267 =( GEOMETRIC_REPRESENTATION_CONTEXT ( 3 ) GLOBAL_UNCERTAINTY_ASSIGNED_CONTEXT ( ( #5719 ) ) GLOBAL_UNIT_ASSIGNED_CONTEXT ( ( #9912, #4661, #10788 ) ) REPRESENTATION_CONTEXT ( 'NONE', 'WORKASPACE' ) );
#9268 = DIRECTION ( 'NONE',  ( 0.0000000000000000000, -1.000000000000000000, -0.0000000000000000000 ) ) ;
#9269 = FACE_OUTER_BOUND ( 'NONE', #8327, .T. ) ;
#9270 = EDGE_CURVE ( 'NONE', #4290, #9892, #1617, .T. ) ;
#9271 = PRODUCT_RELATED_PRODUCT_CATEGORY ( 'part', '', ( #4893 ) ) ;
#9272 = CARTESIAN_POINT ( 'NONE',  ( 13.79749315005117800, 12.07187008827305500, 27.70000000000000600 ) ) ;
#9273 = ORIENTED_EDGE ( 'NONE', *, *, #1208, .F. ) ;
#9274 = SURFACE_STYLE_USAGE ( .BOTH. , #3151 ) ;
#9275 = EDGE_LOOP ( 'NONE', ( #4388, #11306, #4894 ) ) ;
#9276 = MECHANICAL_DESIGN_GEOMETRIC_PRESENTATION_REPRESENTATION (  '', ( #7534 ), #9876 ) ;
#9277 = ORIENTED_EDGE ( 'NONE', *, *, #4438, .T. ) ;
#9278 = EDGE_CURVE ( 'NONE', #1768, #3614, #2185, .T. ) ;
#9279 = MECHANICAL_DESIGN_GEOMETRIC_PRESENTATION_REPRESENTATION (  '', ( #6361 ), #9880 ) ;
#9280 = DIRECTION ( 'NONE',  ( 1.000000000000000000, 0.0000000000000000000, 0.0000000000000000000 ) ) ;
#9281 =( NAMED_UNIT ( * ) PLANE_ANGLE_UNIT ( ) SI_UNIT ( $, .RADIAN. ) );
#9282 = ORIENTED_EDGE ( 'NONE', *, *, #7405, .F. ) ;
#9283 = CARTESIAN_POINT ( 'NONE',  ( 11.20710678118654600, 0.0000000000000000000, -5.380361143677898200E-017 ) ) ;
#9284 =( NAMED_UNIT ( * ) SI_UNIT ( $, .STERADIAN. ) SOLID_ANGLE_UNIT ( ) );
#9285 = DIRECTION ( 'NONE',  ( 0.0000000000000000000, 0.0000000000000000000, -1.000000000000000000 ) ) ;
#9286 = DIRECTION ( 'NONE',  ( 0.0000000000000000000, 0.0000000000000000000, 1.000000000000000000 ) ) ;
#9287 = AXIS2_PLACEMENT_3D ( 'NONE', #3692, #9830, #4569 ) ;
#9288 = PRESENTATION_LAYER_ASSIGNMENT (  '', '', ( #9893 ) ) ;
#9289 = DIRECTION ( 'NONE',  ( 1.000000000000000000, 0.0000000000000000000, 0.0000000000000000000 ) ) ;
#9290 = LINE ( 'NONE', #2233, #11295 ) ;
#9291 = CARTESIAN_POINT ( 'NONE',  ( -15.94314575050761600, 17.59999999999999400, 0.2071067811865478800 ) ) ;
#9292 =( BOUNDED_SURFACE ( )  B_SPLINE_SURFACE ( 3, 3, ( 
 ( #10398, #3425, #9561, #4321 ),
 ( #10442, #5193, #11267, #6078 ),
 ( #750, #6959, #1672, #7849 ),
 ( #2591, #8736, #3470, #9603 ) ),
 .UNSPECIFIED., .F., .F., .T. ) 
 B_SPLINE_SURFACE_WITH_KNOTS ( ( 4, 4 ),
 ( 4, 4 ),
 ( 0.0000000000000000000, 1.000000000000000000 ),
 ( 0.0000000000000000000, 1.000000000000000000 ),
 .UNSPECIFIED. ) 
 GEOMETRIC_REPRESENTATION_ITEM ( )  RATIONAL_B_SPLINE_SURFACE ( (
 ( 1.000000000000000000, 0.8047378541243649400, 0.8047378541243649400, 1.000000000000000000),
 ( 0.8047378541243649400, 0.6476030138606876400, 0.6476030138606876400, 0.8047378541243649400),
 ( 0.8047378541243649400, 0.6476030138606876400, 0.6476030138606876400, 0.8047378541243649400),
 ( 1.000000000000000000, 0.8047378541243649400, 0.8047378541243649400, 1.000000000000000000) ) ) 
 REPRESENTATION_ITEM ( '' )  SURFACE ( )  );
#9293 = CARTESIAN_POINT ( 'NONE',  ( 14.24999999999999500, -13.00000000000000500, -5.844014525531170600E-017 ) ) ;
#9294 = LINE ( 'NONE', #2037, #2584 ) ;
#9295 = CARTESIAN_POINT ( 'NONE',  ( -2.942258040288248100, -17.69999999999999900, 22.28764494107380800 ) ) ;
#9296 = ORIENTED_EDGE ( 'NONE', *, *, #7072, .T. ) ;
#9297 = B_SPLINE_CURVE_WITH_KNOTS ( 'NONE', 3,
 ( #1526, #1553, #1578, #1517, #1507 ),
 .UNSPECIFIED., .F., .F.,
 ( 4, 1, 4 ),
 ( 0.0000000000000000000, 0.0005410295926333470700, 0.001082059185266694100 ),
 .UNSPECIFIED. ) ;
#9298 =( NAMED_UNIT ( * ) PLANE_ANGLE_UNIT ( ) SI_UNIT ( $, .RADIAN. ) );
#9299 = ORIENTED_EDGE ( 'NONE', *, *, #8909, .F. ) ;
#9300 = SURFACE_STYLE_USAGE ( .BOTH. , #3188 ) ;
#9301 = CARTESIAN_POINT ( 'NONE',  ( -14.26285049231150400, -12.45897040736650600, 26.70000000000000300 ) ) ;
#9302 = ORIENTED_EDGE ( 'NONE', *, *, #3917, .T. ) ;
#9303 = FILL_AREA_STYLE_COLOUR ( '', #4583 ) ;
#9304 = EDGE_CURVE ( 'NONE', #8309, #5281, #8398, .T. ) ;
#9305 = CIRCLE ( 'NONE', #247, 2.200000000000784400 ) ;
#9306 = ORIENTED_EDGE ( 'NONE', *, *, #2196, .T. ) ;
#9307 = PLANE ( 'NONE',  #5536 ) ;
#9308 = VERTEX_POINT ( 'NONE', #1398 ) ;
#9309 =( LENGTH_UNIT ( ) NAMED_UNIT ( * ) SI_UNIT ( .MILLI., .METRE. ) );
#9310 =( GEOMETRIC_REPRESENTATION_CONTEXT ( 3 ) GLOBAL_UNCERTAINTY_ASSIGNED_CONTEXT ( ( #4315 ) ) GLOBAL_UNIT_ASSIGNED_CONTEXT ( ( #1910, #3389, #9646 ) ) REPRESENTATION_CONTEXT ( 'NONE', 'WORKASPACE' ) );
#9311 = FACE_OUTER_BOUND ( 'NONE', #6854, .T. ) ;
#9312 = EDGE_CURVE ( 'NONE', #5195, #421, #9, .T. ) ;
#9313 =( GEOMETRIC_REPRESENTATION_CONTEXT ( 3 ) GLOBAL_UNCERTAINTY_ASSIGNED_CONTEXT ( ( #2857 ) ) GLOBAL_UNIT_ASSIGNED_CONTEXT ( ( #3431, #9567, #4326 ) ) REPRESENTATION_CONTEXT ( 'NONE', 'WORKASPACE' ) );
#9314 = DIRECTION ( 'NONE',  ( 1.000000000000000000, -0.0000000000000000000, 0.0000000000000000000 ) ) ;
#9315 = ORIENTED_EDGE ( 'NONE', *, *, #9459, .F. ) ;
#9316 = STYLED_ITEM ( 'NONE', ( #10287 ), #9558 ) ;
#9317 =( NAMED_UNIT ( * ) PLANE_ANGLE_UNIT ( ) SI_UNIT ( $, .RADIAN. ) );
#9318 = UNCERTAINTY_MEASURE_WITH_UNIT (LENGTH_MEASURE( 1.000000000000000100E-005 ), #7104, 'distance_accuracy_value', 'NONE');
#9319 = ORIENTED_EDGE ( 'NONE', *, *, #7361, .T. ) ;
#9320 = CARTESIAN_POINT ( 'NONE',  ( 14.20000000000011300, 10.59999999999962500, 27.70000000000000300 ) ) ;
#9321 = ORIENTED_EDGE ( 'NONE', *, *, #5287, .T. ) ;
#9322 = VECTOR ( 'NONE', #160, 1000.000000000000000 ) ;
#9323 = CARTESIAN_POINT ( 'NONE',  ( -13.59999999999999800, 17.59999999999999800, 20.19999999999999900 ) ) ;
#9324 = VERTEX_POINT ( 'NONE', #8560 ) ;
#9325 = LINE ( 'NONE', #6107, #188 ) ;
#9326 = EDGE_LOOP ( 'NONE', ( #9861, #3246, #7670 ) ) ;
#9327 = CARTESIAN_POINT ( 'NONE',  ( 4.000000000000000900, -7.999999999999999100, 28.19999999999999900 ) ) ;
#9328 = CARTESIAN_POINT ( 'NONE',  ( -2.075856652811358700, -3.421868976916483200, -2.000000000000000400 ) ) ;
#9329 = ORIENTED_EDGE ( 'NONE', *, *, #10142, .F. ) ;
#9330 = LINE ( 'NONE', #9572, #11338 ) ;
#9331 = EDGE_CURVE ( 'NONE', #4395, #6010, #8665, .T. ) ;
#9332 = PRESENTATION_LAYER_ASSIGNMENT (  '', '', ( #8767 ) ) ;
#9333 = AXIS2_PLACEMENT_3D ( 'NONE', #7408, #2112, #8285 ) ;
#9334 = VECTOR ( 'NONE', #2725, 1000.000000000000000 ) ;
#9335 =( NAMED_UNIT ( * ) SI_UNIT ( $, .STERADIAN. ) SOLID_ANGLE_UNIT ( ) );
#9336 = ORIENTED_EDGE ( 'NONE', *, *, #6740, .T. ) ;
#9337 = CARTESIAN_POINT ( 'NONE',  ( -11.50000000000000000, 1.408343819019456200E-015, -0.5000000000000000000 ) ) ;
#9338 = ORIENTED_EDGE ( 'NONE', *, *, #9786, .F. ) ;
#9339 = VECTOR ( 'NONE', #5370, 1000.000000000000000 ) ;
#9340 =( LENGTH_UNIT ( ) NAMED_UNIT ( * ) SI_UNIT ( .MILLI., .METRE. ) );
#9341 = STYLED_ITEM ( 'NONE', ( #10475 ), #1832 ) ;
#9342 = CARTESIAN_POINT ( 'NONE',  ( -2.107529995131446100, -15.60000000000000100, 23.50748687669130300 ) ) ;
#9343 = VECTOR ( 'NONE', #3365, 1000.000000000000000 ) ;
#9344 = PRESENTATION_STYLE_ASSIGNMENT (( #8892 ) ) ;
#9345 = ORIENTED_EDGE ( 'NONE', *, *, #11149, .F. ) ;
#9346 = VERTEX_POINT ( 'NONE', #1472 ) ;
#9347 = EDGE_CURVE ( 'NONE', #8051, #8457, #3729, .T. ) ;
#9348 = DIRECTION ( 'NONE',  ( 7.366970476447054700E-015, 1.000000000000000000, 0.0000000000000000000 ) ) ;
#9349 = SURFACE_STYLE_USAGE ( .BOTH. , #9390 ) ;
#9350 = PRESENTATION_STYLE_ASSIGNMENT (( #8688 ) ) ;
#9351 =( NAMED_UNIT ( * ) SI_UNIT ( $, .STERADIAN. ) SOLID_ANGLE_UNIT ( ) );
#9352 = PRESENTATION_LAYER_ASSIGNMENT (  '', '', ( #8788 ) ) ;
#9353 = CARTESIAN_POINT ( 'NONE',  ( -17.59999999999999800, 0.0000000000000000000, 27.69999999999999900 ) ) ;
#9354 = LINE ( 'NONE', #10915, #2652 ) ;
#9355 = DIRECTION ( 'NONE',  ( -1.000000000000000000, 0.0000000000000000000, 0.0000000000000000000 ) ) ;
#9356 = FACE_OUTER_BOUND ( 'NONE', #11315, .T. ) ;
#9357 = FILL_AREA_STYLE ('',( #611 ) ) ;
#9358 = ORIENTED_EDGE ( 'NONE', *, *, #5014, .F. ) ;
#9359 = CARTESIAN_POINT ( 'NONE',  ( -13.54102959263334700, 12.41131721596995200, 26.70000000000000300 ) ) ;
#9360 = CARTESIAN_POINT ( 'NONE',  ( 15.19999999999999600, 13.00000000000011000, 26.70000000000000300 ) ) ;
#9361 = ORIENTED_EDGE ( 'NONE', *, *, #10730, .F. ) ;
#9362 =( NAMED_UNIT ( * ) PLANE_ANGLE_UNIT ( ) SI_UNIT ( $, .RADIAN. ) );
#9363 =( NAMED_UNIT ( * ) PLANE_ANGLE_UNIT ( ) SI_UNIT ( $, .RADIAN. ) );
#9364 =( GEOMETRIC_REPRESENTATION_CONTEXT ( 3 ) GLOBAL_UNCERTAINTY_ASSIGNED_CONTEXT ( ( #8497 ) ) GLOBAL_UNIT_ASSIGNED_CONTEXT ( ( #7961, #2724, #8847 ) ) REPRESENTATION_CONTEXT ( 'NONE', 'WORKASPACE' ) );
#9365 = COLOUR_RGB ( '',1.000000000000000000, 1.000000000000000000, 1.000000000000000000 ) ;
#9366 = UNCERTAINTY_MEASURE_WITH_UNIT (LENGTH_MEASURE( 1.000000000000000100E-005 ), #1625, 'distance_accuracy_value', 'NONE');
#9367 = CARTESIAN_POINT ( 'NONE',  ( -3.499999999999997800, -6.999999999999998200, 27.69999999999999600 ) ) ;
#9368 = COLOUR_RGB ( '',1.000000000000000000, 1.000000000000000000, 1.000000000000000000 ) ;
#9369 = PRESENTATION_STYLE_ASSIGNMENT (( #5663 ) ) ;
#9370 = FACE_BOUND ( 'NONE', #7592, .T. ) ;
#9371 = FACE_OUTER_BOUND ( 'NONE', #2389, .T. ) ;
#9372 = UNCERTAINTY_MEASURE_WITH_UNIT (LENGTH_MEASURE( 1.000000000000000100E-005 ), #2462, 'distance_accuracy_value', 'NONE');
#9373 = CARTESIAN_POINT ( 'NONE',  ( 1.413149810734784600, -3.742199579137683900, -2.000000000000000400 ) ) ;
#9374 = ORIENTED_EDGE ( 'NONE', *, *, #8846, .T. ) ;
#9375 = LINE ( 'NONE', #5616, #2365 ) ;
#9376 = SURFACE_STYLE_FILL_AREA ( #4224 ) ;
#9377 = DIRECTION ( 'NONE',  ( -0.7072524912150366400, 0.7069610411261178000, 0.0000000000000000000 ) ) ;
#9378 = VERTEX_POINT ( 'NONE', #1513 ) ;
#9379 = COLOUR_RGB ( '',1.000000000000000000, 1.000000000000000000, 1.000000000000000000 ) ;
#9380 = LINE ( 'NONE', #6510, #9124 ) ;
#9381 = CARTESIAN_POINT ( 'NONE',  ( 9.701383795927110800, -12.99999999999999500, 28.19999999999999600 ) ) ;
#9382 = CARTESIAN_POINT ( 'NONE',  ( -12.41131721597007600, -11.95431717055914500, 27.70000000000000300 ) ) ;
#9383 = STYLED_ITEM ( 'NONE', ( #5376 ), #3046 ) ;
#9384 = PRESENTATION_STYLE_ASSIGNMENT (( #7644 ) ) ;
#9385 = COLOUR_RGB ( '',1.000000000000000000, 1.000000000000000000, 1.000000000000000000 ) ;
#9386 = AXIS2_PLACEMENT_3D ( 'NONE', #10689, #3731, #7265 ) ;
#9387 = CIRCLE ( 'NONE', #116, 4.000000000000000000 ) ;
#9388 = EDGE_LOOP ( 'NONE', ( #5665, #5066, #7509, #6989 ) ) ;
#9389 = CARTESIAN_POINT ( 'NONE',  ( 15.94314575050762500, -17.60000000000000100, 0.5000000000000004400 ) ) ;
#9390 = SURFACE_SIDE_STYLE ('',( #5951 ) ) ;
#9391 = ORIENTED_EDGE ( 'NONE', *, *, #2330, .T. ) ;
#9392 = EDGE_CURVE ( 'NONE', #5833, #2418, #10432, .T. ) ;
#9393 = CARTESIAN_POINT ( 'NONE',  ( -13.54102959263334700, 11.80064611981662100, 27.69507424152998000 ) ) ;
#9394 = FILL_AREA_STYLE ('',( #1452 ) ) ;
#9395 = CARTESIAN_POINT ( 'NONE',  ( 17.60528299132913300, 11.44788237165358800, 6.000000000000000000 ) ) ;
#9396 = UNCERTAINTY_MEASURE_WITH_UNIT (LENGTH_MEASURE( 1.000000000000000100E-005 ), #8002, 'distance_accuracy_value', 'NONE');
#9397 = FACE_OUTER_BOUND ( 'NONE', #9631, .T. ) ;
#9398 = CARTESIAN_POINT ( 'NONE',  ( -3.500000000000000000, 6.999999999999998200, -1.500000000000000000 ) ) ;
#9399 = ORIENTED_EDGE ( 'NONE', *, *, #4396, .F. ) ;
#9400 = EDGE_CURVE ( 'NONE', #2393, #8323, #10977, .T. ) ;
#9401 = ORIENTED_EDGE ( 'NONE', *, *, #4797, .F. ) ;
#9402 = ORIENTED_EDGE ( 'NONE', *, *, #10960, .T. ) ;
#9403 = FACE_OUTER_BOUND ( 'NONE', #4832, .T. ) ;
#9404 = PLANE ( 'NONE',  #7682 ) ;
#9405 = COLOUR_RGB ( '',1.000000000000000000, 1.000000000000000000, 1.000000000000000000 ) ;
#9406 = STYLED_ITEM ( 'NONE', ( #7840 ), #1195 ) ;
#9407 = CARTESIAN_POINT ( 'NONE',  ( -12.45897040736665300, 12.41131721596995200, 26.70000000000000300 ) ) ;
#9408 = ORIENTED_EDGE ( 'NONE', *, *, #9653, .F. ) ;
#9409 = MECHANICAL_DESIGN_GEOMETRIC_PRESENTATION_REPRESENTATION (  '', ( #8262 ), #10011 ) ;
#9410 = CARTESIAN_POINT ( 'NONE',  ( 15.20000000000053900, -8.600000000000360200, 26.70000000000000300 ) ) ;
#9411 =( LENGTH_UNIT ( ) NAMED_UNIT ( * ) SI_UNIT ( .MILLI., .METRE. ) );
#9412 = EDGE_CURVE ( 'NONE', #9966, #5788, #6042, .T. ) ;
#9413 = DIRECTION ( 'NONE',  ( -1.000000000000000000, 0.0000000000000000000, 0.0000000000000000000 ) ) ;
#9414 = CARTESIAN_POINT ( 'NONE',  ( -17.09999999999999800, -13.60000000000000300, 0.5000000000000004400 ) ) ;
#9415 = LINE ( 'NONE', #8628, #2730 ) ;
#9416 = ORIENTED_EDGE ( 'NONE', *, *, #604, .T. ) ;
#9417 = CARTESIAN_POINT ( 'NONE',  ( -12.45897040736665300, 12.41131721596995200, 26.70000000000000300 ) ) ;
#9418 = EDGE_CURVE ( 'NONE', #9843, #9056, #3984, .T. ) ;
#9419 =( NAMED_UNIT ( * ) SI_UNIT ( $, .STERADIAN. ) SOLID_ANGLE_UNIT ( ) );
#9420 = CARTESIAN_POINT ( 'NONE',  ( 17.10000000000000500, -15.65025253169417000, 4.336808689942017700E-016 ) ) ;
#9421 = FILL_AREA_STYLE ('',( #10122 ) ) ;
#9422 = CARTESIAN_POINT ( 'NONE',  ( 3.669477605960568500, 1.597904183442686600, -2.000000000000000400 ) ) ;
#9423 = FACE_OUTER_BOUND ( 'NONE', #4022, .T. ) ;
#9424 = CARTESIAN_POINT ( 'NONE',  ( -13.54102959263334700, 11.73714950768862400, 26.70000000000000300 ) ) ;
#9425 = CARTESIAN_POINT ( 'NONE',  ( 12.60742149554960500, -17.69999999999999900, 12.60742149554938500 ) ) ;
#9426 = LINE ( 'NONE', #5644, #9167 ) ;
#9427 = CARTESIAN_POINT ( 'NONE',  ( -10.20138379592541600, 7.402767591850108400, 27.70000000000000300 ) ) ;
#9428 = ORIENTED_EDGE ( 'NONE', *, *, #11, .F. ) ;
#9429 = FILL_AREA_STYLE_COLOUR ( '', #852 ) ;
#9430 = DIRECTION ( 'NONE',  ( 0.0000000000000000000, 0.0000000000000000000, -1.000000000000000000 ) ) ;
#9431 = VECTOR ( 'NONE', #6257, 1000.000000000000000 ) ;
#9432 = FILL_AREA_STYLE ('',( #576 ) ) ;
#9433 = FILL_AREA_STYLE_COLOUR ( '', #8417 ) ;
#9434 = CARTESIAN_POINT ( 'NONE',  ( 3.999999999999999600, 7.999999999999999100, -2.000000000000000000 ) ) ;
#9435 = ORIENTED_EDGE ( 'NONE', *, *, #3023, .T. ) ;
#9436 = MECHANICAL_DESIGN_GEOMETRIC_PRESENTATION_REPRESENTATION (  '', ( #8295 ), #10035 ) ;
#9437 = DIRECTION ( 'NONE',  ( -1.000000000000000000, 0.0000000000000000000, 0.0000000000000000000 ) ) ;
#9438 = UNCERTAINTY_MEASURE_WITH_UNIT (LENGTH_MEASURE( 1.000000000000000100E-005 ), #2463, 'distance_accuracy_value', 'NONE');
#9439 = ADVANCED_FACE ( 'NONE', ( #5771 ), #677, .T. ) ;
#9440 = FACE_OUTER_BOUND ( 'NONE', #11035, .T. ) ;
#9441 =( LENGTH_UNIT ( ) NAMED_UNIT ( * ) SI_UNIT ( .MILLI., .METRE. ) );
#9442 = ORIENTED_EDGE ( 'NONE', *, *, #9412, .F. ) ;
#9443 = AXIS2_PLACEMENT_3D ( 'NONE', #4928, #11039, #5801 ) ;
#9444 = CIRCLE ( 'NONE', #3142, 0.4726131969088088700 ) ;
#9445 = UNCERTAINTY_MEASURE_WITH_UNIT (LENGTH_MEASURE( 1.000000000000000100E-005 ), #9948, 'distance_accuracy_value', 'NONE');
#9446 = ORIENTED_EDGE ( 'NONE', *, *, #6880, .T. ) ;
#9447 = CARTESIAN_POINT ( 'NONE',  ( 10.20138379592711100, -12.99999999999999600, 25.19999999999999900 ) ) ;
#9448 = SURFACE_SIDE_STYLE ('',( #10773 ) ) ;
#9449 = ORIENTED_EDGE ( 'NONE', *, *, #11261, .F. ) ;
#9450 = CARTESIAN_POINT ( 'NONE',  ( 14.15715551915486400, -13.58868278403013900, 27.70000000000000300 ) ) ;
#9451 = ORIENTED_EDGE ( 'NONE', *, *, #3707, .F. ) ;
#9452 = VECTOR ( 'NONE', #4299, 1000.000000000000000 ) ;
#9453 = DIRECTION ( 'NONE',  ( -0.0000000000000000000, -1.000000000000000000, 0.0000000000000000000 ) ) ;
#9454 = ORIENTED_EDGE ( 'NONE', *, *, #2438, .T. ) ;
#9455 = AXIS2_PLACEMENT_3D ( 'NONE', #8785, #3521, #9661 ) ;
#9456 = CARTESIAN_POINT ( 'NONE',  ( 16.00572298526033800, 19.01144597052067600, 28.19999999999999600 ) ) ;
#9457 = FACE_OUTER_BOUND ( 'NONE', #2040, .T. ) ;
#9458 = DIRECTION ( 'NONE',  ( 0.7072524912148907500, -0.7069610411262639000, 0.0000000000000000000 ) ) ;
#9459 = EDGE_CURVE ( 'NONE', #9874, #5705, #2626, .T. ) ;
#9460 = UNCERTAINTY_MEASURE_WITH_UNIT (LENGTH_MEASURE( 1.000000000000000100E-005 ), #1028, 'distance_accuracy_value', 'NONE');
#9461 = ORIENTED_EDGE ( 'NONE', *, *, #6675, .F. ) ;
#9462 = VERTEX_POINT ( 'NONE', #9490 ) ;
#9463 = CIRCLE ( 'NONE', #804, 2.798616204074580300 ) ;
#9464 = STYLED_ITEM ( 'NONE', ( #9112 ), #742 ) ;
#9465 = ORIENTED_EDGE ( 'NONE', *, *, #75, .F. ) ;
#9466 = AXIS2_PLACEMENT_3D ( 'NONE', #11366, #6185, #847 ) ;
#9467 = DIRECTION ( 'NONE',  ( 1.041186654069147000E-014, 1.000000000000000000, 0.0000000000000000000 ) ) ;
#9468 =( NAMED_UNIT ( * ) PLANE_ANGLE_UNIT ( ) SI_UNIT ( $, .RADIAN. ) );
#9469 = DIRECTION ( 'NONE',  ( -1.000000000000000000, 0.0000000000000000000, 0.0000000000000000000 ) ) ;
#9470 = FILL_AREA_STYLE ('',( #3348 ) ) ;
#9471 = CARTESIAN_POINT ( 'NONE',  ( -14.78578643762671900, -13.00000000000094700, 27.70000000000000600 ) ) ;
#9472 = LINE ( 'NONE', #1947, #2778 ) ;
#9473 = CARTESIAN_POINT ( 'NONE',  ( 17.60000000000000500, -17.60000000000000100, 20.19999999999999900 ) ) ;
#9474 = CARTESIAN_POINT ( 'NONE',  ( -16.29861620407457700, 12.99999999999927200, 28.19999999999999600 ) ) ;
#9475 = ORIENTED_EDGE ( 'NONE', *, *, #1440, .T. ) ;
#9476 = PRESENTATION_STYLE_ASSIGNMENT (( #8444 ) ) ;
#9477 = CARTESIAN_POINT ( 'NONE',  ( -13.58868278403019800, -14.37408074114591000, 27.65553645166702500 ) ) ;
#9478 =( GEOMETRIC_REPRESENTATION_CONTEXT ( 3 ) GLOBAL_UNCERTAINTY_ASSIGNED_CONTEXT ( ( #3264 ) ) GLOBAL_UNIT_ASSIGNED_CONTEXT ( ( #8876, #3631, #9756 ) ) REPRESENTATION_CONTEXT ( 'NONE', 'WORKASPACE' ) );
#9479 = EDGE_LOOP ( 'NONE', ( #931, #10973, #3158, #3811, #3035 ) ) ;
#9480 = ORIENTED_EDGE ( 'NONE', *, *, #9270, .F. ) ;
#9481 = CARTESIAN_POINT ( 'NONE',  ( 0.0000000000000000000, 0.0000000000000000000, 26.20000000001709900 ) ) ;
#9482 = EDGE_CURVE ( 'NONE', #9497, #8912, #198, .T. ) ;
#9483 = AXIS2_PLACEMENT_3D ( 'NONE', #11093, #5861, #538 ) ;
#9484 = SURFACE_SIDE_STYLE ('',( #820 ) ) ;
#9485 =( NAMED_UNIT ( * ) SI_UNIT ( $, .STERADIAN. ) SOLID_ANGLE_UNIT ( ) );
#9486 = COLOUR_RGB ( '',1.000000000000000000, 1.000000000000000000, 1.000000000000000000 ) ;
#9487 = EDGE_CURVE ( 'NONE', #3334, #1171, #9330, .T. ) ;
#9488 = VERTEX_POINT ( 'NONE', #4327 ) ;
#9489 = STYLED_ITEM ( 'NONE', ( #8845 ), #7431 ) ;
#9490 = CARTESIAN_POINT ( 'NONE',  ( -2.500000000026640500, 0.0000000000000000000, 25.70000000000000600 ) ) ;
#9491 = ORIENTED_EDGE ( 'NONE', *, *, #10862, .F. ) ;
#9492 = LINE ( 'NONE', #8869, #4835 ) ;
#9493 = SURFACE_STYLE_USAGE ( .BOTH. , #3374 ) ;
#9494 = ADVANCED_FACE ( 'NONE', ( #9078 ), #5203, .F. ) ;
#9495 = FACE_OUTER_BOUND ( 'NONE', #5896, .T. ) ;
#9496 = LINE ( 'NONE', #5936, #10323 ) ;
#9497 = VERTEX_POINT ( 'NONE', #11278 ) ;
#9498 =( LENGTH_UNIT ( ) NAMED_UNIT ( * ) SI_UNIT ( .MILLI., .METRE. ) );
#9499 = FACE_OUTER_BOUND ( 'NONE', #1953, .T. ) ;
#9500 = CARTESIAN_POINT ( 'NONE',  ( 2.992470004868553100, -17.69999999999999900, 0.0000000000000000000 ) ) ;
#9501 = B_SPLINE_CURVE_WITH_KNOTS ( 'NONE', 3,
 ( #7733, #6922, #7806, #2551 ),
 .UNSPECIFIED., .F., .F.,
 ( 4, 4 ),
 ( -0.0005411919004460006400, -1.613292832658430600E-016 ),
 .UNSPECIFIED. ) ;
#9502 =( GEOMETRIC_REPRESENTATION_CONTEXT ( 3 ) GLOBAL_UNCERTAINTY_ASSIGNED_CONTEXT ( ( #1858 ) ) GLOBAL_UNIT_ASSIGNED_CONTEXT ( ( #7365, #2077, #8236 ) ) REPRESENTATION_CONTEXT ( 'NONE', 'WORKASPACE' ) );
#9503 = DIRECTION ( 'NONE',  ( -1.224646799147353200E-016, -1.000000000000000000, 0.0000000000000000000 ) ) ;
#9504 = CARTESIAN_POINT ( 'NONE',  ( 0.0000000000000000000, -2.000000000009549300, -24.00000000000090900 ) ) ;
#9505 = CARTESIAN_POINT ( 'NONE',  ( 0.0000000000000000000, 0.0000000000000000000, 25.19999999999999900 ) ) ;
#9506 = FILL_AREA_STYLE_COLOUR ( '', #9765 ) ;
#9507 = UNCERTAINTY_MEASURE_WITH_UNIT (LENGTH_MEASURE( 1.000000000000000100E-005 ), #5819, 'distance_accuracy_value', 'NONE');
#9508 = CARTESIAN_POINT ( 'NONE',  ( -9.701383795925416100, 12.99999999999927200, 27.69999999999999900 ) ) ;
#9509 = VERTEX_POINT ( 'NONE', #11311 ) ;
#9510 = VECTOR ( 'NONE', #10859, 1000.000000000000000 ) ;
#9511 = DIRECTION ( 'NONE',  ( 1.000000000000000000, 0.0000000000000000000, 0.0000000000000000000 ) ) ;
#9512 =( LENGTH_UNIT ( ) NAMED_UNIT ( * ) SI_UNIT ( .MILLI., .METRE. ) );
#9513 = CARTESIAN_POINT ( 'NONE',  ( -12.41131721597008100, -12.45897040736652200, 26.70000000000000300 ) ) ;
#9514 = SURFACE_STYLE_FILL_AREA ( #8362 ) ;
#9515 = FACE_OUTER_BOUND ( 'NONE', #7069, .T. ) ;
#9516 = SURFACE_STYLE_FILL_AREA ( #3556 ) ;
#9517 = SURFACE_SIDE_STYLE ('',( #8022 ) ) ;
#9518 = ORIENTED_EDGE ( 'NONE', *, *, #7064, .T. ) ;
#9519 = VECTOR ( 'NONE', #2916, 1000.000000000000000 ) ;
#9520 = SURFACE_STYLE_USAGE ( .BOTH. , #3391 ) ;
#9521 = DIRECTION ( 'NONE',  ( 0.0000000000000000000, 0.0000000000000000000, 1.000000000000000000 ) ) ;
#9522 = CARTESIAN_POINT ( 'NONE',  ( -13.00000000000000200, 13.00000000000000200, 4.500000000000001800 ) ) ;
#9523 = UNCERTAINTY_MEASURE_WITH_UNIT (LENGTH_MEASURE( 1.000000000000000100E-005 ), #3186, 'distance_accuracy_value', 'NONE');
#9524 = FACE_BOUND ( 'NONE', #783, .T. ) ;
#9525 = FILL_AREA_STYLE_COLOUR ( '', #900 ) ;
#9526 = EDGE_CURVE ( 'NONE', #5863, #5766, #11218, .T. ) ;
#9527 =( NAMED_UNIT ( * ) SI_UNIT ( $, .STERADIAN. ) SOLID_ANGLE_UNIT ( ) );
#9528 = PRESENTATION_STYLE_ASSIGNMENT (( #5757 ) ) ;
#9529 = EDGE_LOOP ( 'NONE', ( #7660, #3885, #10628, #5127 ) ) ;
#9530 = MECHANICAL_DESIGN_GEOMETRIC_PRESENTATION_REPRESENTATION (  '', ( #7778 ), #10123 ) ;
#9531 = FILL_AREA_STYLE_COLOUR ( '', #6816 ) ;
#9532 = COLOUR_RGB ( '',1.000000000000000000, 1.000000000000000000, 1.000000000000000000 ) ;
#9533 = EDGE_CURVE ( 'NONE', #7451, #8934, #3583, .T. ) ;
#9534 = MECHANICAL_DESIGN_GEOMETRIC_PRESENTATION_REPRESENTATION (  '', ( #8380 ), #10124 ) ;
#9535 = VERTEX_POINT ( 'NONE', #3519 ) ;
#9536 = CARTESIAN_POINT ( 'NONE',  ( -17.39289321881344800, -15.82182540694797600, 4.516154061397947200E-016 ) ) ;
#9537 = AXIS2_PLACEMENT_3D ( 'NONE', #5057, #11141, #5925 ) ;
#9538 = CARTESIAN_POINT ( 'NONE',  ( -13.58868278403019800, -14.37408074114591200, 26.70000000000000300 ) ) ;
#9539 = CARTESIAN_POINT ( 'NONE',  ( 1.102823950784874900, -35.60000000000000100, 24.79493308255596800 ) ) ;
#9540 = COLOUR_RGB ( '',1.000000000000000000, 1.000000000000000000, 1.000000000000000000 ) ;
#9541 = ORIENTED_EDGE ( 'NONE', *, *, #11393, .T. ) ;
#9542 = VERTEX_POINT ( 'NONE', #4397 ) ;
#9543 = PRESENTATION_LAYER_ASSIGNMENT (  '', '', ( #8393 ) ) ;
#9544 = DIRECTION ( 'NONE',  ( -1.000000000000000000, 0.0000000000000000000, 0.0000000000000000000 ) ) ;
#9545 = VERTEX_POINT ( 'NONE', #5275 ) ;
#9546 =( NAMED_UNIT ( * ) PLANE_ANGLE_UNIT ( ) SI_UNIT ( $, .RADIAN. ) );
#9547 = DIRECTION ( 'NONE',  ( -1.000000000000000000, 0.0000000000000000000, 0.0000000000000000000 ) ) ;
#9548 = CARTESIAN_POINT ( 'NONE',  ( -17.59999999999999800, 11.45316318592671400, 6.000000000000000000 ) ) ;
#9549 = EDGE_LOOP ( 'NONE', ( #6247, #7035 ) ) ;
#9550 = VECTOR ( 'NONE', #8753, 1000.000000000000000 ) ;
#9551 =( NAMED_UNIT ( * ) PLANE_ANGLE_UNIT ( ) SI_UNIT ( $, .RADIAN. ) );
#9552 = CARTESIAN_POINT ( 'NONE',  ( -12.99999999999999800, 12.99999999999927200, 27.69999999999999900 ) ) ;
#9553 = EDGE_CURVE ( 'NONE', #7244, #3894, #10574, .T. ) ;
#9554 =( GEOMETRIC_REPRESENTATION_CONTEXT ( 3 ) GLOBAL_UNCERTAINTY_ASSIGNED_CONTEXT ( ( #8197 ) ) GLOBAL_UNIT_ASSIGNED_CONTEXT ( ( #5146, #11222, #6014 ) ) REPRESENTATION_CONTEXT ( 'NONE', 'WORKASPACE' ) );
#9555 = PRESENTATION_LAYER_ASSIGNMENT (  '', '', ( #8401 ) ) ;
#9556 = DIRECTION ( 'NONE',  ( 0.0000000000000000000, 0.0000000000000000000, 1.000000000000000000 ) ) ;
#9557 = ORIENTED_EDGE ( 'NONE', *, *, #10863, .F. ) ;
#9558 = ADVANCED_FACE ( 'NONE', ( #1464 ), #7156, .F. ) ;
#9559 = CARTESIAN_POINT ( 'NONE',  ( -1.102823950784868500, -35.60000000000000100, 24.32231988564715400 ) ) ;
#9560 = CARTESIAN_POINT ( 'NONE',  ( 12.20250684994886100, 12.07187008827300400, 27.70000000000000300 ) ) ;
#9561 = CARTESIAN_POINT ( 'NONE',  ( -15.94314575050762000, 17.59999999999999800, 27.70000000000000300 ) ) ;
#9562 = CARTESIAN_POINT ( 'NONE',  ( 3.311038578853633000, -2.245330193905261200, -2.000000000000000000 ) ) ;
#9563 = PRESENTATION_LAYER_ASSIGNMENT (  '', '', ( #7805 ) ) ;
#9564 = CARTESIAN_POINT ( 'NONE',  ( -13.58868278403017100, -11.62591925885380700, 26.70000000000000300 ) ) ;
#9565 = STYLED_ITEM ( 'NONE', ( #471 ), #2854 ) ;
#9566 = CARTESIAN_POINT ( 'NONE',  ( -11.75000000000000500, -13.00000000000000200, -5.844014525531170600E-017 ) ) ;
#9567 =( NAMED_UNIT ( * ) PLANE_ANGLE_UNIT ( ) SI_UNIT ( $, .RADIAN. ) );
#9568 = ORIENTED_EDGE ( 'NONE', *, *, #2992, .T. ) ;
#9569 = SURFACE_STYLE_FILL_AREA ( #9583 ) ;
#9570 = CIRCLE ( 'NONE', #9287, 0.4726131969088088700 ) ;
#9571 = EDGE_CURVE ( 'NONE', #7046, #1894, #9463, .T. ) ;
#9572 = CARTESIAN_POINT ( 'NONE',  ( 0.0000000000000000000, -15.60000000000000100, 23.18764494107381000 ) ) ;
#9573 = DIRECTION ( 'NONE',  ( 7.366970476447054700E-015, 1.000000000000000000, 0.0000000000000000000 ) ) ;
#9574 = CARTESIAN_POINT ( 'NONE',  ( -13.58868278403017100, -11.95431717056010800, 27.70000000000000300 ) ) ;
#9575 = EDGE_CURVE ( 'NONE', #10031, #1010, #5084, .T. ) ;
#9576 = UNCERTAINTY_MEASURE_WITH_UNIT (LENGTH_MEASURE( 1.000000000000000100E-005 ), #373, 'distance_accuracy_value', 'NONE');
#9577 = CARTESIAN_POINT ( 'NONE',  ( 17.10000000000000500, -17.60000000000000100, 4.336808689942017700E-016 ) ) ;
#9578 = PLANE ( 'NONE',  #8429 ) ;
#9579 = PRESENTATION_STYLE_ASSIGNMENT (( #2071 ) ) ;
#9580 = VERTEX_POINT ( 'NONE', #2732 ) ;
#9581 = PRESENTATION_LAYER_ASSIGNMENT (  '', '', ( #9007 ) ) ;
#9582 = FILL_AREA_STYLE_COLOUR ( '', #10986 ) ;
#9583 = FILL_AREA_STYLE ('',( #7214 ) ) ;
#9584 = EDGE_LOOP ( 'NONE', ( #8367, #9752, #4755, #1198 ) ) ;
#9585 = UNCERTAINTY_MEASURE_WITH_UNIT (LENGTH_MEASURE( 1.000000000000000100E-005 ), #7656, 'distance_accuracy_value', 'NONE');
#9586 = CARTESIAN_POINT ( 'NONE',  ( 13.58868278403009100, 12.45897040736660300, 27.69999999999999900 ) ) ;
#9587 = CARTESIAN_POINT ( 'NONE',  ( -3.023410535225618200, -2.633391210096093400, -2.000000000000000000 ) ) ;
#9588 = ORIENTED_EDGE ( 'NONE', *, *, #4115, .F. ) ;
#9589 = DIRECTION ( 'NONE',  ( -1.000000000000000000, -1.836970198721029700E-016, 0.0000000000000000000 ) ) ;
#9590 =( LENGTH_UNIT ( ) NAMED_UNIT ( * ) SI_UNIT ( .MILLI., .METRE. ) );
#9591 = ORIENTED_EDGE ( 'NONE', *, *, #6133, .T. ) ;
#9592 = DIRECTION ( 'NONE',  ( 0.8571673007013629300, 1.049727191137700900E-016, -0.5150380749113013800 ) ) ;
#9593 = PRESENTATION_LAYER_ASSIGNMENT (  '', '', ( #10187 ) ) ;
#9594 = DIRECTION ( 'NONE',  ( 0.0000000000000000000, 0.0000000000000000000, 1.000000000000000000 ) ) ;
#9595 = ORIENTED_EDGE ( 'NONE', *, *, #4207, .T. ) ;
#9596 = DIRECTION ( 'NONE',  ( 0.0000000000000000000, 0.0000000000000000000, 1.000000000000000000 ) ) ;
#9597 = ORIENTED_EDGE ( 'NONE', *, *, #4789, .F. ) ;
#9598 = CIRCLE ( 'NONE', #8531, 0.5000000000000004400 ) ;
#9599 =( GEOMETRIC_REPRESENTATION_CONTEXT ( 3 ) GLOBAL_UNCERTAINTY_ASSIGNED_CONTEXT ( ( #11168 ) ) GLOBAL_UNIT_ASSIGNED_CONTEXT ( ( #8873, #3629, #9755 ) ) REPRESENTATION_CONTEXT ( 'NONE', 'WORKASPACE' ) );
#9600 = CARTESIAN_POINT ( 'NONE',  ( 17.60000000000000500, -17.60000000000000100, 20.19999999999999900 ) ) ;
#9601 = ORIENTED_EDGE ( 'NONE', *, *, #8334, .F. ) ;
#9602 =( NAMED_UNIT ( * ) SI_UNIT ( $, .STERADIAN. ) SOLID_ANGLE_UNIT ( ) );
#9603 = CARTESIAN_POINT ( 'NONE',  ( -13.60000000000000000, 17.09999999999999800, 28.19999999999999900 ) ) ;
#9604 = SURFACE_SIDE_STYLE ('',( #6612 ) ) ;
#9605 = FACE_OUTER_BOUND ( 'NONE', #3204, .T. ) ;
#9606 = DIRECTION ( 'NONE',  ( -0.7072524912148905300, -0.7069610411262640100, 0.0000000000000000000 ) ) ;
#9607 = PRESENTATION_LAYER_ASSIGNMENT (  '', '', ( #10195 ) ) ;
#9608 = ORIENTED_EDGE ( 'NONE', *, *, #11140, .F. ) ;
#9609 = MECHANICAL_DESIGN_GEOMETRIC_PRESENTATION_REPRESENTATION (  '', ( #7047 ), #10198 ) ;
#9610 = UNCERTAINTY_MEASURE_WITH_UNIT (LENGTH_MEASURE( 1.000000000000000100E-005 ), #11288, 'distance_accuracy_value', 'NONE');
#9611 = CARTESIAN_POINT ( 'NONE',  ( 13.58868278403010000, 14.37408074114600100, 26.70000000000000300 ) ) ;
#9612 = PRESENTATION_LAYER_ASSIGNMENT (  '', '', ( #9037 ) ) ;
#9613 = DIRECTION ( 'NONE',  ( 1.000000000000000000, 0.0000000000000000000, 0.0000000000000000000 ) ) ;
#9614 = CARTESIAN_POINT ( 'NONE',  ( 17.60000000000000500, 11.45316318592670700, 20.19999999999999900 ) ) ;
#9615 = EDGE_CURVE ( 'NONE', #6654, #9324, #11098, .T. ) ;
#9616 = CARTESIAN_POINT ( 'NONE',  ( 1.102823950784874900, -35.60000000000000100, 24.79493308255596800 ) ) ;
#9617 = ADVANCED_FACE ( 'NONE', ( #2461 ), #6028, .T. ) ;
#9618 = EDGE_CURVE ( 'NONE', #1699, #5796, #3992, .T. ) ;
#9619 = ORIENTED_EDGE ( 'NONE', *, *, #9618, .T. ) ;
#9620 = SURFACE_STYLE_USAGE ( .BOTH. , #7251 ) ;
#9621 = CARTESIAN_POINT ( 'NONE',  ( -12.41131721597007200, -11.62591925885381800, 27.65553645166674800 ) ) ;
#9622 = MECHANICAL_DESIGN_GEOMETRIC_PRESENTATION_REPRESENTATION (  '', ( #8465 ), #10210 ) ;
#9623 = ORIENTED_EDGE ( 'NONE', *, *, #7774, .T. ) ;
#9624 = CARTESIAN_POINT ( 'NONE',  ( -13.54102959263334700, 13.58868278403004700, 26.70000000000000300 ) ) ;
#9625 = VECTOR ( 'NONE', #11166, 1000.000000000000000 ) ;
#9626 = FILL_AREA_STYLE_COLOUR ( '', #3834 ) ;
#9627 = CARTESIAN_POINT ( 'NONE',  ( 17.10000000000000500, 0.0000000000000000000, 28.19999999999999900 ) ) ;
#9628 = SURFACE_SIDE_STYLE ('',( #8120 ) ) ;
#9629 = ORIENTED_EDGE ( 'NONE', *, *, #4854, .F. ) ;
#9630 = CARTESIAN_POINT ( 'NONE',  ( 1.901562360351744900, 3.523680570870403500, -2.000000000000000400 ) ) ;
#9631 = EDGE_LOOP ( 'NONE', ( #10637, #7809, #6608, #1307, #8458 ) ) ;
#9632 = CARTESIAN_POINT ( 'NONE',  ( 14.78578643762690000, 16.57157287525380000, 27.70000000000000300 ) ) ;
#9633 = DIRECTION ( 'NONE',  ( -1.000000000000000000, 0.0000000000000000000, 0.0000000000000000000 ) ) ;
#9634 = SURFACE_STYLE_FILL_AREA ( #571 ) ;
#9635 = CIRCLE ( 'NONE', #1722, 0.5000000000000004400 ) ;
#9636 = CARTESIAN_POINT ( 'NONE',  ( -13.59999999999999800, -17.60000000000000100, 8.000000000000000000 ) ) ;
#9637 = DIRECTION ( 'NONE',  ( 0.0000000000000000000, 0.0000000000000000000, -1.000000000000000000 ) ) ;
#9638 = MECHANICAL_DESIGN_GEOMETRIC_PRESENTATION_REPRESENTATION (  '', ( #8476 ), #10221 ) ;
#9639 = STYLED_ITEM ( 'NONE', ( #5800 ), #2205 ) ;
#9640 = FILL_AREA_STYLE_COLOUR ( '', #1649 ) ;
#9641 = FACE_OUTER_BOUND ( 'NONE', #5277, .T. ) ;
#9642 = LINE ( 'NONE', #711, #493 ) ;
#9643 = DIRECTION ( 'NONE',  ( 0.0000000000000000000, 0.0000000000000000000, -1.000000000000000000 ) ) ;
#9644 = ORIENTED_EDGE ( 'NONE', *, *, #11198, .F. ) ;
#9645 = ORIENTED_EDGE ( 'NONE', *, *, #8885, .F. ) ;
#9646 =( NAMED_UNIT ( * ) SI_UNIT ( $, .STERADIAN. ) SOLID_ANGLE_UNIT ( ) );
#9647 = EDGE_CURVE ( 'NONE', #5532, #6402, #1602, .T. ) ;
#9648 = SURFACE_SIDE_STYLE ('',( #2716 ) ) ;
#9649 = CARTESIAN_POINT ( 'NONE',  ( 0.0000000000000000000, 0.0000000000000000000, 0.0000000000000000000 ) ) ;
#9650 =( NAMED_UNIT ( * ) SI_UNIT ( $, .STERADIAN. ) SOLID_ANGLE_UNIT ( ) );
#9651 = MECHANICAL_DESIGN_GEOMETRIC_PRESENTATION_REPRESENTATION (  '', ( #8488 ), #10233 ) ;
#9652 = VECTOR ( 'NONE', #4221, 1000.000000000000000 ) ;
#9653 = EDGE_CURVE ( 'NONE', #8280, #5752, #8387, .T. ) ;
#9654 = SURFACE_STYLE_FILL_AREA ( #4777 ) ;
#9655 = CIRCLE ( 'NONE', #7707, 1.249999999999999300 ) ;
#9656 = CIRCLE ( 'NONE', #3197, 1.249999999999999300 ) ;
#9657 =( GEOMETRIC_REPRESENTATION_CONTEXT ( 3 ) GLOBAL_UNCERTAINTY_ASSIGNED_CONTEXT ( ( #7012 ) ) GLOBAL_UNIT_ASSIGNED_CONTEXT ( ( #1442, #7638, #2366 ) ) REPRESENTATION_CONTEXT ( 'NONE', 'WORKASPACE' ) );
#9658 = DIRECTION ( 'NONE',  ( -0.0000000000000000000, -0.0000000000000000000, -1.000000000000000000 ) ) ;
#9659 = VECTOR ( 'NONE', #5790, 1000.000000000000000 ) ;
#9660 = CIRCLE ( 'NONE', #2402, 0.5000000000000004400 ) ;
#9661 = DIRECTION ( 'NONE',  ( -1.000000000000000000, 0.0000000000000000000, 0.0000000000000000000 ) ) ;
#9662 = DIRECTION ( 'NONE',  ( 0.0000000000000000000, -0.0000000000000000000, 1.000000000000000000 ) ) ;
#9663 = UNCERTAINTY_MEASURE_WITH_UNIT (LENGTH_MEASURE( 1.000000000000000100E-005 ), #8477, 'distance_accuracy_value', 'NONE');
#9664 = CARTESIAN_POINT ( 'NONE',  ( -13.59999999999999800, 17.59999999999999800, 8.000000000000000000 ) ) ;
#9665 =( LENGTH_UNIT ( ) NAMED_UNIT ( * ) SI_UNIT ( .MILLI., .METRE. ) );
#9666 = SURFACE_STYLE_USAGE ( .BOTH. , #3531 ) ;
#9667 = SURFACE_SIDE_STYLE ('',( #7523 ) ) ;
#9668 = VECTOR ( 'NONE', #10517, 1000.000000000000000 ) ;
#9669 = B_SPLINE_CURVE_WITH_KNOTS ( 'NONE', 3,
 ( #1368, #3049, #8450, #3193 ),
 .UNSPECIFIED., .F., .F.,
 ( 4, 4 ),
 ( -1.734723475976807100E-018, 0.0005894062810974080500 ),
 .UNSPECIFIED. ) ;
#9670 = LINE ( 'NONE', #4420, #2970 ) ;
#9671 = AXIS2_PLACEMENT_3D ( 'NONE', #10315, #2410, #9469 ) ;
#9672 = DIRECTION ( 'NONE',  ( 1.000000000000000000, 0.0000000000000000000, 0.0000000000000000000 ) ) ;
#9673 = CIRCLE ( 'NONE', #3419, 2.200000000000000600 ) ;
#9674 = CARTESIAN_POINT ( 'NONE',  ( 4.000000000000000000, 4.898587196589412800E-016, 28.19999999999999600 ) ) ;
#9675 =( NAMED_UNIT ( * ) PLANE_ANGLE_UNIT ( ) SI_UNIT ( $, .RADIAN. ) );
#9676 = DIRECTION ( 'NONE',  ( -0.0000000000000000000, -0.0000000000000000000, -1.000000000000000000 ) ) ;
#9677 = ORIENTED_EDGE ( 'NONE', *, *, #3526, .F. ) ;
#9678 = AXIS2_PLACEMENT_3D ( 'NONE', #8759, #3450, #3493 ) ;
#9679 = LINE ( 'NONE', #2277, #2977 ) ;
#9680 = ORIENTED_EDGE ( 'NONE', *, *, #1678, .T. ) ;
#9681 =( NAMED_UNIT ( * ) PLANE_ANGLE_UNIT ( ) SI_UNIT ( $, .RADIAN. ) );
#9682 = ADVANCED_FACE ( 'NONE', ( #10419 ), #2613, .T. ) ;
#9683 =( BOUNDED_CURVE ( )  B_SPLINE_CURVE ( 3, ( #1323, #2229, #9272, #4030 ),
 .UNSPECIFIED., .F., .T. ) 
 B_SPLINE_CURVE_WITH_KNOTS ( ( 4, 4 ),
 ( 0.0000000000000000000, 1.000000000000000000 ),
 .UNSPECIFIED. ) 
 CURVE ( )  GEOMETRIC_REPRESENTATION_ITEM ( )  RATIONAL_B_SPLINE_CURVE ( ( 1.000000000000000000, 0.9711696904487461300, 0.9711696904487461300, 1.000000000000000000 ) ) 
 REPRESENTATION_ITEM ( '' )  );
#9684 = CARTESIAN_POINT ( 'NONE',  ( -12.99999999999927200, -12.45897040736650600, 27.69999999999999900 ) ) ;
#9685 = PRESENTATION_STYLE_ASSIGNMENT (( #9024 ) ) ;
#9686 = FILL_AREA_STYLE_COLOUR ( '', #2846 ) ;
#9687 = LINE ( 'NONE', #5134, #540 ) ;
#9688 =( NAMED_UNIT ( * ) PLANE_ANGLE_UNIT ( ) SI_UNIT ( $, .RADIAN. ) );
#9689 = VERTEX_POINT ( 'NONE', #7257 ) ;
#9690 =( NAMED_UNIT ( * ) SI_UNIT ( $, .STERADIAN. ) SOLID_ANGLE_UNIT ( ) );
#9691 = ORIENTED_EDGE ( 'NONE', *, *, #3340, .T. ) ;
#9692 = SURFACE_SIDE_STYLE ('',( #9516 ) ) ;
#9693 = ORIENTED_EDGE ( 'NONE', *, *, #7128, .T. ) ;
#9694 = EDGE_CURVE ( 'NONE', #8411, #1328, #4939, .T. ) ;
#9695 = EDGE_CURVE ( 'NONE', #2127, #4850, #9598, .T. ) ;
#9696 = PRESENTATION_STYLE_ASSIGNMENT (( #4387 ) ) ;
#9697 = SURFACE_STYLE_USAGE ( .BOTH. , #3559 ) ;
#9698 = MECHANICAL_DESIGN_GEOMETRIC_PRESENTATION_REPRESENTATION (  '', ( #8528 ), #10264 ) ;
#9699 = ORIENTED_EDGE ( 'NONE', *, *, #7774, .F. ) ;
#9700 = FILL_AREA_STYLE_COLOUR ( '', #2497 ) ;
#9701 = AXIS2_PLACEMENT_3D ( 'NONE', #1004, #3679, #6369 ) ;
#9702 = DIRECTION ( 'NONE',  ( 0.0000000000000000000, 0.0000000000000000000, -1.000000000000000000 ) ) ;
#9703 = CARTESIAN_POINT ( 'NONE',  ( 13.60000000000000300, 17.39289321881345200, 28.20000000000000600 ) ) ;
#9704 = DIRECTION ( 'NONE',  ( 0.0000000000000000000, -1.000000000000000000, 0.0000000000000000000 ) ) ;
#9705 = CONICAL_SURFACE ( 'NONE', #3584, 1.249999999947248200, 1.029744258675199500 ) ;
#9706 =( NAMED_UNIT ( * ) PLANE_ANGLE_UNIT ( ) SI_UNIT ( $, .RADIAN. ) );
#9707 = LINE ( 'NONE', #5135, #7400 ) ;
#9708 = ORIENTED_EDGE ( 'NONE', *, *, #9005, .F. ) ;
#9709 = CYLINDRICAL_SURFACE ( 'NONE', #1249, 11.00000000000000000 ) ;
#9710 = FILL_AREA_STYLE_COLOUR ( '', #9379 ) ;
#9711 =( NAMED_UNIT ( * ) PLANE_ANGLE_UNIT ( ) SI_UNIT ( $, .RADIAN. ) );
#9712 = DIRECTION ( 'NONE',  ( 0.0000000000000000000, 0.0000000000000000000, 1.000000000000000000 ) ) ;
#9713 = EDGE_CURVE ( 'NONE', #4629, #11205, #457, .T. ) ;
#9714 = AXIS2_PLACEMENT_3D ( 'NONE', #2152, #8322, #3069 ) ;
#9715 = MECHANICAL_DESIGN_GEOMETRIC_PRESENTATION_REPRESENTATION (  '', ( #7953 ), #8024 ) ;
#9716 =( NAMED_UNIT ( * ) PLANE_ANGLE_UNIT ( ) SI_UNIT ( $, .RADIAN. ) );
#9717 = CARTESIAN_POINT ( 'NONE',  ( -10.79999999999921400, 12.99999999999927200, 25.19999999999999900 ) ) ;
#9718 = PRESENTATION_STYLE_ASSIGNMENT (( #3098 ) ) ;
#9719 = CARTESIAN_POINT ( 'NONE',  ( 11.73714950768866800, 12.45897040736660700, 27.68476953867928000 ) ) ;
#9720 = FILL_AREA_STYLE_COLOUR ( '', #171 ) ;
#9721 = VERTEX_POINT ( 'NONE', #3763 ) ;
#9722 = CARTESIAN_POINT ( 'NONE',  ( -13.59999999999999800, -17.10000000000000100, 28.19999999999999900 ) ) ;
#9723 = CARTESIAN_POINT ( 'NONE',  ( 0.0000000000000000000, -15.60000000000000100, 0.0000000000000000000 ) ) ;
#9724 = FILL_AREA_STYLE_COLOUR ( '', #11310 ) ;
#9725 = SURFACE_STYLE_USAGE ( .BOTH. , #3594 ) ;
#9726 = ORIENTED_EDGE ( 'NONE', *, *, #2206, .F. ) ;
#9727 = B_SPLINE_CURVE_WITH_KNOTS ( 'NONE', 3,
 ( #4898, #2266, #4933, #11043 ),
 .UNSPECIFIED., .F., .F.,
 ( 4, 4 ),
 ( 1.734723475976807100E-018, 0.0001923396241077759100 ),
 .UNSPECIFIED. ) ;
#9728 = AXIS2_PLACEMENT_3D ( 'NONE', #2140, #2104, #1995 ) ;
#9729 = SURFACE_SIDE_STYLE ('',( #3780 ) ) ;
#9730 = COLOUR_RGB ( '',1.000000000000000000, 1.000000000000000000, 1.000000000000000000 ) ;
#9731 = EDGE_CURVE ( 'NONE', #10650, #7176, #181, .T. ) ;
#9732 = UNCERTAINTY_MEASURE_WITH_UNIT (LENGTH_MEASURE( 1.000000000000000100E-005 ), #10756, 'distance_accuracy_value', 'NONE');
#9733 = DIRECTION ( 'NONE',  ( 0.0000000000000000000, 0.0000000000000000000, 1.000000000000000000 ) ) ;
#9734 = ORIENTED_EDGE ( 'NONE', *, *, #6992, .F. ) ;
#9735 = DIRECTION ( 'NONE',  ( 1.000000000000000000, 0.0000000000000000000, 0.0000000000000000000 ) ) ;
#9736 = EDGE_LOOP ( 'NONE', ( #9691, #4721, #5356, #10346 ) ) ;
#9737 = MECHANICAL_DESIGN_GEOMETRIC_PRESENTATION_REPRESENTATION (  '', ( #7977 ), #10310 ) ;
#9738 = CARTESIAN_POINT ( 'NONE',  ( 12.63931360491101900, -11.73714950768870600, 27.69730827491897400 ) ) ;
#9739 = ADVANCED_FACE ( 'NONE', ( #7002 ), #7747, .F. ) ;
#9740 = ORIENTED_EDGE ( 'NONE', *, *, #11, .T. ) ;
#9741 = DIRECTION ( 'NONE',  ( -1.000000000000000000, 0.0000000000000000000, 0.0000000000000000000 ) ) ;
#9742 = VECTOR ( 'NONE', #9856, 1000.000000000000000 ) ;
#9743 = CARTESIAN_POINT ( 'NONE',  ( -13.59999999999999800, -17.60000000000000100, 27.69999999999999900 ) ) ;
#9744 = ORIENTED_EDGE ( 'NONE', *, *, #2745, .T. ) ;
#9745 = LINE ( 'NONE', #9577, #9452 ) ;
#9746 = ORIENTED_EDGE ( 'NONE', *, *, #8846, .F. ) ;
#9747 = PRESENTATION_LAYER_ASSIGNMENT (  '', '', ( #7415 ) ) ;
#9748 = DIRECTION ( 'NONE',  ( 0.0000000000000000000, 0.0000000000000000000, 1.000000000000000000 ) ) ;
#9749 =( NAMED_UNIT ( * ) SI_UNIT ( $, .STERADIAN. ) SOLID_ANGLE_UNIT ( ) );
#9750 = CARTESIAN_POINT ( 'NONE',  ( -1.781605714252106200, 3.585824512321062100, -2.000000000000000000 ) ) ;
#9751 = DIRECTION ( 'NONE',  ( 0.0000000000000000000, 0.0000000000000000000, 1.000000000000000000 ) ) ;
#9752 = ORIENTED_EDGE ( 'NONE', *, *, #10664, .T. ) ;
#9753 = ORIENTED_EDGE ( 'NONE', *, *, #9915, .T. ) ;
#9754 = AXIS2_PLACEMENT_3D ( 'NONE', #4556, #1006, #6979 ) ;
#9755 =( NAMED_UNIT ( * ) SI_UNIT ( $, .STERADIAN. ) SOLID_ANGLE_UNIT ( ) );
#9756 =( NAMED_UNIT ( * ) SI_UNIT ( $, .STERADIAN. ) SOLID_ANGLE_UNIT ( ) );
#9757 = ORIENTED_EDGE ( 'NONE', *, *, #1254, .T. ) ;
#9758 = EDGE_CURVE ( 'NONE', #10420, #10699, #10790, .T. ) ;
#9759 = B_SPLINE_CURVE_WITH_KNOTS ( 'NONE', 3,
 ( #7209, #8087, #4593, #10716 ),
 .UNSPECIFIED., .F., .F.,
 ( 4, 4 ),
 ( 1.734723475976807100E-018, 0.0001923396241079260100 ),
 .UNSPECIFIED. ) ;
#9760 = CARTESIAN_POINT ( 'NONE',  ( 9.701383795927109000, -6.402767591852771100, 28.20000000000000300 ) ) ;
#9761 = DIRECTION ( 'NONE',  ( 0.0000000000000000000, 0.0000000000000000000, 1.000000000000000000 ) ) ;
#9762 = CARTESIAN_POINT ( 'NONE',  ( -1.102823950784868500, -35.60000000000000100, 25.26754627946477400 ) ) ;
#9763 = ORIENTED_EDGE ( 'NONE', *, *, #5347, .T. ) ;
#9764 = PRESENTATION_STYLE_ASSIGNMENT (( #5776 ) ) ;
#9765 = COLOUR_RGB ( '',1.000000000000000000, 1.000000000000000000, 1.000000000000000000 ) ;
#9766 = LINE ( 'NONE', #10112, #3057 ) ;
#9767 =( NAMED_UNIT ( * ) SI_UNIT ( $, .STERADIAN. ) SOLID_ANGLE_UNIT ( ) );
#9768 = PRESENTATION_LAYER_ASSIGNMENT (  '', '', ( #9174 ) ) ;
#9769 = SURFACE_STYLE_FILL_AREA ( #54 ) ;
#9770 = EDGE_LOOP ( 'NONE', ( #11065, #4919, #162, #9845, #8874 ) ) ;
#9771 = AXIS2_PLACEMENT_3D ( 'NONE', #9163, #3926, #10043 ) ;
#9772 = ORIENTED_EDGE ( 'NONE', *, *, #9615, .T. ) ;
#9773 = DIRECTION ( 'NONE',  ( 1.000000000000000000, 9.856383386231857600E-017, 0.0000000000000000000 ) ) ;
#9774 = CIRCLE ( 'NONE', #1288, 4.000000000000000000 ) ;
#9775 = SURFACE_STYLE_USAGE ( .BOTH. , #3645 ) ;
#9776 = ORIENTED_EDGE ( 'NONE', *, *, #5688, .T. ) ;
#9777 = COLOUR_RGB ( '',1.000000000000000000, 1.000000000000000000, 1.000000000000000000 ) ;
#9778 = CARTESIAN_POINT ( 'NONE',  ( 17.60000000000000500, 13.60000000000000100, 27.69999999999999900 ) ) ;
#9779 = COLOUR_RGB ( '',1.000000000000000000, 1.000000000000000000, 1.000000000000000000 ) ;
#9780 = CONICAL_SURFACE ( 'NONE', #10806, 1.249999999947244600, 1.029744258675199500 ) ;
#9781 = DIRECTION ( 'NONE',  ( -1.000000000000000000, 0.0000000000000000000, 0.0000000000000000000 ) ) ;
#9782 = DIRECTION ( 'NONE',  ( 1.000000000000000000, 0.0000000000000000000, 0.0000000000000000000 ) ) ;
#9783 = EDGE_LOOP ( 'NONE', ( #1925, #7772, #4419, #2915 ) ) ;
#9784 = EDGE_LOOP ( 'NONE', ( #4667, #4516, #6935 ) ) ;
#9785 = CIRCLE ( 'NONE', #6486, 2.500000000000000000 ) ;
#9786 = EDGE_CURVE ( 'NONE', #135, #8810, #1456, .T. ) ;
#9787 = PRESENTATION_LAYER_ASSIGNMENT (  '', '', ( #8612 ) ) ;
#9788 = SURFACE_STYLE_USAGE ( .BOTH. , #3658 ) ;
#9789 = FILL_AREA_STYLE ('',( #3660 ) ) ;
#9790 = CARTESIAN_POINT ( 'NONE',  ( -3.626677856624175500, 1.689782704261923800, -2.000000000000000000 ) ) ;
#9791 = SURFACE_STYLE_FILL_AREA ( #5318 ) ;
#9792 = FILL_AREA_STYLE_COLOUR ( '', #10620 ) ;
#9793 = SURFACE_STYLE_FILL_AREA ( #4050 ) ;
#9794 = DIRECTION ( 'NONE',  ( 1.000000000000000000, -0.0000000000000000000, 0.0000000000000000000 ) ) ;
#9795 = ORIENTED_EDGE ( 'NONE', *, *, #7072, .F. ) ;
#9796 = DIRECTION ( 'NONE',  ( 1.000000000000000000, 0.0000000000000000000, 0.0000000000000000000 ) ) ;
#9797 = DIRECTION ( 'NONE',  ( 0.0000000000000000000, 0.0000000000000000000, 1.000000000000000000 ) ) ;
#9798 = DIRECTION ( 'NONE',  ( 0.0000000000000000000, 0.0000000000000000000, 1.000000000000000000 ) ) ;
#9799 = SURFACE_STYLE_USAGE ( .BOTH. , #3671 ) ;
#9800 = AXIS2_PLACEMENT_3D ( 'NONE', #1970, #2804, #1928 ) ;
#9801 = STYLED_ITEM ( 'NONE', ( #4147 ), #2680 ) ;
#9802 = ADVANCED_FACE ( 'NONE', ( #3865 ), #2761, .F. ) ;
#9803 = SURFACE_SIDE_STYLE ('',( #8000 ) ) ;
#9804 = CARTESIAN_POINT ( 'NONE',  ( -17.59999999999999800, -11.45316318592671400, 8.000000000000000000 ) ) ;
#9805 = B_SPLINE_CURVE_WITH_KNOTS ( 'NONE', 3,
 ( #5783, #11020, #10158, #440 ),
 .UNSPECIFIED., .F., .F.,
 ( 4, 4 ),
 ( 3.469446951953614200E-018, 0.0003313943203236996900 ),
 .UNSPECIFIED. ) ;
#9806 = EDGE_CURVE ( 'NONE', #2608, #1773, #596, .T. ) ;
#9807 = CARTESIAN_POINT ( 'NONE',  ( 15.79861620407433200, -7.402767591852772000, 27.70000000000000300 ) ) ;
#9808 = ORIENTED_EDGE ( 'NONE', *, *, #75, .T. ) ;
#9809 = DIRECTION ( 'NONE',  ( 1.000000000000000000, 0.0000000000000000000, -0.0000000000000000000 ) ) ;
#9810 = SURFACE_SIDE_STYLE ('',( #4402 ) ) ;
#9811 = CARTESIAN_POINT ( 'NONE',  ( 11.73714950768867000, 13.54102959263330200, 27.68476953867928700 ) ) ;
#9812 =( NAMED_UNIT ( * ) PLANE_ANGLE_UNIT ( ) SI_UNIT ( $, .RADIAN. ) );
#9813 = B_SPLINE_CURVE_WITH_KNOTS ( 'NONE', 3,
 ( #5773, #11012, #8437, #3179 ),
 .UNSPECIFIED., .F., .F.,
 ( 4, 4 ),
 ( 0.0000000000000000000, 0.0001923396241070265300 ),
 .UNSPECIFIED. ) ;
#9814 = FACE_OUTER_BOUND ( 'NONE', #3726, .T. ) ;
#9815 = EDGE_CURVE ( 'NONE', #5778, #1154, #9745, .T. ) ;
#9816 = CARTESIAN_POINT ( 'NONE',  ( 2.092470004868553600, -15.60000000000000100, 0.0000000000000000000 ) ) ;
#9817 = UNCERTAINTY_MEASURE_WITH_UNIT (LENGTH_MEASURE( 1.000000000000000100E-005 ), #2086, 'distance_accuracy_value', 'NONE');
#9818 = ORIENTED_EDGE ( 'NONE', *, *, #10643, .F. ) ;
#9819 = LINE ( 'NONE', #4672, #7498 ) ;
#9820 = SURFACE_STYLE_FILL_AREA ( #682 ) ;
#9821 = CARTESIAN_POINT ( 'NONE',  ( -14.52295398712865700, 14.52894118582679200, 22.19999999999999600 ) ) ;
#9822 = ORIENTED_EDGE ( 'NONE', *, *, #7013, .T. ) ;
#9823 =( GEOMETRIC_REPRESENTATION_CONTEXT ( 3 ) GLOBAL_UNCERTAINTY_ASSIGNED_CONTEXT ( ( #169 ) ) GLOBAL_UNIT_ASSIGNED_CONTEXT ( ( #2760, #8877, #3632 ) ) REPRESENTATION_CONTEXT ( 'NONE', 'WORKASPACE' ) );
#9824 = ORIENTED_EDGE ( 'NONE', *, *, #2235, .T. ) ;
#9825 = CARTESIAN_POINT ( 'NONE',  ( -12.63931360491110600, 14.26285049231137200, 27.69730827491901300 ) ) ;
#9826 = SURFACE_STYLE_USAGE ( .BOTH. , #3691 ) ;
#9827 = PRESENTATION_LAYER_ASSIGNMENT (  '', '', ( #10391 ) ) ;
#9828 = ORIENTED_EDGE ( 'NONE', *, *, #4949, .T. ) ;
#9829 = CARTESIAN_POINT ( 'NONE',  ( -16.29861620407360700, -13.00000000000072300, 28.19999999999999600 ) ) ;
#9830 = DIRECTION ( 'NONE',  ( -0.0000000000000000000, -1.000000000000000000, -0.0000000000000000000 ) ) ;
#9831 = CARTESIAN_POINT ( 'NONE',  ( 12.41131721597000000, 14.04568282944049800, 27.70000000000000300 ) ) ;
#9832 = B_SPLINE_CURVE_WITH_KNOTS ( 'NONE', 3,
 ( #5175, #6052, #724, #6939 ),
 .UNSPECIFIED., .F., .F.,
 ( 4, 4 ),
 ( 0.0005411919004457474800, 0.001082383800891594100 ),
 .UNSPECIFIED. ) ;
#9833 = FACE_OUTER_BOUND ( 'NONE', #6163, .T. ) ;
#9834 = FILL_AREA_STYLE ('',( #2828 ) ) ;
#9835 = CARTESIAN_POINT ( 'NONE',  ( -14.07111483039578400, -12.45897040736650600, 27.70000000000000300 ) ) ;
#9836 = PRESENTATION_LAYER_ASSIGNMENT (  '', '', ( #10395 ) ) ;
#9837 = ORIENTED_EDGE ( 'NONE', *, *, #10014, .F. ) ;
#9838 = CARTESIAN_POINT ( 'NONE',  ( -11.00000000000000200, -21.99999999999999600, -0.2071067811865476300 ) ) ;
#9839 = CARTESIAN_POINT ( 'NONE',  ( -13.59999999999999800, 17.09999999999999800, 2.168404344971008900E-016 ) ) ;
#9840 = ORIENTED_EDGE ( 'NONE', *, *, #3687, .T. ) ;
#9841 = EDGE_CURVE ( 'NONE', #1982, #10103, #10642, .T. ) ;
#9842 = PLANE ( 'NONE',  #6910 ) ;
#9843 = VERTEX_POINT ( 'NONE', #1692 ) ;
#9844 = DIRECTION ( 'NONE',  ( -1.000000000000000000, 6.247119924414881800E-015, 0.0000000000000000000 ) ) ;
#9845 = ORIENTED_EDGE ( 'NONE', *, *, #1827, .F. ) ;
#9846 = CARTESIAN_POINT ( 'NONE',  ( 12.99999999999999600, -13.00000000000000500, -5.844014525531170600E-017 ) ) ;
#9847 = DIRECTION ( 'NONE',  ( 1.000000000000000000, 0.0000000000000000000, -0.0000000000000000000 ) ) ;
#9848 = VECTOR ( 'NONE', #8542, 1000.000000000000000 ) ;
#9849 = MECHANICAL_DESIGN_GEOMETRIC_PRESENTATION_REPRESENTATION (  '', ( #8664 ), #10406 ) ;
#9850 = PLANE ( 'NONE',  #3854 ) ;
#9851 =( LENGTH_UNIT ( ) NAMED_UNIT ( * ) SI_UNIT ( .MILLI., .METRE. ) );
#9852 = FACE_OUTER_BOUND ( 'NONE', #5980, .T. ) ;
#9853 = VERTEX_POINT ( 'NONE', #4337 ) ;
#9854 = EDGE_CURVE ( 'NONE', #1275, #316, #7145, .T. ) ;
#9855 = SURFACE_STYLE_USAGE ( .BOTH. , #3720 ) ;
#9856 = DIRECTION ( 'NONE',  ( -0.0000000000000000000, -0.0000000000000000000, -1.000000000000000000 ) ) ;
#9857 = ADVANCED_FACE ( 'NONE', ( #5075 ), #2610, .F. ) ;
#9858 = SURFACE_STYLE_FILL_AREA ( #417 ) ;
#9859 = MECHANICAL_DESIGN_GEOMETRIC_PRESENTATION_REPRESENTATION (  '', ( #7519 ), #10424 ) ;
#9860 = CARTESIAN_POINT ( 'NONE',  ( -11.62591925885395100, 13.58868278403005000, 27.65553645166687200 ) ) ;
#9861 = ORIENTED_EDGE ( 'NONE', *, *, #10171, .F. ) ;
#9862 = CARTESIAN_POINT ( 'NONE',  ( -1.102823950784868500, -15.60000000000000300, 24.32231988564715400 ) ) ;
#9863 = VECTOR ( 'NONE', #1893, 1000.000000000000000 ) ;
#9864 = FILL_AREA_STYLE ('',( #95 ) ) ;
#9865 = SURFACE_STYLE_USAGE ( .BOTH. , #3734 ) ;
#9866 = SURFACE_SIDE_STYLE ('',( #2875 ) ) ;
#9867 = ORIENTED_EDGE ( 'NONE', *, *, #10925, .T. ) ;
#9868 = SURFACE_SIDE_STYLE ('',( #10729 ) ) ;
#9869 = EDGE_CURVE ( 'NONE', #10356, #10297, #6317, .T. ) ;
#9870 =( LENGTH_UNIT ( ) NAMED_UNIT ( * ) SI_UNIT ( .MILLI., .METRE. ) );
#9871 = EDGE_LOOP ( 'NONE', ( #8263, #7602, #6450, #9595, #9557, #7179, #10231, #9282 ) ) ;
#9872 =( NAMED_UNIT ( * ) PLANE_ANGLE_UNIT ( ) SI_UNIT ( $, .RADIAN. ) );
#9873 = UNCERTAINTY_MEASURE_WITH_UNIT (LENGTH_MEASURE( 1.000000000000000100E-005 ), #1317, 'distance_accuracy_value', 'NONE');
#9874 = VERTEX_POINT ( 'NONE', #7066 ) ;
#9875 = FILL_AREA_STYLE ('',( #3673 ) ) ;
#9876 =( GEOMETRIC_REPRESENTATION_CONTEXT ( 3 ) GLOBAL_UNCERTAINTY_ASSIGNED_CONTEXT ( ( #4537 ) ) GLOBAL_UNIT_ASSIGNED_CONTEXT ( ( #7713, #2445, #8603 ) ) REPRESENTATION_CONTEXT ( 'NONE', 'WORKASPACE' ) );
#9877 = EDGE_CURVE ( 'NONE', #3910, #5885, #10686, .T. ) ;
#9878 = FACE_OUTER_BOUND ( 'NONE', #796, .T. ) ;
#9879 = UNCERTAINTY_MEASURE_WITH_UNIT (LENGTH_MEASURE( 1.000000000000000100E-005 ), #4280, 'distance_accuracy_value', 'NONE');
#9880 =( GEOMETRIC_REPRESENTATION_CONTEXT ( 3 ) GLOBAL_UNCERTAINTY_ASSIGNED_CONTEXT ( ( #248 ) ) GLOBAL_UNIT_ASSIGNED_CONTEXT ( ( #10786, #5545, #185 ) ) REPRESENTATION_CONTEXT ( 'NONE', 'WORKASPACE' ) );
#9881 = ORIENTED_EDGE ( 'NONE', *, *, #2496, .T. ) ;
#9882 = SURFACE_STYLE_USAGE ( .BOTH. , #3752 ) ;
#9883 = DIRECTION ( 'NONE',  ( 0.0000000000000000000, 0.0000000000000000000, 1.000000000000000000 ) ) ;
#9884 = SURFACE_STYLE_USAGE ( .BOTH. , #9923 ) ;
#9885 = FILL_AREA_STYLE ('',( #1035 ) ) ;
#9886 = ADVANCED_FACE ( 'NONE', ( #3985 ), #2891, .F. ) ;
#9887 = EDGE_LOOP ( 'NONE', ( #9345, #6266, #2308, #6487 ) ) ;
#9888 = CARTESIAN_POINT ( 'NONE',  ( -13.59999999999999800, -13.60000000000000100, 0.5000000000000004400 ) ) ;
#9889 = ADVANCED_FACE ( 'NONE', ( #9878 ), #5359, .F. ) ;
#9890 = ORIENTED_EDGE ( 'NONE', *, *, #1803, .F. ) ;
#9891 = AXIS2_PLACEMENT_3D ( 'NONE', #4149, #10266, #5035 ) ;
#9892 = VERTEX_POINT ( 'NONE', #4486 ) ;
#9893 = STYLED_ITEM ( 'NONE', ( #713 ), #4766 ) ;
#9894 = VERTEX_POINT ( 'NONE', #55 ) ;
#9895 = UNCERTAINTY_MEASURE_WITH_UNIT (LENGTH_MEASURE( 1.000000000000000100E-005 ), #6584, 'distance_accuracy_value', 'NONE');
#9896 = ORIENTED_EDGE ( 'NONE', *, *, #1888, .F. ) ;
#9897 = VECTOR ( 'NONE', #6770, 1000.000000000000000 ) ;
#9898 = PRESENTATION_LAYER_ASSIGNMENT (  '', '', ( #8726 ) ) ;
#9899 = SURFACE_SIDE_STYLE ('',( #11255 ) ) ;
#9900 = CARTESIAN_POINT ( 'NONE',  ( -15.79861620407360900, -7.402767591852053500, 27.99289321881345300 ) ) ;
#9901 = FILL_AREA_STYLE_COLOUR ( '', #1153 ) ;
#9902 = ORIENTED_EDGE ( 'NONE', *, *, #2892, .T. ) ;
#9903 = SURFACE_SIDE_STYLE ('',( #5266 ) ) ;
#9904 = SURFACE_STYLE_FILL_AREA ( #7611 ) ;
#9905 = COLOUR_RGB ( '',1.000000000000000000, 1.000000000000000000, 1.000000000000000000 ) ;
#9906 = DIRECTION ( 'NONE',  ( 0.0000000000000000000, -0.0000000000000000000, 1.000000000000000000 ) ) ;
#9907 = ORIENTED_EDGE ( 'NONE', *, *, #9877, .F. ) ;
#9908 = PRESENTATION_LAYER_ASSIGNMENT (  '', '', ( #8156 ) ) ;
#9909 = SURFACE_SIDE_STYLE ('',( #8972 ) ) ;
#9910 =( NAMED_UNIT ( * ) PLANE_ANGLE_UNIT ( ) SI_UNIT ( $, .RADIAN. ) );
#9911 = ADVANCED_FACE ( 'NONE', ( #2034 ), #10260, .T. ) ;
#9912 =( LENGTH_UNIT ( ) NAMED_UNIT ( * ) SI_UNIT ( .MILLI., .METRE. ) );
#9913 = VECTOR ( 'NONE', #5087, 1000.000000000000000 ) ;
#9914 = DIRECTION ( 'NONE',  ( -0.7071067811865414700, -0.0000000000000000000, 0.7071067811865536800 ) ) ;
#9915 = EDGE_CURVE ( 'NONE', #9874, #529, #1160, .T. ) ;
#9916 = EDGE_LOOP ( 'NONE', ( #9449, #10878, #5333, #7764, #1314 ) ) ;
#9917 = ORIENTED_EDGE ( 'NONE', *, *, #3064, .T. ) ;
#9918 = FILL_AREA_STYLE_COLOUR ( '', #6794 ) ;
#9919 = ORIENTED_EDGE ( 'NONE', *, *, #6093, .T. ) ;
#9920 = SURFACE_STYLE_USAGE ( .BOTH. , #3797 ) ;
#9921 = CARTESIAN_POINT ( 'NONE',  ( -16.00572298526112300, 19.01144597052152500, 28.19999999999999900 ) ) ;
#9922 = DIRECTION ( 'NONE',  ( -1.000000000000000000, 0.0000000000000000000, 0.0000000000000000000 ) ) ;
#9923 = SURFACE_SIDE_STYLE ('',( #5514 ) ) ;
#9924 = DIRECTION ( 'NONE',  ( 0.0000000000000000000, 0.0000000000000000000, 1.000000000000000000 ) ) ;
#9925 = EDGE_CURVE ( 'NONE', #8645, #4806, #10282, .T. ) ;
#9926 = PRESENTATION_LAYER_ASSIGNMENT (  '', '', ( #9316 ) ) ;
#9927 = LINE ( 'NONE', #11123, #492 ) ;
#9928 = ORIENTED_EDGE ( 'NONE', *, *, #1588, .F. ) ;
#9929 = CYLINDRICAL_SURFACE ( 'NONE', #4785, 0.5000000000000004400 ) ;
#9930 = VERTEX_POINT ( 'NONE', #1009 ) ;
#9931 = CIRCLE ( 'NONE', #4512, 2.500000000000000000 ) ;
#9932 = DIRECTION ( 'NONE',  ( -1.000000000000000000, 0.0000000000000000000, 0.0000000000000000000 ) ) ;
#9933 = VECTOR ( 'NONE', #244, 1000.000000000000000 ) ;
#9934 = VECTOR ( 'NONE', #10895, 1000.000000000000100 ) ;
#9935 = EDGE_CURVE ( 'NONE', #7633, #8781, #7945, .T. ) ;
#9936 = MECHANICAL_DESIGN_GEOMETRIC_PRESENTATION_REPRESENTATION (  '', ( #8767 ), #10516 ) ;
#9937 = PLANE ( 'NONE',  #9771 ) ;
#9938 = CARTESIAN_POINT ( 'NONE',  ( -12.99999999999999800, 13.58868278403004700, 27.69999999999999900 ) ) ;
#9939 = FILL_AREA_STYLE_COLOUR ( '', #8772 ) ;
#9940 = ADVANCED_FACE ( 'NONE', ( #3558 ), #5482, .T. ) ;
#9941 =( BOUNDED_CURVE ( )  B_SPLINE_CURVE ( 3, ( #9984, #3869, #2988, #4740 ),
 .UNSPECIFIED., .F., .T. ) 
 B_SPLINE_CURVE_WITH_KNOTS ( ( 4, 4 ),
 ( 0.0000000000000000000, 1.000000000000000000 ),
 .UNSPECIFIED. ) 
 CURVE ( )  GEOMETRIC_REPRESENTATION_ITEM ( )  RATIONAL_B_SPLINE_CURVE ( ( 1.000000000000000000, 0.9711696904488356100, 0.9711696904488356100, 1.000000000000000000 ) ) 
 REPRESENTATION_ITEM ( '' )  );
#9942 = DIRECTION ( 'NONE',  ( -0.0000000000000000000, -0.0000000000000000000, -1.000000000000000000 ) ) ;
#9943 = CIRCLE ( 'NONE', #7320, 3.500000000000000000 ) ;
#9944 = ADVANCED_FACE ( 'NONE', ( #9440 ), #8962, .T. ) ;
#9945 = ORIENTED_EDGE ( 'NONE', *, *, #1123, .T. ) ;
#9946 = CARTESIAN_POINT ( 'NONE',  ( -13.59999999999999800, -17.39289321881344800, 28.19999999999999900 ) ) ;
#9947 = CARTESIAN_POINT ( 'NONE',  ( 3.499999999999999100, 4.286263797015736100E-016, 27.99289321881345000 ) ) ;
#9948 =( LENGTH_UNIT ( ) NAMED_UNIT ( * ) SI_UNIT ( .MILLI., .METRE. ) );
#9949 = UNCERTAINTY_MEASURE_WITH_UNIT (LENGTH_MEASURE( 1.000000000000000100E-005 ), #6577, 'distance_accuracy_value', 'NONE');
#9950 = CARTESIAN_POINT ( 'NONE',  ( -13.58868278403017100, -11.62591925885380700, 26.70000000000000300 ) ) ;
#9951 = DIRECTION ( 'NONE',  ( -0.0000000000000000000, -1.000000000000000000, -0.0000000000000000000 ) ) ;
#9952 = EDGE_CURVE ( 'NONE', #8411, #11361, #11228, .T. ) ;
#9953 = DIRECTION ( 'NONE',  ( -0.0000000000000000000, -0.0000000000000000000, -1.000000000000000000 ) ) ;
#9954 = FILL_AREA_STYLE ('',( #5623 ) ) ;
#9955 = PRESENTATION_STYLE_ASSIGNMENT (( #7642 ) ) ;
#9956 = ORIENTED_EDGE ( 'NONE', *, *, #6093, .F. ) ;
#9957 = CARTESIAN_POINT ( 'NONE',  ( 17.60000000000000500, -13.60000000000000100, 20.19999999999999900 ) ) ;
#9958 = FILL_AREA_STYLE ('',( #10133 ) ) ;
#9959 = COLOUR_RGB ( '',1.000000000000000000, 1.000000000000000000, 1.000000000000000000 ) ;
#9960 = ORIENTED_EDGE ( 'NONE', *, *, #6091, .T. ) ;
#9961 = VERTEX_POINT ( 'NONE', #2049 ) ;
#9962 = MECHANICAL_DESIGN_GEOMETRIC_PRESENTATION_REPRESENTATION (  '', ( #8788 ), #10533 ) ;
#9963 = COLOUR_RGB ( '',1.000000000000000000, 1.000000000000000000, 1.000000000000000000 ) ;
#9964 = ORIENTED_EDGE ( 'NONE', *, *, #10225, .T. ) ;
#9965 = ORIENTED_EDGE ( 'NONE', *, *, #6123, .F. ) ;
#9966 = VERTEX_POINT ( 'NONE', #209 ) ;
#9967 = SURFACE_SIDE_STYLE ('',( #6619 ) ) ;
#9968 = CARTESIAN_POINT ( 'NONE',  ( -11.44062498292817200, 17.60999999999998900, 22.19999999999999600 ) ) ;
#9969 = B_SPLINE_CURVE_WITH_KNOTS ( 'NONE', 3,
 ( #689, #6008, #6895, #1601 ),
 .UNSPECIFIED., .F., .F.,
 ( 4, 4 ),
 ( 0.0000000000000000000, 0.0001923396241078989100 ),
 .UNSPECIFIED. ) ;
#9970 = VECTOR ( 'NONE', #4355, 1000.000000000000000 ) ;
#9971 = VECTOR ( 'NONE', #2538, 1000.000000000000000 ) ;
#9972 = FILL_AREA_STYLE_COLOUR ( '', #10215 ) ;
#9973 = STYLED_ITEM ( 'NONE', ( #7413 ), #6180 ) ;
#9974 = CARTESIAN_POINT ( 'NONE',  ( -11.79999999999873100, -13.00000000000072100, 27.70000000000000300 ) ) ;
#9975 = DIRECTION ( 'NONE',  ( -1.000000000000000000, 0.0000000000000000000, 0.0000000000000000000 ) ) ;
#9976 = VERTEX_POINT ( 'NONE', #5569 ) ;
#9977 = CARTESIAN_POINT ( 'NONE',  ( -11.21421356237230800, 16.57157287525465600, 27.70000000000000300 ) ) ;
#9978 = VECTOR ( 'NONE', #9924, 1000.000000000000000 ) ;
#9979 = CARTESIAN_POINT ( 'NONE',  ( -2.042258040288262400, -17.69999999999999900, 23.18764494107381000 ) ) ;
#9980 = FILL_AREA_STYLE_COLOUR ( '', #10909 ) ;
#9981 = PLANE ( 'NONE',  #8778 ) ;
#9982 = CIRCLE ( 'NONE', #4963, 0.9999999999999991100 ) ;
#9983 = AXIS2_PLACEMENT_3D ( 'NONE', #11297, #6110, #775 ) ;
#9984 = CARTESIAN_POINT ( 'NONE',  ( 12.45897040736655400, -14.07111483039572300, 27.70000000000000300 ) ) ;
#9985 = CARTESIAN_POINT ( 'NONE',  ( -10.49999999999999800, 20.99999999999999300, -2.000000000000000000 ) ) ;
#9986 = ORIENTED_EDGE ( 'NONE', *, *, #6218, .F. ) ;
#9987 = MECHANICAL_DESIGN_GEOMETRIC_PRESENTATION_REPRESENTATION (  '', ( #8817 ), #10570 ) ;
#9988 =( LENGTH_UNIT ( ) NAMED_UNIT ( * ) SI_UNIT ( .MILLI., .METRE. ) );
#9989 = FILL_AREA_STYLE_COLOUR ( '', #1252 ) ;
#9990 = FILL_AREA_STYLE ('',( #2996 ) ) ;
#9991 = PRESENTATION_LAYER_ASSIGNMENT (  '', '', ( #8820 ) ) ;
#9992 = CARTESIAN_POINT ( 'NONE',  ( -13.54102959263334700, 14.07111483039649800, 27.70000000000000300 ) ) ;
#9993 = DIRECTION ( 'NONE',  ( -0.0000000000000000000, 1.000000000000000000, 0.0000000000000000000 ) ) ;
#9994 = ADVANCED_FACE ( 'NONE', ( #2212 ), #9091, .T. ) ;
#9995 = EDGE_CURVE ( 'NONE', #6010, #1963, #3465, .T. ) ;
#9996 = ORIENTED_EDGE ( 'NONE', *, *, #9647, .T. ) ;
#9997 = ADVANCED_FACE ( 'NONE', ( #10458 ), #4757, .F. ) ;
#9998 = CIRCLE ( 'NONE', #8921, 2.199999999999818500 ) ;
#9999 = EDGE_LOOP ( 'NONE', ( #10438, #10358, #8505, #7442 ) ) ;
#10000 = EDGE_CURVE ( 'NONE', #6114, #6101, #9354, .T. ) ;
#10001 = STYLED_ITEM ( 'NONE', ( #10723 ), #10159 ) ;
#10002 = DIRECTION ( 'NONE',  ( -1.000000000000000000, -9.856383386231857600E-017, 0.0000000000000000000 ) ) ;
#10003 = CARTESIAN_POINT ( 'NONE',  ( 11.62591925885385500, -13.19671022244952300, 27.68473138243974700 ) ) ;
#10004 = CARTESIAN_POINT ( 'NONE',  ( -14.19935388018275500, -12.45897040736650600, 27.69507424152986600 ) ) ;
#10005 = VERTEX_POINT ( 'NONE', #10036 ) ;
#10006 = DIRECTION ( 'NONE',  ( 1.000000000000000000, -2.573133442417734300E-015, 0.0000000000000000000 ) ) ;
#10007 = VERTEX_POINT ( 'NONE', #4784 ) ;
#10008 = UNCERTAINTY_MEASURE_WITH_UNIT (LENGTH_MEASURE( 1.000000000000000100E-005 ), #6512, 'distance_accuracy_value', 'NONE');
#10009 = AXIS2_PLACEMENT_3D ( 'NONE', #10676, #10639, #3979 ) ;
#10010 = DIRECTION ( 'NONE',  ( 0.0000000000000000000, 0.0000000000000000000, 1.000000000000000000 ) ) ;
#10011 =( GEOMETRIC_REPRESENTATION_CONTEXT ( 3 ) GLOBAL_UNCERTAINTY_ASSIGNED_CONTEXT ( ( #7504 ) ) GLOBAL_UNIT_ASSIGNED_CONTEXT ( ( #1872, #8031, #2791 ) ) REPRESENTATION_CONTEXT ( 'NONE', 'WORKASPACE' ) );
#10012 = EDGE_LOOP ( 'NONE', ( #2379, #6729, #10802, #9315 ) ) ;
#10013 = SURFACE_STYLE_FILL_AREA ( #5982 ) ;
#10014 = EDGE_CURVE ( 'NONE', #1120, #2208, #2353, .T. ) ;
#10015 =( BOUNDED_CURVE ( )  B_SPLINE_CURVE ( 3, ( #1331, #9207, #403, #2234 ),
 .UNSPECIFIED., .F., .T. ) 
 B_SPLINE_CURVE_WITH_KNOTS ( ( 4, 4 ),
 ( 0.0000000000000000000, 1.000000000000000000 ),
 .UNSPECIFIED. ) 
 CURVE ( )  GEOMETRIC_REPRESENTATION_ITEM ( )  RATIONAL_B_SPLINE_CURVE ( ( 1.000000000000000000, 0.8047378541243649400, 0.8047378541243649400, 1.000000000000000000 ) ) 
 REPRESENTATION_ITEM ( '' )  );
#10016 = VERTEX_POINT ( 'NONE', #324 ) ;
#10017 = CARTESIAN_POINT ( 'NONE',  ( 11.44062498292818700, 17.60999999999998500, 5.999999999999998200 ) ) ;
#10018 = DIRECTION ( 'NONE',  ( -1.000000000000000000, 8.015843770825029200E-015, 0.0000000000000000000 ) ) ;
#10019 = FILL_AREA_STYLE ('',( #3058 ) ) ;
#10020 = CARTESIAN_POINT ( 'NONE',  ( 10.99999999999999500, 21.99999999999999600, -1.500000000000000000 ) ) ;
#10021 = EDGE_CURVE ( 'NONE', #11413, #1479, #7043, .T. ) ;
#10022 = CARTESIAN_POINT ( 'NONE',  ( 0.5291577996057776900, 2.000000000000000000, -23.93517130344107400 ) ) ;
#10023 = CARTESIAN_POINT ( 'NONE',  ( -3.499999999999997800, -6.999999999999998200, -1.500000000000000000 ) ) ;
#10024 = CARTESIAN_POINT ( 'NONE',  ( 16.00572298526033400, 12.99999999999999500, 28.19999999999999600 ) ) ;
#10025 = CARTESIAN_POINT ( 'NONE',  ( -13.59999999999999800, 13.59999999999999800, 8.000000000000000000 ) ) ;
#10026 = ORIENTED_EDGE ( 'NONE', *, *, #8885, .T. ) ;
#10027 = VECTOR ( 'NONE', #633, 1000.000000000000000 ) ;
#10028 = DIRECTION ( 'NONE',  ( -1.000000000000000000, 0.0000000000000000000, 0.0000000000000000000 ) ) ;
#10029 = PLANE ( 'NONE',  #1509 ) ;
#10030 = COLOUR_RGB ( '',1.000000000000000000, 1.000000000000000000, 1.000000000000000000 ) ;
#10031 = VERTEX_POINT ( 'NONE', #10073 ) ;
#10032 = UNCERTAINTY_MEASURE_WITH_UNIT (LENGTH_MEASURE( 1.000000000000000100E-005 ), #7421, 'distance_accuracy_value', 'NONE');
#10033 = ORIENTED_EDGE ( 'NONE', *, *, #8830, .T. ) ;
#10034 = LINE ( 'NONE', #8333, #7696 ) ;
#10035 =( GEOMETRIC_REPRESENTATION_CONTEXT ( 3 ) GLOBAL_UNCERTAINTY_ASSIGNED_CONTEXT ( ( #592 ) ) GLOBAL_UNIT_ASSIGNED_CONTEXT ( ( #7767, #2501, #8652 ) ) REPRESENTATION_CONTEXT ( 'NONE', 'WORKASPACE' ) );
#10036 = CARTESIAN_POINT ( 'NONE',  ( -11.62591925885394600, 12.41131721596995000, 26.70000000000000300 ) ) ;
#10037 = DIRECTION ( 'NONE',  ( 1.000000000000000000, -5.146266884835468500E-015, 0.0000000000000000000 ) ) ;
#10038 = EDGE_LOOP ( 'NONE', ( #11105, #7450, #6298, #9541, #11074 ) ) ;
#10039 = VERTEX_POINT ( 'NONE', #2160 ) ;
#10040 = CARTESIAN_POINT ( 'NONE',  ( -14.25000000000000400, -13.00000000000000200, 0.0000000000000000000 ) ) ;
#10041 = STYLED_ITEM ( 'NONE', ( #3952 ), #8713 ) ;
#10042 = SURFACE_STYLE_FILL_AREA ( #4302 ) ;
#10043 = DIRECTION ( 'NONE',  ( -1.122218127915504000E-014, -1.000000000000000000, 0.0000000000000000000 ) ) ;
#10044 = EDGE_LOOP ( 'NONE', ( #9052, #5192, #8340, #1620 ) ) ;
#10045 = LINE ( 'NONE', #6988, #3326 ) ;
#10046 = CARTESIAN_POINT ( 'NONE',  ( 0.0000000000000000000, 0.0000000000000000000, -23.50000000006957600 ) ) ;
#10047 = CARTESIAN_POINT ( 'NONE',  ( -3.007529995131446900, -17.69999999999999900, 26.18764494107381000 ) ) ;
#10048 = ADVANCED_FACE ( 'NONE', ( #220 ), #8330, .F. ) ;
#10049 = SURFACE_STYLE_FILL_AREA ( #8127 ) ;
#10050 = FILL_AREA_STYLE ('',( #3931 ) ) ;
#10051 = ADVANCED_FACE ( 'NONE', ( #10597 ), #8361, .F. ) ;
#10052 = EDGE_LOOP ( 'NONE', ( #2155, #9262, #6846, #3748 ) ) ;
#10053 = EDGE_LOOP ( 'NONE', ( #7962, #5234, #6191, #543, #5428 ) ) ;
#10054 = AXIS2_PLACEMENT_3D ( 'NONE', #1735, #7902, #2657 ) ;
#10055 = CARTESIAN_POINT ( 'NONE',  ( -13.54102959263334700, 11.92888516960204500, 27.70000000000000300 ) ) ;
#10056 = PRESENTATION_STYLE_ASSIGNMENT (( #7154 ) ) ;
#10057 = CARTESIAN_POINT ( 'NONE',  ( -3.500000000000000000, 0.0000000000000000000, -1.500000000000000000 ) ) ;
#10058 = EDGE_CURVE ( 'NONE', #8796, #7451, #7471, .T. ) ;
#10059 =( NAMED_UNIT ( * ) PLANE_ANGLE_UNIT ( ) SI_UNIT ( $, .RADIAN. ) );
#10060 = PRESENTATION_STYLE_ASSIGNMENT (( #4923 ) ) ;
#10061 = CARTESIAN_POINT ( 'NONE',  ( -4.000000000000000000, -9.797174393178825700E-016, -2.000000000000000000 ) ) ;
#10062 = SURFACE_SIDE_STYLE ('',( #8391 ) ) ;
#10063 = CARTESIAN_POINT ( 'NONE',  ( 13.75491842535484800, -12.03692231441000600, 27.70000000000000300 ) ) ;
#10064 = PRESENTATION_LAYER_ASSIGNMENT (  '', '', ( #9464 ) ) ;
#10065 = COLOUR_RGB ( '',1.000000000000000000, 1.000000000000000000, 1.000000000000000000 ) ;
#10066 = STYLED_ITEM ( 'NONE', ( #1589 ), #9886 ) ;
#10067 = PRESENTATION_STYLE_ASSIGNMENT (( #11052 ) ) ;
#10068 = LINE ( 'NONE', #6213, #7738 ) ;
#10069 = SURFACE_STYLE_FILL_AREA ( #10666 ) ;
#10070 = ORIENTED_EDGE ( 'NONE', *, *, #10000, .T. ) ;
#10071 = PRESENTATION_STYLE_ASSIGNMENT (( #6306 ) ) ;
#10072 = LINE ( 'NONE', #1564, #664 ) ;
#10073 = CARTESIAN_POINT ( 'NONE',  ( 11.44062498292818100, -17.60999999999999200, 22.19999999999999600 ) ) ;
#10074 = DIRECTION ( 'NONE',  ( 0.7072524912150366400, 0.7069610411261178000, 0.0000000000000000000 ) ) ;
#10075 = DIRECTION ( 'NONE',  ( 0.0000000000000000000, 0.0000000000000000000, -1.000000000000000000 ) ) ;
#10076 =( BOUNDED_CURVE ( )  B_SPLINE_CURVE ( 3, ( #3822, #4100, #3953, #3776 ),
 .UNSPECIFIED., .F., .F. ) 
 B_SPLINE_CURVE_WITH_KNOTS ( ( 4, 4 ),
 ( 0.0000000000000000000, 1.000000000000000000 ),
 .UNSPECIFIED. ) 
 CURVE ( )  GEOMETRIC_REPRESENTATION_ITEM ( )  RATIONAL_B_SPLINE_CURVE ( ( 1.000000000000000000, 0.8047378541243646000, 0.8047378541243646000, 1.000000000000000000 ) ) 
 REPRESENTATION_ITEM ( '' )  );
#10077 = VECTOR ( 'NONE', #5073, 1000.000000000000000 ) ;
#10078 = EDGE_CURVE ( 'NONE', #128, #10420, #9813, .T. ) ;
#10079 = PRESENTATION_LAYER_ASSIGNMENT (  '', '', ( #8904 ) ) ;
#10080 = DIRECTION ( 'NONE',  ( 0.0000000000000000000, 1.000000000000000000, 0.0000000000000000000 ) ) ;
#10081 = CARTESIAN_POINT ( 'NONE',  ( 17.60000000000000500, 17.10000000000000100, 0.5000000000000004400 ) ) ;
#10082 = CARTESIAN_POINT ( 'NONE',  ( 0.0000000000000000000, 0.0000000000000000000, 26.20000000000000300 ) ) ;
#10083 = UNCERTAINTY_MEASURE_WITH_UNIT (LENGTH_MEASURE( 1.000000000000000100E-005 ), #10842, 'distance_accuracy_value', 'NONE');
#10084 = CARTESIAN_POINT ( 'NONE',  ( 15.94314575050762000, 17.59999999999999800, 0.5000000000000004400 ) ) ;
#10085 = COLOUR_RGB ( '',1.000000000000000000, 1.000000000000000000, 1.000000000000000000 ) ;
#10086 = EDGE_CURVE ( 'NONE', #3613, #4956, #9727, .T. ) ;
#10087 = AXIS2_PLACEMENT_3D ( 'NONE', #5298, #11381, #6201 ) ;
#10088 = PRESENTATION_STYLE_ASSIGNMENT (( #9666 ) ) ;
#10089 = EDGE_LOOP ( 'NONE', ( #3505, #3743, #1878, #7475 ) ) ;
#10090 = CARTESIAN_POINT ( 'NONE',  ( -14.04568282944178200, 12.41131721596995200, 27.70000000000000300 ) ) ;
#10091 = DIRECTION ( 'NONE',  ( -0.0000000000000000000, 0.0000000000000000000, -1.000000000000000000 ) ) ;
#10092 = PRESENTATION_STYLE_ASSIGNMENT (( #3227 ) ) ;
#10093 = ORIENTED_EDGE ( 'NONE', *, *, #965, .T. ) ;
#10094 = ORIENTED_EDGE ( 'NONE', *, *, #881, .T. ) ;
#10095 =( LENGTH_UNIT ( ) NAMED_UNIT ( * ) SI_UNIT ( .MILLI., .METRE. ) );
#10096 =( NAMED_UNIT ( * ) SI_UNIT ( $, .STERADIAN. ) SOLID_ANGLE_UNIT ( ) );
#10097 = SURFACE_STYLE_USAGE ( .BOTH. , #3977 ) ;
#10098 = SURFACE_STYLE_FILL_AREA ( #1831 ) ;
#10099 = DIRECTION ( 'NONE',  ( 0.0000000000000000000, 0.0000000000000000000, -1.000000000000000000 ) ) ;
#10100 = CARTESIAN_POINT ( 'NONE',  ( -10.20138379592493300, -13.00000000000072300, 25.19999999999999900 ) ) ;
#10101 = STYLED_ITEM ( 'NONE', ( #5325 ), #5548 ) ;
#10102 = PRESENTATION_LAYER_ASSIGNMENT (  '', '', ( #10682 ) ) ;
#10103 = VERTEX_POINT ( 'NONE', #466 ) ;
#10104 = ADVANCED_FACE ( 'NONE', ( #631 ), #5810, .F. ) ;
#10105 = UNCERTAINTY_MEASURE_WITH_UNIT (LENGTH_MEASURE( 1.000000000000000100E-005 ), #7389, 'distance_accuracy_value', 'NONE');
#10106 = MECHANICAL_DESIGN_GEOMETRIC_PRESENTATION_REPRESENTATION (  '', ( #7186 ), #10688 ) ;
#10107 = PRESENTATION_STYLE_ASSIGNMENT (( #9865 ) ) ;
#10108 = ORIENTED_EDGE ( 'NONE', *, *, #4717, .F. ) ;
#10109 =( NAMED_UNIT ( * ) PLANE_ANGLE_UNIT ( ) SI_UNIT ( $, .RADIAN. ) );
#10110 = CYLINDRICAL_SURFACE ( 'NONE', #7198, 2.798616204073794700 ) ;
#10111 = CARTESIAN_POINT ( 'NONE',  ( 12.20250684994883800, 13.92812991172697700, 27.70000000000000300 ) ) ;
#10112 = CARTESIAN_POINT ( 'NONE',  ( 13.60000000000000500, 17.60000000000000100, 8.000000000000000000 ) ) ;
#10113 = STYLED_ITEM ( 'NONE', ( #10107 ), #6435 ) ;
#10114 = CARTESIAN_POINT ( 'NONE',  ( 0.0000000000000000000, -17.60000000000000100, 27.69999999999999900 ) ) ;
#10115 = DIRECTION ( 'NONE',  ( -0.0000000000000000000, -1.000000000000000000, -0.0000000000000000000 ) ) ;
#10116 = COLOUR_RGB ( '',1.000000000000000000, 1.000000000000000000, 1.000000000000000000 ) ;
#10117 = SURFACE_SIDE_STYLE ('',( #5567 ) ) ;
#10118 = VERTEX_POINT ( 'NONE', #9293 ) ;
#10119 = CARTESIAN_POINT ( 'NONE',  ( 13.60000000000000300, 17.09999999999999800, 4.336808689942017700E-016 ) ) ;
#10120 = EDGE_CURVE ( 'NONE', #1943, #5226, #6610, .T. ) ;
#10121 = CARTESIAN_POINT ( 'NONE',  ( 2.992470004868553500, -17.69999999999999900, 26.18764494107381000 ) ) ;
#10122 = FILL_AREA_STYLE_COLOUR ( '', #9241 ) ;
#10123 =( GEOMETRIC_REPRESENTATION_CONTEXT ( 3 ) GLOBAL_UNCERTAINTY_ASSIGNED_CONTEXT ( ( #10853 ) ) GLOBAL_UNIT_ASSIGNED_CONTEXT ( ( #897, #880, #859 ) ) REPRESENTATION_CONTEXT ( 'NONE', 'WORKASPACE' ) );
#10124 =( GEOMETRIC_REPRESENTATION_CONTEXT ( 3 ) GLOBAL_UNCERTAINTY_ASSIGNED_CONTEXT ( ( #2339 ) ) GLOBAL_UNIT_ASSIGNED_CONTEXT ( ( #515, #6730, #1430 ) ) REPRESENTATION_CONTEXT ( 'NONE', 'WORKASPACE' ) );
#10125 = CARTESIAN_POINT ( 'NONE',  ( 11.00000000000000400, -21.99999999999999600, -1.500000000000000000 ) ) ;
#10126 = SURFACE_STYLE_FILL_AREA ( #2877 ) ;
#10127 = AXIS2_PLACEMENT_3D ( 'NONE', #7694, #2432, #8587 ) ;
#10128 =( LENGTH_UNIT ( ) NAMED_UNIT ( * ) SI_UNIT ( .MILLI., .METRE. ) );
#10129 = VERTEX_POINT ( 'NONE', #7625 ) ;
#10130 = CARTESIAN_POINT ( 'NONE',  ( 11.73714950768867000, 13.54102959263330200, 27.68476953867928700 ) ) ;
#10131 = DIRECTION ( 'NONE',  ( 0.0000000000000000000, -1.000000000000000000, -0.0000000000000000000 ) ) ;
#10132 = SURFACE_SIDE_STYLE ('',( #7033 ) ) ;
#10133 = FILL_AREA_STYLE_COLOUR ( '', #10167 ) ;
#10134 = ORIENTED_EDGE ( 'NONE', *, *, #2736, .T. ) ;
#10135 = CARTESIAN_POINT ( 'NONE',  ( -17.59999999999999800, 13.59999999999999800, 27.69999999999999900 ) ) ;
#10136 = EDGE_LOOP ( 'NONE', ( #2978, #10485, #7897, #3182 ) ) ;
#10137 = UNCERTAINTY_MEASURE_WITH_UNIT (LENGTH_MEASURE( 1.000000000000000100E-005 ), #8525, 'distance_accuracy_value', 'NONE');
#10138 = SURFACE_STYLE_FILL_AREA ( #7922 ) ;
#10139 = ORIENTED_EDGE ( 'NONE', *, *, #11021, .T. ) ;
#10140 = ORIENTED_EDGE ( 'NONE', *, *, #10708, .T. ) ;
#10141 = PRESENTATION_STYLE_ASSIGNMENT (( #11347 ) ) ;
#10142 = EDGE_CURVE ( 'NONE', #4118, #10551, #1938, .T. ) ;
#10143 = MECHANICAL_DESIGN_GEOMETRIC_PRESENTATION_REPRESENTATION (  '', ( #8401 ), #10733 ) ;
#10144 = EDGE_CURVE ( 'NONE', #7580, #7518, #4285, .T. ) ;
#10145 = UNCERTAINTY_MEASURE_WITH_UNIT (LENGTH_MEASURE( 1.000000000000000100E-005 ), #2926, 'distance_accuracy_value', 'NONE');
#10146 = ORIENTED_EDGE ( 'NONE', *, *, #1336, .T. ) ;
#10147 = PLANE ( 'NONE',  #7210 ) ;
#10148 = ORIENTED_EDGE ( 'NONE', *, *, #4214, .F. ) ;
#10149 = COLOUR_RGB ( '',1.000000000000000000, 1.000000000000000000, 1.000000000000000000 ) ;
#10150 = UNCERTAINTY_MEASURE_WITH_UNIT (LENGTH_MEASURE( 1.000000000000000100E-005 ), #7673, 'distance_accuracy_value', 'NONE');
#10151 = ORIENTED_EDGE ( 'NONE', *, *, #6523, .F. ) ;
#10152 = CARTESIAN_POINT ( 'NONE',  ( 11.62591925885386100, -12.41131721597003000, 27.65553645166644300 ) ) ;
#10153 = VECTOR ( 'NONE', #10470, 1000.000000000000000 ) ;
#10154 = MECHANICAL_DESIGN_GEOMETRIC_PRESENTATION_REPRESENTATION (  '', ( #7805 ), #10745 ) ;
#10155 =( NAMED_UNIT ( * ) PLANE_ANGLE_UNIT ( ) SI_UNIT ( $, .RADIAN. ) );
#10156 = AXIS2_PLACEMENT_3D ( 'NONE', #4414, #10545, #5289 ) ;
#10157 = EDGE_LOOP ( 'NONE', ( #10093, #6696, #7414, #5758 ) ) ;
#10158 = CARTESIAN_POINT ( 'NONE',  ( -12.41131721597007800, -11.84284448084510200, 27.70000000000000300 ) ) ;
#10159 = ADVANCED_FACE ( 'NONE', ( #1630 ), #513, .F. ) ;
#10160 = EDGE_CURVE ( 'NONE', #5702, #5439, #768, .T. ) ;
#10161 = ORIENTED_EDGE ( 'NONE', *, *, #4489, .T. ) ;
#10162 = LINE ( 'NONE', #5021, #1049 ) ;
#10163 = FILL_AREA_STYLE ('',( #1295 ) ) ;
#10164 = PRESENTATION_STYLE_ASSIGNMENT (( #2511 ) ) ;
#10165 = DIRECTION ( 'NONE',  ( -1.000000000000000000, 0.0000000000000000000, 0.0000000000000000000 ) ) ;
#10166 = COLOUR_RGB ( '',1.000000000000000000, 1.000000000000000000, 1.000000000000000000 ) ;
#10167 = COLOUR_RGB ( '',1.000000000000000000, 1.000000000000000000, 1.000000000000000000 ) ;
#10168 = CARTESIAN_POINT ( 'NONE',  ( 13.00000000000072100, -12.99999999999999600, 25.19999999999999900 ) ) ;
#10169 = AXIS2_PLACEMENT_3D ( 'NONE', #4605, #10722, #5479 ) ;
#10170 = ORIENTED_EDGE ( 'NONE', *, *, #8343, .T. ) ;
#10171 = EDGE_CURVE ( 'NONE', #2267, #9874, #5527, .T. ) ;
#10172 = FILL_AREA_STYLE_COLOUR ( '', #8452 ) ;
#10173 = B_SPLINE_CURVE_WITH_KNOTS ( 'NONE', 3,
 ( #8851, #7847, #2589, #8734 ),
 .UNSPECIFIED., .F., .F.,
 ( 4, 4 ),
 ( 0.0000000000000000000, 0.0003313943203232759300 ),
 .UNSPECIFIED. ) ;
#10174 = CARTESIAN_POINT ( 'NONE',  ( -11.20710678118654400, 22.41421356237308900, -5.380361143677898200E-017 ) ) ;
#10175 = DIRECTION ( 'NONE',  ( 1.000000000000000000, 0.0000000000000000000, 0.0000000000000000000 ) ) ;
#10176 = FILL_AREA_STYLE_COLOUR ( '', #532 ) ;
#10177 = SURFACE_SIDE_STYLE ('',( #9793 ) ) ;
#10178 = VECTOR ( 'NONE', #8832, 1000.000000000000000 ) ;
#10179 = VERTEX_POINT ( 'NONE', #5053 ) ;
#10180 = VECTOR ( 'NONE', #3624, 1000.000000000000000 ) ;
#10181 = MECHANICAL_DESIGN_GEOMETRIC_PRESENTATION_REPRESENTATION (  '', ( #9007 ), #10765 ) ;
#10182 = FILL_AREA_STYLE_COLOUR ( '', #6288 ) ;
#10183 = LINE ( 'NONE', #1272, #3449 ) ;
#10184 = EDGE_LOOP ( 'NONE', ( #8122, #5770, #9964 ) ) ;
#10185 = VERTEX_POINT ( 'NONE', #8585 ) ;
#10186 = ORIENTED_EDGE ( 'NONE', *, *, #9170, .T. ) ;
#10187 = STYLED_ITEM ( 'NONE', ( #9579 ), #5515 ) ;
#10188 = AXIS2_PLACEMENT_3D ( 'NONE', #9414, #4172, #10301 ) ;
#10189 = FILL_AREA_STYLE_COLOUR ( '', #9779 ) ;
#10190 = CARTESIAN_POINT ( 'NONE',  ( 1.102823950784874900, -35.60000000000000100, 24.79493308255596800 ) ) ;
#10191 = PRESENTATION_STYLE_ASSIGNMENT (( #291 ) ) ;
#10192 = ORIENTED_EDGE ( 'NONE', *, *, #2763, .T. ) ;
#10193 =( NAMED_UNIT ( * ) PLANE_ANGLE_UNIT ( ) SI_UNIT ( $, .RADIAN. ) );
#10194 = CARTESIAN_POINT ( 'NONE',  ( -17.60528299132912600, 11.44788237165360200, 22.19999999999999600 ) ) ;
#10195 = STYLED_ITEM ( 'NONE', ( #3759 ), #2943 ) ;
#10196 = FILL_AREA_STYLE ('',( #9303 ) ) ;
#10197 = CIRCLE ( 'NONE', #2143, 0.5000000000000004400 ) ;
#10198 =( GEOMETRIC_REPRESENTATION_CONTEXT ( 3 ) GLOBAL_UNCERTAINTY_ASSIGNED_CONTEXT ( ( #10814 ) ) GLOBAL_UNIT_ASSIGNED_CONTEXT ( ( #3785, #9910, #4657 ) ) REPRESENTATION_CONTEXT ( 'NONE', 'WORKASPACE' ) );
#10199 = LINE ( 'NONE', #8999, #3476 ) ;
#10200 = VECTOR ( 'NONE', #6528, 1000.000000000000000 ) ;
#10201 = MECHANICAL_DESIGN_GEOMETRIC_PRESENTATION_REPRESENTATION (  '', ( #9037 ), #10797 ) ;
#10202 = CARTESIAN_POINT ( 'NONE',  ( 17.60000000000000500, 11.45316318592670500, 5.999999999999999100 ) ) ;
#10203 = DIRECTION ( 'NONE',  ( -0.0000000000000000000, -0.0000000000000000000, -1.000000000000000000 ) ) ;
#10204 = DIRECTION ( 'NONE',  ( -0.0000000000000000000, -0.0000000000000000000, -1.000000000000000000 ) ) ;
#10205 = EDGE_CURVE ( 'NONE', #316, #9264, #2925, .T. ) ;
#10206 = EDGE_CURVE ( 'NONE', #5622, #4418, #5232, .T. ) ;
#10207 = PRESENTATION_STYLE_ASSIGNMENT (( #7557 ) ) ;
#10208 = DIRECTION ( 'NONE',  ( -1.000000000000000000, 0.0000000000000000000, 0.0000000000000000000 ) ) ;
#10209 = CARTESIAN_POINT ( 'NONE',  ( 11.21421356237309300, 13.00000000000022600, 27.70000000000000600 ) ) ;
#10210 =( GEOMETRIC_REPRESENTATION_CONTEXT ( 3 ) GLOBAL_UNCERTAINTY_ASSIGNED_CONTEXT ( ( #8344 ) ) GLOBAL_UNIT_ASSIGNED_CONTEXT ( ( #242, #226, #182 ) ) REPRESENTATION_CONTEXT ( 'NONE', 'WORKASPACE' ) );
#10211 = ORIENTED_EDGE ( 'NONE', *, *, #8266, .F. ) ;
#10212 = UNCERTAINTY_MEASURE_WITH_UNIT (LENGTH_MEASURE( 1.000000000000000100E-005 ), #2890, 'distance_accuracy_value', 'NONE');
#10213 = STYLED_ITEM ( 'NONE', ( #4428 ), #10048 ) ;
#10214 = CARTESIAN_POINT ( 'NONE',  ( -4.000000000000000000, -9.797174393178825700E-016, 28.19999999999999900 ) ) ;
#10215 = COLOUR_RGB ( '',1.000000000000000000, 1.000000000000000000, 1.000000000000000000 ) ;
#10216 =( BOUNDED_SURFACE ( )  B_SPLINE_SURFACE ( 3, 3, ( 
 ( #9169, #3964, #10084, #4828 ),
 ( #10957, #5718, #368, #6588 ),
 ( #1291, #7503, #2204, #8371 ),
 ( #3125, #9237, #4001, #10119 ) ),
 .UNSPECIFIED., .F., .F., .F. ) 
 B_SPLINE_SURFACE_WITH_KNOTS ( ( 4, 4 ),
 ( 4, 4 ),
 ( 0.0000000000000000000, 1.000000000000000000 ),
 ( 0.0000000000000000000, 1.000000000000000000 ),
 .UNSPECIFIED. ) 
 GEOMETRIC_REPRESENTATION_ITEM ( )  RATIONAL_B_SPLINE_SURFACE ( (
 ( 1.000000000000000000, 0.8047378541243649400, 0.8047378541243649400, 1.000000000000000000),
 ( 0.8047378541243649400, 0.6476030138606876400, 0.6476030138606876400, 0.8047378541243649400),
 ( 0.8047378541243649400, 0.6476030138606876400, 0.6476030138606876400, 0.8047378541243649400),
 ( 1.000000000000000000, 0.8047378541243649400, 0.8047378541243649400, 1.000000000000000000) ) ) 
 REPRESENTATION_ITEM ( '' )  SURFACE ( )  );
#10217 = CARTESIAN_POINT ( 'NONE',  ( -1.689782704262910100, -3.626677856623636400, -1.999999999999999600 ) ) ;
#10218 = CONICAL_SURFACE ( 'NONE', #7506, 2.499999999997726300, 0.7853981633974482800 ) ;
#10219 = ORIENTED_EDGE ( 'NONE', *, *, #3390, .T. ) ;
#10220 = ORIENTED_EDGE ( 'NONE', *, *, #1405, .T. ) ;
#10221 =( GEOMETRIC_REPRESENTATION_CONTEXT ( 3 ) GLOBAL_UNCERTAINTY_ASSIGNED_CONTEXT ( ( #10137 ) ) GLOBAL_UNIT_ASSIGNED_CONTEXT ( ( #8525, #303, #2726 ) ) REPRESENTATION_CONTEXT ( 'NONE', 'WORKASPACE' ) );
#10222 = CARTESIAN_POINT ( 'NONE',  ( -13.54102959263334700, 12.41131721596995200, 26.70000000000000300 ) ) ;
#10223 = VECTOR ( 'NONE', #4630, 1000.000000000000100 ) ;
#10224 = DIRECTION ( 'NONE',  ( -1.000000000000000000, 1.224646799147353500E-016, 0.0000000000000000000 ) ) ;
#10225 = EDGE_CURVE ( 'NONE', #4476, #3001, #3190, .T. ) ;
#10226 = CARTESIAN_POINT ( 'NONE',  ( 17.60000000000000500, -17.60000000000000100, 8.000000000000000000 ) ) ;
#10227 = EDGE_LOOP ( 'NONE', ( #6810, #8145, #2562, #10026 ) ) ;
#10228 =( NAMED_UNIT ( * ) SI_UNIT ( $, .STERADIAN. ) SOLID_ANGLE_UNIT ( ) );
#10229 = CARTESIAN_POINT ( 'NONE',  ( 12.45897040736656600, -12.41131721597003500, 26.70000000000000300 ) ) ;
#10230 = ORIENTED_EDGE ( 'NONE', *, *, #8163, .T. ) ;
#10231 = ORIENTED_EDGE ( 'NONE', *, *, #1903, .F. ) ;
#10232 =( BOUNDED_CURVE ( )  B_SPLINE_CURVE ( 3, ( #10055, #10927, #3969, #10090 ),
 .UNSPECIFIED., .F., .T. ) 
 B_SPLINE_CURVE_WITH_KNOTS ( ( 4, 4 ),
 ( 0.0000000000000000000, 1.000000000000000000 ),
 .UNSPECIFIED. ) 
 CURVE ( )  GEOMETRIC_REPRESENTATION_ITEM ( )  RATIONAL_B_SPLINE_CURVE ( ( 1.000000000000000000, 0.9711696904486025700, 0.9711696904486025700, 1.000000000000000000 ) ) 
 REPRESENTATION_ITEM ( '' )  );
#10233 =( GEOMETRIC_REPRESENTATION_CONTEXT ( 3 ) GLOBAL_UNCERTAINTY_ASSIGNED_CONTEXT ( ( #11289 ) ) GLOBAL_UNIT_ASSIGNED_CONTEXT ( ( #10781, #5541, #179 ) ) REPRESENTATION_CONTEXT ( 'NONE', 'WORKASPACE' ) );
#10234 = EDGE_CURVE ( 'NONE', #5788, #9966, #7318, .T. ) ;
#10235 = STYLED_ITEM ( 'NONE', ( #4573 ), #7841 ) ;
#10236 = VECTOR ( 'NONE', #7765, 1000.000000000000000 ) ;
#10237 = CARTESIAN_POINT ( 'NONE',  ( 13.60000000000000500, -17.60000000000000100, 0.5000000000000004400 ) ) ;
#10238 = CARTESIAN_POINT ( 'NONE',  ( -12.99999999999927200, -13.00000000000072300, 25.19999999999999900 ) ) ;
#10239 = CIRCLE ( 'NONE', #6960, 0.5000000000000004400 ) ;
#10240 = DIRECTION ( 'NONE',  ( -1.000000000000000000, 0.0000000000000000000, 0.0000000000000000000 ) ) ;
#10241 = ORIENTED_EDGE ( 'NONE', *, *, #4079, .F. ) ;
#10242 = DIRECTION ( 'NONE',  ( 0.0000000000000000000, -1.000000000000000000, -0.0000000000000000000 ) ) ;
#10243 = CARTESIAN_POINT ( 'NONE',  ( 14.26285049231142600, 13.18045141898346800, 27.69802295345158100 ) ) ;
#10244 = FILL_AREA_STYLE_COLOUR ( '', #254 ) ;
#10245 = CARTESIAN_POINT ( 'NONE',  ( -9.701383795924934700, -13.00000000000072100, 27.69999999999999900 ) ) ;
#10246 = AXIS2_PLACEMENT_3D ( 'NONE', #6946, #1653, #7829 ) ;
#10247 =( NAMED_UNIT ( * ) PLANE_ANGLE_UNIT ( ) SI_UNIT ( $, .RADIAN. ) );
#10248 = CARTESIAN_POINT ( 'NONE',  ( 1.597904183442692100, -3.669477605960507600, -2.000000000000000000 ) ) ;
#10249 = FILL_AREA_STYLE_COLOUR ( '', #6355 ) ;
#10250 = CARTESIAN_POINT ( 'NONE',  ( 11.80000000000091200, -10.60000000000036600, 27.69999999999999900 ) ) ;
#10251 = FACE_OUTER_BOUND ( 'NONE', #5825, .T. ) ;
#10252 = DIRECTION ( 'NONE',  ( -0.0000000000000000000, -0.0000000000000000000, 1.000000000000000000 ) ) ;
#10253 = ORIENTED_EDGE ( 'NONE', *, *, #10411, .F. ) ;
#10254 = CARTESIAN_POINT ( 'NONE',  ( -11.62591925885394400, 12.80328977755002400, 27.68473138244006300 ) ) ;
#10255 = ORIENTED_EDGE ( 'NONE', *, *, #11318, .T. ) ;
#10256 = AXIS2_PLACEMENT_3D ( 'NONE', #5883, #559, #6777 ) ;
#10257 = CARTESIAN_POINT ( 'NONE',  ( -12.20250684994854500, -12.07187008827259200, 27.70000000000000300 ) ) ;
#10258 = EDGE_CURVE ( 'NONE', #8003, #8051, #2640, .T. ) ;
#10259 = EDGE_CURVE ( 'NONE', #10707, #2643, #477, .T. ) ;
#10260 = CYLINDRICAL_SURFACE ( 'NONE', #8679, 11.00000000000000000 ) ;
#10261 = ORIENTED_EDGE ( 'NONE', *, *, #10491, .T. ) ;
#10262 = CARTESIAN_POINT ( 'NONE',  ( 17.60000000000000500, -13.60000000000000000, 0.5000000000000004400 ) ) ;
#10263 = COLOUR_RGB ( '',1.000000000000000000, 1.000000000000000000, 1.000000000000000000 ) ;
#10264 =( GEOMETRIC_REPRESENTATION_CONTEXT ( 3 ) GLOBAL_UNCERTAINTY_ASSIGNED_CONTEXT ( ( #9034 ) ) GLOBAL_UNIT_ASSIGNED_CONTEXT ( ( #375, #6601, #1299 ) ) REPRESENTATION_CONTEXT ( 'NONE', 'WORKASPACE' ) );
#10265 = VERTEX_POINT ( 'NONE', #6879 ) ;
#10266 = DIRECTION ( 'NONE',  ( -1.000000000000000000, 3.206337508330011400E-015, 0.0000000000000000000 ) ) ;
#10267 = STYLED_ITEM ( 'NONE', ( #4679 ), #9739 ) ;
#10268 = CARTESIAN_POINT ( 'NONE',  ( -13.54102959263334700, 11.86457000668064800, 27.70000000000000300 ) ) ;
#10269 = FILL_AREA_STYLE_COLOUR ( '', #10343 ) ;
#10270 = ORIENTED_EDGE ( 'NONE', *, *, #5852, .F. ) ;
#10271 = CARTESIAN_POINT ( 'NONE',  ( -16.29861620407458000, 6.402767591850104800, 28.20000000000000300 ) ) ;
#10272 = UNCERTAINTY_MEASURE_WITH_UNIT (LENGTH_MEASURE( 1.000000000000000100E-005 ), #2813, 'distance_accuracy_value', 'NONE');
#10273 = SURFACE_STYLE_USAGE ( .BOTH. , #4154 ) ;
#10274 = ORIENTED_EDGE ( 'NONE', *, *, #3305, .T. ) ;
#10275 = DIRECTION ( 'NONE',  ( -0.7072524912145422600, 0.7069610411266125100, 0.0000000000000000000 ) ) ;
#10276 = CARTESIAN_POINT ( 'NONE',  ( -14.37408074114605400, 12.99999999999927000, 27.68473138244006300 ) ) ;
#10277 = VERTEX_POINT ( 'NONE', #8620 ) ;
#10278 = CARTESIAN_POINT ( 'NONE',  ( 3.500000000000000000, 4.286263797015736600E-016, -1.500000000000000000 ) ) ;
#10279 = COLOUR_RGB ( '',1.000000000000000000, 1.000000000000000000, 1.000000000000000000 ) ;
#10280 = COLOUR_RGB ( '',1.000000000000000000, 1.000000000000000000, 1.000000000000000000 ) ;
#10281 = PLANE ( 'NONE',  #6309 ) ;
#10282 = B_SPLINE_CURVE_WITH_KNOTS ( 'NONE', 3,
 ( #5443, #10685, #3727, #9860 ),
 .UNSPECIFIED., .F., .F.,
 ( 4, 4 ),
 ( 3.469446951953613800E-018, 0.0003313943203234383400 ),
 .UNSPECIFIED. ) ;
#10283 = MECHANICAL_DESIGN_GEOMETRIC_PRESENTATION_REPRESENTATION (  '', ( #8393 ), #10885 ) ;
#10284 = DIRECTION ( 'NONE',  ( 0.0000000000000000000, 0.0000000000000000000, 1.000000000000000000 ) ) ;
#10285 = VERTEX_POINT ( 'NONE', #1584 ) ;
#10286 = LINE ( 'NONE', #5132, #10027 ) ;
#10287 = PRESENTATION_STYLE_ASSIGNMENT (( #9697 ) ) ;
#10288 = EDGE_CURVE ( 'NONE', #4472, #2043, #7031, .T. ) ;
#10289 = VECTOR ( 'NONE', #10711, 1000.000000000000000 ) ;
#10290 = LINE ( 'NONE', #6323, #7976 ) ;
#10291 = DIRECTION ( 'NONE',  ( 0.0000000000000000000, -0.0000000000000000000, -1.000000000000000000 ) ) ;
#10292 = CARTESIAN_POINT ( 'NONE',  ( 10.80000000000090500, -12.99999999999999500, 26.70000000000000300 ) ) ;
#10293 = EDGE_LOOP ( 'NONE', ( #9824, #7091, #10325, #4220, #2062, #11211, #10140, #10139, #4531, #10474, #3322, #7941 ) ) ;
#10294 =( NAMED_UNIT ( * ) SI_UNIT ( $, .STERADIAN. ) SOLID_ANGLE_UNIT ( ) );
#10295 = SURFACE_STYLE_FILL_AREA ( #8930 ) ;
#10296 = CARTESIAN_POINT ( 'NONE',  ( -9.701383795924931200, -13.00000000000072300, 28.19999999999999600 ) ) ;
#10297 = VERTEX_POINT ( 'NONE', #3392 ) ;
#10298 = FACE_OUTER_BOUND ( 'NONE', #6115, .T. ) ;
#10299 = SURFACE_SIDE_STYLE ('',( #3810 ) ) ;
#10300 = STYLED_ITEM ( 'NONE', ( #7196 ), #1959 ) ;
#10301 = DIRECTION ( 'NONE',  ( -1.000000000000000000, 0.0000000000000000000, 0.0000000000000000000 ) ) ;
#10302 = VECTOR ( 'NONE', #7769, 1000.000000000000000 ) ;
#10303 = ORIENTED_EDGE ( 'NONE', *, *, #5372, .T. ) ;
#10304 = ORIENTED_EDGE ( 'NONE', *, *, #8074, .F. ) ;
#10305 =( BOUNDED_CURVE ( )  B_SPLINE_CURVE ( 3, ( #8187, #9014, #4688, #10815 ),
 .UNSPECIFIED., .F., .T. ) 
 B_SPLINE_CURVE_WITH_KNOTS ( ( 4, 4 ),
 ( 0.0000000000000000000, 1.000000000000000000 ),
 .UNSPECIFIED. ) 
 CURVE ( )  GEOMETRIC_REPRESENTATION_ITEM ( )  RATIONAL_B_SPLINE_CURVE ( ( 1.000000000000000000, 0.9711696904486932800, 0.9711696904486932800, 1.000000000000000000 ) ) 
 REPRESENTATION_ITEM ( '' )  );
#10306 = EDGE_CURVE ( 'NONE', #1998, #8854, #9501, .T. ) ;
#10307 = CARTESIAN_POINT ( 'NONE',  ( -3.100000000000000500, -17.60000000000000100, 20.19999999999999900 ) ) ;
#10308 = ORIENTED_EDGE ( 'NONE', *, *, #8372, .F. ) ;
#10309 = CARTESIAN_POINT ( 'NONE',  ( 3.488461874375522200, 1.958427514581606600, -1.999999999999999600 ) ) ;
#10310 =( GEOMETRIC_REPRESENTATION_CONTEXT ( 3 ) GLOBAL_UNCERTAINTY_ASSIGNED_CONTEXT ( ( #2416 ) ) GLOBAL_UNIT_ASSIGNED_CONTEXT ( ( #7206, #1922, #8082 ) ) REPRESENTATION_CONTEXT ( 'NONE', 'WORKASPACE' ) );
#10311 = DIRECTION ( 'NONE',  ( 0.0000000000000000000, -0.0000000000000000000, -1.000000000000000000 ) ) ;
#10312 = DIRECTION ( 'NONE',  ( 0.7071067811865414700, 0.0000000000000000000, -0.7071067811865536800 ) ) ;
#10313 = CARTESIAN_POINT ( 'NONE',  ( -15.79861620407457900, 12.99999999999927000, 27.69999999999999900 ) ) ;
#10314 = FACE_OUTER_BOUND ( 'NONE', #9916, .T. ) ;
#10315 = CARTESIAN_POINT ( 'NONE',  ( 0.0000000000000000000, 0.0000000000000000000, 1.000000000000000000 ) ) ;
#10316 = ORIENTED_EDGE ( 'NONE', *, *, #526, .F. ) ;
#10317 = SURFACE_STYLE_USAGE ( .BOTH. , #4192 ) ;
#10318 = EDGE_LOOP ( 'NONE', ( #8857, #5926, #7144 ) ) ;
#10319 = MECHANICAL_DESIGN_GEOMETRIC_PRESENTATION_REPRESENTATION (  '', ( #7415 ), #10912 ) ;
#10320 = VECTOR ( 'NONE', #6157, 1000.000000000000000 ) ;
#10321 = CARTESIAN_POINT ( 'NONE',  ( 3.100000000000000500, -15.60000000000000100, 26.29999999999999700 ) ) ;
#10322 = PRESENTATION_STYLE_ASSIGNMENT (( #2689 ) ) ;
#10323 = VECTOR ( 'NONE', #5849, 1000.000000000000000 ) ;
#10324 =( NAMED_UNIT ( * ) SI_UNIT ( $, .STERADIAN. ) SOLID_ANGLE_UNIT ( ) );
#10325 = ORIENTED_EDGE ( 'NONE', *, *, #4041, .F. ) ;
#10326 = PRESENTATION_STYLE_ASSIGNMENT (( #2367 ) ) ;
#10327 = MECHANICAL_DESIGN_GEOMETRIC_PRESENTATION_REPRESENTATION (  '', ( #9164 ), #10920 ) ;
#10328 = LINE ( 'NONE', #6495, #3630 ) ;
#10329 =( LENGTH_UNIT ( ) NAMED_UNIT ( * ) SI_UNIT ( .MILLI., .METRE. ) );
#10330 = CARTESIAN_POINT ( 'NONE',  ( 17.60000000000000500, 13.60000000000000100, 20.19999999999999900 ) ) ;
#10331 = EDGE_CURVE ( 'NONE', #7520, #6705, #4703, .T. ) ;
#10332 = CIRCLE ( 'NONE', #4141, 0.5000000000000000000 ) ;
#10333 = CIRCLE ( 'NONE', #1590, 4.000000000000000000 ) ;
#10334 = ORIENTED_EDGE ( 'NONE', *, *, #8243, .T. ) ;
#10335 = LINE ( 'NONE', #4868, #5690 ) ;
#10336 = CARTESIAN_POINT ( 'NONE',  ( 10.20138379592620100, 12.99999999999999500, 27.99289321881345000 ) ) ;
#10337 = MECHANICAL_DESIGN_GEOMETRIC_PRESENTATION_REPRESENTATION (  '', ( #583 ), #10929 ) ;
#10338 = DIRECTION ( 'NONE',  ( -1.000000000000000000, -0.0000000000000000000, 0.0000000000000000000 ) ) ;
#10339 = MECHANICAL_DESIGN_GEOMETRIC_PRESENTATION_REPRESENTATION (  '', ( #9174 ), #10930 ) ;
#10340 = DIRECTION ( 'NONE',  ( 0.0000000000000000000, -0.0000000000000000000, 1.000000000000000000 ) ) ;
#10341 = AXIS2_PLACEMENT_3D ( 'NONE', #3959, #10080, #4825 ) ;
#10342 = SURFACE_STYLE_FILL_AREA ( #292 ) ;
#10343 = COLOUR_RGB ( '',1.000000000000000000, 1.000000000000000000, 1.000000000000000000 ) ;
#10344 = CARTESIAN_POINT ( 'NONE',  ( 13.58868278403009100, 11.95431717055955000, 27.70000000000000300 ) ) ;
#10345 = SURFACE_STYLE_FILL_AREA ( #6037 ) ;
#10346 = ORIENTED_EDGE ( 'NONE', *, *, #10160, .T. ) ;
#10347 = UNCERTAINTY_MEASURE_WITH_UNIT (LENGTH_MEASURE( 1.000000000000000100E-005 ), #2816, 'distance_accuracy_value', 'NONE');
#10348 = PRESENTATION_LAYER_ASSIGNMENT (  '', '', ( #8601 ) ) ;
#10349 = DIRECTION ( 'NONE',  ( -1.000000000000000000, 0.0000000000000000000, 0.0000000000000000000 ) ) ;
#10350 = SURFACE_STYLE_USAGE ( .BOTH. , #4231 ) ;
#10351 = CARTESIAN_POINT ( 'NONE',  ( -10.79999999999851600, -8.599999999998971100, 27.28578643762690700 ) ) ;
#10352 = UNCERTAINTY_MEASURE_WITH_UNIT (LENGTH_MEASURE( 1.000000000000000100E-005 ), #865, 'distance_accuracy_value', 'NONE');
#10353 = CARTESIAN_POINT ( 'NONE',  ( 14.19935388018287300, 12.45897040736659800, 27.69507424152989500 ) ) ;
#10354 = CIRCLE ( 'NONE', #10054, 2.200000000000000600 ) ;
#10355 = VECTOR ( 'NONE', #9214, 1000.000000000000000 ) ;
#10356 = VERTEX_POINT ( 'NONE', #3429 ) ;
#10357 = EDGE_CURVE ( 'NONE', #5494, #1982, #9090, .T. ) ;
#10358 = ORIENTED_EDGE ( 'NONE', *, *, #7203, .T. ) ;
#10359 = MECHANICAL_DESIGN_GEOMETRIC_PRESENTATION_REPRESENTATION (  '', ( #8612 ), #10944 ) ;
#10360 = ORIENTED_EDGE ( 'NONE', *, *, #11017, .T. ) ;
#10361 = FILL_AREA_STYLE_COLOUR ( '', #6668 ) ;
#10362 = ADVANCED_FACE ( 'NONE', ( #4415 ), #6962, .F. ) ;
#10363 = DIRECTION ( 'NONE',  ( -1.000000000000000000, 0.0000000000000000000, 0.0000000000000000000 ) ) ;
#10364 = COLOUR_RGB ( '',1.000000000000000000, 1.000000000000000000, 1.000000000000000000 ) ;
#10365 = DIRECTION ( 'NONE',  ( 0.7071067811865533500, -0.0000000000000000000, 0.7071067811865418000 ) ) ;
#10366 = AXIS2_PLACEMENT_3D ( 'NONE', #6366, #382, #346 ) ;
#10367 = DIRECTION ( 'NONE',  ( 0.0000000000000000000, 0.0000000000000000000, 1.000000000000000000 ) ) ;
#10368 = ORIENTED_EDGE ( 'NONE', *, *, #2470, .F. ) ;
#10369 = PRESENTATION_LAYER_ASSIGNMENT (  '', '', ( #9801 ) ) ;
#10370 =( LENGTH_UNIT ( ) NAMED_UNIT ( * ) SI_UNIT ( .MILLI., .METRE. ) );
#10371 = UNCERTAINTY_MEASURE_WITH_UNIT (LENGTH_MEASURE( 1.000000000000000100E-005 ), #10775, 'distance_accuracy_value', 'NONE');
#10372 = DIRECTION ( 'NONE',  ( -1.000000000000000000, 0.0000000000000000000, 0.0000000000000000000 ) ) ;
#10373 = EDGE_CURVE ( 'NONE', #4418, #7799, #5909, .T. ) ;
#10374 = CARTESIAN_POINT ( 'NONE',  ( -16.29861620407360700, -13.00000000000072300, 28.19999999999999600 ) ) ;
#10375 = AXIS2_PLACEMENT_3D ( 'NONE', #9616, #4366, #10501 ) ;
#10376 = ORIENTED_EDGE ( 'NONE', *, *, #663, .F. ) ;
#10377 =( NAMED_UNIT ( * ) PLANE_ANGLE_UNIT ( ) SI_UNIT ( $, .RADIAN. ) );
#10378 = EDGE_CURVE ( 'NONE', #3172, #5281, #8275, .T. ) ;
#10379 =( NAMED_UNIT ( * ) SI_UNIT ( $, .STERADIAN. ) SOLID_ANGLE_UNIT ( ) );
#10380 = DIRECTION ( 'NONE',  ( 0.0000000000000000000, 0.0000000000000000000, -1.000000000000000000 ) ) ;
#10381 = CARTESIAN_POINT ( 'NONE',  ( 11.62591925885385700, -12.99999999999999500, 27.68473138243974700 ) ) ;
#10382 = CIRCLE ( 'NONE', #6069, 0.4726131969088088700 ) ;
#10383 = CARTESIAN_POINT ( 'NONE',  ( 0.0000000000000000000, 0.0000000000000000000, -24.00000000000000000 ) ) ;
#10384 = VERTEX_POINT ( 'NONE', #6876 ) ;
#10385 = CARTESIAN_POINT ( 'NONE',  ( -14.26285049231151600, -13.54102959263319800, 27.69999999999999900 ) ) ;
#10386 = SURFACE_STYLE_USAGE ( .BOTH. , #4265 ) ;
#10387 = CARTESIAN_POINT ( 'NONE',  ( 0.0000000000000000000, 0.0000000000000000000, 0.0000000000000000000 ) ) ;
#10388 = SURFACE_STYLE_FILL_AREA ( #6747 ) ;
#10389 = DIRECTION ( 'NONE',  ( 1.000000000000000000, 0.0000000000000000000, 0.0000000000000000000 ) ) ;
#10390 = CARTESIAN_POINT ( 'NONE',  ( -13.54102959263334700, 11.92888516960204500, 27.70000000000000300 ) ) ;
#10391 = STYLED_ITEM ( 'NONE', ( #7936 ), #5685 ) ;
#10392 =( NAMED_UNIT ( * ) SI_UNIT ( $, .STERADIAN. ) SOLID_ANGLE_UNIT ( ) );
#10393 = DIRECTION ( 'NONE',  ( 1.041186654069147000E-014, 1.000000000000000000, 0.0000000000000000000 ) ) ;
#10394 = ORIENTED_EDGE ( 'NONE', *, *, #11021, .F. ) ;
#10395 = STYLED_ITEM ( 'NONE', ( #549 ), #8875 ) ;
#10396 = VECTOR ( 'NONE', #9914, 1000.000000000000000 ) ;
#10397 =( NAMED_UNIT ( * ) PLANE_ANGLE_UNIT ( ) SI_UNIT ( $, .RADIAN. ) );
#10398 = CARTESIAN_POINT ( 'NONE',  ( -17.59999999999999800, 13.59999999999999800, 27.69999999999999900 ) ) ;
#10399 = ORIENTED_EDGE ( 'NONE', *, *, #9925, .T. ) ;
#10400 = DIRECTION ( 'NONE',  ( -1.000000000000000000, 0.0000000000000000000, 0.0000000000000000000 ) ) ;
#10401 = ORIENTED_EDGE ( 'NONE', *, *, #10964, .F. ) ;
#10402 = CARTESIAN_POINT ( 'NONE',  ( 13.54102959263324900, -14.07111483039655300, 27.70000000000000300 ) ) ;
#10403 = FACE_OUTER_BOUND ( 'NONE', #8453, .T. ) ;
#10404 = ORIENTED_EDGE ( 'NONE', *, *, #8697, .F. ) ;
#10405 = CARTESIAN_POINT ( 'NONE',  ( 0.0000000000000000000, 0.0000000000000000000, 22.19999999999999600 ) ) ;
#10406 =( GEOMETRIC_REPRESENTATION_CONTEXT ( 3 ) GLOBAL_UNCERTAINTY_ASSIGNED_CONTEXT ( ( #9047 ) ) GLOBAL_UNIT_ASSIGNED_CONTEXT ( ( #134, #6373, #1046 ) ) REPRESENTATION_CONTEXT ( 'NONE', 'WORKASPACE' ) );
#10407 = FILL_AREA_STYLE_COLOUR ( '', #268 ) ;
#10408 = VECTOR ( 'NONE', #2632, 1000.000000000000000 ) ;
#10409 = CARTESIAN_POINT ( 'NONE',  ( -13.58868278403016700, -11.84284448084572700, 27.70000000000000300 ) ) ;
#10410 = CARTESIAN_POINT ( 'NONE',  ( 3.100000000000001000, -17.60000000000000100, 20.19999999999999900 ) ) ;
#10411 = EDGE_CURVE ( 'NONE', #7520, #394, #3599, .T. ) ;
#10412 = CARTESIAN_POINT ( 'NONE',  ( -13.59999999999999800, -17.39289321881344800, 4.516154061397947200E-016 ) ) ;
#10413 = ADVANCED_FACE ( 'NONE', ( #916 ), #9292, .T. ) ;
#10414 = ORIENTED_EDGE ( 'NONE', *, *, #8568, .T. ) ;
#10415 = UNCERTAINTY_MEASURE_WITH_UNIT (LENGTH_MEASURE( 1.000000000000000100E-005 ), #7472, 'distance_accuracy_value', 'NONE');
#10416 = CARTESIAN_POINT ( 'NONE',  ( 12.99999999999999600, 12.99999999999999600, 25.19999999999999900 ) ) ;
#10417 = ORIENTED_EDGE ( 'NONE', *, *, #10998, .F. ) ;
#10418 = DIRECTION ( 'NONE',  ( 0.0000000000000000000, 0.0000000000000000000, 1.000000000000000000 ) ) ;
#10419 = FACE_OUTER_BOUND ( 'NONE', #5331, .T. ) ;
#10420 = VERTEX_POINT ( 'NONE', #786 ) ;
#10421 = VECTOR ( 'NONE', #2150, 1000.000000000000000 ) ;
#10422 = LINE ( 'NONE', #731, #3428 ) ;
#10423 = EDGE_LOOP ( 'NONE', ( #1002, #10678 ) ) ;
#10424 =( GEOMETRIC_REPRESENTATION_CONTEXT ( 3 ) GLOBAL_UNCERTAINTY_ASSIGNED_CONTEXT ( ( #10212 ) ) GLOBAL_UNIT_ASSIGNED_CONTEXT ( ( #2890, #9010, #3768 ) ) REPRESENTATION_CONTEXT ( 'NONE', 'WORKASPACE' ) );
#10425 = SURFACE_SIDE_STYLE ('',( #10042 ) ) ;
#10426 = UNCERTAINTY_MEASURE_WITH_UNIT (LENGTH_MEASURE( 1.000000000000000100E-005 ), #1860, 'distance_accuracy_value', 'NONE');
#10427 = CARTESIAN_POINT ( 'NONE',  ( -3.862502089580593300, -1.054536295031282200, -2.000000000000000400 ) ) ;
#10428 = FILL_AREA_STYLE ('',( #9506 ) ) ;
#10429 = FILL_AREA_STYLE_COLOUR ( '', #8668 ) ;
#10430 = FILL_AREA_STYLE_COLOUR ( '', #9365 ) ;
#10431 = ORIENTED_EDGE ( 'NONE', *, *, #9915, .F. ) ;
#10432 = LINE ( 'NONE', #598, #8129 ) ;
#10433 = SURFACE_STYLE_FILL_AREA ( #8849 ) ;
#10434 = CARTESIAN_POINT ( 'NONE',  ( 11.73714950768867000, 12.99999999999999800, 27.69802295345158800 ) ) ;
#10435 = MECHANICAL_DESIGN_GEOMETRIC_PRESENTATION_REPRESENTATION (  '', ( #3533 ), #11011 ) ;
#10436 = STYLED_ITEM ( 'NONE', ( #6766 ), #2098 ) ;
#10437 = CARTESIAN_POINT ( 'NONE',  ( 15.94314575050762700, -17.60000000000000100, 27.99289321881345000 ) ) ;
#10438 = ORIENTED_EDGE ( 'NONE', *, *, #10672, .F. ) ;
#10439 = DIRECTION ( 'NONE',  ( 0.0000000000000000000, 1.000000000000000000, 0.0000000000000000000 ) ) ;
#10440 = EDGE_CURVE ( 'NONE', #9892, #9535, #2476, .T. ) ;
#10441 = CARTESIAN_POINT ( 'NONE',  ( 11.92888516960367100, 12.45897040736660700, 27.70000000000000300 ) ) ;
#10442 = CARTESIAN_POINT ( 'NONE',  ( -17.59999999999999800, 13.59999999999999800, 27.99289321881345000 ) ) ;
#10443 = ORIENTED_EDGE ( 'NONE', *, *, #2873, .F. ) ;
#10444 = VECTOR ( 'NONE', #7992, 1000.000000000000000 ) ;
#10445 = CARTESIAN_POINT ( 'NONE',  ( 3.523680570869899900, -1.901562360352513400, -2.000000000000000000 ) ) ;
#10446 = CARTESIAN_POINT ( 'NONE',  ( -13.00000000000000200, 13.00000000000000200, 4.500000000000001800 ) ) ;
#10447 = DIRECTION ( 'NONE',  ( 0.0000000000000000000, 1.000000000000000000, 0.0000000000000000000 ) ) ;
#10448 = ORIENTED_EDGE ( 'NONE', *, *, #9213, .F. ) ;
#10449 = EDGE_CURVE ( 'NONE', #2032, #8250, #9210, .T. ) ;
#10450 = ORIENTED_EDGE ( 'NONE', *, *, #8413, .F. ) ;
#10451 = UNCERTAINTY_MEASURE_WITH_UNIT (LENGTH_MEASURE( 1.000000000000000100E-005 ), #5488, 'distance_accuracy_value', 'NONE');
#10452 = AXIS2_PLACEMENT_3D ( 'NONE', #6561, #1260, #7476 ) ;
#10453 = DIRECTION ( 'NONE',  ( -1.000000000000000000, -0.0000000000000000000, 0.0000000000000000000 ) ) ;
#10454 = EDGE_LOOP ( 'NONE', ( #8247, #9042, #7382, #5905, #6239 ) ) ;
#10455 = CARTESIAN_POINT ( 'NONE',  ( 2.092470004868553600, -17.69999999999999900, 25.28764494107381100 ) ) ;
#10456 = CYLINDRICAL_SURFACE ( 'NONE', #10787, 0.4726131969088088700 ) ;
#10457 = CARTESIAN_POINT ( 'NONE',  ( -13.00000000000000500, -13.00000000000000200, 4.500000000000001800 ) ) ;
#10458 = FACE_OUTER_BOUND ( 'NONE', #9479, .T. ) ;
#10459 = PRESENTATION_STYLE_ASSIGNMENT (( #1141 ) ) ;
#10460 = COLOUR_RGB ( '',1.000000000000000000, 1.000000000000000000, 1.000000000000000000 ) ;
#10461 =( NAMED_UNIT ( * ) PLANE_ANGLE_UNIT ( ) SI_UNIT ( $, .RADIAN. ) );
#10462 = ORIENTED_EDGE ( 'NONE', *, *, #2641, .T. ) ;
#10463 = SURFACE_SIDE_STYLE ('',( #10739 ) ) ;
#10464 = STYLED_ITEM ( 'NONE', ( #7263 ), #5629 ) ;
#10465 = SURFACE_STYLE_FILL_AREA ( #660 ) ;
#10466 = AXIS2_PLACEMENT_3D ( 'NONE', #4883, #6641, #10175 ) ;
#10467 = CARTESIAN_POINT ( 'NONE',  ( 12.99999999999999600, 12.99999999999999600, 25.19999999999999900 ) ) ;
#10468 = SURFACE_STYLE_USAGE ( .BOTH. , #4344 ) ;
#10469 = DIRECTION ( 'NONE',  ( -0.0000000000000000000, -1.000000000000000000, -0.0000000000000000000 ) ) ;
#10470 = DIRECTION ( 'NONE',  ( 1.122218127915504000E-014, 1.000000000000000000, 0.0000000000000000000 ) ) ;
#10471 = LINE ( 'NONE', #2318, #3769 ) ;
#10472 = FILL_AREA_STYLE ('',( #736 ) ) ;
#10473 =( NAMED_UNIT ( * ) SI_UNIT ( $, .STERADIAN. ) SOLID_ANGLE_UNIT ( ) );
#10474 = ORIENTED_EDGE ( 'NONE', *, *, #6966, .T. ) ;
#10475 = PRESENTATION_STYLE_ASSIGNMENT (( #6703 ) ) ;
#10476 = CARTESIAN_POINT ( 'NONE',  ( 13.00000000009049500, 12.99999999999999500, 5.251075773742286400 ) ) ;
#10477 = PRESENTATION_STYLE_ASSIGNMENT (( #5182 ) ) ;
#10478 = CARTESIAN_POINT ( 'NONE',  ( -3.007529995131445600, -17.69999999999999900, 22.60748687669129400 ) ) ;
#10479 = ADVANCED_FACE ( 'NONE', ( #2191 ), #11231, .F. ) ;
#10480 = FILL_AREA_STYLE_COLOUR ( '', #3205 ) ;
#10481 = CARTESIAN_POINT ( 'NONE',  ( -11.00000000000000000, 1.347111479062088400E-015, -0.5000000000000001100 ) ) ;
#10482 = CIRCLE ( 'NONE', #484, 2.199999999999818500 ) ;
#10483 = VECTOR ( 'NONE', #8738, 1000.000000000000000 ) ;
#10484 = CARTESIAN_POINT ( 'NONE',  ( -13.59999999999999800, 17.09999999999999800, 28.19999999999999900 ) ) ;
#10485 = ORIENTED_EDGE ( 'NONE', *, *, #5235, .T. ) ;
#10486 = PRESENTATION_STYLE_ASSIGNMENT (( #11296 ) ) ;
#10487 = DIRECTION ( 'NONE',  ( 1.000000000000000000, 0.0000000000000000000, 0.0000000000000000000 ) ) ;
#10488 = MECHANICAL_DESIGN_GEOMETRIC_PRESENTATION_REPRESENTATION (  '', ( #8156 ), #11047 ) ;
#10489 = DIRECTION ( 'NONE',  ( 0.0000000000000000000, 0.0000000000000000000, -1.000000000000000000 ) ) ;
#10490 = CARTESIAN_POINT ( 'NONE',  ( -12.45897040736665300, 12.41131721596995200, 26.70000000000000300 ) ) ;
#10491 = EDGE_CURVE ( 'NONE', #10923, #3602, #1335, .T. ) ;
#10492 = DIRECTION ( 'NONE',  ( 4.164746616276587900E-015, 1.000000000000000000, 0.0000000000000000000 ) ) ;
#10493 = SURFACE_STYLE_FILL_AREA ( #4607 ) ;
#10494 = EDGE_LOOP ( 'NONE', ( #1044, #4164, #5024, #4518 ) ) ;
#10495 = STYLED_ITEM ( 'NONE', ( #11127 ), #351 ) ;
#10496 = PRESENTATION_STYLE_ASSIGNMENT (( #2477 ) ) ;
#10497 = ORIENTED_EDGE ( 'NONE', *, *, #1208, .T. ) ;
#10498 = AXIS2_PLACEMENT_3D ( 'NONE', #3835, #9951, #4707 ) ;
#10499 = ORIENTED_EDGE ( 'NONE', *, *, #4643, .T. ) ;
#10500 = UNCERTAINTY_MEASURE_WITH_UNIT (LENGTH_MEASURE( 1.000000000000000100E-005 ), #7979, 'distance_accuracy_value', 'NONE');
#10501 = DIRECTION ( 'NONE',  ( 0.0000000000000000000, 0.0000000000000000000, 1.000000000000000000 ) ) ;
#10502 = MECHANICAL_DESIGN_GEOMETRIC_PRESENTATION_REPRESENTATION (  '', ( #9316 ), #11057 ) ;
#10503 = UNCERTAINTY_MEASURE_WITH_UNIT (LENGTH_MEASURE( 1.000000000000000100E-005 ), #5464, 'distance_accuracy_value', 'NONE');
#10504 = COLOUR_RGB ( '',1.000000000000000000, 1.000000000000000000, 1.000000000000000000 ) ;
#10505 = VERTEX_POINT ( 'NONE', #5308 ) ;
#10506 = ORIENTED_EDGE ( 'NONE', *, *, #9040, .F. ) ;
#10507 = CARTESIAN_POINT ( 'NONE',  ( -12.41131721597010300, -14.37408074114592300, 27.65553645166723100 ) ) ;
#10508 = ORIENTED_EDGE ( 'NONE', *, *, #10863, .T. ) ;
#10509 =( LENGTH_UNIT ( ) NAMED_UNIT ( * ) SI_UNIT ( .MILLI., .METRE. ) );
#10510 =( NAMED_UNIT ( * ) SI_UNIT ( $, .STERADIAN. ) SOLID_ANGLE_UNIT ( ) );
#10511 = CARTESIAN_POINT ( 'NONE',  ( 1.597212212747806600, 3.667437498977376400, -2.000000000000000000 ) ) ;
#10512 = CARTESIAN_POINT ( 'NONE',  ( 11.21421356237309100, 12.99999999999999800, 27.70000000000000600 ) ) ;
#10513 = CARTESIAN_POINT ( 'NONE',  ( 12.41131721596999400, 11.95431717055950000, 27.70000000000000300 ) ) ;
#10514 = CARTESIAN_POINT ( 'NONE',  ( -13.58868278403017100, -11.95431717056010800, 27.70000000000000300 ) ) ;
#10515 = EDGE_CURVE ( 'NONE', #5645, #9062, #3732, .T. ) ;
#10516 =( GEOMETRIC_REPRESENTATION_CONTEXT ( 3 ) GLOBAL_UNCERTAINTY_ASSIGNED_CONTEXT ( ( #7766 ) ) GLOBAL_UNIT_ASSIGNED_CONTEXT ( ( #41, #6289, #961 ) ) REPRESENTATION_CONTEXT ( 'NONE', 'WORKASPACE' ) );
#10517 = DIRECTION ( 'NONE',  ( 0.0000000000000000000, -0.0000000000000000000, 1.000000000000000000 ) ) ;
#10518 = ORIENTED_EDGE ( 'NONE', *, *, #5620, .T. ) ;
#10519 = UNCERTAINTY_MEASURE_WITH_UNIT (LENGTH_MEASURE( 1.000000000000000100E-005 ), #2371, 'distance_accuracy_value', 'NONE');
#10520 = FILL_AREA_STYLE ('',( #11301 ) ) ;
#10521 =( LENGTH_UNIT ( ) NAMED_UNIT ( * ) SI_UNIT ( .MILLI., .METRE. ) );
#10522 = DIRECTION ( 'NONE',  ( -1.000000000000000000, 0.0000000000000000000, 0.0000000000000000000 ) ) ;
#10523 = SURFACE_SIDE_STYLE ('',( #6871 ) ) ;
#10524 = SURFACE_STYLE_USAGE ( .BOTH. , #9604 ) ;
#10525 = CARTESIAN_POINT ( 'NONE',  ( 0.0000000000000000000, -17.69999999999999900, 23.18764494107381000 ) ) ;
#10526 = FILL_AREA_STYLE_COLOUR ( '', #4600 ) ;
#10527 = PRESENTATION_STYLE_ASSIGNMENT (( #5971 ) ) ;
#10528 = ORIENTED_EDGE ( 'NONE', *, *, #11349, .F. ) ;
#10529 = EDGE_CURVE ( 'NONE', #7783, #9488, #8133, .T. ) ;
#10530 = DIRECTION ( 'NONE',  ( 0.0000000000000000000, 0.0000000000000000000, 1.000000000000000000 ) ) ;
#10531 = DIRECTION ( 'NONE',  ( 0.0000000000000000000, 0.0000000000000000000, 1.000000000000000000 ) ) ;
#10532 = CARTESIAN_POINT ( 'NONE',  ( 13.58868278403010000, 14.37408074114600300, 27.65553645166672700 ) ) ;
#10533 =( GEOMETRIC_REPRESENTATION_CONTEXT ( 3 ) GLOBAL_UNCERTAINTY_ASSIGNED_CONTEXT ( ( #2667 ) ) GLOBAL_UNIT_ASSIGNED_CONTEXT ( ( #3551, #9688, #4433 ) ) REPRESENTATION_CONTEXT ( 'NONE', 'WORKASPACE' ) );
#10534 = CARTESIAN_POINT ( 'NONE',  ( -17.60528299132912600, -11.44788237165360200, 5.999999999999998200 ) ) ;
#10535 = ADVANCED_FACE ( 'NONE', ( #7837 ), #1796, .F. ) ;
#10536 = SURFACE_STYLE_FILL_AREA ( #9954 ) ;
#10537 = DIRECTION ( 'NONE',  ( 1.000000000000000000, -0.0000000000000000000, 0.0000000000000000000 ) ) ;
#10538 =( NAMED_UNIT ( * ) SI_UNIT ( $, .STERADIAN. ) SOLID_ANGLE_UNIT ( ) );
#10539 = VERTEX_POINT ( 'NONE', #6209 ) ;
#10540 =( NAMED_UNIT ( * ) PLANE_ANGLE_UNIT ( ) SI_UNIT ( $, .RADIAN. ) );
#10541 = FACE_OUTER_BOUND ( 'NONE', #11083, .T. ) ;
#10542 =( LENGTH_UNIT ( ) NAMED_UNIT ( * ) SI_UNIT ( .MILLI., .METRE. ) );
#10543 = ORIENTED_EDGE ( 'NONE', *, *, #5964, .T. ) ;
#10544 = STYLED_ITEM ( 'NONE', ( #7512 ), #8110 ) ;
#10545 = DIRECTION ( 'NONE',  ( 0.0000000000000000000, 0.0000000000000000000, -1.000000000000000000 ) ) ;
#10546 = CARTESIAN_POINT ( 'NONE',  ( 3.100000000000000500, -15.60000000000000100, 26.29999999999999700 ) ) ;
#10547 = CARTESIAN_POINT ( 'NONE',  ( 12.45897040736655500, -14.13542999331790500, 27.70000000000000300 ) ) ;
#10548 = CARTESIAN_POINT ( 'NONE',  ( 13.60000000000000700, -17.60000000000000100, 27.69999999999999900 ) ) ;
#10549 = SURFACE_STYLE_FILL_AREA ( #39 ) ;
#10550 = DIRECTION ( 'NONE',  ( -0.7072524912146582700, 0.7069610411264963800, 0.0000000000000000000 ) ) ;
#10551 = VERTEX_POINT ( 'NONE', #2765 ) ;
#10552 = CARTESIAN_POINT ( 'NONE',  ( 12.45897040736657300, -11.73714950768870800, 26.70000000000000300 ) ) ;
#10553 = LINE ( 'NONE', #8843, #1443 ) ;
#10554 = ORIENTED_EDGE ( 'NONE', *, *, #6559, .F. ) ;
#10555 = AXIS2_PLACEMENT_3D ( 'NONE', #8786, #3522, #9662 ) ;
#10556 = SURFACE_SIDE_STYLE ('',( #4205 ) ) ;
#10557 = PLANE ( 'NONE',  #11193 ) ;
#10558 = ORIENTED_EDGE ( 'NONE', *, *, #11149, .T. ) ;
#10559 = VERTEX_POINT ( 'NONE', #1843 ) ;
#10560 = SURFACE_STYLE_FILL_AREA ( #6051 ) ;
#10561 = CARTESIAN_POINT ( 'NONE',  ( -16.29861620407360700, -13.00000000000072300, 27.69999999999999900 ) ) ;
#10562 = ORIENTED_EDGE ( 'NONE', *, *, #1661, .F. ) ;
#10563 = DIRECTION ( 'NONE',  ( 1.000000000000000000, -2.946788190578822200E-015, 0.0000000000000000000 ) ) ;
#10564 = DIRECTION ( 'NONE',  ( -1.000000000000000000, 0.0000000000000000000, 0.0000000000000000000 ) ) ;
#10565 = UNCERTAINTY_MEASURE_WITH_UNIT (LENGTH_MEASURE( 1.000000000000000100E-005 ), #9665, 'distance_accuracy_value', 'NONE');
#10566 = PRESENTATION_STYLE_ASSIGNMENT (( #1575 ) ) ;
#10567 =( LENGTH_UNIT ( ) NAMED_UNIT ( * ) SI_UNIT ( .MILLI., .METRE. ) );
#10568 = PRESENTATION_LAYER_ASSIGNMENT (  '', '', ( #9383 ) ) ;
#10569 = ORIENTED_EDGE ( 'NONE', *, *, #6050, .T. ) ;
#10570 =( GEOMETRIC_REPRESENTATION_CONTEXT ( 3 ) GLOBAL_UNCERTAINTY_ASSIGNED_CONTEXT ( ( #10371 ) ) GLOBAL_UNIT_ASSIGNED_CONTEXT ( ( #10775, #5534, #172 ) ) REPRESENTATION_CONTEXT ( 'NONE', 'WORKASPACE' ) );
#10571 = UNCERTAINTY_MEASURE_WITH_UNIT (LENGTH_MEASURE( 1.000000000000000100E-005 ), #3510, 'distance_accuracy_value', 'NONE');
#10572 =( NAMED_UNIT ( * ) PLANE_ANGLE_UNIT ( ) SI_UNIT ( $, .RADIAN. ) );
#10573 = ORIENTED_EDGE ( 'NONE', *, *, #1370, .T. ) ;
#10574 = CIRCLE ( 'NONE', #8175, 0.5000000000000004400 ) ;
#10575 = DIRECTION ( 'NONE',  ( 0.0000000000000000000, 0.0000000000000000000, 1.000000000000000000 ) ) ;
#10576 = EDGE_CURVE ( 'NONE', #1600, #4258, #7018, .T. ) ;
#10577 = CARTESIAN_POINT ( 'NONE',  ( -12.45897040736665300, 14.26285049231137400, 26.70000000000000300 ) ) ;
#10578 = ORIENTED_EDGE ( 'NONE', *, *, #9312, .T. ) ;
#10579 =( LENGTH_UNIT ( ) NAMED_UNIT ( * ) SI_UNIT ( .MILLI., .METRE. ) );
#10580 = CARTESIAN_POINT ( 'NONE',  ( 17.39289321881345200, 15.82182540694797400, 28.20000000000000300 ) ) ;
#10581 = CARTESIAN_POINT ( 'NONE',  ( -17.09999999999999800, 17.59999999999999800, 0.5000000000000004400 ) ) ;
#10582 = ORIENTED_EDGE ( 'NONE', *, *, #9731, .T. ) ;
#10583 = LINE ( 'NONE', #3083, #7983 ) ;
#10584 = PRESENTATION_STYLE_ASSIGNMENT (( #366 ) ) ;
#10585 = EDGE_CURVE ( 'NONE', #8283, #6455, #202, .T. ) ;
#10586 = AXIS2_PLACEMENT_3D ( 'NONE', #10222, #4974, #11071 ) ;
#10587 = VECTOR ( 'NONE', #1581, 1000.000000000000000 ) ;
#10588 =( BOUNDED_CURVE ( )  B_SPLINE_CURVE ( 3, ( #1905, #6339, #1013, #7230 ),
 .UNSPECIFIED., .F., .T. ) 
 B_SPLINE_CURVE_WITH_KNOTS ( ( 4, 4 ),
 ( 0.0000000000000000000, 1.000000000000000000 ),
 .UNSPECIFIED. ) 
 CURVE ( )  GEOMETRIC_REPRESENTATION_ITEM ( )  RATIONAL_B_SPLINE_CURVE ( ( 1.000000000000000000, 0.8047378541243649400, 0.8047378541243649400, 1.000000000000000000 ) ) 
 REPRESENTATION_ITEM ( '' )  );
#10589 = EDGE_CURVE ( 'NONE', #1010, #4989, #2628, .T. ) ;
#10590 = VECTOR ( 'NONE', #5916, 1000.000000000000000 ) ;
#10591 = VERTEX_POINT ( 'NONE', #5388 ) ;
#10592 = VERTEX_POINT ( 'NONE', #958 ) ;
#10593 = VERTEX_POINT ( 'NONE', #8045 ) ;
#10594 = PLANE ( 'NONE',  #11302 ) ;
#10595 = MECHANICAL_DESIGN_GEOMETRIC_PRESENTATION_REPRESENTATION (  '', ( #9406 ), #11137 ) ;
#10596 = ADVANCED_FACE ( 'NONE', ( #11087 ), #8914, .T. ) ;
#10597 = FACE_OUTER_BOUND ( 'NONE', #4791, .T. ) ;
#10598 = CARTESIAN_POINT ( 'NONE',  ( -3.500000000000000000, 4.286263797015736600E-016, 26.20000000000000300 ) ) ;
#10599 = ORIENTED_EDGE ( 'NONE', *, *, #6880, .F. ) ;
#10600 = VECTOR ( 'NONE', #6281, 1000.000000000000000 ) ;
#10601 = VERTEX_POINT ( 'NONE', #998 ) ;
#10602 = B_SPLINE_CURVE_WITH_KNOTS ( 'NONE', 3,
 ( #8226, #8929, #3689, #9825, #4566 ),
 .UNSPECIFIED., .F., .F.,
 ( 4, 1, 4 ),
 ( 0.0000000000000000000, 0.0005410295926333462100, 0.001082059185266692400 ),
 .UNSPECIFIED. ) ;
#10603 = EDGE_CURVE ( 'NONE', #4340, #11142, #4689, .T. ) ;
#10604 = DIRECTION ( 'NONE',  ( 0.0000000000000000000, -0.0000000000000000000, 1.000000000000000000 ) ) ;
#10605 = ORIENTED_EDGE ( 'NONE', *, *, #9695, .T. ) ;
#10606 = DIRECTION ( 'NONE',  ( -0.0000000000000000000, -0.0000000000000000000, -1.000000000000000000 ) ) ;
#10607 =( NAMED_UNIT ( * ) PLANE_ANGLE_UNIT ( ) SI_UNIT ( $, .RADIAN. ) );
#10608 = CARTESIAN_POINT ( 'NONE',  ( 11.62591925885385700, -12.99999999999999500, 27.68473138243974700 ) ) ;
#10609 = LINE ( 'NONE', #6990, #5929 ) ;
#10610 =( LENGTH_UNIT ( ) NAMED_UNIT ( * ) SI_UNIT ( .MILLI., .METRE. ) );
#10611 = COLOUR_RGB ( '',0.2509803921568627400, 0.2509803921568627400, 0.2509803921568627400 ) ;
#10612 = EDGE_CURVE ( 'NONE', #1194, #4502, #2058, .T. ) ;
#10613 = FACE_OUTER_BOUND ( 'NONE', #3704, .T. ) ;
#10614 = VECTOR ( 'NONE', #3232, 1000.000000000000000 ) ;
#10615 = ORIENTED_EDGE ( 'NONE', *, *, #7087, .F. ) ;
#10616 = CARTESIAN_POINT ( 'NONE',  ( 11.50000000000000000, 0.0000000000000000000, 0.0000000000000000000 ) ) ;
#10617 = LINE ( 'NONE', #4082, #3625 ) ;
#10618 = DIRECTION ( 'NONE',  ( -0.0000000000000000000, 1.000000000000000000, 0.0000000000000000000 ) ) ;
#10619 = VERTEX_POINT ( 'NONE', #1029 ) ;
#10620 = COLOUR_RGB ( '',1.000000000000000000, 1.000000000000000000, 1.000000000000000000 ) ;
#10621 = PLANE ( 'NONE',  #6422 ) ;
#10622 = DIRECTION ( 'NONE',  ( 1.000000000000000000, 0.0000000000000000000, 0.0000000000000000000 ) ) ;
#10623 = CARTESIAN_POINT ( 'NONE',  ( -2.074779885807972200, 3.420506883675945400, -2.000000000000000000 ) ) ;
#10624 = DIRECTION ( 'NONE',  ( 0.0000000000000000000, -0.0000000000000000000, 1.000000000000000000 ) ) ;
#10625 = VECTOR ( 'NONE', #5603, 1000.000000000000000 ) ;
#10626 = DIRECTION ( 'NONE',  ( 0.0000000000000000000, 0.0000000000000000000, 1.000000000000000000 ) ) ;
#10627 = PRESENTATION_LAYER_ASSIGNMENT (  '', '', ( #10041 ) ) ;
#10628 = ORIENTED_EDGE ( 'NONE', *, *, #3943, .T. ) ;
#10629 = CARTESIAN_POINT ( 'NONE',  ( 17.60000000000000500, 17.60000000000000100, 8.000000000000000000 ) ) ;
#10630 = CARTESIAN_POINT ( 'NONE',  ( 17.60000000000000500, 17.60000000000000100, 20.19999999999999900 ) ) ;
#10631 = LINE ( 'NONE', #9113, #3649 ) ;
#10632 = DIRECTION ( 'NONE',  ( 0.0000000000000000000, 0.0000000000000000000, -1.000000000000000000 ) ) ;
#10633 = UNCERTAINTY_MEASURE_WITH_UNIT (LENGTH_MEASURE( 1.000000000000000100E-005 ), #3944, 'distance_accuracy_value', 'NONE');
#10634 = CARTESIAN_POINT ( 'NONE',  ( 16.29861620407433200, -12.99999999999999600, 28.19999999999999900 ) ) ;
#10635 = CIRCLE ( 'NONE', #9455, 1.000000000000000900 ) ;
#10636 = VECTOR ( 'NONE', #7441, 1000.000000000000000 ) ;
#10637 = ORIENTED_EDGE ( 'NONE', *, *, #562, .F. ) ;
#10638 = SURFACE_SIDE_STYLE ('',( #952 ) ) ;
#10639 = DIRECTION ( 'NONE',  ( -0.0000000000000000000, -0.0000000000000000000, -1.000000000000000000 ) ) ;
#10640 = ORIENTED_EDGE ( 'NONE', *, *, #4295, .T. ) ;
#10641 = VERTEX_POINT ( 'NONE', #4590 ) ;
#10642 = B_SPLINE_CURVE_WITH_KNOTS ( 'NONE', 3,
 ( #6975, #5211, #8752, #3486, #9621 ),
 .UNSPECIFIED., .F., .F.,
 ( 4, 1, 4 ),
 ( 1.734723475976806900E-018, 0.0005886827840300493100, 0.001177365568060096900 ),
 .UNSPECIFIED. ) ;
#10643 = EDGE_CURVE ( 'NONE', #9961, #5778, #3585, .T. ) ;
#10644 = FACE_BOUND ( 'NONE', #6443, .T. ) ;
#10645 = SURFACE_SIDE_STYLE ('',( #2773 ) ) ;
#10646 = MECHANICAL_DESIGN_GEOMETRIC_PRESENTATION_REPRESENTATION (  '', ( #9464 ), #11181 ) ;
#10647 =( NAMED_UNIT ( * ) PLANE_ANGLE_UNIT ( ) SI_UNIT ( $, .RADIAN. ) );
#10648 = UNCERTAINTY_MEASURE_WITH_UNIT (LENGTH_MEASURE( 1.000000000000000100E-005 ), #3218, 'distance_accuracy_value', 'NONE');
#10649 = LINE ( 'NONE', #9233, #3951 ) ;
#10650 = VERTEX_POINT ( 'NONE', #7250 ) ;
#10651 = PLANE ( 'NONE',  #10758 ) ;
#10652 = ADVANCED_FACE ( 'NONE', ( #3302 ), #8960, .T. ) ;
#10653 = PRESENTATION_LAYER_ASSIGNMENT (  '', '', ( #10066 ) ) ;
#10654 = SURFACE_SIDE_STYLE ('',( #2238 ) ) ;
#10655 =( NAMED_UNIT ( * ) PLANE_ANGLE_UNIT ( ) SI_UNIT ( $, .RADIAN. ) );
#10656 = SURFACE_STYLE_USAGE ( .BOTH. , #4529 ) ;
#10657 = CARTESIAN_POINT ( 'NONE',  ( -3.693859026870435400, 1.535096822457851400, -1.999999999999999600 ) ) ;
#10658 = ORIENTED_EDGE ( 'NONE', *, *, #10288, .F. ) ;
#10659 = STYLED_ITEM ( 'NONE', ( #5667 ), #2041 ) ;
#10660 = SURFACE_SIDE_STYLE ('',( #3636 ) ) ;
#10661 = UNCERTAINTY_MEASURE_WITH_UNIT (LENGTH_MEASURE( 1.000000000000000100E-005 ), #7398, 'distance_accuracy_value', 'NONE');
#10662 = CARTESIAN_POINT ( 'NONE',  ( 12.45897040736656600, -12.41131721597003500, 26.70000000000000300 ) ) ;
#10663 = SURFACE_STYLE_USAGE ( .BOTH. , #4533 ) ;
#10664 = EDGE_CURVE ( 'NONE', #2043, #9093, #2465, .T. ) ;
#10665 = MECHANICAL_DESIGN_GEOMETRIC_PRESENTATION_REPRESENTATION (  '', ( #8904 ), #11199 ) ;
#10666 = FILL_AREA_STYLE ('',( #31 ) ) ;
#10667 =( NAMED_UNIT ( * ) PLANE_ANGLE_UNIT ( ) SI_UNIT ( $, .RADIAN. ) );
#10668 = PRESENTATION_STYLE_ASSIGNMENT (( #2251 ) ) ;
#10669 =( LENGTH_UNIT ( ) NAMED_UNIT ( * ) SI_UNIT ( .MILLI., .METRE. ) );
#10670 = FILL_AREA_STYLE_COLOUR ( '', #10263 ) ;
#10671 = SURFACE_STYLE_FILL_AREA ( #8888 ) ;
#10672 = EDGE_CURVE ( 'NONE', #8940, #3800, #49, .T. ) ;
#10673 = PRESENTATION_LAYER_ASSIGNMENT (  '', '', ( #9489 ) ) ;
#10674 = DIRECTION ( 'NONE',  ( 1.000000000000000000, -1.029253376967093700E-014, -0.0000000000000000000 ) ) ;
#10675 =( LENGTH_UNIT ( ) NAMED_UNIT ( * ) SI_UNIT ( .MILLI., .METRE. ) );
#10676 = CARTESIAN_POINT ( 'NONE',  ( 0.0000000000000000000, 0.0000000000000000000, 0.0000000000000000000 ) ) ;
#10677 = CARTESIAN_POINT ( 'NONE',  ( 13.00000000000072100, -12.99999999999999600, 27.69999999999999900 ) ) ;
#10678 = ORIENTED_EDGE ( 'NONE', *, *, #3088, .F. ) ;
#10679 = VECTOR ( 'NONE', #1999, 1000.000000000000000 ) ;
#10680 = CARTESIAN_POINT ( 'NONE',  ( 12.99999999999999600, 13.54102959263330100, 27.69999999999999900 ) ) ;
#10681 = ORIENTED_EDGE ( 'NONE', *, *, #4059, .F. ) ;
#10682 = STYLED_ITEM ( 'NONE', ( #1428 ), #4716 ) ;
#10683 = DIRECTION ( 'NONE',  ( 0.0000000000000000000, 1.000000000000000000, 0.0000000000000000000 ) ) ;
#10684 = VERTEX_POINT ( 'NONE', #8237 ) ;
#10685 = CARTESIAN_POINT ( 'NONE',  ( -11.84284448084508400, 13.58868278403004700, 27.70000000000000300 ) ) ;
#10686 = LINE ( 'NONE', #7937, #8374 ) ;
#10687 = ORIENTED_EDGE ( 'NONE', *, *, #791, .T. ) ;
#10688 =( GEOMETRIC_REPRESENTATION_CONTEXT ( 3 ) GLOBAL_UNCERTAINTY_ASSIGNED_CONTEXT ( ( #5185 ) ) GLOBAL_UNIT_ASSIGNED_CONTEXT ( ( #10095, #4843, #10967 ) ) REPRESENTATION_CONTEXT ( 'NONE', 'WORKASPACE' ) );
#10689 = CARTESIAN_POINT ( 'NONE',  ( -12.99999999999999800, 12.99999999999927200, 25.19999999999999900 ) ) ;
#10690 =( NAMED_UNIT ( * ) PLANE_ANGLE_UNIT ( ) SI_UNIT ( $, .RADIAN. ) );
#10691 = CARTESIAN_POINT ( 'NONE',  ( -11.95431717055821300, 12.41131721596995200, 27.70000000000000300 ) ) ;
#10692 = CARTESIAN_POINT ( 'NONE',  ( 17.60000000000000500, -15.94314575050762200, 27.99289321881345000 ) ) ;
#10693 = VERTEX_POINT ( 'NONE', #2078 ) ;
#10694 = CARTESIAN_POINT ( 'NONE',  ( -12.99999999999999800, 12.99999999999927200, 27.69999999999999900 ) ) ;
#10695 = SURFACE_STYLE_USAGE ( .BOTH. , #4574 ) ;
#10696 = CARTESIAN_POINT ( 'NONE',  ( -13.79749315005090800, -12.07187008827356000, 27.70000000000000600 ) ) ;
#10697 = ORIENTED_EDGE ( 'NONE', *, *, #8610, .T. ) ;
#10698 = VECTOR ( 'NONE', #4554, 1000.000000000000000 ) ;
#10699 = VERTEX_POINT ( 'NONE', #2004 ) ;
#10700 = AXIS2_PLACEMENT_3D ( 'NONE', #7189, #1907, #8066 ) ;
#10701 = CARTESIAN_POINT ( 'NONE',  ( 11.00000000000000000, -2.694222958124177200E-015, -0.2071067811865475700 ) ) ;
#10702 = CARTESIAN_POINT ( 'NONE',  ( -17.09999999999999800, 15.65025253169416400, 4.336808689942017700E-016 ) ) ;
#10703 = UNCERTAINTY_MEASURE_WITH_UNIT (LENGTH_MEASURE( 1.000000000000000100E-005 ), #1648, 'distance_accuracy_value', 'NONE');
#10704 = VECTOR ( 'NONE', #11221, 1000.000000000000000 ) ;
#10705 = ADVANCED_FACE ( 'NONE', ( #4538 ), #10832, .T. ) ;
#10706 = SURFACE_STYLE_USAGE ( .BOTH. , #4581 ) ;
#10707 = VERTEX_POINT ( 'NONE', #9117 ) ;
#10708 = EDGE_CURVE ( 'NONE', #5622, #7799, #8822, .T. ) ;
#10709 = DIRECTION ( 'NONE',  ( -1.000000000000000000, 0.0000000000000000000, 0.0000000000000000000 ) ) ;
#10710 = FILL_AREA_STYLE_COLOUR ( '', #8631 ) ;
#10711 = DIRECTION ( 'NONE',  ( 0.0000000000000000000, 0.0000000000000000000, 1.000000000000000000 ) ) ;
#10712 = ORIENTED_EDGE ( 'NONE', *, *, #5552, .F. ) ;
#10713 = VECTOR ( 'NONE', #11078, 1000.000000000000000 ) ;
#10714 = SURFACE_SIDE_STYLE ('',( #2219 ) ) ;
#10715 =( NAMED_UNIT ( * ) PLANE_ANGLE_UNIT ( ) SI_UNIT ( $, .RADIAN. ) );
#10716 = CARTESIAN_POINT ( 'NONE',  ( -12.45897040736665300, 14.07111483039649800, 27.70000000000000300 ) ) ;
#10717 = ORIENTED_EDGE ( 'NONE', *, *, #6491, .T. ) ;
#10718 = EDGE_LOOP ( 'NONE', ( #4816, #5102, #5540, #5336 ) ) ;
#10719 = AXIS2_PLACEMENT_3D ( 'NONE', #5966, #636, #6845 ) ;
#10720 =( NAMED_UNIT ( * ) PLANE_ANGLE_UNIT ( ) SI_UNIT ( $, .RADIAN. ) );
#10721 = ORIENTED_EDGE ( 'NONE', *, *, #10945, .T. ) ;
#10722 = DIRECTION ( 'NONE',  ( -0.0000000000000000000, -0.0000000000000000000, -1.000000000000000000 ) ) ;
#10723 = PRESENTATION_STYLE_ASSIGNMENT (( #1467 ) ) ;
#10724 =( BOUNDED_SURFACE ( )  B_SPLINE_SURFACE ( 3, 3, ( 
 ( #1994, #5546, #186, #6419 ),
 ( #1103, #7316, #2028, #8195 ),
 ( #2948, #9065, #3827, #9947 ),
 ( #4699, #10823, #5586, #228 ) ),
 .UNSPECIFIED., .F., .F., .F. ) 
 B_SPLINE_SURFACE_WITH_KNOTS ( ( 4, 4 ),
 ( 4, 4 ),
 ( 0.0000000000000000000, 1.000000000000000000 ),
 ( 0.0000000000000000000, 1.000000000000000000 ),
 .UNSPECIFIED. ) 
 GEOMETRIC_REPRESENTATION_ITEM ( )  RATIONAL_B_SPLINE_SURFACE ( (
 ( 1.000000000000000000, 0.3333333333333334300, 0.3333333333333334300, 1.000000000000000000),
 ( 0.8047378541243649400, 0.2682459513747884100, 0.2682459513747884100, 0.8047378541243649400),
 ( 0.8047378541243649400, 0.2682459513747884100, 0.2682459513747884100, 0.8047378541243649400),
 ( 1.000000000000000000, 0.3333333333333334300, 0.3333333333333334300, 1.000000000000000000) ) ) 
 REPRESENTATION_ITEM ( '' )  SURFACE ( )  );
#10725 = PRESENTATION_STYLE_ASSIGNMENT (( #3787 ) ) ;
#10726 = SURFACE_SIDE_STYLE ('',( #10493 ) ) ;
#10727 = ORIENTED_EDGE ( 'NONE', *, *, #2395, .F. ) ;
#10728 = ORIENTED_EDGE ( 'NONE', *, *, #10862, .T. ) ;
#10729 = SURFACE_STYLE_FILL_AREA ( #3739 ) ;
#10730 = EDGE_CURVE ( 'NONE', #7518, #7057, #6032, .T. ) ;
#10731 = STYLED_ITEM ( 'NONE', ( #8178 ), #10907 ) ;
#10732 = SURFACE_STYLE_USAGE ( .BOTH. , #4614 ) ;
#10733 =( GEOMETRIC_REPRESENTATION_CONTEXT ( 3 ) GLOBAL_UNCERTAINTY_ASSIGNED_CONTEXT ( ( #9107 ) ) GLOBAL_UNIT_ASSIGNED_CONTEXT ( ( #10675, #5426, #78 ) ) REPRESENTATION_CONTEXT ( 'NONE', 'WORKASPACE' ) );
#10734 =( NAMED_UNIT ( * ) PLANE_ANGLE_UNIT ( ) SI_UNIT ( $, .RADIAN. ) );
#10735 =( LENGTH_UNIT ( ) NAMED_UNIT ( * ) SI_UNIT ( .MILLI., .METRE. ) );
#10736 = ADVANCED_FACE ( 'NONE', ( #5767 ), #2614, .T. ) ;
#10737 = VECTOR ( 'NONE', #1494, 1000.000000000000000 ) ;
#10738 = CIRCLE ( 'NONE', #7516, 1.249999999999999300 ) ;
#10739 = SURFACE_STYLE_FILL_AREA ( #4338 ) ;
#10740 = SURFACE_STYLE_FILL_AREA ( #5264 ) ;
#10741 =( LENGTH_UNIT ( ) NAMED_UNIT ( * ) SI_UNIT ( .MILLI., .METRE. ) );
#10742 = ADVANCED_FACE ( 'NONE', ( #9605 ), #10772, .F. ) ;
#10743 = CARTESIAN_POINT ( 'NONE',  ( -15.20000000000078300, 12.99999999999927200, 25.19999999999999900 ) ) ;
#10744 = DIRECTION ( 'NONE',  ( -0.0000000000000000000, 1.000000000000000000, 0.0000000000000000000 ) ) ;
#10745 =( GEOMETRIC_REPRESENTATION_CONTEXT ( 3 ) GLOBAL_UNCERTAINTY_ASSIGNED_CONTEXT ( ( #3331 ) ) GLOBAL_UNIT_ASSIGNED_CONTEXT ( ( #1821, #7991, #2750 ) ) REPRESENTATION_CONTEXT ( 'NONE', 'WORKASPACE' ) );
#10746 = PRESENTATION_LAYER_ASSIGNMENT (  '', '', ( #9565 ) ) ;
#10747 = PLANE ( 'NONE',  #11013 ) ;
#10748 = SURFACE_STYLE_USAGE ( .BOTH. , #4627 ) ;
#10749 = EDGE_CURVE ( 'NONE', #11361, #5439, #8727, .T. ) ;
#10750 = PLANE ( 'NONE',  #1240 ) ;
#10751 = LINE ( 'NONE', #8527, #1658 ) ;
#10752 =( NAMED_UNIT ( * ) PLANE_ANGLE_UNIT ( ) SI_UNIT ( $, .RADIAN. ) );
#10753 = SURFACE_SIDE_STYLE ('',( #1191 ) ) ;
#10754 = FACE_OUTER_BOUND ( 'NONE', #8659, .T. ) ;
#10755 = CARTESIAN_POINT ( 'NONE',  ( -12.45897040736665300, 11.92888516960204000, 27.70000000000000300 ) ) ;
#10756 =( LENGTH_UNIT ( ) NAMED_UNIT ( * ) SI_UNIT ( .MILLI., .METRE. ) );
#10757 = SURFACE_STYLE_USAGE ( .BOTH. , #4636 ) ;
#10758 = AXIS2_PLACEMENT_3D ( 'NONE', #4558, #10683, #5441 ) ;
#10759 = EDGE_CURVE ( 'NONE', #4956, #2855, #1684, .T. ) ;
#10760 = DIRECTION ( 'NONE',  ( -1.000000000000000000, 0.0000000000000000000, 0.0000000000000000000 ) ) ;
#10761 = PRESENTATION_STYLE_ASSIGNMENT (( #10695 ) ) ;
#10762 = VECTOR ( 'NONE', #3472, 1000.000000000000000 ) ;
#10763 = ORIENTED_EDGE ( 'NONE', *, *, #4335, .T. ) ;
#10764 = CIRCLE ( 'NONE', #3701, 0.5000000000000004400 ) ;
#10765 =( GEOMETRIC_REPRESENTATION_CONTEXT ( 3 ) GLOBAL_UNCERTAINTY_ASSIGNED_CONTEXT ( ( #9187 ) ) GLOBAL_UNIT_ASSIGNED_CONTEXT ( ( #10542, #5285, #11368 ) ) REPRESENTATION_CONTEXT ( 'NONE', 'WORKASPACE' ) );
#10766 = ADVANCED_FACE ( 'NONE', ( #6397 ), #11004, .T. ) ;
#10767 = FACE_OUTER_BOUND ( 'NONE', #9084, .T. ) ;
#10768 = DIRECTION ( 'NONE',  ( 3.032567676268349900E-016, 1.000000000000000000, -0.0000000000000000000 ) ) ;
#10769 = CARTESIAN_POINT ( 'NONE',  ( -13.59999999999999800, 13.59999999999999800, 27.69999999999999900 ) ) ;
#10770 = VECTOR ( 'NONE', #450, 1000.000000000000000 ) ;
#10771 = EDGE_LOOP ( 'NONE', ( #5361, #9212, #3595, #8478, #8862, #6013, #1540, #6571, #9003, #4952, #3298, #6230 ) ) ;
#10772 = CYLINDRICAL_SURFACE ( 'NONE', #5606, 2.798616204074337400 ) ;
#10773 = SURFACE_STYLE_FILL_AREA ( #3329 ) ;
#10774 = AXIS2_PLACEMENT_3D ( 'NONE', #3790, #191, #3832 ) ;
#10775 =( LENGTH_UNIT ( ) NAMED_UNIT ( * ) SI_UNIT ( .MILLI., .METRE. ) );
#10776 = AXIS2_PLACEMENT_3D ( 'NONE', #5782, #435, #6663 ) ;
#10777 = EDGE_LOOP ( 'NONE', ( #776, #3122, #7314, #9772 ) ) ;
#10778 = CARTESIAN_POINT ( 'NONE',  ( -10.20138379592493500, -13.00000000000071900, 27.99289321881345300 ) ) ;
#10779 = SURFACE_STYLE_USAGE ( .BOTH. , #4647 ) ;
#10780 = UNCERTAINTY_MEASURE_WITH_UNIT (LENGTH_MEASURE( 1.000000000000000100E-005 ), #1366, 'distance_accuracy_value', 'NONE');
#10781 =( LENGTH_UNIT ( ) NAMED_UNIT ( * ) SI_UNIT ( .MILLI., .METRE. ) );
#10782 = LINE ( 'NONE', #2834, #6121 ) ;
#10783 = STYLED_ITEM ( 'NONE', ( #4620 ), #8990 ) ;
#10784 = CIRCLE ( 'NONE', #10256, 11.00000000000000000 ) ;
#10785 = EDGE_LOOP ( 'NONE', ( #3369, #7279, #8593, #1021 ) ) ;
#10786 =( LENGTH_UNIT ( ) NAMED_UNIT ( * ) SI_UNIT ( .MILLI., .METRE. ) );
#10787 = AXIS2_PLACEMENT_3D ( 'NONE', #11125, #8537, #3312 ) ;
#10788 =( NAMED_UNIT ( * ) SI_UNIT ( $, .STERADIAN. ) SOLID_ANGLE_UNIT ( ) );
#10789 = ORIENTED_EDGE ( 'NONE', *, *, #5604, .F. ) ;
#10790 = B_SPLINE_CURVE_WITH_KNOTS ( 'NONE', 3,
 ( #2010, #1599, #8673, #3406 ),
 .UNSPECIFIED., .F., .F.,
 ( 4, 4 ),
 ( 0.0000000000000000000, 0.0005411919004466382600 ),
 .UNSPECIFIED. ) ;
#10791 = STYLED_ITEM ( 'NONE', ( #3932 ), #9045 ) ;
#10792 = CARTESIAN_POINT ( 'NONE',  ( -13.54102959263334700, 14.13542999331839100, 27.70000000000000300 ) ) ;
#10793 = SURFACE_STYLE_FILL_AREA ( #11409 ) ;
#10794 = SURFACE_SIDE_STYLE ('',( #829 ) ) ;
#10795 =( NAMED_UNIT ( * ) PLANE_ANGLE_UNIT ( ) SI_UNIT ( $, .RADIAN. ) );
#10796 = CARTESIAN_POINT ( 'NONE',  ( -9.994277014738868200, 12.99999999999927200, 28.19999999999999900 ) ) ;
#10797 =( GEOMETRIC_REPRESENTATION_CONTEXT ( 3 ) GLOBAL_UNCERTAINTY_ASSIGNED_CONTEXT ( ( #7245 ) ) GLOBAL_UNIT_ASSIGNED_CONTEXT ( ( #3989, #10109, #4857 ) ) REPRESENTATION_CONTEXT ( 'NONE', 'WORKASPACE' ) );
#10798 = CARTESIAN_POINT ( 'NONE',  ( 2.092470004868554100, -17.69999999999999900, 23.50748687669130300 ) ) ;
#10799 = SURFACE_STYLE_USAGE ( .BOTH. , #10834 ) ;
#10800 = CARTESIAN_POINT ( 'NONE',  ( -12.45897040736665300, 14.07111483039649800, 27.70000000000000300 ) ) ;
#10801 = ADVANCED_FACE ( 'NONE', ( #7619 ), #8475, .T. ) ;
#10802 = ORIENTED_EDGE ( 'NONE', *, *, #11175, .T. ) ;
#10803 = EDGE_CURVE ( 'NONE', #8893, #5735, #11133, .T. ) ;
#10804 = EDGE_CURVE ( 'NONE', #6598, #11142, #8410, .T. ) ;
#10805 = ADVANCED_FACE ( 'NONE', ( #2117 ), #1453, .T. ) ;
#10806 = AXIS2_PLACEMENT_3D ( 'NONE', #145, #497, #79 ) ;
#10807 = COLOUR_RGB ( '',1.000000000000000000, 1.000000000000000000, 1.000000000000000000 ) ;
#10808 = FACE_OUTER_BOUND ( 'NONE', #3814, .T. ) ;
#10809 = AXIS2_PLACEMENT_3D ( 'NONE', #8296, #3038, #9160 ) ;
#10810 = VECTOR ( 'NONE', #1436, 1000.000000000000000 ) ;
#10811 = CARTESIAN_POINT ( 'NONE',  ( -17.59999999999999800, 17.59999999999999800, 0.5000000000000004400 ) ) ;
#10812 = SURFACE_SIDE_STYLE ('',( #9127 ) ) ;
#10813 = CYLINDRICAL_SURFACE ( 'NONE', #9754, 0.4726131969088054300 ) ;
#10814 = UNCERTAINTY_MEASURE_WITH_UNIT (LENGTH_MEASURE( 1.000000000000000100E-005 ), #3785, 'distance_accuracy_value', 'NONE');
#10815 = CARTESIAN_POINT ( 'NONE',  ( -14.07111483039666300, -13.54102959263319900, 27.70000000000000300 ) ) ;
#10816 = DIRECTION ( 'NONE',  ( 0.0000000000000000000, 0.0000000000000000000, 1.000000000000000000 ) ) ;
#10817 = FILL_AREA_STYLE ('',( #8190 ) ) ;
#10818 = LINE ( 'NONE', #10455, #8224 ) ;
#10819 = SURFACE_STYLE_FILL_AREA ( #7478 ) ;
#10820 = EDGE_CURVE ( 'NONE', #8079, #1194, #3360, .T. ) ;
#10821 = EDGE_LOOP ( 'NONE', ( #4625, #7612, #6934, #6059, #941, #10148, #4460, #11088 ) ) ;
#10822 = CARTESIAN_POINT ( 'NONE',  ( -17.39289321881344500, -15.82182540694797400, 28.20000000000000300 ) ) ;
#10823 = CARTESIAN_POINT ( 'NONE',  ( -3.500000000000000000, 6.999999999999998200, 27.69999999999999600 ) ) ;
#10824 =( NAMED_UNIT ( * ) SI_UNIT ( $, .STERADIAN. ) SOLID_ANGLE_UNIT ( ) );
#10825 = CARTESIAN_POINT ( 'NONE',  ( -10.49999999999999800, 0.0000000000000000000, -2.000000000000000000 ) ) ;
#10826 = ORIENTED_EDGE ( 'NONE', *, *, #7866, .T. ) ;
#10827 = EDGE_CURVE ( 'NONE', #9509, #9224, #8033, .T. ) ;
#10828 = FILL_AREA_STYLE_COLOUR ( '', #4259 ) ;
#10829 = SURFACE_SIDE_STYLE ('',( #9138 ) ) ;
#10830 = ORIENTED_EDGE ( 'NONE', *, *, #6691, .T. ) ;
#10831 = DIRECTION ( 'NONE',  ( -0.0000000000000000000, -0.0000000000000000000, -1.000000000000000000 ) ) ;
#10832 = PLANE ( 'NONE',  #9333 ) ;
#10833 = PLANE ( 'NONE',  #9714 ) ;
#10834 = SURFACE_SIDE_STYLE ('',( #6342 ) ) ;
#10835 = EDGE_LOOP ( 'NONE', ( #6587, #680 ) ) ;
#10836 = EDGE_LOOP ( 'NONE', ( #7392, #920, #1262, #10462 ) ) ;
#10837 = ORIENTED_EDGE ( 'NONE', *, *, #8993, .T. ) ;
#10838 = SURFACE_STYLE_FILL_AREA ( #7181 ) ;
#10839 = ORIENTED_EDGE ( 'NONE', *, *, #9213, .T. ) ;
#10840 = AXIS2_PLACEMENT_3D ( 'NONE', #770, #6982, #1702 ) ;
#10841 = ORIENTED_EDGE ( 'NONE', *, *, #11203, .T. ) ;
#10842 =( LENGTH_UNIT ( ) NAMED_UNIT ( * ) SI_UNIT ( .MILLI., .METRE. ) );
#10843 = CARTESIAN_POINT ( 'NONE',  ( -17.09999999999999800, 0.0000000000000000000, 28.19999999999999900 ) ) ;
#10844 = SURFACE_STYLE_FILL_AREA ( #4482 ) ;
#10845 = AXIS2_PLACEMENT_3D ( 'NONE', #10677, #5433, #81 ) ;
#10846 = FILL_AREA_STYLE_COLOUR ( '', #9385 ) ;
#10847 = CARTESIAN_POINT ( 'NONE',  ( -14.78578643762671200, -16.57157287525561200, 27.70000000000001000 ) ) ;
#10848 = UNCERTAINTY_MEASURE_WITH_UNIT (LENGTH_MEASURE( 1.000000000000000100E-005 ), #9498, 'distance_accuracy_value', 'NONE');
#10849 = ADVANCED_FACE ( 'NONE', ( #7750 ), #5947, .T. ) ;
#10850 = ORIENTED_EDGE ( 'NONE', *, *, #686, .F. ) ;
#10851 = CARTESIAN_POINT ( 'NONE',  ( -14.78578643762769200, 12.99999999999927000, 27.70000000000001000 ) ) ;
#10852 = ADVANCED_FACE ( 'NONE', ( #104 ), #3384, .F. ) ;
#10853 = UNCERTAINTY_MEASURE_WITH_UNIT (LENGTH_MEASURE( 1.000000000000000100E-005 ), #897, 'distance_accuracy_value', 'NONE');
#10854 = FILL_AREA_STYLE_COLOUR ( '', #4286 ) ;
#10855 = ORIENTED_EDGE ( 'NONE', *, *, #10515, .T. ) ;
#10856 = AXIS2_PLACEMENT_3D ( 'NONE', #11080, #5843, #522 ) ;
#10857 = DIRECTION ( 'NONE',  ( -0.0000000000000000000, -1.000000000000000000, 0.0000000000000000000 ) ) ;
#10858 = SURFACE_STYLE_FILL_AREA ( #10950 ) ;
#10859 = DIRECTION ( 'NONE',  ( 0.0000000000000000000, 0.0000000000000000000, 1.000000000000000000 ) ) ;
#10860 = SURFACE_STYLE_FILL_AREA ( #10993 ) ;
#10861 = CARTESIAN_POINT ( 'NONE',  ( 10.49999999999999800, 1.285879139104720600E-015, -2.000000000000000000 ) ) ;
#10862 = EDGE_CURVE ( 'NONE', #10384, #7566, #8134, .T. ) ;
#10863 = EDGE_CURVE ( 'NONE', #9221, #9930, #3779, .T. ) ;
#10864 = ORIENTED_EDGE ( 'NONE', *, *, #4984, .F. ) ;
#10865 =( NAMED_UNIT ( * ) SI_UNIT ( $, .STERADIAN. ) SOLID_ANGLE_UNIT ( ) );
#10866 = ORIENTED_EDGE ( 'NONE', *, *, #1140, .F. ) ;
#10867 = FILL_AREA_STYLE ('',( #7513 ) ) ;
#10868 = FILL_AREA_STYLE_COLOUR ( '', #298 ) ;
#10869 = SURFACE_STYLE_USAGE ( .BOTH. , #4746 ) ;
#10870 = CARTESIAN_POINT ( 'NONE',  ( 16.29861620407432800, -12.99999999999999800, 27.69999999999999900 ) ) ;
#10871 = FILL_AREA_STYLE ('',( #10429 ) ) ;
#10872 = PRESENTATION_LAYER_ASSIGNMENT (  '', '', ( #9119 ) ) ;
#10873 = LINE ( 'NONE', #6821, #8548 ) ;
#10874 = SURFACE_STYLE_FILL_AREA ( #2580 ) ;
#10875 = PRESENTATION_LAYER_ASSIGNMENT (  '', '', ( #10267 ) ) ;
#10876 =( BOUNDED_CURVE ( )  B_SPLINE_CURVE ( 3, ( #8613, #2457, #5122, #11192 ),
 .UNSPECIFIED., .F., .F. ) 
 B_SPLINE_CURVE_WITH_KNOTS ( ( 4, 4 ),
 ( 0.0000000000000000000, 1.000000000000000000 ),
 .UNSPECIFIED. ) 
 CURVE ( )  GEOMETRIC_REPRESENTATION_ITEM ( )  RATIONAL_B_SPLINE_CURVE ( ( 1.000000000000000000, 0.3333333333333333700, 0.3333333333333333700, 1.000000000000000000 ) ) 
 REPRESENTATION_ITEM ( '' )  );
#10877 = CIRCLE ( 'NONE', #7295, 2.500000000000000000 ) ;
#10878 = ORIENTED_EDGE ( 'NONE', *, *, #10225, .F. ) ;
#10879 = ORIENTED_EDGE ( 'NONE', *, *, #1691, .T. ) ;
#10880 = LINE ( 'NONE', #3460, #1498 ) ;
#10881 = FILL_AREA_STYLE ('',( #8252 ) ) ;
#10882 = CIRCLE ( 'NONE', #8629, 3.500000000000000000 ) ;
#10883 = CARTESIAN_POINT ( 'NONE',  ( -17.59999999999999800, 13.59999999999999800, 20.19999999999999900 ) ) ;
#10885 =( GEOMETRIC_REPRESENTATION_CONTEXT ( 3 ) GLOBAL_UNCERTAINTY_ASSIGNED_CONTEXT ( ( #9372 ) ) GLOBAL_UNIT_ASSIGNED_CONTEXT ( ( #2462, #2435, #2382 ) ) REPRESENTATION_CONTEXT ( 'NONE', 'WORKASPACE' ) );
#10884 = COLOUR_RGB ( '',0.0000000000000000000, 0.0000000000000000000, 0.0000000000000000000 ) ;
#10886 = CARTESIAN_POINT ( 'NONE',  ( -14.26673093167333700, 12.41131721596994500, 27.68598713120344400 ) ) ;
#10887 = VECTOR ( 'NONE', #7541, 1000.000000000000000 ) ;
#10888 = EDGE_CURVE ( 'NONE', #8716, #9892, #8441, .T. ) ;
#10889 = DIRECTION ( 'NONE',  ( 1.000000000000000000, 0.0000000000000000000, 0.0000000000000000000 ) ) ;
#10890 = PRESENTATION_STYLE_ASSIGNMENT (( #7965 ) ) ;
#10891 = PRESENTATION_LAYER_ASSIGNMENT (  '', '', ( #8559 ) ) ;
#10892 = CARTESIAN_POINT ( 'NONE',  ( 11.80000000000090500, -12.99999999999999300, 27.70000000000000300 ) ) ;
#10893 = ORIENTED_EDGE ( 'NONE', *, *, #8249, .T. ) ;
#10894 = LINE ( 'NONE', #5369, #1816 ) ;
#10895 = DIRECTION ( 'NONE',  ( 0.8571673006944943200, 1.049727191129289300E-016, -0.5150380749227324600 ) ) ;
#10896 = DIRECTION ( 'NONE',  ( -0.0000000000000000000, -1.000000000000000000, -0.0000000000000000000 ) ) ;
#10897 = PRESENTATION_LAYER_ASSIGNMENT (  '', '', ( #10300 ) ) ;
#10898 = FILL_AREA_STYLE ('',( #1177 ) ) ;
#10899 = PRESENTATION_STYLE_ASSIGNMENT (( #8604 ) ) ;
#10900 = CARTESIAN_POINT ( 'NONE',  ( 0.1346328369074953900, 2.000000000000000000, -24.00000000001046300 ) ) ;
#10901 = EDGE_CURVE ( 'NONE', #10650, #2711, #1380, .T. ) ;
#10902 = CARTESIAN_POINT ( 'NONE',  ( 3.499999999999999100, 4.286263797015736100E-016, -1.792893218813452500 ) ) ;
#10903 = CARTESIAN_POINT ( 'NONE',  ( 9.994277014739656900, 6.988554029479320000, 28.19999999999999200 ) ) ;
#10904 = CARTESIAN_POINT ( 'NONE',  ( -12.20250684994798200, -13.92812991172854200, 27.70000000000000300 ) ) ;
#10905 = SURFACE_SIDE_STYLE ('',( #9654 ) ) ;
#10906 = DIRECTION ( 'NONE',  ( 1.000000000000000000, 0.0000000000000000000, 0.0000000000000000000 ) ) ;
#10907 = ADVANCED_FACE ( 'NONE', ( #1099 ), #6129, .F. ) ;
#10908 = ADVANCED_FACE ( 'NONE', ( #7350 ), #3919, .F. ) ;
#10909 = COLOUR_RGB ( '',1.000000000000000000, 1.000000000000000000, 1.000000000000000000 ) ;
#10910 = CIRCLE ( 'NONE', #8311, 2.798616204073794700 ) ;
#10911 = ORIENTED_EDGE ( 'NONE', *, *, #4734, .F. ) ;
#10912 =( GEOMETRIC_REPRESENTATION_CONTEXT ( 3 ) GLOBAL_UNCERTAINTY_ASSIGNED_CONTEXT ( ( #3358 ) ) GLOBAL_UNIT_ASSIGNED_CONTEXT ( ( #194, #6430, #1110 ) ) REPRESENTATION_CONTEXT ( 'NONE', 'WORKASPACE' ) );
#10913 = CIRCLE ( 'NONE', #6820, 2.799999999999999800 ) ;
#10914 = ORIENTED_EDGE ( 'NONE', *, *, #6350, .T. ) ;
#10915 = CARTESIAN_POINT ( 'NONE',  ( 17.60000000000000500, 11.45316318592670700, 20.19999999999999900 ) ) ;
#10916 = FACE_BOUND ( 'NONE', #6167, .T. ) ;
#10917 = MANIFOLD_SOLID_BREP ( 'Í¹Ì¨-À­Éì8', #38 ) ;
#10918 = PRESENTATION_STYLE_ASSIGNMENT (( #5299 ) ) ;
#10919 = CARTESIAN_POINT ( 'NONE',  ( -13.00000000000523000, 13.00000000000000200, 5.251075773742286400 ) ) ;
#10920 =( GEOMETRIC_REPRESENTATION_CONTEXT ( 3 ) GLOBAL_UNCERTAINTY_ASSIGNED_CONTEXT ( ( #6451 ) ) GLOBAL_UNIT_ASSIGNED_CONTEXT ( ( #7909, #2662, #8800 ) ) REPRESENTATION_CONTEXT ( 'NONE', 'WORKASPACE' ) );
#10921 = FILL_AREA_STYLE ('',( #3960 ) ) ;
#10922 = CARTESIAN_POINT ( 'NONE',  ( 1.102823950784878000, -35.60000000000000100, 23.70506691744403900 ) ) ;
#10923 = VERTEX_POINT ( 'NONE', #5310 ) ;
#10924 = DIRECTION ( 'NONE',  ( -0.0000000000000000000, -1.000000000000000000, -0.0000000000000000000 ) ) ;
#10925 = EDGE_CURVE ( 'NONE', #5338, #872, #10068, .T. ) ;
#10926 = CYLINDRICAL_SURFACE ( 'NONE', #8871, 1.249999999999999300 ) ;
#10927 = CARTESIAN_POINT ( 'NONE',  ( -13.75491842535533000, 12.03692231440890500, 27.70000000000000300 ) ) ;
#10928 = CARTESIAN_POINT ( 'NONE',  ( 16.29861620407378800, 12.99999999999999500, 28.19999999999999600 ) ) ;
#10929 =( GEOMETRIC_REPRESENTATION_CONTEXT ( 3 ) GLOBAL_UNCERTAINTY_ASSIGNED_CONTEXT ( ( #9817 ) ) GLOBAL_UNIT_ASSIGNED_CONTEXT ( ( #2086, #2063, #2021 ) ) REPRESENTATION_CONTEXT ( 'NONE', 'WORKASPACE' ) );
#10930 =( GEOMETRIC_REPRESENTATION_CONTEXT ( 3 ) GLOBAL_UNCERTAINTY_ASSIGNED_CONTEXT ( ( #2051 ) ) GLOBAL_UNIT_ASSIGNED_CONTEXT ( ( #1906, #258, #6479 ) ) REPRESENTATION_CONTEXT ( 'NONE', 'WORKASPACE' ) );
#10931 = SURFACE_SIDE_STYLE ('',( #2216 ) ) ;
#10932 = CARTESIAN_POINT ( 'NONE',  ( -1.033852198467615200, 2.000000000000000000, -23.76082040584060800 ) ) ;
#10933 = STYLED_ITEM ( 'NONE', ( #10584 ), #9189 ) ;
#10934 = SURFACE_STYLE_FILL_AREA ( #1818 ) ;
#10935 = CARTESIAN_POINT ( 'NONE',  ( 11.73714950768867000, 12.99999999999999800, 27.69802295345158800 ) ) ;
#10936 =( LENGTH_UNIT ( ) NAMED_UNIT ( * ) SI_UNIT ( .MILLI., .METRE. ) );
#10937 = CARTESIAN_POINT ( 'NONE',  ( 13.92812991172740700, -12.20250684994870100, 27.70000000000000300 ) ) ;
#10938 = DIRECTION ( 'NONE',  ( 0.7072524912148905300, -0.7069610411262640100, 0.0000000000000000000 ) ) ;
#10939 = MECHANICAL_DESIGN_GEOMETRIC_PRESENTATION_REPRESENTATION (  '', ( #8601 ), #51 ) ;
#10940 = LINE ( 'NONE', #6603, #4227 ) ;
#10941 = ORIENTED_EDGE ( 'NONE', *, *, #309, .T. ) ;
#10942 = UNCERTAINTY_MEASURE_WITH_UNIT (LENGTH_MEASURE( 1.000000000000000100E-005 ), #3346, 'distance_accuracy_value', 'NONE');
#10943 = EDGE_CURVE ( 'NONE', #2702, #7834, #7824, .T. ) ;
#10944 =( GEOMETRIC_REPRESENTATION_CONTEXT ( 3 ) GLOBAL_UNCERTAINTY_ASSIGNED_CONTEXT ( ( #9366 ) ) GLOBAL_UNIT_ASSIGNED_CONTEXT ( ( #1625, #7801, #2546 ) ) REPRESENTATION_CONTEXT ( 'NONE', 'WORKASPACE' ) );
#10945 = EDGE_CURVE ( 'NONE', #10707, #1898, #5404, .T. ) ;
#10946 = FILL_AREA_STYLE ('',( #4820 ) ) ;
#10947 = VECTOR ( 'NONE', #1964, 1000.000000000000000 ) ;
#10948 = CARTESIAN_POINT ( 'NONE',  ( -14.04568282944178200, 12.41131721596995200, 27.70000000000000300 ) ) ;
#10949 = CARTESIAN_POINT ( 'NONE',  ( -2.799999999999999800, 0.0000000000000000000, 1.000000000000000000 ) ) ;
#10950 = FILL_AREA_STYLE ('',( #5676 ) ) ;
#10951 = ORIENTED_EDGE ( 'NONE', *, *, #3933, .F. ) ;
#10952 = DIRECTION ( 'NONE',  ( -1.000000000000000000, -9.856383386231857600E-017, 0.0000000000000000000 ) ) ;
#10953 = STYLED_ITEM ( 'NONE', ( #4603 ), #1520 ) ;
#10954 = DIRECTION ( 'NONE',  ( 1.000000000000000000, 0.0000000000000000000, -0.0000000000000000000 ) ) ;
#10955 = MECHANICAL_DESIGN_GEOMETRIC_PRESENTATION_REPRESENTATION (  '', ( #9801 ), #71 ) ;
#10956 = ORIENTED_EDGE ( 'NONE', *, *, #8491, .T. ) ;
#10957 = CARTESIAN_POINT ( 'NONE',  ( 17.60000000000000500, 13.60000000000000100, 0.2071067811865479300 ) ) ;
#10958 = ADVANCED_FACE ( 'NONE', ( #3350 ), #8971, .F. ) ;
#10959 = ORIENTED_EDGE ( 'NONE', *, *, #4880, .T. ) ;
#10960 = EDGE_CURVE ( 'NONE', #8740, #3209, #11238, .T. ) ;
#10961 = ORIENTED_EDGE ( 'NONE', *, *, #9110, .F. ) ;
#10962 = CARTESIAN_POINT ( 'NONE',  ( -10.49999999999999300, -20.99999999999999600, -2.000000000000000000 ) ) ;
#10963 = STYLED_ITEM ( 'NONE', ( #8297 ), #4275 ) ;
#10964 = EDGE_CURVE ( 'NONE', #1337, #3236, #7624, .T. ) ;
#10965 = SURFACE_SIDE_STYLE ('',( #8326 ) ) ;
#10966 = ORIENTED_EDGE ( 'NONE', *, *, #4916, .T. ) ;
#10967 =( NAMED_UNIT ( * ) SI_UNIT ( $, .STERADIAN. ) SOLID_ANGLE_UNIT ( ) );
#10968 = CARTESIAN_POINT ( 'NONE',  ( -12.99999999999927200, -13.00000000000072300, 27.69999999999999900 ) ) ;
#10969 =( NAMED_UNIT ( * ) PLANE_ANGLE_UNIT ( ) SI_UNIT ( $, .RADIAN. ) );
#10970 = VERTEX_POINT ( 'NONE', #2803 ) ;
#10971 = FILL_AREA_STYLE ('',( #4846 ) ) ;
#10972 = DIRECTION ( 'NONE',  ( 2.573133442417734300E-015, 1.000000000000000000, -0.0000000000000000000 ) ) ;
#10973 = ORIENTED_EDGE ( 'NONE', *, *, #10449, .F. ) ;
#10974 = SURFACE_SIDE_STYLE ('',( #850 ) ) ;
#10975 = UNCERTAINTY_MEASURE_WITH_UNIT (LENGTH_MEASURE( 1.000000000000000100E-005 ), #614, 'distance_accuracy_value', 'NONE');
#10976 = SURFACE_STYLE_FILL_AREA ( #4978 ) ;
#10977 = CIRCLE ( 'NONE', #10719, 0.5000000000000004400 ) ;
#10978 = CARTESIAN_POINT ( 'NONE',  ( -14.25000000000000000, 13.00000000000000200, -5.844014525531170600E-017 ) ) ;
#10979 = STYLED_ITEM ( 'NONE', ( #3280 ), #5422 ) ;
#10980 = AXIS2_PLACEMENT_3D ( 'NONE', #5577, #219, #9975 ) ;
#10981 = UNCERTAINTY_MEASURE_WITH_UNIT (LENGTH_MEASURE( 1.000000000000000100E-005 ), #4595, 'distance_accuracy_value', 'NONE');
#10982 = FACE_OUTER_BOUND ( 'NONE', #4542, .T. ) ;
#10983 = VERTEX_POINT ( 'NONE', #1000 ) ;
#10984 = ORIENTED_EDGE ( 'NONE', *, *, #8023, .T. ) ;
#10985 = AXIS2_PLACEMENT_3D ( 'NONE', #7724, #1572, #11226 ) ;
#10986 = COLOUR_RGB ( '',0.2509803921568627400, 0.2509803921568627400, 0.2509803921568627400 ) ;
#10987 = UNCERTAINTY_MEASURE_WITH_UNIT (LENGTH_MEASURE( 1.000000000000000100E-005 ), #10579, 'distance_accuracy_value', 'NONE');
#10988 = CARTESIAN_POINT ( 'NONE',  ( -12.99999999999927200, -13.00000000000072300, 27.69999999999999900 ) ) ;
#10989 = VECTOR ( 'NONE', #4064, 1000.000000000000000 ) ;
#10990 = PRESENTATION_STYLE_ASSIGNMENT (( #6877 ) ) ;
#10991 = FACE_BOUND ( 'NONE', #1447, .T. ) ;
#10992 = VERTEX_POINT ( 'NONE', #5429 ) ;
#10993 = FILL_AREA_STYLE ('',( #3385 ) ) ;
#10994 = ORIENTED_EDGE ( 'NONE', *, *, #6927, .F. ) ;
#10995 = AXIS2_PLACEMENT_3D ( 'NONE', #9051, #3816, #9932 ) ;
#10996 = CARTESIAN_POINT ( 'NONE',  ( 2.155378366499341600E-015, -17.10000000000000100, 0.5000000000000004400 ) ) ;
#10997 = CARTESIAN_POINT ( 'NONE',  ( -11.00000000000000000, -2.694222958124176800E-015, -1.500000000000000000 ) ) ;
#10998 = EDGE_CURVE ( 'NONE', #10179, #11070, #4307, .T. ) ;
#10999 = SURFACE_SIDE_STYLE ('',( #7224 ) ) ;
#11000 = UNCERTAINTY_MEASURE_WITH_UNIT (LENGTH_MEASURE( 1.000000000000000100E-005 ), #3745, 'distance_accuracy_value', 'NONE');
#11001 = CYLINDRICAL_SURFACE ( 'NONE', #6552, 0.5000000000000000000 ) ;
#11002 =( NAMED_UNIT ( * ) SI_UNIT ( $, .STERADIAN. ) SOLID_ANGLE_UNIT ( ) );
#11003 = FACE_OUTER_BOUND ( 'NONE', #10785, .T. ) ;
#11004 = PLANE ( 'NONE',  #8551 ) ;
#11005 = CARTESIAN_POINT ( 'NONE',  ( 0.0000000000000000000, 0.0000000000000000000, 1.000000000000000900 ) ) ;
#11006 = ADVANCED_FACE ( 'NONE', ( #6627, #6902 ), #9850, .T. ) ;
#11007 = COLOUR_RGB ( '',1.000000000000000000, 1.000000000000000000, 1.000000000000000000 ) ;
#11008 = ORIENTED_EDGE ( 'NONE', *, *, #3432, .F. ) ;
#11009 = VECTOR ( 'NONE', #11402, 1000.000000000000000 ) ;
#11010 = CYLINDRICAL_SURFACE ( 'NONE', #6158, 2.500000000000000000 ) ;
#11011 =( GEOMETRIC_REPRESENTATION_CONTEXT ( 3 ) GLOBAL_UNCERTAINTY_ASSIGNED_CONTEXT ( ( #4112 ) ) GLOBAL_UNIT_ASSIGNED_CONTEXT ( ( #3426, #3754, #9419 ) ) REPRESENTATION_CONTEXT ( 'NONE', 'WORKASPACE' ) );
#11012 = CARTESIAN_POINT ( 'NONE',  ( -11.86457000668115200, -12.45897040736652500, 27.70000000000000300 ) ) ;
#11013 = AXIS2_PLACEMENT_3D ( 'NONE', #189, #6424, #1107 ) ;
#11014 = CARTESIAN_POINT ( 'NONE',  ( 13.00000000000072100, -12.99999999999999600, 26.70000000000000300 ) ) ;
#11015 = SURFACE_SIDE_STYLE ('',( #616 ) ) ;
#11016 = SURFACE_STYLE_FILL_AREA ( #9834 ) ;
#11017 = EDGE_CURVE ( 'NONE', #2552, #68, #10199, .T. ) ;
#11018 = SURFACE_STYLE_FILL_AREA ( #178 ) ;
#11019 = AXIS2_PLACEMENT_3D ( 'NONE', #27, #6274, #942 ) ;
#11020 = CARTESIAN_POINT ( 'NONE',  ( -12.41131721597007400, -11.73326906832685700, 27.68598713120334800 ) ) ;
#11021 = EDGE_CURVE ( 'NONE', #7799, #2799, #7501, .T. ) ;
#11022 = VECTOR ( 'NONE', #4045, 1000.000000000000000 ) ;
#11023 = ORIENTED_EDGE ( 'NONE', *, *, #4143, .T. ) ;
#11024 = SURFACE_STYLE_USAGE ( .BOTH. , #4914 ) ;
#11025 = CARTESIAN_POINT ( 'NONE',  ( 13.60000000000000500, 17.60000000000000100, 0.5000000000000004400 ) ) ;
#11026 = VECTOR ( 'NONE', #4065, 1000.000000000000000 ) ;
#11027 = ORIENTED_EDGE ( 'NONE', *, *, #4173, .T. ) ;
#11028 = DIRECTION ( 'NONE',  ( -1.000000000000000000, 0.0000000000000000000, 0.0000000000000000000 ) ) ;
#11029 = CARTESIAN_POINT ( 'NONE',  ( -11.45062910550453200, 17.59999999999999800, 20.19999999999999900 ) ) ;
#11030 = COLOUR_RGB ( '',1.000000000000000000, 1.000000000000000000, 1.000000000000000000 ) ;
#11031 = CARTESIAN_POINT ( 'NONE',  ( 11.50000000000000000, 0.0000000000000000000, 0.0000000000000000000 ) ) ;
#11032 = CARTESIAN_POINT ( 'NONE',  ( -12.41131721597008100, -12.45897040736652200, 26.70000000000000300 ) ) ;
#11033 = CARTESIAN_POINT ( 'NONE',  ( 11.79999999999999900, 13.00000000000015100, 27.70000000000000300 ) ) ;
#11034 =( LENGTH_UNIT ( ) NAMED_UNIT ( * ) SI_UNIT ( .MILLI., .METRE. ) );
#11035 = EDGE_LOOP ( 'NONE', ( #3422, #9044, #9277, #10211 ) ) ;
#11036 = UNCERTAINTY_MEASURE_WITH_UNIT (LENGTH_MEASURE( 1.000000000000000100E-005 ), #47, 'distance_accuracy_value', 'NONE');
#11037 = MECHANICAL_DESIGN_GEOMETRIC_PRESENTATION_REPRESENTATION (  '', ( #9893 ), #163 ) ;
#11038 = EDGE_LOOP ( 'NONE', ( #2472, #1512, #6884, #2451, #7709 ) ) ;
#11039 = DIRECTION ( 'NONE',  ( 0.0000000000000000000, 0.0000000000000000000, 1.000000000000000000 ) ) ;
#11040 =( BOUNDED_SURFACE ( )  B_SPLINE_SURFACE ( 3, 3, ( 
 ( #4694, #8222, #2984, #9101 ),
 ( #3863, #9977, #4733, #10851 ),
 ( #5612, #266, #6488, #1170 ),
 ( #7393, #2096, #8264, #3015 ) ),
 .UNSPECIFIED., .F., .F., .F. ) 
 B_SPLINE_SURFACE_WITH_KNOTS ( ( 4, 4 ),
 ( 4, 4 ),
 ( 0.0000000000000000000, 1.000000000000000000 ),
 ( 0.0000000000000000000, 1.000000000000000000 ),
 .UNSPECIFIED. ) 
 GEOMETRIC_REPRESENTATION_ITEM ( )  RATIONAL_B_SPLINE_SURFACE ( (
 ( 1.000000000000000000, 0.3333333333333329300, 0.3333333333333329300, 1.000000000000000000),
 ( 0.8047378541243646000, 0.2682459513747878500, 0.2682459513747878500, 0.8047378541243646000),
 ( 0.8047378541243646000, 0.2682459513747878500, 0.2682459513747878500, 0.8047378541243646000),
 ( 1.000000000000000000, 0.3333333333333329300, 0.3333333333333329300, 1.000000000000000000) ) ) 
 REPRESENTATION_ITEM ( '' )  SURFACE ( )  );
#11041 = PRESENTATION_STYLE_ASSIGNMENT (( #3386 ) ) ;
#11042 = PRESENTATION_STYLE_ASSIGNMENT (( #6449 ) ) ;
#11043 = CARTESIAN_POINT ( 'NONE',  ( 13.54102959263326300, -11.92888516960344500, 27.70000000000000300 ) ) ;
#11044 = DIRECTION ( 'NONE',  ( 0.0000000000000000000, -0.0000000000000000000, 1.000000000000000000 ) ) ;
#11045 = PLANE ( 'NONE',  #412 ) ;
#11046 = VECTOR ( 'NONE', #2806, 1000.000000000000000 ) ;
#11047 =( GEOMETRIC_REPRESENTATION_CONTEXT ( 3 ) GLOBAL_UNCERTAINTY_ASSIGNED_CONTEXT ( ( #7394 ) ) GLOBAL_UNIT_ASSIGNED_CONTEXT ( ( #7467, #2166, #8337 ) ) REPRESENTATION_CONTEXT ( 'NONE', 'WORKASPACE' ) );
#11048 = DIRECTION ( 'NONE',  ( 0.0000000000000000000, -0.0000000000000000000, -1.000000000000000000 ) ) ;
#11049 = CONICAL_SURFACE ( 'NONE', #766, 1.249999999947248200, 1.029744258675199500 ) ;
#11050 =( BOUNDED_CURVE ( )  B_SPLINE_CURVE ( 3, ( #9839, #8073, #10702, #5460 ),
 .UNSPECIFIED., .F., .T. ) 
 B_SPLINE_CURVE_WITH_KNOTS ( ( 4, 4 ),
 ( 0.0000000000000000000, 1.000000000000000000 ),
 .UNSPECIFIED. ) 
 CURVE ( )  GEOMETRIC_REPRESENTATION_ITEM ( )  RATIONAL_B_SPLINE_CURVE ( ( 1.000000000000000000, 0.8047378541243649400, 0.8047378541243649400, 1.000000000000000000 ) ) 
 REPRESENTATION_ITEM ( '' )  );
#11051 = LINE ( 'NONE', #2392, #10810 ) ;
#11052 = SURFACE_STYLE_USAGE ( .BOTH. , #4948 ) ;
#11053 = EDGE_CURVE ( 'NONE', #8292, #7867, #1089, .T. ) ;
#11054 = AXIS2_PLACEMENT_3D ( 'NONE', #3607, #7885, #8773 ) ;
#11055 = AXIS2_PLACEMENT_3D ( 'NONE', #5200, #11275, #6083 ) ;
#11056 = FILL_AREA_STYLE_COLOUR ( '', #6828 ) ;
#11057 =( GEOMETRIC_REPRESENTATION_CONTEXT ( 3 ) GLOBAL_UNCERTAINTY_ASSIGNED_CONTEXT ( ( #11152 ) ) GLOBAL_UNIT_ASSIGNED_CONTEXT ( ( #4440, #10572, #5316 ) ) REPRESENTATION_CONTEXT ( 'NONE', 'WORKASPACE' ) );
#11058 = DIRECTION ( 'NONE',  ( 0.0000000000000000000, 0.0000000000000000000, 1.000000000000000000 ) ) ;
#11059 = SURFACE_STYLE_FILL_AREA ( #1135 ) ;
#11060 = VERTEX_POINT ( 'NONE', #5511 ) ;
#11061 = CARTESIAN_POINT ( 'NONE',  ( 14.78578643762708100, 9.428427124745629900, 27.70000000000000600 ) ) ;
#11062 = DIRECTION ( 'NONE',  ( -0.0000000000000000000, 0.0000000000000000000, -1.000000000000000000 ) ) ;
#11063 = ORIENTED_EDGE ( 'NONE', *, *, #6283, .F. ) ;
#11064 = CARTESIAN_POINT ( 'NONE',  ( 3.707106781186548300, -7.414213562373092300, 28.19999999999999900 ) ) ;
#11065 = ORIENTED_EDGE ( 'NONE', *, *, #6050, .F. ) ;
#11066 = CARTESIAN_POINT ( 'NONE',  ( -1.535096822458202000, -3.693859026870244000, -1.999999999999999600 ) ) ;
#11067 = EDGE_CURVE ( 'NONE', #8780, #1412, #5555, .T. ) ;
#11068 = PRESENTATION_LAYER_ASSIGNMENT (  '', '', ( #215 ) ) ;
#11069 = PRESENTATION_LAYER_ASSIGNMENT (  '', '', ( #8768 ) ) ;
#11070 = VERTEX_POINT ( 'NONE', #10798 ) ;
#11071 = DIRECTION ( 'NONE',  ( 0.0000000000000000000, 0.0000000000000000000, 1.000000000000000000 ) ) ;
#11072 = ORIENTED_EDGE ( 'NONE', *, *, #10612, .T. ) ;
#11073 = CARTESIAN_POINT ( 'NONE',  ( 12.99999999999999600, 12.99999999999999600, 26.70000000000000300 ) ) ;
#11074 = ORIENTED_EDGE ( 'NONE', *, *, #2563, .F. ) ;
#11075 = SURFACE_SIDE_STYLE ('',( #10976 ) ) ;
#11076 = CIRCLE ( 'NONE', #6046, 3.500000000000000000 ) ;
#11077 = ORIENTED_EDGE ( 'NONE', *, *, #2892, .F. ) ;
#11078 = DIRECTION ( 'NONE',  ( 0.0000000000000000000, 1.000000000000000000, -0.0000000000000000000 ) ) ;
#11079 = VERTEX_POINT ( 'NONE', #5563 ) ;
#11080 = CARTESIAN_POINT ( 'NONE',  ( -13.58868278403019800, -14.37408074114591200, 26.70000000000000300 ) ) ;
#11081 = PRESENTATION_LAYER_ASSIGNMENT (  '', '', ( #9341 ) ) ;
#11082 = DIRECTION ( 'NONE',  ( -7.719400327253202000E-015, -1.000000000000000000, 0.0000000000000000000 ) ) ;
#11083 = EDGE_LOOP ( 'NONE', ( #5082, #3846, #4751, #3441, #1388 ) ) ;
#11084 = CARTESIAN_POINT ( 'NONE',  ( -13.58868278403019800, -14.37408074114591200, 26.70000000000000300 ) ) ;
#11085 = EDGE_CURVE ( 'NONE', #9224, #6041, #7438, .T. ) ;
#11086 = SURFACE_STYLE_FILL_AREA ( #1548 ) ;
#11087 = FACE_OUTER_BOUND ( 'NONE', #7146, .T. ) ;
#11088 = ORIENTED_EDGE ( 'NONE', *, *, #10491, .F. ) ;
#11089 = FILL_AREA_STYLE_COLOUR ( '', #2974 ) ;
#11090 = DIRECTION ( 'NONE',  ( -0.0000000000000000000, -0.0000000000000000000, -1.000000000000000000 ) ) ;
#11091 = DIRECTION ( 'NONE',  ( 1.000000000000000000, 0.0000000000000000000, 0.0000000000000000000 ) ) ;
#11092 = CARTESIAN_POINT ( 'NONE',  ( -3.007529995131446900, -17.69999999999999900, 0.0000000000000000000 ) ) ;
#11093 = CARTESIAN_POINT ( 'NONE',  ( -14.52295398712865700, 14.52894118582679200, 22.19999999999999600 ) ) ;
#11094 = SURFACE_STYLE_FILL_AREA ( #8895 ) ;
#11095 = DIRECTION ( 'NONE',  ( 0.0000000000000000000, 0.0000000000000000000, 1.000000000000000000 ) ) ;
#11096 = VERTEX_POINT ( 'NONE', #4671 ) ;
#11097 = AXIS2_PLACEMENT_3D ( 'NONE', #9723, #4468, #10604 ) ;
#11098 =( BOUNDED_CURVE ( )  B_SPLINE_CURVE ( 3, ( #10616, #12, #7131, #1852 ),
 .UNSPECIFIED., .F., .T. ) 
 B_SPLINE_CURVE_WITH_KNOTS ( ( 4, 4 ),
 ( 0.0000000000000000000, 1.000000000000000000 ),
 .UNSPECIFIED. ) 
 CURVE ( )  GEOMETRIC_REPRESENTATION_ITEM ( )  RATIONAL_B_SPLINE_CURVE ( ( 1.000000000000000000, 0.3333333333333333700, 0.3333333333333333700, 1.000000000000000000 ) ) 
 REPRESENTATION_ITEM ( '' )  );
#11099 = VERTEX_POINT ( 'NONE', #9957 ) ;
#11100 = EDGE_LOOP ( 'NONE', ( #5669, #6788 ) ) ;
#11101 = CARTESIAN_POINT ( 'NONE',  ( 1.958427514581615200, -3.488461874375440100, -2.000000000000000000 ) ) ;
#11102 = PRESENTATION_LAYER_ASSIGNMENT (  '', '', ( #9973 ) ) ;
#11103 = CARTESIAN_POINT ( 'NONE',  ( 14.78578643762744500, -12.99999999999999800, 27.70000000000001000 ) ) ;
#11104 = CARTESIAN_POINT ( 'NONE',  ( 13.00000000000072100, -13.58868278403014300, 27.69999999999999900 ) ) ;
#11105 = ORIENTED_EDGE ( 'NONE', *, *, #3993, .F. ) ;
#11106 = CARTESIAN_POINT ( 'NONE',  ( 0.0000000000000000000, 0.0000000000000000000, -0.5000000000000001100 ) ) ;
#11107 = CARTESIAN_POINT ( 'NONE',  ( 9.701383795926203000, 12.99999999999999600, 28.19999999999999900 ) ) ;
#11108 = CARTESIAN_POINT ( 'NONE',  ( -11.92888516960274400, -12.45897040736652500, 27.70000000000000300 ) ) ;
#11109 = EDGE_CURVE ( 'NONE', #7135, #7633, #3213, .T. ) ;
#11110 = MECHANICAL_DESIGN_GEOMETRIC_PRESENTATION_REPRESENTATION (  '', ( #9383 ), #273 ) ;
#11111 = CARTESIAN_POINT ( 'NONE',  ( -13.59999999999999600, 17.09999999999999800, 0.5000000000000004400 ) ) ;
#11112 = UNCERTAINTY_MEASURE_WITH_UNIT (LENGTH_MEASURE( 1.000000000000000100E-005 ), #4540, 'distance_accuracy_value', 'NONE');
#11113 = ORIENTED_EDGE ( 'NONE', *, *, #7116, .T. ) ;
#11114 = CARTESIAN_POINT ( 'NONE',  ( 15.94314575050762700, -17.60000000000000100, 0.2071067811865478800 ) ) ;
#11115 = CARTESIAN_POINT ( 'NONE',  ( 13.54102959263326000, -12.41131721597004400, 26.70000000000000300 ) ) ;
#11116 = CARTESIAN_POINT ( 'NONE',  ( -12.41131721597007600, -11.95431717055914500, 27.70000000000000300 ) ) ;
#11117 = EDGE_CURVE ( 'NONE', #6139, #7120, #7878, .T. ) ;
#11118 = FILL_AREA_STYLE_COLOUR ( '', #7328 ) ;
#11119 = PLANE ( 'NONE',  #8124 ) ;
#11120 = CARTESIAN_POINT ( 'NONE',  ( -9.994277014738868200, 12.99999999999927200, 28.19999999999999900 ) ) ;
#11121 =( NAMED_UNIT ( * ) PLANE_ANGLE_UNIT ( ) SI_UNIT ( $, .RADIAN. ) );
#11122 = LINE ( 'NONE', #3823, #4449 ) ;
#11123 = CARTESIAN_POINT ( 'NONE',  ( -12.41131721597008100, -12.45897040736652200, 26.70000000000000300 ) ) ;
#11124 = FACE_OUTER_BOUND ( 'NONE', #5709, .T. ) ;
#11125 = CARTESIAN_POINT ( 'NONE',  ( 1.102823950784874900, -35.60000000000000100, 24.79493308255596800 ) ) ;
#11126 = CARTESIAN_POINT ( 'NONE',  ( -3.500000000000000000, 6.999999999999998200, -1.792893218813452800 ) ) ;
#11127 = PRESENTATION_STYLE_ASSIGNMENT (( #3468 ) ) ;
#11128 = EDGE_CURVE ( 'NONE', #1856, #10129, #5259, .T. ) ;
#11129 = PRESENTATION_LAYER_ASSIGNMENT (  '', '', ( #10001 ) ) ;
#11130 = DIRECTION ( 'NONE',  ( -0.0000000000000000000, 1.000000000000000000, 0.0000000000000000000 ) ) ;
#11131 = CYLINDRICAL_SURFACE ( 'NONE', #5164, 1.249999999999999300 ) ;
#11132 = ORIENTED_EDGE ( 'NONE', *, *, #490, .F. ) ;
#11133 = LINE ( 'NONE', #11092, #4461 ) ;
#11134 = PRESENTATION_STYLE_ASSIGNMENT (( #7854 ) ) ;
#11135 = VERTEX_POINT ( 'NONE', #2080 ) ;
#11136 = CARTESIAN_POINT ( 'NONE',  ( 9.701383795927110800, -12.99999999999999500, 28.19999999999999600 ) ) ;
#11137 =( GEOMETRIC_REPRESENTATION_CONTEXT ( 3 ) GLOBAL_UNCERTAINTY_ASSIGNED_CONTEXT ( ( #3134 ) ) GLOBAL_UNIT_ASSIGNED_CONTEXT ( ( #9851, #9812, #9767 ) ) REPRESENTATION_CONTEXT ( 'NONE', 'WORKASPACE' ) );
#11138 = STYLED_ITEM ( 'NONE', ( #1352 ), #2539 ) ;
#11139 = DIRECTION ( 'NONE',  ( 1.000000000000000000, 0.0000000000000000000, 0.0000000000000000000 ) ) ;
#11140 = EDGE_CURVE ( 'NONE', #10601, #1324, #793, .T. ) ;
#11141 = DIRECTION ( 'NONE',  ( -0.0000000000000000000, -0.0000000000000000000, 1.000000000000000000 ) ) ;
#11142 = VERTEX_POINT ( 'NONE', #9992 ) ;
#11143 =( LENGTH_UNIT ( ) NAMED_UNIT ( * ) SI_UNIT ( .MILLI., .METRE. ) );
#11144 = DIRECTION ( 'NONE',  ( -1.000000000000000000, 6.247119924414881800E-015, 0.0000000000000000000 ) ) ;
#11145 = VECTOR ( 'NONE', #4385, 1000.000000000000000 ) ;
#11146 = ORIENTED_EDGE ( 'NONE', *, *, #4174, .F. ) ;
#11147 = ORIENTED_EDGE ( 'NONE', *, *, #10515, .F. ) ;
#11148 = CARTESIAN_POINT ( 'NONE',  ( 2.155378366499341600E-015, -17.60000000000000100, 22.19999999999999600 ) ) ;
#11149 = EDGE_CURVE ( 'NONE', #6664, #4368, #2955, .T. ) ;
#11150 = CARTESIAN_POINT ( 'NONE',  ( 10.80000000000090700, -12.99999999999999100, 26.70000000000000300 ) ) ;
#11151 = CIRCLE ( 'NONE', #1956, 4.000000000000000000 ) ;
#11152 = UNCERTAINTY_MEASURE_WITH_UNIT (LENGTH_MEASURE( 1.000000000000000100E-005 ), #4440, 'distance_accuracy_value', 'NONE');
#11153 = CARTESIAN_POINT ( 'NONE',  ( 3.385702456046445300, 2.131126230553846300, -2.000000000000000000 ) ) ;
#11154 = ORIENTED_EDGE ( 'NONE', *, *, #4139, .F. ) ;
#11155 = FILL_AREA_STYLE ('',( #10269 ) ) ;
#11156 = DIRECTION ( 'NONE',  ( 0.0000000000000000000, 1.000000000000000000, 0.0000000000000000000 ) ) ;
#11157 =( NAMED_UNIT ( * ) PLANE_ANGLE_UNIT ( ) SI_UNIT ( $, .RADIAN. ) );
#11158 =( BOUNDED_CURVE ( )  B_SPLINE_CURVE ( 3, ( #6119, #5225, #6998, #1710 ),
 .UNSPECIFIED., .F., .T. ) 
 B_SPLINE_CURVE_WITH_KNOTS ( ( 4, 4 ),
 ( 0.0000000000000000000, 1.000000000000000000 ),
 .UNSPECIFIED. ) 
 CURVE ( )  GEOMETRIC_REPRESENTATION_ITEM ( )  RATIONAL_B_SPLINE_CURVE ( ( 1.000000000000000000, 0.8047378541243649400, 0.8047378541243649400, 1.000000000000000000 ) ) 
 REPRESENTATION_ITEM ( '' )  );
#11159 = STYLED_ITEM ( 'NONE', ( #2174 ), #5243 ) ;
#11160 = CYLINDRICAL_SURFACE ( 'NONE', #9671, 2.799999999999999800 ) ;
#11161 = CARTESIAN_POINT ( 'NONE',  ( 13.54102959263326500, -11.73714950768871800, 26.70000000000000300 ) ) ;
#11162 = COLOUR_RGB ( '',1.000000000000000000, 1.000000000000000000, 1.000000000000000000 ) ;
#11163 = CARTESIAN_POINT ( 'NONE',  ( -12.41131721597008100, -12.45897040736652200, 26.70000000000000300 ) ) ;
#11164 = MECHANICAL_DESIGN_GEOMETRIC_PRESENTATION_REPRESENTATION (  '', ( #10041 ), #328 ) ;
#11165 = CARTESIAN_POINT ( 'NONE',  ( 9.701383795926203000, 6.402767591852413200, 28.19999999999999900 ) ) ;
#11166 = DIRECTION ( 'NONE',  ( -1.000000000000000000, -0.0000000000000000000, 0.0000000000000000000 ) ) ;
#11167 =( NAMED_UNIT ( * ) SI_UNIT ( $, .STERADIAN. ) SOLID_ANGLE_UNIT ( ) );
#11168 = UNCERTAINTY_MEASURE_WITH_UNIT (LENGTH_MEASURE( 1.000000000000000100E-005 ), #8873, 'distance_accuracy_value', 'NONE');
#11169 = PRESENTATION_STYLE_ASSIGNMENT (( #2167 ) ) ;
#11170 = CARTESIAN_POINT ( 'NONE',  ( -17.59999999999999800, 11.45316318592671600, 22.19999999999999600 ) ) ;
#11171 = ORIENTED_EDGE ( 'NONE', *, *, #153, .F. ) ;
#11172 = PRESENTATION_STYLE_ASSIGNMENT (( #2328 ) ) ;
#11173 = CARTESIAN_POINT ( 'NONE',  ( 15.79861620407378600, 18.59723240814758000, 27.99289321881345000 ) ) ;
#11174 = SURFACE_SIDE_STYLE ('',( #1723 ) ) ;
#11175 = EDGE_CURVE ( 'NONE', #10285, #5705, #7339, .T. ) ;
#11176 = CARTESIAN_POINT ( 'NONE',  ( 11.45062910550455000, -17.60000000000000100, 22.19999999999999600 ) ) ;
#11177 = ADVANCED_FACE ( 'NONE', ( #2668 ), #10833, .F. ) ;
#11178 = PRESENTATION_STYLE_ASSIGNMENT (( #9882 ) ) ;
#11179 = FILL_AREA_STYLE_COLOUR ( '', #360 ) ;
#11180 = DIRECTION ( 'NONE',  ( 0.7072524912148346900, 0.7069610411263199700, -0.0000000000000000000 ) ) ;
#11181 =( GEOMETRIC_REPRESENTATION_CONTEXT ( 3 ) GLOBAL_UNCERTAINTY_ASSIGNED_CONTEXT ( ( #8829 ) ) GLOBAL_UNIT_ASSIGNED_CONTEXT ( ( #3198, #3167, #3138 ) ) REPRESENTATION_CONTEXT ( 'NONE', 'WORKASPACE' ) );
#11182 = ORIENTED_EDGE ( 'NONE', *, *, #9533, .T. ) ;
#11183 = MECHANICAL_DESIGN_GEOMETRIC_PRESENTATION_REPRESENTATION (  '', ( #10066 ), #348 ) ;
#11184 = SURFACE_SIDE_STYLE ('',( #6480 ) ) ;
#11185 = CARTESIAN_POINT ( 'NONE',  ( -17.09999999999999800, 0.0000000000000000000, 27.69999999999999900 ) ) ;
#11186 = ORIENTED_EDGE ( 'NONE', *, *, #7455, .F. ) ;
#11187 = DIRECTION ( 'NONE',  ( -0.0000000000000000000, 0.0000000000000000000, -1.000000000000000000 ) ) ;
#11188 =( NAMED_UNIT ( * ) PLANE_ANGLE_UNIT ( ) SI_UNIT ( $, .RADIAN. ) );
#11189 = SURFACE_STYLE_FILL_AREA ( #1671 ) ;
#11190 = CARTESIAN_POINT ( 'NONE',  ( -15.19999999999981500, -13.00000000000100000, 27.28578643762690700 ) ) ;
#11191 = DIRECTION ( 'NONE',  ( 0.0000000000000000000, 0.0000000000000000000, 1.000000000000000000 ) ) ;
#11192 = CARTESIAN_POINT ( 'NONE',  ( 11.50000000000000000, 0.0000000000000000000, 0.0000000000000000000 ) ) ;
#11193 = AXIS2_PLACEMENT_3D ( 'NONE', #10630, #5378, #34 ) ;
#11194 = EDGE_LOOP ( 'NONE', ( #840, #11346, #6416, #318 ) ) ;
#11195 = FILL_AREA_STYLE_COLOUR ( '', #10279 ) ;
#11196 = ORIENTED_EDGE ( 'NONE', *, *, #9347, .T. ) ;
#11197 = FACE_OUTER_BOUND ( 'NONE', #4829, .T. ) ;
#11198 = EDGE_CURVE ( 'NONE', #4956, #9206, #7287, .T. ) ;
#11199 =( GEOMETRIC_REPRESENTATION_CONTEXT ( 3 ) GLOBAL_UNCERTAINTY_ASSIGNED_CONTEXT ( ( #6909 ) ) GLOBAL_UNIT_ASSIGNED_CONTEXT ( ( #5076, #11157, #5948 ) ) REPRESENTATION_CONTEXT ( 'NONE', 'WORKASPACE' ) );
#11200 = CARTESIAN_POINT ( 'NONE',  ( -12.41131721597010300, -14.37408074114592100, 27.69999999999999900 ) ) ;
#11201 =( NAMED_UNIT ( * ) SI_UNIT ( $, .STERADIAN. ) SOLID_ANGLE_UNIT ( ) );
#11202 = ORIENTED_EDGE ( 'NONE', *, *, #6437, .F. ) ;
#11203 = EDGE_CURVE ( 'NONE', #4351, #260, #8566, .T. ) ;
#11204 = MECHANICAL_DESIGN_GEOMETRIC_PRESENTATION_REPRESENTATION (  '', ( #9489 ), #370 ) ;
#11205 = VERTEX_POINT ( 'NONE', #7486 ) ;
#11206 = CIRCLE ( 'NONE', #7782, 0.5000000000000004400 ) ;
#11207 = CARTESIAN_POINT ( 'NONE',  ( 12.45897040736657100, -11.92888516960426100, 27.70000000000000300 ) ) ;
#11208 = CARTESIAN_POINT ( 'NONE',  ( 13.60000000000000500, 17.59999999999999800, 27.69999999999999900 ) ) ;
#11209 = PRESENTATION_STYLE_ASSIGNMENT (( #5272 ) ) ;
#11210 = EDGE_LOOP ( 'NONE', ( #1616, #1945, #9795, #9518 ) ) ;
#11211 = ORIENTED_EDGE ( 'NONE', *, *, #1730, .T. ) ;
#11212 = UNCERTAINTY_MEASURE_WITH_UNIT (LENGTH_MEASURE( 1.000000000000000100E-005 ), #6453, 'distance_accuracy_value', 'NONE');
#11213 = CARTESIAN_POINT ( 'NONE',  ( -12.61495149068105400, -17.69999999999999900, 12.61495149068083400 ) ) ;
#11214 = LINE ( 'NONE', #3447, #1935 ) ;
#11215 = SURFACE_STYLE_FILL_AREA ( #7038 ) ;
#11216 = AXIS2_PLACEMENT_3D ( 'NONE', #4711, #10831, #9116 ) ;
#11217 = CARTESIAN_POINT ( 'NONE',  ( -13.59999999999999800, -13.60000000000000100, 8.000000000000000000 ) ) ;
#11218 = B_SPLINE_CURVE_WITH_KNOTS ( 'NONE', 3,
 ( #797, #6136, #7895, #2644 ),
 .UNSPECIFIED., .F., .F.,
 ( 4, 4 ),
 ( 0.0005894062810965786300, 0.001178812562193358300 ),
 .UNSPECIFIED. ) ;
#11219 = SURFACE_STYLE_FILL_AREA ( #5343 ) ;
#11220 = FILL_AREA_STYLE_COLOUR ( '', #2822 ) ;
#11221 = DIRECTION ( 'NONE',  ( -1.000000000000000000, 1.029253376967093700E-014, -0.0000000000000000000 ) ) ;
#11222 =( NAMED_UNIT ( * ) PLANE_ANGLE_UNIT ( ) SI_UNIT ( $, .RADIAN. ) );
#11223 = ORIENTED_EDGE ( 'NONE', *, *, #6359, .T. ) ;
#11224 = ORIENTED_EDGE ( 'NONE', *, *, #9208, .T. ) ;
#11225 = CARTESIAN_POINT ( 'NONE',  ( -12.45897040736665300, 11.73714950768862400, 26.70000000000000300 ) ) ;
#11226 = DIRECTION ( 'NONE',  ( 0.0000000000000000000, 0.0000000000000000000, 1.000000000000000000 ) ) ;
#11227 = ADVANCED_FACE ( 'NONE', ( #6237 ), #646, .T. ) ;
#11228 = LINE ( 'NONE', #10811, #4571 ) ;
#11229 = CARTESIAN_POINT ( 'NONE',  ( 13.60000000000000500, -17.60000000000000100, 8.000000000000000000 ) ) ;
#11230 = ORIENTED_EDGE ( 'NONE', *, *, #6325, .F. ) ;
#11231 = PLANE ( 'NONE',  #5449 ) ;
#11232 = CONICAL_SURFACE ( 'NONE', #6687, 2.499999999940882800, 0.7853981633974482800 ) ;
#11233 = CARTESIAN_POINT ( 'NONE',  ( 1.102823950784878000, -35.60000000000000100, 23.70506691744403900 ) ) ;
#11234 = FILL_AREA_STYLE ('',( #3393 ) ) ;
#11235 = EDGE_CURVE ( 'NONE', #2442, #2255, #3082, .T. ) ;
#11236 = FACE_OUTER_BOUND ( 'NONE', #5071, .T. ) ;
#11237 = B_SPLINE_CURVE_WITH_KNOTS ( 'NONE', 3,
 ( #2629, #5335, #11423, #6242 ),
 .UNSPECIFIED., .F., .F.,
 ( 4, 4 ),
 ( 0.0005411919004466382600, 0.001082383800891582800 ),
 .UNSPECIFIED. ) ;
#11238 = LINE ( 'NONE', #8048, #4585 ) ;
#11239 = PRESENTATION_STYLE_ASSIGNMENT (( #4656 ) ) ;
#11240 = DIRECTION ( 'NONE',  ( 1.000000000000000000, 0.0000000000000000000, -0.0000000000000000000 ) ) ;
#11241 = VECTOR ( 'NONE', #4972, 1000.000000000000000 ) ;
#11242 = FILL_AREA_STYLE ('',( #10407 ) ) ;
#11243 = STYLED_ITEM ( 'NONE', ( #669 ), #249 ) ;
#11244 = SURFACE_SIDE_STYLE ('',( #290 ) ) ;
#11245 = STYLED_ITEM ( 'NONE', ( #3175 ), #3464 ) ;
#11246 = CARTESIAN_POINT ( 'NONE',  ( -17.09999999999999800, -15.65025253169417000, 4.336808689942017700E-016 ) ) ;
#11247 = AXIS2_PLACEMENT_3D ( 'NONE', #2471, #8627, #3367 ) ;
#11248 = VECTOR ( 'NONE', #1283, 1000.000000000000000 ) ;
#11249 = CARTESIAN_POINT ( 'NONE',  ( 2.927198050025352500, -17.69999999999999900, 22.28764494107380400 ) ) ;
#11250 = LINE ( 'NONE', #299, #2231 ) ;
#11251 =( LENGTH_UNIT ( ) NAMED_UNIT ( * ) SI_UNIT ( .MILLI., .METRE. ) );
#11252 = FILL_AREA_STYLE_COLOUR ( '', #6378 ) ;
#11253 = CARTESIAN_POINT ( 'NONE',  ( 14.37408074114596500, -12.41131721597004900, 27.65553645166690400 ) ) ;
#11254 = CARTESIAN_POINT ( 'NONE',  ( -3.764132573881600900, -1.353754862392060800, -2.000000000000000000 ) ) ;
#11255 = SURFACE_STYLE_FILL_AREA ( #3772 ) ;
#11256 = SURFACE_STYLE_USAGE ( .BOTH. , #5184 ) ;
#11257 = DIRECTION ( 'NONE',  ( 0.0000000000000000000, 0.0000000000000000000, 1.000000000000000000 ) ) ;
#11258 = FACE_OUTER_BOUND ( 'NONE', #4245, .T. ) ;
#11259 = SURFACE_SIDE_STYLE ('',( #7051 ) ) ;
#11260 = EDGE_LOOP ( 'NONE', ( #1697, #2491, #4942, #7729, #2074, #10763, #8432, #4611, #10984, #9763, #4655, #406 ) ) ;
#11261 = EDGE_CURVE ( 'NONE', #3001, #5631, #7136, .T. ) ;
#11262 = COLOUR_RGB ( '',1.000000000000000000, 1.000000000000000000, 1.000000000000000000 ) ;
#11263 = AXIS2_PLACEMENT_3D ( 'NONE', #6900, #1611, #7790 ) ;
#11264 = ORIENTED_EDGE ( 'NONE', *, *, #10759, .F. ) ;
#11265 = DIRECTION ( 'NONE',  ( 0.0000000000000000000, 1.000000000000000000, 0.0000000000000000000 ) ) ;
#11266 = CARTESIAN_POINT ( 'NONE',  ( 17.39289321881345500, -13.60000000000000100, 28.19999999999999900 ) ) ;
#11267 = CARTESIAN_POINT ( 'NONE',  ( -15.94314575050761600, 17.59999999999999400, 27.99289321881345000 ) ) ;
#11268 = ORIENTED_EDGE ( 'NONE', *, *, #8266, .T. ) ;
#11269 = CARTESIAN_POINT ( 'NONE',  ( 3.667437498977134800, -1.597212212748176000, -2.000000000000000000 ) ) ;
#11270 = DIRECTION ( 'NONE',  ( -1.000000000000000000, 0.0000000000000000000, 0.0000000000000000000 ) ) ;
#11271 = ORIENTED_EDGE ( 'NONE', *, *, #8372, .T. ) ;
#11272 = MECHANICAL_DESIGN_GEOMETRIC_PRESENTATION_REPRESENTATION (  '', ( #9565 ), #436 ) ;
#11273 = FILL_AREA_STYLE_COLOUR ( '', #8034 ) ;
#11274 = ORIENTED_EDGE ( 'NONE', *, *, #8172, .T. ) ;
#11275 = DIRECTION ( 'NONE',  ( 1.000000000000000000, -1.122218127915504000E-014, 0.0000000000000000000 ) ) ;
#11276 = ORIENTED_EDGE ( 'NONE', *, *, #5235, .F. ) ;
#11277 = EDGE_CURVE ( 'NONE', #8639, #2316, #5393, .T. ) ;
#11278 = CARTESIAN_POINT ( 'NONE',  ( 11.45062910550454800, 17.60000000000000100, 20.19999999999999900 ) ) ;
#11279 = CARTESIAN_POINT ( 'NONE',  ( 3.500000000000000000, 4.286263797015736600E-016, 0.0000000000000000000 ) ) ;
#11280 = CARTESIAN_POINT ( 'NONE',  ( -13.58868278403017600, -11.73326906832716600, 27.68598713120329400 ) ) ;
#11281 = VECTOR ( 'NONE', #4691, 1000.000000000000000 ) ;
#11282 = UNCERTAINTY_MEASURE_WITH_UNIT (LENGTH_MEASURE( 1.000000000000000100E-005 ), #7860, 'distance_accuracy_value', 'NONE');
#11283 = STYLED_ITEM ( 'NONE', ( #3287 ), #4446 ) ;
#11284 = DIRECTION ( 'NONE',  ( -1.000000000000000000, 0.0000000000000000000, 0.0000000000000000000 ) ) ;
#11285 = ADVANCED_FACE ( 'NONE', ( #2809 ), #11001, .T. ) ;
#11286 = EDGE_CURVE ( 'NONE', #1963, #5532, #8963, .T. ) ;
#11287 = CARTESIAN_POINT ( 'NONE',  ( 17.60000000000000500, 17.60000000000000100, 0.5000000000000004400 ) ) ;
#11288 =( LENGTH_UNIT ( ) NAMED_UNIT ( * ) SI_UNIT ( .MILLI., .METRE. ) );
#11289 = UNCERTAINTY_MEASURE_WITH_UNIT (LENGTH_MEASURE( 1.000000000000000100E-005 ), #10781, 'distance_accuracy_value', 'NONE');
#11290 = CYLINDRICAL_SURFACE ( 'NONE', #9678, 2.798616204074580300 ) ;
#11291 = PRESENTATION_LAYER_ASSIGNMENT (  '', '', ( #460 ) ) ;
#11292 = LINE ( 'NONE', #6711, #4358 ) ;
#11293 = DIRECTION ( 'NONE',  ( -1.000000000000000000, 0.0000000000000000000, 0.0000000000000000000 ) ) ;
#11294 =( NAMED_UNIT ( * ) PLANE_ANGLE_UNIT ( ) SI_UNIT ( $, .RADIAN. ) );
#11295 = VECTOR ( 'NONE', #3189, 1000.000000000000100 ) ;
#11296 = SURFACE_STYLE_USAGE ( .BOTH. , #5219 ) ;
#11297 = CARTESIAN_POINT ( 'NONE',  ( 14.37408074114596500, -12.41131721597004900, 26.70000000000000300 ) ) ;
#11298 = MECHANICAL_DESIGN_GEOMETRIC_PRESENTATION_REPRESENTATION (  '', ( #10187 ), #465 ) ;
#11299 = COLOUR_RGB ( '',1.000000000000000000, 1.000000000000000000, 1.000000000000000000 ) ;
#11300 = UNCERTAINTY_MEASURE_WITH_UNIT (LENGTH_MEASURE( 1.000000000000000100E-005 ), #11382, 'distance_accuracy_value', 'NONE');
#11301 = FILL_AREA_STYLE_COLOUR ( '', #1034 ) ;
#11302 = AXIS2_PLACEMENT_3D ( 'NONE', #10629, #5377, #32 ) ;
#11303 = CARTESIAN_POINT ( 'NONE',  ( -15.79861620407360700, -13.00000000000072300, 25.19999999999999900 ) ) ;
#11304 = CARTESIAN_POINT ( 'NONE',  ( -10.20138379592493500, -13.00000000000072300, 27.69999999999999900 ) ) ;
#11305 = CARTESIAN_POINT ( 'NONE',  ( 13.54102959263324700, -14.26285049231146700, 27.69999999999999900 ) ) ;
#11306 = ORIENTED_EDGE ( 'NONE', *, *, #5283, .T. ) ;
#11307 = DIRECTION ( 'NONE',  ( 0.0000000000000000000, 0.0000000000000000000, -1.000000000000000000 ) ) ;
#11308 = MECHANICAL_DESIGN_GEOMETRIC_PRESENTATION_REPRESENTATION (  '', ( #10195 ), #476 ) ;
#11309 = EDGE_LOOP ( 'NONE', ( #1219, #26, #3805, #5107 ) ) ;
#11310 = COLOUR_RGB ( '',1.000000000000000000, 1.000000000000000000, 1.000000000000000000 ) ;
#11311 = CARTESIAN_POINT ( 'NONE',  ( -12.45897040736665300, 12.41131721596995000, 27.69999999999999900 ) ) ;
#11312 = CARTESIAN_POINT ( 'NONE',  ( -11.75000000004064700, 13.00000000000000200, 4.500000000000001800 ) ) ;
#11313 = VECTOR ( 'NONE', #3590, 1000.000000000000000 ) ;
#11314 = SURFACE_SIDE_STYLE ('',( #3546 ) ) ;
#11315 = EDGE_LOOP ( 'NONE', ( #1137, #8511, #10914, #838 ) ) ;
#11316 = EDGE_CURVE ( 'NONE', #7763, #6918, #6620, .T. ) ;
#11317 = SURFACE_SIDE_STYLE ('',( #8565 ) ) ;
#11318 = EDGE_CURVE ( 'NONE', #5095, #5338, #1951, .T. ) ;
#11319 = ORIENTED_EDGE ( 'NONE', *, *, #6675, .T. ) ;
#11320 = ORIENTED_EDGE ( 'NONE', *, *, #4289, .F. ) ;
#11321 = ORIENTED_EDGE ( 'NONE', *, *, #3110, .T. ) ;
#11322 = DIRECTION ( 'NONE',  ( 0.0000000000000000000, 1.000000000000000000, 0.0000000000000000000 ) ) ;
#11323 = COLOUR_RGB ( '',1.000000000000000000, 1.000000000000000000, 1.000000000000000000 ) ;
#11324 = AXIS2_PLACEMENT_3D ( 'NONE', #733, #3157, #7141 ) ;
#11325 = LINE ( 'NONE', #8547, #9067 ) ;
#11326 = ORIENTED_EDGE ( 'NONE', *, *, #4576, .F. ) ;
#11327 = PRESENTATION_LAYER_ASSIGNMENT (  '', '', ( #10213 ) ) ;
#11328 = CARTESIAN_POINT ( 'NONE',  ( 12.99999999999999600, 12.99999999999999600, -5.844014525531170600E-017 ) ) ;
#11329 = DIRECTION ( 'NONE',  ( 0.0000000000000000000, 0.0000000000000000000, 1.000000000000000000 ) ) ;
#11330 = CARTESIAN_POINT ( 'NONE',  ( 12.45897040736655400, -14.26285049231145600, 27.68476953867917300 ) ) ;
#11331 =( NAMED_UNIT ( * ) SI_UNIT ( $, .STERADIAN. ) SOLID_ANGLE_UNIT ( ) );
#11332 = CARTESIAN_POINT ( 'NONE',  ( 1.501915566186356400, 3.707455472425364600, -2.000000000000000000 ) ) ;
#11333 = CARTESIAN_POINT ( 'NONE',  ( 15.19999999999999800, 17.39999999999999500, 27.28578643762690300 ) ) ;
#11334 = CARTESIAN_POINT ( 'NONE',  ( 17.60000000000000500, -11.45316318592670500, 20.19999999999999900 ) ) ;
#11335 = CARTESIAN_POINT ( 'NONE',  ( -11.73714950768875400, -12.45897040736652900, 26.70000000000000300 ) ) ;
#11336 = VERTEX_POINT ( 'NONE', #3210 ) ;
#11337 = VECTOR ( 'NONE', #9377, 1000.000000000000000 ) ;
#11338 = VECTOR ( 'NONE', #10453, 1000.000000000000000 ) ;
#11339 = PRESENTATION_STYLE_ASSIGNMENT (( #4545 ) ) ;
#11340 = DIRECTION ( 'NONE',  ( 0.0000000000000000000, 1.000000000000000000, 0.0000000000000000000 ) ) ;
#11341 = CARTESIAN_POINT ( 'NONE',  ( 13.60000000000000500, 17.60000000000000100, 20.19999999999999900 ) ) ;
#11342 = CIRCLE ( 'NONE', #904, 3.500000000000000000 ) ;
#11343 = STYLED_ITEM ( 'NONE', ( #619 ), #1139 ) ;
#11344 = ADVANCED_FACE ( 'NONE', ( #4027 ), #4962, .F. ) ;
#11345 = SURFACE_SIDE_STYLE ('',( #10740 ) ) ;
#11346 = ORIENTED_EDGE ( 'NONE', *, *, #4246, .T. ) ;
#11347 = SURFACE_STYLE_USAGE ( .BOTH. , #5265 ) ;
#11348 = COLOUR_RGB ( '',0.0000000000000000000, 0.5019607843137254800, 0.2509803921568627400 ) ;
#11349 = EDGE_CURVE ( 'NONE', #3990, #3063, #6978, .T. ) ;
#11350 =( NAMED_UNIT ( * ) SI_UNIT ( $, .STERADIAN. ) SOLID_ANGLE_UNIT ( ) );
#11351 = PLANE ( 'NONE',  #5036 ) ;
#11352 =( LENGTH_UNIT ( ) NAMED_UNIT ( * ) SI_UNIT ( .MILLI., .METRE. ) );
#11353 = SURFACE_STYLE_FILL_AREA ( #1019 ) ;
#11354 = DIRECTION ( 'NONE',  ( -1.000000000000000000, 0.0000000000000000000, -0.0000000000000000000 ) ) ;
#11355 = UNCERTAINTY_MEASURE_WITH_UNIT (LENGTH_MEASURE( 1.000000000000000100E-005 ), #8661, 'distance_accuracy_value', 'NONE');
#11356 = FILL_AREA_STYLE_COLOUR ( '', #1381 ) ;
#11357 = SURFACE_STYLE_FILL_AREA ( #7853 ) ;
#11358 = STYLED_ITEM ( 'NONE', ( #6506 ), #3918 ) ;
#11359 = EDGE_LOOP ( 'NONE', ( #1478, #5486, #9133 ) ) ;
#11360 = EDGE_CURVE ( 'NONE', #11205, #7741, #7591, .T. ) ;
#11361 = VERTEX_POINT ( 'NONE', #499 ) ;
#11362 = CARTESIAN_POINT ( 'NONE',  ( -13.54102959263334700, 13.58868278403004700, 26.70000000000000300 ) ) ;
#11363 = CARTESIAN_POINT ( 'NONE',  ( 17.60000000000000500, -13.60000000000000100, 8.000000000000000000 ) ) ;
#11364 = VECTOR ( 'NONE', #8213, 1000.000000000000000 ) ;
#11365 = ORIENTED_EDGE ( 'NONE', *, *, #4174, .T. ) ;
#11366 = CARTESIAN_POINT ( 'NONE',  ( 14.52295398712867100, -14.52894118582677900, 22.19999999999999600 ) ) ;
#11367 = FACE_OUTER_BOUND ( 'NONE', #1301, .T. ) ;
#11368 =( NAMED_UNIT ( * ) SI_UNIT ( $, .STERADIAN. ) SOLID_ANGLE_UNIT ( ) );
#11369 = VERTEX_POINT ( 'NONE', #4157 ) ;
#11370 = STYLED_ITEM ( 'NONE', ( #5768 ), #5081 ) ;
#11371 = CARTESIAN_POINT ( 'NONE',  ( -13.54102959263334700, 12.99999999999927200, 27.69999999999999900 ) ) ;
#11372 = FILL_AREA_STYLE_COLOUR ( '', #5049 ) ;
#11373 = UNCERTAINTY_MEASURE_WITH_UNIT (LENGTH_MEASURE( 1.000000000000000100E-005 ), #7839, 'distance_accuracy_value', 'NONE');
#11374 = CARTESIAN_POINT ( 'NONE',  ( -14.24999999995935500, -13.00000000000000200, 4.500000000000001800 ) ) ;
#11375 = CARTESIAN_POINT ( 'NONE',  ( 11.95431717056041200, -12.41131721597003200, 27.70000000000000300 ) ) ;
#11376 = SURFACE_STYLE_FILL_AREA ( #3265 ) ;
#11377 = DIRECTION ( 'NONE',  ( 0.0000000000000000000, 0.0000000000000000000, -1.000000000000000000 ) ) ;
#11378 = FACE_OUTER_BOUND ( 'NONE', #9999, .T. ) ;
#11379 = CARTESIAN_POINT ( 'NONE',  ( 2.992470004868553100, -17.69999999999999900, 26.18764494107381000 ) ) ;
#11380 = AXIS2_PLACEMENT_3D ( 'NONE', #2844, #8958, #3715 ) ;
#11381 = DIRECTION ( 'NONE',  ( 0.7071067811865533500, 0.0000000000000000000, -0.7071067811865418000 ) ) ;
#11382 =( LENGTH_UNIT ( ) NAMED_UNIT ( * ) SI_UNIT ( .MILLI., .METRE. ) );
#11383 = SURFACE_SIDE_STYLE ('',( #782 ) ) ;
#11384 = DIRECTION ( 'NONE',  ( -0.0000000000000000000, -0.0000000000000000000, -1.000000000000000000 ) ) ;
#11385 = UNCERTAINTY_MEASURE_WITH_UNIT (LENGTH_MEASURE( 1.000000000000000100E-005 ), #9512, 'distance_accuracy_value', 'NONE');
#11386 = DIRECTION ( 'NONE',  ( -1.000000000000000000, 0.0000000000000000000, 0.0000000000000000000 ) ) ;
#11387 = ORIENTED_EDGE ( 'NONE', *, *, #3761, .F. ) ;
#11388 = DIRECTION ( 'NONE',  ( 0.0000000000000000000, 0.0000000000000000000, 1.000000000000000000 ) ) ;
#11389 = CARTESIAN_POINT ( 'NONE',  ( 14.37408074114595600, -13.58868278403014400, 26.70000000000000300 ) ) ;
#11390 = AXIS2_PLACEMENT_3D ( 'NONE', #8562, #3290, #9413 ) ;
#11391 = SURFACE_STYLE_FILL_AREA ( #5069 ) ;
#11392 =( NAMED_UNIT ( * ) SI_UNIT ( $, .STERADIAN. ) SOLID_ANGLE_UNIT ( ) );
#11393 = EDGE_CURVE ( 'NONE', #4763, #7204, #9927, .T. ) ;
#11394 = EDGE_CURVE ( 'NONE', #10641, #10592, #5246, .T. ) ;
#11395 = VECTOR ( 'NONE', #1088, 1000.000000000000000 ) ;
#11396 = ORIENTED_EDGE ( 'NONE', *, *, #11117, .T. ) ;
#11397 = MECHANICAL_DESIGN_GEOMETRIC_PRESENTATION_REPRESENTATION (  '', ( #9119 ), #568 ) ;
#11398 = CARTESIAN_POINT ( 'NONE',  ( 1.102823950784874900, -35.60000000000000100, 25.26754627946477800 ) ) ;
#11399 = FACE_OUTER_BOUND ( 'NONE', #6883, .T. ) ;
#11400 = ORIENTED_EDGE ( 'NONE', *, *, #9071, .F. ) ;
#11401 = STYLED_ITEM ( 'NONE', ( #9528 ), #3740 ) ;
#11402 = DIRECTION ( 'NONE',  ( 0.0000000000000000000, 1.000000000000000000, 0.0000000000000000000 ) ) ;
#11403 = SURFACE_SIDE_STYLE ('',( #9791 ) ) ;
#11404 = ADVANCED_FACE ( 'NONE', ( #9641 ), #6841, .T. ) ;
#11405 = MECHANICAL_DESIGN_GEOMETRIC_PRESENTATION_REPRESENTATION (  '', ( #10267 ), #570 ) ;
#11406 = PRESENTATION_STYLE_ASSIGNMENT (( #5592 ) ) ;
#11407 = FILL_AREA_STYLE_COLOUR ( '', #6016 ) ;
#11408 = CARTESIAN_POINT ( 'NONE',  ( 13.60000000000000300, 17.09999999999999800, 28.19999999999999900 ) ) ;
#11409 = FILL_AREA_STYLE ('',( #5323 ) ) ;
#11410 = ORIENTED_EDGE ( 'NONE', *, *, #7387, .T. ) ;
#11411 = ORIENTED_EDGE ( 'NONE', *, *, #518, .T. ) ;
#11412 = CARTESIAN_POINT ( 'NONE',  ( 13.54102959263326000, -12.41131721597004400, 27.69999999999999900 ) ) ;
#11413 = VERTEX_POINT ( 'NONE', #4267 ) ;
#11414 = CARTESIAN_POINT ( 'NONE',  ( 12.99999999999999600, 12.99999999999999600, 25.19999999999999900 ) ) ;
#11415 = CARTESIAN_POINT ( 'NONE',  ( 0.5083007922568157900, 3.999932604497979900, -1.999999999999999600 ) ) ;
#11416 = PLANE ( 'NONE',  #1064 ) ;
#11417 = DIRECTION ( 'NONE',  ( 1.000000000000000000, 0.0000000000000000000, -0.0000000000000000000 ) ) ;
#11418 = FILL_AREA_STYLE_COLOUR ( '', #2493 ) ;
#11419 = EDGE_CURVE ( 'NONE', #1898, #1980, #5907, .T. ) ;
#11420 = STYLED_ITEM ( 'NONE', ( #3906 ), #11227 ) ;
#11421 = PRESENTATION_STYLE_ASSIGNMENT (( #6586 ) ) ;
#11422 = CARTESIAN_POINT ( 'NONE',  ( -10.79999999999921400, 12.99999999999927200, 26.70000000000000300 ) ) ;
#11423 = CARTESIAN_POINT ( 'NONE',  ( -11.73714950768876400, -13.36088499248692700, 27.69729446702162400 ) ) ;
#11424 = FILL_AREA_STYLE_COLOUR ( '', #2092 ) ;
#11425 = CARTESIAN_POINT ( 'NONE',  ( 14.37408074114595800, -12.99999999999999600, 27.68473138244003500 ) ) ;
ENDSEC;
END-ISO-10303-21;
