v 0.024742 0.620097 0.737769
v 0.024742 0.622526 0.720491
v -0.034249 0.622526 0.720491
newmtl 1
Ka 0.2235294117647059 0.2235294117647059 0.2235294117647059
Kd 0.2235294117647059 0.2235294117647059 0.2235294117647059
Ks 0.11372549019607843 0.11372549019607843 0.11372549019607843
d 0.0
endmtl
v -0.037897 0.622526 0.720491
v -0.037897 0.624978 0.703043
v -0.078432 0.624978 0.703043
v -0.200852 0.625092 0.702229
v -0.20085 0.625142 0.70187
v -0.207595 0.625142 0.70187
v -0.073471 0.620006 0.738415
v -0.066092 0.620097 0.737769
v -0.078432 0.620097 0.737769
v -0.058186 0.611487 0.799032
v -0.059294 0.61147 0.799158
v -0.037897 0.61147 0.799158
v 0.225226 0.625142 0.70187
v 0.172045 0.625142 0.70187
v 0.169739 0.624978 0.703043
v 0.077039 0.617971 0.752898
v 0.06535 0.619368 0.742955
v 0.024742 0.61147 0.799158
v 0.122607 0.61147 0.799158
v 0.115234 0.61217 0.794174
v 0.11309 0.612456 0.792138
v 0.099525 0.614816 0.775351
v 0.092053 0.616963 0.760073
v 0.0899 0.617066 0.759339
v 0.134491 0.610341 0.807191
v 0.024742 0.610155 0.808512
v 0.138192 0.610155 0.808512
v 0.174069 0.608973 0.816925
v 0.156205 0.609252 0.81494
v 0.024742 0.596319 0.906959
v 0.195639 0.609322 0.814436
v 0.746806 0.596319 0.906959
v 0.211435 0.610155 0.808512
v 0.760642 0.610155 0.808512
v 0.21569 0.610379 0.806917
v 0.761956 0.61147 0.799158
v 0.227894 0.61147 0.799158
v 0.226243 0.611276 0.800538
v 0.305469 0.616631 0.762432
v 0.301681 0.616147 0.765879
v 0.28767 0.614841 0.77517
v 0.271488 0.614025 0.780975
v 0.255436 0.613783 0.7827
v 0.236499 0.612481 0.791964
v 0.250449 0.613825 0.782397
v 0.245465 0.613913 0.781771
v 0.770584 0.620097 0.737769
v 0.773012 0.622526 0.720491
v 0.325621 0.622526 0.720491
v 0.322722 0.620515 0.734795
v 0.321314 0.620097 0.737769
v 0.315482 0.618367 0.750084
v 0.775629 0.625142 0.70187
v 0.325049 0.624978 0.703043
v 0.775464 0.624978 0.703043
v 0.326208 0.623493 0.713605
v 0.325983 0.622777 0.718703
v 0.136332 0.629759 0.669019
v 0.133346 0.629599 0.670158
v 0.128094 0.626164 0.6946
v 0.295947 0.63161 0.655852
v 0.308324 0.630092 0.666654
v 0.800487 0.65 0.525
v 0.139016 0.630019 0.66717
v 0.130001 0.629543 0.670557
v 0.129579 0.629548 0.670524
v 0.12828 0.629589 0.670229
v 0.254662 0.636335 0.622229
v 0.2631 0.635436 0.628625
v 0.269492 0.634322 0.636556
v 0.318632 0.627978 0.681698
v 0.324472 0.625716 0.69779
v 0.32492 0.625142 0.70187
v 0.024742 0.625142 0.70187
v 0.051617 0.627069 0.688161
v 0.024742 0.65 0.525
v 0.057168 0.628975 0.674603
v 0.065853 0.630633 0.662803
v 0.191946 0.633285 0.643932
v 0.197137 0.634627 0.634387
v 0.203886 0.635666 0.626995
v 0.21257 0.636493 0.621104
v 0.222272 0.637001 0.617495
v 0.08537 0.628131 0.680607
v 0.080551 0.627194 0.687275
v 0.077508 0.626121 0.69491
v 0.132319 0.625142 0.70187
v 0.077737 0.632013 0.652986
v 0.091019 0.632901 0.646668
v 0.105466 0.633311 0.64375
v 0.143544 0.631402 0.657335
v 0.143431 0.631172 0.658965
v 0.189052 0.630572 0.663239
v 0.142552 0.630713 0.662232
v 0.140877 0.630302 0.665161
v 0.232768 0.63717 0.616292
v 0.234456 0.637164 0.616335
v 0.244686 0.636931 0.617992
v 0.273769 0.633024 0.645791
v 0.280483 0.632728 0.647897
v 0.13106 0.633286 0.64393
v 0.133501 0.633228 0.644337
v 0.136362 0.633068 0.645476
v 0.139161 0.632787 0.647476
v 0.140162 0.632643 0.6485
v 0.142034 0.632262 0.651211
v 0.143155 0.631852 0.654132
v 0.189344 0.631797 0.654521
v 0.189082 0.631176 0.658943
v 0.127402 0.629606 0.670109
v 0.107881 0.629626 0.669972
v 0.100115 0.629427 0.671385
v 0.092432 0.628942 0.674836
v 0.085976 0.62822 0.679972
v 0.076592 0.625142 0.70187
v 0.076437 0.624978 0.703043
v 0.133 0.624978 0.703043
v 0.076409 0.624947 0.703258
v 0.297074 0.624978 0.703043
v 0.298409 0.624324 0.707694
v 0.141378 0.622951 0.717461
v 0.298873 0.6234 0.714272
v 0.298055 0.622526 0.720491
v 0.07659 0.624424 0.706986
v 0.078559 0.623262 0.715253
v 0.081354 0.622526 0.720491
v 0.21641 0.625457 0.699634
v 0.207243 0.626153 0.694682
v 0.199721 0.62712 0.6878
v 0.252109 0.625702 0.697888
v 0.2425 0.625202 0.701447
v 0.296738 0.625142 0.70187
v 0.238806 0.625142 0.70187
v 0.23215 0.625035 0.702634
v 0.226862 0.625084 0.702285
v 0.295384 0.625805 0.697154
v 0.268258 0.627684 0.683786
v 0.261024 0.62655 0.691852
v 0.290252 0.627042 0.688356
v 0.282529 0.628161 0.680392
v 0.273129 0.628979 0.674569
v 0.113474 0.620202 0.737026
v 0.293727 0.620598 0.734203
v 0.297509 0.621941 0.724647
v 0.110004 0.620205 0.737002
v 0.082532 0.622215 0.722698
v 0.087525 0.621428 0.728303
v 0.094221 0.620767 0.733001
v 0.101772 0.620354 0.735939
v 0.132304 0.614934 0.774506
v 0.133443 0.614788 0.775548
v 0.232242 0.618334 0.750318
v 0.122612 0.616572 0.762854
v 0.291185 0.620097 0.737769
v 0.235383 0.618091 0.752045
v 0.113633 0.620097 0.737769
v 0.116029 0.618524 0.748961
v 0.245087 0.617589 0.75562
v 0.255187 0.617405 0.756923
v 0.259656 0.617433 0.756727
v 0.145572 0.613599 0.784006
v 0.15914 0.612861 0.789259
v 0.22558 0.616444 0.763767
v 0.215791 0.614833 0.775225
v 0.203915 0.613643 0.78369
v 0.17382 0.612595 0.791148
v 0.189685 0.612862 0.789254
v 0.270385 0.617774 0.754301
v 0.280096 0.618477 0.749296
v 0.287656 0.619402 0.742718
v 0.024742 0.624978 0.703043
v 0.049574 0.624978 0.703043
v 0.049735 0.625142 0.70187
v 0.051388 0.622944 0.71751
v 0.049511 0.624914 0.703499
v 0.061653 0.620097 0.737769
v 0.05659 0.621095 0.730668
v 0.052567 0.622526 0.720491
v -0.26004 0.627304 0.686491
v -0.262262 0.628115 0.680719
v -0.264815 0.625142 0.70187
v -0.258443 0.631699 0.65522
v -0.253865 0.632446 0.6499
v -0.264815 0.65 0.525
v -0.247495 0.633074 0.645438
v -0.240529 0.633446 0.64279
v -0.230114 0.633613 0.641603
v -0.207595 0.65 0.525
v -0.263228 0.629291 0.672353
v -0.263018 0.629831 0.668513
v -0.261491 0.630823 0.661449
v -0.247823 0.625656 0.698217
v -0.25418 0.626269 0.693854
v -0.256295 0.626561 0.691778
v -0.213764 0.625142 0.70187
v -0.213766 0.625105 0.702138
v -0.207595 0.624978 0.703043
v -0.231171 0.625122 0.702016
v -0.264815 0.624978 0.703043
v -0.232422 0.625142 0.70187
v -0.240478 0.625274 0.700932
v -0.031836 0.625902 0.696466
v -0.008286 0.625879 0.696631
v -0.008147 0.628596 0.677295
v -0.008098 0.629569 0.670376
v -0.007952 0.632425 0.650052
v -0.029917 0.62959 0.670223
v -0.03289 0.63245 0.649876
v -0.029966 0.628618 0.677142
v -0.034249 0.625142 0.70187
v -0.031874 0.625142 0.70187
v -0.034249 0.624978 0.703043
v -0.031883 0.624978 0.703043
v -0.031885 0.624925 0.703416
v -4.6E-4 0.624894 0.703636
v -4.55E-4 0.624978 0.703043
v -0.034249 0.65 0.525
v -0.032841 0.633418 0.642988
v -2.7E-5 0.633385 0.643219
v -4.47E-4 0.625142 0.70187
v -0.207595 0.61147 0.799158
v -0.214343 0.611634 0.797986
v -0.222765 0.611643 0.797927
v -0.190672 0.620103 0.737731
v -0.190687 0.620097 0.737769
v -0.189096 0.620097 0.737769
v -0.207595 0.614048 0.780808
v -0.189096 0.622526 0.720491
v -0.199375 0.620111 0.73767
v -0.207595 0.622526 0.720491
v -0.199411 0.620097 0.737769
v -0.207595 0.620097 0.737769
v -0.207595 0.617797 0.754139
v -0.205357 0.617794 0.754154
v -0.230763 0.61782 0.753976
v -0.236734 0.620097 0.737769
v -0.236868 0.620148 0.737407
v -0.24557 0.620157 0.737346
v -0.264815 0.622526 0.720491
v -0.245411 0.620097 0.737769
v -0.264815 0.620097 0.737769
v -0.264815 0.61147 0.799158
v -0.125134 0.611546 0.798612
v -0.131877 0.61147 0.799158
v -0.117144 0.61147 0.799158
v -0.117144 0.615233 0.772381
v -0.123215 0.615239 0.772338
v -0.125084 0.612523 0.791662
v -0.123165 0.616211 0.765419
v -0.131877 0.620097 0.737769
v -0.117144 0.612515 0.791718
v -0.101534 0.6125 0.791828
v -0.101396 0.615217 0.772492
v -0.093275 0.620006 0.738415
v -0.089405 0.620097 0.737769
v -0.117144 0.620097 0.737769
v -0.089405 0.61147 0.799158
v -0.093708 0.611515 0.798833
v -0.117144 0.611538 0.798668
v -0.101346 0.61619 0.765573
v -0.101201 0.619046 0.745248
v -0.117144 0.616205 0.765462
v -0.117144 0.619062 0.745136
v -0.126139 0.619071 0.745073
v -0.126089 0.620039 0.738185
v -0.117144 0.62003 0.738248
v -0.078432 0.61147 0.799158
v -0.078432 0.611581 0.798366
v -0.081486 0.611707 0.797467
v -0.081428 0.612853 0.789313
v -0.068214 0.619133 0.744628
v -0.075122 0.618961 0.745853
v -0.078432 0.612676 0.790573
v -0.078432 0.618758 0.747298
v -0.080751 0.612802 0.78968
v -0.081135 0.618592 0.748478
v -0.074579 0.612468 0.792056
v -0.04398 0.616263 0.76505
v -0.045071 0.617082 0.759225
v -0.047152 0.61775 0.754473
v -0.050401 0.613261 0.786411
v -0.047028 0.613905 0.781828
v -0.054576 0.612788 0.789776
v -0.059389 0.612484 0.791943
v -0.067074 0.612336 0.792997
v -0.064704 0.612346 0.792919
v -0.043861 0.615807 0.768293
v -0.044939 0.614635 0.776636
v -0.049726 0.618236 0.751015
v -0.050925 0.618403 0.749825
v -0.054893 0.618799 0.747008
v -0.059231 0.619037 0.745316
v -0.065354 0.619145 0.744542
v -0.067046 0.611346 0.80004
v -0.067089 0.611346 0.800039
v -0.078432 0.610155 0.808512
v -0.075066 0.611442 0.799356
v -0.075738 0.61147 0.799158
v -0.040107 0.613374 0.785609
v -0.044571 0.612574 0.791301
v -0.046061 0.612378 0.792691
v -0.051797 0.611826 0.79662
v -0.034249 0.61147 0.799158
v -0.037161 0.614314 0.778918
v -0.037897 0.614079 0.78059
v -0.037897 0.617675 0.755003
v -0.036738 0.617255 0.757992
v -0.034249 0.620097 0.737769
v -0.035591 0.615864 0.767888
v -0.035721 0.615421 0.77104
v -0.037897 0.620097 0.737769
v -0.043264 0.618941 0.745995
v -0.039185 0.618142 0.751681
v -0.060483 0.620093 0.737799
v -0.053881 0.619897 0.739193
v -0.048142 0.619513 0.741923
v -0.078432 0.622526 0.720491
v -0.064166 0.620121 0.7376
v -0.061033 0.620097 0.737769
v -0.081082 0.619643 0.741003
v -0.080037 0.619714 0.740497
v -0.078432 0.619785 0.739988
v -0.00902 0.61147 0.799158
v -0.008639 0.618955 0.745898
v -0.032937 0.618979 0.745728
v -0.032888 0.619947 0.738839
v -7.13E-4 0.619915 0.739065
v -0.560888 0.610155 0.808512
v -0.760642 0.610155 0.808512
v -0.746806 0.596319 0.906959
v -0.560888 0.61147 0.799158
v -0.761956 0.61147 0.799158
v -0.560888 0.620097 0.737769
v -0.770584 0.620097 0.737769
v -0.560888 0.622526 0.720491
v -0.773012 0.622526 0.720491
v -0.560888 0.624978 0.703043
v -0.775464 0.624978 0.703043
v -0.560888 0.625142 0.70187
v -0.775629 0.625142 0.70187
v -0.560888 0.65 0.525
v -0.800487 0.65 0.525
v -0.085535 0.633257 0.644132
v -0.085591 0.632159 0.651947
v -0.078432 0.625142 0.70187
v -0.078432 0.65 0.525
v -0.089405 0.65 0.525
v -0.089405 0.633451 0.642755
v -0.088993 0.63245 0.649878
v -0.089405 0.63247 0.649731
v -0.089405 0.63021 0.665814
v -0.087915 0.630004 0.667283
v -0.086935 0.629782 0.668857
v -0.086107 0.629457 0.671172
v -0.085796 0.629042 0.674124
v -0.086114 0.628664 0.676815
v -0.089156 0.630187 0.665979
v -0.090893 0.633525 0.642225
v -0.112531 0.630844 0.661302
v -0.11394 0.631138 0.659213
v -0.113114 0.628596 0.677299
v -0.09076 0.627753 0.683294
v -0.092646 0.627594 0.684424
v -0.089405 0.625142 0.70187
v -0.087038 0.628322 0.679245
v -0.088469 0.628036 0.681281
v -0.089405 0.62792 0.682104
v -0.096753 0.627379 0.685959
v -0.102855 0.627283 0.686638
v -0.117144 0.625142 0.70187
v -0.108213 0.627355 0.68613
v -0.113166 0.627563 0.684651
v -0.115038 0.631849 0.654149
v -0.114654 0.632275 0.651117
v -0.117144 0.65 0.525
v -0.1137 0.632612 0.648725
v -0.112262 0.632891 0.646738
v -0.10425 0.633517 0.64228
v -0.097338 0.633625 0.641516
v -0.110058 0.633155 0.644855
v -0.108279 0.633305 0.643789
v -0.102063 0.628146 0.680497
v -0.099799 0.628168 0.680345
v -0.093677 0.628954 0.674748
v -0.097751 0.628241 0.679823
v -0.096031 0.628366 0.678933
v -0.09374 0.629096 0.673741
v -0.094035 0.629261 0.672563
v -0.094578 0.629405 0.671539
v -0.095317 0.62952 0.670721
v -0.098 0.629757 0.669034
v -0.107388 0.628242 0.679818
v -0.102714 0.630049 0.666962
v -0.111701 0.628479 0.678131
v -0.105665 0.630218 0.665756
v -0.11072 0.630616 0.662925
v -0.094871 0.628507 0.677932
v -0.094209 0.628641 0.676973
v -0.093824 0.628785 0.675954
v -0.093795 0.632689 0.648172
v -0.097279 0.630816 0.661502
v -0.092739 0.630521 0.663602
v -0.098131 0.632757 0.647688
v -0.098469 0.632757 0.647688
v -0.102282 0.631113 0.659386
v -0.102389 0.6327 0.648095
v -0.107188 0.631946 0.653463
v -0.10712 0.631813 0.654405
v -0.104367 0.632602 0.648796
v -0.105066 0.632543 0.64921
v -0.105949 0.632436 0.649975
v -0.106623 0.632299 0.650947
v -0.107019 0.632148 0.65202
v -0.106781 0.631647 0.655589
v -0.106197 0.631505 0.656596
v -0.105252 0.631366 0.657585
v -0.131877 0.629123 0.67355
v -0.138939 0.632016 0.652962
v -0.141013 0.632027 0.652886
v -0.131877 0.65 0.525
v -0.189096 0.65 0.525
v -0.168994 0.633552 0.642032
v -0.137426 0.635375 0.629059
v -0.134605 0.63584 0.625754
v -0.139849 0.632516 0.649403
v -0.140052 0.632516 0.649402
v -0.140414 0.632309 0.650878
v -0.131877 0.625142 0.70187
v -0.153145 0.627472 0.685297
v -0.169422 0.625142 0.70187
v -0.161068 0.62748 0.685241
v -0.140937 0.634441 0.635711
v -0.120365 0.636274 0.622666
v -0.120413 0.635328 0.629399
v -0.127786 0.627447 0.685475
v -0.11924 0.627438 0.685535
v -0.11474 0.631452 0.656977
v -0.134086 0.635905 0.625289
v -0.131877 0.636117 0.623783
v -0.131404 0.636162 0.62346
v -0.131877 0.632007 0.653026
v -0.129616 0.635213 0.630216
v -0.131051 0.634996 0.631761
v -0.12838 0.636319 0.622344
v -0.125289 0.636366 0.622013
v -0.123602 0.636356 0.622085
v -0.121973 0.6354 0.628881
v -0.124742 0.635453 0.628504
v -0.126767 0.63542 0.62874
v -0.128425 0.635328 0.629394
v -0.131877 0.63479 0.633225
v -0.132615 0.634606 0.634534
v -0.136024 0.633507 0.642356
v -0.213333 0.633596 0.641721
v -0.200803 0.626069 0.695279
v -0.201857 0.632617 0.64869
v -0.201808 0.633585 0.641802
v -0.189096 0.633572 0.641891
v -0.177065 0.629736 0.669189
v -0.176919 0.632592 0.648865
v -0.189096 0.629747 0.669105
v -0.189096 0.632604 0.648779
v -0.198883 0.629757 0.669036
v -0.198933 0.628785 0.675955
v -0.189096 0.628775 0.676024
v -0.189096 0.626057 0.695361
v -0.177253 0.626046 0.695445
v -0.177114 0.628763 0.676108
v -0.189096 0.624978 0.703043
v -0.189096 0.62508 0.702312
v -0.169426 0.625061 0.70245
v -0.131877 0.624978 0.703043
v -0.074664 0.628662 0.67683
v -0.075367 0.629557 0.67046
v -0.075168 0.63346 0.642691
v -0.037897 0.65 0.525
v -0.067526 0.633452 0.642745
v -0.044648 0.628823 0.67568
v -0.0447 0.62779 0.683031
v -0.037897 0.625142 0.70187
v -0.061573 0.628145 0.680509
v -0.058971 0.628104 0.680799
v -0.054796 0.629836 0.668473
v -0.043139 0.630577 0.663202
v -0.045384 0.630292 0.665233
v -0.048461 0.630059 0.66689
v -0.049947 0.628367 0.678926
v -0.054744 0.628156 0.680427
v -0.059732 0.627241 0.686941
v -0.05196 0.627365 0.68606
v -0.046265 0.627666 0.683915
v -0.065029 0.627325 0.686342
v -0.068076 0.627476 0.685264
v -0.070491 0.627693 0.683726
v -0.07183 0.627875 0.682428
v -0.07343 0.628205 0.68008
v -0.046476 0.633347 0.643493
v -0.043915 0.633094 0.645289
v -0.043233 0.632999 0.645968
v -0.041622 0.632679 0.648242
v -0.067723 0.629597 0.670174
v -0.067484 0.62913 0.6735
v -0.066715 0.628749 0.676209
v -0.06583 0.628529 0.677777
v -0.057991 0.633523 0.642244
v -0.053966 0.633582 0.641821
v -0.049398 0.633504 0.642378
v -0.040665 0.632327 0.650746
v -0.040238 0.631801 0.654489
v -0.040609 0.63131 0.657984
v -0.041549 0.630921 0.660753
v -0.064686 0.628356 0.679004
v -0.063337 0.628233 0.679882
v -0.067574 0.632514 0.649417
v -0.067371 0.632514 0.649418
v -0.066008 0.632794 0.647426
v -0.063556 0.633145 0.644929
v -0.061084 0.633368 0.643345
v -0.275093 0.633657 0.641287
v -0.266391 0.633648 0.641348
v -0.290061 0.62518 0.701603
v -0.298483 0.625188 0.701543
v -0.321288 0.633703 0.640962
v -0.312586 0.633694 0.641024
v -0.306481 0.631365 0.657593
v -0.281076 0.63134 0.657771
v -0.117144 0.624978 0.703043
v -0.089405 0.624978 0.703043
v -0.089405 0.622526 0.720491
v -0.117144 0.622526 0.720491
v -0.131877 0.622526 0.720491
v -0.009022 0.611432 0.799428
v -0.034249 0.610155 0.808512
v -0.001146 0.611424 0.799483
v -0.001144 0.61147 0.799158
v -0.1873 0.616285 0.764896
v -0.185772 0.617278 0.757832
v -0.184322 0.613758 0.782874
v -0.186544 0.614569 0.777103
v -0.189096 0.61147 0.799158
v -0.18751 0.615745 0.768736
v -0.182725 0.618153 0.751603
v -0.178147 0.618901 0.746283
v -0.171777 0.619528 0.741822
v -0.155453 0.611576 0.798399
v -0.16476 0.611729 0.797316
v -0.172104 0.61211 0.7946
v -0.164811 0.6199 0.739174
v -0.154396 0.620067 0.737986
v -0.137615 0.62005 0.738104
v -0.138048 0.611559 0.798522
v -0.178462 0.612723 0.790237
v -0.180577 0.613015 0.788162
v -0.037897 0.610155 0.808512
v -0.264815 0.610155 0.808512
v -0.207595 0.610155 0.808512
v -0.189096 0.610155 0.808512
v -0.131877 0.610155 0.808512
v -0.117144 0.610155 0.808512
v -0.089405 0.610155 0.808512
v -0.560888 0.596319 0.906959
v -0.264815 0.596319 0.906959
v -0.207595 0.596319 0.906959
v -0.189096 0.596319 0.906959
v -0.131877 0.596319 0.906959
v -0.117144 0.596319 0.906959
v -0.089405 0.596319 0.906959
v -0.078432 0.596319 0.906959
v -0.037897 0.596319 0.906959
v -0.034249 0.596319 0.906959
v -0.746806 0.546806 0.95
v -0.746806 -0.546806 0.95
v -0.652968 0.546806 0.95
v -0.652968 -0.546806 0.95
v 0.746806 -0.546806 0.95
v 0.746806 0.546806 0.95
v -0.559255 -0.546806 0.95
v -0.559255 0.546806 0.95
v -0.746806 -0.546806 0.1
v -0.746806 0.546806 0.1
v 0.746806 -0.546806 0.1
v 0.746806 0.546806 0.1
v 0.746806 -0.596319 0.906959
v -0.746806 -0.596319 0.906959
v 0.800487 -0.65 0.525
v -0.800487 -0.65 0.525
v 0.85 0.15 0.525
v 0.85 0.600487 0.525
v 0.842973 0.15 0.575
v 0.796319 0.546806 0.906959
v 0.842973 -0.15 0.575
v 0.796319 -0.546806 0.906959
v 0.85 -0.15 0.525
v 0.85 -0.600487 0.525
v -0.85 -0.15 0.525
v -0.85 -0.600487 0.525
v -0.842973 -0.15 0.575
v -0.796319 -0.546806 0.906959
v -0.842973 0.15 0.575
v -0.796319 0.546806 0.906959
v -0.85 0.15 0.525
v -0.85 0.600487 0.525
v 0.746806 -0.596319 0.143041
v -0.746806 -0.596319 0.143041
v 0.842973 -0.15 0.475
v 0.796319 -0.546806 0.143041
v 0.842973 0.15 0.475
v 0.796319 0.546806 0.143041
v -0.842973 0.15 0.475
v -0.796319 0.546806 0.143041
v -0.842973 -0.15 0.475
v -0.796319 -0.546806 0.143041
v 0.746806 0.596319 0.143041
v -0.746806 0.596319 0.143041
v -0.746806 0.558618 0.948576
v -0.652968 0.549967 0.9499
v -0.559255 0.549967 0.9499
v 0.746806 0.558618 0.948576
v 0.746806 0.593404 0.918127
v -0.746806 0.593404 0.918127
v 0.746806 0.593237 0.918441
v -0.746806 0.593237 0.918441
v 0.746806 0.587761 0.928683
v -0.746806 0.587761 0.928683
v 0.746806 0.587571 0.928894
v -0.746806 0.587571 0.928894
v 0.746806 0.579771 0.937594
v -0.746806 0.579771 0.937594
v 0.746806 0.579594 0.937715
v -0.746806 0.579594 0.937715
v 0.746806 0.569891 0.944352
v -0.746806 0.569891 0.944352
v 0.746806 0.569758 0.944402
v -0.746806 0.569758 0.944402
v 0.746806 0.558689 0.948567
v -0.746806 0.558689 0.948567
v 0.755919 0.586734 0.928683
v 0.754141 0.578944 0.937594
v 0.751943 0.569312 0.944352
v 0.74945 0.558391 0.948567
v 0.751962 0.557512 0.948567
v 0.757512 0.551962 0.948567
v 0.756096 0.554215 0.948567
v 0.758391 0.54945 0.948567
v 0.757749 0.594685 0.908267
v 0.757175 0.592236 0.918127
v 0.759469 0.594428 0.908473
v 0.767024 0.588789 0.918127
v 0.767999 0.590778 0.909158
v 0.77129 0.58937 0.909423
v 0.775859 0.583238 0.918127
v 0.777145 0.58484 0.909609
v 0.781483 0.581483 0.909747
v 0.783238 0.575859 0.918127
v 0.78484 0.577145 0.909609
v 0.78937 0.57129 0.909423
v 0.788789 0.567024 0.918127
v 0.790778 0.567999 0.909158
v 0.794428 0.559469 0.908473
v 0.792236 0.557175 0.918127
v 0.794685 0.557749 0.908267
v 0.793404 0.546806 0.918127
v 0.758618 0.546806 0.948576
v 0.761199 0.564855 0.944352
v 0.764855 0.561199 0.944352
v 0.767605 0.556822 0.944352
v 0.769312 0.551943 0.944352
v 0.756822 0.567605 0.944352
v 0.754215 0.556096 0.948567
v 0.758689 0.546806 0.948567
v 0.769758 0.546806 0.944402
v 0.769891 0.546806 0.944352
v 0.779595 0.546806 0.937715
v 0.761109 0.576506 0.937594
v 0.767359 0.572579 0.937594
v 0.772579 0.567359 0.937594
v 0.776506 0.561109 0.937594
v 0.778944 0.554141 0.937594
v 0.764575 0.583705 0.928683
v 0.772341 0.578826 0.928683
v 0.778826 0.572341 0.928683
v 0.783705 0.564575 0.928683
v 0.786734 0.555919 0.928683
v 0.77977 0.546806 0.937594
v 0.787571 0.546806 0.928894
v 0.787761 0.546806 0.928683
v 0.793237 0.546806 0.918441
v -0.787571 0.546806 0.928894
v -0.77977 0.546806 0.937594
v -0.778647 0.555338 0.937594
v -0.769105 0.552781 0.944352
v -0.758284 0.549881 0.948567
v -0.757097 0.552747 0.948567
v -0.752747 0.557097 0.948567
v -0.755208 0.555209 0.948567
v -0.749881 0.558284 0.948567
v -0.758618 0.546806 0.948576
v -0.791816 0.558866 0.918127
v -0.794391 0.559555 0.908479
v -0.794428 0.559469 0.908473
v -0.78937 0.57129 0.909423
v -0.787161 0.570105 0.918127
v -0.789323 0.571351 0.909425
v -0.779756 0.579756 0.918127
v -0.781483 0.581483 0.909747
v -0.770105 0.587161 0.918127
v -0.771351 0.589323 0.909425
v -0.77129 0.58937 0.909423
v -0.758866 0.591816 0.918127
v -0.759555 0.594391 0.908479
v -0.759469 0.594428 0.908473
v -0.779595 0.546806 0.937715
v -0.769891 0.546806 0.944352
v -0.769758 0.546806 0.944402
v -0.758689 0.546806 0.948567
v -0.766798 0.558348 0.944352
v -0.76313 0.56313 0.944352
v -0.758349 0.566798 0.944352
v -0.752781 0.569105 0.944352
v -0.775354 0.563288 0.937594
v -0.770115 0.570115 0.937594
v -0.763288 0.575354 0.937594
v -0.755338 0.578647 0.937594
v -0.793237 0.546806 0.918441
v -0.787761 0.546806 0.928683
v -0.786365 0.557406 0.928683
v -0.782274 0.567283 0.928683
v -0.775765 0.575765 0.928683
v -0.767283 0.582274 0.928683
v -0.757406 0.586365 0.928683
v -0.793404 0.546806 0.918127
v 0.793404 -0.546806 0.918127
v 0.793237 -0.546806 0.918441
v 0.787761 -0.546806 0.928683
v 0.787571 -0.546806 0.928894
v 0.77977 -0.546806 0.937594
v 0.779595 -0.546806 0.937715
v 0.769891 -0.546806 0.944352
v 0.769758 -0.546806 0.944402
v 0.758689 -0.546806 0.948567
v 0.758618 -0.546806 0.948576
v 0.813362 0.648321 0.525
v 0.819506 0.64625 0.525
v 0.825317 0.643398 0.525
v 0.830696 0.639813 0.525
v 0.835556 0.635556 0.525
v 0.839813 0.630696 0.525
v 0.843397 0.625317 0.525
v 0.84625 0.619506 0.525
v 0.848321 0.613362 0.525
v -0.848321 0.613362 0.525
v -0.84625 0.619506 0.525
v -0.843397 0.625317 0.525
v -0.839813 0.630696 0.525
v -0.835556 0.635556 0.525
v -0.830696 0.639813 0.525
v -0.825317 0.643398 0.525
v -0.819506 0.64625 0.525
v -0.813362 0.648321 0.525
v -0.793404 -0.546806 0.918127
v -0.793237 -0.546806 0.918441
v -0.787761 -0.546806 0.928683
v -0.787571 -0.546806 0.928894
v -0.77977 -0.546806 0.937594
v -0.779595 -0.546806 0.937715
v -0.769891 -0.546806 0.944352
v -0.769758 -0.546806 0.944402
v -0.758689 -0.546806 0.948567
v -0.758618 -0.546806 0.948576
v 0.746806 -0.558618 0.948576
v -0.652968 -0.549967 0.9499
v -0.746806 -0.558618 0.948576
v -0.559255 -0.549967 0.9499
v -0.746806 -0.593404 0.918127
v 0.746806 -0.593404 0.918127
v -0.746806 -0.593237 0.918441
v 0.746806 -0.593237 0.918441
v -0.746806 -0.587761 0.928683
v 0.746806 -0.587761 0.928683
v -0.746806 -0.587571 0.928894
v 0.746806 -0.587571 0.928894
v -0.746806 -0.579771 0.937594
v 0.746806 -0.579771 0.937594
v -0.746806 -0.579594 0.937715
v 0.746806 -0.579594 0.937715
v -0.746806 -0.569891 0.944352
v 0.746806 -0.569891 0.944352
v -0.746806 -0.569758 0.944402
v 0.746806 -0.569758 0.944402
v -0.746806 -0.558689 0.948567
v 0.746806 -0.558689 0.948567
v 0.778647 -0.555338 0.937594
v 0.769105 -0.552781 0.944352
v 0.758284 -0.549881 0.948567
v 0.757097 -0.552747 0.948567
v 0.752747 -0.557097 0.948567
v 0.755208 -0.555209 0.948567
v 0.749881 -0.558284 0.948567
v 0.791816 -0.558866 0.918127
v 0.794391 -0.559555 0.908479
v 0.794428 -0.559469 0.908473
v 0.78937 -0.57129 0.909423
v 0.787161 -0.570105 0.918127
v 0.789323 -0.571351 0.909425
v 0.779756 -0.579756 0.918127
v 0.781483 -0.581483 0.909747
v 0.770105 -0.587161 0.918127
v 0.771351 -0.589323 0.909425
v 0.77129 -0.58937 0.909423
v 0.758866 -0.591816 0.918127
v 0.759555 -0.594391 0.908479
v 0.759469 -0.594428 0.908473
v 0.766798 -0.558348 0.944352
v 0.76313 -0.56313 0.944352
v 0.758349 -0.566798 0.944352
v 0.752781 -0.569105 0.944352
v 0.775354 -0.563288 0.937594
v 0.770115 -0.570115 0.937594
v 0.763288 -0.575354 0.937594
v 0.755338 -0.578647 0.937594
v 0.786365 -0.557406 0.928683
v 0.782274 -0.567283 0.928683
v 0.775765 -0.575765 0.928683
v 0.767283 -0.582274 0.928683
v 0.757406 -0.586365 0.928683
v 0.794428 0.559469 0.141527
v 0.794391 0.559555 0.141521
v 0.78937 0.57129 0.140577
v 0.789323 0.571351 0.140575
v 0.781483 0.581483 0.140253
v 0.771351 0.589323 0.140575
v 0.77129 0.58937 0.140577
v 0.759555 0.594391 0.141521
v 0.759469 0.594428 0.141527
v -0.746806 0.593404 0.131873
v 0.746806 0.593404 0.131873
v -0.746806 0.593237 0.131559
v 0.746806 0.593237 0.131559
v -0.746806 0.587761 0.121317
v 0.746806 0.587761 0.121317
v -0.746806 0.587571 0.121106
v 0.746806 0.587571 0.121106
v -0.746806 0.579771 0.112406
v 0.746806 0.579771 0.112406
v -0.746806 0.579594 0.112285
v 0.746806 0.579594 0.112285
v -0.746806 0.569891 0.105648
v 0.746806 0.569891 0.105648
v -0.746806 0.569758 0.105598
v 0.746806 0.569758 0.105598
v -0.746806 0.558689 0.101433
v 0.746806 0.558689 0.101433
v -0.746806 0.558618 0.101424
v 0.746806 0.558618 0.101424
v -0.759469 0.594428 0.141527
v -0.759555 0.594391 0.141521
v -0.77129 0.58937 0.140577
v -0.771351 0.589323 0.140575
v -0.781483 0.581483 0.140253
v -0.789323 0.571351 0.140575
v -0.78937 0.57129 0.140577
v -0.794391 0.559555 0.141521
v -0.794428 0.559469 0.141527
v -0.755338 -0.578647 0.937594
v -0.752781 -0.569105 0.944352
v -0.749881 -0.558284 0.948567
v -0.752747 -0.557097 0.948567
v -0.757097 -0.552747 0.948567
v -0.755208 -0.555209 0.948567
v -0.758284 -0.549881 0.948567
v -0.758866 -0.591816 0.918127
v -0.759555 -0.594391 0.908479
v -0.759469 -0.594428 0.908473
v -0.77129 -0.58937 0.909423
v -0.770105 -0.587161 0.918127
v -0.771351 -0.589323 0.909425
v -0.779756 -0.579756 0.918127
v -0.781483 -0.581483 0.909747
v -0.787161 -0.570105 0.918127
v -0.789323 -0.571351 0.909425
v -0.78937 -0.57129 0.909423
v -0.791816 -0.558866 0.918127
v -0.794391 -0.559555 0.908479
v -0.794428 -0.559469 0.908473
v -0.758349 -0.566798 0.944352
v -0.76313 -0.56313 0.944352
v -0.766798 -0.558348 0.944352
v -0.769105 -0.552781 0.944352
v -0.763288 -0.575354 0.937594
v -0.770115 -0.570115 0.937594
v -0.775354 -0.563288 0.937594
v -0.778647 -0.555338 0.937594
v -0.757406 -0.586365 0.928683
v -0.767283 -0.582274 0.928683
v -0.775765 -0.575765 0.928683
v -0.782274 -0.567283 0.928683
v -0.786365 -0.557406 0.928683
v 0.848321 -0.613362 0.525
v 0.84625 -0.619506 0.525
v 0.843397 -0.625317 0.525
v 0.839813 -0.630696 0.525
v 0.835556 -0.635556 0.525
v 0.830696 -0.639813 0.525
v 0.825317 -0.643398 0.525
v 0.819506 -0.64625 0.525
v 0.813362 -0.648321 0.525
v 0.787571 0.546806 0.121106
v 0.77977 0.546806 0.112406
v 0.778647 0.555338 0.112406
v 0.769105 0.552781 0.105648
v 0.758284 0.549881 0.101433
v 0.757097 0.552747 0.101433
v 0.752747 0.557097 0.101433
v 0.755208 0.555209 0.101433
v 0.749881 0.558284 0.101433
v 0.758618 0.546806 0.101424
v 0.791816 0.558866 0.131873
v 0.787161 0.570105 0.131873
v 0.779756 0.579756 0.131873
v 0.770105 0.587161 0.131873
v 0.758866 0.591816 0.131873
v 0.779595 0.546806 0.112285
v 0.769891 0.546806 0.105648
v 0.769758 0.546806 0.105598
v 0.758689 0.546806 0.101433
v 0.766798 0.558348 0.105648
v 0.76313 0.56313 0.105648
v 0.758349 0.566798 0.105648
v 0.752781 0.569105 0.105648
v 0.775354 0.563288 0.112406
v 0.770115 0.570115 0.112406
v 0.763288 0.575354 0.112406
v 0.755338 0.578647 0.112406
v 0.793237 0.546806 0.131559
v 0.787761 0.546806 0.121317
v 0.786365 0.557406 0.121317
v 0.782274 0.567283 0.121317
v 0.775765 0.575765 0.121317
v 0.767283 0.582274 0.121317
v 0.757406 0.586365 0.121317
v 0.793404 0.546806 0.131873
v -0.755338 0.578647 0.112406
v -0.752781 0.569105 0.105648
v -0.749881 0.558284 0.101433
v -0.752747 0.557097 0.101433
v -0.757097 0.552747 0.101433
v -0.755208 0.555209 0.101433
v -0.758284 0.549881 0.101433
v -0.758866 0.591816 0.131873
v -0.770105 0.587161 0.131873
v -0.779756 0.579756 0.131873
v -0.787161 0.570105 0.131873
v -0.791816 0.558866 0.131873
v -0.793404 0.546806 0.131873
v -0.758618 0.546806 0.101424
v -0.758349 0.566798 0.105648
v -0.76313 0.56313 0.105648
v -0.766798 0.558348 0.105648
v -0.769105 0.552781 0.105648
v -0.758689 0.546806 0.101433
v -0.769758 0.546806 0.105598
v -0.769891 0.546806 0.105648
v -0.779595 0.546806 0.112285
v -0.763288 0.575354 0.112406
v -0.770115 0.570115 0.112406
v -0.775354 0.563288 0.112406
v -0.778647 0.555338 0.112406
v -0.757406 0.586365 0.121317
v -0.767283 0.582274 0.121317
v -0.775765 0.575765 0.121317
v -0.782274 0.567283 0.121317
v -0.786365 0.557406 0.121317
v -0.77977 0.546806 0.112406
v -0.787571 0.546806 0.121106
v -0.787761 0.546806 0.121317
v -0.793237 0.546806 0.131559
v -0.813362 -0.648321 0.525
v -0.819506 -0.64625 0.525
v -0.825317 -0.643398 0.525
v -0.830696 -0.639813 0.525
v -0.835556 -0.635556 0.525
v -0.839813 -0.630696 0.525
v -0.843397 -0.625317 0.525
v -0.84625 -0.619506 0.525
v -0.848321 -0.613362 0.525
v 0.757749 -0.594685 0.141733
v 0.759469 -0.594428 0.141527
v 0.767999 -0.590778 0.140842
v 0.77129 -0.58937 0.140577
v 0.777145 -0.58484 0.140391
v 0.781483 -0.581483 0.140253
v 0.78484 -0.577145 0.140391
v 0.78937 -0.57129 0.140577
v 0.790778 -0.567999 0.140842
v 0.794428 -0.559469 0.141527
v 0.794685 -0.557749 0.141733
v 0.793404 -0.546806 0.131873
v 0.793237 -0.546806 0.131559
v 0.787761 -0.546806 0.121317
v 0.787571 -0.546806 0.121106
v 0.77977 -0.546806 0.112406
v 0.779595 -0.546806 0.112285
v 0.769891 -0.546806 0.105648
v 0.769758 -0.546806 0.105598
v 0.758689 -0.546806 0.101433
v 0.758618 -0.546806 0.101424
v -0.793404 -0.546806 0.131873
v -0.793237 -0.546806 0.131559
v -0.787761 -0.546806 0.121317
v -0.787571 -0.546806 0.121106
v -0.77977 -0.546806 0.112406
v -0.779595 -0.546806 0.112285
v -0.769891 -0.546806 0.105648
v -0.769758 -0.546806 0.105598
v -0.758689 -0.546806 0.101433
v -0.758618 -0.546806 0.101424
v -0.794428 -0.559469 0.141527
v -0.794391 -0.559555 0.141521
v -0.78937 -0.57129 0.140577
v -0.789323 -0.571351 0.140575
v -0.781483 -0.581483 0.140253
v -0.771351 -0.589323 0.140575
v -0.77129 -0.58937 0.140577
v -0.759555 -0.594391 0.141521
v -0.759469 -0.594428 0.141527
v 0.746806 -0.593237 0.131559
v 0.746806 -0.587761 0.121317
v 0.755919 -0.586734 0.121317
v 0.746806 -0.587571 0.121106
v 0.746806 -0.579771 0.112406
v 0.754141 -0.578944 0.112406
v 0.751943 -0.569312 0.105648
v 0.74945 -0.558391 0.101433
v 0.751962 -0.557512 0.101433
v 0.757512 -0.551962 0.101433
v 0.756096 -0.554215 0.101433
v 0.758391 -0.54945 0.101433
v 0.746806 -0.558618 0.101424
v 0.757175 -0.592236 0.131873
v 0.767024 -0.588789 0.131873
v 0.775859 -0.583238 0.131873
v 0.783238 -0.575859 0.131873
v 0.788789 -0.567024 0.131873
v 0.792236 -0.557175 0.131873
v 0.746806 -0.579594 0.112285
v 0.746806 -0.569891 0.105648
v 0.746806 -0.569758 0.105598
v 0.746806 -0.558689 0.101433
v 0.761199 -0.564855 0.105648
v 0.764855 -0.561199 0.105648
v 0.767605 -0.556822 0.105648
v 0.769312 -0.551943 0.105648
v 0.756822 -0.567605 0.105648
v 0.754215 -0.556096 0.101433
v 0.761109 -0.576506 0.112406
v 0.767359 -0.572579 0.112406
v 0.772579 -0.567359 0.112406
v 0.776506 -0.561109 0.112406
v 0.778944 -0.554141 0.112406
v 0.764575 -0.583705 0.121317
v 0.772341 -0.578826 0.121317
v 0.778826 -0.572341 0.121317
v 0.783705 -0.564575 0.121317
v 0.786734 -0.555919 0.121317
v 0.746806 -0.593404 0.131873
v -0.778647 -0.555338 0.112406
v -0.769105 -0.552781 0.105648
v -0.758284 -0.549881 0.101433
v -0.757097 -0.552747 0.101433
v -0.752747 -0.557097 0.101433
v -0.755208 -0.555209 0.101433
v -0.749881 -0.558284 0.101433
v -0.791816 -0.558866 0.131873
v -0.787161 -0.570105 0.131873
v -0.779756 -0.579756 0.131873
v -0.770105 -0.587161 0.131873
v -0.758866 -0.591816 0.131873
v -0.746806 -0.593404 0.131873
v -0.746806 -0.558618 0.101424
v -0.766798 -0.558348 0.105648
v -0.76313 -0.56313 0.105648
v -0.758349 -0.566798 0.105648
v -0.752781 -0.569105 0.105648
v -0.746806 -0.558689 0.101433
v -0.746806 -0.569758 0.105598
v -0.746806 -0.569891 0.105648
v -0.746806 -0.579594 0.112285
v -0.775354 -0.563288 0.112406
v -0.770115 -0.570115 0.112406
v -0.763288 -0.575354 0.112406
v -0.755338 -0.578647 0.112406
v -0.786365 -0.557406 0.121317
v -0.782274 -0.567283 0.121317
v -0.775765 -0.575765 0.121317
v -0.767283 -0.582274 0.121317
v -0.757406 -0.586365 0.121317
v -0.746806 -0.579771 0.112406
v -0.746806 -0.587571 0.121106
v -0.746806 -0.587761 0.121317
v -0.746806 -0.593237 0.131559
v -0.929212 0.15 0.475
v -0.929212 -0.15 0.475
v -0.940743 0.15 0.473652
newmtl 2
Ka 0.8509803921568627 0.8509803921568627 0.8509803921568627
Kd 0.8509803921568627 0.8509803921568627 0.8509803921568627
Ks 0.4235294117647059 0.4235294117647059 0.4235294117647059
d 0.0
endmtl
v -0.940743 -0.15 0.473652
v -0.951652 0.15 0.469682
v -0.951652 -0.15 0.469682
v -0.961352 0.15 0.463302
v -0.961352 -0.15 0.463302
v -0.969319 0.15 0.454858
v -0.969319 -0.15 0.454858
v -0.975123 0.15 0.444804
v -0.975123 -0.15 0.444804
v -0.978453 0.15 0.433682
v -0.978453 -0.15 0.433682
v -1.033066 0.15 0.123953
v -1.033066 -0.15 0.123953
v -1.043055 -0.15 0.090588
v -1.043055 0.15 0.090588
v -1.060469 -0.15 0.060426
v -1.060469 0.15 0.060426
v -1.08437 -0.15 0.035093
v -1.08437 0.15 0.035093
v -1.113468 -0.15 0.015955
v -1.113468 0.15 0.015955
v -1.146195 -0.15 0.004043
v -1.146195 0.15 0.004043
v -1.180788 -0.15 0.0
v -1.180788 0.15 0.0
v -1.325 0.15 0.0
v -1.325 -0.15 0.0
v -1.325 0.15 0.1
v -1.325 -0.15 0.1
v -1.180788 0.15 0.1
v -1.180788 -0.15 0.1
v -1.169257 0.15 0.101348
v -1.169257 -0.15 0.101348
v -1.158348 0.15 0.105318
v -1.158348 -0.15 0.105318
v -1.148648 0.15 0.111698
v -1.148648 -0.15 0.111698
v -1.140681 0.15 0.120142
v -1.140681 -0.15 0.120142
v -1.134877 0.15 0.130196
v -1.134877 -0.15 0.130196
v -1.131547 0.15 0.141318
v -1.131547 -0.15 0.141318
v -1.076934 0.15 0.451047
v -1.076934 -0.15 0.451047
v -1.066945 -0.15 0.484412
v -1.066945 0.15 0.484412
v -1.049531 -0.15 0.514574
v -1.049531 0.15 0.514574
v -1.02563 -0.15 0.539907
v -1.02563 0.15 0.539907
v -0.996532 -0.15 0.559045
v -0.996532 0.15 0.559045
v -0.963805 -0.15 0.570957
v -0.963805 0.15 0.570957
v -0.929212 -0.15 0.575
v -0.929212 0.15 0.575
v 0.929212 -0.15 0.575
v 0.929212 0.15 0.575
v 0.929212 0.15 0.475
v 0.929212 -0.15 0.475
v 0.963805 0.15 0.570957
v 0.996532 0.15 0.559045
v 1.02563 0.15 0.539907
v 1.049531 0.15 0.514574
v 0.961352 0.15 0.463302
v 0.951652 0.15 0.469682
v 0.940743 0.15 0.473652
v 1.325 0.15 0.1
v 1.325 0.15 -0.0
v 1.180788 0.15 0.1
v 1.180788 0.15 -0.0
v 1.169257 0.15 0.101348
v 1.146195 0.15 0.004043
v 1.158348 0.15 0.105318
v 1.113468 0.15 0.015955
v 1.148648 0.15 0.111698
v 1.08437 0.15 0.035093
v 1.140681 0.15 0.120142
v 1.060469 0.15 0.060426
v 1.134877 0.15 0.130196
v 1.043055 0.15 0.090588
v 1.131547 0.15 0.141318
v 1.033066 0.15 0.123953
v 1.076934 0.15 0.451047
v 0.978453 0.15 0.433682
v 1.066945 0.15 0.484412
v 0.975123 0.15 0.444804
v 0.969319 0.15 0.454858
v 0.996532 -0.15 0.559045
v 1.02563 -0.15 0.539907
v 1.049531 -0.15 0.514574
v 0.963805 -0.15 0.570957
v 0.940743 -0.15 0.473652
v 0.951652 -0.15 0.469682
v 0.961352 -0.15 0.463302
v 0.969319 -0.15 0.454858
v 1.066945 -0.15 0.484412
v 0.975123 -0.15 0.444804
v 1.076934 -0.15 0.451047
v 0.978453 -0.15 0.433682
v 1.131547 -0.15 0.141318
v 1.033066 -0.15 0.123953
v 1.134877 -0.15 0.130196
v 1.043055 -0.15 0.090588
v 1.140681 -0.15 0.120142
v 1.060469 -0.15 0.060426
v 1.148648 -0.15 0.111698
v 1.08437 -0.15 0.035093
v 1.158348 -0.15 0.105318
v 1.113468 -0.15 0.015955
v 1.169257 -0.15 0.101348
v 1.146195 -0.15 0.004043
v 1.180788 -0.15 0.1
v 1.180788 -0.15 -0.0
v 1.325 -0.15 0.1
v 1.325 -0.15 -0.0
newmtl 3
Ka 1.0 1.0 1.0
Kd 1.0 1.0 1.0
Ks 0.5019607843137255 0.5019607843137255 0.5019607843137255
d 0.0
endmtl
v -0.032937 0.619078 0.745741
v -0.032888 0.620046 0.738853
v -0.008639 0.619054 0.745912
v -0.009022 0.611531 0.799442
v -0.001146 0.611523 0.799497
v -7.13E-4 0.620014 0.739079
v -0.081082 0.619742 0.741017
v -0.080037 0.619813 0.740511
v -0.064166 0.62022 0.737614
v -0.073471 0.620105 0.738429
v -0.081135 0.618691 0.748492
v -0.075122 0.61906 0.745867
v -0.068214 0.619232 0.744642
v -0.065354 0.619244 0.744556
v -0.059231 0.619136 0.74533
v -0.054893 0.618898 0.747022
v -0.050925 0.618502 0.749839
v -0.049726 0.618335 0.751029
v -0.047152 0.617849 0.754487
v -0.045071 0.617181 0.759239
v -0.04398 0.616362 0.765064
v -0.043861 0.615906 0.768307
v -0.044939 0.614734 0.77665
v -0.047028 0.614004 0.781842
v -0.050401 0.61336 0.786424
v -0.054576 0.612887 0.78979
v -0.059389 0.612583 0.791957
v -0.064704 0.612445 0.792933
v -0.067074 0.612435 0.79301
v -0.081428 0.612952 0.789326
v -0.080751 0.612901 0.789694
v -0.074579 0.612567 0.79207
v -0.081486 0.611806 0.797481
v -0.075066 0.611541 0.79937
v -0.067089 0.611445 0.800053
v -0.067046 0.611445 0.800054
v -0.058186 0.611586 0.799046
v -0.051797 0.611925 0.796634
v -0.046061 0.612477 0.792705
v -0.044571 0.612673 0.791315
v -0.040107 0.613473 0.785623
v -0.037161 0.614413 0.778932
v -0.035721 0.61552 0.771054
v -0.035591 0.615963 0.767902
v -0.043264 0.61904 0.746009
v -0.039185 0.618241 0.751695
v -0.036738 0.617354 0.758006
v -0.060483 0.620192 0.737813
v -0.053881 0.619996 0.739207
v -0.048142 0.619613 0.741937
v -0.126139 0.61917 0.745087
v -0.126089 0.620138 0.738199
v -0.101201 0.619145 0.745262
v -0.101346 0.616289 0.765587
v -0.123165 0.61631 0.765433
v -0.123215 0.615338 0.772352
v -0.101396 0.615316 0.772506
v -0.101534 0.612599 0.791842
v -0.125084 0.612622 0.791676
v -0.125134 0.611645 0.798626
v -0.093708 0.611614 0.798847
v -0.093275 0.620106 0.738429
v -0.175311 0.61788 0.754263
v -0.172582 0.61833 0.751062
v -0.178147 0.619 0.746297
v -0.171899 0.618418 0.75044
v -0.171777 0.619627 0.741836
v -0.167954 0.618795 0.747752
v -0.164811 0.619999 0.739188
v -0.162916 0.619063 0.745844
v -0.154396 0.620166 0.738
v -0.154399 0.619198 0.744888
v -0.137615 0.620149 0.738118
v -0.14554 0.619189 0.744951
v -0.138048 0.611658 0.798536
v -0.145874 0.612643 0.79153
v -0.155453 0.611675 0.798413
v -0.155091 0.612652 0.791466
v -0.16476 0.611828 0.797329
v -0.162926 0.61278 0.790555
v -0.172104 0.612209 0.794614
v -0.168207 0.61305 0.78863
v -0.178462 0.612822 0.790251
v -0.172658 0.613468 0.785658
v -0.180577 0.613114 0.788176
v -0.174319 0.613698 0.784018
v -0.184322 0.613857 0.782888
v -0.176667 0.614175 0.780623
v -0.186544 0.614668 0.777116
v -0.178362 0.614795 0.776214
v -0.18751 0.615844 0.76875
v -0.179227 0.615866 0.768592
v -0.1873 0.616384 0.76491
v -0.178895 0.616515 0.763979
v -0.185772 0.617377 0.757846
v -0.177555 0.617267 0.758628
v -0.182725 0.618252 0.751617
v -0.155091 0.612553 0.791452
v -0.145874 0.612544 0.791516
v -0.14554 0.61909 0.744937
v -0.154399 0.619099 0.744875
v -0.172582 0.618231 0.751048
v -0.171899 0.618318 0.750426
v -0.167954 0.618696 0.747738
v -0.162916 0.618964 0.74583
v -0.179227 0.615767 0.768578
v -0.178895 0.616416 0.763966
v -0.177555 0.617168 0.758614
v -0.175311 0.617781 0.754249
v -0.172658 0.613369 0.785645
v -0.174319 0.613599 0.784004
v -0.176667 0.614076 0.780609
v -0.178362 0.614696 0.7762
v -0.162926 0.612681 0.790541
v -0.168207 0.612951 0.788616
v -0.207902 0.616937 0.760977
v -0.217205 0.613416 0.786025
v -0.214343 0.611733 0.798
v -0.190672 0.620202 0.737745
v -0.199375 0.62021 0.737684
v -0.205357 0.617893 0.754168
v -0.217746 0.613163 0.787825
v -0.218234 0.612823 0.79025
v -0.222765 0.611742 0.797941
v -0.218421 0.612823 0.790249
v -0.218896 0.613182 0.787689
v -0.219342 0.613418 0.78601
v -0.228379 0.616957 0.760833
v -0.24557 0.620256 0.73736
v -0.236868 0.620247 0.737421
v -0.230763 0.617919 0.75399
v -0.207902 0.616838 0.760963
v -0.228379 0.616858 0.760819
v -0.219342 0.613319 0.785996
v -0.218421 0.612724 0.790235
v -0.218896 0.613083 0.787675
v -0.218234 0.612724 0.790236
v -0.217205 0.613317 0.786011
v -0.217746 0.613064 0.787811
v -0.03289 0.632549 0.64989
v -0.032841 0.633517 0.643002
v -0.007952 0.632524 0.650065
v -0.008098 0.629668 0.67039
v -0.029917 0.629689 0.670237
v -0.029966 0.628717 0.677156
v -0.008147 0.628695 0.677309
v -0.008286 0.625978 0.696645
v -0.031836 0.626001 0.69648
v -0.031885 0.625024 0.70343
v -4.6E-4 0.624993 0.70365
v -2.7E-5 0.633484 0.643233
v -0.067526 0.633551 0.642759
v -0.075168 0.633559 0.642705
v -0.067574 0.632613 0.649431
v -0.075367 0.629656 0.670474
v -0.067371 0.632613 0.649432
v -0.063352 0.632453 0.650574
v -0.066008 0.632893 0.64744
v -0.061183 0.632653 0.649146
v -0.052614 0.630845 0.662011
v -0.057472 0.630689 0.663124
v -0.067681 0.630508 0.664411
v -0.067652 0.63109 0.660272
v -0.067641 0.63116 0.65977
v -0.067124 0.631634 0.656397
v -0.065984 0.632013 0.653705
v -0.064313 0.632324 0.651492
v -0.065029 0.627424 0.686356
v -0.063337 0.628332 0.679895
v -0.068076 0.627575 0.685278
v -0.064686 0.628455 0.679018
v -0.050904 0.630963 0.661171
v -0.067723 0.629696 0.670187
v -0.067484 0.629229 0.673514
v -0.074664 0.628761 0.676844
v -0.066715 0.628848 0.676223
v -0.07343 0.628304 0.680094
v -0.06583 0.628628 0.677791
v -0.07183 0.627974 0.682442
v -0.070491 0.627792 0.68374
v -0.0447 0.627889 0.683045
v -0.044648 0.628922 0.675694
v -0.046265 0.627765 0.683929
v -0.049947 0.628466 0.67894
v -0.05196 0.627464 0.686074
v -0.054744 0.628255 0.680441
v -0.059732 0.62734 0.686955
v -0.058971 0.628203 0.680813
v -0.061573 0.628244 0.680523
v -0.049527 0.63244 0.650667
v -0.043915 0.633194 0.645303
v -0.050172 0.632531 0.650016
v -0.046476 0.633446 0.643507
v -0.051688 0.632677 0.648975
v -0.049398 0.633603 0.642392
v -0.053412 0.632767 0.648335
v -0.053966 0.633681 0.641834
v -0.055991 0.63281 0.648029
v -0.057991 0.633622 0.642257
v -0.058859 0.632769 0.648327
v -0.061084 0.633467 0.643359
v -0.063556 0.633244 0.644943
v -0.054796 0.629935 0.668487
v -0.048461 0.630158 0.666904
v -0.05006 0.631055 0.660519
v -0.045384 0.630391 0.665247
v -0.049138 0.631212 0.659404
v -0.043139 0.630676 0.663216
v -0.048457 0.631409 0.657998
v -0.041549 0.63102 0.660767
v -0.048067 0.631653 0.656267
v -0.040609 0.631409 0.657998
v -0.047994 0.631821 0.655066
v -0.040238 0.6319 0.654503
v -0.048175 0.632066 0.653328
v -0.040665 0.632427 0.65076
v -0.048668 0.632259 0.651949
v -0.041622 0.632778 0.648256
v -0.043233 0.633098 0.645982
v -0.05006 0.630956 0.660505
v -0.050904 0.630864 0.661157
v -0.052614 0.630746 0.661997
v -0.057472 0.63059 0.66311
v -0.047994 0.631722 0.655052
v -0.048067 0.631554 0.656253
v -0.048457 0.63131 0.657984
v -0.049138 0.631113 0.65939
v -0.050172 0.632432 0.650002
v -0.049527 0.632341 0.650653
v -0.048668 0.63216 0.651935
v -0.048175 0.631967 0.653314
v -0.055991 0.632711 0.648015
v -0.053412 0.632668 0.648321
v -0.051688 0.632578 0.648962
v -0.064313 0.632225 0.651478
v -0.063352 0.632354 0.65056
v -0.061183 0.632554 0.649132
v -0.058859 0.63267 0.648313
v -0.067652 0.630991 0.660258
v -0.067641 0.631061 0.659756
v -0.067124 0.631535 0.656383
v -0.065984 0.631914 0.653691
v -0.067681 0.630409 0.664397
v -0.085591 0.632258 0.65196
v -0.088993 0.632549 0.649892
v -0.098131 0.632856 0.647702
v -0.093795 0.632788 0.648186
v -0.085535 0.633356 0.644146
v -0.097338 0.633724 0.64153
v -0.090893 0.633624 0.642239
v -0.10425 0.633616 0.642294
v -0.108279 0.633404 0.643803
v -0.110058 0.633254 0.644869
v -0.112262 0.63299 0.646752
v -0.1137 0.632711 0.648739
v -0.114654 0.632374 0.65113
v -0.115038 0.631948 0.654163
v -0.11474 0.631551 0.656991
v -0.11394 0.631237 0.659227
v -0.112531 0.630943 0.661316
v -0.11072 0.630715 0.662939
v -0.105665 0.630317 0.66577
v -0.102714 0.630148 0.666976
v -0.098 0.629856 0.669048
v -0.095317 0.629619 0.670735
v -0.094578 0.629504 0.671553
v -0.094035 0.62936 0.672577
v -0.09374 0.629195 0.673755
v -0.093677 0.629053 0.674762
v -0.093824 0.628884 0.675968
v -0.094209 0.628741 0.676987
v -0.094871 0.628606 0.677946
v -0.096031 0.628465 0.678947
v -0.097751 0.62834 0.679837
v -0.099799 0.628267 0.680359
v -0.102063 0.628245 0.680511
v -0.107388 0.628341 0.679832
v -0.111701 0.628578 0.678145
v -0.113114 0.628695 0.677313
v -0.113166 0.627662 0.684665
v -0.108213 0.627454 0.686143
v -0.102855 0.627382 0.686652
v -0.096753 0.627478 0.685973
v -0.092646 0.627693 0.684438
v -0.09076 0.627852 0.683308
v -0.088469 0.628135 0.681295
v -0.087038 0.628421 0.679259
v -0.086114 0.628763 0.676829
v -0.085796 0.629141 0.674138
v -0.086107 0.629556 0.671186
v -0.086935 0.629881 0.668871
v -0.087915 0.630103 0.667296
v -0.097279 0.630915 0.661516
v -0.092739 0.63062 0.663616
v -0.089156 0.630286 0.665993
v -0.102282 0.631212 0.6594
v -0.105252 0.631465 0.657599
v -0.106197 0.631604 0.65661
v -0.106781 0.631746 0.655603
v -0.10712 0.631912 0.654419
v -0.107188 0.632045 0.653477
v -0.107019 0.632248 0.652034
v -0.106623 0.632398 0.650961
v -0.105949 0.632535 0.649989
v -0.105066 0.632642 0.649224
v -0.104367 0.632701 0.64881
v -0.102389 0.632799 0.648109
v -0.098469 0.632856 0.647702
v -0.153145 0.627571 0.685311
v -0.161068 0.627579 0.685255
v -0.141013 0.632126 0.6529
v -0.140414 0.632408 0.650892
v -0.140052 0.632616 0.649416
v -0.139849 0.632615 0.649417
v -0.138939 0.632115 0.652976
v -0.127786 0.627546 0.685489
v -0.11924 0.627537 0.685549
v -0.136024 0.633606 0.64237
v -0.132615 0.634705 0.634548
v -0.131051 0.635095 0.631775
v -0.129616 0.635312 0.63023
v -0.128425 0.635427 0.629408
v -0.126767 0.635519 0.628754
v -0.124742 0.635552 0.628518
v -0.121973 0.635499 0.628895
v -0.120413 0.635427 0.629413
v -0.120365 0.636373 0.62268
v -0.123602 0.636455 0.622099
v -0.125289 0.636465 0.622027
v -0.12838 0.636418 0.622358
v -0.131404 0.636261 0.623474
v -0.134086 0.636004 0.625303
v -0.134605 0.635939 0.625768
v -0.137426 0.635475 0.629072
v -0.140937 0.63454 0.635725
v -0.201857 0.632716 0.648704
v -0.201808 0.633684 0.641815
v -0.176919 0.632691 0.648879
v -0.177065 0.629835 0.669203
v -0.198883 0.629856 0.66905
v -0.198933 0.628884 0.675969
v -0.177114 0.628862 0.676122
v -0.177253 0.626145 0.695458
v -0.200803 0.626168 0.695293
v -0.200852 0.625191 0.702243
v -0.169426 0.62516 0.702464
v -0.168994 0.633651 0.642046
v -0.251029 0.631426 0.65788
v -0.2483 0.631876 0.654679
v -0.253865 0.632546 0.649914
v -0.247618 0.631963 0.654056
v -0.247495 0.633173 0.645452
v -0.243672 0.632341 0.651369
v -0.240529 0.633545 0.642804
v -0.238634 0.632609 0.64946
v -0.230114 0.633712 0.641617
v -0.230117 0.632743 0.648505
v -0.213333 0.633695 0.641735
v -0.221258 0.632735 0.648567
v -0.213766 0.625204 0.702152
v -0.221592 0.626188 0.695147
v -0.231171 0.625221 0.70203
v -0.230809 0.626198 0.695082
v -0.240478 0.625373 0.700946
v -0.238644 0.626325 0.694172
v -0.247823 0.625755 0.698231
v -0.243926 0.626596 0.692247
v -0.25418 0.626368 0.693868
v -0.248376 0.627014 0.689275
v -0.256295 0.62666 0.691792
v -0.250037 0.627244 0.687635
v -0.26004 0.627403 0.686505
v -0.252385 0.627721 0.68424
v -0.262262 0.628214 0.680733
v -0.25408 0.628341 0.67983
v -0.263228 0.62939 0.672367
v -0.254945 0.629412 0.672209
v -0.263018 0.62993 0.668527
v -0.254613 0.63006 0.667596
v -0.261491 0.630922 0.661462
v -0.253273 0.630813 0.662244
v -0.258443 0.631798 0.655234
v -0.230809 0.626098 0.695068
v -0.221592 0.626089 0.695133
v -0.221258 0.632636 0.648553
v -0.230117 0.632644 0.648491
v -0.2483 0.631777 0.654665
v -0.247618 0.631864 0.654042
v -0.243672 0.632242 0.651355
v -0.238634 0.63251 0.649446
v -0.254945 0.629313 0.672195
v -0.254613 0.629961 0.667582
v -0.253273 0.630714 0.66223
v -0.251029 0.631327 0.657866
v -0.248376 0.626915 0.689261
v -0.250037 0.627145 0.687621
v -0.252385 0.627622 0.684226
v -0.25408 0.628242 0.679816
v -0.238644 0.626226 0.694158
v -0.243926 0.626497 0.692233
v -0.28362 0.630482 0.664594
v -0.292923 0.626962 0.689642
v -0.290061 0.625279 0.701616
v -0.266391 0.633747 0.641362
v -0.275093 0.633756 0.641301
v -0.281076 0.631439 0.657785
v -0.293465 0.626709 0.691441
v -0.293952 0.626368 0.693867
v -0.298483 0.625287 0.701557
v -0.294139 0.626369 0.693865
v -0.294614 0.626728 0.691306
v -0.29506 0.626964 0.689627
v -0.304097 0.630503 0.66445
v -0.321288 0.633802 0.640976
v -0.312586 0.633793 0.641037
v -0.306481 0.631464 0.657606
v -0.28362 0.630383 0.66458
v -0.304097 0.630404 0.664436
v -0.29506 0.626865 0.689613
v -0.294139 0.62627 0.693851
v -0.294614 0.626629 0.691292
v -0.293952 0.626269 0.693853
v -0.292923 0.626863 0.689628
v -0.293465 0.62661 0.691427
v 0.269492 0.634421 0.63657
v 0.2631 0.635535 0.628639
v 0.273129 0.629079 0.674583
v 0.116029 0.618623 0.748975
v 0.113474 0.620301 0.73704
v 0.092053 0.617062 0.760087
v 0.128094 0.626263 0.694614
v 0.141378 0.62305 0.717475
v 0.199721 0.627219 0.687814
v 0.229025 0.629 0.675141
v 0.225021 0.629209 0.673651
v 0.221571 0.629545 0.671266
v 0.218824 0.629985 0.668134
v 0.189052 0.630671 0.663253
v 0.282529 0.62826 0.680406
v 0.280483 0.632827 0.647911
v 0.273769 0.633123 0.645805
v 0.216996 0.630485 0.664578
v 0.216069 0.631046 0.660581
v 0.189082 0.631275 0.658957
v 0.21609 0.63156 0.656929
v 0.110004 0.620304 0.737016
v 0.101772 0.620453 0.735953
v 0.0899 0.617165 0.759353
v 0.094221 0.620866 0.733015
v 0.077039 0.61807 0.752912
v 0.06535 0.619467 0.742969
v 0.203915 0.613742 0.783704
v 0.226243 0.611375 0.800552
v 0.215791 0.614932 0.775239
v 0.236499 0.61258 0.791978
v 0.22558 0.616543 0.763781
v 0.245465 0.614012 0.781785
v 0.232242 0.618433 0.750332
v 0.270385 0.617873 0.754314
v 0.259656 0.617532 0.756741
v 0.255436 0.613882 0.782714
v 0.255187 0.617504 0.756937
v 0.250449 0.613924 0.782411
v 0.245087 0.617688 0.755634
v 0.235383 0.61819 0.752059
v 0.243758 0.633095 0.646004
v 0.240211 0.633413 0.643738
v 0.254662 0.636434 0.622243
v 0.236148 0.633602 0.642396
v 0.236586 0.628994 0.675183
v 0.2425 0.625301 0.701461
v 0.240414 0.629184 0.673833
v 0.252109 0.625801 0.697902
v 0.243877 0.629502 0.671568
v 0.261024 0.626649 0.691866
v 0.246718 0.629934 0.668498
v 0.268258 0.627783 0.6838
v 0.248729 0.630458 0.664765
v 0.24972 0.631039 0.660633
v 0.065853 0.630732 0.662817
v 0.085976 0.628319 0.679986
v 0.077737 0.632112 0.653
v 0.092432 0.629041 0.67485
v 0.091019 0.633 0.646682
v 0.100115 0.629526 0.671399
v 0.105466 0.63341 0.643764
v 0.107881 0.629725 0.669986
v 0.13106 0.633385 0.643944
v 0.127402 0.629705 0.670123
v 0.133501 0.633327 0.644351
v 0.297509 0.62204 0.724661
v 0.325983 0.622876 0.718717
v 0.298873 0.623499 0.714286
v 0.326208 0.623592 0.713618
v 0.298409 0.624423 0.707708
v 0.324472 0.625815 0.697804
v 0.295384 0.625904 0.697168
v 0.318632 0.628077 0.681712
v 0.290252 0.627141 0.68837
v 0.308324 0.630191 0.666668
v 0.295947 0.631709 0.655866
v 0.21641 0.625556 0.699648
v 0.226862 0.625183 0.702299
v 0.23215 0.625134 0.702648
v 0.087525 0.621527 0.728317
v 0.082532 0.622314 0.722712
v 0.05659 0.621194 0.730682
v 0.078559 0.623361 0.715267
v 0.051388 0.623044 0.717524
v 0.07659 0.624523 0.707
v 0.049511 0.625013 0.703513
v 0.076409 0.625046 0.703272
v 0.051617 0.627168 0.688175
v 0.077508 0.62622 0.694924
v 0.057168 0.629074 0.674617
v 0.080551 0.627293 0.687289
v 0.08537 0.62823 0.680621
v 0.271488 0.614124 0.780989
v 0.28767 0.61494 0.775184
v 0.280096 0.618576 0.74931
v 0.301681 0.616246 0.765893
v 0.287656 0.619501 0.742732
v 0.305469 0.61673 0.762445
v 0.293727 0.620697 0.734217
v 0.315482 0.618466 0.750098
v 0.322722 0.620614 0.734809
v 0.246615 0.632669 0.649032
v 0.248575 0.632179 0.65252
v 0.249644 0.63163 0.656431
v 0.122612 0.616671 0.762868
v 0.099525 0.614915 0.775365
v 0.132304 0.615033 0.77452
v 0.11309 0.612555 0.792152
v 0.133443 0.614887 0.775562
v 0.115234 0.612269 0.794187
v 0.145572 0.613698 0.78402
v 0.134491 0.61044 0.807205
v 0.15914 0.61296 0.789273
v 0.156205 0.609351 0.814954
v 0.17382 0.612694 0.791162
v 0.174069 0.609072 0.816939
v 0.189685 0.612961 0.789268
v 0.195639 0.609421 0.81445
v 0.21569 0.610478 0.806931
v 0.232778 0.628937 0.675588
v 0.207243 0.626252 0.694696
v 0.129579 0.629647 0.670537
v 0.140162 0.632742 0.648513
v 0.139161 0.632886 0.64749
v 0.12828 0.629688 0.670243
v 0.136362 0.633167 0.64549
v 0.244686 0.63703 0.618006
v 0.234456 0.637263 0.616349
v 0.233018 0.633646 0.642082
v 0.232768 0.637269 0.616306
v 0.229176 0.633589 0.642486
v 0.222272 0.6371 0.617509
v 0.225362 0.633401 0.643829
v 0.21257 0.636592 0.621118
v 0.221987 0.63309 0.646038
v 0.203886 0.635765 0.627009
v 0.219141 0.632659 0.649104
v 0.197137 0.634726 0.634401
v 0.217121 0.632139 0.652804
v 0.191946 0.633384 0.643945
v 0.189344 0.631896 0.654535
v 0.143544 0.631501 0.657349
v 0.143155 0.631951 0.654146
v 0.142034 0.632361 0.651225
v 0.133346 0.629698 0.670172
v 0.136332 0.629858 0.669033
v 0.143431 0.631272 0.658979
v 0.139016 0.630118 0.667184
v 0.140877 0.630401 0.665175
v 0.142552 0.630812 0.662246
v 0.130001 0.629642 0.670571
v 0.232778 0.628838 0.675574
v 0.229025 0.628901 0.675127
v 0.225021 0.62911 0.673637
v 0.221571 0.629446 0.671252
v 0.218824 0.629886 0.66812
v 0.216996 0.630385 0.664564
v 0.216069 0.630947 0.660567
v 0.21609 0.631461 0.656915
v 0.217121 0.63204 0.65279
v 0.219141 0.63256 0.64909
v 0.221987 0.632991 0.646024
v 0.225362 0.633302 0.643816
v 0.229176 0.63349 0.642472
v 0.233018 0.633547 0.642068
v 0.236148 0.633503 0.642382
v 0.240211 0.633314 0.643724
v 0.243758 0.632996 0.64599
v 0.246615 0.63257 0.649018
v 0.248575 0.63208 0.652506
v 0.249644 0.631531 0.656417
v 0.24972 0.63094 0.660619
v 0.248729 0.630359 0.664751
v 0.246718 0.629835 0.668484
v 0.243877 0.629403 0.671554
v 0.240414 0.629085 0.67382
v 0.236586 0.628895 0.675169
usemtl 1
f 1// 2// 3//
f 4// 5// 6//
f 7// 8// 9//
f 10// 11// 12//
f 13// 14// 15//
f 16// 17// 18//
f 19// 20// 21//
f 21// 20// 1//
f 22// 23// 21//
f 21// 23// 24//
f 21// 24// 25//
f 25// 26// 21//
f 21// 26// 27//
f 21// 27// 19//
f 22// 21// 28//
f 28// 21// 29//
f 28// 29// 30//
f 31// 32// 33//
f 31// 33// 34//
f 34// 33// 35//
f 34// 35// 36//
f 36// 35// 37//
f 36// 37// 38//
f 39// 40// 37//
f 37// 40// 41//
f 37// 41// 38//
f 42// 43// 39//
f 43// 44// 39//
f 39// 44// 45//
f 39// 45// 40//
f 40// 45// 46//
f 40// 46// 47//
f 47// 46// 48//
f 47// 48// 49//
f 50// 51// 52//
f 52// 53// 50//
f 50// 53// 54//
f 50// 54// 39//
f 39// 54// 55//
f 39// 55// 42//
f 56// 57// 58//
f 58// 57// 59//
f 58// 59// 51//
f 51// 59// 60//
f 51// 60// 52//
f 61// 62// 63//
f 64// 65// 66//
f 61// 63// 67//
f 62// 68// 63//
f 63// 68// 69//
f 63// 69// 70//
f 71// 72// 66//
f 66// 72// 73//
f 65// 74// 66//
f 66// 74// 75//
f 66// 75// 56//
f 56// 75// 76//
f 56// 76// 57//
f 77// 78// 79//
f 79// 78// 80//
f 79// 80// 81//
f 79// 82// 83//
f 83// 84// 79//
f 79// 84// 85//
f 79// 85// 86//
f 87// 88// 63//
f 63// 88// 89//
f 63// 89// 90//
f 81// 91// 79//
f 79// 91// 92//
f 79// 92// 93//
f 94// 95// 96//
f 96// 95// 97//
f 96// 97// 63//
f 63// 97// 98//
f 63// 98// 67//
f 86// 99// 79//
f 79// 99// 100//
f 79// 100// 66//
f 66// 100// 101//
f 66// 101// 71//
f 73// 102// 66//
f 66// 102// 103//
f 66// 103// 64//
f 93// 104// 79//
f 79// 104// 105//
f 79// 105// 82//
f 105// 106// 82//
f 82// 106// 107//
f 82// 107// 108//
f 108// 109// 82//
f 82// 109// 110//
f 82// 110// 111//
f 111// 110// 94//
f 111// 94// 112//
f 112// 94// 96//
f 70// 113// 63//
f 63// 113// 114//
f 63// 114// 115//
f 115// 116// 63//
f 63// 116// 117//
f 63// 117// 87//
f 89// 118// 90//
f 90// 118// 119//
f 90// 119// 120//
f 120// 119// 121//
f 122// 18// 123//
f 123// 18// 124//
f 123// 124// 125//
f 125// 124// 126//
f 121// 127// 120//
f 120// 127// 128//
f 120// 128// 124//
f 124// 128// 129//
f 124// 129// 126//
f 16// 130// 17//
f 17// 130// 131//
f 17// 131// 132//
f 133// 134// 135//
f 135// 134// 136//
f 135// 136// 122//
f 122// 136// 137//
f 122// 137// 18//
f 18// 137// 138//
f 18// 138// 16//
f 139// 140// 135//
f 135// 140// 141//
f 135// 141// 133//
f 139// 142// 140//
f 140// 142// 143//
f 140// 143// 144//
f 145// 146// 147//
f 147// 126// 145//
f 145// 126// 129//
f 145// 129// 148//
f 148// 129// 149//
f 149// 150// 148//
f 148// 150// 151//
f 148// 151// 152//
f 153// 154// 155//
f 153// 155// 156//
f 157// 155// 158//
f 146// 145// 157//
f 157// 145// 159//
f 157// 159// 155//
f 155// 159// 160//
f 155// 160// 156//
f 158// 161// 157//
f 157// 161// 162//
f 157// 162// 163//
f 154// 164// 155//
f 155// 164// 165//
f 155// 165// 166//
f 166// 165// 167//
f 167// 165// 168//
f 168// 165// 169//
f 168// 169// 170//
f 171// 172// 163//
f 163// 172// 173//
f 163// 173// 157//
f 174// 175// 176//
f 2// 177// 174//
f 174// 177// 178//
f 174// 178// 175//
f 20// 179// 1//
f 1// 179// 180//
f 1// 180// 2//
f 2// 180// 181//
f 2// 181// 177//
f 182// 183// 184//
f 185// 186// 187//
f 187// 186// 188//
f 188// 189// 187//
f 187// 189// 190//
f 187// 190// 191//
f 192// 193// 187//
f 187// 193// 194//
f 187// 194// 185//
f 195// 196// 184//
f 184// 196// 197//
f 184// 197// 182//
f 198// 199// 200//
f 200// 199// 201//
f 200// 201// 202//
f 202// 201// 203//
f 202// 203// 184//
f 184// 203// 204//
f 184// 204// 195//
f 205// 206// 207//
f 208// 209// 210//
f 210// 209// 211//
f 207// 212// 205//
f 205// 212// 213//
f 205// 213// 214//
f 214// 213// 215//
f 214// 215// 216//
f 216// 215// 217//
f 217// 215// 3//
f 217// 3// 218//
f 218// 3// 2//
f 218// 2// 219//
f 219// 2// 174//
f 219// 174// 77//
f 77// 174// 176//
f 77// 176// 78//
f 212// 210// 213//
f 213// 210// 211//
f 213// 211// 220//
f 220// 211// 221//
f 220// 221// 79//
f 79// 221// 222//
f 79// 222// 77//
f 77// 222// 223//
f 77// 223// 219//
f 224// 225// 226//
f 227// 228// 229//
f 229// 228// 230//
f 227// 231// 232//
f 232// 231// 233//
f 232// 233// 234//
f 233// 235// 234//
f 234// 235// 236//
f 234// 236// 237//
f 238// 236// 239//
f 239// 236// 235//
f 239// 235// 240//
f 240// 235// 233//
f 240// 233// 241//
f 241// 233// 242//
f 241// 242// 243//
f 243// 242// 244//
f 243// 244// 226//
f 226// 244// 245//
f 226// 245// 224//
f 246// 247// 248//
f 249// 250// 251//
f 252// 253// 250//
f 250// 253// 247//
f 250// 247// 251//
f 251// 247// 246//
f 251// 254// 249//
f 249// 254// 255//
f 249// 255// 256//
f 257// 258// 259//
f 260// 261// 248//
f 248// 261// 262//
f 248// 262// 246//
f 263// 264// 265//
f 265// 264// 266//
f 265// 266// 252//
f 252// 266// 267//
f 252// 267// 253//
f 253// 267// 268//
f 253// 268// 259//
f 259// 268// 269//
f 259// 269// 257//
f 270// 271// 260//
f 260// 271// 272//
f 260// 272// 273//
f 274// 275// 276//
f 276// 275// 277//
f 276// 277// 278//
f 278// 277// 279//
f 278// 279// 273//
f 273// 279// 258//
f 273// 258// 260//
f 260// 258// 257//
f 260// 257// 261//
f 280// 281// 276//
f 276// 281// 282//
f 276// 282// 283//
f 284// 285// 286//
f 286// 285// 287//
f 280// 288// 281//
f 281// 288// 289//
f 281// 289// 290//
f 290// 289// 287//
f 290// 287// 291//
f 291// 287// 285//
f 283// 292// 276//
f 276// 292// 293//
f 276// 293// 294//
f 294// 295// 276//
f 276// 295// 296//
f 276// 296// 274//
f 297// 298// 299//
f 299// 298// 300//
f 299// 300// 301//
f 15// 302// 303//
f 303// 304// 15//
f 15// 304// 305//
f 15// 305// 13//
f 306// 307// 15//
f 15// 307// 308//
f 15// 308// 302//
f 309// 310// 311//
f 311// 310// 312//
f 311// 312// 306//
f 306// 312// 313//
f 306// 313// 307//
f 314// 315// 316//
f 317// 318// 314//
f 314// 318// 319//
f 314// 319// 315//
f 320// 321// 322//
f 317// 314// 322//
f 322// 314// 4//
f 322// 4// 320//
f 279// 323// 258//
f 258// 323// 324//
f 258// 324// 12//
f 12// 324// 325//
f 12// 325// 10//
f 326// 327// 306//
f 306// 327// 328//
f 306// 328// 311//
f 311// 328// 329//
f 311// 329// 330//
f 331// 332// 333//
f 332// 334// 335//
f 335// 334// 336//
f 335// 336// 337//
f 337// 336// 338//
f 337// 338// 339//
f 339// 338// 340//
f 339// 340// 341//
f 341// 340// 342//
f 341// 342// 343//
f 343// 342// 344//
f 343// 344// 345//
f 346// 347// 348//
f 349// 350// 351//
f 352// 353// 354//
f 355// 356// 347//
f 347// 356// 357//
f 347// 357// 348//
f 348// 357// 358//
f 348// 358// 359//
f 352// 354// 347//
f 347// 354// 360//
f 347// 360// 355//
f 351// 350// 361//
f 362// 363// 364//
f 365// 366// 367//
f 359// 368// 348//
f 348// 368// 369//
f 348// 369// 367//
f 367// 369// 370//
f 367// 370// 365//
f 366// 371// 367//
f 367// 371// 372//
f 367// 372// 373//
f 372// 374// 373//
f 373// 374// 375//
f 373// 375// 364//
f 376// 377// 378//
f 378// 377// 379//
f 378// 379// 380//
f 378// 381// 350//
f 350// 381// 382//
f 350// 382// 361//
f 380// 383// 378//
f 378// 383// 384//
f 378// 384// 381//
f 385// 386// 387//
f 387// 386// 388//
f 387// 388// 389//
f 387// 390// 385//
f 385// 390// 391//
f 385// 391// 392//
f 392// 393// 385//
f 385// 393// 394//
f 385// 394// 395//
f 395// 394// 396//
f 395// 396// 397//
f 397// 396// 398//
f 397// 398// 364//
f 364// 398// 399//
f 364// 399// 362//
f 400// 401// 389//
f 389// 401// 402//
f 389// 402// 387//
f 403// 404// 353//
f 353// 404// 405//
f 353// 405// 354//
f 403// 406// 404//
f 404// 406// 407//
f 404// 407// 408//
f 408// 407// 409//
f 408// 410// 411//
f 409// 412// 408//
f 408// 412// 413//
f 408// 413// 414//
f 414// 415// 408//
f 408// 415// 416//
f 408// 416// 410//
f 411// 417// 408//
f 408// 417// 418//
f 408// 418// 419//
f 420// 421// 422//
f 423// 424// 425//
f 425// 426// 427//
f 428// 429// 421//
f 421// 429// 430//
f 421// 430// 422//
f 431// 432// 433//
f 433// 432// 434//
f 433// 434// 425//
f 425// 434// 435//
f 425// 435// 426//
f 436// 437// 373//
f 422// 432// 420//
f 420// 432// 431//
f 420// 431// 438//
f 438// 431// 439//
f 363// 440// 364//
f 364// 440// 376//
f 364// 376// 373//
f 373// 376// 378//
f 373// 378// 436//
f 427// 441// 425//
f 425// 441// 442//
f 425// 442// 423//
f 423// 442// 443//
f 444// 445// 446//
f 443// 447// 423//
f 423// 447// 448//
f 423// 448// 378//
f 378// 448// 449//
f 378// 449// 436//
f 431// 373// 439//
f 439// 373// 437//
f 439// 437// 444//
f 444// 437// 450//
f 444// 450// 451//
f 451// 452// 444//
f 444// 452// 453//
f 444// 453// 445//
f 446// 454// 444//
f 444// 454// 455//
f 444// 455// 456//
f 190// 457// 191//
f 191// 457// 9//
f 191// 9// 458//
f 458// 9// 8//
f 458// 459// 191//
f 191// 459// 460//
f 191// 460// 424//
f 424// 460// 461//
f 424// 461// 425//
f 462// 463// 464//
f 464// 463// 465//
f 464// 465// 466//
f 466// 465// 459//
f 466// 459// 467//
f 467// 459// 458//
f 467// 458// 468//
f 458// 469// 468//
f 468// 469// 470//
f 468// 470// 471//
f 457// 198// 9//
f 9// 198// 200//
f 9// 200// 7//
f 7// 200// 472//
f 7// 472// 473//
f 473// 472// 474//
f 474// 472// 475//
f 474// 475// 433//
f 348// 476// 477//
f 349// 478// 479//
f 479// 478// 480//
f 481// 482// 483//
f 484// 485// 486//
f 351// 346// 349//
f 349// 346// 348//
f 349// 348// 478//
f 478// 348// 477//
f 487// 488// 481//
f 481// 488// 489//
f 481// 489// 490//
f 490// 489// 486//
f 490// 486// 491//
f 491// 486// 485//
f 492// 348// 493//
f 493// 348// 483//
f 493// 483// 494//
f 494// 483// 482//
f 492// 495// 348//
f 348// 495// 496//
f 348// 496// 497//
f 497// 498// 348//
f 348// 498// 499//
f 348// 499// 476//
f 500// 501// 479//
f 479// 501// 502//
f 479// 502// 503//
f 504// 505// 486//
f 486// 505// 506//
f 486// 506// 507//
f 508// 509// 479//
f 479// 509// 510//
f 479// 510// 500//
f 503// 511// 479//
f 479// 511// 512//
f 479// 512// 483//
f 483// 512// 513//
f 483// 513// 481//
f 481// 513// 514//
f 481// 514// 487//
f 507// 515// 486//
f 486// 515// 516//
f 486// 516// 484//
f 480// 517// 518//
f 518// 519// 480//
f 480// 519// 520//
f 480// 520// 479//
f 479// 520// 521//
f 479// 521// 508//
f 522// 523// 187//
f 187// 523// 184//
f 187// 184// 192//
f 192// 184// 183//
f 524// 525// 342//
f 342// 525// 344//
f 344// 525// 526//
f 344// 526// 527//
f 528// 529// 527//
f 527// 529// 522//
f 527// 522// 344//
f 344// 522// 187//
f 433// 475// 431//
f 431// 475// 530//
f 431// 530// 373//
f 373// 530// 531//
f 373// 531// 367//
f 367// 531// 6//
f 367// 6// 348//
f 348// 6// 5//
f 348// 5// 483//
f 4// 6// 320//
f 320// 6// 531//
f 320// 531// 532//
f 532// 531// 530//
f 532// 530// 533//
f 533// 530// 475//
f 533// 475// 534//
f 534// 475// 472//
f 534// 472// 231//
f 231// 472// 200//
f 231// 200// 233//
f 233// 200// 202//
f 233// 202// 242//
f 535// 536// 537//
f 537// 536// 29//
f 537// 29// 538//
f 538// 29// 21//
f 538// 21// 330//
f 330// 21// 1//
f 330// 1// 311//
f 311// 1// 3//
f 220// 479// 213//
f 213// 479// 483//
f 213// 483// 215//
f 215// 483// 5//
f 215// 5// 3//
f 3// 5// 4//
f 3// 4// 311//
f 311// 4// 314//
f 311// 314// 309//
f 309// 314// 316//
f 227// 229// 231//
f 231// 229// 253//
f 231// 253// 534//
f 534// 253// 259//
f 534// 259// 533//
f 533// 259// 258//
f 533// 258// 532//
f 532// 258// 12//
f 532// 12// 320//
f 320// 12// 11//
f 320// 11// 321//
f 539// 540// 229//
f 541// 542// 543//
f 543// 542// 544//
f 540// 545// 229//
f 229// 545// 546//
f 229// 546// 547//
f 247// 548// 543//
f 543// 548// 549//
f 543// 549// 550//
f 547// 551// 229//
f 229// 551// 552//
f 229// 552// 253//
f 253// 552// 553//
f 253// 553// 247//
f 247// 553// 554//
f 247// 554// 548//
f 550// 555// 543//
f 543// 555// 556//
f 543// 556// 541//
f 225// 224// 230//
f 230// 224// 543//
f 230// 543// 229//
f 229// 543// 544//
f 229// 544// 539//
f 523// 524// 184//
f 184// 524// 342//
f 184// 342// 202//
f 202// 342// 340//
f 202// 340// 242//
f 242// 340// 338//
f 242// 338// 244//
f 244// 338// 336//
f 244// 336// 245//
f 245// 336// 334//
f 297// 299// 14//
f 14// 299// 557//
f 14// 557// 15//
f 15// 557// 536//
f 15// 536// 306//
f 306// 536// 535//
f 306// 535// 326//
f 332// 331// 334//
f 334// 331// 558//
f 334// 558// 245//
f 245// 558// 559//
f 245// 559// 224//
f 224// 559// 560//
f 224// 560// 543//
f 543// 560// 561//
f 543// 561// 247//
f 247// 561// 562//
f 247// 562// 248//
f 248// 562// 563//
f 248// 563// 260//
f 260// 563// 299//
f 260// 299// 270//
f 270// 299// 301//
f 270// 301// 271//
f 333// 564// 331//
f 331// 564// 565//
f 331// 565// 558//
f 558// 565// 566//
f 558// 566// 559//
f 559// 566// 567//
f 559// 567// 560//
f 560// 567// 568//
f 560// 568// 561//
f 561// 568// 569//
f 561// 569// 562//
f 562// 569// 570//
f 562// 570// 563//
f 563// 570// 571//
f 563// 571// 299//
f 299// 571// 572//
f 299// 572// 557//
f 557// 572// 573//
f 557// 573// 536//
f 536// 573// 33//
f 536// 33// 29//
f 29// 33// 32//
f 29// 32// 30//
f 574// 575// 576//
f 576// 575// 577//
f 578// 579// 580//
f 580// 579// 581//
f 582// 583// 584//
f 584// 583// 585//
f 586// 587// 588//
f 588// 587// 589//
f 590// 591// 592//
f 592// 591// 593//
f 592// 593// 594//
f 594// 593// 595//
f 594// 595// 596//
f 596// 595// 597//
f 598// 599// 600//
f 600// 599// 601//
f 600// 601// 602//
f 602// 601// 603//
f 602// 603// 604//
f 604// 603// 605//
f 588// 589// 606//
f 606// 589// 607//
f 596// 597// 608//
f 608// 597// 609//
f 608// 609// 610//
f 610// 609// 611//
f 610// 611// 590//
f 590// 611// 591//
f 604// 605// 612//
f 612// 605// 613//
f 612// 613// 614//
f 614// 613// 615//
f 614// 615// 598//
f 598// 615// 599//
f 616// 617// 66//
f 66// 617// 345//
f 574// 576// 618//
f 618// 576// 619//
f 581// 579// 620//
f 620// 579// 621//
f 35// 333// 622//
f 622// 333// 623//
f 622// 623// 624//
f 624// 623// 625//
f 624// 625// 626//
f 626// 625// 627//
f 626// 627// 628//
f 628// 627// 629//
f 628// 629// 630//
f 630// 629// 631//
f 630// 631// 632//
f 632// 631// 633//
f 632// 633// 634//
f 634// 633// 635//
f 634// 635// 636//
f 636// 635// 637//
f 636// 637// 638//
f 638// 637// 639//
f 638// 639// 621//
f 621// 639// 618//
f 621// 618// 620//
f 620// 618// 619//
f 624// 626// 640//
f 628// 630// 641//
f 642// 643// 644//
f 579// 645// 646//
f 647// 645// 579//
f 644// 643// 579//
f 621// 579// 643//
f 648// 649// 650//
f 650// 649// 651//
f 650// 651// 652//
f 652// 651// 653//
f 653// 651// 654//
f 653// 654// 655//
f 655// 654// 656//
f 656// 654// 657//
f 656// 657// 658//
f 658// 657// 659//
f 659// 657// 660//
f 659// 660// 661//
f 661// 660// 662//
f 662// 660// 663//
f 662// 663// 664//
f 664// 663// 665//
f 664// 665// 593//
f 666// 647// 579//
f 632// 634// 642//
f 642// 634// 636//
f 642// 636// 643//
f 643// 636// 638//
f 643// 638// 621//
f 667// 646// 668//
f 668// 646// 645//
f 668// 645// 669//
f 669// 645// 647//
f 669// 647// 670//
f 630// 632// 641//
f 641// 632// 642//
f 641// 642// 671//
f 671// 642// 644//
f 671// 644// 672//
f 672// 644// 579//
f 666// 673// 647//
f 647// 673// 674//
f 647// 674// 670//
f 670// 674// 675//
f 670// 675// 676//
f 677// 667// 678//
f 678// 667// 668//
f 678// 668// 679//
f 679// 668// 669//
f 679// 669// 680//
f 680// 669// 670//
f 680// 670// 681//
f 681// 670// 676//
f 640// 677// 682//
f 682// 677// 678//
f 682// 678// 683//
f 683// 678// 679//
f 683// 679// 684//
f 684// 679// 680//
f 684// 680// 685//
f 685// 680// 681//
f 685// 681// 686//
f 626// 628// 640//
f 640// 628// 641//
f 640// 641// 677//
f 677// 641// 671//
f 677// 671// 667//
f 667// 671// 672//
f 667// 672// 646//
f 646// 672// 579//
f 648// 35// 649//
f 649// 35// 622//
f 649// 622// 624//
f 676// 687// 681//
f 681// 687// 688//
f 681// 688// 686//
f 686// 688// 689//
f 686// 689// 690//
f 624// 640// 649//
f 649// 640// 682//
f 649// 682// 651//
f 651// 682// 683//
f 651// 683// 654//
f 654// 683// 684//
f 654// 684// 657//
f 657// 684// 685//
f 657// 685// 660//
f 660// 685// 686//
f 660// 686// 663//
f 663// 686// 690//
f 663// 690// 665//
f 691// 692// 693//
f 694// 695// 696//
f 574// 697// 698//
f 699// 697// 574//
f 696// 695// 574//
f 700// 574// 695//
f 701// 702// 703//
f 702// 701// 704//
f 704// 701// 705//
f 704// 705// 706//
f 706// 705// 707//
f 706// 707// 708//
f 708// 707// 709//
f 708// 709// 710//
f 710// 709// 711//
f 711// 709// 712//
f 711// 712// 713//
f 713// 712// 714//
f 714// 712// 623//
f 714// 623// 333//
f 618// 699// 574//
f 715// 716// 694//
f 694// 716// 717//
f 694// 717// 695//
f 695// 717// 718//
f 695// 718// 700//
f 719// 698// 720//
f 720// 698// 697//
f 720// 697// 721//
f 721// 697// 699//
f 721// 699// 722//
f 618// 639// 699//
f 699// 639// 637//
f 699// 637// 722//
f 722// 637// 635//
f 722// 635// 633//
f 693// 719// 723//
f 723// 719// 720//
f 723// 720// 724//
f 724// 720// 721//
f 724// 721// 725//
f 725// 721// 722//
f 725// 722// 726//
f 726// 722// 633//
f 727// 728// 729//
f 729// 728// 691//
f 691// 693// 729//
f 729// 693// 723//
f 729// 723// 730//
f 730// 723// 724//
f 730// 724// 731//
f 731// 724// 725//
f 731// 725// 732//
f 732// 725// 726//
f 732// 726// 733//
f 692// 715// 693//
f 693// 715// 694//
f 693// 694// 719//
f 719// 694// 696//
f 719// 696// 698//
f 698// 696// 574//
f 727// 701// 734//
f 734// 701// 703//
f 734// 703// 603//
f 633// 631// 726//
f 726// 631// 629//
f 726// 629// 733//
f 733// 629// 627//
f 733// 627// 625//
f 727// 729// 701//
f 701// 729// 730//
f 701// 730// 705//
f 705// 730// 731//
f 705// 731// 707//
f 707// 731// 732//
f 707// 732// 709//
f 709// 732// 733//
f 709// 733// 712//
f 712// 733// 625//
f 712// 625// 623//
f 595// 593// 735//
f 735// 593// 665//
f 735// 665// 736//
f 736// 665// 690//
f 736// 690// 737//
f 737// 690// 689//
f 737// 689// 738//
f 738// 689// 688//
f 738// 688// 739//
f 739// 688// 687//
f 739// 687// 740//
f 740// 687// 676//
f 740// 676// 741//
f 741// 676// 675//
f 741// 675// 742//
f 742// 675// 674//
f 742// 674// 743//
f 743// 674// 673//
f 743// 673// 744//
f 673// 666// 744//
f 744// 666// 579//
f 744// 579// 578//
f 66// 35// 648//
f 66// 648// 745//
f 745// 648// 650//
f 745// 650// 746//
f 746// 650// 652//
f 746// 652// 747//
f 747// 652// 653//
f 747// 653// 748//
f 748// 653// 655//
f 748// 655// 749//
f 749// 655// 656//
f 749// 656// 750//
f 750// 656// 658//
f 750// 658// 751//
f 751// 658// 659//
f 751// 659// 752//
f 752// 659// 661//
f 752// 661// 753//
f 753// 661// 662//
f 753// 662// 591//
f 591// 662// 664//
f 591// 664// 593//
f 603// 703// 605//
f 605// 703// 754//
f 754// 703// 755//
f 755// 703// 702//
f 755// 702// 756//
f 756// 702// 704//
f 756// 704// 757//
f 757// 704// 706//
f 757// 706// 758//
f 758// 706// 708//
f 758// 708// 759//
f 759// 708// 710//
f 759// 710// 760//
f 760// 710// 711//
f 760// 711// 761//
f 761// 711// 713//
f 761// 713// 762//
f 713// 714// 762//
f 762// 714// 333//
f 762// 333// 345//
f 603// 601// 734//
f 734// 601// 763//
f 734// 763// 727//
f 727// 763// 764//
f 727// 764// 728//
f 728// 764// 765//
f 728// 765// 691//
f 691// 765// 766//
f 691// 766// 692//
f 692// 766// 767//
f 692// 767// 715//
f 715// 767// 768//
f 715// 768// 716//
f 716// 768// 769//
f 716// 769// 717//
f 717// 769// 770//
f 717// 770// 718//
f 718// 770// 771//
f 718// 771// 700//
f 771// 772// 700//
f 700// 772// 575//
f 700// 575// 574//
f 773// 578// 580//
f 577// 575// 774//
f 774// 575// 775//
f 774// 775// 776//
f 587// 586// 777//
f 777// 586// 778//
f 777// 778// 779//
f 779// 778// 780//
f 779// 780// 781//
f 781// 780// 782//
f 781// 782// 783//
f 783// 782// 784//
f 783// 784// 785//
f 785// 784// 786//
f 785// 786// 787//
f 787// 786// 788//
f 787// 788// 789//
f 789// 788// 790//
f 789// 790// 791//
f 791// 790// 792//
f 791// 792// 793//
f 793// 792// 794//
f 793// 794// 775//
f 775// 794// 773//
f 775// 773// 776//
f 776// 773// 580//
f 738// 739// 795//
f 796// 797// 798//
f 578// 799// 800//
f 801// 799// 578//
f 798// 797// 578//
f 744// 578// 797//
f 802// 803// 804//
f 803// 802// 805//
f 805// 802// 806//
f 805// 806// 807//
f 807// 806// 808//
f 807// 808// 809//
f 809// 808// 810//
f 809// 810// 811//
f 811// 810// 812//
f 812// 810// 813//
f 812// 813// 814//
f 814// 813// 815//
f 815// 813// 778//
f 815// 778// 586//
f 773// 801// 578//
f 740// 741// 796//
f 796// 741// 742//
f 796// 742// 797//
f 797// 742// 743//
f 797// 743// 744//
f 816// 800// 817//
f 817// 800// 799//
f 817// 799// 818//
f 818// 799// 801//
f 818// 801// 819//
f 773// 794// 801//
f 801// 794// 792//
f 801// 792// 819//
f 819// 792// 790//
f 819// 790// 788//
f 795// 816// 820//
f 820// 816// 817//
f 820// 817// 821//
f 821// 817// 818//
f 821// 818// 822//
f 822// 818// 819//
f 822// 819// 823//
f 823// 819// 788//
f 736// 737// 824//
f 824// 737// 738//
f 738// 795// 824//
f 824// 795// 820//
f 824// 820// 825//
f 825// 820// 821//
f 825// 821// 826//
f 826// 821// 822//
f 826// 822// 827//
f 827// 822// 823//
f 827// 823// 828//
f 739// 740// 795//
f 795// 740// 796//
f 795// 796// 816//
f 816// 796// 798//
f 816// 798// 800//
f 800// 798// 578//
f 736// 802// 735//
f 735// 802// 804//
f 735// 804// 595//
f 788// 786// 823//
f 823// 786// 784//
f 823// 784// 828//
f 828// 784// 782//
f 828// 782// 780//
f 736// 824// 802//
f 802// 824// 825//
f 802// 825// 806//
f 806// 825// 826//
f 806// 826// 808//
f 808// 826// 827//
f 808// 827// 810//
f 810// 827// 828//
f 810// 828// 813//
f 813// 828// 780//
f 813// 780// 778//
f 611// 829// 591//
f 591// 829// 753//
f 753// 829// 752//
f 752// 829// 830//
f 752// 830// 751//
f 751// 830// 831//
f 751// 831// 750//
f 750// 831// 832//
f 750// 832// 749//
f 749// 832// 833//
f 749// 833// 748//
f 748// 833// 834//
f 748// 834// 747//
f 747// 834// 835//
f 747// 835// 746//
f 746// 835// 836//
f 746// 836// 745//
f 836// 837// 745//
f 745// 837// 616//
f 745// 616// 66//
f 617// 616// 838//
f 838// 616// 839//
f 838// 839// 840//
f 840// 839// 841//
f 840// 841// 842//
f 842// 841// 843//
f 842// 843// 844//
f 844// 843// 845//
f 844// 845// 846//
f 846// 845// 847//
f 846// 847// 848//
f 848// 847// 849//
f 848// 849// 850//
f 850// 849// 851//
f 850// 851// 852//
f 852// 851// 853//
f 852// 853// 854//
f 854// 853// 855//
f 854// 855// 856//
f 855// 857// 856//
f 856// 857// 585//
f 856// 585// 583//
f 617// 858// 345//
f 345// 858// 762//
f 762// 858// 761//
f 761// 858// 859//
f 761// 859// 760//
f 760// 859// 860//
f 760// 860// 759//
f 759// 860// 861//
f 759// 861// 758//
f 758// 861// 862//
f 758// 862// 757//
f 757// 862// 863//
f 757// 863// 756//
f 756// 863// 864//
f 756// 864// 755//
f 755// 864// 865//
f 755// 865// 754//
f 865// 866// 754//
f 754// 866// 613//
f 754// 613// 605//
f 783// 785// 867//
f 868// 869// 870//
f 575// 871// 872//
f 873// 871// 575//
f 870// 869// 575//
f 775// 575// 869//
f 874// 875// 876//
f 875// 874// 877//
f 877// 874// 878//
f 877// 878// 879//
f 879// 878// 880//
f 879// 880// 881//
f 881// 880// 882//
f 881// 882// 883//
f 883// 882// 884//
f 884// 882// 885//
f 884// 885// 886//
f 886// 885// 887//
f 887// 885// 763//
f 887// 763// 601//
f 772// 873// 575//
f 787// 789// 868//
f 868// 789// 791//
f 868// 791// 869//
f 869// 791// 793//
f 869// 793// 775//
f 888// 872// 889//
f 889// 872// 871//
f 889// 871// 890//
f 890// 871// 873//
f 890// 873// 891//
f 772// 771// 873//
f 873// 771// 770//
f 873// 770// 891//
f 891// 770// 769//
f 891// 769// 768//
f 867// 888// 892//
f 892// 888// 889//
f 892// 889// 893//
f 893// 889// 890//
f 893// 890// 894//
f 894// 890// 891//
f 894// 891// 895//
f 895// 891// 768//
f 779// 781// 896//
f 896// 781// 783//
f 783// 867// 896//
f 896// 867// 892//
f 896// 892// 897//
f 897// 892// 893//
f 897// 893// 898//
f 898// 893// 894//
f 898// 894// 899//
f 899// 894// 895//
f 899// 895// 900//
f 785// 787// 867//
f 867// 787// 868//
f 867// 868// 888//
f 888// 868// 870//
f 888// 870// 872//
f 872// 870// 575//
f 779// 874// 777//
f 777// 874// 876//
f 777// 876// 587//
f 768// 767// 895//
f 895// 767// 766//
f 895// 766// 900//
f 900// 766// 765//
f 900// 765// 764//
f 779// 896// 874//
f 874// 896// 897//
f 874// 897// 878//
f 878// 897// 898//
f 878// 898// 880//
f 880// 898// 899//
f 880// 899// 882//
f 882// 899// 900//
f 882// 900// 885//
f 885// 900// 764//
f 885// 764// 763//
f 595// 804// 597//
f 597// 804// 901//
f 901// 804// 902//
f 902// 804// 803//
f 902// 803// 903//
f 903// 803// 805//
f 903// 805// 904//
f 904// 805// 807//
f 904// 807// 905//
f 905// 807// 809//
f 905// 809// 906//
f 906// 809// 811//
f 906// 811// 907//
f 907// 811// 812//
f 907// 812// 908//
f 908// 812// 814//
f 908// 814// 909//
f 814// 815// 909//
f 909// 815// 586//
f 909// 586// 588//
f 910// 911// 912//
f 913// 914// 915//
f 585// 916// 917//
f 918// 916// 585//
f 915// 914// 585//
f 919// 585// 914//
f 920// 830// 829//
f 830// 920// 831//
f 831// 920// 921//
f 831// 921// 832//
f 832// 921// 922//
f 832// 922// 833//
f 833// 922// 923//
f 833// 923// 834//
f 834// 923// 835//
f 835// 923// 924//
f 835// 924// 836//
f 836// 924// 837//
f 837// 924// 839//
f 837// 839// 616//
f 857// 918// 585//
f 925// 926// 913//
f 913// 926// 927//
f 913// 927// 914//
f 914// 927// 928//
f 914// 928// 919//
f 929// 917// 930//
f 930// 917// 916//
f 930// 916// 931//
f 931// 916// 918//
f 931// 918// 932//
f 857// 855// 918//
f 918// 855// 853//
f 918// 853// 932//
f 932// 853// 851//
f 932// 851// 849//
f 912// 929// 933//
f 933// 929// 930//
f 933// 930// 934//
f 934// 930// 931//
f 934// 931// 935//
f 935// 931// 932//
f 935// 932// 936//
f 936// 932// 849//
f 937// 938// 939//
f 939// 938// 910//
f 910// 912// 939//
f 939// 912// 933//
f 939// 933// 940//
f 940// 933// 934//
f 940// 934// 941//
f 941// 934// 935//
f 941// 935// 942//
f 942// 935// 936//
f 942// 936// 943//
f 911// 925// 912//
f 912// 925// 913//
f 912// 913// 929//
f 929// 913// 915//
f 929// 915// 917//
f 917// 915// 585//
f 937// 920// 944//
f 944// 920// 829//
f 944// 829// 611//
f 849// 847// 936//
f 936// 847// 845//
f 936// 845// 943//
f 943// 845// 843//
f 943// 843// 841//
f 937// 939// 920//
f 920// 939// 940//
f 920// 940// 921//
f 921// 940// 941//
f 921// 941// 922//
f 922// 941// 942//
f 922// 942// 923//
f 923// 942// 943//
f 923// 943// 924//
f 924// 943// 841//
f 924// 841// 839//
f 844// 846// 945//
f 946// 947// 948//
f 583// 949// 950//
f 951// 949// 583//
f 948// 947// 583//
f 856// 583// 947//
f 952// 859// 858//
f 859// 952// 860//
f 860// 952// 953//
f 860// 953// 861//
f 861// 953// 954//
f 861// 954// 862//
f 862// 954// 955//
f 862// 955// 863//
f 863// 955// 864//
f 864// 955// 956//
f 864// 956// 865//
f 865// 956// 866//
f 866// 956// 957//
f 866// 957// 613//
f 958// 951// 583//
f 848// 850// 946//
f 946// 850// 852//
f 946// 852// 947//
f 947// 852// 854//
f 947// 854// 856//
f 959// 950// 960//
f 960// 950// 949//
f 960// 949// 961//
f 961// 949// 951//
f 961// 951// 962//
f 958// 963// 951//
f 951// 963// 964//
f 951// 964// 962//
f 962// 964// 965//
f 962// 965// 966//
f 945// 959// 967//
f 967// 959// 960//
f 967// 960// 968//
f 968// 960// 961//
f 968// 961// 969//
f 969// 961// 962//
f 969// 962// 970//
f 970// 962// 966//
f 840// 842// 971//
f 971// 842// 844//
f 844// 945// 971//
f 971// 945// 967//
f 971// 967// 972//
f 972// 967// 968//
f 972// 968// 973//
f 973// 968// 969//
f 973// 969// 974//
f 974// 969// 970//
f 974// 970// 975//
f 846// 848// 945//
f 945// 848// 946//
f 945// 946// 959//
f 959// 946// 948//
f 959// 948// 950//
f 950// 948// 583//
f 840// 952// 838//
f 838// 952// 858//
f 838// 858// 617//
f 966// 976// 970//
f 970// 976// 977//
f 970// 977// 975//
f 975// 977// 978//
f 975// 978// 979//
f 840// 971// 952//
f 952// 971// 972//
f 952// 972// 953//
f 953// 972// 973//
f 953// 973// 954//
f 954// 973// 974//
f 954// 974// 955//
f 955// 974// 975//
f 955// 975// 956//
f 956// 975// 979//
f 956// 979// 957//
f 587// 876// 589//
f 589// 876// 980//
f 980// 876// 981//
f 981// 876// 875//
f 981// 875// 982//
f 982// 875// 877//
f 982// 877// 983//
f 983// 877// 879//
f 983// 879// 984//
f 984// 879// 881//
f 984// 881// 985//
f 985// 881// 883//
f 985// 883// 986//
f 986// 883// 884//
f 986// 884// 987//
f 987// 884// 886//
f 987// 886// 988//
f 886// 887// 988//
f 988// 887// 601//
f 988// 601// 599//
f 588// 606// 989//
f 588// 989// 909//
f 909// 989// 990//
f 909// 990// 908//
f 908// 990// 991//
f 908// 991// 907//
f 907// 991// 992//
f 907// 992// 906//
f 906// 992// 993//
f 906// 993// 905//
f 905// 993// 994//
f 905// 994// 904//
f 904// 994// 995//
f 904// 995// 903//
f 903// 995// 996//
f 903// 996// 902//
f 902// 996// 997//
f 902// 997// 901//
f 901// 997// 998//
f 901// 998// 597//
f 597// 998// 999//
f 597// 999// 609//
f 611// 609// 944//
f 944// 609// 1000//
f 944// 1000// 937//
f 937// 1000// 1001//
f 937// 1001// 938//
f 938// 1001// 1002//
f 938// 1002// 910//
f 910// 1002// 1003//
f 910// 1003// 911//
f 911// 1003// 1004//
f 911// 1004// 925//
f 925// 1004// 1005//
f 925// 1005// 926//
f 926// 1005// 1006//
f 926// 1006// 927//
f 927// 1006// 1007//
f 927// 1007// 928//
f 928// 1007// 1008//
f 928// 1008// 919//
f 1008// 1009// 919//
f 919// 1009// 584//
f 919// 584// 585//
f 615// 613// 1010//
f 1010// 613// 957//
f 1010// 957// 1011//
f 1011// 957// 979//
f 1011// 979// 1012//
f 1012// 979// 978//
f 1012// 978// 1013//
f 1013// 978// 977//
f 1013// 977// 1014//
f 1014// 977// 976//
f 1014// 976// 1015//
f 1015// 976// 966//
f 1015// 966// 1016//
f 1016// 966// 965//
f 1016// 965// 1017//
f 1017// 965// 964//
f 1017// 964// 1018//
f 1018// 964// 963//
f 1018// 963// 1019//
f 963// 958// 1019//
f 1019// 958// 583//
f 1019// 583// 582//
f 615// 1020// 599//
f 599// 1020// 988//
f 988// 1020// 987//
f 987// 1020// 1021//
f 987// 1021// 986//
f 986// 1021// 1022//
f 986// 1022// 985//
f 985// 1022// 1023//
f 985// 1023// 984//
f 984// 1023// 1024//
f 984// 1024// 983//
f 983// 1024// 1025//
f 983// 1025// 982//
f 982// 1025// 1026//
f 982// 1026// 981//
f 981// 1026// 1027//
f 981// 1027// 980//
f 1027// 1028// 980//
f 980// 1028// 607//
f 980// 607// 589//
f 1029// 1030// 1031//
f 1032// 1033// 1034//
f 1035// 1036// 1037//
f 584// 1038// 1039//
f 1040// 1038// 584//
f 1037// 1036// 584//
f 1041// 584// 1036//
f 989// 1042// 990//
f 990// 1042// 1043//
f 990// 1043// 991//
f 991// 1043// 992//
f 992// 1043// 1044//
f 992// 1044// 993//
f 993// 1044// 994//
f 994// 1044// 1045//
f 994// 1045// 995//
f 995// 1045// 996//
f 996// 1045// 1046//
f 996// 1046// 997//
f 997// 1046// 998//
f 998// 1046// 1047//
f 998// 1047// 999//
f 999// 1047// 1000//
f 999// 1000// 609//
f 1009// 1040// 584//
f 1048// 1049// 1035//
f 1035// 1049// 1050//
f 1035// 1050// 1036//
f 1036// 1050// 1051//
f 1036// 1051// 1041//
f 1052// 1039// 1053//
f 1053// 1039// 1038//
f 1053// 1038// 1054//
f 1054// 1038// 1040//
f 1054// 1040// 1055//
f 1033// 1048// 1034//
f 1034// 1048// 1035//
f 1034// 1035// 1056//
f 1056// 1035// 1037//
f 1056// 1037// 1057//
f 1057// 1037// 584//
f 1009// 1008// 1040//
f 1040// 1008// 1007//
f 1040// 1007// 1055//
f 1055// 1007// 1006//
f 1055// 1006// 1005//
f 1058// 1052// 1059//
f 1059// 1052// 1053//
f 1059// 1053// 1060//
f 1060// 1053// 1054//
f 1060// 1054// 1061//
f 1061// 1054// 1055//
f 1061// 1055// 1062//
f 1062// 1055// 1005//
f 1031// 1058// 1063//
f 1063// 1058// 1059//
f 1063// 1059// 1064//
f 1064// 1059// 1060//
f 1064// 1060// 1065//
f 1065// 1060// 1061//
f 1065// 1061// 1066//
f 1066// 1061// 1062//
f 1066// 1062// 1067//
f 1030// 1032// 1031//
f 1031// 1032// 1034//
f 1031// 1034// 1058//
f 1058// 1034// 1056//
f 1058// 1056// 1052//
f 1052// 1056// 1057//
f 1052// 1057// 1039//
f 1039// 1057// 584//
f 989// 606// 1042//
f 1042// 606// 1068//
f 1042// 1068// 1029//
f 1005// 1004// 1062//
f 1062// 1004// 1003//
f 1062// 1003// 1067//
f 1067// 1003// 1002//
f 1067// 1002// 1001//
f 1029// 1031// 1042//
f 1042// 1031// 1063//
f 1042// 1063// 1043//
f 1043// 1063// 1064//
f 1043// 1064// 1044//
f 1044// 1064// 1065//
f 1044// 1065// 1045//
f 1045// 1065// 1066//
f 1045// 1066// 1046//
f 1046// 1066// 1067//
f 1046// 1067// 1047//
f 1047// 1067// 1001//
f 1047// 1001// 1000//
f 1013// 1014// 1069//
f 1070// 1071// 1072//
f 582// 1073// 1074//
f 1075// 1073// 582//
f 1072// 1071// 582//
f 1019// 582// 1071//
f 1076// 1021// 1020//
f 1021// 1076// 1022//
f 1022// 1076// 1077//
f 1022// 1077// 1023//
f 1023// 1077// 1078//
f 1023// 1078// 1024//
f 1024// 1078// 1079//
f 1024// 1079// 1025//
f 1025// 1079// 1026//
f 1026// 1079// 1080//
f 1026// 1080// 1027//
f 1027// 1080// 1028//
f 1028// 1080// 1081//
f 1028// 1081// 607//
f 1082// 1075// 582//
f 1015// 1016// 1070//
f 1070// 1016// 1017//
f 1070// 1017// 1071//
f 1071// 1017// 1018//
f 1071// 1018// 1019//
f 1083// 1074// 1084//
f 1084// 1074// 1073//
f 1084// 1073// 1085//
f 1085// 1073// 1075//
f 1085// 1075// 1086//
f 1082// 1087// 1075//
f 1075// 1087// 1088//
f 1075// 1088// 1086//
f 1086// 1088// 1089//
f 1086// 1089// 1090//
f 1069// 1083// 1091//
f 1091// 1083// 1084//
f 1091// 1084// 1092//
f 1092// 1084// 1085//
f 1092// 1085// 1093//
f 1093// 1085// 1086//
f 1093// 1086// 1094//
f 1094// 1086// 1090//
f 1011// 1012// 1095//
f 1095// 1012// 1013//
f 1013// 1069// 1095//
f 1095// 1069// 1091//
f 1095// 1091// 1096//
f 1096// 1091// 1092//
f 1096// 1092// 1097//
f 1097// 1092// 1093//
f 1097// 1093// 1098//
f 1098// 1093// 1094//
f 1098// 1094// 1099//
f 1014// 1015// 1069//
f 1069// 1015// 1070//
f 1069// 1070// 1083//
f 1083// 1070// 1072//
f 1083// 1072// 1074//
f 1074// 1072// 582//
f 1011// 1076// 1010//
f 1010// 1076// 1020//
f 1010// 1020// 615//
f 1090// 1100// 1094//
f 1094// 1100// 1101//
f 1094// 1101// 1099//
f 1099// 1101// 1102//
f 1099// 1102// 1103//
f 1011// 1095// 1076//
f 1076// 1095// 1096//
f 1076// 1096// 1077//
f 1077// 1096// 1097//
f 1077// 1097// 1078//
f 1078// 1097// 1098//
f 1078// 1098// 1079//
f 1079// 1098// 1099//
f 1079// 1099// 1080//
f 1080// 1099// 1103//
f 1080// 1103// 1081//
f 606// 607// 1068//
f 1068// 607// 1081//
f 1068// 1081// 1029//
f 1029// 1081// 1103//
f 1029// 1103// 1030//
f 1030// 1103// 1102//
f 1030// 1102// 1032//
f 1032// 1102// 1101//
f 1032// 1101// 1033//
f 1033// 1101// 1100//
f 1033// 1100// 1048//
f 1048// 1100// 1090//
f 1048// 1090// 1049//
f 1049// 1090// 1089//
f 1049// 1089// 1050//
f 1050// 1089// 1088//
f 1050// 1088// 1051//
f 1051// 1088// 1087//
f 1051// 1087// 1041//
f 1087// 1082// 1041//
f 1041// 1082// 582//
f 1041// 582// 584//
usemtl 2
f 1104// 1105// 1106//
f 1106// 1105// 1107//
f 1106// 1107// 1108//
f 1108// 1107// 1109//
f 1108// 1109// 1110//
f 1110// 1109// 1111//
f 1110// 1111// 1112//
f 1112// 1111// 1113//
f 1112// 1113// 1114//
f 1114// 1113// 1115//
f 1114// 1115// 1116//
f 1116// 1115// 1117//
f 1118// 1116// 1119//
f 1119// 1116// 1117//
f 1118// 1119// 1120//
f 1118// 1120// 1121//
f 1121// 1120// 1122//
f 1121// 1122// 1123//
f 1123// 1122// 1124//
f 1123// 1124// 1125//
f 1125// 1124// 1126//
f 1125// 1126// 1127//
f 1127// 1126// 1128//
f 1127// 1128// 1129//
f 1129// 1128// 1130//
f 1129// 1130// 1131//
f 1132// 1131// 1133//
f 1133// 1131// 1130//
f 1134// 1132// 1135//
f 1135// 1132// 1133//
f 1136// 1134// 1137//
f 1137// 1134// 1135//
f 1136// 1137// 1138//
f 1138// 1137// 1139//
f 1138// 1139// 1140//
f 1140// 1139// 1141//
f 1140// 1141// 1142//
f 1142// 1141// 1143//
f 1142// 1143// 1144//
f 1144// 1143// 1145//
f 1144// 1145// 1146//
f 1146// 1145// 1147//
f 1146// 1147// 1148//
f 1148// 1147// 1149//
f 1150// 1148// 1151//
f 1151// 1148// 1149//
f 1150// 1151// 1152//
f 1150// 1152// 1153//
f 1153// 1152// 1154//
f 1153// 1154// 1155//
f 1155// 1154// 1156//
f 1155// 1156// 1157//
f 1157// 1156// 1158//
f 1157// 1158// 1159//
f 1159// 1158// 1160//
f 1159// 1160// 1161//
f 1161// 1160// 1162//
f 1161// 1162// 1163//
f 600// 1162// 598//
f 598// 1162// 1160//
f 1160// 1158// 598//
f 598// 1158// 1156//
f 598// 1156// 1154//
f 1135// 1133// 1137//
f 1137// 1133// 1130//
f 1137// 1130// 1139//
f 1139// 1130// 1128//
f 1139// 1128// 1141//
f 1141// 1128// 1126//
f 1141// 1126// 1143//
f 1143// 1126// 1124//
f 1143// 1124// 1145//
f 1145// 1124// 1122//
f 1145// 1122// 1147//
f 1147// 1122// 1120//
f 1147// 1120// 1149//
f 1149// 1120// 1119//
f 1149// 1119// 1151//
f 1151// 1119// 1117//
f 1151// 1117// 1152//
f 1152// 1117// 1115//
f 1152// 1115// 1154//
f 1154// 1115// 1113//
f 1154// 1113// 1111//
f 1111// 1109// 1154//
f 1154// 1109// 1107//
f 1154// 1107// 598//
f 598// 1107// 1105//
f 598// 1105// 614//
f 1163// 602// 604//
f 604// 1155// 1157//
f 1106// 1108// 1155//
f 1157// 1159// 604//
f 604// 1159// 1161//
f 604// 1161// 1163//
f 1106// 1155// 1104//
f 1104// 1155// 604//
f 1104// 604// 612//
f 1132// 1134// 1131//
f 1131// 1134// 1136//
f 1131// 1136// 1129//
f 1129// 1136// 1138//
f 1129// 1138// 1127//
f 1127// 1138// 1140//
f 1127// 1140// 1125//
f 1125// 1140// 1142//
f 1125// 1142// 1123//
f 1123// 1142// 1144//
f 1123// 1144// 1121//
f 1121// 1144// 1146//
f 1121// 1146// 1118//
f 1118// 1146// 1148//
f 1118// 1148// 1116//
f 1116// 1148// 1150//
f 1116// 1150// 1114//
f 1114// 1150// 1153//
f 1114// 1153// 1112//
f 1112// 1153// 1155//
f 1112// 1155// 1110//
f 1110// 1155// 1108//
f 614// 1105// 612//
f 612// 1105// 1104//
f 1163// 1162// 602//
f 602// 1162// 600//
f 1164// 1165// 594//
f 594// 1165// 592//
f 610// 1166// 608//
f 608// 1166// 1167//
f 592// 1165// 590//
f 590// 1165// 1168//
f 1168// 1169// 590//
f 590// 1169// 1170//
f 590// 1170// 1171//
f 1172// 1173// 1171//
f 1171// 1173// 1174//
f 1171// 1174// 590//
f 590// 1174// 1166//
f 590// 1166// 610//
f 1175// 1176// 1177//
f 1177// 1176// 1178//
f 1177// 1178// 1179//
f 1179// 1178// 1180//
f 1179// 1180// 1181//
f 1181// 1180// 1182//
f 1181// 1182// 1183//
f 1183// 1182// 1184//
f 1183// 1184// 1185//
f 1185// 1184// 1186//
f 1185// 1186// 1187//
f 1187// 1186// 1188//
f 1187// 1188// 1189//
f 1189// 1188// 1190//
f 1189// 1190// 1191//
f 1191// 1190// 1192//
f 1191// 1192// 1193//
f 1193// 1192// 1194//
f 1193// 1194// 1171//
f 1171// 1194// 1195//
f 1171// 1195// 1172//
f 1196// 596// 1197//
f 1197// 596// 1198//
f 1196// 1199// 596//
f 596// 1199// 1164//
f 596// 1164// 594//
f 596// 608// 1167//
f 596// 1167// 1198//
f 1198// 1167// 1200//
f 1198// 1200// 1201//
f 1201// 1202// 1198//
f 1198// 1202// 1203//
f 1198// 1203// 1204//
f 1204// 1203// 1205//
f 1204// 1205// 1206//
f 1206// 1205// 1207//
f 1206// 1207// 1208//
f 1208// 1207// 1209//
f 1208// 1209// 1210//
f 1210// 1209// 1211//
f 1210// 1211// 1212//
f 1212// 1211// 1213//
f 1212// 1213// 1214//
f 1214// 1213// 1215//
f 1214// 1215// 1216//
f 1216// 1215// 1217//
f 1216// 1217// 1218//
f 1218// 1217// 1219//
f 1218// 1219// 1220//
f 1220// 1219// 1221//
f 1220// 1221// 1222//
f 1222// 1221// 1223//
f 1175// 1177// 1222//
f 1222// 1177// 1220//
f 1176// 1175// 1223//
f 1223// 1175// 1222//
f 1178// 1176// 1221//
f 1221// 1176// 1223//
f 1178// 1221// 1219//
f 1178// 1219// 1180//
f 1180// 1219// 1217//
f 1180// 1217// 1182//
f 1182// 1217// 1215//
f 1182// 1215// 1184//
f 1184// 1215// 1213//
f 1184// 1213// 1186//
f 1186// 1213// 1211//
f 1186// 1211// 1188//
f 1188// 1211// 1209//
f 1188// 1209// 1190//
f 1192// 1190// 1207//
f 1207// 1190// 1209//
f 1192// 1207// 1194//
f 1194// 1207// 1205//
f 1194// 1205// 1195//
f 1195// 1205// 1203//
f 1195// 1203// 1172//
f 1172// 1203// 1202//
f 1172// 1202// 1173//
f 1173// 1202// 1201//
f 1173// 1201// 1174//
f 1174// 1201// 1200//
f 1174// 1200// 1166//
f 1166// 1200// 1167//
f 1165// 1164// 1199//
f 1165// 1199// 1168//
f 1168// 1199// 1196//
f 1168// 1196// 1169//
f 1169// 1196// 1197//
f 1169// 1197// 1170//
f 1170// 1197// 1198//
f 1170// 1198// 1171//
f 1171// 1198// 1204//
f 1171// 1204// 1193//
f 1193// 1204// 1206//
f 1193// 1206// 1191//
f 1189// 1191// 1208//
f 1208// 1191// 1206//
f 1189// 1208// 1187//
f 1187// 1208// 1210//
f 1187// 1210// 1185//
f 1185// 1210// 1212//
f 1185// 1212// 1183//
f 1183// 1212// 1214//
f 1183// 1214// 1181//
f 1181// 1214// 1216//
f 1181// 1216// 1179//
f 1179// 1216// 1218//
f 1179// 1218// 1177//
f 1177// 1218// 1220//
usemtl 3
f 774// 619// 577//
f 577// 619// 576//
f 581// 620// 580//
f 580// 620// 776//
f 776// 620// 774//
f 774// 620// 619//
f 1224// 1225// 328//
f 328// 1225// 329//
f 1226// 1224// 327//
f 327// 1224// 328//
f 1226// 327// 1227//
f 1227// 327// 326//
f 1227// 326// 535//
f 1228// 1227// 537//
f 537// 1227// 535//
f 330// 1229// 538//
f 538// 1229// 1228//
f 538// 1228// 537//
f 1225// 1229// 329//
f 329// 1229// 330//
f 1227// 1228// 1226//
f 1226// 1228// 1229//
f 1226// 1229// 1224//
f 1224// 1229// 1225//
f 323// 1230// 1231//
f 1232// 321// 11//
f 1232// 11// 1233//
f 11// 10// 1233//
f 1233// 10// 325//
f 1233// 325// 1231//
f 1231// 325// 324//
f 1231// 324// 323//
f 1234// 1230// 279//
f 279// 1230// 323//
f 1234// 279// 277//
f 1234// 277// 1235//
f 277// 275// 1235//
f 1235// 275// 274//
f 1235// 274// 1236//
f 1236// 274// 296//
f 1236// 296// 1237//
f 1237// 296// 295//
f 1237// 295// 1238//
f 1238// 295// 294//
f 1238// 294// 1239//
f 1239// 294// 293//
f 1239// 293// 1240//
f 1240// 293// 292//
f 1240// 292// 1241//
f 1241// 292// 283//
f 1241// 283// 1242//
f 1242// 283// 282//
f 1242// 282// 1243//
f 1243// 282// 281//
f 1243// 281// 1244//
f 1244// 281// 290//
f 1244// 290// 1245//
f 1245// 290// 291//
f 1245// 291// 1246//
f 1246// 291// 285//
f 1246// 285// 1247//
f 1247// 285// 284//
f 1247// 284// 1248//
f 1248// 284// 286//
f 1248// 286// 1249//
f 1249// 286// 287//
f 1249// 287// 1250//
f 1250// 287// 289//
f 1250// 289// 1251//
f 1251// 289// 288//
f 1251// 288// 1252//
f 273// 1253// 1254//
f 1252// 288// 280//
f 1252// 280// 1255//
f 1255// 280// 276//
f 1255// 276// 1254//
f 1254// 276// 278//
f 1254// 278// 273//
f 1256// 1253// 272//
f 272// 1253// 273//
f 301// 1257// 271//
f 271// 1257// 1256//
f 271// 1256// 272//
f 301// 300// 1257//
f 1257// 300// 298//
f 1257// 298// 1258//
f 1258// 298// 297//
f 1258// 297// 1259//
f 1260// 1259// 14//
f 14// 1259// 297//
f 14// 13// 1260//
f 1260// 13// 305//
f 1260// 305// 1261//
f 1261// 305// 304//
f 1261// 304// 1262//
f 1262// 304// 303//
f 1262// 303// 1263//
f 1263// 303// 302//
f 1263// 302// 1264//
f 1264// 302// 308//
f 1264// 308// 1265//
f 308// 307// 1265//
f 1265// 307// 313//
f 1265// 313// 1266//
f 1266// 313// 312//
f 1266// 312// 1267//
f 315// 1268// 1269//
f 1267// 312// 310//
f 1267// 310// 1270//
f 1270// 310// 309//
f 1270// 309// 1269//
f 1269// 309// 316//
f 1269// 316// 315//
f 321// 1232// 322//
f 322// 1232// 1271//
f 322// 1271// 317//
f 317// 1271// 1272//
f 317// 1272// 318//
f 318// 1272// 1273//
f 318// 1273// 319//
f 319// 1273// 1268//
f 319// 1268// 315//
f 1254// 1253// 1256//
f 1249// 1262// 1248//
f 1248// 1262// 1263//
f 1248// 1263// 1247//
f 1247// 1263// 1264//
f 1247// 1264// 1246//
f 1254// 1256// 1255//
f 1255// 1256// 1257//
f 1255// 1257// 1252//
f 1252// 1257// 1258//
f 1252// 1258// 1251//
f 1251// 1258// 1259//
f 1251// 1259// 1250//
f 1250// 1259// 1260//
f 1250// 1260// 1249//
f 1249// 1260// 1261//
f 1249// 1261// 1262//
f 1267// 1245// 1266//
f 1266// 1245// 1246//
f 1266// 1246// 1265//
f 1265// 1246// 1264//
f 1230// 1234// 1231//
f 1231// 1234// 1235//
f 1231// 1235// 1233//
f 1233// 1235// 1236//
f 1233// 1236// 1232//
f 1232// 1236// 1237//
f 1232// 1237// 1271//
f 1271// 1237// 1238//
f 1271// 1238// 1272//
f 1272// 1238// 1239//
f 1272// 1239// 1273//
f 1273// 1239// 1240//
f 1273// 1240// 1268//
f 1268// 1240// 1241//
f 1268// 1241// 1269//
f 1269// 1241// 1242//
f 1269// 1242// 1270//
f 1270// 1242// 1243//
f 1270// 1243// 1267//
f 1267// 1243// 1244//
f 1267// 1244// 1245//
f 1274// 1275// 267//
f 267// 1275// 268//
f 264// 1276// 266//
f 266// 1276// 1274//
f 266// 1274// 267//
f 1277// 1276// 263//
f 263// 1276// 264//
f 252// 1278// 265//
f 265// 1278// 1277//
f 265// 1277// 263//
f 1279// 1278// 250//
f 250// 1278// 252//
f 256// 1280// 249//
f 249// 1280// 1279//
f 249// 1279// 250//
f 1281// 1280// 255//
f 255// 1280// 256//
f 251// 1282// 254//
f 254// 1282// 1281//
f 254// 1281// 255//
f 1283// 1282// 246//
f 246// 1282// 251//
f 261// 1284// 262//
f 262// 1284// 1283//
f 262// 1283// 246//
f 1285// 1284// 257//
f 257// 1284// 261//
f 268// 1275// 269//
f 269// 1275// 1285//
f 269// 1285// 257//
f 1285// 1275// 1274//
f 1274// 1276// 1285//
f 1285// 1276// 1277//
f 1285// 1277// 1284//
f 1282// 1283// 1281//
f 1281// 1283// 1284//
f 1281// 1284// 1280//
f 1280// 1284// 1277//
f 1280// 1277// 1279//
f 1279// 1277// 1278//
f 1286// 1287// 1288//
f 1288// 1287// 1289//
f 1288// 1289// 1290//
f 1290// 1289// 1291//
f 1290// 1291// 1292//
f 1292// 1291// 1293//
f 1292// 1293// 1294//
f 1294// 1293// 1295//
f 1294// 1295// 1296//
f 1296// 1295// 1297//
f 1296// 1297// 1298//
f 1298// 1297// 1299//
f 1298// 1299// 1300//
f 1300// 1299// 1301//
f 1300// 1301// 1302//
f 1302// 1301// 1303//
f 1302// 1303// 1304//
f 1304// 1303// 1305//
f 1304// 1305// 1306//
f 1306// 1305// 1307//
f 1306// 1307// 1308//
f 1308// 1307// 1309//
f 1308// 1309// 1310//
f 1310// 1309// 1311//
f 1310// 1311// 1312//
f 1312// 1311// 1313//
f 1312// 1313// 1314//
f 1314// 1313// 1315//
f 1314// 1315// 1316//
f 1316// 1315// 1317//
f 1316// 1317// 1318//
f 1318// 1317// 1319//
f 1318// 1319// 1320//
f 1320// 1319// 1286//
f 1320// 1286// 1288//
f 1294// 1296// 552//
f 552// 1296// 553//
f 1294// 552// 551//
f 1294// 551// 1292//
f 1292// 551// 547//
f 1292// 547// 1290//
f 1290// 547// 546//
f 1290// 546// 1288//
f 1288// 546// 545//
f 1288// 545// 1320//
f 1320// 545// 540//
f 1320// 540// 1318//
f 1318// 540// 539//
f 1318// 539// 1316//
f 1316// 539// 544//
f 1316// 544// 1314//
f 1314// 544// 542//
f 1314// 542// 1312//
f 1312// 542// 541//
f 1312// 541// 1310//
f 1310// 541// 556//
f 1310// 556// 1308//
f 1308// 556// 555//
f 1308// 555// 1306//
f 1306// 555// 550//
f 1306// 550// 1304//
f 1304// 550// 549//
f 1304// 549// 1302//
f 1302// 549// 548//
f 1302// 548// 1300//
f 1298// 1300// 554//
f 554// 1300// 548//
f 1296// 1298// 553//
f 553// 1298// 554//
f 1301// 1299// 1321//
f 1321// 1299// 1322//
f 1299// 1297// 1322//
f 1322// 1297// 1323//
f 1297// 1295// 1323//
f 1323// 1295// 1324//
f 1287// 1325// 1326//
f 1287// 1326// 1289//
f 1289// 1326// 1327//
f 1289// 1327// 1291//
f 1291// 1327// 1328//
f 1291// 1328// 1293//
f 1293// 1328// 1324//
f 1293// 1324// 1295//
f 1315// 1329// 1330//
f 1315// 1330// 1317//
f 1317// 1330// 1331//
f 1317// 1331// 1319//
f 1319// 1331// 1332//
f 1319// 1332// 1286//
f 1286// 1332// 1325//
f 1286// 1325// 1287//
f 1307// 1333// 1334//
f 1307// 1334// 1309//
f 1309// 1334// 1335//
f 1309// 1335// 1311//
f 1311// 1335// 1336//
f 1311// 1336// 1313//
f 1313// 1336// 1329//
f 1313// 1329// 1315//
f 1301// 1321// 1337//
f 1301// 1337// 1303//
f 1303// 1337// 1338//
f 1303// 1338// 1305//
f 1305// 1338// 1333//
f 1305// 1333// 1307//
usemtl 1
f 1326// 1325// 1321//
f 1322// 1323// 1321//
f 1321// 1323// 1324//
f 1324// 1328// 1321//
f 1321// 1328// 1327//
f 1321// 1327// 1326//
f 1325// 1332// 1321//
f 1321// 1332// 1331//
f 1321// 1331// 1330//
f 1330// 1329// 1321//
f 1321// 1329// 1336//
f 1321// 1336// 1335//
f 1335// 1334// 1321//
f 1321// 1334// 1333//
f 1321// 1333// 1337//
f 1337// 1333// 1338//
usemtl 3
f 1339// 1340// 1341//
f 1342// 1343// 1344//
f 1340// 1345// 1341//
f 1341// 1345// 1346//
f 1341// 1346// 1347//
f 1347// 1346// 1348//
f 1347// 1348// 1349//
f 1349// 1350// 1347//
f 1347// 1350// 1351//
f 1347// 1351// 1352//
f 1353// 1352// 1354//
f 1354// 1352// 1351//
f 1354// 1351// 1344//
f 1344// 1351// 1339//
f 1344// 1339// 1342//
f 1342// 1339// 1341//
f 226// 1347// 243//
f 243// 1347// 1352//
f 243// 1352// 241//
f 1341// 1347// 225//
f 225// 1347// 226//
f 228// 227// 1342//
f 228// 1342// 230//
f 230// 1342// 1341//
f 230// 1341// 225//
f 1343// 1342// 232//
f 232// 1342// 227//
f 237// 1344// 234//
f 234// 1344// 1343//
f 234// 1343// 232//
f 238// 1354// 236//
f 236// 1354// 1344//
f 236// 1344// 237//
f 240// 1353// 239//
f 239// 1353// 1354//
f 239// 1354// 238//
f 1352// 1353// 241//
f 241// 1353// 240//
f 1339// 1351// 1355//
f 1355// 1351// 1356//
f 1351// 1350// 1356//
f 1356// 1350// 1357//
f 1348// 1358// 1359//
f 1348// 1359// 1349//
f 1349// 1359// 1357//
f 1349// 1357// 1350//
f 1348// 1346// 1358//
f 1358// 1346// 1360//
f 1340// 1361// 1362//
f 1340// 1362// 1345//
f 1345// 1362// 1360//
f 1345// 1360// 1346//
f 1340// 1339// 1361//
f 1361// 1339// 1355//
usemtl 1
f 1358// 1360// 1359//
f 1359// 1360// 1362//
f 1359// 1362// 1357//
f 1357// 1362// 1361//
f 1357// 1361// 1356//
f 1356// 1361// 1355//
usemtl 3
f 1363// 1364// 211//
f 211// 1364// 221//
f 1365// 1363// 209//
f 209// 1363// 211//
f 1366// 1365// 208//
f 208// 1365// 209//
f 1367// 1366// 210//
f 210// 1366// 208//
f 1368// 1367// 212//
f 212// 1367// 210//
f 1369// 1368// 207//
f 207// 1368// 212//
f 1370// 1369// 206//
f 206// 1369// 207//
f 1371// 1370// 205//
f 205// 1370// 206//
f 1371// 205// 214//
f 1371// 214// 1372//
f 1372// 214// 216//
f 1372// 216// 217//
f 1373// 1372// 218//
f 218// 1372// 217//
f 222// 1374// 223//
f 223// 1374// 1373//
f 223// 1373// 219//
f 219// 1373// 218//
f 1364// 1374// 221//
f 221// 1374// 222//
f 1374// 1364// 1363//
f 1363// 1365// 1374//
f 1374// 1365// 1366//
f 1374// 1366// 1373//
f 1371// 1372// 1370//
f 1370// 1372// 1373//
f 1370// 1373// 1369//
f 1369// 1373// 1366//
f 1369// 1366// 1368//
f 1368// 1366// 1367//
f 1375// 1376// 1377//
f 1377// 1376// 1378//
f 1379// 1380// 1381//
f 1381// 1380// 1382//
f 1383// 1384// 1378//
f 1378// 1384// 1385//
f 1378// 1385// 1386//
f 1386// 1387// 1378//
f 1378// 1387// 1388//
f 1378// 1388// 1377//
f 1377// 1388// 1389//
f 1377// 1389// 1379//
f 1379// 1389// 1390//
f 1379// 1390// 1380//
f 1391// 1392// 1393//
f 1393// 1392// 1394//
f 1395// 1383// 1396//
f 1396// 1383// 1378//
f 1396// 1378// 1397//
f 1397// 1378// 1398//
f 1397// 1398// 1399//
f 1399// 1398// 1400//
f 1399// 1400// 1401//
f 1401// 1400// 1402//
f 1401// 1402// 1394//
f 1394// 1402// 1403//
f 1394// 1403// 1393//
f 1404// 1405// 1406//
f 1406// 1405// 1407//
f 1406// 1407// 1408//
f 1408// 1407// 1409//
f 1408// 1409// 1410//
f 1410// 1409// 1411//
f 1410// 1411// 1391//
f 1391// 1411// 1412//
f 1391// 1412// 1392//
f 1413// 1414// 1415//
f 1415// 1414// 1416//
f 1415// 1416// 1417//
f 1417// 1416// 1418//
f 1417// 1418// 1419//
f 1419// 1418// 1420//
f 1419// 1420// 1421//
f 1421// 1420// 1422//
f 1421// 1422// 1423//
f 1423// 1422// 1424//
f 1423// 1424// 1382//
f 1382// 1424// 1425//
f 1382// 1425// 1381//
f 1396// 1426// 1395//
f 1395// 1426// 1427//
f 1395// 1427// 1428//
f 1428// 1427// 1429//
f 1428// 1429// 1430//
f 1430// 1429// 1431//
f 1430// 1431// 1432//
f 1432// 1431// 1433//
f 1432// 1433// 1434//
f 1434// 1433// 1435//
f 1434// 1435// 1436//
f 1436// 1435// 1437//
f 1436// 1437// 1438//
f 1438// 1437// 1439//
f 1438// 1439// 1440//
f 1440// 1439// 1441//
f 1440// 1441// 1413//
f 1413// 1441// 1442//
f 1413// 1442// 1414//
f 1410// 492// 493//
f 1410// 493// 1408//
f 1408// 493// 494//
f 1408// 494// 1406//
f 1406// 494// 482//
f 1406// 482// 1404//
f 1405// 1404// 481//
f 481// 1404// 482//
f 1405// 481// 490//
f 1405// 490// 1407//
f 1407// 490// 491//
f 1407// 491// 1409//
f 1409// 491// 485//
f 1409// 485// 1411//
f 1411// 485// 484//
f 1411// 484// 1412//
f 1412// 484// 516//
f 1412// 516// 1392//
f 1392// 516// 515//
f 1392// 515// 1394//
f 1394// 515// 507//
f 1394// 507// 1401//
f 1401// 507// 506//
f 1401// 506// 1399//
f 1399// 506// 505//
f 1399// 505// 1397//
f 1397// 505// 504//
f 1397// 504// 1396//
f 1426// 1396// 486//
f 486// 1396// 504//
f 1426// 486// 489//
f 1426// 489// 1427//
f 1427// 489// 488//
f 1427// 488// 1429//
f 1429// 488// 487//
f 1429// 487// 1431//
f 1431// 487// 514//
f 1431// 514// 1433//
f 1433// 514// 513//
f 1433// 513// 1435//
f 1435// 513// 512//
f 1435// 512// 1437//
f 1437// 512// 511//
f 1437// 511// 1439//
f 1439// 511// 503//
f 1439// 503// 1441//
f 1441// 503// 502//
f 1441// 502// 1442//
f 1442// 502// 501//
f 1442// 501// 1414//
f 1414// 501// 500//
f 1414// 500// 1416//
f 1416// 500// 510//
f 1416// 510// 1418//
f 1418// 510// 509//
f 1418// 509// 1420//
f 1420// 509// 508//
f 1420// 508// 1422//
f 1422// 508// 521//
f 1422// 521// 1424//
f 1424// 521// 520//
f 1424// 520// 1425//
f 1425// 520// 519//
f 1425// 519// 1381//
f 1381// 519// 518//
f 1381// 518// 1379//
f 1377// 1379// 517//
f 517// 1379// 518//
f 1375// 1377// 480//
f 480// 1377// 517//
f 1376// 1375// 478//
f 478// 1375// 480//
f 1378// 1376// 477//
f 477// 1376// 478//
f 1378// 477// 476//
f 1378// 476// 1398//
f 1398// 476// 499//
f 1398// 499// 1400//
f 1400// 499// 498//
f 1400// 498// 1402//
f 1402// 498// 497//
f 1402// 497// 1403//
f 1403// 497// 496//
f 1403// 496// 1393//
f 1393// 496// 495//
f 1393// 495// 1391//
f 1391// 495// 492//
f 1391// 492// 1410//
f 1428// 1443// 1444//
f 1428// 1444// 1395//
f 1395// 1444// 1445//
f 1395// 1445// 1383//
f 1383// 1445// 1446//
f 1383// 1446// 1384//
f 1436// 1447// 1448//
f 1436// 1448// 1434//
f 1434// 1448// 1449//
f 1434// 1449// 1432//
f 1432// 1449// 1450//
f 1432// 1450// 1430//
f 1430// 1450// 1443//
f 1430// 1443// 1428//
f 1415// 1451// 1452//
f 1415// 1452// 1413//
f 1413// 1452// 1453//
f 1413// 1453// 1440//
f 1440// 1453// 1454//
f 1440// 1454// 1438//
f 1438// 1454// 1447//
f 1438// 1447// 1436//
f 1421// 1455// 1456//
f 1421// 1456// 1419//
f 1419// 1456// 1457//
f 1419// 1457// 1417//
f 1417// 1457// 1451//
f 1417// 1451// 1415//
f 1390// 1458// 1459//
f 1390// 1459// 1380//
f 1380// 1459// 1460//
f 1380// 1460// 1382//
f 1382// 1460// 1461//
f 1382// 1461// 1423//
f 1423// 1461// 1455//
f 1423// 1455// 1421//
f 1386// 1462// 1463//
f 1386// 1463// 1387//
f 1387// 1463// 1464//
f 1387// 1464// 1388//
f 1388// 1464// 1465//
f 1388// 1465// 1389//
f 1389// 1465// 1458//
f 1389// 1458// 1390//
f 1386// 1385// 1462//
f 1462// 1385// 1466//
f 1385// 1384// 1466//
f 1466// 1384// 1446//
usemtl 1
f 1463// 1462// 1443//
f 1462// 1466// 1446//
f 1446// 1445// 1462//
f 1462// 1445// 1444//
f 1462// 1444// 1443//
f 1463// 1443// 1464//
f 1464// 1443// 1450//
f 1464// 1450// 1465//
f 1452// 1451// 1459//
f 1452// 1459// 1453//
f 1460// 1459// 1461//
f 1461// 1459// 1455//
f 1450// 1449// 1465//
f 1465// 1449// 1448//
f 1465// 1448// 1458//
f 1458// 1448// 1447//
f 1458// 1447// 1459//
f 1459// 1447// 1454//
f 1459// 1454// 1453//
f 1451// 1457// 1459//
f 1459// 1457// 1456//
f 1459// 1456// 1455//
usemtl 3
f 347// 1467// 1468//
f 1469// 406// 403//
f 1469// 403// 1470//
f 1470// 403// 353//
f 1470// 353// 1468//
f 1468// 353// 352//
f 1468// 352// 347//
f 1471// 1467// 346//
f 346// 1467// 347//
f 382// 1472// 1473//
f 1471// 346// 351//
f 1471// 351// 1473//
f 1473// 351// 361//
f 1473// 361// 382//
f 1472// 382// 381//
f 1472// 381// 1474//
f 1474// 381// 384//
f 1474// 384// 1475//
f 1475// 384// 383//
f 1475// 383// 1476//
f 1476// 383// 380//
f 1476// 380// 1477//
f 1477// 380// 379//
f 1477// 379// 1478//
f 1478// 379// 377//
f 1478// 377// 1479//
f 1479// 377// 376//
f 1479// 376// 1480//
f 1480// 376// 440//
f 1480// 440// 1481//
f 1481// 440// 363//
f 1481// 363// 1482//
f 1482// 363// 362//
f 1482// 362// 1483//
f 1483// 362// 399//
f 1483// 399// 1484//
f 1484// 399// 398//
f 1484// 398// 1485//
f 1485// 398// 396//
f 1485// 396// 1486//
f 1486// 396// 394//
f 1486// 394// 1487//
f 1487// 394// 393//
f 1487// 393// 1488//
f 1488// 393// 392//
f 1488// 392// 1489//
f 1489// 392// 391//
f 1489// 391// 1490//
f 1490// 391// 390//
f 1490// 390// 1491//
f 1491// 390// 387//
f 1491// 387// 1492//
f 1492// 387// 402//
f 1492// 402// 1493//
f 1493// 402// 401//
f 1493// 401// 1494//
f 1494// 401// 400//
f 1494// 400// 1495//
f 1495// 400// 389//
f 1495// 389// 1496//
f 1496// 389// 388//
f 1496// 388// 1497//
f 1497// 388// 386//
f 1497// 386// 1498//
f 1498// 386// 385//
f 1498// 385// 1499//
f 1499// 385// 395//
f 1499// 395// 1500//
f 1500// 395// 397//
f 1500// 397// 1501//
f 1501// 397// 364//
f 1501// 364// 1502//
f 1503// 1502// 375//
f 375// 1502// 364//
f 1503// 375// 374//
f 1503// 374// 1504//
f 1504// 374// 372//
f 1504// 372// 1505//
f 1505// 372// 371//
f 1505// 371// 1506//
f 1506// 371// 366//
f 1506// 366// 1507//
f 1507// 366// 365//
f 1507// 365// 1508//
f 1509// 1508// 370//
f 370// 1508// 365//
f 370// 369// 1509//
f 1509// 369// 368//
f 1509// 368// 1510//
f 1510// 368// 359//
f 1510// 359// 1511//
f 1511// 359// 358//
f 1511// 358// 1512//
f 1512// 358// 357//
f 1512// 357// 1513//
f 1513// 357// 356//
f 1513// 356// 1514//
f 1514// 356// 355//
f 1514// 355// 1515//
f 404// 1516// 1517//
f 1515// 355// 360//
f 1515// 360// 1518//
f 1518// 360// 354//
f 1518// 354// 1517//
f 1517// 354// 405//
f 1517// 405// 404//
f 1516// 404// 408//
f 1516// 408// 1519//
f 1519// 408// 419//
f 1519// 419// 1520//
f 1520// 419// 418//
f 1520// 418// 1521//
f 1521// 418// 417//
f 1521// 417// 1522//
f 1522// 417// 411//
f 1522// 411// 1523//
f 1523// 411// 410//
f 1523// 410// 1524//
f 1524// 410// 416//
f 1524// 416// 1525//
f 1525// 416// 415//
f 1525// 415// 1526//
f 1526// 415// 414//
f 1526// 414// 1527//
f 1527// 414// 413//
f 1527// 413// 1528//
f 1528// 413// 412//
f 1528// 412// 1529//
f 1529// 412// 409//
f 1529// 409// 1530//
f 1530// 409// 407//
f 1530// 407// 1531//
f 1531// 407// 406//
f 1531// 406// 1469//
f 1495// 1496// 1507//
f 1507// 1496// 1506//
f 1519// 1486// 1516//
f 1516// 1486// 1487//
f 1475// 1476// 1527//
f 1527// 1476// 1477//
f 1527// 1477// 1526//
f 1526// 1477// 1478//
f 1526// 1478// 1525//
f 1525// 1478// 1479//
f 1525// 1479// 1524//
f 1524// 1479// 1480//
f 1524// 1480// 1523//
f 1523// 1480// 1481//
f 1523// 1481// 1522//
f 1522// 1481// 1482//
f 1522// 1482// 1521//
f 1521// 1482// 1483//
f 1521// 1483// 1520//
f 1520// 1483// 1484//
f 1520// 1484// 1519//
f 1519// 1484// 1485//
f 1519// 1485// 1486//
f 1472// 1469// 1473//
f 1473// 1469// 1470//
f 1473// 1470// 1471//
f 1471// 1470// 1468//
f 1471// 1468// 1467//
f 1496// 1497// 1506//
f 1506// 1497// 1498//
f 1506// 1498// 1505//
f 1505// 1498// 1499//
f 1505// 1499// 1504//
f 1504// 1499// 1500//
f 1504// 1500// 1503//
f 1503// 1500// 1501//
f 1503// 1501// 1502//
f 1527// 1528// 1475//
f 1475// 1528// 1529//
f 1475// 1529// 1474//
f 1474// 1529// 1530//
f 1474// 1530// 1472//
f 1472// 1530// 1531//
f 1472// 1531// 1469//
f 1507// 1508// 1495//
f 1495// 1508// 1509//
f 1495// 1509// 1494//
f 1494// 1509// 1510//
f 1494// 1510// 1493//
f 1493// 1510// 1511//
f 1493// 1511// 1492//
f 1492// 1511// 1512//
f 1492// 1512// 1491//
f 1491// 1512// 1513//
f 1491// 1513// 1490//
f 1490// 1513// 1514//
f 1490// 1514// 1489//
f 1489// 1514// 1515//
f 1489// 1515// 1488//
f 1488// 1515// 1518//
f 1488// 1518// 1487//
f 1487// 1518// 1517//
f 1487// 1517// 1516//
f 1532// 1533// 432//
f 432// 1533// 434//
f 1534// 1532// 422//
f 422// 1532// 432//
f 1534// 422// 430//
f 1534// 430// 1535//
f 1535// 430// 429//
f 1535// 429// 1536//
f 1537// 1536// 428//
f 428// 1536// 429//
f 1538// 1537// 421//
f 421// 1537// 428//
f 438// 1539// 420//
f 420// 1539// 1538//
f 420// 1538// 421//
f 1540// 1539// 439//
f 439// 1539// 438//
f 456// 1541// 444//
f 444// 1541// 1540//
f 444// 1540// 439//
f 1542// 1541// 455//
f 455// 1541// 456//
f 1542// 455// 454//
f 1542// 454// 1543//
f 454// 446// 1543//
f 1543// 446// 445//
f 1543// 445// 1544//
f 1544// 445// 453//
f 1544// 453// 1545//
f 1545// 453// 452//
f 1545// 452// 1546//
f 1546// 452// 451//
f 1546// 451// 1547//
f 1547// 451// 450//
f 1547// 450// 1548//
f 1548// 450// 437//
f 1548// 437// 1549//
f 1550// 1549// 436//
f 436// 1549// 437//
f 1550// 436// 449//
f 1550// 449// 1551//
f 1551// 449// 448//
f 1551// 448// 1552//
f 1552// 448// 447//
f 1552// 447// 1553//
f 1553// 447// 443//
f 1553// 443// 1554//
f 1554// 443// 442//
f 1554// 442// 1555//
f 442// 441// 1555//
f 1555// 441// 427//
f 1555// 427// 1556//
f 1556// 427// 426//
f 1556// 426// 1557//
f 1557// 426// 435//
f 1557// 435// 1558//
f 1533// 1558// 434//
f 434// 1558// 435//
f 1535// 1536// 1558//
f 1533// 1532// 1558//
f 1558// 1532// 1534//
f 1558// 1534// 1535//
f 1539// 1540// 1538//
f 1538// 1540// 1541//
f 1538// 1541// 1537//
f 1549// 1550// 1548//
f 1548// 1550// 1551//
f 1548// 1551// 1547//
f 1547// 1551// 1552//
f 1547// 1552// 1546//
f 1546// 1552// 1553//
f 1546// 1553// 1545//
f 1545// 1553// 1554//
f 1545// 1554// 1544//
f 1536// 1537// 1558//
f 1558// 1537// 1541//
f 1558// 1541// 1557//
f 1541// 1542// 1557//
f 1557// 1542// 1543//
f 1557// 1543// 1556//
f 1556// 1543// 1544//
f 1556// 1544// 1555//
f 1555// 1544// 1554//
f 1559// 1560// 459//
f 459// 1560// 460//
f 463// 1561// 465//
f 465// 1561// 1559//
f 465// 1559// 459//
f 1562// 1561// 462//
f 462// 1561// 463//
f 466// 1563// 464//
f 464// 1563// 1562//
f 464// 1562// 462//
f 1564// 1563// 467//
f 467// 1563// 466//
f 471// 1565// 468//
f 468// 1565// 1564//
f 468// 1564// 467//
f 1566// 1565// 470//
f 470// 1565// 471//
f 458// 1567// 469//
f 469// 1567// 1566//
f 469// 1566// 470//
f 7// 1568// 8//
f 8// 1568// 1567//
f 8// 1567// 458//
f 474// 1569// 473//
f 473// 1569// 1568//
f 473// 1568// 7//
f 425// 1570// 433//
f 433// 1570// 1569//
f 433// 1569// 474//
f 460// 1560// 461//
f 461// 1560// 1570//
f 461// 1570// 425//
f 1570// 1560// 1559//
f 1559// 1561// 1570//
f 1570// 1561// 1562//
f 1570// 1562// 1569//
f 1567// 1568// 1566//
f 1566// 1568// 1569//
f 1566// 1569// 1565//
f 1565// 1569// 1562//
f 1565// 1562// 1564//
f 1564// 1562// 1563//
f 1571// 1572// 1573//
f 1573// 1572// 1574//
f 1573// 1574// 1575//
f 1575// 1574// 1576//
f 1575// 1576// 1577//
f 1577// 1576// 1578//
f 1577// 1578// 1579//
f 1579// 1578// 1580//
f 1579// 1580// 1581//
f 1581// 1580// 1582//
f 1581// 1582// 1583//
f 1583// 1582// 1584//
f 1583// 1584// 1585//
f 1585// 1584// 1586//
f 1585// 1586// 1587//
f 1587// 1586// 1588//
f 1587// 1588// 1589//
f 1589// 1588// 1590//
f 1589// 1590// 1591//
f 1591// 1590// 1592//
f 1591// 1592// 1593//
f 1593// 1592// 1594//
f 1593// 1594// 1595//
f 1595// 1594// 1596//
f 1595// 1596// 1597//
f 1597// 1596// 1598//
f 1597// 1598// 1599//
f 1599// 1598// 1600//
f 1599// 1600// 1601//
f 1601// 1600// 1602//
f 1601// 1602// 1603//
f 1603// 1602// 1604//
f 1603// 1604// 1605//
f 1605// 1604// 1571//
f 1605// 1571// 1573//
f 1579// 1581// 190//
f 190// 1581// 457//
f 1579// 190// 189//
f 1579// 189// 1577//
f 1577// 189// 188//
f 1577// 188// 1575//
f 1575// 188// 186//
f 1575// 186// 1573//
f 1573// 186// 185//
f 1573// 185// 1605//
f 1605// 185// 194//
f 1605// 194// 1603//
f 1603// 194// 193//
f 1603// 193// 1601//
f 1601// 193// 192//
f 1601// 192// 1599//
f 1599// 192// 183//
f 1599// 183// 1597//
f 1597// 183// 182//
f 1597// 182// 1595//
f 1595// 182// 197//
f 1595// 197// 1593//
f 1593// 197// 196//
f 1593// 196// 1591//
f 201// 1585// 203//
f 203// 1585// 1587//
f 203// 1587// 204//
f 204// 1587// 1589//
f 204// 1589// 195//
f 195// 1589// 1591//
f 195// 1591// 196//
f 1583// 1585// 199//
f 199// 1585// 201//
f 457// 1581// 198//
f 198// 1581// 1583//
f 198// 1583// 199//
f 1586// 1584// 1606//
f 1606// 1584// 1607//
f 1584// 1582// 1607//
f 1607// 1582// 1608//
f 1582// 1580// 1608//
f 1608// 1580// 1609//
f 1572// 1610// 1611//
f 1572// 1611// 1574//
f 1574// 1611// 1612//
f 1574// 1612// 1576//
f 1576// 1612// 1613//
f 1576// 1613// 1578//
f 1578// 1613// 1609//
f 1578// 1609// 1580//
f 1600// 1614// 1615//
f 1600// 1615// 1602//
f 1602// 1615// 1616//
f 1602// 1616// 1604//
f 1604// 1616// 1617//
f 1604// 1617// 1571//
f 1571// 1617// 1610//
f 1571// 1610// 1572//
f 1592// 1618// 1619//
f 1592// 1619// 1594//
f 1594// 1619// 1620//
f 1594// 1620// 1596//
f 1596// 1620// 1621//
f 1596// 1621// 1598//
f 1598// 1621// 1614//
f 1598// 1614// 1600//
f 1586// 1606// 1622//
f 1586// 1622// 1588//
f 1588// 1622// 1623//
f 1588// 1623// 1590//
f 1590// 1623// 1618//
f 1590// 1618// 1592//
usemtl 1
f 1611// 1610// 1606//
f 1607// 1608// 1606//
f 1606// 1608// 1609//
f 1609// 1613// 1606//
f 1606// 1613// 1612//
f 1606// 1612// 1611//
f 1610// 1617// 1606//
f 1606// 1617// 1616//
f 1606// 1616// 1615//
f 1615// 1614// 1606//
f 1606// 1614// 1621//
f 1606// 1621// 1620//
f 1620// 1619// 1606//
f 1606// 1619// 1618//
f 1606// 1618// 1622//
f 1622// 1618// 1623//
usemtl 3
f 1624// 1625// 1626//
f 1627// 1628// 1629//
f 1625// 1630// 1626//
f 1626// 1630// 1631//
f 1626// 1631// 1632//
f 1632// 1631// 1633//
f 1632// 1633// 1634//
f 1634// 1635// 1632//
f 1632// 1635// 1636//
f 1632// 1636// 1637//
f 1638// 1637// 1639//
f 1639// 1637// 1636//
f 1639// 1636// 1629//
f 1629// 1636// 1624//
f 1629// 1624// 1627//
f 1627// 1624// 1626//
f 1632// 1637// 525//
f 525// 1637// 526//
f 1626// 1632// 524//
f 524// 1632// 525//
f 1627// 1626// 523//
f 523// 1626// 524//
f 1628// 1627// 522//
f 522// 1627// 523//
f 1629// 1628// 529//
f 529// 1628// 522//
f 1639// 1629// 528//
f 528// 1629// 529//
f 1638// 1639// 527//
f 527// 1639// 528//
f 1637// 1638// 526//
f 526// 1638// 527//
f 1624// 1636// 1640//
f 1640// 1636// 1641//
f 1636// 1635// 1641//
f 1641// 1635// 1642//
f 1633// 1643// 1644//
f 1633// 1644// 1634//
f 1634// 1644// 1642//
f 1634// 1642// 1635//
f 1633// 1631// 1643//
f 1643// 1631// 1645//
f 1625// 1646// 1647//
f 1625// 1647// 1630//
f 1630// 1647// 1645//
f 1630// 1645// 1631//
f 1625// 1624// 1646//
f 1646// 1624// 1640//
usemtl 1
f 1643// 1645// 1644//
f 1644// 1645// 1647//
f 1644// 1647// 1642//
f 1642// 1647// 1646//
f 1642// 1646// 1641//
f 1641// 1646// 1640//
usemtl 3
f 1648// 1649// 1650//
f 1651// 1652// 1653//
f 1654// 1655// 1656//
f 1657// 1658// 1654//
f 1658// 1659// 1654//
f 1654// 1659// 1660//
f 1654// 1660// 1661//
f 1662// 1663// 1650//
f 1650// 1663// 1664//
f 1650// 1664// 1648//
f 1660// 1665// 1661//
f 1661// 1665// 1666//
f 1661// 1666// 1667//
f 1667// 1666// 1668//
f 1652// 1669// 1653//
f 1653// 1669// 1670//
f 1653// 1670// 1671//
f 1671// 1670// 1672//
f 1671// 1672// 1673//
f 1673// 1672// 1674//
f 1675// 1676// 1677//
f 1677// 1676// 1678//
f 1677// 1678// 1679//
f 1679// 1678// 1680//
f 1679// 1680// 1681//
f 1682// 1683// 1684//
f 1684// 1683// 1685//
f 1684// 1685// 1686//
f 1686// 1685// 1687//
f 1686// 1687// 1680//
f 1680// 1687// 1688//
f 1680// 1688// 1681//
f 1689// 1649// 1690//
f 1690// 1649// 1691//
f 1690// 1691// 1692//
f 1693// 1694// 1695//
f 1695// 1694// 1696//
f 1695// 1696// 1697//
f 1697// 1696// 1698//
f 1697// 1698// 1699//
f 1699// 1698// 1700//
f 1699// 1700// 1701//
f 1701// 1700// 1650//
f 1701// 1650// 1702//
f 1703// 1704// 1705//
f 1705// 1704// 1706//
f 1705// 1706// 1707//
f 1707// 1706// 1708//
f 1707// 1708// 1709//
f 1709// 1708// 1710//
f 1709// 1710// 1711//
f 1711// 1710// 1712//
f 1711// 1712// 1713//
f 1714// 1715// 1716//
f 1716// 1715// 1717//
f 1716// 1717// 1718//
f 1718// 1717// 1719//
f 1718// 1719// 1720//
f 1720// 1719// 1721//
f 1720// 1721// 1722//
f 1722// 1721// 1723//
f 1722// 1723// 1662//
f 1662// 1723// 1724//
f 1662// 1724// 1663//
f 1725// 1726// 1693//
f 1693// 1726// 1727//
f 1693// 1727// 1694//
f 1672// 1728// 1674//
f 1674// 1728// 1729//
f 1674// 1729// 1730//
f 1730// 1729// 1731//
f 1730// 1731// 1732//
f 1732// 1731// 1733//
f 1732// 1733// 1734//
f 1734// 1733// 1735//
f 1734// 1735// 1736//
f 1736// 1735// 1737//
f 1736// 1737// 1738//
f 1738// 1737// 1739//
f 1738// 1739// 1703//
f 1703// 1739// 1740//
f 1703// 1740// 1704//
f 1684// 1741// 1682//
f 1682// 1741// 1742//
f 1682// 1742// 1743//
f 1743// 1742// 1744//
f 1743// 1744// 1745//
f 1745// 1744// 1746//
f 1745// 1746// 1747//
f 1747// 1746// 1748//
f 1747// 1748// 1714//
f 1714// 1748// 1749//
f 1714// 1749// 1715//
f 1689// 1750// 1649//
f 1649// 1750// 1751//
f 1649// 1751// 1650//
f 1650// 1751// 1752//
f 1650// 1752// 1702//
f 1651// 1653// 1753//
f 1753// 1653// 1754//
f 1753// 1754// 1755//
f 1755// 1754// 1756//
f 1755// 1756// 1757//
f 1757// 1756// 1758//
f 1757// 1758// 1759//
f 1759// 1758// 1760//
f 1759// 1760// 1761//
f 1761// 1760// 1762//
f 1761// 1762// 1763//
f 1763// 1762// 1764//
f 1763// 1764// 1765//
f 1765// 1764// 1766//
f 1765// 1766// 1675//
f 1675// 1766// 1767//
f 1675// 1767// 1676//
f 1657// 1654// 1768//
f 1768// 1654// 1656//
f 1768// 1656// 1693//
f 1693// 1656// 1769//
f 1693// 1769// 1725//
f 1770// 1771// 1772//
f 1712// 1773// 1713//
f 1713// 1773// 1770//
f 1713// 1770// 1774//
f 1774// 1770// 1772//
f 1691// 1775// 1692//
f 1692// 1775// 1776//
f 1692// 1776// 1777//
f 1777// 1776// 1778//
f 1777// 1778// 1779//
f 1779// 1778// 1780//
f 1779// 1780// 1781//
f 1781// 1780// 1782//
f 1781// 1782// 1783//
f 1783// 1782// 1784//
f 1783// 1784// 1785//
f 1785// 1784// 1786//
f 1785// 1786// 1787//
f 1787// 1786// 1788//
f 1787// 1788// 1668//
f 1668// 1788// 1789//
f 1668// 1789// 1667//
f 1790// 1791// 1770//
f 1770// 1791// 1792//
f 1770// 1792// 1771//
f 1793// 1794// 1795//
f 1794// 1796// 1795//
f 1795// 1796// 1797//
f 1795// 1797// 1798//
f 1790// 1770// 1795//
f 1795// 1770// 1799//
f 1795// 1799// 1793//
f 1734// 178// 177//
f 179// 1674// 1730//
f 1734// 177// 1732//
f 1732// 177// 181//
f 1732// 181// 1730//
f 1730// 181// 180//
f 1730// 180// 179//
f 179// 20// 1674//
f 1674// 20// 19//
f 1674// 19// 1673//
f 1673// 19// 27//
f 1673// 27// 1671//
f 1671// 27// 26//
f 1671// 26// 1653//
f 1653// 26// 25//
f 1653// 25// 1754//
f 1754// 25// 24//
f 1754// 24// 1756//
f 1756// 24// 23//
f 1756// 23// 1758//
f 31// 1764// 1762//
f 1758// 23// 22//
f 1758// 22// 1760//
f 22// 28// 1760//
f 1760// 28// 30//
f 1760// 30// 1762//
f 1762// 30// 32//
f 1762// 32// 31//
f 41// 1676// 1767//
f 1764// 31// 34//
f 1764// 34// 1766//
f 1766// 34// 36//
f 1766// 36// 1767//
f 1767// 36// 38//
f 1767// 38// 41//
f 49// 1680// 1678//
f 1676// 41// 40//
f 1676// 40// 1678//
f 1678// 40// 47//
f 1678// 47// 49//
f 1680// 49// 48//
f 1680// 48// 1686//
f 1686// 48// 46//
f 1686// 46// 1684//
f 1684// 46// 45//
f 1684// 45// 1741//
f 1741// 45// 44//
f 1741// 44// 1742//
f 1742// 44// 43//
f 1742// 43// 1744//
f 1744// 43// 42//
f 1744// 42// 1746//
f 59// 1717// 1715//
f 1746// 42// 55//
f 1746// 55// 1748//
f 1748// 55// 54//
f 1748// 54// 1749//
f 54// 53// 1749//
f 1749// 53// 52//
f 1749// 52// 1715//
f 1715// 52// 60//
f 1715// 60// 59//
f 76// 1719// 57//
f 57// 1719// 1717//
f 57// 1717// 59//
f 76// 75// 1719//
f 1719// 75// 74//
f 1719// 74// 1721//
f 1721// 74// 65//
f 1721// 65// 1723//
f 1723// 65// 64//
f 1723// 64// 1724//
f 1724// 64// 103//
f 1724// 103// 1663//
f 1663// 103// 102//
f 1663// 102// 1664//
f 1664// 102// 73//
f 1664// 73// 1648//
f 1648// 73// 72//
f 1648// 72// 1649//
f 1649// 72// 71//
f 1649// 71// 1691//
f 1691// 71// 101//
f 1691// 101// 1775//
f 1775// 101// 100//
f 1775// 100// 1776//
f 1776// 100// 99//
f 1776// 99// 1778//
f 1778// 99// 86//
f 1778// 86// 1780//
f 1780// 86// 85//
f 1780// 85// 1782//
f 1782// 85// 84//
f 1782// 84// 1784//
f 1784// 84// 83//
f 1784// 83// 1786//
f 1786// 83// 82//
f 1786// 82// 1788//
f 1788// 82// 111//
f 1788// 111// 1789//
f 1789// 111// 112//
f 1789// 112// 1667//
f 1661// 1667// 96//
f 96// 1667// 112//
f 1654// 1661// 63//
f 63// 1661// 96//
f 63// 90// 1654//
f 1654// 90// 120//
f 1654// 120// 1655//
f 1655// 120// 124//
f 132// 1656// 17//
f 17// 1656// 1655//
f 17// 1655// 18//
f 18// 1655// 124//
f 137// 1727// 1726//
f 1656// 132// 131//
f 1656// 131// 1769//
f 1769// 131// 130//
f 1769// 130// 1725//
f 1725// 130// 16//
f 1725// 16// 1726//
f 1726// 16// 138//
f 1726// 138// 137//
f 1694// 1727// 136//
f 136// 1727// 137//
f 136// 134// 1694//
f 1694// 134// 133//
f 1694// 133// 1696//
f 1696// 133// 141//
f 1696// 141// 1698//
f 1698// 141// 140//
f 1698// 140// 1700//
f 1700// 140// 144//
f 1700// 144// 1650//
f 122// 1718// 135//
f 135// 1718// 1720//
f 135// 1720// 139//
f 139// 1720// 1722//
f 139// 1722// 142//
f 142// 1722// 1662//
f 142// 1662// 143//
f 143// 1662// 1650//
f 143// 1650// 144//
f 122// 123// 1718//
f 1718// 123// 125//
f 1718// 125// 1716//
f 1714// 1716// 126//
f 126// 1716// 125//
f 126// 147// 1714//
f 1714// 147// 146//
f 1714// 146// 1747//
f 1747// 146// 157//
f 1747// 157// 1745//
f 157// 173// 1745//
f 1745// 173// 172//
f 1745// 172// 1743//
f 1743// 172// 171//
f 1743// 171// 1682//
f 1682// 171// 163//
f 1682// 163// 1683//
f 1683// 163// 162//
f 1683// 162// 1685//
f 1685// 162// 161//
f 1685// 161// 1687//
f 1687// 161// 158//
f 1687// 158// 1688//
f 1688// 158// 155//
f 1688// 155// 1681//
f 1681// 155// 166//
f 1681// 166// 1679//
f 1679// 166// 167//
f 1679// 167// 1677//
f 1677// 167// 168//
f 1677// 168// 1675//
f 1675// 168// 170//
f 1675// 170// 1765//
f 1765// 170// 169//
f 1765// 169// 1763//
f 145// 1652// 159//
f 159// 1652// 1651//
f 159// 1651// 160//
f 160// 1651// 1753//
f 160// 1753// 156//
f 156// 1753// 1755//
f 156// 1755// 153//
f 153// 1755// 1757//
f 153// 1757// 154//
f 154// 1757// 1759//
f 154// 1759// 164//
f 164// 1759// 1761//
f 164// 1761// 165//
f 165// 1761// 1763//
f 165// 1763// 169//
f 1669// 1652// 148//
f 148// 1652// 145//
f 1669// 148// 152//
f 1669// 152// 1670//
f 1670// 152// 151//
f 1670// 151// 1672//
f 1672// 151// 150//
f 1672// 150// 1728//
f 1728// 150// 149//
f 1728// 149// 1729//
f 1729// 149// 129//
f 1729// 129// 1731//
f 129// 128// 1731//
f 1731// 128// 127//
f 1731// 127// 1733//
f 1733// 127// 121//
f 1733// 121// 1735//
f 121// 119// 1735//
f 1735// 119// 118//
f 1735// 118// 1737//
f 118// 89// 1737//
f 1737// 89// 88//
f 1737// 88// 1739//
f 1739// 88// 87//
f 1739// 87// 1740//
f 1740// 87// 117//
f 1740// 117// 1704//
f 1704// 117// 116//
f 1704// 116// 1706//
f 1706// 116// 115//
f 1706// 115// 1708//
f 1708// 115// 114//
f 1708// 114// 1710//
f 1712// 1710// 113//
f 113// 1710// 114//
f 1712// 113// 70//
f 1712// 70// 1773//
f 1773// 70// 69//
f 1773// 69// 1770//
f 1770// 69// 68//
f 1770// 68// 1799//
f 1799// 68// 62//
f 1799// 62// 1793//
f 1793// 62// 61//
f 1793// 61// 1794//
f 1794// 61// 67//
f 1794// 67// 1796//
f 1796// 67// 98//
f 1796// 98// 1797//
f 1797// 98// 97//
f 1797// 97// 1798//
f 1798// 97// 95//
f 1798// 95// 1795//
f 1795// 95// 94//
f 1795// 94// 1790//
f 1790// 94// 110//
f 1790// 110// 1791//
f 1791// 110// 109//
f 1791// 109// 1792//
f 1792// 109// 108//
f 1792// 108// 1771//
f 1771// 108// 107//
f 1771// 107// 1772//
f 1772// 107// 106//
f 1772// 106// 1774//
f 1774// 106// 105//
f 1774// 105// 1713//
f 1713// 105// 104//
f 1713// 104// 1711//
f 1709// 1711// 93//
f 93// 1711// 104//
f 1709// 93// 92//
f 1709// 92// 1707//
f 1707// 92// 91//
f 1707// 91// 1705//
f 1705// 91// 81//
f 1705// 81// 1703//
f 1703// 81// 80//
f 1703// 80// 1738//
f 1738// 80// 78//
f 1738// 78// 1736//
f 1736// 78// 176//
f 1736// 176// 1734//
f 1734// 176// 175//
f 1734// 175// 178//
f 1768// 1800// 1801//
f 1768// 1801// 1657//
f 1657// 1801// 1802//
f 1657// 1802// 1658//
f 1658// 1802// 1803//
f 1658// 1803// 1659//
f 1659// 1803// 1804//
f 1659// 1804// 1660//
f 1660// 1804// 1805//
f 1660// 1805// 1665//
f 1665// 1805// 1806//
f 1665// 1806// 1666//
f 1666// 1806// 1807//
f 1666// 1807// 1668//
f 1668// 1807// 1808//
f 1668// 1808// 1787//
f 1787// 1808// 1809//
f 1787// 1809// 1785//
f 1785// 1809// 1810//
f 1785// 1810// 1783//
f 1783// 1810// 1811//
f 1783// 1811// 1781//
f 1781// 1811// 1812//
f 1781// 1812// 1779//
f 1779// 1812// 1813//
f 1779// 1813// 1777//
f 1777// 1813// 1814//
f 1777// 1814// 1692//
f 1692// 1814// 1815//
f 1692// 1815// 1690//
f 1690// 1815// 1816//
f 1690// 1816// 1689//
f 1689// 1816// 1817//
f 1689// 1817// 1750//
f 1750// 1817// 1818//
f 1750// 1818// 1751//
f 1751// 1818// 1819//
f 1751// 1819// 1752//
f 1752// 1819// 1820//
f 1752// 1820// 1702//
f 1702// 1820// 1821//
f 1702// 1821// 1701//
f 1701// 1821// 1822//
f 1701// 1822// 1699//
f 1699// 1822// 1823//
f 1699// 1823// 1697//
f 1697// 1823// 1824//
f 1697// 1824// 1695//
f 1695// 1824// 1825//
f 1695// 1825// 1693//
f 1693// 1825// 1800//
f 1693// 1800// 1768//
usemtl 1
f 1814// 1813// 1800//
f 1811// 1807// 1812//
f 1812// 1807// 1806//
f 1812// 1806// 1813//
f 1806// 1805// 1813//
f 1813// 1805// 1804//
f 1813// 1804// 1803//
f 1824// 1817// 1816//
f 1803// 1802// 1813//
f 1813// 1802// 1801//
f 1813// 1801// 1800//
f 1817// 1824// 1818//
f 1818// 1824// 1823//
f 1818// 1823// 1819//
f 1800// 1825// 1814//
f 1814// 1825// 1824//
f 1814// 1824// 1815//
f 1815// 1824// 1816//
f 1811// 1810// 1807//
f 1807// 1810// 1809//
f 1807// 1809// 1808//
f 1819// 1823// 1820//
f 1820// 1823// 1822//
f 1820// 1822// 1821//
