ISO-10303-21;
HEADER;
/* Generated by software containing ST-Developer
 * from STEP Tools, Inc. (www.steptools.com) 
 */

FILE_DESCRIPTION(
/* description */ ('Alibre Inc.'),
/* implementation_level */ '2;1');

FILE_NAME(
/* name */ 'export0',
/* time_stamp */ '2013-11-27T10:58:41-07:00',
/* author */ (''),
/* organization */ (''),
/* preprocessor_version */ 'ST-DEVELOPER v14',
/* originating_system */ 'Alibre',
/* authorisation */ '');

FILE_SCHEMA (('ALIBRE_SCHEMA','CONFIG_CONTROL_DESIGN'));
ENDSEC;

DATA;
#10=DESIGNPARTCONFIGURATION('Config<1>',0,0,2,0,1,7,-1,(),(),($),(-1973791,
0,-13158601,0,0,0,0),(),(),(),(),(),(),(),(),(),());
#11=MECHANICAL_CONTEXT('detailed design',#19,'mechanical');
#12=PRODUCT_RELATED_PRODUCT_CATEGORY('detail','',(#99));
#13=CC_DESIGN_SECURITY_CLASSIFICATION(#15,(#98));
#14=SECURITY_CLASSIFICATION_LEVEL('unclassified');
#15=SECURITY_CLASSIFICATION('name','Security for version',#14);
#16=SHAPE_DEFINITION_REPRESENTATION(#17,#568);
#17=PRODUCT_DEFINITION_SHAPE('','DefinitionDesc',#97);
#18=APPLICATION_PROTOCOL_DEFINITION('AP definition status',
'config_control_design',1994,#19);
#19=APPLICATION_CONTEXT(
'control the configuration of three dimensional design');
#20=DESIGN_CONTEXT('detailed design',#19,'design');
#21=PERSON_AND_ORGANIZATION_ROLE('creator');
#22=PERSON_AND_ORGANIZATION_ROLE('classification_officer');
#23=PERSON_AND_ORGANIZATION_ROLE('creator');
#24=PERSON_AND_ORGANIZATION_ROLE('design_supplier');
#25=PERSON_AND_ORGANIZATION_ROLE('design_owner');
#26=CC_DESIGN_PERSON_AND_ORGANIZATION_ASSIGNMENT(#58,#21,(#97));
#27=CC_DESIGN_PERSON_AND_ORGANIZATION_ASSIGNMENT(#61,#22,(#15));
#28=CC_DESIGN_PERSON_AND_ORGANIZATION_ASSIGNMENT(#62,#23,(#98));
#29=CC_DESIGN_PERSON_AND_ORGANIZATION_ASSIGNMENT(#63,#24,(#98));
#30=CC_DESIGN_PERSON_AND_ORGANIZATION_ASSIGNMENT(#64,#25,(#99));
#31=DATE_TIME_ROLE('creation_date');
#32=DATE_TIME_ROLE('classification_date');
#33=CC_DESIGN_DATE_AND_TIME_ASSIGNMENT(#87,#31,(#97));
#34=CC_DESIGN_DATE_AND_TIME_ASSIGNMENT(#90,#32,(#15));
#35=CC_DESIGN_APPROVAL(#94,(#97));
#36=CC_DESIGN_APPROVAL(#95,(#98));
#37=CC_DESIGN_APPROVAL(#96,(#15));
#38=APPROVAL_PERSON_ORGANIZATION(#57,#94,#65);
#39=APPROVAL_PERSON_ORGANIZATION(#59,#95,#66);
#40=APPROVAL_PERSON_ORGANIZATION(#60,#96,#67);
#41=ORGANIZATION('DEFINITION_APPROVEDBY_ORG_ID',
'DEFINITION_APPROVEDBY_ORG_NAME','DEFINITION_APPROVEDBY_ORG_DESCR');
#42=ORGANIZATION('DEF_CREATOR_ORG_ID','DEF_CREATOR_ORG_NAME',
'DEF_CREATOR_ORG_DESCR');
#43=ORGANIZATION('APPROVEDBY_ORG_ID','APPROVEDBY_ORG_NAME',
'APPROVEDBY_ORG_DESCR');
#44=ORGANIZATION('SECURITY_APPROVEDBY_ORG_ID',
'SECURITY_APPROVEDBY_ORG_NAME','SECURITY_APPROVEDBY_ORG_DESCR');
#45=ORGANIZATION('CLASSOFFICER_ORG_ID','CLASSOFFICER_ORG_NAME',
'CLASSOFFICER_ORG_DESCR');
#46=ORGANIZATION('CREATOR_ORG_ID','CREATOR_ORG_NAME','CREATOR_ORG_DESCR');
#47=ORGANIZATION('SUPPLIER_ORG_ID','SUPPLIER_ORG_NAME',
'SUPPLIER_ORG_DESCR');
#48=ORGANIZATION('OWNER_ORG_ID','OWNER_ORG_NAME','OWNER_ORG_DESCR');
#49=PERSON('DEFINITION_approverID','DEFINITION_APPROVEDBY_LASTNAME',
'DEFINITION_APPROVEDBY_FIRSTNAME',$,$,$);
#50=PERSON('DEF_createrID','DEF_CREATOR_LASTNAME',
'DEF_CREATOR_FIRSTNAME',$,$,$);
#51=PERSON('approverID','APPROVEDBY_LASTNAME','APPROVEDBY_FIRSTNAME',$,$,
$);
#52=PERSON('SECURITY_approverID','SECURITY_LASTNAME',
'SECURITY_APPROVEDBY_FIRSTNAME',$,$,$);
#53=PERSON('classifierID','CLASSOFFICER_LASTNAME',
'CLASSOFFICER_FIRSTNAME',$,$,$);
#54=PERSON('createrID','CREATOR_LASTNAME','CREATOR_FIRSTNAME',$,$,$);
#55=PERSON('supplierID','SUPPLIER_LASTNAME','SUPPLIER_FIRSTNAME',$,$,$);
#56=PERSON('ownerID','OWNER_LASTNAME','OWNER_FIRSTNAME',$,$,$);
#57=PERSON_AND_ORGANIZATION(#49,#41);
#58=PERSON_AND_ORGANIZATION(#50,#42);
#59=PERSON_AND_ORGANIZATION(#51,#43);
#60=PERSON_AND_ORGANIZATION(#52,#44);
#61=PERSON_AND_ORGANIZATION(#53,#45);
#62=PERSON_AND_ORGANIZATION(#54,#46);
#63=PERSON_AND_ORGANIZATION(#55,#47);
#64=PERSON_AND_ORGANIZATION(#56,#48);
#65=APPROVAL_ROLE('definition_approval');
#66=APPROVAL_ROLE('version_approval');
#67=APPROVAL_ROLE('security_approval');
#68=APPROVAL_DATE_TIME(#86,#94);
#69=APPROVAL_DATE_TIME(#88,#95);
#70=APPROVAL_DATE_TIME(#89,#96);
#71=COORDINATED_UNIVERSAL_TIME_OFFSET(6,0,.BEHIND.);
#72=COORDINATED_UNIVERSAL_TIME_OFFSET(6,0,.BEHIND.);
#73=COORDINATED_UNIVERSAL_TIME_OFFSET(6,0,.BEHIND.);
#74=COORDINATED_UNIVERSAL_TIME_OFFSET(6,0,.BEHIND.);
#75=COORDINATED_UNIVERSAL_TIME_OFFSET(6,0,.BEHIND.);
#76=LOCAL_TIME(9,5,9.,#71);
#77=LOCAL_TIME(9,5,9.,#72);
#78=LOCAL_TIME(9,5,9.,#73);
#79=LOCAL_TIME(9,5,9.,#74);
#80=LOCAL_TIME(9,5,9.,#75);
#81=CALENDAR_DATE(2013,26,7);
#82=CALENDAR_DATE(2013,26,7);
#83=CALENDAR_DATE(2013,26,7);
#84=CALENDAR_DATE(2013,26,7);
#85=CALENDAR_DATE(2013,26,7);
#86=DATE_AND_TIME(#81,#76);
#87=DATE_AND_TIME(#82,#77);
#88=DATE_AND_TIME(#83,#78);
#89=DATE_AND_TIME(#84,#79);
#90=DATE_AND_TIME(#85,#80);
#91=APPROVAL_STATUS('not_yet_approved');
#92=APPROVAL_STATUS('not_yet_approved');
#93=APPROVAL_STATUS('not_yet_approved');
#94=APPROVAL(#91,'defintion approval');
#95=APPROVAL(#92,'version approval');
#96=APPROVAL(#93,'security approval');
#97=PRODUCT_DEFINITION('DefinitionID','DefinitionDesc',#98,#20);
#98=PRODUCT_DEFINITION_FORMATION_WITH_SPECIFIED_SOURCE(
'PRODUCT_VERSION_ID','PRODUCT_VERSION_DESCR',#99,.NOT_KNOWN.);
#99=PRODUCT('ID_1','3323_0','',(#11));
#100=PERSISTANTTOPOLOGYATTRIBUTE('[#63];7');
#101=PERSISTANTTOPOLOGYATTRIBUTE('[#65];7');
#102=PERSISTANTTOPOLOGYATTRIBUTE('[#60];7');
#103=PERSISTANTTOPOLOGYATTRIBUTE('[#62];7');
#104=PERSISTANTTOPOLOGYATTRIBUTE('[#57];6');
#105=PERSISTANTTOPOLOGYATTRIBUTE('[#59];6');
#106=PERSISTANTTOPOLOGYATTRIBUTE('[#54];5');
#107=PERSISTANTTOPOLOGYATTRIBUTE('[#56];5');
#108=PERSISTANTTOPOLOGYATTRIBUTE('[#51];5');
#109=PERSISTANTTOPOLOGYATTRIBUTE('[#53];5');
#110=PERSISTANTTOPOLOGYATTRIBUTE('[#48];5');
#111=PERSISTANTTOPOLOGYATTRIBUTE('[#50];5');
#112=PERSISTANTTOPOLOGYATTRIBUTE('[#45];5');
#113=PERSISTANTTOPOLOGYATTRIBUTE('[#47];5');
#114=PERSISTANTTOPOLOGYATTRIBUTE('[#42];4');
#115=PERSISTANTTOPOLOGYATTRIBUTE('[#44];4');
#116=PERSISTANTTOPOLOGYATTRIBUTE('[#39];3');
#117=PERSISTANTTOPOLOGYATTRIBUTE('[#41];3');
#118=PERSISTANTTOPOLOGYATTRIBUTE('[#31];2');
#119=PERSISTANTTOPOLOGYATTRIBUTE('[#32];2');
#120=PERSISTANTTOPOLOGYATTRIBUTE('[#33];2');
#121=PERSISTANTTOPOLOGYATTRIBUTE('[#34];2');
#122=PERSISTANTTOPOLOGYATTRIBUTE('[#35];2');
#123=PERSISTANTTOPOLOGYATTRIBUTE('[#36];2');
#124=PERSISTANTTOPOLOGYATTRIBUTE('[#37];2');
#125=PERSISTANTTOPOLOGYATTRIBUTE('[#38];2');
#126=PERSISTANTTOPOLOGYATTRIBUTE('[#26];1');
#127=PERSISTANTTOPOLOGYATTRIBUTE('[#27];1');
#128=PERSISTANTTOPOLOGYATTRIBUTE('[#28];1');
#129=PERSISTANTTOPOLOGYATTRIBUTE('[#21];1');
#130=PERSISTANTTOPOLOGYATTRIBUTE('[#29];1');
#131=PERSISTANTTOPOLOGYATTRIBUTE('[#25];1');
#132=PERSISTANTTOPOLOGYATTRIBUTE('[#24];1');
#133=PERSISTANTTOPOLOGYATTRIBUTE('[#23];1');
#134=PERSISTANTTOPOLOGYATTRIBUTE('[#22];1');
#135=PERSISTANTTOPOLOGYATTRIBUTE('[#30];1');
#136=PERSISTANTTOPOLOGYATTRIBUTE('#8{512,0,1,0,3,FF}');
#137=PERSISTANTTOPOLOGYATTRIBUTE('#9{512,0,1,0,3,BF}');
#138=PERSISTANTTOPOLOGYATTRIBUTE('#20{512,0,3,0,3,BF}');
#139=PERSISTANTTOPOLOGYATTRIBUTE('#21{512,0,1,0,3,LF,1}');
#140=PERSISTANTTOPOLOGYATTRIBUTE('#22{512,0,1,0,3,LF,8}');
#141=PERSISTANTTOPOLOGYATTRIBUTE('#23{512,0,1,0,3,LF,2}');
#142=PERSISTANTTOPOLOGYATTRIBUTE('#24{512,0,1,0,3,LF,5}');
#143=PERSISTANTTOPOLOGYATTRIBUTE('#25{512,0,1,0,3,LF,3}');
#144=PERSISTANTTOPOLOGYATTRIBUTE('#26{512,0,1,0,3,LF,6}');
#145=PERSISTANTTOPOLOGYATTRIBUTE('#27{512,0,1,0,3,LF,4}');
#146=PERSISTANTTOPOLOGYATTRIBUTE('#28{512,0,1,0,3,LF,7}');
#147=PERSISTANTTOPOLOGYATTRIBUTE('#29{512,0,1,0,3,FF}');
#148=PERSISTANTTOPOLOGYATTRIBUTE('#30{512,0,1,0,3,BF}');
#149=PERSISTANTTOPOLOGYATTRIBUTE(
'#31{512,0,2,0,7,F[{513,0,0[#21][#29]}]}');
#150=PERSISTANTTOPOLOGYATTRIBUTE(
'#32{512,1,2,0,7,F[{513,0,0[#28][#29]}]}');
#151=PERSISTANTTOPOLOGYATTRIBUTE(
'#33{512,2,2,0,7,F[{513,0,0[#22][#29]}]}');
#152=PERSISTANTTOPOLOGYATTRIBUTE(
'#34{512,3,2,0,7,F[{513,0,0[#27][#29]}]}');
#153=PERSISTANTTOPOLOGYATTRIBUTE(
'#35{512,4,2,0,7,F[{513,0,0[#23][#29]}]}');
#154=PERSISTANTTOPOLOGYATTRIBUTE(
'#36{512,5,2,0,7,F[{513,0,0[#26][#29]}]}');
#155=PERSISTANTTOPOLOGYATTRIBUTE(
'#37{512,6,2,0,7,F[{513,0,0[#24][#29]}]}');
#156=PERSISTANTTOPOLOGYATTRIBUTE(
'#38{512,7,2,0,7,F[{513,0,0[#25][#29]}]}');
#157=PERSISTANTTOPOLOGYATTRIBUTE('#39{512,0,3,0,3,LF,1}');
#158=PERSISTANTTOPOLOGYATTRIBUTE('#41{512,0,3,0,3,BF}');
#159=PERSISTANTTOPOLOGYATTRIBUTE('#42{512,0,4,0,3,LF,1}');
#160=PERSISTANTTOPOLOGYATTRIBUTE('#44{512,0,4,0,3,BF}');
#161=PERSISTANTTOPOLOGYATTRIBUTE('#45{512,0,5,0,3,LF,65537}');
#162=PERSISTANTTOPOLOGYATTRIBUTE('#47{512,0,5,0,3,BF}');
#163=PERSISTANTTOPOLOGYATTRIBUTE('#48{512,0,5,0,3,LF,65538}');
#164=PERSISTANTTOPOLOGYATTRIBUTE('#50{512,1,5,0,3,BF}');
#165=PERSISTANTTOPOLOGYATTRIBUTE('#51{512,0,5,0,3,LF,65539}');
#166=PERSISTANTTOPOLOGYATTRIBUTE('#53{512,2,5,0,3,BF}');
#167=PERSISTANTTOPOLOGYATTRIBUTE('#54{512,0,5,0,3,LF,65540}');
#168=PERSISTANTTOPOLOGYATTRIBUTE('#56{512,3,5,0,3,BF}');
#169=PERSISTANTTOPOLOGYATTRIBUTE('#57{512,0,6,0,3,LF,1}');
#170=PERSISTANTTOPOLOGYATTRIBUTE('#59{512,0,6,0,3,BF}');
#171=PERSISTANTTOPOLOGYATTRIBUTE('#60{512,0,7,0,3,LF,65537}');
#172=PERSISTANTTOPOLOGYATTRIBUTE('#62{512,0,7,0,3,BF}');
#173=PERSISTANTTOPOLOGYATTRIBUTE('#63{512,0,7,0,3,LF,65538}');
#174=PERSISTANTTOPOLOGYATTRIBUTE('#65{512,1,7,0,3,BF}');
#175=PERSISTANTTOPOLOGYATTRIBUTE('#0[#8]');
#176=PERSISTANTTOPOLOGYATTRIBUTE('#1[#9]');
#177=PERSISTANTTOPOLOGYATTRIBUTE('#2[#20]');
#178=PERSISTANTTOPOLOGYATTRIBUTE('#3[#29]');
#179=TOPOLOGYTABLE((#100,#101,#102,#103,#104,#105,#106,#107,#108,#109,#110,
#111,#112,#113,#114,#115,#116,#117,#118,#119,#120,#121,#122,#123,#124,#125,
#126,#127,#128,#129,#130,#131,#132,#133,#134,#135),(#136,#137,#138,#139,
#140,#141,#142,#143,#144,#145,#146,#147,#148,#149,#150,#151,#152,#153,#154,
#155,#156,#157,#158,#159,#160,#161,#162,#163,#164,#165,#166,#167,#168,#169,
#170,#171,#172,#173,#174,#175,#176,#177,#178),$);
#180=(
LENGTH_UNIT()
NAMED_UNIT(*)
SI_UNIT(.CENTI.,.METRE.)
);
#181=(
NAMED_UNIT(*)
PLANE_ANGLE_UNIT()
SI_UNIT($,.RADIAN.)
);
#182=(
NAMED_UNIT(*)
SI_UNIT($,.STERADIAN.)
SOLID_ANGLE_UNIT()
);
#183=UNCERTAINTY_MEASURE_WITH_UNIT(LENGTH_MEASURE(1.E-006),#180,
'DISTANCE_ACCURACY_VALUE',
'Maximum model space distance between geometric entities at asserted co
nnectivities');
#184=(
GEOMETRIC_REPRESENTATION_CONTEXT(3)
GLOBAL_UNCERTAINTY_ASSIGNED_CONTEXT((#183))
GLOBAL_UNIT_ASSIGNED_CONTEXT((#182,#181,#180))
REPRESENTATION_CONTEXT('ID1','3D')
);
#185=TOROIDAL_SURFACE('',#1716,0.15,0.05);
#186=TOROIDAL_SURFACE('',#1720,0.15,0.05);
#187=TOROIDAL_SURFACE('',#1728,0.15,0.05);
#188=TOROIDAL_SURFACE('',#1732,0.15,0.05);
#189=VERTEX_POINT('',#2401);
#190=VERTEX_POINT('',#2403);
#191=VERTEX_POINT('',#2407);
#192=VERTEX_POINT('',#2409);
#193=VERTEX_POINT('',#2413);
#194=VERTEX_POINT('',#2415);
#195=VERTEX_POINT('',#2419);
#196=VERTEX_POINT('',#2421);
#197=VERTEX_POINT('',#2425);
#198=VERTEX_POINT('',#2427);
#199=VERTEX_POINT('',#2431);
#200=VERTEX_POINT('',#2433);
#201=VERTEX_POINT('',#2437);
#202=VERTEX_POINT('',#2439);
#203=VERTEX_POINT('',#2443);
#204=VERTEX_POINT('',#2445);
#205=VERTEX_POINT('',#2449);
#206=VERTEX_POINT('',#2451);
#207=VERTEX_POINT('',#2455);
#208=VERTEX_POINT('',#2456);
#209=VERTEX_POINT('',#2458);
#210=VERTEX_POINT('',#2460);
#211=VERTEX_POINT('',#2464);
#212=VERTEX_POINT('',#2465);
#213=VERTEX_POINT('',#2470);
#214=VERTEX_POINT('',#2471);
#215=VERTEX_POINT('',#2476);
#216=VERTEX_POINT('',#2477);
#217=VERTEX_POINT('',#2482);
#218=VERTEX_POINT('',#2483);
#219=VERTEX_POINT('',#2488);
#220=VERTEX_POINT('',#2489);
#221=VERTEX_POINT('',#2494);
#222=VERTEX_POINT('',#2495);
#223=VERTEX_POINT('',#2503);
#224=VERTEX_POINT('',#2505);
#225=VERTEX_POINT('',#2509);
#226=VERTEX_POINT('',#2513);
#227=VERTEX_POINT('',#2517);
#228=VERTEX_POINT('',#2522);
#229=VERTEX_POINT('',#2526);
#230=VERTEX_POINT('',#2530);
#231=EDGE_CURVE('',#189,#189,#722,.T.);
#232=EDGE_CURVE('',#190,#190,#723,.T.);
#233=EDGE_CURVE('',#191,#191,#724,.T.);
#234=EDGE_CURVE('',#192,#192,#725,.T.);
#235=EDGE_CURVE('',#193,#193,#726,.T.);
#236=EDGE_CURVE('',#194,#194,#727,.T.);
#237=EDGE_CURVE('',#195,#195,#728,.T.);
#238=EDGE_CURVE('',#196,#196,#729,.T.);
#239=EDGE_CURVE('',#197,#197,#730,.T.);
#240=EDGE_CURVE('',#198,#198,#731,.T.);
#241=EDGE_CURVE('',#199,#199,#732,.T.);
#242=EDGE_CURVE('',#200,#200,#733,.T.);
#243=EDGE_CURVE('',#201,#201,#734,.T.);
#244=EDGE_CURVE('',#202,#202,#735,.T.);
#245=EDGE_CURVE('',#203,#203,#736,.T.);
#246=EDGE_CURVE('',#204,#204,#737,.T.);
#247=EDGE_CURVE('',#205,#205,#738,.T.);
#248=EDGE_CURVE('',#206,#206,#739,.T.);
#249=EDGE_CURVE('',#207,#208,#740,.T.);
#250=EDGE_CURVE('',#208,#209,#817,.T.);
#251=EDGE_CURVE('',#209,#210,#741,.T.);
#252=EDGE_CURVE('',#210,#207,#818,.T.);
#253=EDGE_CURVE('',#211,#212,#742,.T.);
#254=EDGE_CURVE('',#212,#208,#743,.T.);
#255=EDGE_CURVE('',#207,#211,#744,.T.);
#256=EDGE_CURVE('',#213,#214,#745,.T.);
#257=EDGE_CURVE('',#214,#210,#746,.T.);
#258=EDGE_CURVE('',#209,#213,#747,.T.);
#259=EDGE_CURVE('',#215,#216,#748,.T.);
#260=EDGE_CURVE('',#216,#212,#819,.T.);
#261=EDGE_CURVE('',#211,#215,#820,.T.);
#262=EDGE_CURVE('',#217,#218,#749,.T.);
#263=EDGE_CURVE('',#218,#214,#821,.T.);
#264=EDGE_CURVE('',#213,#217,#822,.T.);
#265=EDGE_CURVE('',#219,#220,#750,.T.);
#266=EDGE_CURVE('',#220,#216,#751,.T.);
#267=EDGE_CURVE('',#215,#219,#752,.T.);
#268=EDGE_CURVE('',#221,#222,#753,.T.);
#269=EDGE_CURVE('',#222,#218,#754,.T.);
#270=EDGE_CURVE('',#217,#221,#755,.T.);
#271=EDGE_CURVE('',#219,#222,#823,.T.);
#272=EDGE_CURVE('',#221,#220,#824,.T.);
#273=EDGE_CURVE('',#215,#223,#825,.T.);
#274=EDGE_CURVE('',#223,#224,#756,.T.);
#275=EDGE_CURVE('',#219,#224,#826,.T.);
#276=EDGE_CURVE('',#211,#225,#827,.T.);
#277=EDGE_CURVE('',#225,#223,#828,.T.);
#278=EDGE_CURVE('',#207,#226,#829,.T.);
#279=EDGE_CURVE('',#226,#225,#757,.T.);
#280=EDGE_CURVE('',#210,#227,#830,.T.);
#281=EDGE_CURVE('',#227,#226,#831,.T.);
#282=EDGE_CURVE('',#224,#228,#832,.T.);
#283=EDGE_CURVE('',#222,#228,#833,.T.);
#284=EDGE_CURVE('',#228,#229,#758,.T.);
#285=EDGE_CURVE('',#218,#229,#834,.T.);
#286=EDGE_CURVE('',#229,#230,#835,.T.);
#287=EDGE_CURVE('',#214,#230,#836,.T.);
#288=EDGE_CURVE('',#230,#227,#759,.T.);
#289=ORIENTED_EDGE('',*,*,#231,.F.);
#290=ORIENTED_EDGE('',*,*,#232,.F.);
#291=ORIENTED_EDGE('',*,*,#231,.T.);
#292=ORIENTED_EDGE('',*,*,#233,.F.);
#293=ORIENTED_EDGE('',*,*,#234,.F.);
#294=ORIENTED_EDGE('',*,*,#233,.T.);
#295=ORIENTED_EDGE('',*,*,#235,.T.);
#296=ORIENTED_EDGE('',*,*,#236,.F.);
#297=ORIENTED_EDGE('',*,*,#235,.F.);
#298=ORIENTED_EDGE('',*,*,#237,.F.);
#299=ORIENTED_EDGE('',*,*,#238,.F.);
#300=ORIENTED_EDGE('',*,*,#237,.T.);
#301=ORIENTED_EDGE('',*,*,#239,.F.);
#302=ORIENTED_EDGE('',*,*,#240,.F.);
#303=ORIENTED_EDGE('',*,*,#239,.T.);
#304=ORIENTED_EDGE('',*,*,#241,.F.);
#305=ORIENTED_EDGE('',*,*,#242,.F.);
#306=ORIENTED_EDGE('',*,*,#241,.T.);
#307=ORIENTED_EDGE('',*,*,#243,.F.);
#308=ORIENTED_EDGE('',*,*,#244,.F.);
#309=ORIENTED_EDGE('',*,*,#243,.T.);
#310=ORIENTED_EDGE('',*,*,#245,.T.);
#311=ORIENTED_EDGE('',*,*,#246,.F.);
#312=ORIENTED_EDGE('',*,*,#245,.F.);
#313=ORIENTED_EDGE('',*,*,#247,.T.);
#314=ORIENTED_EDGE('',*,*,#248,.F.);
#315=ORIENTED_EDGE('',*,*,#246,.T.);
#316=ORIENTED_EDGE('',*,*,#247,.F.);
#317=ORIENTED_EDGE('',*,*,#249,.T.);
#318=ORIENTED_EDGE('',*,*,#250,.T.);
#319=ORIENTED_EDGE('',*,*,#251,.T.);
#320=ORIENTED_EDGE('',*,*,#252,.T.);
#321=ORIENTED_EDGE('',*,*,#253,.T.);
#322=ORIENTED_EDGE('',*,*,#254,.T.);
#323=ORIENTED_EDGE('',*,*,#249,.F.);
#324=ORIENTED_EDGE('',*,*,#255,.T.);
#325=ORIENTED_EDGE('',*,*,#256,.T.);
#326=ORIENTED_EDGE('',*,*,#257,.T.);
#327=ORIENTED_EDGE('',*,*,#251,.F.);
#328=ORIENTED_EDGE('',*,*,#258,.T.);
#329=ORIENTED_EDGE('',*,*,#259,.T.);
#330=ORIENTED_EDGE('',*,*,#260,.T.);
#331=ORIENTED_EDGE('',*,*,#253,.F.);
#332=ORIENTED_EDGE('',*,*,#261,.T.);
#333=ORIENTED_EDGE('',*,*,#262,.T.);
#334=ORIENTED_EDGE('',*,*,#263,.T.);
#335=ORIENTED_EDGE('',*,*,#256,.F.);
#336=ORIENTED_EDGE('',*,*,#264,.T.);
#337=ORIENTED_EDGE('',*,*,#265,.T.);
#338=ORIENTED_EDGE('',*,*,#266,.T.);
#339=ORIENTED_EDGE('',*,*,#259,.F.);
#340=ORIENTED_EDGE('',*,*,#267,.T.);
#341=ORIENTED_EDGE('',*,*,#268,.T.);
#342=ORIENTED_EDGE('',*,*,#269,.T.);
#343=ORIENTED_EDGE('',*,*,#262,.F.);
#344=ORIENTED_EDGE('',*,*,#270,.T.);
#345=ORIENTED_EDGE('',*,*,#265,.F.);
#346=ORIENTED_EDGE('',*,*,#271,.T.);
#347=ORIENTED_EDGE('',*,*,#268,.F.);
#348=ORIENTED_EDGE('',*,*,#272,.T.);
#349=ORIENTED_EDGE('',*,*,#267,.F.);
#350=ORIENTED_EDGE('',*,*,#273,.T.);
#351=ORIENTED_EDGE('',*,*,#274,.T.);
#352=ORIENTED_EDGE('',*,*,#275,.F.);
#353=ORIENTED_EDGE('',*,*,#261,.F.);
#354=ORIENTED_EDGE('',*,*,#276,.T.);
#355=ORIENTED_EDGE('',*,*,#277,.T.);
#356=ORIENTED_EDGE('',*,*,#273,.F.);
#357=ORIENTED_EDGE('',*,*,#255,.F.);
#358=ORIENTED_EDGE('',*,*,#278,.T.);
#359=ORIENTED_EDGE('',*,*,#279,.T.);
#360=ORIENTED_EDGE('',*,*,#276,.F.);
#361=ORIENTED_EDGE('',*,*,#252,.F.);
#362=ORIENTED_EDGE('',*,*,#280,.T.);
#363=ORIENTED_EDGE('',*,*,#281,.T.);
#364=ORIENTED_EDGE('',*,*,#278,.F.);
#365=ORIENTED_EDGE('',*,*,#232,.T.);
#366=ORIENTED_EDGE('',*,*,#234,.T.);
#367=ORIENTED_EDGE('',*,*,#236,.T.);
#368=ORIENTED_EDGE('',*,*,#250,.F.);
#369=ORIENTED_EDGE('',*,*,#254,.F.);
#370=ORIENTED_EDGE('',*,*,#260,.F.);
#371=ORIENTED_EDGE('',*,*,#266,.F.);
#372=ORIENTED_EDGE('',*,*,#272,.F.);
#373=ORIENTED_EDGE('',*,*,#270,.F.);
#374=ORIENTED_EDGE('',*,*,#264,.F.);
#375=ORIENTED_EDGE('',*,*,#258,.F.);
#376=ORIENTED_EDGE('',*,*,#271,.F.);
#377=ORIENTED_EDGE('',*,*,#275,.T.);
#378=ORIENTED_EDGE('',*,*,#282,.T.);
#379=ORIENTED_EDGE('',*,*,#283,.F.);
#380=ORIENTED_EDGE('',*,*,#269,.F.);
#381=ORIENTED_EDGE('',*,*,#283,.T.);
#382=ORIENTED_EDGE('',*,*,#284,.T.);
#383=ORIENTED_EDGE('',*,*,#285,.F.);
#384=ORIENTED_EDGE('',*,*,#263,.F.);
#385=ORIENTED_EDGE('',*,*,#285,.T.);
#386=ORIENTED_EDGE('',*,*,#286,.T.);
#387=ORIENTED_EDGE('',*,*,#287,.F.);
#388=ORIENTED_EDGE('',*,*,#257,.F.);
#389=ORIENTED_EDGE('',*,*,#287,.T.);
#390=ORIENTED_EDGE('',*,*,#288,.T.);
#391=ORIENTED_EDGE('',*,*,#280,.F.);
#392=ORIENTED_EDGE('',*,*,#238,.T.);
#393=ORIENTED_EDGE('',*,*,#240,.T.);
#394=ORIENTED_EDGE('',*,*,#242,.T.);
#395=ORIENTED_EDGE('',*,*,#244,.T.);
#396=ORIENTED_EDGE('',*,*,#248,.T.);
#397=ORIENTED_EDGE('',*,*,#279,.F.);
#398=ORIENTED_EDGE('',*,*,#281,.F.);
#399=ORIENTED_EDGE('',*,*,#288,.F.);
#400=ORIENTED_EDGE('',*,*,#286,.F.);
#401=ORIENTED_EDGE('',*,*,#284,.F.);
#402=ORIENTED_EDGE('',*,*,#282,.F.);
#403=ORIENTED_EDGE('',*,*,#274,.F.);
#404=ORIENTED_EDGE('',*,*,#277,.F.);
#405=EDGE_LOOP('',(#289));
#406=EDGE_LOOP('',(#290));
#407=EDGE_LOOP('',(#291));
#408=EDGE_LOOP('',(#292));
#409=EDGE_LOOP('',(#293));
#410=EDGE_LOOP('',(#294));
#411=EDGE_LOOP('',(#295));
#412=EDGE_LOOP('',(#296));
#413=EDGE_LOOP('',(#297));
#414=EDGE_LOOP('',(#298));
#415=EDGE_LOOP('',(#299));
#416=EDGE_LOOP('',(#300));
#417=EDGE_LOOP('',(#301));
#418=EDGE_LOOP('',(#302));
#419=EDGE_LOOP('',(#303));
#420=EDGE_LOOP('',(#304));
#421=EDGE_LOOP('',(#305));
#422=EDGE_LOOP('',(#306));
#423=EDGE_LOOP('',(#307));
#424=EDGE_LOOP('',(#308));
#425=EDGE_LOOP('',(#309));
#426=EDGE_LOOP('',(#310));
#427=EDGE_LOOP('',(#311));
#428=EDGE_LOOP('',(#312));
#429=EDGE_LOOP('',(#313));
#430=EDGE_LOOP('',(#314));
#431=EDGE_LOOP('',(#315));
#432=EDGE_LOOP('',(#316));
#433=EDGE_LOOP('',(#317,#318,#319,#320));
#434=EDGE_LOOP('',(#321,#322,#323,#324));
#435=EDGE_LOOP('',(#325,#326,#327,#328));
#436=EDGE_LOOP('',(#329,#330,#331,#332));
#437=EDGE_LOOP('',(#333,#334,#335,#336));
#438=EDGE_LOOP('',(#337,#338,#339,#340));
#439=EDGE_LOOP('',(#341,#342,#343,#344));
#440=EDGE_LOOP('',(#345,#346,#347,#348));
#441=EDGE_LOOP('',(#349,#350,#351,#352));
#442=EDGE_LOOP('',(#353,#354,#355,#356));
#443=EDGE_LOOP('',(#357,#358,#359,#360));
#444=EDGE_LOOP('',(#361,#362,#363,#364));
#445=EDGE_LOOP('',(#365));
#446=EDGE_LOOP('',(#366));
#447=EDGE_LOOP('',(#367));
#448=EDGE_LOOP('',(#368,#369,#370,#371,#372,#373,#374,#375));
#449=EDGE_LOOP('',(#376,#377,#378,#379));
#450=EDGE_LOOP('',(#380,#381,#382,#383));
#451=EDGE_LOOP('',(#384,#385,#386,#387));
#452=EDGE_LOOP('',(#388,#389,#390,#391));
#453=EDGE_LOOP('',(#392));
#454=EDGE_LOOP('',(#393));
#455=EDGE_LOOP('',(#394));
#456=EDGE_LOOP('',(#395));
#457=EDGE_LOOP('',(#396));
#458=EDGE_LOOP('',(#397,#398,#399,#400,#401,#402,#403,#404));
#459=FACE_BOUND('',#405,.T.);
#460=FACE_BOUND('',#406,.T.);
#461=FACE_BOUND('',#407,.T.);
#462=FACE_BOUND('',#408,.T.);
#463=FACE_BOUND('',#409,.T.);
#464=FACE_BOUND('',#410,.T.);
#465=FACE_BOUND('',#411,.T.);
#466=FACE_BOUND('',#412,.T.);
#467=FACE_BOUND('',#413,.T.);
#468=FACE_BOUND('',#414,.T.);
#469=FACE_BOUND('',#415,.T.);
#470=FACE_BOUND('',#416,.T.);
#471=FACE_BOUND('',#417,.T.);
#472=FACE_BOUND('',#418,.T.);
#473=FACE_BOUND('',#419,.T.);
#474=FACE_BOUND('',#420,.T.);
#475=FACE_BOUND('',#421,.T.);
#476=FACE_BOUND('',#422,.T.);
#477=FACE_BOUND('',#423,.T.);
#478=FACE_BOUND('',#424,.T.);
#479=FACE_BOUND('',#425,.T.);
#480=FACE_BOUND('',#426,.T.);
#481=FACE_BOUND('',#427,.T.);
#482=FACE_BOUND('',#428,.T.);
#483=FACE_BOUND('',#429,.T.);
#484=FACE_BOUND('',#430,.T.);
#485=FACE_BOUND('',#431,.T.);
#486=FACE_BOUND('',#432,.T.);
#487=FACE_BOUND('',#433,.T.);
#488=FACE_BOUND('',#434,.T.);
#489=FACE_BOUND('',#435,.T.);
#490=FACE_BOUND('',#436,.T.);
#491=FACE_BOUND('',#437,.T.);
#492=FACE_BOUND('',#438,.T.);
#493=FACE_BOUND('',#439,.T.);
#494=FACE_BOUND('',#440,.T.);
#495=FACE_BOUND('',#441,.T.);
#496=FACE_BOUND('',#442,.T.);
#497=FACE_BOUND('',#443,.T.);
#498=FACE_BOUND('',#444,.T.);
#499=FACE_BOUND('',#445,.T.);
#500=FACE_BOUND('',#446,.T.);
#501=FACE_BOUND('',#447,.T.);
#502=FACE_BOUND('',#448,.T.);
#503=FACE_BOUND('',#449,.T.);
#504=FACE_BOUND('',#450,.T.);
#505=FACE_BOUND('',#451,.T.);
#506=FACE_BOUND('',#452,.T.);
#507=FACE_BOUND('',#453,.T.);
#508=FACE_BOUND('',#454,.T.);
#509=FACE_BOUND('',#455,.T.);
#510=FACE_BOUND('',#456,.T.);
#511=FACE_BOUND('',#457,.T.);
#512=FACE_BOUND('',#458,.T.);
#513=ADVANCED_FACE('',(#459,#460),#549,.F.);
#514=ADVANCED_FACE('',(#461),#1839,.F.);
#515=ADVANCED_FACE('',(#462,#463),#550,.F.);
#516=ADVANCED_FACE('',(#464),#1840,.F.);
#517=ADVANCED_FACE('',(#465,#466),#551,.T.);
#518=ADVANCED_FACE('',(#467),#1841,.T.);
#519=ADVANCED_FACE('',(#468,#469),#552,.F.);
#520=ADVANCED_FACE('',(#470),#1842,.F.);
#521=ADVANCED_FACE('',(#471,#472),#553,.F.);
#522=ADVANCED_FACE('',(#473),#1843,.F.);
#523=ADVANCED_FACE('',(#474,#475),#554,.F.);
#524=ADVANCED_FACE('',(#476),#1844,.F.);
#525=ADVANCED_FACE('',(#477,#478),#555,.F.);
#526=ADVANCED_FACE('',(#479),#1845,.F.);
#527=ADVANCED_FACE('',(#480,#481),#556,.T.);
#528=ADVANCED_FACE('',(#482),#1846,.T.);
#529=ADVANCED_FACE('',(#483,#484),#557,.T.);
#530=ADVANCED_FACE('',(#485,#486),#1847,.T.);
#531=ADVANCED_FACE('',(#487),#558,.T.);
#532=ADVANCED_FACE('',(#488),#185,.T.);
#533=ADVANCED_FACE('',(#489),#186,.T.);
#534=ADVANCED_FACE('',(#490),#559,.T.);
#535=ADVANCED_FACE('',(#491),#560,.T.);
#536=ADVANCED_FACE('',(#492),#187,.T.);
#537=ADVANCED_FACE('',(#493),#188,.T.);
#538=ADVANCED_FACE('',(#494),#561,.T.);
#539=ADVANCED_FACE('',(#495),#562,.T.);
#540=ADVANCED_FACE('',(#496),#1848,.T.);
#541=ADVANCED_FACE('',(#497),#563,.T.);
#542=ADVANCED_FACE('',(#498),#1849,.T.);
#543=ADVANCED_FACE('',(#499,#500,#501,#502),#1850,.F.);
#544=ADVANCED_FACE('',(#503),#1851,.T.);
#545=ADVANCED_FACE('',(#504),#564,.T.);
#546=ADVANCED_FACE('',(#505),#1852,.T.);
#547=ADVANCED_FACE('',(#506),#565,.T.);
#548=ADVANCED_FACE('',(#507,#508,#509,#510,#511,#512),#1853,.T.);
#549=CYLINDRICAL_SURFACE('',#1677,0.06105);
#550=CYLINDRICAL_SURFACE('',#1681,0.0610499999999998);
#551=CYLINDRICAL_SURFACE('',#1685,0.2);
#552=CYLINDRICAL_SURFACE('',#1689,0.12295);
#553=CYLINDRICAL_SURFACE('',#1693,0.12295);
#554=CYLINDRICAL_SURFACE('',#1697,0.12295);
#555=CYLINDRICAL_SURFACE('',#1701,0.12295);
#556=CYLINDRICAL_SURFACE('',#1705,0.25);
#557=CYLINDRICAL_SURFACE('',#1709,1.1);
#558=CYLINDRICAL_SURFACE('',#1713,0.05);
#559=CYLINDRICAL_SURFACE('',#1724,0.05);
#560=CYLINDRICAL_SURFACE('',#1726,0.05);
#561=CYLINDRICAL_SURFACE('',#1736,0.05);
#562=CYLINDRICAL_SURFACE('',#1737,0.2);
#563=CYLINDRICAL_SURFACE('',#1740,0.2);
#564=CYLINDRICAL_SURFACE('',#1745,0.2);
#565=CYLINDRICAL_SURFACE('',#1748,0.2);
#566=CLOSED_SHELL('',(#513,#514,#515,#516,#517,#518,#519,#520,#521,#522,
#523,#524,#525,#526,#527,#528,#529,#530,#531,#532,#533,#534,#535,#536,#537,
#538,#539,#540,#541,#542,#543,#544,#545,#546,#547,#548));
#567=MANIFOLD_SOLID_BREP('',#566);
#568=ADVANCED_BREP_SHAPE_REPRESENTATION('',(#567),#184);
#569=CONSTRAINTANGLEUV((#1574,#1575),#1537,#2541,$,$,9);
#570=ANGULARDIMENSION('',$,#569,#1186,$,$,#1150,0,$,.F.,.F.,.F.,.F.,#862,
#863,#2386,#2387,#2542,0.375188392887253,9);
#571=TAPPEDTHREAD('M3x0.5',0.5,2.5,3.,2.459,2.675,5,'6H',-1.,.T.);
#572=TAPPEDTHREAD('M1.6x0.35',0.35,1.25,1.6,1.221,1.373,5,'6H',-1.,.T.);
#573=SIMPLEHOLE(0.2459,#614,#571,0);
#574=SIMPLEHOLE(0.1221,#616,#572,0);
#575=HOLEOPERATION((),1,#1658,#573);
#576=HOLEOPERATION((),1,#1660,#574);
#577=NODEUV('',#2301);
#578=NODEUV('',#2303);
#579=NODEUV('',#2305);
#580=NODEUV('',#2307);
#581=NODEUV('',#2396);
#582=NODEUV('',#2397);
#583=CONSTRAINTDIAMETERUV((#764),#1533,2.2,$,$);
#584=CONSTRAINTDIAMETERUV((#769),#1534,0.5,$,$);
#585=CONSTRAINTDIAMETERUV((#776),#1535,3.676955,$,$);
#586=CONSTRAINTDIAMETERUV((#777),#1536,0.4,$,$);
#587=CONSTRAINTDIAMETERUV((#787),#1537,1.45,$,$);
#588=CONSTRAINTMIDPOINTUV((#1220,#1221,#1232),#1533,$,$);
#589=CONSTRAINTMIDPOINTUV((#1230,#1231,#1233),#1533,$,$);
#590=CONSTRAINTMIDPOINTUV((#1232,#1233,#1234),#1533,$,$);
#591=CONSTRAINTMIDPOINTUV((#1289,#1290,#1294),#1536,$,$);
#592=CONSTRAINTMIDPOINTUV((#1279,#1280,#1295),#1536,$,$);
#593=CONSTRAINTMIDPOINTUV((#1294,#1295,#1296),#1536,$,$);
#594=TOPOLOGYSIGNATURE('#0');
#595=TOPOLOGYSIGNATURE('#1');
#596=TOPOLOGYSIGNATURE('#2');
#597=TOPOLOGYSIGNATURE('#1');
#598=TOPOLOGYSIGNATURE('#3');
#599=TOPOLOGYSIGNATURE('#3');
#600=FILLETOPERATION((),(#1649),#1922,$,$,.T.);
#601=SKETCHNORMALPRODUCER(#1655);
#602=SKETCHNORMALPRODUCER(#1656);
#603=SKETCHNORMALPRODUCER(#1657);
#604=SKETCHNORMALPRODUCER(#1658);
#605=SKETCHNORMALPRODUCER(#1659);
#606=SKETCHNORMALPRODUCER(#1660);
#607=SKETCHCENTROIDPRODUCER(#1655);
#608=SKETCHCENTROIDPRODUCER(#1656);
#609=SKETCHCENTROIDPRODUCER(#1657);
#610=SKETCHCENTROIDPRODUCER(#1659);
#611=BLINDENDCONDITION(#607,#601,.F.,#1916);
#612=BLINDENDCONDITION(#608,#602,.F.,#1918);
#613=BLINDENDCONDITION(#609,#603,.F.,#1921);
#614=BLINDENDCONDITION(#1166,#604,.T.,#1924);
#615=BLINDENDCONDITION(#610,#605,.F.,#1925);
#616=BLINDENDCONDITION(#1173,#606,.T.,#1928);
#617=DESIGNDIMENSION('',#1189,#1832,#1916);
#618=DESIGNDIMENSION('',#1190,#1834,#1918);
#619=DESIGNDIMENSION('',#1191,#1836,#1921);
#620=DESIGNDIMENSION('',#1192,#1838,#1925);
#621=EXTRUDESKETCHOPERATION((#617),0,#1655,#611,$,$,$,2);
#622=EXTRUDESKETCHOPERATION((#618),0,#1656,#612,$,$,$,2);
#623=EXTRUDESKETCHOPERATION((#619),0,#1657,#613,$,$,$,2);
#624=EXTRUDESKETCHOPERATION((#620),0,#1659,#615,$,$,$,2);
#625=BLOCKDIMENSION(#1188,#1931);
#626=BLOCKDIMENSION(#644,#1920);
#627=BLOCKDIMENSION(#645,#1917);
#628=BLOCKDIMENSION(#646,#1919);
#629=BLOCKDIMENSION(#647,#1923);
#630=BLOCKDIMENSION(#648,#1926);
#631=BLOCKDIMENSION(#649,#1927);
#632=BLOCKDIMENSION(#1193,#1930);
#633=BLOCKDIMENSION(#570,#1915);
#634=BLOCKDIMENSION(#1194,#1929);
#635=HELPDATA(0.,#2172,#760,.F.);
#636=HELPDATA(0.,#2177,#760,.F.);
#637=HELPDATA(0.,#2183,#761,.F.);
#638=HELPDATA(0.,#2188,#761,.F.);
#639=HELPDATA(0.,#2191,#762,.F.);
#640=HELPDATA(0.,#2196,#762,.F.);
#641=HELPDATA(0.,#2199,#763,.F.);
#642=HELPDATA(0.,#2203,#763,.F.);
#643=CONSTRAINTRADIUSUV((#760),#1532,0.2,$,$);
#644=CIRCULARDIMENSION('',$,#643,#1175,$,$,#1109,0,$,.F.,.F.,.F.,.F.,#2180,
0.2,#2181,0.,$,#2537,2);
#645=CIRCULARDIMENSION('',$,#583,#1177,$,$,#1118,0,$,.F.,.F.,.F.,.F.,#2235,
1.1,#2236,0.,$,#2538,2);
#646=CIRCULARDIMENSION('',$,#584,#1179,$,$,#1125,0,$,.F.,.F.,.F.,.F.,#2246,
0.25,#2247,0.,$,#2538,2);
#647=CIRCULARDIMENSION('',$,#585,#1181,$,$,#1131,0,$,.F.,.F.,.F.,.F.,#2292,
1.8384775,#2293,0.,$,#2538,2);
#648=CIRCULARDIMENSION('',$,#586,#1182,$,$,#1139,0,$,.F.,.F.,.F.,.F.,#2348,
0.2,#2349,0.,$,#2539,2);
#649=CIRCULARDIMENSION('',$,#587,#1184,$,$,#1146,0,$,.F.,.F.,.F.,.F.,#2380,
0.725,#2381,0.,$,#2540,2);
#650=AXIS2_PLACEMENT_2D('',#2179,$);
#651=AXIS2_PLACEMENT_2D('',#2189,$);
#652=AXIS2_PLACEMENT_2D('',#2197,$);
#653=AXIS2_PLACEMENT_2D('',#2204,$);
#654=AXIS2_PLACEMENT_2D('',#2210,$);
#655=AXIS2_PLACEMENT_2D('',#2215,$);
#656=AXIS2_PLACEMENT_2D('',#2220,$);
#657=AXIS2_PLACEMENT_2D('',#2225,$);
#658=AXIS2_PLACEMENT_2D('',#2234,$);
#659=AXIS2_PLACEMENT_2D('',#2237,$);
#660=AXIS2_PLACEMENT_2D('',#2243,$);
#661=AXIS2_PLACEMENT_2D('',#2244,$);
#662=AXIS2_PLACEMENT_2D('',#2245,$);
#663=AXIS2_PLACEMENT_2D('',#2248,$);
#664=AXIS2_PLACEMENT_2D('',#2254,$);
#665=AXIS2_PLACEMENT_2D('',#2255,$);
#666=AXIS2_PLACEMENT_2D('',#2256,$);
#667=AXIS2_PLACEMENT_2D('',#2265,$);
#668=AXIS2_PLACEMENT_2D('',#2273,$);
#669=AXIS2_PLACEMENT_2D('',#2281,$);
#670=AXIS2_PLACEMENT_2D('',#2290,$);
#671=AXIS2_PLACEMENT_2D('',#2291,$);
#672=AXIS2_PLACEMENT_2D('',#2312,$);
#673=AXIS2_PLACEMENT_2D('',#2320,$);
#674=AXIS2_PLACEMENT_2D('',#2330,$);
#675=AXIS2_PLACEMENT_2D('',#2338,$);
#676=AXIS2_PLACEMENT_2D('',#2347,$);
#677=AXIS2_PLACEMENT_2D('',#2350,$);
#678=AXIS2_PLACEMENT_2D('',#2354,$);
#679=AXIS2_PLACEMENT_2D('',#2355,$);
#680=AXIS2_PLACEMENT_2D('',#2357,$);
#681=AXIS2_PLACEMENT_2D('',#2362,$);
#682=AXIS2_PLACEMENT_2D('',#2369,$);
#683=AXIS2_PLACEMENT_2D('',#2374,$);
#684=AXIS2_PLACEMENT_2D('',#2378,$);
#685=AXIS2_PLACEMENT_2D('',#2379,$);
#686=CIRCLE('',#650,0.2);
#687=CIRCLE('',#651,0.2);
#688=CIRCLE('',#652,0.2);
#689=CIRCLE('',#653,0.2);
#690=CIRCLE('',#654,0.2);
#691=CIRCLE('',#655,0.2);
#692=CIRCLE('',#656,0.200000000000001);
#693=CIRCLE('',#657,0.2);
#694=CIRCLE('',#658,1.1);
#695=CIRCLE('',#659,1.1);
#696=CIRCLE('',#660,1.1);
#697=CIRCLE('',#661,1.1);
#698=CIRCLE('',#662,0.25);
#699=CIRCLE('',#663,0.25);
#700=CIRCLE('',#664,1.1);
#701=CIRCLE('',#665,1.1);
#702=CIRCLE('',#666,0.2);
#703=CIRCLE('',#667,0.200000014874258);
#704=CIRCLE('',#668,0.200000000000001);
#705=CIRCLE('',#669,0.2);
#706=CIRCLE('',#670,1.8384775);
#707=CIRCLE('',#671,1.8384775);
#708=CIRCLE('',#672,0.15);
#709=CIRCLE('',#673,0.15);
#710=CIRCLE('',#674,0.15);
#711=CIRCLE('',#675,0.15);
#712=CIRCLE('',#676,0.2);
#713=CIRCLE('',#677,0.2);
#714=CIRCLE('',#678,0.2);
#715=CIRCLE('',#679,0.2);
#716=CIRCLE('',#680,0.15);
#717=CIRCLE('',#681,0.15);
#718=CIRCLE('',#682,0.15);
#719=CIRCLE('',#683,0.15);
#720=CIRCLE('',#684,0.725);
#721=CIRCLE('',#685,0.725);
#722=CIRCLE('',#1678,0.06105);
#723=CIRCLE('',#1679,0.06105);
#724=CIRCLE('',#1682,0.0610499999999998);
#725=CIRCLE('',#1683,0.0610499999999998);
#726=CIRCLE('',#1686,0.2);
#727=CIRCLE('',#1687,0.2);
#728=CIRCLE('',#1690,0.12295);
#729=CIRCLE('',#1691,0.12295);
#730=CIRCLE('',#1694,0.12295);
#731=CIRCLE('',#1695,0.12295);
#732=CIRCLE('',#1698,0.12295);
#733=CIRCLE('',#1699,0.12295);
#734=CIRCLE('',#1702,0.12295);
#735=CIRCLE('',#1703,0.12295);
#736=CIRCLE('',#1706,0.25);
#737=CIRCLE('',#1707,0.25);
#738=CIRCLE('',#1710,1.1);
#739=CIRCLE('',#1711,1.1);
#740=CIRCLE('',#1714,0.05);
#741=CIRCLE('',#1715,0.05);
#742=CIRCLE('',#1717,0.05);
#743=CIRCLE('',#1718,0.15);
#744=CIRCLE('',#1719,0.2);
#745=CIRCLE('',#1721,0.05);
#746=CIRCLE('',#1722,0.2);
#747=CIRCLE('',#1723,0.15);
#748=CIRCLE('',#1725,0.0500000000000002);
#749=CIRCLE('',#1727,0.05);
#750=CIRCLE('',#1729,0.0499999999999998);
#751=CIRCLE('',#1730,0.15);
#752=CIRCLE('',#1731,0.2);
#753=CIRCLE('',#1733,0.05);
#754=CIRCLE('',#1734,0.2);
#755=CIRCLE('',#1735,0.15);
#756=CIRCLE('',#1738,0.2);
#757=CIRCLE('',#1741,0.2);
#758=CIRCLE('',#1746,0.2);
#759=CIRCLE('',#1749,0.2);
#760=REFERENCECIRCLEUV(.F.,#1532,#686,(#872,#873));
#761=REFERENCECIRCLEUV(.F.,#1532,#687,(#880));
#762=REFERENCECIRCLEUV(.F.,#1532,#688,(#886));
#763=REFERENCECIRCLEUV(.F.,#1532,#689,(#892));
#764=REFERENCECIRCLEUV(.F.,#1533,#695,(#922,#923));
#765=REFERENCECIRCLEUV(.F.,#1533,#690,(#894));
#766=REFERENCECIRCLEUV(.F.,#1533,#691,(#900));
#767=REFERENCECIRCLEUV(.F.,#1533,#692,(#906));
#768=REFERENCECIRCLEUV(.F.,#1533,#693,(#912));
#769=REFERENCECIRCLEUV(.F.,#1534,#699,(#928,#929));
#770=REFERENCECIRCLEUV(.F.,#1534,#696,(#924));
#771=REFERENCECIRCLEUV(.F.,#1535,#700,(#930));
#772=REFERENCECIRCLEUV(.F.,#1535,#702,(#932));
#773=REFERENCECIRCLEUV(.F.,#1535,#703,(#938));
#774=REFERENCECIRCLEUV(.F.,#1535,#704,(#944));
#775=REFERENCECIRCLEUV(.F.,#1535,#705,(#950));
#776=REFERENCECIRCLEUV(.F.,#1535,#707,(#957,#958));
#777=REFERENCECIRCLEUV(.F.,#1536,#713,(#1000,#1001));
#778=REFERENCECIRCLEUV(.F.,#1536,#708,(#974));
#779=REFERENCECIRCLEUV(.F.,#1536,#709,(#980));
#780=REFERENCECIRCLEUV(.F.,#1536,#710,(#986));
#781=REFERENCECIRCLEUV(.F.,#1536,#711,(#992));
#782=REFERENCECIRCLEUV(.F.,#1537,#714,(#1002));
#783=REFERENCECIRCLEUV(.F.,#1537,#716,(#1006));
#784=REFERENCECIRCLEUV(.F.,#1537,#717,(#1012));
#785=REFERENCECIRCLEUV(.F.,#1537,#718,(#1018));
#786=REFERENCECIRCLEUV(.F.,#1537,#719,(#1024));
#787=REFERENCECIRCLEUV(.F.,#1537,#720,(#1028,#1029));
#788=LINE('',#2176,#1759);
#789=LINE('',#2178,#1760);
#790=LINE('',#2184,#1761);
#791=LINE('',#2195,#1762);
#792=LINE('',#2214,#1766);
#793=LINE('',#2219,#1768);
#794=LINE('',#2224,#1770);
#795=LINE('',#2229,#1772);
#796=LINE('',#2231,#1773);
#797=LINE('',#2264,#1775);
#798=LINE('',#2272,#1776);
#799=LINE('',#2280,#1777);
#800=LINE('',#2289,#1778);
#801=LINE('',#2294,#1779);
#802=LINE('',#2296,#1781);
#803=LINE('',#2298,#1783);
#804=LINE('',#2299,#1785);
#805=LINE('',#2310,#1788);
#806=LINE('',#2319,#1790);
#807=LINE('',#2329,#1792);
#808=LINE('',#2337,#1794);
#809=LINE('',#2344,#1795);
#810=LINE('',#2356,#1799);
#811=LINE('',#2361,#1800);
#812=LINE('',#2368,#1801);
#813=LINE('',#2373,#1802);
#814=LINE('',#2382,#1803);
#815=LINE('',#2383,#1804);
#816=LINE('',#2388,#1807);
#817=LINE('',#2457,#1809);
#818=LINE('',#2461,#1810);
#819=LINE('',#2478,#1811);
#820=LINE('',#2479,#1812);
#821=LINE('',#2484,#1813);
#822=LINE('',#2485,#1814);
#823=LINE('',#2499,#1815);
#824=LINE('',#2500,#1816);
#825=LINE('',#2502,#1817);
#826=LINE('',#2506,#1818);
#827=LINE('',#2508,#1819);
#828=LINE('',#2510,#1820);
#829=LINE('',#2512,#1821);
#830=LINE('',#2516,#1822);
#831=LINE('',#2518,#1823);
#832=LINE('',#2521,#1824);
#833=LINE('',#2523,#1825);
#834=LINE('',#2527,#1826);
#835=LINE('',#2529,#1827);
#836=LINE('',#2531,#1828);
#837=(
BOUNDED_CURVE()
B_SPLINE_CURVE(2,(#2173,#2174,#2175),.CIRCULAR_ARC.,.F.,.F.)
B_SPLINE_CURVE_WITH_KNOTS((3,3),(0.,1.),.PIECEWISE_BEZIER_KNOTS.)
CURVE()
GEOMETRIC_REPRESENTATION_ITEM()
RATIONAL_B_SPLINE_CURVE((1.,0.707106781186548,1.))
REPRESENTATION_ITEM('')
);
#838=(
BOUNDED_CURVE()
B_SPLINE_CURVE(2,(#2185,#2186,#2187),.CIRCULAR_ARC.,.F.,.F.)
B_SPLINE_CURVE_WITH_KNOTS((3,3),(0.,1.),.PIECEWISE_BEZIER_KNOTS.)
CURVE()
GEOMETRIC_REPRESENTATION_ITEM()
RATIONAL_B_SPLINE_CURVE((1.,0.707106781186548,1.))
REPRESENTATION_ITEM('')
);
#839=(
BOUNDED_CURVE()
B_SPLINE_CURVE(2,(#2192,#2193,#2194),.CIRCULAR_ARC.,.F.,.F.)
B_SPLINE_CURVE_WITH_KNOTS((3,3),(0.,1.),.PIECEWISE_BEZIER_KNOTS.)
CURVE()
GEOMETRIC_REPRESENTATION_ITEM()
RATIONAL_B_SPLINE_CURVE((1.,0.707106781186548,1.))
REPRESENTATION_ITEM('')
);
#840=(
BOUNDED_CURVE()
B_SPLINE_CURVE(2,(#2200,#2201,#2202),.CIRCULAR_ARC.,.F.,.F.)
B_SPLINE_CURVE_WITH_KNOTS((3,3),(0.,1.),.PIECEWISE_BEZIER_KNOTS.)
CURVE()
GEOMETRIC_REPRESENTATION_ITEM()
RATIONAL_B_SPLINE_CURVE((1.,0.707106781186548,1.))
REPRESENTATION_ITEM('')
);
#841=(
BOUNDED_CURVE()
B_SPLINE_CURVE(2,(#2211,#2212,#2213),.CIRCULAR_ARC.,.F.,.F.)
B_SPLINE_CURVE_WITH_KNOTS((3,3),(0.,1.),.PIECEWISE_BEZIER_KNOTS.)
CURVE()
GEOMETRIC_REPRESENTATION_ITEM()
RATIONAL_B_SPLINE_CURVE((1.,0.707106781186548,1.))
REPRESENTATION_ITEM('')
);
#842=(
BOUNDED_CURVE()
B_SPLINE_CURVE(2,(#2216,#2217,#2218),.CIRCULAR_ARC.,.F.,.F.)
B_SPLINE_CURVE_WITH_KNOTS((3,3),(0.,1.),.PIECEWISE_BEZIER_KNOTS.)
CURVE()
GEOMETRIC_REPRESENTATION_ITEM()
RATIONAL_B_SPLINE_CURVE((1.,0.707106781186548,1.))
REPRESENTATION_ITEM('')
);
#843=(
BOUNDED_CURVE()
B_SPLINE_CURVE(2,(#2221,#2222,#2223),.CIRCULAR_ARC.,.F.,.F.)
B_SPLINE_CURVE_WITH_KNOTS((3,3),(0.,1.),.PIECEWISE_BEZIER_KNOTS.)
CURVE()
GEOMETRIC_REPRESENTATION_ITEM()
RATIONAL_B_SPLINE_CURVE((1.,0.707106781186548,1.))
REPRESENTATION_ITEM('')
);
#844=(
BOUNDED_CURVE()
B_SPLINE_CURVE(2,(#2226,#2227,#2228),.CIRCULAR_ARC.,.F.,.F.)
B_SPLINE_CURVE_WITH_KNOTS((3,3),(0.,1.),.PIECEWISE_BEZIER_KNOTS.)
CURVE()
GEOMETRIC_REPRESENTATION_ITEM()
RATIONAL_B_SPLINE_CURVE((1.,0.707106781186548,1.))
REPRESENTATION_ITEM('')
);
#845=(
BOUNDED_CURVE()
B_SPLINE_CURVE(2,(#2257,#2258,#2259),.CIRCULAR_ARC.,.F.,.F.)
B_SPLINE_CURVE_WITH_KNOTS((3,3),(0.,1.),.PIECEWISE_BEZIER_KNOTS.)
CURVE()
GEOMETRIC_REPRESENTATION_ITEM()
RATIONAL_B_SPLINE_CURVE((1.,0.707106807480759,1.))
REPRESENTATION_ITEM('')
);
#846=(
BOUNDED_CURVE()
B_SPLINE_CURVE(2,(#2266,#2267,#2268),.CIRCULAR_ARC.,.F.,.F.)
B_SPLINE_CURVE_WITH_KNOTS((3,3),(0.,1.),.PIECEWISE_BEZIER_KNOTS.)
CURVE()
GEOMETRIC_REPRESENTATION_ITEM()
RATIONAL_B_SPLINE_CURVE((1.,0.707106807480758,1.))
REPRESENTATION_ITEM('')
);
#847=(
BOUNDED_CURVE()
B_SPLINE_CURVE(2,(#2274,#2275,#2276),.CIRCULAR_ARC.,.F.,.F.)
B_SPLINE_CURVE_WITH_KNOTS((3,3),(0.,1.),.PIECEWISE_BEZIER_KNOTS.)
CURVE()
GEOMETRIC_REPRESENTATION_ITEM()
RATIONAL_B_SPLINE_CURVE((1.,0.70710678118655,1.))
REPRESENTATION_ITEM('')
);
#848=(
BOUNDED_CURVE()
B_SPLINE_CURVE(2,(#2282,#2283,#2284,#2285,#2286),.CIRCULAR_ARC.,.F.,.F.)
B_SPLINE_CURVE_WITH_KNOTS((3,2,3),(0.,0.5,1.),.PIECEWISE_BEZIER_KNOTS.)
CURVE()
GEOMETRIC_REPRESENTATION_ITEM()
RATIONAL_B_SPLINE_CURVE((1.,0.923879532511286,1.,0.923879532511286,1.))
REPRESENTATION_ITEM('')
);
#849=(
BOUNDED_CURVE()
B_SPLINE_CURVE(2,(#2313,#2314,#2315),.CIRCULAR_ARC.,.F.,.F.)
B_SPLINE_CURVE_WITH_KNOTS((3,3),(0.,1.),.PIECEWISE_BEZIER_KNOTS.)
CURVE()
GEOMETRIC_REPRESENTATION_ITEM()
RATIONAL_B_SPLINE_CURVE((1.,0.707106781186548,1.))
REPRESENTATION_ITEM('')
);
#850=(
BOUNDED_CURVE()
B_SPLINE_CURVE(2,(#2321,#2322,#2323,#2324,#2325),.CIRCULAR_ARC.,.F.,.F.)
B_SPLINE_CURVE_WITH_KNOTS((3,2,3),(0.,0.5,1.),.PIECEWISE_BEZIER_KNOTS.)
CURVE()
GEOMETRIC_REPRESENTATION_ITEM()
RATIONAL_B_SPLINE_CURVE((1.,0.923879532511287,1.,0.923879532511287,1.))
REPRESENTATION_ITEM('')
);
#851=(
BOUNDED_CURVE()
B_SPLINE_CURVE(2,(#2331,#2332,#2333),.CIRCULAR_ARC.,.F.,.F.)
B_SPLINE_CURVE_WITH_KNOTS((3,3),(0.,1.),.PIECEWISE_BEZIER_KNOTS.)
CURVE()
GEOMETRIC_REPRESENTATION_ITEM()
RATIONAL_B_SPLINE_CURVE((1.,0.707106781186548,1.))
REPRESENTATION_ITEM('')
);
#852=(
BOUNDED_CURVE()
B_SPLINE_CURVE(2,(#2339,#2340,#2341),.CIRCULAR_ARC.,.F.,.F.)
B_SPLINE_CURVE_WITH_KNOTS((3,3),(0.,1.),.PIECEWISE_BEZIER_KNOTS.)
CURVE()
GEOMETRIC_REPRESENTATION_ITEM()
RATIONAL_B_SPLINE_CURVE((1.,0.707106781186548,1.))
REPRESENTATION_ITEM('')
);
#853=(
BOUNDED_CURVE()
B_SPLINE_CURVE(2,(#2358,#2359,#2360),.CIRCULAR_ARC.,.F.,.F.)
B_SPLINE_CURVE_WITH_KNOTS((3,3),(0.,1.),.PIECEWISE_BEZIER_KNOTS.)
CURVE()
GEOMETRIC_REPRESENTATION_ITEM()
RATIONAL_B_SPLINE_CURVE((1.,0.707106781186548,1.))
REPRESENTATION_ITEM('')
);
#854=(
BOUNDED_CURVE()
B_SPLINE_CURVE(2,(#2363,#2364,#2365,#2366,#2367),.CIRCULAR_ARC.,.F.,.F.)
B_SPLINE_CURVE_WITH_KNOTS((3,2,3),(0.,0.5,1.),.PIECEWISE_BEZIER_KNOTS.)
CURVE()
GEOMETRIC_REPRESENTATION_ITEM()
RATIONAL_B_SPLINE_CURVE((1.,0.923879532511287,1.,0.923879532511287,1.))
REPRESENTATION_ITEM('')
);
#855=(
BOUNDED_CURVE()
B_SPLINE_CURVE(2,(#2370,#2371,#2372),.CIRCULAR_ARC.,.F.,.F.)
B_SPLINE_CURVE_WITH_KNOTS((3,3),(0.,1.),.PIECEWISE_BEZIER_KNOTS.)
CURVE()
GEOMETRIC_REPRESENTATION_ITEM()
RATIONAL_B_SPLINE_CURVE((1.,0.707106781186548,1.))
REPRESENTATION_ITEM('')
);
#856=(
BOUNDED_CURVE()
B_SPLINE_CURVE(2,(#2375,#2376,#2377),.CIRCULAR_ARC.,.F.,.F.)
B_SPLINE_CURVE_WITH_KNOTS((3,3),(0.,1.),.PIECEWISE_BEZIER_KNOTS.)
CURVE()
GEOMETRIC_REPRESENTATION_ITEM()
RATIONAL_B_SPLINE_CURVE((1.,0.707106781186548,1.))
REPRESENTATION_ITEM('')
);
#857=OWNEDAXISUV($,.T.);
#858=OWNEDAXISUV(#1863,.F.);
#859=OWNEDAXISUV(#1863,.F.);
#860=OWNEDAXISUV(#1863,.F.);
#861=OWNEDAXISUV(#1863,.F.);
#862=OWNEDAXISUV(#1864,.F.);
#863=OWNEDAXISUV(#1865,.F.);
#864=OWNEDAXISUV($,.T.);
#865=OWNEDAXISUV($,.T.);
#866=REFERENCEDEPENDENTUV(#1188,1);
#867=REFERENCEDEPENDENTUV(#1188,0);
#868=REFERENCEDEPENDENTUV(#837,2);
#869=REFERENCEDEPENDENTUV(#788,1);
#870=REFERENCEDEPENDENTUV(#837,3);
#871=REFERENCEDEPENDENTUV(#789,0);
#872=REFERENCEDEPENDENTUV(#644,1);
#873=REFERENCEDEPENDENTUV(#837,1);
#874=REFERENCEDEPENDENTUV(#644,0);
#875=REFERENCEDEPENDENTUV(#837,0);
#876=REFERENCEDEPENDENTUV(#790,0);
#877=REFERENCEDEPENDENTUV(#838,3);
#878=REFERENCEDEPENDENTUV(#789,1);
#879=REFERENCEDEPENDENTUV(#838,2);
#880=REFERENCEDEPENDENTUV(#838,1);
#881=REFERENCEDEPENDENTUV(#838,0);
#882=REFERENCEDEPENDENTUV(#839,3);
#883=REFERENCEDEPENDENTUV(#791,0);
#884=REFERENCEDEPENDENTUV(#790,1);
#885=REFERENCEDEPENDENTUV(#839,2);
#886=REFERENCEDEPENDENTUV(#839,1);
#887=REFERENCEDEPENDENTUV(#839,0);
#888=REFERENCEDEPENDENTUV(#791,1);
#889=REFERENCEDEPENDENTUV(#840,2);
#890=REFERENCEDEPENDENTUV(#840,3);
#891=REFERENCEDEPENDENTUV(#788,0);
#892=REFERENCEDEPENDENTUV(#840,1);
#893=REFERENCEDEPENDENTUV(#840,0);
#894=REFERENCEDEPENDENTUV(#841,1);
#895=REFERENCEDEPENDENTUV(#841,0);
#896=REFERENCEDEPENDENTUV(#841,2);
#897=REFERENCEDEPENDENTUV(#841,3);
#898=REFERENCEDEPENDENTUV(#792,0);
#899=REFERENCEDEPENDENTUV(#792,1);
#900=REFERENCEDEPENDENTUV(#842,1);
#901=REFERENCEDEPENDENTUV(#842,0);
#902=REFERENCEDEPENDENTUV(#842,2);
#903=REFERENCEDEPENDENTUV(#842,3);
#904=REFERENCEDEPENDENTUV(#793,0);
#905=REFERENCEDEPENDENTUV(#793,1);
#906=REFERENCEDEPENDENTUV(#843,1);
#907=REFERENCEDEPENDENTUV(#843,0);
#908=REFERENCEDEPENDENTUV(#843,2);
#909=REFERENCEDEPENDENTUV(#843,3);
#910=REFERENCEDEPENDENTUV(#794,0);
#911=REFERENCEDEPENDENTUV(#794,1);
#912=REFERENCEDEPENDENTUV(#844,1);
#913=REFERENCEDEPENDENTUV(#844,0);
#914=REFERENCEDEPENDENTUV(#844,2);
#915=REFERENCEDEPENDENTUV(#844,3);
#916=REFERENCEDEPENDENTUV(#795,0);
#917=REFERENCEDEPENDENTUV(#795,1);
#918=REFERENCEDEPENDENTUV(#796,0);
#919=REFERENCEDEPENDENTUV(#796,1);
#920=REFERENCEDEPENDENTUV(#694,0);
#921=REFERENCEDEPENDENTUV(#645,0);
#922=REFERENCEDEPENDENTUV(#694,1);
#923=REFERENCEDEPENDENTUV(#645,1);
#924=REFERENCEDEPENDENTUV(#697,1);
#925=REFERENCEDEPENDENTUV(#697,0);
#926=REFERENCEDEPENDENTUV(#698,0);
#927=REFERENCEDEPENDENTUV(#646,0);
#928=REFERENCEDEPENDENTUV(#646,1);
#929=REFERENCEDEPENDENTUV(#698,1);
#930=REFERENCEDEPENDENTUV(#701,1);
#931=REFERENCEDEPENDENTUV(#701,0);
#932=REFERENCEDEPENDENTUV(#845,1);
#933=REFERENCEDEPENDENTUV(#845,0);
#934=REFERENCEDEPENDENTUV(#845,2);
#935=REFERENCEDEPENDENTUV(#845,3);
#936=REFERENCEDEPENDENTUV(#797,0);
#937=REFERENCEDEPENDENTUV(#797,1);
#938=REFERENCEDEPENDENTUV(#846,1);
#939=REFERENCEDEPENDENTUV(#846,0);
#940=REFERENCEDEPENDENTUV(#846,2);
#941=REFERENCEDEPENDENTUV(#846,3);
#942=REFERENCEDEPENDENTUV(#798,0);
#943=REFERENCEDEPENDENTUV(#798,1);
#944=REFERENCEDEPENDENTUV(#847,1);
#945=REFERENCEDEPENDENTUV(#847,0);
#946=REFERENCEDEPENDENTUV(#847,2);
#947=REFERENCEDEPENDENTUV(#847,3);
#948=REFERENCEDEPENDENTUV(#799,0);
#949=REFERENCEDEPENDENTUV(#799,1);
#950=REFERENCEDEPENDENTUV(#848,1);
#951=REFERENCEDEPENDENTUV(#848,0);
#952=REFERENCEDEPENDENTUV(#848,2);
#953=REFERENCEDEPENDENTUV(#848,3);
#954=REFERENCEDEPENDENTUV(#800,0);
#955=REFERENCEDEPENDENTUV(#800,1);
#956=REFERENCEDEPENDENTUV(#706,0);
#957=REFERENCEDEPENDENTUV(#647,1);
#958=REFERENCEDEPENDENTUV(#706,1);
#959=REFERENCEDEPENDENTUV(#647,0);
#960=REFERENCEDEPENDENTUV(#801,1);
#961=REFERENCEDEPENDENTUV(#801,0);
#962=REFERENCEDEPENDENTUV(#802,0);
#963=REFERENCEDEPENDENTUV(#802,1);
#964=REFERENCEDEPENDENTUV(#803,1);
#965=REFERENCEDEPENDENTUV(#803,0);
#966=REFERENCEDEPENDENTUV(#804,0);
#967=REFERENCEDEPENDENTUV(#804,1);
#968=REFERENCEDEPENDENTUV(#577,0);
#969=REFERENCEDEPENDENTUV(#578,0);
#970=REFERENCEDEPENDENTUV(#579,0);
#971=REFERENCEDEPENDENTUV(#580,0);
#972=REFERENCEDEPENDENTUV(#805,0);
#973=REFERENCEDEPENDENTUV(#805,1);
#974=REFERENCEDEPENDENTUV(#849,1);
#975=REFERENCEDEPENDENTUV(#849,0);
#976=REFERENCEDEPENDENTUV(#849,2);
#977=REFERENCEDEPENDENTUV(#849,3);
#978=REFERENCEDEPENDENTUV(#806,0);
#979=REFERENCEDEPENDENTUV(#806,1);
#980=REFERENCEDEPENDENTUV(#850,1);
#981=REFERENCEDEPENDENTUV(#850,0);
#982=REFERENCEDEPENDENTUV(#850,2);
#983=REFERENCEDEPENDENTUV(#850,3);
#984=REFERENCEDEPENDENTUV(#807,0);
#985=REFERENCEDEPENDENTUV(#807,1);
#986=REFERENCEDEPENDENTUV(#851,1);
#987=REFERENCEDEPENDENTUV(#851,0);
#988=REFERENCEDEPENDENTUV(#851,2);
#989=REFERENCEDEPENDENTUV(#851,3);
#990=REFERENCEDEPENDENTUV(#808,0);
#991=REFERENCEDEPENDENTUV(#808,1);
#992=REFERENCEDEPENDENTUV(#852,1);
#993=REFERENCEDEPENDENTUV(#852,0);
#994=REFERENCEDEPENDENTUV(#852,2);
#995=REFERENCEDEPENDENTUV(#852,3);
#996=REFERENCEDEPENDENTUV(#809,0);
#997=REFERENCEDEPENDENTUV(#809,1);
#998=REFERENCEDEPENDENTUV(#712,0);
#999=REFERENCEDEPENDENTUV(#648,0);
#1000=REFERENCEDEPENDENTUV(#712,1);
#1001=REFERENCEDEPENDENTUV(#648,1);
#1002=REFERENCEDEPENDENTUV(#715,1);
#1003=REFERENCEDEPENDENTUV(#715,0);
#1004=REFERENCEDEPENDENTUV(#810,0);
#1005=REFERENCEDEPENDENTUV(#810,1);
#1006=REFERENCEDEPENDENTUV(#853,1);
#1007=REFERENCEDEPENDENTUV(#853,0);
#1008=REFERENCEDEPENDENTUV(#853,2);
#1009=REFERENCEDEPENDENTUV(#853,3);
#1010=REFERENCEDEPENDENTUV(#811,0);
#1011=REFERENCEDEPENDENTUV(#811,1);
#1012=REFERENCEDEPENDENTUV(#854,1);
#1013=REFERENCEDEPENDENTUV(#854,0);
#1014=REFERENCEDEPENDENTUV(#854,2);
#1015=REFERENCEDEPENDENTUV(#854,3);
#1016=REFERENCEDEPENDENTUV(#812,0);
#1017=REFERENCEDEPENDENTUV(#812,1);
#1018=REFERENCEDEPENDENTUV(#855,1);
#1019=REFERENCEDEPENDENTUV(#855,0);
#1020=REFERENCEDEPENDENTUV(#855,2);
#1021=REFERENCEDEPENDENTUV(#855,3);
#1022=REFERENCEDEPENDENTUV(#813,0);
#1023=REFERENCEDEPENDENTUV(#813,1);
#1024=REFERENCEDEPENDENTUV(#856,1);
#1025=REFERENCEDEPENDENTUV(#856,0);
#1026=REFERENCEDEPENDENTUV(#856,2);
#1027=REFERENCEDEPENDENTUV(#856,3);
#1028=REFERENCEDEPENDENTUV(#649,1);
#1029=REFERENCEDEPENDENTUV(#721,1);
#1030=REFERENCEDEPENDENTUV(#649,0);
#1031=REFERENCEDEPENDENTUV(#721,0);
#1032=REFERENCEDEPENDENTUV(#814,0);
#1033=REFERENCEDEPENDENTUV(#815,1);
#1034=REFERENCEDEPENDENTUV(#570,0);
#1035=REFERENCEDEPENDENTUV(#570,1);
#1036=REFERENCEDEPENDENTUV(#570,2);
#1037=REFERENCEDEPENDENTUV(#1193,1);
#1038=REFERENCEDEPENDENTUV(#816,0);
#1039=REFERENCEDEPENDENTUV(#816,1);
#1040=REFERENCEDEPENDENTUV(#1194,1);
#1041=REFERENCEDEPENDENTUV(#1194,0);
#1042=REFERENCEDEPENDENTUV(#814,1);
#1043=REFERENCEDEPENDENTUV(#1193,0);
#1044=REFERENCEDEPENDENTUV(#570,3);
#1045=REFERENCEDEPENDENTUV(#815,0);
#1046=REFERENCEDEPENDENTUV(#581,0);
#1047=REFERENCEDEPENDENTUV(#582,0);
#1048=CONSTRAINTDISTANCEUV((#1196,#1197),#1532,3.495,$,$,$);
#1049=CONSTRAINTDISTANCEUV((#1321,#1322),#1537,0.725,$,$,$);
#1050=CONSTRAINTDISTANCEUV((#1322,#1323),#1537,1.45,$,$,$);
#1051=TEXTBUNDLE(0.,0,34,#2546);
#1052=TEXTBUNDLE(0.,0,34,#2546);
#1053=TEXTBUNDLE(0.,0,34,#2546);
#1054=TEXTBUNDLE(0.,0,34,#2546);
#1055=TEXTBUNDLE(0.,0,34,#2546);
#1056=TEXTBUNDLE(0.,0,32,#2546);
#1057=TEXTBUNDLE(0.,0,34,#2546);
#1058=TEXTBUNDLE(0.,0,34,#2546);
#1059=TEXTBUNDLE(0.,0,34,#2546);
#1060=TEXTBUNDLE(0.,0,32,#2546);
#1061=TEXTBUNDLE(0.,0,34,#2546);
#1062=TEXTBUNDLE(0.,0,34,#2546);
#1063=TEXTBUNDLE(0.,0,34,#2546);
#1064=TEXTBUNDLE(0.,0,32,#2546);
#1065=TEXTBUNDLE(0.,0,34,#2546);
#1066=TEXTBUNDLE(0.,0,34,#2546);
#1067=TEXTBUNDLE(0.,0,34,#2546);
#1068=TEXTBUNDLE(0.,0,32,#2546);
#1069=TEXTBUNDLE(0.,0,34,#2546);
#1070=TEXTBUNDLE(0.,0,32,#2546);
#1071=TEXTBUNDLE(0.,0,34,#2546);
#1072=TEXTBUNDLE(0.,0,32,#2546);
#1073=TEXTBUNDLE(0.,0,34,#2546);
#1074=TEXTBUNDLE(0.,0,32,#2546);
#1075=TEXTBUNDLE(0.,0,34,#2546);
#1076=TEXTBUNDLE(0.,0,32,#2546);
#1077=TEXTBUNDLE(0.,0,34,#2546);
#1078=TEXTBUNDLE(0.,0,32,#2546);
#1079=TOLERANCE(0.005,0.002,0);
#1080=TOLERANCE(0.005,0.002,0);
#1081=TOLERANCE(0.005,0.002,0);
#1082=TOLERANCE(0.005,0.002,0);
#1083=TOLERANCE(0.005,0.002,0);
#1084=TOLERANCE(0.005,0.002,0);
#1085=TOLERANCE(0.005,0.002,0);
#1086=TOLERANCE(0.005,0.002,0);
#1087=TOLERANCE(0.005,0.002,0);
#1088=TOLERANCE(0.005,0.002,0);
#1089=TOLERANCE(0.005,0.002,0);
#1090=TOLERANCE(0.005,0.002,0);
#1091=TOLERANCE(0.0174527778,0.0174527778,0);
#1092=TOLERANCE(0.005,0.002,0);
#1093=MEASUREMENT(#1079,#2609,3.495,.F.,.T.,.F.,'');
#1094=MEASUREMENT(#1080,#2610,0.4,.F.,.T.,.F.,'');
#1095=MEASUREMENT(#1081,#2611,4.,.F.,.T.,.F.,$);
#1096=MEASUREMENT(#1082,#2612,2.2,.F.,.T.,.F.,'');
#1097=MEASUREMENT(#1083,#2613,0.2,.F.,.T.,.F.,$);
#1098=MEASUREMENT(#1084,#2614,0.5,.F.,.T.,.F.,'');
#1099=MEASUREMENT(#1085,#2615,1.8,.F.,.T.,.F.,$);
#1100=MEASUREMENT(#1086,#2616,3.676955,.F.,.T.,.F.,'');
#1101=MEASUREMENT(#1087,#2617,0.4,.F.,.T.,.F.,$);
#1102=MEASUREMENT(#1088,#2618,1.2,.F.,.T.,.F.,$);
#1103=MEASUREMENT(#1089,#2619,1.45,.F.,.T.,.F.,$);
#1104=MEASUREMENT(#1090,#2620,0.725,.F.,.T.,.F.,$);
#1105=MEASUREMENT(#1091,#2621,0.698131700797732,.F.,.T.,.F.,$);
#1106=MEASUREMENT(#1092,#2622,1.45,.F.,.T.,.F.,$);
#1107=ENTITYHEADERPROPERTIES(-4,$,$);
#1108=ENTITYHEADERPROPERTIES(0,$,$);
#1109=ENTITYHEADERPROPERTIES(-4,$,$);
#1110=ENTITYHEADERPROPERTIES(0,$,$);
#1111=ENTITYHEADERPROPERTIES(0,$,$);
#1112=ENTITYHEADERPROPERTIES(0,$,$);
#1113=ENTITYHEADERPROPERTIES(0,$,$);
#1114=ENTITYHEADERPROPERTIES(0,$,$);
#1115=ENTITYHEADERPROPERTIES(0,$,$);
#1116=ENTITYHEADERPROPERTIES(0,$,$);
#1117=ENTITYHEADERPROPERTIES(-4,$,$);
#1118=ENTITYHEADERPROPERTIES(-4,$,$);
#1119=ENTITYHEADERPROPERTIES(0,$,$);
#1120=ENTITYHEADERPROPERTIES(0,$,$);
#1121=ENTITYHEADERPROPERTIES(0,$,$);
#1122=ENTITYHEADERPROPERTIES(0,$,$);
#1123=ENTITYHEADERPROPERTIES(0,$,$);
#1124=ENTITYHEADERPROPERTIES(-4,$,$);
#1125=ENTITYHEADERPROPERTIES(-4,$,$);
#1126=ENTITYHEADERPROPERTIES(0,$,$);
#1127=ENTITYHEADERPROPERTIES(0,$,$);
#1128=ENTITYHEADERPROPERTIES(0,$,$);
#1129=ENTITYHEADERPROPERTIES(0,$,$);
#1130=ENTITYHEADERPROPERTIES(-4,$,$);
#1131=ENTITYHEADERPROPERTIES(-4,$,$);
#1132=ENTITYHEADERPROPERTIES(0,$,$);
#1133=ENTITYHEADERPROPERTIES(0,$,$);
#1134=ENTITYHEADERPROPERTIES(0,$,$);
#1135=ENTITYHEADERPROPERTIES(0,$,$);
#1136=ENTITYHEADERPROPERTIES(0,$,$);
#1137=ENTITYHEADERPROPERTIES(0,$,$);
#1138=ENTITYHEADERPROPERTIES(-4,$,$);
#1139=ENTITYHEADERPROPERTIES(-4,$,$);
#1140=ENTITYHEADERPROPERTIES(0,$,$);
#1141=ENTITYHEADERPROPERTIES(0,$,$);
#1142=ENTITYHEADERPROPERTIES(0,$,$);
#1143=ENTITYHEADERPROPERTIES(0,$,$);
#1144=ENTITYHEADERPROPERTIES(0,$,$);
#1145=ENTITYHEADERPROPERTIES(-4,$,$);
#1146=ENTITYHEADERPROPERTIES(-4,$,$);
#1147=ENTITYHEADERPROPERTIES(-4,$,$);
#1148=ENTITYHEADERPROPERTIES(-4,$,$);
#1149=ENTITYHEADERPROPERTIES(-4,$,$);
#1150=ENTITYHEADERPROPERTIES(-4,$,$);
#1151=ENTITYHEADERPROPERTIES(-4,$,$);
#1152=ENTITYHEADERPROPERTIES(-4,$,$);
#1153=ENTITYHEADERPROPERTIES(0,$,$);
#1154=ENTITYHEADERPROPERTIES(0,$,$);
#1155=ENTITYHEADERPROPERTIES(0,$,$);
#1156=ENTITYHEADERPROPERTIES(0,$,$);
#1157=ENTITYHEADERPROPERTIES(0,$,$);
#1158=POINTHOLDERXYZ(#2162);
#1159=POINTHOLDERXYZ(#2162);
#1160=POINTHOLDERXYZ(#2162);
#1161=POINTHOLDERXYZ(#2162);
#1162=POINTHOLDERXYZ(#2162);
#1163=POINTHOLDERXYZ(#2162);
#1164=POINTHOLDERXYZ(#2162);
#1165=POINTHOLDERXYZ(#2162);
#1166=POINTHOLDERXYZ(#2308);
#1167=POINTHOLDERXYZ(#2162);
#1168=POINTHOLDERXYZ(#2162);
#1169=POINTHOLDERXYZ(#2162);
#1170=POINTHOLDERXYZ(#2162);
#1171=POINTHOLDERXYZ(#2162);
#1172=POINTHOLDERXYZ(#2162);
#1173=POINTHOLDERXYZ(#2398);
#1174=DIMENSIONANNOTATION(#1158,9.,(),.F.,.F.,.F.,-1,#1107,$,0,$,.F.,#1093,
#1051,#1052,'','','','',.F.,.F.);
#1175=DIMENSIONANNOTATION(#1159,9.,(),.F.,.F.,.F.,-1,#1108,$,0,$,.F.,#1094,
#1053,#1054,'','','','',.F.,.F.);
#1176=DIMENSIONANNOTATION(#1160,9.,(),.F.,.F.,.F.,-1,#1115,$,0,$,.F.,#1095,
#1055,#1056,'','','','',.F.,.F.);
#1177=DIMENSIONANNOTATION(#1161,9.,(),.F.,.F.,.F.,-1,#1117,$,0,$,.F.,#1096,
#1057,#1058,'','','','',.F.,.F.);
#1178=DIMENSIONANNOTATION(#1162,9.,(),.F.,.F.,.F.,-1,#1122,$,0,$,.F.,#1097,
#1059,#1060,'','','','',.F.,.F.);
#1179=DIMENSIONANNOTATION(#1163,9.,(),.F.,.F.,.F.,-1,#1124,$,0,$,.F.,#1098,
#1061,#1062,'','','','',.F.,.F.);
#1180=DIMENSIONANNOTATION(#1164,9.,(),.F.,.F.,.F.,-1,#1128,$,0,$,.F.,#1099,
#1063,#1064,'','','','',.F.,.F.);
#1181=DIMENSIONANNOTATION(#1165,9.,(),.F.,.F.,.F.,-1,#1130,$,0,$,.F.,#1100,
#1065,#1066,'','','','',.F.,.F.);
#1182=DIMENSIONANNOTATION(#1167,9.,(),.F.,.F.,.F.,-1,#1138,$,0,$,.F.,#1101,
#1067,#1068,'','','','',.F.,.F.);
#1183=DIMENSIONANNOTATION(#1168,9.,(),.F.,.F.,.F.,-1,#1143,$,0,$,.F.,#1102,
#1069,#1070,'','','','',.F.,.F.);
#1184=DIMENSIONANNOTATION(#1169,9.,(),.F.,.F.,.F.,-1,#1145,$,0,$,.F.,#1103,
#1071,#1072,'','','','',.F.,.F.);
#1185=DIMENSIONANNOTATION(#1170,9.,(),.F.,.F.,.F.,-1,#1147,$,0,$,.F.,#1104,
#1073,#1074,'','','','',.F.,.F.);
#1186=DIMENSIONANNOTATION(#1171,9.,(),.F.,.F.,.F.,-1,#1149,$,0,$,.F.,#1105,
#1075,#1076,'','','','',.F.,.F.);
#1187=DIMENSIONANNOTATION(#1172,9.,(),.F.,.F.,.F.,-1,#1151,$,0,$,.F.,#1106,
#1077,#1078,'','','','',.F.,.F.);
#1188=LINEARDIMENSION('',$,#1048,#1174,$,$,#1107,0,$,.F.,.F.,.F.,.F.,#2165,
#2166,#857,0.,0.,#2167);
#1189=LINEARDIMENSION('',$,#1916,#1176,$,$,#1116,0,$,.F.,.F.,.F.,.F.,#2206,
#2207,#858,0.,0.,#2208);
#1190=LINEARDIMENSION('',$,#1918,#1178,$,$,#1123,0,$,.F.,.F.,.F.,.F.,#2239,
#2240,#859,0.,0.,#2241);
#1191=LINEARDIMENSION('',$,#1921,#1180,$,$,#1129,0,$,.F.,.F.,.F.,.F.,#2250,
#2251,#860,0.,0.,#2252);
#1192=LINEARDIMENSION('',$,#1925,#1183,$,$,#1144,0,$,.F.,.F.,.F.,.F.,#2351,
#2352,#861,0.,0.,#2353);
#1193=LINEARDIMENSION('',$,#1049,#1185,$,$,#1148,0,$,.F.,.F.,.F.,.F.,#2393,
#2394,#865,0.,0.,#2395);
#1194=LINEARDIMENSION('',$,#1050,#1187,$,$,#1152,0,$,.F.,.F.,.F.,.F.,#2390,
#2391,#864,0.,0.,#2392);
#1195=REFERENCEPOINTUV(.F.,#1532,#2163,());
#1196=REFERENCEPOINTUV(.F.,#1532,#2163,(#867));
#1197=REFERENCEPOINTUV(.F.,#1532,#2164,(#866));
#1198=REFERENCEPOINTUV(.F.,#1532,#2164,());
#1199=REFERENCEPOINTUV(.F.,#1532,#2172,(#868,#869));
#1200=REFERENCEPOINTUV(.F.,#1532,#2177,(#870,#871));
#1201=REFERENCEPOINTUV(.F.,#1532,#2182,(#874,#875));
#1202=REFERENCEPOINTUV(.F.,#1532,#2183,(#876,#877));
#1203=REFERENCEPOINTUV(.F.,#1532,#2188,(#878,#879));
#1204=REFERENCEPOINTUV(.F.,#1532,#2190,(#881));
#1205=REFERENCEPOINTUV(.F.,#1532,#2191,(#882,#883));
#1206=REFERENCEPOINTUV(.F.,#1532,#2196,(#884,#885));
#1207=REFERENCEPOINTUV(.F.,#1532,#2198,(#887));
#1208=REFERENCEPOINTUV(.F.,#1532,#2199,(#888,#889));
#1209=REFERENCEPOINTUV(.F.,#1532,#2203,(#890,#891));
#1210=REFERENCEPOINTUV(.F.,#1532,#2205,(#893));
#1211=REFERENCEPOINTUV(.T.,#1532,#2157,());
#1212=REFERENCEPOINTUV(.F.,#1533,#2198,(#895));
#1213=REFERENCEPOINTUV(.F.,#1533,#2196,(#896));
#1214=REFERENCEPOINTUV(.F.,#1533,#2191,(#897));
#1215=REFERENCEPOINTUV(.F.,#1533,#2199,(#898));
#1216=REFERENCEPOINTUV(.F.,#1533,#2191,(#899));
#1217=REFERENCEPOINTUV(.F.,#1533,#2205,(#901));
#1218=REFERENCEPOINTUV(.F.,#1533,#2199,(#902));
#1219=REFERENCEPOINTUV(.F.,#1533,#2203,(#903));
#1220=REFERENCEPOINTUV(.F.,#1533,#2172,(#904));
#1221=REFERENCEPOINTUV(.F.,#1533,#2203,(#905));
#1222=REFERENCEPOINTUV(.F.,#1533,#2182,(#907));
#1223=REFERENCEPOINTUV(.F.,#1533,#2172,(#908));
#1224=REFERENCEPOINTUV(.F.,#1533,#2177,(#909));
#1225=REFERENCEPOINTUV(.F.,#1533,#2188,(#910));
#1226=REFERENCEPOINTUV(.F.,#1533,#2177,(#911));
#1227=REFERENCEPOINTUV(.F.,#1533,#2190,(#913));
#1228=REFERENCEPOINTUV(.F.,#1533,#2188,(#914));
#1229=REFERENCEPOINTUV(.F.,#1533,#2183,(#915));
#1230=REFERENCEPOINTUV(.F.,#1533,#2196,(#916));
#1231=REFERENCEPOINTUV(.F.,#1533,#2183,(#917));
#1232=REFERENCEPOINTUV(.F.,#1533,#2230,(#918));
#1233=REFERENCEPOINTUV(.F.,#1533,#2232,(#919));
#1234=REFERENCEPOINTUV(.F.,#1533,#2233,(#920,#921));
#1235=REFERENCEPOINTUV(.T.,#1533,#2157,());
#1236=REFERENCEPOINTUV(.F.,#1534,#2233,(#925));
#1237=REFERENCEPOINTUV(.F.,#1534,#2233,(#926,#927));
#1238=REFERENCEPOINTUV(.T.,#1534,#2157,());
#1239=REFERENCEPOINTUV(.F.,#1535,#2306,(#971));
#1240=REFERENCEPOINTUV(.F.,#1535,#2233,(#931));
#1241=REFERENCEPOINTUV(.F.,#1535,#2260,(#933));
#1242=REFERENCEPOINTUV(.F.,#1535,#2261,(#934));
#1243=REFERENCEPOINTUV(.F.,#1535,#2262,(#935));
#1244=REFERENCEPOINTUV(.F.,#1535,#2263,(#936));
#1245=REFERENCEPOINTUV(.F.,#1535,#2262,(#937));
#1246=REFERENCEPOINTUV(.F.,#1535,#2269,(#939));
#1247=REFERENCEPOINTUV(.F.,#1535,#2263,(#940));
#1248=REFERENCEPOINTUV(.F.,#1535,#2270,(#941));
#1249=REFERENCEPOINTUV(.F.,#1535,#2271,(#942));
#1250=REFERENCEPOINTUV(.F.,#1535,#2270,(#943));
#1251=REFERENCEPOINTUV(.F.,#1535,#2277,(#945));
#1252=REFERENCEPOINTUV(.F.,#1535,#2271,(#946));
#1253=REFERENCEPOINTUV(.F.,#1535,#2278,(#947));
#1254=REFERENCEPOINTUV(.F.,#1535,#2279,(#948));
#1255=REFERENCEPOINTUV(.F.,#1535,#2278,(#949));
#1256=REFERENCEPOINTUV(.F.,#1535,#2287,(#951));
#1257=REFERENCEPOINTUV(.F.,#1535,#2279,(#952));
#1258=REFERENCEPOINTUV(.F.,#1535,#2288,(#953));
#1259=REFERENCEPOINTUV(.F.,#1535,#2261,(#954));
#1260=REFERENCEPOINTUV(.F.,#1535,#2288,(#955));
#1261=REFERENCEPOINTUV(.F.,#1535,#2233,(#956,#959));
#1262=REFERENCEPOINTUV(.F.,#1535,#2269,(#960));
#1263=REFERENCEPOINTUV(.F.,#1535,#2295,(#961));
#1264=REFERENCEPOINTUV(.F.,#1535,#2295,(#962));
#1265=REFERENCEPOINTUV(.F.,#1535,#2277,(#963));
#1266=REFERENCEPOINTUV(.F.,#1535,#2287,(#964));
#1267=REFERENCEPOINTUV(.F.,#1535,#2297,(#965));
#1268=REFERENCEPOINTUV(.F.,#1535,#2297,(#966));
#1269=REFERENCEPOINTUV(.F.,#1535,#2260,(#967));
#1270=REFERENCEPOINTUV(.F.,#1535,#2300,(#968));
#1271=REFERENCEPOINTUV(.F.,#1535,#2302,(#969));
#1272=REFERENCEPOINTUV(.F.,#1535,#2304,(#970));
#1273=REFERENCEPOINTUV(.T.,#1535,#2157,());
#1274=REFERENCEPOINTUV(.F.,#1536,#2309,(#972));
#1275=REFERENCEPOINTUV(.F.,#1536,#2311,(#973));
#1276=REFERENCEPOINTUV(.F.,#1536,#2316,(#975));
#1277=REFERENCEPOINTUV(.F.,#1536,#2309,(#976));
#1278=REFERENCEPOINTUV(.F.,#1536,#2317,(#977));
#1279=REFERENCEPOINTUV(.F.,#1536,#2318,(#978));
#1280=REFERENCEPOINTUV(.F.,#1536,#2317,(#979));
#1281=REFERENCEPOINTUV(.F.,#1536,#2326,(#981));
#1282=REFERENCEPOINTUV(.F.,#1536,#2318,(#982));
#1283=REFERENCEPOINTUV(.F.,#1536,#2327,(#983));
#1284=REFERENCEPOINTUV(.F.,#1536,#2328,(#984));
#1285=REFERENCEPOINTUV(.F.,#1536,#2327,(#985));
#1286=REFERENCEPOINTUV(.F.,#1536,#2334,(#987));
#1287=REFERENCEPOINTUV(.F.,#1536,#2328,(#988));
#1288=REFERENCEPOINTUV(.F.,#1536,#2335,(#989));
#1289=REFERENCEPOINTUV(.F.,#1536,#2336,(#990));
#1290=REFERENCEPOINTUV(.F.,#1536,#2335,(#991));
#1291=REFERENCEPOINTUV(.F.,#1536,#2342,(#993));
#1292=REFERENCEPOINTUV(.F.,#1536,#2336,(#994));
#1293=REFERENCEPOINTUV(.F.,#1536,#2311,(#995));
#1294=REFERENCEPOINTUV(.F.,#1536,#2343,(#996));
#1295=REFERENCEPOINTUV(.F.,#1536,#2345,(#997));
#1296=REFERENCEPOINTUV(.F.,#1536,#2346,(#998,#999));
#1297=REFERENCEPOINTUV(.T.,#1536,#2157,());
#1298=REFERENCEPOINTUV(.F.,#1537,#2384,(#1047));
#1299=REFERENCEPOINTUV(.F.,#1537,#2346,(#1003));
#1300=REFERENCEPOINTUV(.F.,#1537,#2309,(#1004));
#1301=REFERENCEPOINTUV(.F.,#1537,#2311,(#1005));
#1302=REFERENCEPOINTUV(.F.,#1537,#2316,(#1007));
#1303=REFERENCEPOINTUV(.F.,#1537,#2309,(#1008));
#1304=REFERENCEPOINTUV(.F.,#1537,#2317,(#1009));
#1305=REFERENCEPOINTUV(.F.,#1537,#2318,(#1010));
#1306=REFERENCEPOINTUV(.F.,#1537,#2317,(#1011));
#1307=REFERENCEPOINTUV(.F.,#1537,#2326,(#1013));
#1308=REFERENCEPOINTUV(.F.,#1537,#2318,(#1014));
#1309=REFERENCEPOINTUV(.F.,#1537,#2327,(#1015));
#1310=REFERENCEPOINTUV(.F.,#1537,#2328,(#1016));
#1311=REFERENCEPOINTUV(.F.,#1537,#2327,(#1017));
#1312=REFERENCEPOINTUV(.F.,#1537,#2334,(#1019));
#1313=REFERENCEPOINTUV(.F.,#1537,#2328,(#1020));
#1314=REFERENCEPOINTUV(.F.,#1537,#2335,(#1021));
#1315=REFERENCEPOINTUV(.F.,#1537,#2336,(#1022));
#1316=REFERENCEPOINTUV(.F.,#1537,#2335,(#1023));
#1317=REFERENCEPOINTUV(.F.,#1537,#2342,(#1025));
#1318=REFERENCEPOINTUV(.F.,#1537,#2336,(#1026));
#1319=REFERENCEPOINTUV(.F.,#1537,#2311,(#1027));
#1320=REFERENCEPOINTUV(.F.,#1537,#2346,(#1030,#1031));
#1321=REFERENCEPOINTUV(.F.,#1537,#2346,(#1032,#1033,#1043));
#1322=REFERENCEPOINTUV(.F.,#1537,#2384,(#1036,#1037,#1038,#1041,#1042));
#1323=REFERENCEPOINTUV(.F.,#1537,#2389,(#1039,#1040));
#1324=REFERENCEPOINTUV(.F.,#1537,#2385,(#1044,#1045));
#1325=REFERENCEPOINTUV(.F.,#1537,#2389,(#1046));
#1326=REFERENCEPOINTUV(.T.,#1537,#2157,());
#1327=CONSTRAINTPAIRUV((#1538,#1195),#1532,6,$,$);
#1328=CONSTRAINTPAIRUV((#1539,#1196),#1532,6,$,$);
#1329=CONSTRAINTPAIRUV((#1539,#1197),#1532,6,$,$);
#1330=CONSTRAINTPAIRUV((#1540,#1198),#1532,6,$,$);
#1331=CONSTRAINTPAIRUV((#1195,#1196),#1532,6,$,$);
#1332=CONSTRAINTPAIRUV((#1197,#1198),#1532,6,$,$);
#1333=CONSTRAINTPAIRUV((#1541,#1538),#1532,4,$,$);
#1334=CONSTRAINTPAIRUV((#1542,#1539),#1532,4,$,$);
#1335=CONSTRAINTPAIRUV((#1541,#1540),#1532,4,$,$);
#1336=CONSTRAINTPAIRUV((#1542,#1543),#1532,4,$,$);
#1337=CONSTRAINTPAIRUV((#1539,#1199),#1532,6,$,$);
#1338=CONSTRAINTPAIRUV((#1540,#1200),#1532,6,$,$);
#1339=CONSTRAINTPAIRUV((#760,#1201),#1532,2,$,$);
#1340=CONSTRAINTPAIRUV((#760,#1199),#1532,6,$,$);
#1341=CONSTRAINTPAIRUV((#760,#1200),#1532,6,$,$);
#1342=CONSTRAINTPAIRUV((#760,#1539),#1532,7,#635,$);
#1343=CONSTRAINTPAIRUV((#760,#1540),#1532,7,#636,$);
#1344=CONSTRAINTPAIRUV((#1543,#1202),#1532,6,$,$);
#1345=CONSTRAINTPAIRUV((#1540,#1203),#1532,6,$,$);
#1346=CONSTRAINTPAIRUV((#761,#1204),#1532,2,$,$);
#1347=CONSTRAINTPAIRUV((#761,#1202),#1532,6,$,$);
#1348=CONSTRAINTPAIRUV((#761,#1203),#1532,6,$,$);
#1349=CONSTRAINTPAIRUV((#761,#1543),#1532,7,#637,$);
#1350=CONSTRAINTPAIRUV((#761,#1540),#1532,7,#638,$);
#1351=CONSTRAINTPAIRUV((#761,#760),#1532,12,$,$);
#1352=CONSTRAINTPAIRUV((#1538,#1205),#1532,6,$,$);
#1353=CONSTRAINTPAIRUV((#1543,#1206),#1532,6,$,$);
#1354=CONSTRAINTPAIRUV((#762,#1207),#1532,2,$,$);
#1355=CONSTRAINTPAIRUV((#762,#1205),#1532,6,$,$);
#1356=CONSTRAINTPAIRUV((#762,#1206),#1532,6,$,$);
#1357=CONSTRAINTPAIRUV((#762,#1538),#1532,7,#639,$);
#1358=CONSTRAINTPAIRUV((#762,#1543),#1532,7,#640,$);
#1359=CONSTRAINTPAIRUV((#762,#760),#1532,12,$,$);
#1360=CONSTRAINTPAIRUV((#1538,#1208),#1532,6,$,$);
#1361=CONSTRAINTPAIRUV((#1539,#1209),#1532,6,$,$);
#1362=CONSTRAINTPAIRUV((#763,#1210),#1532,2,$,$);
#1363=CONSTRAINTPAIRUV((#763,#1208),#1532,6,$,$);
#1364=CONSTRAINTPAIRUV((#763,#1209),#1532,6,$,$);
#1365=CONSTRAINTPAIRUV((#763,#1538),#1532,7,#641,$);
#1366=CONSTRAINTPAIRUV((#763,#1539),#1532,7,#642,$);
#1367=CONSTRAINTPAIRUV((#763,#760),#1532,12,$,$);
#1368=CONSTRAINTPAIRUV((#765,#1212),#1533,2,$,$);
#1369=CONSTRAINTPAIRUV((#765,#1213),#1533,6,$,$);
#1370=CONSTRAINTPAIRUV((#765,#1214),#1533,6,$,$);
#1371=CONSTRAINTPAIRUV((#1544,#1215),#1533,6,$,$);
#1372=CONSTRAINTPAIRUV((#1544,#1216),#1533,6,$,$);
#1373=CONSTRAINTPAIRUV((#766,#1217),#1533,2,$,$);
#1374=CONSTRAINTPAIRUV((#766,#1218),#1533,6,$,$);
#1375=CONSTRAINTPAIRUV((#766,#1219),#1533,6,$,$);
#1376=CONSTRAINTPAIRUV((#1545,#1220),#1533,6,$,$);
#1377=CONSTRAINTPAIRUV((#1545,#1221),#1533,6,$,$);
#1378=CONSTRAINTPAIRUV((#767,#1222),#1533,2,$,$);
#1379=CONSTRAINTPAIRUV((#767,#1223),#1533,6,$,$);
#1380=CONSTRAINTPAIRUV((#767,#1224),#1533,6,$,$);
#1381=CONSTRAINTPAIRUV((#1546,#1225),#1533,6,$,$);
#1382=CONSTRAINTPAIRUV((#1546,#1226),#1533,6,$,$);
#1383=CONSTRAINTPAIRUV((#768,#1227),#1533,2,$,$);
#1384=CONSTRAINTPAIRUV((#768,#1228),#1533,6,$,$);
#1385=CONSTRAINTPAIRUV((#768,#1229),#1533,6,$,$);
#1386=CONSTRAINTPAIRUV((#1547,#1230),#1533,6,$,$);
#1387=CONSTRAINTPAIRUV((#1547,#1231),#1533,6,$,$);
#1388=CONSTRAINTPAIRUV((#1213,#1230),#1533,6,$,$);
#1389=CONSTRAINTPAIRUV((#1214,#1216),#1533,6,$,$);
#1390=CONSTRAINTPAIRUV((#1215,#1218),#1533,6,$,$);
#1391=CONSTRAINTPAIRUV((#1219,#1221),#1533,6,$,$);
#1392=CONSTRAINTPAIRUV((#1220,#1223),#1533,6,$,$);
#1393=CONSTRAINTPAIRUV((#1224,#1226),#1533,6,$,$);
#1394=CONSTRAINTPAIRUV((#1225,#1228),#1533,6,$,$);
#1395=CONSTRAINTPAIRUV((#1229,#1231),#1533,6,$,$);
#1396=CONSTRAINTPAIRUV((#1545,#1232),#1533,6,$,$);
#1397=CONSTRAINTPAIRUV((#1547,#1233),#1533,6,$,$);
#1398=CONSTRAINTPAIRUV((#1548,#1232),#1533,6,$,$);
#1399=CONSTRAINTPAIRUV((#1548,#1233),#1533,6,$,$);
#1400=CONSTRAINTPAIRUV((#1548,#1549),#1533,4,$,$);
#1401=CONSTRAINTPAIRUV((#1548,#1234),#1533,6,$,$);
#1402=CONSTRAINTPAIRUV((#764,#1234),#1533,2,$,$);
#1403=CONSTRAINTPAIRUV((#770,#1236),#1534,2,$,$);
#1404=CONSTRAINTPAIRUV((#1236,#1237),#1534,6,$,$);
#1405=CONSTRAINTPAIRUV((#769,#1237),#1534,2,$,$);
#1406=CONSTRAINTPAIRUV((#771,#1240),#1535,2,$,$);
#1407=CONSTRAINTPAIRUV((#772,#1241),#1535,2,$,$);
#1408=CONSTRAINTPAIRUV((#772,#1242),#1535,6,$,$);
#1409=CONSTRAINTPAIRUV((#772,#1243),#1535,6,$,$);
#1410=CONSTRAINTPAIRUV((#1553,#1244),#1535,6,$,$);
#1411=CONSTRAINTPAIRUV((#1553,#1245),#1535,6,$,$);
#1412=CONSTRAINTPAIRUV((#773,#1246),#1535,2,$,$);
#1413=CONSTRAINTPAIRUV((#773,#1247),#1535,6,$,$);
#1414=CONSTRAINTPAIRUV((#773,#1248),#1535,6,$,$);
#1415=CONSTRAINTPAIRUV((#1554,#1249),#1535,6,$,$);
#1416=CONSTRAINTPAIRUV((#1554,#1250),#1535,6,$,$);
#1417=CONSTRAINTPAIRUV((#774,#1251),#1535,2,$,$);
#1418=CONSTRAINTPAIRUV((#774,#1252),#1535,6,$,$);
#1419=CONSTRAINTPAIRUV((#774,#1253),#1535,6,$,$);
#1420=CONSTRAINTPAIRUV((#1555,#1254),#1535,6,$,$);
#1421=CONSTRAINTPAIRUV((#1555,#1255),#1535,6,$,$);
#1422=CONSTRAINTPAIRUV((#775,#1256),#1535,2,$,$);
#1423=CONSTRAINTPAIRUV((#775,#1257),#1535,6,$,$);
#1424=CONSTRAINTPAIRUV((#775,#1258),#1535,6,$,$);
#1425=CONSTRAINTPAIRUV((#1556,#1259),#1535,6,$,$);
#1426=CONSTRAINTPAIRUV((#1556,#1260),#1535,6,$,$);
#1427=CONSTRAINTPAIRUV((#1242,#1259),#1535,6,$,$);
#1428=CONSTRAINTPAIRUV((#1243,#1245),#1535,6,$,$);
#1429=CONSTRAINTPAIRUV((#1244,#1247),#1535,6,$,$);
#1430=CONSTRAINTPAIRUV((#1248,#1250),#1535,6,$,$);
#1431=CONSTRAINTPAIRUV((#1249,#1252),#1535,6,$,$);
#1432=CONSTRAINTPAIRUV((#1253,#1255),#1535,6,$,$);
#1433=CONSTRAINTPAIRUV((#1254,#1257),#1535,6,$,$);
#1434=CONSTRAINTPAIRUV((#1258,#1260),#1535,6,$,$);
#1435=CONSTRAINTPAIRUV((#1240,#1261),#1535,6,$,$);
#1436=CONSTRAINTPAIRUV((#776,#1261),#1535,2,$,$);
#1437=CONSTRAINTPAIRUV((#1246,#1262),#1535,6,$,$);
#1438=CONSTRAINTPAIRUV((#1557,#1263),#1535,6,$,$);
#1439=CONSTRAINTPAIRUV((#1557,#1262),#1535,6,$,$);
#1440=CONSTRAINTPAIRUV((#1263,#1264),#1535,6,$,$);
#1441=CONSTRAINTPAIRUV((#1251,#1265),#1535,6,$,$);
#1442=CONSTRAINTPAIRUV((#1558,#1264),#1535,6,$,$);
#1443=CONSTRAINTPAIRUV((#1558,#1265),#1535,6,$,$);
#1444=CONSTRAINTPAIRUV((#1256,#1266),#1535,6,$,$);
#1445=CONSTRAINTPAIRUV((#1559,#1267),#1535,6,$,$);
#1446=CONSTRAINTPAIRUV((#1559,#1266),#1535,6,$,$);
#1447=CONSTRAINTPAIRUV((#1267,#1268),#1535,6,$,$);
#1448=CONSTRAINTPAIRUV((#1241,#1269),#1535,6,$,$);
#1449=CONSTRAINTPAIRUV((#1560,#1268),#1535,6,$,$);
#1450=CONSTRAINTPAIRUV((#1560,#1269),#1535,6,$,$);
#1451=CONSTRAINTPAIRUV((#1557,#1270),#1535,6,$,$);
#1452=CONSTRAINTPAIRUV((#776,#1270),#1535,6,$,$);
#1453=CONSTRAINTPAIRUV((#1558,#1239),#1535,6,$,$);
#1454=CONSTRAINTPAIRUV((#1559,#1271),#1535,6,$,$);
#1455=CONSTRAINTPAIRUV((#1560,#1272),#1535,6,$,$);
#1456=CONSTRAINTPAIRUV((#1563,#1274),#1536,6,$,$);
#1457=CONSTRAINTPAIRUV((#1563,#1275),#1536,6,$,$);
#1458=CONSTRAINTPAIRUV((#778,#1276),#1536,2,$,$);
#1459=CONSTRAINTPAIRUV((#778,#1277),#1536,6,$,$);
#1460=CONSTRAINTPAIRUV((#778,#1278),#1536,6,$,$);
#1461=CONSTRAINTPAIRUV((#1564,#1279),#1536,6,$,$);
#1462=CONSTRAINTPAIRUV((#1564,#1280),#1536,6,$,$);
#1463=CONSTRAINTPAIRUV((#779,#1281),#1536,2,$,$);
#1464=CONSTRAINTPAIRUV((#779,#1282),#1536,6,$,$);
#1465=CONSTRAINTPAIRUV((#779,#1283),#1536,6,$,$);
#1466=CONSTRAINTPAIRUV((#1565,#1284),#1536,6,$,$);
#1467=CONSTRAINTPAIRUV((#1565,#1285),#1536,6,$,$);
#1468=CONSTRAINTPAIRUV((#780,#1286),#1536,2,$,$);
#1469=CONSTRAINTPAIRUV((#780,#1287),#1536,6,$,$);
#1470=CONSTRAINTPAIRUV((#780,#1288),#1536,6,$,$);
#1471=CONSTRAINTPAIRUV((#1566,#1289),#1536,6,$,$);
#1472=CONSTRAINTPAIRUV((#1566,#1290),#1536,6,$,$);
#1473=CONSTRAINTPAIRUV((#781,#1291),#1536,2,$,$);
#1474=CONSTRAINTPAIRUV((#781,#1292),#1536,6,$,$);
#1475=CONSTRAINTPAIRUV((#781,#1293),#1536,6,$,$);
#1476=CONSTRAINTPAIRUV((#1274,#1277),#1536,6,$,$);
#1477=CONSTRAINTPAIRUV((#1275,#1293),#1536,6,$,$);
#1478=CONSTRAINTPAIRUV((#1278,#1280),#1536,6,$,$);
#1479=CONSTRAINTPAIRUV((#1279,#1282),#1536,6,$,$);
#1480=CONSTRAINTPAIRUV((#1283,#1285),#1536,6,$,$);
#1481=CONSTRAINTPAIRUV((#1284,#1287),#1536,6,$,$);
#1482=CONSTRAINTPAIRUV((#1288,#1290),#1536,6,$,$);
#1483=CONSTRAINTPAIRUV((#1289,#1292),#1536,6,$,$);
#1484=CONSTRAINTPAIRUV((#1566,#1294),#1536,6,$,$);
#1485=CONSTRAINTPAIRUV((#1564,#1295),#1536,6,$,$);
#1486=CONSTRAINTPAIRUV((#1567,#1294),#1536,6,$,$);
#1487=CONSTRAINTPAIRUV((#1567,#1295),#1536,6,$,$);
#1488=CONSTRAINTPAIRUV((#1567,#1568),#1536,4,$,$);
#1489=CONSTRAINTPAIRUV((#1567,#1296),#1536,6,$,$);
#1490=CONSTRAINTPAIRUV((#777,#1296),#1536,2,$,$);
#1491=CONSTRAINTPAIRUV((#782,#1299),#1537,2,$,$);
#1492=CONSTRAINTPAIRUV((#1570,#1300),#1537,6,$,$);
#1493=CONSTRAINTPAIRUV((#1570,#1301),#1537,6,$,$);
#1494=CONSTRAINTPAIRUV((#783,#1302),#1537,2,$,$);
#1495=CONSTRAINTPAIRUV((#783,#1303),#1537,6,$,$);
#1496=CONSTRAINTPAIRUV((#783,#1304),#1537,6,$,$);
#1497=CONSTRAINTPAIRUV((#1571,#1305),#1537,6,$,$);
#1498=CONSTRAINTPAIRUV((#1571,#1306),#1537,6,$,$);
#1499=CONSTRAINTPAIRUV((#784,#1307),#1537,2,$,$);
#1500=CONSTRAINTPAIRUV((#784,#1308),#1537,6,$,$);
#1501=CONSTRAINTPAIRUV((#784,#1309),#1537,6,$,$);
#1502=CONSTRAINTPAIRUV((#1572,#1310),#1537,6,$,$);
#1503=CONSTRAINTPAIRUV((#1572,#1311),#1537,6,$,$);
#1504=CONSTRAINTPAIRUV((#785,#1312),#1537,2,$,$);
#1505=CONSTRAINTPAIRUV((#785,#1313),#1537,6,$,$);
#1506=CONSTRAINTPAIRUV((#785,#1314),#1537,6,$,$);
#1507=CONSTRAINTPAIRUV((#1573,#1315),#1537,6,$,$);
#1508=CONSTRAINTPAIRUV((#1573,#1316),#1537,6,$,$);
#1509=CONSTRAINTPAIRUV((#786,#1317),#1537,2,$,$);
#1510=CONSTRAINTPAIRUV((#786,#1318),#1537,6,$,$);
#1511=CONSTRAINTPAIRUV((#786,#1319),#1537,6,$,$);
#1512=CONSTRAINTPAIRUV((#1300,#1303),#1537,6,$,$);
#1513=CONSTRAINTPAIRUV((#1301,#1319),#1537,6,$,$);
#1514=CONSTRAINTPAIRUV((#1304,#1306),#1537,6,$,$);
#1515=CONSTRAINTPAIRUV((#1305,#1308),#1537,6,$,$);
#1516=CONSTRAINTPAIRUV((#1309,#1311),#1537,6,$,$);
#1517=CONSTRAINTPAIRUV((#1310,#1313),#1537,6,$,$);
#1518=CONSTRAINTPAIRUV((#1314,#1316),#1537,6,$,$);
#1519=CONSTRAINTPAIRUV((#1315,#1318),#1537,6,$,$);
#1520=CONSTRAINTPAIRUV((#1299,#1320),#1537,6,$,$);
#1521=CONSTRAINTPAIRUV((#787,#1320),#1537,2,$,$);
#1522=CONSTRAINTPAIRUV((#1320,#1321),#1537,6,$,$);
#1523=CONSTRAINTPAIRUV((#1574,#1321),#1537,6,$,$);
#1524=CONSTRAINTPAIRUV((#1574,#1322),#1537,6,$,$);
#1525=CONSTRAINTPAIRUV((#1575,#1324),#1537,6,$,$);
#1526=CONSTRAINTPAIRUV((#1575,#1321),#1537,6,$,$);
#1527=CONSTRAINTPAIRUV((#1575,#1576),#1537,4,$,$);
#1528=CONSTRAINTPAIRUV((#1577,#1322),#1537,6,$,$);
#1529=CONSTRAINTPAIRUV((#1577,#1323),#1537,6,$,$);
#1530=CONSTRAINTPAIRUV((#1323,#1325),#1537,6,$,$);
#1531=CONSTRAINTPAIRUV((#1322,#1298),#1537,6,$,$);
#1532=CONSTRAINTCONTEXTUV((#1327,#1328,#1329,#1330,#1331,#1332,#1333,#1334,
#1335,#1336,#1048,#1337,#1338,#1339,#1340,#1341,#1342,#1343,#643,#1344,#1345,
#1346,#1347,#1348,#1349,#1350,#1351,#1352,#1353,#1354,#1355,#1356,#1357,
#1358,#1359,#1360,#1361,#1362,#1363,#1364,#1365,#1366,#1367),(#1538,#1195,
#1539,#1196,#1197,#1540,#1198,#1543,#1199,#1200,#760,#1201,#1202,#1203,#761,
#1204,#1205,#1206,#762,#1207,#1208,#1209,#763,#1210));
#1533=CONSTRAINTCONTEXTUV((#1368,#1369,#1370,#1371,#1372,#1373,#1374,#1375,
#1376,#1377,#1378,#1379,#1380,#1381,#1382,#1383,#1384,#1385,#1386,#1387,
#1388,#1389,#1390,#1391,#1392,#1393,#1394,#1395,#1396,#588,#1397,#589,#1398,
#1399,#1400,#1401,#590,#1402,#583),(#765,#1212,#1213,#1214,#1544,#1215,#1216,
#766,#1217,#1218,#1219,#1545,#1220,#1221,#767,#1222,#1223,#1224,#1546,#1225,
#1226,#768,#1227,#1228,#1229,#1547,#1230,#1231,#1232,#1233,#1548,#1234,#764));
#1534=CONSTRAINTCONTEXTUV((#1403,#1404,#1405,#584),(#770,#1236,#1237,#769));
#1535=CONSTRAINTCONTEXTUV((#1406,#1407,#1408,#1409,#1410,#1411,#1412,#1413,
#1414,#1415,#1416,#1417,#1418,#1419,#1420,#1421,#1422,#1423,#1424,#1425,
#1426,#1427,#1428,#1429,#1430,#1431,#1432,#1433,#1434,#1435,#1436,#585,#1437,
#1438,#1439,#1440,#1441,#1442,#1443,#1444,#1445,#1446,#1447,#1448,#1449,
#1450,#1451,#1452,#1453,#1454,#1455),(#771,#1240,#772,#1241,#1242,#1243,
#1553,#1244,#1245,#773,#1246,#1247,#1248,#1554,#1249,#1250,#774,#1251,#1252,
#1253,#1555,#1254,#1255,#775,#1256,#1257,#1258,#1556,#1259,#1260,#1261,#776,
#1262,#1557,#1263,#1264,#1265,#1558,#1266,#1559,#1267,#1268,#1269,#1560,
#1270,#1239,#1271,#1272));
#1536=CONSTRAINTCONTEXTUV((#1456,#1457,#1458,#1459,#1460,#1461,#1462,#1463,
#1464,#1465,#1466,#1467,#1468,#1469,#1470,#1471,#1472,#1473,#1474,#1475,
#1476,#1477,#1478,#1479,#1480,#1481,#1482,#1483,#1484,#591,#1485,#592,#1486,
#1487,#1488,#1489,#593,#1490,#586),(#1297,#1569,#1568,#1563,#1274,#1275,
#778,#1276,#1277,#1278,#1564,#1279,#1280,#779,#1281,#1282,#1283,#1565,#1284,
#1285,#780,#1286,#1287,#1288,#1566,#1289,#1290,#781,#1291,#1292,#1293,#1294,
#1295,#1567,#1296,#777));
#1537=CONSTRAINTCONTEXTUV((#1491,#1492,#1493,#1494,#1495,#1496,#1497,#1498,
#1499,#1500,#1501,#1502,#1503,#1504,#1505,#1506,#1507,#1508,#1509,#1510,
#1511,#1512,#1513,#1514,#1515,#1516,#1517,#1518,#1519,#1520,#1521,#587,#1522,
#1523,#1524,#1049,#1525,#1526,#1527,#569,#1528,#1529,#1050,#1530,#1531),
(#1326,#1576,#1578,#1298,#1325,#782,#1299,#1570,#1300,#1301,#783,#1302,#1303,
#1304,#1571,#1305,#1306,#784,#1307,#1308,#1309,#1572,#1310,#1311,#785,#1312,
#1313,#1314,#1573,#1315,#1316,#786,#1317,#1318,#1319,#1320,#787,#1321,#1574,
#1322,#1575,#1324,#1577,#1323));
#1538=REFERENCEAXISUV(.F.,#1532,#2157,#1763,());
#1539=REFERENCEAXISUV(.F.,#1532,#2163,#1754,());
#1540=REFERENCEAXISUV(.F.,#1532,#2168,#1755,());
#1541=REFERENCEAXISUV(.T.,#1532,#2169,#1756,());
#1542=REFERENCEAXISUV(.T.,#1532,#2170,#1757,());
#1543=REFERENCEAXISUV(.F.,#1532,#2171,#1758,());
#1544=REFERENCEAXISUV(.F.,#1533,#2199,#1765,());
#1545=REFERENCEAXISUV(.F.,#1533,#2172,#1767,());
#1546=REFERENCEAXISUV(.F.,#1533,#2188,#1769,());
#1547=REFERENCEAXISUV(.F.,#1533,#2196,#1771,());
#1548=REFERENCEAXISUV(.F.,#1533,#2230,#1774,());
#1549=REFERENCEAXISUV(.T.,#1533,#2169,#1756,());
#1550=REFERENCEAXISUV(.T.,#1533,#2170,#1757,());
#1551=REFERENCEAXISUV(.T.,#1534,#2170,#1757,());
#1552=REFERENCEAXISUV(.T.,#1534,#2169,#1756,());
#1553=REFERENCEAXISUV(.F.,#1535,#2263,#1765,());
#1554=REFERENCEAXISUV(.F.,#1535,#2271,#1767,());
#1555=REFERENCEAXISUV(.F.,#1535,#2279,#1769,());
#1556=REFERENCEAXISUV(.F.,#1535,#2261,#1771,());
#1557=REFERENCEAXISUV(.F.,#1535,#2295,#1780,());
#1558=REFERENCEAXISUV(.F.,#1535,#2297,#1782,());
#1559=REFERENCEAXISUV(.F.,#1535,#2297,#1784,());
#1560=REFERENCEAXISUV(.F.,#1535,#2297,#1786,());
#1561=REFERENCEAXISUV(.T.,#1535,#2170,#1757,());
#1562=REFERENCEAXISUV(.T.,#1535,#2169,#1756,());
#1563=REFERENCEAXISUV(.F.,#1536,#2309,#1787,());
#1564=REFERENCEAXISUV(.F.,#1536,#2318,#1789,());
#1565=REFERENCEAXISUV(.F.,#1536,#2328,#1791,());
#1566=REFERENCEAXISUV(.F.,#1536,#2336,#1793,());
#1567=REFERENCEAXISUV(.F.,#1536,#2343,#1796,());
#1568=REFERENCEAXISUV(.T.,#1536,#2169,#1756,());
#1569=REFERENCEAXISUV(.T.,#1536,#2170,#1757,());
#1570=REFERENCEAXISUV(.F.,#1537,#2309,#1787,());
#1571=REFERENCEAXISUV(.F.,#1537,#2318,#1789,());
#1572=REFERENCEAXISUV(.F.,#1537,#2328,#1791,());
#1573=REFERENCEAXISUV(.F.,#1537,#2336,#1793,());
#1574=REFERENCEAXISUV(.F.,#1537,#2346,#1805,(#1034));
#1575=REFERENCEAXISUV(.F.,#1537,#2385,#1806,(#1035));
#1576=REFERENCEAXISUV(.T.,#1537,#2170,#1757,());
#1577=REFERENCEAXISUV(.F.,#1537,#2384,#1808,());
#1578=REFERENCEAXISUV(.T.,#1537,#2169,#1756,());
#1579=BLOCKPRIMITIVE((#1538,#1195,#1205,#1208),#791,$,1,#1110,.F.);
#1580=BLOCKPRIMITIVE((#1539,#1196,#1197,#1199,#1209),#788,$,2,#1110,.F.);
#1581=BLOCKPRIMITIVE((#1540,#1198,#1200,#1203),#789,$,3,#1110,.F.);
#1582=BLOCKPRIMITIVE((#1543,#1202,#1206),#790,$,4,#1110,.F.);
#1583=BLOCKPRIMITIVE((#760,#1201,#1199,#1200),#837,$,5,#1111,.F.);
#1584=BLOCKPRIMITIVE((#761,#1204,#1202,#1203),#838,$,6,#1112,.F.);
#1585=BLOCKPRIMITIVE((#762,#1207,#1205,#1206),#839,$,7,#1113,.F.);
#1586=BLOCKPRIMITIVE((#763,#1210,#1208,#1209),#840,$,8,#1114,.F.);
#1587=BLOCKPRIMITIVE((#764,#1234),#694,$,1,#1119,.F.);
#1588=BLOCKPRIMITIVE((#765,#1212,#1213,#1214),#841,$,0,#1120,.F.);
#1589=BLOCKPRIMITIVE((#1544,#1215,#1216),#792,$,0,#1120,.F.);
#1590=BLOCKPRIMITIVE((#766,#1217,#1218,#1219),#842,$,0,#1120,.F.);
#1591=BLOCKPRIMITIVE((#1545,#1220,#1221),#793,$,0,#1120,.F.);
#1592=BLOCKPRIMITIVE((#767,#1222,#1223,#1224),#843,$,0,#1120,.F.);
#1593=BLOCKPRIMITIVE((#1546,#1225,#1226),#794,$,0,#1120,.F.);
#1594=BLOCKPRIMITIVE((#768,#1227,#1228,#1229),#844,$,0,#1120,.F.);
#1595=BLOCKPRIMITIVE((#1547,#1230,#1231),#795,$,0,#1120,.F.);
#1596=BLOCKPRIMITIVE((#1548,#1232,#1233),#796,$,0,#1121,.F.);
#1597=BLOCKPRIMITIVE((#769,#1237),#698,$,1,#1126,.F.);
#1598=BLOCKPRIMITIVE((#770,#1236),#697,$,0,#1127,.F.);
#1599=BLOCKPRIMITIVE((#1239),#580,$,1,#1132,.F.);
#1600=BLOCKPRIMITIVE((#1270),#577,$,2,#1132,.F.);
#1601=BLOCKPRIMITIVE((#1272),#579,$,3,#1132,.F.);
#1602=BLOCKPRIMITIVE((#1271),#578,$,4,#1132,.F.);
#1603=BLOCKPRIMITIVE((#771,#1240),#701,$,0,#1132,.F.);
#1604=BLOCKPRIMITIVE((#772,#1241,#1242,#1243),#845,$,0,#1132,.F.);
#1605=BLOCKPRIMITIVE((#1553,#1244,#1245),#797,$,0,#1132,.F.);
#1606=BLOCKPRIMITIVE((#773,#1246,#1247,#1248),#846,$,0,#1132,.F.);
#1607=BLOCKPRIMITIVE((#1554,#1249,#1250),#798,$,0,#1132,.F.);
#1608=BLOCKPRIMITIVE((#774,#1251,#1252,#1253),#847,$,0,#1132,.F.);
#1609=BLOCKPRIMITIVE((#1555,#1254,#1255),#799,$,0,#1132,.F.);
#1610=BLOCKPRIMITIVE((#775,#1256,#1257,#1258),#848,$,0,#1132,.F.);
#1611=BLOCKPRIMITIVE((#1556,#1259,#1260),#800,$,0,#1132,.F.);
#1612=BLOCKPRIMITIVE((#776,#1261),#706,$,0,#1133,.F.);
#1613=BLOCKPRIMITIVE((#1557,#1263,#1262),#801,$,0,#1134,.F.);
#1614=BLOCKPRIMITIVE((#1558,#1264,#1265),#802,$,0,#1135,.F.);
#1615=BLOCKPRIMITIVE((#1559,#1267,#1266),#803,$,0,#1136,.F.);
#1616=BLOCKPRIMITIVE((#1560,#1268,#1269),#804,$,0,#1137,.F.);
#1617=BLOCKPRIMITIVE((#777,#1296),#712,$,1,#1140,.F.);
#1618=BLOCKPRIMITIVE((#1563,#1274,#1275),#805,$,0,#1141,.F.);
#1619=BLOCKPRIMITIVE((#778,#1276,#1277,#1278),#849,$,0,#1141,.F.);
#1620=BLOCKPRIMITIVE((#1564,#1279,#1280),#806,$,0,#1141,.F.);
#1621=BLOCKPRIMITIVE((#779,#1281,#1282,#1283),#850,$,0,#1141,.F.);
#1622=BLOCKPRIMITIVE((#1565,#1284,#1285),#807,$,0,#1141,.F.);
#1623=BLOCKPRIMITIVE((#780,#1286,#1287,#1288),#851,$,0,#1141,.F.);
#1624=BLOCKPRIMITIVE((#1566,#1289,#1290),#808,$,0,#1141,.F.);
#1625=BLOCKPRIMITIVE((#781,#1291,#1292,#1293),#852,$,0,#1141,.F.);
#1626=BLOCKPRIMITIVE((#1567,#1294,#1295),#809,$,0,#1142,.F.);
#1627=BLOCKPRIMITIVE((#1298),#582,$,1,#1153,.F.);
#1628=BLOCKPRIMITIVE((#1325),#581,$,2,#1153,.F.);
#1629=BLOCKPRIMITIVE((#782,#1299),#715,$,0,#1153,.F.);
#1630=BLOCKPRIMITIVE((#1570,#1300,#1301),#810,$,0,#1153,.F.);
#1631=BLOCKPRIMITIVE((#783,#1302,#1303,#1304),#853,$,0,#1153,.F.);
#1632=BLOCKPRIMITIVE((#1571,#1305,#1306),#811,$,0,#1153,.F.);
#1633=BLOCKPRIMITIVE((#784,#1307,#1308,#1309),#854,$,0,#1153,.F.);
#1634=BLOCKPRIMITIVE((#1572,#1310,#1311),#812,$,0,#1153,.F.);
#1635=BLOCKPRIMITIVE((#785,#1312,#1313,#1314),#855,$,0,#1153,.F.);
#1636=BLOCKPRIMITIVE((#1573,#1315,#1316),#813,$,0,#1153,.F.);
#1637=BLOCKPRIMITIVE((#786,#1317,#1318,#1319),#856,$,0,#1153,.F.);
#1638=BLOCKPRIMITIVE((#787,#1320),#721,$,0,#1154,.F.);
#1639=BLOCKPRIMITIVE((#1574,#1321,#1322),#814,$,0,#1155,.F.);
#1640=BLOCKPRIMITIVE((#1575,#1324,#1321),#815,$,0,#1156,.F.);
#1641=BLOCKPRIMITIVE((#1577,#1322,#1323),#816,$,0,#1157,.F.);
#1642=BLOCKDEFINITION('',(#1579,#1580,#1581,#1582,#1583,#1584,#1585,#1586),
(),(),(),(#625,#626),(),#1211,#1532,#1542,#1541,());
#1643=BLOCKDEFINITION('',(#1587),(),(#1588,#1589,#1590,#1591,#1592,#1593,
#1594,#1595,#1596),(),(#627),(),#1235,#1533,#1550,#1549,());
#1644=BLOCKDEFINITION('',(#1597),(),(#1598),(),(#628),(),#1238,#1534,#1551,
#1552,());
#1645=BLOCKDEFINITION('',(#1599,#1600,#1601,#1602),(),(#1603,#1604,#1605,
#1606,#1607,#1608,#1609,#1610,#1611,#1612,#1613,#1614,#1615,#1616),(),(#629),
(),#1273,#1535,#1561,#1562,());
#1646=BLOCKDEFINITION('',(#1617),(),(#1618,#1619,#1620,#1621,#1622,#1623,
#1624,#1625,#1626),(),(#630),(),#1297,#1536,#1569,#1568,());
#1647=BLOCKDEFINITION('',(#1627,#1628),(),(#1629,#1630,#1631,#1632,#1633,
#1634,#1635,#1636,#1637,#1638,#1639,#1640,#1641),(),(#631,#632,#633,#634),
(),#1326,#1537,#1576,#1578,());
#1648=OPERATIONTARGETPROXY($,#1854,0,0,2,0);
#1649=OPERATIONTARGETPROXY($,#594,0,0,2,0);
#1650=OPERATIONTARGETPROXY($,#595,0,0,2,0);
#1651=OPERATIONTARGETPROXY($,#596,0,0,2,0);
#1652=OPERATIONTARGETPROXY($,#597,0,0,2,0);
#1653=OPERATIONTARGETPROXY($,#598,0,0,2,0);
#1654=OPERATIONTARGETPROXY($,#599,0,0,2,0);
#1655=DESIGNSKETCH('Sketch<1>',#1648,#1642,#1829,0,1,1,(0,8),('5','4',
'7','6','1','3','2','8'),$);
#1656=DESIGNSKETCH('Sketch<2>',#1650,#1643,#1833,0,2,1,(0,1),('1'),$);
#1657=DESIGNSKETCH('Sketch<3>',#1651,#1644,#1835,0,3,1,(0,1),('1'),$);
#1658=DESIGNSKETCH('Sketch<4>',#1652,#1645,#1833,0,4,1,(),(),$);
#1659=DESIGNSKETCH('Sketch<5>',#1653,#1646,#1837,0,5,1,(0,1),('1'),$);
#1660=DESIGNSKETCH('Sketch<6>',#1654,#1647,#1837,0,6,1,(),(),$);
#1661=DEFINESKETCHOPERATION((),#1655);
#1662=DEFINESKETCHOPERATION((),#1656);
#1663=DEFINESKETCHOPERATION((),#1657);
#1664=DEFINESKETCHOPERATION((),#1658);
#1665=DEFINESKETCHOPERATION((),#1659);
#1666=DEFINESKETCHOPERATION((),#1660);
#1667=AXIS2_PLACEMENT_3D('',#2162,#1943,#1944);
#1668=AXIS2_PLACEMENT_3D('',#2162,#1944,#1945);
#1669=AXIS2_PLACEMENT_3D('',#2162,#1945,#1943);
#1670=AXIS2_PLACEMENT_3D('',#2209,#1957,#1943);
#1671=AXIS2_PLACEMENT_3D('',#2238,#1943,#1944);
#1672=AXIS2_PLACEMENT_3D('',#2242,#1957,#1943);
#1673=AXIS2_PLACEMENT_3D('',#2249,#1943,#1944);
#1674=AXIS2_PLACEMENT_3D('',#2253,#1957,#1943);
#1675=AXIS2_PLACEMENT_3D('',#2162,#1990,#1991);
#1676=AXIS2_PLACEMENT_3D('',#2209,#1957,#1990);
#1677=AXIS2_PLACEMENT_3D('',#2399,#2004,#2005);
#1678=AXIS2_PLACEMENT_3D('',#2400,#2006,#2007);
#1679=AXIS2_PLACEMENT_3D('',#2402,#2008,#2009);
#1680=AXIS2_PLACEMENT_3D('',#2404,#2010,$);
#1681=AXIS2_PLACEMENT_3D('',#2405,#2011,#2012);
#1682=AXIS2_PLACEMENT_3D('',#2406,#2013,#2014);
#1683=AXIS2_PLACEMENT_3D('',#2408,#2015,#2016);
#1684=AXIS2_PLACEMENT_3D('',#2410,#2017,$);
#1685=AXIS2_PLACEMENT_3D('',#2411,#2018,#2019);
#1686=AXIS2_PLACEMENT_3D('',#2412,#2020,#2021);
#1687=AXIS2_PLACEMENT_3D('',#2414,#2022,#2023);
#1688=AXIS2_PLACEMENT_3D('',#2416,#2024,$);
#1689=AXIS2_PLACEMENT_3D('',#2417,#2025,#2026);
#1690=AXIS2_PLACEMENT_3D('',#2418,#2027,#2028);
#1691=AXIS2_PLACEMENT_3D('',#2420,#2029,#2030);
#1692=AXIS2_PLACEMENT_3D('',#2422,#2031,$);
#1693=AXIS2_PLACEMENT_3D('',#2423,#2032,#2033);
#1694=AXIS2_PLACEMENT_3D('',#2424,#2034,#2035);
#1695=AXIS2_PLACEMENT_3D('',#2426,#2036,#2037);
#1696=AXIS2_PLACEMENT_3D('',#2428,#2038,$);
#1697=AXIS2_PLACEMENT_3D('',#2429,#2039,#2040);
#1698=AXIS2_PLACEMENT_3D('',#2430,#2041,#2042);
#1699=AXIS2_PLACEMENT_3D('',#2432,#2043,#2044);
#1700=AXIS2_PLACEMENT_3D('',#2434,#2045,$);
#1701=AXIS2_PLACEMENT_3D('',#2435,#2046,#2047);
#1702=AXIS2_PLACEMENT_3D('',#2436,#2048,#2049);
#1703=AXIS2_PLACEMENT_3D('',#2438,#2050,#2051);
#1704=AXIS2_PLACEMENT_3D('',#2440,#2052,$);
#1705=AXIS2_PLACEMENT_3D('',#2441,#2053,#2054);
#1706=AXIS2_PLACEMENT_3D('',#2442,#2055,#2056);
#1707=AXIS2_PLACEMENT_3D('',#2444,#2057,#2058);
#1708=AXIS2_PLACEMENT_3D('',#2446,#2059,$);
#1709=AXIS2_PLACEMENT_3D('',#2447,#2060,#2061);
#1710=AXIS2_PLACEMENT_3D('',#2448,#2062,#2063);
#1711=AXIS2_PLACEMENT_3D('',#2450,#2064,#2065);
#1712=AXIS2_PLACEMENT_3D('',#2452,#2066,$);
#1713=AXIS2_PLACEMENT_3D('',#2453,#2067,#2068);
#1714=AXIS2_PLACEMENT_3D('',#2454,#2069,#2070);
#1715=AXIS2_PLACEMENT_3D('',#2459,#2072,#2073);
#1716=AXIS2_PLACEMENT_3D('',#2462,#2075,$);
#1717=AXIS2_PLACEMENT_3D('',#2463,#2076,#2077);
#1718=AXIS2_PLACEMENT_3D('',#2466,#2078,#2079);
#1719=AXIS2_PLACEMENT_3D('',#2467,#2080,#2081);
#1720=AXIS2_PLACEMENT_3D('',#2468,#2082,$);
#1721=AXIS2_PLACEMENT_3D('',#2469,#2083,#2084);
#1722=AXIS2_PLACEMENT_3D('',#2472,#2085,#2086);
#1723=AXIS2_PLACEMENT_3D('',#2473,#2087,#2088);
#1724=AXIS2_PLACEMENT_3D('',#2474,#2089,#2090);
#1725=AXIS2_PLACEMENT_3D('',#2475,#2091,#2092);
#1726=AXIS2_PLACEMENT_3D('',#2480,#2095,#2096);
#1727=AXIS2_PLACEMENT_3D('',#2481,#2097,#2098);
#1728=AXIS2_PLACEMENT_3D('',#2486,#2101,$);
#1729=AXIS2_PLACEMENT_3D('',#2487,#2102,#2103);
#1730=AXIS2_PLACEMENT_3D('',#2490,#2104,#2105);
#1731=AXIS2_PLACEMENT_3D('',#2491,#2106,#2107);
#1732=AXIS2_PLACEMENT_3D('',#2492,#2108,$);
#1733=AXIS2_PLACEMENT_3D('',#2493,#2109,#2110);
#1734=AXIS2_PLACEMENT_3D('',#2496,#2111,#2112);
#1735=AXIS2_PLACEMENT_3D('',#2497,#2113,#2114);
#1736=AXIS2_PLACEMENT_3D('',#2498,#2115,#2116);
#1737=AXIS2_PLACEMENT_3D('',#2501,#2119,#2120);
#1738=AXIS2_PLACEMENT_3D('',#2504,#2122,#2123);
#1739=AXIS2_PLACEMENT_3D('',#2507,#2125,$);
#1740=AXIS2_PLACEMENT_3D('',#2511,#2128,#2129);
#1741=AXIS2_PLACEMENT_3D('',#2514,#2131,#2132);
#1742=AXIS2_PLACEMENT_3D('',#2515,#2133,$);
#1743=AXIS2_PLACEMENT_3D('',#2519,#2136,$);
#1744=AXIS2_PLACEMENT_3D('',#2520,#2137,$);
#1745=AXIS2_PLACEMENT_3D('',#2524,#2140,#2141);
#1746=AXIS2_PLACEMENT_3D('',#2525,#2142,#2143);
#1747=AXIS2_PLACEMENT_3D('',#2528,#2145,$);
#1748=AXIS2_PLACEMENT_3D('',#2532,#2148,#2149);
#1749=AXIS2_PLACEMENT_3D('',#2533,#2150,#2151);
#1750=AXIS2_PLACEMENT_3D('',#2534,#2152,$);
#1751=VECTOR('',#1943,1.);
#1752=VECTOR('',#1944,1.);
#1753=VECTOR('',#1945,1.);
#1754=VECTOR('',#1946,2.9069881439209);
#1755=VECTOR('',#1947,2.89778876304626);
#1756=VECTOR('',#1948,1.);
#1757=VECTOR('',#1949,1.);
#1758=VECTOR('',#1950,2.9069881439209);
#1759=VECTOR('',#1951,3.095);
#1760=VECTOR('',#1952,3.095);
#1761=VECTOR('',#1953,3.095);
#1762=VECTOR('',#1954,3.095);
#1763=VECTOR('',#1955,2.89778876304626);
#1764=VECTOR('',#1957,1.);
#1765=VECTOR('',#1958,3.095);
#1766=VECTOR('',#1959,3.095);
#1767=VECTOR('',#1960,3.095);
#1768=VECTOR('',#1961,3.095);
#1769=VECTOR('',#1962,3.095);
#1770=VECTOR('',#1963,3.095);
#1771=VECTOR('',#1964,3.095);
#1772=VECTOR('',#1965,3.095);
#1773=VECTOR('',#1966,3.495);
#1774=VECTOR('',#1967,3.495);
#1775=VECTOR('',#1968,3.095);
#1776=VECTOR('',#1969,3.095);
#1777=VECTOR('',#1970,3.095);
#1778=VECTOR('',#1971,3.095);
#1779=VECTOR('',#1972,2.18849548777236);
#1780=VECTOR('',#1973,2.18849548777237);
#1781=VECTOR('',#1974,2.18879892083217);
#1782=VECTOR('',#1975,2.18849548777236);
#1783=VECTOR('',#1976,2.18849548777237);
#1784=VECTOR('',#1977,2.18849548777237);
#1785=VECTOR('',#1978,2.18849548777237);
#1786=VECTOR('',#1979,2.18849548777237);
#1787=VECTOR('',#1980,3.095);
#1788=VECTOR('',#1981,3.095);
#1789=VECTOR('',#1982,3.095);
#1790=VECTOR('',#1983,3.095);
#1791=VECTOR('',#1984,3.095);
#1792=VECTOR('',#1985,3.095);
#1793=VECTOR('',#1986,3.095);
#1794=VECTOR('',#1987,3.095);
#1795=VECTOR('',#1988,3.395);
#1796=VECTOR('',#1989,3.395);
#1797=VECTOR('',#1990,1.);
#1798=VECTOR('',#1991,1.);
#1799=VECTOR('',#1992,3.095);
#1800=VECTOR('',#1993,3.095);
#1801=VECTOR('',#1994,3.095);
#1802=VECTOR('',#1995,3.095);
#1803=VECTOR('',#1996,0.725);
#1804=VECTOR('',#1997,0.3625);
#1805=VECTOR('',#1998,0.725);
#1806=VECTOR('',#1999,0.3625);
#1807=VECTOR('',#2002,1.45);
#1808=VECTOR('',#2003,1.45);
#1809=VECTOR('',#2071,1.);
#1810=VECTOR('',#2074,1.);
#1811=VECTOR('',#2093,1.);
#1812=VECTOR('',#2094,1.);
#1813=VECTOR('',#2099,1.);
#1814=VECTOR('',#2100,1.);
#1815=VECTOR('',#2117,1.);
#1816=VECTOR('',#2118,1.);
#1817=VECTOR('',#2121,1.);
#1818=VECTOR('',#2124,1.);
#1819=VECTOR('',#2126,1.);
#1820=VECTOR('',#2127,1.);
#1821=VECTOR('',#2130,1.);
#1822=VECTOR('',#2134,1.);
#1823=VECTOR('',#2135,1.);
#1824=VECTOR('',#2138,1.);
#1825=VECTOR('',#2139,1.);
#1826=VECTOR('',#2144,1.);
#1827=VECTOR('',#2146,1.);
#1828=VECTOR('',#2147,1.);
#1829=PLANE('',#1667);
#1830=PLANE('',#1668);
#1831=PLANE('',#1669);
#1832=PLANE('',#1670);
#1833=PLANE('',#1671);
#1834=PLANE('',#1672);
#1835=PLANE('',#1673);
#1836=PLANE('',#1674);
#1837=PLANE('',#1675);
#1838=PLANE('',#1676);
#1839=PLANE('',#1680);
#1840=PLANE('',#1684);
#1841=PLANE('',#1688);
#1842=PLANE('',#1692);
#1843=PLANE('',#1696);
#1844=PLANE('',#1700);
#1845=PLANE('',#1704);
#1846=PLANE('',#1708);
#1847=PLANE('',#1712);
#1848=PLANE('',#1739);
#1849=PLANE('',#1742);
#1850=PLANE('',#1743);
#1851=PLANE('',#1744);
#1852=PLANE('',#1747);
#1853=PLANE('',#1750);
#1854=DESIGNPRIMARYPLANE(.F.,'XY-Plane',#1829);
#1855=DESIGNPRIMARYPLANE(.F.,'YZ-Plane',#1830);
#1856=DESIGNPRIMARYPLANE(.F.,'ZX-Plane',#1831);
#1857=DESIGNPLANEOPERATION((),#1854);
#1858=DESIGNPLANEOPERATION((),#1855);
#1859=DESIGNPLANEOPERATION((),#1856);
#1860=AXIS1_PLACEMENT('',#2162,#1940);
#1861=AXIS1_PLACEMENT('',#2162,#1941);
#1862=AXIS1_PLACEMENT('',#2162,#1942);
#1863=AXIS1_PLACEMENT('',#2157,#1956);
#1864=AXIS1_PLACEMENT('',#2346,#2000);
#1865=AXIS1_PLACEMENT('',#2385,#2001);
#1866=DESIGNPRIMARYAXIS(.F.,'X-Axis',#1860);
#1867=DESIGNPRIMARYAXIS(.F.,'Y-Axis',#1861);
#1868=DESIGNPRIMARYAXIS(.F.,'Z-Axis',#1862);
#1869=DESIGNAXISOPERATION((),#1866);
#1870=DESIGNAXISOPERATION((),#1867);
#1871=DESIGNAXISOPERATION((),#1868);
#1872=PRODUCTVERSION('PRODUCTVERSION 14,0,4,14056');
#1873=PRODUCTVERSION('PRODUCTVERSION 14,0,4,14056');
#1874=PRODUCTVERSION('PRODUCTVERSION 14,0,4,14056');
#1875=PRODUCTVERSION('PRODUCTVERSION 14,0,4,14056');
#1876=PRODUCTVERSION('PRODUCTVERSION 14,0,4,14056');
#1877=PRODUCTVERSION('PRODUCTVERSION 14,0,4,14056');
#1878=PRODUCTVERSION('PRODUCTVERSION 14,0,4,14056');
#1879=PRODUCTVERSION('PRODUCTVERSION 14,0,4,14056');
#1880=PRODUCTVERSION('PRODUCTVERSION 14,0,4,14056');
#1881=PRODUCTVERSION('PRODUCTVERSION 14,0,4,14056');
#1882=PRODUCTVERSION('PRODUCTVERSION 14,0,4,14056');
#1883=PRODUCTVERSION('PRODUCTVERSION 14,0,4,14056');
#1884=PRODUCTVERSION('PRODUCTVERSION 14,0,4,14056');
#1885=PRODUCTVERSION('PRODUCTVERSION 14,0,4,14056');
#1886=PRODUCTVERSION('PRODUCTVERSION 14,0,4,14056');
#1887=PRODUCTVERSION('PRODUCTVERSION 14,0,4,14056');
#1888=PRODUCTVERSION('PRODUCTVERSION 14,0,4,14056');
#1889=PRODUCTVERSION('PRODUCTVERSION 14,0,4,14056');
#1890=PRODUCTVERSION('PRODUCTVERSION 14,0,4,14056');
#1891=PRODUCTVERSION('PRODUCTVERSION 14,0,4,14056');
#1892=DESIGNPRIMARYPOINT(.F.,'Origin',#2162);
#1893=DESIGNPOINTOPERATION((),#1892);
#1894=DESIGNSTATE('Origin',0,#1893,.T.,$,#1872,#1914,$);
#1895=DESIGNSTATE('X-Axis',0,#1869,.T.,$,#1873,#1914,$);
#1896=DESIGNSTATE('Y-Axis',0,#1870,.T.,$,#1874,#1914,$);
#1897=DESIGNSTATE('Z-Axis',0,#1871,.T.,$,#1875,#1914,$);
#1898=DESIGNSTATE('XY-Plane',0,#1857,.T.,$,#1876,#1914,$);
#1899=DESIGNSTATE('YZ-Plane',0,#1858,.T.,$,#1877,#1914,$);
#1900=DESIGNSTATE('ZX-Plane',0,#1859,.T.,$,#1878,#1914,$);
#1901=DESIGNSTATE('Sketch<1>',0,#1661,.T.,$,#1879,#1914,$);
#1902=DESIGNSTATE('Extrusion<1>',1,#621,.T.,$,#1880,#1914,$);
#1903=DESIGNSTATE('Fillet<2>',2,#600,.T.,$,#1881,#1914,$);
#1904=DESIGNSTATE('Sketch<2>',0,#1662,.T.,$,#1882,#1914,$);
#1905=DESIGNSTATE('Extrusion<3>',3,#622,.T.,$,#1883,#1914,$);
#1906=DESIGNSTATE('Sketch<3>',0,#1663,.T.,$,#1884,#1914,$);
#1907=DESIGNSTATE('Extrusion<4>',4,#623,.T.,$,#1885,#1914,$);
#1908=DESIGNSTATE('Sketch<4>',0,#1664,.T.,$,#1886,#1914,$);
#1909=DESIGNSTATE('Hole<5>',5,#575,.T.,$,#1887,#1914,$);
#1910=DESIGNSTATE('Sketch<5>',0,#1665,.T.,$,#1888,#1914,$);
#1911=DESIGNSTATE('Extrusion<6>',6,#624,.T.,$,#1889,#1914,$);
#1912=DESIGNSTATE('Sketch<6>',0,#1666,.T.,$,#1890,#1914,$);
#1913=DESIGNSTATE('Hole<7>',7,#576,.T.,$,#1891,#1914,$);
#1914=STATECONTEXT((#1894,#1895,#1896,#1897,#1898,#1899,#1900,#1901,#1902,
#1903,#1904,#1905,#1906,#1907,#1908,#1909,#1910,#1911,#1912,#1913),#1913);
#1915=ANGLEPARAMETER('A1',$,'FF542206-226F-40F5-BE41-E3D86CE18C90','',0,
1,$,$,#2536);
#1916=DOUBLEPARAMETER('D3',$,'6A6A5FEC-9D83-402D-897C-7472613829C4','',0,
0,$,$,4.);
#1917=DOUBLEPARAMETER('D5',$,'AE5DBDF8-99D2-4F5B-8BF1-CBE52689E0F7','',0,
0,$,$,2.2);
#1918=DOUBLEPARAMETER('D7',$,'82883F07-3573-4F52-B295-535DBF325405','',0,
0,$,$,0.2);
#1919=DOUBLEPARAMETER('D8',$,'DCB3FDB7-6CF8-4E2D-9D71-7631DAB02D72','',0,
0,$,$,0.5);
#1920=DOUBLEPARAMETER('D2',$,'4C978F03-F660-449A-922D-8AF4BCF0C250','',0,
0,$,$,0.2);
#1921=DOUBLEPARAMETER('D9',$,'9D4608DC-F067-4322-B8AE-8936376E5025','',0,
0,$,$,1.8);
#1922=DOUBLEPARAMETER('D6',$,$,'',0,0,$,$,0.05);
#1923=DOUBLEPARAMETER('D11',$,'9D682E69-15B0-4CE3-8B79-200B745B1AFA','',
0,0,$,$,3.676955);
#1924=DOUBLEPARAMETER('D10',$,$,'',0,0,$,$,0.3);
#1925=DOUBLEPARAMETER('D13',$,'0511DBA2-B892-4E21-B17D-4B2954828EB9','',
0,0,$,$,1.2);
#1926=DOUBLEPARAMETER('D12',$,'68221C7B-8ED5-4FF6-ABCE-23CC2EA20F81','',
0,0,$,$,0.4);
#1927=DOUBLEPARAMETER('D15',$,'5B079778-FF5C-404F-9F7C-D79D17EBA972','',
0,0,$,$,1.45);
#1928=DOUBLEPARAMETER('D14',$,$,'',0,0,$,$,0.3);
#1929=DOUBLEPARAMETER('D17',$,'1A9C1E73-4BEC-4469-9BC1-B945D6E66E87','',
0,0,$,$,1.45);
#1930=DOUBLEPARAMETER('D16',$,'65EB9DA6-8385-4E4A-A3B8-046FA0AC2DF2','',
0,0,$,$,0.725);
#1931=DOUBLEPARAMETER('D1',$,'04CA11EF-1AE6-45A7-8E14-E4F546096AE1','',0,
0,$,$,3.495);
#1932=PARAMETERTABLE((#1916,#1917,#1918,#1919,#1920,#1921,#1922,#1923,#1924,
#1925,#1926,#1927,#1928,#1929,#1930,#1931,#1915));
#1933=DESIGNPART($,(),(),$,$,$,$,(),0,#1914,8,7,1,1,(),(),(),#1932,#99,#568,
#179,0,0,0,.F.,(#10),#10,3);
#1934=POINTVALUEPAIR('',#2161);
#1935=CUSTOMORIENTATIONPAIR('viewRotation',(#1934));
#1936=EXTENTUV(#2159,#2160);
#1937=DIRECTION('',(0.618514478206635,0.707266628742218,-0.342362225055695));
#1938=DIRECTION('',(0.0604280829429626,0.391597658395767,0.918148875236511));
#1939=DIRECTION('',(0.783445239067078,-0.588577151298523,0.199470207095146));
#1940=DIRECTION('',(1.,0.,0.));
#1941=DIRECTION('',(0.,1.,0.));
#1942=DIRECTION('',(0.,0.,1.));
#1943=DIRECTION('',(0.,0.,1.));
#1944=DIRECTION('',(1.,0.,0.));
#1945=DIRECTION('',(0.,1.,0.));
#1946=DIRECTION('',(-1.,0.));
#1947=DIRECTION('',(0.,-1.));
#1948=DIRECTION('',(0.,-1.));
#1949=DIRECTION('',(-1.,0.));
#1950=DIRECTION('',(1.,0.));
#1951=DIRECTION('',(-1.,0.));
#1952=DIRECTION('',(0.,-1.));
#1953=DIRECTION('',(1.,0.));
#1954=DIRECTION('',(0.,1.));
#1955=DIRECTION('',(0.,1.));
#1956=DIRECTION('',(1.,0.));
#1957=DIRECTION('',(0.,-1.,0.));
#1958=DIRECTION('',(0.,-1.));
#1959=DIRECTION('',(0.,-1.));
#1960=DIRECTION('',(1.,0.));
#1961=DIRECTION('',(1.,0.));
#1962=DIRECTION('',(0.,1.));
#1963=DIRECTION('',(0.,1.));
#1964=DIRECTION('',(-1.,0.));
#1965=DIRECTION('',(-1.,0.));
#1966=DIRECTION('',(0.,-1.));
#1967=DIRECTION('',(0.,-1.));
#1968=DIRECTION('',(0.,-1.));
#1969=DIRECTION('',(1.,0.));
#1970=DIRECTION('',(0.,1.));
#1971=DIRECTION('',(-1.,0.));
#1972=DIRECTION('',(0.707008741426651,0.707204807355198));
#1973=DIRECTION('',(0.707008741426651,0.707204807355198));
#1974=DIRECTION('',(-0.70710677438998,0.707106787983115));
#1975=DIRECTION('',(-0.70710677438998,0.707106787983115));
#1976=DIRECTION('',(-0.707106787983115,-0.70710677438998));
#1977=DIRECTION('',(-0.707106787983115,-0.70710677438998));
#1978=DIRECTION('',(0.707106774389979,-0.707106787983116));
#1979=DIRECTION('',(0.707106774389979,-0.707106787983116));
#1980=DIRECTION('',(0.,1.));
#1981=DIRECTION('',(0.,1.));
#1982=DIRECTION('',(-1.,0.));
#1983=DIRECTION('',(-1.,0.));
#1984=DIRECTION('',(0.,-1.));
#1985=DIRECTION('',(0.,-1.));
#1986=DIRECTION('',(1.,0.));
#1987=DIRECTION('',(1.,0.));
#1988=DIRECTION('',(0.,-1.));
#1989=DIRECTION('',(0.,-1.));
#1990=DIRECTION('',(0.,0.,-1.));
#1991=DIRECTION('',(-1.,0.,0.));
#1992=DIRECTION('',(0.,1.));
#1993=DIRECTION('',(-1.,0.));
#1994=DIRECTION('',(0.,-1.));
#1995=DIRECTION('',(1.,0.));
#1996=DIRECTION('',(0.766044443118978,0.642787609686539));
#1997=DIRECTION('',(-1.,0.));
#1998=DIRECTION('',(0.766044443118978,0.642787609686539));
#1999=DIRECTION('',(-1.,0.));
#2000=DIRECTION('',(0.766044443118978,0.642787609686539));
#2001=DIRECTION('',(-1.,0.));
#2002=DIRECTION('',(-0.766044443118978,-0.642787609686539));
#2003=DIRECTION('',(-0.766044443118978,-0.642787609686539));
#2004=DIRECTION('',(0.,0.,1.));
#2005=DIRECTION('',(0.06105,0.,0.));
#2006=DIRECTION('',(0.,0.,-1.));
#2007=DIRECTION('',(0.06105,0.,0.));
#2008=DIRECTION('',(0.,0.,1.));
#2009=DIRECTION('',(0.06105,0.,0.));
#2010=DIRECTION('',(0.,0.,1.));
#2011=DIRECTION('',(0.,0.,1.));
#2012=DIRECTION('',(0.0610499999999998,0.,0.));
#2013=DIRECTION('',(0.,0.,-1.));
#2014=DIRECTION('',(0.0610499999999998,0.,0.));
#2015=DIRECTION('',(0.,0.,1.));
#2016=DIRECTION('',(0.0610499999999998,0.,0.));
#2017=DIRECTION('',(0.,0.,1.));
#2018=DIRECTION('',(0.,0.,-1.));
#2019=DIRECTION('',(-0.2,0.,0.));
#2020=DIRECTION('',(0.,0.,1.));
#2021=DIRECTION('',(-0.2,0.,0.));
#2022=DIRECTION('',(0.,0.,1.));
#2023=DIRECTION('',(-0.2,0.,0.));
#2024=DIRECTION('',(0.,0.,-1.));
#2025=DIRECTION('',(0.,0.,-1.));
#2026=DIRECTION('',(0.,0.12295,0.));
#2027=DIRECTION('',(0.,0.,1.));
#2028=DIRECTION('',(0.,0.12295,0.));
#2029=DIRECTION('',(0.,0.,-1.));
#2030=DIRECTION('',(0.,0.12295,0.));
#2031=DIRECTION('',(0.,0.,-1.));
#2032=DIRECTION('',(0.,0.,-1.));
#2033=DIRECTION('',(0.,0.12295,0.));
#2034=DIRECTION('',(0.,0.,1.));
#2035=DIRECTION('',(0.,0.12295,0.));
#2036=DIRECTION('',(0.,0.,-1.));
#2037=DIRECTION('',(0.,0.12295,0.));
#2038=DIRECTION('',(0.,0.,-1.));
#2039=DIRECTION('',(0.,0.,-1.));
#2040=DIRECTION('',(0.,0.12295,0.));
#2041=DIRECTION('',(0.,0.,1.));
#2042=DIRECTION('',(0.,0.12295,0.));
#2043=DIRECTION('',(0.,0.,-1.));
#2044=DIRECTION('',(0.,0.12295,0.));
#2045=DIRECTION('',(0.,0.,-1.));
#2046=DIRECTION('',(0.,0.,-1.));
#2047=DIRECTION('',(0.,0.12295,0.));
#2048=DIRECTION('',(0.,0.,1.));
#2049=DIRECTION('',(0.,0.12295,0.));
#2050=DIRECTION('',(0.,0.,-1.));
#2051=DIRECTION('',(0.,0.12295,0.));
#2052=DIRECTION('',(0.,0.,-1.));
#2053=DIRECTION('',(0.,0.,1.));
#2054=DIRECTION('',(0.25,0.,0.));
#2055=DIRECTION('',(0.,0.,-1.));
#2056=DIRECTION('',(0.25,0.,0.));
#2057=DIRECTION('',(0.,0.,-1.));
#2058=DIRECTION('',(0.25,0.,0.));
#2059=DIRECTION('',(0.,0.,1.));
#2060=DIRECTION('',(0.,0.,1.));
#2061=DIRECTION('',(1.1,0.,0.));
#2062=DIRECTION('',(0.,0.,-1.));
#2063=DIRECTION('',(1.1,0.,0.));
#2064=DIRECTION('',(0.,0.,-1.));
#2065=DIRECTION('',(1.1,0.,0.));
#2066=DIRECTION('',(0.,0.,1.));
#2067=DIRECTION('',(0.,1.,0.));
#2068=DIRECTION('',(0.0353553390593274,0.,-0.0353553390593274));
#2069=DIRECTION('',(0.,1.,0.));
#2070=DIRECTION('',(0.05,5.55111512312578E-017,0.));
#2071=DIRECTION('',(0.,1.,0.));
#2072=DIRECTION('',(0.,-1.,0.));
#2073=DIRECTION('',(0.,0.,-0.05));
#2074=DIRECTION('',(0.,-1.,0.));
#2075=DIRECTION('',(0.,0.,1.));
#2076=DIRECTION('',(1.,-8.32667268468867E-016,0.));
#2077=DIRECTION('',(-5.55111512312578E-017,-0.05,0.));
#2078=DIRECTION('',(0.,0.,1.));
#2079=DIRECTION('',(0.106066017177982,-0.106066017177982,0.));
#2080=DIRECTION('',(0.,0.,-1.));
#2081=DIRECTION('',(0.141421356237309,-0.14142135623731,0.));
#2082=DIRECTION('',(0.,0.,1.));
#2083=DIRECTION('',(1.,-9.25185853854297E-017,0.));
#2084=DIRECTION('',(0.,0.,-0.05));
#2085=DIRECTION('',(0.,0.,-1.));
#2086=DIRECTION('',(0.141421356237309,0.14142135623731,0.));
#2087=DIRECTION('',(0.,0.,1.));
#2088=DIRECTION('',(0.106066017177982,0.106066017177982,0.));
#2089=DIRECTION('',(1.,0.,0.));
#2090=DIRECTION('',(0.,-0.0353553390593274,-0.0353553390593274));
#2091=DIRECTION('',(1.,0.,0.));
#2092=DIRECTION('',(0.,-0.0500000000000002,0.));
#2093=DIRECTION('',(1.,0.,0.));
#2094=DIRECTION('',(-1.,0.,0.));
#2095=DIRECTION('',(-1.,0.,0.));
#2096=DIRECTION('',(0.,0.0353553390593273,-0.0353553390593274));
#2097=DIRECTION('',(1.,0.,0.));
#2098=DIRECTION('',(0.,0.,-0.05));
#2099=DIRECTION('',(1.,0.,0.));
#2100=DIRECTION('',(-1.,0.,0.));
#2101=DIRECTION('',(0.,0.,1.));
#2102=DIRECTION('',(-4.62592926927148E-016,-1.,0.));
#2103=DIRECTION('',(-0.0499999999999998,1.11022302462516E-016,0.));
#2104=DIRECTION('',(0.,0.,1.));
#2105=DIRECTION('',(-0.106066017177982,-0.106066017177982,0.));
#2106=DIRECTION('',(0.,0.,-1.));
#2107=DIRECTION('',(-0.14142135623731,-0.14142135623731,0.));
#2108=DIRECTION('',(0.,0.,1.));
#2109=DIRECTION('',(0.,1.,0.));
#2110=DIRECTION('',(0.,0.,-0.05));
#2111=DIRECTION('',(0.,0.,-1.));
#2112=DIRECTION('',(-0.14142135623731,0.14142135623731,0.));
#2113=DIRECTION('',(0.,0.,1.));
#2114=DIRECTION('',(-0.106066017177982,0.106066017177982,0.));
#2115=DIRECTION('',(0.,-1.,0.));
#2116=DIRECTION('',(-0.0353553390593273,0.,-0.0353553390593274));
#2117=DIRECTION('',(0.,1.,0.));
#2118=DIRECTION('',(0.,-1.,0.));
#2119=DIRECTION('',(0.,0.,1.));
#2120=DIRECTION('',(0.2,0.,0.));
#2121=DIRECTION('',(0.,0.,1.));
#2122=DIRECTION('',(0.,0.,-1.));
#2123=DIRECTION('',(0.2,0.,0.));
#2124=DIRECTION('',(0.,0.,1.));
#2125=DIRECTION('',(0.,-1.,0.));
#2126=DIRECTION('',(0.,0.,1.));
#2127=DIRECTION('',(-1.,0.,0.));
#2128=DIRECTION('',(0.,0.,1.));
#2129=DIRECTION('',(0.2,0.,0.));
#2130=DIRECTION('',(0.,0.,1.));
#2131=DIRECTION('',(0.,0.,-1.));
#2132=DIRECTION('',(0.2,0.,0.));
#2133=DIRECTION('',(1.,0.,0.));
#2134=DIRECTION('',(0.,0.,1.));
#2135=DIRECTION('',(0.,-1.,0.));
#2136=DIRECTION('',(0.,0.,1.));
#2137=DIRECTION('',(-1.,0.,0.));
#2138=DIRECTION('',(0.,1.,0.));
#2139=DIRECTION('',(0.,0.,1.));
#2140=DIRECTION('',(0.,0.,1.));
#2141=DIRECTION('',(0.2,0.,0.));
#2142=DIRECTION('',(0.,0.,-1.));
#2143=DIRECTION('',(0.2,0.,0.));
#2144=DIRECTION('',(0.,0.,1.));
#2145=DIRECTION('',(0.,1.,0.));
#2146=DIRECTION('',(1.,0.,0.));
#2147=DIRECTION('',(0.,0.,1.));
#2148=DIRECTION('',(0.,0.,1.));
#2149=DIRECTION('',(0.2,0.,0.));
#2150=DIRECTION('',(0.,0.,-1.));
#2151=DIRECTION('',(0.2,0.,0.));
#2152=DIRECTION('',(0.,0.,1.));
#2153=CARTESIAN_TRANSFORMATION_OPERATOR_3D('',$,$,#1937,#1938,#2158,1.,#1939);
#2154=ORIENTATIONCOLLECTION('',#2153,#1936);
#2155=ORIENTATIONPAIR('viewOrientation',(#2154));
#2156=LINEPATTERN((),'','1');
#2157=CARTESIAN_POINT('',(0.,0.));
#2158=CARTESIAN_POINT('',(-0.553581118583679,2.51397371292114,0.123238697648048));
#2159=CARTESIAN_POINT('',(-8.11752700805664,-4.59830093383789));
#2160=CARTESIAN_POINT('',(9.04030132293701,4.06553649902344));
#2161=CARTESIAN_POINT('',(-1.7475,1.7475,1.35));
#2162=CARTESIAN_POINT('',(0.,0.,0.));
#2163=CARTESIAN_POINT('',(-1.33226762955019E-015,3.495));
#2164=CARTESIAN_POINT('',(-3.495,3.495));
#2165=CARTESIAN_POINT('',(-1.33226762955019E-015,3.495));
#2166=CARTESIAN_POINT('',(-3.495,3.495));
#2167=CARTESIAN_POINT('',(-2.04150592803955,4.59891926765442));
#2168=CARTESIAN_POINT('',(-3.495,2.89778876304626));
#2169=CARTESIAN_POINT('',(0.,1.));
#2170=CARTESIAN_POINT('',(1.,0.));
#2171=CARTESIAN_POINT('',(-2.9069881439209,0.));
#2172=CARTESIAN_POINT('',(-3.295,3.495));
#2173=CARTESIAN_POINT('',(-3.295,3.495));
#2174=CARTESIAN_POINT('',(-3.495,3.495));
#2175=CARTESIAN_POINT('',(-3.495,3.295));
#2176=CARTESIAN_POINT('',(-0.2,3.495));
#2177=CARTESIAN_POINT('',(-3.495,3.295));
#2178=CARTESIAN_POINT('',(-3.495,3.295));
#2179=CARTESIAN_POINT('',(-3.295,3.295));
#2180=CARTESIAN_POINT('',(-3.295,3.295));
#2181=CARTESIAN_POINT('',(-0.282842712474619,0.282842712474619));
#2182=CARTESIAN_POINT('',(-3.295,3.295));
#2183=CARTESIAN_POINT('',(-3.295,0.));
#2184=CARTESIAN_POINT('',(-3.295,0.));
#2185=CARTESIAN_POINT('',(-3.495,0.2));
#2186=CARTESIAN_POINT('',(-3.495,-1.66533453693773E-016));
#2187=CARTESIAN_POINT('',(-3.295,-1.66533453693773E-016));
#2188=CARTESIAN_POINT('',(-3.495,0.2));
#2189=CARTESIAN_POINT('',(-3.295,0.2));
#2190=CARTESIAN_POINT('',(-3.295,0.2));
#2191=CARTESIAN_POINT('',(0.,0.2));
#2192=CARTESIAN_POINT('',(-0.2,0.));
#2193=CARTESIAN_POINT('',(0.,0.));
#2194=CARTESIAN_POINT('',(0.,0.2));
#2195=CARTESIAN_POINT('',(0.,0.2));
#2196=CARTESIAN_POINT('',(-0.2,0.));
#2197=CARTESIAN_POINT('',(-0.2,0.2));
#2198=CARTESIAN_POINT('',(-0.2,0.2));
#2199=CARTESIAN_POINT('',(0.,3.295));
#2200=CARTESIAN_POINT('',(0.,3.295));
#2201=CARTESIAN_POINT('',(0.,3.495));
#2202=CARTESIAN_POINT('',(-0.2,3.495));
#2203=CARTESIAN_POINT('',(-0.2,3.495));
#2204=CARTESIAN_POINT('',(-0.2,3.295));
#2205=CARTESIAN_POINT('',(-0.2,3.295));
#2206=CARTESIAN_POINT('',(0.,1.74749994277954));
#2207=CARTESIAN_POINT('',(4.,1.74749994277954));
#2208=CARTESIAN_POINT('',(2.,3.49499988555908));
#2209=CARTESIAN_POINT('',(-1.74749994277954,1.74749994277954,0.));
#2210=CARTESIAN_POINT('',(-0.2,0.2));
#2211=CARTESIAN_POINT('',(-0.2,0.));
#2212=CARTESIAN_POINT('',(0.,0.));
#2213=CARTESIAN_POINT('',(0.,0.2));
#2214=CARTESIAN_POINT('',(0.,3.295));
#2215=CARTESIAN_POINT('',(-0.2,3.295));
#2216=CARTESIAN_POINT('',(0.,3.295));
#2217=CARTESIAN_POINT('',(0.,3.495));
#2218=CARTESIAN_POINT('',(-0.2,3.495));
#2219=CARTESIAN_POINT('',(-3.295,3.495));
#2220=CARTESIAN_POINT('',(-3.295,3.295));
#2221=CARTESIAN_POINT('',(-3.295,3.495));
#2222=CARTESIAN_POINT('',(-3.495,3.495));
#2223=CARTESIAN_POINT('',(-3.495,3.295));
#2224=CARTESIAN_POINT('',(-3.495,0.2));
#2225=CARTESIAN_POINT('',(-3.295,0.2));
#2226=CARTESIAN_POINT('',(-3.495,0.2));
#2227=CARTESIAN_POINT('',(-3.495,-1.66533453693773E-016));
#2228=CARTESIAN_POINT('',(-3.295,-1.66533453693773E-016));
#2229=CARTESIAN_POINT('',(-0.2,0.));
#2230=CARTESIAN_POINT('',(-1.7475,3.495));
#2231=CARTESIAN_POINT('',(-1.7475,3.495));
#2232=CARTESIAN_POINT('',(-1.7475,0.));
#2233=CARTESIAN_POINT('',(-1.7475,1.7475));
#2234=CARTESIAN_POINT('',(-1.7475,1.7475));
#2235=CARTESIAN_POINT('',(-1.7475,1.7475));
#2236=CARTESIAN_POINT('',(0.0161984287887882,1.46831665064748));
#2237=CARTESIAN_POINT('',(-1.7475,1.7475));
#2238=CARTESIAN_POINT('',(0.,0.,4.));
#2239=CARTESIAN_POINT('',(0.,1.1));
#2240=CARTESIAN_POINT('',(0.2,1.1));
#2241=CARTESIAN_POINT('',(0.1,2.2));
#2242=CARTESIAN_POINT('',(-1.7475,1.7475,4.));
#2243=CARTESIAN_POINT('',(-1.7475,1.7475));
#2244=CARTESIAN_POINT('',(-1.7475,1.7475));
#2245=CARTESIAN_POINT('',(-1.7475,1.7475));
#2246=CARTESIAN_POINT('',(-1.7475,1.7475));
#2247=CARTESIAN_POINT('',(0.,0.618405998238862));
#2248=CARTESIAN_POINT('',(-1.7475,1.7475));
#2249=CARTESIAN_POINT('',(0.,0.,4.2));
#2250=CARTESIAN_POINT('',(0.,0.25));
#2251=CARTESIAN_POINT('',(1.8,0.25));
#2252=CARTESIAN_POINT('',(0.9,0.5));
#2253=CARTESIAN_POINT('',(-1.7475,1.7475,4.2));
#2254=CARTESIAN_POINT('',(-1.7475,1.7475));
#2255=CARTESIAN_POINT('',(-1.7475,1.7475));
#2256=CARTESIAN_POINT('',(-0.200004977876073,0.199995022386801));
#2257=CARTESIAN_POINT('',(-0.200004979798438,-4.97761319905837E-006));
#2258=CARTESIAN_POINT('',(-4.97787607353639E-006,-4.97761319905837E-006));
#2259=CARTESIAN_POINT('',(-4.97787607353639E-006,0.199995005590184));
#2260=CARTESIAN_POINT('',(-0.200004977876073,0.199995022386801));
#2261=CARTESIAN_POINT('',(-0.200004979798438,-4.97761319905837E-006));
#2262=CARTESIAN_POINT('',(-4.97787607355693E-006,0.199995005590184));
#2263=CARTESIAN_POINT('',(-4.94812755815671E-006,3.29499500559019));
#2264=CARTESIAN_POINT('',(-4.94812755815671E-006,3.29499500559019));
#2265=CARTESIAN_POINT('',(-0.200004963001816,3.29499500751255));
#2266=CARTESIAN_POINT('',(-4.94812755815671E-006,3.29499500559019));
#2267=CARTESIAN_POINT('',(-4.94812755815671E-006,3.49499502238681));
#2268=CARTESIAN_POINT('',(-0.200004946205203,3.49499502238681));
#2269=CARTESIAN_POINT('',(-0.200004963001816,3.29499500751255));
#2270=CARTESIAN_POINT('',(-0.200004946205203,3.4949950223868));
#2271=CARTESIAN_POINT('',(-3.2950049462052,3.49499505213532));
#2272=CARTESIAN_POINT('',(-3.2950049462052,3.49499505213532));
#2273=CARTESIAN_POINT('',(-3.29500494812756,3.29499505213532));
#2274=CARTESIAN_POINT('',(-3.2950049462052,3.49499505213532));
#2275=CARTESIAN_POINT('',(-3.49500494812756,3.49499505213532));
#2276=CARTESIAN_POINT('',(-3.49500494812756,3.29499505405768));
#2277=CARTESIAN_POINT('',(-3.29500494812756,3.29499505213532));
#2278=CARTESIAN_POINT('',(-3.49500494812756,3.29499505405768));
#2279=CARTESIAN_POINT('',(-3.49500497787608,0.199995054057676));
#2280=CARTESIAN_POINT('',(-3.49500497787608,0.199995054057676));
#2281=CARTESIAN_POINT('',(-3.29500497787608,0.199995052135316));
#2282=CARTESIAN_POINT('',(-3.49500497787608,0.199995054057676));
#2283=CARTESIAN_POINT('',(-3.49500497787608,0.117152340786789));
#2284=CARTESIAN_POINT('',(-3.4364263354727,0.0585736972573199));
#2285=CARTESIAN_POINT('',(-3.37784769147679,-4.94786468385744E-006));
#2286=CARTESIAN_POINT('',(-3.29500497979844,-4.94786468385744E-006));
#2287=CARTESIAN_POINT('',(-3.29500497787608,0.199995052135316));
#2288=CARTESIAN_POINT('',(-3.29500497979844,-4.94786468365815E-006));
#2289=CARTESIAN_POINT('',(-0.200004979798438,-4.97761319905837E-006));
#2290=CARTESIAN_POINT('',(-1.7475,1.7475));
#2291=CARTESIAN_POINT('',(-1.7475,1.7475));
#2292=CARTESIAN_POINT('',(-1.7475,1.7475));
#2293=CARTESIAN_POINT('',(-2.22044604925031E-016,2.10453285927418));
#2294=CARTESIAN_POINT('',(-1.74729040342966,1.74728047768477));
#2295=CARTESIAN_POINT('',(-1.74729040342966,1.74728047768477));
#2296=CARTESIAN_POINT('',(-1.74729040342966,1.74728047768477));
#2297=CARTESIAN_POINT('',(-1.74750496300182,1.74749503726106));
#2298=CARTESIAN_POINT('',(-1.74750496300182,1.74749503726106));
#2299=CARTESIAN_POINT('',(-1.74750496300182,1.74749503726106));
#2300=CARTESIAN_POINT('',(-0.447465765790338,3.04746557950168));
#2301=CARTESIAN_POINT('',(-0.447465765790338,3.04746557950168));
#2302=CARTESIAN_POINT('',(-3.04751581980558,0.447484205448182));
#2303=CARTESIAN_POINT('',(-3.04751581980558,0.447484205448182));
#2304=CARTESIAN_POINT('',(-0.447568772600638,0.447558821870433));
#2305=CARTESIAN_POINT('',(-0.447568772600638,0.447558821870433));
#2306=CARTESIAN_POINT('',(-3.04749638161144,3.04748648086119));
#2307=CARTESIAN_POINT('',(-3.04749638161144,3.04748648086119));
#2308=CARTESIAN_POINT('',(-3.04751581980558,0.447484205448182,4.));
#2309=CARTESIAN_POINT('',(0.05,0.2));
#2310=CARTESIAN_POINT('',(0.05,0.2));
#2311=CARTESIAN_POINT('',(0.05,3.295));
#2312=CARTESIAN_POINT('',(0.2,0.2));
#2313=CARTESIAN_POINT('',(0.05,0.2));
#2314=CARTESIAN_POINT('',(0.05,0.05));
#2315=CARTESIAN_POINT('',(0.2,0.05));
#2316=CARTESIAN_POINT('',(0.2,0.2));
#2317=CARTESIAN_POINT('',(0.2,0.05));
#2318=CARTESIAN_POINT('',(3.295,0.05));
#2319=CARTESIAN_POINT('',(3.295,0.05));
#2320=CARTESIAN_POINT('',(3.295,0.2));
#2321=CARTESIAN_POINT('',(3.295,0.0499999999999998));
#2322=CARTESIAN_POINT('',(3.35713203435596,0.0499999999999998));
#2323=CARTESIAN_POINT('',(3.40106601717798,0.0939339828220178));
#2324=CARTESIAN_POINT('',(3.445,0.137867965644036));
#2325=CARTESIAN_POINT('',(3.445,0.2));
#2326=CARTESIAN_POINT('',(3.295,0.2));
#2327=CARTESIAN_POINT('',(3.445,0.2));
#2328=CARTESIAN_POINT('',(3.445,3.295));
#2329=CARTESIAN_POINT('',(3.445,3.295));
#2330=CARTESIAN_POINT('',(3.295,3.295));
#2331=CARTESIAN_POINT('',(3.445,3.295));
#2332=CARTESIAN_POINT('',(3.445,3.445));
#2333=CARTESIAN_POINT('',(3.295,3.445));
#2334=CARTESIAN_POINT('',(3.295,3.295));
#2335=CARTESIAN_POINT('',(3.295,3.445));
#2336=CARTESIAN_POINT('',(0.2,3.445));
#2337=CARTESIAN_POINT('',(0.2,3.445));
#2338=CARTESIAN_POINT('',(0.2,3.295));
#2339=CARTESIAN_POINT('',(0.2,3.445));
#2340=CARTESIAN_POINT('',(0.0500000000000001,3.445));
#2341=CARTESIAN_POINT('',(0.0500000000000001,3.295));
#2342=CARTESIAN_POINT('',(0.2,3.295));
#2343=CARTESIAN_POINT('',(1.7475,3.445));
#2344=CARTESIAN_POINT('',(1.7475,3.445));
#2345=CARTESIAN_POINT('',(1.7475,0.05));
#2346=CARTESIAN_POINT('',(1.7475,1.7475));
#2347=CARTESIAN_POINT('',(1.7475,1.7475));
#2348=CARTESIAN_POINT('',(1.7475,1.7475));
#2349=CARTESIAN_POINT('',(-0.103633421063091,0.45438747583251));
#2350=CARTESIAN_POINT('',(1.7475,1.7475));
#2351=CARTESIAN_POINT('',(0.,0.2));
#2352=CARTESIAN_POINT('',(1.2,0.2));
#2353=CARTESIAN_POINT('',(0.6,0.4));
#2354=CARTESIAN_POINT('',(1.7475,1.7475));
#2355=CARTESIAN_POINT('',(1.7475,1.7475));
#2356=CARTESIAN_POINT('',(0.05,0.2));
#2357=CARTESIAN_POINT('',(0.2,0.2));
#2358=CARTESIAN_POINT('',(0.05,0.2));
#2359=CARTESIAN_POINT('',(0.05,0.05));
#2360=CARTESIAN_POINT('',(0.2,0.05));
#2361=CARTESIAN_POINT('',(3.295,0.05));
#2362=CARTESIAN_POINT('',(3.295,0.2));
#2363=CARTESIAN_POINT('',(3.295,0.0499999999999998));
#2364=CARTESIAN_POINT('',(3.35713203435596,0.0499999999999998));
#2365=CARTESIAN_POINT('',(3.40106601717798,0.0939339828220178));
#2366=CARTESIAN_POINT('',(3.445,0.137867965644036));
#2367=CARTESIAN_POINT('',(3.445,0.2));
#2368=CARTESIAN_POINT('',(3.445,3.295));
#2369=CARTESIAN_POINT('',(3.295,3.295));
#2370=CARTESIAN_POINT('',(3.445,3.295));
#2371=CARTESIAN_POINT('',(3.445,3.445));
#2372=CARTESIAN_POINT('',(3.295,3.445));
#2373=CARTESIAN_POINT('',(0.2,3.445));
#2374=CARTESIAN_POINT('',(0.2,3.295));
#2375=CARTESIAN_POINT('',(0.2,3.445));
#2376=CARTESIAN_POINT('',(0.0500000000000001,3.445));
#2377=CARTESIAN_POINT('',(0.0500000000000001,3.295));
#2378=CARTESIAN_POINT('',(1.7475,1.7475));
#2379=CARTESIAN_POINT('',(1.7475,1.7475));
#2380=CARTESIAN_POINT('',(1.7475,1.7475));
#2381=CARTESIAN_POINT('',(0.,0.991055644912364));
#2382=CARTESIAN_POINT('',(1.7475,1.7475));
#2383=CARTESIAN_POINT('',(2.11,1.7475));
#2384=CARTESIAN_POINT('',(2.30288222126126,2.21352101702274));
#2385=CARTESIAN_POINT('',(2.11,1.7475));
#2386=CARTESIAN_POINT('',(2.30288222126126,2.21352101702274));
#2387=CARTESIAN_POINT('',(2.11,1.7475));
#2388=CARTESIAN_POINT('',(2.30288222126126,2.21352101702274));
#2389=CARTESIAN_POINT('',(1.19211777873874,1.28147898297726));
#2390=CARTESIAN_POINT('',(2.30288222126126,2.21352101702274));
#2391=CARTESIAN_POINT('',(1.19211777873874,1.28147898297726));
#2392=CARTESIAN_POINT('',(1.87187619784497,1.59927421938505));
#2393=CARTESIAN_POINT('',(1.7475,1.7475));
#2394=CARTESIAN_POINT('',(2.30288222126126,2.21352101702274));
#2395=CARTESIAN_POINT('',(1.90081491278566,2.12873628912632));
#2396=CARTESIAN_POINT('',(1.19211777873874,1.28147898297726));
#2397=CARTESIAN_POINT('',(2.30288222126126,2.21352101702274));
#2398=CARTESIAN_POINT('',(-1.19211777873874,1.28147898297726,0.));
#2399=CARTESIAN_POINT('',(-1.19211777873874,1.28147898297726,0.));
#2400=CARTESIAN_POINT('',(-1.19211777873874,1.28147898297726,0.3));
#2401=CARTESIAN_POINT('',(-1.13106777873874,1.28147898297726,0.3));
#2402=CARTESIAN_POINT('',(-1.19211777873874,1.28147898297726,0.));
#2403=CARTESIAN_POINT('',(-1.13106777873874,1.28147898297726,0.));
#2404=CARTESIAN_POINT('',(-1.19211777873874,1.28147898297726,0.3));
#2405=CARTESIAN_POINT('',(-2.30288222126126,2.21352101702274,0.));
#2406=CARTESIAN_POINT('',(-2.30288222126126,2.21352101702274,0.3));
#2407=CARTESIAN_POINT('',(-2.24183222126126,2.21352101702274,0.3));
#2408=CARTESIAN_POINT('',(-2.30288222126126,2.21352101702274,0.));
#2409=CARTESIAN_POINT('',(-2.24183222126126,2.21352101702274,0.));
#2410=CARTESIAN_POINT('',(-2.30288222126126,2.21352101702274,0.3));
#2411=CARTESIAN_POINT('',(-1.7475,1.7475,0.));
#2412=CARTESIAN_POINT('',(-1.7475,1.7475,-1.2));
#2413=CARTESIAN_POINT('',(-1.9475,1.7475,-1.2));
#2414=CARTESIAN_POINT('',(-1.7475,1.7475,0.));
#2415=CARTESIAN_POINT('',(-1.9475,1.7475,0.));
#2416=CARTESIAN_POINT('',(-1.7475,1.7475,-1.2));
#2417=CARTESIAN_POINT('',(-3.04751581980558,0.447484205448182,4.));
#2418=CARTESIAN_POINT('',(-3.04751581980558,0.447484205448182,3.7));
#2419=CARTESIAN_POINT('',(-3.04751581980558,0.570434205448182,3.7));
#2420=CARTESIAN_POINT('',(-3.04751581980558,0.447484205448182,4.));
#2421=CARTESIAN_POINT('',(-3.04751581980558,0.570434205448182,4.));
#2422=CARTESIAN_POINT('',(-3.04751581980558,0.447484205448182,3.7));
#2423=CARTESIAN_POINT('',(-0.447568772600638,0.447558821870433,4.));
#2424=CARTESIAN_POINT('',(-0.447568772600638,0.447558821870433,3.7));
#2425=CARTESIAN_POINT('',(-0.447568772600638,0.570508821870433,3.7));
#2426=CARTESIAN_POINT('',(-0.447568772600638,0.447558821870433,4.));
#2427=CARTESIAN_POINT('',(-0.447568772600638,0.570508821870433,4.));
#2428=CARTESIAN_POINT('',(-0.447568772600638,0.447558821870433,3.7));
#2429=CARTESIAN_POINT('',(-0.447465765790338,3.04746557950168,4.));
#2430=CARTESIAN_POINT('',(-0.447465765790338,3.04746557950168,3.7));
#2431=CARTESIAN_POINT('',(-0.447465765790338,3.17041557950168,3.7));
#2432=CARTESIAN_POINT('',(-0.447465765790338,3.04746557950168,4.));
#2433=CARTESIAN_POINT('',(-0.447465765790338,3.17041557950168,4.));
#2434=CARTESIAN_POINT('',(-0.447465765790338,3.04746557950168,3.7));
#2435=CARTESIAN_POINT('',(-3.04749638161144,3.04748648086119,4.));
#2436=CARTESIAN_POINT('',(-3.04749638161144,3.04748648086119,3.7));
#2437=CARTESIAN_POINT('',(-3.04749638161144,3.17043648086119,3.7));
#2438=CARTESIAN_POINT('',(-3.04749638161144,3.04748648086119,4.));
#2439=CARTESIAN_POINT('',(-3.04749638161144,3.17043648086119,4.));
#2440=CARTESIAN_POINT('',(-3.04749638161144,3.04748648086119,3.7));
#2441=CARTESIAN_POINT('',(-1.7475,1.7475,4.2));
#2442=CARTESIAN_POINT('',(-1.7475,1.7475,6.));
#2443=CARTESIAN_POINT('',(-1.4975,1.7475,6.));
#2444=CARTESIAN_POINT('',(-1.7475,1.7475,4.2));
#2445=CARTESIAN_POINT('',(-1.4975,1.7475,4.2));
#2446=CARTESIAN_POINT('',(-1.7475,1.7475,6.));
#2447=CARTESIAN_POINT('',(-1.7475,1.7475,4.));
#2448=CARTESIAN_POINT('',(-1.7475,1.7475,4.2));
#2449=CARTESIAN_POINT('',(-0.6475,1.7475,4.2));
#2450=CARTESIAN_POINT('',(-1.7475,1.7475,4.));
#2451=CARTESIAN_POINT('',(-0.6475,1.7475,4.));
#2452=CARTESIAN_POINT('',(-1.7475,1.7475,4.2));
#2453=CARTESIAN_POINT('',(-0.05,1.7475,0.05));
#2454=CARTESIAN_POINT('',(-0.05,0.2,0.05));
#2455=CARTESIAN_POINT('',(0.,0.2,0.05));
#2456=CARTESIAN_POINT('',(-0.05,0.2,0.));
#2457=CARTESIAN_POINT('',(-0.05,1.7475,0.));
#2458=CARTESIAN_POINT('',(-0.05,3.295,0.));
#2459=CARTESIAN_POINT('',(-0.05,3.295,0.05));
#2460=CARTESIAN_POINT('',(0.,3.295,0.05));
#2461=CARTESIAN_POINT('',(0.,1.7475,0.05));
#2462=CARTESIAN_POINT('',(-0.2,0.2,0.05));
#2463=CARTESIAN_POINT('',(-0.2,0.05,0.05));
#2464=CARTESIAN_POINT('',(-0.2,0.,0.05));
#2465=CARTESIAN_POINT('',(-0.2,0.05,0.));
#2466=CARTESIAN_POINT('',(-0.2,0.2,0.));
#2467=CARTESIAN_POINT('',(-0.2,0.2,0.05));
#2468=CARTESIAN_POINT('',(-0.2,3.295,0.05));
#2469=CARTESIAN_POINT('',(-0.2,3.445,0.05));
#2470=CARTESIAN_POINT('',(-0.2,3.445,0.));
#2471=CARTESIAN_POINT('',(-0.2,3.495,0.05));
#2472=CARTESIAN_POINT('',(-0.2,3.295,0.05));
#2473=CARTESIAN_POINT('',(-0.2,3.295,0.));
#2474=CARTESIAN_POINT('',(-1.7475,0.05,0.05));
#2475=CARTESIAN_POINT('',(-3.295,0.05,0.05));
#2476=CARTESIAN_POINT('',(-3.295,-1.66533453693773E-016,0.05));
#2477=CARTESIAN_POINT('',(-3.295,0.05,0.));
#2478=CARTESIAN_POINT('',(-1.7475,0.05,0.));
#2479=CARTESIAN_POINT('',(-1.7475,0.,0.05));
#2480=CARTESIAN_POINT('',(-1.7475,3.445,0.05));
#2481=CARTESIAN_POINT('',(-3.295,3.445,0.05));
#2482=CARTESIAN_POINT('',(-3.295,3.445,0.));
#2483=CARTESIAN_POINT('',(-3.295,3.495,0.05));
#2484=CARTESIAN_POINT('',(-1.7475,3.495,0.05));
#2485=CARTESIAN_POINT('',(-1.7475,3.445,0.));
#2486=CARTESIAN_POINT('',(-3.295,0.2,0.05));
#2487=CARTESIAN_POINT('',(-3.445,0.2,0.05));
#2488=CARTESIAN_POINT('',(-3.495,0.2,0.05));
#2489=CARTESIAN_POINT('',(-3.445,0.2,0.));
#2490=CARTESIAN_POINT('',(-3.295,0.2,0.));
#2491=CARTESIAN_POINT('',(-3.295,0.2,0.05));
#2492=CARTESIAN_POINT('',(-3.295,3.295,0.05));
#2493=CARTESIAN_POINT('',(-3.445,3.295,0.05));
#2494=CARTESIAN_POINT('',(-3.445,3.295,0.));
#2495=CARTESIAN_POINT('',(-3.495,3.295,0.05));
#2496=CARTESIAN_POINT('',(-3.295,3.295,0.05));
#2497=CARTESIAN_POINT('',(-3.295,3.295,0.));
#2498=CARTESIAN_POINT('',(-3.445,1.7475,0.05));
#2499=CARTESIAN_POINT('',(-3.495,1.7475,0.05));
#2500=CARTESIAN_POINT('',(-3.445,1.7475,0.));
#2501=CARTESIAN_POINT('',(-3.295,0.2,0.));
#2502=CARTESIAN_POINT('',(-3.295,-1.66533453693773E-016,0.));
#2503=CARTESIAN_POINT('',(-3.295,-1.66533453693773E-016,4.));
#2504=CARTESIAN_POINT('',(-3.295,0.2,4.));
#2505=CARTESIAN_POINT('',(-3.495,0.2,4.));
#2506=CARTESIAN_POINT('',(-3.495,0.2,0.));
#2507=CARTESIAN_POINT('',(-1.7475,0.,0.));
#2508=CARTESIAN_POINT('',(-0.2,0.,0.));
#2509=CARTESIAN_POINT('',(-0.2,0.,4.));
#2510=CARTESIAN_POINT('',(-3.295,0.,4.));
#2511=CARTESIAN_POINT('',(-0.2,0.2,0.));
#2512=CARTESIAN_POINT('',(0.,0.2,0.));
#2513=CARTESIAN_POINT('',(0.,0.2,4.));
#2514=CARTESIAN_POINT('',(-0.2,0.2,4.));
#2515=CARTESIAN_POINT('',(0.,1.7475,0.));
#2516=CARTESIAN_POINT('',(0.,3.295,0.));
#2517=CARTESIAN_POINT('',(0.,3.295,4.));
#2518=CARTESIAN_POINT('',(0.,0.2,4.));
#2519=CARTESIAN_POINT('',(-1.7475,1.7475,0.));
#2520=CARTESIAN_POINT('',(-3.495,1.7475,0.));
#2521=CARTESIAN_POINT('',(-3.495,3.295,4.));
#2522=CARTESIAN_POINT('',(-3.495,3.295,4.));
#2523=CARTESIAN_POINT('',(-3.495,3.295,0.));
#2524=CARTESIAN_POINT('',(-3.295,3.295,0.));
#2525=CARTESIAN_POINT('',(-3.295,3.295,4.));
#2526=CARTESIAN_POINT('',(-3.295,3.495,4.));
#2527=CARTESIAN_POINT('',(-3.295,3.495,0.));
#2528=CARTESIAN_POINT('',(-1.7475,3.495,0.));
#2529=CARTESIAN_POINT('',(-0.2,3.495,4.));
#2530=CARTESIAN_POINT('',(-0.2,3.495,4.));
#2531=CARTESIAN_POINT('',(-0.2,3.495,0.));
#2532=CARTESIAN_POINT('',(-0.2,3.295,0.));
#2533=CARTESIAN_POINT('',(-0.2,3.295,4.));
#2534=CARTESIAN_POINT('',(-1.7475,1.7475,4.));
#2535=ANGLEUV(0.785398163397448);
#2536=ANGLEUV(0.698131700797732);
#2537=ANGLEUV(0.);
#2538=ANGLEUV(3.14159265358979);
#2539=ANGLEUV(3.40339204138894);
#2540=ANGLEUV(3.14159265358979);
#2541=ANGLEUV(0.698131700797732);
#2542=ANGLEUV(6.02237472405595);
#2543=HATCHSEGMENT(#2535,#2157,0.,0.125,#2156);
#2544=HATCHPATTERN('ISO_STEEL','ISO (Steel), ISO Steel',(#2543));
#2545=HATCHPATTERNPAIR('Hatch Pattern',#2544);
#2546=FONTDESCRIPTION('Arial',12.,0,0,.F.,.F.,.F.,1,0);
#2547=FONTDESCRIPTIONPAIR('Dimension Text Font',#2546);
#2548=FONTDESCRIPTIONPAIR('Tolerance Font',#2546);
#2549=BOOLEANVALUEPAIR('Text Size In Points',.F.);
#2550=BOOLEANVALUEPAIR('Show Dimension Units',.F.);
#2551=BOOLEANVALUEPAIR('Show Leading Zero',.T.);
#2552=BOOLEANVALUEPAIR('Trailing Zeros Status',.F.);
#2553=BOOLEANVALUEPAIR('Use Adaptive Meshing',.F.);
#2554=BOOLEANVALUEPAIR('Use Density Material',.F.);
#2555=BOOLEANVALUEPAIR('Show Dual Dimensions',.F.);
#2556=BOOLEANVALUEPAIR('Dual Show Leading Zero',.T.);
#2557=BOOLEANVALUEPAIR('Dual Trailing Zeros Status',.F.);
#2558=BOOLEANVALUEPAIR('Dimension Show Parenthesis',.F.);
#2559=BOOLEANVALUEPAIR('Browser Properties\\Browser Is Maximized',.T.);
#2560=BOOLEANVALUEPAIR('Browser Properties\\Browser Explorer Is Visible',
 .T.);
#2561=BOOLEANVALUEPAIR('viewMode',.F.);
#2562=REALVALUEPAIR('Distance Increment V7',0.01);
#2563=REALVALUEPAIR('Angle Increments',0.0174532925199433);
#2564=REALVALUEPAIR('Auto Explode Distance',0.1);
#2565=REALVALUEPAIR('Text Size',8.25);
#2566=REALVALUEPAIR('Density',1.);
#2567=REALVALUEPAIR('Arrow Length',3.);
#2568=REALVALUEPAIR('Arrow Width',1.);
#2569=REALVALUEPAIR('Arrow Second Length',3.);
#2570=REALVALUEPAIR('Arrow Second Width',1.);
#2571=REALVALUEPAIR('Dimension Line Overshoot',3.);
#2572=REALVALUEPAIR('Extention Gap',2.);
#2573=REALVALUEPAIR('Extention Overshoot',2.);
#2574=REALVALUEPAIR('Shoulder Length',3.);
#2575=REALVALUEPAIR('Text Gap',2.);
#2576=REALVALUEPAIR('Tolerance Lower Value',0.002);
#2577=REALVALUEPAIR('Tolerance Lower Angle Value',0.0174527778);
#2578=REALVALUEPAIR('Tolerance Upper Value',0.005);
#2579=REALVALUEPAIR('Tolerance Upper Angle Value',0.0174527778);
#2580=REALVALUEPAIR('Hatching Scale',1.);
#2581=REALVALUEPAIR('Hatching Angle',0.);
#2582=REALVALUEPAIR('Browser Properties\\Browser Height',1.);
#2583=REALVALUEPAIR('Browser Properties\\Browser Width',1.);
#2584=REALVALUEPAIR('Browser Properties\\Browser Location X',0.);
#2585=REALVALUEPAIR('Browser Properties\\Browser Location Y',0.);
#2586=REALVALUEPAIR('Hatching Start Offset',0.);
#2587=MEASUREMENTSEGMENTFORMAT(10.,.F.,.T.,1,'','','mm',1,3,0,1.,2,.T.);
#2588=MEASUREMENTSEGMENTFORMAT(10.,.F.,.T.,1,'','','mm',1,3,0,1.,2,.T.);
#2589=MEASUREMENTSEGMENTFORMAT(1.,.F.,.T.,1,'','','\X2\02DA\X0\',1,3,0,0.0174532925199433,
2,.T.);
#2590=MEASUREMENTSEGMENTFORMAT(10.,.F.,.T.,1,'','','"',1,3,0,25.4,2,.T.);
#2591=MEASUREMENTSEGMENTFORMAT(10.,.F.,.T.,1,'','','mm',1,3,0,1.,2,.T.);
#2592=MEASUREMENTSEGMENTFORMAT(10.,.F.,.T.,1,'','','mm',1,3,0,1.,2,.T.);
#2593=MEASUREMENTSEGMENTFORMAT(10.,.F.,.T.,1,'','','mm',1,3,0,1.,2,.T.);
#2594=MEASUREMENTSEGMENTFORMAT(10.,.F.,.T.,1,'','','mm',1,3,0,1.,2,.T.);
#2595=MEASUREMENTSEGMENTFORMAT(10.,.F.,.T.,1,'','','mm',1,3,0,1.,2,.T.);
#2596=MEASUREMENTSEGMENTFORMAT(10.,.F.,.T.,1,'','','mm',1,3,0,1.,2,.T.);
#2597=MEASUREMENTSEGMENTFORMAT(10.,.F.,.T.,1,'','','mm',1,3,0,1.,2,.T.);
#2598=MEASUREMENTSEGMENTFORMAT(10.,.F.,.T.,1,'','','mm',1,3,0,1.,2,.T.);
#2599=MEASUREMENTSEGMENTFORMAT(10.,.F.,.T.,1,'','','mm',1,3,0,1.,2,.T.);
#2600=MEASUREMENTSEGMENTFORMAT(10.,.F.,.T.,1,'','','mm',1,3,0,1.,2,.T.);
#2601=MEASUREMENTSEGMENTFORMAT(10.,.F.,.T.,1,'','','mm',1,3,0,1.,2,.T.);
#2602=MEASUREMENTSEGMENTFORMAT(10.,.F.,.T.,1,'','','mm',1,3,0,1.,2,.T.);
#2603=MEASUREMENTSEGMENTFORMAT(1.,.F.,.T.,1,'','','\X2\02DA\X0\',1,2,0,0.0174532925199433,
2,.T.);
#2604=MEASUREMENTSEGMENTFORMAT(10.,.F.,.T.,1,'','','mm',1,3,0,1.,2,.T.);
#2605=MEASUREMENTFORMAT((#2587),'','',0,.F.);
#2606=MEASUREMENTFORMAT((#2588),'','',0,.F.);
#2607=MEASUREMENTFORMAT((#2589),'','',0,.F.);
#2608=MEASUREMENTFORMAT((#2590),'','',0,.F.);
#2609=MEASUREMENTFORMAT((#2591),'','',0,.F.);
#2610=MEASUREMENTFORMAT((#2592),'\X2\2205\X0\','',0,.F.);
#2611=MEASUREMENTFORMAT((#2593),'','',0,.F.);
#2612=MEASUREMENTFORMAT((#2594),'\X2\2205\X0\','',0,.F.);
#2613=MEASUREMENTFORMAT((#2595),'','',0,.F.);
#2614=MEASUREMENTFORMAT((#2596),'\X2\2205\X0\','',0,.F.);
#2615=MEASUREMENTFORMAT((#2597),'','',0,.F.);
#2616=MEASUREMENTFORMAT((#2598),'\X2\2205\X0\','',0,.F.);
#2617=MEASUREMENTFORMAT((#2599),'\X2\2205\X0\','',0,.F.);
#2618=MEASUREMENTFORMAT((#2600),'','',0,.F.);
#2619=MEASUREMENTFORMAT((#2601),'\X2\2205\X0\','',0,.F.);
#2620=MEASUREMENTFORMAT((#2602),'','',0,.F.);
#2621=MEASUREMENTFORMAT((#2603),'','',0,.F.);
#2622=MEASUREMENTFORMAT((#2604),'','',0,.F.);
#2623=MEASUREMENTFORMATPAIR('Distance Format',#2605);
#2624=MEASUREMENTFORMATPAIR('Volume Format',#2606);
#2625=MEASUREMENTFORMATPAIR('Angle Format',#2607);
#2626=MEASUREMENTFORMATPAIR('Dual Distance Format',#2608);
#2627=STRINGVALUEPAIR('name','3323_0');
#2628=STRINGVALUEPAIR('description','');
#2629=STRINGVALUEPAIR('number','');
#2630=STRINGVALUEPAIR('Version_Comment','');
#2631=STRINGVALUEPAIR('Default Units','cm');
#2632=STRINGVALUEPAIR('Diameter Symbol','\X2\2205\X0\');
#2633=STRINGVALUEPAIR('Radius Symbol','R');
#2634=STRINGVALUEPAIR('THRU Symbol','THRU');
#2635=STRINGVALUEPAIR('MIN Symbol','MIN');
#2636=STRINGVALUEPAIR('MAX Symbol','MAX');
#2637=STRINGVALUEPAIR('Default Dimension Style Name','Default');
#2638=STRINGVALUEPAIR('Hatch Category','Material');
#2639=STRINGVALUEPAIR('snapshot','unknown');
#2640=STRINGVALUEPAIR('__MinorVersionNumber','1');
#2641=STRINGVALUEPAIR('stepFileVersion','PRODUCTVERSION 14,0,4,14056');
#2642=INTEGERVALUEPAIR('subType',1);
#2643=INTEGERVALUEPAIR('secureObjectType',2);
#2644=INTEGERVALUEPAIR('Locale ID',4105);
#2645=INTEGERVALUEPAIR('Country Code',2);
#2646=INTEGERVALUEPAIR('codepage',1252);
#2647=INTEGERVALUEPAIR('EnableAdvancedRendering',1);
#2648=INTEGERVALUEPAIR('Distance Units',0);
#2649=INTEGERVALUEPAIR('Angle Units',0);
#2650=INTEGERVALUEPAIR('Mass Units',0);
#2651=INTEGERVALUEPAIR('Segments Per Circle',24);
#2652=INTEGERVALUEPAIR('Density Mass Units',400);
#2653=INTEGERVALUEPAIR('Density Distance Units',201);
#2654=INTEGERVALUEPAIR('Dual Distance Units',3);
#2655=INTEGERVALUEPAIR('Dual Placement',1);
#2656=INTEGERVALUEPAIR('Default Dimension Style Id',0);
#2657=INTEGERVALUEPAIR('Arrow Style',0);
#2658=INTEGERVALUEPAIR('Arrow Second Style',0);
#2659=INTEGERVALUEPAIR('Dimension Annotation Placement',0);
#2660=INTEGERVALUEPAIR('Diametric Dimension Option',2);
#2661=INTEGERVALUEPAIR('Dimension Line Placement',0);
#2662=INTEGERVALUEPAIR('Face Color',-1973791);
#2663=INTEGERVALUEPAIR('Edge Color',-13158601);
#2664=INTEGERVALUEPAIR('Face Reflectivity',0);
#2665=INTEGERVALUEPAIR('Distance Precision',3);
#2666=INTEGERVALUEPAIR('Segment Format',0);
#2667=INTEGERVALUEPAIR('Angle Precision',2);
#2668=INTEGERVALUEPAIR('Tolerance Type',0);
#2669=INTEGERVALUEPAIR('Dual Distance Precision',3);
#2670=INTEGERVALUEPAIR('Dual Angle Untis',3);
#2671=INTEGERVALUEPAIR('Dual Angle Precision',2);
#2672=INTEGERVALUEPAIR('Hatching Color',-16777216);
#2673=INTEGERVALUEPAIR('Hatching Line Weight',1);
#2674=INTEGERVALUEPAIR('Browser Properties\\Browser Split Width',200);
#2675=INTEGERVALUEPAIR('Intersection Decorator Layer ID',1);
#2676=INTEGERVALUEPAIR('Intersection Decorator Shape',3);
#2677=PROFILE((#2642,#2627,#2628,#2629,#2630,#2643,#2644,#2645,#2646,#2647,
#2631,#2623,#2624,#2625,#2648,#2649,#2562,#2563,#2564,#2565,#2549,#2550,
#2551,#2552,#2650,#2553,#2651,#2566,#2652,#2653,#2554,#2555,#2654,#2556,
#2557,#2655,#2626,#2632,#2633,#2634,#2635,#2636,#2547,#2637,#2656,#2567,
#2657,#2568,#2569,#2658,#2570,#2659,#2660,#2661,#2571,#2572,#2573,#2574,
#2575,#2662,#2663,#2664,#2665,#2666,#2667,#2558,#2576,#2577,#2668,#2578,
#2579,#2548,#2669,#2670,#2671,#2545,#2638,#2580,#2581,#2672,#2673,#2582,
#2583,#2584,#2585,#2559,#2674,#2560,#2639,#2155,#2561,#1935,#2640,#2641,
#2675,#2676,#2586));
#2678=DESIGNWORKSPACE(#2677,1,$,#1933,$);
#2679=SCHEMAVERSION('PRODUCTVERSION 14,0,4,14056',
'ROSEUtils.dll [Version: 14.0.0.14036]');
ENDSEC;
END-ISO-10303-21;
